t_mono,t_wall,n_procs,client_rss_mb,workers_rss_mb,tree_rss_mb,tree_cpu_pct,sys_used_mb,sys_available_mb,swap_used_mb,net_recv_mb,net_sent_mb,disk_read_mb,workers
111301.8406,1788877603.0302,2,23.98,13.25,37.23,0.0,14582.4,41459.8,2374.5,6525.770,3131.666,70608.904,3196362:13
111301.9498,1788877603.1393,2,23.98,13.25,37.23,0.0,14581.9,41460.3,2374.5,6525.770,3131.666,70608.904,3196362:13
111302.0603,1788877603.2499,2,23.98,13.25,37.23,0.0,14581.9,41460.3,2374.5,6525.770,3131.666,70608.904,3196362:13
111302.1700,1788877603.3596,2,49.13,13.25,62.38,507.7,14597.0,41445.3,2374.5,6525.770,3131.666,70608.904,3196362:13
111302.2956,1788877603.4851,2,63.88,13.25,77.12,556.1,14600.0,41442.2,2374.5,6525.770,3131.666,70608.904,3196362:13
111302.4045,1788877603.5941,2,92.81,13.25,106.06,91.5,14602.7,41439.5,2374.5,6525.770,3131.666,70608.904,3196362:13
111302.5139,1788877603.7034,2,110.08,13.25,123.33,100.9,14602.7,41439.5,2374.5,6525.770,3131.666,70608.904,3196362:13
111302.6229,1788877603.8124,2,131.70,13.25,144.95,109.7,14602.7,41439.5,2374.5,6525.770,3131.666,70608.904,3196362:13
111302.7326,1788877603.9221,2,155.18,13.25,168.43,64.3,14606.6,41435.6,2374.5,6525.776,3131.668,70608.904,3196362:13
111302.8411,1788877604.0306,6,194.31,110.65,304.96,27.1,14614.3,41427.9,2374.5,6525.916,3131.670,70608.904,3196362:13;3196386:24;3196387:24;3196388:24;3196389:24
111302.9561,1788877604.1456,6,194.31,196.56,390.87,995.4,14640.0,41402.2,2374.5,6525.916,3131.670,70608.904,3196362:13;3196386:44;3196387:47;3196388:47;3196389:45
111303.1116,1788877604.3012,6,194.31,293.47,487.78,419.2,14676.1,41366.1,2374.5,6525.916,3131.670,70608.904,3196362:13;3196386:68;3196387:70;3196388:71;3196389:71
111303.2229,1788877604.4125,6,194.31,370.28,564.59,396.9,14718.6,41323.6,2374.5,6525.916,3131.670,70608.904,3196362:13;3196386:88;3196387:89;3196388:89;3196389:90
111303.3337,1788877604.5233,6,195.93,393.78,589.71,275.5,14736.1,41306.1,2374.5,6525.917,3131.671,70608.904,3196362:13;3196386:95;3196387:95;3196388:95;3196389:95
111303.4434,1788877604.6329,6,198.06,393.78,591.84,27.1,14736.8,41305.4,2374.5,6525.925,3131.673,70608.904,3196362:13;3196386:95;3196387:95;3196388:95;3196389:95
111303.5538,1788877604.7433,6,198.06,393.78,591.84,9.1,14736.8,41305.4,2374.5,6525.925,3131.673,70608.904,3196362:13;3196386:95;3196387:95;3196388:95;3196389:95
111303.6634,1788877604.8530,6,198.06,393.78,591.84,9.2,14736.8,41305.4,2374.5,6525.925,3131.673,70608.904,3196362:13;3196386:95;3196387:95;3196388:95;3196389:95
111303.7726,1788877604.9622,6,198.06,393.78,591.84,0.0,14736.8,41305.4,2374.5,6525.925,3131.673,70608.904,3196362:13;3196386:95;3196387:95;3196388:95;3196389:95
111303.8836,1788877605.0732,6,198.06,393.78,591.84,9.2,14736.8,41305.4,2374.5,6525.925,3131.673,70608.904,3196362:13;3196386:95;3196387:95;3196388:95;3196389:95
111303.9924,1788877605.1819,6,198.06,393.78,591.84,0.0,14728.9,41313.3,2374.5,6525.925,3131.673,70608.904,3196362:13;3196386:95;3196387:95;3196388:95;3196389:95
111304.1019,1788877605.2914,6,198.06,393.78,591.84,9.1,14728.9,41313.3,2374.5,6525.925,3131.673,70608.904,3196362:13;3196386:95;3196387:95;3196388:95;3196389:95
111304.2114,1788877605.4009,6,198.18,393.78,591.96,0.0,14728.9,41313.3,2374.5,6525.925,3131.674,70608.904,3196362:13;3196386:95;3196387:95;3196388:95;3196389:95
111304.3216,1788877605.5112,6,198.18,393.78,591.96,0.0,14728.9,41313.3,2374.5,6525.925,3131.674,70608.904,3196362:13;3196386:95;3196387:95;3196388:95;3196389:95
111304.4307,1788877605.6203,6,198.43,393.78,592.21,0.0,14728.9,41313.3,2374.5,6525.953,3131.674,70608.904,3196362:13;3196386:95;3196387:95;3196388:95;3196389:95
111304.5410,1788877605.7305,6,220.21,393.78,613.99,81.8,14733.8,41308.5,2374.5,6526.050,3131.675,70608.904,3196362:13;3196386:95;3196387:95;3196388:95;3196389:95
111304.6510,1788877605.8405,6,225.71,393.78,619.49,90.6,14733.8,41308.5,2374.5,6526.050,3131.676,70608.904,3196362:13;3196386:95;3196387:95;3196388:95;3196389:95
111304.7612,1788877605.9508,6,227.96,393.78,621.74,63.7,14733.8,41308.5,2374.5,6526.050,3131.676,70608.904,3196362:13;3196386:95;3196387:95;3196388:95;3196389:95
111304.8715,1788877606.0610,6,227.96,393.78,621.74,9.1,14728.6,41313.6,2374.5,6526.050,3131.676,70608.904,3196362:13;3196386:95;3196387:95;3196388:95;3196389:95
111304.9806,1788877606.1701,6,227.96,393.78,621.74,0.0,14720.8,41321.4,2374.5,6526.050,3131.676,70608.904,3196362:13;3196386:95;3196387:95;3196388:95;3196389:95
111305.0913,1788877606.2808,6,227.96,393.78,621.74,9.1,14720.8,41321.4,2374.5,6526.050,3131.676,70608.904,3196362:13;3196386:95;3196387:95;3196388:95;3196389:95
111305.2010,1788877606.3906,6,227.96,393.78,621.74,9.2,14720.8,41321.5,2374.5,6526.051,3131.677,70608.904,3196362:13;3196386:95;3196387:95;3196388:95;3196389:95
111305.3105,1788877606.5000,6,227.96,393.90,621.86,0.0,14709.3,41332.9,2374.5,6526.051,3131.677,70608.904,3196362:13;3196386:95;3196387:95;3196388:95;3196389:96
111305.4191,1788877606.6086,6,227.96,393.90,621.86,9.1,14709.3,41332.9,2374.5,6526.051,3131.677,70608.904,3196362:13;3196386:95;3196387:95;3196388:95;3196389:96
111305.5286,1788877606.7181,6,227.96,393.90,621.86,0.0,14709.3,41332.9,2374.5,6526.051,3131.677,70608.932,3196362:13;3196386:95;3196387:95;3196388:95;3196389:96
111305.6394,1788877606.8290,6,227.96,393.90,621.86,0.0,14709.5,41332.7,2374.5,6526.051,3131.677,70608.932,3196362:13;3196386:95;3196387:95;3196388:95;3196389:96
111305.7481,1788877606.9376,6,241.65,393.90,635.55,27.5,14717.9,41324.3,2374.5,6526.165,3131.678,70608.932,3196362:13;3196386:95;3196387:95;3196388:95;3196389:96
111305.8572,1788877607.0467,6,246.20,393.90,640.10,99.0,14728.2,41314.1,2374.5,6526.165,3131.678,70608.932,3196362:13;3196386:95;3196387:95;3196388:95;3196389:96
111305.9688,1788877607.1584,6,247.07,393.90,640.98,63.6,14721.3,41320.9,2374.5,6526.165,3131.679,70608.932,3196362:13;3196386:95;3196387:95;3196388:95;3196389:96
111306.0787,1788877607.2683,6,247.07,393.90,640.98,0.0,14721.5,41320.7,2374.5,6526.165,3131.679,70608.932,3196362:13;3196386:95;3196387:95;3196388:95;3196389:96
111306.1887,1788877607.3782,6,247.07,393.90,640.98,0.0,14721.5,41320.7,2374.5,6526.165,3131.679,70608.932,3196362:13;3196386:95;3196387:95;3196388:95;3196389:96
111306.2974,1788877607.4870,6,247.07,393.90,640.98,0.0,14721.5,41320.7,2374.5,6526.165,3131.679,70608.932,3196362:13;3196386:95;3196387:95;3196388:95;3196389:96
111306.4070,1788877607.5966,6,247.07,393.90,640.98,0.0,14721.5,41320.7,2374.5,6526.165,3131.679,70608.932,3196362:13;3196386:95;3196387:95;3196388:95;3196389:96
111306.5186,1788877607.7082,6,247.07,393.90,640.98,0.0,14721.5,41320.7,2374.5,6526.165,3131.679,70608.932,3196362:13;3196386:95;3196387:95;3196388:95;3196389:96
111306.6276,1788877607.8171,6,247.07,393.90,640.98,0.0,14721.8,41320.4,2374.5,6526.165,3131.679,70608.932,3196362:13;3196386:95;3196387:95;3196388:95;3196389:96
111306.7415,1788877607.9311,6,261.61,393.90,655.52,27.2,14736.3,41306.0,2374.5,6526.245,3131.680,70608.932,3196362:13;3196386:95;3196387:95;3196388:95;3196389:96
111306.8512,1788877608.0407,6,259.52,393.90,653.43,99.9,14737.5,41304.7,2374.5,6526.245,3131.680,70608.932,3196362:13;3196386:95;3196387:95;3196388:95;3196389:96
111306.9613,1788877608.1509,6,259.77,393.90,653.68,82.3,14728.4,41313.8,2374.5,6526.245,3131.680,70608.932,3196362:13;3196386:95;3196387:95;3196388:95;3196389:96
111307.0706,1788877608.2602,6,259.77,393.90,653.68,18.4,14728.6,41313.6,2374.5,6526.245,3131.680,70608.932,3196362:13;3196386:95;3196387:95;3196388:95;3196389:96
111307.1794,1788877608.3689,6,262.27,393.90,656.18,45.9,14728.8,41313.4,2374.5,6526.252,3131.682,70608.932,3196362:13;3196386:95;3196387:95;3196388:95;3196389:96
111307.2883,1788877608.4778,6,262.61,393.90,656.51,100.1,14728.4,41313.8,2374.5,6526.252,3131.682,70608.932,3196362:13;3196386:95;3196387:95;3196388:95;3196389:96
111307.3985,1788877608.5881,6,262.61,393.90,656.51,99.6,14728.6,41313.6,2374.5,6526.252,3131.682,70608.932,3196362:13;3196386:95;3196387:95;3196388:95;3196389:96
111307.5086,1788877608.6982,6,265.84,393.90,659.75,100.1,14728.6,41313.6,2374.5,6526.252,3131.682,70608.932,3196362:13;3196386:95;3196387:95;3196388:95;3196389:96
111307.6189,1788877608.8084,6,268.34,393.90,662.25,119.2,14728.6,41313.6,2374.5,6526.252,3131.682,70608.932,3196362:13;3196386:95;3196387:95;3196388:95;3196389:96
111307.7277,1788877608.9173,6,274.09,393.90,668.00,99.3,14736.2,41306.0,2374.5,6526.252,3131.682,70608.932,3196362:13;3196386:95;3196387:95;3196388:95;3196389:96
111307.8385,1788877609.0280,6,275.59,393.90,669.50,96.3,14736.2,41306.1,2374.5,6526.252,3131.682,70608.932,3196362:13;3196386:95;3196387:95;3196388:95;3196389:96
111307.9527,1788877609.1422,6,280.90,393.90,674.80,99.4,14721.9,41320.3,2374.5,6526.252,3131.682,70608.932,3196362:13;3196386:95;3196387:95;3196388:95;3196389:96
111308.0636,1788877609.2531,6,286.51,393.90,680.41,109.4,14722.2,41320.0,2374.5,6526.252,3131.682,70608.932,3196362:13;3196386:95;3196387:95;3196388:95;3196389:96
111308.1733,1788877609.3629,6,286.59,393.90,680.49,99.8,14723.0,41319.3,2374.5,6526.252,3131.682,70608.932,3196362:13;3196386:95;3196387:95;3196388:95;3196389:96
111308.2832,1788877609.4727,6,286.59,393.90,680.49,100.5,14723.0,41319.3,2374.5,6526.252,3131.682,70608.932,3196362:13;3196386:95;3196387:95;3196388:95;3196389:96
111308.3926,1788877609.5822,6,287.80,393.90,681.70,108.2,14725.7,41316.6,2374.5,6526.252,3131.683,70608.932,3196362:13;3196386:95;3196387:95;3196388:95;3196389:96
111308.5035,1788877609.6930,6,302.15,393.90,696.05,100.5,14752.4,41289.8,2374.5,6526.252,3131.683,70608.932,3196362:13;3196386:95;3196387:95;3196388:95;3196389:96
111308.6130,1788877609.8026,6,297.55,393.90,691.45,99.9,14752.4,41289.8,2374.5,6526.252,3131.683,70608.932,3196362:13;3196386:95;3196387:95;3196388:95;3196389:96
111308.7235,1788877609.9130,6,300.17,393.90,694.07,107.7,14752.4,41289.8,2374.5,6526.252,3131.683,70608.932,3196362:13;3196386:95;3196387:95;3196388:95;3196389:96
111308.8350,1788877610.0246,6,307.05,393.90,700.95,90.9,14757.4,41284.8,2374.5,6526.252,3131.683,70608.932,3196362:13;3196386:95;3196387:95;3196388:95;3196389:96
111308.9448,1788877610.1343,6,304.48,393.90,698.38,99.8,14747.8,41294.4,2374.5,6526.252,3131.683,70608.932,3196362:13;3196386:95;3196387:95;3196388:95;3196389:96
111309.0554,1788877610.2449,6,371.28,393.90,765.18,162.3,14820.8,41221.4,2374.5,6526.252,3131.683,70608.932,3196362:13;3196386:95;3196387:95;3196388:95;3196389:96
111309.1658,1788877610.3554,6,343.84,393.90,737.74,137.2,14828.7,41213.5,2374.5,6526.252,3131.683,70608.932,3196362:13;3196386:95;3196387:95;3196388:95;3196389:96
111309.2751,1788877610.4646,6,346.09,550.74,896.82,394.7,14869.8,41172.4,2374.5,6526.252,3131.683,70608.932,3196362:13;3196386:134;3196387:135;3196388:134;3196389:135
111309.3866,1788877610.5761,6,346.91,652.98,999.89,506.0,14900.8,41141.4,2374.5,6526.278,3131.708,70608.932,3196362:13;3196386:158;3196387:159;3196388:164;3196389:159
111309.4993,1788877610.6888,6,346.91,663.68,1010.59,225.5,14930.6,41111.7,2374.5,6526.292,3131.740,70608.932,3196362:13;3196386:161;3196387:163;3196388:164;3196389:163
111309.6111,1788877610.8007,6,346.91,711.68,1058.59,624.4,14957.6,41084.6,2374.5,6526.299,3131.835,70608.932,3196362:13;3196386:173;3196387:173;3196388:177;3196389:175
111309.7225,1788877610.9120,6,346.91,711.68,1058.59,0.0,14957.7,41084.5,2374.5,6526.299,3131.835,70608.932,3196362:13;3196386:173;3196387:173;3196388:177;3196389:175
111309.8317,1788877611.0212,6,346.91,715.68,1062.59,119.0,14957.7,41084.5,2374.5,6526.648,3131.920,70608.932,3196362:13;3196386:174;3196387:174;3196388:178;3196389:176
111309.9409,1788877611.1304,6,346.91,717.30,1064.21,63.0,14960.4,41081.8,2374.5,6527.563,3131.953,70608.932,3196362:13;3196386:174;3196387:175;3196388:178;3196389:176
111310.0522,1788877611.2417,6,346.91,718.18,1065.09,0.0,14960.9,41081.4,2374.5,6528.325,3131.982,70608.932,3196362:13;3196386:175;3196387:175;3196388:179;3196389:177
111310.1628,1788877611.3524,6,346.91,718.80,1065.71,9.1,14961.3,41080.9,2374.5,6528.562,3131.988,70608.932,3196362:13;3196386:175;3196387:175;3196388:179;3196389:177
111310.2723,1788877611.4619,6,346.91,719.68,1066.59,18.4,14961.8,41080.4,2374.5,6528.877,3132.005,70608.932,3196362:13;3196386:175;3196387:175;3196388:179;3196389:177
111310.3815,1788877611.5710,6,346.91,767.71,1114.62,493.3,15087.5,40954.7,2374.5,6529.095,3132.016,70608.932,3196362:13;3196386:187;3196387:194;3196388:179;3196389:194
111310.4932,1788877611.6827,6,346.91,757.53,1104.44,415.0,15106.9,40935.3,2374.5,6529.324,3132.025,70608.932,3196362:13;3196386:180;3196387:207;3196388:179;3196389:178
111310.6042,1788877611.7937,6,346.91,760.15,1107.06,53.9,15106.9,40935.3,2374.5,6529.327,3132.044,70608.932,3196362:13;3196386:180;3196387:210;3196388:179;3196389:178
111310.7152,1788877611.9048,6,346.91,760.15,1107.06,0.0,15106.9,40935.3,2374.5,6529.327,3132.046,70608.932,3196362:13;3196386:180;3196387:210;3196388:179;3196389:178
111310.8262,1788877612.0157,6,346.91,773.68,1120.60,44.0,15107.4,40934.8,2374.5,6529.355,3132.049,70608.932,3196362:13;3196386:191;3196387:213;3196388:179;3196389:178
111310.9397,1788877612.1293,6,346.91,793.39,1140.31,174.5,15110.6,40931.6,2374.5,6529.641,3132.082,70608.932,3196362:13;3196386:206;3196387:217;3196388:179;3196389:178
111311.0487,1788877612.2382,6,346.91,794.65,1141.57,18.4,15111.4,40930.9,2374.5,6529.738,3132.116,70608.932,3196362:13;3196386:206;3196387:218;3196388:179;3196389:178
111311.1581,1788877612.3476,6,346.91,796.25,1143.16,63.4,15112.3,40929.9,2374.5,6530.121,3132.144,70608.932,3196362:13;3196386:206;3196387:219;3196388:179;3196389:178
111311.2682,1788877612.4578,6,346.91,796.25,1143.16,18.2,15112.3,40929.9,2374.5,6530.427,3132.148,70608.932,3196362:13;3196386:206;3196387:219;3196388:179;3196389:178
111311.3784,1788877612.5679,6,346.91,796.38,1143.29,18.3,15112.3,40929.9,2374.5,6530.827,3132.168,70608.932,3196362:13;3196386:206;3196387:220;3196388:179;3196389:178
111311.4873,1788877612.6768,6,346.91,798.15,1145.06,36.0,15112.3,40929.9,2374.5,6531.059,3132.194,70608.932,3196362:13;3196386:207;3196387:220;3196388:179;3196389:178
111311.5984,1788877612.7879,6,346.91,800.75,1147.66,9.2,15113.3,40928.9,2374.5,6531.670,3132.210,70608.932,3196362:13;3196386:210;3196387:221;3196388:179;3196389:178
111311.7073,1788877612.8968,6,346.91,801.59,1148.50,26.8,15113.3,40928.9,2374.5,6532.074,3132.221,70608.932,3196362:13;3196386:210;3196387:221;3196388:179;3196389:178
111311.8193,1788877613.0089,6,346.91,801.99,1148.91,36.7,15114.3,40927.9,2374.5,6532.806,3132.249,70608.932,3196362:13;3196386:210;3196387:222;3196388:179;3196389:178
111311.9281,1788877613.1177,6,346.91,802.24,1149.16,9.2,15114.6,40927.7,2374.5,6533.049,3132.255,70608.932,3196362:13;3196386:210;3196387:222;3196388:179;3196389:178
111312.0368,1788877613.2263,6,346.91,802.82,1149.73,27.0,15115.0,40927.2,2374.5,6533.389,3132.278,70608.932,3196362:13;3196386:210;3196387:222;3196388:179;3196389:178
111312.1480,1788877613.3376,6,346.91,802.96,1149.88,18.3,15115.3,40926.9,2374.5,6533.751,3132.288,70608.932,3196362:13;3196386:211;3196387:222;3196388:179;3196389:178
111312.2575,1788877613.4470,6,346.91,803.46,1150.38,18.0,15115.5,40926.7,2374.5,6534.391,3132.315,70608.932,3196362:13;3196386:211;3196387:222;3196388:179;3196389:178
111312.3689,1788877613.5585,6,346.91,803.87,1150.78,18.2,15116.3,40926.0,2374.5,6534.731,3132.323,70608.932,3196362:13;3196386:211;3196387:223;3196388:179;3196389:178
111312.4785,1788877613.6680,6,346.91,804.52,1151.43,27.0,15117.0,40925.2,2374.5,6535.305,3132.347,70608.932,3196362:13;3196386:211;3196387:223;3196388:179;3196389:178
111312.5895,1788877613.7791,6,346.91,805.12,1152.04,27.0,15117.0,40925.2,2374.5,6535.800,3132.359,70608.936,3196362:13;3196386:211;3196387:224;3196388:179;3196389:178
111312.7010,1788877613.8906,6,346.91,805.78,1152.70,18.2,15117.0,40925.2,2374.5,6536.511,3132.376,70608.936,3196362:13;3196386:212;3196387:224;3196388:179;3196389:178
111312.8104,1788877613.9999,6,346.91,806.37,1153.28,18.4,15117.0,40925.2,2374.5,6536.792,3132.384,70608.936,3196362:13;3196386:212;3196387:224;3196388:179;3196389:178
111312.9203,1788877614.1098,6,346.91,806.97,1153.88,54.9,15112.9,40929.3,2374.5,6537.377,3132.403,70608.936,3196362:13;3196386:212;3196387:224;3196388:179;3196389:178
111313.0289,1788877614.2184,6,346.91,807.56,1154.48,18.4,15110.1,40932.1,2374.5,6537.688,3132.414,70608.936,3196362:13;3196386:212;3196387:225;3196388:179;3196389:178
111313.1381,1788877614.3276,6,346.91,808.08,1155.00,9.2,15110.1,40932.1,2374.5,6538.210,3132.431,70608.936,3196362:13;3196386:213;3196387:225;3196388:179;3196389:178
111313.2467,1788877614.4362,6,346.91,808.46,1155.37,17.8,15110.1,40932.1,2374.5,6538.552,3132.443,70608.936,3196362:13;3196386:213;3196387:225;3196388:179;3196389:178
111313.3595,1788877614.5491,6,346.91,862.61,1209.53,253.5,15124.4,40917.8,2374.5,6539.060,3132.464,70608.936,3196362:13;3196386:214;3196387:234;3196388:202;3196389:199
111313.4696,1788877614.6591,6,346.91,893.79,1240.70,334.1,15139.2,40903.1,2374.5,6539.409,3132.489,70608.936,3196362:13;3196386:214;3196387:237;3196388:214;3196389:217
111313.5803,1788877614.7698,6,346.91,909.41,1256.33,219.5,15144.1,40898.1,2374.5,6539.808,3132.575,70608.936,3196362:13;3196386:214;3196387:237;3196388:223;3196389:222
111313.6896,1788877614.8791,6,346.91,914.84,1261.76,45.5,15146.8,40895.4,2374.5,6539.965,3132.611,70608.936,3196362:13;3196386:218;3196387:237;3196388:224;3196389:223
111313.7999,1788877614.9895,6,346.91,931.07,1277.98,237.4,15152.0,40890.3,2374.5,6540.344,3132.688,70608.936,3196362:13;3196386:229;3196387:238;3196388:225;3196389:225
111313.9092,1788877615.0988,6,346.91,938.20,1285.12,155.2,15159.3,40882.9,2374.5,6540.907,3132.748,70608.936,3196362:13;3196386:231;3196387:240;3196388:227;3196389:227
111314.0189,1788877615.2084,6,346.91,940.46,1287.37,64.3,15159.6,40882.6,2374.5,6541.733,3132.786,70608.936,3196362:13;3196386:231;3196387:242;3196388:227;3196389:227
111314.1277,1788877615.3172,6,346.91,940.46,1287.37,27.0,15159.6,40882.6,2374.5,6542.113,3132.806,70608.936,3196362:13;3196386:231;3196387:242;3196388:227;3196389:227
111314.2389,1788877615.4284,6,346.91,943.68,1290.59,155.0,15160.3,40881.9,2374.5,6542.989,3132.873,70608.936,3196362:13;3196386:231;3196387:242;3196388:229;3196389:228
111314.3481,1788877615.5377,6,346.91,944.00,1290.91,27.6,15160.3,40881.9,2374.5,6543.643,3132.900,70608.936,3196362:13;3196386:231;3196387:242;3196388:229;3196389:228
111314.4569,1788877615.6464,6,346.91,944.60,1291.52,27.6,15160.6,40881.7,2374.5,6544.605,3132.944,70608.936,3196362:13;3196386:232;3196387:242;3196388:229;3196389:228
111314.5659,1788877615.7554,6,346.91,945.65,1292.57,18.4,15160.8,40881.4,2374.5,6544.953,3132.965,70608.936,3196362:13;3196386:232;3196387:243;3196388:230;3196389:229
111314.6753,1788877615.8648,6,346.91,948.23,1295.14,62.4,15162.5,40879.7,2374.5,6545.977,3133.005,70608.936,3196362:13;3196386:233;3196387:243;3196388:230;3196389:229
111314.7871,1788877615.9766,6,346.91,950.48,1297.40,45.5,15163.3,40878.9,2374.5,6546.314,3133.025,70608.936,3196362:13;3196386:233;3196387:243;3196388:230;3196389:231
111314.8971,1788877616.0867,6,346.91,951.38,1298.30,27.6,15162.7,40879.5,2374.5,6547.344,3133.060,70608.936,3196362:13;3196386:233;3196387:243;3196388:231;3196389:231
111315.0058,1788877616.1954,6,346.91,953.74,1300.66,45.9,15163.4,40878.8,2374.5,6547.764,3133.083,70608.936,3196362:13;3196386:233;3196387:244;3196388:232;3196389:231
111315.1150,1788877616.3046,6,346.91,955.41,1302.33,45.8,15163.4,40878.8,2374.5,6548.747,3133.117,70608.936,3196362:13;3196386:234;3196387:244;3196388:233;3196389:232
111315.2242,1788877616.4138,6,346.91,956.73,1303.64,27.3,15165.6,40876.6,2374.5,6549.062,3133.129,70608.936,3196362:13;3196386:234;3196387:244;3196388:234;3196389:232
111315.3344,1788877616.5240,6,346.91,957.84,1304.75,9.1,15166.9,40875.4,2374.5,6550.083,3133.162,70608.936,3196362:13;3196386:235;3196387:244;3196388:234;3196389:232
111315.4442,1788877616.6337,6,346.91,959.21,1306.12,45.5,15167.6,40874.6,2374.5,6550.471,3133.182,70608.936,3196362:13;3196386:235;3196387:244;3196388:235;3196389:232
111315.5544,1788877616.7440,6,346.91,959.90,1306.81,9.1,15167.6,40874.7,2374.5,6551.467,3133.215,70608.936,3196362:13;3196386:235;3196387:244;3196388:235;3196389:232
111315.6643,1788877616.8538,6,346.91,961.23,1308.14,9.1,15168.1,40874.2,2374.5,6551.858,3133.228,70608.936,3196362:13;3196386:236;3196387:244;3196388:235;3196389:232
111315.7742,1788877616.9637,6,346.91,961.78,1308.70,36.7,15168.8,40873.4,2374.5,6552.868,3133.263,70608.936,3196362:13;3196386:237;3196387:244;3196388:235;3196389:233
111315.8832,1788877617.0727,6,346.91,962.38,1309.30,9.0,15167.5,40874.7,2374.5,6553.190,3133.274,70608.936,3196362:13;3196386:237;3196387:244;3196388:235;3196389:233
111315.9941,1788877617.1837,6,346.91,965.14,1312.05,63.7,15167.5,40874.7,2374.5,6554.167,3133.305,70608.936,3196362:13;3196386:238;3196387:244;3196388:236;3196389:233
111316.1037,1788877617.2933,6,346.91,965.23,1312.15,0.0,15167.5,40874.7,2374.5,6554.487,3133.318,70608.936,3196362:13;3196386:238;3196387:244;3196388:236;3196389:233
111316.2137,1788877617.4032,6,346.91,965.63,1312.55,27.6,15167.7,40874.5,2374.5,6555.402,3133.347,70608.936,3196362:13;3196386:238;3196387:244;3196388:236;3196389:233
111316.3222,1788877617.5118,6,346.91,965.90,1312.81,18.4,15167.7,40874.5,2374.5,6555.759,3133.357,70608.936,3196362:13;3196386:238;3196387:244;3196388:237;3196389:233
111316.4313,1788877617.6209,6,346.91,967.63,1314.55,55.1,15168.2,40874.0,2374.5,6556.756,3133.397,70608.936,3196362:13;3196386:239;3196387:244;3196388:237;3196389:234
111316.5402,1788877617.7297,6,346.91,969.04,1315.95,27.0,15169.0,40873.3,2374.5,6557.121,3133.411,70608.936,3196362:13;3196386:240;3196387:245;3196388:237;3196389:234
111316.6513,1788877617.8408,6,346.91,969.11,1316.02,9.2,15169.0,40873.3,2374.5,6558.178,3133.449,70608.936,3196362:13;3196386:240;3196387:244;3196388:237;3196389:234
111316.7600,1788877617.9495,6,346.91,969.72,1316.63,9.1,15169.0,40873.3,2374.5,6558.458,3133.459,70608.936,3196362:13;3196386:240;3196387:244;3196388:238;3196389:234
111316.8705,1788877618.0601,6,346.91,970.22,1317.13,36.1,15167.4,40874.8,2374.5,6559.515,3133.497,70608.936,3196362:13;3196386:241;3196387:244;3196388:238;3196389:234
111316.9807,1788877618.1703,6,346.91,970.78,1317.69,27.0,15167.7,40874.6,2374.5,6559.844,3133.508,70608.936,3196362:13;3196386:241;3196387:244;3196388:239;3196389:234
111317.0916,1788877618.2812,6,346.91,971.06,1317.97,45.5,15168.9,40873.3,2374.5,6560.885,3133.545,70608.936,3196362:13;3196386:241;3196387:244;3196388:238;3196389:235
111317.2019,1788877618.3914,6,346.91,972.07,1318.99,18.1,15169.4,40872.8,2374.5,6561.289,3133.558,70608.936,3196362:13;3196386:241;3196387:244;3196388:239;3196389:235
111317.3123,1788877618.5018,6,346.91,972.36,1319.27,55.2,15169.4,40872.8,2374.5,6562.341,3133.592,70608.936,3196362:13;3196386:242;3196387:244;3196388:238;3196389:235
111317.4209,1788877618.6105,6,346.91,972.73,1319.64,18.4,15169.9,40872.3,2374.5,6562.778,3133.605,70608.936,3196362:13;3196386:242;3196387:244;3196388:238;3196389:235
111317.5339,1788877618.7235,6,346.91,973.98,1320.89,44.2,15170.1,40872.1,2374.5,6563.861,3133.649,70608.936,3196362:13;3196386:243;3196387:244;3196388:238;3196389:235
111317.6432,1788877618.8327,6,346.91,974.19,1321.10,18.4,15170.1,40872.1,2374.5,6564.214,3133.661,70608.936,3196362:13;3196386:243;3196387:244;3196388:238;3196389:235
111317.7520,1788877618.9415,6,346.91,976.28,1323.19,126.9,15171.6,40870.6,2374.5,6565.301,3133.719,70608.936,3196362:13;3196386:244;3196387:245;3196388:239;3196389:235
111317.8627,1788877619.0522,6,346.91,976.48,1323.40,27.6,15169.9,40872.3,2374.5,6565.799,3133.737,70608.936,3196362:13;3196386:243;3196387:246;3196388:239;3196389:235
111317.9715,1788877619.1610,6,346.91,976.98,1323.90,9.2,15168.2,40874.0,2374.5,6566.855,3133.777,70608.936,3196362:13;3196386:244;3196387:246;3196388:239;3196389:235
111318.0801,1788877619.2696,6,346.91,977.30,1324.22,9.0,15168.2,40874.0,2374.5,6567.178,3133.790,70608.936,3196362:13;3196386:244;3196387:246;3196388:239;3196389:235
111318.1911,1788877619.3806,6,346.91,977.67,1324.59,46.0,15168.0,40874.2,2374.5,6568.200,3133.822,70608.936,3196362:13;3196386:244;3196387:246;3196388:239;3196389:235
111318.2998,1788877619.4894,6,346.91,978.38,1325.29,18.2,15168.0,40874.2,2374.5,6568.510,3133.835,70608.936,3196362:13;3196386:244;3196387:247;3196388:239;3196389:235
111318.4102,1788877619.5998,6,346.91,977.99,1324.91,54.2,15168.8,40873.4,2374.5,6569.543,3133.875,70608.936,3196362:13;3196386:243;3196387:247;3196388:239;3196389:235
111318.5210,1788877619.7105,6,346.91,978.24,1325.16,0.0,15168.8,40873.4,2374.5,6569.845,3133.882,70608.936,3196362:13;3196386:243;3196387:247;3196388:239;3196389:235
111318.6297,1788877619.8192,6,346.91,979.73,1326.64,54.0,15170.0,40872.2,2374.5,6570.907,3133.914,70608.936,3196362:13;3196386:244;3196387:247;3196388:240;3196389:235
111318.7416,1788877619.9311,6,346.91,979.79,1326.71,0.0,15170.3,40872.0,2374.5,6571.300,3133.935,70608.947,3196362:13;3196386:244;3196387:247;3196388:240;3196389:236
111318.8506,1788877620.0402,6,346.91,980.29,1327.20,18.2,15165.7,40876.5,2374.5,6572.329,3133.968,70608.947,3196362:13;3196386:243;3196387:248;3196388:240;3196389:236
111318.9607,1788877620.1502,6,346.91,981.31,1328.22,27.1,15163.1,40879.1,2374.5,6572.673,3133.979,70608.947,3196362:13;3196386:244;3196387:248;3196388:241;3196389:236
111319.0710,1788877620.2605,6,346.91,982.09,1329.01,64.0,15164.4,40877.9,2374.5,6573.700,3134.015,70608.947,3196362:13;3196386:244;3196387:248;3196388:241;3196389:236
111319.1802,1788877620.3697,6,346.91,983.97,1330.88,27.3,15164.9,40877.4,2374.5,6574.792,3134.044,70608.947,3196362:13;3196386:245;3196387:248;3196388:241;3196389:237
111319.2897,1788877620.4793,6,346.91,983.42,1330.34,36.4,15162.4,40879.8,2374.5,6575.848,3134.080,70608.947,3196362:13;3196386:245;3196387:248;3196388:241;3196389:236
111319.3999,1788877620.5895,6,346.91,985.45,1332.36,27.6,15162.4,40879.8,2374.5,6576.136,3134.094,70608.947,3196362:13;3196386:245;3196387:248;3196388:243;3196389:237
111319.5088,1788877620.6983,6,346.91,985.88,1332.79,27.3,15162.4,40879.8,2374.5,6577.219,3134.134,70608.947,3196362:13;3196386:245;3196387:248;3196388:243;3196389:237
111319.6187,1788877620.8083,6,346.91,986.57,1333.48,9.2,15162.4,40879.8,2374.5,6577.511,3134.145,70608.947,3196362:13;3196386:245;3196387:248;3196388:243;3196389:237
111319.7274,1788877620.9169,6,346.91,986.80,1333.71,27.3,15162.9,40879.3,2374.5,6578.624,3134.184,70608.947,3196362:13;3196386:245;3196387:248;3196388:243;3196389:238
111319.8378,1788877621.0273,6,346.91,987.00,1333.91,36.0,15155.7,40886.5,2374.5,6578.933,3134.200,70608.947,3196362:13;3196386:245;3196387:248;3196388:243;3196389:238
111319.9485,1788877621.1380,6,346.91,988.45,1335.36,27.0,15156.4,40885.8,2374.5,6580.026,3134.238,70608.947,3196362:13;3196386:246;3196387:248;3196388:243;3196389:238
111320.0597,1788877621.2492,6,346.91,988.52,1335.43,9.0,15156.1,40886.1,2374.5,6580.367,3134.253,70608.947,3196362:13;3196386:246;3196387:248;3196388:243;3196389:238
111320.1709,1788877621.3604,6,346.91,990.66,1337.57,45.7,15157.4,40884.9,2374.5,6581.471,3134.294,70608.947,3196362:13;3196386:246;3196387:248;3196388:244;3196389:239
111320.2798,1788877621.4693,6,346.91,991.41,1338.32,9.0,15158.1,40884.1,2374.5,6581.880,3134.307,70608.947,3196362:13;3196386:246;3196387:249;3196388:244;3196389:239
111320.3915,1788877621.5810,6,346.91,992.52,1339.43,55.0,15159.3,40882.9,2374.5,6582.910,3134.342,70608.947,3196362:13;3196386:247;3196387:249;3196388:244;3196389:239
111320.5004,1788877621.6900,6,346.91,993.09,1340.01,0.0,15159.8,40882.4,2374.5,6583.293,3134.354,70608.947,3196362:13;3196386:247;3196387:249;3196388:244;3196389:239
111320.6101,1788877621.7996,6,346.91,993.83,1340.75,63.2,15161.8,40880.4,2374.5,6584.367,3134.396,70608.947,3196362:13;3196386:247;3196387:249;3196388:245;3196389:239
111320.7208,1788877621.9103,6,346.91,994.44,1341.35,18.0,15161.8,40880.4,2374.5,6584.736,3134.412,70608.947,3196362:13;3196386:247;3196387:249;3196388:246;3196389:239
111320.8315,1788877622.0211,6,346.91,994.22,1341.14,36.7,15160.1,40882.1,2374.5,6585.797,3134.457,70608.947,3196362:13;3196386:247;3196387:249;3196388:246;3196389:239
111320.9405,1788877622.1300,6,346.91,994.21,1341.12,18.4,15157.0,40885.3,2374.5,6586.164,3134.467,70608.947,3196362:13;3196386:247;3196387:250;3196388:245;3196389:239
111321.0491,1788877622.2386,6,346.91,995.39,1342.30,0.0,15157.0,40885.3,2374.5,6587.228,3134.501,70608.947,3196362:13;3196386:248;3196387:250;3196388:246;3196389:239
111321.1599,1788877622.3494,6,346.91,995.95,1342.86,63.3,15158.2,40884.0,2374.5,6587.530,3134.517,70608.947,3196362:13;3196386:247;3196387:251;3196388:246;3196389:239
111321.2701,1788877622.4597,6,346.91,997.31,1344.22,27.5,15158.7,40883.6,2374.5,6588.588,3134.558,70608.947,3196362:13;3196386:248;3196387:251;3196388:246;3196389:240
111321.3795,1788877622.5690,6,346.91,997.68,1344.60,27.3,15158.7,40883.6,2374.5,6588.863,3134.569,70608.947,3196362:13;3196386:248;3196387:251;3196388:246;3196389:240
111321.4897,1788877622.6792,6,346.91,1000.29,1347.21,55.0,15159.7,40882.6,2374.5,6589.883,3134.609,70608.947,3196362:13;3196386:248;3196387:252;3196388:247;3196389:240
111321.5987,1788877622.7882,6,346.91,1002.18,1349.09,18.2,15159.9,40882.3,2374.5,6590.186,3134.621,70608.947,3196362:13;3196386:248;3196387:252;3196388:248;3196389:241
111321.7084,1788877622.8980,6,346.91,1002.00,1348.91,91.0,15159.8,40882.4,2374.5,6591.270,3134.664,70608.947,3196362:13;3196386:248;3196387:254;3196388:247;3196389:240
111321.8183,1788877623.0078,6,346.91,1002.25,1349.16,9.2,15152.9,40889.3,2374.5,6591.651,3134.676,70608.947,3196362:13;3196386:249;3196387:254;3196388:247;3196389:240
111321.9273,1788877623.1169,6,346.91,1003.29,1350.20,27.3,15153.4,40888.8,2374.5,6592.762,3134.717,70608.947,3196362:13;3196386:249;3196387:254;3196388:247;3196389:241
111322.0376,1788877623.2271,6,346.91,1003.02,1349.93,46.0,15154.1,40888.1,2374.5,6593.068,3134.725,70608.947,3196362:13;3196386:249;3196387:254;3196388:247;3196389:240
111322.1462,1788877623.3358,6,346.91,1003.98,1350.90,27.6,15154.1,40888.1,2374.5,6594.110,3134.764,70608.947,3196362:13;3196386:249;3196387:254;3196388:247;3196389:241
111322.2551,1788877623.4446,6,346.91,1004.40,1351.32,17.8,15154.1,40888.1,2374.5,6594.484,3134.777,70608.947,3196362:13;3196386:249;3196387:254;3196388:248;3196389:241
111322.3676,1788877623.5571,6,346.91,1006.03,1352.95,36.4,15153.8,40888.5,2374.5,6595.601,3134.825,70608.947,3196362:13;3196386:249;3196387:254;3196388:248;3196389:242
111322.4771,1788877623.6667,6,346.91,1008.85,1355.77,36.5,15154.0,40888.2,2374.5,6596.468,3134.853,70608.947,3196362:13;3196386:249;3196387:254;3196388:249;3196389:244
111322.5866,1788877623.7761,6,346.91,1010.76,1357.67,63.7,15155.5,40886.8,2374.5,6597.586,3134.889,70608.947,3196362:13;3196386:249;3196387:254;3196388:249;3196389:245
111322.6968,1788877623.8864,6,346.91,1012.30,1359.21,27.3,15157.2,40885.0,2374.5,6597.843,3134.900,70608.947,3196362:13;3196386:249;3196387:254;3196388:250;3196389:245
111322.8067,1788877623.9962,6,346.91,1011.58,1358.49,73.4,15160.4,40881.8,2374.5,6598.943,3134.943,70608.947,3196362:13;3196386:250;3196387:254;3196388:249;3196389:245
111322.9162,1788877624.1057,6,346.91,1011.40,1358.31,27.1,15157.1,40885.2,2374.5,6599.226,3134.960,70608.947,3196362:13;3196386:250;3196387:254;3196388:249;3196389:245
111323.0264,1788877624.2160,6,346.91,1011.97,1358.89,18.4,15157.9,40884.3,2374.5,6600.332,3134.998,70608.947,3196362:13;3196386:250;3196387:254;3196388:249;3196389:246
111323.1352,1788877624.3248,6,346.91,1012.84,1359.76,27.3,15157.9,40884.4,2374.5,6600.635,3135.009,70608.947,3196362:13;3196386:250;3196387:254;3196388:250;3196389:246
111323.2446,1788877624.4342,6,346.91,1013.19,1360.10,9.1,15157.9,40884.4,2374.5,6601.730,3135.048,70608.947,3196362:13;3196386:250;3196387:254;3196388:250;3196389:246
111323.3550,1788877624.5445,6,346.91,1013.38,1360.29,9.1,15158.1,40884.1,2374.5,6601.939,3135.056,70608.947,3196362:13;3196386:250;3196387:254;3196388:250;3196389:246
111323.4640,1788877624.6535,6,346.91,1014.56,1361.47,27.3,15158.0,40884.3,2374.5,6603.021,3135.087,70608.947,3196362:13;3196386:251;3196387:255;3196388:250;3196389:246
111323.5738,1788877624.7634,6,346.91,1014.83,1361.75,27.3,15159.4,40882.8,2374.5,6603.211,3135.093,70608.947,3196362:13;3196386:251;3196387:255;3196388:250;3196389:246
111323.6834,1788877624.8729,6,346.91,1015.28,1362.20,64.2,15159.4,40882.8,2374.5,6604.263,3135.131,70608.947,3196362:13;3196386:251;3196387:255;3196388:250;3196389:247
111323.7926,1788877624.9821,6,346.91,1015.60,1362.52,0.0,15155.2,40887.0,2374.5,6604.623,3135.142,70608.947,3196362:13;3196386:251;3196387:255;3196388:250;3196389:247
111323.9035,1788877625.0930,6,346.91,1016.09,1363.00,35.9,15151.5,40890.8,2374.5,6605.766,3135.178,70608.947,3196362:13;3196386:250;3196387:255;3196388:251;3196389:247
111324.0148,1788877625.2043,6,346.91,1015.76,1362.68,27.4,15152.2,40890.0,2374.5,6605.939,3135.188,70608.947,3196362:13;3196386:250;3196387:255;3196388:250;3196389:247
111324.1239,1788877625.3135,6,346.91,1016.54,1363.46,36.0,15152.4,40889.8,2374.5,6607.084,3135.229,70608.947,3196362:13;3196386:251;3196387:255;3196388:251;3196389:247
111324.2350,1788877625.4246,6,346.91,1017.16,1364.07,27.3,15152.7,40889.5,2374.5,6607.297,3135.237,70608.947,3196362:13;3196386:251;3196387:255;3196388:251;3196389:247
111324.3449,1788877625.5344,6,346.91,1018.96,1365.88,55.2,15154.1,40888.1,2374.5,6608.404,3135.277,70608.947,3196362:13;3196386:251;3196387:255;3196388:252;3196389:248
111324.4537,1788877625.6432,6,346.91,1019.82,1366.73,9.2,15154.4,40887.8,2374.5,6608.692,3135.286,70608.947,3196362:13;3196386:251;3196387:255;3196388:253;3196389:248
111324.5626,1788877625.7522,6,346.91,1020.35,1367.27,45.3,15155.4,40886.8,2374.5,6609.781,3135.324,70608.947,3196362:13;3196386:251;3196387:256;3196388:253;3196389:248
111324.6731,1788877625.8626,6,346.91,1020.59,1367.50,9.0,15155.4,40886.8,2374.5,6610.095,3135.334,70608.947,3196362:13;3196386:251;3196387:256;3196388:253;3196389:248
111324.7842,1788877625.9738,6,346.91,1021.91,1368.82,36.0,15155.6,40886.6,2374.5,6611.248,3135.368,70608.947,3196362:13;3196386:251;3196387:256;3196388:254;3196389:248
111324.8952,1788877626.0848,6,346.91,1021.91,1368.82,18.4,15159.8,40882.4,2374.5,6611.442,3135.373,70608.947,3196362:13;3196386:251;3196387:256;3196388:254;3196389:248
111325.0038,1788877626.1934,6,346.91,1023.63,1370.54,45.8,15160.4,40881.8,2374.5,6612.615,3135.405,70608.947,3196362:13;3196386:251;3196387:257;3196388:254;3196389:248
111325.1131,1788877626.3026,6,346.91,1023.87,1370.79,18.2,15160.4,40881.8,2374.5,6612.843,3135.413,70608.947,3196362:13;3196386:251;3196387:257;3196388:254;3196389:248
111325.2231,1788877626.4126,6,346.91,1025.45,1372.36,90.1,15160.2,40882.0,2374.5,6613.916,3135.458,70608.947,3196362:13;3196386:251;3196387:257;3196388:254;3196389:250
111325.3339,1788877626.5234,6,346.91,1026.41,1373.32,18.0,15160.4,40881.8,2374.5,6614.201,3135.468,70608.947,3196362:13;3196386:251;3196387:257;3196388:254;3196389:251
111325.4453,1788877626.6348,6,346.91,1028.33,1375.24,82.6,15161.9,40880.3,2374.5,6615.334,3135.521,70608.947,3196362:13;3196386:252;3196387:257;3196388:255;3196389:251
111325.5541,1788877626.7436,6,346.91,1029.01,1375.93,27.6,15162.2,40880.1,2374.5,6615.919,3135.534,70608.947,3196362:13;3196386:252;3196387:258;3196388:255;3196389:251
111325.6632,1788877626.8528,6,346.91,1029.30,1376.22,54.7,15162.4,40879.8,2374.5,6617.022,3135.579,70608.947,3196362:13;3196386:252;3196387:258;3196388:255;3196389:251
111325.7731,1788877626.9626,6,346.91,1030.77,1377.68,26.9,15162.9,40879.3,2374.5,6617.506,3135.589,70608.947,3196362:13;3196386:252;3196387:258;3196388:255;3196389:252
111325.8843,1788877627.0739,6,346.91,1032.34,1379.25,71.9,15166.1,40876.1,2374.5,6618.618,3135.631,70608.947,3196362:13;3196386:255;3196387:258;3196388:255;3196389:251
111325.9966,1788877627.1862,6,346.91,1032.34,1379.25,0.0,15167.3,40874.9,2374.5,6618.618,3135.632,70608.947,3196362:13;3196386:255;3196387:258;3196388:255;3196389:251
111326.1059,1788877627.2954,6,346.91,1034.49,1381.41,36.7,15169.8,40872.4,2374.5,6620.049,3135.666,70608.947,3196362:13;3196386:256;3196387:259;3196388:256;3196389:251
111326.2147,1788877627.4043,6,346.91,1034.49,1381.41,0.0,15169.8,40872.4,2374.5,6620.049,3135.667,70608.947,3196362:13;3196386:256;3196387:259;3196388:256;3196389:251
111326.3238,1788877627.5133,6,346.91,1035.19,1382.10,27.3,15171.0,40871.2,2374.5,6620.504,3135.692,70608.947,3196362:13;3196386:257;3196387:259;3196388:256;3196389:251
111326.4339,1788877627.6234,6,346.91,1035.19,1382.10,0.0,15171.0,40871.2,2374.5,6620.504,3135.693,70608.947,3196362:13;3196386:257;3196387:259;3196388:256;3196389:251
111326.5465,1788877627.7361,6,346.91,1035.19,1382.10,9.1,15171.0,40871.2,2374.5,6620.504,3135.694,70608.947,3196362:13;3196386:257;3196387:259;3196388:256;3196389:251
111326.6554,1788877627.8449,6,346.91,1035.83,1382.75,91.4,15171.2,40871.0,2374.5,6621.680,3135.744,70608.947,3196362:13;3196386:256;3196387:259;3196388:256;3196389:252
111326.7648,1788877627.9543,6,346.91,1035.83,1382.75,9.1,15171.5,40870.7,2374.5,6621.680,3135.745,70608.947,3196362:13;3196386:256;3196387:259;3196388:256;3196389:252
111326.8754,1788877628.0649,6,346.91,1035.55,1382.46,18.0,15167.1,40875.2,2374.5,6622.373,3135.771,70608.947,3196362:13;3196386:256;3196387:258;3196388:256;3196389:252
111326.9866,1788877628.1761,6,346.91,1035.67,1382.59,0.0,15167.1,40875.2,2374.5,6622.791,3135.788,70608.947,3196362:13;3196386:256;3196387:258;3196388:256;3196389:252
111327.0963,1788877628.2859,6,346.91,1036.66,1383.57,35.6,15170.5,40871.7,2374.5,6623.276,3135.810,70608.947,3196362:13;3196386:257;3196387:258;3196388:256;3196389:252
111327.2083,1788877628.3978,6,346.91,1038.01,1384.92,55.2,15171.5,40870.7,2374.5,6624.102,3135.843,70608.947,3196362:13;3196386:257;3196387:259;3196388:257;3196389:252
111327.3170,1788877628.5065,6,346.91,1040.50,1387.41,45.8,15172.2,40870.0,2374.5,6624.504,3135.855,70608.947,3196362:13;3196386:258;3196387:259;3196388:257;3196389:254
111327.4261,1788877628.6156,6,346.91,1042.42,1389.34,55.2,15175.8,40866.5,2374.5,6625.217,3135.885,70608.947,3196362:13;3196386:259;3196387:259;3196388:257;3196389:255
111327.5353,1788877628.7248,6,346.91,1042.74,1389.66,26.7,15175.8,40866.5,2374.5,6625.621,3135.897,70608.947,3196362:13;3196386:259;3196387:259;3196388:257;3196389:255
111327.6470,1788877628.8366,6,346.91,1044.95,1391.86,81.3,15178.0,40864.2,2374.5,6626.634,3135.937,70608.947,3196362:13;3196386:259;3196387:259;3196388:258;3196389:256
111327.7575,1788877628.9470,6,346.91,1044.95,1391.86,0.0,15178.0,40864.2,2374.5,6626.634,3135.937,70608.947,3196362:13;3196386:259;3196387:259;3196388:258;3196389:256
111327.8676,1788877629.0571,6,347.04,1046.96,1394.00,91.8,15180.6,40861.6,2374.5,6627.511,3135.973,70608.947,3196362:13;3196386:259;3196387:258;3196388:260;3196389:257
111327.9769,1788877629.1665,6,347.04,1046.96,1394.00,0.0,15180.6,40861.6,2374.5,6627.511,3135.974,70608.947,3196362:13;3196386:259;3196387:258;3196388:260;3196389:257
111328.0857,1788877629.2752,6,347.04,1046.84,1393.88,18.4,15181.6,40860.6,2374.5,6627.902,3135.986,70608.947,3196362:13;3196386:259;3196387:258;3196388:260;3196389:257
111328.1952,1788877629.3848,6,347.04,1046.84,1393.88,0.0,15181.6,40860.6,2374.5,6627.902,3135.987,70608.947,3196362:13;3196386:259;3196387:258;3196388:260;3196389:257
111328.3049,1788877629.4944,6,347.04,1046.84,1393.88,0.0,15181.6,40860.6,2374.5,6627.902,3135.987,70608.947,3196362:13;3196386:259;3196387:258;3196388:260;3196389:257
111328.4142,1788877629.6038,6,347.04,1049.43,1396.46,53.4,15183.6,40858.7,2374.5,6629.286,3136.043,70608.947,3196362:13;3196386:260;3196387:258;3196388:261;3196389:258
111328.5267,1788877629.7163,6,347.04,1048.79,1395.83,9.1,15183.6,40858.7,2374.5,6629.286,3136.045,70608.947,3196362:13;3196386:260;3196387:258;3196388:260;3196389:258
111328.6357,1788877629.8253,6,347.04,1049.61,1396.64,63.2,15184.3,40857.9,2374.5,6630.082,3136.075,70608.947,3196362:13;3196386:260;3196387:258;3196388:261;3196389:258
111328.7468,1788877629.9364,6,347.04,1050.98,1398.02,36.5,15184.5,40857.7,2374.5,6630.657,3136.094,70608.947,3196362:13;3196386:260;3196387:258;3196388:261;3196389:259
111328.8563,1788877630.0459,6,347.04,1050.90,1397.94,18.0,15180.2,40862.0,2374.5,6630.903,3136.107,70608.947,3196362:13;3196386:260;3196387:258;3196388:261;3196389:259
111328.9677,1788877630.1573,6,347.04,1052.54,1399.58,118.7,15183.3,40858.9,2374.5,6631.985,3136.153,70608.947,3196362:13;3196386:260;3196387:258;3196388:261;3196389:260
111329.0781,1788877630.2676,6,347.04,1052.54,1399.58,9.1,15182.9,40859.3,2374.5,6631.985,3136.154,70608.947,3196362:13;3196386:260;3196387:258;3196388:261;3196389:260
111329.1870,1788877630.3766,6,347.04,1054.63,1401.67,91.8,15187.0,40855.2,2374.5,6632.771,3136.187,70608.947,3196362:13;3196386:261;3196387:258;3196388:261;3196389:262
111329.2960,1788877630.4856,6,347.04,1054.63,1401.67,0.0,15186.9,40855.4,2374.5,6632.771,3136.187,70608.947,3196362:13;3196386:261;3196387:258;3196388:261;3196389:262
111329.4046,1788877630.5941,6,347.04,1055.57,1402.61,27.5,15187.3,40854.9,2374.5,6633.132,3136.203,70608.947,3196362:13;3196386:261;3196387:258;3196388:262;3196389:262
111329.5143,1788877630.7038,6,347.04,1055.57,1402.61,0.0,15187.3,40854.9,2374.5,6633.132,3136.205,70608.947,3196362:13;3196386:261;3196387:258;3196388:262;3196389:262
111329.6238,1788877630.8133,6,347.04,1055.57,1402.61,0.0,15187.3,40854.9,2374.5,6633.132,3136.205,70608.947,3196362:13;3196386:261;3196387:258;3196388:262;3196389:262
111329.7347,1788877630.9243,6,347.04,1056.52,1403.56,45.0,15187.3,40854.9,2374.5,6633.545,3136.222,70608.947,3196362:13;3196386:261;3196387:258;3196388:262;3196389:262
111329.8454,1788877631.0349,6,347.04,1056.52,1403.56,9.2,15182.2,40860.0,2374.5,6633.647,3136.228,70608.947,3196362:13;3196386:261;3196387:258;3196388:262;3196389:262
111329.9542,1788877631.1437,6,347.04,1058.81,1405.85,45.5,15183.0,40859.2,2374.5,6634.438,3136.255,70608.947,3196362:13;3196386:261;3196387:258;3196388:263;3196389:263
111330.0641,1788877631.2536,6,347.04,1060.13,1407.17,82.3,15183.2,40859.0,2374.5,6635.170,3136.288,70608.947,3196362:13;3196386:261;3196387:258;3196388:264;3196389:263
111330.1734,1788877631.3630,6,347.04,1060.13,1407.17,0.0,15183.2,40859.0,2374.5,6635.222,3136.289,70608.947,3196362:13;3196386:261;3196387:258;3196388:264;3196389:263
111330.2841,1788877631.4736,6,347.04,1063.11,1410.15,73.0,15184.5,40857.7,2374.5,6636.468,3136.334,70608.947,3196362:13;3196386:262;3196387:259;3196388:265;3196389:264
111330.3940,1788877631.5835,6,347.04,1063.11,1410.15,0.0,15184.7,40857.5,2374.5,6636.468,3136.335,70608.947,3196362:13;3196386:262;3196387:259;3196388:265;3196389:264
111330.5040,1788877631.6935,6,347.04,1064.32,1411.36,100.1,15184.4,40857.9,2374.5,6637.381,3136.388,70608.947,3196362:13;3196386:262;3196387:259;3196388:265;3196389:265
111330.6140,1788877631.8035,6,347.04,1064.32,1411.36,0.0,15184.4,40857.9,2374.5,6637.381,3136.388,70608.947,3196362:13;3196386:262;3196387:259;3196388:265;3196389:265
111330.7248,1788877631.9143,6,347.04,1064.52,1411.56,63.8,15185.6,40856.6,2374.5,6638.020,3136.414,70608.947,3196362:13;3196386:262;3196387:259;3196388:265;3196389:265
111330.8342,1788877632.0238,6,347.04,1064.52,1411.56,0.0,15182.8,40859.4,2374.5,6638.020,3136.414,70608.947,3196362:13;3196386:262;3196387:259;3196388:265;3196389:265
111330.9445,1788877632.1340,6,347.04,1064.52,1411.56,0.0,15182.7,40859.6,2374.5,6638.020,3136.416,70608.951,3196362:13;3196386:262;3196387:259;3196388:265;3196389:265
111331.0546,1788877632.2441,6,347.04,1066.46,1413.50,45.0,15183.9,40858.3,2374.5,6638.368,3136.436,70608.951,3196362:13;3196386:262;3196387:259;3196388:265;3196389:267
111331.1665,1788877632.3560,6,347.04,1066.71,1413.75,72.6,15184.3,40857.9,2374.5,6638.610,3136.451,70608.951,3196362:13;3196386:262;3196387:259;3196388:266;3196389:267
111331.2760,1788877632.4655,6,347.04,1070.71,1417.75,100.4,15186.1,40856.2,2374.5,6639.653,3136.490,70608.951,3196362:13;3196386:263;3196387:260;3196388:267;3196389:268
111331.3855,1788877632.5750,6,347.04,1072.70,1419.73,73.5,15188.0,40854.2,2374.5,6640.008,3136.507,70608.951,3196362:13;3196386:263;3196387:260;3196388:268;3196389:269
111331.4943,1788877632.6838,6,347.04,1076.43,1423.46,82.3,15194.2,40848.0,2374.5,6640.914,3136.543,70608.951,3196362:13;3196386:263;3196387:261;3196388:269;3196389:270
111331.6038,1788877632.7933,6,347.04,1076.29,1423.33,55.0,15195.9,40846.4,2374.5,6641.437,3136.571,70608.951,3196362:13;3196386:263;3196387:261;3196388:270;3196389:270
111331.7128,1788877632.9023,6,347.04,1078.05,1425.09,91.0,15199.9,40842.3,2374.5,6642.117,3136.603,70608.951,3196362:13;3196386:264;3196387:260;3196388:270;3196389:271
111331.8230,1788877633.0125,6,347.16,1080.67,1427.84,99.9,15201.7,40840.5,2374.5,6642.837,3136.639,70608.951,3196362:13;3196386:264;3196387:260;3196388:272;3196389:271
111331.9358,1788877633.1253,6,347.16,1080.70,1427.86,61.6,15202.9,40839.4,2374.5,6643.477,3136.672,70608.951,3196362:13;3196386:264;3196387:260;3196388:272;3196389:271
111332.0465,1788877633.2360,6,347.16,1083.99,1431.16,109.2,15210.2,40832.1,2374.5,6644.204,3136.703,70608.951,3196362:13;3196386:264;3196387:261;3196388:274;3196389:272
111332.1565,1788877633.3461,6,347.16,1085.90,1433.06,99.6,15213.9,40828.3,2374.5,6644.748,3136.733,70608.951,3196362:13;3196386:264;3196387:260;3196388:276;3196389:272
111332.2667,1788877633.4562,6,347.16,1087.13,1434.29,82.7,15215.1,40827.1,2374.5,6645.634,3136.764,70608.951,3196362:13;3196386:266;3196387:260;3196388:276;3196389:271
111332.3754,1788877633.5650,6,347.16,1087.47,1434.64,9.2,15215.3,40826.9,2374.5,6646.041,3136.778,70608.951,3196362:13;3196386:266;3196387:260;3196388:276;3196389:272
111332.4849,1788877633.6745,6,347.16,1090.37,1437.54,73.1,15216.3,40825.9,2374.5,6647.057,3136.821,70608.951,3196362:13;3196386:268;3196387:261;3196388:277;3196389:272
111332.5943,1788877633.7838,6,347.16,1092.30,1439.46,45.0,15217.1,40825.2,2374.5,6647.305,3136.833,70608.951,3196362:13;3196386:268;3196387:262;3196388:277;3196389:272
111332.7051,1788877633.8947,6,347.16,1093.94,1441.10,107.3,15218.9,40823.3,2374.5,6648.436,3136.882,70608.951,3196362:13;3196386:268;3196387:262;3196388:278;3196389:273
111332.8177,1788877634.0072,6,347.16,1093.94,1441.10,0.0,15218.9,40823.3,2374.5,6648.437,3136.883,70608.951,3196362:13;3196386:268;3196387:262;3196388:278;3196389:273
111332.9270,1788877634.1165,6,347.16,1096.73,1443.90,155.1,15221.9,40820.3,2374.5,6649.665,3136.935,70608.951,3196362:13;3196386:268;3196387:264;3196388:277;3196389:275
111333.0362,1788877634.2257,6,347.16,1096.73,1443.90,0.0,15221.9,40820.3,2374.5,6649.665,3136.935,70608.951,3196362:13;3196386:268;3196387:264;3196388:277;3196389:275
111333.1497,1788877634.3393,6,347.16,1099.33,1446.49,107.9,15225.3,40816.9,2374.5,6650.806,3136.984,70608.951,3196362:13;3196386:268;3196387:264;3196388:278;3196389:276
111333.2608,1788877634.4503,6,347.16,1099.33,1446.49,0.0,15225.3,40816.9,2374.5,6650.806,3136.984,70608.951,3196362:13;3196386:268;3196387:264;3196388:278;3196389:276
111333.3696,1788877634.5591,6,347.16,1103.72,1450.88,135.1,15228.3,40813.9,2374.5,6651.912,3137.034,70608.951,3196362:13;3196386:269;3196387:265;3196388:279;3196389:278
111333.4809,1788877634.6705,6,347.16,1103.72,1450.88,0.0,15228.3,40813.9,2374.5,6651.912,3137.035,70608.951,3196362:13;3196386:269;3196387:265;3196388:279;3196389:278
111333.5911,1788877634.7806,6,347.16,1103.74,1450.90,63.9,15231.2,40811.0,2374.5,6652.817,3137.066,70608.951,3196362:13;3196386:268;3196387:265;3196388:279;3196389:278
111333.7005,1788877634.8901,6,347.16,1103.74,1450.90,0.0,15231.2,40811.0,2374.5,6652.817,3137.066,70608.951,3196362:13;3196386:268;3196387:265;3196388:279;3196389:278
111333.8095,1788877634.9991,6,347.16,1109.70,1456.87,201.9,15236.2,40806.1,2374.5,6653.658,3137.108,70608.951,3196362:13;3196386:269;3196387:267;3196388:280;3196389:280
111333.9190,1788877635.1086,6,347.16,1109.70,1456.87,0.0,15235.8,40806.5,2374.5,6653.658,3137.108,70608.951,3196362:13;3196386:269;3196387:267;3196388:280;3196389:280
111334.0281,1788877635.2176,6,347.16,1113.30,1460.47,126.6,15239.5,40802.8,2374.5,6654.326,3137.134,70608.951,3196362:13;3196386:269;3196387:267;3196388:281;3196389:282
111334.1396,1788877635.3291,6,347.16,1113.30,1460.47,0.0,15239.5,40802.8,2374.5,6654.326,3137.135,70608.951,3196362:13;3196386:269;3196387:267;3196388:281;3196389:282
111334.2495,1788877635.4391,6,347.16,1114.78,1461.94,73.0,15245.1,40797.1,2374.5,6654.997,3137.159,70608.951,3196362:13;3196386:269;3196387:267;3196388:282;3196389:283
111334.3599,1788877635.5495,6,347.16,1115.41,1462.58,63.0,15246.6,40795.6,2374.5,6655.182,3137.170,70608.951,3196362:13;3196386:269;3196387:268;3196388:282;3196389:284
111334.4702,1788877635.6597,6,347.16,1115.56,1462.72,45.0,15247.7,40794.6,2374.5,6655.630,3137.185,70609.389,3196362:13;3196386:269;3196387:268;3196388:282;3196389:284
111334.5814,1788877635.7710,6,347.16,1115.56,1462.72,9.1,15247.8,40794.4,2374.5,6655.630,3137.185,70609.514,3196362:13;3196386:269;3196387:268;3196388:282;3196389:284
111334.6913,1788877635.8808,6,347.16,1115.25,1462.41,45.5,15247.8,40794.5,2374.5,6655.946,3137.198,70609.514,3196362:13;3196386:269;3196387:268;3196388:282;3196389:283
111334.8013,1788877635.9909,6,347.16,1115.25,1462.41,0.0,15247.0,40795.2,2374.5,6655.946,3137.199,70609.514,3196362:13;3196386:269;3196387:268;3196388:282;3196389:283
111334.9113,1788877636.1009,6,347.16,1117.17,1464.33,91.2,15250.6,40791.6,2374.5,6656.169,3137.208,70609.514,3196362:13;3196386:268;3196387:269;3196388:283;3196389:284
111335.0207,1788877636.2102,6,347.16,1116.92,1464.08,9.1,15250.9,40791.3,2374.5,6656.169,3137.212,70609.514,3196362:13;3196386:268;3196387:269;3196388:283;3196389:284
111335.1305,1788877636.3200,6,347.16,1116.92,1464.08,0.0,15250.9,40791.3,2374.5,6656.169,3137.212,70609.514,3196362:13;3196386:268;3196387:269;3196388:283;3196389:284
111335.2408,1788877636.4303,6,347.16,1116.92,1464.08,0.0,15250.9,40791.3,2374.5,6656.169,3137.213,70609.514,3196362:13;3196386:268;3196387:269;3196388:283;3196389:284
111335.3497,1788877636.5392,6,347.16,1119.13,1466.29,35.9,15250.7,40791.5,2374.5,6656.454,3137.232,70609.514,3196362:13;3196386:268;3196387:269;3196388:284;3196389:285
111335.4613,1788877636.6509,6,347.29,1120.33,1467.62,127.4,15251.4,40790.8,2374.5,6657.588,3137.282,70609.514,3196362:13;3196386:268;3196387:269;3196388:286;3196389:284
111335.5717,1788877636.7613,6,347.29,1120.33,1467.62,18.2,15251.7,40790.5,2374.5,6657.792,3137.288,70609.529,3196362:13;3196386:268;3196387:269;3196388:286;3196389:284
111335.6814,1788877636.8709,6,347.29,1120.68,1467.96,27.3,15251.9,40790.3,2374.5,6658.006,3137.299,70609.529,3196362:13;3196386:269;3196387:269;3196388:286;3196389:284
111335.7907,1788877636.9803,6,347.29,1120.68,1467.96,0.0,15251.9,40790.3,2374.5,6658.006,3137.299,70609.529,3196362:13;3196386:269;3196387:269;3196388:286;3196389:284
111335.9012,1788877637.0908,6,347.29,1124.38,1471.67,163.2,15254.8,40787.4,2374.5,6659.373,3137.356,70609.529,3196362:13;3196386:270;3196387:269;3196388:287;3196389:286
111336.0115,1788877637.2010,6,347.29,1124.38,1471.67,0.0,15254.8,40787.4,2374.5,6659.373,3137.357,70609.529,3196362:13;3196386:270;3196387:269;3196388:287;3196389:286
111336.1207,1788877637.3103,6,347.29,1125.78,1473.07,36.5,15256.0,40786.2,2374.5,6660.112,3137.387,70609.529,3196362:13;3196386:270;3196387:269;3196388:287;3196389:287
111336.2313,1788877637.4208,6,347.29,1126.27,1473.56,63.7,15256.0,40786.2,2374.5,6660.278,3137.395,70609.529,3196362:13;3196386:270;3196387:269;3196388:287;3196389:287
111336.3403,1788877637.5299,6,347.29,1129.49,1476.78,64.2,15258.2,40784.0,2374.5,6661.363,3137.437,70609.529,3196362:13;3196386:271;3196387:270;3196388:288;3196389:287
111336.4503,1788877637.6398,6,347.29,1129.64,1476.93,9.0,15258.2,40784.0,2374.5,6661.634,3137.447,70609.529,3196362:13;3196386:271;3196387:270;3196388:288;3196389:287
111336.5604,1788877637.7499,6,347.29,1130.78,1478.07,135.6,15261.0,40781.2,2374.5,6662.132,3137.468,70609.529,3196362:13;3196386:271;3196387:269;3196388:290;3196389:287
111336.6711,1788877637.8607,6,347.29,1132.32,1479.61,99.2,15265.4,40776.8,2374.5,6663.197,3137.511,70609.529,3196362:13;3196386:271;3196387:270;3196388:291;3196389:288
111336.7819,1788877637.9715,6,347.29,1133.00,1480.29,54.4,15265.4,40776.8,2374.5,6663.546,3137.528,70609.529,3196362:13;3196386:271;3196387:269;3196388:291;3196389:288
111336.8921,1788877638.0817,6,347.29,1135.21,1482.50,64.2,15274.6,40767.6,2374.5,6664.601,3137.565,70609.529,3196362:13;3196386:271;3196387:269;3196388:292;3196389:289
111337.0013,1788877638.1908,6,347.29,1137.69,1484.98,89.0,15277.6,40764.7,2374.5,6664.950,3137.580,70609.533,3196362:13;3196386:273;3196387:269;3196388:293;3196389:290
111337.1134,1788877638.3029,6,347.29,1138.17,1485.46,128.4,15280.5,40761.7,2374.5,6665.986,3137.626,70609.533,3196362:13;3196386:273;3196387:269;3196388:294;3196389:289
111337.2222,1788877638.4118,6,347.29,1140.39,1487.68,126.5,15280.5,40761.7,2374.5,6666.489,3137.650,70609.533,3196362:13;3196386:274;3196387:269;3196388:294;3196389:290
111337.3335,1788877638.5230,6,347.29,1141.05,1488.34,36.4,15280.8,40761.5,2374.5,6667.531,3137.688,70609.533,3196362:13;3196386:274;3196387:270;3196388:295;3196389:290
111337.4425,1788877638.6320,6,347.29,1140.96,1488.25,27.6,15280.1,40762.1,2374.5,6667.835,3137.700,70609.533,3196362:13;3196386:274;3196387:270;3196388:295;3196389:290
111337.5514,1788877638.7410,6,347.29,1143.41,1490.70,91.0,15283.6,40758.7,2374.5,6668.886,3137.746,70609.533,3196362:13;3196386:276;3196387:271;3196388:295;3196389:289
111337.6617,1788877638.8512,6,347.29,1145.50,1492.79,54.0,15283.6,40758.7,2374.5,6669.267,3137.763,70609.533,3196362:13;3196386:277;3196387:271;3196388:296;3196389:289
111337.7723,1788877638.9619,6,347.29,1146.36,1493.65,27.0,15284.5,40757.7,2374.5,6670.343,3137.799,70609.533,3196362:13;3196386:277;3196387:271;3196388:296;3196389:289
111337.8832,1788877639.0727,6,347.29,1147.16,1494.45,72.4,15295.9,40746.3,2374.5,6670.654,3137.816,70609.533,3196362:13;3196386:277;3196387:271;3196388:297;3196389:289
111337.9939,1788877639.1834,6,347.29,1149.66,1496.95,173.3,15300.4,40741.9,2374.5,6671.674,3137.856,70609.533,3196362:13;3196386:278;3196387:271;3196388:298;3196389:290
111338.1035,1788877639.2930,6,347.29,1152.92,1500.21,72.4,15306.0,40736.2,2374.5,6672.048,3137.870,70609.533,3196362:13;3196386:280;3196387:272;3196388:298;3196389:289
111338.2141,1788877639.4036,6,347.29,1154.81,1502.10,190.0,15308.7,40733.5,2374.5,6673.078,3137.919,70609.533,3196362:13;3196386:280;3196387:274;3196388:299;3196389:289
111338.3244,1788877639.5139,6,347.29,1156.10,1503.39,54.8,15308.3,40733.9,2374.5,6673.476,3137.937,70609.533,3196362:13;3196386:279;3196387:275;3196388:300;3196389:289
111338.4340,1788877639.6235,6,347.29,1157.04,1504.32,137.4,15312.0,40730.2,2374.5,6674.507,3137.984,70609.533,3196362:13;3196386:280;3196387:276;3196388:299;3196389:288
111338.5433,1788877639.7328,6,347.41,1159.23,1506.65,45.0,15311.9,40730.3,2374.5,6674.852,3137.998,70609.533,3196362:13;3196386:282;3196387:276;3196388:299;3196389:288
111338.6544,1788877639.8439,6,347.41,1160.36,1507.77,101.2,15311.4,40730.8,2374.5,6675.886,3138.039,70609.533,3196362:13;3196386:284;3196387:276;3196388:299;3196389:288
111338.7629,1788877639.9525,6,347.41,1161.26,1508.67,27.2,15312.6,40729.6,2374.5,6676.257,3138.059,70609.533,3196362:13;3196386:284;3196387:277;3196388:299;3196389:288
111338.8734,1788877640.0629,6,347.41,1162.13,1509.55,18.4,15311.5,40730.7,2374.5,6677.302,3138.093,70609.533,3196362:13;3196386:284;3196387:277;3196388:300;3196389:288
111338.9823,1788877640.1719,6,347.41,1167.25,1514.67,45.5,15316.9,40725.4,2374.5,6677.600,3138.106,70609.533,3196362:13;3196386:289;3196387:278;3196388:301;3196389:287
111339.0922,1788877640.2818,6,347.41,1165.72,1513.14,81.0,15318.2,40724.0,2374.5,6678.628,3138.140,70609.533,3196362:13;3196386:287;3196387:279;3196388:300;3196389:286
111339.2038,1788877640.3933,6,347.41,1168.33,1515.74,45.5,15320.7,40721.5,2374.5,6678.960,3138.152,70609.533,3196362:13;3196386:288;3196387:280;3196388:300;3196389:286
111339.3136,1788877640.5031,6,347.41,1168.89,1516.31,135.3,15322.1,40720.2,2374.5,6679.974,3138.195,70609.533,3196362:13;3196386:288;3196387:281;3196388:300;3196389:286
111339.4243,1788877640.6138,6,347.41,1169.46,1516.87,18.0,15322.1,40720.2,2374.5,6680.644,3138.219,70609.533,3196362:13;3196386:288;3196387:282;3196388:300;3196389:286
111339.5354,1788877640.7250,6,347.41,1171.55,1518.96,110.0,15325.4,40716.8,2374.5,6681.665,3138.262,70609.533,3196362:13;3196386:288;3196387:284;3196388:300;3196389:286
111339.6442,1788877640.8337,6,347.41,1173.88,1521.29,63.7,15325.4,40716.8,2374.5,6682.125,3138.280,70609.533,3196362:13;3196386:288;3196387:287;3196388:300;3196389:286
111339.7541,1788877640.9437,6,347.41,1174.72,1522.14,45.1,15325.6,40716.6,2374.5,6683.130,3138.319,70609.533,3196362:13;3196386:288;3196387:287;3196388:300;3196389:286
111339.8650,1788877641.0545,6,347.41,1174.76,1522.17,18.3,15327.5,40714.7,2374.5,6683.501,3138.333,70609.533,3196362:13;3196386:288;3196387:287;3196388:300;3196389:286
111339.9741,1788877641.1637,6,347.41,1176.17,1523.58,99.1,15331.4,40710.9,2374.5,6684.512,3138.373,70609.533,3196362:13;3196386:289;3196387:290;3196388:298;3196389:287
111340.0853,1788877641.2749,6,347.41,1176.88,1524.29,36.7,15331.4,40710.9,2374.5,6684.934,3138.387,70609.533,3196362:13;3196386:289;3196387:290;3196388:298;3196389:287
111340.1944,1788877641.3839,6,347.41,1177.57,1524.99,72.5,15333.8,40708.4,2374.5,6685.935,3138.425,70609.533,3196362:13;3196386:289;3196387:290;3196388:299;3196389:286
111340.3045,1788877641.4941,6,347.41,1177.95,1525.36,36.4,15334.0,40708.2,2374.5,6686.348,3138.439,70609.533,3196362:13;3196386:289;3196387:290;3196388:299;3196389:286
111340.4147,1788877641.6042,6,347.41,1179.02,1526.44,27.0,15334.3,40707.9,2374.5,6687.370,3138.468,70609.533,3196362:13;3196386:289;3196387:291;3196388:299;3196389:286
111340.5256,1788877641.7152,6,347.41,1183.65,1531.07,36.4,15337.2,40705.0,2374.5,6687.714,3138.485,70609.533,3196362:13;3196386:289;3196387:296;3196388:299;3196389:286
111340.6356,1788877641.8252,6,347.41,1182.18,1529.60,99.1,15339.2,40703.0,2374.5,6688.708,3138.522,70609.533,3196362:13;3196386:289;3196387:294;3196388:300;3196389:286
111340.7470,1788877641.9365,6,347.41,1182.90,1530.31,63.9,15339.2,40703.0,2374.5,6689.125,3138.543,70609.533,3196362:13;3196386:290;3196387:294;3196388:299;3196389:286
111340.8560,1788877642.0456,6,347.41,1185.39,1532.81,82.1,15342.6,40699.6,2374.5,6690.091,3138.585,70609.533,3196362:13;3196386:290;3196387:296;3196388:300;3196389:286
111340.9659,1788877642.1555,6,347.41,1184.27,1531.68,45.0,15342.6,40699.6,2374.5,6690.384,3138.597,70609.533,3196362:13;3196386:290;3196387:295;3196388:299;3196389:286
111341.0767,1788877642.2662,6,347.41,1186.48,1533.90,155.8,15343.7,40698.6,2374.5,6691.224,3138.643,70609.533,3196362:13;3196386:290;3196387:297;3196388:299;3196389:287
111341.1858,1788877642.3753,6,347.41,1187.29,1534.70,45.5,15343.7,40698.6,2374.5,6691.463,3138.657,70609.533,3196362:13;3196386:291;3196387:298;3196388:299;3196389:287
111341.2959,1788877642.4855,6,347.41,1189.03,1536.44,126.3,15348.1,40694.1,2374.5,6692.467,3138.704,70609.533,3196362:13;3196386:291;3196387:299;3196388:300;3196389:287
111341.4065,1788877642.5961,6,347.41,1189.38,1536.79,45.5,15347.1,40695.1,2374.5,6692.878,3138.726,70609.533,3196362:13;3196386:291;3196387:299;3196388:300;3196389:287
111341.5168,1788877642.7063,6,347.41,1191.21,1538.62,71.9,15347.6,40694.6,2374.5,6693.426,3138.753,70609.533,3196362:13;3196386:290;3196387:300;3196388:300;3196389:288
111341.6280,1788877642.8176,6,347.41,1192.20,1539.61,45.5,15346.7,40695.5,2374.5,6693.796,3138.766,70609.533,3196362:13;3196386:290;3196387:300;3196388:300;3196389:288
111341.7380,1788877642.9275,6,347.41,1192.68,1540.09,72.1,15347.9,40694.3,2374.5,6694.524,3138.794,70609.533,3196362:13;3196386:290;3196387:301;3196388:301;3196389:288
111341.8488,1788877643.0383,6,347.41,1193.23,1540.65,53.7,15347.5,40694.8,2374.5,6694.904,3138.809,70609.533,3196362:13;3196386:291;3196387:301;3196388:300;3196389:288
111341.9606,1788877643.1501,6,347.41,1197.08,1544.50,242.3,15348.9,40693.3,2374.5,6695.980,3138.864,70609.533,3196362:13;3196386:291;3196387:303;3196388:302;3196389:288
111342.0717,1788877643.2613,6,347.41,1196.92,1544.34,63.6,15350.6,40691.6,2374.5,6696.522,3138.885,70609.533,3196362:13;3196386:290;3196387:303;3196388:302;3196389:288
111342.1822,1788877643.3718,6,347.41,1197.99,1545.40,72.7,15344.0,40698.2,2374.5,6697.463,3138.926,70609.533,3196362:13;3196386:291;3196387:304;3196388:302;3196389:288
111342.2924,1788877643.4819,6,347.41,1199.66,1547.07,54.9,15344.5,40697.7,2374.5,6697.883,3138.947,70609.533,3196362:13;3196386:291;3196387:305;3196388:302;3196389:288
111342.4012,1788877643.5908,6,347.41,1203.01,1550.43,126.4,15348.7,40693.5,2374.5,6698.730,3138.991,70609.533,3196362:13;3196386:291;3196387:308;3196388:302;3196389:289
111342.5124,1788877643.7019,6,347.41,1204.46,1551.87,72.8,15349.9,40692.3,2374.5,6699.166,3139.014,70609.533,3196362:13;3196386:291;3196387:309;3196388:302;3196389:289
111342.6219,1788877643.8115,6,347.41,1207.64,1555.05,117.0,15350.2,40692.1,2374.5,6700.074,3139.055,70609.533,3196362:13;3196386:292;3196387:311;3196388:302;3196389:289
111342.7329,1788877643.9225,6,347.41,1208.71,1556.12,45.6,15350.4,40691.8,2374.5,6700.531,3139.071,70609.533,3196362:13;3196386:292;3196387:312;3196388:302;3196389:289
111342.8426,1788877644.0321,6,347.41,1210.36,1557.78,154.1,15351.1,40691.1,2374.5,6701.454,3139.120,70609.533,3196362:13;3196386:292;3196387:314;3196388:303;3196389:289
111342.9532,1788877644.1427,6,347.41,1211.45,1558.86,63.2,15351.6,40690.6,2374.5,6701.900,3139.148,70609.533,3196362:13;3196386:292;3196387:314;3196388:303;3196389:289
111343.0638,1788877644.2533,6,347.41,1214.82,1562.23,143.9,15353.0,40689.2,2374.5,6702.686,3139.191,70609.533,3196362:13;3196386:292;3196387:318;3196388:303;3196389:289
111343.1751,1788877644.3647,6,347.41,1217.04,1564.46,81.7,15354.0,40688.2,2374.5,6703.200,3139.210,70609.549,3196362:13;3196386:292;3196387:319;3196388:304;3196389:289
111343.2851,1788877644.4746,6,347.41,1217.71,1565.13,144.0,15355.2,40687.0,2374.5,6704.064,3139.258,70609.549,3196362:13;3196386:292;3196387:321;3196388:302;3196389:289
111343.3963,1788877644.5859,6,347.41,1220.68,1568.10,72.7,15356.9,40685.3,2374.5,6704.543,3139.281,70609.549,3196362:13;3196386:292;3196387:323;3196388:302;3196389:290
111343.5063,1788877644.6958,6,347.41,1224.58,1572.00,201.7,15362.6,40679.6,2374.5,6705.385,3139.343,70609.549,3196362:13;3196386:292;3196387:326;3196388:303;3196389:290
111343.6153,1788877644.8049,6,347.41,1226.45,1573.86,81.8,15366.0,40676.2,2374.5,6706.089,3139.364,70609.549,3196362:13;3196386:292;3196387:327;3196388:303;3196389:290
111343.7255,1788877644.9150,6,347.41,1228.43,1575.84,245.1,15373.4,40668.8,2374.5,6706.928,3139.432,70609.549,3196362:13;3196386:292;3196387:330;3196388:303;3196389:290
111343.8356,1788877645.0251,6,347.41,1230.66,1578.07,100.5,15372.4,40669.8,2374.5,6707.603,3139.464,70609.549,3196362:13;3196386:293;3196387:331;3196388:303;3196389:291
111343.9451,1788877645.1346,6,347.41,1233.01,1580.42,142.9,15373.7,40668.5,2374.5,6708.416,3139.505,70609.549,3196362:13;3196386:292;3196387:332;3196388:304;3196389:291
111344.0568,1788877645.2464,6,347.41,1235.49,1582.91,63.7,15375.9,40666.3,2374.5,6708.867,3139.530,70609.549,3196362:13;3196386:292;3196387:334;3196388:305;3196389:292
111344.1666,1788877645.3562,6,347.41,1237.30,1584.71,137.7,15375.7,40666.6,2374.5,6709.651,3139.570,70609.561,3196362:13;3196386:292;3196387:335;3196388:304;3196389:292
111344.2756,1788877645.4651,6,347.41,1238.92,1586.33,137.1,15378.1,40664.1,2374.5,6710.166,3139.602,70609.561,3196362:13;3196386:293;3196387:337;3196388:304;3196389:292
111344.3853,1788877645.5748,6,347.41,1240.31,1587.73,137.4,15378.9,40663.4,2374.5,6711.047,3139.652,70609.561,3196362:13;3196386:292;3196387:338;3196388:305;3196389:292
111344.4942,1788877645.6837,6,347.41,1242.55,1589.96,63.7,15380.3,40661.9,2374.5,6711.499,3139.674,70609.561,3196362:13;3196386:293;3196387:340;3196388:305;3196389:292
111344.6041,1788877645.7937,6,347.41,1244.03,1591.45,152.9,15383.3,40658.9,2374.5,6712.402,3139.728,70609.561,3196362:13;3196386:293;3196387:341;3196388:305;3196389:293
111344.7155,1788877645.9050,6,347.41,1246.65,1594.07,72.9,15385.8,40656.5,2374.5,6712.943,3139.752,70609.561,3196362:13;3196386:293;3196387:343;3196388:305;3196389:293
111344.8253,1788877646.0149,6,347.41,1249.02,1596.43,142.8,15385.6,40656.6,2374.5,6713.815,3139.803,70609.561,3196362:13;3196386:294;3196387:344;3196388:305;3196389:293
111344.9372,1788877646.1268,6,347.41,1251.50,1598.91,72.8,15384.3,40658.0,2374.5,6714.292,3139.828,70609.561,3196362:13;3196386:294;3196387:346;3196388:305;3196389:293
111345.0470,1788877646.2366,6,347.41,1252.85,1600.27,109.0,15384.1,40658.2,2374.5,6715.146,3139.875,70609.561,3196362:13;3196386:294;3196387:347;3196388:306;3196389:293
111345.1574,1788877646.3469,6,347.41,1253.84,1601.25,18.0,15384.1,40658.2,2374.5,6715.712,3139.898,70609.561,3196362:13;3196386:294;3196387:348;3196388:306;3196389:293
111345.2689,1788877646.4584,6,347.41,1254.09,1601.50,9.1,15384.4,40657.9,2374.5,6716.549,3139.931,70609.561,3196362:13;3196386:295;3196387:348;3196388:305;3196389:293
111345.3782,1788877646.5677,6,347.41,1255.99,1603.41,91.9,15387.6,40654.7,2374.5,6716.981,3139.954,70609.561,3196362:13;3196386:295;3196387:349;3196388:305;3196389:293
111345.4879,1788877646.6775,6,347.41,1259.88,1607.29,127.2,15394.9,40647.3,2374.5,6717.731,3139.996,70609.561,3196362:13;3196386:295;3196387:353;3196388:306;3196389:292
111345.5977,1788877646.7872,6,347.41,1261.41,1608.82,109.2,15396.4,40645.9,2374.5,6718.285,3140.022,70609.561,3196362:13;3196386:295;3196387:355;3196388:306;3196389:292
111345.7072,1788877646.8968,6,347.41,1264.86,1612.27,208.4,15397.1,40645.2,2374.5,6719.127,3140.076,70609.561,3196362:13;3196386:296;3196387:356;3196388:307;3196389:292
111345.8177,1788877647.0072,6,347.41,1265.71,1613.12,91.5,15397.1,40645.1,2374.5,6719.659,3140.104,70609.561,3196362:13;3196386:296;3196387:357;3196388:307;3196389:293
111345.9270,1788877647.1165,6,347.41,1267.00,1614.41,55.0,15399.6,40642.7,2374.5,6720.522,3140.147,70609.561,3196362:13;3196386:296;3196387:357;3196388:307;3196389:293
111346.0360,1788877647.2256,6,347.41,1269.30,1616.71,45.8,15401.8,40640.5,2374.5,6720.983,3140.169,70609.561,3196362:13;3196386:297;3196387:359;3196388:307;3196389:293
111346.1452,1788877647.3348,6,347.41,1271.11,1618.52,110.2,15402.7,40639.5,2374.5,6721.875,3140.211,70609.561,3196362:13;3196386:297;3196387:360;3196388:308;3196389:293
111346.2541,1788877647.4436,6,347.41,1272.24,1619.66,118.3,15404.0,40638.2,2374.5,6722.378,3140.239,70609.561,3196362:13;3196386:297;3196387:361;3196388:308;3196389:293
111346.3642,1788877647.5537,6,347.41,1275.84,1623.25,164.9,15413.0,40629.2,2374.5,6723.270,3140.290,70609.561,3196362:13;3196386:297;3196387:363;3196388:308;3196389:295
111346.4733,1788877647.6629,6,347.41,1279.08,1626.50,91.4,15416.9,40625.3,2374.5,6723.830,3140.317,70609.561,3196362:13;3196386:297;3196387:366;3196388:308;3196389:295
111346.5825,1788877647.7721,6,347.41,1282.62,1630.04,101.1,15411.1,40631.2,2374.5,6724.733,3140.365,70609.561,3196362:13;3196386:297;3196387:368;3196388:309;3196389:295
111346.6914,1788877647.8809,6,347.41,1284.71,1632.12,99.9,15412.3,40629.9,2374.5,6725.159,3140.389,70609.561,3196362:13;3196386:297;3196387:370;3196388:309;3196389:295
111346.8021,1788877647.9916,6,347.41,1286.25,1633.67,153.0,15425.6,40616.6,2374.5,6726.044,3140.434,70609.561,3196362:13;3196386:298;3196387:371;3196388:308;3196389:296
111346.9129,1788877648.1025,6,347.41,1289.18,1636.60,126.4,15427.6,40614.6,2374.5,6726.575,3140.463,70609.561,3196362:13;3196386:298;3196387:372;3196388:309;3196389:297
111347.0234,1788877648.2129,6,347.41,1290.14,1637.55,82.5,15429.3,40612.9,2374.5,6727.505,3140.498,70609.561,3196362:13;3196386:298;3196387:372;3196388:309;3196389:297
111347.1326,1788877648.3221,6,347.41,1291.05,1638.47,55.1,15437.9,40604.3,2374.5,6728.009,3140.522,70609.561,3196362:13;3196386:298;3196387:373;3196388:309;3196389:298
111347.2417,1788877648.4312,6,347.41,1293.34,1640.76,174.2,15437.9,40604.3,2374.5,6728.950,3140.566,70609.561,3196362:13;3196386:299;3196387:374;3196388:309;3196389:297
111347.3508,1788877648.5403,6,347.41,1295.36,1642.77,82.4,15439.2,40603.1,2374.5,6729.444,3140.592,70609.561,3196362:13;3196386:300;3196387:375;3196388:309;3196389:298
111347.4602,1788877648.6497,6,347.41,1297.85,1645.26,188.9,15440.1,40602.1,2374.5,6730.408,3140.660,70609.561,3196362:13;3196386:300;3196387:376;3196388:310;3196389:299
111347.5715,1788877648.7610,6,347.41,1299.31,1646.73,45.9,15440.6,40601.6,2374.5,6731.111,3140.682,70609.561,3196362:13;3196386:300;3196387:377;3196388:310;3196389:300
111347.6804,1788877648.8699,6,347.41,1300.63,1648.04,91.4,15442.7,40599.5,2374.5,6731.984,3140.724,70609.561,3196362:13;3196386:301;3196387:377;3196388:310;3196389:299
111347.7903,1788877648.9798,6,347.54,1305.26,1652.80,108.4,15447.3,40594.9,2374.5,6732.469,3140.751,70609.561,3196362:13;3196386:301;3196387:379;3196388:311;3196389:301
111347.9006,1788877649.0901,6,347.54,1307.95,1655.49,128.6,15451.0,40591.3,2374.5,6733.377,3140.810,70609.561,3196362:13;3196386:302;3196387:381;3196388:311;3196389:301
111348.0094,1788877649.1990,6,347.54,1307.70,1655.24,36.7,15458.0,40584.3,2374.5,6733.800,3140.829,70609.561,3196362:13;3196386:302;3196387:382;3196388:309;3196389:302
111348.1184,1788877649.3080,6,347.54,1309.44,1656.98,163.8,15457.7,40584.6,2374.5,6734.758,3140.889,70609.561,3196362:13;3196386:302;3196387:382;3196388:309;3196389:303
111348.2286,1788877649.4181,6,347.54,1312.12,1659.66,91.0,15456.2,40586.0,2374.5,6735.172,3140.908,70609.561,3196362:13;3196386:302;3196387:383;3196388:309;3196389:305
111348.3384,1788877649.5279,6,347.54,1313.51,1661.05,91.0,15456.4,40585.8,2374.5,6736.109,3140.957,70609.561,3196362:13;3196386:302;3196387:384;3196388:309;3196389:305
111348.4483,1788877649.6379,6,347.54,1314.94,1662.48,54.6,15456.4,40585.8,2374.5,6736.529,3140.977,70609.561,3196362:13;3196386:303;3196387:384;3196388:309;3196389:306
111348.5583,1788877649.7478,6,347.54,1321.49,1669.03,180.5,15458.9,40583.4,2374.5,6737.482,3141.022,70609.561,3196362:13;3196386:303;3196387:385;3196388:312;3196389:308
111348.6687,1788877649.8583,6,347.54,1327.85,1675.39,63.6,15464.0,40578.2,2374.5,6737.912,3141.044,70609.561,3196362:13;3196386:304;3196387:390;3196388:312;3196389:309
111348.7791,1788877649.9687,6,347.54,1326.00,1673.54,110.3,15464.0,40578.2,2374.5,6738.861,3141.086,70609.561,3196362:13;3196386:304;3196387:387;3196388:312;3196389:309
111348.8878,1788877650.0773,6,347.54,1328.61,1676.15,90.7,15463.8,40578.4,2374.5,6739.281,3141.107,70609.561,3196362:13;3196386:305;3196387:388;3196388:313;3196389:310
111348.9983,1788877650.1878,6,347.54,1331.39,1678.93,136.3,15464.0,40578.3,2374.5,6740.261,3141.157,70609.561,3196362:13;3196386:305;3196387:389;3196388:313;3196389:312
111349.1086,1788877650.2981,6,347.54,1333.11,1680.65,72.8,15464.7,40577.5,2374.5,6740.664,3141.182,70609.561,3196362:13;3196386:305;3196387:390;3196388:313;3196389:312
111349.2189,1788877650.4085,6,347.54,1335.44,1682.98,127.7,15465.7,40576.5,2374.5,6741.646,3141.233,70609.561,3196362:13;3196386:305;3196387:391;3196388:313;3196389:313
111349.3280,1788877650.5176,6,347.54,1342.91,1690.45,82.0,15471.3,40570.9,2374.5,6742.038,3141.251,70609.561,3196362:13;3196386:305;3196387:391;3196388:319;3196389:314
111349.4374,1788877650.6270,6,347.54,1338.72,1686.26,137.4,15472.5,40569.8,2374.5,6743.015,3141.303,70609.561,3196362:13;3196386:306;3196387:390;3196388:316;3196389:315
111349.5466,1788877650.7361,6,347.54,1340.94,1688.48,138.0,15473.7,40568.5,2374.5,6743.975,3141.349,70609.561,3196362:13;3196386:305;3196387:391;3196388:316;3196389:315
111349.6553,1788877650.8448,6,347.54,1343.53,1691.07,108.9,15476.2,40566.0,2374.5,6744.988,3141.394,70609.561,3196362:13;3196386:307;3196387:391;3196388:316;3196389:316
111349.7658,1788877650.9553,6,347.54,1344.03,1691.57,73.1,15476.5,40565.7,2374.5,6745.389,3141.411,70609.561,3196362:13;3196386:307;3196387:391;3196388:315;3196389:317
111349.8750,1788877651.0646,6,347.54,1345.46,1693.00,91.2,15475.8,40566.4,2374.5,6746.379,3141.453,70609.561,3196362:13;3196386:308;3196387:392;3196388:316;3196389:317
111349.9849,1788877651.1745,6,347.54,1346.38,1693.92,62.9,15476.6,40565.7,2374.5,6746.812,3141.473,70609.561,3196362:13;3196386:308;3196387:392;3196388:316;3196389:317
111350.0961,1788877651.2857,6,347.54,1349.29,1696.83,146.1,15481.7,40560.5,2374.5,6747.761,3141.523,70609.561,3196362:13;3196386:308;3196387:393;3196388:317;3196389:317
111350.2055,1788877651.3950,6,347.54,1351.31,1698.85,81.7,15482.7,40559.5,2374.5,6748.171,3141.546,70609.561,3196362:13;3196386:309;3196387:394;3196388:318;3196389:318
111350.3160,1788877651.5055,6,347.54,1353.94,1701.48,119.4,15483.2,40559.0,2374.5,6749.147,3141.597,70609.561,3196362:13;3196386:309;3196387:395;3196388:319;3196389:318
111350.4246,1788877651.6142,6,347.54,1355.47,1703.01,36.4,15483.4,40558.8,2374.5,6749.588,3141.618,70609.561,3196362:13;3196386:309;3196387:396;3196388:319;3196389:318
111350.5347,1788877651.7243,6,347.54,1357.10,1704.64,227.9,15489.6,40552.6,2374.5,6750.592,3141.671,70609.561,3196362:13;3196386:310;3196387:394;3196388:321;3196389:318
111350.6444,1788877651.8340,6,347.54,1358.27,1705.80,64.4,15490.9,40551.4,2374.5,6750.946,3141.689,70609.561,3196362:13;3196386:311;3196387:394;3196388:321;3196389:318
111350.7533,1788877651.9428,6,347.54,1361.99,1709.53,137.3,15493.3,40548.9,2374.5,6751.934,3141.737,70609.561,3196362:13;3196386:312;3196387:395;3196388:323;3196389:318
111350.8626,1788877652.0521,6,347.54,1362.54,1710.08,18.3,15491.6,40550.6,2374.5,6752.225,3141.752,70609.561,3196362:13;3196386:312;3196387:396;3196388:323;3196389:318
111350.9719,1788877652.1615,6,347.54,1365.59,1713.13,162.3,15504.5,40537.7,2374.5,6753.134,3141.791,70609.561,3196362:13;3196386:313;3196387:397;3196388:324;3196389:318
111351.0829,1788877652.2724,6,347.54,1366.66,1714.20,45.3,15506.0,40536.2,2374.5,6753.481,3141.808,70609.561,3196362:13;3196386:313;3196387:398;3196388:324;3196389:318
111351.1935,1788877652.3830,6,347.54,1367.65,1715.19,109.3,15506.0,40536.2,2374.5,6754.482,3141.861,70609.561,3196362:13;3196386:313;3196387:398;3196388:324;3196389:319
111351.3028,1788877652.4924,6,347.54,1367.40,1714.94,72.8,15524.3,40517.9,2374.5,6754.833,3141.877,70609.561,3196362:13;3196386:314;3196387:397;3196388:325;3196389:319
111351.4137,1788877652.6032,6,347.54,1366.08,1713.62,71.7,15525.7,40516.5,2374.5,6756.072,3141.925,70609.561,3196362:13;3196386:314;3196387:395;3196388:325;3196389:319
111351.5240,1788877652.7136,6,347.54,1367.80,1715.34,98.5,15525.7,40516.5,2374.5,6757.387,3141.977,70609.561,3196362:13;3196386:314;3196387:396;3196388:326;3196389:319
111351.6361,1788877652.8256,6,347.54,1371.61,1719.15,133.5,15525.7,40516.5,2374.5,6758.331,3142.017,70609.561,3196362:13;3196386:316;3196387:398;3196388:326;3196389:319
111351.7487,1788877652.9382,6,347.54,1372.54,1720.07,54.4,15525.7,40516.5,2374.5,6758.848,3142.039,70609.561,3196362:13;3196386:316;3196387:398;3196388:326;3196389:320
111351.8592,1788877653.0487,6,347.54,1374.16,1721.70,63.7,15525.4,40516.8,2374.5,6759.828,3142.079,70609.561,3196362:13;3196386:315;3196387:398;3196388:326;3196389:321
111351.9683,1788877653.1579,6,347.54,1375.06,1722.60,45.5,15525.4,40516.8,2374.5,6760.278,3142.100,70609.561,3196362:13;3196386:316;3196387:399;3196388:326;3196389:321
111352.0784,1788877653.2680,6,347.54,1376.00,1723.54,72.7,15526.7,40515.5,2374.5,6761.268,3142.145,70609.561,3196362:13;3196386:316;3196387:399;3196388:326;3196389:321
111352.1888,1788877653.3783,6,347.54,1377.98,1725.52,73.0,15526.7,40515.5,2374.5,6761.775,3142.174,70609.561,3196362:13;3196386:316;3196387:400;3196388:326;3196389:323
111352.2980,1788877653.4875,6,347.54,1379.04,1726.57,210.5,15522.3,40520.0,2374.5,6762.757,3142.223,70609.561,3196362:13;3196386:316;3196387:398;3196388:328;3196389:324
111352.4073,1788877653.5968,6,347.54,1380.25,1727.79,90.7,15518.0,40524.2,2374.5,6763.712,3142.253,70609.561,3196362:13;3196386:316;3196387:399;3196388:328;3196389:324
111352.5174,1788877653.7070,6,347.54,1380.59,1728.13,91.8,15522.5,40519.8,2374.5,6764.707,3142.303,70609.561,3196362:13;3196386:316;3196387:399;3196388:328;3196389:324
111352.6264,1788877653.8160,6,347.54,1384.17,1731.71,54.8,15526.5,40515.7,2374.5,6765.328,3142.326,70609.561,3196362:13;3196386:316;3196387:397;3196388:328;3196389:329
111352.7360,1788877653.9256,6,347.54,1386.80,1734.34,155.3,15537.6,40504.6,2374.5,6766.648,3142.385,70609.561,3196362:13;3196386:317;3196387:403;3196388:327;3196389:326
111352.8453,1788877654.0349,6,347.54,1383.17,1730.71,159.8,15534.3,40507.9,2374.5,6768.084,3142.438,70609.561,3196362:13;3196386:318;3196387:398;3196388:328;3196389:327
111352.9579,1788877654.1474,6,347.54,1385.32,1732.86,54.2,15534.6,40507.7,2374.5,6769.008,3142.464,70609.561,3196362:13;3196386:318;3196387:399;3196388:328;3196389:327
111353.0688,1788877654.2584,6,347.54,1386.30,1733.84,100.9,15536.0,40506.2,2374.5,6769.757,3142.496,70609.561,3196362:13;3196386:319;3196387:399;3196388:328;3196389:327
111353.1776,1788877654.3671,6,347.54,1388.22,1735.76,90.2,15540.1,40502.1,2374.5,6770.743,3142.541,70609.561,3196362:13;3196386:319;3196387:400;3196388:328;3196389:328
111353.2885,1788877654.4780,6,347.54,1389.20,1736.74,27.4,15540.1,40502.1,2374.5,6771.140,3142.558,70609.561,3196362:13;3196386:320;3196387:401;3196388:328;3196389:328
111353.3981,1788877654.5876,6,347.54,1389.22,1736.76,72.4,15540.1,40502.1,2374.5,6772.079,3142.597,70609.561,3196362:13;3196386:320;3196387:401;3196388:328;3196389:327
111353.5085,1788877654.6980,6,347.54,1390.75,1738.29,36.5,15540.1,40502.1,2374.5,6772.541,3142.619,70609.561,3196362:13;3196386:320;3196387:401;3196388:329;3196389:328
111353.6178,1788877654.8074,6,347.54,1392.75,1740.29,72.7,15540.1,40502.1,2374.5,6773.455,3142.656,70609.561,3196362:13;3196386:320;3196387:402;3196388:329;3196389:328
111353.7282,1788877654.9178,6,347.54,1393.42,1740.96,36.0,15540.6,40501.6,2374.5,6773.850,3142.675,70609.561,3196362:13;3196386:320;3196387:402;3196388:330;3196389:329
111353.8388,1788877655.0284,6,347.54,1395.79,1743.32,73.3,15540.8,40501.4,2374.5,6774.718,3142.710,70609.561,3196362:13;3196386:320;3196387:404;3196388:330;3196389:329
111353.9480,1788877655.1375,6,347.54,1395.91,1743.45,36.1,15540.8,40501.4,2374.5,6775.251,3142.728,70609.561,3196362:13;3196386:320;3196387:404;3196388:330;3196389:329
111354.0588,1788877655.2483,6,347.54,1397.29,1744.82,81.6,15540.8,40501.4,2374.5,6776.237,3142.764,70609.561,3196362:13;3196386:320;3196387:405;3196388:330;3196389:329
111354.1691,1788877655.3586,6,347.54,1398.91,1746.45,63.3,15541.6,40500.7,2374.5,6776.697,3142.785,70609.561,3196362:13;3196386:321;3196387:405;3196388:330;3196389:329
111354.2798,1788877655.4694,6,347.54,1401.45,1748.99,108.5,15542.1,40500.2,2374.5,6777.629,3142.823,70609.561,3196362:13;3196386:321;3196387:406;3196388:331;3196389:330
111354.3905,1788877655.5801,6,347.54,1406.95,1754.49,73.0,15555.3,40486.9,2374.5,6778.151,3142.844,70609.561,3196362:13;3196386:326;3196387:406;3196388:331;3196389:330
111354.4998,1788877655.6894,6,347.54,1405.89,1753.43,100.4,15553.5,40488.7,2374.5,6779.105,3142.886,70609.561,3196362:13;3196386:323;3196387:407;3196388:332;3196389:331
111354.6097,1788877655.7993,6,347.54,1405.30,1752.84,45.4,15555.5,40486.7,2374.5,6779.573,3142.904,70609.561,3196362:13;3196386:323;3196387:407;3196388:331;3196389:331
111354.7198,1788877655.9093,6,347.54,1408.69,1756.23,82.6,15556.0,40486.2,2374.5,6780.512,3142.949,70609.561,3196362:13;3196386:323;3196387:408;3196388:333;3196389:332
111354.8289,1788877656.0185,6,347.54,1408.69,1756.23,0.0,15556.0,40486.2,2374.5,6780.512,3142.950,70609.561,3196362:13;3196386:323;3196387:408;3196388:333;3196389:332
111354.9377,1788877656.1273,6,347.54,1411.45,1758.99,182.0,15547.2,40495.1,2374.5,6781.561,3143.004,70609.561,3196362:13;3196386:324;3196387:409;3196388:333;3196389:332
111355.0475,1788877656.2370,6,347.54,1411.98,1759.52,27.3,15547.2,40495.1,2374.5,6782.009,3143.018,70609.561,3196362:13;3196386:324;3196387:409;3196388:333;3196389:332
111355.1571,1788877656.3466,6,347.54,1413.67,1761.21,155.1,15553.9,40488.3,2374.5,6783.032,3143.065,70609.561,3196362:13;3196386:323;3196387:410;3196388:335;3196389:333
111355.2670,1788877656.4565,6,347.54,1415.50,1763.04,72.4,15554.7,40487.5,2374.5,6783.550,3143.085,70609.561,3196362:13;3196386:323;3196387:410;3196388:335;3196389:333
111355.3771,1788877656.5667,6,347.54,1416.70,1764.23,91.6,15555.2,40487.1,2374.5,6784.507,3143.128,70609.572,3196362:13;3196386:324;3196387:410;3196388:336;3196389:333
111355.4866,1788877656.6761,6,347.54,1416.95,1764.48,27.0,15555.7,40486.6,2374.5,6784.963,3143.149,70609.572,3196362:13;3196386:324;3196387:411;3196388:336;3196389:333
111355.5969,1788877656.7865,6,347.54,1416.97,1764.51,73.1,15555.9,40486.3,2374.5,6785.965,3143.189,70609.572,3196362:13;3196386:324;3196387:410;3196388:337;3196389:333
111355.7063,1788877656.8958,6,347.54,1417.81,1765.35,18.0,15555.9,40486.3,2374.5,6786.500,3143.213,70609.572,3196362:13;3196386:324;3196387:410;3196388:337;3196389:333
111355.8175,1788877657.0070,6,347.54,1420.08,1767.62,72.0,15555.9,40486.3,2374.5,6787.474,3143.256,70609.572,3196362:13;3196386:325;3196387:411;3196388:338;3196389:333
111355.9285,1788877657.1180,6,347.66,1421.96,1769.62,108.9,15562.1,40480.1,2374.5,6787.885,3143.277,70609.572,3196362:13;3196386:326;3196387:412;3196388:338;3196389:333
111356.0386,1788877657.2281,6,347.66,1422.79,1770.45,54.0,15562.0,40480.2,2374.5,6788.863,3143.320,70609.572,3196362:13;3196386:326;3196387:412;3196388:339;3196389:333
111356.1500,1788877657.3395,6,347.66,1424.51,1772.17,27.0,15562.0,40480.2,2374.5,6789.296,3143.340,70609.572,3196362:13;3196386:326;3196387:412;3196388:340;3196389:333
111356.2607,1788877657.4503,6,347.66,1427.18,1774.84,128.7,15562.8,40479.5,2374.5,6790.237,3143.381,70609.572,3196362:13;3196386:327;3196387:413;3196388:340;3196389:334
111356.3694,1788877657.5590,6,347.66,1427.85,1775.52,54.8,15562.8,40479.5,2374.5,6790.591,3143.400,70609.572,3196362:13;3196386:327;3196387:414;3196388:341;3196389:334
111356.4787,1788877657.6683,6,347.66,1429.82,1777.48,146.0,15564.7,40477.5,2374.5,6791.528,3143.448,70609.572,3196362:13;3196386:327;3196387:414;3196388:342;3196389:334
111356.5884,1788877657.7779,6,347.66,1431.84,1779.50,54.9,15566.7,40475.5,2374.5,6791.994,3143.467,70609.572,3196362:13;3196386:327;3196387:415;3196388:342;3196389:334
111356.6976,1788877657.8871,6,347.66,1434.54,1782.21,98.6,15566.9,40475.3,2374.5,6792.986,3143.512,70609.572,3196362:13;3196386:328;3196387:415;3196388:343;3196389:335
111356.8095,1788877657.9990,6,347.66,1437.00,1784.66,63.8,15566.9,40475.3,2374.5,6794.303,3143.558,70609.572,3196362:13;3196386:329;3196387:415;3196388:344;3196389:335
111356.9188,1788877658.1083,6,347.66,1439.97,1787.64,82.7,15575.7,40466.5,2374.5,6795.284,3143.596,70609.572,3196362:13;3196386:329;3196387:417;3196388:344;3196389:336
111357.0277,1788877658.2172,6,347.66,1440.25,1787.92,63.3,15581.4,40460.8,2374.5,6795.773,3143.617,70609.572,3196362:13;3196386:329;3196387:418;3196388:344;3196389:336
111357.1385,1788877658.3280,6,347.66,1442.39,1790.05,155.1,15585.9,40456.3,2374.5,6796.731,3143.662,70609.572,3196362:13;3196386:329;3196387:419;3196388:345;3196389:336
111357.2478,1788877658.4373,6,347.66,1443.26,1790.92,27.3,15585.2,40457.1,2374.5,6797.214,3143.681,70609.572,3196362:13;3196386:329;3196387:419;3196388:345;3196389:337
111357.3573,1788877658.5469,6,347.66,1444.01,1791.68,45.4,15585.2,40457.1,2374.5,6798.078,3143.716,70609.572,3196362:13;3196386:330;3196387:419;3196388:346;3196389:336
111357.4675,1788877658.6570,6,347.66,1443.77,1791.44,18.4,15585.4,40456.8,2374.5,6798.415,3143.732,70609.572,3196362:13;3196386:330;3196387:418;3196388:346;3196389:336
111357.5768,1788877658.7664,6,347.66,1445.28,1792.95,64.3,15585.7,40456.6,2374.5,6799.423,3143.771,70609.572,3196362:13;3196386:330;3196387:419;3196388:347;3196389:337
111357.6854,1788877658.8749,6,347.66,1445.87,1793.54,54.6,15585.7,40456.6,2374.5,6799.897,3143.794,70609.572,3196362:13;3196386:330;3196387:419;3196388:347;3196389:337
111357.7957,1788877658.9853,6,347.66,1447.80,1795.46,100.5,15585.6,40456.6,2374.5,6800.870,3143.839,70609.572,3196362:13;3196386:330;3196387:421;3196388:347;3196389:337
111357.9050,1788877659.0946,6,347.66,1449.34,1797.00,27.3,15582.6,40459.6,2374.5,6801.315,3143.856,70609.572,3196362:13;3196386:330;3196387:421;3196388:348;3196389:337
111358.0151,1788877659.2047,6,347.66,1449.59,1797.25,82.0,15583.1,40459.1,2374.5,6802.344,3143.894,70609.572,3196362:13;3196386:330;3196387:421;3196388:348;3196389:337
111358.1247,1788877659.3143,6,347.66,1450.55,1798.21,27.4,15583.4,40458.9,2374.5,6802.727,3143.911,70609.572,3196362:13;3196386:330;3196387:421;3196388:348;3196389:338
111358.2343,1788877659.4238,6,347.66,1452.39,1800.05,125.2,15590.7,40451.5,2374.5,6803.715,3143.949,70609.572,3196362:13;3196386:330;3196387:422;3196388:349;3196389:338
111358.3461,1788877659.5357,6,347.66,1453.39,1801.05,63.9,15591.7,40450.5,2374.5,6804.173,3143.970,70609.572,3196362:13;3196386:331;3196387:422;3196388:349;3196389:338
111358.4553,1788877659.6448,6,347.66,1454.07,1801.73,81.3,15592.7,40449.6,2374.5,6805.192,3144.018,70609.572,3196362:13;3196386:331;3196387:422;3196388:350;3196389:338
111358.5661,1788877659.7556,6,347.66,1456.73,1804.39,45.6,15593.8,40448.4,2374.5,6805.657,3144.037,70609.572,3196362:13;3196386:331;3196387:424;3196388:351;3196389:338
111358.6753,1788877659.8648,6,347.66,1458.70,1806.36,132.5,15595.3,40446.9,2374.5,6806.623,3144.080,70609.572,3196362:13;3196386:333;3196387:424;3196388:351;3196389:338
111358.7887,1788877659.9782,6,347.66,1458.96,1806.62,9.1,15595.3,40446.9,2374.5,6807.203,3144.099,70609.572,3196362:13;3196386:332;3196387:424;3196388:351;3196389:338
111358.8980,1788877660.0875,6,347.66,1460.59,1808.25,55.1,15594.1,40448.1,2374.5,6808.197,3144.136,70609.572,3196362:13;3196386:333;3196387:425;3196388:352;3196389:338
111359.0074,1788877660.1969,6,347.66,1461.23,1808.90,45.9,15594.9,40447.3,2374.5,6808.585,3144.159,70609.572,3196362:13;3196386:333;3196387:425;3196388:352;3196389:338
111359.1163,1788877660.3058,6,348.16,1500.64,1848.80,217.5,15647.3,40394.9,2374.5,6809.564,3144.194,70609.572,3196362:13;3196386:334;3196387:464;3196388:352;3196389:338
111359.2270,1788877660.4165,6,348.54,1501.87,1850.41,117.8,15675.4,40366.8,2374.5,6809.965,3144.212,70609.572,3196362:13;3196386:334;3196387:465;3196388:352;3196389:338
111359.3370,1788877660.5265,6,348.66,1502.11,1850.77,146.8,15689.5,40352.8,2374.5,6810.963,3144.249,70609.572,3196362:13;3196386:334;3196387:465;3196388:352;3196389:338
111359.4461,1788877660.6357,6,348.66,1502.57,1851.23,44.1,15689.5,40352.8,2374.5,6811.478,3144.267,70609.572,3196362:13;3196386:335;3196387:465;3196388:352;3196389:338
111359.5593,1788877660.7488,6,348.66,1504.19,1852.86,55.0,15689.5,40352.8,2374.5,6812.542,3144.311,70609.572,3196362:13;3196386:335;3196387:465;3196388:352;3196389:338
111359.6687,1788877660.8582,6,348.66,1507.37,1856.03,54.0,15693.9,40348.3,2374.5,6812.940,3144.325,70609.572,3196362:13;3196386:335;3196387:468;3196388:353;3196389:339
111359.7816,1788877660.9712,6,348.66,1506.23,1854.89,17.8,15693.5,40348.7,2374.5,6813.857,3144.353,70609.572,3196362:13;3196386:335;3196387:466;3196388:353;3196389:339
111359.8923,1788877661.0818,6,348.66,1507.48,1856.15,73.0,15685.9,40356.3,2374.5,6814.392,3144.382,70609.572,3196362:13;3196386:335;3196387:467;3196388:352;3196389:339
111360.0014,1788877661.1910,6,348.79,1509.12,1857.91,54.4,15685.6,40356.6,2374.5,6815.302,3144.419,70609.572,3196362:13;3196386:336;3196387:468;3196388:353;3196389:339
111360.1122,1788877661.3017,6,348.79,1509.18,1857.96,27.3,15685.6,40356.6,2374.5,6816.096,3144.451,70609.572,3196362:13;3196386:336;3196387:468;3196388:353;3196389:339
111360.2220,1788877661.4115,6,348.79,1510.41,1859.20,54.8,15685.6,40356.6,2374.5,6817.041,3144.484,70609.572,3196362:13;3196386:336;3196387:468;3196388:354;3196389:339
111360.3306,1788877661.5201,6,348.79,1511.93,1860.71,46.0,15685.9,40356.4,2374.5,6817.551,3144.503,70609.572,3196362:13;3196386:336;3196387:469;3196388:355;3196389:339
111360.4397,1788877661.6292,6,348.79,1512.70,1861.49,89.9,15689.8,40352.4,2374.5,6818.519,3144.544,70609.572,3196362:13;3196386:336;3196387:469;3196388:355;3196389:339
111360.5506,1788877661.7402,6,348.79,1513.73,1862.52,36.0,15690.1,40352.2,2374.5,6818.966,3144.561,70609.572,3196362:13;3196386:336;3196387:469;3196388:356;3196389:340
111360.6618,1788877661.8514,6,348.79,1514.85,1863.64,18.0,15690.1,40352.2,2374.5,6819.888,3144.594,70609.572,3196362:13;3196386:336;3196387:469;3196388:357;3196389:340
111360.7725,1788877661.9620,6,348.79,1515.71,1864.50,36.7,15690.1,40352.2,2374.5,6820.333,3144.612,70609.572,3196362:13;3196386:336;3196387:469;3196388:357;3196389:340
111360.8816,1788877662.0711,6,348.79,1516.30,1865.09,36.7,15686.5,40355.7,2374.5,6821.278,3144.648,70609.572,3196362:13;3196386:336;3196387:469;3196388:357;3196389:341
111360.9909,1788877662.1804,6,348.79,1516.47,1865.26,45.5,15686.8,40355.4,2374.5,6821.780,3144.667,70609.572,3196362:13;3196386:336;3196387:469;3196388:357;3196389:340
111361.1008,1788877662.2903,6,348.79,1517.66,1866.45,81.3,15683.2,40359.0,2374.5,6822.728,3144.709,70609.572,3196362:13;3196386:336;3196387:469;3196388:358;3196389:341
111361.2113,1788877662.4009,6,348.79,1519.68,1868.47,44.5,15683.2,40359.0,2374.5,6823.319,3144.731,70609.572,3196362:13;3196386:336;3196387:469;3196388:360;3196389:341
111361.3236,1788877662.5132,6,348.79,1519.67,1868.46,54.2,15682.2,40360.0,2374.5,6824.108,3144.765,70609.572,3196362:13;3196386:336;3196387:469;3196388:360;3196389:341
111361.4346,1788877662.6241,6,348.79,1519.98,1868.77,71.6,15683.2,40359.0,2374.5,6824.807,3144.788,70609.572,3196362:13;3196386:337;3196387:469;3196388:360;3196389:340
111361.5463,1788877662.7358,6,348.79,1520.80,1869.59,27.6,15683.5,40358.8,2374.5,6825.694,3144.815,70609.572,3196362:13;3196386:337;3196387:469;3196388:360;3196389:341
111361.6551,1788877662.8447,6,348.79,1521.98,1870.77,27.1,15683.0,40359.2,2374.5,6826.147,3144.834,70609.572,3196362:13;3196386:338;3196387:469;3196388:361;3196389:341
111361.7658,1788877662.9554,6,348.79,1522.74,1871.53,54.7,15683.3,40359.0,2374.5,6827.037,3144.870,70609.572,3196362:13;3196386:338;3196387:469;3196388:361;3196389:341
111361.8753,1788877663.0648,6,348.79,1523.35,1872.14,54.2,15684.2,40358.0,2374.5,6827.595,3144.891,70609.572,3196362:13;3196386:338;3196387:470;3196388:362;3196389:341
111361.9864,1788877663.1760,6,348.79,1523.12,1871.91,54.8,15685.2,40357.0,2374.5,6828.466,3144.928,70609.572,3196362:13;3196386:338;3196387:469;3196388:362;3196389:341
111362.0956,1788877663.2851,6,348.79,1523.96,1872.75,9.2,15685.2,40357.1,2374.5,6828.986,3144.946,70609.572,3196362:13;3196386:338;3196387:469;3196388:362;3196389:342
111362.2044,1788877663.3940,6,348.79,1526.63,1875.42,91.2,15684.5,40357.7,2374.5,6829.899,3144.985,70609.572,3196362:13;3196386:338;3196387:472;3196388:363;3196389:341
111362.3145,1788877663.5040,6,348.79,1527.33,1876.12,27.4,15684.7,40357.5,2374.5,6830.478,3145.002,70609.572,3196362:13;3196386:338;3196387:472;3196388:364;3196389:341
111362.4237,1788877663.6133,6,348.91,1528.15,1877.07,54.6,15685.1,40357.1,2374.5,6831.380,3145.034,70609.572,3196362:13;3196386:338;3196387:473;3196388:363;3196389:340
111362.5339,1788877663.7234,6,348.91,1528.15,1877.07,27.5,15685.1,40357.1,2374.5,6831.816,3145.048,70609.572,3196362:13;3196386:338;3196387:473;3196388:363;3196389:340
111362.6431,1788877663.8327,6,348.91,1528.58,1877.50,45.8,15685.8,40356.4,2374.5,6832.593,3145.076,70609.572,3196362:13;3196386:339;3196387:473;3196388:364;3196389:340
111362.7524,1788877663.9420,6,348.91,1529.09,1878.00,18.2,15685.8,40356.4,2374.5,6833.097,3145.093,70609.572,3196362:13;3196386:339;3196387:473;3196388:364;3196389:340
111362.8618,1788877664.0513,6,348.91,1530.21,1879.12,54.0,15684.0,40358.3,2374.5,6833.999,3145.127,70609.572,3196362:13;3196386:339;3196387:474;3196388:364;3196389:341
111362.9731,1788877664.1626,6,348.91,1535.75,1884.67,36.4,15687.7,40354.6,2374.5,6834.549,3145.150,70609.572,3196362:13;3196386:339;3196387:474;3196388:369;3196389:341
111363.0826,1788877664.2721,6,348.91,1531.98,1880.90,81.9,15683.2,40359.1,2374.5,6835.482,3145.192,70609.572,3196362:13;3196386:339;3196387:476;3196388:365;3196389:339
111363.1928,1788877664.3823,6,348.91,1532.41,1881.32,18.2,15683.2,40359.1,2374.5,6835.954,3145.217,70609.572,3196362:13;3196386:339;3196387:476;3196388:365;3196389:339
111363.3023,1788877664.4919,6,348.91,1533.54,1882.45,36.8,15682.0,40360.2,2374.5,6836.864,3145.251,70609.572,3196362:13;3196386:339;3196387:476;3196388:365;3196389:340
111363.4110,1788877664.6005,6,348.91,1534.50,1883.41,18.4,15682.0,40360.2,2374.5,6837.266,3145.267,70609.572,3196362:13;3196386:340;3196387:476;3196388:365;3196389:340
111363.5196,1788877664.7091,6,348.91,1536.33,1885.24,54.2,15685.0,40357.2,2374.5,6838.222,3145.293,70609.572,3196362:13;3196386:341;3196387:476;3196388:366;3196389:340
111363.6301,1788877664.8197,6,348.91,1536.96,1885.88,55.0,15685.2,40357.0,2374.5,6838.694,3145.308,70609.572,3196362:13;3196386:341;3196387:477;3196388:366;3196389:340
111363.7395,1788877664.9291,6,348.91,1538.60,1887.51,90.3,15686.0,40356.3,2374.5,6839.637,3145.341,70609.572,3196362:13;3196386:341;3196387:477;3196388:367;3196389:340
111363.8500,1788877665.0396,6,348.91,1539.70,1888.61,36.6,15686.2,40356.0,2374.5,6840.414,3145.368,70609.572,3196362:13;3196386:341;3196387:477;3196388:367;3196389:341
111363.9595,1788877665.1491,6,349.04,1543.16,1892.20,183.8,15688.3,40353.9,2374.5,6841.234,3145.402,70609.572,3196362:13;3196386:342;3196387:479;3196388:369;3196389:340
111364.0683,1788877665.2579,6,349.04,1544.35,1893.39,45.5,15688.6,40353.6,2374.5,6841.782,3145.419,70609.572,3196362:13;3196386:341;3196387:480;3196388:370;3196389:340
111364.1787,1788877665.3683,6,349.16,1547.32,1896.49,208.4,15705.9,40336.3,2374.5,6842.687,3145.463,70609.572,3196362:13;3196386:341;3196387:484;3196388:370;3196389:339
111364.2886,1788877665.4781,6,349.16,1547.68,1896.84,36.4,15705.9,40336.3,2374.5,6843.240,3145.487,70609.572,3196362:13;3196386:341;3196387:484;3196388:370;3196389:339
111364.3985,1788877665.5881,6,349.16,1549.61,1898.78,72.0,15706.4,40335.8,2374.5,6844.265,3145.526,70609.572,3196362:13;3196386:342;3196387:484;3196388:372;3196389:340
111364.5094,1788877665.6989,6,349.16,1550.36,1899.52,27.4,15707.6,40334.6,2374.5,6844.674,3145.542,70609.576,3196362:13;3196386:342;3196387:484;3196388:372;3196389:340
111364.6190,1788877665.8085,6,349.16,1551.54,1900.70,91.9,15709.6,40332.6,2374.5,6845.605,3145.580,70609.576,3196362:13;3196386:342;3196387:484;3196388:372;3196389:340
111364.7277,1788877665.9172,6,349.16,1553.17,1902.34,44.9,15709.6,40332.6,2374.5,6846.109,3145.594,70609.576,3196362:13;3196386:343;3196387:484;3196388:373;3196389:340
111364.8392,1788877666.0287,6,349.16,1554.07,1903.23,137.4,15715.9,40326.3,2374.5,6847.012,3145.630,70609.576,3196362:13;3196386:342;3196387:486;3196388:373;3196389:340
111364.9501,1788877666.1397,6,349.16,1554.95,1904.11,17.9,15714.1,40328.1,2374.5,6847.419,3145.646,70609.576,3196362:13;3196386:343;3196387:486;3196388:374;3196389:340
111365.0606,1788877666.2501,6,349.16,1555.66,1904.83,45.6,15714.1,40328.1,2374.5,6848.349,3145.677,70609.576,3196362:13;3196386:343;3196387:486;3196388:375;3196389:340
111365.1696,1788877666.3592,6,349.16,1559.95,1909.11,64.0,15720.0,40322.2,2374.5,6848.774,3145.695,70609.576,3196362:13;3196386:343;3196387:489;3196388:375;3196389:340
111365.2790,1788877666.4686,6,349.29,1558.93,1908.22,55.2,15718.3,40323.9,2374.5,6849.741,3145.734,70609.576,3196362:13;3196386:343;3196387:488;3196388:376;3196389:339
111365.3881,1788877666.5777,6,349.29,1559.10,1908.39,27.0,15718.3,40323.9,2374.5,6850.291,3145.752,70609.576,3196362:13;3196386:343;3196387:487;3196388:376;3196389:339
111365.4987,1788877666.6883,6,349.29,1559.77,1909.05,27.3,15719.9,40322.4,2374.5,6851.228,3145.781,70609.576,3196362:13;3196386:343;3196387:488;3196388:376;3196389:339
111365.6087,1788877666.7982,6,349.29,1561.37,1910.66,36.3,15719.9,40322.4,2374.5,6851.581,3145.798,70609.592,3196362:13;3196386:343;3196387:488;3196388:377;3196389:340
111365.7191,1788877666.9086,6,349.29,1563.84,1913.12,135.7,15722.3,40320.0,2374.5,6852.530,3145.833,70609.592,3196362:13;3196386:344;3196387:489;3196388:378;3196389:340
111365.8293,1788877667.0189,6,349.29,1564.37,1913.66,27.3,15722.8,40319.5,2374.5,6853.686,3145.873,70609.592,3196362:13;3196386:344;3196387:488;3196388:378;3196389:341
111365.9391,1788877667.1286,6,349.29,1564.62,1913.91,72.8,15723.2,40319.0,2374.5,6854.640,3145.908,70609.592,3196362:13;3196386:343;3196387:489;3196388:378;3196389:341
111366.0490,1788877667.2385,6,349.29,1566.69,1915.98,36.3,15722.9,40319.3,2374.5,6855.138,3145.929,70609.592,3196362:13;3196386:344;3196387:489;3196388:379;3196389:341
111366.1591,1788877667.3486,6,349.29,1569.69,1918.98,153.0,15723.3,40318.9,2374.5,6856.040,3145.972,70609.592,3196362:13;3196386:343;3196387:492;3196388:380;3196389:341
111366.2705,1788877667.4600,6,349.29,1569.78,1919.07,45.5,15722.6,40319.6,2374.5,6856.606,3145.992,70609.592,3196362:13;3196386:343;3196387:492;3196388:381;3196389:341
111366.3798,1788877667.5693,6,349.29,1570.99,1920.28,64.4,15723.4,40318.9,2374.5,6857.580,3146.032,70609.592,3196362:13;3196386:344;3196387:492;3196388:381;3196389:341
111366.4885,1788877667.6780,6,349.29,1571.56,1920.85,27.3,15723.6,40318.6,2374.5,6858.031,3146.050,70609.592,3196362:13;3196386:344;3196387:492;3196388:382;3196389:341
111366.5989,1788877667.7884,6,349.29,1573.08,1922.37,54.3,15724.1,40318.1,2374.5,6858.883,3146.076,70609.592,3196362:13;3196386:344;3196387:492;3196388:383;3196389:341
111366.7093,1788877667.8988,6,349.41,1574.33,1923.75,45.4,15722.5,40319.7,2374.5,6859.226,3146.087,70609.592,3196362:13;3196386:344;3196387:493;3196388:383;3196389:341
111366.8192,1788877668.0088,6,349.91,1639.38,1989.29,322.8,15783.8,40258.5,2374.5,6860.169,3146.114,70609.592,3196362:13;3196386:344;3196387:548;3196388:393;3196389:341
111366.9307,1788877668.1202,6,350.16,1621.06,1971.23,208.4,15798.6,40243.6,2374.5,6860.586,3146.130,70609.592,3196362:13;3196386:344;3196387:535;3196388:388;3196389:341
111367.0411,1788877668.2307,6,350.16,1617.43,1967.59,36.8,15794.9,40247.4,2374.5,6861.506,3146.166,70609.592,3196362:13;3196386:344;3196387:531;3196388:387;3196389:342
111367.1497,1788877668.3392,6,350.16,1618.20,1968.36,63.8,15795.4,40246.9,2374.5,6862.330,3146.195,70609.592,3196362:13;3196386:345;3196387:531;3196388:388;3196389:342
111367.2595,1788877668.4490,6,350.16,1620.00,1970.16,36.1,15796.1,40246.1,2374.5,6863.274,3146.226,70609.592,3196362:13;3196386:346;3196387:531;3196388:388;3196389:342
111367.3705,1788877668.5600,6,350.16,1620.30,1970.46,27.0,15797.1,40245.1,2374.5,6863.800,3146.239,70609.592,3196362:13;3196386:346;3196387:531;3196388:388;3196389:342
111367.4819,1788877668.6714,6,350.16,1620.30,1970.47,36.0,15797.1,40245.1,2374.5,6864.666,3146.269,70609.592,3196362:13;3196386:346;3196387:531;3196388:388;3196389:342
111367.5932,1788877668.7827,6,350.29,1628.46,1978.75,36.4,15798.3,40243.9,2374.5,6865.144,3146.287,70609.592,3196362:13;3196386:347;3196387:539;3196388:388;3196389:341
111367.7027,1788877668.8922,6,350.29,1623.91,1974.20,100.8,15799.0,40243.2,2374.5,6866.048,3146.324,70609.592,3196362:13;3196386:347;3196387:534;3196388:388;3196389:341
111367.8117,1788877669.0013,6,350.29,1624.11,1974.40,55.2,15799.3,40243.0,2374.5,6866.592,3146.343,70609.592,3196362:13;3196386:347;3196387:534;3196388:388;3196389:341
111367.9206,1788877669.1101,6,350.41,1625.75,1976.17,45.9,15811.4,40230.8,2374.5,6867.535,3146.377,70609.592,3196362:13;3196386:346;3196387:534;3196388:391;3196389:341
111368.0300,1788877669.2196,6,350.41,1626.02,1976.43,18.2,15811.4,40230.8,2374.5,6867.959,3146.388,70609.592,3196362:13;3196386:346;3196387:534;3196388:391;3196389:342
111368.1394,1788877669.3289,6,350.41,1628.00,1978.42,90.2,15807.1,40235.1,2374.5,6868.882,3146.419,70609.592,3196362:13;3196386:347;3196387:534;3196388:393;3196389:342
111368.2503,1788877669.4398,6,350.41,1628.02,1978.44,9.2,15807.1,40235.1,2374.5,6869.561,3146.437,70609.592,3196362:13;3196386:347;3196387:534;3196388:393;3196389:341
111368.3590,1788877669.5485,6,350.41,1629.62,1980.04,73.1,15807.2,40235.0,2374.5,6870.481,3146.470,70609.592,3196362:13;3196386:348;3196387:534;3196388:393;3196389:341
111368.4686,1788877669.6582,6,350.54,1631.64,1982.18,45.5,15806.2,40236.1,2374.5,6870.937,3146.488,70609.592,3196362:13;3196386:348;3196387:536;3196388:393;3196389:342
111368.5781,1788877669.7676,6,350.54,1640.94,1991.48,109.3,15812.8,40229.5,2374.5,6872.203,3146.542,70609.592,3196362:13;3196386:349;3196387:536;3196388:401;3196389:342
111368.6878,1788877669.8774,6,350.54,1634.64,1985.18,36.2,15812.8,40229.5,2374.5,6873.226,3146.571,70609.592,3196362:13;3196386:347;3196387:536;3196388:397;3196389:342
111368.7987,1788877669.9882,6,350.54,1635.96,1986.50,36.5,15813.0,40229.2,2374.5,6874.074,3146.594,70609.592,3196362:13;3196386:346;3196387:536;3196388:398;3196389:342
111368.9080,1788877670.0976,6,350.66,1637.02,1987.68,45.9,15812.7,40229.5,2374.5,6874.576,3146.609,70609.592,3196362:13;3196386:347;3196387:536;3196388:397;3196389:343
111369.0168,1788877670.2064,6,350.66,1638.26,1988.92,82.8,15811.3,40230.9,2374.5,6875.539,3146.654,70609.592,3196362:13;3196386:347;3196387:536;3196388:398;3196389:344
111369.1256,1788877670.3151,6,350.79,1644.23,1995.02,54.0,15818.9,40223.4,2374.5,6875.938,3146.667,70609.592,3196362:13;3196386:348;3196387:543;3196388:398;3196389:343
111369.2367,1788877670.4262,6,350.79,1640.95,1991.74,82.1,15823.4,40218.9,2374.5,6876.884,3146.696,70609.592,3196362:13;3196386:345;3196387:538;3196388:401;3196389:343
111369.3462,1788877670.5357,6,350.79,1641.17,1991.96,36.5,15823.4,40218.9,2374.5,6877.432,3146.714,70609.592,3196362:13;3196386:345;3196387:538;3196388:401;3196389:343
111369.4560,1788877670.6456,6,350.79,1641.52,1992.31,27.1,15823.4,40218.9,2374.5,6878.446,3146.750,70609.592,3196362:13;3196386:346;3196387:539;3196388:401;3196389:343
111369.5662,1788877670.7557,6,350.79,1641.33,1992.12,0.0,15823.6,40218.6,2374.5,6878.818,3146.764,70609.592,3196362:13;3196386:345;3196387:539;3196388:401;3196389:343
111369.6756,1788877670.8651,6,350.79,1642.41,1993.20,82.5,15826.1,40216.2,2374.5,6879.809,3146.796,70609.592,3196362:13;3196386:345;3196387:538;3196388:401;3196389:344
111369.7847,1788877670.9742,6,350.79,1643.12,1993.91,45.1,15826.3,40215.9,2374.5,6880.181,3146.812,70609.592,3196362:13;3196386:345;3196387:538;3196388:402;3196389:345
111369.8954,1788877671.0849,6,350.79,1645.79,1996.57,82.6,15829.0,40213.2,2374.5,6881.209,3146.853,70609.592,3196362:13;3196386:346;3196387:538;3196388:406;3196389:342
111370.0043,1788877671.1938,6,350.79,1645.56,1996.35,0.0,15829.5,40212.7,2374.5,6881.761,3146.872,70609.592,3196362:13;3196386:346;3196387:538;3196388:406;3196389:342
111370.1145,1788877671.3040,6,350.79,1646.24,1997.03,63.3,15834.7,40207.5,2374.5,6882.790,3146.909,70609.592,3196362:13;3196386:346;3196387:539;3196388:406;3196389:342
111370.2249,1788877671.4144,6,350.79,1647.02,1997.81,18.2,15834.7,40207.5,2374.5,6883.207,3146.926,70609.592,3196362:13;3196386:347;3196387:539;3196388:406;3196389:343
111370.3354,1788877671.5249,6,350.79,1647.26,1998.05,91.4,15834.7,40207.5,2374.5,6884.228,3146.964,70609.592,3196362:13;3196386:346;3196387:539;3196388:406;3196389:344
111370.4448,1788877671.6343,6,350.79,1647.73,1998.52,18.4,15834.7,40207.5,2374.5,6884.704,3146.977,70609.592,3196362:13;3196386:346;3196387:539;3196388:406;3196389:344
111370.5538,1788877671.7433,6,350.91,1649.54,2000.45,63.0,15835.9,40206.3,2374.5,6885.706,3147.009,70609.592,3196362:13;3196386:346;3196387:539;3196388:407;3196389:344
111370.6649,1788877671.8545,6,350.91,1659.76,2010.68,63.3,15844.7,40197.5,2374.5,6886.034,3147.020,70609.592,3196362:13;3196386:346;3196387:539;3196388:418;3196389:343
111370.7755,1788877671.9651,6,350.91,1653.36,2004.27,73.3,15843.0,40199.2,2374.5,6886.956,3147.051,70609.592,3196362:13;3196386:347;3196387:539;3196388:411;3196389:343
111370.8845,1788877672.0741,6,350.91,1654.89,2005.81,36.5,15843.0,40199.2,2374.5,6887.419,3147.069,70609.592,3196362:13;3196386:349;3196387:539;3196388:411;3196389:343
111370.9939,1788877672.1835,6,351.04,1659.20,2010.24,156.4,15852.0,40190.2,2374.5,6888.454,3147.103,70609.592,3196362:13;3196386:349;3196387:540;3196388:414;3196389:342
111371.1029,1788877672.2924,6,351.04,1659.48,2010.52,18.4,15852.0,40190.2,2374.5,6888.777,3147.112,70609.592,3196362:13;3196386:350;3196387:540;3196388:414;3196389:342
111371.2119,1788877672.4014,6,351.04,1661.22,2012.26,137.6,15853.1,40189.1,2374.5,6889.708,3147.148,70609.592,3196362:13;3196386:348;3196387:540;3196388:417;3196389:343
111371.3209,1788877672.5104,6,351.04,1660.80,2011.84,36.2,15845.9,40196.4,2374.5,6890.110,3147.160,70609.592,3196362:13;3196386:348;3196387:540;3196388:417;3196389:342
111371.4311,1788877672.6206,6,351.04,1662.65,2013.69,64.4,15845.9,40196.4,2374.5,6891.121,3147.193,70609.592,3196362:13;3196386:349;3196387:540;3196388:417;3196389:343
111371.5399,1788877672.7294,6,351.15,1664.19,2015.34,36.4,15847.6,40194.6,2374.5,6891.412,3147.201,70609.592,3196362:13;3196386:349;3196387:540;3196388:417;3196389:344
111371.6500,1788877672.8395,6,351.15,1666.59,2017.74,137.8,15846.6,40195.6,2374.5,6892.339,3147.238,70609.592,3196362:13;3196386:350;3196387:541;3196388:419;3196389:344
111371.7587,1788877672.9483,6,351.15,1671.39,2022.54,45.4,15845.1,40197.1,2374.5,6892.627,3147.247,70609.592,3196362:13;3196386:350;3196387:541;3196388:422;3196389:345
111371.8689,1788877673.0584,6,351.15,1671.06,2022.21,127.5,15844.9,40197.3,2374.5,6893.692,3147.281,70609.592,3196362:13;3196386:349;3196387:541;3196388:425;3196389:343
111371.9786,1788877673.1681,6,351.15,1670.86,2022.01,27.6,15844.4,40197.8,2374.5,6894.038,3147.291,70609.592,3196362:13;3196386:349;3196387:541;3196388:425;3196389:343
111372.0876,1788877673.2771,6,351.15,1672.28,2023.43,63.0,15844.9,40197.3,2374.5,6895.022,3147.330,70609.592,3196362:13;3196386:350;3196387:541;3196388:425;3196389:344
111372.1991,1788877673.3887,6,351.15,1675.48,2026.64,36.4,15840.6,40201.6,2374.5,6895.257,3147.338,70609.592,3196362:13;3196386:350;3196387:541;3196388:428;3196389:344
111372.3084,1788877673.4980,6,351.15,1677.64,2028.79,164.8,15840.4,40201.8,2374.5,6896.348,3147.379,70609.592,3196362:13;3196386:348;3196387:541;3196388:432;3196389:344
111372.4177,1788877673.6072,6,351.40,1720.16,2071.57,300.0,15873.9,40168.3,2374.5,6897.132,3147.407,70609.592,3196362:13;3196386:346;3196387:556;3196388:455;3196389:350
111372.5315,1788877673.7210,6,352.03,1709.16,2061.19,343.7,15888.2,40154.1,2374.5,6898.078,3147.438,70609.592,3196362:13;3196386:347;3196387:552;3196388:446;3196389:351
111372.6415,1788877673.8311,6,352.03,1719.47,2071.50,79.9,15878.8,40163.4,2374.5,6898.405,3147.448,70609.592,3196362:13;3196386:347;3196387:552;3196388:447;3196389:360
111372.7549,1788877673.9444,6,352.03,1710.37,2062.39,117.3,15889.6,40152.6,2374.5,6899.348,3147.482,70609.592,3196362:13;3196386:346;3196387:550;3196388:445;3196389:356
111372.8651,1788877674.0546,6,352.03,1711.23,2063.26,18.1,15888.6,40153.6,2374.5,6899.728,3147.491,70609.592,3196362:13;3196386:347;3196387:550;3196388:445;3196389:356
111372.9758,1788877674.1653,6,352.03,1713.48,2065.51,45.8,15888.8,40153.4,2374.5,6900.712,3147.526,70609.592,3196362:13;3196386:348;3196387:550;3196388:445;3196389:357
111373.0850,1788877674.2745,6,352.03,1714.17,2066.20,45.6,15889.5,40152.7,2374.5,6901.084,3147.541,70609.592,3196362:13;3196386:348;3196387:550;3196388:446;3196389:357
111373.1945,1788877674.3841,6,352.03,1715.88,2067.91,45.9,15889.5,40152.7,2374.5,6902.018,3147.575,70609.592,3196362:13;3196386:349;3196387:550;3196388:446;3196389:358
111373.3032,1788877674.4928,6,352.03,1716.39,2068.42,27.3,15889.8,40152.5,2374.5,6902.344,3147.585,70609.592,3196362:13;3196386:349;3196387:550;3196388:446;3196389:358
111373.4136,1788877674.6031,6,352.03,1717.25,2069.28,36.1,15889.8,40152.5,2374.5,6903.330,3147.613,70609.592,3196362:13;3196386:350;3196387:550;3196388:445;3196389:358
111373.5244,1788877674.7140,6,352.03,1716.84,2068.87,53.8,15889.7,40152.5,2374.5,6903.687,3147.627,70609.592,3196362:13;3196386:351;3196387:550;3196388:445;3196389:358
111373.6363,1788877674.8258,6,352.03,1718.36,2070.38,91.5,15891.7,40150.6,2374.5,6904.681,3147.667,70609.592,3196362:13;3196386:352;3196387:549;3196388:446;3196389:359
111373.7450,1788877674.9345,6,352.03,1718.57,2070.59,36.5,15891.9,40150.3,2374.5,6905.117,3147.685,70609.592,3196362:13;3196386:352;3196387:549;3196388:446;3196389:359
111373.8543,1788877675.0438,6,352.03,1720.04,2072.07,27.0,15888.3,40153.9,2374.5,6906.116,3147.720,70609.592,3196362:13;3196386:352;3196387:549;3196388:446;3196389:360
111373.9655,1788877675.1550,6,352.15,1721.34,2073.50,72.8,15885.6,40156.6,2374.5,6906.432,3147.731,70609.592,3196362:13;3196386:353;3196387:549;3196388:446;3196389:361
111374.0750,1788877675.2646,6,352.15,1721.29,2073.45,36.7,15884.5,40157.7,2374.5,6907.331,3147.760,70609.592,3196362:13;3196386:353;3196387:549;3196388:446;3196389:360
111374.1840,1788877675.3736,6,352.15,1722.97,2075.12,36.4,15881.4,40160.8,2374.5,6907.759,3147.773,70609.592,3196362:13;3196386:353;3196387:549;3196388:447;3196389:361
111374.2940,1788877675.4836,6,352.15,1724.57,2076.72,36.0,15882.7,40159.5,2374.5,6908.792,3147.804,70609.592,3196362:13;3196386:355;3196387:549;3196388:447;3196389:361
111374.4049,1788877675.5944,6,352.15,1724.80,2076.95,36.1,15882.9,40159.3,2374.5,6909.119,3147.812,70609.592,3196362:13;3196386:355;3196387:549;3196388:446;3196389:361
111374.5159,1788877675.7054,6,352.15,1725.58,2077.73,63.1,15882.9,40159.3,2374.5,6910.088,3147.843,70609.592,3196362:13;3196386:356;3196387:549;3196388:447;3196389:361
111374.6264,1788877675.8159,6,352.15,1734.03,2086.18,54.8,15892.9,40149.3,2374.5,6910.469,3147.854,70609.592,3196362:13;3196386:356;3196387:549;3196388:447;3196389:369
111374.7358,1788877675.9253,6,352.15,1727.04,2079.20,55.1,15892.3,40149.9,2374.5,6911.457,3147.889,70609.592,3196362:13;3196386:354;3196387:549;3196388:447;3196389:364
111374.8451,1788877676.0347,6,352.28,1728.78,2081.06,45.2,15889.2,40153.0,2374.5,6911.829,3147.899,70609.592,3196362:13;3196386:354;3196387:549;3196388:448;3196389:364
111374.9555,1788877676.1451,6,352.28,1730.04,2082.32,45.8,15890.8,40151.4,2374.5,6912.724,3147.924,70609.592,3196362:13;3196386:354;3196387:549;3196388:448;3196389:365
111375.0646,1788877676.2541,6,352.28,1730.04,2082.32,9.0,15890.8,40151.4,2374.5,6913.053,3147.933,70609.592,3196362:13;3196386:354;3196387:549;3196388:448;3196389:365
111375.1757,1788877676.3652,6,352.28,1730.62,2082.90,18.1,15890.8,40151.4,2374.5,6914.046,3147.956,70609.592,3196362:13;3196386:355;3196387:549;3196388:448;3196389:365
111375.2860,1788877676.4755,6,352.28,1731.13,2083.41,18.3,15891.1,40151.1,2374.5,6914.436,3147.965,70609.592,3196362:13;3196386:355;3196387:549;3196388:448;3196389:365
111375.3958,1788877676.5854,6,352.28,1731.37,2083.65,54.4,15891.3,40150.9,2374.5,6915.251,3147.987,70609.592,3196362:13;3196386:356;3196387:549;3196388:448;3196389:365
111375.5057,1788877676.6952,6,352.28,1731.78,2084.05,9.1,15891.3,40150.9,2374.5,6915.503,3147.993,70609.592,3196362:13;3196386:356;3196387:549;3196388:448;3196389:365
111375.6161,1788877676.8056,6,352.28,1731.11,2083.38,27.3,15891.3,40150.9,2374.5,6916.493,3148.022,70609.592,3196362:13;3196386:355;3196387:549;3196388:448;3196389:365
111375.7257,1788877676.9153,6,352.28,1731.25,2083.53,9.0,15891.6,40150.6,2374.5,6916.790,3148.035,70609.592,3196362:13;3196386:356;3196387:549;3196388:448;3196389:365
111375.8367,1788877677.0263,6,352.39,1734.01,2086.39,100.9,15888.8,40153.4,2374.5,6917.780,3148.061,70609.592,3196362:13;3196386:357;3196387:550;3196388:449;3196389:365
111375.9457,1788877677.1352,6,352.39,1733.57,2085.95,27.6,15892.5,40149.7,2374.5,6918.080,3148.072,70609.592,3196362:13;3196386:357;3196387:550;3196388:448;3196389:365
111376.0549,1788877677.2444,6,352.39,1735.32,2087.71,63.1,15892.4,40149.8,2374.5,6919.102,3148.099,70609.592,3196362:13;3196386:356;3196387:550;3196388:448;3196389:368
111376.1660,1788877677.3555,6,352.39,1742.87,2095.26,45.0,15901.9,40140.3,2374.5,6919.406,3148.107,70609.592,3196362:13;3196386:356;3196387:549;3196388:448;3196389:377
111376.2772,1788877677.4667,6,352.39,1739.52,2091.91,99.9,15909.0,40133.2,2374.5,6920.363,3148.141,70609.592,3196362:13;3196386:357;3196387:549;3196388:448;3196389:373
111376.3873,1788877677.5769,6,352.39,1744.08,2096.47,63.9,15907.6,40134.7,2374.5,6920.976,3148.158,70609.592,3196362:13;3196386:357;3196387:549;3196388:451;3196389:374
111376.4971,1788877677.6867,6,352.39,1743.02,2095.41,72.1,15910.0,40132.2,2374.5,6921.924,3148.182,70609.592,3196362:13;3196386:357;3196387:549;3196388:449;3196389:374
111376.6076,1788877677.7971,6,352.39,1743.39,2095.77,9.2,15910.0,40132.2,2374.5,6922.270,3148.192,70609.592,3196362:13;3196386:358;3196387:549;3196388:449;3196389:374
111376.7163,1788877677.9058,6,352.39,1742.66,2095.05,119.1,15916.1,40126.2,2374.5,6923.110,3148.217,70609.592,3196362:13;3196386:353;3196387:548;3196388:449;3196389:378
111376.8255,1788877678.0151,6,352.39,1751.24,2103.62,36.4,15919.4,40122.8,2374.5,6923.452,3148.229,70609.592,3196362:13;3196386:354;3196387:548;3196388:449;3196389:386
111376.9356,1788877678.1251,6,352.39,1746.27,2098.66,127.9,15929.4,40112.8,2374.5,6924.272,3148.264,70609.592,3196362:13;3196386:348;3196387:548;3196388:452;3196389:385
111377.0453,1788877678.2349,6,352.39,1746.19,2098.57,36.2,15929.4,40112.8,2374.5,6924.480,3148.273,70609.592,3196362:13;3196386:348;3196387:548;3196388:452;3196389:385
111377.1554,1788877678.3449,6,352.39,1746.81,2099.20,55.1,15929.9,40112.3,2374.5,6925.422,3148.307,70609.592,3196362:13;3196386:348;3196387:548;3196388:452;3196389:385
111377.2641,1788877678.4537,6,352.39,1748.04,2100.43,27.1,15930.4,40111.8,2374.5,6925.743,3148.321,70609.592,3196362:13;3196386:349;3196387:548;3196388:452;3196389:386
111377.3750,1788877678.5645,6,352.39,1749.30,2101.69,82.5,15929.6,40112.6,2374.5,6926.657,3148.349,70609.592,3196362:13;3196386:350;3196387:548;3196388:452;3196389:386
111377.4838,1788877678.6734,6,352.39,1749.78,2102.16,18.3,15929.6,40112.6,2374.5,6926.854,3148.355,70609.592,3196362:13;3196386:350;3196387:548;3196388:452;3196389:386
111377.5937,1788877678.7832,6,352.39,1752.94,2105.33,171.2,15935.0,40107.2,2374.5,6927.718,3148.381,70609.592,3196362:13;3196386:348;3196387:548;3196388:452;3196389:391
111377.7044,1788877678.8939,6,352.39,1752.99,2105.38,27.3,15935.2,40107.0,2374.5,6928.177,3148.390,70609.592,3196362:13;3196386:348;3196387:548;3196388:452;3196389:391
111377.8143,1788877679.0038,6,352.39,1754.45,2106.84,36.5,15935.2,40107.0,2374.5,6929.104,3148.418,70609.592,3196362:13;3196386:350;3196387:548;3196388:452;3196389:391
111377.9239,1788877679.1135,6,352.39,1754.96,2107.35,36.0,15935.2,40107.0,2374.5,6929.407,3148.427,70609.592,3196362:13;3196386:350;3196387:548;3196388:452;3196389:391
111378.0347,1788877679.2243,6,352.39,1756.22,2108.61,73.5,15938.9,40103.3,2374.5,6930.295,3148.449,70609.592,3196362:13;3196386:349;3196387:548;3196388:451;3196389:394
111378.1436,1788877679.3331,6,352.39,1756.76,2109.14,9.1,15938.9,40103.3,2374.5,6930.613,3148.459,70609.592,3196362:13;3196386:350;3196387:548;3196388:451;3196389:394
111378.2538,1788877679.4434,6,352.39,1759.77,2112.16,82.0,15938.9,40103.3,2374.5,6931.590,3148.492,70609.592,3196362:13;3196386:353;3196387:548;3196388:451;3196389:394
111378.3632,1788877679.5527,6,352.39,1760.31,2112.70,73.5,15938.9,40103.3,2374.5,6931.976,3148.504,70609.592,3196362:13;3196386:353;3196387:548;3196388:451;3196389:394
111378.4720,1788877679.6615,6,352.39,1761.46,2113.84,82.7,15939.2,40103.0,2374.5,6932.910,3148.540,70609.592,3196362:13;3196386:354;3196387:548;3196388:451;3196389:394
111378.5808,1788877679.7703,6,352.39,1762.25,2114.63,27.3,15939.2,40103.0,2374.5,6933.291,3148.552,70609.592,3196362:13;3196386:355;3196387:548;3196388:451;3196389:394
111378.6911,1788877679.8807,6,352.51,1764.54,2117.05,109.6,15943.0,40099.2,2374.5,6934.251,3148.585,70609.592,3196362:13;3196386:354;3196387:548;3196388:451;3196389:398
111378.8007,1788877679.9902,6,352.51,1764.58,2117.09,18.0,15948.3,40093.9,2374.5,6934.538,3148.596,70609.592,3196362:13;3196386:354;3196387:548;3196388:451;3196389:398
111378.9116,1788877680.1012,6,352.51,1766.38,2118.89,36.6,15948.5,40093.7,2374.5,6935.554,3148.621,70609.592,3196362:13;3196386:356;3196387:548;3196388:451;3196389:398
111379.0207,1788877680.2102,6,352.51,1766.67,2119.18,27.5,15948.5,40093.7,2374.5,6935.882,3148.631,70609.592,3196362:13;3196386:356;3196387:548;3196388:451;3196389:398
111379.1300,1788877680.3195,6,352.51,1766.86,2119.37,36.0,15948.5,40093.7,2374.5,6936.963,3148.667,70609.592,3196362:13;3196386:357;3196387:548;3196388:451;3196389:398
111379.2412,1788877680.4307,6,352.51,1767.14,2119.65,0.0,15948.2,40094.0,2374.5,6937.207,3148.673,70609.592,3196362:13;3196386:357;3196387:548;3196388:451;3196389:398
111379.3498,1788877680.5394,6,352.51,1775.82,2128.33,91.6,15949.1,40093.1,2374.5,6938.271,3148.700,70609.592,3196362:13;3196386:359;3196387:548;3196388:451;3196389:405
111379.4591,1788877680.6486,6,352.51,1773.66,2126.17,27.2,15952.5,40089.7,2374.5,6938.574,3148.706,70609.592,3196362:13;3196386:357;3196387:547;3196388:451;3196389:405
111379.5694,1788877680.7590,6,352.51,1771.19,2123.70,101.2,15950.6,40091.7,2374.5,6939.572,3148.739,70609.592,3196362:13;3196386:353;3196387:547;3196388:451;3196389:407
111379.6783,1788877680.8678,6,352.51,1771.84,2124.35,36.5,15950.6,40091.7,2374.5,6939.775,3148.744,70609.592,3196362:13;3196386:354;3196387:547;3196388:451;3196389:407
111379.7880,1788877680.9775,6,352.64,1772.02,2124.66,125.2,15951.9,40090.3,2374.5,6940.591,3148.780,70609.592,3196362:13;3196386:352;3196387:546;3196388:451;3196389:409
111379.8998,1788877681.0894,6,352.64,1772.52,2125.15,27.2,15952.0,40090.2,2374.5,6941.057,3148.789,70609.592,3196362:13;3196386:353;3196387:546;3196388:451;3196389:409
111380.0102,1788877681.1997,6,352.64,1773.80,2126.44,100.4,15950.4,40091.9,2374.5,6942.069,3148.818,70609.592,3196362:13;3196386:352;3196387:546;3196388:451;3196389:411
111380.1193,1788877681.3089,6,352.64,1774.03,2126.67,9.2,15950.4,40091.9,2374.5,6942.263,3148.824,70609.592,3196362:13;3196386:352;3196387:546;3196388:451;3196389:411
111380.2284,1788877681.4179,6,352.64,1774.90,2127.54,18.4,15950.4,40091.9,2374.5,6943.083,3148.841,70609.592,3196362:13;3196386:353;3196387:546;3196388:451;3196389:411
111380.3371,1788877681.5266,6,352.64,1775.42,2128.05,17.8,15950.4,40091.9,2374.5,6943.349,3148.847,70609.592,3196362:13;3196386:354;3196387:546;3196388:451;3196389:411
111380.4493,1788877681.6388,6,352.64,1775.74,2128.38,80.2,15950.3,40091.9,2374.5,6944.288,3148.877,70609.592,3196362:13;3196386:354;3196387:546;3196388:451;3196389:411
111380.5611,1788877681.7507,6,352.64,1776.17,2128.81,27.2,15950.3,40091.9,2374.5,6944.827,3148.884,70609.592,3196362:13;3196386:354;3196387:546;3196388:451;3196389:411
111380.6714,1788877681.8610,6,352.64,1777.66,2130.30,106.7,15953.0,40089.2,2374.5,6945.751,3148.919,70609.592,3196362:13;3196386:351;3196387:546;3196388:454;3196389:414
111380.7839,1788877681.9735,6,352.64,1777.60,2130.23,18.2,15953.0,40089.2,2374.5,6946.023,3148.927,70609.592,3196362:13;3196386:351;3196387:546;3196388:454;3196389:414
111380.8937,1788877682.0832,6,352.64,1779.50,2132.13,45.0,15969.4,40072.9,2374.5,6947.014,3148.959,70609.592,3196362:13;3196386:353;3196387:546;3196388:454;3196389:414
111381.0048,1788877682.1943,6,352.64,1780.06,2132.70,36.5,15970.1,40072.1,2374.5,6947.352,3148.972,70609.592,3196362:13;3196386:353;3196387:546;3196388:454;3196389:414
111381.1146,1788877682.3041,6,352.64,1781.21,2133.85,54.2,15970.8,40071.4,2374.5,6948.172,3149.000,70609.592,3196362:13;3196386:354;3196387:546;3196388:454;3196389:414
111381.2256,1788877682.4152,6,352.64,1781.06,2133.70,18.0,15970.8,40071.4,2374.5,6948.623,3149.010,70609.592,3196362:13;3196386:354;3196387:546;3196388:454;3196389:414
111381.3364,1788877682.5259,6,352.64,1782.06,2134.70,27.5,15971.3,40070.9,2374.5,6949.601,3149.035,70609.592,3196362:13;3196386:355;3196387:546;3196388:454;3196389:414
111381.4452,1788877682.6348,6,352.64,1782.41,2135.05,9.1,15974.5,40067.7,2374.5,6949.919,3149.050,70609.592,3196362:13;3196386:356;3196387:546;3196388:454;3196389:414
111381.5550,1788877682.7445,6,352.64,1783.39,2136.02,91.3,15988.4,40053.8,2374.5,6950.719,3149.084,70609.607,3196362:13;3196386:356;3196387:546;3196388:454;3196389:414
111381.6644,1788877682.8539,6,352.64,1783.63,2136.27,18.1,15989.1,40053.1,2374.5,6951.061,3149.094,70609.607,3196362:13;3196386:357;3196387:546;3196388:454;3196389:414
111381.7749,1788877682.9644,6,352.64,1784.70,2137.33,80.7,15995.9,40046.3,2374.5,6951.801,3149.119,70609.607,3196362:13;3196386:355;3196387:545;3196388:454;3196389:417
111381.8862,1788877683.0757,6,352.64,1785.47,2138.11,27.4,15995.1,40047.1,2374.5,6952.057,3149.125,70609.607,3196362:13;3196386:356;3196387:545;3196388:454;3196389:417
111381.9956,1788877683.1851,6,352.64,1785.35,2137.99,82.5,15994.8,40047.4,2374.5,6953.003,3149.166,70609.607,3196362:13;3196386:356;3196387:545;3196388:454;3196389:417
111382.1046,1788877683.2942,6,352.64,1785.73,2138.36,9.2,15994.8,40047.4,2374.5,6953.337,3149.182,70609.607,3196362:13;3196386:356;3196387:545;3196388:454;3196389:417
111382.2141,1788877683.4037,6,352.64,1786.58,2139.21,18.2,15984.5,40057.7,2374.5,6954.377,3149.209,70609.607,3196362:13;3196386:357;3196387:545;3196388:454;3196389:417
111382.3238,1788877683.5134,6,352.64,1787.08,2139.71,18.2,15984.8,40057.5,2374.5,6954.692,3149.216,70609.607,3196362:13;3196386:358;3196387:545;3196388:454;3196389:417
111382.4341,1788877683.6237,6,352.64,1787.85,2140.48,36.0,15985.0,40057.2,2374.5,6955.518,3149.240,70609.607,3196362:13;3196386:359;3196387:545;3196388:454;3196389:417
111382.5453,1788877683.7348,6,352.64,1793.52,2146.16,45.2,15983.8,40058.4,2374.5,6955.890,3149.250,70609.607,3196362:13;3196386:359;3196387:545;3196388:454;3196389:422
111382.6559,1788877683.8454,6,352.76,1790.00,2142.76,174.5,15987.4,40054.9,2374.5,6956.676,3149.281,70609.607,3196362:13;3196386:355;3196387:545;3196388:453;3196389:424
111382.7647,1788877683.9543,6,352.76,1795.22,2147.98,27.3,15989.3,40053.0,2374.5,6956.996,3149.292,70609.607,3196362:13;3196386:355;3196387:545;3196388:453;3196389:429
111382.8749,1788877684.0645,6,352.76,1790.54,2143.30,72.7,15987.3,40054.9,2374.5,6957.999,3149.317,70609.607,3196362:13;3196386:353;3196387:544;3196388:453;3196389:427
111382.9849,1788877684.1745,6,352.76,1790.91,2143.67,18.0,15994.5,40047.8,2374.5,6958.368,3149.329,70609.607,3196362:13;3196386:354;3196387:544;3196388:453;3196389:427
111383.0963,1788877684.2858,6,352.76,1793.65,2146.41,109.4,16001.5,40040.7,2374.5,6959.319,3149.355,70609.607,3196362:13;3196386:350;3196387:544;3196388:453;3196389:433
111383.2055,1788877684.3951,6,352.76,1793.42,2146.18,0.0,16001.5,40040.7,2374.5,6959.701,3149.365,70609.607,3196362:13;3196386:350;3196387:544;3196388:453;3196389:433
111383.3146,1788877684.5042,6,352.76,1794.33,2147.09,45.6,16001.5,40040.7,2374.5,6960.608,3149.387,70609.607,3196362:13;3196386:351;3196387:544;3196388:453;3196389:433
111383.4246,1788877684.6141,6,352.76,1794.59,2147.35,9.0,16001.5,40040.7,2374.5,6960.900,3149.396,70609.607,3196362:13;3196386:351;3196387:544;3196388:453;3196389:433
111383.5350,1788877684.7245,6,352.76,1794.58,2147.34,128.0,15997.7,40044.5,2374.5,6961.672,3149.421,70609.607,3196362:13;3196386:347;3196387:543;3196388:452;3196389:439
111383.6441,1788877684.8337,6,352.76,1795.00,2147.76,17.9,15997.7,40044.5,2374.5,6962.072,3149.434,70609.607,3196362:13;3196386:348;3196387:543;3196388:452;3196389:439
111383.7557,1788877684.9453,6,352.76,1795.30,2148.07,27.2,15997.7,40044.5,2374.5,6963.011,3149.454,70609.607,3196362:13;3196386:348;3196387:543;3196388:452;3196389:439
111383.8662,1788877685.0558,6,352.76,1795.55,2148.32,9.1,15992.8,40049.4,2374.5,6963.343,3149.464,70609.607,3196362:13;3196386:348;3196387:543;3196388:452;3196389:439
111383.9768,1788877685.1664,6,352.76,1795.84,2148.61,35.7,15992.4,40049.8,2374.5,6964.186,3149.482,70609.607,3196362:13;3196386:349;3196387:543;3196388:452;3196389:439
111384.0879,1788877685.2774,6,352.76,1798.91,2151.67,36.1,15992.2,40050.0,2374.5,6964.538,3149.488,70609.615,3196362:13;3196386:349;3196387:543;3196388:452;3196389:442
111384.1983,1788877685.3878,6,352.89,1796.48,2149.36,99.9,15998.4,40043.8,2374.5,6965.412,3149.510,70609.615,3196362:13;3196386:347;3196387:541;3196388:452;3196389:443
111384.3090,1788877685.4986,6,352.89,1797.15,2150.04,45.5,15998.4,40043.8,2374.5,6965.868,3149.521,70609.615,3196362:13;3196386:348;3196387:541;3196388:452;3196389:443
111384.4190,1788877685.6086,6,352.89,1797.53,2150.41,9.1,15998.7,40043.6,2374.5,6966.807,3149.547,70609.615,3196362:13;3196386:348;3196387:541;3196388:452;3196389:443
111384.5284,1788877685.7180,6,352.89,1798.02,2150.91,36.4,16001.4,40040.9,2374.5,6967.136,3149.558,70609.615,3196362:13;3196386:346;3196387:541;3196388:455;3196389:443
111384.6384,1788877685.8279,6,352.89,1798.98,2151.87,36.2,16002.1,40040.1,2374.5,6968.059,3149.589,70609.615,3196362:13;3196386:346;3196387:541;3196388:455;3196389:443
111384.7492,1788877685.9388,6,352.89,1798.86,2151.74,17.9,16002.1,40040.1,2374.5,6968.620,3149.602,70609.615,3196362:13;3196386:346;3196387:541;3196388:455;3196389:443
111384.8606,1788877686.0501,6,352.89,1799.42,2152.31,18.1,16002.1,40040.1,2374.5,6969.506,3149.626,70609.615,3196362:13;3196386:347;3196387:541;3196388:455;3196389:443
111384.9709,1788877686.1605,6,352.89,1799.79,2152.67,18.4,16002.5,40039.7,2374.5,6970.030,3149.642,70609.615,3196362:13;3196386:347;3196387:541;3196388:455;3196389:443
111385.0797,1788877686.2693,6,352.89,1799.98,2152.87,18.2,16003.3,40039.0,2374.5,6970.770,3149.664,70609.615,3196362:13;3196386:347;3196387:541;3196388:455;3196389:443
111385.1902,1788877686.3797,6,352.89,1801.17,2154.06,27.4,15995.0,40047.2,2374.5,6971.151,3149.676,70609.615,3196362:13;3196386:347;3196387:543;3196388:455;3196389:443
111385.2994,1788877686.4889,6,352.89,1801.76,2154.65,27.0,15994.9,40047.4,2374.5,6972.096,3149.699,70609.615,3196362:13;3196386:347;3196387:543;3196388:455;3196389:443
111385.4106,1788877686.6001,6,352.89,1801.53,2154.41,9.1,15995.1,40047.1,2374.5,6972.330,3149.707,70609.615,3196362:13;3196386:347;3196387:543;3196388:455;3196389:443
111385.5208,1788877686.7103,6,352.89,1801.67,2154.55,64.1,15996.8,40045.5,2374.5,6973.156,3149.730,70609.615,3196362:13;3196386:346;3196387:543;3196388:454;3196389:446
111385.6297,1788877686.8192,6,352.89,1801.19,2154.07,27.3,15985.1,40057.1,2374.5,6973.576,3149.747,70609.615,3196362:13;3196386:345;3196387:543;3196388:454;3196389:446
111385.7395,1788877686.9291,6,353.01,1800.92,2153.93,91.7,15987.3,40054.9,2374.5,6974.343,3149.769,70609.615,3196362:13;3196386:345;3196387:543;3196388:454;3196389:446
111385.8488,1788877687.0383,6,353.01,1802.61,2155.62,54.8,15994.7,40047.5,2374.5,6974.763,3149.778,70609.615,3196362:13;3196386:343;3196387:543;3196388:457;3196389:446
111385.9583,1788877687.1479,6,353.01,1801.95,2154.96,18.4,15995.0,40047.2,2374.5,6975.381,3149.797,70609.623,3196362:13;3196386:342;3196387:543;3196388:457;3196389:446
111386.0675,1788877687.2570,6,353.01,1802.08,2155.09,0.0,15995.0,40047.2,2374.5,6975.724,3149.805,70609.623,3196362:13;3196386:343;3196387:543;3196388:457;3196389:446
111386.1770,1788877687.3666,6,353.01,1802.85,2155.86,9.2,15995.0,40047.2,2374.5,6976.645,3149.822,70609.623,3196362:13;3196386:343;3196387:543;3196388:457;3196389:446
111386.2860,1788877687.4756,6,353.01,1803.08,2156.09,18.4,15994.6,40047.6,2374.5,6976.942,3149.832,70609.623,3196362:13;3196386:344;3196387:543;3196388:457;3196389:446
111386.3949,1788877687.5844,6,353.14,1804.14,2157.28,64.2,15994.2,40048.1,2374.5,6977.668,3149.848,70609.623,3196362:13;3196386:345;3196387:543;3196388:457;3196389:446
111386.5042,1788877687.6937,6,353.14,1804.53,2157.66,9.0,15988.0,40054.3,2374.5,6978.186,3149.855,70609.623,3196362:13;3196386:345;3196387:543;3196388:457;3196389:446
111386.6156,1788877687.8051,6,353.14,1805.39,2158.53,54.4,15988.0,40054.3,2374.5,6979.157,3149.884,70609.623,3196362:13;3196386:346;3196387:543;3196388:457;3196389:446
111386.7251,1788877687.9147,6,353.14,1805.90,2159.04,9.1,15988.0,40054.3,2374.5,6979.598,3149.891,70609.623,3196362:13;3196386:346;3196387:543;3196388:457;3196389:446
111386.8351,1788877688.0246,6,353.14,1806.18,2159.32,9.2,15984.1,40058.1,2374.5,6980.530,3149.914,70609.623,3196362:13;3196386:347;3196387:543;3196388:457;3196389:446
111386.9438,1788877688.1334,6,353.14,1806.63,2159.77,18.4,15984.0,40058.2,2374.5,6980.848,3149.922,70609.627,3196362:13;3196386:347;3196387:543;3196388:457;3196389:446
111387.0528,1788877688.2423,6,353.14,1807.49,2160.62,71.5,15976.1,40066.1,2374.5,6981.771,3149.947,70609.627,3196362:13;3196386:347;3196387:543;3196388:457;3196389:447
111387.1646,1788877688.3541,6,353.14,1814.17,2167.31,36.0,15983.4,40058.9,2374.5,6982.104,3149.955,70609.627,3196362:13;3196386:347;3196387:550;3196388:457;3196389:447
111387.2756,1788877688.4652,6,353.14,1806.44,2159.58,45.1,15979.1,40063.1,2374.5,6982.578,3149.977,70609.627,3196362:13;3196386:345;3196387:544;3196388:456;3196389:447
111387.3865,1788877688.5760,6,353.14,1806.58,2159.71,36.5,15981.1,40061.1,2374.5,6982.836,3149.986,70609.627,3196362:13;3196386:345;3196387:544;3196388:456;3196389:447
111387.4961,1788877688.6856,6,353.14,1808.34,2161.48,45.7,15981.3,40060.9,2374.5,6983.612,3150.008,70609.627,3196362:13;3196386:347;3196387:544;3196388:456;3196389:447
111387.6055,1788877688.7950,6,353.14,1808.50,2161.63,9.2,15981.3,40060.9,2374.5,6983.806,3150.013,70609.627,3196362:13;3196386:347;3196387:544;3196388:456;3196389:447
111387.7144,1788877688.9039,6,353.14,1809.63,2162.77,54.8,15981.6,40060.7,2374.5,6984.601,3150.041,70609.627,3196362:13;3196386:348;3196387:544;3196388:456;3196389:447
111387.8239,1788877689.0134,6,353.14,1816.41,2169.55,45.1,15983.8,40058.4,2374.5,6984.961,3150.054,70609.627,3196362:13;3196386:349;3196387:551;3196388:456;3196389:447
111387.9348,1788877689.1243,6,353.14,1811.13,2164.27,36.3,15984.3,40057.9,2374.5,6985.907,3150.082,70609.627,3196362:13;3196386:348;3196387:546;3196388:456;3196389:447
111388.0450,1788877689.2346,6,353.14,1819.03,2172.16,27.1,15985.8,40056.5,2374.5,6986.205,3150.091,70609.627,3196362:13;3196386:349;3196387:553;3196388:456;3196389:447
111388.1559,1788877689.3455,6,353.14,1811.55,2164.69,109.0,15984.9,40057.3,2374.5,6986.947,3150.117,70609.627,3196362:13;3196386:347;3196387:548;3196388:456;3196389:447
111388.2658,1788877689.4553,6,353.14,1812.56,2165.70,18.2,15984.9,40057.3,2374.5,6987.253,3150.136,70609.627,3196362:13;3196386:348;3196387:548;3196388:456;3196389:447
111388.3755,1788877689.5650,6,353.14,1812.92,2166.06,54.8,15985.8,40056.4,2374.5,6988.248,3150.163,70609.627,3196362:13;3196386:348;3196387:548;3196388:456;3196389:447
111388.4848,1788877689.6743,6,353.14,1813.05,2166.18,0.0,15986.0,40056.3,2374.5,6988.775,3150.174,70609.627,3196362:13;3196386:349;3196387:548;3196388:456;3196389:447
111388.5968,1788877689.7863,6,353.14,1813.48,2166.61,27.2,15984.8,40057.4,2374.5,6989.683,3150.202,70609.627,3196362:13;3196386:349;3196387:548;3196388:456;3196389:447
111388.7069,1788877689.8964,6,353.26,1814.88,2168.14,36.3,15992.9,40049.4,2374.5,6989.911,3150.208,70609.627,3196362:13;3196386:349;3196387:550;3196388:456;3196389:447
111388.8172,1788877690.0067,6,353.26,1815.80,2169.07,18.1,15993.5,40048.7,2374.5,6990.811,3150.231,70609.627,3196362:13;3196386:349;3196387:550;3196388:456;3196389:447
111388.9278,1788877690.1174,6,353.26,1816.44,2169.70,0.0,15993.5,40048.7,2374.5,6991.153,3150.238,70609.627,3196362:13;3196386:350;3196387:550;3196388:456;3196389:447
111389.0369,1788877690.2264,6,353.26,1815.64,2168.90,55.0,15999.6,40042.7,2374.5,6992.101,3150.261,70609.627,3196362:13;3196386:348;3196387:550;3196388:458;3196389:446
111389.1462,1788877690.3357,6,353.26,1815.84,2169.11,27.2,15995.2,40047.0,2374.5,6992.493,3150.271,70609.627,3196362:13;3196386:348;3196387:550;3196388:458;3196389:446
111389.2565,1788877690.4460,6,353.26,1815.86,2169.12,45.2,15995.1,40047.1,2374.5,6993.344,3150.298,70609.627,3196362:13;3196386:348;3196387:550;3196388:458;3196389:446
111389.3669,1788877690.5565,6,353.26,1816.11,2169.37,27.3,15995.1,40047.1,2374.5,6993.634,3150.308,70609.627,3196362:13;3196386:348;3196387:550;3196388:458;3196389:446
111389.4769,1788877690.6665,6,353.26,1817.68,2170.94,36.1,15995.9,40046.4,2374.5,6994.598,3150.335,70609.627,3196362:13;3196386:350;3196387:550;3196388:458;3196389:446
111389.5872,1788877690.7767,6,353.26,1820.64,2173.91,54.7,15996.0,40046.2,2374.5,6994.991,3150.344,70609.627,3196362:13;3196386:350;3196387:553;3196388:458;3196389:446
111389.6966,1788877690.8862,6,353.26,1820.10,2173.36,82.4,15999.5,40042.8,2374.5,6995.916,3150.367,70609.627,3196362:13;3196386:348;3196387:552;3196388:458;3196389:449
111389.8058,1788877690.9954,6,353.26,1819.47,2172.73,9.1,16001.4,40040.8,2374.5,6996.307,3150.374,70609.627,3196362:13;3196386:347;3196387:552;3196388:458;3196389:449
111389.9156,1788877691.1051,6,353.26,1819.74,2173.00,36.6,16003.8,40038.4,2374.5,6997.188,3150.396,70609.627,3196362:13;3196386:347;3196387:552;3196388:458;3196389:449
111390.0249,1788877691.2145,6,353.26,1819.49,2172.75,9.1,16007.7,40034.5,2374.5,6997.600,3150.407,70609.627,3196362:13;3196386:347;3196387:552;3196388:458;3196389:449
111390.1345,1788877691.3241,6,353.26,1820.80,2174.06,18.1,16007.7,40034.5,2374.5,6998.599,3150.432,70609.627,3196362:13;3196386:348;3196387:552;3196388:458;3196389:449
111390.2456,1788877691.4352,6,353.26,1820.75,2174.01,18.1,16008.0,40034.2,2374.5,6999.002,3150.441,70609.627,3196362:13;3196386:348;3196387:552;3196388:458;3196389:449
111390.3557,1788877691.5452,6,353.26,1821.32,2174.59,54.5,16010.3,40031.9,2374.5,6999.778,3150.460,70609.627,3196362:13;3196386:348;3196387:553;3196388:457;3196389:449
111390.4662,1788877691.6558,6,353.26,1821.37,2174.63,36.4,16010.3,40031.9,2374.5,6999.999,3150.467,70609.627,3196362:13;3196386:348;3196387:553;3196388:457;3196389:449
111390.5759,1788877691.7654,6,353.26,1822.23,2175.49,72.8,16006.4,40035.8,2374.5,7000.593,3150.485,70609.627,3196362:13;3196386:347;3196387:555;3196388:457;3196389:449
111390.6858,1788877691.8753,6,353.26,1822.07,2175.33,26.8,16006.4,40035.8,2374.5,7000.902,3150.495,70609.627,3196362:13;3196386:347;3196387:555;3196388:457;3196389:449
111390.7979,1788877691.9874,6,353.26,1823.97,2177.23,36.6,16006.6,40035.6,2374.5,7001.825,3150.525,70609.627,3196362:13;3196386:349;3196387:555;3196388:457;3196389:449
111390.9070,1788877692.0966,6,353.26,1824.34,2177.60,9.1,16005.8,40036.4,2374.5,7002.210,3150.536,70609.627,3196362:13;3196386:349;3196387:555;3196388:457;3196389:449
111391.0164,1788877692.2059,6,353.26,1824.80,2178.06,63.2,16009.9,40032.3,2374.5,7003.068,3150.558,70609.627,3196362:13;3196386:348;3196387:555;3196388:459;3196389:449
111391.1274,1788877692.3170,6,353.26,1823.84,2177.10,27.2,16009.9,40032.3,2374.5,7003.369,3150.568,70609.627,3196362:13;3196386:347;3196387:555;3196388:459;3196389:449
111391.2374,1788877692.4269,6,353.26,1824.48,2177.75,45.0,16009.9,40032.3,2374.5,7004.281,3150.595,70609.627,3196362:13;3196386:348;3196387:555;3196388:459;3196389:449
111391.3486,1788877692.5382,6,353.26,1824.55,2177.81,27.3,16010.0,40032.2,2374.5,7004.683,3150.608,70609.627,3196362:13;3196386:348;3196387:555;3196388:459;3196389:449
111391.4588,1788877692.6483,6,353.26,1826.20,2179.46,36.7,16020.2,40022.0,2374.5,7005.475,3150.638,70609.627,3196362:13;3196386:346;3196387:555;3196388:459;3196389:452
111391.5678,1788877692.7574,6,353.26,1826.20,2179.46,0.0,16020.2,40022.1,2374.5,7005.851,3150.646,70609.639,3196362:13;3196386:346;3196387:555;3196388:459;3196389:452
111391.6780,1788877692.8675,6,353.26,1828.96,2182.22,44.5,16026.7,40015.5,2374.5,7006.608,3150.664,70609.639,3196362:13;3196386:347;3196387:557;3196388:459;3196389:452
111391.7904,1788877692.9799,6,353.26,1829.03,2182.29,18.2,16026.6,40015.6,2374.5,7006.973,3150.678,70609.639,3196362:13;3196386:347;3196387:557;3196388:459;3196389:452
111391.9000,1788877693.0896,6,353.26,1827.63,2180.89,99.8,16024.3,40017.9,2374.5,7007.774,3150.705,70609.639,3196362:13;3196386:345;3196387:558;3196388:458;3196389:452
111392.0107,1788877693.2002,6,353.26,1827.88,2181.14,9.1,16024.2,40018.1,2374.5,7008.082,3150.715,70609.643,3196362:13;3196386:345;3196387:558;3196388:458;3196389:452
111392.1200,1788877693.3095,6,353.26,1828.28,2181.54,18.3,16024.1,40018.1,2374.5,7008.393,3150.724,70609.643,3196362:13;3196386:346;3196387:558;3196388:458;3196389:452
111392.2290,1788877693.4185,6,353.26,1829.04,2182.30,36.2,16035.8,40006.4,2374.5,7008.735,3150.733,70609.643,3196362:13;3196386:345;3196387:560;3196388:458;3196389:452
111392.3394,1788877693.5289,6,353.26,1829.78,2183.04,82.0,16028.3,40013.9,2374.5,7009.596,3150.757,70609.643,3196362:13;3196386:345;3196387:560;3196388:458;3196389:452
111392.4493,1788877693.6388,6,353.26,1830.28,2183.54,0.0,16029.2,40013.0,2374.5,7010.018,3150.767,70609.643,3196362:13;3196386:346;3196387:560;3196388:458;3196389:452
111392.5589,1788877693.7485,6,353.26,1831.09,2184.35,44.9,16029.9,40012.3,2374.5,7010.804,3150.792,70609.643,3196362:13;3196386:346;3196387:560;3196388:458;3196389:452
111392.6705,1788877693.8600,6,353.26,1831.31,2184.57,26.8,16029.9,40012.3,2374.5,7011.303,3150.805,70609.643,3196362:13;3196386:347;3196387:560;3196388:458;3196389:452
111392.7823,1788877693.9718,6,353.26,1832.32,2185.59,36.6,16030.9,40011.4,2374.5,7012.182,3150.832,70609.643,3196362:13;3196386:348;3196387:560;3196388:458;3196389:452
111392.8913,1788877694.0808,6,353.26,1832.81,2186.07,18.0,16030.2,40012.0,2374.5,7012.611,3150.844,70609.643,3196362:13;3196386:348;3196387:560;3196388:458;3196389:452
111393.0030,1788877694.1925,6,353.26,1834.24,2187.50,18.3,16032.4,40009.8,2374.5,7013.458,3150.866,70609.643,3196362:13;3196386:350;3196387:560;3196388:458;3196389:452
111393.1119,1788877694.3014,6,353.26,1834.64,2187.90,0.0,16040.5,40001.7,2374.5,7013.883,3150.877,70609.643,3196362:13;3196386:350;3196387:560;3196388:458;3196389:452
111393.2239,1788877694.4135,6,353.26,1833.95,2187.21,82.6,16050.3,39991.9,2374.5,7014.773,3150.902,70609.643,3196362:13;3196386:348;3196387:560;3196388:461;3196389:452
111393.3328,1788877694.5224,6,353.26,1834.78,2188.04,45.2,16050.3,39991.9,2374.5,7015.131,3150.913,70609.643,3196362:13;3196386:348;3196387:560;3196388:461;3196389:452
111393.4439,1788877694.6334,6,353.26,1835.52,2188.78,136.9,16050.2,39992.0,2374.5,7015.722,3150.938,70609.643,3196362:13;3196386:348;3196387:562;3196388:460;3196389:452
111393.5534,1788877694.7429,6,353.26,1835.63,2188.89,54.1,16050.1,39992.2,2374.5,7016.165,3150.950,70609.643,3196362:13;3196386:348;3196387:562;3196388:460;3196389:452
111393.6639,1788877694.8535,6,353.26,1835.24,2188.50,45.1,16037.7,40004.5,2374.5,7017.077,3150.981,70609.643,3196362:13;3196386:348;3196387:562;3196388:460;3196389:452
111393.7748,1788877694.9643,6,353.26,1835.60,2188.86,18.0,16038.0,40004.3,2374.5,7017.727,3151.000,70609.643,3196362:13;3196386:348;3196387:562;3196388:460;3196389:452
111393.8859,1788877695.0755,6,353.39,1835.96,2189.35,55.0,16035.8,40006.4,2374.5,7018.616,3151.026,70609.643,3196362:13;3196386:348;3196387:561;3196388:460;3196389:454
111393.9948,1788877695.1843,6,353.39,1836.55,2189.94,9.2,16036.0,40006.2,2374.5,7019.067,3151.037,70609.643,3196362:13;3196386:348;3196387:561;3196388:460;3196389:454
111394.1035,1788877695.2930,6,353.39,1837.21,2190.60,45.3,16036.4,40005.9,2374.5,7019.965,3151.057,70609.643,3196362:13;3196386:349;3196387:561;3196388:460;3196389:454
111394.2142,1788877695.4037,6,353.39,1837.93,2191.32,27.1,16036.4,40005.9,2374.5,7020.386,3151.068,70609.643,3196362:13;3196386:350;3196387:561;3196388:460;3196389:454
111394.3247,1788877695.5142,6,353.39,1838.28,2191.66,63.5,16036.6,40005.6,2374.5,7021.189,3151.091,70609.643,3196362:13;3196386:350;3196387:561;3196388:460;3196389:454
111394.4348,1788877695.6244,6,353.39,1837.95,2191.33,27.3,16036.6,40005.6,2374.5,7021.596,3151.102,70609.643,3196362:13;3196386:350;3196387:561;3196388:460;3196389:454
111394.5446,1788877695.7341,6,353.39,1838.11,2191.50,18.4,16036.8,40005.4,2374.5,7022.385,3151.123,70609.643,3196362:13;3196386:350;3196387:561;3196388:460;3196389:454
111394.6533,1788877695.8429,6,353.39,1838.23,2191.61,18.4,16036.8,40005.5,2374.5,7022.785,3151.133,70609.643,3196362:13;3196386:350;3196387:561;3196388:460;3196389:454
111394.7620,1788877695.9516,6,353.51,1838.73,2192.24,128.3,16037.7,40004.5,2374.5,7023.684,3151.160,70609.643,3196362:13;3196386:348;3196387:562;3196388:463;3196389:453
111394.8714,1788877696.0609,6,353.51,1839.08,2192.59,27.4,16037.7,40004.5,2374.5,7024.081,3151.169,70609.643,3196362:13;3196386:348;3196387:562;3196388:463;3196389:453
111394.9811,1788877696.1706,6,353.51,1839.76,2193.27,27.1,16043.3,39999.0,2374.5,7025.025,3151.197,70609.643,3196362:13;3196386:349;3196387:562;3196388:463;3196389:453
111395.0913,1788877696.2809,6,353.51,1840.70,2194.21,36.2,15797.9,40244.3,2374.5,7025.446,3151.212,70609.643,3196362:13;3196386:350;3196387:562;3196388:463;3196389:453
111395.2020,1788877696.3916,6,353.51,1841.20,2194.71,9.0,15605.2,40437.1,2374.5,7026.348,3151.234,70609.643,3196362:13;3196386:351;3196387:562;3196388:463;3196389:453
111395.3131,1788877696.5026,6,353.51,1841.62,2195.13,9.2,15605.4,40436.8,2374.5,7026.758,3151.246,70609.643,3196362:13;3196386:351;3196387:562;3196388:463;3196389:453
111395.4219,1788877696.6114,6,353.51,1841.58,2195.09,64.1,15612.0,40430.3,2374.5,7027.615,3151.265,70609.643,3196362:13;3196386:350;3196387:561;3196388:463;3196389:454
111395.5310,1788877696.7206,6,353.51,1841.31,2194.82,18.3,15593.0,40449.2,2374.5,7028.112,3151.278,70609.646,3196362:13;3196386:350;3196387:561;3196388:463;3196389:454
111395.6407,1788877696.8303,6,353.64,1841.63,2195.27,109.1,15601.8,40440.4,2374.5,7028.972,3151.304,70609.646,3196362:13;3196386:348;3196387:560;3196388:465;3196389:456
111395.7508,1788877696.9403,6,353.64,1842.23,2195.87,27.4,15600.8,40441.5,2374.5,7029.298,3151.315,70609.646,3196362:13;3196386:348;3196387:560;3196388:465;3196389:456
111395.8614,1788877697.0510,6,353.64,1843.15,2196.79,36.1,15597.3,40444.9,2374.5,7030.179,3151.340,70609.646,3196362:13;3196386:349;3196387:560;3196388:465;3196389:456
111395.9710,1788877697.1606,6,353.64,1844.00,2197.64,36.7,15597.3,40444.9,2374.5,7030.570,3151.353,70609.646,3196362:13;3196386:350;3196387:560;3196388:465;3196389:456
111396.0800,1788877697.2696,6,353.76,1843.65,2197.41,72.5,15596.4,40445.8,2374.5,7031.437,3151.378,70609.646,3196362:13;3196386:350;3196387:560;3196388:465;3196389:456
111396.1908,1788877697.3803,6,353.76,1844.14,2197.90,17.9,15596.4,40445.8,2374.5,7031.924,3151.388,70609.646,3196362:13;3196386:350;3196387:560;3196388:465;3196389:456
111396.3019,1788877697.4914,6,353.76,1846.43,2200.19,101.2,15596.9,40445.4,2374.5,7032.772,3151.415,70609.646,3196362:13;3196386:350;3196387:561;3196388:465;3196389:458
111396.4105,1788877697.6000,6,353.76,1846.22,2199.98,18.4,15596.9,40445.4,2374.5,7033.239,3151.424,70609.646,3196362:13;3196386:349;3196387:561;3196388:465;3196389:458
111396.5192,1788877697.7087,6,353.76,1846.66,2200.42,18.4,15596.9,40445.4,2374.5,7034.181,3151.453,70609.646,3196362:13;3196386:350;3196387:561;3196388:465;3196389:458
111396.6279,1788877697.8175,6,353.76,1847.30,2201.06,9.0,15596.9,40445.4,2374.5,7034.530,3151.462,70609.646,3196362:13;3196386:350;3196387:561;3196388:465;3196389:458
111396.7385,1788877697.9280,6,353.76,1847.80,2201.56,64.2,15596.9,40445.4,2374.5,7035.397,3151.489,70609.646,3196362:13;3196386:351;3196387:561;3196388:465;3196389:458
111396.8475,1788877698.0371,6,353.76,1848.16,2201.93,27.2,15596.9,40445.4,2374.5,7035.774,3151.504,70609.646,3196362:13;3196386:351;3196387:561;3196388:465;3196389:458
111396.9580,1788877698.1475,6,353.76,1849.54,2203.30,45.9,15596.9,40445.4,2374.5,7036.737,3151.531,70609.646,3196362:13;3196386:353;3196387:561;3196388:465;3196389:458
111397.0668,1788877698.2564,6,353.76,1855.62,2209.38,36.1,15596.9,40445.4,2374.5,7037.098,3151.539,70609.646,3196362:13;3196386:353;3196387:561;3196388:465;3196389:463
111397.1777,1788877698.3673,6,353.76,1852.07,2205.83,119.0,15588.5,40453.7,2374.5,7038.080,3151.569,70609.646,3196362:13;3196386:351;3196387:562;3196388:464;3196389:461
111397.2872,1788877698.4767,6,353.76,1852.42,2206.18,18.3,15587.7,40454.5,2374.5,7038.427,3151.579,70609.646,3196362:13;3196386:351;3196387:562;3196388:464;3196389:461
111397.3963,1788877698.5858,6,353.76,1854.76,2208.52,64.2,15590.4,40451.8,2374.5,7039.417,3151.604,70609.646,3196362:13;3196386:352;3196387:562;3196388:464;3196389:462
111397.5053,1788877698.6948,6,353.76,1855.31,2209.07,9.1,15590.4,40451.8,2374.5,7039.786,3151.612,70609.646,3196362:13;3196386:353;3196387:562;3196388:464;3196389:462
111397.6156,1788877698.8052,6,353.76,1855.80,2209.56,27.6,15590.6,40451.6,2374.5,7040.704,3151.637,70609.646,3196362:13;3196386:353;3196387:562;3196388:464;3196389:462
111397.7244,1788877698.9139,6,353.76,1855.91,2209.68,9.0,15590.6,40451.6,2374.5,7041.040,3151.646,70609.646,3196362:13;3196386:354;3196387:562;3196388:464;3196389:462
111397.8362,1788877699.0257,6,353.76,1856.43,2210.20,26.0,15590.3,40451.9,2374.5,7041.808,3151.666,70609.646,3196362:13;3196386:354;3196387:562;3196388:464;3196389:462
111397.9521,1788877699.1416,6,353.76,1856.77,2210.53,27.3,15590.5,40451.7,2374.5,7042.250,3151.677,70609.646,3196362:13;3196386:354;3196387:562;3196388:464;3196389:462
111398.0616,1788877699.2511,6,353.76,1856.78,2210.54,18.2,15593.6,40448.7,2374.5,7043.178,3151.703,70609.646,3196362:13;3196386:354;3196387:562;3196388:464;3196389:462
111398.1718,1788877699.3614,6,353.76,1857.06,2210.82,36.8,15593.5,40448.7,2374.5,7043.566,3151.710,70609.662,3196362:13;3196386:355;3196387:562;3196388:464;3196389:462
111398.2807,1788877699.4702,6,353.76,1857.44,2211.20,36.6,15593.5,40448.7,2374.5,7044.408,3151.730,70609.662,3196362:13;3196386:355;3196387:562;3196388:464;3196389:462
111398.3901,1788877699.5796,6,353.76,1856.93,2210.69,27.0,15593.8,40448.5,2374.5,7044.856,3151.750,70609.662,3196362:13;3196386:355;3196387:562;3196388:464;3196389:462
111398.5008,1788877699.6903,6,353.76,1857.21,2210.97,0.0,15593.8,40448.5,2374.5,7045.751,3151.774,70609.662,3196362:13;3196386:355;3196387:562;3196388:464;3196389:462
111398.6097,1788877699.7993,6,353.76,1857.46,2211.22,18.4,15593.8,40448.5,2374.5,7046.084,3151.781,70609.662,3196362:13;3196386:355;3196387:562;3196388:464;3196389:462
111398.7187,1788877699.9083,6,353.76,1859.04,2212.80,63.0,15597.7,40444.5,2374.5,7046.920,3151.801,70609.662,3196362:13;3196386:353;3196387:562;3196388:468;3196389:462
111398.8297,1788877700.0192,6,353.76,1859.37,2213.13,27.5,15597.3,40445.0,2374.5,7047.489,3151.811,70609.662,3196362:13;3196386:354;3196387:562;3196388:468;3196389:462
111398.9386,1788877700.1281,6,353.76,1859.50,2213.26,9.1,15596.2,40446.0,2374.5,7048.463,3151.837,70609.662,3196362:13;3196386:354;3196387:562;3196388:468;3196389:462
111399.0488,1788877700.2384,6,353.76,1860.70,2214.46,8.8,15596.2,40446.0,2374.5,7048.848,3151.847,70609.662,3196362:13;3196386:355;3196387:562;3196388:468;3196389:462
111399.1626,1788877700.3522,6,353.76,1860.56,2214.32,109.5,15601.2,40441.0,2374.5,7049.722,3151.871,70609.662,3196362:13;3196386:353;3196387:562;3196388:471;3196389:462
111399.2724,1788877700.4619,6,353.76,1860.79,2214.55,27.2,15600.9,40441.3,2374.5,7050.169,3151.880,70609.662,3196362:13;3196386:353;3196387:562;3196388:471;3196389:462
111399.3826,1788877700.5722,6,353.76,1860.92,2214.68,27.5,15601.1,40441.1,2374.5,7051.030,3151.905,70609.662,3196362:13;3196386:353;3196387:562;3196388:471;3196389:462
111399.4915,1788877700.6810,6,353.76,1861.17,2214.93,0.0,15601.1,40441.2,2374.5,7051.407,3151.913,70609.662,3196362:13;3196386:353;3196387:562;3196388:471;3196389:462
111399.6008,1788877700.7904,6,353.76,1862.18,2215.95,55.2,15605.2,40437.0,2374.5,7052.248,3151.935,70609.662,3196362:13;3196386:353;3196387:562;3196388:471;3196389:464
111399.7097,1788877700.8992,6,353.76,1862.41,2216.18,9.1,15605.2,40437.0,2374.5,7052.596,3151.943,70609.662,3196362:13;3196386:353;3196387:562;3196388:471;3196389:464
111399.8198,1788877701.0093,6,353.76,1862.20,2215.96,100.0,15605.4,40436.8,2374.5,7053.309,3151.964,70609.662,3196362:13;3196386:350;3196387:560;3196388:473;3196389:466
111399.9294,1788877701.1190,6,353.76,1862.32,2216.08,45.3,15603.5,40438.7,2374.5,7053.805,3151.980,70609.662,3196362:13;3196386:350;3196387:560;3196388:473;3196389:466
111400.0397,1788877701.2293,6,353.76,1862.82,2216.58,18.3,15603.8,40438.4,2374.5,7054.776,3152.008,70609.662,3196362:13;3196386:351;3196387:560;3196388:473;3196389:466
111400.1488,1788877701.3384,6,353.76,1863.59,2217.35,9.1,15603.8,40438.4,2374.5,7055.102,3152.015,70609.662,3196362:13;3196386:352;3196387:560;3196388:473;3196389:466
111400.2593,1788877701.4488,6,353.76,1864.07,2217.84,64.0,15603.6,40438.7,2374.5,7055.826,3152.037,70609.662,3196362:13;3196386:352;3196387:560;3196388:473;3196389:466
111400.3686,1788877701.5582,6,353.76,1864.33,2218.09,27.0,15603.6,40438.7,2374.5,7056.255,3152.046,70609.662,3196362:13;3196386:352;3196387:560;3196388:473;3196389:466
111400.4795,1788877701.6690,6,353.76,1865.93,2219.70,63.5,15603.7,40438.5,2374.5,7057.230,3152.073,70609.662,3196362:13;3196386:353;3196387:560;3196388:473;3196389:467
111400.5894,1788877701.7789,6,353.76,1865.64,2219.40,82.5,15610.5,40431.8,2374.5,7058.504,3152.101,70609.662,3196362:13;3196386:351;3196387:559;3196388:475;3196389:467
111400.6984,1788877701.8880,6,353.76,1866.33,2220.09,27.4,15610.4,40431.8,2374.5,7059.341,3152.124,70609.662,3196362:13;3196386:351;3196387:559;3196388:475;3196389:467
111400.8083,1788877701.9978,6,353.76,1866.29,2220.05,27.0,15610.4,40431.8,2374.5,7059.697,3152.132,70609.662,3196362:13;3196386:351;3196387:559;3196388:475;3196389:467
111400.9193,1788877702.1088,6,353.76,1867.57,2221.34,136.9,15620.2,40422.0,2374.5,7060.620,3152.160,70609.662,3196362:13;3196386:349;3196387:558;3196388:478;3196389:469
111401.0286,1788877702.2181,6,353.76,1868.16,2221.92,17.8,15620.2,40422.0,2374.5,7060.987,3152.170,70609.662,3196362:13;3196386:349;3196387:559;3196388:478;3196389:469
111401.1409,1788877702.3304,6,353.76,1869.88,2223.64,109.9,15621.4,40420.9,2374.5,7061.860,3152.203,70609.662,3196362:13;3196386:349;3196387:559;3196388:478;3196389:471
111401.2497,1788877702.4392,6,353.89,1869.39,2223.28,36.7,15622.9,40419.3,2374.5,7062.298,3152.215,70609.662,3196362:13;3196386:348;3196387:558;3196388:478;3196389:472
111401.3588,1788877702.5483,6,354.01,1871.05,2225.07,91.4,15615.0,40427.2,2374.5,7063.255,3152.240,70609.662,3196362:13;3196386:346;3196387:558;3196388:478;3196389:475
111401.4684,1788877702.6579,6,354.01,1871.42,2225.43,9.1,15615.0,40427.2,2374.5,7063.591,3152.247,70609.662,3196362:13;3196386:347;3196387:558;3196388:478;3196389:475
111401.5790,1788877702.7686,6,354.01,1872.80,2226.82,72.7,15615.0,40427.2,2374.5,7064.248,3152.271,70609.662,3196362:13;3196386:348;3196387:558;3196388:478;3196389:475
111401.6890,1788877702.8785,6,354.01,1873.78,2227.79,36.1,15615.0,40427.2,2374.5,7064.585,3152.280,70609.662,3196362:13;3196386:349;3196387:558;3196388:478;3196389:475
111401.7994,1788877702.9889,6,354.01,1874.13,2228.14,45.4,15615.0,40427.2,2374.5,7065.492,3152.304,70609.662,3196362:13;3196386:349;3196387:558;3196388:478;3196389:475
111401.9099,1788877703.0994,6,354.01,1874.26,2228.27,9.1,15614.7,40427.5,2374.5,7065.860,3152.312,70609.662,3196362:13;3196386:349;3196387:558;3196388:478;3196389:475
111402.0193,1788877703.2088,6,354.01,1875.14,2229.15,27.1,15614.7,40427.5,2374.5,7066.783,3152.333,70609.662,3196362:13;3196386:350;3196387:558;3196388:478;3196389:475
111402.1299,1788877703.3194,6,354.01,1875.64,2229.66,27.4,15614.3,40427.9,2374.5,7067.875,3152.358,70609.662,3196362:13;3196386:351;3196387:558;3196388:478;3196389:475
111402.2389,1788877703.4284,6,354.01,1875.72,2229.73,18.0,15613.9,40428.3,2374.5,7068.820,3152.376,70609.662,3196362:13;3196386:351;3196387:558;3196388:478;3196389:475
111402.3497,1788877703.5393,6,354.01,1875.57,2229.58,18.4,15613.9,40428.3,2374.5,7069.155,3152.387,70609.662,3196362:13;3196386:351;3196387:558;3196388:478;3196389:475
111402.4585,1788877703.6480,6,354.01,1879.14,2233.16,137.6,15621.1,40421.1,2374.5,7070.121,3152.416,70609.662,3196362:13;3196386:349;3196387:558;3196388:481;3196389:477
111402.5675,1788877703.7570,6,354.01,1879.43,2233.44,9.2,15620.4,40421.8,2374.5,7070.530,3152.425,70609.662,3196362:13;3196386:349;3196387:558;3196388:481;3196389:477
111402.6763,1788877703.8658,6,354.01,1879.26,2233.27,9.0,15620.4,40421.8,2374.5,7071.492,3152.449,70609.662,3196362:13;3196386:349;3196387:558;3196388:481;3196389:477
111402.7873,1788877703.9768,6,354.14,1886.20,2240.34,36.1,15616.6,40425.6,2374.5,7071.850,3152.459,70609.662,3196362:13;3196386:351;3196387:558;3196388:487;3196389:477
111402.8981,1788877704.0876,6,354.14,1880.72,2234.86,82.2,15615.9,40426.3,2374.5,7072.760,3152.481,70609.662,3196362:13;3196386:348;3196387:558;3196388:484;3196389:477
111403.0072,1788877704.1968,6,354.14,1880.91,2235.05,36.3,15615.9,40426.3,2374.5,7073.052,3152.490,70609.662,3196362:13;3196386:349;3196387:558;3196388:484;3196389:477
111403.1174,1788877704.3069,6,354.14,1880.23,2234.36,82.7,15611.2,40431.0,2374.5,7073.769,3152.518,70609.686,3196362:13;3196386:348;3196387:559;3196388:484;3196389:477
111403.2263,1788877704.4158,6,354.14,1880.13,2234.27,9.1,15611.2,40431.1,2374.5,7074.131,3152.530,70609.686,3196362:13;3196386:347;3196387:559;3196388:484;3196389:477
111403.3362,1788877704.5257,6,354.14,1881.50,2235.64,45.5,15611.6,40430.7,2374.5,7075.100,3152.564,70609.686,3196362:13;3196386:349;3196387:559;3196388:484;3196389:477
111403.4460,1788877704.6355,6,354.26,1881.66,2235.93,36.4,15611.6,40430.7,2374.5,7075.390,3152.572,70609.686,3196362:13;3196386:349;3196387:559;3196388:484;3196389:477
111403.5561,1788877704.7457,6,354.26,1882.18,2236.44,27.5,15611.4,40430.8,2374.5,7076.379,3152.596,70609.686,3196362:13;3196386:349;3196387:559;3196388:484;3196389:477
111403.6650,1788877704.8545,6,354.26,1882.47,2236.73,9.1,15611.4,40430.8,2374.5,7076.797,3152.605,70609.686,3196362:13;3196386:350;3196387:559;3196388:484;3196389:477
111403.7763,1788877704.9659,6,354.26,1882.54,2236.80,27.2,15611.9,40430.3,2374.5,7077.629,3152.627,70609.686,3196362:13;3196386:350;3196387:559;3196388:484;3196389:477
111403.8856,1788877705.0752,6,354.26,1883.43,2237.69,36.6,15611.1,40431.1,2374.5,7078.697,3152.654,70609.686,3196362:13;3196386:351;3196387:559;3196388:484;3196389:477
111403.9946,1788877705.1842,6,354.26,1883.85,2238.11,55.0,15618.5,40423.7,2374.5,7079.532,3152.677,70609.686,3196362:13;3196386:350;3196387:558;3196388:486;3196389:477
111404.1041,1788877705.2937,6,354.26,1884.81,2239.07,18.0,15618.5,40423.7,2374.5,7079.732,3152.682,70609.686,3196362:13;3196386:350;3196387:558;3196388:486;3196389:477
111404.2146,1788877705.4042,6,354.39,1886.98,2241.37,192.5,15622.9,40419.3,2374.5,7080.276,3152.713,70609.686,3196362:13;3196386:348;3196387:558;3196388:486;3196389:482
111404.3238,1788877705.5133,6,354.39,1887.77,2242.16,36.7,15615.9,40426.4,2374.5,7080.629,3152.722,70609.686,3196362:13;3196386:349;3196387:558;3196388:486;3196389:482
111404.4328,1788877705.6223,6,354.39,1889.23,2243.62,153.0,15622.2,40420.0,2374.5,7081.486,3152.758,70609.686,3196362:13;3196386:349;3196387:556;3196388:486;3196389:485
111404.5442,1788877705.7338,6,354.39,1890.30,2244.69,27.4,15622.1,40420.1,2374.5,7081.712,3152.769,70609.686,3196362:13;3196386:350;3196387:556;3196388:486;3196389:485
111404.6533,1788877705.8428,6,354.39,1890.61,2245.00,136.6,15633.1,40409.1,2374.5,7082.193,3152.794,70609.686,3196362:13;3196386:349;3196387:555;3196388:489;3196389:485
111404.7634,1788877705.9529,6,354.39,1891.00,2245.38,27.4,15633.0,40409.2,2374.5,7082.727,3152.808,70609.686,3196362:13;3196386:349;3196387:555;3196388:489;3196389:485
111404.8725,1788877706.0620,6,354.39,1892.03,2246.41,55.0,15632.6,40409.6,2374.5,7083.648,3152.853,70609.686,3196362:13;3196386:350;3196387:555;3196388:489;3196389:485
111404.9815,1788877706.1710,6,354.39,1892.95,2247.34,18.2,15632.0,40410.2,2374.5,7083.878,3152.860,70609.686,3196362:13;3196386:351;3196387:555;3196388:489;3196389:485
111405.0916,1788877706.2811,6,354.39,1893.68,2248.07,54.8,15631.9,40410.3,2374.5,7084.402,3152.886,70609.686,3196362:13;3196386:352;3196387:555;3196388:489;3196389:485
111405.2008,1788877706.3904,6,354.39,1894.56,2248.95,9.2,15631.8,40410.4,2374.5,7084.610,3152.892,70609.686,3196362:13;3196386:353;3196387:555;3196388:489;3196389:485
111405.3102,1788877706.4997,6,354.39,1894.90,2249.29,136.6,15629.5,40412.7,2374.5,7085.098,3152.917,70609.686,3196362:13;3196386:352;3196387:554;3196388:489;3196389:486
111405.4196,1788877706.6091,6,354.39,1896.32,2250.70,27.5,15629.6,40412.7,2374.5,7085.231,3152.925,70609.686,3196362:13;3196386:354;3196387:554;3196388:489;3196389:486
111405.5289,1788877706.7184,6,354.39,1897.28,2251.66,137.1,15628.4,40413.8,2374.5,7085.887,3152.955,70609.686,3196362:13;3196386:350;3196387:554;3196388:494;3196389:486
111405.6386,1788877706.8281,6,354.39,1897.08,2251.46,17.8,15628.4,40413.8,2374.5,7086.199,3152.962,70609.686,3196362:13;3196386:350;3196387:554;3196388:494;3196389:486
111405.7518,1788877706.9413,6,354.39,1898.13,2252.52,27.1,15628.4,40413.8,2374.5,7086.928,3152.983,70609.686,3196362:13;3196386:351;3196387:554;3196388:494;3196389:486
111405.8610,1788877707.0505,6,354.39,1898.68,2253.07,18.1,15627.9,40414.3,2374.5,7087.025,3152.987,70609.686,3196362:13;3196386:351;3196387:554;3196388:494;3196389:486
111405.9716,1788877707.1611,6,354.39,1899.80,2254.19,72.7,15629.4,40412.8,2374.5,7087.632,3153.027,70609.686,3196362:13;3196386:353;3196387:554;3196388:494;3196389:486
111406.0814,1788877707.2710,6,354.39,1899.80,2254.19,0.0,15629.4,40412.8,2374.5,7087.994,3153.033,70609.686,3196362:13;3196386:353;3196387:554;3196388:494;3196389:486
111406.1908,1788877707.3803,6,354.39,1900.98,2255.36,100.5,15626.4,40415.8,2374.5,7088.457,3153.068,70609.686,3196362:13;3196386:352;3196387:554;3196388:494;3196389:488
111406.3002,1788877707.4897,6,354.39,1901.61,2256.00,27.4,15626.4,40415.8,2374.5,7088.600,3153.073,70609.697,3196362:13;3196386:352;3196387:554;3196388:494;3196389:488
111406.4099,1788877707.5994,6,354.64,1926.45,2281.09,413.0,15667.1,40375.2,2374.5,7089.095,3153.107,70609.697,3196362:13;3196386:349;3196387:570;3196388:500;3196389:494
111406.5216,1788877707.7111,6,354.89,1907.29,2262.18,263.3,15676.4,40365.8,2374.5,7089.459,3153.124,70609.697,3196362:13;3196386:335;3196387:558;3196388:503;3196389:498
111406.6314,1788877707.8209,6,354.89,1908.56,2263.45,82.5,15676.7,40365.5,2374.5,7090.283,3153.162,70609.697,3196362:13;3196386:337;3196387:558;3196388:503;3196389:498
111406.7404,1788877707.9300,6,354.89,1913.83,2268.71,235.7,15684.3,40358.0,2374.5,7090.783,3153.182,70609.697,3196362:13;3196386:336;3196387:558;3196388:506;3196389:502
111406.8508,1788877708.0404,6,354.89,1917.39,2272.28,203.5,15677.9,40364.4,2374.5,7091.254,3153.218,70609.697,3196362:13;3196386:334;3196387:560;3196388:508;3196389:502
111406.9642,1788877708.1537,6,354.89,1917.04,2271.92,127.7,15678.2,40364.0,2374.5,7091.837,3153.236,70609.697,3196362:13;3196386:333;3196387:559;3196388:509;3196389:502
111407.0734,1788877708.2629,6,354.89,1917.57,2272.45,91.8,15678.2,40364.0,2374.5,7092.738,3153.265,70609.697,3196362:13;3196386:334;3196387:559;3196388:509;3196389:502
111407.1826,1788877708.3722,6,354.89,1918.25,2273.14,18.2,15678.7,40363.5,2374.5,7092.970,3153.275,70609.697,3196362:13;3196386:335;3196387:559;3196388:509;3196389:502
111407.2923,1788877708.4818,6,354.89,1920.89,2275.78,128.6,15678.7,40363.5,2374.5,7093.725,3153.312,70609.697,3196362:13;3196386:337;3196387:559;3196388:509;3196389:502
111407.4012,1788877708.5907,6,354.89,1921.36,2276.25,9.2,15678.7,40363.5,2374.5,7094.107,3153.317,70609.697,3196362:13;3196386:337;3196387:559;3196388:509;3196389:502
111407.5104,1788877708.6999,6,355.01,1931.91,2286.92,163.7,15678.7,40363.6,2374.5,7094.655,3153.345,70609.697,3196362:13;3196386:337;3196387:559;3196388:520;3196389:502
111407.6205,1788877708.8100,6,355.01,1924.45,2279.46,26.7,15675.5,40366.7,2374.5,7094.923,3153.351,70609.697,3196362:13;3196386:337;3196387:559;3196388:513;3196389:502
111407.7329,1788877708.9225,6,355.01,1927.41,2282.42,146.8,15676.5,40365.7,2374.5,7095.642,3153.381,70609.697,3196362:13;3196386:337;3196387:560;3196388:513;3196389:505
111407.8419,1788877709.0315,6,355.01,1928.27,2283.28,36.7,15664.8,40377.4,2374.5,7095.880,3153.389,70609.697,3196362:13;3196386:338;3196387:560;3196388:513;3196389:505
111407.9511,1788877709.1406,6,355.01,1930.59,2285.60,156.4,15671.8,40370.5,2374.5,7096.715,3153.427,70609.697,3196362:13;3196386:338;3196387:560;3196388:513;3196389:507
111408.0598,1788877709.2493,6,355.01,1931.83,2286.84,18.1,15672.0,40370.2,2374.5,7096.911,3153.433,70609.697,3196362:13;3196386:339;3196387:560;3196388:513;3196389:507
111408.1701,1788877709.3597,6,355.01,1935.32,2290.33,192.3,15665.1,40377.2,2374.5,7097.641,3153.471,70609.697,3196362:13;3196386:339;3196387:560;3196388:516;3196389:507
111408.2793,1788877709.4689,6,355.01,1935.03,2290.04,18.2,15665.3,40376.9,2374.5,7097.828,3153.477,70609.697,3196362:13;3196386:339;3196387:560;3196388:516;3196389:507
111408.3897,1788877709.5792,6,355.01,1936.63,2291.64,54.5,15665.5,40376.7,2374.5,7098.821,3153.509,70609.697,3196362:13;3196386:341;3196387:560;3196388:516;3196389:507
111408.4994,1788877709.6890,6,355.01,1937.79,2292.80,18.2,15658.4,40383.8,2374.5,7099.032,3153.516,70609.697,3196362:13;3196386:341;3196387:560;3196388:516;3196389:508
111408.6090,1788877709.7986,6,355.01,1939.46,2294.48,73.5,15658.9,40383.3,2374.5,7100.013,3153.549,70609.697,3196362:13;3196386:343;3196387:560;3196388:516;3196389:508
111408.7178,1788877709.9074,6,355.01,1939.13,2294.14,27.2,15658.9,40383.3,2374.5,7100.266,3153.553,70609.697,3196362:13;3196386:342;3196387:560;3196388:516;3196389:508
111408.8282,1788877710.0177,6,355.01,1941.27,2296.28,137.7,15658.9,40383.3,2374.5,7101.156,3153.593,70609.697,3196362:13;3196386:345;3196387:560;3196388:516;3196389:508
111408.9371,1788877710.1266,6,355.01,1942.00,2297.01,18.2,15659.1,40383.1,2374.5,7101.466,3153.600,70609.697,3196362:13;3196386:345;3196387:560;3196388:516;3196389:508
111409.0476,1788877710.2371,6,355.01,1945.00,2300.01,91.2,15659.1,40383.1,2374.5,7102.503,3153.642,70609.697,3196362:13;3196386:348;3196387:560;3196388:516;3196389:508
111409.1568,1788877710.3463,6,355.01,1948.77,2303.79,72.8,15656.7,40385.6,2374.5,7102.880,3153.657,70609.697,3196362:13;3196386:349;3196387:560;3196388:516;3196389:511
111409.2667,1788877710.4562,6,355.14,1948.14,2303.27,127.0,15663.0,40379.2,2374.5,7103.670,3153.688,70609.697,3196362:13;3196386:349;3196387:560;3196388:516;3196389:511
111409.3773,1788877710.5668,6,355.14,1948.43,2303.56,27.4,15663.0,40379.2,2374.5,7103.831,3153.692,70609.697,3196362:13;3196386:349;3196387:560;3196388:516;3196389:511
111409.4865,1788877710.6760,6,356.39,1992.99,2349.38,860.7,15733.9,40308.4,2374.5,7104.785,3153.718,70609.697,3196362:13;3196386:346;3196387:571;3196388:533;3196389:529
111409.6090,1788877710.7985,6,356.51,2111.60,2468.11,929.6,15888.8,40153.4,2374.5,7105.164,3153.729,70609.697,3196362:13;3196386:344;3196387:630;3196388:521;3196389:603
111409.7243,1788877710.9138,6,356.89,2207.37,2564.26,459.5,16100.2,39942.1,2374.5,7105.771,3153.752,70609.697,3196362:13;3196386:327;3196387:697;3196388:480;3196389:690
111409.8393,1788877711.0289,6,357.01,2425.58,2782.59,298.0,16300.1,39742.2,2374.5,7106.349,3153.768,70609.697,3196362:13;3196386:326;3196387:841;3196388:483;3196389:763
111409.9544,1788877711.1440,6,357.14,2525.97,2883.11,328.6,16406.7,39635.6,2374.5,7106.937,3153.789,70609.697,3196362:13;3196386:323;3196387:920;3196388:485;3196389:785
111410.0656,1788877711.2552,6,357.14,2552.86,2909.99,286.0,16418.9,39623.3,2374.5,7107.454,3153.800,70609.697,3196362:13;3196386:322;3196387:942;3196388:494;3196389:781
111410.1775,1788877711.3670,6,357.14,2451.67,2808.81,755.1,16285.0,39757.2,2374.5,7108.000,3153.812,70609.697,3196362:13;3196386:320;3196387:972;3196388:490;3196389:657
111410.2915,1788877711.4811,6,357.14,2283.91,2641.05,204.5,16112.3,39929.9,2374.5,7108.517,3153.823,70609.697,3196362:13;3196386:320;3196387:997;3196388:490;3196389:464
111410.4040,1788877711.5936,6,357.26,2159.79,2517.05,152.8,16080.2,39962.0,2374.5,7109.139,3153.836,70609.709,3196362:13;3196386:320;3196387:874;3196388:489;3196389:463
111410.5152,1788877711.7047,6,357.26,1995.96,2353.22,152.3,15936.3,40105.9,2374.5,7109.862,3153.850,70609.709,3196362:13;3196386:319;3196387:765;3196388:459;3196389:439
111410.6268,1788877711.8163,6,357.26,2091.39,2448.65,108.3,16050.7,39991.5,2374.5,7110.353,3153.858,70609.709,3196362:13;3196386:320;3196387:860;3196388:459;3196389:439
111410.7379,1788877711.9274,6,357.26,2135.66,2492.92,118.2,16090.7,39951.5,2374.5,7110.727,3153.869,70609.709,3196362:13;3196386:320;3196387:904;3196388:459;3196389:439
111410.8475,1788877712.0370,6,357.26,2182.48,2539.74,452.1,16055.3,39986.9,2374.5,7111.316,3153.881,70609.709,3196362:13;3196386:321;3196387:896;3196388:513;3196389:439
111410.9605,1788877712.1500,6,357.26,2245.29,2602.55,307.1,16086.2,39956.0,2374.5,7111.801,3153.897,70609.709,3196362:13;3196386:323;3196387:924;3196388:540;3196389:445
111411.0780,1788877712.2675,6,357.26,2039.57,2396.83,468.3,16040.3,40001.9,2374.5,7112.222,3153.903,70609.709,3196362:13;3196386:303;3196387:421;3196388:903;3196389:399
111411.1886,1788877712.3781,6,357.26,2161.08,2518.34,126.8,16154.1,39888.1,2374.5,7112.888,3153.916,70609.709,3196362:13;3196386:303;3196387:421;3196388:1024;3196389:399
111411.2995,1788877712.4890,6,357.26,2385.04,2742.30,815.9,16369.4,39672.8,2374.5,7113.097,3153.922,70609.709,3196362:13;3196386:305;3196387:576;3196388:1091;3196389:399
111411.4107,1788877712.6003,6,357.39,2521.38,2878.76,326.3,16512.6,39529.6,2374.5,7113.440,3153.929,70609.709,3196362:13;3196386:301;3196387:726;3196388:1110;3196389:372
111411.5213,1788877712.7108,6,357.39,2610.40,2967.79,453.2,16518.1,39524.1,2374.5,7113.609,3153.933,70609.709,3196362:13;3196386:301;3196387:810;3196388:1095;3196389:390
111411.6313,1788877712.8209,6,357.39,2682.47,3039.86,217.5,16558.3,39483.9,2374.5,7113.813,3153.937,70609.709,3196362:13;3196386:301;3196387:833;3196388:1144;3196389:390
111411.7418,1788877712.9313,6,357.39,2625.29,2982.68,214.9,16564.7,39477.5,2374.5,7113.875,3153.939,70609.709,3196362:13;3196386:301;3196387:825;3196388:1095;3196389:390
111411.8534,1788877713.0430,6,357.39,2397.70,2755.09,400.4,16411.2,39631.0,2374.5,7114.125,3153.945,70609.709,3196362:13;3196386:302;3196387:704;3196388:970;3196389:410
111411.9685,1788877713.1580,6,357.39,1626.85,1984.24,228.1,15682.9,40359.3,2374.5,7114.224,3153.946,70609.709,3196362:13;3196386:294;3196387:375;3196388:347;3196389:598
111412.0778,1788877713.2673,6,357.39,1709.66,2067.05,116.2,15777.2,40265.0,2374.5,7114.901,3153.958,70609.709,3196362:13;3196386:294;3196387:375;3196388:347;3196389:680
111412.1901,1788877713.3797,6,357.39,1744.85,2102.24,453.7,15680.8,40361.5,2374.5,7115.077,3153.961,70609.709,3196362:13;3196386:298;3196387:375;3196388:387;3196389:671
111412.3000,1788877713.4895,6,357.39,1765.65,2123.04,177.5,15707.7,40334.5,2374.5,7115.445,3153.966,70609.709,3196362:13;3196386:298;3196387:375;3196388:404;3196389:675
111412.4127,1788877713.6023,6,357.51,1570.23,1927.74,191.4,15887.7,40154.6,2374.5,7115.500,3153.966,70609.709,3196362:13;3196386:286;3196387:354;3196388:603;3196389:313
111412.5228,1788877713.7123,6,357.51,1711.67,2069.18,305.1,15932.4,40109.8,2374.5,7115.882,3153.972,70609.709,3196362:13;3196386:305;3196387:369;3196388:700;3196389:325
111412.6415,1788877713.8310,6,358.62,1761.78,2120.39,433.1,15976.3,40066.0,2374.5,7115.885,3153.973,70609.709,3196362:13;3196386:286;3196387:387;3196388:726;3196389:349
111412.7512,1788877713.9407,6,358.74,1838.67,2197.41,423.7,16098.2,39944.0,2374.5,7115.887,3153.974,70609.709,3196362:13;3196386:270;3196387:397;3196388:721;3196389:436
111412.8624,1788877714.0519,6,358.74,2014.21,2372.96,233.8,16208.5,39833.7,2374.5,7115.887,3153.974,70609.709,3196362:13;3196386:270;3196387:409;3196388:681;3196389:641
111412.9734,1788877714.1629,6,358.74,1718.72,2077.46,236.6,15956.4,40085.8,2374.5,7115.904,3153.975,70609.709,3196362:13;3196386:270;3196387:426;3196388:292;3196389:718
111413.0833,1788877714.2728,6,358.74,1793.03,2151.77,217.6,16032.5,40009.7,2374.5,7115.904,3153.975,70609.709,3196362:13;3196386:270;3196387:526;3196388:292;3196389:692
111413.1936,1788877714.3831,6,359.21,1921.62,2280.82,208.5,16098.2,39944.0,2374.5,7115.904,3153.975,70609.709,3196362:13;3196386:270;3196387:638;3196388:269;3196389:732
111413.3039,1788877714.4934,6,503.21,1365.45,1868.66,255.1,15899.9,40142.3,2374.5,7115.904,3153.975,70609.709,3196362:13;3196386:270;3196387:453;3196388:269;3196389:360
111413.4135,1788877714.6030,6,518.52,1365.45,1883.98,107.7,15925.0,40117.2,2374.5,7115.921,3153.977,70609.709,3196362:13;3196386:270;3196387:453;3196388:269;3196389:360
111413.5249,1788877714.7145,6,472.57,1278.42,1750.99,273.4,15529.6,40512.6,2374.5,7115.922,3153.978,70609.709,3196362:13;3196386:270;3196387:462;3196388:269;3196389:264
111413.6347,1788877714.8242,6,493.70,1349.21,1842.91,213.8,15704.2,40338.0,2374.5,7115.923,3153.978,70609.709,3196362:13;3196386:270;3196387:533;3196388:269;3196389:264
111413.7472,1788877714.9368,6,476.89,1268.55,1745.43,154.0,15699.6,40342.6,2374.5,7115.923,3153.978,70609.709,3196362:13;3196386:270;3196387:463;3196388:264;3196389:259
111413.8573,1788877715.0468,6,655.12,1268.55,1923.66,91.3,15750.5,40291.7,2374.5,7115.932,3153.980,70609.709,3196362:13;3196386:270;3196387:463;3196388:264;3196389:259
111413.9668,1788877715.1563,6,540.38,1151.96,1692.34,136.2,15643.6,40398.6,2374.5,7115.932,3153.980,70609.709,3196362:13;3196386:270;3196387:346;3196388:264;3196389:259
111414.0773,1788877715.2668,6,564.87,1159.85,1724.72,153.8,15633.8,40408.5,2374.5,7115.936,3153.982,70609.709,3196362:13;3196386:271;3196387:348;3196388:266;3196389:262
111414.1875,1788877715.3770,6,579.40,1159.85,1739.25,100.8,15319.8,40722.5,2374.5,7146.521,3184.566,70609.709,3196362:13;3196386:271;3196387:348;3196388:266;3196389:262
111414.2966,1788877715.4862,6,645.15,1159.85,1805.00,127.1,15351.0,40691.2,2374.5,7146.534,3184.567,70609.709,3196362:13;3196386:271;3196387:348;3196388:266;3196389:262
111414.4067,1788877715.5963,6,677.02,1159.85,1836.87,118.5,15382.8,40659.4,2374.5,7146.534,3184.567,70609.709,3196362:13;3196386:271;3196387:348;3196388:266;3196389:262
111414.5164,1788877715.7060,6,647.66,1159.85,1807.51,100.0,15383.3,40658.9,2374.5,7146.540,3184.569,70609.709,3196362:13;3196386:271;3196387:348;3196388:266;3196389:262
111414.6267,1788877715.8162,6,647.66,1159.85,1807.51,108.3,15383.3,40658.9,2374.5,7146.540,3184.569,70609.709,3196362:13;3196386:271;3196387:348;3196388:266;3196389:262
111414.7374,1788877715.9269,6,647.66,1159.85,1807.51,108.0,15383.3,40658.9,2374.5,7146.554,3184.569,70609.709,3196362:13;3196386:271;3196387:348;3196388:266;3196389:262
111414.8487,1788877716.0383,6,647.66,1159.85,1807.51,99.2,15383.5,40658.8,2374.5,7146.554,3184.569,70609.709,3196362:13;3196386:271;3196387:348;3196388:266;3196389:262
111414.9592,1788877716.1487,6,647.66,1159.85,1807.51,98.8,15382.9,40659.3,2374.5,7146.558,3184.571,70609.709,3196362:13;3196386:271;3196387:348;3196388:266;3196389:262
111415.0710,1788877716.2606,6,554.11,1143.29,1697.40,279.0,15329.4,40712.8,2374.5,7146.558,3184.590,70609.709,3196362:13;3196386:269;3196387:346;3196388:262;3196389:253
111415.1818,1788877716.3713,6,554.11,1119.75,1673.86,353.4,15300.3,40741.9,2374.5,7146.585,3184.598,70609.709,3196362:13;3196386:268;3196387:325;3196388:260;3196389:253
111415.2922,1788877716.4817,3,554.11,13.25,567.36,100.5,14567.1,41475.1,2374.5,7146.585,3184.598,70609.709,3196362:13;3196389:0
