t_mono,t_wall,n_procs,client_rss_mb,workers_rss_mb,tree_rss_mb,tree_cpu_pct,sys_used_mb,sys_available_mb,swap_used_mb,net_recv_mb,net_sent_mb,disk_read_mb,workers
353.8147,1788885665.8381,2,22.95,12.27,35.23,0.0,1166.1,62087.3,0.0,12819.800,609.317,306.640,5475:12
353.9182,1788885665.9416,2,22.95,12.27,35.23,0.0,1166.2,62087.3,0.0,12819.800,609.317,306.640,5475:12
354.0217,1788885666.0451,2,22.95,12.27,35.23,0.0,1166.2,62087.3,0.0,12819.800,609.317,306.640,5475:12
354.1252,1788885666.1486,2,36.56,12.27,48.84,77.4,1174.5,62079.0,0.0,12819.800,609.317,306.640,5475:12
354.2290,1788885666.2524,2,60.12,12.27,72.39,1412.2,1177.5,62076.0,0.0,12819.800,609.317,306.640,5475:12
354.3341,1788885666.3575,2,72.07,12.27,84.35,96.7,1186.6,62066.9,0.0,12819.800,609.317,306.640,5475:12
354.4375,1788885666.4609,2,97.62,12.27,109.89,96.7,1202.7,62050.7,0.0,12819.800,609.317,306.640,5475:12
354.5409,1788885666.5642,2,115.81,12.27,128.09,106.5,1222.9,62030.6,0.0,12819.800,609.317,306.640,5475:12
354.6442,1788885666.6676,2,125.75,12.27,138.02,96.7,1224.4,62029.0,0.0,12819.800,609.317,306.640,5475:12
354.7476,1788885666.7710,2,171.88,12.27,184.15,106.5,1246.1,62007.3,0.0,12819.800,609.317,306.640,5475:12
354.8509,1788885666.8743,2,176.44,12.27,188.71,29.0,1254.3,61999.2,0.0,12819.806,609.318,306.640,5475:12
354.9543,1788885666.9777,2,230.99,12.27,243.26,38.7,1261.9,61991.5,0.0,12819.946,609.320,306.640,5475:12
355.0577,1788885667.0811,6,230.99,139.62,370.61,0.0,1326.2,61927.3,0.0,12819.946,609.320,306.640,5475:12;5498:32;5499:32;5500:32;5501:32
355.1710,1788885667.1944,6,230.99,244.29,475.28,1173.3,1365.7,61887.8,0.0,12819.946,609.320,306.640,5475:12;5498:63;5499:61;5500:51;5501:57
355.2887,1788885667.3121,6,230.99,324.60,555.59,644.5,1426.8,61826.7,0.0,12819.946,609.320,306.640,5475:12;5498:81;5499:80;5500:74;5501:78
355.3925,1788885667.4158,6,230.99,393.75,624.74,376.0,1491.9,61761.6,0.0,12819.946,609.320,306.640,5475:12;5498:97;5499:96;5500:93;5501:96
355.4962,1788885667.5195,6,231.97,420.84,652.80,308.2,1508.5,61745.0,0.0,12819.946,609.320,306.640,5475:12;5498:102;5499:102;5500:102;5501:102
355.6000,1788885667.6233,6,232.23,420.84,653.07,19.3,1509.3,61744.2,0.0,12819.952,609.322,306.640,5475:12;5498:102;5499:102;5500:102;5501:102
355.7038,1788885667.7272,6,234.86,420.84,655.70,19.3,1512.3,61741.2,0.0,12819.963,609.322,306.640,5475:12;5498:102;5499:102;5500:102;5501:102
355.8077,1788885667.8310,6,235.93,420.84,656.77,19.3,1513.1,61740.4,0.0,12819.974,609.323,306.640,5475:12;5498:102;5499:102;5500:102;5501:102
355.9115,1788885667.9349,6,236.80,420.84,657.63,19.3,1514.2,61739.2,0.0,12819.984,609.325,306.640,5475:12;5498:102;5499:102;5500:102;5501:102
356.0152,1788885668.0386,6,237.62,420.84,658.46,9.6,1503.9,61749.6,0.0,12819.995,609.326,306.640,5475:12;5498:102;5499:102;5500:102;5501:102
356.1190,1788885668.1424,6,238.48,420.84,659.31,9.7,1504.3,61749.1,0.0,12820.005,609.326,306.640,5475:12;5498:102;5499:102;5500:102;5501:102
356.2226,1788885668.2460,6,239.32,420.84,660.16,19.3,1505.3,61748.1,0.0,12820.016,609.327,306.640,5475:12;5498:102;5499:102;5500:102;5501:102
356.3263,1788885668.3496,6,240.16,420.84,661.00,9.7,1503.1,61750.4,0.0,12820.026,609.328,306.640,5475:12;5498:102;5499:102;5500:102;5501:102
356.4299,1788885668.4532,6,241.74,420.84,662.57,9.7,1504.5,61749.0,0.0,12820.047,609.329,306.640,5475:12;5498:102;5499:102;5500:102;5501:102
356.5334,1788885668.5568,6,242.67,420.84,663.51,19.3,1505.4,61748.0,0.0,12820.058,609.330,306.640,5475:12;5498:102;5499:102;5500:102;5501:102
356.6371,1788885668.6605,6,243.42,420.84,664.26,0.0,1506.6,61746.9,0.0,12820.068,609.331,306.640,5475:12;5498:102;5499:102;5500:102;5501:102
356.7408,1788885668.7642,6,243.51,420.84,664.35,9.7,1506.8,61746.7,0.0,12820.069,609.331,306.640,5475:12;5498:102;5499:102;5500:102;5501:102
356.8444,1788885668.8678,6,244.35,420.84,665.19,9.6,1507.5,61746.0,0.0,12820.079,609.332,306.640,5475:12;5498:102;5499:102;5500:102;5501:102
356.9482,1788885668.9716,6,245.18,420.84,666.02,19.3,1508.5,61745.0,0.0,12820.089,609.333,306.640,5475:12;5498:102;5499:102;5500:102;5501:102
357.0518,1788885669.0752,6,246.02,420.84,666.86,9.6,1501.3,61752.1,0.0,12820.100,609.334,306.640,5475:12;5498:102;5499:102;5500:102;5501:102
357.1556,1788885669.1790,6,246.85,420.84,667.69,9.6,1498.1,61755.4,0.0,12820.110,609.334,306.640,5475:12;5498:102;5499:102;5500:102;5501:102
357.2594,1788885669.2828,6,247.68,420.84,668.52,57.8,1499.0,61754.4,0.0,12820.121,609.335,306.640,5475:12;5498:102;5499:102;5500:102;5501:102
357.3631,1788885669.3865,6,248.50,420.84,669.34,19.3,1499.8,61753.7,0.0,12820.131,609.336,306.640,5475:12;5498:102;5499:102;5500:102;5501:102
357.4669,1788885669.4903,6,249.31,420.85,670.16,9.6,1500.5,61753.0,0.0,12820.142,609.337,306.640,5475:12;5498:102;5499:102;5500:102;5501:102
357.5707,1788885669.5940,6,250.16,420.86,671.02,9.6,1501.5,61752.0,0.0,12820.153,609.337,306.640,5475:12;5498:102;5499:102;5500:102;5501:102
357.6746,1788885669.6980,6,250.99,420.86,671.84,19.3,1502.2,61751.3,0.0,12820.163,609.338,306.640,5475:12;5498:102;5499:102;5500:102;5501:102
357.7784,1788885669.8018,6,251.82,420.86,672.67,9.6,1503.2,61750.3,0.0,12820.173,609.339,306.640,5475:12;5498:102;5499:102;5500:102;5501:102
357.8822,1788885669.9056,6,252.65,420.86,673.51,9.6,1503.9,61749.5,0.0,12820.184,609.340,306.640,5475:12;5498:102;5499:102;5500:102;5501:102
357.9860,1788885670.0094,6,253.48,420.86,674.34,9.6,1496.8,61756.7,0.0,12820.194,609.341,306.640,5475:12;5498:102;5499:102;5500:102;5501:102
358.0897,1788885670.1131,6,254.32,420.86,675.17,9.6,1494.3,61759.2,0.0,12820.204,609.342,306.640,5475:12;5498:102;5499:102;5500:102;5501:102
358.1936,1788885670.2169,6,255.15,420.86,676.01,9.7,1494.3,61759.2,0.0,12820.215,609.342,306.640,5475:12;5498:102;5499:102;5500:102;5501:102
358.2972,1788885670.3205,6,255.97,420.86,676.83,19.2,1494.3,61759.2,0.0,12820.225,609.343,306.640,5475:12;5498:102;5499:102;5500:102;5501:102
358.4009,1788885670.4243,6,256.81,420.86,677.66,19.3,1494.3,61759.2,0.0,12820.236,609.344,306.640,5475:12;5498:102;5499:102;5500:102;5501:102
358.5046,1788885670.5280,6,257.64,420.87,678.51,19.2,1494.2,61759.2,0.0,12820.246,609.345,306.640,5475:12;5498:102;5499:102;5500:102;5501:102
358.6084,1788885670.6317,6,258.48,420.87,679.35,9.6,1494.2,61759.2,0.0,12820.256,609.346,306.640,5475:12;5498:102;5499:102;5500:102;5501:102
358.7121,1788885670.7355,6,260.10,420.87,680.97,9.6,1495.3,61758.2,0.0,12820.277,609.347,306.640,5475:12;5498:102;5499:102;5500:102;5501:102
358.8159,1788885670.8393,6,260.96,420.87,681.84,19.3,1496.0,61757.5,0.0,12820.288,609.348,306.640,5475:12;5498:102;5499:102;5500:102;5501:102
358.9197,1788885670.9431,6,260.96,420.87,681.84,0.0,1496.0,61757.5,0.0,12820.288,609.348,306.640,5475:12;5498:102;5499:102;5500:102;5501:102
359.0234,1788885671.0468,6,261.81,420.87,682.68,19.3,1487.0,61766.5,0.0,12820.298,609.349,306.640,5475:12;5498:102;5499:102;5500:102;5501:102
359.1273,1788885671.1507,6,262.64,420.87,683.51,9.6,1488.0,61765.5,0.0,12820.308,609.350,306.640,5475:12;5498:102;5499:102;5500:102;5501:102
359.2309,1788885671.2542,6,263.45,420.87,684.32,9.6,1488.9,61764.5,0.0,12820.319,609.351,306.640,5475:12;5498:102;5499:102;5500:102;5501:102
359.3346,1788885671.3580,6,264.29,420.87,685.16,9.6,1489.7,61763.8,0.0,12820.329,609.351,306.640,5475:12;5498:102;5499:102;5500:102;5501:102
359.4384,1788885671.4618,6,265.12,420.87,686.00,9.6,1490.4,61763.1,0.0,12820.339,609.352,306.640,5475:12;5498:102;5499:102;5500:102;5501:102
359.5423,1788885671.5656,6,265.96,420.87,686.83,28.9,1491.4,61762.1,0.0,12820.350,609.353,306.640,5475:12;5498:102;5499:102;5500:102;5501:102
359.6461,1788885671.6695,6,266.79,420.87,687.66,9.6,1492.1,61761.4,0.0,12820.360,609.354,306.640,5475:12;5498:102;5499:102;5500:102;5501:102
359.7500,1788885671.7733,6,267.62,420.87,688.49,9.6,1492.6,61760.9,0.0,12820.371,609.354,306.640,5475:12;5498:102;5499:102;5500:102;5501:102
359.8538,1788885671.8772,6,268.45,420.87,689.32,9.6,1493.6,61759.9,0.0,12820.381,609.355,306.640,5475:12;5498:102;5499:102;5500:102;5501:102
359.9576,1788885671.9810,6,269.28,420.87,690.15,9.6,1494.6,61758.9,0.0,12820.391,609.356,306.640,5475:12;5498:102;5499:102;5500:102;5501:102
360.0614,1788885672.0848,6,270.10,420.87,690.97,67.4,1486.8,61766.6,0.0,12820.402,609.357,306.640,5475:12;5498:102;5499:102;5500:102;5501:102
360.1653,1788885672.1887,6,270.93,420.87,691.80,9.6,1487.1,61766.4,0.0,12820.412,609.357,306.640,5475:12;5498:102;5499:102;5500:102;5501:102
360.2690,1788885672.2923,6,271.77,420.87,692.64,9.6,1488.3,61765.2,0.0,12820.422,609.358,306.640,5475:12;5498:102;5499:102;5500:102;5501:102
360.3727,1788885672.3960,6,272.58,420.87,693.45,9.6,1486.3,61767.2,0.0,12820.433,609.359,306.640,5475:12;5498:102;5499:102;5500:102;5501:102
360.4763,1788885672.4997,6,273.42,420.87,694.29,19.2,1487.0,61766.5,0.0,12820.443,609.360,306.640,5475:12;5498:102;5499:102;5500:102;5501:102
360.5800,1788885672.6033,6,274.26,420.87,695.13,9.6,1488.0,61765.5,0.0,12820.453,609.360,306.640,5475:12;5498:102;5499:102;5500:102;5501:102
360.6838,1788885672.7072,6,275.09,420.87,695.96,9.6,1488.7,61764.7,0.0,12820.464,609.361,306.640,5475:12;5498:102;5499:102;5500:102;5501:102
360.7876,1788885672.8110,6,275.91,420.87,696.78,28.9,1489.5,61764.0,0.0,12820.474,609.362,306.640,5475:12;5498:102;5499:102;5500:102;5501:102
360.8913,1788885672.9147,6,276.76,420.87,697.63,9.6,1490.5,61763.0,0.0,12820.495,609.363,306.640,5475:12;5498:102;5499:102;5500:102;5501:102
360.9951,1788885673.0185,6,278.41,420.87,699.28,19.3,1486.4,61767.1,0.0,12820.505,609.364,306.640,5475:12;5498:102;5499:102;5500:102;5501:102
361.0989,1788885673.1223,6,279.23,420.87,700.10,9.6,1485.0,61768.4,0.0,12820.515,609.365,306.640,5475:12;5498:102;5499:102;5500:102;5501:102
361.2026,1788885673.2260,6,280.07,420.87,700.94,9.6,1486.0,61767.5,0.0,12820.526,609.366,306.640,5475:12;5498:102;5499:102;5500:102;5501:102
361.3064,1788885673.3298,6,280.88,420.87,701.75,9.6,1487.0,61766.5,0.0,12820.536,609.366,306.640,5475:12;5498:102;5499:102;5500:102;5501:102
361.4101,1788885673.4335,6,281.72,420.87,702.59,19.3,1488.0,61765.5,0.0,12820.546,609.367,306.640,5475:12;5498:102;5499:102;5500:102;5501:102
361.5137,1788885673.5371,6,282.55,420.89,703.45,9.6,1488.7,61764.8,0.0,12820.557,609.368,306.640,5475:12;5498:102;5499:102;5500:102;5501:102
361.6176,1788885673.6410,6,283.38,420.89,704.27,19.2,1489.4,61764.0,0.0,12820.567,609.369,306.640,5475:12;5498:102;5499:102;5500:102;5501:102
361.7214,1788885673.7448,6,284.93,420.89,705.82,9.6,1490.8,61762.6,0.0,12820.588,609.370,306.640,5475:12;5498:102;5499:102;5500:102;5501:102
361.8252,1788885673.8486,6,285.01,420.89,705.90,9.6,1491.2,61762.3,0.0,12820.588,609.370,306.640,5475:12;5498:102;5499:102;5500:102;5501:102
361.9290,1788885673.9524,6,285.86,420.89,706.75,9.6,1491.7,61761.8,0.0,12820.598,609.371,306.640,5475:12;5498:102;5499:102;5500:102;5501:102
362.0328,1788885674.0562,6,287.52,420.89,708.41,19.3,1487.1,61766.3,0.0,12820.619,609.373,306.640,5475:12;5498:102;5499:102;5500:102;5501:102
362.1366,1788885674.1599,6,288.34,420.89,709.23,19.3,1488.1,61765.4,0.0,12820.629,609.373,306.640,5475:12;5498:102;5499:102;5500:102;5501:102
362.2401,1788885674.2635,6,288.34,420.89,709.23,0.0,1488.1,61765.4,0.0,12820.629,609.373,306.640,5475:12;5498:102;5499:102;5500:102;5501:102
362.3437,1788885674.3670,6,290.01,420.89,710.90,28.9,1489.3,61764.1,0.0,12820.650,609.375,306.640,5475:12;5498:102;5499:102;5500:102;5501:102
362.4475,1788885674.4708,6,290.83,420.89,711.72,9.6,1490.3,61763.1,0.0,12820.660,609.376,306.640,5475:12;5498:102;5499:102;5500:102;5501:102
362.5512,1788885674.5746,6,291.62,420.89,712.52,48.1,1491.0,61762.5,0.0,12820.671,609.376,306.640,5475:12;5498:102;5499:102;5500:102;5501:102
362.6553,1788885674.6786,6,291.66,420.89,712.55,28.9,1491.3,61762.2,0.0,12820.672,609.378,306.640,5475:12;5498:102;5499:102;5500:102;5501:102
362.7591,1788885674.7825,6,292.50,420.89,713.39,19.3,1489.4,61764.1,0.0,12820.684,609.379,306.640,5475:12;5498:102;5499:102;5500:102;5501:102
362.8630,1788885674.8863,6,293.31,420.89,714.20,9.6,1490.4,61763.1,0.0,12820.694,609.381,306.640,5475:12;5498:102;5499:102;5500:102;5501:102
362.9667,1788885674.9901,6,293.93,420.89,714.82,38.5,1490.4,61763.1,0.0,12820.700,609.382,306.640,5475:12;5498:102;5499:102;5500:102;5501:102
363.0706,1788885675.0940,6,294.58,420.89,715.47,105.9,1487.2,61766.2,0.0,12820.700,609.382,306.640,5475:12;5498:102;5499:102;5500:102;5501:102
363.1745,1788885675.1979,6,295.37,420.89,716.26,96.3,1486.5,61766.9,0.0,12820.700,609.382,306.640,5475:12;5498:102;5499:102;5500:102;5501:102
363.2783,1788885675.3017,6,296.16,420.89,717.05,96.4,1488.5,61765.0,0.0,12820.700,609.382,306.640,5475:12;5498:102;5499:102;5500:102;5501:102
363.3820,1788885675.4054,6,296.94,420.89,717.83,106.0,1488.5,61765.0,0.0,12820.700,609.382,306.640,5475:12;5498:102;5499:102;5500:102;5501:102
363.4858,1788885675.5092,6,300.15,420.92,721.07,96.3,1495.4,61758.1,0.0,12820.702,609.384,306.640,5475:12;5498:102;5499:102;5500:102;5501:102
363.5897,1788885675.6130,6,300.22,420.93,721.15,96.3,1495.4,61758.1,0.0,12820.702,609.384,306.640,5475:12;5498:102;5499:102;5500:102;5501:102
363.6935,1788885675.7169,6,300.27,420.93,721.19,105.7,1509.3,61744.2,0.0,12820.702,609.384,306.640,5475:12;5498:102;5499:102;5500:102;5501:102
363.7976,1788885675.8210,6,300.32,420.93,721.24,96.2,1521.0,61732.5,0.0,12820.703,609.384,306.640,5475:12;5498:102;5499:102;5500:102;5501:102
363.9016,1788885675.9249,6,300.34,420.93,721.27,105.8,1525.2,61728.3,0.0,12820.703,609.385,306.640,5475:12;5498:102;5499:102;5500:102;5501:102
364.0055,1788885676.0289,6,300.36,420.93,721.29,96.2,1522.4,61731.1,0.0,12820.703,609.385,306.640,5475:12;5498:102;5499:102;5500:102;5501:102
364.1094,1788885676.1328,6,300.40,420.93,721.32,105.9,1521.1,61732.4,0.0,12820.703,609.385,306.640,5475:12;5498:102;5499:102;5500:102;5501:102
364.2133,1788885676.2367,6,300.41,420.93,721.34,96.3,1521.9,61731.6,0.0,12820.703,609.386,306.640,5475:12;5498:102;5499:102;5500:102;5501:102
364.3171,1788885676.3405,6,300.67,420.93,721.60,96.3,1521.2,61732.3,0.0,12820.703,609.386,306.640,5475:12;5498:102;5499:102;5500:102;5501:102
364.4210,1788885676.4443,6,300.71,420.93,721.63,105.9,1521.5,61732.0,0.0,12820.703,609.386,306.640,5475:12;5498:102;5499:102;5500:102;5501:102
364.5249,1788885676.5483,6,300.72,420.93,721.64,115.5,1521.5,61732.0,0.0,12820.703,609.386,306.640,5475:12;5498:102;5499:102;5500:102;5501:102
364.6287,1788885676.6521,6,300.74,420.93,721.66,96.4,1521.5,61732.0,0.0,12820.703,609.386,306.640,5475:12;5498:102;5499:102;5500:102;5501:102
364.7325,1788885676.7559,6,300.77,420.93,721.69,106.0,1521.5,61732.0,0.0,12820.703,609.386,306.640,5475:12;5498:102;5499:102;5500:102;5501:102
364.8362,1788885676.8596,6,300.80,420.93,721.72,96.4,1521.5,61732.0,0.0,12820.703,609.386,306.640,5475:12;5498:102;5499:102;5500:102;5501:102
364.9399,1788885676.9633,6,300.80,420.93,721.73,106.2,1521.5,61732.0,0.0,12820.703,609.386,306.640,5475:12;5498:102;5499:102;5500:102;5501:102
365.0435,1788885677.0669,6,300.85,420.93,721.77,96.6,1518.5,61734.9,0.0,12820.703,609.386,306.640,5475:12;5498:102;5499:102;5500:102;5501:102
365.1470,1788885677.1704,6,300.87,420.93,721.79,96.6,1518.5,61734.9,0.0,12820.703,609.386,306.640,5475:12;5498:102;5499:102;5500:102;5501:102
365.2505,1788885677.2739,6,300.89,420.93,721.82,106.2,1518.5,61734.9,0.0,12820.703,609.386,306.640,5475:12;5498:102;5499:102;5500:102;5501:102
365.3540,1788885677.3774,6,300.92,420.93,721.85,96.5,1518.5,61734.9,0.0,12820.703,609.386,306.640,5475:12;5498:102;5499:102;5500:102;5501:102
365.4576,1788885677.4810,6,300.93,420.93,721.86,96.4,1518.5,61734.9,0.0,12820.703,609.386,306.640,5475:12;5498:102;5499:102;5500:102;5501:102
365.5613,1788885677.5847,6,300.98,420.93,721.91,106.0,1518.5,61735.0,0.0,12820.703,609.386,306.640,5475:12;5498:102;5499:102;5500:102;5501:102
365.6652,1788885677.6886,6,300.98,420.93,721.91,105.9,1518.5,61735.0,0.0,12820.703,609.386,306.640,5475:12;5498:102;5499:102;5500:102;5501:102
365.7690,1788885677.7923,6,301.03,420.93,721.95,106.0,1518.5,61735.0,0.0,12820.703,609.386,306.640,5475:12;5498:102;5499:102;5500:102;5501:102
365.8727,1788885677.8961,6,301.17,420.93,722.09,96.4,1518.5,61735.0,0.0,12820.703,609.386,306.640,5475:12;5498:102;5499:102;5500:102;5501:102
365.9765,1788885677.9999,6,301.17,420.93,722.10,96.4,1515.7,61737.8,0.0,12820.703,609.386,306.640,5475:12;5498:102;5499:102;5500:102;5501:102
366.0802,1788885678.1036,6,301.18,420.93,722.11,106.0,1515.7,61737.8,0.0,12820.703,609.386,306.640,5475:12;5498:102;5499:102;5500:102;5501:102
366.1839,1788885678.2073,6,301.21,420.93,722.14,96.4,1515.7,61737.8,0.0,12820.703,609.386,306.640,5475:12;5498:102;5499:102;5500:102;5501:102
366.2877,1788885678.3110,6,301.25,420.93,722.18,106.1,1515.7,61737.8,0.0,12820.703,609.386,306.640,5475:12;5498:102;5499:102;5500:102;5501:102
366.3914,1788885678.4147,6,301.26,420.93,722.19,96.4,1515.7,61737.8,0.0,12820.703,609.386,306.640,5475:12;5498:102;5499:102;5500:102;5501:102
366.4950,1788885678.5184,6,301.28,420.93,722.21,115.6,1515.7,61737.8,0.0,12820.703,609.386,306.640,5475:12;5498:102;5499:102;5500:102;5501:102
366.5987,1788885678.6221,6,301.30,420.93,722.23,106.1,1515.7,61737.8,0.0,12820.703,609.386,306.640,5475:12;5498:102;5499:102;5500:102;5501:102
366.7024,1788885678.7258,6,301.32,420.93,722.25,96.4,1515.7,61737.8,0.0,12820.703,609.386,306.640,5475:12;5498:102;5499:102;5500:102;5501:102
366.8061,1788885678.8295,6,301.34,420.93,722.26,106.0,1515.7,61737.8,0.0,12820.703,609.386,306.640,5475:12;5498:102;5499:102;5500:102;5501:102
366.9099,1788885678.9333,6,301.35,420.93,722.27,96.4,1515.7,61737.8,0.0,12820.703,609.386,306.640,5475:12;5498:102;5499:102;5500:102;5501:102
367.0137,1788885679.0370,6,301.38,420.93,722.30,96.4,1513.2,61740.2,0.0,12820.703,609.386,306.640,5475:12;5498:102;5499:102;5500:102;5501:102
367.1174,1788885679.1408,6,301.40,420.93,722.33,105.9,1513.2,61740.2,0.0,12820.703,609.386,306.640,5475:12;5498:102;5499:102;5500:102;5501:102
367.2213,1788885679.2446,6,301.43,420.93,722.36,96.4,1513.2,61740.2,0.0,12820.703,609.386,306.640,5475:12;5498:102;5499:102;5500:102;5501:102
367.3250,1788885679.3484,6,301.46,420.93,722.39,96.4,1513.2,61740.2,0.0,12820.703,609.386,306.640,5475:12;5498:102;5499:102;5500:102;5501:102
367.4287,1788885679.4521,6,301.49,420.93,722.42,106.0,1513.2,61740.2,0.0,12820.704,609.386,306.640,5475:12;5498:102;5499:102;5500:102;5501:102
367.5325,1788885679.5559,6,301.50,420.93,722.43,96.3,1513.2,61740.3,0.0,12820.705,609.387,306.640,5475:12;5498:102;5499:102;5500:102;5501:102
367.6364,1788885679.6598,6,301.55,420.93,722.47,105.9,1513.2,61740.3,0.0,12820.705,609.387,306.640,5475:12;5498:102;5499:102;5500:102;5501:102
367.7402,1788885679.7636,6,301.57,420.93,722.50,96.3,1513.2,61740.3,0.0,12820.706,609.389,306.640,5475:12;5498:102;5499:102;5500:102;5501:102
367.8440,1788885679.8674,6,301.59,420.93,722.52,96.4,1513.2,61740.3,0.0,12820.707,609.389,306.640,5475:12;5498:102;5499:102;5500:102;5501:102
367.9478,1788885679.9711,6,301.62,420.93,722.54,106.0,1513.2,61740.3,0.0,12820.707,609.389,306.640,5475:12;5498:102;5499:102;5500:102;5501:102
368.0515,1788885680.0749,6,301.64,420.93,722.57,96.4,1511.1,61742.4,0.0,12820.707,609.389,306.640,5475:12;5498:102;5499:102;5500:102;5501:102
368.1553,1788885680.1787,6,301.66,420.93,722.59,106.0,1511.3,61742.2,0.0,12820.707,609.390,306.640,5475:12;5498:102;5499:102;5500:102;5501:102
368.2590,1788885680.2824,6,301.69,420.93,722.62,96.4,1511.3,61742.2,0.0,12820.709,609.391,306.640,5475:12;5498:102;5499:102;5500:102;5501:102
368.3627,1788885680.3861,6,301.71,420.93,722.64,96.4,1509.4,61744.1,0.0,12820.710,609.393,306.640,5475:12;5498:102;5499:102;5500:102;5501:102
368.4666,1788885680.4899,6,301.74,420.93,722.67,106.0,1509.4,61744.1,0.0,12820.711,609.394,306.640,5475:12;5498:102;5499:102;5500:102;5501:102
368.5703,1788885680.5937,6,302.05,420.93,722.98,96.3,1511.8,61741.7,0.0,12820.712,609.394,306.640,5475:12;5498:102;5499:102;5500:102;5501:102
368.6743,1788885680.6976,6,302.07,420.93,722.99,105.9,1511.8,61741.7,0.0,12820.713,609.395,306.640,5475:12;5498:102;5499:102;5500:102;5501:102
368.7782,1788885680.8015,6,302.08,420.93,723.01,105.9,1511.8,61741.7,0.0,12820.713,609.395,306.640,5475:12;5498:102;5499:102;5500:102;5501:102
368.8819,1788885680.9053,6,302.10,420.93,723.03,96.4,1511.8,61741.7,0.0,12820.713,609.396,306.640,5475:12;5498:102;5499:102;5500:102;5501:102
368.9857,1788885681.0091,6,302.14,420.93,723.06,106.0,1510.3,61743.1,0.0,12820.713,609.396,306.640,5475:12;5498:102;5499:102;5500:102;5501:102
369.0895,1788885681.1129,6,305.96,420.93,726.89,96.0,1513.7,61739.8,0.0,12820.713,609.396,306.640,5475:12;5498:102;5499:102;5500:102;5501:102
369.1939,1788885681.2173,6,313.57,420.93,734.50,96.0,1522.4,61731.1,0.0,12820.715,609.398,306.640,5475:12;5498:102;5499:102;5500:102;5501:102
369.2979,1788885681.3213,6,316.19,420.93,737.11,96.1,1524.3,61729.1,0.0,12820.716,609.398,306.640,5475:12;5498:102;5499:102;5500:102;5501:102
369.4019,1788885681.4253,6,320.97,420.93,741.89,115.4,1531.3,61722.1,0.0,12820.716,609.398,306.640,5475:12;5498:102;5499:102;5500:102;5501:102
369.5059,1788885681.5293,6,337.14,420.94,758.08,96.3,1547.1,61706.4,0.0,12820.716,609.399,306.640,5475:12;5498:102;5499:102;5500:102;5501:102
369.6098,1788885681.6331,6,342.53,420.94,763.47,105.8,1555.0,61698.5,0.0,12820.716,609.399,306.640,5475:12;5498:102;5499:102;5500:102;5501:102
369.7137,1788885681.7371,6,342.53,420.94,763.47,105.9,1555.0,61698.5,0.0,12820.716,609.399,306.640,5475:12;5498:102;5499:102;5500:102;5501:102
369.8176,1788885681.8410,6,346.14,420.94,767.09,86.6,1555.0,61698.5,0.0,12820.716,609.400,306.640,5475:12;5498:102;5499:102;5500:102;5501:102
369.9215,1788885681.9449,6,352.37,420.94,773.31,105.9,1562.5,61691.0,0.0,12820.717,609.400,306.640,5475:12;5498:102;5499:102;5500:102;5501:102
370.0254,1788885682.0487,6,356.04,420.94,776.98,105.9,1563.3,61690.1,0.0,12820.717,609.400,306.640,5475:12;5498:102;5499:102;5500:102;5501:102
370.1293,1788885682.1527,6,365.09,420.94,786.03,86.6,1568.5,61685.0,0.0,12820.717,609.400,306.640,5475:12;5498:102;5499:102;5500:102;5501:102
370.2332,1788885682.2566,6,366.91,420.94,787.85,106.0,1569.3,61684.2,0.0,12820.717,609.400,306.640,5475:12;5498:102;5499:102;5500:102;5501:102
370.3370,1788885682.3604,6,367.17,420.94,788.11,105.9,1569.7,61683.8,0.0,12820.717,609.400,306.640,5475:12;5498:102;5499:102;5500:102;5501:102
370.4409,1788885682.4643,6,367.17,420.94,788.11,105.9,1568.4,61685.0,0.0,12820.717,609.400,306.640,5475:12;5498:102;5499:102;5500:102;5501:102
370.5448,1788885682.5681,6,371.45,420.94,792.39,96.2,1572.0,61681.5,0.0,12820.717,609.400,306.640,5475:12;5498:102;5499:102;5500:102;5501:102
370.6487,1788885682.6721,6,387.90,420.94,808.84,96.3,1588.5,61664.9,0.0,12820.717,609.400,306.640,5475:12;5498:102;5499:102;5500:102;5501:102
370.7526,1788885682.7759,6,380.64,420.94,801.59,105.9,1596.4,61657.0,0.0,12820.717,609.400,306.640,5475:12;5498:102;5499:102;5500:102;5501:102
370.8564,1788885682.8798,6,387.16,420.94,808.10,105.9,1596.9,61656.5,0.0,12820.717,609.400,306.640,5475:12;5498:102;5499:102;5500:102;5501:102
370.9602,1788885682.9836,6,382.69,420.94,803.63,96.3,1596.9,61656.5,0.0,12820.717,609.400,306.640,5475:12;5498:102;5499:102;5500:102;5501:102
371.0641,1788885683.0875,6,382.90,420.94,803.84,96.1,1594.0,61659.4,0.0,12820.718,609.401,306.640,5475:12;5498:102;5499:102;5500:102;5501:102
371.1683,1788885683.1916,6,382.90,420.94,803.84,105.8,1590.8,61662.7,0.0,12820.720,609.401,306.640,5475:12;5498:102;5499:102;5500:102;5501:102
371.2722,1788885683.2956,6,379.64,420.94,800.58,96.2,1590.8,61662.7,0.0,12820.720,609.403,306.640,5475:12;5498:102;5499:102;5500:102;5501:102
371.3761,1788885683.3994,6,383.11,420.94,804.05,96.4,1590.8,61662.7,0.0,12820.720,609.403,306.640,5475:12;5498:102;5499:102;5500:102;5501:102
371.4799,1788885683.5032,6,384.64,420.94,805.58,115.6,1590.8,61662.7,0.0,12820.720,609.403,306.640,5475:12;5498:102;5499:102;5500:102;5501:102
371.5837,1788885683.6071,6,384.07,420.94,805.02,86.7,1590.8,61662.7,0.0,12820.720,609.403,306.640,5475:12;5498:102;5499:102;5500:102;5501:102
371.6876,1788885683.7109,6,396.85,420.94,817.79,105.9,1592.4,61661.1,0.0,12820.720,609.403,306.640,5475:12;5498:102;5499:102;5500:102;5501:102
371.7914,1788885683.8148,6,397.55,420.94,818.49,96.2,1594.3,61659.1,0.0,12820.720,609.403,306.640,5475:12;5498:102;5499:102;5500:102;5501:102
371.8954,1788885683.9188,6,397.55,420.94,818.49,105.8,1595.3,61658.2,0.0,12820.722,609.405,306.640,5475:12;5498:102;5499:102;5500:102;5501:102
371.9994,1788885684.0228,6,397.55,420.94,818.49,96.1,1592.6,61660.9,0.0,12820.722,609.405,306.640,5475:12;5498:102;5499:102;5500:102;5501:102
372.1035,1788885684.1268,6,407.44,420.94,828.38,105.8,1604.0,61649.5,0.0,12820.722,609.405,306.640,5475:12;5498:102;5499:102;5500:102;5501:102
372.2075,1788885684.2308,6,401.01,420.94,821.95,96.2,1604.0,61649.5,0.0,12820.722,609.406,306.640,5475:12;5498:102;5499:102;5500:102;5501:102
372.3113,1788885684.3347,6,401.60,420.94,822.54,115.4,1602.5,61651.0,0.0,12820.723,609.406,306.640,5475:12;5498:102;5499:102;5500:102;5501:102
372.4153,1788885684.4387,6,414.36,420.94,835.30,96.2,1606.0,61647.5,0.0,12820.723,609.406,306.640,5475:12;5498:102;5499:102;5500:102;5501:102
372.5193,1788885684.5426,6,428.91,420.94,849.86,115.4,1621.2,61632.2,0.0,12820.723,609.409,306.640,5475:12;5498:102;5499:102;5500:102;5501:102
372.6232,1788885684.6466,6,417.11,420.94,838.05,96.2,1621.2,61632.2,0.0,12820.723,609.409,306.640,5475:12;5498:102;5499:102;5500:102;5501:102
372.7271,1788885684.7505,6,417.11,420.94,838.05,96.3,1621.2,61632.2,0.0,12820.723,609.409,306.640,5475:12;5498:102;5499:102;5500:102;5501:102
372.8309,1788885684.8543,6,417.11,420.94,838.05,105.9,1621.2,61632.2,0.0,12820.723,609.409,306.640,5475:12;5498:102;5499:102;5500:102;5501:102
372.9348,1788885684.9581,6,418.75,420.94,839.70,96.3,1621.2,61632.2,0.0,12820.723,609.409,306.640,5475:12;5498:102;5499:102;5500:102;5501:102
373.0386,1788885685.0620,6,423.33,420.94,844.27,96.3,1620.3,61633.1,0.0,12820.723,609.409,306.640,5475:12;5498:102;5499:102;5500:102;5501:102
373.1425,1788885685.1658,6,428.57,420.94,849.51,105.9,1620.2,61633.3,0.0,12820.723,609.409,306.640,5475:12;5498:102;5499:102;5500:102;5501:102
373.2462,1788885685.2696,6,433.00,420.94,853.94,106.0,1620.2,61633.3,0.0,12820.723,609.409,306.640,5475:12;5498:102;5499:102;5500:102;5501:102
373.3500,1788885685.3734,6,436.15,420.94,857.09,106.0,1621.8,61631.7,0.0,12820.723,609.409,306.640,5475:12;5498:102;5499:102;5500:102;5501:102
373.4538,1788885685.4771,6,437.44,420.94,858.38,96.4,1623.7,61629.7,0.0,12820.723,609.409,306.640,5475:12;5498:102;5499:102;5500:102;5501:102
373.5576,1788885685.5809,6,440.62,420.94,861.56,96.2,1625.1,61628.3,0.0,12820.723,609.409,306.640,5475:12;5498:102;5499:102;5500:102;5501:102
373.6615,1788885685.6849,6,448.04,420.94,868.98,96.2,1633.6,61619.9,0.0,12820.723,609.409,306.640,5475:12;5498:102;5499:102;5500:102;5501:102
373.7654,1788885685.7888,6,560.74,420.94,981.68,105.8,1747.3,61506.1,0.0,12820.723,609.409,306.640,5475:12;5498:102;5499:102;5500:102;5501:102
373.8694,1788885685.8928,6,588.73,420.94,1009.67,182.8,1786.6,61466.8,0.0,12820.723,609.409,306.640,5475:12;5498:102;5499:102;5500:102;5501:102
373.9733,1788885685.9967,6,537.87,420.94,958.81,211.6,1787.1,61466.4,0.0,12820.723,609.409,306.640,5475:12;5498:102;5499:102;5500:102;5501:102
374.0773,1788885686.1007,6,554.84,420.94,975.79,105.9,1826.9,61426.6,0.0,12820.723,609.409,306.640,5475:12;5498:102;5499:102;5500:102;5501:102
374.1811,1788885686.2045,6,566.34,420.94,987.28,96.3,1826.9,61426.6,0.0,12820.723,609.409,306.640,5475:12;5498:102;5499:102;5500:102;5501:102
374.2849,1788885686.3083,6,568.54,608.30,1176.84,336.8,1863.7,61389.8,0.0,12820.723,609.409,306.640,5475:12;5498:149;5499:149;5500:149;5501:149
374.3889,1788885686.4123,6,568.54,677.47,1246.01,394.6,1890.2,61363.2,0.0,12820.723,609.409,306.640,5475:12;5498:162;5499:162;5500:170;5501:171
374.4957,1788885686.5191,6,568.95,905.10,1474.05,875.6,2059.8,61193.7,0.0,12821.408,609.564,306.640,5475:12;5498:231;5499:230;5500:214;5501:218
374.6018,1788885686.6252,6,568.95,986.77,1555.73,1206.1,2175.4,61078.1,0.0,12821.998,609.566,306.640,5475:12;5498:247;5499:248;5500:245;5501:234
374.7089,1788885686.7322,6,568.98,1017.08,1586.05,918.9,2182.3,61071.1,0.0,12822.581,609.911,306.640,5475:12;5498:254;5499:259;5500:255;5501:236
374.8140,1788885686.8374,6,568.98,1088.21,1657.19,1173.2,2279.8,60973.7,0.0,12836.730,610.220,306.640,5475:12;5498:266;5499:274;5500:270;5501:266
374.9190,1788885686.9424,6,568.98,1131.27,1700.25,910.3,2333.0,60920.4,0.0,12838.971,610.546,306.640,5475:12;5498:283;5499:285;5500:278;5501:273
375.0262,1788885687.0496,6,568.98,1212.88,1781.86,1111.0,2411.3,60842.2,0.0,12850.476,610.804,306.640,5475:12;5498:308;5499:311;5500:300;5501:282
375.1399,1788885687.1633,6,568.98,1246.87,1815.85,1141.9,2469.8,60783.7,0.0,12859.454,611.142,306.640,5475:12;5498:322;5499:306;5500:311;5501:295
375.2448,1788885687.2682,6,568.98,1291.61,1860.59,1070.3,2512.6,60740.9,0.0,12868.012,611.427,306.640,5475:12;5498:324;5499:326;5500:332;5501:297
375.3507,1788885687.3741,6,568.98,1363.07,1932.05,826.7,2569.1,60684.3,0.0,12880.598,611.771,306.640,5475:12;5498:341;5499:347;5500:342;5501:321
375.4570,1788885687.4804,6,568.99,1358.85,1927.84,1073.2,2614.5,60639.0,0.0,12882.677,611.989,306.640,5475:12;5498:351;5499:347;5500:340;5501:309
375.5612,1788885687.5846,6,568.99,1406.29,1975.28,910.5,2650.4,60603.0,0.0,12887.122,612.318,306.640,5475:12;5498:354;5499:361;5500:357;5501:323
375.6656,1788885687.6890,6,568.99,1434.75,2003.74,1235.4,2715.9,60537.5,0.0,12898.930,612.516,306.640,5475:12;5498:359;5499:370;5500:365;5501:328
375.7701,1788885687.7934,6,569.00,1506.25,2075.25,869.9,2764.2,60489.3,0.0,12907.166,612.791,306.640,5475:12;5498:386;5499:396;5500:375;5501:337
375.8750,1788885687.8984,6,569.00,1567.29,2136.29,1317.1,2837.5,60416.0,0.0,12924.625,613.069,306.640,5475:12;5498:402;5499:409;5500:399;5501:346
375.9848,1788885688.0082,6,569.00,1627.27,2196.27,1055.2,2888.4,60365.1,0.0,12939.359,613.395,306.640,5475:12;5498:425;5499:426;5500:405;5501:359
376.0910,1788885688.1144,6,569.00,1656.33,2225.33,1040.0,2956.6,60296.9,0.0,12952.408,613.674,306.640,5475:12;5498:441;5499:432;5500:406;5501:364
376.1958,1788885688.2192,6,569.00,1719.66,2288.66,1073.9,2998.8,60254.7,0.0,12968.359,613.993,306.640,5475:12;5498:455;5499:452;5500:423;5501:377
376.3020,1788885688.3253,6,569.00,1744.66,2313.66,1149.3,3059.4,60194.0,0.0,12980.913,614.280,306.640,5475:12;5498:468;5499:455;5500:433;5501:377
376.4061,1788885688.4295,6,569.00,1805.01,2374.01,881.8,3080.6,60172.9,0.0,12995.698,614.527,306.640,5475:12;5498:476;5499:480;5500:452;5501:384
376.5118,1788885688.5352,6,569.03,1844.22,2413.25,872.5,3132.9,60120.5,0.0,13005.352,614.751,306.640,5475:12;5498:503;5499:481;5500:458;5501:390
376.6220,1788885688.6454,6,569.10,2107.14,2676.24,1479.2,3359.0,59894.5,0.0,13026.435,614.987,306.640,5475:12;5498:549;5499:601;5500:485;5501:460
376.7479,1788885688.7713,6,569.19,2323.02,2892.21,1513.9,3701.4,59552.1,0.0,13030.695,615.108,306.640,5475:12;5498:562;5499:785;5500:516;5501:449
376.8670,1788885688.8904,6,569.25,2472.66,3041.91,1471.9,4048.7,59204.8,0.0,13041.626,615.316,306.640,5475:12;5498:604;5499:651;5500:700;5501:506
376.9814,1788885689.0048,6,569.27,2396.53,2965.80,1550.9,4107.7,59145.8,0.0,13058.436,615.495,306.640,5475:12;5498:734;5499:676;5500:562;5501:412
377.0880,1788885689.1114,6,569.29,2315.45,2884.73,1445.3,4058.9,59194.6,0.0,13067.462,615.674,306.640,5475:12;5498:643;5499:679;5500:606;5501:376
377.1944,1788885689.2178,6,569.30,2224.43,2793.73,1217.0,4010.8,59242.6,0.0,13086.637,615.981,306.640,5475:12;5498:593;5499:582;5500:646;5501:392
377.3013,1788885689.3247,6,569.31,2140.14,2709.45,1359.8,3894.0,59359.5,0.0,13097.161,616.214,306.640,5475:12;5498:598;5499:561;5500:573;5501:396
377.4062,1788885689.4296,6,569.31,2199.91,2769.21,1170.4,3929.4,59324.1,0.0,13120.387,616.556,306.640,5475:12;5498:610;5499:575;5500:586;5501:416
377.5141,1788885689.5375,6,569.31,2245.40,2814.71,1435.5,3978.4,59275.1,0.0,13134.235,616.753,306.640,5475:12;5498:614;5499:595;5500:601;5501:423
377.6190,1788885689.6424,6,569.33,2371.59,2940.92,1190.7,4126.3,59127.2,0.0,13150.382,617.080,306.640,5475:12;5498:640;5499:621;5500:650;5501:448
377.7268,1788885689.7501,6,569.39,2614.25,3183.64,1516.6,4286.3,58967.2,0.0,13159.402,617.279,306.640,5475:12;5498:660;5499:647;5500:737;5501:558
377.8348,1788885689.8582,6,569.40,2481.50,3050.90,1365.1,4349.2,58904.3,0.0,13179.430,617.521,306.640,5475:12;5498:632;5499:658;5500:667;5501:512
377.9394,1788885689.9628,6,569.40,2448.31,3017.71,1132.7,4359.4,58894.1,0.0,13198.210,617.806,306.640,5475:12;5498:621;5499:669;5500:680;5501:466
378.0457,1788885690.0691,6,569.41,2610.07,3179.48,1401.4,4430.0,58823.4,0.0,13221.501,618.020,306.640,5475:12;5498:632;5499:788;5500:700;5501:477
378.1502,1788885690.1736,6,569.41,2513.98,3083.39,1124.2,4366.7,58886.8,0.0,13232.896,618.273,306.640,5475:12;5498:633;5499:692;5500:690;5501:487
378.2543,1788885690.2777,6,569.41,2584.32,3153.74,1039.9,4379.0,58874.5,0.0,13257.249,618.570,306.640,5475:12;5498:645;5499:712;5500:711;5501:504
378.3603,1788885690.3837,6,569.42,2615.83,3185.25,1186.7,4404.7,58848.7,0.0,13276.129,618.823,306.640,5475:12;5498:656;5499:727;5500:709;5501:512
378.4665,1788885690.4898,6,569.42,2651.51,3220.93,1262.5,4441.3,58812.1,0.0,13301.117,619.090,306.640,5475:12;5498:657;5499:736;5500:723;5501:523
378.5726,1788885690.5960,6,569.45,2702.33,3271.78,866.7,4464.9,58788.6,0.0,13318.591,619.411,306.640,5475:12;5498:669;5499:747;5500:740;5501:534
378.6775,1788885690.7009,6,569.45,2735.09,3304.53,1107.5,4490.8,58762.6,0.0,13337.978,619.613,306.640,5475:12;5498:679;5499:765;5500:741;5501:537
378.7831,1788885690.8064,6,569.45,2794.35,3363.79,880.3,4515.7,58737.8,0.0,13357.060,619.918,306.640,5475:12;5498:684;5499:784;5500:761;5501:553
378.8875,1788885690.9109,6,569.48,2830.95,3400.43,1284.6,4548.8,58704.7,0.0,13380.359,620.156,306.640,5475:12;5498:691;5499:787;5500:773;5501:567
378.9929,1788885691.0163,6,569.50,2935.88,3505.38,1103.2,4583.3,58670.2,0.0,13393.545,620.431,306.640,5475:12;5498:705;5499:851;5500:789;5501:578
379.0978,1788885691.1212,6,569.50,3039.83,3609.34,1363.5,4746.6,58506.9,0.0,13414.112,620.668,306.640,5475:12;5498:727;5499:862;5500:862;5501:576
379.2070,1788885691.2304,6,569.52,3185.39,3754.91,1353.7,4852.2,58401.2,0.0,13427.072,620.849,306.640,5475:12;5498:744;5499:950;5500:886;5501:593
379.3182,1788885691.3415,6,569.59,3213.38,3782.97,1186.9,4930.8,58322.7,0.0,13438.666,621.087,306.640,5475:12;5498:835;5499:936;5500:792;5501:638
379.4244,1788885691.4478,6,569.60,3043.64,3613.24,1309.8,4933.8,58319.7,0.0,13455.477,621.311,306.640,5475:12;5498:770;5499:868;5500:784;5501:609
379.5300,1788885691.5534,6,569.60,3127.78,3697.38,1300.0,4957.0,58296.5,0.0,13477.825,621.625,306.640,5475:12;5498:797;5499:895;5500:806;5501:618
379.6413,1788885691.6647,6,569.60,3206.08,3775.68,1026.5,5054.8,58198.7,0.0,13482.442,621.885,306.640,5475:12;5498:800;5499:962;5500:807;5501:626
379.7480,1788885691.7714,6,569.61,3280.50,3850.11,1212.1,5021.8,58231.6,0.0,13513.362,622.142,306.640,5475:12;5498:821;5499:975;5500:826;5501:646
379.8602,1788885691.8836,6,569.61,3291.89,3861.50,1191.7,5058.4,58195.1,0.0,13525.773,622.393,306.640,5475:12;5498:886;5499:916;5500:837;5501:640
379.9674,1788885691.9908,6,569.69,3425.32,3995.00,1355.3,5315.8,57937.7,0.0,13541.831,622.593,306.640,5475:12;5498:862;5499:1030;5500:849;5501:671
380.0781,1788885692.1014,6,569.70,3484.41,4054.11,1449.4,5415.8,57837.7,0.0,13556.489,622.806,306.640,5475:12;5498:893;5499:973;5500:924;5501:682
380.1861,1788885692.2094,6,569.70,3551.34,4121.04,1382.2,5535.2,57718.3,0.0,13577.547,623.068,306.640,5475:12;5498:907;5499:990;5500:938;5501:704
380.2956,1788885692.3190,6,569.71,3467.02,4036.73,1072.3,5572.5,57681.0,0.0,13593.419,623.385,306.640,5475:12;5498:901;5499:987;5500:867;5501:700
380.4026,1788885692.4260,6,569.72,3542.48,4112.20,1195.5,5583.0,57670.5,0.0,13613.821,623.680,306.640,5475:12;5498:919;5499:1000;5500:898;5501:713
380.5089,1788885692.5323,6,569.72,3592.64,4162.36,1236.1,5571.5,57682.0,0.0,13631.476,623.930,306.640,5475:12;5498:972;5499:979;5500:916;5501:714
380.6148,1788885692.6382,6,569.72,3599.41,4169.13,1288.6,5545.0,57708.5,0.0,13650.305,624.173,306.640,5475:12;5498:942;5499:979;5500:937;5501:729
380.7219,1788885692.7452,6,569.72,3641.55,4211.27,1063.9,5560.0,57693.5,0.0,13671.394,624.464,306.640,5475:12;5498:958;5499:991;5500:942;5501:738
380.8300,1788885692.8534,6,569.75,3654.83,4224.58,1320.7,5597.3,57656.2,0.0,13691.141,624.695,306.640,5475:12;5498:972;5499:990;5500:947;5501:733
380.9366,1788885692.9600,6,569.75,3715.08,4284.83,1062.6,5605.7,57647.8,0.0,13709.936,624.999,306.640,5475:12;5498:984;5499:1003;5500:969;5501:747
381.0408,1788885693.0642,6,569.76,3755.27,4325.03,1189.5,5600.1,57653.4,0.0,13734.790,625.205,306.640,5475:12;5498:998;5499:1011;5500:974;5501:760
381.1451,1788885693.1684,6,569.76,3802.83,4372.59,849.9,5601.1,57652.4,0.0,13748.853,625.473,306.640,5475:12;5498:1015;5499:1023;5500:981;5501:771
381.2498,1788885693.2732,6,569.76,3872.19,4441.95,1392.0,5699.0,57554.5,0.0,13771.801,625.632,306.640,5475:12;5498:1023;5499:1025;5500:984;5501:828
381.3563,1788885693.3797,6,569.80,3940.01,4509.81,1408.8,5754.7,57498.8,0.0,13785.994,625.858,306.640,5475:12;5498:1045;5499:1039;5500:1068;5501:776
381.4629,1788885693.4863,6,569.81,4049.49,4619.30,1425.2,5782.8,57470.7,0.0,13803.754,626.074,306.640,5475:12;5498:1046;5499:1048;5500:1126;5501:817
381.5710,1788885693.5944,6,569.84,4125.85,4695.69,1363.7,5917.8,57335.7,0.0,13828.446,626.324,306.640,5475:12;5498:1096;5499:1071;5500:1126;5501:820
381.6840,1788885693.7074,6,569.85,4274.00,4843.85,1458.1,6203.8,57049.6,0.0,13832.077,626.508,306.640,5475:12;5498:1149;5499:1102;5500:1189;5501:821
381.7930,1788885693.8164,6,569.86,4312.75,4882.61,1559.3,6305.8,56947.7,0.0,13846.311,626.682,306.640,5475:12;5498:1180;5499:1122;5500:1101;5501:897
381.9003,1788885693.9237,6,569.88,4147.32,4717.20,1367.3,6215.6,57037.9,0.0,13856.007,626.909,306.640,5475:12;5498:1092;5499:1073;5500:1114;5501:857
382.0080,1788885694.0314,6,569.89,4179.67,4749.56,1349.7,6146.8,57106.7,0.0,13885.960,627.250,306.640,5475:12;5498:1095;5499:1094;5500:1126;5501:853
382.1238,1788885694.1472,6,569.93,4201.48,4771.41,1393.4,6168.5,57085.0,0.0,13903.217,627.501,306.640,5475:12;5498:1103;5499:1101;5500:1133;5501:852
382.2320,1788885694.2554,6,569.93,4271.44,4841.37,1450.1,6199.5,57053.9,0.0,13936.295,627.811,306.640,5475:12;5498:1122;5499:1115;5500:1150;5501:872
382.3449,1788885694.3683,6,569.93,4296.52,4866.46,1249.8,6219.1,57034.4,0.0,13949.947,628.119,306.640,5475:12;5498:1130;5499:1122;5500:1163;5501:869
382.4520,1788885694.4754,6,569.94,4418.22,4988.16,1346.5,6302.3,56951.2,0.0,13975.796,628.375,306.640,5475:12;5498:1198;5499:1141;5500:1172;5501:894
382.5616,1788885694.5850,6,569.96,4420.09,4990.05,1015.7,6258.8,56994.7,0.0,13982.095,628.658,306.640,5475:12;5498:1148;5499:1165;5500:1189;5501:906
382.6678,1788885694.6912,6,569.96,4453.96,5023.93,1278.5,6290.5,56962.9,0.0,14006.466,628.867,306.640,5475:12;5498:1153;5499:1175;5500:1200;5501:914
382.7749,1788885694.7983,6,569.96,4511.19,5081.15,966.5,6316.1,56937.4,0.0,14013.900,629.178,306.640,5475:12;5498:1169;5499:1191;5500:1209;5501:931
382.8794,1788885694.9028,6,569.96,4552.76,5122.72,1186.0,6366.1,56887.4,0.0,14032.669,629.347,306.640,5475:12;5498:1180;5499:1201;5500:1219;5501:940
382.9855,1788885695.0088,6,569.97,4586.78,5156.75,910.4,6373.4,56880.1,0.0,14046.012,629.673,306.640,5475:12;5498:1190;5499:1203;5500:1229;5501:953
383.0923,1788885695.1157,6,569.97,4619.04,5189.01,1291.4,6386.1,56867.4,0.0,14064.272,629.913,306.640,5475:12;5498:1198;5499:1214;5500:1231;5501:964
383.1979,1788885695.2213,6,569.98,4802.21,5372.19,1131.6,6456.7,56796.8,0.0,14078.282,630.178,306.640,5475:12;5498:1208;5499:1287;5500:1316;5501:978
383.3053,1788885695.3286,6,570.03,4978.97,5549.00,1415.0,6728.2,56525.2,0.0,14089.708,630.313,306.640,5475:12;5498:1274;5499:1259;5500:1446;5501:988
383.4196,1788885695.4430,6,570.13,5205.37,5775.50,1391.7,6897.0,56356.5,0.0,14093.099,630.508,306.640,5475:12;5498:1363;5499:1302;5500:1484;5501:1044
383.5301,1788885695.5534,6,570.18,5467.71,6037.90,1529.3,7203.8,56049.7,0.0,14101.069,630.586,306.640,5475:12;5498:1410;5499:1488;5500:1439;5501:1118
383.6364,1788885695.6598,6,570.35,5488.74,6059.09,1456.6,7458.8,55794.7,0.0,14103.077,630.673,306.640,5475:12;5498:1579;5499:1282;5500:1528;5501:1087
383.7467,1788885695.7701,6,570.54,5468.36,6038.89,1407.6,7388.7,55864.8,0.0,14105.247,630.772,306.640,5475:12;5498:1297;5499:1336;5500:1664;5501:1159
383.8520,1788885695.8754,6,570.83,5876.00,6446.83,1361.3,7828.1,55425.4,0.0,14105.603,630.864,306.640,5475:12;5498:1605;5499:1438;5500:1724;5501:1098
383.9605,1788885695.9839,6,571.05,6739.52,7310.57,1400.1,8378.9,54874.6,0.0,14105.944,630.963,306.640,5475:12;5498:1960;5499:1778;5500:1765;5501:1225
384.0702,1788885696.0936,6,571.30,6914.14,7485.44,1430.1,9027.1,54226.4,0.0,14106.690,631.064,306.640,5475:12;5498:2192;5499:1841;5500:1836;5501:1033
384.1870,1788885696.2104,6,571.46,7415.21,7986.68,1472.3,9531.4,53722.0,0.0,14107.085,631.124,306.640,5475:12;5498:2219;5499:2142;5500:1892;5501:1150
384.2967,1788885696.3201,6,571.59,7501.55,8073.14,1379.6,9882.1,53371.3,0.0,14107.471,631.220,306.640,5475:12;5498:2307;5499:1921;5500:2057;5501:1204
384.4069,1788885696.4303,6,571.83,7721.39,8293.22,1408.8,10107.8,53145.7,0.0,14107.828,631.284,306.640,5475:12;5498:2210;5499:1820;5500:2333;5501:1347
384.5171,1788885696.5404,6,572.09,8125.30,8697.39,1407.6,10445.6,52807.8,0.0,14108.232,631.337,306.640,5475:12;5498:2346;5499:1858;5500:2472;5501:1437
384.6331,1788885696.6564,6,572.36,7672.09,8244.45,1420.1,10197.1,53056.3,0.0,14108.330,631.373,306.640,5475:12;5498:2023;5499:1796;5500:2408;5501:1433
384.7402,1788885696.7636,6,572.93,7790.82,8363.76,1318.0,10286.2,52967.2,0.0,14108.519,631.405,306.640,5475:12;5498:1957;5499:1806;5500:2509;5501:1507
384.8501,1788885696.8734,6,573.45,8106.47,8679.92,1248.7,10483.3,52770.1,0.0,14109.019,631.443,306.640,5475:12;5498:2126;5499:1851;5500:2682;5501:1435
384.9594,1788885696.9828,6,573.66,8020.11,8593.77,1276.1,10494.3,52759.1,0.0,14109.543,631.481,306.640,5475:12;5498:2146;5499:1841;5500:2600;5501:1420
385.0666,1788885697.0899,6,573.83,7815.18,8389.01,1367.8,10376.1,52877.4,0.0,14114.133,631.627,306.640,5475:12;5498:2062;5499:1866;5500:2584;5501:1292
385.1740,1788885697.1974,6,574.35,7661.81,8236.16,1178.5,10274.9,52978.6,0.0,14122.136,631.759,306.640,5475:12;5498:2220;5499:1871;5500:2412;5501:1146
385.2803,1788885697.3037,6,574.93,7928.30,8503.22,1043.7,10403.5,52850.0,0.0,14124.501,631.920,306.640,5475:12;5498:2361;5499:1871;5500:2529;5501:1155
385.3855,1788885697.4089,6,575.32,8124.45,8699.77,1246.9,10528.6,52724.9,0.0,14137.178,632.066,306.640,5475:12;5498:2387;5499:1889;5500:2677;5501:1159
385.4905,1788885697.5139,6,575.75,8044.38,8620.12,695.1,10535.8,52717.7,0.0,14138.066,632.247,306.640,5475:12;5498:2308;5499:1902;5500:2642;5501:1179
385.5956,1788885697.6190,6,575.82,8037.52,8613.34,943.7,10572.2,52681.2,0.0,14152.829,632.416,306.640,5475:12;5498:2313;5499:1926;5500:2602;5501:1184
385.7017,1788885697.7251,6,575.82,8083.87,8659.70,652.9,10577.0,52676.5,0.0,14159.114,632.692,306.640,5475:12;5498:2330;5499:1922;5500:2625;5501:1194
385.8072,1788885697.8306,6,575.82,8115.35,8691.18,1204.5,10603.5,52650.0,0.0,14172.824,632.957,306.640,5475:12;5498:2331;5499:1934;5500:2634;5501:1205
385.9119,1788885697.9353,6,575.86,8169.67,8745.54,882.5,10627.0,52626.4,0.0,14189.440,633.261,306.640,5475:12;5498:2349;5499:1943;5500:2657;5501:1209
386.0186,1788885698.0420,6,575.91,8211.71,8787.62,1121.6,10678.7,52574.8,0.0,14192.328,633.448,306.640,5475:12;5498:2350;5499:1983;5500:2667;5501:1200
386.1235,1788885698.1469,6,576.00,8333.71,8909.70,850.4,10709.7,52543.8,0.0,14203.846,633.721,306.640,5475:12;5498:2364;5499:2053;5500:2680;5501:1223
386.2283,1788885698.2517,6,576.09,8401.01,8977.10,1133.2,10735.8,52517.7,0.0,14225.560,633.988,306.640,5475:12;5498:2374;5499:2096;5500:2691;5501:1228
386.3323,1788885698.3557,6,576.17,8506.46,9082.63,1187.7,10767.9,52485.6,0.0,14248.878,634.262,306.640,5475:12;5498:2373;5499:2162;5500:2708;5501:1251
386.4386,1788885698.4620,6,576.36,8545.69,9122.05,842.2,10831.3,52422.2,0.0,14257.743,634.554,306.640,5475:12;5498:2383;5499:2176;5500:2717;5501:1257
386.5429,1788885698.5663,6,576.43,8586.91,9163.34,1180.0,10853.7,52399.8,0.0,14285.369,634.787,306.640,5475:12;5498:2391;5499:2174;5500:2737;5501:1274
386.6490,1788885698.6723,6,576.48,8623.64,9200.12,719.7,10875.4,52378.1,0.0,14298.623,635.090,306.640,5475:12;5498:2400;5499:2183;5500:2741;5501:1286
386.7530,1788885698.7764,6,576.48,8660.21,9236.69,826.1,10913.0,52340.5,0.0,14316.134,635.318,306.640,5475:12;5498:2417;5499:2185;5500:2750;5501:1295
386.8571,1788885698.8805,6,576.50,8828.27,9404.77,778.5,11070.0,52183.5,0.0,14333.858,635.546,306.640,5475:12;5498:2426;5499:2228;5500:2766;5501:1396
386.9625,1788885698.9859,6,576.52,8802.77,9379.28,1199.9,11230.1,52023.3,0.0,14344.979,635.763,306.640,5475:12;5498:2440;5499:2202;5500:2785;5501:1364
387.0666,1788885699.0900,6,576.54,8866.65,9443.18,895.0,11260.5,51993.0,0.0,14354.475,636.036,306.640,5475:12;5498:2528;5499:2219;5500:2794;5501:1313
387.1717,1788885699.1951,6,576.55,8948.88,9525.42,983.1,11326.9,51926.6,0.0,14368.456,636.257,306.640,5475:12;5498:2466;5499:2262;5500:2803;5501:1406
387.2781,1788885699.3014,6,576.56,9166.20,9742.76,1320.9,11441.5,51812.0,0.0,14374.114,636.489,306.640,5475:12;5498:2466;5499:2413;5500:2812;5501:1463
387.3881,1788885699.4115,6,576.60,9053.12,9629.72,1349.7,11414.5,51839.0,0.0,14381.198,636.699,306.640,5475:12;5498:2511;5499:2246;5500:2869;5501:1416
387.4978,1788885699.5212,6,576.61,9064.64,9641.25,1197.2,11515.4,51738.1,0.0,14382.642,636.953,306.640,5475:12;5498:2495;5499:2265;5500:2912;5501:1380
387.6039,1788885699.6273,6,576.62,9236.26,9812.88,1013.3,11619.5,51633.9,0.0,14389.091,637.264,306.640,5475:12;5498:2510;5499:2282;5500:3037;5501:1394
387.7107,1788885699.7341,6,576.63,9114.13,9690.76,1042.1,11566.0,51687.5,0.0,14392.264,637.571,306.640,5475:12;5498:2503;5499:2290;5500:2925;5501:1384
387.8148,1788885699.8382,6,576.64,9244.19,9820.83,1115.5,11615.8,51637.7,0.0,14400.898,637.838,306.640,5475:12;5498:2519;5499:2308;5500:3009;5501:1397
387.9254,1788885699.9488,6,576.64,9387.49,9964.14,1252.0,11684.1,51569.3,0.0,14408.694,638.137,306.640,5475:12;5498:2529;5499:2320;5500:3119;5501:1408
388.0316,1788885700.0550,6,576.66,9273.77,9850.43,1102.2,11671.3,51582.1,0.0,14415.754,638.430,306.640,5475:12;5498:2528;5499:2330;5500:2981;5501:1423
388.1381,1788885700.1614,6,576.66,9389.71,9966.38,1140.0,11744.8,51508.7,0.0,14423.856,638.741,306.640,5475:12;5498:2587;5499:2341;5500:3003;5501:1446
388.2428,1788885700.2661,6,576.71,9471.28,10047.99,1159.0,11787.2,51466.3,0.0,14434.578,638.988,306.640,5475:12;5498:2647;5499:2332;5500:3017;5501:1463
388.3483,1788885700.3717,6,576.79,9589.70,10166.49,1354.4,11922.0,51331.5,0.0,14443.758,639.208,306.640,5475:12;5498:2605;5499:2395;5500:3047;5501:1530
388.4554,1788885700.4788,6,576.83,9697.51,10274.34,1319.5,12085.7,51167.8,0.0,14449.831,639.424,306.640,5475:12;5498:2608;5499:2353;5500:3044;5501:1679
388.5612,1788885700.5846,6,576.88,9988.54,10565.41,1252.4,12375.4,50878.1,0.0,14462.818,639.629,306.640,5475:12;5498:2622;5499:2406;5500:3070;5501:1878
388.6683,1788885700.6917,6,576.89,10468.00,11044.89,1537.4,12692.5,50561.0,0.0,14473.207,639.824,306.640,5475:12;5498:2700;5499:2473;5500:3205;5501:2077
388.7808,1788885700.8042,6,576.97,10356.23,10933.20,1427.2,12848.5,50404.9,0.0,14480.372,639.991,306.640,5475:12;5498:2718;5499:2383;5500:3171;5501:2073
388.8870,1788885700.9104,6,577.04,10154.09,10731.12,1279.6,12890.0,50363.5,0.0,14489.706,640.204,306.640,5475:12;5498:2640;5499:2329;5500:3074;5501:2098
388.9930,1788885701.0164,6,577.23,10086.21,10663.45,1353.1,12881.3,50372.1,0.0,14501.976,640.430,306.640,5475:12;5498:2618;5499:2292;5500:3059;5501:2104
389.0997,1788885701.1231,6,577.42,10007.23,10584.65,1317.8,12741.5,50512.0,0.0,14510.187,640.658,306.640,5475:12;5498:2688;5499:2290;5500:3050;5501:1967
389.2100,1788885701.2334,6,577.64,9947.48,10525.12,1239.7,12750.1,50503.4,0.0,14522.175,640.900,306.640,5475:12;5498:2656;5499:2295;5500:3019;5501:1965
389.3267,1788885701.3501,6,577.69,10331.77,10909.45,1338.1,12973.1,50280.3,0.0,14525.533,641.095,306.640,5475:12;5498:2725;5499:2383;5500:3086;5501:2126
389.4330,1788885701.4563,6,577.71,10148.02,10725.73,1354.9,12847.9,50405.6,0.0,14529.418,641.305,306.640,5475:12;5498:2741;5499:2321;5500:3106;5501:1967
389.5397,1788885701.5630,6,577.73,10083.60,10661.32,1085.4,12742.9,50510.5,0.0,14541.487,641.601,306.640,5475:12;5498:2699;5499:2345;5500:3043;5501:1984
389.6462,1788885701.6696,6,577.74,10120.37,10698.11,1227.6,12774.9,50478.6,0.0,14551.007,641.941,306.640,5475:12;5498:2708;5499:2354;5500:3055;5501:1991
389.7580,1788885701.7814,6,577.74,10195.98,10773.71,1135.5,12803.5,50450.0,0.0,14566.181,642.241,306.640,5475:12;5498:2734;5499:2369;5500:3074;5501:2007
389.8703,1788885701.8937,6,577.74,10218.58,10796.32,1165.1,12907.7,50345.8,0.0,14573.186,642.561,306.640,5475:12;5498:2736;5499:2376;5500:3083;5501:2011
389.9744,1788885701.9977,6,577.77,10333.50,10911.27,1222.2,12908.4,50345.1,0.0,14583.944,642.827,306.640,5475:12;5498:2746;5499:2396;5500:3159;5501:2020
390.0802,1788885702.1036,6,577.89,10438.61,11016.50,1216.8,12865.5,50388.0,0.0,14595.289,643.099,306.640,5475:12;5498:2773;5499:2478;5500:3132;5501:2044
390.1904,1788885702.2138,6,578.05,10507.29,11085.35,1203.3,12994.3,50259.2,0.0,14599.369,643.323,306.640,5475:12;5498:2776;5499:2427;5500:3248;5501:2044
390.2967,1788885702.3200,6,578.30,10537.60,11115.89,1146.5,13029.7,50223.8,0.0,14614.341,643.529,306.640,5475:12;5498:2774;5499:2444;5500:3254;5501:2053
390.4022,1788885702.4256,6,578.36,10590.64,11169.00,1025.3,13079.6,50173.9,0.0,14619.553,643.771,306.640,5475:12;5498:2784;5499:2490;5500:3248;5501:2056
390.5092,1788885702.5325,6,578.39,10756.22,11334.61,1022.8,13064.1,50189.3,0.0,14634.533,644.061,306.640,5475:12;5498:2830;5499:2568;5500:3268;5501:2078
390.6190,1788885702.6424,6,578.41,10680.27,11258.67,1206.7,13102.4,50151.0,0.0,14639.209,644.260,306.640,5475:12;5498:2834;5499:2519;5500:3244;5501:2072
390.7250,1788885702.7484,6,578.45,10843.48,11421.92,882.7,13256.1,49997.3,0.0,14656.489,644.607,306.640,5475:12;5498:2917;5499:2540;5500:3272;5501:2103
390.8330,1788885702.8564,6,578.47,10799.52,11378.00,1044.3,13290.0,49963.4,0.0,14660.166,644.800,306.640,5475:12;5498:2885;5499:2539;5500:3264;5501:2099
390.9381,1788885702.9615,6,578.55,11023.23,11601.77,1089.0,13380.0,49873.5,0.0,14676.935,645.076,306.640,5475:12;5498:2970;5499:2583;5500:3308;5501:2150
391.0560,1788885703.0794,6,578.55,11135.99,11714.54,1487.9,13482.2,49771.3,0.0,14684.401,645.278,306.640,5475:12;5498:2979;5499:2581;5500:3391;5501:2173
391.1768,1788885703.2002,6,578.61,11218.50,11797.10,1410.8,13587.2,49666.3,0.0,14694.302,645.509,306.640,5475:12;5498:3068;5499:2573;5500:3379;5501:2187
391.2847,1788885703.3081,6,578.70,11339.73,11918.43,1442.7,13678.5,49574.9,0.0,14709.794,645.658,306.640,5475:12;5498:3142;5499:2578;5500:3407;5501:2200
391.3926,1788885703.4160,6,578.80,11577.87,12156.67,1269.1,13947.3,49306.1,0.0,14717.858,645.874,306.640,5475:12;5498:3180;5499:2585;5500:3545;5501:2255
391.5044,1788885703.5278,6,578.81,11896.09,12474.90,1463.8,14285.8,48967.7,0.0,14732.867,646.081,306.640,5475:12;5498:3528;5499:2638;5500:3509;5501:2208
391.6114,1788885703.6348,6,578.82,11865.74,12444.57,1463.0,14365.0,48888.5,0.0,14739.205,646.242,306.640,5475:12;5498:3543;5499:2653;5500:3475;5501:2182
391.7186,1788885703.7419,6,578.89,11756.05,12334.94,1393.5,14298.0,48955.5,0.0,14746.800,646.380,306.640,5475:12;5498:3460;5499:2669;5500:3477;5501:2137
391.8310,1788885703.8544,6,578.91,11862.07,12440.98,1408.7,14348.8,48904.7,0.0,14751.777,646.593,306.640,5475:12;5498:3712;5499:2595;5500:3432;5501:2111
391.9407,1788885703.9640,6,578.91,11998.67,12577.58,1268.2,14364.3,48889.2,0.0,14763.974,646.818,306.640,5475:12;5498:3766;5499:2674;5500:3431;5501:2115
392.0470,1788885704.0704,6,579.00,11788.96,12367.96,1440.4,14287.2,48966.3,0.0,14771.884,647.023,306.640,5475:12;5498:3567;5499:2640;5500:3460;5501:2110
392.1538,1788885704.1772,6,579.03,11792.63,12371.66,1372.4,14250.5,49003.0,0.0,14776.128,647.254,306.640,5475:12;5498:3624;5499:2584;5500:3463;5501:2110
392.2620,1788885704.2854,6,579.21,11896.01,12475.22,1332.8,14147.6,49105.9,0.0,14785.853,647.420,306.640,5475:12;5498:3772;5499:2565;5500:3437;5501:2110
392.3701,1788885704.3935,6,579.45,11909.22,12488.67,1413.9,14248.5,49005.0,0.0,14791.751,647.570,306.640,5475:12;5498:3663;5499:2531;5500:3626;5501:2077
392.4772,1788885704.5006,6,579.77,11747.59,12327.36,1297.0,14278.6,48974.9,0.0,14796.675,647.760,306.640,5475:12;5498:3575;5499:2532;5500:3565;5501:2063
392.5835,1788885704.6069,6,579.87,11682.80,12262.67,945.7,14319.0,48934.4,0.0,14802.903,647.990,306.640,5475:12;5498:3572;5499:2543;5500:3480;5501:2076
392.6890,1788885704.7124,6,579.89,11760.59,12340.48,1307.8,14345.4,48908.1,0.0,14811.961,648.299,306.640,5475:12;5498:3594;5499:2566;5500:3498;5501:2090
392.7996,1788885704.8230,6,579.91,11829.04,12408.95,1221.0,14368.5,48884.9,0.0,14818.299,648.587,306.640,5475:12;5498:3613;5499:2576;5500:3505;5501:2123
392.9058,1788885704.9292,6,580.05,11810.24,12390.29,1244.0,14380.8,48872.7,0.0,14829.080,648.880,306.640,5475:12;5498:3611;5499:2589;5500:3503;5501:2094
393.0119,1788885705.0353,6,580.11,11896.98,12477.09,1233.8,14382.6,48870.8,0.0,14834.353,649.174,306.640,5475:12;5498:3623;5499:2604;5500:3510;5501:2148
393.1210,1788885705.1444,6,580.19,11960.33,12540.52,1123.8,14420.1,48833.4,0.0,14843.175,649.410,306.640,5475:12;5498:3638;5499:2624;5500:3522;5501:2164
393.2333,1788885705.2566,6,580.19,11992.47,12572.66,1118.3,14445.5,48808.0,0.0,14855.803,649.752,306.640,5475:12;5498:3649;5499:2617;5500:3542;5501:2172
393.3400,1788885705.3634,6,580.19,12059.86,12640.04,1096.1,14460.9,48792.5,0.0,14863.361,650.079,306.640,5475:12;5498:3659;5499:2636;5500:3560;5501:2193
393.4461,1788885705.4695,6,580.20,12129.84,12710.04,1322.7,14503.7,48749.8,0.0,14871.891,650.319,306.640,5475:12;5498:3672;5499:2664;5500:3566;5501:2214
393.5588,1788885705.5822,6,580.23,12486.41,13066.65,1470.1,14783.5,48470.0,0.0,14878.355,650.526,306.640,5475:12;5498:3672;5499:2800;5500:3584;5501:2418
393.6680,1788885705.6914,6,580.26,12674.06,13254.32,1509.9,15041.1,48212.3,0.0,14882.597,650.631,306.640,5475:12;5498:3693;5499:2914;5500:3790;5501:2265
393.7746,1788885705.7980,6,580.29,12324.20,12904.49,1273.1,15024.8,48228.7,0.0,14890.960,650.919,306.640,5475:12;5498:3692;5499:2726;5500:3648;5501:2246
393.8860,1788885705.9094,6,580.32,12349.18,12929.51,1368.8,14966.7,48286.8,0.0,14904.242,651.192,306.640,5475:12;5498:3710;5499:2668;5500:3716;5501:2244
393.9984,1788885706.0218,6,580.43,12348.63,12929.06,1236.7,14898.8,48354.7,0.0,14920.082,651.510,306.640,5475:12;5498:3722;5499:2689;5500:3661;5501:2265
394.1050,1788885706.1284,6,580.47,12571.54,13152.01,1445.2,14980.5,48273.0,0.0,14929.318,651.732,306.640,5475:12;5498:3793;5499:2802;5500:3698;5501:2266
394.2148,1788885706.2382,6,580.57,12527.54,13108.11,1286.3,14955.6,48297.9,0.0,14942.179,651.994,306.640,5475:12;5498:3821;5499:2711;5500:3705;5501:2278
394.3212,1788885706.3446,6,580.69,12742.98,13323.68,1461.0,15064.2,48189.2,0.0,14948.625,652.195,306.640,5475:12;5498:3896;5499:2790;5500:3755;5501:2290
394.4310,1788885706.4544,6,580.70,12966.80,13547.50,1526.0,15245.0,48008.4,0.0,14960.295,652.342,306.640,5475:12;5498:3983;5499:2840;5500:3792;5501:2340
394.5450,1788885706.5684,6,580.73,13157.51,13738.24,1482.3,15414.0,47839.4,0.0,14963.070,652.459,306.640,5475:12;5498:4014;5499:2909;5500:3874;5501:2348
394.6566,1788885706.6799,6,580.77,13285.43,13866.19,1459.0,15522.9,47730.5,0.0,14971.427,652.641,306.640,5475:12;5498:4033;5499:2926;5500:3888;5501:2426
394.7660,1788885706.7894,6,580.78,13510.64,14091.43,1483.3,15701.2,47552.3,0.0,14972.506,652.753,306.640,5475:12;5498:4041;5499:3029;5500:3946;5501:2482
394.8806,1788885706.9040,6,580.79,13890.38,14471.18,1524.9,16053.9,47199.6,0.0,14980.825,652.875,306.640,5475:12;5498:4112;5499:3215;5500:4054;5501:2497
394.9946,1788885707.0180,6,580.81,14162.62,14743.43,1529.6,16386.9,46866.6,0.0,14981.161,652.946,306.640,5475:12;5498:4085;5499:3307;5500:4094;5501:2664
395.1051,1788885707.1285,6,580.81,14289.45,14870.26,1417.4,16500.2,46753.2,0.0,14985.682,653.063,306.640,5475:12;5498:4091;5499:3272;5500:4230;5501:2685
395.2131,1788885707.2364,6,580.92,14578.97,15159.89,1488.5,16762.5,46491.0,0.0,14987.802,653.130,306.640,5475:12;5498:4230;5499:3115;5500:4382;5501:2840
395.3201,1788885707.3434,6,580.95,15058.86,15639.80,1480.0,17161.8,46091.7,0.0,14990.579,653.163,306.640,5475:12;5498:4613;5499:3080;5500:4450;5501:2904
395.4300,1788885707.4534,6,581.00,15214.86,15795.86,1541.8,17405.2,45848.2,0.0,14993.727,653.174,306.640,5475:12;5498:4598;5499:3265;5500:4444;5501:2896
395.5374,1788885707.5607,6,581.05,15210.93,15791.98,1405.7,17654.4,45599.1,0.0,14993.727,653.174,306.640,5475:12;5498:4429;5499:3297;5500:4523;5501:2949
395.6522,1788885707.6756,6,581.20,15013.48,15594.68,1428.3,17779.6,45473.9,0.0,14993.727,653.175,306.640,5475:12;5498:4155;5499:3377;5500:4416;5501:3053
395.7777,1788885707.8011,6,581.43,14670.79,15252.22,1462.2,17674.5,45579.0,0.0,14993.727,653.175,306.640,5475:12;5498:3873;5499:3609;5500:4394;5501:2782
395.8891,1788885707.9124,6,581.68,14269.14,14850.82,1500.7,17419.0,45834.5,0.0,14993.727,653.175,306.640,5475:12;5498:3884;5499:3650;5500:4189;5501:2534
395.9965,1788885708.0198,6,582.15,13189.51,13771.66,1255.8,16832.2,46421.3,0.0,14993.728,653.196,306.640,5475:12;5498:3794;5499:3082;5500:3953;5501:2349
396.1022,1788885708.1256,6,582.34,13081.54,13663.88,913.4,16562.0,46691.5,0.0,14994.915,653.324,306.640,5475:12;5498:3793;5499:2991;5500:3971;5501:2314
396.2100,1788885708.2334,6,582.35,13183.33,13765.68,1092.8,16581.4,46672.0,0.0,15000.942,653.662,306.640,5475:12;5498:3821;5499:3020;5500:3988;5501:2343
396.3228,1788885708.3462,6,582.35,13219.27,13801.62,1152.8,16590.8,46662.7,0.0,15005.761,653.957,306.640,5475:12;5498:3828;5499:3032;5500:4008;5501:2340
396.4310,1788885708.4544,6,582.35,13268.39,13850.75,1123.2,16605.6,46647.8,0.0,15014.623,654.275,306.640,5475:12;5498:3841;5499:3044;5500:4014;5501:2357
396.5372,1788885708.5605,6,582.39,13307.98,13890.37,1079.9,16623.0,46630.4,0.0,15020.018,654.595,306.640,5475:12;5498:3846;5499:3055;5500:4022;5501:2373
396.6416,1788885708.6650,6,582.39,13368.62,13951.01,1120.5,16638.5,46615.0,0.0,15026.521,654.904,306.640,5475:12;5498:3861;5499:3071;5500:4041;5501:2383
396.7480,1788885708.7714,6,582.39,13434.67,14017.06,1101.5,16663.4,46590.1,0.0,15034.237,655.201,306.640,5475:12;5498:3887;5499:3082;5500:4054;5501:2399
396.8543,1788885708.8777,6,582.39,13468.70,14051.09,1214.0,16686.3,46567.2,0.0,15040.341,655.570,306.640,5475:12;5498:3895;5499:3092;5500:4061;5501:2409
396.9610,1788885708.9844,6,582.40,13393.75,13976.14,963.4,16570.1,46683.4,0.0,15045.963,655.836,306.640,5475:12;5498:3898;5499:3097;5500:3960;5501:2426
397.0674,1788885709.0908,6,582.45,13437.91,14020.36,1184.8,16588.5,46665.0,0.0,15058.090,656.134,306.640,5475:12;5498:3920;5499:3103;5500:3971;5501:2432
397.1739,1788885709.1973,6,582.48,13467.02,14049.51,1264.3,16605.4,46648.1,0.0,15066.021,656.378,306.640,5475:12;5498:3923;5499:3104;5500:3988;5501:2440
397.2787,1788885709.3021,6,582.49,13514.09,14096.59,1005.4,16625.9,46627.6,0.0,15083.289,656.651,306.640,5475:12;5498:3933;5499:3124;5500:3985;5501:2460
397.3832,1788885709.4066,6,582.49,13571.93,14154.42,1017.6,16638.0,46615.4,0.0,15094.648,656.956,306.640,5475:12;5498:3948;5499:3143;5500:4000;5501:2468
397.4876,1788885709.5110,6,582.52,13630.93,14213.45,997.9,16650.3,46603.2,0.0,15111.263,657.231,306.640,5475:12;5498:3956;5499:3151;5500:4024;5501:2487
397.5939,1788885709.6173,6,582.52,13648.06,14230.58,1053.1,16663.8,46589.7,0.0,15125.651,657.512,306.640,5475:12;5498:3967;5499:3153;5500:4020;5501:2496
397.6980,1788885709.7214,6,582.53,13755.29,14337.81,1194.2,16707.5,46546.0,0.0,15142.127,657.784,306.640,5475:12;5498:3969;5499:3193;5500:4033;5501:2547
397.8045,1788885709.8279,6,582.54,14018.82,14601.36,1482.4,16826.1,46427.4,0.0,15157.943,657.996,306.640,5475:12;5498:3990;5499:3295;5500:4056;5501:2666
397.9157,1788885709.9391,6,582.55,14213.76,14796.31,1509.2,16957.3,46296.2,0.0,15169.175,658.177,306.640,5475:12;5498:4010;5499:3388;5500:4072;5501:2732
398.0246,1788885710.0480,6,582.58,14314.38,14896.96,1429.6,17195.6,46057.9,0.0,15187.305,658.427,306.640,5475:12;5498:4021;5499:3476;5500:4059;5501:2746
398.1530,1788885710.1764,6,582.59,14237.48,14820.07,1510.2,17102.2,46151.2,0.0,15194.865,658.568,306.640,5475:12;5498:3992;5499:3359;5500:4101;5501:2773
398.2626,1788885710.2860,6,582.64,14402.47,14985.11,1445.6,17060.7,46192.8,0.0,15204.235,658.757,306.640,5475:12;5498:3973;5499:3408;5500:4205;5501:2804
398.3791,1788885710.4024,6,582.69,14470.36,15053.04,1545.7,17014.5,46238.9,0.0,15216.888,658.896,306.640,5475:12;5498:3995;5499:3404;5500:4212;5501:2847
398.4963,1788885710.5196,6,582.73,14766.93,15349.66,1487.3,17149.2,46104.3,0.0,15225.001,659.065,306.640,5475:12;5498:3992;5499:3488;5500:4296;5501:2978
398.6039,1788885710.6273,6,582.75,14861.64,15444.39,1467.4,17273.8,45979.7,0.0,15235.552,659.204,306.640,5475:12;5498:3976;5499:3509;5500:4379;5501:2985
398.7140,1788885710.7374,6,582.77,15077.88,15660.65,1456.5,17294.4,45959.1,0.0,15245.478,659.357,306.640,5475:12;5498:3969;5499:3561;5500:4437;5501:3098
398.8229,1788885710.8462,6,582.78,15072.57,15655.34,1516.9,17329.6,45923.9,0.0,15256.735,659.557,306.640,5475:12;5498:3997;5499:3579;5500:4525;5501:2958
398.9380,1788885710.9614,6,582.79,15092.39,15675.18,1432.5,17297.3,45956.2,0.0,15271.341,659.774,306.640,5475:12;5498:3997;5499:3634;5500:4564;5501:2886
399.0470,1788885711.0704,6,582.82,15279.91,15862.73,1352.0,17457.4,45796.1,0.0,15286.674,659.993,306.640,5475:12;5498:4047;5499:3621;5500:4554;5501:3046
399.1568,1788885711.1802,6,582.83,15467.92,16050.75,1462.0,17637.1,45616.3,0.0,15297.062,660.174,306.640,5475:12;5498:4005;5499:3802;5500:4672;5501:2977
399.2781,1788885711.3015,6,582.86,15684.44,16267.30,1528.7,17799.0,45454.5,0.0,15308.278,660.311,306.640,5475:12;5498:4031;5499:3850;5500:4819;5501:2973
399.3850,1788885711.4084,6,582.88,15953.48,16536.36,1505.8,17966.5,45286.9,0.0,15317.715,660.439,306.640,5475:12;5498:4179;5499:3847;5500:4941;5501:2974
399.4980,1788885711.5214,6,582.96,16219.29,16802.25,1514.6,18212.7,45040.7,0.0,15327.713,660.533,306.640,5475:12;5498:4148;5499:3988;5500:5198;5501:2873
399.6119,1788885711.6352,6,583.05,16401.89,16984.94,1499.7,18424.9,44828.6,0.0,15333.172,660.635,306.640,5475:12;5498:4103;5499:4053;5500:5327;5501:2907
399.7230,1788885711.7464,6,583.20,16903.11,17486.30,1544.0,18808.4,44445.1,0.0,15343.370,660.702,306.640,5475:12;5498:4088;5499:4220;5500:5602;5501:2981
399.8365,1788885711.8598,6,583.30,16791.81,17375.12,1383.9,19048.1,44205.4,0.0,15345.361,660.754,306.640,5475:12;5498:4058;5499:4221;5500:5569;5501:2932
399.9424,1788885711.9658,6,583.43,16798.57,17382.00,1419.6,19316.4,43937.0,0.0,15345.453,660.785,306.640,5475:12;5498:3982;5499:4269;5500:5693;5501:2843
400.0533,1788885712.0767,6,583.49,17072.82,17656.32,1431.2,19389.4,43864.1,0.0,15345.501,660.794,306.640,5475:12;5498:4045;5499:4300;5500:5694;5501:3022
400.1620,1788885712.1854,6,583.68,17617.47,18201.15,1350.5,19732.0,43521.5,0.0,15345.534,660.836,306.640,5475:12;5498:4133;5499:4613;5500:5787;5501:3071
400.2790,1788885712.3024,6,583.66,18363.55,18947.21,1560.0,20405.9,42847.6,0.0,15345.679,660.863,306.640,5475:12;5498:4373;5499:4725;5500:5914;5501:3339
400.3910,1788885712.4144,6,583.77,18118.50,18702.27,1470.1,20585.4,42668.1,0.0,15345.697,660.871,306.640,5475:12;5498:4380;5499:4552;5500:5958;5501:3217
400.4989,1788885712.5223,6,584.00,17464.46,18048.47,1318.5,20421.4,42832.1,0.0,15345.762,660.906,306.640,5475:12;5498:3936;5499:4468;5500:6033;5501:3015
400.6058,1788885712.6292,6,584.29,16536.14,17120.44,1120.1,19703.3,43550.1,0.0,15345.781,660.929,306.640,5475:12;5498:3928;5499:3621;5500:6064;5501:2911
400.7099,1788885712.7333,6,584.64,16775.68,17360.32,1015.6,19927.5,43326.0,0.0,15345.799,660.950,306.640,5475:12;5498:3925;5499:3618;5500:6315;5501:2905
400.8144,1788885712.8377,6,584.82,16934.82,17519.64,1337.0,20008.3,43245.2,0.0,15348.448,661.010,306.640,5475:12;5498:4059;5499:3748;5500:6205;5501:2910
400.9200,1788885712.9434,6,584.98,16438.83,17023.81,1373.1,19982.6,43270.8,0.0,15358.335,661.072,306.640,5475:12;5498:3994;5499:3571;5500:5941;5501:2920
401.0300,1788885713.0534,6,585.02,15961.50,16546.51,1151.5,19525.8,43727.7,0.0,15369.084,661.279,306.640,5475:12;5498:3901;5499:3569;5500:5535;5501:2944
401.1372,1788885713.1606,6,585.03,15858.59,16443.61,1099.8,19459.4,43794.1,0.0,15380.111,661.522,306.640,5475:12;5498:3869;5499:3524;5500:5518;5501:2936
401.2420,1788885713.2653,6,585.03,15854.25,16439.29,1181.5,19472.5,43781.0,0.0,15401.829,661.820,306.640,5475:12;5498:3893;5499:3492;5500:5505;5501:2951
401.3484,1788885713.3718,6,585.03,15869.90,16454.93,1072.9,19480.0,43773.5,0.0,15407.895,662.041,306.640,5475:12;5498:3886;5499:3507;5500:5510;5501:2955
401.4527,1788885713.4761,6,585.03,15929.36,16514.39,1193.7,19496.5,43757.0,0.0,15418.645,662.333,306.640,5475:12;5498:3908;5499:3520;5500:5525;5501:2965
401.5584,1788885713.5818,6,585.09,15973.02,16558.12,896.9,19502.1,43751.4,0.0,15428.632,662.618,306.640,5475:12;5498:3908;5499:3536;5500:5542;5501:2974
401.6644,1788885713.6877,6,585.09,16017.62,16602.72,1203.3,19512.8,43740.6,0.0,15444.527,662.848,306.640,5475:12;5498:3918;5499:3541;5500:5560;5501:2987
401.7706,1788885713.7940,6,585.09,16086.43,16671.53,1156.2,19525.7,43727.7,0.0,15456.786,663.187,306.640,5475:12;5498:3943;5499:3547;5500:5573;5501:3011
401.8770,1788885713.9004,6,585.09,16104.39,16689.48,1177.4,19527.7,43725.8,0.0,15464.181,663.409,306.640,5475:12;5498:3939;5499:3558;5500:5582;5501:3012
401.9813,1788885714.0047,6,585.10,16212.06,16797.16,1212.4,19534.7,43718.8,0.0,15477.164,663.710,306.640,5475:12;5498:4005;5499:3572;5500:5589;5501:3034
402.0880,1788885714.1113,6,585.26,16196.61,16781.87,1366.6,19332.9,43920.6,0.0,15488.750,663.901,306.640,5475:12;5498:3960;5499:3600;5500:5595;5501:3029
402.1948,1788885714.2182,6,585.35,16264.89,16850.24,1324.2,19225.6,44027.8,0.0,15507.590,664.039,306.640,5475:12;5498:3966;5499:3607;5500:5645;5501:3034
402.3040,1788885714.3274,6,585.36,16094.14,16679.51,1319.2,19200.9,44052.5,0.0,15519.489,664.318,306.640,5475:12;5498:3942;5499:3581;5500:5531;5501:3028
402.4135,1788885714.4369,6,585.41,15507.34,16092.75,1346.6,18616.0,44637.5,0.0,15531.794,664.488,306.640,5475:12;5498:3884;5499:3549;5500:5076;5501:2986
402.5204,1788885714.5438,6,585.68,15572.70,16158.39,1068.1,18633.0,44620.5,0.0,15541.229,664.737,306.640,5475:12;5498:3892;5499:3548;5500:5133;5501:2988
402.6263,1788885714.6497,6,585.78,15613.17,16198.95,1355.4,18648.2,44605.3,0.0,15558.438,664.918,306.640,5475:12;5498:3889;5499:3543;5500:5148;5501:3021
402.7331,1788885714.7564,6,585.85,15798.05,16383.90,1429.8,18727.6,44525.9,0.0,15567.090,665.083,306.640,5475:12;5498:4004;5499:3569;5500:5140;5501:3073
402.8410,1788885714.8644,6,585.93,15824.54,16410.48,1415.4,18851.9,44401.5,0.0,15576.939,665.254,306.640,5475:12;5498:3993;5499:3617;5500:5197;5501:3005
402.9580,1788885714.9814,6,586.12,15927.60,16513.72,1499.3,19048.4,44205.1,0.0,15595.819,665.399,306.640,5475:12;5498:4099;5499:3581;5500:5207;5501:3029
403.0767,1788885715.1001,6,586.39,15877.46,16463.84,1357.5,18742.1,44511.4,0.0,15598.271,665.551,306.640,5475:12;5498:4004;5499:3618;5500:5216;5501:3028
403.1847,1788885715.2080,6,586.77,15818.45,16405.22,1326.2,18612.0,44641.5,0.0,15610.341,665.706,306.640,5475:12;5498:4000;5499:3591;5500:5180;5501:3035
403.2911,1788885715.3145,6,587.17,15868.30,16455.47,1316.0,18623.4,44630.1,0.0,15613.337,665.776,306.640,5475:12;5498:3993;5499:3633;5500:5205;5501:3025
403.3966,1788885715.4200,6,587.51,15860.58,16448.09,983.8,18644.5,44609.0,0.0,15627.772,665.969,306.640,5475:12;5498:4013;5499:3578;5500:5236;5501:3021
403.5024,1788885715.5258,6,587.56,15886.22,16473.78,967.6,18656.2,44597.2,0.0,15630.307,666.154,306.640,5475:12;5498:4015;5499:3595;5500:5241;5501:3023
403.6080,1788885715.6314,6,587.56,15969.54,16557.10,1029.5,18672.2,44581.2,0.0,15653.510,666.422,306.640,5475:12;5498:4039;5499:3611;5500:5265;5501:3042
403.7166,1788885715.7400,6,587.56,15978.13,16565.70,987.4,18696.5,44557.0,0.0,15662.088,666.678,306.640,5475:12;5498:4040;5499:3607;5500:5270;5501:3049
403.8220,1788885715.8454,6,587.56,16059.67,16647.23,1003.0,18721.0,44532.5,0.0,15689.571,666.985,306.640,5475:12;5498:4060;5499:3630;5500:5289;5501:3068
403.9326,1788885715.9560,6,587.56,16055.60,16643.16,984.9,18758.0,44495.4,0.0,15700.862,667.196,306.640,5475:12;5498:4054;5499:3638;5500:5284;5501:3068
404.0379,1788885716.0613,6,587.57,16134.35,16721.91,1094.0,18768.3,44485.2,0.0,15729.484,667.520,306.640,5475:12;5498:4078;5499:3659;5500:5309;5501:3076
404.1442,1788885716.1676,6,587.57,16143.16,16730.72,962.2,18785.5,44468.0,0.0,15737.617,667.765,306.640,5475:12;5498:4076;5499:3661;5500:5313;5501:3082
404.2490,1788885716.2723,6,587.57,16195.77,16783.33,941.5,18816.5,44437.0,0.0,15762.191,668.059,306.640,5475:12;5498:4087;5499:3686;5500:5321;5501:3090
404.3578,1788885716.3812,6,587.57,16222.62,16810.19,1070.5,18832.6,44420.8,0.0,15775.864,668.298,306.640,5475:12;5498:4100;5499:3694;5500:5320;5501:3097
404.4640,1788885716.4874,6,587.57,16274.32,16861.89,1097.8,18861.1,44392.3,0.0,15796.100,668.578,306.640,5475:12;5498:4114;5499:3705;5500:5331;5501:3112
404.5690,1788885716.5924,6,587.57,16345.32,16932.89,1173.8,18898.1,44355.3,0.0,15825.424,668.834,306.640,5475:12;5498:4123;5499:3738;5500:5349;5501:3123
404.6834,1788885716.7068,6,587.57,16378.55,16966.13,970.3,18928.5,44324.9,0.0,15842.774,669.168,306.640,5475:12;5498:4134;5499:3750;5500:5361;5501:3121
404.7895,1788885716.8129,6,587.57,16425.30,17012.88,1245.0,18950.1,44303.4,0.0,15875.170,669.389,306.640,5475:12;5498:4150;5499:3764;5500:5365;5501:3134
404.8958,1788885716.9192,6,587.60,16489.34,17076.94,1088.1,19036.7,44216.8,0.0,15891.273,669.656,306.640,5475:12;5498:4160;5499:3769;5500:5386;5501:3162
405.0026,1788885717.0260,6,587.63,16592.01,17179.64,1510.0,19039.6,44213.9,0.0,15915.412,669.841,306.640,5475:12;5498:4182;5499:3807;5500:5424;5501:3167
405.1124,1788885717.1358,6,587.64,16672.35,17259.99,1298.4,19101.6,44151.9,0.0,15926.554,670.074,306.640,5475:12;5498:4184;5499:3809;5500:5496;5501:3171
405.2211,1788885717.2444,6,587.64,16681.04,17268.68,1212.5,19163.7,44089.8,0.0,15951.553,670.339,306.640,5475:12;5498:4228;5499:3813;5500:5448;5501:3180
405.3280,1788885717.3514,6,587.70,16972.34,17560.03,1490.5,19341.1,43912.4,0.0,15960.421,670.455,306.640,5475:12;5498:4337;5499:3903;5500:5524;5501:3196
405.4350,1788885717.4584,6,587.77,16940.25,17528.02,1408.0,19365.4,43888.1,0.0,15969.804,670.635,306.640,5475:12;5498:4325;5499:3911;5500:5463;5501:3229
405.5429,1788885717.5662,6,587.91,17086.80,17674.71,1413.1,19434.8,43818.7,0.0,15980.557,670.784,306.640,5475:12;5498:4308;5499:3982;5500:5460;5501:3324
405.6492,1788885717.6726,6,587.97,17014.61,17602.58,1457.1,19626.7,43626.8,0.0,15986.377,670.921,306.640,5475:12;5498:4254;5499:3957;5500:5508;5501:3284
405.7582,1788885717.7816,6,588.11,17065.01,17653.12,1362.3,19562.8,43690.7,0.0,15999.272,671.105,306.640,5475:12;5498:4294;5499:3887;5500:5649;5501:3223
405.8655,1788885717.8888,6,588.35,16929.21,17517.56,1352.0,19523.9,43729.6,0.0,16011.343,671.298,306.640,5475:12;5498:4284;5499:3865;5500:5536;5501:3232
405.9742,1788885717.9976,6,588.48,16956.75,17545.23,1248.8,19612.3,43641.2,0.0,16024.490,671.515,306.640,5475:12;5498:4301;5499:3865;5500:5568;5501:3211
406.0825,1788885718.1059,6,588.61,17124.14,17712.75,1249.5,19700.0,43553.4,0.0,16036.378,671.765,306.640,5475:12;5498:4301;5499:3903;5500:5658;5501:3250
406.1960,1788885718.2194,6,588.68,17154.98,17743.66,1275.3,19743.1,43510.4,0.0,16049.036,672.033,306.640,5475:12;5498:4311;5499:3931;5500:5660;5501:3241
406.3033,1788885718.3267,6,588.73,17144.06,17732.80,1223.3,19663.0,43590.5,0.0,16058.674,672.287,306.640,5475:12;5498:4325;5499:3938;5500:5624;5501:3244
406.4100,1788885718.4334,6,588.82,17206.89,17795.71,1202.5,19684.1,43569.4,0.0,16081.850,672.537,306.640,5475:12;5498:4338;5499:3968;5500:5629;5501:3260
406.5224,1788885718.5458,6,588.85,17249.66,17838.51,1298.7,19708.0,43545.4,0.0,16091.301,672.861,306.640,5475:12;5498:4349;5499:3959;5500:5647;5501:3282
406.6268,1788885718.6502,6,588.86,17281.41,17870.27,1114.5,19738.8,43514.7,0.0,16110.054,673.078,306.640,5475:12;5498:4357;5499:3966;5500:5664;5501:3283
406.7309,1788885718.7543,6,588.86,17329.54,17918.40,1327.8,19771.7,43481.8,0.0,16118.445,673.342,306.640,5475:12;5498:4356;5499:3982;5500:5677;5501:3303
406.8360,1788885718.8594,6,588.86,17375.14,17964.00,1046.9,19789.4,43464.0,0.0,16131.630,673.649,306.640,5475:12;5498:4377;5499:3989;5500:5687;5501:3310
406.9420,1788885718.9653,6,588.86,17480.48,18069.34,1326.1,19958.9,43294.6,0.0,16151.429,673.852,306.640,5475:12;5498:4399;5499:4013;5500:5717;5501:3338
407.0524,1788885719.0757,6,589.08,17730.48,18319.57,1470.2,20035.8,43217.7,0.0,16157.904,674.005,306.640,5475:12;5498:4485;5499:4136;5500:5707;5501:3390
407.1607,1788885719.1841,6,589.26,17662.52,18251.78,1400.3,19976.5,43276.9,0.0,16170.665,674.126,306.640,5475:12;5498:4479;5499:4074;5500:5733;5501:3364
407.2669,1788885719.2902,6,589.46,17606.51,18195.97,1278.0,20004.2,43249.3,0.0,16176.146,674.299,306.640,5475:12;5498:4428;5499:4076;5500:5719;5501:3372
407.3733,1788885719.3967,6,589.60,17543.96,18133.56,1265.9,20040.3,43213.2,0.0,16188.398,674.486,306.640,5475:12;5498:4428;5499:4070;5500:5712;5501:3322
407.4791,1788885719.5025,6,589.91,17611.71,18201.62,1288.3,20061.9,43191.6,0.0,16206.853,674.700,306.640,5475:12;5498:4433;5499:4085;5500:5754;5501:3328
407.5855,1788885719.6089,6,590.16,17517.14,18107.30,1270.5,20000.3,43253.2,0.0,16222.879,674.906,306.640,5475:12;5498:4427;5499:3970;5500:5770;5501:3339
407.6916,1788885719.7150,6,590.29,17573.79,18164.07,1090.8,20015.7,43237.8,0.0,16246.034,675.084,306.640,5475:12;5498:4441;5499:3988;5500:5784;5501:3348
407.7979,1788885719.8212,6,590.30,17607.05,18197.35,950.8,20016.2,43237.3,0.0,16255.524,675.404,306.640,5475:12;5498:4448;5499:3992;5500:5795;5501:3360
407.9020,1788885719.9253,6,590.32,17637.09,18227.41,1305.5,20032.3,43221.2,0.0,16274.190,675.630,306.640,5475:12;5498:4454;5499:3997;5500:5801;5501:3373
408.0069,1788885720.0303,6,590.32,17782.94,18373.27,1091.0,20052.2,43201.3,0.0,16287.842,675.888,306.640,5475:12;5498:4470;5499:4010;5500:5905;5501:3386
408.1124,1788885720.1357,6,590.33,17929.64,18519.98,1363.2,20235.6,43017.9,0.0,16308.452,676.117,306.640,5475:12;5498:4488;5499:4083;5500:5946;5501:3400
408.2211,1788885720.2445,6,590.34,17882.93,18473.27,1356.3,20298.3,42955.2,0.0,16313.960,676.310,306.640,5475:12;5498:4468;5499:4052;5500:5940;5501:3411
408.3263,1788885720.3497,6,590.35,17842.20,18432.55,1102.0,20310.0,42943.4,0.0,16338.821,676.584,306.640,5475:12;5498:4477;5499:4064;5500:5881;5501:3408
408.4328,1788885720.4562,6,590.35,17901.43,18491.78,1107.2,20330.0,42923.5,0.0,16350.050,676.894,306.640,5475:12;5498:4489;5499:4072;5500:5904;5501:3423
408.5390,1788885720.5624,6,590.36,17957.72,18548.08,1181.1,20339.1,42914.4,0.0,16371.354,677.155,306.640,5475:12;5498:4500;5499:4090;5500:5915;5501:3440
408.6497,1788885720.6731,6,590.36,17978.83,18569.19,917.7,20365.5,42888.0,0.0,16380.605,677.468,306.640,5475:12;5498:4505;5499:4093;5500:5925;5501:3442
408.7550,1788885720.7784,6,590.37,18087.14,18677.51,1298.5,20447.6,42805.8,0.0,16402.736,677.646,306.640,5475:12;5498:4562;5499:4095;5500:5971;5501:3447
408.8631,1788885720.8864,6,590.42,18076.40,18666.82,1098.6,20435.5,42818.0,0.0,16427.679,677.914,306.640,5475:12;5498:4527;5499:4122;5500:5953;5501:3462
408.9700,1788885720.9934,6,590.57,18177.17,18767.74,1137.8,20477.8,42775.7,0.0,16457.202,678.165,306.640,5475:12;5498:4538;5499:4136;5500:6014;5501:3477
409.0780,1788885721.1014,6,590.66,18187.34,18777.99,1223.7,20498.3,42755.2,0.0,16479.618,678.419,306.640,5475:12;5498:4537;5499:4135;5500:6019;5501:3483
409.1877,1788885721.2111,6,590.77,18230.09,18820.87,1017.2,20504.0,42749.5,0.0,16503.058,678.721,306.640,5475:12;5498:4550;5499:4138;5500:6041;5501:3489
409.2938,1788885721.3171,6,590.77,18259.36,18850.13,903.4,20510.5,42743.0,0.0,16524.820,678.968,306.640,5475:12;5498:4552;5499:4150;5500:6044;5501:3502
409.4001,1788885721.4235,6,590.78,18366.16,18956.95,1175.6,20573.9,42679.5,0.0,16549.194,679.183,306.640,5475:12;5498:4616;5499:4170;5500:6047;5501:3520
409.5068,1788885721.5302,6,590.88,18673.28,19264.16,1409.1,20800.0,42453.4,0.0,16567.728,679.320,306.640,5475:12;5498:4668;5499:4301;5500:6054;5501:3639
409.6130,1788885721.6364,6,591.02,18563.29,19154.30,1273.1,20750.3,42503.1,0.0,16580.830,679.457,306.640,5475:12;5498:4769;5499:4143;5500:6066;5501:3573
409.7206,1788885721.7440,6,591.30,18447.71,19039.00,1377.5,20606.5,42647.0,0.0,16595.958,679.614,306.640,5475:12;5498:4684;5499:4144;5500:6103;5501:3505
409.8288,1788885721.8522,6,591.33,18457.50,19048.83,794.3,20615.2,42638.2,0.0,16601.139,679.859,306.640,5475:12;5498:4689;5499:4138;5500:6112;5501:3507
409.9360,1788885721.9594,6,591.34,18567.28,19158.62,1226.9,20658.1,42595.4,0.0,16636.486,680.049,306.640,5475:12;5498:4699;5499:4160;5500:6162;5501:3534
410.0425,1788885722.0658,6,591.37,18894.49,19485.86,1353.0,20988.8,42264.7,0.0,16641.506,680.253,306.640,5475:12;5498:4710;5499:4206;5500:6268;5501:3699
410.1500,1788885722.1734,6,591.54,18826.39,19417.92,1401.4,20970.0,42283.5,0.0,16663.973,680.417,306.640,5475:12;5498:4730;5499:4174;5500:6288;5501:3622
410.2608,1788885722.2841,6,591.64,18839.89,19431.54,1341.3,21026.1,42227.4,0.0,16670.056,680.627,306.640,5475:12;5498:4708;5499:4176;5500:6312;5501:3632
410.3690,1788885722.3924,6,591.77,18837.09,19428.85,1456.0,20866.2,42387.3,0.0,16684.070,680.814,306.640,5475:12;5498:4758;5499:4177;5500:6252;5501:3638
410.4816,1788885722.5050,6,591.79,19130.20,19721.98,1435.6,21090.3,42163.2,0.0,16688.251,680.971,306.640,5475:12;5498:4885;5499:4210;5500:6339;5501:3684
410.5936,1788885722.6170,6,591.83,19305.21,19897.04,1449.0,21269.9,41983.6,0.0,16698.941,681.163,306.640,5475:12;5498:4919;5499:4309;5500:6406;5501:3659
410.7002,1788885722.7236,6,591.87,19302.36,19894.23,1465.6,21437.3,41816.2,0.0,16700.480,681.329,306.640,5475:12;5498:4817;5499:4360;5500:6450;5501:3663
410.8140,1788885722.8374,6,591.91,19390.52,19982.43,1495.8,21485.3,41768.2,0.0,16711.199,681.481,306.640,5475:12;5498:4788;5499:4373;5500:6514;5501:3703
410.9229,1788885722.9463,6,591.91,19544.26,20136.18,1476.5,21595.2,41658.2,0.0,16711.815,681.632,306.640,5475:12;5498:4761;5499:4478;5500:6518;5501:3776
411.0306,1788885723.0540,6,591.94,19964.58,20556.52,1485.3,21884.3,41369.2,0.0,16722.482,681.804,306.640,5475:12;5498:4861;5499:4515;5500:6783;5501:3793
411.1409,1788885723.1643,6,591.95,20101.93,20693.88,1506.1,22065.4,41188.1,0.0,16722.847,681.955,306.640,5475:12;5498:4827;5499:4612;5500:6842;5501:3809
411.2610,1788885723.2844,6,591.96,20290.53,20882.49,1521.2,22124.8,41128.7,0.0,16723.468,682.104,306.640,5475:12;5498:4860;5499:4619;5500:6924;5501:3874
411.3709,1788885723.3943,6,591.98,20595.94,21187.92,1479.1,22419.4,40834.1,0.0,16733.661,682.234,306.640,5475:12;5498:4915;5499:4676;5500:6993;5501:4000
411.4790,1788885723.5023,6,592.04,20497.34,21089.38,1394.0,22591.7,40661.7,0.0,16734.268,682.317,306.640,5475:12;5498:4891;5499:4673;5500:6876;5501:4045
411.5861,1788885723.6094,6,592.14,20811.48,21403.63,1466.5,22922.7,40330.8,0.0,16744.739,682.459,306.640,5475:12;5498:5050;5499:4928;5500:6691;5501:4130
411.6995,1788885723.7229,6,592.17,21066.97,21659.14,1516.0,23190.9,40062.5,0.0,16744.854,682.511,306.640,5475:12;5498:5099;5499:4950;5500:6839;5501:4167
411.8092,1788885723.8325,6,592.27,21130.40,21722.67,1434.4,23448.0,39805.4,0.0,16751.865,682.632,306.640,5475:12;5498:4970;5499:5048;5500:6929;5501:4171
411.9240,1788885723.9474,6,592.35,21592.84,22185.20,1515.4,24113.8,39139.7,0.0,16754.807,682.688,306.640,5475:12;5498:4927;5499:5247;5500:6900;5501:4507
412.0329,1788885724.0563,6,592.39,21897.18,22489.56,1538.4,24323.6,38929.8,0.0,16764.285,682.794,306.640,5475:12;5498:5032;5499:5319;5500:6948;5501:4586
412.1488,1788885724.1722,6,592.41,22087.48,22679.89,1475.0,24525.6,38727.8,0.0,16765.362,682.802,306.640,5475:12;5498:5023;5499:5430;5500:7006;5501:4617
412.2580,1788885724.2814,6,592.44,22071.21,22663.65,1396.8,24603.7,38649.7,0.0,16765.362,682.804,306.640,5475:12;5498:5045;5499:5306;5500:7055;5501:4653
412.3691,1788885724.3924,6,592.45,21937.30,22529.75,1314.9,24661.9,38591.6,0.0,16765.362,682.804,306.640,5475:12;5498:5020;5499:5306;5500:6962;5501:4637
412.4763,1788885724.4997,6,592.65,21599.18,22191.83,1030.1,24519.9,38733.6,0.0,16765.362,682.804,306.640,5475:12;5498:4706;5499:5465;5500:6785;5501:4631
412.5812,1788885724.6046,6,592.75,22146.62,22739.37,1511.7,24921.9,38331.6,0.0,16765.362,682.804,306.640,5475:12;5498:4636;5499:5684;5500:6771;5501:5043
412.6937,1788885724.7171,6,592.81,22054.89,22647.70,1498.5,24849.9,38403.6,0.0,16765.407,682.819,306.640,5475:12;5498:4675;5499:5724;5500:6873;5501:4771
412.8114,1788885724.8348,6,592.89,22275.06,22867.95,1562.6,25019.2,38234.3,0.0,16765.422,682.825,306.640,5475:12;5498:4707;5499:5896;5500:6882;5501:4777
412.9482,1788885724.9715,6,592.98,21706.15,22299.14,1436.1,24764.3,38489.2,0.0,16765.432,682.829,306.640,5475:12;5498:4476;5499:5741;5500:6819;5501:4657
413.0550,1788885725.0784,6,593.34,20538.23,21131.57,1126.6,23772.0,39481.5,0.0,16765.453,682.860,306.640,5475:12;5498:4405;5499:4785;5500:6831;5501:4505
413.1621,1788885725.1855,6,593.43,20443.91,21037.34,1135.6,23486.4,39767.1,0.0,16765.782,682.910,306.640,5475:12;5498:4350;5499:4723;5500:6981;5501:4378
413.2702,1788885725.2936,6,593.77,19950.00,20543.77,1410.5,23247.5,40006.0,0.0,16775.312,682.984,306.640,5475:12;5498:4351;5499:4616;5500:6952;5501:4019
413.3769,1788885725.4003,6,594.09,19503.17,20097.27,1101.2,23119.2,40134.3,0.0,16777.321,683.084,306.640,5475:12;5498:4272;5499:4617;5500:6818;5501:3783
413.4811,1788885725.5044,6,594.38,19386.12,19980.50,1011.4,22952.8,40300.7,0.0,16788.571,683.134,306.640,5475:12;5498:4284;5499:4619;5500:6698;5501:3772
413.5870,1788885725.6103,6,594.62,19303.62,19898.25,1014.7,22691.5,40562.0,0.0,16790.055,683.282,306.640,5475:12;5498:4280;5499:4626;5500:6636;5501:3749
413.6926,1788885725.7159,6,594.64,19345.57,19940.21,1164.1,22702.6,40550.9,0.0,16801.544,683.482,306.640,5475:12;5498:4298;5499:4645;5500:6631;5501:3759
413.7970,1788885725.8204,6,594.64,19384.07,19978.72,1187.9,22742.9,40510.6,0.0,16812.149,683.771,306.640,5475:12;5498:4313;5499:4656;5500:6621;5501:3782
413.9075,1788885725.9309,6,594.64,19228.26,19822.91,1266.1,22623.9,40629.6,0.0,16824.852,684.043,306.640,5475:12;5498:4322;5499:4662;5500:6453;5501:3779
414.0132,1788885726.0366,6,594.64,19251.65,19846.29,801.9,22594.4,40659.1,0.0,16836.594,684.383,306.640,5475:12;5498:4340;5499:4682;5500:6413;5501:3805
414.1180,1788885726.1414,6,594.64,19275.12,19869.77,1363.2,22597.4,40656.1,0.0,16849.511,684.613,306.640,5475:12;5498:4347;5499:4682;5500:6428;5501:3806
414.2230,1788885726.2464,6,594.64,19321.68,19916.33,854.5,22600.9,40652.6,0.0,16860.034,684.861,306.640,5475:12;5498:4361;5499:4692;5500:6434;5501:3822
414.3300,1788885726.3534,6,594.64,19367.51,19962.16,830.3,22617.0,40636.4,0.0,16872.646,685.151,306.640,5475:12;5498:4366;5499:4708;5500:6455;5501:3827
414.4365,1788885726.4599,6,594.64,19403.34,19997.98,1183.3,22633.4,40620.1,0.0,16886.123,685.446,306.640,5475:12;5498:4378;5499:4717;5500:6466;5501:3830
414.5430,1788885726.5664,6,594.71,19456.91,20051.62,1112.6,22664.2,40589.3,0.0,16905.894,685.748,306.640,5475:12;5498:4401;5499:4731;5500:6468;5501:3844
414.6519,1788885726.6753,6,594.71,19498.84,20093.55,922.1,22686.9,40566.6,0.0,16911.072,686.075,306.640,5475:12;5498:4396;5499:4740;5500:6489;5501:3862
414.7601,1788885726.7834,6,594.72,19529.88,20124.60,1306.3,22708.4,40545.0,0.0,16931.952,686.285,306.640,5475:12;5498:4399;5499:4744;5500:6497;5501:3878
414.8668,1788885726.8902,6,594.74,19563.06,20157.80,949.7,22738.9,40514.6,0.0,16949.406,686.506,306.640,5475:12;5498:4421;5499:4743;5500:6500;5501:3886
414.9760,1788885726.9994,6,594.81,19498.28,20093.09,1043.2,22725.6,40527.8,0.0,16969.038,686.832,306.640,5475:12;5498:4425;5499:4749;5500:6426;5501:3886
415.0894,1788885727.1128,6,594.90,19578.96,20173.86,1186.0,22687.6,40565.9,0.0,16982.319,687.022,306.640,5475:12;5498:4423;5499:4814;5500:6433;5501:3897
415.1970,1788885727.2204,6,595.02,19852.63,20447.66,1441.4,22837.5,40416.0,0.0,16994.109,687.186,306.640,5475:12;5498:4456;5499:4904;5500:6477;5501:4004
415.3049,1788885727.3283,6,595.07,19911.20,20506.27,1340.3,22924.5,40329.0,0.0,17006.600,687.455,306.640,5475:12;5498:4529;5499:4952;5500:6458;5501:3960
415.4176,1788885727.4410,6,595.22,19689.42,20284.64,1425.7,22901.8,40351.7,0.0,17017.637,687.592,306.640,5475:12;5498:4426;5499:4883;5500:6485;5501:3882
415.5271,1788885727.5504,6,595.34,19892.61,20487.94,1406.4,23051.0,40202.5,0.0,17020.659,687.754,306.640,5475:12;5498:4540;5499:4899;5500:6477;5501:3964
415.6387,1788885727.6621,6,595.40,19732.38,20327.77,1129.4,22867.8,40385.7,0.0,17022.661,687.934,306.640,5475:12;5498:4504;5499:4860;5500:6433;5501:3923
415.7447,1788885727.7681,6,595.47,19737.36,20332.84,959.1,22907.9,40345.5,0.0,17033.018,688.132,306.640,5475:12;5498:4522;5499:4887;5500:6421;5501:3895
415.8489,1788885727.8722,6,595.47,19821.12,20416.59,717.3,22912.3,40341.2,0.0,17045.570,688.401,306.640,5475:12;5498:4538;5499:4899;5500:6455;5501:3917
415.9551,1788885727.9784,6,595.48,19829.94,20425.41,995.2,22921.0,40332.5,0.0,17054.451,688.575,306.640,5475:12;5498:4544;5499:4898;5500:6453;5501:3923
416.0606,1788885728.0840,6,595.48,19880.42,20475.90,875.5,22921.5,40332.0,0.0,17071.112,688.861,306.640,5475:12;5498:4559;5499:4900;5500:6475;5501:3935
416.1668,1788885728.1902,6,595.55,19932.71,20528.26,770.3,22988.2,40265.2,0.0,17078.594,689.094,306.640,5475:12;5498:4555;5499:4906;5500:6476;5501:3983
416.2717,1788885728.2951,6,595.72,19985.40,20581.12,928.6,22956.1,40297.3,0.0,17092.355,689.222,306.640,5475:12;5498:4570;5499:4921;5500:6484;5501:3997
416.3775,1788885728.4009,6,595.87,20121.23,20717.09,1221.2,23005.5,40248.0,0.0,17105.642,689.462,306.640,5475:12;5498:4577;5499:5012;5500:6541;5501:3979
416.4841,1788885728.5074,6,596.03,20184.75,20780.78,1378.5,22948.0,40305.5,0.0,17118.542,689.676,306.640,5475:12;5498:4643;5499:4993;5500:6531;5501:4005
416.5905,1788885728.6139,6,596.14,20154.16,20750.29,1155.4,23040.4,40213.1,0.0,17125.191,689.859,306.640,5475:12;5498:4602;5499:4972;5500:6498;5501:4069
416.6989,1788885728.7223,6,596.22,20211.91,20808.13,1249.7,23076.8,40176.6,0.0,17140.249,690.076,306.640,5475:12;5498:4591;5499:4991;5500:6529;5501:4089
416.8051,1788885728.8285,6,596.23,20158.60,20754.83,836.0,23080.7,40172.7,0.0,17150.197,690.319,306.640,5475:12;5498:4592;5499:4986;5500:6530;5501:4038
416.9116,1788885728.9349,6,596.23,20197.58,20793.80,932.7,23085.4,40168.0,0.0,17161.919,690.550,306.640,5475:12;5498:4604;5499:5003;5500:6531;5501:4048
417.0177,1788885729.0411,6,596.23,20205.75,20801.98,742.2,23077.3,40176.2,0.0,17171.850,690.744,306.640,5475:12;5498:4593;5499:5006;5500:6536;5501:4058
417.1228,1788885729.1462,6,596.23,20253.10,20849.33,632.4,23077.4,40176.1,0.0,17180.048,691.022,306.640,5475:12;5498:4606;5499:5027;5500:6536;5501:4072
417.2269,1788885729.2503,6,596.26,20291.46,20887.72,998.8,23118.4,40135.1,0.0,17193.576,691.199,306.640,5475:12;5498:4608;5499:5047;5500:6539;5501:4086
417.3340,1788885729.3574,6,596.39,20366.64,20963.04,768.3,23068.5,40185.0,0.0,17214.350,691.404,306.640,5475:12;5498:4631;5499:5059;5500:6556;5501:4109
417.4467,1788885729.4701,6,596.42,20359.40,20955.82,1050.9,23084.0,40169.5,0.0,17218.149,691.632,306.640,5475:12;5498:4615;5499:5059;5500:6563;5501:4111
417.5509,1788885729.5742,6,596.51,20401.29,20997.80,567.4,23099.5,40154.0,0.0,17228.270,691.870,306.640,5475:12;5498:4622;5499:5066;5500:6572;5501:4128
417.6569,1788885729.6802,6,596.51,20456.44,21052.95,950.4,23110.1,40143.4,0.0,17248.489,692.108,306.640,5475:12;5498:4633;5499:5081;5500:6590;5501:4140
417.7631,1788885729.7865,6,596.51,20508.34,21104.85,928.9,23115.4,40138.0,0.0,17261.712,692.389,306.640,5475:12;5498:4643;5499:5092;5500:6607;5501:4153
417.8674,1788885729.8907,6,596.53,20737.73,21334.26,1368.9,23289.6,39963.9,0.0,17272.353,692.506,306.640,5475:12;5498:4670;5499:5080;5500:6701;5501:4274
417.9743,1788885729.9977,6,596.56,20998.98,21595.55,1237.3,23461.7,39791.7,0.0,17273.064,692.648,306.640,5475:12;5498:4800;5499:5162;5500:6732;5501:4293
418.0809,1788885730.1043,6,596.80,20562.89,21159.69,1360.3,23224.8,40028.7,0.0,17284.152,692.758,306.640,5475:12;5498:4687;5499:5139;5500:6552;5501:4173
418.1875,1788885730.2109,6,596.86,20491.44,21088.30,708.7,23204.9,40048.6,0.0,17286.375,692.969,306.640,5475:12;5498:4695;5499:5158;5500:6459;5501:4167
418.2917,1788885730.3151,6,596.96,20580.54,21177.50,1147.3,23268.2,39985.3,0.0,17303.796,693.177,306.640,5475:12;5498:4736;5499:5150;5500:6508;5501:4175
418.3963,1788885730.4197,6,597.00,20793.27,21390.27,1239.0,23464.4,39789.0,0.0,17305.467,693.355,306.640,5475:12;5498:4768;5499:5161;5500:6592;5501:4260
418.5060,1788885730.5294,6,597.14,20619.02,21216.17,1201.4,23403.7,39849.7,0.0,17325.374,693.590,306.640,5475:12;5498:4757;5499:5164;5500:6515;5501:4171
418.6179,1788885730.6413,6,597.16,20570.39,21167.56,1074.2,23418.7,39834.8,0.0,17332.266,693.847,306.640,5475:12;5498:4752;5499:5165;5500:6460;5501:4182
418.7251,1788885730.7484,6,597.16,20613.38,21210.54,867.9,23428.5,39825.0,0.0,17344.128,694.111,306.640,5475:12;5498:4756;5499:5181;5500:6467;5501:4197
418.8299,1788885730.8533,6,597.17,20664.37,21261.54,758.2,23448.4,39805.1,0.0,17360.322,694.329,306.640,5475:12;5498:4775;5499:5195;5500:6469;5501:4213
418.9341,1788885730.9574,6,597.17,20680.86,21278.03,849.4,23456.4,39797.1,0.0,17373.421,694.582,306.640,5475:12;5498:4771;5499:5208;5500:6467;5501:4223
419.0403,1788885731.0637,6,597.17,20731.61,21328.78,834.1,23464.3,39789.1,0.0,17391.595,694.849,306.640,5475:12;5498:4782;5499:5235;5500:6469;5501:4232
419.1443,1788885731.1677,6,597.17,20748.97,21346.14,858.0,23470.4,39783.1,0.0,17406.180,695.069,306.640,5475:12;5498:4784;5499:5250;5500:6469;5501:4234
419.2493,1788885731.2727,6,597.18,20840.15,21437.33,782.3,23483.2,39770.3,0.0,17422.904,695.272,306.640,5475:12;5498:4801;5499:5263;5500:6482;5501:4281
419.3556,1788885731.3790,6,597.30,20854.80,21452.10,912.7,23516.8,39736.7,0.0,17433.629,695.476,306.640,5475:12;5498:4804;5499:5274;5500:6512;5501:4253
419.4620,1788885731.4854,6,597.31,20935.48,21532.79,987.7,23531.6,39721.9,0.0,17447.047,695.754,306.640,5475:12;5498:4831;5499:5286;5500:6542;5501:4265
419.5670,1788885731.5904,6,597.32,20975.37,21572.70,1186.6,23551.8,39701.7,0.0,17459.108,696.060,306.640,5475:12;5498:4831;5499:5310;5500:6548;5501:4274
419.6733,1788885731.6967,6,597.32,21011.62,21608.95,1167.4,23572.9,39680.6,0.0,17477.682,696.326,306.640,5475:12;5498:4844;5499:5310;5500:6561;5501:4285
419.7810,1788885731.8044,6,597.33,21156.89,21754.23,1361.9,23643.6,39609.8,0.0,17504.281,696.642,306.640,5475:12;5498:4866;5499:5349;5500:6591;5501:4338
419.8887,1788885731.9121,6,597.38,21303.92,21901.30,1477.5,23643.5,39610.0,0.0,17514.985,696.775,306.640,5475:12;5498:4912;5499:5366;5500:6605;5501:4409
419.9960,1788885732.0194,6,597.42,21627.45,22224.87,1458.3,24199.1,39054.4,0.0,17516.384,696.906,306.640,5475:12;5498:4981;5499:5488;5500:6628;5501:4518
420.1083,1788885732.1316,6,597.53,21424.59,22022.12,1485.6,23997.5,39255.9,0.0,17525.143,697.019,306.640,5475:12;5498:4950;5499:5442;5500:6627;5501:4393
420.2159,1788885732.2393,6,597.77,21329.91,21927.68,1254.5,23945.9,39307.6,0.0,17532.819,697.239,306.640,5475:12;5498:4918;5499:5417;5500:6580;5501:4403
420.3221,1788885732.3454,6,597.88,21447.57,22045.45,1092.5,23931.2,39322.3,0.0,17543.035,697.417,306.640,5475:12;5498:4922;5499:5483;5500:6597;5501:4434
420.4321,1788885732.4554,6,597.90,21417.00,22014.90,1033.7,23914.5,39338.9,0.0,17552.431,697.648,306.640,5475:12;5498:4930;5499:5410;5500:6612;5501:4454
420.5440,1788885732.5674,6,598.02,21400.60,21998.62,1204.1,23851.2,39402.3,0.0,17559.093,697.875,306.640,5475:12;5498:4939;5499:5405;5500:6594;5501:4451
420.6494,1788885732.6728,6,598.02,21323.98,21922.00,803.8,23848.7,39404.8,0.0,17569.815,698.059,306.640,5475:12;5498:4942;5499:5404;5500:6510;5501:4456
420.7536,1788885732.7770,6,598.02,21355.84,21953.86,624.4,23852.9,39400.6,0.0,17577.333,698.256,306.640,5475:12;5498:4954;5499:5408;5500:6517;5501:4465
420.8577,1788885732.8811,6,598.02,21379.48,21977.50,715.6,23862.1,39391.4,0.0,17591.268,698.491,306.640,5475:12;5498:4965;5499:5411;5500:6522;5501:4469
420.9626,1788885732.9860,6,598.02,21431.67,22029.69,737.4,23866.9,39386.6,0.0,17603.747,698.687,306.640,5475:12;5498:4977;5499:5414;5500:6537;5501:4491
421.0669,1788885733.0903,6,598.03,21447.23,22045.25,627.7,23863.2,39390.2,0.0,17614.823,698.890,306.640,5475:12;5498:4988;5499:5416;5500:6535;5501:4497
421.1721,1788885733.1955,6,598.04,21604.49,22202.53,838.3,24027.0,39226.5,0.0,17626.597,699.021,306.640,5475:12;5498:4981;5499:5416;5500:6634;5501:4561
421.2791,1788885733.3024,6,598.12,21838.89,22437.02,1216.7,24203.2,39050.2,0.0,17631.806,699.082,306.640,5475:12;5498:5007;5499:5516;5500:6732;5501:4572
421.3899,1788885733.4133,6,598.45,21599.43,22197.88,1297.4,24110.5,39143.0,0.0,17634.059,699.138,306.640,5475:12;5498:4993;5499:5494;5500:6597;5501:4503
421.4965,1788885733.5199,6,598.64,21601.06,22199.70,859.2,24077.3,39176.2,0.0,17643.853,699.253,306.640,5475:12;5498:4993;5499:5497;5500:6590;5501:4508
421.6023,1788885733.6257,6,598.82,21478.78,22077.60,1018.8,23931.6,39321.9,0.0,17646.795,699.434,306.640,5475:12;5498:4986;5499:5508;5500:6460;5501:4512
421.7087,1788885733.7321,6,598.85,21450.23,22049.07,707.2,23935.4,39318.1,0.0,17653.706,699.566,306.640,5475:12;5498:4973;5499:5510;5500:6452;5501:4503
421.8129,1788885733.8362,6,598.85,21498.08,22096.93,496.6,23943.4,39310.1,0.0,17661.193,699.802,306.640,5475:12;5498:4987;5499:5531;5500:6457;5501:4511
421.9176,1788885733.9410,6,598.85,21532.94,22131.79,582.6,23951.7,39301.8,0.0,17667.468,700.022,306.640,5475:12;5498:4988;5499:5552;5500:6463;5501:4518
422.0226,1788885734.0459,6,598.85,21566.10,22164.95,650.8,23955.4,39298.1,0.0,17677.693,700.208,306.640,5475:12;5498:4990;5499:5566;5500:6474;5501:4524
422.1268,1788885734.1502,6,598.85,21601.82,22200.66,574.6,23966.2,39287.3,0.0,17687.667,700.375,306.640,5475:12;5498:5000;5499:5581;5500:6479;5501:4530
422.2332,1788885734.2566,6,598.85,21626.57,22225.41,683.4,23985.5,39268.0,0.0,17693.593,700.581,306.640,5475:12;5498:5009;5499:5590;5500:6482;5501:4532
422.3385,1788885734.3619,6,598.85,21634.16,22233.01,679.6,23986.0,39267.5,0.0,17699.695,700.766,306.640,5475:12;5498:5011;5499:5593;5500:6481;5501:4537
422.4427,1788885734.4661,6,598.91,21681.75,22280.67,556.5,23997.4,39256.1,0.0,17711.889,700.954,306.640,5475:12;5498:5026;5499:5605;5500:6493;5501:4545
422.5470,1788885734.5703,6,598.95,21680.95,22279.89,239.5,23997.7,39255.8,0.0,17719.260,701.023,306.640,5475:12;5498:5030;5499:5605;5500:6489;5501:4544
422.6514,1788885734.6748,6,598.95,21723.84,22322.79,571.8,24001.9,39251.5,0.0,17739.072,701.211,306.640,5475:12;5498:5035;5499:5623;5500:6501;5501:4553
422.7583,1788885734.7817,6,598.96,21803.07,22402.04,560.9,24163.4,39090.0,0.0,17746.360,701.373,306.640,5475:12;5498:5034;5499:5626;5500:6499;5501:4632
422.8655,1788885734.8888,6,599.21,21988.27,22587.47,1283.8,24277.6,38975.9,0.0,17760.218,701.418,306.640,5475:12;5498:5146;5499:5617;5500:6514;5501:4699
422.9711,1788885734.9945,6,599.53,21873.41,22472.94,1219.7,24051.7,39201.7,0.0,17765.183,701.527,306.640,5475:12;5498:5098;5499:5618;5500:6493;5501:4652
423.0778,1788885735.1011,6,599.91,21881.45,22481.35,1149.7,24004.1,39249.4,0.0,17773.837,701.592,306.640,5475:12;5498:5159;5499:5591;5500:6465;5501:4654
423.1819,1788885735.2053,6,600.22,21827.00,22427.22,995.1,24036.1,39217.4,0.0,17783.219,701.673,306.640,5475:12;5498:5161;5499:5570;5500:6426;5501:4659
423.2874,1788885735.3108,6,600.45,21655.10,22255.55,825.9,24067.5,39186.0,0.0,17786.372,701.776,306.640,5475:12;5498:5080;5499:5558;5500:6354;5501:4651
423.3915,1788885735.4149,6,600.45,21671.54,22271.99,480.2,24076.9,39176.6,0.0,17794.247,701.935,306.640,5475:12;5498:5080;5499:5569;5500:6353;5501:4657
423.4957,1788885735.5190,6,600.55,21701.76,22302.31,396.3,24080.9,39172.6,0.0,17805.119,702.089,306.640,5475:12;5498:5081;5499:5577;5500:6355;5501:4677
423.6019,1788885735.6252,6,600.55,21734.56,22335.11,294.1,24080.9,39172.6,0.0,17811.564,702.247,306.640,5475:12;5498:5085;5499:5582;5500:6361;5501:4694
423.7072,1788885735.7305,6,600.55,21750.80,22351.36,507.9,24092.9,39160.6,0.0,17815.468,702.392,306.640,5475:12;5498:5083;5499:5588;5500:6359;5501:4709
423.8136,1788885735.8370,6,600.55,21885.00,22485.56,602.2,24149.6,39103.9,0.0,17825.961,702.539,306.640,5475:12;5498:5184;5499:5597;5500:6363;5501:4729
423.9183,1788885735.9417,6,600.69,21799.19,22399.88,737.7,24097.1,39156.3,0.0,17826.549,702.696,306.640,5475:12;5498:5122;5499:5583;5500:6351;5501:4732
424.0224,1788885736.0458,6,600.69,21826.04,22426.73,339.2,24085.0,39168.5,0.0,17836.641,702.797,306.640,5475:12;5498:5123;5499:5598;5500:6354;5501:4739
424.1287,1788885736.1521,6,600.72,21833.03,22433.75,226.5,24086.2,39167.3,0.0,17837.096,702.892,306.640,5475:12;5498:5131;5499:5592;5500:6354;5501:4743
424.2347,1788885736.2581,6,600.73,22085.41,22686.14,680.3,24219.6,39033.9,0.0,17847.159,702.972,306.640,5475:12;5498:5173;5499:5755;5500:6395;5501:4751
424.3441,1788885736.3674,6,600.77,22418.25,23019.02,1487.7,24349.9,38903.6,0.0,17849.373,702.991,306.640,5475:12;5498:5179;5499:5839;5500:6493;5501:4895
424.4569,1788885736.4803,6,600.84,22785.99,23386.83,1354.2,24884.9,38368.5,0.0,17851.828,703.039,306.640,5475:12;5498:5251;5499:6045;5500:6524;5501:4954
424.5637,1788885736.5871,6,600.95,22780.56,23381.51,1311.5,25042.6,38210.8,0.0,17852.002,703.088,306.640,5475:12;5498:5326;5499:6109;5500:6529;5501:4804
424.6714,1788885736.6948,6,601.06,22990.27,23591.33,717.2,25223.2,38030.3,0.0,17854.775,703.108,306.640,5475:12;5498:5351;5499:6163;5500:6680;5501:4785
424.7800,1788885736.8034,6,601.09,23148.14,23749.22,1185.1,25407.2,37846.2,0.0,17855.126,703.157,306.640,5475:12;5498:5511;5499:6352;5500:6512;5501:4760
424.8856,1788885736.9090,6,601.09,23488.80,24089.90,1349.3,25540.7,37712.7,0.0,17855.337,703.211,306.640,5475:12;5498:5571;5499:6516;5500:6607;5501:4783
424.9901,1788885737.0135,6,601.11,23257.66,23858.77,995.4,25424.1,37829.4,0.0,17858.061,703.231,306.640,5475:12;5498:5396;5499:6564;5500:6563;5501:4722
425.0969,1788885737.1202,6,601.12,23267.52,23868.64,917.8,25507.5,37746.0,0.0,17858.265,703.275,306.640,5475:12;5498:5334;5499:6613;5500:6493;5501:4815
425.2026,1788885737.2260,6,601.16,23692.07,24293.23,1393.3,25852.9,37400.6,0.0,17861.165,703.293,306.640,5475:12;5498:5564;5499:6780;5500:6543;5501:4793
425.3203,1788885737.3437,6,601.18,23605.67,24206.85,1283.5,26070.7,37182.8,0.0,17862.647,703.348,306.640,5475:12;5498:5638;5499:6810;5500:6370;5501:4774
425.4263,1788885737.4496,6,601.18,23244.85,23846.03,773.7,26029.1,37224.3,0.0,17864.145,703.398,306.640,5475:12;5498:5591;5499:6645;5500:6303;5501:4693
425.5306,1788885737.5540,6,601.27,23402.43,24003.70,1133.1,26048.8,37204.7,0.0,17866.937,703.422,306.640,5475:12;5498:5633;5499:6775;5500:6295;5501:4688
425.6436,1788885737.6670,6,601.28,23279.72,23881.00,903.9,26021.3,37232.2,0.0,17869.673,703.471,306.640,5475:12;5498:5619;5499:6555;5500:6413;5501:4680
425.7484,1788885737.7718,6,601.30,23165.66,23766.96,1264.8,26200.2,37053.3,0.0,17869.883,703.517,306.640,5475:12;5498:5648;5499:6395;5500:6256;5501:4854
425.8544,1788885737.8778,6,601.33,23092.77,23694.10,1284.3,26448.2,36805.3,0.0,17872.705,703.535,306.640,5475:12;5498:5745;5499:6185;5500:6258;5501:4892
425.9631,1788885737.9864,6,601.42,23150.29,23751.71,1480.5,26395.6,36857.9,0.0,17872.705,703.535,306.640,5475:12;5498:5771;5499:6244;5500:6295;5501:4827
426.0710,1788885738.0943,6,601.48,23108.71,23710.18,1336.0,26193.4,37060.1,0.0,17872.706,703.535,306.640,5475:12;5498:5731;5499:6093;5500:6420;5501:4852
426.1781,1788885738.2014,6,601.49,23155.71,23757.20,1423.5,26319.0,36934.5,0.0,17872.706,703.535,306.640,5475:12;5498:5736;5499:6104;5500:6388;5501:4916
426.2865,1788885738.3099,6,601.50,23108.13,23709.64,1224.5,26346.2,36907.3,0.0,17872.706,703.535,306.640,5475:12;5498:5732;5499:6139;5500:6197;5501:5028
426.3908,1788885738.4142,6,601.55,23053.90,23655.45,929.8,26340.3,36913.2,0.0,17872.706,703.535,306.640,5475:12;5498:5682;5499:6172;5500:6141;5501:5046
426.4976,1788885738.5210,6,601.69,22649.29,23250.98,1157.0,25955.6,37297.9,0.0,17872.706,703.535,306.640,5475:12;5498:5586;5499:5774;5500:6162;5501:5116
426.6038,1788885738.6272,6,601.84,23213.94,23815.78,1209.2,26386.5,36867.0,0.0,17872.706,703.535,306.640,5475:12;5498:5608;5499:6010;5500:6201;5501:5383
426.7097,1788885738.7331,6,601.95,22780.85,23382.80,1372.1,26116.9,37136.5,0.0,17872.707,703.536,306.640,5475:12;5498:5605;5499:6000;5500:6069;5501:5094
426.8152,1788885738.8386,6,602.14,22711.32,23313.46,1268.0,26256.6,36996.9,0.0,17872.707,703.536,306.640,5475:12;5498:5669;5499:6087;5500:6098;5501:4845
426.9220,1788885738.9454,6,602.25,22074.89,22677.14,1060.9,26340.0,36913.5,0.0,17872.803,703.561,306.640,5475:12;5498:5585;5499:6000;5500:5982;5501:4495
427.0262,1788885739.0496,6,602.27,21747.18,22349.44,720.1,26083.0,37170.4,0.0,17873.244,703.661,306.640,5475:12;5498:5464;5499:5907;5500:5954;5501:4410
427.1304,1788885739.1537,6,602.27,21697.56,22299.83,381.0,26131.9,37121.6,0.0,17876.038,703.799,306.640,5475:12;5498:5470;5499:5839;5500:5957;5501:4420
427.2353,1788885739.2587,6,602.27,21653.11,22255.38,325.4,26095.8,37157.7,0.0,17878.928,703.925,306.640,5475:12;5498:5484;5499:5767;5500:5958;5501:4431
427.3398,1788885739.3632,6,602.27,21663.09,22265.36,336.3,26103.8,37149.7,0.0,17879.592,704.055,306.640,5475:12;5498:5487;5499:5772;5500:5959;5501:4432
427.4439,1788885739.4672,6,602.27,21690.92,22293.19,288.3,26123.8,37129.7,0.0,17881.705,704.177,306.640,5475:12;5498:5493;5499:5781;5500:5963;5501:4442
427.5479,1788885739.5713,6,602.38,21764.82,22367.19,556.6,26147.8,37105.7,0.0,17884.879,704.360,306.640,5475:12;5498:5518;5499:5800;5500:5980;5501:4455
427.6521,1788885739.6755,6,602.38,21801.50,22403.88,799.6,26163.8,37089.7,0.0,17887.498,704.670,306.640,5475:12;5498:5526;5499:5814;5500:5990;5501:4459
427.7572,1788885739.7806,6,602.38,21858.36,22460.74,615.1,26188.0,37065.4,0.0,17893.068,704.869,306.640,5475:12;5498:5541;5499:5831;5500:5999;5501:4474
427.8612,1788885739.8846,6,602.38,21891.27,22493.64,441.9,26201.6,37051.9,0.0,17894.628,705.112,306.640,5475:12;5498:5552;5499:5841;5500:6007;5501:4478
427.9653,1788885739.9887,6,602.38,21950.04,22552.41,821.5,26214.7,37038.8,0.0,17904.421,705.340,306.640,5475:12;5498:5569;5499:5856;5500:6017;5501:4495
428.0714,1788885740.0948,6,602.38,21993.21,22595.60,613.6,26189.7,37063.8,0.0,17907.624,705.622,306.640,5475:12;5498:5588;5499:5875;5500:6020;5501:4498
428.1756,1788885740.1990,6,602.38,22046.52,22648.91,666.3,26214.9,37038.6,0.0,17913.842,705.889,306.640,5475:12;5498:5603;5499:5890;5500:6034;5501:4507
428.2823,1788885740.3057,6,602.39,22085.53,22687.91,524.6,26244.7,37008.7,0.0,17920.074,706.130,306.640,5475:12;5498:5615;5499:5898;5500:6044;5501:4517
428.3869,1788885740.4102,6,602.39,22095.24,22697.62,680.1,26259.9,36993.5,0.0,17926.392,706.327,306.640,5475:12;5498:5623;5499:5897;5500:6047;5501:4516
428.4929,1788885740.5163,6,602.43,22117.87,22720.29,326.3,26267.5,36986.0,0.0,17931.337,706.511,306.640,5475:12;5498:5632;5499:5902;5500:6048;5501:4524
428.5970,1788885740.6204,6,602.43,22316.22,22918.65,469.5,26394.5,36858.9,0.0,17938.762,706.570,306.640,5475:12;5498:5709;5499:6013;5500:6049;5501:4533
428.7013,1788885740.7247,6,602.46,22356.09,22958.55,763.5,26325.9,36927.6,0.0,17943.579,706.678,306.640,5475:12;5498:5678;5499:5960;5500:6157;5501:4550
428.8064,1788885740.8298,6,602.49,22257.74,22860.23,695.9,26134.9,37118.6,0.0,17945.547,706.760,306.640,5475:12;5498:5633;5499:5988;5500:6102;5501:4523
428.9110,1788885740.9344,6,602.52,22293.63,22896.15,434.3,26157.6,37095.8,0.0,17948.298,706.939,306.640,5475:12;5498:5653;5499:5974;5500:6120;5501:4534
429.0171,1788885741.0405,6,602.52,22338.77,22941.29,733.7,26149.3,37104.1,0.0,17952.978,707.188,306.640,5475:12;5498:5670;5499:5986;5500:6127;5501:4544
429.1236,1788885741.1470,6,602.52,22378.38,22980.90,677.7,26175.3,37078.2,0.0,17959.116,707.447,306.640,5475:12;5498:5676;5499:5992;5500:6142;5501:4557
429.2283,1788885741.2517,6,602.52,22431.68,23034.20,709.0,26193.0,37060.5,0.0,17965.067,707.685,306.640,5475:12;5498:5690;5499:6007;5500:6150;5501:4572
429.3324,1788885741.3558,6,602.52,22500.17,23102.70,652.3,26219.4,37034.1,0.0,17968.951,707.997,306.640,5475:12;5498:5703;5499:6042;5500:6165;5501:4578
429.4371,1788885741.4604,6,602.54,22663.99,23266.53,1046.9,26234.9,37018.5,0.0,17977.129,708.155,306.640,5475:12;5498:5734;5499:6048;5500:6242;5501:4627
429.5432,1788885741.5666,6,602.64,22976.60,23579.24,1171.1,26411.5,36841.9,0.0,17980.459,708.348,306.640,5475:12;5498:5763;5499:6187;5500:6361;5501:4654
429.6523,1788885741.6757,6,602.70,22834.27,23436.97,1449.0,26216.3,37037.2,0.0,17982.885,708.495,306.640,5475:12;5498:5813;5499:6104;5500:6231;5501:4674
429.7593,1788885741.7826,6,602.86,22709.16,23312.02,1166.8,26104.6,37148.9,0.0,17985.922,708.639,306.640,5475:12;5498:5752;5499:6098;5500:6212;5501:4635
429.8645,1788885741.8879,6,602.89,22738.93,23341.82,394.6,26114.0,37139.5,0.0,17986.365,708.712,306.640,5475:12;5498:5747;5499:6114;5500:6215;5501:4650
429.9711,1788885741.9944,6,602.89,22752.98,23355.87,201.3,26128.1,37125.3,0.0,17991.786,708.770,306.640,5475:12;5498:5746;5499:6120;5500:6218;5501:4657
430.0751,1788885742.0985,6,602.89,22762.93,23365.82,96.0,26090.5,37162.9,0.0,17992.170,708.869,306.640,5475:12;5498:5756;5499:6118;5500:6220;5501:4657
430.1794,1788885742.2027,6,602.89,22773.25,23376.14,182.7,26095.7,37157.8,0.0,17997.408,708.916,306.640,5475:12;5498:5756;5499:6122;5500:6222;5501:4661
430.2834,1788885742.3068,6,602.89,22788.12,23391.02,105.6,26095.7,37157.8,0.0,17997.820,709.011,306.640,5475:12;5498:5762;5499:6122;5500:6226;5501:4665
430.3875,1788885742.4109,6,602.89,22802.18,23405.07,240.3,26104.2,37149.3,0.0,18003.513,709.099,306.640,5475:12;5498:5768;5499:6122;5500:6229;5501:4671
430.4915,1788885742.5149,6,602.98,22812.12,23415.10,160.5,26110.1,37143.3,0.0,18006.270,709.180,306.640,5475:12;5498:5770;5499:6124;5500:6231;5501:4674
430.5974,1788885742.6208,6,602.98,22825.42,23428.39,115.2,26110.3,37143.2,0.0,18008.408,709.276,306.640,5475:12;5498:5776;5499:6127;5500:6234;5501:4677
430.7016,1788885742.7250,6,602.98,23226.39,23829.37,449.7,26442.9,36810.5,0.0,18011.757,709.340,306.640,5475:12;5498:5842;5499:6246;5500:6449;5501:4677
430.8061,1788885742.8295,6,603.08,22911.41,23514.49,902.1,26154.5,37098.9,0.0,18014.704,709.375,306.640,5475:12;5498:5770;5499:6175;5500:6281;5501:4673
430.9103,1788885742.9337,6,603.08,22970.38,23573.46,267.9,26159.1,37094.3,0.0,18017.071,709.511,306.640,5475:12;5498:5774;5499:6189;5500:6317;5501:4679
431.0147,1788885743.0381,6,603.08,22984.78,23587.86,432.4,26149.2,37104.3,0.0,18018.058,709.669,306.640,5475:12;5498:5778;5499:6203;5500:6309;5501:4683
431.1188,1788885743.1422,6,603.08,23045.46,23648.55,518.7,26144.4,37109.0,0.0,18021.370,709.826,306.640,5475:12;5498:5788;5499:6236;5500:6322;5501:4687
431.2229,1788885743.2463,6,603.08,23057.19,23660.27,326.7,26142.0,37111.5,0.0,18024.520,709.963,306.640,5475:12;5498:5787;5499:6241;5500:6330;5501:4687
431.3270,1788885743.3504,6,603.08,23252.36,23855.45,460.3,26307.1,36946.4,0.0,18027.461,710.062,306.640,5475:12;5498:5938;5499:6248;5500:6349;5501:4705
431.4314,1788885743.4547,6,603.24,23191.30,23794.54,1054.4,26130.7,37122.8,0.0,18027.768,710.135,306.640,5475:12;5498:5862;5499:6243;5500:6352;5501:4722
431.5378,1788885743.5612,6,603.41,23203.09,23806.50,422.8,26067.6,37185.9,0.0,18028.024,710.219,306.640,5475:12;5498:5867;5499:6248;5500:6360;5501:4717
431.6443,1788885743.6677,6,603.41,23232.65,23836.06,411.6,26076.7,37176.8,0.0,18031.043,710.381,306.640,5475:12;5498:5871;5499:6251;5500:6371;5501:4728
431.7485,1788885743.7719,6,603.41,23227.66,23831.08,249.7,26080.7,37172.8,0.0,18035.789,710.429,306.640,5475:12;5498:5871;5499:6253;5500:6364;5501:4728
431.8525,1788885743.8759,6,603.41,23255.96,23859.37,202.0,26080.7,37172.7,0.0,18042.952,710.531,306.640,5475:12;5498:5879;5499:6258;5500:6374;5501:4732
431.9565,1788885743.9799,6,603.41,23253.64,23857.05,105.9,26088.7,37164.8,0.0,18043.271,710.617,306.640,5475:12;5498:5879;5499:6259;5500:6372;5501:4732
432.0604,1788885744.0838,6,603.43,23421.70,24025.12,499.9,26169.0,37084.5,0.0,18050.695,710.683,306.640,5475:12;5498:5884;5499:6405;5500:6375;5501:4746
432.1648,1788885744.1882,6,603.46,23366.85,23970.31,679.8,26150.5,37102.9,0.0,18051.262,710.864,306.640,5475:12;5498:5895;5499:6339;5500:6381;5501:4739
432.2689,1788885744.2923,6,603.46,23395.75,23999.21,451.7,26154.3,37099.2,0.0,18053.386,711.040,306.640,5475:12;5498:5901;5499:6346;5500:6386;5501:4751
432.3729,1788885744.3963,6,603.46,23427.64,24031.10,423.1,26166.3,37087.2,0.0,18056.682,711.168,306.640,5475:12;5498:5903;5499:6365;5500:6392;5501:4755
432.4769,1788885744.5003,6,603.47,23455.43,24058.90,442.1,26170.3,37083.2,0.0,18057.532,711.320,306.640,5475:12;5498:5915;5499:6371;5500:6396;5501:4761
432.5810,1788885744.6044,6,603.49,23473.79,24077.27,373.6,26178.5,37075.0,0.0,18060.041,711.470,306.640,5475:12;5498:5922;5499:6375;5500:6401;5501:4764
432.6854,1788885744.7088,6,603.49,23500.60,24104.09,422.7,26198.4,37055.1,0.0,18061.529,711.649,306.640,5475:12;5498:5925;5499:6386;5500:6405;5501:4772
432.7895,1788885744.8129,6,603.49,23530.25,24133.74,471.0,26206.4,37047.1,0.0,18064.669,711.777,306.640,5475:12;5498:5929;5499:6401;5500:6408;5501:4780
432.8935,1788885744.9169,6,603.49,23533.46,24136.95,365.2,26211.4,37042.1,0.0,18065.630,711.909,306.640,5475:12;5498:5935;5499:6398;5500:6410;5501:4779
432.9976,1788885745.0210,6,603.50,23551.52,24155.02,220.1,26215.4,37038.1,0.0,18068.733,711.962,306.640,5475:12;5498:5936;5499:6405;5500:6415;5501:4784
433.1024,1788885745.1258,6,603.50,23578.22,24181.72,249.2,26217.0,37036.5,0.0,18073.451,712.097,306.640,5475:12;5498:5940;5499:6417;5500:6419;5501:4790
433.2064,1788885745.2298,6,603.50,23589.80,24193.30,353.4,26219.1,37034.4,0.0,18080.313,712.224,306.640,5475:12;5498:5943;5499:6420;5500:6421;5501:4794
433.3114,1788885745.3348,6,603.50,23665.15,24268.65,351.8,26247.9,37005.5,0.0,18088.556,712.300,306.640,5475:12;5498:5964;5499:6444;5500:6449;5501:4796
433.4163,1788885745.4397,6,603.51,23940.61,24544.12,650.9,26581.1,36672.4,0.0,18089.706,712.385,306.640,5475:12;5498:5993;5499:6432;5500:6534;5501:4970
433.5208,1788885745.5442,6,603.70,23663.02,24266.73,608.0,26410.3,36843.2,0.0,18095.483,712.433,306.640,5475:12;5498:5945;5499:6400;5500:6453;5501:4852
433.6263,1788885745.6496,6,603.70,23675.60,24279.30,95.9,26411.5,36841.9,0.0,18100.049,712.518,306.640,5475:12;5498:5948;5499:6407;5500:6455;5501:4854
433.7304,1788885745.7537,6,603.70,23688.89,24292.60,230.5,26416.2,36837.3,0.0,18102.009,712.606,306.640,5475:12;5498:5949;5499:6415;5500:6457;5501:4856
433.8345,1788885745.8579,6,603.70,23691.48,24295.18,259.3,26426.3,36827.2,0.0,18108.750,712.646,306.640,5475:12;5498:5949;5499:6416;5500:6457;5501:4856
433.9386,1788885745.9620,6,603.70,23708.88,24312.59,153.7,26434.6,36818.9,0.0,18111.700,712.745,306.640,5475:12;5498:5952;5499:6424;5500:6459;5501:4862
434.0427,1788885746.0661,6,603.71,23718.16,24321.86,115.2,26416.6,36836.9,0.0,18113.427,712.805,306.640,5475:12;5498:5953;5499:6428;5500:6461;5501:4864
434.1467,1788885746.1701,6,603.71,23745.59,24349.29,153.7,26424.4,36829.1,0.0,18120.118,712.862,306.640,5475:12;5498:5958;5499:6445;5500:6461;5501:4869
434.2508,1788885746.2742,6,603.71,23741.12,24344.83,163.2,26427.2,36826.3,0.0,18120.430,712.947,306.640,5475:12;5498:5955;5499:6443;5500:6463;5501:4868
434.3549,1788885746.3783,6,603.71,23745.47,24349.18,201.6,26432.1,36821.4,0.0,18127.330,712.988,306.640,5475:12;5498:5960;5499:6439;5500:6463;5501:4871
434.4590,1788885746.4824,6,603.70,23765.99,24369.69,201.6,26432.2,36821.3,0.0,18135.106,713.101,306.640,5475:12;5498:5958;5499:6456;5500:6464;5501:4875
434.5633,1788885746.5867,6,603.70,23768.64,24372.33,179.4,26432.5,36821.0,0.0,18136.443,713.194,306.640,5475:12;5498:5959;5499:6459;5500:6465;5501:4873
434.6694,1788885746.6928,6,603.72,23881.71,24485.43,527.4,26447.4,36806.0,0.0,18142.263,713.212,306.640,5475:12;5498:6035;5499:6470;5500:6474;5501:4891
434.7757,1788885746.7991,6,603.78,24036.83,24640.61,1039.5,26602.0,36651.5,0.0,18142.263,713.213,306.640,5475:12;5498:6033;5499:6490;5500:6536;5501:4965
434.8825,1788885746.9059,6,603.95,23803.27,24407.22,909.4,26612.1,36641.4,0.0,18142.427,713.230,306.640,5475:12;5498:6012;5499:6438;5500:6434;5501:4907
434.9866,1788885747.0100,6,603.95,23827.76,24431.71,413.3,26616.1,36637.4,0.0,18142.741,713.331,306.640,5475:12;5498:6018;5499:6442;5500:6439;5501:4917
435.0906,1788885747.1140,6,603.95,23848.05,24452.00,326.8,26594.0,36659.5,0.0,18143.594,713.466,306.640,5475:12;5498:6025;5499:6446;5500:6443;5501:4921
435.1947,1788885747.2181,6,603.95,23872.53,24476.48,259.5,26598.2,36655.2,0.0,18144.156,713.617,306.640,5475:12;5498:6030;5499:6454;5500:6445;5501:4931
435.2988,1788885747.3221,6,603.95,23903.57,24507.52,394.0,26606.5,36647.0,0.0,18144.939,713.722,306.640,5475:12;5498:6038;5499:6458;5500:6453;5501:4942
435.4029,1788885747.4263,6,603.95,23907.62,24511.57,355.2,26606.5,36647.0,0.0,18145.376,713.839,306.640,5475:12;5498:6038;5499:6462;5500:6453;5501:4942
435.5071,1788885747.5305,6,604.05,23945.01,24549.06,297.1,26614.7,36638.8,0.0,18145.966,713.962,306.640,5475:12;5498:6047;5499:6471;5500:6466;5501:4949
435.6117,1788885747.6350,6,604.05,23946.04,24550.09,344.8,26618.7,36634.8,0.0,18146.608,714.084,306.640,5475:12;5498:6045;5499:6470;5500:6461;5501:4957
435.7158,1788885747.7392,6,604.05,23976.65,24580.71,345.9,26623.4,36630.0,0.0,18147.302,714.180,306.640,5475:12;5498:6051;5499:6480;5500:6466;5501:4968
435.8199,1788885747.8433,6,604.06,24004.64,24608.70,314.9,26625.4,36628.1,0.0,18154.357,714.308,306.640,5475:12;5498:6067;5499:6488;5500:6469;5501:4969
435.9246,1788885747.9480,6,604.06,23999.33,24603.39,201.8,26637.1,36616.4,0.0,18154.673,714.392,306.640,5475:12;5498:6060;5499:6487;5500:6473;5501:4967
436.0287,1788885748.0521,6,604.06,24018.46,24622.53,201.7,26622.3,36631.2,0.0,18162.003,714.444,306.640,5475:12;5498:6065;5499:6496;5500:6477;5501:4968
436.1328,1788885748.1562,6,604.06,24012.59,24616.65,95.8,26614.6,36638.8,0.0,18162.242,714.490,306.640,5475:12;5498:6064;5499:6488;5500:6476;5501:4971
436.2372,1788885748.2606,6,604.06,24025.01,24629.07,105.6,26617.6,36635.8,0.0,18169.235,714.575,306.640,5475:12;5498:6069;5499:6496;5500:6475;5501:4972
436.3415,1788885748.3649,6,604.06,24033.50,24637.57,173.1,26617.6,36635.8,0.0,18169.628,714.663,306.640,5475:12;5498:6072;5499:6495;5500:6479;5501:4976
436.4454,1788885748.4688,6,604.06,24033.81,24637.87,259.7,26629.6,36623.8,0.0,18177.323,714.715,306.640,5475:12;5498:6073;5499:6495;5500:6480;5501:4974
436.5494,1788885748.5728,6,604.07,24051.08,24655.14,86.4,26629.6,36623.8,0.0,18179.090,714.805,306.640,5475:12;5498:6079;5499:6499;5500:6483;5501:4978
436.6534,1788885748.6768,6,604.07,24056.81,24660.88,115.3,26633.6,36619.8,0.0,18184.024,714.838,306.640,5475:12;5498:6080;5499:6502;5500:6484;5501:4978
436.7574,1788885748.7808,6,604.07,24067.33,24671.39,105.7,26633.6,36619.8,0.0,18184.812,714.915,306.640,5475:12;5498:6085;5499:6503;5500:6486;5501:4981
436.8614,1788885748.8848,6,604.07,24072.54,24676.60,250.1,26641.6,36611.8,0.0,18191.586,714.968,306.640,5475:12;5498:6087;5499:6503;5500:6488;5501:4982
436.9654,1788885748.9888,6,604.07,24086.07,24690.14,76.9,26645.6,36607.8,0.0,18191.907,715.051,306.640,5475:12;5498:6090;5499:6507;5500:6491;5501:4985
437.0693,1788885749.0927,6,604.07,24084.75,24688.82,221.2,26586.5,36667.0,0.0,18198.705,715.096,306.640,5475:12;5498:6091;5499:6507;5500:6488;5501:4986
437.1733,1788885749.1967,6,604.07,24101.92,24705.99,76.8,26586.7,36666.8,0.0,18199.802,715.180,306.640,5475:12;5498:6097;5499:6511;5500:6491;5501:4990
437.2775,1788885749.3009,6,604.07,24105.73,24709.80,201.9,26595.4,36658.0,0.0,18207.642,715.230,306.640,5475:12;5498:6104;5499:6511;5500:6492;5501:4986
437.3815,1788885749.4049,6,604.07,24113.38,24717.45,153.8,26599.5,36653.9,0.0,18209.697,715.332,306.640,5475:12;5498:6102;5499:6515;5500:6494;5501:4990
437.4855,1788885749.5089,6,604.07,24122.98,24727.04,249.6,26599.3,36654.2,0.0,18214.727,715.437,306.640,5475:12;5498:6104;5499:6516;5500:6497;5501:4993
437.5897,1788885749.6130,6,604.11,24186.74,24790.85,268.6,26638.1,36615.4,0.0,18222.097,715.472,306.640,5475:12;5498:6115;5499:6526;5500:6510;5501:5024
437.6940,1788885749.7174,6,604.15,24412.62,25016.77,1210.5,26726.7,36526.7,0.0,18222.098,715.472,306.640,5475:12;5498:6173;5499:6570;5500:6605;5501:5052
437.8017,1788885749.8250,6,604.36,24054.54,24658.89,1105.0,26522.4,36731.1,0.0,18222.106,715.492,306.640,5475:12;5498:6105;5499:6460;5500:6440;5501:5037
437.9063,1788885749.9297,6,604.42,24096.58,24701.00,490.0,26568.6,36684.9,0.0,18222.589,715.607,306.640,5475:12;5498:6133;5499:6466;5500:6446;5501:5039
438.0104,1788885750.0338,6,604.43,24136.52,24740.94,538.3,26571.6,36681.9,0.0,18224.013,715.835,306.640,5475:12;5498:6137;5499:6478;5500:6457;5501:5053
438.1145,1788885750.1378,6,604.43,24156.44,24760.87,625.1,26593.0,36660.4,0.0,18230.801,715.977,306.640,5475:12;5498:6137;5499:6487;5500:6463;5501:5058
438.2184,1788885750.2418,6,604.43,24193.96,24798.38,382.6,26593.3,36660.2,0.0,18233.698,716.174,306.640,5475:12;5498:6141;5499:6499;5500:6469;5501:5073
438.3230,1788885750.3464,6,604.43,24226.35,24830.78,586.2,26605.2,36648.2,0.0,18239.504,716.320,306.640,5475:12;5498:6141;5499:6509;5500:6477;5501:5088
438.4270,1788885750.4504,6,604.43,24257.48,24861.91,431.2,26605.5,36648.0,0.0,18244.791,716.529,306.640,5475:12;5498:6146;5499:6518;5500:6486;5501:5095
438.5315,1788885750.5548,6,604.52,24293.76,24898.27,714.3,26633.1,36620.3,0.0,18247.325,716.725,306.640,5475:12;5498:6149;5499:6530;5500:6496;5501:5108
438.6364,1788885750.6598,6,604.52,24310.37,24914.89,566.7,26641.6,36611.9,0.0,18254.258,716.859,306.640,5475:12;5498:6158;5499:6535;5500:6493;5501:5111
438.7405,1788885750.7639,6,604.52,24310.11,24914.62,240.2,26640.9,36612.6,0.0,18254.677,716.980,306.640,5475:12;5498:6153;5499:6528;5500:6496;5501:5121
438.8446,1788885750.8680,6,604.52,24318.30,24922.82,230.4,26648.8,36604.7,0.0,18261.714,717.020,306.640,5475:12;5498:6158;5499:6535;5500:6499;5501:5114
438.9487,1788885750.9721,6,604.52,24304.09,24908.61,86.4,26652.8,36600.7,0.0,18261.798,717.045,306.640,5475:12;5498:6153;5499:6530;5500:6497;5501:5112
439.0527,1788885751.0761,6,604.52,24316.51,24921.03,192.2,26628.3,36625.2,0.0,18266.213,717.132,306.640,5475:12;5498:6157;5499:6532;5500:6499;5501:5116
439.1568,1788885751.1802,6,604.52,24332.54,24937.05,124.9,26619.4,36634.0,0.0,18269.123,717.234,306.640,5475:12;5498:6161;5499:6536;5500:6502;5501:5121
439.2608,1788885751.2842,6,604.52,24332.66,24937.18,278.8,26629.5,36623.9,0.0,18276.216,717.279,306.640,5475:12;5498:6161;5499:6536;5500:6501;5501:5122
439.3649,1788885751.3883,6,604.52,24347.95,24952.46,57.6,26629.5,36623.9,0.0,18276.531,717.356,306.640,5475:12;5498:6165;5499:6540;5500:6504;5501:5127
439.4690,1788885751.4924,6,604.52,24348.81,24953.33,278.8,26635.2,36618.3,0.0,18283.386,717.400,306.640,5475:12;5498:6165;5499:6538;5500:6505;5501:5128
439.5730,1788885751.5964,6,604.52,24378.61,24983.13,124.8,26635.1,36618.3,0.0,18290.121,717.504,306.640,5475:12;5498:6172;5499:6550;5500:6511;5501:5134
439.6772,1788885751.7006,6,604.52,24366.08,24970.60,230.6,26635.1,36618.3,0.0,18290.871,717.549,306.640,5475:12;5498:6168;5499:6545;5500:6506;5501:5134
439.7812,1788885751.8046,6,604.52,24503.73,25108.25,354.8,26703.6,36549.9,0.0,18295.576,717.612,306.640,5475:12;5498:6172;5499:6626;5500:6547;5501:5147
439.8856,1788885751.9090,6,604.59,24649.50,25254.09,1210.6,26591.0,36662.5,0.0,18297.825,717.623,306.640,5475:12;5498:6212;5499:6655;5500:6535;5501:5235
439.9924,1788885752.0158,6,604.79,24412.27,25017.06,1151.3,26344.2,36909.3,0.0,18297.825,717.623,306.640,5475:12;5498:6187;5499:6494;5500:6487;5501:5232
440.0974,1788885752.1208,6,605.02,24228.32,24833.33,1084.0,26197.4,37056.0,0.0,18297.825,717.623,306.640,5475:12;5498:6142;5499:6458;5500:6469;5501:5147
440.2035,1788885752.2269,6,605.16,24130.32,24735.48,904.2,26169.5,37084.0,0.0,18298.261,717.735,306.640,5475:12;5498:6141;5499:6369;5500:6458;5501:5150
440.3084,1788885752.3318,6,605.17,24128.17,24733.34,364.8,26186.1,37067.4,0.0,18298.632,717.833,306.640,5475:12;5498:6133;5499:6360;5500:6462;5501:5160
440.4125,1788885752.4359,6,605.17,24144.01,24749.18,317.2,26190.1,37063.4,0.0,18299.246,717.957,306.640,5475:12;5498:6137;5499:6367;5500:6466;5501:5161
440.5166,1788885752.5400,6,605.31,24172.93,24778.24,345.7,26202.1,37051.4,0.0,18299.680,718.071,306.640,5475:12;5498:6149;5499:6371;5500:6472;5501:5169
440.6207,1788885752.6441,6,605.31,24189.30,24794.61,336.4,26206.1,37047.4,0.0,18300.302,718.193,306.640,5475:12;5498:6149;5499:6375;5500:6472;5501:5180
440.7247,1788885752.7481,6,605.31,24218.37,24823.68,346.0,26222.1,37031.4,0.0,18300.878,718.305,306.640,5475:12;5498:6154;5499:6383;5500:6479;5501:5189
440.8288,1788885752.8522,6,605.31,24220.68,24825.99,326.8,26238.6,37014.9,0.0,18301.524,718.421,306.640,5475:12;5498:6158;5499:6381;5500:6480;5501:5190
440.9329,1788885752.9562,6,605.31,24261.62,24866.93,365.1,26250.6,37002.9,0.0,18302.256,718.565,306.640,5475:12;5498:6163;5499:6393;5500:6489;5501:5204
441.0370,1788885753.0603,6,605.32,24273.61,24878.93,335.7,26250.2,37003.3,0.0,18303.006,718.694,306.640,5475:12;5498:6171;5499:6396;5500:6492;5501:5202
441.1413,1788885753.1647,6,605.32,24277.42,24882.74,344.7,26263.6,36989.9,0.0,18311.604,718.783,306.640,5475:12;5498:6173;5499:6393;5500:6498;5501:5201
441.2457,1788885753.2690,6,605.32,24285.12,24890.44,67.0,26263.8,36989.6,0.0,18311.925,718.866,306.640,5475:12;5498:6173;5499:6396;5500:6499;5501:5204
441.3503,1788885753.3736,6,605.32,24283.86,24889.17,211.2,26272.8,36980.7,0.0,18312.014,718.885,306.640,5475:12;5498:6174;5499:6397;5500:6497;5501:5205
441.4544,1788885753.4777,6,605.32,24300.43,24905.75,67.2,26272.8,36980.7,0.0,18313.702,718.967,306.640,5475:12;5498:6177;5499:6400;5500:6502;5501:5208
441.5584,1788885753.5818,6,605.34,24301.85,24907.19,230.4,26278.0,36975.4,0.0,18319.238,719.011,306.640,5475:12;5498:6178;5499:6401;5500:6503;5501:5209
441.6625,1788885753.6859,6,605.34,24324.67,24930.01,124.8,26278.0,36975.4,0.0,18322.223,719.127,306.640,5475:12;5498:6181;5499:6405;5500:6512;5501:5214
441.7666,1788885753.7900,6,605.34,24338.80,24944.14,336.0,26285.9,36967.5,0.0,18328.910,719.217,306.640,5475:12;5498:6185;5499:6409;5500:6514;5501:5218
441.8708,1788885753.8942,6,605.34,24360.04,24965.38,163.2,26285.9,36967.5,0.0,18333.889,719.320,306.640,5475:12;5498:6187;5499:6414;5500:6524;5501:5222
441.9749,1788885753.9982,6,605.34,24355.30,24960.65,221.2,26297.2,36956.3,0.0,18338.487,719.376,306.640,5475:12;5498:6189;5499:6416;5500:6517;5501:5220
442.0789,1788885754.1023,6,605.34,24382.96,24988.30,144.2,26297.4,36956.1,0.0,18344.872,719.466,306.640,5475:12;5498:6195;5499:6421;5500:6526;5501:5229
442.1829,1788885754.2063,6,605.34,24382.22,24987.56,201.9,26299.0,36954.5,0.0,18346.152,719.554,306.640,5475:12;5498:6195;5499:6421;5500:6528;5501:5226
442.2869,1788885754.3103,6,605.34,24387.57,24992.91,211.6,26307.0,36946.5,0.0,18354.472,719.611,306.640,5475:12;5498:6196;5499:6426;5500:6527;5501:5227
442.3909,1788885754.4143,6,605.34,24398.76,25004.11,67.2,26311.0,36942.5,0.0,18354.792,719.695,306.640,5475:12;5498:6199;5499:6424;5500:6532;5501:5230
442.4949,1788885754.5182,6,605.34,24390.95,24996.30,269.4,26311.2,36942.2,0.0,18363.209,719.740,306.640,5475:12;5498:6199;5499:6423;5500:6530;5501:5227
442.5988,1788885754.6222,6,605.34,24415.84,25021.18,86.5,26311.2,36942.2,0.0,18366.398,719.829,306.640,5475:12;5498:6202;5499:6428;5500:6540;5501:5234
442.7028,1788885754.7262,6,605.39,24747.34,25352.73,945.7,26542.2,36711.3,0.0,18370.031,719.840,306.640,5475:12;5498:6238;5499:6572;5500:6628;5501:5297
442.8100,1788885754.8333,6,605.43,24888.46,25493.89,1312.6,26710.0,36543.5,0.0,18370.031,719.840,306.640,5475:12;5498:6385;5499:6489;5500:6662;5501:5339
442.9149,1788885754.9383,6,605.52,25167.43,25772.96,1356.9,27046.1,36207.3,0.0,18370.031,719.840,306.640,5475:12;5498:6378;5499:6647;5500:6815;5501:5315
443.0285,1788885755.0519,6,605.58,25354.66,25960.25,1432.5,27446.3,35807.2,0.0,18370.031,719.840,306.640,5475:12;5498:6565;5499:6526;5500:6947;5501:5304
443.1346,1788885755.1580,6,605.61,25090.34,25695.95,1274.6,27405.7,35847.7,0.0,18370.031,719.840,306.640,5475:12;5498:6403;5499:6463;5500:6909;5501:5303
443.2399,1788885755.2632,6,605.70,24975.52,25581.22,1000.6,27273.2,35980.3,0.0,18370.031,719.840,306.640,5475:12;5498:6188;5499:6583;5500:6865;5501:5328
443.3488,1788885755.3722,6,605.72,24772.50,25378.22,769.0,27046.4,36207.1,0.0,18370.031,719.840,306.640,5475:12;5498:6163;5499:6486;5500:6770;5501:5341
443.4554,1788885755.4788,6,605.77,24813.41,25419.17,1301.4,27138.1,36115.4,0.0,18370.031,719.840,306.640,5475:12;5498:6202;5499:6633;5500:6607;5501:5359
443.5618,1788885755.5851,6,605.93,24922.91,25528.84,1392.0,27269.5,35983.9,0.0,18370.032,719.840,306.640,5475:12;5498:6415;5499:6497;5500:6639;5501:5360
443.6693,1788885755.6927,6,606.00,24239.96,24845.96,1142.5,26998.7,36254.8,0.0,18370.032,719.841,306.640,5475:12;5498:6145;5499:6242;5500:6530;5501:5311
443.7778,1788885755.8012,6,606.02,23897.76,24503.78,471.6,26989.1,36264.4,0.0,18370.403,719.908,306.640,5475:12;5498:6059;5499:6250;5500:6253;5501:5323
443.8835,1788885755.9069,6,606.02,24097.18,24703.20,143.9,27146.3,36107.1,0.0,18370.511,719.919,306.640,5475:12;5498:6062;5499:6249;5500:6454;5501:5320
443.9877,1788885756.0111,6,606.03,23958.84,24564.87,268.8,27122.1,36131.3,0.0,18370.637,719.968,306.640,5475:12;5498:6065;5499:6251;5500:6310;5501:5321
444.0930,1788885756.1164,6,606.06,24606.52,25212.58,976.4,27270.4,35983.1,0.0,18373.389,719.982,306.640,5475:12;5498:6130;5499:6436;5500:6622;5501:5406
444.2017,1788885756.2251,6,606.07,24878.11,25484.18,1434.5,27604.7,35648.8,0.0,18373.392,719.985,306.640,5475:12;5498:6148;5499:6698;5500:6557;5501:5463
444.3083,1788885756.3317,6,606.07,24711.18,25317.26,981.8,27710.3,35543.2,0.0,18373.392,719.985,306.640,5475:12;5498:6179;5499:6551;5500:6487;5501:5483
444.4154,1788885756.4388,6,606.09,25366.58,25972.66,1007.5,28204.9,35048.5,0.0,18373.393,719.987,306.640,5475:12;5498:6348;5499:6552;5500:6864;5501:5590
444.5226,1788885756.5460,6,606.14,25551.42,26157.55,1269.1,28278.6,34974.8,0.0,18373.393,719.987,306.640,5475:12;5498:6382;5499:6552;5500:6968;5501:5637
444.6298,1788885756.6531,6,606.18,25606.80,26212.97,1362.1,28493.9,34759.6,0.0,18373.394,719.987,306.640,5475:12;5498:6427;5499:6768;5500:6707;5501:5692
444.7371,1788885756.7604,6,606.19,25392.55,25998.74,1446.1,28928.9,34324.6,0.0,18373.396,719.988,306.640,5475:12;5498:6284;5499:6575;5500:6419;5501:6103
444.8434,1788885756.8668,6,606.22,25205.19,25811.41,988.9,28997.1,34256.4,0.0,18373.397,719.990,306.640,5475:12;5498:6300;5499:6329;5500:6366;5501:6198
444.9486,1788885756.9720,6,606.23,25257.70,25863.93,1158.9,29001.6,34251.9,0.0,18373.397,719.990,306.640,5475:12;5498:6328;5499:6338;5500:6476;5501:6102
445.0550,1788885757.0784,6,606.25,25376.64,25982.89,1198.5,28906.8,34346.6,0.0,18373.400,719.992,306.640,5475:12;5498:6338;5499:6329;5500:6650;5501:6047
445.1655,1788885757.1889,6,606.26,25358.62,25964.88,1511.4,29100.9,34152.6,0.0,18373.400,719.993,306.640,5475:12;5498:6512;5499:6184;5500:6676;5501:5973
445.2720,1788885757.2954,6,606.28,25412.29,26018.57,1380.8,29283.9,33969.6,0.0,18373.401,719.993,306.640,5475:12;5498:6594;5499:6329;5500:6588;5501:5889
445.3800,1788885757.4034,6,606.30,24491.41,25097.71,971.8,28590.8,34662.7,0.0,18373.623,720.058,306.640,5475:12;5498:6444;5499:6249;5500:6496;5501:5291
445.4846,1788885757.5080,6,606.38,23810.38,24416.76,480.0,28090.5,35163.0,0.0,18374.047,720.138,306.640,5475:12;5498:6133;5499:6073;5500:6325;5501:5267
445.5886,1788885757.6120,6,606.42,23835.94,24442.36,314.6,28090.5,35163.0,0.0,18374.683,720.274,306.640,5475:12;5498:6141;5499:6078;5500:6333;5501:5272
445.6938,1788885757.7172,6,606.42,23847.02,24453.44,265.6,28098.5,35155.0,0.0,18377.996,720.383,306.640,5475:12;5498:6144;5499:6077;5500:6333;5501:5280
445.7992,1788885757.8226,6,606.42,23881.71,24488.13,239.8,28114.5,35139.0,0.0,18380.731,720.531,306.640,5475:12;5498:6158;5499:6081;5500:6341;5501:5289
445.9032,1788885757.9266,6,606.42,23904.35,24510.77,278.6,28114.5,35139.0,0.0,18381.304,720.655,306.640,5475:12;5498:6166;5499:6084;5500:6350;5501:5292
446.0074,1788885758.0307,6,606.43,23917.70,24524.13,269.0,28099.5,35154.0,0.0,18383.872,720.755,306.640,5475:12;5498:6168;5499:6087;5500:6353;5501:5297
446.1114,1788885758.1348,6,606.43,23933.17,24539.60,163.3,28107.1,35146.4,0.0,18384.283,720.855,306.640,5475:12;5498:6178;5499:6088;5500:6359;5501:5297
446.2155,1788885758.2389,6,606.43,23936.45,24542.88,230.6,28108.7,35144.8,0.0,18387.139,720.928,306.640,5475:12;5498:6179;5499:6092;5500:6357;5501:5296
446.3196,1788885758.3429,6,606.43,23945.77,24552.19,76.9,28108.7,35144.8,0.0,18389.194,720.990,306.640,5475:12;5498:6181;5499:6096;5500:6358;5501:5299
446.4236,1788885758.4470,6,606.43,23948.25,24554.68,105.6,28120.7,35132.8,0.0,18391.432,721.014,306.640,5475:12;5498:6179;5499:6097;5500:6359;5501:5300
446.5277,1788885758.5511,6,606.43,23957.30,24563.73,67.2,28120.7,35132.8,0.0,18391.644,721.063,306.640,5475:12;5498:6185;5499:6100;5500:6360;5501:5301
446.6318,1788885758.6552,6,606.43,23966.70,24573.13,76.8,28118.5,35135.0,0.0,18394.300,721.111,306.640,5475:12;5498:6187;5499:6103;5500:6361;5501:5302
446.7359,1788885758.7593,6,606.43,23972.44,24578.87,57.6,28126.5,35127.0,0.0,18396.018,721.154,306.640,5475:12;5498:6191;5499:6103;5500:6363;5501:5302
446.8400,1788885758.8634,6,606.43,23979.21,24585.63,96.0,28127.0,35126.5,0.0,18397.071,721.218,306.640,5475:12;5498:6193;5499:6108;5500:6363;5501:5303
446.9441,1788885758.9675,6,606.43,23984.45,24590.88,96.1,28127.0,35126.5,0.0,18399.799,721.287,306.640,5475:12;5498:6194;5499:6110;5500:6364;5501:5304
447.0482,1788885759.0716,6,606.44,24269.94,24876.38,392.8,28244.8,35008.7,0.0,18402.541,721.299,306.640,5475:12;5498:6217;5499:6129;5500:6452;5501:5460
447.1526,1788885759.1760,6,606.49,24062.12,24668.62,700.4,27990.6,35262.9,0.0,18402.772,721.362,306.640,5475:12;5498:6165;5499:6132;5500:6402;5501:5351
447.2582,1788885759.2816,6,606.51,24106.02,24712.53,585.9,27990.6,35262.9,0.0,18403.455,721.560,306.640,5475:12;5498:6188;5499:6135;5500:6410;5501:5361
447.3640,1788885759.3874,6,606.51,24142.08,24748.59,413.2,27998.6,35254.9,0.0,18406.845,721.720,306.640,5475:12;5498:6189;5499:6148;5500:6419;5501:5374
447.4681,1788885759.4914,6,606.54,24177.89,24784.43,567.5,28008.5,35245.0,0.0,18407.695,721.945,306.640,5475:12;5498:6199;5499:6159;5500:6427;5501:5381
447.5720,1788885759.5954,6,606.54,24212.00,24818.54,491.2,28020.7,35232.8,0.0,18411.749,722.117,306.640,5475:12;5498:6208;5499:6168;5500:6435;5501:5389
447.6781,1788885759.7015,6,606.54,24260.50,24867.05,421.6,28028.9,35224.5,0.0,18415.225,722.330,306.640,5475:12;5498:6223;5499:6181;5500:6445;5501:5400
447.7823,1788885759.8057,6,606.54,24292.58,24899.12,489.0,28044.9,35208.5,0.0,18415.985,722.544,306.640,5475:12;5498:6229;5499:6190;5500:6454;5501:5408
447.8890,1788885759.9123,6,606.54,24304.92,24911.46,395.4,28045.2,35208.3,0.0,18418.114,722.656,306.640,5475:12;5498:6231;5499:6191;5500:6457;5501:5413
447.9951,1788885760.0184,6,606.55,24324.09,24930.64,191.6,28046.0,35207.4,0.0,18419.401,722.754,306.640,5475:12;5498:6242;5499:6196;5500:6461;5501:5413
448.0993,1788885760.1227,6,606.55,24334.46,24941.02,316.4,28032.8,35220.7,0.0,18423.851,722.858,306.640,5475:12;5498:6250;5499:6198;5500:6462;5501:5413
448.2036,1788885760.2270,6,606.55,24346.64,24953.19,163.3,28037.0,35216.4,0.0,18425.721,722.971,306.640,5475:12;5498:6254;5499:6202;5500:6463;5501:5415
448.3076,1788885760.3310,6,606.55,24359.05,24965.61,211.3,28039.1,35214.4,0.0,18430.727,723.037,306.640,5475:12;5498:6258;5499:6205;5500:6467;5501:5417
448.4117,1788885760.4351,6,606.55,24384.80,24991.35,230.6,28049.5,35204.0,0.0,18433.583,723.137,306.640,5475:12;5498:6266;5499:6211;5500:6475;5501:5421
448.5158,1788885760.5392,6,606.55,24394.90,25001.46,67.2,28047.6,35205.9,0.0,18433.984,723.231,306.640,5475:12;5498:6269;5499:6215;5500:6476;5501:5423
448.6198,1788885760.6432,6,606.55,24399.67,25006.22,153.2,28051.6,35201.9,0.0,18439.277,723.267,306.640,5475:12;5498:6271;5499:6216;5500:6478;5501:5423
448.7244,1788885760.7478,6,606.55,24410.37,25016.92,105.6,28059.6,35193.9,0.0,18439.993,723.324,306.640,5475:12;5498:6272;5499:6220;5500:6480;5501:5427
448.8285,1788885760.8518,6,606.55,24429.17,25035.72,160.3,28060.0,35193.4,0.0,18445.259,723.419,306.640,5475:12;5498:6281;5499:6224;5500:6486;5501:5427
448.9345,1788885760.9579,6,606.57,24525.11,25131.67,287.7,28101.0,35152.5,0.0,18446.017,723.501,306.640,5475:12;5498:6283;5499:6230;5500:6484;5501:5515
449.0425,1788885761.0658,6,606.60,24535.59,25142.20,566.3,27993.6,35259.9,0.0,18450.865,723.530,306.640,5475:12;5498:6289;5499:6233;5500:6560;5501:5441
449.1484,1788885761.1718,6,606.62,24511.93,25118.55,353.6,27868.7,35384.8,0.0,18451.361,723.667,306.640,5475:12;5498:6292;5499:6252;5500:6497;5501:5458
449.2528,1788885761.2762,6,606.62,24536.41,25143.04,283.0,27876.9,35376.6,0.0,18454.035,723.770,306.640,5475:12;5498:6298;5499:6256;5500:6498;5501:5472
449.3590,1788885761.3824,6,606.62,24557.40,25164.03,249.2,27900.9,35352.6,0.0,18456.884,723.902,306.640,5475:12;5498:6301;5499:6264;5500:6501;5501:5480
449.4631,1788885761.4865,6,606.62,24584.36,25190.98,374.7,27922.4,35331.1,0.0,18458.864,724.045,306.640,5475:12;5498:6309;5499:6272;5500:6501;5501:5491
449.5672,1788885761.5906,6,606.64,24600.39,25207.03,249.8,27934.5,35319.0,0.0,18460.600,724.170,306.640,5475:12;5498:6309;5499:6278;5500:6502;5501:5500
449.6713,1788885761.6947,6,606.64,24711.12,25317.76,364.1,28042.2,35211.3,0.0,18464.147,724.247,306.640,5475:12;5498:6401;5499:6287;5500:6503;5501:5507
449.7758,1788885761.7991,6,606.70,24689.50,25296.21,773.7,27971.0,35282.4,0.0,18464.438,724.323,306.640,5475:12;5498:6336;5499:6294;5500:6531;5501:5516
449.8817,1788885761.9051,6,606.70,24681.28,25287.98,297.6,27945.1,35308.3,0.0,18464.624,724.349,306.640,5475:12;5498:6421;5499:6297;5500:6430;5501:5521
449.9858,1788885762.0092,6,606.72,24629.02,25235.75,422.1,27894.0,35359.4,0.0,18467.827,724.485,306.640,5475:12;5498:6369;5499:6300;5500:6444;5501:5504
450.0901,1788885762.1134,6,606.72,24659.88,25266.60,259.6,27905.4,35348.1,0.0,18468.779,724.596,306.640,5475:12;5498:6375;5499:6306;5500:6452;5501:5515
450.1940,1788885762.2174,6,606.72,24677.96,25284.68,240.4,27909.4,35344.1,0.0,18471.772,724.702,306.640,5475:12;5498:6378;5499:6308;5500:6458;5501:5521
450.2981,1788885762.3214,6,606.72,24699.13,25305.85,230.7,27921.4,35332.1,0.0,18472.353,724.834,306.640,5475:12;5498:6383;5499:6313;5500:6467;5501:5524
450.4021,1788885762.4255,6,606.72,24716.63,25323.35,230.7,27935.2,35318.3,0.0,18475.302,724.933,306.640,5475:12;5498:6386;5499:6315;5500:6474;5501:5530
450.5062,1788885762.5295,6,606.79,24746.23,25353.02,278.8,27946.9,35306.5,0.0,18475.986,725.046,306.640,5475:12;5498:6394;5499:6318;5500:6483;5501:5539
450.6102,1788885762.6335,6,606.79,24752.86,25359.64,355.2,27954.9,35298.5,0.0,18478.873,725.176,306.640,5475:12;5498:6392;5499:6323;5500:6486;5501:5540
450.7143,1788885762.7377,6,606.79,24772.38,25379.16,240.2,27954.9,35298.5,0.0,18482.329,725.257,306.640,5475:12;5498:6398;5499:6322;5500:6492;5501:5549
450.8184,1788885762.8418,6,606.79,24777.12,25383.91,211.4,27953.3,35300.2,0.0,18482.634,725.318,306.640,5475:12;5498:6401;5499:6329;5500:6490;5501:5545
450.9224,1788885762.9458,6,606.79,24790.61,25397.40,115.2,27957.3,35296.2,0.0,18485.928,725.357,306.640,5475:12;5498:6404;5499:6331;5500:6494;5501:5549
451.0264,1788885763.0498,6,606.79,24807.39,25414.18,173.2,27928.6,35324.9,0.0,18486.328,725.457,306.640,5475:12;5498:6410;5499:6335;5500:6497;5501:5554
451.1304,1788885763.1537,6,606.79,24821.10,25427.89,202.0,27942.1,35311.4,0.0,18492.362,725.535,306.640,5475:12;5498:6413;5499:6337;5500:6501;5501:5558
451.2344,1788885763.2577,6,606.79,24845.02,25451.81,122.6,27942.3,35311.2,0.0,18495.001,725.602,306.640,5475:12;5498:6423;5499:6344;5500:6505;5501:5561
451.3406,1788885763.3640,6,606.79,24845.71,25452.51,95.3,27942.0,35311.5,0.0,18497.850,725.679,306.640,5475:12;5498:6418;5499:6343;5500:6508;5501:5565
451.4456,1788885763.4690,6,606.80,24858.25,25465.04,301.3,27950.0,35303.5,0.0,18503.640,725.752,306.640,5475:12;5498:6420;5499:6344;5500:6512;5501:5570
451.5518,1788885763.5752,6,606.81,24869.03,25475.84,162.8,27950.0,35303.5,0.0,18504.506,725.851,306.640,5475:12;5498:6426;5499:6347;5500:6513;5501:5572
451.6559,1788885763.6793,6,606.82,25173.11,25779.94,641.6,28089.0,35164.5,0.0,18509.799,725.913,306.640,5475:12;5498:6428;5499:6518;5500:6621;5501:5593
451.7604,1788885763.7837,6,606.87,24857.98,25464.85,825.1,27665.5,35588.0,0.0,18512.579,725.960,306.640,5475:12;5498:6432;5499:6404;5500:6480;5501:5529
451.8660,1788885763.8894,6,606.88,24828.47,25435.35,258.0,27622.3,35631.2,0.0,18514.341,726.088,306.640,5475:12;5498:6439;5499:6416;5500:6425;5501:5536
451.9704,1788885763.9937,6,606.88,24846.67,25453.54,268.8,27632.0,35621.5,0.0,18516.143,726.184,306.640,5475:12;5498:6438;5499:6435;5500:6426;5501:5535
452.0745,1788885764.0979,6,606.88,24864.46,25471.34,258.4,27633.6,35619.9,0.0,18516.726,726.289,306.640,5475:12;5498:6442;5499:6444;5500:6427;5501:5539
452.1791,1788885764.2025,6,606.88,24885.70,25492.58,297.6,27649.6,35603.9,0.0,18519.624,726.383,306.640,5475:12;5498:6442;5499:6460;5500:6428;5501:5543
452.2832,1788885764.3065,6,606.88,24914.44,25521.32,269.0,27669.6,35583.9,0.0,18522.544,726.510,306.640,5475:12;5498:6455;5499:6469;5500:6430;5501:5548
452.3872,1788885764.4106,6,606.88,24932.75,25539.62,192.3,27677.6,35575.9,0.0,18523.020,726.620,306.640,5475:12;5498:6453;5499:6484;5500:6431;5501:5553
452.4912,1788885764.5146,6,606.89,24929.74,25536.63,298.0,27686.0,35567.4,0.0,18525.770,726.692,306.640,5475:12;5498:6451;5499:6480;5500:6430;5501:5556
452.5953,1788885764.6186,6,606.89,25051.74,25658.63,192.0,27751.8,35501.6,0.0,18526.065,726.754,306.640,5475:12;5498:6475;5499:6485;5500:6446;5501:5634
452.6995,1788885764.7228,6,606.94,25132.71,25739.66,838.0,27869.5,35383.9,0.0,18528.892,726.778,306.640,5475:12;5498:6534;5499:6477;5500:6542;5501:5567
452.8086,1788885764.8320,6,607.14,24991.56,25598.70,734.4,27717.5,35536.0,0.0,18529.087,726.808,306.640,5475:12;5498:6511;5499:6464;5500:6448;5501:5556
452.9128,1788885764.9362,6,607.16,24906.72,25513.88,316.8,27622.8,35630.7,0.0,18532.306,726.905,306.640,5475:12;5498:6439;5499:6445;5500:6439;5501:5571
453.0170,1788885765.0404,6,607.16,24932.62,25539.78,292.7,27591.7,35661.8,0.0,18534.078,727.031,306.640,5475:12;5498:6448;5499:6455;5500:6442;5501:5576
453.1231,1788885765.1465,6,607.16,24951.44,25558.61,278.0,27603.9,35649.5,0.0,18536.771,727.193,306.640,5475:12;5498:6449;5499:6456;5500:6448;5501:5586
453.2272,1788885765.2506,6,607.16,24969.88,25577.04,288.4,27604.3,35649.2,0.0,18540.241,727.303,306.640,5475:12;5498:6454;5499:6461;5500:6454;5501:5589
453.3313,1788885765.3546,6,607.16,24996.37,25603.53,201.6,27616.5,35637.0,0.0,18540.782,727.424,306.640,5475:12;5498:6459;5499:6466;5500:6458;5501:5601
453.4354,1788885765.4588,6,607.16,25017.11,25624.28,258.3,27632.5,35621.0,0.0,18544.719,727.549,306.640,5475:12;5498:6463;5499:6469;5500:6462;5501:5610
453.5399,1788885765.5633,6,607.17,25038.24,25645.41,306.7,27638.0,35615.5,0.0,18545.234,727.663,306.640,5475:12;5498:6472;5499:6475;5500:6466;5501:5613
453.6442,1788885765.6676,6,607.17,25060.67,25667.84,288.4,27646.1,35607.3,0.0,18548.355,727.770,306.640,5475:12;5498:6472;5499:6486;5500:6473;5501:5617
453.7483,1788885765.7716,6,607.17,25069.04,25676.21,143.9,27652.2,35601.3,0.0,18550.955,727.844,306.640,5475:12;5498:6475;5499:6485;5500:6475;5501:5621
453.8525,1788885765.8759,6,607.17,25090.71,25697.88,259.5,27662.2,35591.3,0.0,18553.612,727.962,306.640,5475:12;5498:6481;5499:6491;5500:6479;5501:5627
453.9566,1788885765.9800,6,607.17,25106.09,25713.26,192.1,27670.2,35583.3,0.0,18558.513,728.042,306.640,5475:12;5498:6482;5499:6496;5500:6483;5501:5633
454.0607,1788885766.0841,6,607.17,25114.58,25721.75,163.1,27655.5,35597.9,0.0,18561.603,728.128,306.640,5475:12;5498:6485;5499:6497;5500:6488;5501:5631
454.1649,1788885766.1883,6,607.17,25132.18,25739.35,96.1,27658.7,35594.8,0.0,18563.845,728.226,306.640,5475:12;5498:6489;5499:6506;5500:6490;5501:5635
454.2689,1788885766.2923,6,607.17,25137.27,25744.44,192.4,27664.5,35589.0,0.0,18568.334,728.295,306.640,5475:12;5498:6492;5499:6506;5500:6493;5501:5635
454.3729,1788885766.3963,6,607.17,25290.68,25897.86,287.6,27779.1,35474.4,0.0,18570.489,728.363,306.640,5475:12;5498:6494;5499:6637;5500:6508;5501:5639
454.4773,1788885766.5007,6,607.21,25296.96,25904.18,1058.7,27676.0,35577.5,0.0,18573.897,728.406,306.640,5475:12;5498:6489;5499:6493;5500:6643;5501:5660
454.5824,1788885766.6058,6,607.30,25005.02,25612.32,1151.3,27415.6,35837.8,0.0,18575.384,728.454,306.640,5475:12;5498:6474;5499:6449;5500:6416;5501:5653
454.6900,1788885766.7134,6,607.41,24833.89,25441.30,1018.3,27366.1,35887.4,0.0,18576.214,728.502,306.640,5475:12;5498:6436;5499:6378;5500:6392;5501:5616
454.7951,1788885766.8185,6,607.46,24541.62,25149.07,603.5,27206.1,36047.3,0.0,18579.961,728.546,306.640,5475:12;5498:6406;5499:6297;5500:6225;5501:5601
454.8993,1788885766.9227,6,607.46,24548.84,25156.29,86.4,27206.1,36047.3,0.0,18581.126,728.603,306.640,5475:12;5498:6409;5499:6299;5500:6226;5501:5603
455.0034,1788885767.0268,6,607.46,24556.26,25163.72,124.8,27196.2,36057.3,0.0,18584.121,728.639,306.640,5475:12;5498:6413;5499:6299;5500:6227;5501:5605
455.1075,1788885767.1309,6,607.46,24563.68,25171.14,38.4,27174.5,36079.0,0.0,18584.296,728.686,306.640,5475:12;5498:6416;5499:6301;5500:6228;5501:5607
455.2114,1788885767.2348,6,607.46,24561.85,25169.31,76.9,27166.9,36086.6,0.0,18587.850,728.718,306.640,5475:12;5498:6416;5499:6300;5500:6227;5501:5606
455.3155,1788885767.3389,6,607.46,24569.77,25177.23,57.6,27166.6,36086.9,0.0,18588.053,728.763,306.640,5475:12;5498:6419;5499:6302;5500:6228;5501:5608
455.4195,1788885767.4429,6,607.47,24790.91,25398.38,277.6,27311.6,35941.9,0.0,18591.334,728.778,306.640,5475:12;5498:6488;5499:6351;5500:6291;5501:5649
455.5240,1788885767.5474,6,607.71,24771.63,25379.34,1103.3,27144.7,36108.8,0.0,18591.335,728.778,306.640,5475:12;5498:6459;5499:6327;5500:6294;5501:5679
455.6305,1788885767.6539,6,607.84,24627.57,25235.41,1131.8,27053.1,36200.4,0.0,18591.336,728.779,306.640,5475:12;5498:6410;5499:6268;5500:6311;5501:5626
455.7370,1788885767.7604,6,607.88,24259.39,24867.28,700.2,26829.5,36424.0,0.0,18591.635,728.828,306.640,5475:12;5498:6312;5499:6250;5500:6094;5501:5591
455.8412,1788885767.8646,6,607.88,24279.41,24887.29,345.8,26832.4,36421.1,0.0,18592.183,728.934,306.640,5475:12;5498:6316;5499:6254;5500:6100;5501:5597
455.9453,1788885767.9687,6,607.88,24303.14,24911.02,365.3,26836.4,36417.1,0.0,18592.578,729.025,306.640,5475:12;5498:6322;5499:6258;5500:6107;5501:5603
456.0493,1788885768.0727,6,607.88,24314.30,24922.18,346.1,26783.3,36470.2,0.0,18592.940,729.128,306.640,5475:12;5498:6320;5499:6264;5500:6108;5501:5611
456.1534,1788885768.1767,6,607.88,24341.96,24949.85,259.6,26783.9,36469.6,0.0,18593.350,729.244,306.640,5475:12;5498:6324;5499:6270;5500:6116;5501:5619
456.2574,1788885768.2808,6,607.88,24363.78,24971.66,365.1,26799.9,36453.6,0.0,18593.789,729.348,306.640,5475:12;5498:6328;5499:6275;5500:6124;5501:5625
456.3615,1788885768.3849,6,607.88,24381.26,24989.14,355.6,26805.8,36447.7,0.0,18594.380,729.457,306.640,5475:12;5498:6334;5499:6278;5500:6126;5501:5631
456.4655,1788885768.4889,6,607.98,24385.29,24993.28,278.8,26817.8,36435.7,0.0,18594.867,729.556,306.640,5475:12;5498:6330;5499:6281;5500:6131;5501:5631
456.5695,1788885768.5929,6,608.01,24409.46,25017.48,307.5,26821.8,36431.7,0.0,18595.198,729.645,306.640,5475:12;5498:6341;5499:6284;5500:6130;5501:5641
456.6736,1788885768.6970,6,608.01,24445.10,25053.11,342.0,26821.9,36431.6,0.0,18602.792,729.787,306.640,5475:12;5498:6354;5499:6292;5500:6138;5501:5649
456.7791,1788885768.8025,6,608.01,24442.20,25050.21,325.8,26828.6,36424.9,0.0,18607.165,729.893,306.640,5475:12;5498:6354;5499:6291;5500:6138;5501:5647
456.8833,1788885768.9066,6,608.01,24459.16,25067.18,268.8,26844.8,36408.7,0.0,18616.847,729.987,306.640,5475:12;5498:6356;5499:6293;5500:6143;5501:5656
456.9874,1788885769.0108,6,608.02,24467.04,25075.05,86.4,26845.3,36408.2,0.0,18617.176,730.068,306.640,5475:12;5498:6360;5499:6296;5500:6142;5501:5657
457.0915,1788885769.1149,6,608.02,24475.35,25083.37,125.0,26820.8,36432.7,0.0,18624.830,730.127,306.640,5475:12;5498:6361;5499:6298;5500:6143;5501:5661
457.1956,1788885769.2190,6,608.02,24483.93,25091.95,221.1,26816.8,36436.7,0.0,18628.171,730.223,306.640,5475:12;5498:6363;5499:6300;5500:6146;5501:5663
457.2996,1788885769.3230,6,608.02,24490.73,25098.75,192.3,26824.8,36428.7,0.0,18638.771,730.272,306.640,5475:12;5498:6363;5499:6303;5500:6149;5501:5663
457.4036,1788885769.4270,6,608.02,24495.93,25103.95,76.9,26828.8,36424.7,0.0,18639.080,730.353,306.640,5475:12;5498:6367;5499:6302;5500:6150;5501:5665
457.5075,1788885769.5309,6,608.02,24497.70,25105.71,240.1,26841.5,36411.9,0.0,18649.653,730.404,306.640,5475:12;5498:6367;5499:6303;5500:6150;5501:5666
457.6117,1788885769.6350,6,608.02,24518.23,25126.25,86.4,26841.5,36411.9,0.0,18653.687,730.493,306.640,5475:12;5498:6372;5499:6307;5500:6154;5501:5672
457.7158,1788885769.7392,6,608.02,24515.74,25123.76,278.8,26861.5,36391.9,0.0,18660.738,730.532,306.640,5475:12;5498:6371;5499:6307;5500:6154;5501:5672
457.8199,1788885769.8433,6,608.02,24542.02,25150.04,76.8,26861.5,36392.0,0.0,18669.605,730.637,306.640,5475:12;5498:6376;5499:6312;5500:6163;5501:5679
457.9240,1788885769.9474,6,608.02,24531.70,25139.71,259.3,26868.2,36385.2,0.0,18672.092,730.665,306.640,5475:12;5498:6375;5499:6309;5500:6158;5501:5678
458.0282,1788885770.0515,6,608.02,24572.04,25180.06,210.8,26821.5,36431.9,0.0,18680.757,730.772,306.640,5475:12;5498:6388;5499:6319;5500:6168;5501:5685
458.1325,1788885770.1558,6,608.02,24560.12,25168.14,240.4,26816.1,36437.4,0.0,18681.402,730.866,306.640,5475:12;5498:6383;5499:6316;5500:6166;5501:5683
458.2365,1788885770.2599,6,608.02,24580.55,25188.57,210.8,26816.1,36437.4,0.0,18691.736,730.907,306.640,5475:12;5498:6388;5499:6321;5500:6172;5501:5687
458.3410,1788885770.3644,6,608.02,24568.99,25177.01,124.3,26814.3,36439.1,0.0,18692.053,730.997,306.640,5475:12;5498:6383;5499:6317;5500:6168;5501:5688
458.4454,1788885770.4687,6,608.04,24639.02,25247.05,468.4,26752.6,36500.8,0.0,18702.177,731.039,306.640,5475:12;5498:6391;5499:6322;5500:6197;5501:5716
458.5500,1788885770.5734,6,608.11,24700.79,25308.90,852.4,26689.4,36564.1,0.0,18702.177,731.039,306.640,5475:12;5498:6402;5499:6329;5500:6181;5501:5777
458.6571,1788885770.6805,6,608.13,24700.03,25308.16,415.5,26690.0,36563.4,0.0,18702.781,731.157,306.640,5475:12;5498:6409;5499:6345;5500:6212;5501:5722
458.7627,1788885770.7861,6,608.13,24732.47,25340.61,538.0,26720.2,36533.3,0.0,18703.479,731.337,306.640,5475:12;5498:6412;5499:6354;5500:6222;5501:5733
458.8668,1788885770.8902,6,608.13,24760.59,25368.73,614.8,26753.0,36500.5,0.0,18713.098,731.494,306.640,5475:12;5498:6413;5499:6361;5500:6233;5501:5741
458.9709,1788885770.9942,6,608.13,24779.64,25387.78,556.8,26769.1,36484.4,0.0,18713.935,731.697,306.640,5475:12;5498:6415;5499:6373;5500:6238;5501:5741
459.0751,1788885771.0984,6,608.14,24802.30,25410.44,691.8,26796.5,36456.9,0.0,18723.897,731.867,306.640,5475:12;5498:6416;5499:6380;5500:6246;5501:5747
459.1792,1788885771.2025,6,608.14,24860.20,25468.33,527.7,26819.0,36434.5,0.0,18733.275,732.092,306.640,5475:12;5498:6417;5499:6388;5500:6276;5501:5767
459.2855,1788885771.3089,6,608.14,24870.55,25478.68,553.2,26828.9,36424.6,0.0,18734.306,732.282,306.640,5475:12;5498:6418;5499:6398;5500:6273;5501:5769
459.3900,1788885771.4134,6,608.14,24880.63,25488.77,499.8,26842.5,36411.0,0.0,18744.010,732.448,306.640,5475:12;5498:6420;5499:6399;5500:6278;5501:5771
459.4941,1788885771.5175,6,608.15,24884.12,25492.28,250.0,26845.8,36407.7,0.0,18744.429,732.530,306.640,5475:12;5498:6422;5499:6398;5500:6277;5501:5775
459.5981,1788885771.6215,6,608.15,24895.69,25503.84,240.2,26857.8,36395.7,0.0,18754.467,732.596,306.640,5475:12;5498:6422;5499:6399;5500:6277;5501:5785
459.7022,1788885771.7256,6,608.15,24918.01,25526.16,278.4,26857.7,36395.8,0.0,18761.690,732.716,306.640,5475:12;5498:6426;5499:6403;5500:6292;5501:5784
459.8064,1788885771.8297,6,608.15,24909.97,25518.12,133.2,26861.9,36391.6,0.0,18766.061,732.755,306.640,5475:12;5498:6428;5499:6403;5500:6283;5501:5784
459.9117,1788885771.9351,6,608.15,24926.49,25534.64,47.7,26861.9,36391.6,0.0,18767.051,732.822,306.640,5475:12;5498:6431;5499:6406;5500:6290;5501:5788
460.0165,1788885772.0399,6,608.15,24926.59,25534.74,306.7,26866.0,36387.4,0.0,18777.162,732.901,306.640,5475:12;5498:6430;5499:6407;5500:6289;5501:5788
460.1206,1788885772.1440,6,608.15,24943.30,25551.45,95.9,26874.0,36379.4,0.0,18782.866,732.995,306.640,5475:12;5498:6432;5499:6409;5500:6298;5501:5792
460.2253,1788885772.2486,6,608.15,24953.21,25561.36,258.8,26882.0,36371.5,0.0,18788.399,733.098,306.640,5475:12;5498:6434;5499:6412;5500:6299;5501:5796
460.3293,1788885772.3527,6,608.15,24978.17,25586.32,133.9,26882.3,36371.2,0.0,18798.144,733.142,306.640,5475:12;5498:6442;5499:6416;5500:6310;5501:5798
460.4340,1788885772.4574,6,608.15,24949.60,25557.75,163.1,26882.3,36371.2,0.0,18798.888,733.171,306.640,5475:12;5498:6435;5499:6410;5500:6298;5501:5795
460.5381,1788885772.5614,6,608.20,24981.54,25589.74,124.2,26882.3,36371.2,0.0,18805.877,733.268,306.640,5475:12;5498:6442;5499:6417;5500:6312;5501:5799
460.6430,1788885772.6664,6,608.23,25430.35,26038.59,1011.2,27338.3,35915.2,0.0,18809.778,733.287,306.640,5475:12;5498:6506;5499:6534;5500:6504;5501:5874
460.7499,1788885772.7733,6,608.36,25043.92,25652.29,1388.7,27021.2,36232.3,0.0,18809.778,733.287,306.640,5475:12;5498:6431;5499:6443;5500:6330;5501:5828
460.8565,1788885772.8799,6,608.52,25048.56,25657.08,1205.9,27078.2,36175.3,0.0,18809.778,733.287,306.640,5475:12;5498:6453;5499:6457;5500:6321;5501:5805
460.9634,1788885772.9868,6,608.63,24904.48,25513.11,1216.6,27090.7,36162.8,0.0,18809.778,733.287,306.640,5475:12;5498:6431;5499:6483;5500:6227;5501:5751
461.0676,1788885773.0910,6,608.76,24475.58,25084.34,1248.2,26703.9,36549.5,0.0,18809.778,733.287,306.640,5475:12;5498:6250;5499:6388;5500:6151;5501:5674
461.1742,1788885773.1976,6,608.83,24158.03,24766.86,604.4,26468.6,36784.9,0.0,18810.084,733.355,306.640,5475:12;5498:6161;5499:6235;5500:6110;5501:5640
461.2783,1788885773.3017,6,608.83,24181.98,24790.82,326.4,26468.6,36784.9,0.0,18810.974,733.475,306.640,5475:12;5498:6166;5499:6239;5500:6116;5501:5648
461.3825,1788885773.4058,6,608.83,24210.12,24818.95,339.7,26484.2,36769.2,0.0,18811.767,733.581,306.640,5475:12;5498:6167;5499:6248;5500:6122;5501:5661
461.4887,1788885773.5120,6,608.93,24215.86,24824.79,364.4,26496.2,36757.2,0.0,18812.187,733.689,306.640,5475:12;5498:6171;5499:6250;5500:6123;5501:5660
461.5927,1788885773.6161,6,608.95,24248.07,24857.03,288.4,26504.2,36749.2,0.0,18812.769,733.851,306.640,5475:12;5498:6181;5499:6256;5500:6128;5501:5671
461.6968,1788885773.7201,6,608.95,24270.12,24879.08,288.0,26524.2,36729.2,0.0,18813.171,733.948,306.640,5475:12;5498:6183;5499:6261;5500:6133;5501:5681
461.8009,1788885773.8243,6,608.95,24286.27,24895.22,330.2,26532.2,36721.2,0.0,18813.643,734.055,306.640,5475:12;5498:6189;5499:6264;5500:6138;5501:5683
461.9072,1788885773.9305,6,608.95,24299.61,24908.57,325.1,26536.2,36717.2,0.0,18814.072,734.156,306.640,5475:12;5498:6187;5499:6264;5500:6142;5501:5694
462.0116,1788885774.0349,6,608.96,24311.17,24920.13,317.0,26518.9,36734.6,0.0,18814.602,734.235,306.640,5475:12;5498:6192;5499:6272;5500:6144;5501:5692
462.1157,1788885774.1391,6,608.96,24331.30,24940.26,163.2,26512.6,36740.9,0.0,18818.455,734.335,306.640,5475:12;5498:6195;5499:6278;5500:6148;5501:5698
462.2198,1788885774.2432,6,608.96,24329.43,24938.39,259.5,26525.1,36728.4,0.0,18825.352,734.377,306.640,5475:12;5498:6196;5499:6276;5500:6148;5501:5698
462.3238,1788885774.3472,6,608.96,24345.75,24954.71,67.2,26525.1,36728.4,0.0,18825.664,734.451,306.640,5475:12;5498:6199;5499:6280;5500:6151;5501:5703
462.4279,1788885774.4512,6,608.96,24363.69,24972.65,211.4,26533.3,36720.2,0.0,18836.626,734.501,306.640,5475:12;5498:6203;5499:6284;5500:6154;5501:5710
462.5319,1788885774.5553,6,609.01,24367.85,24976.86,153.7,26540.6,36712.9,0.0,18837.131,734.586,306.640,5475:12;5498:6206;5499:6284;5500:6153;5501:5712
462.6360,1788885774.6593,6,609.01,24361.78,24970.79,278.8,26556.9,36696.6,0.0,18847.114,734.639,306.640,5475:12;5498:6202;5499:6284;5500:6155;5501:5708
462.7400,1788885774.7634,6,609.01,24384.04,24993.05,96.0,26560.9,36692.6,0.0,18854.871,734.744,306.640,5475:12;5498:6206;5499:6291;5500:6159;5501:5716
462.8443,1788885774.8677,6,609.01,24394.70,25003.71,240.0,26576.9,36676.6,0.0,18857.385,734.841,306.640,5475:12;5498:6209;5499:6292;5500:6161;5501:5719
462.9485,1788885774.9718,6,609.01,24402.59,25011.61,221.2,26577.1,36676.4,0.0,18867.338,734.889,306.640,5475:12;5498:6210;5499:6297;5500:6160;5501:5724
463.0525,1788885775.0759,6,609.02,24410.53,25019.55,105.7,26526.6,36726.9,0.0,18867.626,734.965,306.640,5475:12;5498:6213;5499:6296;5500:6163;5501:5725
463.1565,1788885775.1799,6,609.02,24410.27,25019.29,249.9,26514.8,36738.6,0.0,18877.373,735.014,306.640,5475:12;5498:6214;5499:6296;5500:6164;5501:5724
463.2606,1788885775.2840,6,609.02,24426.59,25035.61,76.8,26513.3,36740.2,0.0,18877.689,735.089,306.640,5475:12;5498:6217;5499:6300;5500:6167;5501:5729
463.3646,1788885775.3880,6,609.02,24424.34,25033.35,250.0,26521.5,36732.0,0.0,18887.241,735.142,306.640,5475:12;5498:6218;5499:6300;5500:6168;5501:5726
463.4686,1788885775.4920,6,609.02,24441.91,25050.93,86.6,26521.5,36732.0,0.0,18887.747,735.219,306.640,5475:12;5498:6220;5499:6304;5500:6171;5501:5734
463.5726,1788885775.5960,6,609.03,24443.87,25052.90,250.0,26537.6,36715.9,0.0,18897.693,735.290,306.640,5475:12;5498:6223;5499:6305;5500:6170;5501:5734
463.6766,1788885775.7000,6,609.03,24470.09,25079.12,66.5,26537.6,36715.9,0.0,18906.745,735.378,306.640,5475:12;5498:6227;5499:6311;5500:6177;5501:5743
463.7822,1788885775.8056,6,609.03,24463.06,25072.09,278.1,26534.5,36719.0,0.0,18907.485,735.463,306.640,5475:12;5498:6226;5499:6309;5500:6176;5501:5740
463.8862,1788885775.9096,6,609.03,24513.12,25122.16,220.8,26542.7,36710.7,0.0,18917.845,735.503,306.640,5475:12;5498:6233;5499:6317;5500:6188;5501:5762
463.9910,1788885776.0144,6,609.09,24790.36,25399.45,1121.9,26569.0,36684.5,0.0,18917.845,735.503,306.640,5475:12;5498:6293;5499:6437;5500:6186;5501:5861
464.0986,1788885776.1220,6,609.39,24675.10,25284.48,1291.2,26366.8,36886.6,0.0,18917.845,735.503,306.640,5475:12;5498:6239;5499:6342;5500:6238;5501:5844
464.2048,1788885776.2282,6,609.57,24644.76,25254.33,1242.9,26489.7,36763.7,0.0,18917.847,735.504,306.640,5475:12;5498:6204;5499:6319;5500:6308;5501:5801
464.3106,1788885776.3340,6,609.70,24495.86,25105.56,995.0,26462.5,36790.9,0.0,18917.847,735.504,306.640,5475:12;5498:6178;5499:6249;5500:6384;5501:5672
464.4166,1788885776.4400,6,609.80,24515.07,25124.88,1139.3,26454.8,36798.7,0.0,18917.849,735.506,306.640,5475:12;5498:6184;5499:6228;5500:6430;5501:5662
464.5233,1788885776.5466,6,610.02,24298.55,24908.57,1025.1,26344.6,36908.9,0.0,18917.851,735.508,306.640,5475:12;5498:6072;5499:6159;5500:6462;5501:5594
464.6274,1788885776.6508,6,610.09,24085.36,24695.45,663.4,26163.9,37089.6,0.0,18917.852,735.509,306.640,5475:12;5498:6016;5499:6109;5500:6397;5501:5551
464.7331,1788885776.7564,6,610.17,23589.62,24199.79,863.2,25785.5,37468.0,0.0,18917.852,735.510,306.640,5475:12;5498:5938;5499:6048;5500:6108;5501:5484
464.8385,1788885776.8618,6,610.23,23054.69,23664.92,575.5,25266.4,37987.1,0.0,18917.853,735.510,306.640,5475:12;5498:5913;5499:6025;5500:5659;5501:5445
464.9426,1788885776.9660,6,610.25,22994.04,23604.29,211.2,25198.4,38055.0,0.0,18918.265,735.597,306.640,5475:12;5498:5918;5499:6030;5500:5581;5501:5452
465.0468,1788885777.0701,6,610.26,23009.06,23619.32,182.4,25164.7,38088.8,0.0,18918.602,735.675,306.640,5475:12;5498:5923;5499:6034;5500:5580;5501:5459
465.1509,1788885777.1743,6,610.26,23029.30,23639.56,163.5,25176.8,38076.6,0.0,18918.932,735.762,306.640,5475:12;5498:5930;5499:6038;5500:5584;5501:5465
465.2549,1788885777.2783,6,610.26,23050.19,23660.45,192.1,25178.8,38074.6,0.0,18919.240,735.822,306.640,5475:12;5498:5937;5499:6042;5500:5590;5501:5470
465.3590,1788885777.3824,6,610.26,23071.55,23681.80,211.4,25198.8,38054.7,0.0,18919.557,735.908,306.640,5475:12;5498:5947;5499:6046;5500:5590;5501:5477
465.4630,1788885777.4864,6,610.39,23092.64,23703.03,220.7,25206.1,38047.3,0.0,18920.099,735.991,306.640,5475:12;5498:5949;5499:6052;5500:5594;5501:5485
465.5673,1788885777.5907,6,610.39,23088.89,23699.28,211.2,25208.2,38045.2,0.0,18920.344,736.060,306.640,5475:12;5498:5954;5499:6048;5500:5596;5501:5479
465.6715,1788885777.6949,6,610.39,23096.20,23706.59,86.4,25208.0,38045.5,0.0,18920.391,736.079,306.640,5475:12;5498:5954;5499:6052;5500:5596;5501:5482
465.7757,1788885777.7991,6,610.40,23102.84,23713.24,163.2,25212.0,38041.5,0.0,18920.626,736.144,306.640,5475:12;5498:5958;5499:6050;5500:5598;5501:5484
465.8799,1788885777.9033,6,610.40,23116.97,23727.37,115.2,25220.0,38033.5,0.0,18923.595,736.218,306.640,5475:12;5498:5960;5499:6052;5500:5604;5501:5488
465.9840,1788885778.0074,6,610.40,23118.79,23729.19,105.4,25194.2,38059.3,0.0,18926.393,736.254,306.640,5475:12;5498:5963;5499:6054;5500:5602;5501:5488
466.0884,1788885778.1117,6,610.40,23125.93,23736.32,28.8,25176.5,38077.0,0.0,18927.958,736.301,306.640,5475:12;5498:5966;5499:6054;5500:5602;5501:5491
466.1924,1788885778.2158,6,610.40,23136.29,23746.69,76.8,25186.6,38066.8,0.0,18928.824,736.354,306.640,5475:12;5498:5969;5499:6056;5500:5604;5501:5494
466.2965,1788885778.3199,6,610.40,23140.48,23750.88,163.2,25187.2,38066.3,0.0,18932.080,736.382,306.640,5475:12;5498:5970;5499:6058;5500:5604;5501:5496
466.4006,1788885778.4239,6,610.40,23153.41,23763.80,57.6,25187.3,38066.2,0.0,18932.294,736.431,306.640,5475:12;5498:5976;5499:6058;5500:5608;5501:5498
466.5046,1788885778.5280,6,610.45,23168.30,23778.75,163.3,25195.8,38057.7,0.0,18935.181,736.489,306.640,5475:12;5498:5980;5499:6064;5500:5609;5501:5504
466.6087,1788885778.6321,6,610.45,23175.01,23785.46,86.4,25199.8,38053.7,0.0,18935.325,736.513,306.640,5475:12;5498:5982;5499:6066;5500:5610;5501:5504
466.7128,1788885778.7361,6,610.45,23186.63,23797.08,47.8,25201.5,38051.9,0.0,18939.703,736.580,306.640,5475:12;5498:5988;5499:6066;5500:5613;5501:5507
466.8174,1788885778.8408,6,610.45,23184.23,23794.68,96.0,25213.8,38039.7,0.0,18942.713,736.605,306.640,5475:12;5498:5986;5499:6067;5500:5612;5501:5507
466.9214,1788885778.9448,6,610.45,23199.65,23810.10,125.0,25213.8,38039.7,0.0,18947.427,736.682,306.640,5475:12;5498:5995;5499:6069;5500:5615;5501:5509
467.0255,1788885779.0489,6,610.45,23199.47,23809.92,134.5,25176.5,38077.0,0.0,18950.147,736.742,306.640,5475:12;5498:5994;5499:6068;5500:5614;5501:5512
467.1300,1788885779.1534,6,610.46,23402.54,24013.00,659.4,25120.0,38133.4,0.0,18956.025,736.775,306.640,5475:12;5498:6055;5499:6132;5500:5640;5501:5563
467.2420,1788885779.2654,6,610.47,23723.14,24333.61,1444.4,25432.2,37821.2,0.0,18956.025,736.775,306.640,5475:12;5498:6158;5499:6069;5500:5811;5501:5673
467.3483,1788885779.3717,6,610.50,23912.23,24522.73,1274.3,25676.1,37577.4,0.0,18956.509,736.778,306.640,5475:12;5498:6100;5499:6139;5500:5868;5501:5794
467.4529,1788885779.4762,6,610.51,24468.87,25079.38,1374.5,26203.4,37050.1,0.0,18956.509,736.778,306.640,5475:12;5498:6185;5499:6251;5500:5936;5501:6085
467.5620,1788885779.5854,6,610.54,24600.02,25210.57,1326.3,26549.7,36703.8,0.0,18956.509,736.778,306.640,5475:12;5498:6323;5499:6147;5500:6056;5501:6062
467.6685,1788885779.6919,6,610.57,24903.94,25514.51,1129.7,26915.6,36337.9,0.0,18956.509,736.778,306.640,5475:12;5498:6539;5499:6277;5500:6096;5501:5980
467.7752,1788885779.7986,6,610.59,24849.74,25460.34,1139.4,26892.1,36361.4,0.0,18956.509,736.778,306.640,5475:12;5498:6555;5499:6232;5500:6111;5501:5938
467.8822,1788885779.9056,6,610.63,25410.44,26021.07,1277.4,27380.7,35872.8,0.0,18956.509,736.778,306.640,5475:12;5498:6884;5499:6349;5500:6192;5501:5973
467.9898,1788885780.0132,6,610.66,25893.00,26503.66,1447.3,27864.8,35388.7,0.0,18956.512,736.779,306.640,5475:12;5498:7086;5499:6610;5500:6114;5501:6070
468.0984,1788885780.1218,6,610.77,25901.09,26511.87,1485.7,28049.4,35204.0,0.0,18956.512,736.779,306.640,5475:12;5498:6895;5499:6614;5500:6210;5501:6171
468.2119,1788885780.2353,6,610.78,26602.98,27213.76,1364.0,28740.2,34513.3,0.0,18956.512,736.779,306.640,5475:12;5498:7000;5499:7045;5500:6317;5501:6229
468.3173,1788885780.3407,6,610.81,26368.94,26979.75,1403.5,28759.6,34493.9,0.0,18956.512,736.779,306.640,5475:12;5498:6662;5499:7056;5500:6364;5501:6276
468.4386,1788885780.4620,6,610.84,26518.82,27129.66,1404.6,28970.5,34282.9,0.0,18956.512,736.779,306.640,5475:12;5498:6600;5499:7111;5500:6466;5501:6329
468.5497,1788885780.5730,6,610.90,26737.95,27348.86,1466.1,29260.5,33992.9,0.0,18956.512,736.780,306.640,5475:12;5498:6769;5499:7044;5500:6633;5501:6279
468.6640,1788885780.6873,6,610.91,26751.99,27362.90,1399.4,29453.1,33800.4,0.0,18956.512,736.780,306.640,5475:12;5498:6647;5499:6849;5500:6770;5501:6474
468.7732,1788885780.7966,6,611.04,26745.61,27356.65,1431.7,29682.1,33571.3,0.0,18956.512,736.780,306.640,5475:12;5498:6705;5499:7213;5500:6953;5501:5862
468.8862,1788885780.9096,6,611.06,27157.12,27768.18,1448.3,30284.2,32969.3,0.0,18956.512,736.780,306.640,5475:12;5498:6668;5499:7334;5500:7372;5501:5772
468.9940,1788885781.0174,6,611.19,27395.42,28006.61,1473.9,30435.2,32818.2,0.0,18956.512,736.780,306.640,5475:12;5498:6632;5499:7382;5500:7583;5501:5786
469.1072,1788885781.1306,6,611.20,27594.27,28205.46,1457.0,30624.3,32629.1,0.0,18956.512,736.780,306.640,5475:12;5498:6661;5499:7559;5500:7537;5501:5825
469.2221,1788885781.2454,6,611.20,27701.89,28313.09,1493.8,30634.2,32619.3,0.0,18956.512,736.780,306.640,5475:12;5498:6488;5499:7746;5500:7546;5501:5909
469.3351,1788885781.3584,6,611.20,27940.15,28551.36,1403.5,30964.3,32289.2,0.0,18956.512,736.780,306.640,5475:12;5498:6447;5499:8014;5500:7481;5501:5986
469.4427,1788885781.4661,6,611.21,28157.95,28769.15,1243.4,31309.7,31943.8,0.0,18956.512,736.780,306.640,5475:12;5498:6488;5499:7889;5500:7710;5501:6059
469.5521,1788885781.5754,6,611.21,28497.33,29108.55,1183.8,31578.5,31674.9,0.0,18956.512,736.780,306.640,5475:12;5498:6565;5499:8093;5500:7816;5501:6011
469.6653,1788885781.6887,6,611.22,28670.94,29282.16,1137.4,32161.0,31092.5,0.0,18956.512,736.780,306.640,5475:12;5498:6649;5499:8210;5500:7842;5501:5956
469.7727,1788885781.7960,6,611.22,28620.19,29231.41,1112.2,32260.0,30993.5,0.0,18956.512,736.780,306.640,5475:12;5498:6613;5499:8159;5500:7862;5501:5974
469.8796,1788885781.9030,6,611.23,28725.07,29336.30,735.3,32322.7,30930.8,0.0,18956.516,736.781,306.640,5475:12;5498:6506;5499:8343;5500:7890;5501:5974
469.9840,1788885782.0074,6,611.23,28717.51,29328.75,837.1,32558.0,30695.4,0.0,18956.517,736.782,306.640,5475:12;5498:6427;5499:8346;5500:7833;5501:6100
470.0933,1788885782.1167,6,611.31,28634.86,29246.18,893.7,32423.4,30830.0,0.0,18956.517,736.782,306.640,5475:12;5498:6307;5499:8485;5500:7637;5501:6193
470.2015,1788885782.2249,6,611.32,29180.25,29791.57,1361.8,32781.6,30471.8,0.0,18956.517,736.782,306.640,5475:12;5498:6340;5499:8393;5500:8074;5501:6361
470.3097,1788885782.3330,6,611.33,29244.35,29855.68,1408.3,33363.4,29890.1,0.0,18956.517,736.782,306.640,5475:12;5498:6227;5499:8475;5500:8103;5501:6428
470.4203,1788885782.4437,6,611.34,29010.43,29621.77,1365.0,33493.6,29759.9,0.0,18956.517,736.782,306.640,5475:12;5498:6236;5499:8650;5500:7791;5501:6321
470.5299,1788885782.5533,6,611.33,29226.23,29837.55,1375.6,33478.8,29774.6,0.0,18956.517,736.782,306.640,5475:12;5498:6420;5499:8551;5500:7875;5501:6367
470.6401,1788885782.6634,6,611.35,28796.16,29407.51,1289.0,33137.2,30116.3,0.0,18956.517,736.782,306.640,5475:12;5498:6514;5499:8700;5500:7657;5501:5913
470.7481,1788885782.7714,6,611.36,29040.01,29651.37,1412.0,33382.6,29870.9,0.0,18956.517,736.782,306.640,5475:12;5498:6588;5499:8924;5500:7764;5501:5752
470.8560,1788885782.8794,6,611.37,29168.50,29779.87,1449.0,34006.6,29246.9,0.0,18956.517,736.782,306.640,5475:12;5498:6340;5499:9007;5500:7968;5501:5841
470.9700,1788885782.9934,6,611.38,29810.10,30421.47,1463.9,34580.1,28673.4,0.0,18956.517,736.782,306.640,5475:12;5498:6530;5499:8962;5500:8141;5501:6165
471.0811,1788885783.1044,6,611.38,30314.06,30925.44,1541.0,35080.3,28173.2,0.0,18956.517,736.783,306.640,5475:12;5498:6608;5499:8957;5500:8472;5501:6265
471.1977,1788885783.2211,6,611.39,28506.23,29117.62,1523.1,33399.4,29854.0,0.0,18956.519,736.784,306.640,5475:12;5498:6411;5499:8648;5500:7589;5501:5845
471.3120,1788885783.3354,6,611.40,26772.28,27383.68,1467.8,31940.7,31312.8,0.0,18956.519,736.784,306.640,5475:12;5498:5807;5499:8450;5500:7530;5501:4974
471.4216,1788885783.4450,6,611.41,26973.22,27584.62,1439.9,31775.6,31477.9,0.0,18956.520,736.785,306.640,5475:12;5498:6081;5499:8764;5500:7027;5501:5090
471.5336,1788885783.5569,6,611.47,27830.50,28441.97,1518.5,32150.9,31102.5,0.0,18956.521,736.786,306.640,5475:12;5498:6033;5499:9297;5500:7044;5501:5445
471.6461,1788885783.6694,6,611.48,26941.82,27553.30,1509.2,31810.7,31442.7,0.0,18956.523,736.787,306.640,5475:12;5498:6136;5499:9165;5500:6160;5501:5468
471.7561,1788885783.7794,6,611.50,26744.93,27356.43,1506.4,31557.2,31696.3,0.0,18956.523,736.787,306.640,5475:12;5498:5927;5499:9120;5500:6119;5501:5567
471.8671,1788885783.8904,6,611.51,25094.88,25706.39,1449.9,30140.8,33112.7,0.0,18956.523,736.787,306.640,5475:12;5498:5872;5499:8142;5500:5864;5501:5205
471.9766,1788885784.0000,6,611.53,23896.44,24507.96,1422.9,29321.4,33932.1,0.0,18956.523,736.787,306.640,5475:12;5498:5920;5499:7652;5500:5889;5501:4423
472.0889,1788885784.1123,6,611.54,24123.74,24735.28,1490.0,29000.3,34253.2,0.0,18956.525,736.789,306.640,5475:12;5498:5978;5499:7975;5500:6002;5501:4156
472.2040,1788885784.2274,6,611.55,24652.72,25264.27,1493.4,29359.8,33893.7,0.0,18956.527,736.791,306.640,5475:12;5498:6216;5499:7899;5500:6267;5501:4258
472.3166,1788885784.3400,6,611.55,24644.68,25256.23,1487.2,29457.3,33796.2,0.0,18956.527,736.791,306.640,5475:12;5498:6332;5499:7610;5500:6375;5501:4315
472.4250,1788885784.4484,6,611.56,23984.23,24595.79,1489.3,28587.5,34666.0,0.0,18956.529,736.793,306.640,5475:12;5498:5246;5499:7418;5500:6573;5501:4736
472.5344,1788885784.5577,6,611.56,24582.21,25193.78,1531.6,29378.9,33874.6,0.0,18956.529,736.793,306.640,5475:12;5498:5407;5499:7593;5500:6691;5501:4878
472.6501,1788885784.6734,6,611.60,24821.34,25432.94,1474.6,29595.7,33657.8,0.0,18956.529,736.794,306.640,5475:12;5498:5178;5499:7878;5500:6460;5501:5293
472.7651,1788885784.7885,6,611.61,24176.50,24788.11,1466.8,29005.4,34248.1,0.0,18956.530,736.794,306.640,5475:12;5498:5431;5499:7192;5500:6339;5501:5202
472.8789,1788885784.9023,6,611.61,23292.15,23903.76,1535.4,28141.4,35112.1,0.0,18956.530,736.794,306.640,5475:12;5498:5131;5499:7010;5500:6715;5501:4424
472.9865,1788885785.0099,6,611.62,21743.51,22355.13,1339.2,26352.9,36900.6,0.0,18956.530,736.795,306.640,5475:12;5498:4738;5499:6657;5500:6730;5501:3606
473.0960,1788885785.1194,6,611.63,21840.68,22452.31,1472.1,26133.4,37120.1,0.0,18956.535,736.798,306.640,5475:12;5498:4313;5499:6319;5500:7580;5501:3616
473.2087,1788885785.2321,6,611.64,21729.61,22341.25,1504.1,25893.8,37359.7,0.0,18956.535,736.798,306.640,5475:12;5498:3926;5499:6770;5500:7385;5501:3637
473.3139,1788885785.3373,6,611.64,21218.41,21830.05,1479.7,25687.6,37565.9,0.0,18956.536,736.798,306.640,5475:12;5498:3926;5499:6376;5500:7209;5501:3696
473.4186,1788885785.4419,6,611.64,21122.99,21734.63,1309.9,25356.7,37896.7,0.0,18956.536,736.799,306.640,5475:12;5498:3926;5499:5888;5500:7570;5501:3727
473.5257,1788885785.5491,6,611.64,20476.26,21087.90,904.4,25020.7,38232.7,0.0,18956.669,736.842,306.640,5475:12;5498:3989;5499:5388;5500:7364;5501:3722
473.6330,1788885785.6563,6,611.65,18268.76,18880.41,995.8,23192.8,40060.7,0.0,18956.847,736.909,306.640,5475:12;5498:3995;5499:5194;5500:5309;5501:3759
473.7405,1788885785.7639,6,611.66,18333.31,18944.97,1422.0,22754.9,40498.6,0.0,18958.474,736.949,306.640,5475:12;5498:4067;5499:5398;5500:5089;5501:3768
473.8533,1788885785.8767,6,611.67,18002.15,18613.82,1435.3,22758.5,40494.9,0.0,18962.136,736.999,306.640,5475:12;5498:4204;5499:5128;5500:4862;5501:3796
473.9651,1788885785.9885,6,611.68,18044.98,18656.65,1433.8,23045.6,40207.9,0.0,18966.369,737.045,306.640,5475:12;5498:4285;5499:4913;5500:4860;5501:3975
474.0744,1788885786.0978,6,611.69,18658.09,19269.78,1378.1,23111.3,40142.2,0.0,18970.714,737.086,306.640,5475:12;5498:4301;5499:5390;5500:4905;5501:4050
474.1911,1788885786.2145,6,611.70,18551.37,19163.07,1453.8,23074.1,40179.3,0.0,18974.081,737.103,306.640,5475:12;5498:4265;5499:5218;5500:4949;5501:4107
474.3001,1788885786.3234,6,611.72,19280.04,19891.76,1510.6,23393.8,39859.7,0.0,18974.081,737.103,306.640,5475:12;5498:4520;5499:5469;5500:5014;5501:4265
474.4071,1788885786.4304,6,611.72,19446.14,20057.86,1537.1,23215.1,40038.4,0.0,18974.081,737.103,306.640,5475:12;5498:4741;5499:5480;5500:5195;5501:4017
474.5151,1788885786.5384,6,611.76,19742.91,20354.67,1518.9,23762.4,39491.0,0.0,18974.081,737.103,306.640,5475:12;5498:4759;5499:5644;5500:5455;5501:3874
474.6315,1788885786.6549,6,611.76,20287.04,20898.80,1508.6,24134.3,39119.2,0.0,18974.081,737.103,306.640,5475:12;5498:4585;5499:6042;5500:5697;5501:3950
474.7434,1788885786.7667,6,611.77,20717.10,21328.87,1475.1,24428.2,38825.3,0.0,18974.081,737.103,306.640,5475:12;5498:4609;5499:6133;5500:5943;5501:4020
474.8497,1788885786.8731,6,611.77,19525.05,20136.82,1357.2,23892.4,39361.1,0.0,18974.081,737.103,306.640,5475:12;5498:4003;5499:5867;5500:6032;5501:3611
474.9571,1788885786.9804,6,611.80,18545.48,19157.27,1268.7,23237.8,40015.7,0.0,18974.081,737.103,306.640,5475:12;5498:3760;5499:5522;5500:6066;5501:3185
475.0660,1788885787.0893,6,611.80,18804.20,19416.01,1393.9,23003.1,40250.3,0.0,18974.081,737.103,306.640,5475:12;5498:3752;5499:5774;5500:6130;5501:3136
475.1752,1788885787.1986,6,611.82,19624.62,20236.44,1335.6,23750.0,39503.5,0.0,18974.082,737.103,306.640,5475:12;5498:3717;5499:6612;5500:6172;5501:3111
475.2820,1788885787.3054,6,611.82,19167.23,19779.05,1006.3,23641.9,39611.6,0.0,18974.082,737.103,306.640,5475:12;5498:3657;5499:6248;5500:6204;5501:3046
475.3865,1788885787.4098,6,611.83,19843.86,20455.69,1175.2,24069.7,39183.8,0.0,18974.083,737.105,306.640,5475:12;5498:3623;5499:6870;5500:6311;5501:3027
475.4940,1788885787.5173,6,611.85,20751.61,21363.46,1483.0,24173.7,39079.7,0.0,18974.123,737.109,306.640,5475:12;5498:3663;5499:7233;5500:6758;5501:3086
475.6006,1788885787.6240,6,611.85,19554.98,20166.84,1438.8,23673.5,39580.0,0.0,18974.142,737.125,306.640,5475:12;5498:3724;5499:5787;5500:6923;5501:3109
475.7086,1788885787.7320,6,611.86,19487.21,20099.07,1461.1,23764.0,39489.5,0.0,18974.157,737.132,306.640,5475:12;5498:3680;5499:5721;5500:7017;5501:3057
475.8190,1788885787.8424,6,611.86,19019.35,19631.21,1286.2,23625.5,39628.0,0.0,18974.250,737.140,306.640,5475:12;5498:3952;5499:4833;5500:7117;5501:3105
475.9264,1788885787.9498,6,611.87,19351.21,19963.08,1153.5,23670.7,39582.8,0.0,18974.257,737.156,306.640,5475:12;5498:4236;5499:4609;5500:7235;5501:3259
476.0339,1788885788.0573,6,611.88,18889.48,19501.37,1239.8,23650.7,39602.8,0.0,18974.263,737.157,306.640,5475:12;5498:3903;5499:4750;5500:6967;5501:3257
476.1443,1788885788.1677,6,611.89,19298.57,19910.46,1525.3,23837.5,39415.9,0.0,18974.264,737.158,306.640,5475:12;5498:3973;5499:4960;5500:7323;5501:3031
476.2541,1788885788.2774,6,611.90,18522.29,19134.19,1484.2,23607.5,39645.9,0.0,18974.266,737.160,306.640,5475:12;5498:3563;5499:4567;5500:7494;5501:2886
476.3611,1788885788.3845,6,611.93,17964.32,18576.25,1486.7,23196.0,40057.5,0.0,18974.267,737.161,306.640,5475:12;5498:3415;5499:4349;5500:7282;5501:2907
476.4810,1788885788.5044,6,611.95,16856.33,17468.29,1418.5,22163.5,41089.9,0.0,18974.270,737.163,306.640,5475:12;5498:3239;5499:3373;5500:7330;5501:2902
476.5949,1788885788.6183,6,611.96,17775.32,18387.28,1432.7,22555.1,40698.3,0.0,18974.270,737.164,306.640,5475:12;5498:3361;5499:3806;5500:7589;5501:3007
476.7096,1788885788.7330,6,611.98,18014.48,18626.46,1508.9,22811.3,40442.2,0.0,18974.272,737.166,306.640,5475:12;5498:3309;5499:3625;5500:7857;5501:3211
476.8273,1788885788.8507,6,611.98,17848.25,18460.23,1500.2,22800.6,40452.9,0.0,18974.273,737.168,306.640,5475:12;5498:3250;5499:3791;5500:7303;5501:3491
476.9381,1788885788.9614,6,611.99,17685.18,18297.17,1468.1,22350.0,40903.4,0.0,18974.275,737.170,306.640,5475:12;5498:2822;5499:3932;5500:7658;5501:3260
477.0435,1788885789.0669,6,611.99,16970.48,17582.47,1402.7,21926.4,41327.0,0.0,18974.276,737.170,306.640,5475:12;5498:2825;5499:3520;5500:7197;5501:3416
477.1511,1788885789.1744,6,612.00,15109.72,15721.72,1175.6,20180.5,43073.0,0.0,18974.278,737.172,306.640,5475:12;5498:3001;5499:2840;5500:6177;5501:3079
477.2596,1788885789.2830,6,612.02,14842.06,15454.07,1327.0,19728.4,43525.0,0.0,18974.278,737.173,306.640,5475:12;5498:2926;5499:3083;5500:5904;5501:2917
477.3711,1788885789.3944,6,612.03,14529.68,15141.71,1445.5,19407.7,43845.7,0.0,18974.279,737.174,306.640,5475:12;5498:2649;5499:2832;5500:6132;5501:2904
477.4818,1788885789.5052,6,612.07,12910.89,13522.97,1118.7,17939.0,45314.4,0.0,18974.280,737.174,306.640,5475:12;5498:2464;5499:2328;5500:6020;5501:2087
477.5889,1788885789.6123,6,612.08,12717.18,13329.26,487.5,17959.7,45293.8,0.0,18974.281,737.177,306.640,5475:12;5498:2462;5499:2387;5500:5772;5501:2084
477.6932,1788885789.7166,6,612.14,12990.04,13602.18,1035.0,17913.8,45339.6,0.0,18974.284,737.178,306.640,5475:12;5498:2501;5499:2389;5500:6008;5501:2080
477.7998,1788885789.8232,6,612.15,12722.96,13335.11,458.3,17852.9,45400.6,0.0,18974.284,737.178,306.640,5475:12;5498:2463;5499:2004;5500:6164;5501:2080
477.9042,1788885789.9276,6,612.15,13133.55,13745.70,411.7,17946.4,45307.1,0.0,18974.286,737.181,306.640,5475:12;5498:2463;5499:2004;5500:6574;5501:2080
478.0087,1788885790.0320,6,612.23,12391.00,13003.23,1026.4,17125.1,46128.4,0.0,18974.286,737.181,306.640,5475:12;5498:2356;5499:2006;5500:6039;5501:1977
478.1129,1788885790.1363,6,612.25,12854.82,13467.07,829.6,17255.2,45998.3,0.0,18974.286,737.181,306.640,5475:12;5498:2320;5499:2293;5500:6276;5501:1954
478.2205,1788885790.2439,6,612.26,13546.99,14159.25,1470.8,18091.1,45162.4,0.0,18974.287,737.182,306.640,5475:12;5498:2278;5499:2248;5500:7093;5501:1915
478.3265,1788885790.3499,6,612.27,13852.08,14464.35,1433.4,18665.1,44588.4,0.0,18974.287,737.182,306.640,5475:12;5498:2260;5499:2510;5500:7108;5501:1961
478.4349,1788885790.4582,6,612.27,13707.06,14319.32,1192.0,18738.3,44515.2,0.0,18974.287,737.182,306.640,5475:12;5498:2377;5499:2143;5500:7085;5501:2090
478.5439,1788885790.5672,6,612.26,13424.20,14036.46,1243.1,18437.9,44815.6,0.0,18974.289,737.184,306.640,5475:12;5498:2673;5499:1836;5500:6942;5501:1961
478.6507,1788885790.6741,6,612.26,12788.70,13400.96,1329.2,18048.8,45204.7,0.0,18974.289,737.184,306.640,5475:12;5498:2590;5499:1786;5500:6278;5501:2122
478.7581,1788885790.7814,6,612.27,11111.92,11724.18,1001.5,16103.2,47150.2,0.0,18974.289,737.184,306.640,5475:12;5498:2766;5499:1896;5500:4172;5501:2265
478.8702,1788885790.8936,6,612.28,12003.08,12615.36,1523.0,16709.4,46544.1,0.0,18974.290,737.185,306.640,5475:12;5498:2500;5499:1914;5500:5125;5501:2452
478.9861,1788885791.0094,6,612.29,12259.61,12871.91,1557.1,17056.8,46196.7,0.0,18974.290,737.185,306.640,5475:12;5498:2373;5499:1883;5500:5396;5501:2596
479.0926,1788885791.1160,6,612.30,13065.76,13678.05,1577.3,17442.5,45811.0,0.0,18974.290,737.185,306.640,5475:12;5498:2666;5499:1978;5500:5579;5501:2830
479.2030,1788885791.2264,6,612.30,12340.10,12952.41,1414.5,17044.3,46209.2,0.0,18974.290,737.186,306.640,5475:12;5498:2512;5499:1743;5500:5480;5501:2593
479.3089,1788885791.3323,6,612.32,10969.35,11581.66,1045.7,15902.7,47350.8,0.0,18974.290,737.186,306.640,5475:12;5498:2405;5499:1645;5500:5122;5501:1785
479.4191,1788885791.4424,6,612.38,9857.90,10470.27,1378.4,14256.8,48996.7,0.0,18974.290,737.186,306.640,5475:12;5498:2616;5499:1803;5500:3721;5501:1705
479.5271,1788885791.5504,6,612.35,9587.54,10199.88,1374.7,13912.4,49341.1,0.0,18974.290,737.186,306.640,5475:12;5498:2647;5499:1831;5500:3290;5501:1807
479.6390,1788885791.6623,6,612.36,9778.97,10391.33,1337.0,13909.0,49344.4,0.0,18974.290,737.186,306.640,5475:12;5498:2682;5499:1805;5500:3368;5501:1912
479.7470,1788885791.7704,6,612.37,10164.95,10777.32,1361.2,14155.5,49098.0,0.0,18974.290,737.186,306.640,5475:12;5498:2838;5499:1830;5500:3446;5501:2038
479.8598,1788885791.8832,6,612.37,10020.01,10632.38,1331.9,13889.0,49364.5,0.0,18974.291,737.186,306.640,5475:12;5498:2885;5499:1801;5500:3370;5501:1952
479.9666,1788885791.9899,6,612.39,9565.36,10177.75,1255.3,13761.8,49491.6,0.0,18974.292,737.186,306.640,5475:12;5498:2800;5499:1878;5500:3033;5501:1841
480.0737,1788885792.0971,6,612.40,10288.48,10900.89,1434.9,14039.3,49214.1,0.0,18974.292,737.187,306.640,5475:12;5498:3182;5499:1914;5500:3230;5501:1950
480.1851,1788885792.2084,6,612.41,10658.98,11271.39,1471.2,14461.8,48791.7,0.0,18974.295,737.188,306.640,5475:12;5498:3301;5499:2081;5500:3145;5501:2120
480.2947,1788885792.3181,6,612.42,10870.12,11482.54,1240.1,14543.5,48709.9,0.0,18974.296,737.190,306.640,5475:12;5498:3357;5499:2192;5500:3180;5501:2129
480.3994,1788885792.4227,6,612.42,11148.43,11760.85,1056.7,14826.5,48426.9,0.0,18974.296,737.190,306.640,5475:12;5498:3369;5499:2152;5500:3432;5501:2183
480.5101,1788885792.5334,6,612.46,10966.18,11578.64,1446.4,14719.1,48534.3,0.0,18974.297,737.190,306.640,5475:12;5498:3417;5499:1684;5500:3913;5501:1940
480.6178,1788885792.6412,6,612.48,10592.44,11204.92,1489.1,14602.3,48651.1,0.0,18974.297,737.190,306.640,5475:12;5498:3386;5499:1738;5500:3901;5501:1555
480.7251,1788885792.7484,6,612.48,11119.61,11732.09,1485.7,14829.8,48423.7,0.0,18974.297,737.190,306.640,5475:12;5498:3600;5499:1844;5500:4050;5501:1613
480.8371,1788885792.8604,6,612.49,12211.92,12824.41,1523.1,15484.0,47769.5,0.0,18974.297,737.191,306.640,5475:12;5498:3552;5499:2271;5500:4884;5501:1493
480.9543,1788885792.9777,6,612.50,11469.96,12082.46,1205.8,15515.9,47737.6,0.0,18974.298,737.192,306.640,5475:12;5498:3577;5499:1896;5500:4381;5501:1604
481.0641,1788885793.0874,6,612.50,10982.27,11594.77,1271.7,14922.6,48330.9,0.0,18974.298,737.192,306.640,5475:12;5498:3616;5499:1854;5500:3902;5501:1598
481.1711,1788885793.1944,6,612.51,10803.59,11416.09,1373.0,14848.7,48404.8,0.0,18974.299,737.192,306.640,5475:12;5498:3640;5499:1895;5500:4036;5501:1220
481.2789,1788885793.3023,6,612.52,8854.12,9466.64,1236.0,12962.6,50290.9,0.0,18974.299,737.193,306.640,5475:12;5498:3808;5499:1174;5500:2594;5501:1266
481.3870,1788885793.4104,6,612.52,8745.46,9357.98,1511.1,12939.5,50314.0,0.0,18974.299,737.193,306.640,5475:12;5498:3864;5499:1192;5500:2227;5501:1450
481.4969,1788885793.5203,6,612.53,7794.41,8406.94,1471.4,11838.7,51414.7,0.0,18974.299,737.193,306.640,5475:12;5498:3954;5499:804;5500:1392;5501:1632
481.6180,1788885793.6413,6,612.54,7912.27,8524.80,1488.3,12342.0,50911.4,0.0,18974.300,737.194,306.640,5475:12;5498:3945;5499:774;5500:1779;5501:1402
481.7262,1788885793.7495,6,612.54,8056.27,8668.81,1230.6,12202.5,51051.0,0.0,18974.300,737.194,306.640,5475:12;5498:3826;5499:871;5500:1844;5501:1503
481.8341,1788885793.8575,6,612.55,5618.50,6231.05,889.4,10123.3,53130.2,0.0,18974.300,737.194,306.640,5475:12;5498:3047;5499:467;5500:985;5501:1108
481.9383,1788885793.9617,6,612.57,3353.85,3966.42,769.6,7908.2,55345.2,0.0,18974.300,737.194,306.640,5475:12;5498:1963;5499:463;5500:483;5501:432
482.0466,1788885794.0700,6,612.70,3530.47,4143.17,1226.8,7855.2,55398.3,0.0,18974.301,737.194,306.640,5475:12;5498:2246;5499:392;5500:501;5501:379
482.1523,1788885794.1757,6,612.71,2880.91,3493.62,498.6,7195.5,56058.0,0.0,18974.301,737.194,306.640,5475:12;5498:1587;5499:392;5500:511;5501:379
482.2564,1788885794.2798,6,612.71,1719.33,2332.04,182.4,6031.8,57221.7,0.0,18974.301,737.194,306.640,5475:12;5498:398;5499:404;5500:525;5501:380
482.3606,1788885794.3840,6,612.71,1734.18,2346.89,105.7,6031.8,57221.7,0.0,18974.301,737.194,306.640,5475:12;5498:398;5499:404;5500:540;5501:380
482.4646,1788885794.4880,6,612.71,1751.16,2363.87,115.3,6032.9,57220.6,0.0,18974.301,737.194,306.640,5475:12;5498:398;5499:405;5500:556;5501:380
482.5687,1788885794.5921,6,612.72,1877.88,2490.61,182.5,6109.3,57144.1,0.0,18974.301,737.194,306.640,5475:12;5498:398;5499:411;5500:676;5501:380
482.6728,1788885794.6962,6,612.72,2085.82,2698.54,201.8,6266.0,56987.5,0.0,18974.301,737.194,306.640,5475:12;5498:398;5499:432;5500:863;5501:380
482.7768,1788885794.8002,6,647.26,1920.26,2567.52,316.6,6337.2,56916.2,0.0,18974.301,737.194,306.640,5475:12;5498:398;5499:444;5500:685;5501:380
482.8811,1788885794.9045,6,786.16,1893.98,2680.14,307.2,6362.3,56891.1,0.0,18974.301,737.194,306.640,5475:12;5498:398;5499:484;5500:620;5501:380
482.9853,1788885795.0087,6,851.93,1893.98,2745.90,105.7,6362.3,56891.1,0.0,18974.303,737.196,306.640,5475:12;5498:398;5499:484;5500:620;5501:380
483.0894,1788885795.1127,6,831.10,1859.90,2691.00,211.1,6425.6,56827.9,0.0,18974.304,737.197,306.640,5475:12;5498:391;5499:476;5500:607;5501:374
483.1937,1788885795.2171,6,801.41,1766.62,2568.04,287.6,6316.3,56937.2,0.0,18974.304,737.197,306.640,5475:12;5498:388;5499:432;5500:562;5501:372
483.2979,1788885795.3213,6,786.82,1766.62,2553.44,96.1,6387.0,56866.5,0.0,18974.304,737.197,306.640,5475:12;5498:388;5499:432;5500:562;5501:372
483.4020,1788885795.4253,6,783.12,1766.62,2549.74,115.3,6144.5,57108.9,0.0,18974.304,737.197,306.640,5475:12;5498:388;5499:432;5500:562;5501:372
483.5061,1788885795.5295,6,746.40,1766.62,2513.02,124.9,6173.7,57079.7,0.0,18974.304,737.197,306.640,5475:12;5498:388;5499:432;5500:562;5501:372
483.6101,1788885795.6335,6,861.18,1766.62,2627.80,192.0,6281.3,56972.2,0.0,18974.304,737.198,306.640,5475:12;5498:388;5499:432;5500:562;5501:372
483.7143,1788885795.7377,6,796.46,1650.23,2446.69,134.5,6129.5,57124.0,0.0,18974.305,737.198,306.640,5475:12;5498:389;5499:414;5500:461;5501:374
483.8184,1788885795.8418,6,820.22,1830.61,2650.83,460.4,6133.2,57120.2,0.0,18974.306,737.200,306.640,5475:12;5498:444;5499:467;5500:517;5501:390
483.9227,1788885795.9461,6,849.80,1761.79,2611.59,153.4,6067.2,57186.3,0.0,18974.307,737.200,306.640,5475:12;5498:444;5499:433;5500:482;5501:390
484.0270,1788885796.0504,6,925.51,1727.42,2652.93,134.4,6041.3,57212.2,0.0,18974.307,737.200,306.640,5475:12;5498:410;5499:433;5500:482;5501:390
484.1312,1788885796.1546,6,954.47,1727.42,2681.89,96.1,6041.3,57212.2,0.0,18974.307,737.201,306.640,5475:12;5498:410;5499:433;5500:482;5501:390
484.2353,1788885796.2586,6,972.38,1727.42,2699.80,105.7,6041.3,57212.2,0.0,18974.307,737.201,306.640,5475:12;5498:410;5499:433;5500:482;5501:390
484.3393,1788885796.3627,6,937.47,1727.42,2664.89,96.1,6025.5,57227.9,0.0,18974.307,737.201,306.640,5475:12;5498:410;5499:433;5500:482;5501:390
484.4433,1788885796.4667,6,916.33,1727.42,2643.75,96.1,5986.4,57267.1,0.0,18974.307,737.201,306.640,5475:12;5498:410;5499:433;5500:482;5501:390
484.5474,1788885796.5708,6,901.16,1727.42,2628.58,230.4,5795.6,57457.9,0.0,19007.729,770.623,306.640,5475:12;5498:410;5499:433;5500:482;5501:390
484.6516,1788885796.6749,6,947.46,1727.42,2674.88,105.7,5795.6,57457.9,0.0,19007.730,770.623,306.640,5475:12;5498:410;5499:433;5500:482;5501:390
484.7556,1788885796.7790,6,989.77,1727.42,2717.19,105.7,5795.6,57457.9,0.0,19007.730,770.623,306.640,5475:12;5498:410;5499:433;5500:482;5501:390
484.8597,1788885796.8831,6,959.37,1843.05,2802.41,258.0,5797.5,57456.0,0.0,19007.730,770.624,306.640,5475:12;5498:449;5499:473;5500:510;5501:399
484.9648,1788885796.9881,6,996.11,1719.20,2715.31,258.3,5703.6,57549.9,0.0,19007.730,770.624,306.640,5475:12;5498:402;5499:433;5500:481;5501:390
485.0689,1788885797.0923,6,1046.14,1719.20,2765.34,93.9,5690.6,57562.9,0.0,19007.730,770.624,306.640,5475:12;5498:402;5499:433;5500:481;5501:390
485.1758,1788885797.1992,6,1033.73,1719.20,2752.93,112.2,5688.7,57564.8,0.0,19007.730,770.624,306.640,5475:12;5498:402;5499:433;5500:481;5501:390
485.2828,1788885797.3062,6,1018.27,1719.20,2737.46,94.1,5688.7,57564.8,0.0,19007.730,770.624,306.640,5475:12;5498:402;5499:433;5500:481;5501:390
485.3889,1788885797.4123,6,980.11,1719.20,2699.31,105.4,5653.1,57600.3,0.0,19007.730,770.624,306.640,5475:12;5498:402;5499:433;5500:481;5501:390
485.4930,1788885797.5164,6,988.21,1719.20,2707.41,132.1,5389.1,57864.4,0.0,19039.275,802.169,306.640,5475:12;5498:402;5499:433;5500:481;5501:390
485.5993,1788885797.6227,6,1042.69,1719.20,2761.89,103.2,5404.5,57849.0,0.0,19039.275,802.169,306.640,5475:12;5498:402;5499:433;5500:481;5501:390
485.7061,1788885797.7294,6,1096.88,1719.20,2816.08,112.4,5459.7,57793.8,0.0,19039.275,802.169,306.640,5475:12;5498:402;5499:433;5500:481;5501:390
485.8128,1788885797.8362,6,1075.52,1748.61,2824.13,162.6,5475.5,57778.0,0.0,19039.276,802.170,306.640,5475:12;5498:409;5499:439;5500:488;5501:400
485.9170,1788885797.9404,6,1103.07,1724.57,2827.64,268.7,5225.1,58028.4,0.0,19039.276,802.170,306.640,5475:12;5498:400;5499:432;5500:491;5501:390
486.0212,1788885798.0446,6,1136.77,1715.14,2851.91,122.5,5252.0,58001.5,0.0,19039.276,802.170,306.640,5475:12;5498:400;5499:432;5500:481;5501:390
486.1276,1788885798.1510,6,1148.23,1715.14,2863.37,84.3,5238.5,58015.0,0.0,19039.278,802.171,306.640,5475:12;5498:400;5499:432;5500:481;5501:390
486.2345,1788885798.2579,6,1090.78,1715.14,2805.92,105.2,5238.5,58015.0,0.0,19039.278,802.171,306.640,5475:12;5498:400;5499:432;5500:481;5501:390
486.3387,1788885798.3621,6,1118.57,1715.14,2833.71,112.9,5253.9,57999.6,0.0,19070.299,833.193,306.640,5475:12;5498:400;5499:432;5500:481;5501:390
486.4453,1788885798.4687,6,1154.30,1715.14,2869.43,93.6,5257.4,57996.0,0.0,19070.299,833.193,306.640,5475:12;5498:400;5499:432;5500:481;5501:390
486.5522,1788885798.5755,6,1209.53,1715.14,2924.67,140.5,5315.0,57938.5,0.0,19070.300,833.193,306.640,5475:12;5498:400;5499:432;5500:481;5501:390
486.6590,1788885798.6823,6,1191.41,1731.70,2923.11,172.0,5322.9,57930.6,0.0,19070.300,833.194,306.640,5475:12;5498:406;5499:437;5500:481;5501:396
486.7632,1788885798.7866,6,1223.70,1715.14,2938.83,197.5,5339.1,57914.4,0.0,19070.300,833.194,306.640,5475:12;5498:400;5499:432;5500:481;5501:390
486.8699,1788885798.8933,6,1242.40,1715.14,2957.54,93.2,5348.4,57905.0,0.0,19070.300,833.194,306.640,5475:12;5498:400;5499:432;5500:481;5501:390
486.9771,1788885799.0005,6,1219.09,1715.14,2934.22,105.0,5340.9,57912.6,0.0,19070.300,833.194,306.640,5475:12;5498:400;5499:432;5500:481;5501:390
487.0815,1788885799.1049,6,1225.52,1715.14,2940.66,112.7,5309.2,57944.2,0.0,19101.365,864.260,306.640,5475:12;5498:400;5499:432;5500:481;5501:390
487.1884,1788885799.2118,6,1279.20,1715.14,2994.34,102.9,5295.9,57957.6,0.0,19101.366,864.260,306.640,5475:12;5498:400;5499:432;5500:481;5501:390
487.2953,1788885799.3187,6,1332.98,1715.14,3048.12,93.6,5345.0,57908.5,0.0,19101.366,864.260,306.640,5475:12;5498:400;5499:432;5500:481;5501:390
487.4022,1788885799.4255,6,1307.51,1721.46,3028.96,152.1,5352.9,57900.6,0.0,19101.367,864.261,306.640,5475:12;5498:403;5499:435;5500:481;5501:390
487.5072,1788885799.5306,6,1336.38,1715.14,3051.52,149.8,5354.7,57898.8,0.0,19101.367,864.261,306.640,5475:12;5498:400;5499:432;5500:481;5501:390
487.6143,1788885799.6376,6,1352.21,1715.14,3067.34,95.5,5385.4,57868.0,0.0,19101.367,864.261,306.640,5475:12;5498:400;5499:432;5500:481;5501:390
487.7184,1788885799.7418,6,1362.26,1715.14,3077.39,140.9,5391.4,57862.1,0.0,19131.209,894.104,306.640,5475:12;5498:400;5499:432;5500:481;5501:390
487.8253,1788885799.8487,6,1414.29,1715.14,3129.42,93.6,5437.4,57816.0,0.0,19131.210,894.104,306.640,5475:12;5498:400;5499:432;5500:481;5501:390
487.9322,1788885799.9555,6,1415.47,1715.14,3130.61,102.9,5469.0,57784.5,0.0,19131.210,894.104,306.640,5475:12;5498:400;5499:432;5500:481;5501:390
488.0391,1788885800.0624,6,1432.06,1715.14,3147.20,140.0,5388.4,57865.0,0.0,19141.558,904.452,306.640,5475:12;5498:400;5499:432;5500:481;5501:390
488.1462,1788885800.1695,6,1463.13,1715.14,3178.27,102.5,5403.4,57850.0,0.0,19141.558,904.452,306.640,5475:12;5498:400;5499:432;5500:481;5501:390
488.2535,1788885800.2769,6,1463.13,1715.14,3178.27,103.6,5403.4,57850.0,0.0,19141.558,904.452,306.640,5475:12;5498:400;5499:432;5500:481;5501:390
488.3595,1788885800.3829,6,1463.13,1715.14,3178.27,94.4,5395.6,57857.9,0.0,19141.558,904.452,306.640,5475:12;5498:400;5499:432;5500:481;5501:390
488.4654,1788885800.4888,6,1463.13,1715.14,3178.27,120.9,5393.9,57859.5,0.0,19141.558,904.452,306.640,5475:12;5498:400;5499:432;5500:481;5501:390
488.5732,1788885800.5966,6,1463.13,1715.14,3178.27,111.2,5393.7,57859.8,0.0,19141.558,904.452,306.640,5475:12;5498:400;5499:432;5500:481;5501:390
488.6812,1788885800.7046,6,1452.88,1715.14,3168.02,102.8,5393.7,57859.8,0.0,19141.559,904.453,306.640,5475:12;5498:400;5499:432;5500:481;5501:390
488.7880,1788885800.8114,6,1452.88,1715.14,3168.02,103.1,5390.1,57863.3,0.0,19141.559,904.453,306.640,5475:12;5498:400;5499:432;5500:481;5501:390
488.8947,1788885800.9181,6,1452.88,1715.14,3168.02,103.0,5386.2,57867.3,0.0,19141.559,904.453,306.640,5475:12;5498:400;5499:432;5500:481;5501:390
489.0015,1788885801.0249,6,1452.89,1715.14,3168.02,103.0,5366.9,57886.6,0.0,19141.559,904.453,306.640,5475:12;5498:400;5499:432;5500:481;5501:390
489.1083,1788885801.1317,6,1452.89,1715.14,3168.02,93.6,5319.6,57933.9,0.0,19141.559,904.453,306.640,5475:12;5498:400;5499:432;5500:481;5501:390
489.2152,1788885801.2385,6,1452.89,1715.14,3168.02,105.1,5312.2,57941.3,0.0,19141.559,904.453,306.640,5475:12;5498:400;5499:432;5500:481;5501:390
489.3194,1788885801.3428,6,1452.89,1715.14,3168.02,105.9,5308.7,57944.8,0.0,19141.559,904.453,306.640,5475:12;5498:400;5499:432;5500:481;5501:390
489.4233,1788885801.4467,6,1452.89,1715.14,3168.02,96.2,5304.7,57948.8,0.0,19141.559,904.453,306.640,5475:12;5498:400;5499:432;5500:481;5501:390
489.5272,1788885801.5506,6,1452.89,1715.14,3168.03,96.1,5301.4,57952.1,0.0,19141.559,904.453,306.640,5475:12;5498:400;5499:432;5500:481;5501:390
489.6313,1788885801.6546,6,1452.89,1715.14,3168.03,96.1,5297.4,57956.0,0.0,19141.559,904.453,306.640,5475:12;5498:400;5499:432;5500:481;5501:390
489.7352,1788885801.7586,6,1452.89,1715.14,3168.03,105.8,5293.7,57959.8,0.0,19141.559,904.453,306.640,5475:12;5498:400;5499:432;5500:481;5501:390
489.8392,1788885801.8625,6,1452.89,1715.14,3168.03,105.8,5290.1,57963.3,0.0,19141.559,904.453,306.640,5475:12;5498:400;5499:432;5500:481;5501:390
489.9432,1788885801.9665,6,1452.89,1715.14,3168.03,96.2,5286.2,57967.3,0.0,19141.559,904.453,306.640,5475:12;5498:400;5499:432;5500:481;5501:390
490.0471,1788885802.0704,6,1452.89,1715.14,3168.03,96.2,5243.3,58010.2,0.0,19141.559,904.453,306.640,5475:12;5498:400;5499:432;5500:481;5501:390
490.1510,1788885802.1744,6,1452.89,1715.14,3168.03,105.8,5223.8,58029.7,0.0,19141.559,904.453,306.640,5475:12;5498:400;5499:432;5500:481;5501:390
490.2550,1788885802.2783,6,1452.89,1715.14,3168.03,105.9,5219.8,58033.7,0.0,19141.559,904.453,306.640,5475:12;5498:400;5499:432;5500:481;5501:390
490.3588,1788885802.3822,6,1452.89,1715.14,3168.03,96.4,5216.3,58037.2,0.0,19141.559,904.453,306.640,5475:12;5498:400;5499:432;5500:481;5501:390
490.4626,1788885802.4860,6,1452.89,1715.14,3168.03,115.5,5205.1,58048.4,0.0,19141.559,904.453,306.640,5475:12;5498:400;5499:432;5500:481;5501:390
490.5664,1788885802.5898,6,1452.89,1715.14,3168.03,105.8,5201.4,58052.1,0.0,19141.559,904.453,306.640,5475:12;5498:400;5499:432;5500:481;5501:390
490.6704,1788885802.6938,6,1452.89,1715.14,3168.03,105.8,5197.6,58055.8,0.0,19141.559,904.453,306.640,5475:12;5498:400;5499:432;5500:481;5501:390
490.7743,1788885802.7977,6,1452.89,1715.14,3168.03,96.3,5194.1,58059.4,0.0,19141.559,904.453,306.640,5475:12;5498:400;5499:432;5500:481;5501:390
490.8782,1788885802.9016,6,1452.89,1715.14,3168.03,96.3,5190.5,58062.9,0.0,19141.559,904.453,306.640,5475:12;5498:400;5499:432;5500:481;5501:390
490.9821,1788885803.0055,6,1452.89,1715.14,3168.03,105.9,5186.6,58066.9,0.0,19141.559,904.453,306.640,5475:12;5498:400;5499:432;5500:481;5501:390
491.0859,1788885803.1093,6,1452.89,1715.14,3168.03,105.9,5127.7,58125.8,0.0,19141.559,904.453,306.640,5475:12;5498:400;5499:432;5500:481;5501:390
491.1898,1788885803.2132,6,1452.89,1715.14,3168.03,96.3,5123.7,58129.8,0.0,19141.559,904.453,306.640,5475:12;5498:400;5499:432;5500:481;5501:390
491.2936,1788885803.3170,6,1452.89,1715.14,3168.03,96.2,5113.0,58140.5,0.0,19141.560,904.454,306.640,5475:12;5498:400;5499:432;5500:481;5501:390
491.3975,1788885803.4209,6,1452.89,1715.14,3168.03,106.0,5109.5,58144.0,0.0,19141.561,904.455,306.640,5475:12;5498:400;5499:432;5500:481;5501:390
491.5013,1788885803.5247,6,1452.89,1715.14,3168.03,105.9,5106.0,58147.5,0.0,19141.561,904.455,306.640,5475:12;5498:400;5499:432;5500:481;5501:390
491.6052,1788885803.6286,6,1452.89,1715.14,3168.03,96.2,5102.0,58151.5,0.0,19141.562,904.456,306.640,5475:12;5498:400;5499:432;5500:481;5501:390
491.7092,1788885803.7326,6,1452.89,1715.14,3168.03,105.8,5098.5,58155.0,0.0,19141.562,904.456,306.640,5475:12;5498:400;5499:432;5500:481;5501:390
491.8132,1788885803.8365,6,1452.89,1715.14,3168.03,105.8,5094.5,58159.0,0.0,19141.563,904.456,306.640,5475:12;5498:400;5499:432;5500:481;5501:390
491.9171,1788885803.9405,6,1452.89,1715.14,3168.03,96.2,5090.8,58162.7,0.0,19141.563,904.456,306.640,5475:12;5498:400;5499:432;5500:481;5501:390
492.0211,1788885804.0445,6,1452.89,1715.14,3168.03,96.0,5040.0,58213.5,0.0,19141.563,904.457,306.640,5475:12;5498:400;5499:432;5500:481;5501:390
492.1253,1788885804.1487,6,1452.89,1715.13,3168.02,115.4,5020.4,58233.1,0.0,19141.563,904.457,306.640,5475:12;5498:400;5499:432;5500:481;5501:390
492.2293,1788885804.2527,6,1452.89,1695.45,3148.34,94.7,4983.7,58269.8,0.0,19141.564,904.458,306.640,5475:12;5498:381;5499:432;5500:481;5501:389
492.3348,1788885804.3582,6,1452.89,1695.45,3148.34,105.7,4982.0,58271.4,0.0,19141.564,904.459,306.640,5475:12;5498:381;5499:432;5500:481;5501:389
492.4390,1788885804.4624,6,1452.89,1695.45,3148.34,96.1,4983.0,58270.4,0.0,19141.565,904.459,306.640,5475:12;5498:381;5499:432;5500:481;5501:389
492.5431,1788885804.5664,6,1452.89,1694.28,3147.17,105.8,4983.2,58270.3,0.0,19141.565,904.460,306.640,5475:12;5498:381;5499:431;5500:481;5501:389
492.6470,1788885804.6704,6,1452.89,1694.28,3147.17,96.2,4987.9,58265.6,0.0,19141.566,904.460,306.640,5475:12;5498:381;5499:431;5500:481;5501:389
492.7510,1788885804.7744,6,1452.89,1694.28,3147.17,105.8,4984.4,58269.1,0.0,19141.566,904.460,306.640,5475:12;5498:381;5499:431;5500:481;5501:389
492.8549,1788885804.8783,6,1452.89,1694.28,3147.17,96.2,4988.5,58265.0,0.0,19141.567,904.461,306.640,5475:12;5498:381;5499:431;5500:481;5501:389
492.9589,1788885804.9823,6,1452.89,1694.28,3147.17,96.2,4985.4,58268.1,0.0,19141.567,904.461,306.640,5475:12;5498:381;5499:431;5500:481;5501:389
493.0629,1788885805.0863,6,1452.90,1694.28,3147.18,105.8,4915.7,58337.8,0.0,19141.569,904.463,306.640,5475:12;5498:381;5499:431;5500:481;5501:389
493.1668,1788885805.1902,6,1452.90,1694.28,3147.18,96.3,4918.0,58335.5,0.0,19141.569,904.463,306.640,5475:12;5498:381;5499:431;5500:481;5501:389
493.2707,1788885805.2941,6,1452.90,1694.28,3147.18,96.2,4922.4,58331.1,0.0,19141.569,904.463,306.640,5475:12;5498:381;5499:431;5500:481;5501:389
493.3746,1788885805.3980,6,1452.90,1694.28,3147.18,105.9,4918.8,58334.7,0.0,19141.569,904.463,306.640,5475:12;5498:381;5499:431;5500:481;5501:389
493.4785,1788885805.5019,6,1452.90,1694.28,3147.18,125.0,4915.3,58338.2,0.0,19141.569,904.464,306.640,5475:12;5498:381;5499:431;5500:481;5501:389
493.5825,1788885805.6058,6,1452.90,1694.28,3147.18,105.8,4927.3,58326.2,0.0,19141.569,904.464,306.640,5475:12;5498:381;5499:431;5500:481;5501:389
493.6865,1788885805.7099,6,1452.90,1694.28,3147.18,96.1,4925.0,58328.5,0.0,19141.571,904.465,306.640,5475:12;5498:381;5499:431;5500:481;5501:389
493.7906,1788885805.8140,6,1452.90,1694.28,3147.18,96.1,4930.5,58322.9,0.0,19141.572,904.465,306.640,5475:12;5498:381;5499:431;5500:481;5501:389
493.8946,1788885805.9180,6,1452.90,1694.28,3147.18,115.2,4931.9,58321.6,0.0,19141.572,904.465,306.640,5475:12;5498:381;5499:431;5500:481;5501:389
493.9988,1788885806.0222,6,1452.91,1694.28,3147.19,95.9,4924.3,58329.2,0.0,19141.572,904.466,306.640,5475:12;5498:381;5499:431;5500:481;5501:389
494.1031,1788885806.1265,6,1452.91,1694.28,3147.19,105.7,4871.6,58381.8,0.0,19141.572,904.466,306.640,5475:12;5498:381;5499:431;5500:481;5501:389
494.2071,1788885806.2305,6,1452.91,1694.28,3147.19,96.2,4871.6,58381.8,0.0,19141.572,904.466,306.640,5475:12;5498:381;5499:431;5500:481;5501:389
494.3111,1788885806.3344,6,1452.93,1694.28,3147.21,96.2,4877.3,58376.2,0.0,19141.572,904.467,306.640,5475:12;5498:381;5499:431;5500:481;5501:389
494.4150,1788885806.4384,6,1452.93,1694.28,3147.21,105.7,4861.3,58392.2,0.0,19141.572,904.467,306.640,5475:12;5498:381;5499:431;5500:481;5501:389
494.5191,1788885806.5425,6,1452.93,1694.28,3147.21,115.2,4860.2,58393.3,0.0,19141.573,904.467,306.640,5475:12;5498:381;5499:431;5500:481;5501:389
494.6233,1788885806.6467,6,1452.93,1694.28,3147.21,105.7,4860.2,58393.3,0.0,19141.573,904.467,306.640,5475:12;5498:381;5499:431;5500:481;5501:389
494.7273,1788885806.7507,6,1452.93,1694.28,3147.21,96.2,4860.2,58393.3,0.0,19141.573,904.467,306.640,5475:12;5498:381;5499:431;5500:481;5501:389
494.8313,1788885806.8546,6,1452.93,1694.28,3147.21,105.8,4860.2,58393.3,0.0,19141.573,904.467,306.640,5475:12;5498:381;5499:431;5500:481;5501:389
494.9352,1788885806.9586,6,1452.93,1694.28,3147.21,96.2,4860.2,58393.3,0.0,19141.573,904.467,306.640,5475:12;5498:381;5499:431;5500:481;5501:389
495.0392,1788885807.0625,6,1452.94,1694.28,3147.21,96.1,4809.4,58444.0,0.0,19141.573,904.467,306.640,5475:12;5498:381;5499:431;5500:481;5501:389
495.1432,1788885807.1666,6,1483.71,1694.28,3177.98,115.5,4839.8,58413.6,0.0,19141.573,904.467,306.640,5475:12;5498:381;5499:431;5500:481;5501:389
495.2471,1788885807.2705,6,1528.99,1694.28,3223.27,96.2,4887.2,58366.3,0.0,19141.573,904.467,306.640,5475:12;5498:381;5499:431;5500:481;5501:389
495.3510,1788885807.3744,6,1573.85,1694.28,3268.13,96.3,4934.5,58319.0,0.0,19141.573,904.467,306.640,5475:12;5498:381;5499:431;5500:481;5501:389
495.4549,1788885807.4783,6,1619.14,1694.28,3313.42,115.5,4974.0,58279.5,0.0,19141.573,904.467,306.640,5475:12;5498:381;5499:431;5500:481;5501:389
495.5588,1788885807.5821,6,1639.25,1694.28,3333.53,105.8,4989.6,58263.9,0.0,19141.573,904.467,306.640,5475:12;5498:381;5499:431;5500:481;5501:389
495.6627,1788885807.6861,6,1639.25,1694.28,3333.53,96.2,4989.6,58263.9,0.0,19141.573,904.467,306.640,5475:12;5498:381;5499:431;5500:481;5501:389
495.7667,1788885807.7900,6,1639.25,1694.28,3333.53,96.2,4989.6,58263.9,0.0,19141.573,904.467,306.640,5475:12;5498:381;5499:431;5500:481;5501:389
495.8706,1788885807.8940,6,1639.25,1694.28,3333.53,105.8,4989.8,58263.7,0.0,19141.573,904.467,306.640,5475:12;5498:381;5499:431;5500:481;5501:389
495.9746,1788885807.9980,6,1639.25,1694.28,3333.53,96.2,4989.8,58263.7,0.0,19141.573,904.467,306.640,5475:12;5498:381;5499:431;5500:481;5501:389
496.0786,1788885808.1019,6,1639.25,1694.28,3333.53,105.9,4948.1,58305.4,0.0,19141.573,904.467,306.640,5475:12;5498:381;5499:431;5500:481;5501:389
496.1827,1788885808.2060,6,1639.25,1694.28,3333.53,96.0,4934.8,58318.6,0.0,19141.573,904.467,306.640,5475:12;5498:381;5499:431;5500:481;5501:389
496.2866,1788885808.3099,6,1639.25,1694.28,3333.53,96.3,4934.6,58318.9,0.0,19141.573,904.467,306.640,5475:12;5498:381;5499:431;5500:481;5501:389
496.3905,1788885808.4138,6,1639.25,1694.28,3333.53,105.8,4918.8,58334.7,0.0,19141.573,904.467,306.640,5475:12;5498:381;5499:431;5500:481;5501:389
496.4945,1788885808.5178,6,1673.92,1694.28,3368.20,134.6,4932.5,58321.0,0.0,19141.573,904.467,306.640,5475:12;5498:381;5499:431;5500:481;5501:389
496.5984,1788885808.6218,6,1718.18,1694.28,3412.46,96.2,4971.9,58281.6,0.0,19141.573,904.467,306.640,5475:12;5498:381;5499:431;5500:481;5501:389
496.7024,1788885808.7258,6,1720.21,1694.28,3414.48,105.9,4977.4,58276.0,0.0,19141.573,904.467,306.640,5475:12;5498:381;5499:431;5500:481;5501:389
496.8063,1788885808.8297,6,1720.21,1694.28,3414.48,96.2,4974.7,58278.8,0.0,19141.573,904.467,306.640,5475:12;5498:381;5499:431;5500:481;5501:389
496.9102,1788885808.9335,6,1720.21,1694.28,3414.48,96.3,4972.3,58281.2,0.0,19141.573,904.467,306.640,5475:12;5498:381;5499:431;5500:481;5501:389
497.0141,1788885809.0374,6,1720.21,1694.28,3414.49,105.8,4953.7,58299.8,0.0,19141.573,904.467,306.640,5475:12;5498:381;5499:431;5500:481;5501:389
497.1180,1788885809.1414,6,1720.21,1694.28,3414.49,96.3,4933.1,58320.3,0.0,19141.573,904.467,306.640,5475:12;5498:381;5499:431;5500:481;5501:389
497.2219,1788885809.2452,6,1720.21,1694.28,3414.49,105.9,4930.4,58323.1,0.0,19141.573,904.467,306.640,5475:12;5498:381;5499:431;5500:481;5501:389
497.3258,1788885809.3492,6,1720.21,1694.28,3414.49,96.2,4930.8,58322.7,0.0,19141.573,904.467,306.640,5475:12;5498:381;5499:431;5500:481;5501:389
497.4297,1788885809.4531,6,1720.21,1694.28,3414.49,96.3,4917.9,58335.5,0.0,19141.573,904.467,306.640,5475:12;5498:381;5499:431;5500:481;5501:389
497.5336,1788885809.5570,6,1720.21,1694.28,3414.49,105.8,4923.3,58330.2,0.0,19141.573,904.467,306.640,5475:12;5498:381;5499:431;5500:481;5501:389
497.6376,1788885809.6610,6,1720.21,1694.28,3414.49,96.1,4920.8,58332.7,0.0,19141.573,904.467,306.640,5475:12;5498:381;5499:431;5500:481;5501:389
497.7416,1788885809.7650,6,1720.21,1694.28,3414.49,96.2,4918.0,58335.5,0.0,19141.573,904.467,306.640,5475:12;5498:381;5499:431;5500:481;5501:389
497.8455,1788885809.8689,6,1720.21,1694.28,3414.49,105.8,4923.1,58330.4,0.0,19141.573,904.467,306.640,5475:12;5498:381;5499:431;5500:481;5501:389
497.9495,1788885809.9728,6,1720.21,1694.28,3414.49,96.2,4920.4,58333.1,0.0,19141.573,904.467,306.640,5475:12;5498:381;5499:431;5500:481;5501:389
498.0534,1788885810.0768,6,1720.21,1694.28,3414.49,105.8,4870.1,58383.4,0.0,19141.573,904.467,306.640,5475:12;5498:381;5499:431;5500:481;5501:389
498.1574,1788885810.1808,6,1720.21,1694.28,3414.49,105.9,4821.5,58432.0,0.0,19141.573,904.467,306.640,5475:12;5498:381;5499:431;5500:481;5501:389
498.2613,1788885810.2847,6,1720.21,1694.28,3414.49,96.2,4824.6,58428.8,0.0,19141.575,904.469,306.640,5475:12;5498:381;5499:431;5500:481;5501:389
498.3652,1788885810.3886,6,1720.21,1694.28,3414.49,96.2,4814.4,58439.1,0.0,19141.576,904.470,306.640,5475:12;5498:381;5499:431;5500:481;5501:389
498.4691,1788885810.4925,6,1720.21,1694.28,3414.49,105.9,4819.5,58434.0,0.0,19141.576,904.470,306.640,5475:12;5498:381;5499:431;5500:481;5501:389
498.5730,1788885810.5963,6,1720.21,1694.28,3414.49,105.7,4816.8,58436.7,0.0,19141.576,904.470,306.640,5475:12;5498:381;5499:431;5500:481;5501:389
498.6770,1788885810.7004,6,1717.04,1694.28,3411.32,96.2,4814.0,58439.5,0.0,19141.578,904.472,306.640,5475:12;5498:381;5499:431;5500:481;5501:389
498.7810,1788885810.8044,6,1717.04,1694.28,3411.32,115.4,4819.5,58433.9,0.0,19141.578,904.472,306.640,5475:12;5498:381;5499:431;5500:481;5501:389
498.8849,1788885810.9083,6,1717.04,1694.28,3411.32,96.3,4816.8,58436.7,0.0,19141.579,904.474,306.640,5475:12;5498:381;5499:431;5500:481;5501:389
498.9888,1788885811.0122,6,1717.04,1694.28,3411.32,96.3,4814.4,58439.1,0.0,19141.579,904.474,306.640,5475:12;5498:381;5499:431;5500:481;5501:389
499.0927,1788885811.1161,6,1717.05,1694.28,3411.32,96.1,4776.2,58477.3,0.0,19141.581,904.475,306.640,5475:12;5498:381;5499:431;5500:481;5501:389
499.1968,1788885811.2202,6,1717.05,1694.28,3411.32,105.7,4773.5,58480.0,0.0,19141.582,904.476,306.640,5475:12;5498:381;5499:431;5500:481;5501:389
499.3008,1788885811.3242,6,1717.05,1694.28,3411.32,96.0,4771.6,58481.9,0.0,19141.582,904.476,306.640,5475:12;5498:381;5499:431;5500:481;5501:389
499.4050,1788885811.4283,6,1717.05,1694.28,3411.32,115.3,4776.7,58476.7,0.0,19141.582,904.476,306.640,5475:12;5498:381;5499:431;5500:481;5501:389
499.5090,1788885811.5324,6,1717.05,1694.28,3411.32,124.9,4776.8,58476.7,0.0,19141.584,904.479,306.640,5475:12;5498:381;5499:431;5500:481;5501:389
499.6131,1788885811.6365,6,1717.05,1694.28,3411.32,105.7,4774.8,58478.7,0.0,19141.584,904.479,306.640,5475:12;5498:381;5499:431;5500:481;5501:389
499.7171,1788885811.7405,6,1717.05,1694.28,3411.32,96.0,4781.4,58472.1,0.0,19141.585,904.479,306.640,5475:12;5498:381;5499:431;5500:481;5501:389
499.8213,1788885811.8447,6,1717.05,1694.28,3411.32,96.1,4778.6,58474.8,0.0,19141.585,904.480,306.640,5475:12;5498:381;5499:431;5500:481;5501:389
499.9253,1788885811.9487,6,1717.05,1694.28,3411.32,105.7,4776.1,58477.4,0.0,19141.585,904.480,306.640,5475:12;5498:381;5499:431;5500:481;5501:389
500.0293,1788885812.0527,6,1717.05,1694.28,3411.32,96.1,4721.5,58532.0,0.0,19141.585,904.480,306.640,5475:12;5498:381;5499:431;5500:481;5501:389
500.1333,1788885812.1567,6,1717.05,1694.28,3411.32,96.2,4719.0,58534.5,0.0,19141.586,904.481,306.640,5475:12;5498:381;5499:431;5500:481;5501:389
500.2373,1788885812.2607,6,1717.05,1694.28,3411.32,105.7,4706.0,58547.5,0.0,19141.586,904.481,306.640,5475:12;5498:381;5499:431;5500:481;5501:389
500.3413,1788885812.3647,6,1717.05,1694.28,3411.32,105.9,4698.1,58555.4,0.0,19141.586,904.481,306.640,5475:12;5498:381;5499:431;5500:481;5501:389
500.4452,1788885812.4686,6,1717.05,1694.28,3411.32,96.3,4699.7,58553.8,0.0,19141.586,904.481,306.640,5475:12;5498:381;5499:431;5500:481;5501:389
500.5491,1788885812.5724,6,1717.05,1694.28,3411.33,105.9,4704.3,58549.2,0.0,19141.586,904.481,306.640,5475:12;5498:381;5499:431;5500:481;5501:389
500.6529,1788885812.6763,6,1717.05,1694.28,3411.33,96.2,4701.5,58551.9,0.0,19141.586,904.481,306.640,5475:12;5498:381;5499:431;5500:481;5501:389
500.7569,1788885812.7803,6,1717.05,1694.28,3411.33,105.9,4698.8,58554.7,0.0,19141.586,904.481,306.640,5475:12;5498:381;5499:431;5500:481;5501:389
500.8608,1788885812.8842,6,1717.05,1694.28,3411.33,96.2,4703.9,58549.6,0.0,19141.586,904.481,306.640,5475:12;5498:381;5499:431;5500:481;5501:389
500.9648,1788885812.9881,6,1717.05,1694.28,3411.33,105.8,4701.5,58551.9,0.0,19141.586,904.481,306.640,5475:12;5498:381;5499:431;5500:481;5501:389
501.0687,1788885813.0921,6,1717.05,1694.28,3411.33,105.9,4666.3,58587.2,0.0,19141.586,904.481,306.640,5475:12;5498:381;5499:431;5500:481;5501:389
501.1728,1788885813.1962,6,1717.06,1694.28,3411.34,96.1,4664.3,58589.1,0.0,19141.586,904.481,306.640,5475:12;5498:381;5499:431;5500:481;5501:389
501.2767,1788885813.3001,6,1717.06,1694.28,3411.34,96.3,4667.5,58586.0,0.0,19141.586,904.481,306.640,5475:12;5498:381;5499:431;5500:481;5501:389
501.3805,1788885813.4039,6,1717.06,1694.28,3411.34,96.3,4665.1,58588.4,0.0,19141.586,904.481,306.640,5475:12;5498:381;5499:431;5500:481;5501:389
501.4844,1788885813.5077,6,1717.06,1694.28,3411.34,125.0,4670.5,58583.0,0.0,19141.586,904.481,306.640,5475:12;5498:381;5499:431;5500:481;5501:389
501.5884,1788885813.6118,6,1717.06,1694.28,3411.34,96.2,4667.5,58586.0,0.0,19141.586,904.481,306.640,5475:12;5498:381;5499:431;5500:481;5501:389
501.6923,1788885813.7157,6,1717.06,1694.28,3411.34,105.9,4665.6,58587.9,0.0,19141.586,904.481,306.640,5475:12;5498:381;5499:431;5500:481;5501:389
501.7962,1788885813.8196,6,1717.06,1694.28,3411.34,105.8,4670.3,58583.2,0.0,19141.586,904.481,306.640,5475:12;5498:381;5499:431;5500:481;5501:389
501.9002,1788885813.9236,6,1717.06,1694.28,3411.34,96.2,4667.5,58585.9,0.0,19141.586,904.481,306.640,5475:12;5498:381;5499:431;5500:481;5501:389
502.0041,1788885814.0275,6,1717.06,1694.28,3411.34,105.7,4649.5,58603.9,0.0,19141.586,904.481,306.640,5475:12;5498:381;5499:431;5500:481;5501:389
502.1082,1788885814.1316,6,1717.06,1694.28,3411.34,96.3,4619.4,58634.1,0.0,19141.586,904.481,306.640,5475:12;5498:381;5499:431;5500:481;5501:389
502.2120,1788885814.2354,6,1654.06,1694.28,3348.34,96.2,4621.4,58632.1,0.0,19141.586,904.481,306.640,5475:12;5498:381;5499:431;5500:481;5501:389
502.3160,1788885814.3393,6,1453.21,1694.28,3147.49,105.8,4528.5,58725.0,0.0,19141.586,904.481,306.640,5475:12;5498:381;5499:431;5500:481;5501:389
502.4199,1788885814.4433,6,1453.21,1694.28,3147.49,96.2,4528.5,58725.0,0.0,19141.588,904.482,306.640,5475:12;5498:381;5499:431;5500:481;5501:389
502.5239,1788885814.5473,6,1453.21,1694.28,3147.49,115.3,4527.1,58726.4,0.0,19141.588,904.482,306.640,5475:12;5498:381;5499:431;5500:481;5501:389
502.6280,1788885814.6514,6,1453.21,1694.28,3147.49,96.1,4527.1,58726.4,0.0,19141.589,904.484,306.640,5475:12;5498:381;5499:431;5500:481;5501:389
502.7320,1788885814.7554,6,1453.21,1694.28,3147.49,105.8,4527.1,58726.4,0.0,19141.589,904.484,306.640,5475:12;5498:381;5499:431;5500:481;5501:389
502.8359,1788885814.8593,6,1453.21,1694.28,3147.49,96.2,4527.1,58726.4,0.0,19141.591,904.486,306.640,5475:12;5498:381;5499:431;5500:481;5501:389
502.9399,1788885814.9633,6,1453.21,1694.28,3147.49,96.1,4527.1,58726.4,0.0,19141.593,904.486,306.640,5475:12;5498:381;5499:431;5500:481;5501:389
503.0439,1788885815.0673,6,1453.22,1694.28,3147.50,105.8,4493.2,58760.2,0.0,19141.594,904.489,306.640,5475:12;5498:381;5499:431;5500:481;5501:389
503.1479,1788885815.1712,6,1453.22,1694.28,3147.50,96.2,4478.7,58774.7,0.0,19141.596,904.489,306.640,5475:12;5498:381;5499:431;5500:481;5501:389
503.2518,1788885815.2752,6,1453.22,1694.28,3147.50,105.7,4483.0,58770.4,0.0,19141.597,904.492,306.640,5475:12;5498:381;5499:431;5500:481;5501:389
503.3559,1788885815.3793,6,1453.22,1694.28,3147.50,96.2,4483.7,58769.7,0.0,19141.599,904.494,306.640,5475:12;5498:381;5499:431;5500:481;5501:389
503.4599,1788885815.4832,6,1453.22,1694.28,3147.50,95.8,4478.1,58775.4,0.0,19141.600,904.494,306.640,5475:12;5498:381;5499:431;5500:481;5501:389
503.5642,1788885815.5876,6,1453.22,1694.28,3147.50,115.2,4478.5,58774.9,0.0,19141.602,904.497,306.640,5475:12;5498:381;5499:431;5500:481;5501:389
503.6684,1788885815.6918,6,1453.22,1694.28,3147.50,96.0,4480.5,58773.0,0.0,19141.604,904.499,306.640,5475:12;5498:381;5499:431;5500:481;5501:389
503.7726,1788885815.7960,6,1453.22,1694.28,3147.50,105.7,4480.5,58773.0,0.0,19141.604,904.499,306.640,5475:12;5498:381;5499:431;5500:481;5501:389
503.8767,1788885815.9000,6,1453.22,1694.28,3147.50,95.9,4481.5,58772.0,0.0,19141.606,904.501,306.640,5475:12;5498:381;5499:431;5500:481;5501:389
503.9809,1788885816.0043,6,1453.22,1694.28,3147.50,105.7,4481.5,58772.0,0.0,19141.607,904.503,306.640,5475:12;5498:381;5499:431;5500:481;5501:389
504.0849,1788885816.1083,6,1453.22,1694.28,3147.50,96.1,4398.5,58855.0,0.0,19141.608,904.503,306.640,5475:12;5498:381;5499:431;5500:481;5501:389
504.1891,1788885816.2125,6,1453.22,1694.28,3147.50,105.6,4401.4,58852.1,0.0,19141.610,904.505,306.640,5475:12;5498:381;5499:431;5500:481;5501:389
504.2933,1788885816.3167,6,1453.22,1694.28,3147.50,105.6,4401.4,58852.1,0.0,19141.612,904.507,306.640,5475:12;5498:381;5499:431;5500:481;5501:389
504.3974,1788885816.4208,6,1453.25,1694.28,3147.53,96.0,4401.8,58851.6,0.0,19141.614,904.507,306.640,5475:12;5498:381;5499:431;5500:481;5501:389
504.5017,1788885816.5251,6,1453.25,1694.28,3147.53,124.7,4398.8,58854.6,0.0,19141.614,904.510,306.640,5475:12;5498:381;5499:431;5500:481;5501:389
504.6059,1788885816.6293,6,1453.25,1694.28,3147.53,105.6,4397.5,58856.0,0.0,19141.615,904.510,306.640,5475:12;5498:381;5499:431;5500:481;5501:389
504.7100,1788885816.7334,6,1453.25,1694.28,3147.53,105.7,4397.5,58856.0,0.0,19141.615,904.511,306.640,5475:12;5498:381;5499:431;5500:481;5501:389
504.8140,1788885816.8374,6,1453.25,1694.28,3147.53,96.2,4397.5,58856.0,0.0,19141.615,904.511,306.640,5475:12;5498:381;5499:431;5500:481;5501:389
504.9180,1788885816.9414,6,1453.25,1694.28,3147.53,105.8,4397.5,58856.0,0.0,19141.616,904.512,306.640,5475:12;5498:381;5499:431;5500:481;5501:389
505.0220,1788885817.0454,6,1453.26,1694.28,3147.54,96.2,4360.2,58893.3,0.0,19141.616,904.512,306.640,5475:12;5498:381;5499:431;5500:481;5501:389
505.1260,1788885817.1493,6,1453.26,1694.28,3147.54,96.1,4345.8,58907.6,0.0,19141.618,904.513,306.640,5475:12;5498:381;5499:431;5500:481;5501:389
505.2301,1788885817.2534,6,1453.26,1694.28,3147.54,105.8,4345.8,58907.6,0.0,19141.618,904.513,306.640,5475:12;5498:381;5499:431;5500:481;5501:389
505.3340,1788885817.3574,6,1453.26,1694.28,3147.54,96.1,4341.2,58912.2,0.0,19141.618,904.513,306.640,5475:12;5498:381;5499:431;5500:481;5501:389
505.4381,1788885817.4614,6,1453.26,1694.28,3147.54,105.7,4341.2,58912.2,0.0,19141.618,904.514,306.640,5475:12;5498:381;5499:431;5500:481;5501:389
505.5421,1788885817.5654,6,1453.26,1694.28,3147.54,115.3,4341.0,58912.5,0.0,19141.618,904.514,306.640,5475:12;5498:381;5499:431;5500:481;5501:389
505.6462,1788885817.6696,6,1453.26,1694.28,3147.54,105.7,4341.0,58912.5,0.0,19141.618,904.514,306.640,5475:12;5498:381;5499:431;5500:481;5501:389
505.7502,1788885817.7736,6,1453.26,1694.28,3147.54,96.2,4340.7,58912.7,0.0,19141.619,904.515,306.640,5475:12;5498:381;5499:431;5500:481;5501:389
505.8542,1788885817.8775,6,1453.26,1694.28,3147.54,96.2,4340.7,58912.7,0.0,19141.619,904.515,306.640,5475:12;5498:381;5499:431;5500:481;5501:389
505.9582,1788885817.9815,6,1453.26,1694.28,3147.54,105.7,4338.4,58915.1,0.0,19141.619,904.515,306.640,5475:12;5498:381;5499:431;5500:481;5501:389
506.0623,1788885818.0856,6,1453.26,1694.28,3147.54,96.1,4309.0,58944.4,0.0,19141.619,904.515,306.640,5475:12;5498:381;5499:431;5500:481;5501:389
506.1663,1788885818.1896,6,1453.26,1694.28,3147.54,105.8,4309.0,58944.4,0.0,19141.619,904.515,306.640,5475:12;5498:381;5499:431;5500:481;5501:389
506.2702,1788885818.2936,6,1453.26,1694.28,3147.54,96.2,4309.0,58944.4,0.0,19141.619,904.515,306.640,5475:12;5498:381;5499:431;5500:481;5501:389
506.3741,1788885818.3975,6,1453.26,1694.28,3147.54,96.2,4309.0,58944.4,0.0,19141.619,904.515,306.640,5475:12;5498:381;5499:431;5500:481;5501:389
506.4781,1788885818.5015,6,1453.26,1694.28,3147.54,105.7,4309.3,58944.2,0.0,19141.619,904.515,306.640,5475:12;5498:381;5499:431;5500:481;5501:389
506.5821,1788885818.6055,6,1453.26,1694.28,3147.54,105.8,4305.1,58948.4,0.0,19141.619,904.515,306.640,5475:12;5498:381;5499:431;5500:481;5501:389
506.6861,1788885818.7095,6,1453.26,1694.28,3147.54,105.8,4305.1,58948.4,0.0,19141.619,904.515,306.640,5475:12;5498:381;5499:431;5500:481;5501:389
506.7900,1788885818.8134,6,1453.26,1694.28,3147.54,96.2,4305.1,58948.4,0.0,19141.619,904.515,306.640,5475:12;5498:381;5499:431;5500:481;5501:389
506.8940,1788885818.9173,6,1453.26,1694.28,3147.54,105.9,4305.1,58948.4,0.0,19141.619,904.515,306.640,5475:12;5498:381;5499:431;5500:481;5501:389
506.9979,1788885819.0212,6,1453.27,1694.28,3147.54,96.2,4289.2,58964.2,0.0,19141.619,904.515,306.640,5475:12;5498:381;5499:431;5500:481;5501:389
507.1018,1788885819.1251,6,1453.27,1694.28,3147.54,96.3,4268.8,58984.7,0.0,19141.619,904.515,306.640,5475:12;5498:381;5499:431;5500:481;5501:389
507.2056,1788885819.2290,6,1453.27,1694.28,3147.54,105.9,4268.8,58984.7,0.0,19141.619,904.515,306.640,5475:12;5498:381;5499:431;5500:481;5501:389
507.3095,1788885819.3329,6,1453.27,1694.28,3147.54,96.2,4268.8,58984.7,0.0,19141.619,904.515,306.640,5475:12;5498:381;5499:431;5500:481;5501:389
507.4134,1788885819.4368,6,1453.27,1694.28,3147.54,105.9,4268.8,58984.7,0.0,19141.619,904.515,306.640,5475:12;5498:381;5499:431;5500:481;5501:389
507.5173,1788885819.5407,6,1453.27,1694.28,3147.54,115.4,4269.0,58984.4,0.0,19141.619,904.515,306.640,5475:12;5498:381;5499:431;5500:481;5501:389
507.6213,1788885819.6447,6,1453.27,1694.28,3147.54,96.2,4269.0,58984.4,0.0,19141.619,904.515,306.640,5475:12;5498:381;5499:431;5500:481;5501:389
507.7252,1788885819.7486,6,1453.27,1694.28,3147.54,105.8,4260.1,58993.4,0.0,19141.619,904.515,306.640,5475:12;5498:381;5499:431;5500:481;5501:389
507.8292,1788885819.8526,6,1453.27,1694.28,3147.54,96.2,4260.6,58992.9,0.0,19141.619,904.515,306.640,5475:12;5498:381;5499:431;5500:481;5501:389
507.9331,1788885819.9565,6,1453.27,1694.28,3147.54,105.8,4260.6,58992.9,0.0,19141.619,904.515,306.640,5475:12;5498:381;5499:431;5500:481;5501:389
508.0371,1788885820.0605,6,1453.27,1694.28,3147.54,96.1,4232.4,59021.1,0.0,19141.621,904.517,306.640,5475:12;5498:381;5499:431;5500:481;5501:389
508.1411,1788885820.1645,6,1453.27,1694.28,3147.54,105.8,4224.4,59029.1,0.0,19141.624,904.518,306.640,5475:12;5498:381;5499:431;5500:481;5501:389
508.2451,1788885820.2685,6,1453.27,1694.28,3147.54,96.2,4224.6,59028.9,0.0,19141.624,904.519,306.640,5475:12;5498:381;5499:431;5500:481;5501:389
508.3491,1788885820.3725,6,1453.27,1694.28,3147.54,96.2,4219.4,59034.0,0.0,19141.625,904.521,306.640,5475:12;5498:381;5499:431;5500:481;5501:389
508.4531,1788885820.4765,6,1453.27,1694.28,3147.54,115.4,4219.4,59034.0,0.0,19141.625,904.521,306.640,5475:12;5498:381;5499:431;5500:481;5501:389
508.5571,1788885820.5804,6,1453.27,1694.28,3147.54,105.7,4220.1,59033.3,0.0,19141.626,904.521,306.640,5475:12;5498:381;5499:431;5500:481;5501:389
508.6612,1788885820.6846,6,1453.27,1694.28,3147.54,105.7,4220.1,59033.3,0.0,19141.626,904.522,306.640,5475:12;5498:381;5499:431;5500:481;5501:389
508.7652,1788885820.7886,6,1264.31,1694.28,2958.59,96.1,4051.9,59201.6,0.0,19141.626,904.522,306.640,5475:12;5498:381;5499:431;5500:481;5501:389
508.8693,1788885820.8927,6,931.55,1694.28,2625.82,105.6,3725.6,59527.9,0.0,19141.628,904.524,306.640,5475:12;5498:381;5499:431;5500:481;5501:389
508.9735,1788885820.9969,6,880.21,1573.41,2453.62,211.2,3517.4,59736.1,0.0,19141.639,904.543,306.640,5475:12;5498:361;5499:390;5500:446;5501:364
509.0777,1788885821.1011,6,880.21,1483.48,2363.70,422.4,3400.9,59852.5,0.0,19141.640,904.543,306.640,5475:12;5498:352;5499:357;5500:407;5501:356
