t_mono,t_wall,n_procs,client_rss_mb,workers_rss_mb,tree_rss_mb,tree_cpu_pct,sys_used_mb,sys_available_mb,swap_used_mb,net_recv_mb,net_sent_mb,disk_read_mb,workers
111001.4889,1788877302.6784,2,24.12,13.00,37.12,0.0,14602.7,41439.5,2371.8,5266.512,3021.334,70601.838,3189584:13
111001.5981,1788877302.7876,2,24.12,13.00,37.12,0.0,14598.3,41443.9,2371.8,5266.517,3021.400,70601.838,3189584:13
111001.7086,1788877302.8981,2,24.12,13.00,37.12,0.0,14599.3,41442.9,2371.8,5266.518,3021.438,70601.838,3189584:13
111001.8190,1788877303.0086,2,49.15,13.00,62.15,473.0,14609.5,41432.7,2371.8,5266.526,3021.785,70601.838,3189584:13
111001.9508,1788877303.1403,2,62.39,13.00,75.39,561.7,14620.8,41421.5,2371.8,5266.530,3021.905,70601.838,3189584:13
111002.0620,1788877303.2516,2,89.95,13.00,102.95,92.0,14635.8,41406.5,2371.8,5266.531,3021.905,70601.838,3189584:13
111002.1707,1788877303.3603,2,110.21,13.00,123.21,107.5,14656.7,41385.5,2371.8,5266.531,3021.905,70601.838,3189584:13
111002.2829,1788877303.4724,2,124.83,13.00,137.83,103.7,14664.3,41377.9,2371.8,5266.531,3021.905,70601.838,3189584:13
111002.3982,1788877303.5877,2,154.75,13.00,167.75,82.0,14675.1,41367.1,2371.8,5266.532,3021.906,70601.838,3189584:13
111002.5078,1788877303.6973,6,194.12,94.95,289.07,26.7,14724.0,41318.3,2371.8,5266.678,3021.909,70601.838,3189584:13;3189613:21;3189614:20;3189615:20;3189616:21
111002.6208,1788877303.8103,6,194.12,187.67,381.79,757.2,14785.7,41256.5,2371.8,5266.678,3021.909,70601.838,3189584:13;3189613:43;3189614:44;3189615:43;3189616:44
111002.7598,1788877303.9494,6,194.12,264.09,458.21,855.4,14804.1,41238.1,2371.8,5266.678,3021.909,70601.838,3189584:13;3189613:62;3189614:64;3189615:62;3189616:63
111002.8736,1788877304.0632,6,194.12,341.29,535.41,384.6,14875.0,41167.3,2371.8,5266.678,3021.909,70601.838,3189584:13;3189613:82;3189614:82;3189615:83;3189616:82
111002.9856,1788877304.1751,6,194.12,381.89,576.02,401.7,14916.3,41125.9,2371.8,5266.678,3021.909,70601.838,3189584:13;3189613:92;3189614:92;3189615:92;3189616:92
111003.0978,1788877304.2873,6,196.50,393.39,589.89,44.8,14920.9,41121.3,2371.8,5266.685,3021.912,70601.838,3189584:13;3189613:95;3189614:95;3189615:95;3189616:95
111003.2091,1788877304.3986,6,197.62,393.39,591.02,17.5,14924.8,41117.4,2371.8,5266.687,3021.913,70601.838,3189584:13;3189613:95;3189614:95;3189615:95;3189616:95
111003.3230,1788877304.5126,6,197.62,393.39,591.02,0.0,14924.8,41117.4,2371.8,5266.691,3021.914,70601.838,3189584:13;3189613:95;3189614:95;3189615:95;3189616:95
111003.4328,1788877304.6223,6,197.62,393.39,591.02,17.6,14925.1,41117.2,2371.8,5266.691,3021.914,70601.838,3189584:13;3189613:95;3189614:95;3189615:95;3189616:95
111003.5461,1788877304.7356,6,197.62,393.39,591.02,0.0,14925.1,41117.2,2371.8,5266.691,3021.914,70601.838,3189584:13;3189613:95;3189614:95;3189615:95;3189616:95
111003.6572,1788877304.8468,6,197.62,393.39,591.02,0.0,14948.4,41093.8,2371.8,5266.691,3021.915,70601.838,3189584:13;3189613:95;3189614:95;3189615:95;3189616:95
111003.7692,1788877304.9587,6,197.62,393.39,591.02,0.0,14948.4,41093.8,2371.8,5266.691,3021.915,70601.838,3189584:13;3189613:95;3189614:95;3189615:95;3189616:95
111003.8793,1788877305.0689,6,197.62,393.39,591.02,0.0,14948.7,41093.5,2371.8,5266.691,3021.915,70601.838,3189584:13;3189613:95;3189614:95;3189615:95;3189616:95
111003.9895,1788877305.1790,6,197.75,393.39,591.14,0.0,14948.7,41093.5,2371.8,5266.691,3021.915,70601.838,3189584:13;3189613:95;3189614:95;3189615:95;3189616:95
111004.1015,1788877305.2911,6,197.75,393.39,591.14,18.2,14948.7,41093.5,2371.8,5266.691,3021.915,70601.838,3189584:13;3189613:95;3189614:95;3189615:95;3189616:95
111004.2117,1788877305.4013,6,217.24,393.39,610.64,62.4,14972.1,41070.2,2371.8,5266.816,3021.916,70601.838,3189584:13;3189613:95;3189614:95;3189615:95;3189616:95
111004.3236,1788877305.5132,6,224.62,393.39,618.01,105.7,14972.8,41069.4,2371.8,5266.816,3021.917,70601.838,3189584:13;3189613:95;3189614:95;3189615:95;3189616:95
111004.4372,1788877305.6267,6,226.99,393.39,620.39,89.7,14973.0,41069.2,2371.8,5266.816,3021.917,70601.838,3189584:13;3189613:95;3189614:95;3189615:95;3189616:95
111004.5486,1788877305.7381,6,226.99,393.39,620.39,0.0,14974.0,41068.2,2371.8,5266.816,3021.917,70601.838,3189584:13;3189613:95;3189614:95;3189615:95;3189616:95
111004.6647,1788877305.8543,6,226.99,393.39,620.39,0.0,14974.0,41068.2,2371.8,5266.817,3021.918,70601.838,3189584:13;3189613:95;3189614:95;3189615:95;3189616:95
111004.7741,1788877305.9636,6,226.99,393.39,620.39,0.0,14974.0,41068.2,2371.8,5266.817,3021.918,70601.838,3189584:13;3189613:95;3189614:95;3189615:95;3189616:95
111004.8848,1788877306.0743,6,226.99,393.39,620.39,0.0,14974.0,41068.2,2371.8,5266.817,3021.918,70601.838,3189584:13;3189613:95;3189614:95;3189615:95;3189616:95
111004.9961,1788877306.1856,6,226.99,393.39,620.39,0.0,14974.0,41068.2,2371.8,5266.817,3021.918,70601.838,3189584:13;3189613:95;3189614:95;3189615:95;3189616:95
111005.1075,1788877306.2970,6,226.99,393.39,620.39,9.2,14974.0,41068.2,2371.8,5266.817,3021.918,70601.838,3189584:13;3189613:95;3189614:95;3189615:95;3189616:95
111005.2166,1788877306.4061,6,226.99,393.39,620.39,8.7,14973.0,41069.3,2371.8,5266.817,3021.918,70601.838,3189584:13;3189613:95;3189614:95;3189615:95;3189616:95
111005.3316,1788877306.5212,6,226.99,393.39,620.39,0.0,14977.6,41064.6,2371.8,5266.817,3021.918,70601.838,3189584:13;3189613:95;3189614:95;3189615:95;3189616:95
111005.4422,1788877306.6317,6,246.24,393.39,639.63,44.9,15000.7,41041.5,2371.8,5266.931,3021.919,70601.838,3189584:13;3189613:95;3189614:95;3189615:95;3189616:95
111005.5535,1788877306.7430,6,246.49,393.39,639.88,95.1,15000.7,41041.5,2371.8,5266.931,3021.919,70601.854,3189584:13;3189613:95;3189614:95;3189615:95;3189616:95
111005.6692,1788877306.8587,6,247.11,393.39,640.51,44.4,15000.7,41041.5,2371.8,5266.931,3021.920,70601.854,3189584:13;3189613:95;3189614:95;3189615:95;3189616:95
111005.7836,1788877306.9731,6,247.11,393.39,640.51,0.0,15000.7,41041.5,2371.8,5266.931,3021.920,70601.854,3189584:13;3189613:95;3189614:95;3189615:95;3189616:95
111005.8960,1788877307.0855,6,247.11,393.39,640.51,0.0,15001.2,41041.0,2371.8,5266.931,3021.920,70601.854,3189584:13;3189613:95;3189614:95;3189615:95;3189616:95
111006.0082,1788877307.1978,6,247.11,393.39,640.51,9.1,15001.2,41041.0,2371.8,5266.931,3021.921,70601.854,3189584:13;3189613:95;3189614:95;3189615:95;3189616:95
111006.1190,1788877307.3086,6,247.11,393.39,640.51,0.0,15001.2,41041.0,2371.8,5266.931,3021.921,70601.854,3189584:13;3189613:95;3189614:95;3189615:95;3189616:95
111006.2315,1788877307.4210,6,247.11,393.39,640.51,0.0,15001.2,41041.0,2371.8,5266.932,3021.925,70601.854,3189584:13;3189613:95;3189614:95;3189615:95;3189616:95
111006.3460,1788877307.5356,6,257.91,393.39,651.30,26.3,15004.8,41037.5,2371.8,5267.013,3021.926,70601.854,3189584:13;3189613:95;3189614:95;3189615:95;3189616:95
111006.4602,1788877307.6498,6,259.30,393.39,652.70,99.2,15014.1,41028.1,2371.8,5267.015,3021.928,70601.854,3189584:13;3189613:95;3189614:95;3189615:95;3189616:95
111006.5712,1788877307.7608,6,259.68,393.39,653.07,99.9,15014.8,41027.4,2371.8,5267.015,3021.928,70601.854,3189584:13;3189613:95;3189614:95;3189615:95;3189616:95
111006.6810,1788877307.8706,6,259.68,393.39,653.07,35.5,15014.8,41027.4,2371.8,5267.021,3021.930,70601.854,3189584:13;3189613:95;3189614:95;3189615:95;3189616:95
111006.7946,1788877307.9841,6,260.80,393.39,654.20,26.5,15022.4,41019.8,2371.8,5267.022,3021.930,70601.854,3189584:13;3189613:95;3189614:95;3189615:95;3189616:95
111006.9071,1788877308.0967,6,262.22,393.39,655.62,98.8,15022.4,41019.8,2371.8,5267.022,3021.931,70601.854,3189584:13;3189613:95;3189614:95;3189615:95;3189616:95
111007.0183,1788877308.2078,6,262.22,393.39,655.62,106.6,15022.4,41019.8,2371.8,5267.023,3021.931,70601.854,3189584:13;3189613:95;3189614:95;3189615:95;3189616:95
111007.1307,1788877308.3202,6,263.64,393.39,657.04,107.5,15023.2,41019.1,2371.8,5267.023,3021.931,70601.854,3189584:13;3189613:95;3189614:95;3189615:95;3189616:95
111007.2424,1788877308.4320,6,265.64,393.39,659.04,90.9,15026.9,41015.4,2371.8,5267.023,3021.931,70601.854,3189584:13;3189613:95;3189614:95;3189615:95;3189616:95
111007.3524,1788877308.5419,6,272.52,393.39,665.91,108.8,15030.8,41011.4,2371.8,5267.023,3021.931,70601.854,3189584:13;3189613:95;3189614:95;3189615:95;3189616:95
111007.4627,1788877308.6523,6,275.39,393.39,668.79,99.2,15034.7,41007.5,2371.8,5267.023,3021.931,70601.854,3189584:13;3189613:95;3189614:95;3189615:95;3189616:95
111007.5736,1788877308.7631,6,278.00,393.39,671.39,108.5,15038.7,41003.6,2371.8,5267.023,3021.931,70601.854,3189584:13;3189613:95;3189614:95;3189615:95;3189616:95
111007.6844,1788877308.8739,6,281.25,393.39,674.65,98.3,15038.7,41003.6,2371.8,5267.023,3021.931,70601.854,3189584:13;3189613:95;3189614:95;3189615:95;3189616:95
111007.7971,1788877308.9866,6,286.57,393.39,679.96,106.0,15046.5,40995.7,2371.8,5267.023,3021.931,70601.854,3189584:13;3189613:95;3189614:95;3189615:95;3189616:95
111007.9095,1788877309.0991,6,286.54,393.39,679.93,96.3,15046.5,40995.7,2371.8,5267.023,3021.931,70601.854,3189584:13;3189613:95;3189614:95;3189615:95;3189616:95
111008.0235,1788877309.2131,6,286.54,393.39,679.93,99.0,15046.5,40995.7,2371.8,5267.024,3021.931,70601.854,3189584:13;3189613:95;3189614:95;3189615:95;3189616:95
111008.1349,1788877309.3244,6,292.20,393.39,685.60,99.1,15052.9,40989.3,2371.8,5267.024,3021.931,70601.854,3189584:13;3189613:95;3189614:95;3189615:95;3189616:95
111008.2456,1788877309.4352,6,295.85,393.39,689.24,98.8,15072.4,40969.8,2371.8,5267.024,3021.931,70601.854,3189584:13;3189613:95;3189614:95;3189615:95;3189616:95
111008.3569,1788877309.5464,6,299.22,393.39,692.62,99.5,15072.4,40969.8,2371.8,5267.024,3021.931,70601.854,3189584:13;3189613:95;3189614:95;3189615:95;3189616:95
111008.4677,1788877309.6573,6,300.60,393.39,693.99,100.2,15072.4,40969.8,2371.8,5267.024,3021.931,70601.854,3189584:13;3189613:95;3189614:95;3189615:95;3189616:95
111008.5773,1788877309.7669,6,303.73,393.39,697.12,100.0,15072.4,40969.8,2371.8,5267.024,3021.931,70601.854,3189584:13;3189613:95;3189614:95;3189615:95;3189616:95
111008.6877,1788877309.8773,6,320.10,393.39,713.49,108.1,15080.0,40962.2,2371.8,5267.024,3021.931,70601.854,3189584:13;3189613:95;3189614:95;3189615:95;3189616:95
111008.7989,1788877309.9885,6,367.19,393.39,760.58,152.4,15137.3,40904.9,2371.8,5267.024,3021.931,70601.854,3189584:13;3189613:95;3189614:95;3189615:95;3189616:95
111008.9100,1788877310.0995,6,346.90,434.32,781.22,199.4,15158.3,40883.9,2371.8,5267.024,3021.931,70601.854,3189584:13;3189613:105;3189614:105;3189615:105;3189616:106
111009.0203,1788877310.2099,6,346.90,568.20,915.10,435.3,15203.6,40838.7,2371.8,5267.024,3021.932,70601.854,3189584:13;3189613:139;3189614:138;3189615:139;3189616:139
111009.1330,1788877310.3225,6,347.90,637.86,985.75,366.1,15251.0,40791.2,2371.8,5267.026,3021.933,70601.854,3189584:13;3189613:152;3189614:152;3189615:167;3189616:153
111009.2452,1788877310.4347,6,347.90,640.69,988.59,188.8,15267.3,40774.9,2371.8,5267.030,3021.950,70601.854,3189584:13;3189613:157;3189614:155;3189615:159;3189616:157
111009.3562,1788877310.5457,6,347.90,640.69,988.59,0.0,15267.3,40774.9,2371.8,5267.030,3021.950,70601.854,3189584:13;3189613:157;3189614:155;3189615:159;3189616:157
111009.4653,1788877310.6548,6,347.90,642.31,990.21,27.3,15267.5,40774.7,2371.8,5267.096,3021.964,70601.854,3189584:13;3189613:157;3189614:156;3189615:159;3189616:157
111009.5753,1788877310.7648,6,347.90,642.81,990.71,0.0,15267.5,40774.7,2371.8,5267.196,3021.968,70601.854,3189584:13;3189613:157;3189614:156;3189615:159;3189616:157
111009.6873,1788877310.8768,6,347.90,642.94,990.84,0.0,15267.5,40774.7,2371.8,5267.503,3021.981,70601.854,3189584:13;3189613:157;3189614:156;3189615:159;3189616:157
111009.7985,1788877310.9881,6,347.90,642.94,990.84,9.0,15267.5,40774.7,2371.8,5267.503,3021.981,70601.854,3189584:13;3189613:157;3189614:156;3189615:159;3189616:157
111009.9080,1788877311.0975,6,347.90,657.83,1005.73,36.5,15274.9,40767.3,2371.8,5267.622,3021.989,70601.854,3189584:13;3189613:157;3189614:156;3189615:160;3189616:172
111010.0173,1788877311.2068,6,347.90,728.14,1076.04,160.5,15344.3,40698.0,2371.8,5267.689,3021.993,70601.854,3189584:13;3189613:177;3189614:176;3189615:177;3189616:185
111010.1296,1788877311.3191,6,347.90,723.51,1071.41,653.5,15414.9,40627.3,2371.8,5268.096,3022.007,70601.854,3189584:13;3189613:176;3189614:170;3189615:177;3189616:188
111010.2428,1788877311.4323,6,347.90,704.36,1052.26,9.0,15415.7,40626.5,2371.8,5268.151,3022.009,70601.854,3189584:13;3189613:159;3189614:176;3189615:177;3189616:180
111010.3534,1788877311.5430,6,347.90,704.36,1052.26,9.2,15415.7,40626.5,2371.8,5268.184,3022.024,70601.854,3189584:13;3189613:159;3189614:176;3189615:177;3189616:180
111010.4628,1788877311.6523,6,347.90,704.36,1052.26,0.0,15415.7,40626.6,2371.8,5268.187,3022.054,70601.854,3189584:13;3189613:159;3189614:176;3189615:177;3189616:180
111010.5738,1788877311.7633,6,347.90,706.80,1054.70,27.3,15415.7,40626.6,2371.8,5268.484,3022.066,70601.854,3189584:13;3189613:159;3189614:177;3189615:178;3189616:180
111010.6829,1788877311.8724,6,347.90,724.29,1072.18,63.6,15415.7,40626.6,2371.8,5268.789,3022.074,70601.854,3189584:13;3189613:175;3189614:177;3189615:178;3189616:180
111010.7930,1788877311.9825,6,347.90,725.14,1073.04,18.0,15416.4,40625.8,2371.8,5269.422,3022.093,70601.854,3189584:13;3189613:175;3189614:177;3189615:179;3189616:181
111010.9044,1788877312.0940,6,347.90,725.14,1073.04,9.1,15416.4,40625.8,2371.8,5269.539,3022.095,70601.854,3189584:13;3189613:175;3189614:177;3189615:179;3189616:181
111011.0144,1788877312.2039,6,347.90,725.27,1073.16,9.0,15416.4,40625.8,2371.8,5269.757,3022.099,70601.854,3189584:13;3189613:176;3189614:177;3189615:179;3189616:181
111011.1259,1788877312.3155,6,347.90,725.39,1073.29,9.2,15416.4,40625.8,2371.8,5269.773,3022.103,70601.854,3189584:13;3189613:176;3189614:177;3189615:179;3189616:181
111011.2350,1788877312.4245,6,347.90,727.39,1075.29,36.2,15416.4,40625.8,2371.8,5270.050,3022.113,70601.854,3189584:13;3189613:178;3189614:177;3189615:179;3189616:181
111011.3472,1788877312.5368,6,347.90,728.01,1075.91,0.0,15416.4,40625.8,2371.8,5270.189,3022.116,70601.854,3189584:13;3189613:178;3189614:178;3189615:179;3189616:181
111011.4584,1788877312.6480,6,347.90,728.21,1076.11,9.2,15416.6,40625.6,2371.8,5270.284,3022.126,70601.854,3189584:13;3189613:178;3189614:178;3189615:179;3189616:181
111011.5676,1788877312.7572,6,347.90,728.21,1076.11,9.1,15416.6,40625.6,2371.8,5270.314,3022.127,70601.857,3189584:13;3189613:178;3189614:178;3189615:179;3189616:181
111011.6772,1788877312.8667,6,347.90,729.22,1077.12,71.9,15416.6,40625.6,2371.8,5270.717,3022.141,70601.857,3189584:13;3189613:179;3189614:178;3189615:179;3189616:181
111011.7886,1788877312.9781,6,347.90,729.22,1077.12,0.0,15416.6,40625.6,2371.8,5270.717,3022.142,70601.857,3189584:13;3189613:179;3189614:178;3189615:179;3189616:181
111011.8976,1788877313.0871,6,347.90,730.14,1078.04,18.2,15417.4,40624.9,2371.8,5271.170,3022.156,70601.857,3189584:13;3189613:180;3189614:178;3189615:179;3189616:181
111012.0080,1788877313.1975,6,347.90,730.66,1078.55,17.8,15417.4,40624.9,2371.8,5271.173,3022.158,70601.857,3189584:13;3189613:180;3189614:178;3189615:179;3189616:181
111012.1199,1788877313.3094,6,347.90,732.30,1080.20,61.4,15418.1,40624.1,2371.8,5271.201,3022.165,70601.857,3189584:13;3189613:182;3189614:178;3189615:179;3189616:181
111012.2339,1788877313.4234,6,347.90,732.43,1080.32,0.0,15418.1,40624.1,2371.8,5271.202,3022.167,70601.857,3189584:13;3189613:182;3189614:178;3189615:179;3189616:181
111012.3439,1788877313.5334,6,347.90,732.96,1080.86,27.3,15418.1,40624.1,2371.8,5271.781,3022.182,70601.861,3189584:13;3189613:182;3189614:178;3189615:179;3189616:181
111012.4535,1788877313.6430,6,347.90,732.96,1080.86,0.0,15411.4,40630.8,2371.8,5271.787,3022.183,70601.861,3189584:13;3189613:182;3189614:178;3189615:179;3189616:181
111012.5650,1788877313.7545,6,347.90,733.20,1081.10,18.2,15411.4,40630.8,2371.8,5272.033,3022.192,70601.861,3189584:13;3189613:183;3189614:178;3189615:179;3189616:181
111012.6744,1788877313.8639,6,347.90,734.59,1082.49,44.3,15412.4,40629.8,2371.8,5272.221,3022.197,70601.861,3189584:13;3189613:184;3189614:178;3189615:179;3189616:181
111012.7876,1788877313.9771,6,347.90,735.32,1083.21,27.1,15412.4,40629.8,2371.8,5272.696,3022.206,70601.861,3189584:13;3189613:184;3189614:178;3189615:179;3189616:181
111012.8984,1788877314.0879,6,347.90,735.45,1083.35,9.1,15405.9,40636.3,2371.8,5272.699,3022.211,70601.861,3189584:13;3189613:184;3189614:178;3189615:179;3189616:181
111013.0076,1788877314.1971,6,347.90,739.21,1087.11,82.5,15406.1,40636.1,2371.8,5272.781,3022.223,70601.861,3189584:13;3189613:186;3189614:181;3189615:179;3189616:181
111013.1171,1788877314.3067,6,347.90,739.21,1087.11,9.1,15405.9,40636.3,2371.8,5272.781,3022.225,70601.861,3189584:13;3189613:186;3189614:181;3189615:179;3189616:181
111013.2263,1788877314.4158,6,347.90,741.09,1088.98,81.3,15406.1,40636.1,2371.8,5272.845,3022.238,70601.861,3189584:13;3189613:188;3189614:181;3189615:179;3189616:181
111013.3372,1788877314.5267,6,347.90,742.11,1090.01,18.3,15406.1,40636.1,2371.8,5272.851,3022.241,70601.865,3189584:13;3189613:188;3189614:181;3189615:179;3189616:181
111013.4465,1788877314.6360,6,347.90,744.59,1092.48,108.1,15405.0,40637.3,2371.8,5273.340,3022.267,70601.865,3189584:13;3189613:190;3189614:181;3189615:179;3189616:181
111013.5575,1788877314.7471,6,347.90,744.45,1092.35,9.0,15405.2,40637.0,2371.8,5273.524,3022.271,70601.865,3189584:13;3189613:190;3189614:181;3189615:179;3189616:181
111013.6689,1788877314.8584,6,347.90,745.80,1093.70,81.0,15405.5,40636.8,2371.8,5274.045,3022.294,70601.865,3189584:13;3189613:191;3189614:181;3189615:179;3189616:181
111013.7802,1788877314.9698,6,347.90,746.05,1093.95,9.0,15405.7,40636.5,2371.8,5274.072,3022.298,70601.865,3189584:13;3189613:191;3189614:181;3189615:179;3189616:181
111013.8907,1788877315.0802,6,347.90,747.73,1095.63,90.7,15403.9,40638.3,2371.8,5274.462,3022.319,70601.865,3189584:13;3189613:193;3189614:181;3189615:179;3189616:182
111014.0023,1788877315.1918,6,347.90,747.98,1095.88,17.8,15404.1,40638.1,2371.8,5274.485,3022.322,70601.865,3189584:13;3189613:193;3189614:181;3189615:179;3189616:182
111014.1129,1788877315.3024,6,347.90,749.22,1097.12,54.2,15404.4,40637.8,2371.8,5275.177,3022.345,70601.865,3189584:13;3189613:194;3189614:182;3189615:179;3189616:182
111014.2240,1788877315.4136,6,347.90,749.35,1097.25,9.1,15404.4,40637.8,2371.8,5275.211,3022.348,70601.865,3189584:13;3189613:194;3189614:182;3189615:179;3189616:182
111014.3342,1788877315.5237,6,347.90,751.29,1099.18,62.5,15405.1,40637.1,2371.8,5275.966,3022.374,70601.865,3189584:13;3189613:195;3189614:182;3189615:179;3189616:182
111014.4460,1788877315.6355,6,347.90,751.29,1099.18,8.9,15405.4,40636.8,2371.8,5276.014,3022.376,70601.865,3189584:13;3189613:195;3189614:182;3189615:179;3189616:182
111014.5577,1788877315.7473,6,347.90,752.10,1100.00,36.3,15406.1,40636.1,2371.8,5276.661,3022.397,70601.865,3189584:13;3189613:196;3189614:182;3189615:179;3189616:182
111014.6677,1788877315.8572,6,347.90,752.10,1100.00,0.0,15406.1,40636.1,2371.8,5276.661,3022.397,70601.865,3189584:13;3189613:196;3189614:182;3189615:179;3189616:182
111014.7773,1788877315.9668,6,347.90,753.24,1101.14,36.5,15408.1,40634.1,2371.8,5277.271,3022.421,70601.865,3189584:13;3189613:196;3189614:182;3189615:179;3189616:183
111014.8874,1788877316.0769,6,347.90,753.23,1101.13,9.0,15403.9,40638.3,2371.8,5277.280,3022.423,70601.865,3189584:13;3189613:196;3189614:182;3189615:179;3189616:183
111014.9983,1788877316.1878,6,347.90,753.49,1101.39,27.0,15402.8,40639.4,2371.8,5277.714,3022.432,70601.865,3189584:13;3189613:196;3189614:182;3189615:179;3189616:183
111015.1095,1788877316.2990,6,347.90,754.19,1102.09,36.2,15402.8,40639.4,2371.8,5277.852,3022.439,70601.865,3189584:13;3189613:197;3189614:182;3189615:179;3189616:183
111015.2204,1788877316.4099,6,347.90,754.67,1102.57,27.3,15402.8,40639.4,2371.8,5278.489,3022.454,70601.865,3189584:13;3189613:197;3189614:182;3189615:179;3189616:183
111015.3297,1788877316.5192,6,347.90,754.67,1102.57,9.1,15402.8,40639.4,2371.8,5278.489,3022.454,70601.865,3189584:13;3189613:197;3189614:182;3189615:179;3189616:183
111015.4398,1788877316.6294,6,347.90,755.45,1103.35,27.3,15403.8,40638.5,2371.8,5279.106,3022.476,70601.865,3189584:13;3189613:198;3189614:183;3189615:180;3189616:183
111015.5491,1788877316.7387,6,347.90,755.45,1103.35,0.0,15403.8,40638.5,2371.8,5279.106,3022.477,70601.865,3189584:13;3189613:198;3189614:183;3189615:180;3189616:183
111015.6589,1788877316.8484,6,347.90,755.70,1103.60,18.2,15403.8,40638.5,2371.8,5279.658,3022.491,70601.865,3189584:13;3189613:198;3189614:183;3189615:180;3189616:183
111015.7692,1788877316.9587,6,347.90,755.70,1103.60,0.0,15403.8,40638.5,2371.8,5279.673,3022.492,70601.865,3189584:13;3189613:198;3189614:183;3189615:180;3189616:183
111015.8788,1788877317.0684,6,347.90,755.95,1103.85,0.0,15402.0,40640.2,2371.8,5279.874,3022.497,70601.865,3189584:13;3189613:198;3189614:183;3189615:180;3189616:183
111015.9896,1788877317.1791,6,347.90,755.95,1103.85,0.0,15400.0,40642.2,2371.8,5279.931,3022.499,70601.865,3189584:13;3189613:198;3189614:183;3189615:180;3189616:183
111016.0988,1788877317.2883,6,347.90,755.95,1103.85,0.0,15396.3,40645.9,2371.8,5279.931,3022.499,70601.865,3189584:13;3189613:198;3189614:183;3189615:180;3189616:183
111016.2109,1788877317.4005,6,347.90,756.61,1104.50,8.9,15396.0,40646.2,2371.8,5280.137,3022.507,70601.865,3189584:13;3189613:198;3189614:183;3189615:180;3189616:183
111016.3238,1788877317.5134,6,347.90,756.61,1104.50,0.0,15396.0,40646.2,2371.8,5280.137,3022.507,70601.865,3189584:13;3189613:198;3189614:183;3189615:180;3189616:183
111016.4348,1788877317.6244,6,347.90,756.36,1104.26,9.1,15396.0,40646.2,2371.8,5280.476,3022.516,70601.865,3189584:13;3189613:198;3189614:183;3189615:180;3189616:183
111016.5451,1788877317.7346,6,347.90,756.15,1104.05,9.2,15395.5,40646.7,2371.8,5280.663,3022.521,70601.865,3189584:13;3189613:198;3189614:183;3189615:180;3189616:183
111016.6539,1788877317.8435,6,347.90,756.25,1104.15,0.0,15395.5,40646.7,2371.8,5280.800,3022.524,70601.865,3189584:13;3189613:198;3189614:183;3189615:180;3189616:183
111016.7638,1788877317.9534,6,347.90,757.31,1105.21,26.8,15395.5,40646.7,2371.8,5281.507,3022.542,70601.865,3189584:13;3189613:198;3189614:183;3189615:181;3189616:183
111016.8755,1788877318.0651,6,347.90,757.31,1105.21,9.0,15390.8,40651.4,2371.8,5281.507,3022.542,70601.865,3189584:13;3189613:198;3189614:183;3189615:181;3189616:183
111016.9863,1788877318.1758,6,347.90,757.65,1105.55,18.0,15390.8,40651.4,2371.8,5282.162,3022.557,70601.865,3189584:13;3189613:198;3189614:183;3189615:181;3189616:183
111017.0980,1788877318.2875,6,347.90,757.65,1105.55,18.2,15385.9,40656.3,2371.8,5282.163,3022.557,70601.865,3189584:13;3189613:198;3189614:183;3189615:181;3189616:183
111017.2067,1788877318.3963,6,347.90,757.67,1105.57,44.0,15385.9,40656.3,2371.8,5282.737,3022.576,70601.865,3189584:13;3189613:198;3189614:183;3189615:181;3189616:183
111017.3202,1788877318.5097,6,347.90,757.67,1105.57,0.0,15385.9,40656.3,2371.8,5282.737,3022.576,70601.865,3189584:13;3189613:198;3189614:183;3189615:181;3189616:183
111017.4317,1788877318.6213,6,347.90,758.11,1106.01,17.7,15385.9,40656.3,2371.8,5283.066,3022.585,70601.865,3189584:13;3189613:198;3189614:183;3189615:181;3189616:183
111017.5447,1788877318.7342,6,347.90,758.11,1106.01,0.0,15385.9,40656.3,2371.8,5283.066,3022.586,70601.865,3189584:13;3189613:198;3189614:183;3189615:181;3189616:183
111017.6568,1788877318.8463,6,347.90,758.36,1106.26,18.2,15385.9,40656.3,2371.8,5283.157,3022.589,70601.865,3189584:13;3189613:198;3189614:183;3189615:181;3189616:183
111017.7697,1788877318.9592,6,347.90,758.36,1106.26,0.0,15386.1,40656.1,2371.8,5283.157,3022.589,70601.865,3189584:13;3189613:198;3189614:183;3189615:181;3189616:183
111017.8841,1788877319.0737,6,347.90,758.36,1106.26,0.0,15378.3,40663.9,2371.8,5283.157,3022.590,70601.865,3189584:13;3189613:198;3189614:183;3189615:181;3189616:183
111017.9942,1788877319.1837,6,347.90,759.95,1107.85,45.5,15373.1,40669.1,2371.8,5283.735,3022.607,70601.865,3189584:13;3189613:200;3189614:183;3189615:181;3189616:184
111018.1036,1788877319.2931,6,347.90,760.02,1107.92,18.0,15372.9,40669.3,2371.8,5283.826,3022.611,70601.865,3189584:13;3189613:200;3189614:183;3189615:181;3189616:184
111018.2157,1788877319.4052,6,347.90,760.17,1108.07,27.0,15372.9,40669.3,2371.8,5284.339,3022.626,70601.865,3189584:13;3189613:200;3189614:183;3189615:181;3189616:183
111018.3260,1788877319.5156,6,347.90,761.07,1108.96,35.7,15371.7,40670.5,2371.8,5284.688,3022.644,70601.865,3189584:13;3189613:200;3189614:183;3189615:181;3189616:184
111018.4379,1788877319.6275,6,347.90,761.07,1108.96,0.0,15371.7,40670.5,2371.8,5284.688,3022.644,70601.865,3189584:13;3189613:200;3189614:183;3189615:181;3189616:184
111018.5470,1788877319.7365,6,347.90,761.23,1109.12,9.0,15372.2,40670.1,2371.8,5285.248,3022.660,70601.865,3189584:13;3189613:200;3189614:183;3189615:181;3189616:184
111018.6591,1788877319.8486,6,347.90,761.23,1109.12,0.0,15372.2,40670.1,2371.8,5285.248,3022.661,70601.865,3189584:13;3189613:200;3189614:183;3189615:181;3189616:184
111018.7691,1788877319.9586,6,347.90,761.32,1109.22,27.2,15372.2,40670.1,2371.8,5285.374,3022.669,70601.865,3189584:13;3189613:201;3189614:183;3189615:181;3189616:184
111018.8829,1788877320.0724,6,347.90,761.32,1109.22,0.0,15366.7,40675.5,2371.8,5285.374,3022.670,70601.865,3189584:13;3189613:201;3189614:183;3189615:181;3189616:184
111018.9927,1788877320.1823,6,347.90,761.57,1109.47,18.2,15367.0,40675.2,2371.8,5285.498,3022.674,70601.865,3189584:13;3189613:201;3189614:183;3189615:181;3189616:184
111019.1034,1788877320.2930,6,347.90,761.77,1109.67,45.2,15364.8,40677.4,2371.8,5285.808,3022.688,70601.865,3189584:13;3189613:201;3189614:183;3189615:181;3189616:184
111019.2137,1788877320.4033,6,347.90,761.77,1109.67,9.1,15364.8,40677.4,2371.8,5285.808,3022.688,70601.865,3189584:13;3189613:201;3189614:183;3189615:181;3189616:184
111019.3234,1788877320.5129,6,347.90,763.14,1111.04,36.4,15365.1,40677.1,2371.8,5286.184,3022.703,70601.865,3189584:13;3189613:202;3189614:183;3189615:181;3189616:184
111019.4331,1788877320.6227,6,347.90,763.14,1111.04,9.1,15364.8,40677.4,2371.8,5286.268,3022.706,70601.865,3189584:13;3189613:202;3189614:183;3189615:181;3189616:184
111019.5433,1788877320.7328,6,347.90,763.43,1111.33,9.1,15364.8,40677.4,2371.8,5286.571,3022.713,70601.865,3189584:13;3189613:202;3189614:183;3189615:181;3189616:184
111019.6532,1788877320.8427,6,347.90,764.05,1111.95,9.0,15364.8,40677.4,2371.8,5287.012,3022.725,70601.865,3189584:13;3189613:202;3189614:183;3189615:181;3189616:184
111019.7637,1788877320.9532,6,347.90,763.80,1111.70,0.0,15364.4,40677.8,2371.8,5287.118,3022.726,70601.865,3189584:13;3189613:202;3189614:183;3189615:181;3189616:184
111019.8743,1788877321.0638,6,347.90,764.87,1112.77,54.6,15359.2,40683.0,2371.8,5287.301,3022.740,70601.865,3189584:13;3189613:203;3189614:184;3189615:181;3189616:184
111019.9838,1788877321.1734,6,347.90,764.87,1112.77,9.1,15356.1,40686.1,2371.8,5287.301,3022.741,70602.061,3189584:13;3189613:203;3189614:184;3189615:181;3189616:184
111020.0933,1788877321.2828,6,347.90,765.37,1113.27,17.9,15356.2,40686.0,2371.8,5287.495,3022.748,70602.061,3189584:13;3189613:203;3189614:184;3189615:181;3189616:184
111020.2048,1788877321.3943,6,347.90,765.99,1113.89,45.5,15356.5,40685.7,2371.8,5288.332,3022.768,70602.061,3189584:13;3189613:204;3189614:184;3189615:182;3189616:184
111020.3143,1788877321.5039,6,347.90,766.12,1114.02,9.0,15364.1,40678.1,2371.8,5288.458,3022.772,70602.061,3189584:13;3189613:204;3189614:184;3189615:182;3189616:184
111020.4253,1788877321.6149,6,347.90,767.83,1115.73,62.5,15364.0,40678.2,2371.8,5289.067,3022.793,70602.061,3189584:13;3189613:204;3189614:184;3189615:183;3189616:184
111020.5368,1788877321.7263,6,347.90,768.08,1115.98,9.1,15364.0,40678.2,2371.8,5289.425,3022.798,70602.061,3189584:13;3189613:204;3189614:184;3189615:183;3189616:184
111020.6468,1788877321.8364,6,347.90,768.32,1116.22,45.7,15364.0,40678.2,2371.8,5289.845,3022.819,70602.061,3189584:13;3189613:204;3189614:184;3189615:183;3189616:184
111020.7564,1788877321.9460,6,347.90,769.76,1117.66,26.6,15365.2,40677.0,2371.8,5290.205,3022.828,70602.061,3189584:13;3189613:205;3189614:184;3189615:183;3189616:184
111020.8690,1788877322.0586,6,347.90,769.94,1117.84,18.2,15363.0,40679.2,2371.8,5290.650,3022.842,70602.061,3189584:13;3189613:205;3189614:184;3189615:183;3189616:184
111020.9796,1788877322.1691,6,347.90,770.27,1118.16,27.3,15362.4,40679.8,2371.8,5290.873,3022.854,70602.061,3189584:13;3189613:205;3189614:184;3189615:183;3189616:185
111021.0888,1788877322.2783,6,348.02,770.64,1118.66,36.1,15362.4,40679.8,2371.8,5291.266,3022.862,70602.061,3189584:13;3189613:206;3189614:184;3189615:183;3189616:185
111021.2000,1788877322.3895,6,348.02,772.01,1120.03,45.1,15361.1,40681.2,2371.8,5291.457,3022.878,70602.061,3189584:13;3189613:207;3189614:185;3189615:183;3189616:185
111021.3103,1788877322.4999,6,348.02,772.35,1120.37,0.0,15361.1,40681.2,2371.8,5291.815,3022.887,70602.061,3189584:13;3189613:207;3189614:185;3189615:183;3189616:185
111021.4198,1788877322.6093,6,348.02,772.83,1120.86,71.8,15360.1,40682.2,2371.8,5292.125,3022.905,70602.061,3189584:13;3189613:207;3189614:185;3189615:183;3189616:185
111021.5313,1788877322.7208,6,348.02,774.75,1122.77,18.4,15359.9,40682.3,2371.8,5292.434,3022.917,70602.061,3189584:13;3189613:208;3189614:186;3189615:183;3189616:185
111021.6405,1788877322.8300,6,348.02,775.37,1123.39,63.7,15360.4,40681.8,2371.8,5292.642,3022.933,70602.061,3189584:13;3189613:209;3189614:185;3189615:183;3189616:185
111021.7507,1788877322.9402,6,348.02,775.43,1123.45,0.0,15360.6,40681.6,2371.8,5292.812,3022.938,70602.061,3189584:13;3189613:209;3189614:185;3189615:183;3189616:185
111021.8600,1788877323.0495,6,348.02,776.06,1124.08,44.8,15363.5,40678.7,2371.8,5293.221,3022.955,70602.061,3189584:13;3189613:210;3189614:185;3189615:183;3189616:185
111021.9716,1788877323.1611,6,348.02,776.31,1124.34,9.0,15362.9,40679.3,2371.8,5293.301,3022.956,70602.061,3189584:13;3189613:210;3189614:185;3189615:183;3189616:185
111022.0826,1788877323.2721,6,348.02,777.34,1125.36,63.7,15362.3,40680.0,2371.8,5293.898,3022.981,70602.061,3189584:13;3189613:211;3189614:185;3189615:183;3189616:185
111022.1929,1788877323.3825,6,348.02,777.34,1125.36,18.2,15362.3,40680.0,2371.8,5293.898,3022.981,70602.061,3189584:13;3189613:211;3189614:185;3189615:183;3189616:185
111022.3018,1788877323.4914,6,348.02,777.74,1125.76,18.2,15356.7,40685.5,2371.8,5294.378,3023.008,70602.061,3189584:13;3189613:211;3189614:185;3189615:183;3189616:185
111022.4123,1788877323.6018,6,348.02,777.74,1125.76,0.0,15357.9,40684.3,2371.8,5294.379,3023.009,70602.061,3189584:13;3189613:211;3189614:185;3189615:183;3189616:185
111022.5216,1788877323.7111,6,348.02,777.95,1125.98,36.5,15359.6,40682.6,2371.8,5294.560,3023.023,70602.061,3189584:13;3189613:211;3189614:185;3189615:183;3189616:185
111022.6319,1788877323.8215,6,348.02,777.95,1125.98,0.0,15361.1,40681.1,2371.8,5294.560,3023.023,70602.061,3189584:13;3189613:211;3189614:185;3189615:183;3189616:185
111022.7408,1788877323.9303,6,348.02,778.04,1126.06,9.1,15361.0,40681.2,2371.8,5295.134,3023.043,70602.064,3189584:13;3189613:211;3189614:185;3189615:184;3189616:185
111022.8511,1788877324.0406,6,348.02,778.04,1126.06,9.1,15361.0,40681.2,2371.8,5295.134,3023.043,70602.064,3189584:13;3189613:211;3189614:185;3189615:184;3189616:185
111022.9615,1788877324.1510,6,348.02,778.16,1126.18,18.0,15361.4,40680.9,2371.8,5295.768,3023.054,70602.064,3189584:13;3189613:211;3189614:185;3189615:184;3189616:185
111023.0735,1788877324.2630,6,348.02,778.16,1126.18,0.0,15360.0,40682.2,2371.8,5295.768,3023.054,70602.064,3189584:13;3189613:211;3189614:185;3189615:184;3189616:185
111023.1831,1788877324.3727,6,348.02,778.16,1126.19,9.1,15353.6,40688.7,2371.8,5295.895,3023.067,70602.064,3189584:13;3189613:211;3189614:185;3189615:184;3189616:185
111023.2926,1788877324.4821,6,348.02,778.16,1126.19,0.0,15357.0,40685.2,2371.8,5295.895,3023.067,70602.064,3189584:13;3189613:211;3189614:185;3189615:184;3189616:185
111023.4021,1788877324.5916,6,348.02,778.32,1126.34,9.0,15354.0,40688.2,2371.8,5295.972,3023.076,70602.064,3189584:13;3189613:211;3189614:185;3189615:184;3189616:185
111023.5140,1788877324.7036,6,348.02,778.32,1126.34,9.0,15354.0,40688.2,2371.8,5295.972,3023.076,70602.064,3189584:13;3189613:211;3189614:185;3189615:184;3189616:185
111023.6251,1788877324.8146,6,348.02,778.59,1126.62,27.3,15352.3,40689.9,2371.8,5296.126,3023.087,70602.064,3189584:13;3189613:211;3189614:185;3189615:184;3189616:185
111023.7351,1788877324.9246,6,348.02,778.59,1126.62,0.0,15352.3,40689.9,2371.8,5296.126,3023.090,70602.064,3189584:13;3189613:211;3189614:185;3189615:184;3189616:185
111023.8457,1788877325.0352,6,348.02,778.59,1126.62,0.0,15351.3,40690.9,2371.8,5296.126,3023.091,70602.064,3189584:13;3189613:211;3189614:185;3189615:184;3189616:185
111023.9569,1788877325.1465,6,348.02,778.59,1126.62,9.0,15349.1,40693.1,2371.8,5296.126,3023.094,70602.064,3189584:13;3189613:211;3189614:185;3189615:184;3189616:185
111024.0677,1788877325.2573,6,348.02,780.36,1128.38,27.3,15347.7,40694.5,2371.8,5296.463,3023.116,70602.064,3189584:13;3189613:213;3189614:186;3189615:184;3189616:185
111024.1777,1788877325.3672,6,348.02,780.50,1128.52,18.0,15347.9,40694.3,2371.8,5296.888,3023.131,70602.064,3189584:13;3189613:213;3189614:186;3189615:184;3189616:185
111024.2892,1788877325.4788,6,348.02,780.50,1128.52,0.0,15347.9,40694.3,2371.8,5297.075,3023.136,70602.064,3189584:13;3189613:213;3189614:186;3189615:184;3189616:185
111024.4008,1788877325.5904,6,348.02,780.62,1128.65,18.2,15347.9,40694.3,2371.8,5297.195,3023.140,70602.064,3189584:13;3189613:213;3189614:186;3189615:184;3189616:185
111024.5105,1788877325.7000,6,348.02,781.01,1129.04,8.9,15348.6,40693.6,2371.8,5297.380,3023.148,70602.064,3189584:13;3189613:213;3189614:186;3189615:184;3189616:185
111024.6228,1788877325.8123,6,348.02,782.77,1130.80,62.5,15348.3,40693.9,2371.8,5297.725,3023.158,70602.064,3189584:13;3189613:214;3189614:186;3189615:185;3189616:185
111024.7346,1788877325.9241,6,348.02,783.42,1131.45,9.0,15348.3,40693.9,2371.8,5297.985,3023.163,70602.064,3189584:13;3189613:214;3189614:186;3189615:185;3189616:185
111024.8453,1788877326.0349,6,348.02,784.24,1132.26,18.0,15346.3,40695.9,2371.8,5298.291,3023.177,70602.064,3189584:13;3189613:214;3189614:187;3189615:185;3189616:186
111024.9563,1788877326.1458,6,348.02,784.36,1132.39,0.0,15347.5,40694.8,2371.8,5298.468,3023.194,70602.064,3189584:13;3189613:214;3189614:187;3189615:185;3189616:186
111025.0677,1788877326.2572,6,348.02,784.92,1132.95,27.4,15347.7,40694.6,2371.8,5298.968,3023.220,70602.064,3189584:13;3189613:214;3189614:187;3189615:185;3189616:186
111025.1771,1788877326.3666,6,348.02,784.92,1132.95,8.7,15347.7,40694.6,2371.8,5298.968,3023.220,70602.064,3189584:13;3189613:214;3189614:187;3189615:185;3189616:186
111025.2918,1788877326.4813,6,348.02,787.36,1135.38,81.4,15348.1,40694.1,2371.8,5299.536,3023.245,70602.064,3189584:13;3189613:216;3189614:188;3189615:185;3189616:186
111025.4025,1788877326.5920,6,348.02,787.36,1135.38,0.0,15348.3,40693.9,2371.8,5299.536,3023.245,70602.064,3189584:13;3189613:216;3189614:188;3189615:185;3189616:186
111025.5136,1788877326.7031,6,348.02,788.20,1136.23,17.5,15349.1,40693.2,2371.8,5300.493,3023.271,70602.068,3189584:13;3189613:216;3189614:188;3189615:185;3189616:186
111025.6272,1788877326.8168,6,348.02,788.20,1136.23,0.0,15349.0,40693.2,2371.8,5300.516,3023.271,70602.068,3189584:13;3189613:216;3189614:188;3189615:185;3189616:186
111025.7369,1788877326.9264,6,348.02,790.55,1138.57,27.0,15349.4,40692.9,2371.8,5300.801,3023.284,70602.068,3189584:13;3189613:219;3189614:187;3189615:186;3189616:186
111025.8474,1788877327.0370,6,348.02,790.91,1138.93,45.5,15348.8,40693.4,2371.8,5301.093,3023.296,70602.068,3189584:13;3189613:219;3189614:187;3189615:186;3189616:186
111025.9577,1788877327.1473,6,348.02,791.90,1139.92,43.7,15348.1,40694.1,2371.8,5301.850,3023.319,70602.068,3189584:13;3189613:219;3189614:188;3189615:186;3189616:186
111026.0723,1788877327.2618,6,348.02,792.46,1140.49,27.2,15348.1,40694.1,2371.8,5301.983,3023.324,70602.068,3189584:13;3189613:219;3189614:189;3189615:186;3189616:186
111026.1827,1788877327.3722,6,348.02,792.86,1140.89,17.8,15347.7,40694.6,2371.8,5302.464,3023.338,70602.068,3189584:13;3189613:219;3189614:189;3189615:185;3189616:186
111026.2951,1788877327.4847,6,348.02,789.45,1137.47,43.6,15352.4,40689.8,2371.8,5302.787,3023.347,70602.068,3189584:13;3189613:220;3189614:187;3189615:184;3189616:185
111026.4089,1788877327.5984,6,348.02,789.93,1137.95,27.1,15353.1,40689.1,2371.8,5303.365,3023.362,70602.068,3189584:13;3189613:220;3189614:187;3189615:184;3189616:186
111026.5195,1788877327.7090,6,348.02,790.07,1138.09,9.1,15352.2,40690.1,2371.8,5303.511,3023.365,70602.068,3189584:13;3189613:220;3189614:187;3189615:184;3189616:186
111026.6295,1788877327.8191,6,348.02,791.11,1139.13,44.9,15352.2,40690.1,2371.8,5304.020,3023.379,70602.068,3189584:13;3189613:220;3189614:188;3189615:184;3189616:186
111026.7413,1788877327.9308,6,348.02,790.28,1138.30,18.2,15351.8,40690.4,2371.8,5304.243,3023.385,70602.068,3189584:13;3189613:220;3189614:187;3189615:184;3189616:186
111026.8508,1788877328.0403,6,348.02,790.56,1138.59,9.1,15348.8,40693.4,2371.8,5304.915,3023.406,70602.068,3189584:13;3189613:221;3189614:187;3189615:184;3189616:186
111026.9605,1788877328.1501,6,348.02,790.70,1138.73,18.2,15349.3,40692.9,2371.8,5305.010,3023.410,70602.068,3189584:13;3189613:221;3189614:187;3189615:184;3189616:186
111027.0709,1788877328.2604,6,348.02,791.21,1139.23,44.5,15350.0,40692.2,2371.8,5305.520,3023.423,70602.068,3189584:13;3189613:221;3189614:187;3189615:185;3189616:186
111027.1831,1788877328.3726,6,348.02,792.10,1140.12,0.0,15350.1,40692.2,2371.8,5305.850,3023.429,70602.068,3189584:13;3189613:221;3189614:187;3189615:185;3189616:186
111027.2946,1788877328.4841,6,348.02,791.99,1140.01,45.1,15350.1,40692.2,2371.8,5306.298,3023.446,70602.068,3189584:13;3189613:222;3189614:187;3189615:185;3189616:186
111027.4053,1788877328.5948,6,348.02,792.10,1140.12,26.3,15350.7,40691.5,2371.8,5306.332,3023.452,70602.068,3189584:13;3189613:222;3189614:187;3189615:185;3189616:186
111027.5195,1788877328.7091,6,348.02,795.25,1143.27,72.6,15351.7,40690.6,2371.8,5307.169,3023.471,70602.068,3189584:13;3189613:224;3189614:187;3189615:185;3189616:186
111027.6299,1788877328.8194,6,348.02,795.41,1143.43,18.2,15351.9,40690.3,2371.8,5307.376,3023.476,70602.068,3189584:13;3189613:224;3189614:187;3189615:185;3189616:186
111027.7396,1788877328.9292,6,348.02,797.89,1145.91,53.8,15354.0,40688.2,2371.8,5307.880,3023.497,70602.068,3189584:13;3189613:225;3189614:188;3189615:185;3189616:187
111027.8517,1788877329.0413,6,348.02,798.00,1146.03,17.8,15353.0,40689.2,2371.8,5308.117,3023.502,70602.068,3189584:13;3189613:225;3189614:188;3189615:185;3189616:187
111027.9642,1788877329.1537,6,348.02,800.59,1148.61,134.2,15352.8,40689.4,2371.8,5308.582,3023.524,70602.068,3189584:13;3189613:228;3189614:188;3189615:185;3189616:186
111028.0763,1788877329.2658,6,348.02,800.79,1148.81,27.2,15352.8,40689.4,2371.8,5308.620,3023.531,70602.068,3189584:13;3189613:228;3189614:188;3189615:185;3189616:187
111028.1863,1788877329.3758,6,348.02,804.18,1152.20,44.8,15351.6,40690.6,2371.8,5309.577,3023.558,70602.068,3189584:13;3189613:231;3189614:188;3189615:185;3189616:187
111028.2983,1788877329.4878,6,348.02,803.77,1151.79,45.4,15351.9,40690.3,2371.8,5309.641,3023.566,70602.068,3189584:13;3189613:230;3189614:188;3189615:185;3189616:187
111028.4085,1788877329.5981,6,348.02,804.36,1152.39,90.6,15350.9,40691.3,2371.8,5310.422,3023.592,70602.068,3189584:13;3189613:231;3189614:189;3189615:185;3189616:187
111028.5188,1788877329.7083,6,348.15,806.02,1154.17,44.0,15356.8,40685.4,2371.8,5310.517,3023.599,70602.068,3189584:13;3189613:232;3189614:189;3189615:185;3189616:187
111028.6329,1788877329.8225,6,348.15,811.10,1159.25,126.0,15359.9,40682.3,2371.8,5311.156,3023.629,70602.068,3189584:13;3189613:235;3189614:189;3189615:186;3189616:188
111028.7438,1788877329.9333,6,348.15,811.19,1159.34,9.0,15360.2,40682.1,2371.8,5311.206,3023.631,70602.068,3189584:13;3189613:235;3189614:189;3189615:186;3189616:188
111028.8571,1788877330.0466,6,348.15,812.75,1160.89,62.3,15365.7,40676.6,2371.8,5312.233,3023.660,70602.068,3189584:13;3189613:237;3189614:189;3189615:187;3189616:187
111028.9681,1788877330.1577,6,348.15,810.04,1158.19,36.0,15363.4,40678.8,2371.8,5312.312,3023.663,70602.068,3189584:13;3189613:235;3189614:188;3189615:186;3189616:187
111029.0788,1788877330.2683,6,348.15,810.70,1158.85,62.2,15361.0,40681.2,2371.8,5312.950,3023.687,70602.068,3189584:13;3189613:236;3189614:188;3189615:187;3189616:187
111029.1914,1788877330.3809,6,348.15,810.70,1158.85,0.0,15361.0,40681.2,2371.8,5312.982,3023.689,70602.068,3189584:13;3189613:236;3189614:188;3189615:187;3189616:187
111029.3050,1788877330.4945,6,348.15,812.70,1160.84,63.2,15361.7,40680.5,2371.8,5313.735,3023.712,70602.068,3189584:13;3189613:236;3189614:188;3189615:188;3189616:187
111029.4160,1788877330.6056,6,348.15,812.82,1160.97,0.0,15361.7,40680.5,2371.8,5313.735,3023.714,70602.068,3189584:13;3189613:236;3189614:188;3189615:188;3189616:187
111029.5268,1788877330.7164,6,348.15,814.04,1162.18,91.7,15361.3,40680.9,2371.8,5314.686,3023.740,70602.068,3189584:13;3189613:237;3189614:188;3189615:189;3189616:187
111029.6362,1788877330.8257,6,348.15,814.04,1162.18,0.0,15361.2,40681.0,2371.8,5314.686,3023.741,70602.068,3189584:13;3189613:237;3189614:188;3189615:189;3189616:187
111029.7473,1788877330.9368,6,348.15,817.96,1166.11,115.9,15363.2,40679.0,2371.8,5315.581,3023.770,70602.068,3189584:13;3189613:238;3189614:189;3189615:190;3189616:187
111029.8597,1788877331.0492,6,348.15,817.96,1166.11,0.0,15363.4,40678.8,2371.8,5315.581,3023.772,70602.068,3189584:13;3189613:238;3189614:189;3189615:190;3189616:187
111029.9698,1788877331.1593,6,348.15,820.90,1169.05,99.2,15365.0,40677.3,2371.8,5316.480,3023.800,70602.068,3189584:13;3189613:239;3189614:189;3189615:193;3189616:187
111030.0811,1788877331.2706,6,348.15,821.16,1169.30,8.9,15366.7,40675.6,2371.8,5316.608,3023.803,70602.068,3189584:13;3189613:239;3189614:189;3189615:193;3189616:187
111030.1929,1788877331.3824,6,348.15,824.43,1172.58,100.4,15369.1,40673.1,2371.8,5317.280,3023.827,70602.068,3189584:13;3189613:240;3189614:189;3189615:194;3189616:187
111030.3023,1788877331.4919,6,348.15,825.18,1173.33,0.0,15369.3,40672.9,2371.8,5317.368,3023.829,70602.068,3189584:13;3189613:241;3189614:190;3189615:195;3189616:187
111030.4141,1788877331.6037,6,348.15,825.52,1173.67,107.1,15374.4,40667.8,2371.8,5317.872,3023.852,70602.068,3189584:13;3189613:242;3189614:189;3189615:194;3189616:187
111030.5274,1788877331.7170,6,348.15,826.28,1174.43,9.0,15374.4,40667.8,2371.8,5318.032,3023.855,70602.068,3189584:13;3189613:242;3189614:190;3189615:195;3189616:187
111030.6373,1788877331.8269,6,348.15,827.87,1176.02,100.1,15376.1,40666.1,2371.8,5318.332,3023.880,70602.068,3189584:13;3189613:242;3189614:191;3189615:194;3189616:187
111030.7478,1788877331.9374,6,348.15,828.25,1176.39,18.2,15385.4,40656.8,2371.8,5318.566,3023.884,70602.068,3189584:13;3189613:242;3189614:191;3189615:195;3189616:187
111030.8572,1788877332.0467,6,348.15,829.25,1177.40,72.8,15385.8,40656.4,2371.8,5319.454,3023.915,70602.068,3189584:13;3189613:243;3189614:191;3189615:195;3189616:187
111030.9670,1788877332.1566,6,348.15,831.48,1179.63,17.8,15390.7,40651.6,2371.8,5319.594,3023.920,70602.068,3189584:13;3189613:243;3189614:193;3189615:195;3189616:188
111031.0797,1788877332.2692,6,348.27,835.08,1183.36,145.6,15392.3,40650.0,2371.8,5320.178,3023.945,70602.068,3189584:13;3189613:243;3189614:195;3189615:195;3189616:188
111031.1893,1788877332.3789,6,348.27,837.68,1185.95,18.1,15393.2,40649.0,2371.8,5320.392,3023.949,70602.068,3189584:13;3189613:243;3189614:196;3189615:196;3189616:189
111031.3001,1788877332.4896,6,348.27,840.61,1188.88,144.2,15401.1,40641.2,2371.8,5321.037,3023.980,70602.068,3189584:13;3189613:244;3189614:196;3189615:198;3189616:189
111031.4113,1788877332.6008,6,348.27,841.76,1190.03,18.2,15401.6,40640.7,2371.8,5321.346,3023.991,70602.068,3189584:13;3189613:244;3189614:197;3189615:198;3189616:190
111031.5210,1788877332.7105,6,348.27,841.09,1189.36,109.6,15405.1,40637.1,2371.8,5322.167,3024.032,70602.068,3189584:13;3189613:245;3189614:198;3189615:199;3189616:186
111031.6305,1788877332.8200,6,348.27,842.04,1190.31,45.3,15405.0,40637.2,2371.8,5322.388,3024.039,70602.068,3189584:13;3189613:246;3189614:199;3189615:198;3189616:186
111031.7412,1788877332.9308,6,348.27,842.82,1191.09,18.2,15405.0,40637.2,2371.8,5323.272,3024.060,70602.068,3189584:13;3189613:246;3189614:199;3189615:199;3189616:186
111031.8511,1788877333.0407,6,348.27,842.85,1191.12,18.2,15404.7,40637.5,2371.8,5323.328,3024.062,70602.068,3189584:13;3189613:246;3189614:199;3189615:199;3189616:186
111031.9608,1788877333.1504,6,348.27,844.05,1192.32,54.6,15405.1,40637.1,2371.8,5324.025,3024.084,70602.068,3189584:13;3189613:246;3189614:199;3189615:199;3189616:187
111032.0709,1788877333.2605,6,348.27,845.26,1193.54,27.1,15444.3,40598.0,2371.8,5324.113,3024.089,70602.068,3189584:13;3189613:246;3189614:200;3189615:199;3189616:187
111032.1816,1788877333.3711,6,348.27,849.76,1198.03,193.9,15437.7,40604.5,2371.8,5324.578,3024.120,70602.068,3189584:13;3189613:249;3189614:200;3189615:199;3189616:188
111032.2950,1788877333.4845,6,348.27,851.02,1199.29,45.0,15437.1,40605.1,2371.8,5325.100,3024.470,70602.068,3189584:13;3189613:249;3189614:201;3189615:199;3189616:189
111032.4065,1788877333.5961,6,348.27,852.79,1201.06,171.6,15436.2,40606.1,2371.8,5325.545,3024.748,70602.068,3189584:13;3189613:251;3189614:200;3189615:199;3189616:189
111032.5170,1788877333.7066,6,348.27,853.80,1202.07,27.6,15440.4,40601.9,2371.8,5325.962,3024.868,70602.068,3189584:13;3189613:251;3189614:201;3189615:200;3189616:189
111032.6259,1788877333.8154,6,348.27,857.04,1205.31,108.1,15442.3,40599.9,2371.8,5326.791,3024.893,70602.068,3189584:13;3189613:251;3189614:201;3189615:202;3189616:190
111032.7373,1788877333.9268,6,348.27,857.66,1205.94,27.3,15442.8,40599.4,2371.8,5326.962,3024.901,70602.068,3189584:13;3189613:252;3189614:201;3189615:202;3189616:190
111032.8471,1788877334.0366,6,348.27,858.97,1207.24,100.5,15442.8,40599.4,2371.8,5327.604,3024.925,70602.068,3189584:13;3189613:252;3189614:201;3189615:203;3189616:190
111032.9564,1788877334.1460,6,348.27,859.22,1207.50,18.2,15442.7,40599.5,2371.8,5327.839,3024.929,70602.068,3189584:13;3189613:252;3189614:201;3189615:203;3189616:190
111033.0666,1788877334.2561,6,348.27,860.88,1209.15,45.7,15443.1,40599.1,2371.8,5328.516,3024.951,70602.068,3189584:13;3189613:253;3189614:201;3189615:203;3189616:191
111033.1759,1788877334.3654,6,348.27,861.61,1209.89,36.4,15440.3,40601.9,2371.8,5328.739,3024.956,70602.068,3189584:13;3189613:253;3189614:201;3189615:203;3189616:191
111033.2861,1788877334.4756,6,348.27,864.25,1212.52,118.5,15444.8,40597.4,2371.8,5329.327,3024.976,70602.068,3189584:13;3189613:253;3189614:202;3189615:206;3189616:191
111033.3957,1788877334.5852,6,348.27,863.93,1212.20,27.3,15443.2,40599.0,2371.8,5329.495,3024.981,70602.068,3189584:13;3189613:253;3189614:201;3189615:207;3189616:190
111033.5057,1788877334.6952,6,348.27,867.30,1215.58,99.8,15443.8,40598.4,2371.8,5330.268,3025.004,70602.068,3189584:13;3189613:253;3189614:202;3189615:208;3189616:191
111033.6159,1788877334.8054,6,348.27,867.80,1216.08,0.0,15443.8,40598.4,2371.8,5330.490,3025.013,70602.068,3189584:13;3189613:253;3189614:202;3189615:209;3189616:191
111033.7266,1788877334.9162,6,348.27,870.95,1219.22,153.5,15447.4,40594.8,2371.8,5331.093,3025.035,70602.068,3189584:13;3189613:253;3189614:204;3189615:212;3189616:190
111033.8376,1788877335.0271,6,348.27,871.43,1219.70,18.2,15444.0,40598.2,2371.8,5331.293,3025.040,70602.068,3189584:13;3189613:253;3189614:204;3189615:212;3189616:190
111033.9475,1788877335.1370,6,348.27,872.50,1220.77,82.1,15443.7,40598.6,2371.8,5332.197,3025.063,70602.068,3189584:13;3189613:253;3189614:203;3189615:212;3189616:191
111034.0567,1788877335.2463,6,348.27,872.62,1220.90,0.0,15443.7,40598.6,2371.8,5332.502,3025.070,70602.068,3189584:13;3189613:253;3189614:203;3189615:212;3189616:191
111034.1662,1788877335.3558,6,348.27,874.11,1222.38,0.0,15460.9,40581.3,2371.8,5333.350,3025.092,70602.068,3189584:13;3189613:253;3189614:204;3189615:213;3189616:192
111034.2758,1788877335.4654,6,348.27,874.25,1222.52,9.0,15479.1,40563.1,2371.8,5333.483,3025.097,70602.068,3189584:13;3189613:253;3189614:204;3189615:213;3189616:192
111034.3875,1788877335.5771,6,348.27,875.27,1223.54,91.0,15494.6,40547.6,2371.8,5334.170,3025.118,70602.068,3189584:13;3189613:253;3189614:205;3189615:213;3189616:192
111034.4969,1788877335.6864,6,348.27,875.49,1223.76,17.8,15497.9,40544.3,2371.8,5334.657,3025.128,70602.068,3189584:13;3189613:253;3189614:205;3189615:213;3189616:192
111034.6098,1788877335.7993,6,348.27,875.65,1223.92,54.6,15512.4,40529.8,2371.8,5335.184,3025.144,70602.068,3189584:13;3189613:251;3189614:205;3189615:213;3189616:194
111034.7198,1788877335.9093,6,348.27,876.03,1224.30,27.2,15457.5,40584.7,2371.8,5335.394,3025.148,70602.068,3189584:13;3189613:251;3189614:205;3189615:213;3189616:194
111034.8300,1788877336.0196,6,348.27,878.45,1226.72,100.2,15479.5,40562.8,2371.8,5336.029,3025.166,70602.068,3189584:13;3189613:251;3189614:205;3189615:214;3189616:195
111034.9398,1788877336.1294,6,348.27,878.71,1226.98,18.1,15452.9,40589.3,2371.8,5336.783,3025.726,70602.068,3189584:13;3189613:251;3189614:205;3189615:214;3189616:195
111035.0504,1788877336.2399,6,348.27,880.79,1229.06,63.3,15453.7,40588.6,2371.8,5337.229,3025.973,70602.068,3189584:13;3189613:251;3189614:205;3189615:216;3189616:195
111035.1608,1788877336.3503,6,348.27,880.79,1229.06,0.0,15453.7,40588.6,2371.8,5337.589,3026.106,70602.068,3189584:13;3189613:251;3189614:205;3189615:216;3189616:195
111035.2754,1788877336.4650,6,348.27,881.48,1229.75,8.9,15453.7,40588.6,2371.8,5337.843,3026.329,70602.068,3189584:13;3189613:252;3189614:205;3189615:216;3189616:195
111035.3873,1788877336.5768,6,348.27,880.88,1229.15,45.5,15453.1,40589.1,2371.8,5338.148,3026.339,70602.068,3189584:13;3189613:251;3189614:205;3189615:216;3189616:195
111035.4968,1788877336.6864,6,348.27,883.32,1231.60,116.6,15455.1,40587.1,2371.8,5338.695,3026.364,70602.068,3189584:13;3189613:251;3189614:206;3189615:217;3189616:197
111035.6086,1788877336.7982,6,348.27,885.15,1233.42,45.3,15457.0,40585.2,2371.8,5338.936,3026.374,70602.072,3189584:13;3189613:251;3189614:206;3189615:217;3189616:198
111035.7187,1788877336.9082,6,348.27,888.18,1236.45,100.4,15457.0,40585.2,2371.8,5339.138,3026.387,70602.072,3189584:13;3189613:251;3189614:207;3189615:217;3189616:200
111035.8284,1788877337.0179,6,348.27,889.52,1237.79,54.0,15459.7,40582.5,2371.8,5339.440,3026.395,70602.072,3189584:13;3189613:251;3189614:208;3189615:217;3189616:201
111035.9392,1788877337.1287,6,348.27,891.64,1239.91,81.6,15462.2,40580.0,2371.8,5340.024,3026.413,70602.072,3189584:13;3189613:251;3189614:208;3189615:217;3189616:202
111036.0498,1788877337.2394,6,348.27,891.88,1240.16,36.3,15463.9,40578.3,2371.8,5340.433,3026.424,70602.072,3189584:13;3189613:250;3189614:209;3189615:217;3189616:202
111036.1597,1788877337.3492,6,348.27,892.83,1241.11,99.1,15466.4,40575.8,2371.8,5340.977,3026.444,70602.072,3189584:13;3189613:250;3189614:209;3189615:217;3189616:204
111036.2706,1788877337.4602,6,348.27,893.54,1241.81,17.9,15466.4,40575.8,2371.8,5341.193,3026.450,70602.072,3189584:13;3189613:250;3189614:209;3189615:217;3189616:205
111036.3830,1788877337.5725,6,348.27,895.68,1243.95,116.4,15463.0,40579.2,2371.8,5341.526,3026.464,70602.072,3189584:13;3189613:249;3189614:209;3189615:217;3189616:207
111036.4942,1788877337.6838,6,348.27,896.00,1244.27,9.1,15463.0,40579.2,2371.8,5341.866,3026.473,70602.072,3189584:13;3189613:249;3189614:209;3189615:217;3189616:207
111036.6046,1788877337.7941,6,348.27,895.79,1244.07,18.1,15458.0,40584.2,2371.8,5342.249,3026.482,70602.072,3189584:13;3189613:249;3189614:209;3189615:217;3189616:208
111036.7151,1788877337.9046,6,348.27,896.48,1244.76,18.2,15458.0,40584.2,2371.8,5342.484,3026.488,70602.072,3189584:13;3189613:249;3189614:209;3189615:217;3189616:208
111036.8248,1788877338.0143,6,348.27,897.44,1245.71,36.3,15458.0,40584.2,2371.8,5342.855,3026.499,70602.072,3189584:13;3189613:250;3189614:209;3189615:217;3189616:209
111036.9356,1788877338.1251,6,348.27,898.43,1246.70,63.2,15465.6,40576.6,2371.8,5343.156,3026.514,70602.072,3189584:13;3189613:250;3189614:209;3189615:217;3189616:209
111037.0458,1788877338.2354,6,348.27,899.35,1247.62,45.2,15458.2,40584.0,2371.8,5343.430,3026.527,70602.072,3189584:13;3189613:249;3189614:209;3189615:217;3189616:210
111037.1567,1788877338.3462,6,348.27,899.44,1247.71,35.6,15494.4,40547.8,2371.8,5343.719,3026.536,70602.072,3189584:13;3189613:249;3189614:209;3189615:217;3189616:211
111037.2691,1788877338.4587,6,348.27,901.02,1249.29,43.4,15494.3,40547.9,2371.8,5344.181,3026.565,70602.072,3189584:13;3189613:249;3189614:210;3189615:217;3189616:212
111037.3842,1788877338.5737,6,348.27,902.44,1250.71,44.9,15494.3,40547.9,2371.8,5344.480,3026.598,70602.072,3189584:13;3189613:249;3189614:210;3189615:217;3189616:213
111037.4957,1788877338.6853,6,348.27,904.07,1252.34,62.2,15494.8,40547.5,2371.8,5345.090,3026.611,70602.072,3189584:13;3189613:249;3189614:210;3189615:217;3189616:215
111037.6084,1788877338.7979,6,348.27,903.95,1252.22,45.0,15494.8,40547.5,2371.8,5345.482,3026.626,70602.072,3189584:13;3189613:248;3189614:210;3189615:217;3189616:215
111037.7193,1788877338.9089,6,348.27,904.98,1253.25,44.9,15494.8,40547.5,2371.8,5345.958,3026.638,70602.072,3189584:13;3189613:249;3189614:210;3189615:217;3189616:217
111037.8311,1788877339.0206,6,348.27,905.69,1253.96,18.2,15494.8,40547.5,2371.8,5346.349,3026.645,70602.072,3189584:13;3189613:249;3189614:211;3189615:217;3189616:217
111037.9406,1788877339.1301,6,348.27,905.83,1254.11,36.1,15494.8,40547.5,2371.8,5346.799,3026.658,70602.072,3189584:13;3189613:249;3189614:211;3189615:217;3189616:216
111038.0511,1788877339.2406,6,348.27,906.27,1254.55,27.3,15495.5,40546.7,2371.8,5347.336,3026.668,70602.072,3189584:13;3189613:249;3189614:212;3189615:216;3189616:216
111038.1609,1788877339.3504,6,348.27,910.02,1258.29,54.9,15500.4,40541.9,2371.8,5347.724,3026.679,70602.072,3189584:13;3189613:249;3189614:213;3189615:216;3189616:219
111038.2703,1788877339.4599,6,348.27,910.75,1259.03,27.3,15502.1,40540.1,2371.8,5348.297,3026.687,70602.072,3189584:13;3189613:249;3189614:214;3189615:216;3189616:218
111038.3811,1788877339.5707,6,348.27,911.12,1259.40,44.5,15502.1,40540.1,2371.8,5348.483,3026.697,70602.072,3189584:13;3189613:249;3189614:215;3189615:216;3189616:218
111038.4930,1788877339.6826,6,348.27,914.95,1263.22,36.2,15502.1,40540.2,2371.8,5349.125,3026.711,70602.072,3189584:13;3189613:249;3189614:218;3189615:216;3189616:219
111038.6052,1788877339.7948,6,348.27,913.59,1261.87,43.1,15502.1,40540.2,2371.8,5349.454,3026.719,70602.072,3189584:13;3189613:249;3189614:216;3189615:217;3189616:218
111038.7187,1788877339.9082,6,348.27,914.47,1262.75,26.8,15502.1,40540.2,2371.8,5349.988,3026.731,70602.072,3189584:13;3189613:249;3189614:217;3189615:217;3189616:218
111038.8308,1788877340.0203,6,348.27,914.90,1263.17,8.9,15502.0,40540.3,2371.8,5350.421,3026.736,70602.072,3189584:13;3189613:249;3189614:217;3189615:217;3189616:219
111038.9428,1788877340.1323,6,348.27,915.40,1263.67,17.4,15497.3,40545.0,2371.8,5350.888,3026.743,70602.072,3189584:13;3189613:249;3189614:217;3189615:217;3189616:219
111039.0583,1788877340.2478,6,348.27,915.51,1263.79,8.9,15497.2,40545.0,2371.8,5351.000,3026.747,70602.072,3189584:13;3189613:249;3189614:217;3189615:217;3189616:219
111039.1697,1788877340.3592,6,348.27,916.01,1264.29,17.8,15497.2,40545.0,2371.8,5351.577,3026.757,70602.072,3189584:13;3189613:249;3189614:218;3189615:217;3189616:219
111039.2819,1788877340.4714,6,348.27,915.82,1264.09,18.2,15495.1,40547.1,2371.8,5351.769,3026.762,70602.072,3189584:13;3189613:249;3189614:218;3189615:217;3189616:219
111039.3912,1788877340.5808,6,348.27,916.27,1264.55,27.2,15495.1,40547.1,2371.8,5352.433,3026.773,70602.072,3189584:13;3189613:249;3189614:218;3189615:217;3189616:219
111039.5030,1788877340.6925,6,348.27,916.69,1264.96,26.1,15495.1,40547.1,2371.8,5352.726,3026.780,70602.072,3189584:13;3189613:249;3189614:218;3189615:217;3189616:220
111039.6168,1788877340.8064,6,348.27,917.57,1265.84,27.2,15495.1,40547.1,2371.8,5353.432,3026.798,70602.072,3189584:13;3189613:249;3189614:218;3189615:217;3189616:220
111039.7283,1788877340.9178,6,348.27,917.94,1266.21,8.9,15495.1,40547.1,2371.8,5353.745,3026.803,70602.072,3189584:13;3189613:249;3189614:219;3189615:217;3189616:220
111039.8401,1788877341.0297,6,348.27,918.09,1266.37,36.3,15494.3,40547.9,2371.8,5354.275,3026.814,70602.080,3189584:13;3189613:249;3189614:219;3189615:217;3189616:220
111039.9505,1788877341.1400,6,348.27,918.70,1266.97,17.8,15496.2,40546.0,2371.8,5354.467,3026.823,70602.080,3189584:13;3189613:249;3189614:219;3189615:217;3189616:220
111040.0629,1788877341.2525,6,348.27,919.25,1267.53,79.3,15496.0,40546.2,2371.8,5355.095,3026.838,70602.080,3189584:13;3189613:248;3189614:221;3189615:217;3189616:220
111040.1761,1788877341.3657,6,348.27,919.72,1268.00,18.0,15496.8,40545.5,2371.8,5355.252,3026.847,70602.080,3189584:13;3189613:248;3189614:222;3189615:217;3189616:220
111040.2876,1788877341.4771,6,348.27,920.12,1268.39,45.5,15496.8,40545.5,2371.8,5355.887,3026.871,70602.080,3189584:13;3189613:248;3189614:222;3189615:217;3189616:220
111040.3983,1788877341.5879,6,348.27,920.62,1268.89,9.1,15496.8,40545.5,2371.8,5355.925,3026.873,70602.080,3189584:13;3189613:248;3189614:223;3189615:217;3189616:220
111040.5074,1788877341.6969,6,348.27,923.23,1271.50,71.9,15497.0,40545.2,2371.8,5356.889,3026.893,70602.080,3189584:13;3189613:248;3189614:223;3189615:217;3189616:222
111040.6189,1788877341.8084,6,348.27,923.48,1271.75,0.0,15497.5,40544.7,2371.8,5357.044,3026.896,70602.080,3189584:13;3189613:248;3189614:223;3189615:217;3189616:222
111040.7285,1788877341.9181,6,348.27,923.89,1272.17,72.0,15498.2,40544.0,2371.8,5357.848,3026.920,70602.080,3189584:13;3189613:248;3189614:224;3189615:217;3189616:222
111040.8398,1788877342.0294,6,348.27,924.02,1272.29,0.0,15498.2,40544.0,2371.8,5357.936,3026.923,70602.080,3189584:13;3189613:248;3189614:224;3189615:217;3189616:222
111040.9526,1788877342.1421,6,348.27,927.35,1275.62,117.9,15500.4,40541.8,2371.8,5358.463,3026.952,70602.080,3189584:13;3189613:248;3189614:227;3189615:217;3189616:223
111041.0625,1788877342.2520,6,348.27,927.48,1275.75,0.0,15500.7,40541.5,2371.8,5358.576,3026.954,70602.080,3189584:13;3189613:248;3189614:227;3189615:217;3189616:223
111041.1715,1788877342.3611,6,348.27,927.08,1275.35,89.0,15515.0,40527.2,2371.8,5359.263,3026.977,70602.080,3189584:13;3189613:248;3189614:228;3189615:217;3189616:221
111041.2839,1788877342.4735,6,348.27,927.20,1275.48,9.1,15515.2,40527.0,2371.8,5359.278,3026.980,70602.080,3189584:13;3189613:248;3189614:228;3189615:217;3189616:221
111041.3946,1788877342.5841,6,348.27,928.48,1276.76,63.8,15515.5,40526.7,2371.8,5359.806,3027.002,70602.080,3189584:13;3189613:248;3189614:229;3189615:217;3189616:221
111041.5040,1788877342.6936,6,348.27,928.64,1276.92,9.1,15516.2,40526.0,2371.8,5359.838,3027.005,70602.080,3189584:13;3189613:248;3189614:230;3189615:217;3189616:221
111041.6139,1788877342.8034,6,348.27,929.55,1277.83,63.1,15517.0,40525.3,2371.8,5360.247,3027.030,70602.080,3189584:13;3189613:248;3189614:231;3189615:217;3189616:221
111041.7245,1788877342.9140,6,348.27,929.68,1277.95,27.4,15517.0,40525.3,2371.8,5360.255,3027.033,70602.080,3189584:13;3189613:248;3189614:231;3189615:217;3189616:221
111041.8339,1788877343.0234,6,348.27,930.26,1278.53,109.6,15517.0,40525.3,2371.8,5360.990,3027.063,70602.080,3189584:13;3189613:248;3189614:230;3189615:218;3189616:221
111041.9433,1788877343.1328,6,348.27,930.68,1278.95,18.3,15516.8,40525.4,2371.8,5361.054,3027.066,70602.080,3189584:13;3189613:248;3189614:230;3189615:218;3189616:221
111042.0525,1788877343.2421,6,348.27,934.07,1282.35,118.2,15519.3,40523.0,2371.8,5361.626,3027.093,70602.080,3189584:13;3189613:248;3189614:232;3189615:219;3189616:222
111042.1626,1788877343.3521,6,348.27,934.57,1282.84,18.3,15520.0,40522.2,2371.8,5361.696,3027.097,70602.080,3189584:13;3189613:248;3189614:232;3189615:219;3189616:222
111042.2721,1788877343.4616,6,348.27,936.54,1284.82,72.9,15520.0,40522.2,2371.8,5362.482,3027.124,70602.080,3189584:13;3189613:248;3189614:233;3189615:220;3189616:223
111042.3820,1788877343.5715,6,348.27,936.79,1285.07,9.0,15520.0,40522.2,2371.8,5362.537,3027.127,70602.080,3189584:13;3189613:248;3189614:233;3189615:220;3189616:223
111042.4921,1788877343.6817,6,348.27,937.77,1286.04,55.1,15520.0,40522.2,2371.8,5363.003,3027.149,70602.080,3189584:13;3189613:248;3189614:234;3189615:220;3189616:222
111042.6018,1788877343.7914,6,348.27,937.77,1286.04,18.2,15520.2,40522.0,2371.8,5363.130,3027.153,70602.080,3189584:13;3189613:248;3189614:234;3189615:220;3189616:222
111042.7117,1788877343.9013,6,348.27,938.80,1287.07,54.8,15523.0,40519.2,2371.8,5363.670,3027.176,70602.080,3189584:13;3189613:249;3189614:235;3189615:220;3189616:222
111042.8210,1788877344.0106,6,348.27,939.05,1287.32,18.2,15523.0,40519.2,2371.8,5363.728,3027.183,70602.080,3189584:13;3189613:249;3189614:235;3189615:220;3189616:222
111042.9304,1788877344.1199,6,348.27,940.87,1289.14,118.3,15519.8,40522.4,2371.8,5364.429,3027.215,70602.080,3189584:13;3189613:248;3189614:236;3189615:221;3189616:222
111043.0407,1788877344.2303,6,348.27,940.90,1289.18,18.2,15519.8,40522.4,2371.8,5364.527,3027.220,70602.080,3189584:13;3189613:248;3189614:237;3189615:221;3189616:222
111043.1498,1788877344.3394,6,348.27,944.98,1293.25,109.4,15520.1,40522.1,2371.8,5365.194,3027.250,70602.080,3189584:13;3189613:249;3189614:238;3189615:222;3189616:224
111043.2595,1788877344.4490,6,348.27,945.56,1293.84,27.2,15520.1,40522.1,2371.8,5365.324,3027.256,70602.080,3189584:13;3189613:249;3189614:238;3189615:222;3189616:224
111043.3703,1788877344.5598,6,348.27,946.91,1295.18,80.6,15519.9,40522.4,2371.8,5365.853,3027.279,70602.080,3189584:13;3189613:249;3189614:239;3189615:222;3189616:224
111043.4817,1788877344.6713,6,348.27,947.04,1295.31,9.2,15519.9,40522.4,2371.8,5365.876,3027.281,70602.080,3189584:13;3189613:249;3189614:239;3189615:222;3189616:224
111043.5905,1788877344.7800,6,348.27,947.84,1296.11,54.4,15519.9,40522.4,2371.8,5366.840,3027.312,70602.080,3189584:13;3189613:249;3189614:239;3189615:223;3189616:224
111043.7011,1788877344.8906,6,348.27,947.96,1296.24,9.1,15519.9,40522.4,2371.8,5366.980,3027.316,70602.080,3189584:13;3189613:249;3189614:239;3189615:223;3189616:224
111043.8102,1788877344.9997,6,348.27,948.67,1296.95,70.1,15515.5,40526.7,2371.8,5367.792,3027.345,70602.080,3189584:13;3189613:249;3189614:239;3189615:223;3189616:224
111043.9249,1788877345.1144,6,348.27,948.97,1297.25,9.0,15516.0,40526.2,2371.8,5367.861,3027.349,70602.080,3189584:13;3189613:249;3189614:239;3189615:224;3189616:224
111044.0359,1788877345.2255,6,348.27,950.03,1298.30,63.1,15516.0,40526.2,2371.8,5368.649,3027.372,70602.080,3189584:13;3189613:249;3189614:239;3189615:224;3189616:225
111044.1474,1788877345.3370,6,348.27,950.03,1298.30,0.0,15516.0,40526.2,2371.8,5368.742,3027.374,70602.080,3189584:13;3189613:249;3189614:239;3189615:224;3189616:225
111044.2575,1788877345.4470,6,348.27,951.02,1299.30,72.0,15516.8,40525.5,2371.8,5369.436,3027.399,70602.080,3189584:13;3189613:249;3189614:239;3189615:225;3189616:225
111044.3686,1788877345.5581,6,348.27,951.02,1299.30,0.0,15516.8,40525.5,2371.8,5369.516,3027.402,70602.080,3189584:13;3189613:249;3189614:239;3189615:225;3189616:225
111044.4794,1788877345.6689,6,348.27,952.44,1300.71,27.4,15518.7,40523.5,2371.8,5370.470,3027.430,70602.080,3189584:13;3189613:249;3189614:239;3189615:226;3189616:225
111044.5885,1788877345.7780,6,348.27,952.71,1300.98,0.0,15519.0,40523.2,2371.8,5370.486,3027.431,70602.080,3189584:13;3189613:249;3189614:239;3189615:226;3189616:225
111044.6983,1788877345.8878,6,348.27,953.51,1301.79,82.0,15519.0,40523.2,2371.8,5371.210,3027.461,70602.080,3189584:13;3189613:249;3189614:239;3189615:227;3189616:225
111044.8085,1788877345.9981,6,348.27,953.89,1302.16,0.0,15519.0,40523.2,2371.8,5371.258,3027.465,70602.080,3189584:13;3189613:249;3189614:239;3189615:227;3189616:225
111044.9186,1788877346.1081,6,348.27,954.91,1303.19,127.5,15515.9,40526.3,2371.8,5371.900,3027.493,70602.080,3189584:13;3189613:249;3189614:239;3189615:229;3189616:225
111045.0284,1788877346.2179,6,348.27,954.79,1303.06,36.1,15515.9,40526.3,2371.8,5371.966,3027.495,70602.080,3189584:13;3189613:249;3189614:239;3189615:229;3189616:225
111045.1391,1788877346.3287,6,348.27,956.12,1304.39,71.9,15515.9,40526.3,2371.8,5372.957,3027.524,70602.080,3189584:13;3189613:248;3189614:239;3189615:230;3189616:225
111045.2504,1788877346.4399,6,348.27,956.41,1304.68,9.1,15514.2,40528.0,2371.8,5372.992,3027.527,70602.080,3189584:13;3189613:248;3189614:239;3189615:230;3189616:225
111045.3604,1788877346.5500,6,348.27,958.82,1307.10,71.5,15514.2,40528.1,2371.8,5373.822,3027.555,70602.080,3189584:13;3189613:249;3189614:239;3189615:232;3189616:226
111045.4723,1788877346.6619,6,348.27,958.82,1307.10,18.1,15513.2,40529.0,2371.8,5373.851,3027.556,70602.080,3189584:13;3189613:249;3189614:239;3189615:232;3189616:226
111045.5832,1788877346.7728,6,348.27,960.20,1308.47,89.3,15513.2,40529.1,2371.8,5374.496,3027.583,70602.080,3189584:13;3189613:249;3189614:240;3189615:233;3189616:226
111045.6950,1788877346.8846,6,348.27,960.20,1308.47,0.0,15513.2,40529.1,2371.8,5374.496,3027.583,70602.080,3189584:13;3189613:249;3189614:240;3189615:233;3189616:226
111045.8058,1788877346.9953,6,348.27,962.80,1311.07,108.2,15521.0,40521.2,2371.8,5375.159,3027.616,70602.080,3189584:13;3189613:249;3189614:240;3189615:234;3189616:227
111045.9165,1788877347.1061,6,348.27,962.80,1311.07,0.0,15511.9,40530.4,2371.8,5375.508,3027.966,70602.080,3189584:13;3189613:249;3189614:240;3189615:234;3189616:227
111046.0283,1788877347.2178,6,348.27,971.65,1319.92,162.7,15518.9,40523.4,2371.8,5376.140,3028.194,70602.080,3189584:13;3189613:251;3189614:240;3189615:241;3189616:227
111046.1386,1788877347.3281,6,348.40,969.24,1317.64,18.2,15517.6,40524.6,2371.8,5376.278,3028.237,70602.080,3189584:13;3189613:251;3189614:240;3189615:239;3189616:227
111046.2482,1788877347.4377,6,348.40,969.99,1318.39,145.5,15515.0,40527.3,2371.8,5376.708,3028.395,70602.080,3189584:13;3189613:249;3189614:240;3189615:240;3189616:228
111046.3579,1788877347.5475,6,348.40,970.37,1318.77,18.2,15511.2,40531.0,2371.8,5376.708,3028.397,70602.080,3189584:13;3189613:249;3189614:240;3189615:241;3189616:228
111046.4674,1788877347.6570,6,348.40,972.22,1320.62,108.6,15511.2,40531.0,2371.8,5377.207,3028.424,70602.080,3189584:13;3189613:250;3189614:240;3189615:241;3189616:228
111046.5781,1788877347.7676,6,348.40,972.22,1320.62,0.0,15510.7,40531.5,2371.8,5377.207,3028.426,70602.080,3189584:13;3189613:250;3189614:240;3189615:241;3189616:228
111046.6900,1788877347.8796,6,348.40,975.33,1323.73,91.2,15509.6,40532.6,2371.8,5378.301,3028.452,70602.080,3189584:13;3189613:250;3189614:240;3189615:243;3189616:229
111046.7998,1788877347.9893,6,348.40,975.33,1323.73,0.0,15509.9,40532.4,2371.8,5378.301,3028.452,70602.080,3189584:13;3189613:250;3189614:240;3189615:243;3189616:229
111046.9096,1788877348.0991,6,348.40,976.29,1324.68,36.5,15508.1,40534.1,2371.8,5379.475,3028.482,70602.080,3189584:13;3189613:250;3189614:240;3189615:244;3189616:229
111047.0188,1788877348.2084,6,348.40,976.29,1324.68,0.0,15508.1,40534.1,2371.8,5379.475,3028.483,70602.080,3189584:13;3189613:250;3189614:240;3189615:244;3189616:229
111047.1301,1788877348.3197,6,348.40,977.58,1325.98,146.5,15510.7,40531.5,2371.8,5380.074,3028.509,70602.080,3189584:13;3189613:249;3189614:240;3189615:246;3189616:230
111047.2396,1788877348.4291,6,348.40,977.55,1325.95,17.4,15511.0,40531.3,2371.8,5380.160,3028.511,70602.080,3189584:13;3189613:249;3189614:240;3189615:245;3189616:230
111047.3549,1788877348.5444,6,348.40,980.80,1329.20,118.7,15512.4,40529.8,2371.8,5380.725,3028.541,70602.080,3189584:13;3189613:250;3189614:241;3189615:247;3189616:230
111047.4643,1788877348.6538,6,348.40,981.93,1330.33,9.0,15512.4,40529.8,2371.8,5380.910,3028.543,70602.080,3189584:13;3189613:250;3189614:241;3189615:248;3189616:230
111047.5759,1788877348.7654,6,348.40,982.15,1330.55,44.6,15512.6,40529.6,2371.8,5381.550,3028.561,70602.080,3189584:13;3189613:250;3189614:241;3189615:247;3189616:231
111047.6877,1788877348.8773,6,348.40,982.14,1330.54,8.9,15512.9,40529.3,2371.8,5381.702,3028.563,70602.080,3189584:13;3189613:250;3189614:241;3189615:247;3189616:231
111047.8006,1788877348.9901,6,348.40,982.75,1331.14,18.0,15513.4,40528.9,2371.8,5382.533,3028.587,70602.080,3189584:13;3189613:250;3189614:241;3189615:247;3189616:232
111047.9151,1788877349.1046,6,348.40,983.16,1331.56,7.8,15530.1,40512.1,2371.8,5382.870,3028.593,70602.080,3189584:13;3189613:250;3189614:241;3189615:248;3189616:232
111048.0448,1788877349.2343,6,348.40,983.71,1332.11,44.6,15543.2,40499.1,2371.8,5383.148,3028.599,70602.080,3189584:13;3189613:250;3189614:241;3189615:248;3189616:232
111048.1553,1788877349.3449,6,348.40,984.12,1332.52,18.0,15560.6,40481.6,2371.8,5383.434,3028.605,70602.080,3189584:13;3189613:250;3189614:241;3189615:248;3189616:232
111048.2660,1788877349.4556,6,348.40,984.13,1332.53,27.3,15579.6,40462.6,2371.8,5383.574,3028.612,70602.080,3189584:13;3189613:250;3189614:241;3189615:247;3189616:232
111048.3764,1788877349.5660,6,348.40,984.54,1332.93,18.1,15587.2,40455.0,2371.8,5383.892,3028.618,70602.080,3189584:13;3189613:251;3189614:241;3189615:247;3189616:232
111048.4866,1788877349.6761,6,348.40,984.19,1332.59,9.1,15564.3,40477.9,2371.8,5384.182,3028.624,70602.080,3189584:13;3189613:250;3189614:241;3189615:247;3189616:232
111048.5969,1788877349.7864,6,348.40,984.62,1333.02,0.0,15628.7,40413.5,2371.8,5384.546,3028.632,70602.080,3189584:13;3189613:251;3189614:241;3189615:247;3189616:232
111048.7065,1788877349.8960,6,348.40,985.01,1333.41,45.1,15622.2,40420.1,2371.8,5384.990,3028.652,70602.842,3189584:13;3189613:251;3189614:241;3189615:248;3189616:232
111048.8177,1788877350.0072,6,348.40,985.15,1333.55,8.9,15588.4,40453.8,2371.8,5385.617,3028.664,70602.842,3189584:13;3189613:251;3189614:241;3189615:248;3189616:232
111048.9300,1788877350.1195,6,348.40,986.46,1334.86,18.2,15611.1,40431.1,2371.8,5386.013,3028.673,70602.842,3189584:13;3189613:251;3189614:241;3189615:248;3189616:232
111049.0398,1788877350.2293,6,348.40,986.83,1335.23,54.9,15545.1,40497.2,2371.8,5386.764,3029.260,70602.842,3189584:13;3189613:252;3189614:241;3189615:248;3189616:232
111049.1494,1788877350.3389,6,348.40,987.53,1335.93,36.1,15546.5,40495.7,2371.8,5386.897,3029.503,70602.842,3189584:13;3189613:252;3189614:241;3189615:248;3189616:232
111049.2605,1788877350.4500,6,348.40,987.78,1336.18,0.0,15546.9,40495.3,2371.8,5387.215,3029.671,70602.842,3189584:13;3189613:252;3189614:241;3189615:248;3189616:233
111049.3742,1788877350.5638,6,348.40,988.28,1336.68,9.1,15543.1,40499.1,2371.8,5387.570,3029.852,70602.842,3189584:13;3189613:252;3189614:242;3189615:248;3189616:233
111049.4845,1788877350.6740,6,348.40,988.53,1336.93,0.0,15543.1,40499.1,2371.8,5388.070,3029.863,70602.842,3189584:13;3189613:252;3189614:242;3189615:248;3189616:233
111049.5998,1788877350.7894,6,348.40,988.50,1336.90,9.0,15543.6,40498.6,2371.8,5388.228,3029.867,70602.842,3189584:13;3189613:253;3189614:242;3189615:248;3189616:233
111049.7104,1788877350.8999,6,348.40,989.09,1337.49,18.0,15544.4,40497.9,2371.8,5388.531,3029.875,70602.842,3189584:13;3189613:253;3189614:242;3189615:248;3189616:233
111049.8225,1788877351.0120,6,348.40,989.26,1337.66,0.0,15544.4,40497.9,2371.8,5388.890,3029.884,70602.842,3189584:13;3189613:253;3189614:242;3189615:248;3189616:233
111049.9317,1788877351.1212,6,348.40,989.64,1338.04,27.3,15544.4,40497.9,2371.8,5389.229,3029.892,70602.842,3189584:13;3189613:253;3189614:242;3189615:249;3189616:233
111050.0416,1788877351.2312,6,348.40,989.58,1337.98,17.9,15538.6,40503.6,2371.8,5389.806,3029.905,70602.854,3189584:13;3189613:253;3189614:242;3189615:249;3189616:233
111050.1530,1788877351.3426,6,348.40,990.16,1338.56,27.3,15538.6,40503.6,2371.8,5390.295,3029.918,70602.854,3189584:13;3189613:253;3189614:242;3189615:249;3189616:233
111050.2628,1788877351.4523,6,348.40,990.47,1338.87,9.1,15538.6,40503.6,2371.8,5390.481,3029.922,70602.854,3189584:13;3189613:253;3189614:242;3189615:249;3189616:233
111050.3733,1788877351.5628,6,348.40,990.53,1338.93,26.6,15539.3,40502.9,2371.8,5390.963,3029.938,70602.854,3189584:13;3189613:253;3189614:243;3189615:249;3189616:233
111050.4864,1788877351.6759,6,348.40,990.18,1338.58,35.3,15549.4,40492.8,2371.8,5391.409,3029.946,70602.854,3189584:13;3189613:253;3189614:244;3189615:249;3189616:232
111050.5994,1788877351.7889,6,348.40,990.89,1339.29,26.8,15549.4,40492.8,2371.8,5391.942,3029.963,70602.854,3189584:13;3189613:253;3189614:244;3189615:249;3189616:232
111050.7113,1788877351.9008,6,348.40,990.94,1339.34,36.0,15549.4,40492.8,2371.8,5392.288,3029.972,70602.854,3189584:13;3189613:253;3189614:245;3189615:249;3189616:232
111050.8221,1788877352.0116,6,348.40,992.07,1340.47,45.5,15549.4,40492.8,2371.8,5392.856,3029.991,70602.854,3189584:13;3189613:253;3189614:245;3189615:249;3189616:232
111050.9320,1788877352.1215,6,348.40,992.61,1341.01,9.0,15544.9,40497.3,2371.8,5393.245,3029.999,70602.854,3189584:13;3189613:253;3189614:245;3189615:249;3189616:232
111051.0434,1788877352.2329,6,348.40,995.00,1343.40,35.7,15548.6,40493.6,2371.8,5393.665,3030.013,70602.854,3189584:13;3189613:253;3189614:245;3189615:250;3189616:233
111051.1554,1788877352.3449,6,348.40,995.12,1343.52,18.2,15548.6,40493.6,2371.8,5393.905,3030.021,70602.854,3189584:13;3189613:253;3189614:245;3189615:250;3189616:233
111051.2659,1788877352.4555,6,348.40,998.92,1347.32,72.5,15550.0,40492.2,2371.8,5394.371,3030.037,70602.854,3189584:13;3189613:254;3189614:248;3189615:251;3189616:233
111051.3767,1788877352.5663,6,348.40,1000.12,1348.52,17.1,15550.0,40492.2,2371.8,5394.646,3030.047,70602.854,3189584:13;3189613:254;3189614:248;3189615:251;3189616:234
111051.4932,1788877352.6827,6,348.40,1001.56,1349.96,90.3,15551.5,40490.7,2371.8,5395.057,3030.069,70602.854,3189584:13;3189613:255;3189614:248;3189615:251;3189616:234
111051.6036,1788877352.7932,6,348.40,1001.70,1350.10,18.2,15551.5,40490.7,2371.8,5395.268,3030.073,70602.854,3189584:13;3189613:255;3189614:248;3189615:251;3189616:234
111051.7139,1788877352.9034,6,348.40,1002.42,1350.82,26.7,15551.5,40490.7,2371.8,5396.155,3030.097,70602.854,3189584:13;3189613:256;3189614:248;3189615:251;3189616:235
111051.8267,1788877353.0163,6,348.40,1002.89,1351.29,18.1,15551.5,40490.7,2371.8,5396.431,3030.103,70602.854,3189584:13;3189613:256;3189614:249;3189615:251;3189616:235
111051.9366,1788877353.1261,6,348.40,1003.48,1351.88,8.9,15547.9,40494.3,2371.8,5397.471,3030.125,70602.854,3189584:13;3189613:256;3189614:249;3189615:251;3189616:235
111052.0493,1788877353.2388,6,348.40,1003.03,1351.43,17.6,15547.6,40494.7,2371.8,5397.610,3030.130,70602.854,3189584:13;3189613:256;3189614:249;3189615:251;3189616:234
111052.1628,1788877353.3524,6,348.40,1007.54,1355.94,18.2,15547.6,40494.7,2371.8,5398.274,3030.148,70602.854,3189584:13;3189613:256;3189614:249;3189615:256;3189616:234
111052.2724,1788877353.4619,6,348.40,1002.32,1350.72,27.0,15549.3,40492.9,2371.8,5398.488,3030.152,70602.854,3189584:13;3189613:256;3189614:249;3189615:252;3189616:233
111052.3850,1788877353.5746,6,348.40,1002.35,1350.75,26.1,15549.3,40492.9,2371.8,5399.111,3030.168,70602.854,3189584:13;3189613:256;3189614:249;3189615:252;3189616:233
111052.4984,1788877353.6880,6,348.40,1002.33,1350.73,9.0,15549.5,40492.7,2371.8,5399.199,3030.171,70602.854,3189584:13;3189613:256;3189614:249;3189615:252;3189616:233
111052.6094,1788877353.7990,6,348.40,1003.31,1351.71,27.0,15549.5,40492.7,2371.8,5399.898,3030.189,70602.854,3189584:13;3189613:256;3189614:249;3189615:252;3189616:234
111052.7212,1788877353.9108,6,348.40,1003.38,1351.77,18.0,15549.5,40492.7,2371.8,5399.936,3030.194,70602.854,3189584:13;3189613:256;3189614:249;3189615:252;3189616:234
111052.8318,1788877354.0214,6,348.40,1004.32,1352.72,71.2,15555.6,40486.6,2371.8,5400.883,3030.212,70602.854,3189584:13;3189613:254;3189614:249;3189615:252;3189616:236
111052.9441,1788877354.1336,6,348.40,1004.12,1352.52,9.1,15554.3,40487.9,2371.8,5401.025,3030.215,70602.854,3189584:13;3189613:254;3189614:249;3189615:252;3189616:236
111053.0548,1788877354.2444,6,348.40,1005.07,1353.47,17.9,15554.5,40487.7,2371.8,5402.180,3030.239,70602.854,3189584:13;3189613:254;3189614:249;3189615:253;3189616:236
111053.1661,1788877354.3556,6,348.40,1005.27,1353.66,18.0,15554.3,40488.0,2371.8,5402.281,3030.241,70602.854,3189584:13;3189613:254;3189614:249;3189615:253;3189616:236
111053.2773,1788877354.4669,6,348.40,1005.70,1354.10,44.4,15553.8,40488.5,2371.8,5402.882,3030.264,70602.854,3189584:13;3189613:255;3189614:249;3189615:253;3189616:236
111053.3898,1788877354.5793,6,348.40,1005.88,1354.27,9.1,15554.0,40488.2,2371.8,5402.930,3030.266,70602.854,3189584:13;3189613:255;3189614:249;3189615:253;3189616:236
111053.4994,1788877354.6889,6,348.40,1008.57,1356.97,45.1,15555.2,40487.0,2371.8,5404.021,3030.289,70602.854,3189584:13;3189613:255;3189614:250;3189615:254;3189616:237
111053.6101,1788877354.7996,6,348.40,1008.57,1356.97,0.0,15555.2,40487.0,2371.8,5404.032,3030.290,70602.854,3189584:13;3189613:255;3189614:250;3189615:254;3189616:237
111053.7241,1788877354.9136,6,348.40,1010.93,1359.33,71.2,15554.2,40488.1,2371.8,5404.970,3030.310,70602.854,3189584:13;3189613:255;3189614:251;3189615:255;3189616:237
111053.8388,1788877355.0283,6,348.40,1010.93,1359.33,0.0,15551.8,40490.4,2371.8,5405.072,3030.311,70602.854,3189584:13;3189613:255;3189614:251;3189615:255;3189616:237
111053.9531,1788877355.1426,6,348.40,1013.89,1362.29,35.7,15548.5,40493.7,2371.8,5405.905,3030.334,70602.854,3189584:13;3189613:255;3189614:254;3189615:255;3189616:237
111054.0654,1788877355.2549,6,348.40,1014.10,1362.50,9.0,15548.7,40493.5,2371.8,5406.078,3030.336,70602.854,3189584:13;3189613:255;3189614:254;3189615:255;3189616:237
111054.1763,1788877355.3659,6,348.40,1014.24,1362.64,109.3,15545.9,40496.3,2371.8,5406.439,3030.357,70602.854,3189584:13;3189613:256;3189614:253;3189615:255;3189616:237
111054.2858,1788877355.4754,6,348.40,1014.67,1363.07,26.7,15545.4,40496.8,2371.8,5406.572,3030.359,70602.854,3189584:13;3189613:256;3189614:253;3189615:255;3189616:238
111054.3989,1788877355.5884,6,348.40,1016.75,1365.14,45.3,15547.4,40494.9,2371.8,5407.409,3030.382,70602.854,3189584:13;3189613:258;3189614:253;3189615:256;3189616:237
111054.5096,1788877355.6991,6,348.40,1016.98,1365.38,17.8,15547.4,40494.9,2371.8,5407.480,3030.383,70602.854,3189584:13;3189613:258;3189614:253;3189615:256;3189616:237
111054.6212,1788877355.8108,6,348.40,1017.88,1366.28,54.8,15547.9,40494.4,2371.8,5408.390,3030.405,70602.854,3189584:13;3189613:258;3189614:253;3189615:256;3189616:237
111054.7308,1788877355.9204,6,348.40,1017.88,1366.28,0.0,15548.3,40493.9,2371.8,5408.639,3030.409,70602.854,3189584:13;3189613:258;3189614:253;3189615:256;3189616:237
111054.8463,1788877356.0358,6,348.40,1018.64,1367.04,35.6,15549.3,40492.9,2371.8,5409.388,3030.425,70602.854,3189584:13;3189613:258;3189614:253;3189615:256;3189616:238
111054.9590,1788877356.1485,6,348.40,1018.74,1367.14,36.0,15550.1,40492.2,2371.8,5409.630,3030.432,70602.854,3189584:13;3189613:259;3189614:253;3189615:256;3189616:238
111055.0701,1788877356.2597,6,348.40,1020.12,1368.52,45.6,15550.4,40491.8,2371.8,5410.498,3030.457,70602.865,3189584:13;3189613:259;3189614:253;3189615:256;3189616:238
111055.1797,1788877356.3692,6,348.40,1025.30,1373.70,27.3,15558.3,40483.9,2371.8,5410.790,3030.463,70602.865,3189584:13;3189613:259;3189614:259;3189615:256;3189616:237
111055.2894,1788877356.4790,6,348.40,1021.25,1369.65,63.4,15557.2,40485.0,2371.8,5411.348,3030.483,70602.865,3189584:13;3189613:259;3189614:256;3189615:256;3189616:237
111055.3999,1788877356.5894,6,348.40,1020.97,1369.37,8.8,15557.2,40485.0,2371.8,5411.657,3030.514,70602.865,3189584:13;3189613:259;3189614:256;3189615:256;3189616:237
111055.5131,1788877356.7026,6,348.40,1021.30,1369.70,27.3,15568.2,40474.0,2371.8,5412.294,3030.529,70602.873,3189584:13;3189613:259;3189614:256;3189615:256;3189616:238
111055.6230,1788877356.8125,6,348.40,1021.37,1369.77,35.3,15569.0,40473.3,2371.8,5413.557,3030.563,70602.873,3189584:13;3189613:259;3189614:256;3189615:256;3189616:237
111055.7360,1788877356.9255,6,348.40,1022.68,1371.08,54.0,15569.4,40472.8,2371.8,5414.155,3030.581,70602.873,3189584:13;3189613:259;3189614:257;3189615:257;3189616:238
111055.8472,1788877357.0367,6,348.40,1023.08,1371.48,18.2,15565.3,40476.9,2371.8,5414.444,3030.589,70602.873,3189584:13;3189613:259;3189614:257;3189615:257;3189616:238
111055.9570,1788877357.1465,6,348.40,1023.62,1372.02,82.2,15567.1,40475.2,2371.8,5415.238,3030.613,70602.873,3189584:13;3189613:258;3189614:257;3189615:257;3189616:238
111056.0665,1788877357.2560,6,348.40,1025.95,1374.35,45.5,15572.5,40469.8,2371.8,5416.335,3030.636,70602.873,3189584:13;3189613:258;3189614:259;3189615:258;3189616:238
111056.1769,1788877357.3665,6,348.40,1026.45,1374.85,45.6,15572.7,40469.5,2371.8,5417.172,3030.658,70602.873,3189584:13;3189613:258;3189614:260;3189615:258;3189616:238
111056.2860,1788877357.4755,6,348.40,1027.67,1376.07,26.0,15572.7,40469.5,2371.8,5417.698,3030.671,70602.873,3189584:13;3189613:258;3189614:260;3189615:258;3189616:239
111056.4018,1788877357.5913,6,348.40,1028.38,1376.78,52.9,15572.7,40469.5,2371.8,5418.420,3030.692,70602.873,3189584:13;3189613:258;3189614:259;3189615:259;3189616:239
111056.5150,1788877357.7046,6,348.40,1028.72,1377.12,9.0,15572.7,40469.5,2371.8,5418.819,3030.703,70602.873,3189584:13;3189613:258;3189614:259;3189615:259;3189616:239
111056.6256,1788877357.8151,6,348.40,1028.23,1376.62,27.0,15572.9,40469.3,2371.8,5419.406,3030.716,70602.873,3189584:13;3189613:258;3189614:260;3189615:258;3189616:239
111056.7373,1788877357.9269,6,348.40,1028.45,1376.85,27.0,15572.9,40469.3,2371.8,5419.748,3030.725,70602.873,3189584:13;3189613:258;3189614:259;3189615:259;3189616:239
111056.8517,1788877358.0413,6,348.40,1028.73,1377.12,34.5,15571.8,40470.5,2371.8,5420.457,3030.741,70602.873,3189584:13;3189613:258;3189614:259;3189615:259;3189616:239
111056.9643,1788877358.1539,6,348.40,1029.25,1377.64,8.8,15572.3,40469.9,2371.8,5420.956,3030.755,70602.873,3189584:13;3189613:259;3189614:259;3189615:259;3189616:239
111057.0783,1788877358.2679,6,348.40,1029.69,1378.09,17.0,15572.3,40469.9,2371.8,5421.578,3030.765,70602.873,3189584:13;3189613:259;3189614:260;3189615:259;3189616:240
111057.1951,1788877358.3846,6,348.40,1029.64,1378.04,45.0,15572.5,40469.7,2371.8,5421.869,3030.773,70602.873,3189584:13;3189613:259;3189614:259;3189615:259;3189616:240
111057.3066,1788877358.4962,6,348.40,1029.76,1378.16,0.0,15572.5,40469.7,2371.8,5422.330,3030.782,70602.873,3189584:13;3189613:259;3189614:260;3189615:259;3189616:240
111057.4179,1788877358.6074,6,348.40,1034.01,1382.41,27.0,15578.4,40463.8,2371.8,5422.900,3030.794,70602.873,3189584:13;3189613:259;3189614:262;3189615:259;3189616:240
111057.5291,1788877358.7186,6,348.40,1033.70,1382.10,27.0,15574.9,40467.3,2371.8,5423.138,3030.802,70602.873,3189584:13;3189613:259;3189614:262;3189615:259;3189616:240
111057.6402,1788877358.8298,6,348.40,1033.64,1382.04,36.5,15574.8,40467.4,2371.8,5423.705,3030.819,70602.873,3189584:13;3189613:260;3189614:262;3189615:259;3189616:240
111057.7496,1788877358.9392,6,348.40,1036.61,1385.00,72.8,15580.5,40461.8,2371.8,5423.944,3030.833,70602.873,3189584:13;3189613:260;3189614:262;3189615:261;3189616:240
111057.8594,1788877359.0489,6,348.40,1039.70,1388.10,27.4,15581.7,40460.5,2371.8,5424.693,3030.850,70602.873,3189584:13;3189613:261;3189614:262;3189615:263;3189616:240
111057.9705,1788877359.1600,6,348.40,1039.87,1388.27,18.0,15582.2,40460.1,2371.8,5425.116,3030.860,70602.873,3189584:13;3189613:261;3189614:262;3189615:263;3189616:240
111058.0797,1788877359.2693,6,348.40,1039.70,1388.10,81.9,15582.4,40459.8,2371.8,5425.661,3030.875,70602.873,3189584:13;3189613:260;3189614:263;3189615:263;3189616:240
111058.1895,1788877359.3790,6,348.40,1040.65,1389.05,18.1,15582.9,40459.3,2371.8,5425.823,3030.886,70602.873,3189584:13;3189613:260;3189614:263;3189615:263;3189616:240
111058.3032,1788877359.4928,6,348.40,1042.17,1390.57,60.7,15583.4,40458.8,2371.8,5426.279,3030.900,70602.873,3189584:13;3189613:261;3189614:264;3189615:263;3189616:241
111058.4171,1788877359.6066,6,348.40,1042.33,1390.73,9.0,15584.1,40458.1,2371.8,5426.691,3030.909,70602.873,3189584:13;3189613:261;3189614:265;3189615:263;3189616:241
111058.5269,1788877359.7164,6,348.40,1043.25,1391.64,18.4,15584.6,40457.6,2371.8,5427.108,3030.921,70602.873,3189584:13;3189613:261;3189614:265;3189615:263;3189616:241
111058.6359,1788877359.8255,6,348.40,1043.37,1391.77,9.1,15584.6,40457.6,2371.8,5427.507,3030.929,70602.873,3189584:13;3189613:261;3189614:265;3189615:263;3189616:241
111058.7465,1788877359.9360,6,348.40,1045.58,1393.98,53.4,15591.7,40450.5,2371.8,5428.124,3030.945,70602.873,3189584:13;3189613:261;3189614:267;3189615:263;3189616:241
111058.8586,1788877360.0481,6,348.40,1045.85,1394.25,18.0,15591.0,40451.3,2371.8,5428.456,3030.953,70602.873,3189584:13;3189613:261;3189614:267;3189615:264;3189616:241
111058.9699,1788877360.1594,6,348.40,1046.37,1394.77,18.1,15590.9,40451.3,2371.8,5429.160,3030.967,70602.873,3189584:13;3189613:261;3189614:268;3189615:264;3189616:241
111059.0800,1788877360.2696,6,348.40,1046.68,1395.08,36.0,15591.2,40451.0,2371.8,5429.535,3030.977,70602.873,3189584:13;3189613:261;3189614:268;3189615:264;3189616:241
111059.1918,1788877360.3813,6,348.40,1044.11,1392.51,36.3,15597.6,40444.6,2371.8,5430.172,3030.993,70602.873,3189584:13;3189613:257;3189614:269;3189615:264;3189616:242
111059.3019,1788877360.4914,6,348.40,1044.17,1392.57,9.1,15597.8,40444.4,2371.8,5430.445,3030.999,70602.873,3189584:13;3189613:257;3189614:269;3189615:264;3189616:242
111059.4115,1788877360.6011,6,348.40,1046.77,1395.17,53.4,15602.0,40440.2,2371.8,5431.246,3031.020,70602.873,3189584:13;3189613:257;3189614:269;3189615:265;3189616:242
111059.5238,1788877360.7134,6,348.40,1048.16,1396.55,54.8,15606.1,40436.1,2371.8,5431.344,3031.028,70602.873,3189584:13;3189613:257;3189614:271;3189615:265;3189616:242
111059.6332,1788877360.8227,6,348.40,1048.18,1396.58,36.7,15606.1,40436.1,2371.8,5432.374,3031.053,70602.873,3189584:13;3189613:257;3189614:271;3189615:265;3189616:242
111059.7426,1788877360.9321,6,348.40,1048.39,1396.79,9.1,15606.1,40436.1,2371.8,5432.747,3031.063,70602.873,3189584:13;3189613:257;3189614:271;3189615:265;3189616:242
111059.8521,1788877361.0416,6,348.40,1049.27,1397.66,17.8,15606.4,40435.8,2371.8,5433.427,3031.079,70602.873,3189584:13;3189613:258;3189614:271;3189615:265;3189616:242
111059.9647,1788877361.1543,6,348.40,1049.22,1397.62,18.2,15606.1,40436.1,2371.8,5433.599,3031.084,70602.873,3189584:13;3189613:258;3189614:271;3189615:265;3189616:242
111060.0739,1788877361.2634,6,348.40,1049.94,1398.34,9.1,15606.8,40435.4,2371.8,5434.241,3031.106,70602.873,3189584:13;3189613:258;3189614:271;3189615:265;3189616:242
111060.1837,1788877361.3733,6,348.40,1050.29,1398.69,18.0,15601.0,40441.3,2371.8,5435.139,3031.677,70602.873,3189584:13;3189613:258;3189614:271;3189615:265;3189616:242
111060.2945,1788877361.4840,6,348.40,1053.76,1402.16,44.9,15607.8,40434.4,2371.8,5435.816,3031.893,70602.873,3189584:13;3189613:258;3189614:272;3189615:268;3189616:243
111060.4057,1788877361.5952,6,348.40,1053.56,1401.96,18.3,15602.6,40439.7,2371.8,5435.919,3031.996,70602.873,3189584:13;3189613:258;3189614:272;3189615:268;3189616:243
111060.5149,1788877361.7044,6,348.40,1053.53,1401.93,18.2,15598.5,40443.7,2371.8,5436.439,3032.292,70602.912,3189584:13;3189613:258;3189614:271;3189615:268;3189616:243
111060.6246,1788877361.8141,6,348.40,1053.53,1401.93,0.0,15607.1,40435.1,2371.8,5436.697,3032.295,70602.912,3189584:13;3189613:258;3189614:271;3189615:268;3189616:243
111060.7342,1788877361.9238,6,348.40,1053.93,1402.32,9.1,15607.8,40434.4,2371.8,5437.324,3032.307,70602.912,3189584:13;3189613:258;3189614:272;3189615:268;3189616:243
111060.8448,1788877362.0343,6,348.40,1053.75,1402.14,0.0,15607.8,40434.4,2371.8,5437.540,3032.355,70602.912,3189584:13;3189613:258;3189614:272;3189615:268;3189616:243
111060.9560,1788877362.1456,6,348.40,1054.18,1402.58,72.9,15623.5,40418.7,2371.8,5438.233,3032.371,70602.912,3189584:13;3189613:258;3189614:273;3189615:268;3189616:242
111061.0653,1788877362.2549,6,348.52,1049.33,1397.86,72.3,15630.9,40411.3,2371.8,5438.400,3032.378,70602.912,3189584:13;3189613:257;3189614:271;3189615:268;3189616:240
111061.1762,1788877362.3657,6,348.52,1054.05,1402.58,109.2,15634.1,40408.1,2371.8,5439.017,3032.398,70602.912,3189584:13;3189613:257;3189614:271;3189615:273;3189616:240
111061.2858,1788877362.4753,6,348.52,1053.39,1401.91,73.2,15632.4,40409.9,2371.8,5439.372,3032.405,70602.912,3189584:13;3189613:256;3189614:271;3189615:274;3189616:239
111061.3950,1788877362.5846,6,348.52,1055.23,1403.75,54.6,15632.4,40409.9,2371.8,5439.885,3032.426,70602.912,3189584:13;3189613:256;3189614:271;3189615:274;3189616:241
111061.5051,1788877362.6947,6,348.52,1053.90,1402.42,91.0,15629.4,40412.9,2371.8,5440.113,3032.437,70602.912,3189584:13;3189613:255;3189614:272;3189615:274;3189616:241
111061.6149,1788877362.8044,6,348.52,1053.15,1401.68,72.9,15629.6,40412.6,2371.8,5440.812,3032.460,70602.912,3189584:13;3189613:253;3189614:272;3189615:274;3189616:242
111061.7248,1788877362.9143,6,348.52,1053.15,1401.68,9.1,15629.6,40412.6,2371.8,5441.168,3032.464,70602.912,3189584:13;3189613:253;3189614:272;3189615:274;3189616:242
111061.8339,1788877363.0234,6,348.52,1054.36,1402.88,45.0,15629.6,40412.6,2371.8,5442.111,3032.485,70602.912,3189584:13;3189613:252;3189614:273;3189615:274;3189616:242
111061.9449,1788877363.1345,6,348.52,1054.64,1403.17,9.1,15629.5,40412.7,2371.8,5442.410,3032.495,70602.912,3189584:13;3189613:252;3189614:273;3189615:274;3189616:242
111062.0549,1788877363.2444,6,348.52,1054.97,1403.50,18.2,15629.5,40412.7,2371.8,5443.464,3032.514,70602.912,3189584:13;3189613:252;3189614:273;3189615:274;3189616:242
111062.1642,1788877363.3538,6,348.52,1055.47,1404.00,0.0,15629.5,40412.7,2371.8,5443.827,3032.523,70602.920,3189584:13;3189613:252;3189614:273;3189615:274;3189616:243
111062.2735,1788877363.4631,6,348.52,1056.39,1404.91,36.4,15629.5,40412.7,2371.8,5444.655,3032.537,70602.920,3189584:13;3189613:252;3189614:274;3189615:274;3189616:243
111062.3835,1788877363.5730,6,348.52,1055.75,1404.27,9.0,15629.2,40413.0,2371.8,5444.763,3032.544,70602.920,3189584:13;3189613:252;3189614:273;3189615:274;3189616:243
111062.4953,1788877363.6848,6,348.52,1056.04,1404.57,18.2,15629.5,40412.7,2371.8,5445.738,3032.565,70602.920,3189584:13;3189613:252;3189614:273;3189615:275;3189616:243
111062.6046,1788877363.7942,6,348.52,1056.67,1405.19,0.0,15629.7,40412.6,2371.8,5446.045,3032.570,70602.920,3189584:13;3189613:252;3189614:273;3189615:275;3189616:243
111062.7163,1788877363.9059,6,348.52,1058.26,1406.79,36.7,15634.8,40407.4,2371.8,5446.773,3032.584,70602.920,3189584:13;3189613:252;3189614:273;3189615:276;3189616:243
111062.8256,1788877364.0151,6,348.52,1058.59,1407.12,18.4,15637.3,40404.9,2371.8,5447.128,3032.593,70602.920,3189584:13;3189613:253;3189614:274;3189615:276;3189616:243
111062.9348,1788877364.1244,6,348.52,1061.18,1409.71,63.6,15638.6,40403.7,2371.8,5447.719,3032.613,70602.920,3189584:13;3189613:253;3189614:275;3189615:277;3189616:244
111063.0449,1788877364.2344,6,348.52,1061.32,1409.84,81.0,15634.4,40407.9,2371.8,5447.936,3032.624,70602.920,3189584:13;3189613:252;3189614:278;3189615:276;3189616:242
111063.1559,1788877364.3454,6,348.52,1062.22,1410.75,36.4,15634.2,40408.0,2371.8,5448.965,3032.651,70602.920,3189584:13;3189613:252;3189614:279;3189615:276;3189616:243
111063.2660,1788877364.4555,6,348.52,1063.02,1411.55,45.0,15637.8,40404.4,2371.8,5449.178,3032.660,70602.920,3189584:13;3189613:252;3189614:279;3189615:277;3189616:242
111063.3766,1788877364.5661,6,348.52,1064.63,1413.16,79.4,15649.3,40392.9,2371.8,5450.099,3032.686,70602.920,3189584:13;3189613:252;3189614:280;3189615:277;3189616:242
111063.4906,1788877364.6801,6,348.52,1065.46,1413.99,26.7,15663.3,40378.9,2371.8,5450.371,3032.692,70602.920,3189584:13;3189613:252;3189614:281;3189615:277;3189616:242
111063.6021,1788877364.7917,6,348.52,1066.14,1414.67,45.4,15710.0,40332.2,2371.8,5451.171,3032.715,70602.920,3189584:13;3189613:252;3189614:281;3189615:278;3189616:242
111063.7122,1788877364.9017,6,348.52,1064.11,1412.63,36.5,15669.9,40372.3,2371.8,5451.809,3033.283,70602.920,3189584:13;3189613:250;3189614:281;3189615:278;3189616:243
111063.8216,1788877365.0112,6,348.52,1062.04,1410.57,109.4,15659.4,40382.8,2371.8,5452.321,3033.524,70602.920,3189584:13;3189613:248;3189614:281;3189615:277;3189616:243
111063.9314,1788877365.1209,6,348.52,1062.47,1411.00,18.2,15659.4,40382.8,2371.8,5452.371,3033.612,70602.920,3189584:13;3189613:248;3189614:281;3189615:277;3189616:243
111064.0417,1788877365.2313,6,348.52,1063.54,1412.06,63.7,15659.4,40382.8,2371.8,5452.855,3033.905,70602.920,3189584:13;3189613:249;3189614:282;3189615:277;3189616:243
111064.1518,1788877365.3413,6,348.52,1063.54,1412.06,0.0,15658.4,40383.9,2371.8,5453.163,3033.910,70602.920,3189584:13;3189613:249;3189614:282;3189615:277;3189616:243
111064.2611,1788877365.4506,6,348.52,1064.87,1413.39,61.6,15663.0,40379.2,2371.8,5453.773,3033.931,70602.920,3189584:13;3189613:250;3189614:282;3189615:278;3189616:243
111064.3753,1788877365.5648,6,348.52,1065.12,1413.64,18.0,15663.5,40378.7,2371.8,5453.977,3033.937,70602.920,3189584:13;3189613:250;3189614:282;3189615:278;3189616:243
111064.4863,1788877365.6758,6,348.52,1066.19,1414.71,36.4,15663.5,40378.7,2371.8,5454.860,3033.959,70602.920,3189584:13;3189613:250;3189614:282;3189615:279;3189616:243
111064.5966,1788877365.7861,6,348.52,1066.05,1414.57,18.0,15664.0,40378.3,2371.8,5455.026,3033.964,70602.920,3189584:13;3189613:250;3189614:282;3189615:279;3189616:243
111064.7070,1788877365.8966,6,348.52,1066.39,1414.92,9.0,15664.0,40378.3,2371.8,5455.944,3033.985,70602.920,3189584:13;3189613:250;3189614:282;3189615:279;3189616:243
111064.8180,1788877366.0076,6,348.52,1066.84,1415.36,8.9,15664.2,40378.0,2371.8,5456.107,3033.988,70602.920,3189584:13;3189613:250;3189614:282;3189615:279;3189616:243
111064.9299,1788877366.1194,6,348.52,1067.63,1416.16,45.1,15660.5,40381.7,2371.8,5456.877,3034.003,70602.920,3189584:13;3189613:250;3189614:282;3189615:279;3189616:243
111065.0419,1788877366.2314,6,348.52,1067.63,1416.16,8.8,15660.3,40381.9,2371.8,5456.959,3034.006,70602.920,3189584:13;3189613:250;3189614:282;3189615:279;3189616:243
111065.1550,1788877366.3445,6,348.52,1067.77,1416.29,109.1,15662.9,40379.3,2371.8,5457.718,3034.034,70602.920,3189584:13;3189613:249;3189614:282;3189615:279;3189616:245
111065.2659,1788877366.4555,6,348.52,1067.86,1416.38,8.9,15662.9,40379.3,2371.8,5457.832,3034.038,70602.920,3189584:13;3189613:249;3189614:282;3189615:279;3189616:245
111065.3772,1788877366.5667,6,348.52,1069.52,1418.05,26.8,15663.1,40379.1,2371.8,5458.825,3034.058,70602.920,3189584:13;3189613:249;3189614:282;3189615:280;3189616:246
111065.4889,1788877366.6785,6,348.52,1069.52,1418.05,0.0,15663.1,40379.1,2371.8,5458.825,3034.059,70602.920,3189584:13;3189613:249;3189614:282;3189615:280;3189616:246
111065.6047,1788877366.7942,6,348.52,1068.82,1417.35,17.8,15663.1,40379.1,2371.8,5459.624,3034.078,70602.932,3189584:13;3189613:249;3189614:282;3189615:280;3189616:245
111065.7174,1788877366.9069,6,348.52,1068.82,1417.35,0.0,15663.1,40379.1,2371.8,5459.624,3034.079,70602.932,3189584:13;3189613:249;3189614:282;3189615:280;3189616:245
111065.8285,1788877367.0181,6,348.52,1069.79,1418.31,27.3,15660.5,40381.7,2371.8,5460.660,3034.098,70602.932,3189584:13;3189613:249;3189614:282;3189615:280;3189616:246
111065.9389,1788877367.1285,6,348.52,1069.79,1418.31,9.1,15660.5,40381.7,2371.8,5460.660,3034.098,70602.932,3189584:13;3189613:249;3189614:282;3189615:280;3189616:246
111066.0489,1788877367.2385,6,348.52,1069.38,1417.90,44.9,15660.8,40381.4,2371.8,5461.738,3034.118,70602.932,3189584:13;3189613:249;3189614:282;3189615:279;3189616:245
111066.1602,1788877367.3497,6,348.52,1069.38,1417.90,0.0,15660.8,40381.4,2371.8,5461.738,3034.118,70602.932,3189584:13;3189613:249;3189614:282;3189615:279;3189616:245
111066.2719,1788877367.4614,6,348.52,1069.73,1418.25,0.0,15661.0,40381.2,2371.8,5462.750,3034.138,70602.932,3189584:13;3189613:249;3189614:282;3189615:280;3189616:246
111066.3821,1788877367.5716,6,348.52,1069.73,1418.25,0.0,15661.0,40381.2,2371.8,5462.879,3034.139,70602.932,3189584:13;3189613:249;3189614:282;3189615:280;3189616:246
111066.4957,1788877367.6852,6,348.52,1070.27,1418.79,82.3,15656.6,40385.6,2371.8,5463.698,3034.164,70602.932,3189584:13;3189613:249;3189614:283;3189615:279;3189616:245
111066.6050,1788877367.7945,6,348.52,1070.39,1418.92,0.0,15656.6,40385.7,2371.8,5463.795,3034.165,70602.932,3189584:13;3189613:249;3189614:283;3189615:279;3189616:245
111066.7149,1788877367.9045,6,348.52,1071.23,1419.75,44.8,15657.0,40385.2,2371.8,5464.623,3034.189,70602.932,3189584:13;3189613:249;3189614:284;3189615:280;3189616:246
111066.8263,1788877368.0158,6,348.52,1071.36,1419.88,0.0,15657.0,40385.2,2371.8,5464.770,3034.191,70602.932,3189584:13;3189613:249;3189614:284;3189615:280;3189616:246
111066.9383,1788877368.1279,6,348.52,1072.23,1420.75,45.1,15656.1,40386.1,2371.8,5465.447,3034.208,70602.932,3189584:13;3189613:250;3189614:284;3189615:280;3189616:246
111067.0489,1788877368.2385,6,348.52,1072.23,1420.75,0.0,15658.3,40383.9,2371.8,5465.572,3034.210,70602.932,3189584:13;3189613:250;3189614:284;3189615:280;3189616:246
111067.1632,1788877368.3527,6,348.52,1073.98,1422.50,81.0,15658.6,40383.6,2371.8,5466.107,3034.232,70602.932,3189584:13;3189613:250;3189614:284;3189615:280;3189616:246
111067.2732,1788877368.4628,6,348.52,1074.22,1422.75,0.0,15658.6,40383.6,2371.8,5466.438,3034.237,70602.932,3189584:13;3189613:250;3189614:284;3189615:280;3189616:246
111067.3851,1788877368.5747,6,348.52,1074.45,1422.98,27.4,15658.6,40383.6,2371.8,5467.133,3034.256,70602.932,3189584:13;3189613:251;3189614:284;3189615:280;3189616:246
111067.4944,1788877368.6840,6,348.52,1074.45,1422.98,0.0,15658.6,40383.6,2371.8,5467.358,3034.259,70602.932,3189584:13;3189613:251;3189614:284;3189615:280;3189616:246
111067.6097,1788877368.7992,6,348.52,1075.56,1424.08,27.5,15658.6,40383.6,2371.8,5467.746,3034.273,70602.932,3189584:13;3189613:251;3189614:285;3189615:280;3189616:246
111067.7190,1788877368.9086,6,348.52,1075.87,1424.39,44.0,15658.6,40383.6,2371.8,5467.867,3034.279,70602.932,3189584:13;3189613:251;3189614:285;3189615:281;3189616:246
111067.8325,1788877369.0220,6,348.52,1076.75,1425.27,99.2,15667.2,40375.0,2371.8,5468.601,3034.299,70602.932,3189584:13;3189613:252;3189614:285;3189615:281;3189616:246
111067.9431,1788877369.1327,6,348.52,1078.08,1426.61,61.3,15667.2,40375.0,2371.8,5468.874,3034.310,70602.932,3189584:13;3189613:252;3189614:285;3189615:281;3189616:247
111068.0574,1788877369.2470,6,348.52,1080.70,1429.23,116.9,15668.3,40373.9,2371.8,5469.293,3034.338,70602.932,3189584:13;3189613:253;3189614:285;3189615:282;3189616:247
111068.1714,1788877369.3610,6,348.52,1082.02,1430.54,60.4,15668.5,40373.7,2371.8,5469.623,3034.349,70602.932,3189584:13;3189613:253;3189614:286;3189615:283;3189616:247
111068.2853,1788877369.4748,6,348.52,1082.60,1431.12,62.3,15668.5,40373.7,2371.8,5470.238,3034.371,70602.932,3189584:13;3189613:253;3189614:286;3189615:283;3189616:248
111068.3966,1788877369.5861,6,348.52,1083.39,1431.92,27.3,15668.5,40373.7,2371.8,5470.644,3034.378,70602.932,3189584:13;3189613:253;3189614:286;3189615:283;3189616:248
111068.5063,1788877369.6958,6,348.52,1085.59,1434.11,61.6,15667.4,40374.9,2371.8,5471.366,3034.397,70602.932,3189584:13;3189613:253;3189614:286;3189615:285;3189616:249
111068.6198,1788877369.8093,6,348.52,1086.16,1434.69,9.1,15667.6,40374.6,2371.8,5471.844,3034.406,70602.932,3189584:13;3189613:254;3189614:286;3189615:285;3189616:249
111068.7298,1788877369.9193,6,348.52,1085.39,1433.92,45.5,15671.5,40370.7,2371.8,5472.446,3034.421,70602.932,3189584:13;3189613:254;3189614:286;3189615:285;3189616:248
111068.8397,1788877370.0292,6,348.52,1085.64,1434.17,0.0,15668.6,40373.6,2371.8,5472.970,3034.431,70602.932,3189584:13;3189613:254;3189614:286;3189615:285;3189616:248
111068.9537,1788877370.1432,6,348.52,1086.47,1434.99,80.7,15668.2,40374.1,2371.8,5473.465,3034.449,70602.932,3189584:13;3189613:254;3189614:286;3189615:285;3189616:248
111069.0646,1788877370.2542,6,348.52,1087.68,1436.20,62.8,15668.2,40374.1,2371.8,5474.131,3034.463,70602.932,3189584:13;3189613:255;3189614:287;3189615:285;3189616:248
111069.1759,1788877370.3654,6,348.52,1088.61,1437.14,44.0,15668.0,40374.2,2371.8,5474.659,3034.477,70602.932,3189584:13;3189613:255;3189614:287;3189615:285;3189616:248
111069.2900,1788877370.4795,6,348.52,1089.29,1437.81,18.0,15668.3,40374.0,2371.8,5475.206,3034.489,70602.932,3189584:13;3189613:256;3189614:288;3189615:285;3189616:248
111069.4009,1788877370.5904,6,348.52,1089.36,1437.89,26.3,15668.3,40374.0,2371.8,5475.772,3034.503,70602.932,3189584:13;3189613:256;3189614:287;3189615:285;3189616:248
111069.5148,1788877370.7043,6,348.52,1090.16,1438.68,44.4,15668.3,40374.0,2371.8,5476.279,3034.514,70602.932,3189584:13;3189613:256;3189614:288;3189615:286;3189616:248
111069.6278,1788877370.8173,6,348.52,1090.62,1439.14,26.4,15668.3,40374.0,2371.8,5476.652,3034.522,70602.932,3189584:13;3189613:256;3189614:288;3189615:286;3189616:248
111069.7416,1788877370.9311,6,348.52,1091.50,1440.02,9.2,15668.5,40373.7,2371.8,5477.110,3034.532,70602.932,3189584:13;3189613:256;3189614:288;3189615:286;3189616:248
111069.8509,1788877371.0404,6,348.52,1091.20,1439.72,35.8,15667.8,40374.4,2371.8,5477.498,3034.541,70602.932,3189584:13;3189613:256;3189614:289;3189615:286;3189616:248
111069.9625,1788877371.1521,6,348.52,1091.94,1440.46,72.8,15667.5,40374.7,2371.8,5477.955,3034.553,70602.932,3189584:13;3189613:256;3189614:289;3189615:286;3189616:248
111070.0728,1788877371.2623,6,348.52,1092.52,1441.04,27.0,15667.5,40374.7,2371.8,5478.228,3034.560,70602.932,3189584:13;3189613:256;3189614:289;3189615:286;3189616:248
111070.1857,1788877371.3753,6,348.52,1093.38,1441.91,71.3,15676.9,40365.3,2371.8,5478.741,3034.576,70602.932,3189584:13;3189613:256;3189614:289;3189615:286;3189616:248
111070.2952,1788877371.4847,6,348.52,1094.03,1442.55,36.5,15677.6,40364.6,2371.8,5479.194,3034.589,70602.932,3189584:13;3189613:257;3189614:290;3189615:287;3189616:248
111070.4049,1788877371.5945,6,348.52,1095.04,1443.57,36.0,15678.1,40364.1,2371.8,5479.656,3034.602,70602.932,3189584:13;3189613:257;3189614:290;3189615:287;3189616:248
111070.5187,1788877371.7082,6,348.52,1095.44,1443.96,61.1,15678.1,40364.1,2371.8,5479.967,3034.613,70602.932,3189584:13;3189613:257;3189614:291;3189615:287;3189616:248
111070.6299,1788877371.8194,6,348.52,1096.02,1444.54,8.8,15678.1,40364.1,2371.8,5480.887,3034.635,70602.932,3189584:13;3189613:257;3189614:291;3189615:287;3189616:248
111070.7436,1788877371.9332,6,348.52,1096.27,1444.79,0.0,15678.1,40364.1,2371.8,5481.214,3034.642,70602.932,3189584:13;3189613:257;3189614:291;3189615:287;3189616:248
111070.8570,1788877372.0465,6,348.52,1096.71,1445.23,26.7,15675.9,40366.3,2371.8,5481.917,3034.658,70602.932,3189584:13;3189613:257;3189614:291;3189615:288;3189616:248
111070.9706,1788877372.1601,6,348.52,1097.08,1445.61,0.0,15676.2,40366.0,2371.8,5482.128,3034.661,70602.932,3189584:13;3189613:257;3189614:291;3189615:288;3189616:249
111071.0837,1788877372.2733,6,348.52,1096.88,1445.40,54.0,15675.9,40366.3,2371.8,5482.751,3034.677,70602.932,3189584:13;3189613:257;3189614:291;3189615:288;3189616:249
111071.1933,1788877372.3829,6,348.52,1097.00,1445.53,0.0,15675.9,40366.3,2371.8,5483.037,3034.685,70602.932,3189584:13;3189613:257;3189614:291;3189615:288;3189616:249
111071.3055,1788877372.4951,6,348.52,1097.75,1446.28,0.0,15675.9,40366.3,2371.8,5484.023,3034.704,70602.932,3189584:13;3189613:257;3189614:292;3189615:288;3189616:249
111071.4161,1788877372.6057,6,348.52,1097.75,1446.28,9.1,15675.9,40366.3,2371.8,5484.188,3034.706,70602.932,3189584:13;3189613:257;3189614:292;3189615:288;3189616:249
111071.5253,1788877372.7148,6,348.52,1097.24,1445.76,55.0,15675.9,40366.3,2371.8,5484.783,3034.726,70602.932,3189584:13;3189613:257;3189614:291;3189615:287;3189616:249
111071.6346,1788877372.8241,6,348.52,1097.73,1446.25,27.2,15679.6,40362.6,2371.8,5484.997,3034.732,70602.932,3189584:13;3189613:257;3189614:291;3189615:288;3189616:249
111071.7451,1788877372.9346,6,348.52,1099.34,1447.87,80.4,15679.6,40362.6,2371.8,5485.517,3034.747,70602.932,3189584:13;3189613:257;3189614:291;3189615:288;3189616:249
111071.8567,1788877373.0463,6,348.52,1099.32,1447.84,26.7,15678.9,40363.3,2371.8,5485.669,3034.753,70602.932,3189584:13;3189613:257;3189614:292;3189615:289;3189616:249
111071.9692,1788877373.1587,6,348.52,1100.57,1449.09,97.8,15678.7,40363.5,2371.8,5486.429,3034.778,70602.932,3189584:13;3189613:258;3189614:292;3189615:289;3189616:249
111072.0818,1788877373.2714,6,348.52,1100.70,1449.22,0.0,15678.7,40363.5,2371.8,5486.531,3034.781,70602.932,3189584:13;3189613:258;3189614:292;3189615:289;3189616:249
111072.1918,1788877373.3814,6,348.52,1101.81,1450.34,54.5,15678.7,40363.5,2371.8,5487.154,3034.794,70602.932,3189584:13;3189613:258;3189614:292;3189615:290;3189616:249
111072.3018,1788877373.4913,6,348.52,1101.81,1450.34,0.0,15678.7,40363.5,2371.8,5487.259,3034.797,70602.932,3189584:13;3189613:258;3189614:292;3189615:290;3189616:249
111072.4109,1788877373.6004,6,348.52,1102.19,1450.71,45.5,15678.7,40363.6,2371.8,5488.325,3034.820,70602.932,3189584:13;3189613:258;3189614:293;3189615:289;3189616:249
111072.5219,1788877373.7114,6,348.52,1102.19,1450.71,0.0,15678.7,40363.6,2371.8,5488.441,3034.823,70602.932,3189584:13;3189613:258;3189614:293;3189615:289;3189616:249
111072.6307,1788877373.8202,6,348.52,1104.47,1452.99,45.5,15678.4,40363.8,2371.8,5489.384,3034.850,70602.932,3189584:13;3189613:258;3189614:294;3189615:289;3189616:250
111072.7416,1788877373.9311,6,348.52,1104.47,1452.99,0.0,15678.4,40363.8,2371.8,5489.472,3034.852,70602.932,3189584:13;3189613:258;3189614:294;3189615:289;3189616:250
111072.8516,1788877374.0411,6,348.52,1105.04,1453.56,81.9,15678.2,40364.0,2371.8,5490.054,3034.872,70602.932,3189584:13;3189613:258;3189614:295;3189615:289;3189616:250
111072.9616,1788877374.1511,6,348.52,1104.83,1453.36,27.3,15685.4,40356.8,2371.8,5490.104,3034.882,70602.932,3189584:13;3189613:258;3189614:294;3189615:290;3189616:250
111073.0711,1788877374.2606,6,348.52,1107.71,1456.23,63.7,15708.6,40333.6,2371.8,5491.341,3034.913,70602.932,3189584:13;3189613:260;3189614:295;3189615:290;3189616:250
111073.1816,1788877374.3711,6,348.52,1107.96,1456.48,0.0,15708.6,40333.6,2371.8,5491.513,3034.918,70602.932,3189584:13;3189613:260;3189614:295;3189615:290;3189616:250
111073.2913,1788877374.4808,6,348.52,1108.39,1456.91,72.7,15708.2,40334.0,2371.8,5492.222,3034.939,70602.932,3189584:13;3189613:261;3189614:295;3189615:290;3189616:250
111073.4014,1788877374.5909,6,348.52,1107.44,1455.96,27.2,15710.6,40331.6,2371.8,5492.275,3034.943,70602.932,3189584:13;3189613:261;3189614:295;3189615:290;3189616:249
111073.5118,1788877374.7013,6,348.52,1109.19,1457.71,45.0,15727.1,40315.1,2371.8,5493.454,3034.971,70602.932,3189584:13;3189613:261;3189614:295;3189615:290;3189616:250
111073.6223,1788877374.8118,6,348.52,1109.32,1457.84,0.0,15727.1,40315.1,2371.8,5493.620,3034.973,70602.932,3189584:13;3189613:261;3189614:295;3189615:290;3189616:250
111073.7315,1788877374.9210,6,348.52,1109.75,1458.27,53.4,15727.1,40315.1,2371.8,5494.335,3034.993,70602.932,3189584:13;3189613:261;3189614:296;3189615:290;3189616:250
111073.8438,1788877375.0333,6,348.52,1108.58,1457.10,27.3,15725.1,40317.1,2371.8,5494.465,3034.998,70602.936,3189584:13;3189613:261;3189614:296;3189615:290;3189616:249
111073.9538,1788877375.1433,6,348.52,1112.15,1460.68,118.2,15726.1,40316.2,2371.8,5495.356,3035.029,70602.936,3189584:13;3189613:261;3189614:296;3189615:292;3189616:250
111074.0641,1788877375.2536,6,348.52,1112.06,1460.58,36.5,15726.3,40315.9,2371.8,5495.455,3035.032,70602.936,3189584:13;3189613:261;3189614:296;3189615:292;3189616:250
111074.1731,1788877375.3626,6,348.52,1115.66,1464.19,87.7,15727.0,40315.2,2371.8,5496.372,3035.062,70602.936,3189584:13;3189613:262;3189614:298;3189615:292;3189616:250
111074.2883,1788877375.4778,6,348.52,1114.44,1462.96,26.9,15729.4,40312.8,2371.8,5496.407,3035.064,70602.936,3189584:13;3189613:262;3189614:297;3189615:292;3189616:250
111074.3987,1788877375.5883,6,348.52,1115.49,1464.02,80.6,15729.7,40312.6,2371.8,5497.432,3035.092,70602.947,3189584:13;3189613:262;3189614:297;3189615:292;3189616:251
111074.5105,1788877375.7001,6,348.52,1115.10,1463.62,9.1,15729.9,40312.3,2371.8,5497.459,3035.096,70602.947,3189584:13;3189613:262;3189614:297;3189615:292;3189616:251
111074.6197,1788877375.8093,6,348.52,1115.21,1463.73,18.2,15729.9,40312.3,2371.8,5498.774,3035.127,70602.947,3189584:13;3189613:262;3189614:297;3189615:292;3189616:251
111074.7296,1788877375.9192,6,348.52,1115.21,1463.73,0.0,15729.9,40312.3,2371.8,5498.839,3035.128,70602.947,3189584:13;3189613:262;3189614:297;3189615:292;3189616:251
111074.8388,1788877376.0283,6,348.52,1115.71,1464.24,36.4,15729.9,40312.4,2371.8,5499.968,3035.148,70602.947,3189584:13;3189613:262;3189614:297;3189615:292;3189616:251
111074.9486,1788877376.1381,6,348.52,1115.71,1464.24,0.0,15729.9,40312.4,2371.8,5500.045,3035.149,70602.947,3189584:13;3189613:262;3189614:297;3189615:292;3189616:251
111075.0602,1788877376.2497,6,348.52,1115.82,1464.34,63.4,15724.4,40317.8,2371.8,5501.112,3035.172,70602.947,3189584:13;3189613:262;3189614:298;3189615:292;3189616:251
111075.1709,1788877376.3604,6,348.52,1115.82,1464.34,9.1,15724.4,40317.8,2371.8,5501.157,3035.173,70602.947,3189584:13;3189613:262;3189614:298;3189615:292;3189616:251
111075.2808,1788877376.4704,6,348.52,1116.64,1465.16,27.3,15724.4,40317.8,2371.8,5502.140,3035.192,70602.947,3189584:13;3189613:262;3189614:298;3189615:292;3189616:251
111075.3905,1788877376.5800,6,348.52,1116.64,1465.16,0.0,15724.4,40317.8,2371.8,5502.182,3035.192,70602.947,3189584:13;3189613:262;3189614:298;3189615:292;3189616:251
111075.5023,1788877376.6918,6,348.52,1119.02,1467.55,81.6,15724.4,40317.8,2371.8,5503.045,3035.215,70602.947,3189584:13;3189613:262;3189614:299;3189615:293;3189616:251
111075.6124,1788877376.8019,6,348.52,1119.46,1467.98,9.0,15724.7,40317.6,2371.8,5503.064,3035.217,70602.947,3189584:13;3189613:262;3189614:300;3189615:293;3189616:251
111075.7230,1788877376.9126,6,348.52,1121.44,1469.96,72.8,15729.9,40312.3,2371.8,5503.847,3035.239,70602.947,3189584:13;3189613:262;3189614:301;3189615:293;3189616:252
111075.8330,1788877377.0225,6,348.52,1121.44,1469.96,0.0,15729.9,40312.3,2371.8,5503.878,3035.240,70602.947,3189584:13;3189613:262;3189614:301;3189615:293;3189616:252
111075.9433,1788877377.1329,6,348.52,1122.39,1470.92,27.3,15729.9,40312.3,2371.8,5505.030,3035.264,70602.947,3189584:13;3189613:262;3189614:302;3189615:293;3189616:252
111076.0533,1788877377.2428,6,348.52,1122.39,1470.92,17.8,15729.9,40312.3,2371.8,5505.049,3035.264,70602.947,3189584:13;3189613:262;3189614:302;3189615:293;3189616:252
111076.1651,1788877377.3546,6,348.52,1122.32,1470.84,54.6,15735.2,40307.0,2371.8,5505.918,3035.287,70603.385,3189584:13;3189613:263;3189614:301;3189615:294;3189616:251
111076.2746,1788877377.4642,6,348.52,1121.63,1470.15,9.1,15735.0,40307.2,2371.8,5505.918,3035.287,70603.385,3189584:13;3189613:262;3189614:301;3189615:294;3189616:251
111076.3852,1788877377.5748,6,348.52,1123.52,1472.05,90.9,15735.0,40307.2,2371.8,5506.979,3035.312,70603.385,3189584:13;3189613:262;3189614:301;3189615:295;3189616:251
111076.4949,1788877377.6844,6,348.52,1123.52,1472.05,0.0,15735.0,40307.2,2371.8,5506.979,3035.312,70603.385,3189584:13;3189613:262;3189614:301;3189615:295;3189616:251
111076.6061,1788877377.7957,6,348.52,1125.56,1474.09,91.4,15735.5,40306.7,2371.8,5508.065,3035.342,70603.385,3189584:13;3189613:263;3189614:302;3189615:296;3189616:251
111076.7153,1788877377.9049,6,348.52,1125.06,1473.58,0.0,15735.5,40306.7,2371.8,5508.065,3035.343,70603.385,3189584:13;3189613:263;3189614:302;3189615:296;3189616:251
111076.8253,1788877378.0149,6,348.52,1127.00,1475.52,118.3,15739.8,40302.5,2371.8,5509.182,3035.377,70603.385,3189584:13;3189613:264;3189614:302;3189615:297;3189616:252
111076.9349,1788877378.1244,6,348.52,1127.00,1475.52,0.0,15739.4,40302.8,2371.8,5509.182,3035.380,70603.385,3189584:13;3189613:264;3189614:302;3189615:297;3189616:252
111077.0442,1788877378.2337,6,348.52,1128.55,1477.07,63.7,15739.4,40302.8,2371.8,5510.086,3035.416,70603.385,3189584:13;3189613:264;3189614:303;3189615:297;3189616:252
111077.1545,1788877378.3441,6,348.52,1128.67,1477.20,0.0,15739.4,40302.8,2371.8,5510.094,3035.418,70603.385,3189584:13;3189613:264;3189614:303;3189615:297;3189616:252
111077.2633,1788877378.4529,6,348.52,1130.11,1478.63,36.5,15741.3,40300.9,2371.8,5511.396,3035.446,70603.385,3189584:13;3189613:265;3189614:303;3189615:297;3189616:252
111077.3735,1788877378.5631,6,348.52,1130.52,1479.04,26.7,15741.3,40300.9,2371.8,5511.418,3035.449,70603.385,3189584:13;3189613:265;3189614:304;3189615:297;3189616:252
111077.4855,1788877378.6750,6,348.52,1130.94,1479.46,53.8,15741.3,40300.9,2371.8,5512.349,3035.474,70603.385,3189584:13;3189613:265;3189614:304;3189615:297;3189616:252
111077.5969,1788877378.7865,6,348.52,1130.94,1479.46,0.0,15776.0,40266.2,2371.8,5512.349,3035.475,70603.385,3189584:13;3189613:265;3189614:304;3189615:297;3189616:252
111077.7072,1788877378.8967,6,348.52,1132.46,1480.99,81.9,15770.6,40271.7,2371.8,5512.888,3035.499,70603.385,3189584:13;3189613:265;3189614:305;3189615:297;3189616:252
111077.8171,1788877379.0066,6,348.52,1132.46,1480.99,0.0,15770.6,40271.7,2371.8,5512.888,3035.501,70603.385,3189584:13;3189613:265;3189614:305;3189615:297;3189616:252
111077.9290,1788877379.1186,6,348.52,1135.27,1483.79,90.9,15768.5,40273.7,2371.8,5513.723,3035.522,70603.385,3189584:13;3189613:265;3189614:305;3189615:298;3189616:253
111078.0388,1788877379.2283,6,348.52,1135.27,1483.79,0.0,15764.2,40278.0,2371.8,5513.723,3035.523,70603.385,3189584:13;3189613:265;3189614:305;3189615:298;3189616:253
111078.1491,1788877379.3386,6,348.52,1136.38,1484.90,72.1,15764.2,40278.0,2371.8,5514.776,3035.550,70603.385,3189584:13;3189613:266;3189614:306;3189615:299;3189616:253
111078.2608,1788877379.4503,6,348.52,1136.38,1484.90,0.0,15764.2,40278.0,2371.8,5515.035,3035.552,70603.385,3189584:13;3189613:266;3189614:306;3189615:299;3189616:253
111078.3761,1788877379.5656,6,348.52,1137.50,1486.03,27.0,15764.7,40277.6,2371.8,5515.946,3035.568,70603.385,3189584:13;3189613:266;3189614:307;3189615:299;3189616:253
111078.4867,1788877379.6763,6,348.52,1137.50,1486.03,0.0,15764.7,40277.6,2371.8,5516.030,3035.569,70603.385,3189584:13;3189613:266;3189614:307;3189615:299;3189616:253
111078.5972,1788877379.7867,6,348.52,1137.37,1485.89,36.6,15764.3,40277.9,2371.8,5516.756,3035.586,70603.385,3189584:13;3189613:266;3189614:307;3189615:299;3189616:253
111078.7062,1788877379.8958,6,348.52,1137.37,1485.89,0.0,15764.3,40277.9,2371.8,5517.047,3035.589,70603.385,3189584:13;3189613:266;3189614:307;3189615:299;3189616:253
111078.8156,1788877380.0051,6,348.52,1139.36,1487.88,27.2,15762.4,40279.8,2371.8,5517.904,3035.608,70603.385,3189584:13;3189613:267;3189614:307;3189615:299;3189616:253
111078.9261,1788877380.1156,6,348.52,1139.86,1488.38,0.0,15762.6,40279.6,2371.8,5518.015,3035.610,70603.385,3189584:13;3189613:267;3189614:307;3189615:299;3189616:254
111079.0351,1788877380.2247,6,348.52,1140.13,1488.66,82.4,15762.6,40279.6,2371.8,5518.759,3035.640,70603.385,3189584:13;3189613:267;3189614:307;3189615:299;3189616:254
111079.1444,1788877380.3339,6,348.52,1140.26,1488.78,9.1,15762.6,40279.6,2371.8,5518.968,3035.642,70603.385,3189584:13;3189613:267;3189614:307;3189615:299;3189616:254
111079.2545,1788877380.4440,6,348.52,1140.94,1489.46,36.2,15762.8,40279.4,2371.8,5519.762,3035.661,70603.385,3189584:13;3189613:267;3189614:307;3189615:299;3189616:255
111079.3655,1788877380.5550,6,348.52,1141.07,1489.59,8.9,15762.8,40279.4,2371.8,5519.990,3035.665,70603.385,3189584:13;3189613:267;3189614:307;3189615:299;3189616:255
111079.4773,1788877380.6668,6,348.52,1141.66,1490.19,36.4,15762.8,40279.4,2371.8,5520.801,3035.682,70603.385,3189584:13;3189613:267;3189614:307;3189615:299;3189616:255
111079.5869,1788877380.7764,6,348.52,1142.04,1490.56,9.1,15762.8,40279.4,2371.8,5520.982,3035.684,70603.385,3189584:13;3189613:267;3189614:307;3189615:300;3189616:255
111079.6964,1788877380.8860,6,348.52,1141.60,1490.12,54.8,15762.0,40280.2,2371.8,5521.548,3035.699,70603.385,3189584:13;3189613:267;3189614:307;3189615:300;3189616:255
111079.8064,1788877380.9959,6,348.52,1142.11,1490.63,8.9,15762.0,40280.2,2371.8,5521.700,3035.702,70603.385,3189584:13;3189613:267;3189614:308;3189615:300;3189616:255
111079.9185,1788877381.1081,6,348.52,1143.91,1492.44,109.2,15758.7,40283.5,2371.8,5522.150,3035.726,70603.385,3189584:13;3189613:267;3189614:308;3189615:301;3189616:255
111080.0281,1788877381.2177,6,348.52,1144.14,1492.67,9.2,15758.7,40283.5,2371.8,5522.350,3035.730,70603.385,3189584:13;3189613:267;3189614:308;3189615:301;3189616:255
111080.1371,1788877381.3266,6,348.52,1145.78,1494.30,81.2,15758.7,40283.5,2371.8,5523.051,3035.753,70603.385,3189584:13;3189613:267;3189614:309;3189615:302;3189616:255
111080.2479,1788877381.4374,6,348.52,1146.36,1494.88,36.4,15764.4,40277.8,2371.8,5523.626,3035.765,70603.385,3189584:13;3189613:267;3189614:309;3189615:303;3189616:255
111080.3578,1788877381.5473,6,348.52,1146.75,1495.28,54.5,15767.6,40274.7,2371.8,5524.623,3035.792,70603.385,3189584:13;3189613:267;3189614:309;3189615:303;3189616:255
111080.4686,1788877381.6581,6,348.52,1146.88,1495.40,0.0,15768.3,40273.9,2371.8,5524.766,3035.795,70603.385,3189584:13;3189613:267;3189614:309;3189615:303;3189616:255
111080.5786,1788877381.7681,6,348.52,1147.80,1496.32,27.0,15768.3,40273.9,2371.8,5525.702,3035.813,70603.385,3189584:13;3189613:267;3189614:310;3189615:303;3189616:255
111080.6897,1788877381.8793,6,348.52,1147.80,1496.32,0.0,15768.3,40273.9,2371.8,5525.861,3035.815,70603.385,3189584:13;3189613:267;3189614:310;3189615:303;3189616:255
111080.8009,1788877381.9905,6,348.52,1147.70,1496.22,55.0,15767.4,40274.8,2371.8,5526.634,3035.834,70603.385,3189584:13;3189613:267;3189614:310;3189615:303;3189616:255
111080.9102,1788877382.0997,6,348.52,1147.76,1496.28,0.0,15767.4,40274.8,2371.8,5526.809,3035.839,70603.385,3189584:13;3189613:267;3189614:309;3189615:303;3189616:255
111081.0198,1788877382.2094,6,348.52,1148.70,1497.22,26.7,15767.1,40275.2,2371.8,5527.678,3035.860,70603.385,3189584:13;3189613:267;3189614:310;3189615:304;3189616:255
111081.1321,1788877382.3217,6,348.52,1148.70,1497.22,0.0,15767.1,40275.2,2371.8,5527.793,3035.861,70603.385,3189584:13;3189613:267;3189614:310;3189615:304;3189616:255
111081.2411,1788877382.4306,6,348.52,1148.53,1497.05,18.4,15778.0,40264.2,2371.8,5528.404,3035.876,70603.518,3189584:13;3189613:267;3189614:310;3189615:304;3189616:255
111081.3504,1788877382.5399,6,348.52,1148.53,1497.05,0.0,15778.0,40264.2,2371.8,5528.564,3035.880,70603.518,3189584:13;3189613:267;3189614:310;3189615:304;3189616:255
111081.4597,1788877382.6493,6,348.52,1148.83,1497.35,36.3,15778.0,40264.2,2371.8,5529.200,3035.896,70603.518,3189584:13;3189613:267;3189614:310;3189615:304;3189616:256
111081.5701,1788877382.7597,6,348.52,1148.95,1497.48,0.0,15778.0,40264.2,2371.8,5529.323,3035.898,70603.518,3189584:13;3189613:267;3189614:310;3189615:304;3189616:256
111081.6809,1788877382.8704,6,348.52,1149.75,1498.27,18.3,15778.8,40263.5,2371.8,5530.147,3035.917,70603.518,3189584:13;3189613:267;3189614:311;3189615:304;3189616:256
111081.7911,1788877382.9806,6,348.52,1149.75,1498.27,0.0,15778.8,40263.5,2371.8,5530.301,3035.920,70603.518,3189584:13;3189613:267;3189614:311;3189615:304;3189616:256
111081.9015,1788877383.0910,6,348.52,1149.91,1498.43,63.8,15777.3,40264.9,2371.8,5531.002,3035.942,70603.518,3189584:13;3189613:267;3189614:311;3189615:304;3189616:256
111082.0119,1788877383.2015,6,348.52,1149.91,1498.43,18.0,15777.3,40264.9,2371.8,5531.210,3035.944,70603.518,3189584:13;3189613:267;3189614:311;3189615:304;3189616:256
111082.1223,1788877383.3119,6,348.52,1150.88,1499.40,54.6,15779.0,40263.2,2371.8,5531.965,3035.966,70603.518,3189584:13;3189613:267;3189614:311;3189615:304;3189616:256
111082.2318,1788877383.4213,6,348.52,1151.12,1499.65,0.0,15779.2,40263.0,2371.8,5532.297,3035.972,70603.518,3189584:13;3189613:267;3189614:311;3189615:304;3189616:256
111082.3489,1788877383.5385,6,348.52,1151.13,1499.65,27.3,15779.5,40262.7,2371.8,5533.152,3035.992,70603.518,3189584:13;3189613:267;3189614:311;3189615:304;3189616:256
111082.4585,1788877383.6480,6,348.52,1151.38,1499.91,0.0,15779.5,40262.7,2371.8,5533.431,3035.998,70603.518,3189584:13;3189613:267;3189614:311;3189615:304;3189616:256
111082.5697,1788877383.7592,6,348.52,1151.75,1500.27,44.5,15779.5,40262.7,2371.8,5534.202,3036.017,70603.518,3189584:13;3189613:267;3189614:311;3189615:304;3189616:256
111082.6816,1788877383.8712,6,348.52,1151.88,1500.40,9.0,15779.5,40262.7,2371.8,5534.420,3036.023,70603.518,3189584:13;3189613:267;3189614:311;3189615:304;3189616:256
111082.7922,1788877383.9817,6,348.52,1153.35,1501.88,55.0,15779.5,40262.7,2371.8,5534.926,3036.034,70603.518,3189584:13;3189613:268;3189614:311;3189615:305;3189616:256
111082.9013,1788877384.0909,6,348.52,1153.32,1501.85,27.3,15775.7,40266.5,2371.8,5535.056,3036.047,70603.518,3189584:13;3189613:268;3189614:311;3189615:305;3189616:256
111083.0116,1788877384.2011,6,348.52,1155.55,1504.08,82.1,15761.0,40281.2,2371.8,5535.706,3036.063,70603.771,3189584:13;3189613:268;3189614:312;3189615:306;3189616:257
111083.1212,1788877384.3107,6,348.52,1155.93,1504.45,9.1,15763.9,40278.3,2371.8,5536.334,3036.421,70603.771,3189584:13;3189613:268;3189614:313;3189615:306;3189616:257
111083.2314,1788877384.4209,6,348.52,1156.06,1504.58,27.1,15764.6,40277.6,2371.8,5536.676,3036.691,70603.771,3189584:13;3189613:268;3189614:313;3189615:306;3189616:257
111083.3420,1788877384.5316,6,348.52,1156.18,1504.71,0.0,15765.8,40276.4,2371.8,5537.067,3036.755,70603.771,3189584:13;3189613:268;3189614:313;3189615:306;3189616:257
111083.4525,1788877384.6420,6,348.52,1157.08,1505.61,18.4,15766.0,40276.2,2371.8,5537.717,3036.826,70603.771,3189584:13;3189613:268;3189614:313;3189615:306;3189616:257
111083.5614,1788877384.7510,6,348.52,1157.46,1505.98,27.0,15766.0,40276.2,2371.8,5537.959,3036.829,70603.771,3189584:13;3189613:268;3189614:313;3189615:306;3189616:257
111083.6725,1788877384.8620,6,348.52,1157.81,1506.33,8.9,15766.3,40275.9,2371.8,5538.431,3036.841,70603.771,3189584:13;3189613:268;3189614:313;3189615:306;3189616:257
111083.7852,1788877384.9747,6,348.52,1157.01,1505.53,27.3,15768.9,40273.3,2371.8,5538.763,3036.847,70603.771,3189584:13;3189613:268;3189614:313;3189615:307;3189616:256
111083.8953,1788877385.0848,6,348.52,1157.49,1506.02,36.1,15762.4,40279.9,2371.8,5539.468,3036.862,70603.771,3189584:13;3189613:268;3189614:314;3189615:307;3189616:256
111084.0056,1788877385.1951,6,348.52,1157.79,1506.31,9.2,15762.4,40279.9,2371.8,5539.672,3036.869,70603.771,3189584:13;3189613:268;3189614:314;3189615:307;3189616:257
111084.1145,1788877385.3040,6,348.52,1160.14,1508.66,72.0,15770.0,40272.2,2371.8,5539.841,3036.881,70603.771,3189584:13;3189613:268;3189614:314;3189615:308;3189616:257
111084.2257,1788877385.4152,6,348.52,1163.98,1512.50,18.0,15773.9,40268.3,2371.8,5540.075,3036.886,70603.771,3189584:13;3189613:268;3189614:314;3189615:312;3189616:257
111084.3370,1788877385.5265,6,348.65,1161.49,1510.14,82.2,15776.8,40265.4,2371.8,5540.356,3036.903,70603.771,3189584:13;3189613:269;3189614:314;3189615:309;3189616:257
111084.4462,1788877385.6358,6,348.65,1161.61,1510.26,18.2,15776.8,40265.4,2371.8,5540.699,3036.912,70603.771,3189584:13;3189613:269;3189614:314;3189615:309;3189616:257
111084.5558,1788877385.7453,6,348.65,1162.50,1511.14,36.4,15777.3,40264.9,2371.8,5541.181,3036.932,70603.771,3189584:13;3189613:269;3189614:314;3189615:309;3189616:258
111084.6656,1788877385.8552,6,348.65,1162.77,1511.41,18.3,15777.3,40264.9,2371.8,5541.225,3036.938,70603.771,3189584:13;3189613:269;3189614:314;3189615:309;3189616:258
111084.7746,1788877385.9641,6,348.65,1162.82,1511.46,36.1,15777.3,40264.9,2371.8,5541.751,3036.956,70603.877,3189584:13;3189613:269;3189614:314;3189615:309;3189616:258
111084.8851,1788877386.0747,6,348.65,1163.07,1511.71,18.0,15781.1,40261.1,2371.8,5542.706,3037.528,70603.877,3189584:13;3189613:269;3189614:314;3189615:309;3189616:258
111084.9966,1788877386.1861,6,348.65,1163.97,1512.62,8.9,15785.8,40256.5,2371.8,5543.265,3037.541,70603.877,3189584:13;3189613:269;3189614:314;3189615:309;3189616:259
111085.1087,1788877386.2983,6,348.65,1164.10,1512.75,18.2,15785.8,40256.5,2371.8,5543.496,3037.545,70603.877,3189584:13;3189613:269;3189614:314;3189615:309;3189616:259
111085.2187,1788877386.4082,6,348.65,1164.79,1513.43,27.1,15785.8,40256.5,2371.8,5543.916,3037.559,70603.877,3189584:13;3189613:269;3189614:314;3189615:309;3189616:259
111085.3292,1788877386.5187,6,348.65,1165.19,1513.84,9.1,15785.8,40256.5,2371.8,5544.249,3037.564,70603.877,3189584:13;3189613:269;3189614:314;3189615:309;3189616:260
111085.4390,1788877386.6285,6,348.65,1165.89,1514.54,9.0,15785.8,40256.5,2371.8,5544.735,3037.576,70603.877,3189584:13;3189613:269;3189614:314;3189615:309;3189616:260
111085.5508,1788877386.7404,6,348.65,1166.16,1514.81,17.9,15785.8,40256.5,2371.8,5545.012,3037.580,70603.877,3189584:13;3189613:269;3189614:314;3189615:309;3189616:260
111085.6629,1788877386.8524,6,348.65,1166.55,1515.20,36.1,15785.8,40256.5,2371.8,5545.208,3037.590,70603.877,3189584:13;3189613:269;3189614:314;3189615:309;3189616:261
111085.7734,1788877386.9629,6,348.65,1168.15,1516.80,27.3,15787.3,40254.9,2371.8,5545.370,3037.593,70603.877,3189584:13;3189613:269;3189614:315;3189615:309;3189616:261
111085.8833,1788877387.0728,6,348.65,1168.38,1517.02,9.0,15787.3,40254.9,2371.8,5545.791,3037.602,70603.877,3189584:13;3189613:269;3189614:315;3189615:310;3189616:261
111085.9940,1788877387.1836,6,348.65,1168.50,1517.15,17.4,15788.1,40254.2,2371.8,5546.251,3037.616,70603.877,3189584:13;3189613:269;3189614:315;3189615:310;3189616:261
111086.1082,1788877387.2977,6,348.65,1168.62,1517.27,27.0,15788.3,40253.9,2371.8,5546.596,3037.626,70603.877,3189584:13;3189613:269;3189614:315;3189615:310;3189616:262
111086.2193,1788877387.4088,6,348.65,1169.17,1517.82,26.1,15788.3,40253.9,2371.8,5546.927,3037.633,70603.877,3189584:13;3189613:269;3189614:315;3189615:310;3189616:262
111086.3342,1788877387.5237,6,348.65,1169.43,1518.08,18.2,15788.3,40253.9,2371.8,5547.365,3037.644,70603.877,3189584:13;3189613:269;3189614:315;3189615:310;3189616:262
111086.4442,1788877387.6337,6,348.65,1170.09,1518.74,9.0,15788.3,40253.9,2371.8,5547.849,3037.655,70603.877,3189584:13;3189613:269;3189614:315;3189615:310;3189616:263
111086.5557,1788877387.7452,6,348.65,1170.18,1518.82,18.0,15788.3,40253.9,2371.8,5548.000,3037.663,70603.877,3189584:13;3189613:269;3189614:315;3189615:310;3189616:262
111086.6666,1788877387.8562,6,348.65,1170.18,1518.82,0.0,15788.7,40253.5,2371.8,5548.470,3037.805,70603.877,3189584:13;3189613:269;3189614:315;3189615:310;3189616:262
111086.7776,1788877387.9672,6,348.65,1170.79,1519.44,27.0,15788.7,40253.5,2371.8,5548.680,3038.017,70603.877,3189584:13;3189613:269;3189614:315;3189615:310;3189616:263
111086.8884,1788877388.0780,6,348.65,1171.04,1519.69,9.1,15789.2,40253.0,2371.8,5548.985,3038.232,70603.877,3189584:13;3189613:269;3189614:315;3189615:310;3189616:263
111086.9993,1788877388.1888,6,348.65,1170.80,1519.45,8.9,15792.9,40249.3,2371.8,5549.229,3038.276,70603.877,3189584:13;3189613:269;3189614:315;3189615:310;3189616:263
111087.1109,1788877388.3004,6,348.65,1171.20,1519.85,8.9,15792.9,40249.3,2371.8,5549.727,3038.284,70603.877,3189584:13;3189613:269;3189614:315;3189615:310;3189616:263
111087.2238,1788877388.4134,6,348.65,1171.13,1519.78,17.8,15792.9,40249.3,2371.8,5549.891,3038.288,70603.877,3189584:13;3189613:269;3189614:315;3189615:310;3189616:263
111087.3357,1788877388.5253,6,348.65,1171.26,1519.91,9.1,15792.9,40249.3,2371.8,5550.080,3038.292,70603.877,3189584:13;3189613:269;3189614:315;3189615:310;3189616:263
111087.4460,1788877388.6355,6,348.65,1172.56,1521.21,17.3,15797.5,40244.7,2371.8,5550.374,3038.297,70603.877,3189584:13;3189613:271;3189614:315;3189615:310;3189616:263
111087.5615,1788877388.7510,6,348.65,1172.73,1521.38,18.0,15797.5,40244.8,2371.8,5550.546,3038.302,70603.877,3189584:13;3189613:271;3189614:315;3189615:310;3189616:263
111087.6725,1788877388.8620,6,348.65,1172.62,1521.27,8.9,15797.5,40244.8,2371.8,5550.888,3038.307,70603.877,3189584:13;3189613:271;3189614:315;3189615:310;3189616:263
111087.7842,1788877388.9737,6,348.65,1172.66,1521.31,27.3,15797.5,40244.8,2371.8,5551.245,3038.314,70603.877,3189584:13;3189613:271;3189614:315;3189615:310;3189616:263
111087.8941,1788877389.0836,6,348.65,1172.79,1521.43,0.0,15797.7,40244.5,2371.8,5551.460,3038.316,70603.877,3189584:13;3189613:271;3189614:315;3189615:310;3189616:264
111088.0039,1788877389.1934,6,348.65,1173.04,1521.68,9.1,15793.1,40249.1,2371.8,5551.717,3038.322,70603.877,3189584:13;3189613:271;3189614:315;3189615:310;3189616:264
111088.1135,1788877389.3030,6,348.65,1173.07,1521.71,18.2,15779.9,40262.3,2371.8,5551.845,3038.327,70603.877,3189584:13;3189613:271;3189614:315;3189615:310;3189616:264
111088.2230,1788877389.4125,6,348.65,1173.44,1522.09,0.0,15780.2,40262.1,2371.8,5552.489,3038.340,70603.877,3189584:13;3189613:271;3189614:315;3189615:310;3189616:264
111088.3346,1788877389.5241,6,348.65,1173.23,1521.88,17.6,15780.2,40262.1,2371.8,5552.587,3038.344,70603.877,3189584:13;3189613:271;3189614:315;3189615:310;3189616:264
111088.4478,1788877389.6373,6,348.65,1173.84,1522.49,8.7,15780.2,40262.1,2371.8,5553.137,3038.355,70603.877,3189584:13;3189613:271;3189614:315;3189615:310;3189616:264
111088.5627,1788877389.7523,6,348.65,1175.43,1524.08,17.8,15780.2,40262.1,2371.8,5553.313,3038.358,70603.877,3189584:13;3189613:271;3189614:315;3189615:310;3189616:266
111088.6751,1788877389.8647,6,348.65,1176.37,1525.02,26.7,15780.4,40261.8,2371.8,5553.660,3038.367,70603.877,3189584:13;3189613:271;3189614:316;3189615:310;3189616:266
111088.7873,1788877389.9768,6,348.65,1175.43,1524.07,34.9,15785.8,40256.4,2371.8,5553.707,3038.371,70603.877,3189584:13;3189613:271;3189614:316;3189615:310;3189616:265
111088.9018,1788877390.0914,6,348.65,1176.20,1524.85,45.0,15786.1,40256.2,2371.8,5553.798,3038.384,70603.877,3189584:13;3189613:271;3189614:316;3189615:310;3189616:265
111089.0133,1788877390.2028,6,348.65,1176.41,1525.06,18.2,15786.1,40256.2,2371.8,5553.959,3038.403,70603.877,3189584:13;3189613:271;3189614:317;3189615:310;3189616:265
111089.1234,1788877390.3129,6,348.65,1181.84,1530.49,70.8,15787.8,40254.4,2371.8,5554.487,3038.432,70603.877,3189584:13;3189613:271;3189614:317;3189615:310;3189616:270
111089.2361,1788877390.4257,6,348.65,1176.96,1525.61,27.0,15785.7,40256.6,2371.8,5554.678,3038.436,70603.877,3189584:13;3189613:271;3189614:317;3189615:309;3189616:266
111089.3482,1788877390.5378,6,348.65,1177.31,1525.96,36.4,15785.7,40256.6,2371.8,5555.416,3038.451,70603.877,3189584:13;3189613:271;3189614:317;3189615:309;3189616:267
111089.4576,1788877390.6472,6,348.65,1177.44,1526.09,0.0,15785.7,40256.6,2371.8,5555.576,3038.456,70603.877,3189584:13;3189613:271;3189614:317;3189615:309;3189616:267
111089.5688,1788877390.7583,6,348.77,1177.57,1526.35,26.7,15785.7,40256.6,2371.8,5556.268,3038.475,70603.877,3189584:13;3189613:271;3189614:317;3189615:309;3189616:267
111089.6810,1788877390.8705,6,348.77,1177.57,1526.35,0.0,15781.6,40260.7,2371.8,5556.382,3038.477,70603.881,3189584:13;3189613:271;3189614:317;3189615:309;3189616:267
111089.7914,1788877390.9809,6,348.77,1177.95,1526.72,18.0,15809.7,40232.5,2371.8,5556.907,3038.485,70603.881,3189584:13;3189613:271;3189614:318;3189615:309;3189616:267
111089.9029,1788877391.0925,6,348.77,1177.95,1526.72,8.8,15840.6,40201.6,2371.8,5556.938,3038.491,70603.881,3189584:13;3189613:271;3189614:318;3189615:309;3189616:267
111090.0160,1788877391.2056,6,348.77,1178.49,1527.27,54.6,15769.7,40272.5,2371.8,5557.938,3039.173,70603.881,3189584:13;3189613:271;3189614:318;3189615:309;3189616:267
111090.1261,1788877391.3156,6,348.77,1178.64,1527.41,9.2,15769.9,40272.3,2371.8,5557.970,3039.195,70603.881,3189584:13;3189613:271;3189614:318;3189615:309;3189616:267
111090.2349,1788877391.4244,6,348.77,1178.69,1527.46,17.8,15771.1,40271.1,2371.8,5558.860,3039.479,70603.881,3189584:13;3189613:271;3189614:318;3189615:309;3189616:267
111090.3479,1788877391.5375,6,348.77,1178.69,1527.46,0.0,15771.1,40271.1,2371.8,5558.915,3039.490,70603.881,3189584:13;3189613:271;3189614:318;3189615:309;3189616:267
111090.4625,1788877391.6520,6,348.77,1178.53,1527.30,36.4,15772.3,40269.9,2371.8,5559.657,3039.698,70603.881,3189584:13;3189613:271;3189614:318;3189615:310;3189616:267
111090.5730,1788877391.7625,6,348.77,1178.53,1527.30,0.0,15772.3,40269.9,2371.8,5559.700,3039.699,70603.881,3189584:13;3189613:271;3189614:318;3189615:310;3189616:267
111090.6852,1788877391.8747,6,348.77,1181.21,1529.99,100.1,15777.0,40265.2,2371.8,5560.331,3039.720,70603.881,3189584:13;3189613:271;3189614:318;3189615:310;3189616:269
111090.7949,1788877391.9845,6,348.77,1181.21,1529.99,26.4,15777.0,40265.2,2371.8,5560.331,3039.723,70603.881,3189584:13;3189613:271;3189614:318;3189615:310;3189616:269
111090.9091,1788877392.0986,6,348.77,1184.50,1533.27,99.0,15779.7,40262.6,2371.8,5561.025,3039.748,70603.881,3189584:13;3189613:272;3189614:319;3189615:311;3189616:270
111091.0196,1788877392.2092,6,348.77,1184.91,1533.69,53.1,15783.9,40258.3,2371.8,5561.767,3039.761,70603.881,3189584:13;3189613:272;3189614:319;3189615:311;3189616:270
111091.1329,1788877392.3224,6,348.77,1187.13,1535.91,72.8,15786.4,40255.8,2371.8,5562.465,3039.779,70603.881,3189584:13;3189613:272;3189614:320;3189615:311;3189616:271
111091.2428,1788877392.4323,6,348.77,1187.17,1535.94,17.6,15786.4,40255.8,2371.8,5562.567,3039.780,70603.881,3189584:13;3189613:272;3189614:320;3189615:311;3189616:271
111091.3556,1788877392.5452,6,348.77,1188.58,1537.35,71.8,15786.6,40255.6,2371.8,5563.372,3039.806,70603.881,3189584:13;3189613:272;3189614:321;3189615:312;3189616:271
111091.4671,1788877392.6567,6,348.77,1189.66,1538.44,17.6,15789.1,40253.1,2371.8,5563.613,3039.807,70603.881,3189584:13;3189613:272;3189614:322;3189615:312;3189616:271
111091.5805,1788877392.7701,6,348.77,1188.98,1537.75,54.2,15791.7,40250.5,2371.8,5564.611,3039.832,70603.881,3189584:13;3189613:272;3189614:322;3189615:312;3189616:270
111091.6909,1788877392.8804,6,348.77,1189.48,1538.25,0.0,15791.7,40250.5,2371.8,5564.739,3039.836,70603.881,3189584:13;3189613:272;3189614:322;3189615:312;3189616:270
111091.8028,1788877392.9923,6,348.77,1190.06,1538.83,45.5,15791.7,40250.5,2371.8,5565.391,3039.858,70603.881,3189584:13;3189613:272;3189614:322;3189615:312;3189616:270
111091.9122,1788877393.1018,6,348.77,1190.31,1539.08,9.1,15790.8,40251.4,2371.8,5565.626,3039.861,70603.881,3189584:13;3189613:272;3189614:323;3189615:312;3189616:270
111092.0217,1788877393.2112,6,348.77,1190.43,1539.20,54.4,15790.8,40251.4,2371.8,5566.600,3039.887,70603.881,3189584:13;3189613:272;3189614:323;3189615:312;3189616:270
111092.1319,1788877393.3215,6,348.77,1190.77,1539.55,9.1,15791.0,40251.2,2371.8,5566.763,3039.891,70603.881,3189584:13;3189613:272;3189614:323;3189615:312;3189616:270
111092.2424,1788877393.4320,6,348.77,1192.90,1541.67,72.6,15791.4,40250.8,2371.8,5567.855,3039.915,70603.881,3189584:13;3189613:272;3189614:323;3189615:314;3189616:271
111092.3556,1788877393.5451,6,348.77,1193.05,1541.82,17.4,15792.2,40250.0,2371.8,5568.283,3039.929,70603.881,3189584:13;3189613:272;3189614:323;3189615:314;3189616:271
111092.4678,1788877393.6574,6,348.77,1193.31,1542.09,71.8,15794.4,40247.8,2371.8,5568.690,3039.944,70603.881,3189584:13;3189613:272;3189614:324;3189615:315;3189616:269
111092.5796,1788877393.7691,6,348.77,1193.80,1542.57,18.2,15794.6,40247.6,2371.8,5568.761,3039.950,70603.881,3189584:13;3189613:272;3189614:324;3189615:315;3189616:269
111092.6890,1788877393.8785,6,348.77,1191.67,1540.44,154.4,15805.7,40236.5,2371.8,5569.084,3039.975,70603.881,3189584:13;3189613:273;3189614:325;3189615:315;3189616:265
111092.7991,1788877393.9887,6,348.77,1192.05,1540.82,26.9,15805.7,40236.5,2371.8,5569.410,3039.982,70603.881,3189584:13;3189613:273;3189614:325;3189615:316;3189616:265
111092.9107,1788877394.1003,6,348.77,1192.59,1541.37,54.8,15824.5,40217.7,2371.8,5570.201,3040.002,70603.881,3189584:13;3189613:273;3189614:326;3189615:316;3189616:265
111093.0200,1788877394.2096,6,348.77,1193.40,1542.18,27.0,15820.0,40222.2,2371.8,5570.354,3040.006,70603.881,3189584:13;3189613:274;3189614:326;3189615:316;3189616:265
111093.1314,1788877394.3210,6,348.77,1193.99,1542.77,54.5,15821.2,40221.0,2371.8,5570.972,3040.026,70603.881,3189584:13;3189613:273;3189614:326;3189615:316;3189616:265
111093.2417,1788877394.4312,6,348.77,1194.87,1543.64,18.2,15821.3,40221.0,2371.8,5571.222,3040.032,70603.881,3189584:13;3189613:273;3189614:327;3189615:316;3189616:266
111093.3512,1788877394.5407,6,348.77,1196.22,1545.00,80.7,15821.3,40221.0,2371.8,5572.004,3040.055,70603.881,3189584:13;3189613:274;3189614:327;3189615:316;3189616:266
111093.4627,1788877394.6523,6,348.77,1196.65,1545.42,18.2,15821.3,40221.0,2371.8,5572.311,3040.062,70603.881,3189584:13;3189613:274;3189614:327;3189615:316;3189616:266
111093.5725,1788877394.7620,6,348.77,1197.79,1546.56,36.3,15822.0,40220.2,2371.8,5573.017,3040.081,70603.881,3189584:13;3189613:274;3189614:327;3189615:316;3189616:267
111093.6832,1788877394.8728,6,348.77,1198.73,1547.51,27.2,15822.0,40220.2,2371.8,5573.269,3040.088,70603.881,3189584:13;3189613:274;3189614:328;3189615:316;3189616:267
111093.7934,1788877394.9829,6,348.77,1198.04,1546.82,36.4,15804.0,40238.2,2371.8,5574.104,3040.107,70603.881,3189584:13;3189613:274;3189614:327;3189615:316;3189616:267
111093.9033,1788877395.0929,6,348.77,1198.42,1547.19,9.0,15832.3,40209.9,2371.8,5574.434,3040.117,70603.881,3189584:13;3189613:274;3189614:328;3189615:316;3189616:267
111094.0145,1788877395.2040,6,348.77,1199.17,1547.95,36.4,15790.3,40251.9,2371.8,5575.236,3040.140,70603.881,3189584:13;3189613:274;3189614:328;3189615:316;3189616:268
111094.1245,1788877395.3140,6,348.77,1198.86,1547.64,18.2,15797.9,40244.3,2371.8,5576.129,3040.729,70603.881,3189584:13;3189613:274;3189614:328;3189615:316;3189616:268
111094.2346,1788877395.4241,6,348.77,1199.11,1547.89,9.0,15798.2,40244.1,2371.8,5576.721,3040.949,70603.881,3189584:13;3189613:274;3189614:328;3189615:316;3189616:268
111094.3453,1788877395.5348,6,348.77,1199.61,1548.39,0.0,15798.2,40244.1,2371.8,5576.886,3041.034,70603.881,3189584:13;3189613:274;3189614:328;3189615:317;3189616:268
111094.4563,1788877395.6458,6,348.77,1199.84,1548.61,0.0,15799.1,40243.1,2371.8,5577.122,3041.314,70603.881,3189584:13;3189613:275;3189614:328;3189615:317;3189616:268
111094.5655,1788877395.7551,6,348.77,1199.83,1548.61,27.3,15799.1,40243.1,2371.8,5577.382,3041.336,70603.881,3189584:13;3189613:275;3189614:328;3189615:317;3189616:268
111094.6752,1788877395.8648,6,348.77,1199.93,1548.71,26.5,15799.1,40243.1,2371.8,5577.970,3041.352,70603.881,3189584:13;3189613:275;3189614:328;3189615:317;3189616:268
111094.7886,1788877395.9781,6,348.77,1200.16,1548.94,27.0,15799.1,40243.1,2371.8,5578.168,3041.360,70603.881,3189584:13;3189613:275;3189614:328;3189615:317;3189616:268
111094.9012,1788877396.0908,6,348.77,1202.62,1551.39,63.0,15802.8,40239.4,2371.8,5578.694,3041.381,70603.881,3189584:13;3189613:275;3189614:329;3189615:317;3189616:268
111095.0106,1788877396.2001,6,348.77,1203.37,1552.14,27.3,15802.8,40239.4,2371.8,5579.006,3041.390,70603.881,3189584:13;3189613:275;3189614:329;3189615:318;3189616:268
111095.1207,1788877396.3102,6,348.77,1203.58,1552.35,127.1,15807.6,40234.7,2371.8,5579.870,3041.429,70603.881,3189584:13;3189613:274;3189614:330;3189615:319;3189616:268
111095.2305,1788877396.4201,6,348.77,1205.10,1553.88,54.2,15807.4,40234.9,2371.8,5580.710,3041.458,70603.881,3189584:13;3189613:274;3189614:330;3189615:319;3189616:269
111095.3411,1788877396.5306,6,348.77,1208.06,1556.84,91.0,15808.3,40233.9,2371.8,5580.955,3041.480,70603.881,3189584:13;3189613:274;3189614:332;3189615:319;3189616:270
111095.4509,1788877396.6404,6,348.77,1210.40,1559.17,44.8,15808.6,40233.6,2371.8,5581.350,3041.492,70603.881,3189584:13;3189613:274;3189614:332;3189615:320;3189616:271
111095.5625,1788877396.7520,6,348.77,1211.76,1560.54,82.2,15808.8,40233.4,2371.8,5581.917,3041.512,70603.904,3189584:13;3189613:275;3189614:333;3189615:320;3189616:271
111095.6721,1788877396.8616,6,348.77,1211.21,1559.98,63.1,15816.0,40226.2,2371.8,5582.799,3041.533,70603.904,3189584:13;3189613:275;3189614:333;3189615:320;3189616:270
111095.7828,1788877396.9724,6,348.77,1212.23,1561.00,54.8,15817.3,40224.9,2371.8,5583.499,3041.548,70603.904,3189584:13;3189613:275;3189614:334;3189615:320;3189616:270
111095.8921,1788877397.0816,6,348.77,1212.82,1561.59,18.1,15816.0,40226.2,2371.8,5583.973,3041.559,70603.904,3189584:13;3189613:275;3189614:334;3189615:321;3189616:270
111096.0026,1788877397.1921,6,348.77,1213.46,1562.23,73.3,15816.0,40226.2,2371.8,5584.689,3041.578,70603.904,3189584:13;3189613:275;3189614:334;3189615:321;3189616:270
111096.1117,1788877397.3012,6,348.77,1213.32,1562.09,0.0,15816.0,40226.2,2371.8,5585.190,3041.586,70603.904,3189584:13;3189613:275;3189614:334;3189615:321;3189616:270
111096.2232,1788877397.4128,6,348.77,1213.87,1562.64,45.6,15818.5,40223.7,2371.8,5585.997,3041.609,70603.904,3189584:13;3189613:275;3189614:334;3189615:321;3189616:271
111096.3325,1788877397.5220,6,348.77,1213.99,1562.77,0.0,15818.5,40223.7,2371.8,5586.331,3041.614,70603.904,3189584:13;3189613:275;3189614:334;3189615:321;3189616:271
111096.4424,1788877397.6320,6,348.77,1215.57,1564.35,18.0,15819.0,40223.2,2371.8,5586.933,3041.630,70603.904,3189584:13;3189613:275;3189614:335;3189615:322;3189616:271
111096.5540,1788877397.7436,6,348.77,1215.75,1564.52,18.2,15819.3,40223.0,2371.8,5587.273,3041.638,70603.904,3189584:13;3189613:275;3189614:335;3189615:322;3189616:271
111096.6645,1788877397.8540,6,348.77,1216.01,1564.79,17.8,15819.3,40223.0,2371.8,5588.141,3041.650,70603.904,3189584:13;3189613:275;3189614:335;3189615:322;3189616:271
111096.7767,1788877397.9663,6,348.77,1216.15,1564.93,0.0,15819.3,40223.0,2371.8,5588.571,3041.665,70603.904,3189584:13;3189613:275;3189614:335;3189615:322;3189616:271
111096.8860,1788877398.0755,6,348.77,1216.15,1564.92,36.7,15819.0,40223.2,2371.8,5589.415,3041.680,70603.904,3189584:13;3189613:275;3189614:335;3189615:322;3189616:271
111096.9951,1788877398.1847,6,348.77,1216.23,1565.00,45.0,15822.8,40219.5,2371.8,5590.358,3042.258,70603.904,3189584:13;3189613:275;3189614:335;3189615:322;3189616:271
111097.1067,1788877398.2962,6,348.77,1216.38,1565.15,81.1,15875.4,40166.8,2371.8,5590.701,3042.420,70603.904,3189584:13;3189613:274;3189614:335;3189615:322;3189616:272
111097.2170,1788877398.4066,6,348.77,1216.77,1565.54,0.0,15840.6,40201.6,2371.8,5591.072,3042.586,70604.002,3189584:13;3189613:274;3189614:335;3189615:322;3189616:272
111097.3276,1788877398.5172,6,348.77,1217.73,1566.50,53.4,15841.5,40200.7,2371.8,5591.436,3042.884,70604.002,3189584:13;3189613:274;3189614:336;3189615:322;3189616:273
111097.4401,1788877398.6297,6,348.77,1219.64,1568.42,45.1,15842.3,40200.0,2371.8,5592.387,3042.906,70604.002,3189584:13;3189613:274;3189614:336;3189615:323;3189616:273
111097.5507,1788877398.7402,6,348.77,1220.04,1568.82,18.4,15842.3,40200.0,2371.8,5592.977,3042.917,70604.002,3189584:13;3189613:274;3189614:336;3189615:323;3189616:274
111097.6592,1788877398.8487,6,348.77,1222.01,1570.78,64.1,15843.4,40198.9,2371.8,5593.315,3042.925,70604.002,3189584:13;3189613:274;3189614:336;3189615:325;3189616:274
111097.7686,1788877398.9581,6,348.77,1221.92,1570.70,71.5,15843.4,40198.9,2371.8,5593.956,3042.946,70604.006,3189584:13;3189613:274;3189614:336;3189615:325;3189616:273
111097.8807,1788877399.0702,6,348.77,1221.96,1570.73,17.9,15844.7,40197.5,2371.8,5594.719,3042.962,70604.006,3189584:13;3189613:274;3189614:336;3189615:326;3189616:273
111097.9923,1788877399.1818,6,348.77,1223.09,1571.86,45.0,15844.4,40197.8,2371.8,5595.265,3043.050,70604.006,3189584:13;3189613:275;3189614:336;3189615:326;3189616:273
111098.1035,1788877399.2931,6,348.77,1223.82,1572.60,54.8,15844.4,40197.8,2371.8,5595.761,3043.062,70604.006,3189584:13;3189613:275;3189614:337;3189615:326;3189616:273
111098.2129,1788877399.4024,6,348.77,1225.01,1573.78,46.0,15844.4,40197.8,2371.8,5596.133,3043.077,70604.006,3189584:13;3189613:275;3189614:337;3189615:327;3189616:273
111098.3219,1788877399.5114,6,348.77,1225.26,1574.04,18.2,15844.9,40197.3,2371.8,5596.648,3043.087,70604.006,3189584:13;3189613:275;3189614:336;3189615:327;3189616:274
111098.4324,1788877399.6220,6,348.77,1225.58,1574.35,36.5,15843.9,40198.3,2371.8,5597.205,3043.097,70604.006,3189584:13;3189613:275;3189614:336;3189615:327;3189616:274
111098.5414,1788877399.7310,6,348.77,1225.92,1574.70,17.6,15843.9,40198.3,2371.8,5597.434,3043.108,70604.006,3189584:13;3189613:275;3189614:336;3189615:327;3189616:274
111098.6552,1788877399.8447,6,348.77,1229.46,1578.24,62.8,15848.8,40193.4,2371.8,5597.671,3043.121,70604.006,3189584:13;3189613:277;3189614:337;3189615:328;3189616:275
111098.7665,1788877399.9560,6,348.77,1232.21,1580.98,18.2,15848.8,40193.4,2371.8,5598.037,3043.131,70604.018,3189584:13;3189613:277;3189614:340;3189615:328;3189616:275
111098.8773,1788877400.0668,6,348.77,1230.80,1579.58,36.1,15846.5,40195.7,2371.8,5598.277,3043.141,70604.018,3189584:13;3189613:277;3189614:338;3189615:328;3189616:275
111098.9873,1788877400.1769,6,348.77,1231.54,1580.31,73.5,15846.2,40196.0,2371.8,5598.686,3043.155,70604.018,3189584:13;3189613:277;3189614:338;3189615:329;3189616:275
111099.0966,1788877400.2861,6,348.77,1232.33,1581.11,36.7,15847.0,40195.2,2371.8,5599.068,3043.171,70604.018,3189584:13;3189613:277;3189614:338;3189615:329;3189616:275
111099.2054,1788877400.3949,6,348.77,1232.51,1581.29,8.9,15847.0,40195.2,2371.8,5599.626,3043.186,70604.018,3189584:13;3189613:277;3189614:339;3189615:329;3189616:275
111099.3178,1788877400.5074,6,348.77,1232.09,1580.86,45.8,15847.2,40195.0,2371.8,5600.059,3043.199,70604.018,3189584:13;3189613:277;3189614:339;3189615:329;3189616:274
111099.4269,1788877400.6164,6,348.77,1234.30,1583.07,45.5,15851.1,40191.1,2371.8,5600.251,3043.210,70604.018,3189584:13;3189613:277;3189614:341;3189615:329;3189616:275
111099.5372,1788877400.7267,6,348.77,1236.21,1584.98,54.8,15851.1,40191.1,2371.8,5600.752,3043.227,70604.018,3189584:13;3189613:278;3189614:342;3189615:329;3189616:275
111099.6465,1788877400.8361,6,348.77,1236.47,1585.25,9.2,15851.4,40190.9,2371.8,5601.307,3043.240,70604.018,3189584:13;3189613:278;3189614:342;3189615:329;3189616:275
111099.7555,1788877400.9451,6,348.77,1237.00,1585.78,45.3,15851.4,40190.9,2371.8,5602.010,3043.254,70604.018,3189584:13;3189613:278;3189614:342;3189615:329;3189616:275
111099.8658,1788877401.0553,6,348.77,1238.05,1586.83,54.7,15854.9,40187.4,2371.8,5602.453,3043.268,70604.018,3189584:13;3189613:278;3189614:342;3189615:329;3189616:275
111099.9752,1788877401.1647,6,348.77,1239.05,1587.82,35.9,15854.9,40187.4,2371.8,5603.110,3043.290,70604.018,3189584:13;3189613:279;3189614:342;3189615:329;3189616:275
111100.0866,1788877401.2762,6,348.77,1239.24,1588.01,9.0,15854.9,40187.4,2371.8,5603.739,3043.299,70604.018,3189584:13;3189613:279;3189614:342;3189615:329;3189616:275
111100.1977,1788877401.3872,6,348.77,1240.11,1588.89,0.0,15854.9,40187.4,2371.8,5604.403,3043.312,70604.018,3189584:13;3189613:279;3189614:343;3189615:330;3189616:275
111100.3070,1788877401.4965,6,348.77,1240.45,1589.23,27.0,15854.9,40187.4,2371.8,5604.904,3043.324,70604.018,3189584:13;3189613:280;3189614:343;3189615:330;3189616:276
111100.4187,1788877401.6082,6,348.77,1240.94,1589.71,54.8,15855.1,40187.1,2371.8,5605.427,3043.338,70604.018,3189584:13;3189613:280;3189614:342;3189615:330;3189616:276
111100.5278,1788877401.7173,6,348.77,1241.06,1589.83,9.1,15855.1,40187.1,2371.8,5606.127,3043.354,70604.018,3189584:13;3189613:280;3189614:342;3189615:330;3189616:276
111100.6378,1788877401.8273,6,348.77,1241.43,1590.21,0.0,15855.1,40187.1,2371.8,5606.803,3043.369,70604.018,3189584:13;3189613:280;3189614:343;3189615:330;3189616:276
111100.7486,1788877401.9382,6,348.77,1241.48,1590.25,9.0,15855.1,40187.1,2371.8,5607.318,3043.379,70604.018,3189584:13;3189613:280;3189614:343;3189615:330;3189616:276
111100.8593,1788877402.0489,6,348.77,1239.97,1588.74,45.4,15862.5,40179.7,2371.8,5608.001,3043.393,70604.029,3189584:13;3189613:279;3189614:343;3189615:330;3189616:275
111100.9690,1788877402.1586,6,348.77,1240.15,1588.93,45.5,15862.5,40179.7,2371.8,5608.515,3043.407,70604.029,3189584:13;3189613:279;3189614:343;3189615:330;3189616:275
111101.0797,1788877402.2693,6,348.77,1241.42,1590.20,35.7,15859.0,40183.2,2371.8,5609.062,3043.420,70604.029,3189584:13;3189613:279;3189614:344;3189615:330;3189616:275
111101.1906,1788877402.3802,6,348.77,1243.33,1592.10,54.4,15859.0,40183.2,2371.8,5609.361,3043.437,70604.029,3189584:13;3189613:280;3189614:344;3189615:331;3189616:275
111101.3010,1788877402.4905,6,348.77,1245.02,1593.79,63.3,15862.7,40179.5,2371.8,5610.020,3043.456,70604.029,3189584:13;3189613:280;3189614:345;3189615:332;3189616:275
111101.4115,1788877402.6010,6,348.77,1246.02,1594.79,64.2,15862.7,40179.5,2371.8,5610.452,3043.470,70604.029,3189584:13;3189613:280;3189614:345;3189615:332;3189616:276
111101.5210,1788877402.7105,6,348.77,1246.30,1595.07,27.3,15862.7,40179.5,2371.8,5611.073,3043.491,70604.029,3189584:13;3189613:280;3189614:345;3189615:333;3189616:276
111101.6311,1788877402.8206,6,348.77,1247.52,1596.29,54.6,15862.9,40179.3,2371.8,5611.505,3043.507,70604.029,3189584:13;3189613:280;3189614:346;3189615:333;3189616:276
111101.7408,1788877402.9304,6,348.77,1248.47,1597.24,44.9,15863.4,40178.8,2371.8,5611.837,3043.522,70604.029,3189584:13;3189613:280;3189614:346;3189615:333;3189616:276
111101.8524,1788877403.0419,6,348.90,1249.70,1598.60,91.0,15875.1,40167.1,2371.8,5612.027,3043.534,70604.029,3189584:13;3189613:281;3189614:347;3189615:333;3189616:276
111101.9620,1788877403.1516,6,348.90,1250.34,1599.24,45.2,15875.1,40167.1,2371.8,5612.597,3043.548,70604.029,3189584:13;3189613:281;3189614:347;3189615:334;3189616:276
111102.0726,1788877403.2621,6,348.90,1250.78,1599.68,18.3,15875.1,40167.1,2371.8,5613.240,3043.559,70604.029,3189584:13;3189613:282;3189614:347;3189615:334;3189616:276
111102.1818,1788877403.3714,6,348.90,1251.37,1600.27,36.4,15875.1,40167.1,2371.8,5613.635,3043.572,70604.029,3189584:13;3189613:282;3189614:347;3189615:334;3189616:276
111102.2920,1788877403.4815,6,348.90,1253.41,1602.31,44.8,15878.2,40164.0,2371.8,5614.298,3043.590,70604.029,3189584:13;3189613:283;3189614:347;3189615:335;3189616:276
111102.4034,1788877403.5930,6,348.90,1254.02,1602.92,27.3,15878.2,40164.0,2371.8,5614.909,3043.604,70604.029,3189584:13;3189613:283;3189614:347;3189615:335;3189616:276
111102.5131,1788877403.7027,6,348.90,1254.94,1603.84,64.1,15876.9,40165.3,2371.8,5615.484,3043.620,70604.029,3189584:13;3189613:283;3189614:347;3189615:335;3189616:277
111102.6224,1788877403.8119,6,348.90,1255.19,1604.09,9.0,15876.9,40165.3,2371.8,5616.112,3043.631,70604.029,3189584:13;3189613:283;3189614:347;3189615:335;3189616:277
111102.7331,1788877403.9226,6,348.90,1256.03,1604.93,9.1,15876.9,40165.3,2371.8,5616.670,3043.644,70604.029,3189584:13;3189613:284;3189614:347;3189615:335;3189616:277
111102.8434,1788877404.0330,6,348.90,1255.57,1604.46,54.0,15876.7,40165.5,2371.8,5617.068,3043.658,70604.029,3189584:13;3189613:284;3189614:347;3189615:335;3189616:277
111102.9540,1788877404.1435,6,348.90,1256.64,1605.54,36.5,15876.7,40165.5,2371.8,5617.568,3043.671,70604.029,3189584:13;3189613:284;3189614:347;3189615:335;3189616:277
111103.0641,1788877404.2536,6,348.90,1257.22,1606.12,45.5,15877.5,40164.7,2371.8,5617.778,3043.681,70604.029,3189584:13;3189613:284;3189614:348;3189615:335;3189616:277
111103.1731,1788877404.3626,6,348.90,1258.36,1607.26,8.9,15877.5,40164.7,2371.8,5618.431,3043.692,70604.029,3189584:13;3189613:284;3189614:348;3189615:335;3189616:278
111103.2851,1788877404.4746,6,348.90,1258.49,1607.39,35.9,15878.0,40164.3,2371.8,5618.927,3043.713,70604.029,3189584:13;3189613:284;3189614:348;3189615:336;3189616:277
111103.3963,1788877404.5858,6,348.90,1259.83,1608.73,27.0,15878.0,40164.3,2371.8,5619.487,3043.734,70604.029,3189584:13;3189613:284;3189614:349;3189615:336;3189616:277
111103.5080,1788877404.6976,6,348.90,1259.94,1608.84,45.9,15878.0,40164.3,2371.8,5619.974,3043.744,70604.029,3189584:13;3189613:284;3189614:349;3189615:336;3189616:277
111103.6168,1788877404.8063,6,348.90,1260.83,1609.73,27.0,15878.0,40164.3,2371.8,5620.531,3043.759,70604.029,3189584:13;3189613:285;3189614:349;3189615:336;3189616:278
111103.7276,1788877404.9171,6,348.90,1259.90,1608.80,27.4,15885.8,40156.4,2371.8,5621.031,3043.770,70604.029,3189584:13;3189613:285;3189614:349;3189615:337;3189616:276
111103.8369,1788877405.0265,6,348.90,1260.72,1609.62,54.0,15886.5,40155.8,2371.8,5621.556,3043.786,70604.029,3189584:13;3189613:285;3189614:349;3189615:337;3189616:276
111103.9483,1788877405.1379,6,348.90,1261.88,1610.78,36.0,15887.0,40155.3,2371.8,5621.784,3043.798,70604.029,3189584:13;3189613:285;3189614:349;3189615:338;3189616:277
111104.0595,1788877405.2490,6,348.90,1262.64,1611.54,45.2,15885.9,40156.4,2371.8,5622.306,3043.812,70604.029,3189584:13;3189613:286;3189614:349;3189615:338;3189616:277
111104.1701,1788877405.3596,6,348.90,1263.02,1611.92,9.2,15885.9,40156.4,2371.8,5622.819,3043.822,70604.029,3189584:13;3189613:286;3189614:349;3189615:339;3189616:277
111104.2790,1788877405.4685,6,348.90,1263.54,1612.44,63.6,15886.8,40155.5,2371.8,5623.292,3043.836,70604.029,3189584:13;3189613:286;3189614:349;3189615:339;3189616:277
111104.3896,1788877405.5791,6,348.90,1264.72,1613.62,27.2,15884.0,40158.2,2371.8,5623.832,3043.846,70604.029,3189584:13;3189613:286;3189614:349;3189615:339;3189616:277
111104.4995,1788877405.6891,6,348.90,1264.80,1613.70,36.5,15882.7,40159.6,2371.8,5624.388,3043.863,70604.029,3189584:13;3189613:286;3189614:349;3189615:339;3189616:277
111104.6089,1788877405.7985,6,348.90,1264.70,1613.59,18.2,15882.7,40159.6,2371.8,5624.820,3043.874,70604.029,3189584:13;3189613:286;3189614:349;3189615:340;3189616:277
111104.7194,1788877405.9089,6,348.90,1265.95,1614.84,26.9,15882.7,40159.6,2371.8,5625.454,3043.889,70604.029,3189584:13;3189613:286;3189614:349;3189615:340;3189616:277
111104.8311,1788877406.0207,6,348.90,1266.57,1615.47,27.0,15880.1,40162.1,2371.8,5625.820,3043.898,70604.029,3189584:13;3189613:286;3189614:349;3189615:341;3189616:277
111104.9414,1788877406.1310,6,348.90,1266.09,1614.98,45.4,15879.1,40163.1,2371.8,5626.547,3043.913,70604.033,3189584:13;3189613:286;3189614:349;3189615:340;3189616:277
111105.0517,1788877406.2413,6,348.90,1266.09,1614.98,0.0,15879.1,40163.1,2371.8,5627.048,3043.925,70604.033,3189584:13;3189613:286;3189614:349;3189615:340;3189616:277
111105.1608,1788877406.3504,6,348.90,1266.15,1615.05,27.5,15880.3,40162.0,2371.8,5627.686,3043.939,70604.033,3189584:13;3189613:286;3189614:349;3189615:341;3189616:277
111105.2700,1788877406.4596,6,348.90,1266.89,1615.79,18.2,15880.3,40162.0,2371.8,5628.108,3043.948,70604.033,3189584:13;3189613:287;3189614:349;3189615:341;3189616:277
111105.3803,1788877406.5698,6,348.90,1267.15,1616.05,36.5,15880.3,40162.0,2371.8,5628.669,3043.965,70604.033,3189584:13;3189613:287;3189614:349;3189615:341;3189616:277
111105.4895,1788877406.6791,6,348.90,1267.55,1616.45,9.2,15880.0,40162.2,2371.8,5629.134,3043.974,70604.033,3189584:13;3189613:287;3189614:349;3189615:341;3189616:277
111105.5988,1788877406.7883,6,348.90,1267.62,1616.52,27.1,15880.3,40162.0,2371.8,5629.503,3043.987,70604.033,3189584:13;3189613:287;3189614:350;3189615:341;3189616:277
111105.7093,1788877406.8989,6,348.90,1267.75,1616.65,9.2,15880.3,40162.0,2371.8,5630.012,3043.997,70604.033,3189584:13;3189613:287;3189614:350;3189615:341;3189616:277
111105.8185,1788877407.0080,6,348.90,1268.11,1617.01,27.6,15879.6,40162.6,2371.8,5630.695,3044.019,70604.033,3189584:13;3189613:287;3189614:350;3189615:341;3189616:277
111105.9275,1788877407.1170,6,348.90,1268.50,1617.39,18.3,15880.1,40162.1,2371.8,5631.081,3044.031,70604.033,3189584:13;3189613:287;3189614:350;3189615:341;3189616:277
111106.0373,1788877407.2268,6,348.90,1268.87,1617.77,45.2,15880.1,40162.1,2371.8,5631.804,3044.043,70604.033,3189584:13;3189613:287;3189614:350;3189615:341;3189616:277
111106.1487,1788877407.3383,6,348.90,1268.72,1617.62,35.9,15884.6,40157.7,2371.8,5632.313,3044.060,70604.033,3189584:13;3189613:287;3189614:350;3189615:341;3189616:277
111106.2590,1788877407.4485,6,348.90,1274.84,1623.73,127.4,15883.7,40158.5,2371.8,5632.557,3044.078,70604.033,3189584:13;3189613:288;3189614:351;3189615:345;3189616:278
111106.3692,1788877407.5587,6,348.90,1275.29,1624.19,55.0,15883.7,40158.5,2371.8,5632.977,3044.093,70604.033,3189584:13;3189613:288;3189614:352;3189615:344;3189616:278
111106.4778,1788877407.6674,6,348.90,1276.77,1625.67,63.7,15883.7,40158.5,2371.8,5633.641,3044.113,70604.033,3189584:13;3189613:289;3189614:352;3189615:345;3189616:278
111106.5881,1788877407.7776,6,348.90,1276.30,1625.20,54.6,15885.5,40156.8,2371.8,5633.931,3044.127,70604.033,3189584:13;3189613:289;3189614:352;3189615:345;3189616:277
111106.6973,1788877407.8868,6,348.90,1277.26,1626.16,54.1,15885.5,40156.8,2371.8,5634.475,3044.143,70604.033,3189584:13;3189613:289;3189614:352;3189615:345;3189616:277
111106.8088,1788877407.9984,6,348.90,1278.16,1627.05,18.2,15885.7,40156.5,2371.8,5634.963,3044.155,70604.033,3189584:13;3189613:290;3189614:353;3189615:346;3189616:277
111106.9178,1788877408.1073,6,348.90,1278.16,1627.05,9.1,15885.7,40156.5,2371.8,5635.715,3044.169,70604.033,3189584:13;3189613:290;3189614:353;3189615:346;3189616:277
111107.0276,1788877408.2172,6,348.90,1278.76,1627.66,18.4,15885.9,40156.3,2371.8,5636.132,3044.177,70604.033,3189584:13;3189613:290;3189614:353;3189615:346;3189616:277
111107.1366,1788877408.3262,6,348.90,1278.59,1627.48,36.1,15890.4,40151.8,2371.8,5636.736,3044.191,70604.033,3189584:13;3189613:290;3189614:353;3189615:346;3189616:277
111107.2481,1788877408.4376,6,348.90,1278.43,1627.33,8.9,15890.4,40151.9,2371.8,5637.243,3044.201,70604.033,3189584:13;3189613:290;3189614:353;3189615:346;3189616:277
111107.3594,1788877408.5489,6,348.90,1278.93,1627.83,0.0,15890.4,40151.9,2371.8,5637.893,3044.212,70604.033,3189584:13;3189613:290;3189614:353;3189615:346;3189616:277
111107.4687,1788877408.6583,6,348.90,1279.60,1628.50,18.2,15890.4,40151.9,2371.8,5638.309,3044.221,70604.033,3189584:13;3189613:290;3189614:353;3189615:346;3189616:277
111107.5781,1788877408.7676,6,348.90,1279.84,1628.73,27.3,15890.9,40151.4,2371.8,5638.907,3044.231,70604.033,3189584:13;3189613:290;3189614:353;3189615:346;3189616:277
111107.6877,1788877408.8772,6,348.90,1280.59,1629.48,18.1,15890.9,40151.4,2371.8,5639.428,3044.242,70604.033,3189584:13;3189613:290;3189614:353;3189615:347;3189616:277
111107.7979,1788877408.9875,6,348.90,1281.61,1630.51,36.1,15890.9,40151.4,2371.8,5639.870,3044.257,70604.033,3189584:13;3189613:290;3189614:354;3189615:347;3189616:277
111107.9084,1788877409.0980,6,348.90,1281.59,1630.48,36.8,15890.4,40151.8,2371.8,5640.286,3044.267,70604.033,3189584:13;3189613:290;3189614:354;3189615:347;3189616:277
111108.0172,1788877409.2068,6,348.90,1282.84,1631.73,45.0,15891.4,40150.8,2371.8,5640.724,3044.284,70604.033,3189584:13;3189613:291;3189614:354;3189615:347;3189616:277
111108.1288,1788877409.3183,6,348.90,1283.75,1632.65,27.4,15892.3,40149.9,2371.8,5641.244,3044.298,70604.033,3189584:13;3189613:292;3189614:354;3189615:348;3189616:277
111108.2378,1788877409.4273,6,348.90,1284.24,1633.14,45.7,15893.6,40148.7,2371.8,5641.741,3044.315,70604.033,3189584:13;3189613:292;3189614:354;3189615:348;3189616:277
111108.3481,1788877409.5376,6,348.90,1284.37,1633.27,0.0,15893.6,40148.7,2371.8,5642.321,3044.329,70604.033,3189584:13;3189613:292;3189614:354;3189615:348;3189616:277
111108.4570,1788877409.6465,6,348.90,1284.62,1633.52,18.0,15892.6,40149.6,2371.8,5643.061,3044.344,70604.033,3189584:13;3189613:292;3189614:354;3189615:348;3189616:277
111108.5686,1788877409.7582,6,348.90,1284.68,1633.57,18.2,15884.1,40158.1,2371.8,5643.440,3044.353,70604.033,3189584:13;3189613:292;3189614:354;3189615:348;3189616:277
111108.6787,1788877409.8682,6,348.90,1285.96,1634.86,36.0,15888.3,40154.0,2371.8,5644.183,3044.372,70604.033,3189584:13;3189613:292;3189614:354;3189615:349;3189616:278
111108.7907,1788877409.9803,6,348.90,1286.64,1635.54,27.2,15888.3,40154.0,2371.8,5644.519,3044.380,70604.033,3189584:13;3189613:293;3189614:354;3189615:349;3189616:278
111108.8998,1788877410.0894,6,348.90,1286.89,1635.79,9.2,15886.9,40155.3,2371.8,5645.290,3044.395,70604.033,3189584:13;3189613:293;3189614:354;3189615:349;3189616:278
111109.0093,1788877410.1988,6,348.90,1286.55,1635.45,36.0,15886.4,40155.8,2371.8,5645.769,3044.406,70604.033,3189584:13;3189613:293;3189614:354;3189615:349;3189616:278
111109.1202,1788877410.3097,6,348.90,1287.30,1636.20,18.2,15886.4,40155.8,2371.8,5646.339,3044.419,70604.033,3189584:13;3189613:294;3189614:354;3189615:349;3189616:278
111109.2302,1788877410.4197,6,348.90,1288.16,1637.05,54.6,15886.4,40155.8,2371.8,5646.501,3044.430,70604.033,3189584:13;3189613:294;3189614:354;3189615:349;3189616:278
111109.3407,1788877410.5302,6,348.90,1289.54,1638.44,81.2,15889.7,40152.5,2371.8,5647.001,3044.447,70604.033,3189584:13;3189613:294;3189614:355;3189615:349;3189616:278
111109.4520,1788877410.6415,6,348.90,1290.46,1639.36,45.6,15889.6,40152.6,2371.8,5647.328,3044.456,70604.033,3189584:13;3189613:295;3189614:355;3189615:350;3189616:278
111109.5607,1788877410.7502,6,348.90,1291.90,1640.80,36.0,15889.8,40152.4,2371.8,5647.972,3044.474,70604.033,3189584:13;3189613:295;3189614:356;3189615:350;3189616:278
111109.6723,1788877410.8619,6,348.90,1292.34,1641.24,44.5,15889.8,40152.4,2371.8,5648.280,3044.487,70604.033,3189584:13;3189613:295;3189614:356;3189615:351;3189616:278
111109.7839,1788877410.9735,6,348.90,1293.21,1642.11,45.6,15889.8,40152.4,2371.8,5648.984,3044.505,70604.033,3189584:13;3189613:295;3189614:356;3189615:351;3189616:278
111109.8934,1788877411.0829,6,348.90,1293.24,1642.14,9.2,15888.4,40153.8,2371.8,5649.288,3044.513,70604.033,3189584:13;3189613:295;3189614:356;3189615:352;3189616:278
111110.0026,1788877411.1921,6,349.02,1294.69,1643.71,91.0,15886.3,40155.9,2371.8,5649.823,3044.527,70604.033,3189584:13;3189613:295;3189614:356;3189615:352;3189616:278
111110.1128,1788877411.3023,6,349.02,1297.20,1646.23,54.4,15886.3,40155.9,2371.8,5650.077,3044.542,70604.033,3189584:13;3189613:295;3189614:357;3189615:354;3189616:279
111110.2233,1788877411.4128,6,349.02,1298.05,1647.07,44.7,15886.3,40155.9,2371.8,5650.696,3044.562,70604.033,3189584:13;3189613:295;3189614:357;3189615:354;3189616:279
111110.3354,1788877411.5249,6,349.02,1298.41,1647.44,9.1,15886.3,40155.9,2371.8,5651.043,3044.570,70604.033,3189584:13;3189613:296;3189614:357;3189615:354;3189616:279
111110.4448,1788877411.6343,6,349.02,1298.23,1647.25,119.0,15884.6,40157.6,2371.8,5651.513,3044.585,70604.033,3189584:13;3189613:296;3189614:357;3189615:354;3189616:278
111110.5542,1788877411.7437,6,349.02,1299.10,1648.12,27.1,15884.6,40157.6,2371.8,5651.960,3044.596,70604.033,3189584:13;3189613:297;3189614:357;3189615:354;3189616:278
111110.6650,1788877411.8545,6,349.02,1299.83,1648.86,27.0,15884.6,40157.6,2371.8,5652.720,3044.618,70604.033,3189584:13;3189613:297;3189614:358;3189615:354;3189616:278
111110.7763,1788877411.9658,6,349.02,1300.91,1649.94,26.7,15884.6,40157.6,2371.8,5653.071,3044.628,70604.033,3189584:13;3189613:298;3189614:358;3189615:355;3189616:278
111110.8880,1788877412.0776,6,349.02,1301.71,1650.73,73.1,15884.6,40157.6,2371.8,5653.505,3044.651,70604.033,3189584:13;3189613:298;3189614:358;3189615:355;3189616:278
111110.9972,1788877412.1868,6,349.02,1301.83,1650.86,9.1,15885.3,40156.9,2371.8,5653.901,3044.659,70604.033,3189584:13;3189613:298;3189614:358;3189615:355;3189616:278
111111.1073,1788877412.2968,6,349.02,1302.33,1651.36,54.5,15884.6,40157.7,2371.8,5654.665,3044.680,70604.033,3189584:13;3189613:298;3189614:358;3189615:355;3189616:278
111111.2174,1788877412.4070,6,349.02,1303.34,1652.36,27.6,15884.8,40157.4,2371.8,5654.881,3044.692,70604.033,3189584:13;3189613:299;3189614:358;3189615:355;3189616:278
111111.3261,1788877412.5156,6,349.02,1304.82,1653.85,27.1,15887.9,40154.3,2371.8,5655.795,3044.712,70604.033,3189584:13;3189613:300;3189614:358;3189615:355;3189616:278
111111.4372,1788877412.6268,6,349.02,1304.89,1653.92,0.0,15887.9,40154.3,2371.8,5656.159,3044.720,70604.033,3189584:13;3189613:300;3189614:358;3189615:355;3189616:278
111111.5473,1788877412.7369,6,349.02,1305.31,1654.33,18.4,15887.9,40154.3,2371.8,5656.782,3044.734,70604.033,3189584:13;3189613:300;3189614:359;3189615:355;3189616:278
111111.6562,1788877412.8458,6,349.02,1305.96,1654.99,9.1,15887.9,40154.3,2371.8,5657.225,3044.744,70604.033,3189584:13;3189613:300;3189614:359;3189615:355;3189616:279
111111.7658,1788877412.9554,6,349.02,1306.49,1655.52,64.2,15887.5,40154.7,2371.8,5657.770,3044.760,70604.033,3189584:13;3189613:300;3189614:359;3189615:355;3189616:280
111111.8750,1788877413.0645,6,349.02,1306.55,1655.57,27.3,15887.3,40155.0,2371.8,5658.220,3044.770,70604.033,3189584:13;3189613:300;3189614:359;3189615:355;3189616:280
111111.9849,1788877413.1744,6,349.02,1307.64,1656.66,27.1,15887.3,40155.0,2371.8,5658.872,3044.786,70604.033,3189584:13;3189613:300;3189614:359;3189615:355;3189616:280
111112.0957,1788877413.2852,6,349.02,1307.94,1656.96,36.4,15897.8,40144.5,2371.8,5659.281,3044.794,70604.033,3189584:13;3189613:300;3189614:359;3189615:356;3189616:280
111112.2053,1788877413.3949,6,349.02,1312.00,1661.02,73.5,15896.9,40145.3,2371.8,5659.713,3044.811,70604.033,3189584:13;3189613:303;3189614:359;3189615:356;3189616:281
111112.3153,1788877413.5048,6,349.02,1312.25,1661.28,17.8,15896.9,40145.3,2371.8,5660.236,3044.823,70604.033,3189584:13;3189613:303;3189614:359;3189615:356;3189616:281
111112.4263,1788877413.6158,6,349.02,1312.45,1661.47,9.0,15897.9,40144.3,2371.8,5660.973,3044.841,70604.033,3189584:13;3189613:303;3189614:359;3189615:357;3189616:281
111112.5376,1788877413.7271,6,349.02,1313.12,1662.14,45.0,15909.9,40132.3,2371.8,5661.241,3044.849,70604.033,3189584:13;3189613:303;3189614:359;3189615:357;3189616:281
111112.6484,1788877413.8380,6,349.02,1317.16,1666.18,26.7,15914.4,40127.9,2371.8,5661.991,3044.862,70604.033,3189584:13;3189613:308;3189614:359;3189615:357;3189616:280
111112.7605,1788877413.9500,6,349.02,1309.63,1658.66,27.4,15918.0,40124.2,2371.8,5662.377,3044.871,70604.033,3189584:13;3189613:303;3189614:359;3189615:357;3189616:277
111112.8696,1788877414.0591,6,349.02,1310.18,1659.20,26.8,15916.9,40125.3,2371.8,5663.208,3044.891,70604.033,3189584:13;3189613:304;3189614:359;3189615:357;3189616:277
111112.9822,1788877414.1717,6,349.02,1311.02,1660.05,18.2,15916.9,40125.3,2371.8,5663.587,3044.900,70604.033,3189584:13;3189613:304;3189614:359;3189615:358;3189616:278
111113.0909,1788877414.2805,6,349.02,1312.32,1661.34,63.7,15924.5,40117.8,2371.8,5664.345,3044.920,70604.033,3189584:13;3189613:305;3189614:359;3189615:358;3189616:278
111113.2008,1788877414.3903,6,349.02,1312.62,1661.64,27.5,15924.8,40117.4,2371.8,5664.679,3044.932,70604.033,3189584:13;3189613:305;3189614:359;3189615:358;3189616:278
111113.3099,1788877414.4994,6,349.02,1313.04,1662.07,9.1,15924.8,40117.4,2371.8,5665.558,3044.950,70604.033,3189584:13;3189613:306;3189614:359;3189615:358;3189616:278
111113.4194,1788877414.6089,6,349.02,1313.45,1662.47,35.5,15924.8,40117.4,2371.8,5665.947,3044.962,70604.033,3189584:13;3189613:306;3189614:359;3189615:358;3189616:278
111113.5322,1788877414.7217,6,349.02,1314.44,1663.46,45.5,15924.8,40117.4,2371.8,5666.803,3044.982,70604.033,3189584:13;3189613:306;3189614:359;3189615:359;3189616:278
111113.6434,1788877414.8330,6,349.02,1314.65,1663.68,9.1,15924.8,40117.4,2371.8,5667.078,3044.992,70604.033,3189584:13;3189613:306;3189614:359;3189615:359;3189616:278
111113.7525,1788877414.9420,6,349.02,1315.67,1664.70,45.5,15925.0,40117.2,2371.8,5667.916,3045.013,70604.033,3189584:13;3189613:306;3189614:359;3189615:359;3189616:278
111113.8628,1788877415.0524,6,349.02,1316.05,1665.07,9.1,15924.7,40117.5,2371.8,5668.240,3045.020,70604.033,3189584:13;3189613:306;3189614:359;3189615:359;3189616:278
111113.9717,1788877415.1612,6,349.02,1317.38,1666.40,73.6,15924.7,40117.5,2371.8,5669.089,3045.041,70604.033,3189584:13;3189613:306;3189614:360;3189615:361;3189616:278
111114.0806,1788877415.2701,6,349.02,1317.23,1666.25,27.6,15936.4,40105.8,2371.8,5669.405,3045.053,70604.033,3189584:13;3189613:306;3189614:360;3189615:360;3189616:278
111114.1899,1788877415.3794,6,349.02,1319.22,1668.24,55.0,15936.6,40105.6,2371.8,5670.235,3045.077,70604.033,3189584:13;3189613:307;3189614:360;3189615:361;3189616:278
111114.2990,1788877415.4885,6,349.02,1319.84,1668.87,36.4,15936.6,40105.6,2371.8,5670.634,3045.088,70604.033,3189584:13;3189613:307;3189614:360;3189615:361;3189616:278
111114.4087,1788877415.5982,6,349.02,1321.02,1670.05,45.5,15936.9,40105.4,2371.8,5671.400,3045.118,70604.033,3189584:13;3189613:308;3189614:361;3189615:362;3189616:278
111114.5190,1788877415.7086,6,349.15,1321.52,1670.67,18.4,15936.9,40105.4,2371.8,5671.823,3045.127,70604.033,3189584:13;3189613:308;3189614:361;3189615:362;3189616:278
111114.6279,1788877415.8174,6,349.15,1322.00,1671.14,27.3,15936.9,40105.4,2371.8,5672.484,3045.142,70604.033,3189584:13;3189613:308;3189614:361;3189615:362;3189616:278
111114.7377,1788877415.9272,6,349.15,1322.00,1671.14,0.0,15936.9,40105.4,2371.8,5672.854,3045.150,70604.033,3189584:13;3189613:308;3189614:361;3189615:362;3189616:278
111114.8482,1788877416.0377,6,349.15,1322.64,1671.79,45.1,15934.0,40108.2,2371.8,5673.511,3045.171,70604.033,3189584:13;3189613:308;3189614:361;3189615:362;3189616:279
111114.9589,1788877416.1484,6,349.15,1324.64,1673.79,45.1,15934.6,40107.7,2371.8,5673.958,3045.180,70604.033,3189584:13;3189613:308;3189614:362;3189615:363;3189616:279
111115.0697,1788877416.2592,6,349.15,1325.63,1674.78,64.1,15934.6,40107.7,2371.8,5674.438,3045.202,70604.033,3189584:13;3189613:308;3189614:362;3189615:363;3189616:279
111115.1788,1788877416.3683,6,349.15,1326.18,1675.32,36.1,15934.6,40107.7,2371.8,5674.766,3045.215,70604.033,3189584:13;3189613:308;3189614:362;3189615:363;3189616:279
111115.2893,1788877416.4788,6,349.15,1328.98,1678.13,82.0,15934.5,40107.7,2371.8,5675.286,3045.241,70604.033,3189584:13;3189613:309;3189614:363;3189615:364;3189616:280
111115.3990,1788877416.5886,6,349.15,1329.64,1678.79,54.6,15934.7,40107.5,2371.8,5675.766,3045.254,70604.033,3189584:13;3189613:310;3189614:363;3189615:364;3189616:280
111115.5088,1788877416.6984,6,349.15,1331.18,1680.33,54.4,15934.4,40107.8,2371.8,5676.303,3045.272,70604.033,3189584:13;3189613:310;3189614:364;3189615:364;3189616:280
111115.6193,1788877416.8088,6,349.15,1331.52,1680.67,18.2,15934.4,40107.8,2371.8,5676.494,3045.283,70604.033,3189584:13;3189613:310;3189614:364;3189615:364;3189616:280
111115.7287,1788877416.9183,6,349.15,1332.02,1681.17,18.0,15934.4,40107.8,2371.8,5677.306,3045.300,70604.033,3189584:13;3189613:311;3189614:364;3189615:364;3189616:280
111115.8397,1788877417.0293,6,349.15,1333.65,1682.80,63.2,15938.0,40104.2,2371.8,5677.616,3045.309,70604.033,3189584:13;3189613:311;3189614:364;3189615:366;3189616:280
111115.9502,1788877417.1397,6,349.15,1334.26,1683.41,9.1,15937.6,40104.6,2371.8,5678.346,3045.325,70604.033,3189584:13;3189613:311;3189614:364;3189615:366;3189616:280
111116.0609,1788877417.2504,6,349.15,1334.13,1683.28,18.2,15937.8,40104.5,2371.8,5678.540,3045.331,70604.033,3189584:13;3189613:311;3189614:364;3189615:366;3189616:280
111116.1704,1788877417.3599,6,349.15,1335.13,1684.28,45.5,15934.6,40107.6,2371.8,5679.268,3045.346,70604.033,3189584:13;3189613:312;3189614:364;3189615:366;3189616:280
111116.2802,1788877417.4697,6,349.15,1334.96,1684.11,18.0,15934.6,40107.6,2371.8,5680.192,3045.364,70604.033,3189584:13;3189613:311;3189614:364;3189615:366;3189616:280
111116.3917,1788877417.5812,6,349.15,1336.27,1685.42,54.5,15928.8,40113.4,2371.8,5681.232,3045.422,70604.033,3189584:13;3189613:312;3189614:365;3189615:367;3189616:280
111116.5015,1788877417.6910,6,349.15,1335.45,1684.60,36.7,15936.2,40106.0,2371.8,5681.583,3045.433,70604.033,3189584:13;3189613:312;3189614:365;3189615:367;3189616:279
111116.6108,1788877417.8003,6,349.27,1333.38,1682.66,81.9,15936.8,40105.4,2371.8,5682.398,3045.457,70604.033,3189584:13;3189613:312;3189614:365;3189615:367;3189616:277
111116.7213,1788877417.9109,6,349.27,1333.57,1682.84,17.8,15936.8,40105.4,2371.8,5682.660,3045.464,70604.033,3189584:13;3189613:312;3189614:365;3189615:367;3189616:277
111116.8331,1788877418.0227,6,349.27,1335.83,1685.11,73.1,15935.3,40107.0,2371.8,5683.565,3045.488,70604.033,3189584:13;3189613:312;3189614:366;3189615:368;3189616:277
111116.9431,1788877418.1326,6,349.27,1336.33,1685.61,18.2,15935.2,40107.1,2371.8,5683.809,3045.494,70604.033,3189584:13;3189613:312;3189614:366;3189615:369;3189616:277
111117.0519,1788877418.2414,6,349.27,1336.83,1686.10,45.1,15934.4,40107.8,2371.8,5684.557,3045.519,70604.033,3189584:13;3189613:312;3189614:366;3189615:369;3189616:277
111117.1631,1788877418.3526,6,349.27,1337.14,1686.41,18.2,15934.6,40107.6,2371.8,5684.867,3045.525,70604.033,3189584:13;3189613:312;3189614:366;3189615:369;3189616:277
111117.2722,1788877418.4617,6,349.27,1338.21,1687.48,54.8,15934.9,40107.4,2371.8,5685.723,3045.543,70604.033,3189584:13;3189613:312;3189614:367;3189615:369;3189616:277
111117.3819,1788877418.5715,6,349.27,1338.46,1687.73,0.0,15934.6,40107.6,2371.8,5686.068,3045.550,70604.033,3189584:13;3189613:313;3189614:367;3189615:369;3189616:277
111117.4916,1788877418.6812,6,349.27,1339.08,1688.35,55.2,15934.6,40107.6,2371.8,5686.670,3045.572,70604.033,3189584:13;3189613:313;3189614:367;3189615:369;3189616:277
111117.6009,1788877418.7904,6,349.27,1339.70,1688.98,9.1,15934.6,40107.6,2371.8,5687.041,3045.580,70604.033,3189584:13;3189613:313;3189614:368;3189615:369;3189616:277
111117.7105,1788877418.9001,6,349.27,1340.25,1689.52,54.6,15934.6,40107.6,2371.8,5687.864,3045.603,70604.033,3189584:13;3189613:313;3189614:368;3189615:369;3189616:277
111117.8201,1788877419.0096,6,349.27,1341.16,1690.44,45.8,15937.4,40104.8,2371.8,5688.657,3045.625,70604.033,3189584:13;3189613:313;3189614:369;3189615:369;3189616:277
111117.9291,1788877419.1187,6,349.27,1344.18,1693.46,54.4,15936.1,40106.1,2371.8,5689.257,3045.645,70604.033,3189584:13;3189613:315;3189614:369;3189615:370;3189616:277
111118.0406,1788877419.2301,6,349.27,1343.11,1692.38,54.2,15938.5,40103.7,2371.8,5689.575,3045.658,70604.033,3189584:13;3189613:314;3189614:369;3189615:369;3189616:277
111118.1502,1788877419.3397,6,349.27,1343.89,1693.17,63.4,15939.0,40103.2,2371.8,5690.252,3045.678,70604.033,3189584:13;3189613:315;3189614:369;3189615:370;3189616:277
111118.2611,1788877419.4506,6,349.27,1344.56,1693.83,26.8,15939.0,40103.2,2371.8,5690.640,3045.689,70604.033,3189584:13;3189613:315;3189614:369;3189615:370;3189616:277
111118.3726,1788877419.5622,6,349.27,1345.49,1694.76,45.4,15939.0,40103.2,2371.8,5691.471,3045.709,70604.033,3189584:13;3189613:315;3189614:369;3189615:371;3189616:277
111118.4828,1788877419.6723,6,349.27,1345.95,1695.22,18.4,15939.7,40102.5,2371.8,5691.706,3045.718,70604.033,3189584:13;3189613:315;3189614:370;3189615:371;3189616:277
111118.5916,1788877419.7811,6,349.27,1346.78,1696.05,54.0,15940.7,40101.5,2371.8,5692.461,3045.742,70604.033,3189584:13;3189613:316;3189614:370;3189615:371;3189616:278
111118.7032,1788877419.8928,6,349.27,1347.30,1696.57,27.3,15940.7,40101.5,2371.8,5692.800,3045.753,70604.033,3189584:13;3189613:316;3189614:370;3189615:371;3189616:278
111118.8126,1788877420.0021,6,349.27,1349.25,1698.52,62.7,15943.4,40098.9,2371.8,5693.438,3045.772,70604.033,3189584:13;3189613:316;3189614:370;3189615:372;3189616:278
111118.9257,1788877420.1152,6,349.27,1349.58,1698.86,45.2,15944.1,40098.1,2371.8,5693.823,3045.782,70604.033,3189584:13;3189613:316;3189614:371;3189615:372;3189616:278
111119.0350,1788877420.2246,6,349.27,1351.16,1700.43,109.2,15953.4,40088.8,2371.8,5694.509,3045.803,70604.033,3189584:13;3189613:316;3189614:373;3189615:372;3189616:277
111119.1451,1788877420.3346,6,349.27,1352.91,1702.19,26.9,15953.9,40088.3,2371.8,5694.848,3045.814,70604.033,3189584:13;3189613:317;3189614:373;3189615:373;3189616:277
111119.2565,1788877420.4461,6,349.27,1353.56,1702.84,54.0,15953.9,40088.3,2371.8,5695.650,3045.834,70604.033,3189584:13;3189613:317;3189614:374;3189615:373;3189616:278
111119.3679,1788877420.5574,6,349.27,1353.66,1702.93,18.2,15954.6,40087.6,2371.8,5695.956,3045.845,70604.033,3189584:13;3189613:317;3189614:374;3189615:373;3189616:278
111119.4772,1788877420.6667,6,349.27,1354.28,1703.55,0.0,15954.6,40087.6,2371.8,5696.896,3045.860,70604.033,3189584:13;3189613:317;3189614:374;3189615:373;3189616:278
111119.5878,1788877420.7773,6,349.27,1354.85,1704.12,18.3,15954.6,40087.6,2371.8,5697.177,3045.882,70604.033,3189584:13;3189613:317;3189614:374;3189615:373;3189616:278
111119.6974,1788877420.8870,6,349.27,1355.41,1704.68,72.1,15954.6,40087.6,2371.8,5698.016,3045.917,70604.033,3189584:13;3189613:317;3189614:374;3189615:373;3189616:278
111119.8084,1788877420.9980,6,349.27,1355.75,1705.03,36.0,15951.6,40090.6,2371.8,5698.216,3045.921,70604.033,3189584:13;3189613:317;3189614:374;3189615:373;3189616:278
111119.9191,1788877421.1086,6,349.27,1360.56,1709.84,90.4,15953.3,40089.0,2371.8,5699.083,3045.948,70604.033,3189584:13;3189613:320;3189614:375;3189615:373;3189616:279
111120.0299,1788877421.2195,6,349.27,1360.44,1709.71,27.1,15953.5,40088.7,2371.8,5699.384,3045.954,70604.033,3189584:13;3189613:320;3189614:375;3189615:373;3189616:279
111120.1406,1788877421.3302,6,349.27,1360.69,1709.96,0.0,15953.5,40088.7,2371.8,5700.488,3045.979,70604.033,3189584:13;3189613:320;3189614:375;3189615:374;3189616:279
111120.2525,1788877421.4420,6,349.27,1360.90,1710.17,18.2,15953.5,40088.7,2371.8,5700.779,3045.987,70604.033,3189584:13;3189613:320;3189614:375;3189615:373;3189616:279
111120.3612,1788877421.5507,6,349.27,1361.23,1710.51,63.2,15959.7,40082.6,2371.8,5701.535,3046.011,70604.033,3189584:13;3189613:322;3189614:375;3189615:374;3189616:278
111120.4721,1788877421.6616,6,349.27,1361.23,1710.51,9.1,15959.7,40082.6,2371.8,5701.796,3046.016,70604.033,3189584:13;3189613:322;3189614:375;3189615:374;3189616:278
111120.5817,1788877421.7712,6,349.27,1362.60,1711.88,55.0,15959.9,40082.3,2371.8,5702.695,3046.037,70604.033,3189584:13;3189613:322;3189614:375;3189615:374;3189616:278
111120.6907,1788877421.8803,6,349.27,1362.58,1711.86,0.0,15960.1,40082.1,2371.8,5702.835,3046.044,70604.033,3189584:13;3189613:322;3189614:376;3189615:374;3189616:278
111120.8000,1788877421.9895,6,349.27,1365.61,1714.88,109.5,15961.4,40080.8,2371.8,5703.544,3046.067,70604.033,3189584:13;3189613:322;3189614:377;3189615:374;3189616:279
111120.9100,1788877422.0996,6,349.27,1366.11,1715.38,27.3,15961.1,40081.1,2371.8,5703.747,3046.074,70604.033,3189584:13;3189613:323;3189614:377;3189615:374;3189616:279
111121.0196,1788877422.2092,6,349.27,1366.79,1716.06,109.4,15960.2,40082.1,2371.8,5704.711,3046.100,70604.033,3189584:13;3189613:323;3189614:378;3189615:374;3189616:278
111121.1291,1788877422.3186,6,349.27,1366.11,1715.38,36.8,15959.6,40082.6,2371.8,5704.985,3046.110,70604.033,3189584:13;3189613:323;3189614:378;3189615:374;3189616:277
111121.2378,1788877422.4274,6,349.27,1367.14,1716.41,54.0,15959.6,40082.6,2371.8,5705.753,3046.132,70604.033,3189584:13;3189613:324;3189614:378;3189615:375;3189616:277
111121.3494,1788877422.5389,6,349.27,1367.57,1716.84,18.4,15959.6,40082.6,2371.8,5705.994,3046.143,70604.033,3189584:13;3189613:324;3189614:378;3189615:375;3189616:277
111121.4586,1788877422.6481,6,349.27,1369.68,1718.95,81.5,15963.5,40078.7,2371.8,5706.661,3046.164,70604.033,3189584:13;3189613:325;3189614:378;3189615:375;3189616:278
111121.5689,1788877422.7584,6,349.27,1369.94,1719.21,18.4,15963.8,40078.5,2371.8,5706.933,3046.183,70604.033,3189584:13;3189613:325;3189614:378;3189615:375;3189616:278
111121.6779,1788877422.8674,6,349.27,1372.91,1722.19,88.6,15963.4,40078.8,2371.8,5707.605,3046.212,70604.033,3189584:13;3189613:325;3189614:379;3189615:377;3189616:279
111121.7908,1788877422.9804,6,349.27,1373.16,1722.44,27.6,15963.4,40078.8,2371.8,5707.665,3046.218,70604.033,3189584:13;3189613:325;3189614:379;3189615:377;3189616:279
111121.8998,1788877423.0894,6,349.27,1375.28,1724.55,118.4,15966.4,40075.8,2371.8,5708.077,3046.240,70604.033,3189584:13;3189613:327;3189614:380;3189615:378;3189616:278
111122.0097,1788877423.1993,6,349.27,1374.92,1724.19,54.3,15970.2,40072.0,2371.8,5708.314,3046.249,70604.033,3189584:13;3189613:327;3189614:380;3189615:378;3189616:277
111122.1202,1788877423.3097,6,349.27,1376.57,1725.84,63.4,15970.2,40072.0,2371.8,5709.162,3046.269,70604.033,3189584:13;3189613:327;3189614:380;3189615:379;3189616:278
111122.2315,1788877423.4210,6,349.27,1377.62,1726.89,18.0,15971.2,40071.0,2371.8,5709.444,3046.278,70604.037,3189584:13;3189613:328;3189614:380;3189615:379;3189616:278
111122.3418,1788877423.5313,6,349.27,1377.84,1727.11,27.3,15971.1,40071.1,2371.8,5710.376,3046.308,70604.037,3189584:13;3189613:328;3189614:380;3189615:379;3189616:278
111122.4521,1788877423.6416,6,349.27,1378.46,1727.74,17.9,15971.4,40070.9,2371.8,5710.639,3046.313,70604.037,3189584:13;3189613:328;3189614:380;3189615:379;3189616:278
111122.5635,1788877423.7531,6,349.27,1378.98,1728.25,63.7,15971.6,40070.6,2371.8,5711.177,3046.328,70604.037,3189584:13;3189613:329;3189614:380;3189615:379;3189616:278
111122.6732,1788877423.8628,6,349.27,1378.98,1728.25,0.0,15971.6,40070.6,2371.8,5711.424,3046.332,70604.037,3189584:13;3189613:329;3189614:380;3189615:379;3189616:278
111122.7845,1788877423.9740,6,349.27,1380.40,1729.67,18.2,15971.6,40070.6,2371.8,5712.224,3046.349,70604.037,3189584:13;3189613:329;3189614:380;3189615:380;3189616:278
111122.8957,1788877424.0852,6,349.27,1379.76,1729.03,9.0,15971.3,40070.9,2371.8,5712.310,3046.353,70604.037,3189584:13;3189613:329;3189614:380;3189615:379;3189616:278
111123.0054,1788877424.1949,6,349.27,1380.52,1729.79,46.0,15973.0,40069.2,2371.8,5713.063,3046.368,70604.037,3189584:13;3189613:329;3189614:380;3189615:380;3189616:278
111123.1144,1788877424.3039,6,349.27,1380.52,1729.79,0.0,15973.0,40069.2,2371.8,5713.330,3046.373,70604.037,3189584:13;3189613:329;3189614:380;3189615:380;3189616:278
111123.2233,1788877424.4129,6,349.27,1381.81,1731.08,36.8,15973.0,40069.2,2371.8,5714.053,3046.394,70604.041,3189584:13;3189613:330;3189614:381;3189615:380;3189616:278
111123.3331,1788877424.5227,6,349.27,1381.93,1731.21,9.1,15973.0,40069.2,2371.8,5714.360,3046.401,70604.041,3189584:13;3189613:330;3189614:381;3189615:380;3189616:278
111123.4419,1788877424.6314,6,349.27,1382.15,1731.43,36.0,15974.1,40068.1,2371.8,5715.092,3046.417,70604.041,3189584:13;3189613:330;3189614:381;3189615:380;3189616:279
111123.5532,1788877424.7428,6,349.27,1382.25,1731.52,0.0,15977.3,40064.9,2371.8,5715.207,3046.420,70604.041,3189584:13;3189613:330;3189614:381;3189615:380;3189616:279
111123.6636,1788877424.8532,6,349.27,1382.55,1731.82,27.1,15978.0,40064.2,2371.8,5716.073,3046.437,70604.041,3189584:13;3189613:330;3189614:380;3189615:380;3189616:279
111123.7741,1788877424.9636,6,349.27,1382.67,1731.95,9.2,15978.3,40063.9,2371.8,5716.297,3046.441,70604.041,3189584:13;3189613:330;3189614:380;3189615:380;3189616:279
111123.8831,1788877425.0727,6,349.27,1383.14,1732.42,45.5,15978.2,40064.0,2371.8,5717.221,3046.463,70604.041,3189584:13;3189613:330;3189614:381;3189615:380;3189616:279
111123.9933,1788877425.1829,6,349.27,1383.92,1733.19,9.1,15978.2,40064.0,2371.8,5717.464,3046.471,70604.041,3189584:13;3189613:331;3189614:381;3189615:380;3189616:279
111124.1027,1788877425.2922,6,349.27,1384.64,1733.91,36.0,15978.2,40064.0,2371.8,5718.454,3046.496,70604.041,3189584:13;3189613:331;3189614:381;3189615:380;3189616:279
111124.2140,1788877425.4035,6,349.27,1385.27,1734.54,8.7,15978.4,40063.8,2371.8,5718.708,3046.502,70604.041,3189584:13;3189613:331;3189614:381;3189615:380;3189616:280
111124.3282,1788877425.5178,6,349.27,1386.77,1736.05,44.9,15978.5,40063.7,2371.8,5719.778,3046.529,70604.041,3189584:13;3189613:332;3189614:381;3189615:381;3189616:279
111124.4400,1788877425.6296,6,349.27,1386.58,1735.85,63.3,15985.3,40056.9,2371.8,5719.900,3046.538,70604.041,3189584:13;3189613:332;3189614:383;3189615:380;3189616:278
111124.5503,1788877425.7398,6,349.27,1387.42,1736.69,45.5,15985.3,40056.9,2371.8,5721.037,3046.567,70604.041,3189584:13;3189613:332;3189614:383;3189615:381;3189616:278
111124.6602,1788877425.8497,6,349.27,1387.92,1737.20,18.2,15985.3,40056.9,2371.8,5721.230,3046.572,70604.041,3189584:13;3189613:332;3189614:383;3189615:381;3189616:279
111124.7701,1788877425.9597,6,349.27,1388.98,1738.25,36.0,15981.8,40060.4,2371.8,5722.375,3046.596,70604.041,3189584:13;3189613:332;3189614:384;3189615:381;3189616:279
111124.8821,1788877426.0716,6,349.27,1388.66,1737.94,27.0,15981.8,40060.4,2371.8,5722.522,3046.604,70604.041,3189584:13;3189613:332;3189614:384;3189615:381;3189616:279
111124.9918,1788877426.1814,6,349.27,1389.27,1738.54,27.5,15984.7,40057.5,2371.8,5723.612,3046.628,70604.041,3189584:13;3189613:333;3189614:384;3189615:381;3189616:279
111125.1010,1788877426.2906,6,349.27,1389.39,1738.66,0.0,15984.7,40057.5,2371.8,5723.783,3046.631,70604.041,3189584:13;3189613:333;3189614:384;3189615:381;3189616:279
111125.2108,1788877426.4003,6,349.27,1390.29,1739.56,45.4,15984.9,40057.3,2371.8,5724.695,3046.652,70604.041,3189584:13;3189613:333;3189614:384;3189615:381;3189616:279
111125.3215,1788877426.5110,6,349.27,1390.29,1739.56,8.9,15984.9,40057.3,2371.8,5724.815,3046.654,70604.041,3189584:13;3189613:333;3189614:384;3189615:381;3189616:279
111125.4325,1788877426.6221,6,349.27,1391.86,1741.13,125.5,15991.9,40050.4,2371.8,5725.722,3046.679,70604.041,3189584:13;3189613:334;3189614:384;3189615:381;3189616:279
111125.5445,1788877426.7341,6,349.27,1392.19,1741.46,0.0,15992.4,40049.9,2371.8,5725.760,3046.683,70604.061,3189584:13;3189613:334;3189614:384;3189615:382;3189616:279
111125.6543,1788877426.8438,6,349.27,1393.36,1742.63,126.6,15994.1,40048.1,2371.8,5726.869,3046.714,70604.061,3189584:13;3189613:335;3189614:384;3189615:383;3189616:279
111125.7655,1788877426.9550,6,349.27,1393.39,1742.66,9.0,15994.6,40047.6,2371.8,5726.870,3046.719,70604.061,3189584:13;3189613:335;3189614:384;3189615:383;3189616:279
111125.8755,1788877427.0651,6,349.27,1394.84,1744.11,63.0,15995.3,40047.0,2371.8,5728.037,3046.747,70604.061,3189584:13;3189613:335;3189614:384;3189615:384;3189616:279
111125.9864,1788877427.1759,6,349.27,1395.08,1744.36,27.6,15992.7,40049.5,2371.8,5728.104,3046.751,70604.061,3189584:13;3189613:335;3189614:384;3189615:384;3189616:279
111126.0954,1788877427.2849,6,349.40,1396.78,1746.18,45.0,15992.9,40049.3,2371.8,5728.996,3046.774,70604.061,3189584:13;3189613:336;3189614:384;3189615:385;3189616:279
111126.2065,1788877427.3961,6,349.40,1397.29,1746.68,45.7,15998.8,40043.4,2371.8,5729.067,3046.779,70604.061,3189584:13;3189613:336;3189614:384;3189615:385;3189616:279
111126.3158,1788877427.5054,6,349.40,1398.31,1747.71,45.8,16008.4,40033.8,2371.8,5730.178,3046.804,70604.061,3189584:13;3189613:336;3189614:385;3189615:385;3189616:280
111126.4258,1788877427.6153,6,349.40,1398.44,1747.84,0.0,16008.4,40033.8,2371.8,5730.307,3046.807,70604.061,3189584:13;3189613:336;3189614:385;3189615:386;3189616:280
111126.5347,1788877427.7243,6,349.40,1401.91,1751.31,100.9,16014.7,40027.5,2371.8,5730.881,3046.828,70604.061,3189584:13;3189613:339;3189614:385;3189615:385;3189616:280
111126.6443,1788877427.8339,6,349.40,1402.22,1751.62,0.0,16014.7,40027.5,2371.8,5730.974,3046.831,70604.061,3189584:13;3189613:339;3189614:385;3189615:385;3189616:280
111126.7549,1788877427.9444,6,349.40,1401.20,1750.60,89.3,16018.6,40023.7,2371.8,5731.606,3046.856,70604.061,3189584:13;3189613:340;3189614:385;3189615:385;3189616:278
111126.8666,1788877428.0561,6,349.40,1401.08,1750.48,9.1,16018.6,40023.6,2371.8,5731.690,3046.858,70604.061,3189584:13;3189613:340;3189614:385;3189615:385;3189616:278
111126.9761,1788877428.1656,6,349.40,1403.00,1752.40,72.2,16019.1,40023.2,2371.8,5732.639,3046.884,70604.061,3189584:13;3189613:340;3189614:386;3189615:385;3189616:278
111127.0865,1788877428.2761,6,349.40,1403.17,1752.57,45.9,16019.1,40023.2,2371.8,5732.658,3046.890,70604.061,3189584:13;3189613:341;3189614:386;3189615:385;3189616:278
111127.1953,1788877428.3849,6,349.40,1406.08,1755.48,63.5,16019.8,40022.4,2371.8,5733.786,3046.919,70604.061,3189584:13;3189613:341;3189614:387;3189615:386;3189616:279
111127.3058,1788877428.4953,6,349.40,1406.55,1755.95,18.2,16020.0,40022.2,2371.8,5733.878,3046.925,70604.061,3189584:13;3189613:341;3189614:387;3189615:386;3189616:279
111127.4154,1788877428.6049,6,349.40,1408.43,1757.83,73.1,16021.2,40021.0,2371.8,5734.555,3046.952,70604.061,3189584:13;3189613:342;3189614:387;3189615:387;3189616:280
111127.5249,1788877428.7144,6,349.52,1410.23,1759.75,18.4,16024.7,40017.5,2371.8,5734.646,3046.956,70604.061,3189584:13;3189613:342;3189614:387;3189615:388;3189616:280
111127.6336,1788877428.8231,6,349.52,1410.57,1760.09,72.0,16024.4,40017.8,2371.8,5735.517,3046.982,70604.061,3189584:13;3189613:342;3189614:387;3189615:389;3189616:279
111127.7451,1788877428.9347,6,349.52,1410.82,1760.34,0.0,16024.4,40017.8,2371.8,5735.628,3046.985,70604.061,3189584:13;3189613:342;3189614:388;3189615:389;3189616:279
111127.8565,1788877429.0461,6,349.52,1411.59,1761.11,134.1,16029.7,40012.5,2371.8,5736.250,3047.007,70604.061,3189584:13;3189613:344;3189614:388;3189615:389;3189616:278
111127.9683,1788877429.1578,6,349.52,1412.02,1761.54,18.3,16029.7,40012.5,2371.8,5736.322,3047.011,70604.061,3189584:13;3189613:344;3189614:388;3189615:389;3189616:278
111128.0782,1788877429.2677,6,349.52,1414.50,1764.03,89.8,16029.7,40012.5,2371.8,5737.119,3047.036,70604.061,3189584:13;3189613:345;3189614:389;3189615:389;3189616:278
111128.1901,1788877429.3797,6,349.52,1414.59,1764.12,18.2,16029.7,40012.5,2371.8,5737.127,3047.040,70604.061,3189584:13;3189613:345;3189614:389;3189615:389;3189616:278
111128.2997,1788877429.4893,6,349.52,1415.04,1764.56,81.0,16034.2,40008.1,2371.8,5738.011,3047.064,70604.061,3189584:13;3189613:346;3189614:390;3189615:389;3189616:278
111128.4115,1788877429.6010,6,349.52,1415.04,1764.56,8.8,16034.2,40008.1,2371.8,5738.037,3047.065,70604.061,3189584:13;3189613:346;3189614:390;3189615:389;3189616:278
111128.5242,1788877429.7137,6,349.52,1416.40,1765.93,44.8,16034.7,40007.6,2371.8,5739.151,3047.089,70604.061,3189584:13;3189613:346;3189614:390;3189615:389;3189616:278
111128.6359,1788877429.8254,6,349.52,1416.40,1765.93,0.0,16034.7,40007.6,2371.8,5739.151,3047.089,70604.061,3189584:13;3189613:346;3189614:390;3189615:389;3189616:278
111128.7450,1788877429.9346,6,349.52,1417.91,1767.44,36.4,16034.7,40007.6,2371.8,5740.136,3047.115,70604.061,3189584:13;3189613:346;3189614:391;3189615:389;3189616:278
111128.8553,1788877430.0448,6,349.52,1417.91,1767.44,9.1,16034.9,40007.3,2371.8,5740.136,3047.115,70604.061,3189584:13;3189613:346;3189614:391;3189615:389;3189616:278
111128.9641,1788877430.1537,6,349.52,1418.84,1768.36,45.7,16034.8,40007.4,2371.8,5741.387,3047.147,70604.061,3189584:13;3189613:347;3189614:391;3189615:389;3189616:278
111129.0742,1788877430.2637,6,349.52,1418.84,1768.36,36.4,16034.8,40007.4,2371.8,5741.387,3047.147,70604.061,3189584:13;3189613:347;3189614:391;3189615:389;3189616:278
111129.1832,1788877430.3728,6,349.52,1420.34,1769.87,64.2,16035.1,40007.1,2371.8,5742.222,3047.175,70604.061,3189584:13;3189613:348;3189614:392;3189615:389;3189616:278
111129.2923,1788877430.4818,6,349.52,1420.34,1769.87,0.0,16035.1,40007.1,2371.8,5742.247,3047.175,70604.061,3189584:13;3189613:348;3189614:392;3189615:389;3189616:278
111129.4020,1788877430.5916,6,349.52,1421.19,1770.71,45.3,16035.1,40007.1,2371.8,5743.397,3047.198,70604.061,3189584:13;3189613:348;3189614:392;3189615:390;3189616:278
111129.5132,1788877430.7027,6,349.52,1421.19,1770.71,0.0,16035.1,40007.1,2371.8,5743.435,3047.199,70604.061,3189584:13;3189613:348;3189614:392;3189615:390;3189616:278
111129.6222,1788877430.8117,6,349.52,1422.93,1772.46,71.8,16041.3,40000.9,2371.8,5744.487,3047.223,70604.061,3189584:13;3189613:349;3189614:392;3189615:391;3189616:278
111129.7347,1788877430.9243,6,349.52,1422.56,1772.08,0.0,16041.3,40000.9,2371.8,5744.504,3047.226,70604.061,3189584:13;3189613:349;3189614:392;3189615:390;3189616:278
111129.8453,1788877431.0349,6,349.52,1424.70,1774.23,63.3,16041.3,40000.9,2371.8,5745.503,3047.262,70604.061,3189584:13;3189613:349;3189614:392;3189615:391;3189616:279
111129.9556,1788877431.1451,6,349.52,1424.70,1774.23,18.0,16041.0,40001.2,2371.8,5745.503,3047.264,70604.061,3189584:13;3189613:349;3189614:392;3189615:391;3189616:279
111130.0668,1788877431.2563,6,349.52,1426.03,1775.55,80.4,16041.0,40001.2,2371.8,5746.242,3047.289,70604.061,3189584:13;3189613:350;3189614:392;3189615:392;3189616:280
111130.1786,1788877431.3681,6,349.52,1426.03,1775.55,9.0,16041.0,40001.2,2371.8,5746.242,3047.291,70604.061,3189584:13;3189613:350;3189614:392;3189615:392;3189616:280
111130.2898,1788877431.4793,6,349.52,1427.66,1777.19,72.9,16041.0,40001.2,2371.8,5747.026,3047.315,70604.061,3189584:13;3189613:350;3189614:392;3189615:392;3189616:281
111130.3996,1788877431.5891,6,349.52,1427.66,1777.19,0.0,16041.0,40001.2,2371.8,5747.026,3047.316,70604.061,3189584:13;3189613:350;3189614:392;3189615:392;3189616:281
111130.5086,1788877431.6981,6,349.52,1428.48,1778.00,72.0,16042.4,39999.8,2371.8,5748.294,3047.346,70604.061,3189584:13;3189613:350;3189614:392;3189615:393;3189616:281
111130.6201,1788877431.8096,6,349.52,1428.48,1778.00,0.0,16042.4,39999.8,2371.8,5748.294,3047.346,70604.061,3189584:13;3189613:350;3189614:392;3189615:393;3189616:281
111130.7288,1788877431.9183,6,349.52,1429.30,1778.83,64.3,16043.1,39999.1,2371.8,5749.384,3047.371,70604.061,3189584:13;3189613:350;3189614:393;3189615:393;3189616:281
111130.8381,1788877432.0276,6,349.52,1429.30,1778.83,0.0,16042.2,40000.0,2371.8,5749.384,3047.371,70604.061,3189584:13;3189613:350;3189614:393;3189615:393;3189616:281
111130.9490,1788877432.1386,6,349.52,1430.44,1779.96,45.1,16043.4,39998.9,2371.8,5750.511,3047.396,70604.061,3189584:13;3189613:350;3189614:393;3189615:393;3189616:281
111131.0597,1788877432.2493,6,349.52,1430.44,1779.96,9.1,16043.4,39998.9,2371.8,5750.511,3047.398,70604.061,3189584:13;3189613:350;3189614:393;3189615:393;3189616:281
111131.1695,1788877432.3591,6,349.52,1432.45,1781.98,108.0,16042.9,39999.3,2371.8,5751.629,3047.431,70604.061,3189584:13;3189613:350;3189614:394;3189615:394;3189616:281
111131.2803,1788877432.4698,6,349.52,1432.45,1781.98,9.2,16044.2,39998.1,2371.8,5751.629,3047.432,70604.061,3189584:13;3189613:350;3189614:394;3189615:394;3189616:281
111131.3892,1788877432.5787,6,349.52,1438.16,1787.69,182.9,16047.1,39995.1,2371.8,5752.373,3047.468,70604.061,3189584:13;3189613:354;3189614:395;3189615:395;3189616:282
111131.4990,1788877432.6885,6,349.52,1438.16,1787.69,0.0,16047.1,39995.1,2371.8,5752.373,3047.468,70604.061,3189584:13;3189613:354;3189614:395;3189615:395;3189616:282
111131.6093,1788877432.7988,6,349.52,1441.27,1790.80,82.5,16046.3,39995.9,2371.8,5753.377,3047.499,70604.061,3189584:13;3189613:354;3189614:396;3189615:395;3189616:283
111131.7184,1788877432.9079,6,349.52,1440.99,1790.52,0.0,16046.3,39995.9,2371.8,5753.377,3047.501,70604.061,3189584:13;3189613:354;3189614:396;3189615:395;3189616:283
111131.8292,1788877433.0187,6,349.52,1442.57,1792.10,91.4,16050.1,39992.1,2371.8,5754.521,3047.532,70604.061,3189584:13;3189613:355;3189614:396;3189615:396;3189616:283
111131.9387,1788877433.1282,6,349.52,1442.57,1792.10,0.0,16049.8,39992.4,2371.8,5754.521,3047.533,70604.061,3189584:13;3189613:355;3189614:396;3189615:396;3189616:283
111132.0477,1788877433.2372,6,349.52,1445.09,1794.61,109.5,16049.8,39992.4,2371.8,5755.562,3047.567,70604.061,3189584:13;3189613:356;3189614:396;3189615:396;3189616:284
111132.1575,1788877433.3470,6,349.52,1445.09,1794.61,0.0,16050.0,39992.2,2371.8,5755.562,3047.567,70604.061,3189584:13;3189613:356;3189614:396;3189615:396;3189616:284
111132.2665,1788877433.4560,6,349.52,1447.28,1796.80,72.6,16050.3,39992.0,2371.8,5756.658,3047.599,70604.061,3189584:13;3189613:357;3189614:397;3189615:397;3189616:284
111132.3783,1788877433.5678,6,349.52,1447.28,1796.80,0.0,16050.3,39992.0,2371.8,5756.658,3047.599,70604.061,3189584:13;3189613:357;3189614:397;3189615:397;3189616:284
111132.4872,1788877433.6767,6,349.52,1448.11,1797.64,54.4,16050.3,39992.0,2371.8,5757.924,3047.632,70604.061,3189584:13;3189613:357;3189614:398;3189615:397;3189616:284
111132.5979,1788877433.7874,6,349.52,1448.11,1797.64,0.0,16050.3,39992.0,2371.8,5757.924,3047.632,70604.061,3189584:13;3189613:357;3189614:398;3189615:397;3189616:284
111132.7072,1788877433.8967,6,349.52,1448.18,1797.71,63.0,16050.3,39992.0,2371.8,5758.810,3047.657,70604.061,3189584:13;3189613:357;3189614:398;3189615:397;3189616:284
111132.8190,1788877434.0085,6,349.52,1448.18,1797.71,0.0,16050.3,39992.0,2371.8,5758.810,3047.657,70604.061,3189584:13;3189613:357;3189614:398;3189615:397;3189616:284
111132.9278,1788877434.1173,6,349.52,1448.79,1798.32,0.0,16050.5,39991.7,2371.8,5760.033,3047.679,70604.061,3189584:13;3189613:357;3189614:398;3189615:397;3189616:284
111133.0370,1788877434.2265,6,349.52,1448.79,1798.32,9.1,16050.5,39991.7,2371.8,5760.033,3047.680,70604.061,3189584:13;3189613:357;3189614:398;3189615:397;3189616:284
111133.1463,1788877434.3358,6,349.52,1449.43,1798.95,72.9,16051.3,39991.0,2371.8,5760.816,3047.699,70604.061,3189584:13;3189613:357;3189614:398;3189615:397;3189616:284
111133.2559,1788877434.4454,6,349.52,1449.43,1798.95,8.8,16051.3,39991.0,2371.8,5760.816,3047.701,70604.061,3189584:13;3189613:357;3189614:398;3189615:397;3189616:284
111133.3694,1788877434.5590,6,349.52,1454.70,1804.22,109.7,16060.5,39981.7,2371.8,5761.827,3047.733,70604.061,3189584:13;3189613:357;3189614:401;3189615:399;3189616:285
111133.4788,1788877434.6683,6,349.52,1454.70,1804.22,0.0,16062.0,39980.3,2371.8,5761.827,3047.734,70604.064,3189584:13;3189613:357;3189614:401;3189615:399;3189616:285
111133.5891,1788877434.7787,6,349.52,1456.50,1806.03,99.3,16062.2,39980.0,2371.8,5762.755,3047.769,70604.064,3189584:13;3189613:358;3189614:401;3189615:399;3189616:285
111133.7002,1788877434.8897,6,349.52,1456.50,1806.03,0.0,16062.2,39980.0,2371.8,5762.755,3047.769,70604.064,3189584:13;3189613:358;3189614:401;3189615:399;3189616:285
111133.8094,1788877434.9989,6,349.52,1457.85,1807.37,109.7,16065.1,39977.2,2371.8,5763.957,3047.806,70604.064,3189584:13;3189613:358;3189614:401;3189615:400;3189616:285
111133.9191,1788877435.1086,6,349.52,1457.85,1807.37,0.0,16064.5,39977.7,2371.8,5763.957,3047.806,70604.064,3189584:13;3189613:358;3189614:401;3189615:400;3189616:285
111134.0284,1788877435.2179,6,349.52,1458.74,1808.26,64.3,16058.6,39983.6,2371.8,5765.286,3047.839,70604.064,3189584:13;3189613:359;3189614:401;3189615:401;3189616:285
111134.1381,1788877435.3276,6,349.52,1458.74,1808.26,0.0,16058.6,39983.6,2371.8,5765.286,3047.840,70604.064,3189584:13;3189613:359;3189614:401;3189615:401;3189616:285
111134.2468,1788877435.4363,6,349.52,1458.80,1808.32,45.0,16058.9,39983.3,2371.8,5766.269,3047.863,70604.064,3189584:13;3189613:359;3189614:401;3189615:400;3189616:285
111134.3583,1788877435.5478,6,349.52,1458.80,1808.32,9.1,16058.9,39983.3,2371.8,5766.269,3047.863,70604.064,3189584:13;3189613:359;3189614:401;3189615:400;3189616:285
111134.4673,1788877435.6568,6,349.52,1460.31,1809.84,45.6,16059.6,39982.6,2371.8,5767.467,3047.888,70604.064,3189584:13;3189613:360;3189614:401;3189615:401;3189616:285
111134.5769,1788877435.7665,6,349.52,1460.56,1810.09,0.0,16059.6,39982.6,2371.8,5767.584,3047.890,70604.064,3189584:13;3189613:360;3189614:401;3189615:401;3189616:285
111134.6859,1788877435.8754,6,349.52,1461.79,1811.32,54.6,16060.8,39981.4,2371.8,5768.458,3047.917,70604.064,3189584:13;3189613:361;3189614:402;3189615:401;3189616:285
111134.7966,1788877435.9862,6,349.52,1461.67,1811.20,0.0,16060.8,39981.4,2371.8,5768.458,3047.919,70604.064,3189584:13;3189613:361;3189614:402;3189615:401;3189616:285
111134.9076,1788877436.0971,6,349.52,1462.18,1811.70,36.7,16062.9,39979.3,2371.8,5769.507,3047.940,70604.064,3189584:13;3189613:361;3189614:402;3189615:401;3189616:285
111135.0164,1788877436.2059,6,349.52,1462.18,1811.70,9.0,16062.9,39979.3,2371.8,5769.507,3047.940,70604.064,3189584:13;3189613:361;3189614:402;3189615:401;3189616:285
111135.1304,1788877436.3199,6,349.52,1462.71,1812.23,8.9,16063.2,39979.1,2371.8,5770.492,3047.959,70604.064,3189584:13;3189613:362;3189614:402;3189615:401;3189616:285
111135.2395,1788877436.4290,6,349.52,1462.46,1811.98,9.2,16063.2,39979.1,2371.8,5770.492,3047.960,70604.064,3189584:13;3189613:362;3189614:402;3189615:401;3189616:285
111135.3482,1788877436.5377,6,349.52,1462.71,1812.24,72.6,16063.2,39979.1,2371.8,5771.533,3047.983,70604.064,3189584:13;3189613:362;3189614:402;3189615:401;3189616:285
111135.4588,1788877436.6484,6,349.52,1462.71,1812.24,0.0,16063.2,39979.1,2371.8,5771.533,3047.983,70604.080,3189584:13;3189613:362;3189614:402;3189615:401;3189616:285
111135.5694,1788877436.7589,6,349.52,1464.45,1813.98,100.7,16063.2,39979.1,2371.8,5772.413,3048.011,70604.080,3189584:13;3189613:362;3189614:403;3189615:401;3189616:285
111135.6786,1788877436.8682,6,349.52,1464.45,1813.98,0.0,16063.4,39978.8,2371.8,5772.413,3048.012,70604.080,3189584:13;3189613:362;3189614:403;3189615:401;3189616:285
111135.7889,1788877436.9784,6,349.52,1466.27,1815.79,72.1,16063.4,39978.8,2371.8,5773.455,3048.044,70604.080,3189584:13;3189613:362;3189614:404;3189615:401;3189616:286
111135.8999,1788877437.0894,6,349.52,1466.27,1815.79,0.0,16063.4,39978.8,2371.8,5773.455,3048.044,70604.080,3189584:13;3189613:362;3189614:404;3189615:401;3189616:286
111136.0104,1788877437.1999,6,349.52,1467.66,1817.18,82.5,16068.8,39973.4,2371.8,5774.339,3048.068,70604.080,3189584:13;3189613:362;3189614:404;3189615:402;3189616:286
111136.1193,1788877437.3088,6,349.52,1467.66,1817.18,9.1,16068.8,39973.4,2371.8,5774.339,3048.068,70604.080,3189584:13;3189613:362;3189614:404;3189615:402;3189616:286
111136.2292,1788877437.4187,6,349.52,1469.75,1819.27,81.6,16071.4,39970.8,2371.8,5775.148,3048.094,70604.080,3189584:13;3189613:362;3189614:405;3189615:403;3189616:287
111136.3397,1788877437.5292,6,349.52,1470.38,1819.90,9.1,16071.7,39970.6,2371.8,5775.253,3048.097,70604.080,3189584:13;3189613:362;3189614:405;3189615:403;3189616:287
111136.4503,1788877437.6398,6,349.52,1471.51,1821.04,100.3,16077.1,39965.1,2371.8,5776.068,3048.124,70604.080,3189584:13;3189613:363;3189614:405;3189615:403;3189616:287
111136.5598,1788877437.7493,6,349.52,1471.51,1821.04,0.0,16077.1,39965.1,2371.8,5776.068,3048.124,70604.080,3189584:13;3189613:363;3189614:405;3189615:403;3189616:287
111136.6691,1788877437.8587,6,349.52,1472.91,1822.43,62.7,16077.1,39965.1,2371.8,5777.284,3048.155,70604.080,3189584:13;3189613:364;3189614:406;3189615:404;3189616:287
111136.7805,1788877437.9700,6,349.52,1472.91,1822.43,9.1,16077.1,39965.1,2371.8,5777.284,3048.155,70604.080,3189584:13;3189613:364;3189614:406;3189615:404;3189616:287
111136.8900,1788877438.0795,6,349.52,1473.83,1823.36,27.0,16077.1,39965.1,2371.8,5778.145,3048.177,70604.080,3189584:13;3189613:364;3189614:406;3189615:404;3189616:288
111137.0020,1788877438.1915,6,349.52,1473.83,1823.36,9.2,16077.1,39965.1,2371.8,5778.145,3048.177,70604.080,3189584:13;3189613:364;3189614:406;3189615:404;3189616:288
111137.1106,1788877438.3001,6,349.52,1474.90,1824.43,36.2,16077.1,39965.1,2371.8,5779.101,3048.199,70604.080,3189584:13;3189613:364;3189614:406;3189615:404;3189616:288
111137.2227,1788877438.4122,6,349.52,1474.90,1824.43,0.0,16077.1,39965.1,2371.8,5779.101,3048.199,70604.080,3189584:13;3189613:364;3189614:406;3189615:404;3189616:288
111137.3331,1788877438.5226,6,349.52,1476.27,1825.79,72.2,16077.1,39965.1,2371.8,5780.162,3048.228,70604.080,3189584:13;3189613:364;3189614:407;3189615:405;3189616:288
111137.4433,1788877438.6329,6,349.52,1477.02,1826.54,0.0,16077.1,39965.1,2371.8,5780.306,3048.233,70604.080,3189584:13;3189613:365;3189614:407;3189615:405;3189616:288
111137.5548,1788877438.7443,6,349.52,1476.73,1826.25,72.8,16077.6,39964.6,2371.8,5781.303,3048.262,70604.080,3189584:13;3189613:365;3189614:407;3189615:405;3189616:288
111137.6650,1788877438.8545,6,349.52,1477.11,1826.63,0.0,16077.6,39964.6,2371.8,5781.555,3048.267,70604.080,3189584:13;3189613:365;3189614:407;3189615:405;3189616:288
111137.7741,1788877438.9637,6,349.52,1478.30,1827.82,27.0,16082.1,39960.2,2371.8,5782.525,3048.290,70604.080,3189584:13;3189613:365;3189614:407;3189615:406;3189616:288
111137.8862,1788877439.0757,6,349.52,1478.30,1827.82,0.0,16082.1,39960.2,2371.8,5782.670,3048.292,70604.080,3189584:13;3189613:365;3189614:407;3189615:406;3189616:288
111137.9951,1788877439.1846,6,349.52,1478.25,1827.78,73.3,16082.1,39960.2,2371.8,5783.568,3048.311,70604.080,3189584:13;3189613:365;3189614:407;3189615:406;3189616:288
111138.1042,1788877439.2938,6,349.52,1478.38,1827.90,0.0,16082.1,39960.2,2371.8,5783.698,3048.313,70604.080,3189584:13;3189613:365;3189614:407;3189615:406;3189616:288
111138.2157,1788877439.4053,6,349.52,1479.95,1829.47,72.8,16091.7,39950.6,2371.8,5784.430,3048.336,70604.080,3189584:13;3189613:365;3189614:408;3189615:406;3189616:288
111138.3252,1788877439.5147,6,349.52,1480.32,1829.84,27.3,16091.7,39950.6,2371.8,5784.730,3048.343,70604.080,3189584:13;3189613:366;3189614:408;3189615:406;3189616:288
111138.4350,1788877439.6246,6,349.52,1481.25,1830.77,36.0,16091.7,39950.6,2371.8,5785.840,3048.369,70604.080,3189584:13;3189613:366;3189614:408;3189615:406;3189616:288
111138.5462,1788877439.7357,6,349.52,1481.36,1830.88,27.3,16092.6,39949.6,2371.8,5786.047,3048.372,70604.080,3189584:13;3189613:366;3189614:408;3189615:406;3189616:288
111138.6557,1788877439.8452,6,349.52,1482.32,1831.84,73.2,16092.6,39949.6,2371.8,5786.677,3048.397,70604.080,3189584:13;3189613:367;3189614:408;3189615:407;3189616:288
111138.7652,1788877439.9547,6,349.52,1482.45,1831.97,9.1,16092.6,39949.6,2371.8,5786.813,3048.398,70604.080,3189584:13;3189613:367;3189614:408;3189615:407;3189616:288
111138.8752,1788877440.0647,6,349.52,1493.02,1842.54,82.0,16099.0,39943.2,2371.8,5787.593,3048.419,70604.080,3189584:13;3189613:367;3189614:408;3189615:417;3189616:288
111138.9849,1788877440.1744,6,350.15,1554.54,1904.69,109.7,16166.9,39875.3,2371.8,5787.756,3048.421,70604.080,3189584:13;3189613:366;3189614:407;3189615:480;3189616:288
111139.0943,1788877440.2839,6,350.27,1586.31,1936.58,123.5,16195.8,39846.4,2371.8,5788.500,3048.437,70604.080,3189584:13;3189613:366;3189614:407;3189615:512;3189616:288
111139.2076,1788877440.3972,6,350.65,1602.89,1953.54,137.0,16217.9,39824.4,2371.8,5788.669,3048.439,70604.080,3189584:13;3189613:366;3189614:407;3189615:528;3189616:288
111139.3171,1788877440.5067,6,350.90,1598.20,1949.10,164.8,16223.6,39818.6,2371.8,5789.459,3048.463,70604.080,3189584:13;3189613:366;3189614:407;3189615:523;3189616:288
111139.4264,1788877440.6159,6,350.90,1598.88,1949.78,0.0,16223.5,39818.8,2371.8,5789.529,3048.464,70604.080,3189584:13;3189613:366;3189614:408;3189615:524;3189616:289
111139.5372,1788877440.7267,6,350.90,1606.46,1957.36,226.7,16227.9,39814.3,2371.8,5790.290,3048.500,70604.080,3189584:13;3189613:365;3189614:406;3189615:534;3189616:289
111139.6481,1788877440.8376,6,350.90,1607.15,1958.05,27.2,16227.9,39814.3,2371.8,5790.435,3048.508,70604.080,3189584:13;3189613:365;3189614:406;3189615:534;3189616:289
111139.7570,1788877440.9466,6,351.02,1609.78,1960.80,145.8,16233.4,39808.9,2371.8,5791.326,3048.539,70604.080,3189584:13;3189613:366;3189614:407;3189615:538;3189616:287
111139.8669,1788877441.0564,6,351.02,1609.66,1960.68,0.0,16233.4,39808.8,2371.8,5791.666,3048.543,70604.080,3189584:13;3189613:366;3189614:407;3189615:538;3189616:287
111139.9775,1788877441.1670,6,351.15,1616.66,1967.80,118.6,16235.2,39807.0,2371.8,5792.667,3048.574,70604.080,3189584:13;3189613:364;3189614:407;3189615:545;3189616:288
111140.0873,1788877441.2768,6,351.15,1617.00,1968.15,18.0,16234.7,39807.6,2371.8,5792.902,3048.576,70604.080,3189584:13;3189613:364;3189614:407;3189615:545;3189616:288
111140.1976,1788877441.3871,6,351.15,1617.90,1969.05,64.1,16234.7,39807.6,2371.8,5793.812,3048.604,70604.080,3189584:13;3189613:365;3189614:408;3189615:545;3189616:287
111140.3065,1788877441.4960,6,351.15,1618.15,1969.30,0.0,16234.7,39807.6,2371.8,5794.015,3048.606,70604.080,3189584:13;3189613:365;3189614:408;3189615:545;3189616:287
111140.4165,1788877441.6061,6,351.15,1618.84,1969.99,64.3,16234.6,39807.6,2371.8,5794.932,3048.628,70604.080,3189584:13;3189613:365;3189614:408;3189615:545;3189616:288
111140.5254,1788877441.7150,6,351.15,1618.97,1970.12,0.0,16234.6,39807.6,2371.8,5795.070,3048.629,70604.080,3189584:13;3189613:365;3189614:408;3189615:545;3189616:288
111140.6348,1788877441.8243,6,351.15,1622.69,1973.84,46.0,16235.4,39806.9,2371.8,5795.897,3048.648,70604.080,3189584:13;3189613:366;3189614:406;3189615:550;3189616:288
111140.7442,1788877441.9338,6,351.15,1622.69,1973.84,0.0,16235.4,39806.9,2371.8,5795.990,3048.650,70604.080,3189584:13;3189613:366;3189614:406;3189615:550;3189616:288
111140.8534,1788877442.0429,6,351.15,1624.11,1975.26,73.3,16236.3,39805.9,2371.8,5796.778,3048.675,70604.080,3189584:13;3189613:366;3189614:407;3189615:550;3189616:288
111140.9624,1788877442.1519,6,351.15,1624.11,1975.26,0.0,16236.3,39805.9,2371.8,5796.778,3048.675,70604.080,3189584:13;3189613:366;3189614:407;3189615:550;3189616:288
111141.0712,1788877442.2608,6,352.25,1704.46,2056.71,461.3,16310.5,39731.7,2371.8,5797.700,3048.694,70604.080,3189584:13;3189613:366;3189614:427;3189615:610;3189616:288
111141.1819,1788877442.3714,6,352.50,1683.95,2036.45,163.5,16312.0,39730.3,2371.8,5797.700,3048.694,70604.080,3189584:13;3189613:366;3189614:413;3189615:603;3189616:288
111141.2919,1788877442.4815,6,353.00,1666.34,2019.35,244.7,16324.5,39717.7,2371.8,5798.091,3048.711,70604.080,3189584:13;3189613:364;3189614:412;3189615:590;3189616:288
111141.4033,1788877442.5928,6,353.25,1661.82,2015.08,45.2,16313.9,39728.3,2371.8,5798.190,3048.711,70604.080,3189584:13;3189613:364;3189614:411;3189615:586;3189616:288
111141.5133,1788877442.7028,6,353.38,1665.71,2019.09,154.9,16329.8,39712.5,2371.8,5798.790,3048.736,70604.080,3189584:13;3189613:365;3189614:416;3189615:585;3189616:286
111141.6228,1788877442.8123,6,353.38,1665.71,2019.09,0.0,16329.2,39713.0,2371.8,5798.790,3048.736,70604.088,3189584:13;3189613:365;3189614:416;3189615:585;3189616:286
111141.7315,1788877442.9211,6,354.13,1730.92,2085.05,691.6,16387.9,39654.4,2371.8,5799.083,3048.749,70604.088,3189584:13;3189613:387;3189614:442;3189615:602;3189616:287
111141.8434,1788877443.0330,6,354.88,1670.01,2024.89,309.9,16353.3,39688.9,2371.8,5799.083,3048.749,70604.088,3189584:13;3189613:371;3189614:434;3189615:565;3189616:287
111141.9526,1788877443.1422,6,355.25,1651.13,2006.38,172.6,16358.9,39683.4,2371.8,5800.061,3048.768,70604.088,3189584:13;3189613:367;3189614:434;3189615:549;3189616:288
111142.0638,1788877443.2533,6,355.25,1651.13,2006.38,18.2,16358.7,39683.5,2371.8,5800.061,3048.768,70604.088,3189584:13;3189613:367;3189614:434;3189615:549;3189616:288
111142.1724,1788877443.3620,6,355.25,1652.24,2007.50,72.7,16363.0,39679.2,2371.8,5800.469,3048.781,70604.088,3189584:13;3189613:370;3189614:434;3189615:549;3189616:286
111142.2829,1788877443.4724,6,355.25,1652.87,2008.12,0.0,16363.0,39679.2,2371.8,5800.552,3048.782,70604.088,3189584:13;3189613:370;3189614:434;3189615:549;3189616:287
111142.3931,1788877443.5827,6,355.25,1653.14,2008.40,45.9,16363.2,39679.0,2371.8,5800.967,3048.794,70604.088,3189584:13;3189613:370;3189614:434;3189615:549;3189616:287
111142.5021,1788877443.6916,6,355.25,1653.14,2008.40,9.2,16363.2,39679.0,2371.8,5800.967,3048.794,70604.088,3189584:13;3189613:370;3189614:434;3189615:549;3189616:287
111142.6115,1788877443.8010,6,355.25,1653.69,2008.95,18.2,16364.0,39678.3,2371.8,5801.578,3048.807,70604.088,3189584:13;3189613:370;3189614:434;3189615:549;3189616:287
111142.7213,1788877443.9108,6,355.25,1653.69,2008.95,0.0,16364.2,39678.0,2371.8,5801.578,3048.807,70604.088,3189584:13;3189613:370;3189614:434;3189615:549;3189616:287
111142.8318,1788877444.0214,6,355.25,1653.82,2009.07,27.3,16363.0,39679.2,2371.8,5802.616,3048.824,70604.088,3189584:13;3189613:370;3189614:434;3189615:549;3189616:288
111142.9428,1788877444.1323,6,355.25,1653.94,2009.20,0.0,16361.3,39680.9,2371.8,5802.616,3048.826,70604.088,3189584:13;3189613:370;3189614:434;3189615:549;3189616:288
111143.0518,1788877444.2413,6,355.25,1654.30,2009.55,27.6,16357.3,39685.0,2371.8,5803.301,3048.838,70604.088,3189584:13;3189613:370;3189614:434;3189615:549;3189616:288
111143.1606,1788877444.3502,6,355.25,1654.30,2009.55,0.0,16357.3,39685.0,2371.8,5803.301,3048.838,70604.088,3189584:13;3189613:370;3189614:434;3189615:549;3189616:288
111143.2699,1788877444.4594,6,355.25,1655.71,2010.96,36.7,16364.1,39678.1,2371.8,5803.902,3048.848,70604.088,3189584:13;3189613:371;3189614:434;3189615:549;3189616:288
111143.3790,1788877444.5686,6,355.25,1655.71,2010.96,0.0,16364.1,39678.1,2371.8,5803.902,3048.848,70604.088,3189584:13;3189613:371;3189614:434;3189615:549;3189616:288
111143.4878,1788877444.6773,6,355.25,1655.92,2011.17,18.0,16364.9,39677.3,2371.8,5804.523,3048.857,70604.088,3189584:13;3189613:371;3189614:434;3189615:549;3189616:288
111143.5988,1788877444.7883,6,355.25,1655.92,2011.17,0.0,16364.9,39677.3,2371.8,5804.523,3048.858,70604.088,3189584:13;3189613:371;3189614:434;3189615:549;3189616:288
111143.7076,1788877444.8971,6,355.25,1656.24,2011.49,9.1,16364.2,39678.0,2371.8,5805.159,3048.867,70604.088,3189584:13;3189613:371;3189614:434;3189615:549;3189616:289
111143.8178,1788877445.0073,6,355.25,1656.24,2011.49,0.0,16364.2,39678.0,2371.8,5805.159,3048.867,70604.088,3189584:13;3189613:371;3189614:434;3189615:549;3189616:289
111143.9286,1788877445.1182,6,355.25,1661.33,2016.58,45.5,16358.4,39683.8,2371.8,5805.657,3048.874,70604.088,3189584:13;3189613:376;3189614:434;3189615:549;3189616:289
111144.0386,1788877445.2281,6,355.25,1656.59,2011.85,26.9,16359.1,39683.2,2371.8,5805.657,3048.876,70604.088,3189584:13;3189613:374;3189614:434;3189615:548;3189616:287
111144.1503,1788877445.3398,6,355.25,1657.28,2012.54,54.6,16359.1,39683.2,2371.8,5805.973,3048.894,70604.088,3189584:13;3189613:374;3189614:434;3189615:548;3189616:287
111144.2600,1788877445.4496,6,355.25,1657.28,2012.54,0.0,16359.1,39683.1,2371.8,5805.973,3048.894,70604.088,3189584:13;3189613:374;3189614:434;3189615:548;3189616:287
111144.3687,1788877445.5583,6,355.25,1657.41,2012.66,64.0,16363.0,39679.2,2371.8,5806.464,3048.906,70604.088,3189584:13;3189613:377;3189614:434;3189615:548;3189616:286
111144.4783,1788877445.6678,6,355.25,1657.41,2012.66,0.0,16363.0,39679.2,2371.8,5806.464,3048.907,70604.088,3189584:13;3189613:377;3189614:434;3189615:548;3189616:286
111144.5899,1788877445.7794,6,355.25,1658.16,2013.41,45.7,16363.0,39679.2,2371.8,5806.921,3048.919,70604.088,3189584:13;3189613:377;3189614:434;3189615:548;3189616:286
111144.6989,1788877445.8885,6,355.25,1658.16,2013.41,0.0,16363.0,39679.2,2371.8,5806.921,3048.919,70604.088,3189584:13;3189613:377;3189614:434;3189615:548;3189616:286
111144.8106,1788877446.0002,6,355.25,1659.54,2014.79,27.4,16363.0,39679.2,2371.8,5807.506,3048.929,70604.088,3189584:13;3189613:377;3189614:434;3189615:548;3189616:288
111144.9196,1788877446.1092,6,355.25,1659.54,2014.79,18.4,16358.6,39683.6,2371.8,5807.506,3048.929,70604.088,3189584:13;3189613:377;3189614:434;3189615:548;3189616:288
111145.0283,1788877446.2178,6,355.25,1659.62,2014.88,36.3,16356.2,39686.0,2371.8,5808.044,3048.938,70604.088,3189584:13;3189613:377;3189614:434;3189615:548;3189616:288
111145.1386,1788877446.3282,6,355.25,1659.62,2014.88,0.0,16356.5,39685.8,2371.8,5808.044,3048.938,70604.088,3189584:13;3189613:377;3189614:434;3189615:548;3189616:288
111145.2474,1788877446.4369,6,355.25,1659.93,2015.18,9.0,16356.7,39685.5,2371.8,5808.587,3048.947,70604.088,3189584:13;3189613:377;3189614:434;3189615:548;3189616:288
111145.3591,1788877446.5486,6,355.25,1659.93,2015.18,0.0,16356.7,39685.5,2371.8,5808.587,3048.947,70604.088,3189584:13;3189613:377;3189614:434;3189615:548;3189616:288
111145.4679,1788877446.6574,6,355.25,1665.43,2020.68,45.8,16356.3,39685.9,2371.8,5809.131,3048.957,70604.088,3189584:13;3189613:382;3189614:434;3189615:548;3189616:289
111145.5772,1788877446.7668,6,355.25,1659.88,2015.13,0.0,16359.9,39682.3,2371.8,5809.131,3048.958,70604.088,3189584:13;3189613:380;3189614:434;3189615:547;3189616:286
111145.6872,1788877446.8767,6,355.25,1661.26,2016.52,54.8,16359.6,39682.6,2371.8,5809.186,3048.970,70604.088,3189584:13;3189613:380;3189614:434;3189615:547;3189616:288
111145.7965,1788877446.9860,6,355.25,1661.26,2016.52,0.0,16359.6,39682.6,2371.8,5809.186,3048.970,70604.088,3189584:13;3189613:380;3189614:434;3189615:547;3189616:288
111145.9057,1788877447.0953,6,355.25,1662.96,2018.21,71.7,16353.5,39688.7,2371.8,5809.424,3048.980,70604.088,3189584:13;3189613:383;3189614:434;3189615:547;3189616:286
111146.0173,1788877447.2068,6,355.25,1662.96,2018.21,27.6,16346.1,39696.1,2371.8,5809.424,3048.980,70604.088,3189584:13;3189613:383;3189614:434;3189615:547;3189616:286
111146.1265,1788877447.3160,6,355.25,1663.50,2018.75,18.3,16346.6,39695.6,2371.8,5809.526,3048.989,70604.088,3189584:13;3189613:383;3189614:434;3189615:547;3189616:287
111146.2362,1788877447.4257,6,355.25,1663.50,2018.75,0.0,16346.6,39695.6,2371.8,5809.526,3048.989,70604.088,3189584:13;3189613:383;3189614:434;3189615:547;3189616:287
111146.3468,1788877447.5363,6,355.25,1664.14,2019.39,36.0,16346.8,39695.4,2371.8,5809.651,3048.996,70604.088,3189584:13;3189613:383;3189614:434;3189615:547;3189616:287
111146.4578,1788877447.6474,6,355.25,1664.14,2019.39,0.0,16346.8,39695.4,2371.8,5809.651,3048.996,70604.088,3189584:13;3189613:383;3189614:434;3189615:547;3189616:287
111146.5684,1788877447.7579,6,355.25,1664.91,2020.17,18.2,16346.8,39695.4,2371.8,5810.279,3049.005,70604.088,3189584:13;3189613:383;3189614:434;3189615:547;3189616:288
111146.6778,1788877447.8673,6,355.25,1664.91,2020.17,0.0,16346.8,39695.4,2371.8,5810.279,3049.006,70604.088,3189584:13;3189613:383;3189614:434;3189615:547;3189616:288
111146.7871,1788877447.9767,6,355.25,1665.21,2020.47,18.2,16346.8,39695.4,2371.8,5810.825,3049.014,70604.088,3189584:13;3189613:383;3189614:434;3189615:547;3189616:289
111146.8970,1788877448.0865,6,355.25,1665.21,2020.47,0.0,16341.8,39700.4,2371.8,5810.825,3049.014,70604.088,3189584:13;3189613:383;3189614:434;3189615:547;3189616:289
111147.0060,1788877448.1956,6,355.25,1665.31,2020.56,9.2,16341.3,39701.0,2371.8,5811.488,3049.026,70604.088,3189584:13;3189613:383;3189614:434;3189615:547;3189616:289
111147.1154,1788877448.3049,6,355.25,1665.31,2020.56,9.0,16341.5,39700.7,2371.8,5811.488,3049.026,70604.088,3189584:13;3189613:383;3189614:434;3189615:547;3189616:289
111147.2262,1788877448.4157,6,355.25,1665.86,2021.12,27.4,16344.9,39697.4,2371.8,5812.012,3049.039,70604.166,3189584:13;3189613:383;3189614:434;3189615:547;3189616:289
111147.3357,1788877448.5252,6,355.25,1665.86,2021.12,0.0,16368.9,39673.3,2371.8,5812.012,3049.039,70604.166,3189584:13;3189613:383;3189614:434;3189615:547;3189616:289
111147.4450,1788877448.6345,6,355.25,1666.50,2021.76,36.6,16351.9,39690.3,2371.8,5812.331,3049.048,70604.225,3189584:13;3189613:383;3189614:434;3189615:547;3189616:290
111147.5545,1788877448.7441,6,355.25,1666.62,2021.88,9.2,16343.8,39698.4,2371.8,5812.404,3049.050,70604.225,3189584:13;3189613:383;3189614:434;3189615:547;3189616:290
111147.6633,1788877448.8528,6,355.25,1671.64,2026.89,45.4,16344.5,39697.7,2371.8,5812.579,3049.059,70604.232,3189584:13;3189613:388;3189614:434;3189615:547;3189616:290
111147.7736,1788877448.9631,6,355.25,1668.46,2023.71,0.0,16341.6,39700.6,2371.8,5812.579,3049.060,70604.232,3189584:13;3189613:386;3189614:434;3189615:547;3189616:289
111147.8840,1788877449.0736,6,355.25,1668.31,2023.56,27.4,16341.6,39700.6,2371.8,5813.200,3049.069,70604.232,3189584:13;3189613:386;3189614:434;3189615:547;3189616:289
111147.9936,1788877449.1831,6,355.25,1668.31,2023.56,9.2,16341.6,39700.6,2371.8,5813.232,3049.069,70604.232,3189584:13;3189613:386;3189614:434;3189615:547;3189616:289
111148.1020,1788877449.2915,6,355.25,1668.80,2024.05,27.1,16332.3,39709.9,2371.8,5813.720,3049.081,70604.232,3189584:13;3189613:386;3189614:434;3189615:547;3189616:289
111148.2130,1788877449.4025,6,355.25,1668.80,2024.05,0.0,16332.3,39709.9,2371.8,5813.736,3049.081,70604.232,3189584:13;3189613:386;3189614:434;3189615:547;3189616:289
111148.3230,1788877449.5126,6,355.25,1669.02,2024.27,9.2,16332.3,39709.9,2371.8,5814.276,3049.089,70604.232,3189584:13;3189613:386;3189614:434;3189615:547;3189616:289
111148.4324,1788877449.6220,6,355.25,1669.02,2024.27,0.0,16332.3,39709.9,2371.8,5814.395,3049.091,70604.232,3189584:13;3189613:386;3189614:434;3189615:547;3189616:289
111148.5422,1788877449.7317,6,355.25,1669.55,2024.80,18.3,16332.8,39709.4,2371.8,5814.737,3049.100,70604.232,3189584:13;3189613:386;3189614:434;3189615:547;3189616:290
111148.6514,1788877449.8409,6,355.25,1669.38,2024.63,0.0,16333.0,39709.2,2371.8,5814.739,3049.101,70604.232,3189584:13;3189613:386;3189614:434;3189615:547;3189616:290
111148.7602,1788877449.9498,6,355.25,1670.25,2025.50,36.7,16333.0,39709.2,2371.8,5815.109,3049.112,70604.232,3189584:13;3189613:386;3189614:434;3189615:547;3189616:290
111148.8699,1788877450.0595,6,355.25,1670.53,2025.79,9.1,16323.9,39718.3,2371.8,5815.117,3049.113,70604.232,3189584:13;3189613:386;3189614:434;3189615:547;3189616:291
111148.9790,1788877450.1686,6,355.38,1670.49,2025.87,55.1,16322.1,39720.1,2371.8,5815.234,3049.122,70604.232,3189584:13;3189613:388;3189614:434;3189615:546;3189616:289
111149.0880,1788877450.2775,6,355.38,1670.49,2025.87,0.0,16316.2,39726.1,2371.8,5815.305,3049.122,70604.232,3189584:13;3189613:388;3189614:434;3189615:546;3189616:289
111149.1994,1788877450.3889,6,355.38,1671.05,2026.43,9.2,16317.3,39725.0,2371.8,5815.951,3049.132,70604.232,3189584:13;3189613:388;3189614:434;3189615:546;3189616:289
111149.3083,1788877450.4978,6,355.38,1670.92,2026.30,9.2,16336.4,39705.8,2371.8,5815.961,3049.133,70604.232,3189584:13;3189613:388;3189614:434;3189615:546;3189616:289
111149.4170,1788877450.6066,6,355.38,1670.50,2025.88,73.4,16332.8,39709.5,2371.8,5816.420,3049.142,70604.232,3189584:13;3189613:390;3189614:434;3189615:546;3189616:287
111149.5272,1788877450.7167,6,355.38,1670.64,2026.02,18.0,16333.0,39709.2,2371.8,5816.434,3049.145,70604.232,3189584:13;3189613:390;3189614:434;3189615:546;3189616:287
111149.6371,1788877450.8266,6,355.38,1671.41,2026.79,36.2,16334.0,39708.2,2371.8,5816.612,3049.155,70604.232,3189584:13;3189613:390;3189614:434;3189615:546;3189616:288
111149.7486,1788877450.9381,6,355.38,1671.41,2026.79,0.0,16324.4,39717.8,2371.8,5816.637,3049.155,70604.232,3189584:13;3189613:390;3189614:434;3189615:546;3189616:288
111149.8588,1788877451.0483,6,355.38,1672.21,2027.59,27.4,16321.4,39720.9,2371.8,5816.842,3049.163,70604.232,3189584:13;3189613:390;3189614:434;3189615:546;3189616:289
111149.9682,1788877451.1577,6,355.38,1672.38,2027.76,18.0,16321.6,39720.6,2371.8,5816.883,3049.165,70604.232,3189584:13;3189613:390;3189614:434;3189615:546;3189616:289
111150.0794,1788877451.2690,6,355.38,1673.15,2028.53,54.7,16321.6,39720.6,2371.8,5817.356,3049.178,70604.232,3189584:13;3189613:390;3189614:434;3189615:546;3189616:290
111150.1889,1788877451.3784,6,355.38,1673.15,2028.53,0.0,16321.8,39720.4,2371.8,5817.356,3049.178,70604.232,3189584:13;3189613:390;3189614:434;3189615:546;3189616:290
111150.3008,1788877451.4904,6,355.38,1674.27,2029.65,63.4,16322.7,39719.5,2371.8,5817.777,3049.187,70604.232,3189584:13;3189613:392;3189614:434;3189615:546;3189616:289
111150.4109,1788877451.6005,6,355.38,1674.27,2029.65,0.0,16322.2,39720.1,2371.8,5817.795,3049.188,70604.232,3189584:13;3189613:392;3189614:434;3189615:546;3189616:289
111150.5196,1788877451.7091,6,355.38,1674.53,2029.91,27.6,16321.9,39720.3,2371.8,5818.290,3049.200,70604.232,3189584:13;3189613:392;3189614:434;3189615:546;3189616:289
111150.6284,1788877451.8180,6,355.38,1676.41,2031.79,106.3,16322.7,39719.5,2371.8,5818.296,3049.203,70604.232,3189584:13;3189613:398;3189614:434;3189615:545;3189616:287
111150.7414,1788877451.9309,6,355.38,1677.33,2032.71,45.7,16322.7,39719.5,2371.8,5818.744,3049.216,70604.232,3189584:13;3189613:398;3189614:434;3189615:545;3189616:288
111150.8510,1788877452.0405,6,355.38,1677.33,2032.71,0.0,16321.2,39721.0,2371.8,5818.744,3049.216,70604.232,3189584:13;3189613:398;3189614:434;3189615:545;3189616:288
111150.9607,1788877452.1502,6,355.38,1679.17,2034.55,63.0,16326.5,39715.8,2371.8,5819.216,3049.230,70604.232,3189584:13;3189613:401;3189614:434;3189615:545;3189616:286
111151.0716,1788877452.2611,6,355.38,1679.17,2034.55,0.0,16326.7,39715.5,2371.8,5819.254,3049.230,70604.232,3189584:13;3189613:401;3189614:434;3189615:545;3189616:286
111151.1803,1788877452.3699,6,355.38,1680.06,2035.44,55.0,16328.7,39713.5,2371.8,5819.638,3049.242,70604.232,3189584:13;3189613:401;3189614:434;3189615:545;3189616:287
111151.2908,1788877452.4803,6,355.38,1680.06,2035.44,0.0,16328.7,39713.5,2371.8,5819.638,3049.242,70604.232,3189584:13;3189613:401;3189614:434;3189615:545;3189616:287
111151.4000,1788877452.5895,6,355.38,1680.69,2036.07,27.0,16329.2,39713.0,2371.8,5820.102,3049.251,70604.232,3189584:13;3189613:401;3189614:434;3189615:545;3189616:288
111151.5115,1788877452.7010,6,355.38,1680.69,2036.07,0.0,16352.5,39689.7,2371.8,5820.132,3049.251,70604.299,3189584:13;3189613:401;3189614:434;3189615:545;3189616:288
111151.6207,1788877452.8102,6,355.38,1680.91,2036.29,9.0,16352.7,39689.5,2371.8,5820.964,3049.265,70604.299,3189584:13;3189613:401;3189614:434;3189615:545;3189616:288
111151.7322,1788877452.9218,6,355.38,1680.91,2036.29,0.0,16352.5,39689.7,2371.8,5820.975,3049.266,70604.299,3189584:13;3189613:401;3189614:434;3189615:545;3189616:288
111151.8415,1788877453.0310,6,355.50,1682.96,2038.46,73.0,16350.0,39692.3,2371.8,5821.424,3049.274,70604.299,3189584:13;3189613:405;3189614:434;3189615:545;3189616:286
111151.9513,1788877453.1408,6,355.50,1682.96,2038.46,0.0,16349.8,39692.4,2371.8,5821.433,3049.274,70604.299,3189584:13;3189613:405;3189614:434;3189615:545;3189616:286
111152.0606,1788877453.2502,6,355.50,1683.46,2038.96,36.0,16350.1,39692.1,2371.8,5821.601,3049.282,70604.299,3189584:13;3189613:405;3189614:434;3189615:545;3189616:286
111152.1729,1788877453.3624,6,355.50,1683.46,2038.96,0.0,16350.1,39692.1,2371.8,5821.601,3049.282,70604.299,3189584:13;3189613:405;3189614:434;3189615:545;3189616:286
111152.2822,1788877453.4717,6,355.50,1692.12,2047.63,81.8,16357.2,39685.0,2371.8,5821.725,3049.293,70604.299,3189584:13;3189613:413;3189614:434;3189615:545;3189616:288
111152.3923,1788877453.5818,6,355.50,1686.05,2041.55,18.2,16354.7,39687.5,2371.8,5821.725,3049.294,70604.299,3189584:13;3189613:409;3189614:434;3189615:545;3189616:285
111152.5023,1788877453.6918,6,355.50,1686.59,2042.09,54.7,16355.2,39687.0,2371.8,5822.183,3049.305,70604.299,3189584:13;3189613:409;3189614:434;3189615:545;3189616:286
111152.6121,1788877453.8016,6,355.50,1686.59,2042.09,0.0,16355.2,39687.0,2371.8,5822.183,3049.305,70604.299,3189584:13;3189613:409;3189614:434;3189615:545;3189616:286
111152.7212,1788877453.9107,6,355.50,1687.51,2043.01,26.8,16355.2,39687.0,2371.8,5822.638,3049.317,70604.303,3189584:13;3189613:409;3189614:434;3189615:545;3189616:287
111152.8339,1788877454.0234,6,355.50,1687.51,2043.01,9.1,16353.8,39688.4,2371.8,5822.671,3049.317,70604.303,3189584:13;3189613:409;3189614:434;3189615:545;3189616:287
111152.9429,1788877454.1324,6,355.50,1688.01,2043.52,45.2,16353.0,39689.2,2371.8,5823.118,3049.327,70604.303,3189584:13;3189613:409;3189614:434;3189615:545;3189616:287
111153.0538,1788877454.2433,6,355.50,1688.01,2043.52,0.0,16353.0,39689.2,2371.8,5823.118,3049.327,70604.303,3189584:13;3189613:409;3189614:434;3189615:545;3189616:287
111153.1638,1788877454.3534,6,355.50,1688.70,2044.20,9.0,16353.1,39689.2,2371.8,5823.839,3049.336,70604.303,3189584:13;3189613:409;3189614:434;3189615:545;3189616:288
111153.2744,1788877454.4639,6,355.50,1688.70,2044.20,0.0,16353.1,39689.2,2371.8,5823.839,3049.336,70604.303,3189584:13;3189613:409;3189614:434;3189615:545;3189616:288
111153.3843,1788877454.5738,6,355.50,1689.24,2044.74,18.2,16353.1,39689.2,2371.8,5824.561,3049.346,70604.303,3189584:13;3189613:409;3189614:434;3189615:545;3189616:288
111153.4942,1788877454.6837,6,355.50,1689.24,2044.74,9.2,16353.1,39689.2,2371.8,5824.576,3049.346,70604.303,3189584:13;3189613:409;3189614:434;3189615:545;3189616:288
111153.6030,1788877454.7925,6,355.50,1689.54,2045.04,64.3,16352.6,39689.7,2371.8,5824.767,3049.352,70604.303,3189584:13;3189613:409;3189614:434;3189615:545;3189616:289
111153.7122,1788877454.9018,6,355.50,1690.16,2045.66,54.8,16353.8,39688.5,2371.8,5824.788,3049.355,70604.303,3189584:13;3189613:412;3189614:434;3189615:544;3189616:286
111153.8215,1788877455.0111,6,355.63,1690.85,2046.48,55.1,16354.2,39688.0,2371.8,5825.251,3049.367,70604.311,3189584:13;3189613:412;3189614:434;3189615:544;3189616:287
111153.9316,1788877455.1211,6,355.63,1690.85,2046.48,9.0,16354.5,39687.7,2371.8,5825.251,3049.367,70604.311,3189584:13;3189613:412;3189614:434;3189615:544;3189616:287
111154.0417,1788877455.2312,6,355.63,1691.96,2047.59,55.1,16354.5,39687.8,2371.8,5825.706,3049.382,70604.311,3189584:13;3189613:412;3189614:434;3189615:544;3189616:288
111154.1506,1788877455.3402,6,355.63,1692.08,2047.71,9.2,16353.8,39688.4,2371.8,5825.711,3049.384,70604.311,3189584:13;3189613:412;3189614:434;3189615:544;3189616:288
111154.2594,1788877455.4489,6,355.63,1692.74,2048.37,36.5,16353.8,39688.4,2371.8,5825.835,3049.391,70604.311,3189584:13;3189613:412;3189614:434;3189615:544;3189616:289
111154.3691,1788877455.5586,6,355.63,1692.74,2048.37,0.0,16353.8,39688.4,2371.8,5825.882,3049.392,70604.311,3189584:13;3189613:412;3189614:434;3189615:544;3189616:289
111154.4787,1788877455.6683,6,355.63,1694.57,2050.20,82.2,16360.8,39681.5,2371.8,5826.275,3049.402,70604.369,3189584:13;3189613:416;3189614:434;3189615:544;3189616:287
111154.5896,1788877455.7792,6,355.63,1694.83,2050.46,18.0,16360.8,39681.5,2371.8,5826.330,3049.404,70604.369,3189584:13;3189613:416;3189614:434;3189615:544;3189616:287
111154.6992,1788877455.8887,6,355.63,1695.94,2051.57,54.7,16360.8,39681.5,2371.8,5826.744,3049.414,70604.369,3189584:13;3189613:416;3189614:434;3189615:544;3189616:289
111154.8089,1788877455.9984,6,355.63,1695.94,2051.57,0.0,16360.8,39681.5,2371.8,5826.817,3049.415,70604.369,3189584:13;3189613:416;3189614:434;3189615:544;3189616:289
111154.9191,1788877456.1087,6,355.63,1696.19,2051.82,18.3,16358.9,39683.3,2371.8,5827.577,3049.425,70604.369,3189584:13;3189613:416;3189614:434;3189615:544;3189616:289
111155.0294,1788877456.2189,6,355.75,1696.19,2051.94,0.0,16352.6,39689.6,2371.8,5827.639,3049.426,70604.369,3189584:13;3189613:416;3189614:434;3189615:544;3189616:289
111155.1388,1788877456.3283,6,355.88,1697.62,2053.50,89.9,16353.1,39689.1,2371.8,5828.226,3049.438,70604.369,3189584:13;3189613:419;3189614:434;3189615:544;3189616:287
111155.2499,1788877456.4394,6,355.88,1697.61,2053.49,9.1,16353.1,39689.1,2371.8,5828.229,3049.441,70604.369,3189584:13;3189613:419;3189614:434;3189615:544;3189616:287
111155.3602,1788877456.5497,6,355.88,1698.77,2054.65,18.1,16352.8,39689.5,2371.8,5828.658,3049.453,70604.369,3189584:13;3189613:419;3189614:434;3189615:544;3189616:289
111155.4711,1788877456.6606,6,355.88,1698.77,2054.65,0.0,16352.8,39689.5,2371.8,5828.674,3049.454,70604.369,3189584:13;3189613:419;3189614:434;3189615:544;3189616:289
111155.5812,1788877456.7707,6,355.88,1698.65,2054.53,18.3,16366.1,39676.1,2371.8,5828.689,3049.455,70604.385,3189584:13;3189613:419;3189614:434;3189615:544;3189616:288
111155.6912,1788877456.8807,6,355.88,1698.65,2054.53,18.0,16365.8,39676.4,2371.8,5828.689,3049.462,70604.385,3189584:13;3189613:419;3189614:434;3189615:544;3189616:288
111155.8025,1788877456.9920,6,355.88,1698.82,2054.70,9.2,16365.2,39677.1,2371.8,5829.235,3049.473,70604.385,3189584:13;3189613:419;3189614:434;3189615:544;3189616:289
111155.9114,1788877457.1009,6,355.88,1698.82,2054.70,0.0,16362.7,39679.5,2371.8,5829.235,3049.473,70604.385,3189584:13;3189613:419;3189614:434;3189615:544;3189616:289
111156.0201,1788877457.2096,6,356.00,1700.57,2056.58,64.3,16356.8,39685.4,2371.8,5829.352,3049.481,70604.385,3189584:13;3189613:419;3189614:438;3189615:544;3189616:287
111156.1292,1788877457.3188,6,356.00,1700.70,2056.70,0.0,16356.5,39685.8,2371.8,5829.360,3049.483,70604.385,3189584:13;3189613:419;3189614:438;3189615:544;3189616:287
111156.2383,1788877457.4278,6,356.00,1701.30,2057.31,45.9,16357.0,39685.3,2371.8,5829.539,3049.495,70604.385,3189584:13;3189613:419;3189614:438;3189615:544;3189616:287
111156.3473,1788877457.5369,6,356.00,1701.45,2057.45,0.0,16357.9,39684.3,2371.8,5829.734,3049.498,70604.385,3189584:13;3189613:419;3189614:438;3189615:544;3189616:288
111156.4580,1788877457.6476,6,356.00,1702.06,2058.06,36.0,16358.7,39683.6,2371.8,5830.197,3049.508,70604.385,3189584:13;3189613:419;3189614:438;3189615:544;3189616:288
111156.5692,1788877457.7587,6,356.00,1702.06,2058.06,0.0,16358.9,39683.3,2371.8,5830.268,3049.509,70604.385,3189584:13;3189613:419;3189614:438;3189615:544;3189616:288
111156.6784,1788877457.8680,6,356.00,1702.36,2058.36,9.0,16350.5,39691.8,2371.8,5830.611,3049.518,70604.385,3189584:13;3189613:419;3189614:438;3189615:544;3189616:289
111156.7891,1788877457.9786,6,356.00,1702.36,2058.36,0.0,16350.3,39691.9,2371.8,5830.637,3049.518,70604.385,3189584:13;3189613:419;3189614:438;3189615:544;3189616:289
111156.9000,1788877458.0896,6,356.00,1702.45,2058.45,9.2,16347.5,39694.8,2371.8,5831.223,3049.525,70604.393,3189584:13;3189613:419;3189614:438;3189615:544;3189616:289
111157.0092,1788877458.1987,6,356.00,1702.45,2058.45,9.1,16347.7,39694.5,2371.8,5831.223,3049.526,70604.393,3189584:13;3189613:419;3189614:438;3189615:544;3189616:289
111157.1185,1788877458.3080,6,356.00,1702.64,2058.64,9.1,16347.9,39694.3,2371.8,5831.709,3049.533,70604.393,3189584:13;3189613:419;3189614:438;3189615:544;3189616:289
111157.2280,1788877458.4176,6,356.00,1702.64,2058.64,18.2,16347.9,39694.3,2371.8,5831.777,3049.534,70604.393,3189584:13;3189613:419;3189614:438;3189615:544;3189616:289
111157.3378,1788877458.5274,6,356.00,1702.72,2058.72,35.9,16348.6,39693.6,2371.8,5832.224,3049.547,70604.393,3189584:13;3189613:419;3189614:438;3189615:544;3189616:289
111157.4497,1788877458.6393,6,356.00,1702.84,2058.85,0.0,16348.6,39693.6,2371.8,5832.256,3049.547,70604.393,3189584:13;3189613:419;3189614:438;3189615:544;3189616:289
111157.5588,1788877458.7483,6,356.00,1702.90,2058.90,9.2,16348.6,39693.6,2371.8,5832.482,3049.553,70604.393,3189584:13;3189613:419;3189614:438;3189615:544;3189616:289
111157.6677,1788877458.8572,6,356.00,1702.90,2058.90,0.0,16348.6,39693.6,2371.8,5832.521,3049.554,70604.393,3189584:13;3189613:419;3189614:438;3189615:544;3189616:289
111157.7814,1788877458.9710,6,356.00,1703.36,2059.36,18.2,16348.6,39693.6,2371.8,5833.128,3049.565,70604.393,3189584:13;3189613:419;3189614:438;3189615:544;3189616:290
111157.8913,1788877459.0808,6,356.00,1703.48,2059.49,9.0,16346.2,39696.0,2371.8,5833.128,3049.566,70604.393,3189584:13;3189613:419;3189614:438;3189615:544;3189616:290
111158.0029,1788877459.1924,6,356.00,1703.99,2059.99,18.1,16346.2,39696.0,2371.8,5833.156,3049.572,70604.393,3189584:13;3189613:419;3189614:438;3189615:544;3189616:290
111158.1133,1788877459.3028,6,356.00,1703.99,2059.99,0.0,16346.2,39696.0,2371.8,5833.156,3049.572,70604.393,3189584:13;3189613:419;3189614:438;3189615:544;3189616:290
111158.2221,1788877459.4116,6,356.00,1710.58,2066.58,63.4,16347.4,39694.8,2371.8,5833.520,3049.582,70604.393,3189584:13;3189613:425;3189614:438;3189615:544;3189616:291
111158.3328,1788877459.5223,6,356.00,1705.39,2061.40,36.4,16347.7,39694.5,2371.8,5833.522,3049.583,70604.393,3189584:13;3189613:422;3189614:438;3189615:544;3189616:289
111158.4424,1788877459.6319,6,356.00,1705.58,2061.58,17.9,16347.7,39694.5,2371.8,5834.189,3049.593,70604.393,3189584:13;3189613:422;3189614:438;3189615:544;3189616:289
111158.5546,1788877459.7441,6,356.00,1705.83,2061.83,9.1,16347.7,39694.5,2371.8,5834.196,3049.593,70604.393,3189584:13;3189613:422;3189614:438;3189615:544;3189616:289
111158.6635,1788877459.8530,6,356.00,1705.85,2061.85,119.0,16349.0,39693.2,2371.8,5834.510,3049.599,70604.393,3189584:13;3189613:422;3189614:441;3189615:543;3189616:287
111158.7727,1788877459.9623,6,356.00,1705.85,2061.85,0.0,16349.0,39693.2,2371.8,5834.523,3049.600,70604.393,3189584:13;3189613:422;3189614:441;3189615:543;3189616:287
111158.8822,1788877460.0718,6,356.25,1707.48,2063.73,71.9,16345.6,39696.6,2371.8,5834.635,3049.604,70604.393,3189584:13;3189613:423;3189614:441;3189615:543;3189616:288
111158.9938,1788877460.1833,6,356.25,1707.48,2063.73,0.0,16345.6,39696.6,2371.8,5834.635,3049.605,70604.393,3189584:13;3189613:423;3189614:441;3189615:543;3189616:288
111159.1032,1788877460.2927,6,356.25,1708.27,2064.53,27.1,16346.1,39696.1,2371.8,5834.957,3049.615,70604.393,3189584:13;3189613:423;3189614:441;3189615:543;3189616:289
111159.2138,1788877460.4034,6,356.25,1708.40,2064.65,9.0,16346.1,39696.1,2371.8,5834.972,3049.617,70604.393,3189584:13;3189613:423;3189614:441;3189615:543;3189616:289
111159.3252,1788877460.5147,6,356.25,1709.71,2065.96,45.9,16346.1,39696.1,2371.8,5835.539,3049.630,70604.393,3189584:13;3189613:423;3189614:441;3189615:543;3189616:290
111159.4352,1788877460.6247,6,356.25,1709.71,2065.96,0.0,16346.1,39696.1,2371.8,5835.542,3049.630,70604.393,3189584:13;3189613:423;3189614:441;3189615:543;3189616:290
111159.5444,1788877460.7340,6,356.38,1710.58,2066.96,82.5,16340.7,39701.5,2371.8,5836.037,3049.642,70604.393,3189584:13;3189613:425;3189614:441;3189615:543;3189616:288
111159.6536,1788877460.8431,6,356.38,1710.58,2066.96,0.0,16340.7,39701.5,2371.8,5836.037,3049.643,70604.393,3189584:13;3189613:425;3189614:441;3189615:543;3189616:288
111159.7639,1788877460.9534,6,356.38,1711.32,2067.70,45.2,16341.7,39700.5,2371.8,5836.520,3049.657,70604.393,3189584:13;3189613:425;3189614:441;3189615:543;3189616:289
111159.8743,1788877461.0639,6,356.38,1711.32,2067.70,9.1,16343.5,39698.7,2371.8,5836.533,3049.657,70604.393,3189584:13;3189613:425;3189614:441;3189615:543;3189616:289
111159.9840,1788877461.1735,6,356.38,1712.61,2068.98,36.2,16343.8,39698.5,2371.8,5837.261,3049.670,70604.393,3189584:13;3189613:425;3189614:441;3189615:543;3189616:290
111160.0950,1788877461.2845,6,356.38,1712.73,2069.11,18.0,16344.0,39698.2,2371.8,5837.271,3049.671,70604.393,3189584:13;3189613:425;3189614:441;3189615:543;3189616:290
111160.2057,1788877461.3953,6,356.38,1712.94,2069.32,18.1,16344.2,39698.0,2371.8,5837.873,3049.681,70604.393,3189584:13;3189613:425;3189614:441;3189615:543;3189616:291
111160.3175,1788877461.5070,6,356.38,1712.94,2069.32,0.0,16344.2,39698.0,2371.8,5837.873,3049.681,70604.393,3189584:13;3189613:425;3189614:441;3189615:543;3189616:291
111160.4264,1788877461.6160,6,356.38,1714.77,2071.14,91.5,16340.3,39701.9,2371.8,5838.412,3049.693,70604.393,3189584:13;3189613:425;3189614:445;3189615:542;3189616:289
111160.5360,1788877461.7255,6,356.38,1714.77,2071.14,0.0,16340.3,39701.9,2371.8,5838.412,3049.693,70604.393,3189584:13;3189613:425;3189614:445;3189615:542;3189616:289
111160.6447,1788877461.8343,6,356.38,1715.86,2072.24,36.0,16340.8,39701.4,2371.8,5838.872,3049.706,70604.393,3189584:13;3189613:425;3189614:445;3189615:542;3189616:290
111160.7561,1788877461.9457,6,356.38,1715.86,2072.24,9.1,16340.8,39701.4,2371.8,5838.872,3049.707,70604.393,3189584:13;3189613:425;3189614:445;3189615:542;3189616:290
111160.8654,1788877462.0550,6,356.50,1717.25,2073.76,81.4,16343.2,39699.0,2371.8,5839.297,3049.719,70604.393,3189584:13;3189613:429;3189614:445;3189615:542;3189616:289
111160.9762,1788877462.1658,6,356.50,1717.25,2073.76,9.2,16343.2,39699.0,2371.8,5839.297,3049.719,70604.393,3189584:13;3189613:429;3189614:445;3189615:542;3189616:289
111161.0852,1788877462.2747,6,356.50,1717.86,2074.37,27.5,16343.5,39698.8,2371.8,5839.698,3049.729,70604.393,3189584:13;3189613:429;3189614:445;3189615:542;3189616:289
111161.1946,1788877462.3841,6,356.50,1717.86,2074.37,0.0,16343.5,39698.8,2371.8,5839.698,3049.729,70604.393,3189584:13;3189613:429;3189614:445;3189615:542;3189616:289
111161.3048,1788877462.4944,6,356.50,1718.37,2074.88,36.2,16343.7,39698.5,2371.8,5840.217,3049.742,70604.393,3189584:13;3189613:429;3189614:445;3189615:542;3189616:290
111161.4149,1788877462.6045,6,356.50,1718.37,2074.88,0.0,16344.2,39698.0,2371.8,5840.217,3049.742,70604.393,3189584:13;3189613:429;3189614:445;3189615:542;3189616:290
111161.5252,1788877462.7148,6,356.50,1718.80,2075.30,9.1,16344.2,39698.0,2371.8,5840.809,3049.752,70604.393,3189584:13;3189613:429;3189614:445;3189615:542;3189616:290
111161.6353,1788877462.8249,6,356.50,1718.55,2075.05,0.0,16344.2,39698.0,2371.8,5840.809,3049.754,70604.393,3189584:13;3189613:429;3189614:445;3189615:542;3189616:290
111161.7441,1788877462.9336,6,356.50,1719.05,2075.55,9.1,16344.2,39698.0,2371.8,5841.235,3049.760,70604.393,3189584:13;3189613:429;3189614:445;3189615:542;3189616:291
111161.8536,1788877463.0432,6,356.50,1719.05,2075.55,0.0,16344.2,39698.0,2371.8,5841.247,3049.760,70604.393,3189584:13;3189613:429;3189614:445;3189615:542;3189616:291
111161.9644,1788877463.1540,6,356.50,1719.63,2076.13,36.0,16343.3,39698.9,2371.8,5841.790,3049.770,70604.393,3189584:13;3189613:429;3189614:445;3189615:542;3189616:291
111162.0758,1788877463.2653,6,356.50,1719.24,2075.75,18.2,16343.1,39699.1,2371.8,5841.790,3049.771,70604.393,3189584:13;3189613:429;3189614:445;3189615:542;3189616:291
111162.1867,1788877463.3762,6,356.50,1719.92,2076.43,18.1,16343.1,39699.1,2371.8,5842.235,3049.782,70604.393,3189584:13;3189613:429;3189614:445;3189615:542;3189616:291
111162.2975,1788877463.4871,6,356.50,1720.05,2076.55,27.3,16343.1,39699.1,2371.8,5842.278,3049.786,70604.393,3189584:13;3189613:429;3189614:445;3189615:542;3189616:292
111162.4063,1788877463.5958,6,356.63,1722.12,2078.75,82.1,16342.0,39700.2,2371.8,5842.523,3049.796,70604.393,3189584:13;3189613:429;3189614:448;3189615:542;3189616:291
111162.5167,1788877463.7062,6,356.63,1722.12,2078.75,0.0,16341.7,39700.5,2371.8,5842.523,3049.797,70604.393,3189584:13;3189613:429;3189614:448;3189615:542;3189616:291
111162.6257,1788877463.8152,6,356.63,1724.46,2081.09,73.3,16339.9,39702.4,2371.8,5842.979,3049.809,70604.393,3189584:13;3189613:433;3189614:448;3189615:542;3189616:289
111162.7355,1788877463.9250,6,356.63,1724.46,2081.09,18.0,16339.9,39702.4,2371.8,5842.979,3049.810,70604.393,3189584:13;3189613:433;3189614:448;3189615:542;3189616:289
111162.8459,1788877464.0355,6,356.63,1725.52,2082.15,45.8,16339.4,39702.8,2371.8,5843.480,3049.832,70604.393,3189584:13;3189613:433;3189614:448;3189615:542;3189616:290
111162.9555,1788877464.1450,6,356.63,1725.52,2082.15,0.0,16339.4,39702.8,2371.8,5843.480,3049.832,70604.393,3189584:13;3189613:433;3189614:448;3189615:542;3189616:290
111163.0643,1788877464.2539,6,356.63,1726.99,2083.62,27.0,16339.4,39702.8,2371.8,5844.044,3049.840,70604.393,3189584:13;3189613:433;3189614:448;3189615:542;3189616:292
111163.1764,1788877464.3659,6,356.63,1726.99,2083.62,0.0,16339.4,39702.8,2371.8,5844.044,3049.840,70604.393,3189584:13;3189613:433;3189614:448;3189615:542;3189616:292
111163.2850,1788877464.4746,6,356.63,1727.94,2084.57,17.9,16339.4,39702.8,2371.8,5844.743,3049.849,70604.393,3189584:13;3189613:433;3189614:448;3189615:542;3189616:293
111163.3969,1788877464.5864,6,356.63,1727.94,2084.57,0.0,16339.4,39702.8,2371.8,5844.743,3049.849,70604.393,3189584:13;3189613:433;3189614:448;3189615:542;3189616:293
111163.5058,1788877464.6953,6,356.63,1728.86,2085.48,64.2,16342.2,39700.0,2371.8,5845.113,3049.862,70604.393,3189584:13;3189613:433;3189614:451;3189615:541;3189616:291
111163.6157,1788877464.8052,6,356.63,1729.05,2085.68,9.1,16342.2,39700.0,2371.8,5845.113,3049.862,70604.393,3189584:13;3189613:433;3189614:451;3189615:541;3189616:291
111163.7254,1788877464.9149,6,356.63,1730.15,2086.78,54.1,16342.2,39700.0,2371.8,5845.382,3049.875,70604.393,3189584:13;3189613:433;3189614:451;3189615:541;3189616:292
111163.8358,1788877465.0254,6,356.63,1730.15,2086.78,0.0,16342.2,39700.0,2371.8,5845.382,3049.875,70604.393,3189584:13;3189613:433;3189614:451;3189615:541;3189616:292
111163.9463,1788877465.1358,6,356.63,1732.37,2089.00,107.1,16350.2,39692.1,2371.8,5845.857,3049.886,70604.393,3189584:13;3189613:436;3189614:451;3189615:541;3189616:291
111164.0582,1788877465.2478,6,356.63,1732.50,2089.12,9.2,16350.7,39691.6,2371.8,5845.857,3049.888,70604.393,3189584:13;3189613:436;3189614:451;3189615:541;3189616:291
111164.1670,1788877465.3565,6,356.63,1733.35,2089.98,27.5,16352.4,39689.8,2371.8,5846.309,3049.903,70604.393,3189584:13;3189613:436;3189614:451;3189615:541;3189616:292
111164.2762,1788877465.4657,6,356.63,1733.35,2089.98,0.0,16352.6,39689.6,2371.8,5846.309,3049.903,70604.393,3189584:13;3189613:436;3189614:451;3189615:541;3189616:292
111164.3857,1788877465.5753,6,356.63,1733.73,2090.36,27.4,16352.6,39689.6,2371.8,5846.904,3049.913,70604.393,3189584:13;3189613:436;3189614:451;3189615:541;3189616:292
111164.4951,1788877465.6846,6,356.63,1733.73,2090.36,0.0,16352.6,39689.6,2371.8,5846.912,3049.913,70604.393,3189584:13;3189613:436;3189614:451;3189615:541;3189616:292
111164.6066,1788877465.7962,6,356.63,1733.85,2090.48,18.1,16352.1,39690.1,2371.8,5847.594,3049.925,70604.393,3189584:13;3189613:436;3189614:451;3189615:541;3189616:292
111164.7172,1788877465.9067,6,356.63,1733.85,2090.48,9.2,16352.1,39690.1,2371.8,5847.594,3049.925,70604.393,3189584:13;3189613:436;3189614:451;3189615:541;3189616:292
111164.8264,1788877466.0159,6,356.63,1734.20,2090.82,18.3,16352.1,39690.1,2371.8,5847.833,3049.933,70604.393,3189584:13;3189613:436;3189614:451;3189615:541;3189616:293
111164.9356,1788877466.1252,6,356.63,1734.20,2090.82,9.0,16352.5,39689.7,2371.8,5847.833,3049.933,70604.393,3189584:13;3189613:436;3189614:451;3189615:541;3189616:293
111165.0465,1788877466.2361,6,356.63,1734.62,2091.25,18.0,16355.9,39686.3,2371.8,5848.232,3049.939,70604.393,3189584:13;3189613:437;3189614:451;3189615:541;3189616:293
111165.1580,1788877466.3476,6,356.63,1734.62,2091.25,0.0,16355.9,39686.3,2371.8,5848.232,3049.939,70604.393,3189584:13;3189613:437;3189614:451;3189615:541;3189616:293
111165.2670,1788877466.4566,6,356.63,1735.72,2092.35,35.9,16375.0,39667.2,2371.8,5848.871,3049.950,70604.443,3189584:13;3189613:437;3189614:451;3189615:541;3189616:294
111165.3786,1788877466.5682,6,356.63,1735.72,2092.35,0.0,16371.1,39671.1,2371.8,5848.871,3049.951,70604.443,3189584:13;3189613:437;3189614:451;3189615:541;3189616:294
111165.4893,1788877466.6788,6,356.63,1737.57,2094.20,54.2,16370.3,39671.9,2371.8,5849.640,3049.964,70604.443,3189584:13;3189613:437;3189614:455;3189615:541;3189616:292
111165.6008,1788877466.7903,6,356.63,1737.57,2094.20,0.0,16364.0,39678.3,2371.8,5849.640,3049.964,70604.443,3189584:13;3189613:437;3189614:455;3189615:541;3189616:292
111165.7104,1788877466.8999,6,356.63,1738.63,2095.26,63.1,16364.0,39678.3,2371.8,5849.939,3049.973,70604.443,3189584:13;3189613:437;3189614:455;3189615:541;3189616:293
111165.8218,1788877467.0113,6,356.63,1738.63,2095.26,0.0,16364.0,39678.3,2371.8,5849.970,3049.973,70604.443,3189584:13;3189613:437;3189614:455;3189615:541;3189616:293
111165.9311,1788877467.1207,6,356.75,1740.11,2096.87,82.4,16368.0,39674.3,2371.8,5850.371,3049.985,70604.443,3189584:13;3189613:440;3189614:455;3189615:541;3189616:292
111166.0401,1788877467.2297,6,356.75,1740.11,2096.87,9.2,16368.0,39674.3,2371.8,5850.371,3049.985,70604.455,3189584:13;3189613:440;3189614:455;3189615:541;3189616:292
111166.1490,1788877467.3386,6,356.75,1741.11,2097.86,27.2,16367.9,39674.3,2371.8,5850.798,3049.998,70604.455,3189584:13;3189613:440;3189614:455;3189615:541;3189616:293
111166.2601,1788877467.4496,6,356.75,1741.11,2097.86,0.0,16368.2,39674.0,2371.8,5850.798,3049.998,70604.455,3189584:13;3189613:440;3189614:455;3189615:541;3189616:293
111166.3701,1788877467.5597,6,356.75,1741.67,2098.42,27.3,16368.4,39673.8,2371.8,5851.046,3050.006,70604.455,3189584:13;3189613:440;3189614:455;3189615:541;3189616:293
111166.4812,1788877467.6708,6,356.75,1741.67,2098.42,9.1,16368.4,39673.8,2371.8,5851.046,3050.006,70604.455,3189584:13;3189613:440;3189614:455;3189615:541;3189616:293
111166.5904,1788877467.7800,6,356.75,1741.87,2098.62,9.1,16369.2,39673.1,2371.8,5851.690,3050.018,70604.455,3189584:13;3189613:440;3189614:455;3189615:541;3189616:293
111166.7003,1788877467.8898,6,356.75,1741.87,2098.62,0.0,16369.2,39673.1,2371.8,5851.881,3050.020,70604.455,3189584:13;3189613:440;3189614:455;3189615:541;3189616:293
111166.8106,1788877468.0001,6,356.75,1742.12,2098.88,27.2,16369.2,39673.1,2371.8,5852.445,3050.030,70604.455,3189584:13;3189613:440;3189614:455;3189615:541;3189616:294
111166.9211,1788877468.1106,6,356.75,1742.12,2098.88,9.1,16369.3,39673.0,2371.8,5852.446,3050.030,70604.455,3189584:13;3189613:440;3189614:455;3189615:541;3189616:294
111167.0314,1788877468.2210,6,356.75,1742.80,2099.55,18.2,16369.7,39672.5,2371.8,5853.027,3050.037,70604.455,3189584:13;3189613:440;3189614:455;3189615:541;3189616:294
111167.1412,1788877468.3307,6,356.75,1742.80,2099.55,0.0,16369.7,39672.5,2371.8,5853.027,3050.038,70604.455,3189584:13;3189613:440;3189614:455;3189615:541;3189616:294
111167.2498,1788877468.4394,6,356.75,1743.30,2100.05,9.2,16370.0,39672.2,2371.8,5853.651,3050.046,70604.455,3189584:13;3189613:440;3189614:455;3189615:541;3189616:295
111167.3590,1788877468.5486,6,356.75,1743.30,2100.05,0.0,16370.0,39672.2,2371.8,5853.651,3050.046,70604.455,3189584:13;3189613:440;3189614:455;3189615:541;3189616:295
111167.4696,1788877468.6591,6,356.75,1743.81,2100.57,36.0,16370.7,39671.5,2371.8,5853.960,3050.056,70604.455,3189584:13;3189613:440;3189614:455;3189615:541;3189616:295
111167.5812,1788877468.7707,6,356.75,1743.81,2100.57,9.0,16370.7,39671.5,2371.8,5853.960,3050.056,70604.455,3189584:13;3189613:440;3189614:455;3189615:541;3189616:295
111167.6916,1788877468.8811,6,356.75,1745.18,2101.93,72.9,16378.1,39664.2,2371.8,5854.130,3050.065,70604.455,3189584:13;3189613:440;3189614:458;3189615:541;3189616:294
111167.8010,1788877468.9906,6,356.75,1745.30,2102.05,0.0,16378.1,39664.2,2371.8,5854.214,3050.067,70604.455,3189584:13;3189613:440;3189614:458;3189615:541;3189616:294
111167.9109,1788877469.1004,6,356.88,1747.16,2104.04,92.0,16383.6,39658.7,2371.8,5854.251,3050.078,70604.455,3189584:13;3189613:444;3189614:458;3189615:540;3189616:292
111168.0196,1788877469.2091,6,356.88,1747.16,2104.04,18.2,16383.6,39658.7,2371.8,5854.251,3050.078,70604.455,3189584:13;3189613:444;3189614:458;3189615:540;3189616:292
111168.1295,1788877469.3190,6,356.88,1748.04,2104.92,27.3,16383.6,39658.7,2371.8,5854.609,3050.090,70604.455,3189584:13;3189613:444;3189614:458;3189615:540;3189616:293
111168.2391,1788877469.4286,6,356.88,1748.04,2104.92,0.0,16383.3,39658.9,2371.8,5854.609,3050.091,70604.455,3189584:13;3189613:444;3189614:458;3189615:540;3189616:293
111168.3496,1788877469.5391,6,356.88,1748.56,2105.44,26.9,16384.1,39658.2,2371.8,5854.870,3050.100,70604.455,3189584:13;3189613:444;3189614:458;3189615:540;3189616:294
111168.4623,1788877469.6518,6,356.88,1748.56,2105.44,0.0,16384.3,39657.9,2371.8,5854.870,3050.100,70604.455,3189584:13;3189613:444;3189614:458;3189615:540;3189616:294
111168.5710,1788877469.7606,6,356.88,1748.52,2105.40,18.2,16383.9,39658.3,2371.8,5855.326,3050.109,70604.455,3189584:13;3189613:444;3189614:458;3189615:540;3189616:294
111168.6815,1788877469.8711,6,356.88,1748.52,2105.40,0.0,16383.9,39658.3,2371.8,5855.351,3050.109,70604.455,3189584:13;3189613:444;3189614:458;3189615:540;3189616:294
111168.7925,1788877469.9820,6,356.88,1748.85,2105.73,9.0,16383.9,39658.3,2371.8,5855.779,3050.118,70604.455,3189584:13;3189613:444;3189614:458;3189615:540;3189616:294
111168.9048,1788877470.0943,6,356.88,1748.85,2105.73,0.0,16383.9,39658.3,2371.8,5855.881,3050.120,70604.455,3189584:13;3189613:444;3189614:458;3189615:540;3189616:294
111169.0138,1788877470.2034,6,356.88,1749.17,2106.05,27.6,16383.4,39658.8,2371.8,5856.243,3050.130,70604.455,3189584:13;3189613:444;3189614:458;3189615:540;3189616:294
111169.1227,1788877470.3122,6,356.88,1749.17,2106.05,0.0,16383.4,39658.8,2371.8,5856.265,3050.130,70604.455,3189584:13;3189613:444;3189614:458;3189615:540;3189616:294
111169.2330,1788877470.4226,6,356.88,1751.43,2108.31,108.7,16382.2,39660.0,2371.8,5856.287,3050.142,70604.455,3189584:13;3189613:444;3189614:461;3189615:540;3189616:293
111169.3430,1788877470.5325,6,356.88,1751.43,2108.31,0.0,16382.2,39660.0,2371.8,5856.287,3050.142,70604.455,3189584:13;3189613:444;3189614:461;3189615:540;3189616:293
111169.4524,1788877470.6419,6,356.88,1752.08,2108.96,27.2,16382.2,39660.0,2371.8,5856.745,3050.155,70604.455,3189584:13;3189613:444;3189614:461;3189615:540;3189616:294
111169.5628,1788877470.7524,6,356.88,1752.08,2108.96,0.0,16382.2,39660.0,2371.8,5856.768,3050.155,70604.455,3189584:13;3189613:444;3189614:461;3189615:540;3189616:294
111169.6732,1788877470.8627,6,356.88,1752.95,2109.83,89.7,16384.2,39658.1,2371.8,5857.186,3050.168,70604.455,3189584:13;3189613:446;3189614:461;3189615:540;3189616:293
111169.7859,1788877470.9755,6,356.88,1753.10,2109.98,9.0,16384.2,39658.1,2371.8,5857.289,3050.169,70604.455,3189584:13;3189613:446;3189614:461;3189615:540;3189616:293
111169.8961,1788877471.0856,6,356.88,1753.60,2110.48,18.0,16384.1,39658.1,2371.8,5857.649,3050.181,70604.455,3189584:13;3189613:446;3189614:461;3189615:540;3189616:294
111170.0072,1788877471.1967,6,356.88,1753.60,2110.48,0.0,16383.1,39659.1,2371.8,5857.649,3050.181,70604.455,3189584:13;3189613:446;3189614:461;3189615:540;3189616:294
111170.1168,1788877471.3063,6,357.00,1754.71,2111.71,82.6,16387.6,39654.6,2371.8,5857.940,3050.190,70604.455,3189584:13;3189613:446;3189614:464;3189615:540;3189616:292
111170.2260,1788877471.4155,6,357.00,1754.84,2111.84,0.0,16387.6,39654.7,2371.8,5857.977,3050.191,70604.455,3189584:13;3189613:446;3189614:464;3189615:540;3189616:292
111170.3352,1788877471.5247,6,357.00,1755.46,2112.46,36.3,16387.6,39654.7,2371.8,5858.099,3050.200,70604.455,3189584:13;3189613:446;3189614:464;3189615:540;3189616:293
111170.4456,1788877471.6352,6,357.00,1755.46,2112.46,0.0,16387.6,39654.7,2371.8,5858.115,3050.202,70604.455,3189584:13;3189613:446;3189614:464;3189615:540;3189616:293
111170.5551,1788877471.7447,6,357.00,1755.54,2112.54,9.2,16387.6,39654.7,2371.8,5858.552,3050.211,70604.455,3189584:13;3189613:446;3189614:464;3189615:540;3189616:293
111170.6646,1788877471.8541,6,357.00,1755.54,2112.54,9.1,16387.5,39654.7,2371.8,5858.671,3050.214,70604.455,3189584:13;3189613:446;3189614:464;3189615:540;3189616:293
111170.7747,1788877471.9642,6,357.00,1755.90,2112.90,9.2,16387.5,39654.7,2371.8,5859.023,3050.221,70604.455,3189584:13;3189613:446;3189614:464;3189615:540;3189616:293
111170.8844,1788877472.0740,6,357.00,1755.90,2112.90,0.0,16387.8,39654.4,2371.8,5859.023,3050.221,70604.455,3189584:13;3189613:446;3189614:464;3189615:540;3189616:293
111170.9935,1788877472.1830,6,357.00,1755.67,2112.68,45.0,16383.8,39658.4,2371.8,5859.500,3050.230,70604.455,3189584:13;3189613:446;3189614:464;3189615:540;3189616:293
111171.1046,1788877472.2941,6,357.00,1755.67,2112.68,9.1,16383.8,39658.4,2371.8,5859.572,3050.230,70604.475,3189584:13;3189613:446;3189614:464;3189615:540;3189616:293
111171.2151,1788877472.4046,6,357.00,1756.05,2113.05,18.0,16384.1,39658.1,2371.8,5859.958,3050.237,70604.475,3189584:13;3189613:446;3189614:464;3189615:540;3189616:293
111171.3269,1788877472.5164,6,357.00,1756.30,2113.30,18.2,16384.1,39658.1,2371.8,5859.980,3050.238,70604.475,3189584:13;3189613:446;3189614:464;3189615:540;3189616:293
111171.4361,1788877472.6256,6,357.00,1757.14,2114.14,45.2,16384.3,39657.9,2371.8,5860.074,3050.249,70604.475,3189584:13;3189613:446;3189614:464;3189615:540;3189616:294
111171.5469,1788877472.7364,6,357.00,1759.02,2116.02,9.0,16384.3,39657.9,2371.8,5860.093,3050.249,70604.475,3189584:13;3189613:446;3189614:464;3189615:540;3189616:295
111171.6581,1788877472.8476,6,357.00,1758.17,2115.17,54.7,16385.2,39657.1,2371.8,5860.197,3050.258,70604.475,3189584:13;3189613:448;3189614:464;3189615:540;3189616:293
111171.7674,1788877472.9569,6,357.00,1758.17,2115.17,0.0,16385.2,39657.1,2371.8,5860.334,3050.259,70604.475,3189584:13;3189613:448;3189614:464;3189615:540;3189616:293
111171.8782,1788877473.0677,6,357.13,1760.42,2117.55,63.8,16385.2,39657.0,2371.8,5860.744,3050.270,70604.475,3189584:13;3189613:451;3189614:464;3189615:540;3189616:293
111171.9876,1788877473.1771,6,357.13,1759.23,2116.36,9.2,16385.7,39656.5,2371.8,5860.868,3050.271,70604.475,3189584:13;3189613:450;3189614:464;3189615:540;3189616:293
111172.0964,1788877473.2859,6,357.13,1759.90,2117.03,27.5,16379.2,39663.0,2371.8,5861.192,3050.284,70604.486,3189584:13;3189613:450;3189614:464;3189615:540;3189616:293
111172.2055,1788877473.3951,6,357.13,1760.02,2117.15,8.9,16379.4,39662.8,2371.8,5861.291,3050.287,70604.486,3189584:13;3189613:450;3189614:464;3189615:540;3189616:293
111172.3176,1788877473.5072,6,357.13,1760.27,2117.40,0.0,16385.4,39656.8,2371.8,5861.648,3050.294,70604.486,3189584:13;3189613:450;3189614:464;3189615:540;3189616:294
111172.4285,1788877473.6180,6,357.13,1760.28,2117.41,18.3,16385.4,39656.8,2371.8,5861.655,3050.294,70604.486,3189584:13;3189613:450;3189614:464;3189615:540;3189616:294
111172.5377,1788877473.7273,6,357.13,1761.78,2118.91,91.6,16384.7,39657.5,2371.8,5861.764,3050.305,70604.486,3189584:13;3189613:450;3189614:468;3189615:539;3189616:292
111172.6482,1788877473.8378,6,357.13,1762.02,2119.15,9.0,16384.7,39657.5,2371.8,5861.783,3050.306,70604.486,3189584:13;3189613:450;3189614:468;3189615:539;3189616:293
111172.7589,1788877473.9484,6,357.13,1762.95,2120.07,45.1,16385.2,39657.0,2371.8,5862.057,3050.317,70604.486,3189584:13;3189613:450;3189614:468;3189615:539;3189616:293
111172.8698,1788877474.0594,6,357.13,1762.95,2120.07,0.0,16385.2,39657.0,2371.8,5862.164,3050.318,70604.486,3189584:13;3189613:450;3189614:468;3189615:539;3189616:293
111172.9792,1788877474.1688,6,357.13,1763.32,2120.45,0.0,16384.5,39657.7,2371.8,5862.608,3050.325,70604.486,3189584:13;3189613:450;3189614:468;3189615:539;3189616:294
111173.0891,1788877474.2786,6,357.13,1763.15,2120.28,18.2,16384.5,39657.7,2371.8,5862.649,3050.326,70604.486,3189584:13;3189613:450;3189614:468;3189615:539;3189616:294
111173.1990,1788877474.3886,6,357.13,1763.57,2120.70,27.2,16388.3,39653.9,2371.8,5862.973,3050.338,70604.486,3189584:13;3189613:450;3189614:468;3189615:539;3189616:294
111173.3098,1788877474.4993,6,357.13,1763.57,2120.70,0.0,16388.7,39653.5,2371.8,5863.094,3050.339,70604.486,3189584:13;3189613:450;3189614:468;3189615:539;3189616:294
111173.4188,1788877474.6083,6,357.13,1763.84,2120.97,27.1,16388.7,39653.5,2371.8,5863.427,3050.346,70604.486,3189584:13;3189613:450;3189614:468;3189615:539;3189616:294
111173.5297,1788877474.7193,6,357.13,1763.84,2120.97,0.0,16388.7,39653.5,2371.8,5863.505,3050.347,70604.486,3189584:13;3189613:450;3189614:468;3189615:539;3189616:294
111173.6392,1788877474.8287,6,357.13,1764.10,2121.23,9.2,16388.7,39653.5,2371.8,5863.973,3050.356,70604.486,3189584:13;3189613:450;3189614:468;3189615:539;3189616:295
111173.7488,1788877474.9384,6,357.13,1764.10,2121.23,0.0,16384.3,39657.9,2371.8,5864.125,3050.356,70604.486,3189584:13;3189613:450;3189614:468;3189615:539;3189616:295
111173.8582,1788877475.0478,6,357.13,1764.72,2121.85,9.2,16381.9,39660.3,2371.8,5864.648,3050.366,70604.654,3189584:13;3189613:450;3189614:468;3189615:539;3189616:295
111173.9672,1788877475.1567,6,357.13,1764.84,2121.97,9.1,16381.6,39660.6,2371.8,5864.731,3050.367,70604.654,3189584:13;3189613:450;3189614:468;3189615:539;3189616:295
111174.0772,1788877475.2667,6,357.25,1765.57,2122.82,91.2,16377.3,39665.0,2371.8,5864.890,3050.375,70604.654,3189584:13;3189613:453;3189614:468;3189615:539;3189616:293
111174.1867,1788877475.3762,6,357.25,1765.97,2123.22,0.0,16377.3,39665.0,2371.8,5864.977,3050.376,70604.654,3189584:13;3189613:453;3189614:468;3189615:539;3189616:294
111174.2958,1788877475.4853,6,357.25,1766.34,2123.60,36.7,16377.3,39665.0,2371.8,5865.278,3050.387,70604.654,3189584:13;3189613:453;3189614:468;3189615:539;3189616:294
111174.4057,1788877475.5953,6,357.25,1766.46,2123.71,18.0,16377.3,39664.9,2371.8,5865.400,3050.388,70604.654,3189584:13;3189613:453;3189614:468;3189615:539;3189616:294
111174.5158,1788877475.7054,6,357.25,1772.19,2129.44,36.5,16382.5,39659.8,2371.8,5865.734,3050.394,70604.654,3189584:13;3189613:453;3189614:473;3189615:539;3189616:294
111174.6252,1788877475.8148,6,357.25,1766.86,2124.11,45.0,16378.4,39663.8,2371.8,5865.795,3050.396,70604.654,3189584:13;3189613:453;3189614:471;3189615:538;3189616:292
111174.7366,1788877475.9261,6,357.25,1767.32,2124.57,63.6,16378.4,39663.8,2371.8,5866.130,3050.409,70604.654,3189584:13;3189613:453;3189614:471;3189615:538;3189616:292
111174.8464,1788877476.0359,6,357.25,1767.32,2124.57,0.0,16378.4,39663.8,2371.8,5866.140,3050.409,70604.654,3189584:13;3189613:453;3189614:471;3189615:538;3189616:292
111174.9562,1788877476.1458,6,357.25,1767.47,2124.73,18.2,16378.0,39664.2,2371.8,5866.319,3050.417,70604.654,3189584:13;3189613:453;3189614:471;3189615:538;3189616:292
111175.0661,1788877476.2557,6,357.25,1767.47,2124.73,0.0,16378.2,39664.0,2371.8,5866.478,3050.419,70604.654,3189584:13;3189613:453;3189614:471;3189615:538;3189616:292
111175.1757,1788877476.3652,6,357.25,1767.99,2125.24,0.0,16378.2,39664.0,2371.8,5866.977,3050.427,70604.666,3189584:13;3189613:453;3189614:471;3189615:538;3189616:293
111175.2863,1788877476.4759,6,357.25,1767.99,2125.24,9.1,16378.2,39664.0,2371.8,5867.073,3050.429,70604.666,3189584:13;3189613:453;3189614:471;3189615:538;3189616:293
111175.3969,1788877476.5864,6,357.25,1768.12,2125.37,9.2,16378.5,39663.8,2371.8,5867.425,3050.436,70604.666,3189584:13;3189613:453;3189614:471;3189615:538;3189616:293
111175.5058,1788877476.6953,6,357.25,1768.12,2125.37,0.0,16378.5,39663.8,2371.8,5867.465,3050.437,70604.666,3189584:13;3189613:453;3189614:471;3189615:538;3189616:293
111175.6161,1788877476.8056,6,357.25,1768.19,2125.45,27.5,16378.9,39663.3,2371.8,5867.968,3050.447,70604.666,3189584:13;3189613:453;3189614:471;3189615:538;3189616:293
111175.7249,1788877476.9144,6,357.25,1768.69,2125.95,0.0,16378.9,39663.3,2371.8,5868.022,3050.447,70604.666,3189584:13;3189613:453;3189614:471;3189615:538;3189616:294
111175.8341,1788877477.0236,6,357.25,1769.01,2126.26,27.5,16378.7,39663.5,2371.8,5868.197,3050.457,70604.666,3189584:13;3189613:453;3189614:471;3189615:538;3189616:294
111175.9433,1788877477.1329,6,357.25,1769.01,2126.26,9.2,16378.7,39663.5,2371.8,5868.197,3050.457,70604.666,3189584:13;3189613:453;3189614:471;3189615:538;3189616:294
111176.0524,1788877477.2420,6,357.25,1769.36,2126.62,36.8,16379.2,39663.0,2371.8,5868.275,3050.465,70604.666,3189584:13;3189613:453;3189614:471;3189615:538;3189616:294
111176.1613,1788877477.3508,6,357.25,1769.36,2126.62,9.1,16379.2,39663.0,2371.8,5868.275,3050.465,70604.666,3189584:13;3189613:453;3189614:471;3189615:538;3189616:294
111176.2712,1788877477.4607,6,357.25,1770.51,2127.76,80.9,16376.9,39665.3,2371.8,5868.787,3050.474,70604.666,3189584:13;3189613:456;3189614:471;3189615:538;3189616:292
111176.3825,1788877477.5720,6,357.38,1771.22,2128.60,55.2,16370.1,39672.1,2371.8,5868.795,3050.476,70604.666,3189584:13;3189613:456;3189614:471;3189615:538;3189616:293
111176.4913,1788877477.6808,6,357.38,1771.36,2128.74,44.9,16370.1,39672.1,2371.8,5869.207,3050.486,70604.666,3189584:13;3189613:456;3189614:471;3189615:538;3189616:293
111176.6032,1788877477.7928,6,357.38,1771.62,2129.00,0.0,16370.1,39672.1,2371.8,5869.281,3050.486,70604.666,3189584:13;3189613:456;3189614:471;3189615:538;3189616:293
111176.7132,1788877477.9027,6,357.38,1771.37,2128.75,17.9,16370.4,39671.8,2371.8,5869.338,3050.490,70604.666,3189584:13;3189613:456;3189614:471;3189615:538;3189616:293
111176.8249,1788877478.0145,6,357.38,1771.37,2128.75,9.2,16370.4,39671.8,2371.8,5869.486,3050.491,70604.666,3189584:13;3189613:456;3189614:471;3189615:538;3189616:293
111176.9338,1788877478.1233,6,357.38,1771.29,2128.67,9.0,16370.1,39672.2,2371.8,5869.985,3050.502,70604.666,3189584:13;3189613:456;3189614:471;3189615:538;3189616:293
111177.0454,1788877478.2349,6,357.38,1771.62,2129.00,18.0,16370.0,39672.2,2371.8,5870.066,3050.503,70604.666,3189584:13;3189613:456;3189614:471;3189615:538;3189616:293
111177.1553,1788877478.3449,6,357.38,1772.23,2129.61,82.2,16370.3,39671.9,2371.8,5870.443,3050.513,70604.666,3189584:13;3189613:456;3189614:472;3189615:538;3189616:293
111177.2650,1788877478.4545,6,357.38,1772.23,2129.61,0.0,16370.8,39671.4,2371.8,5870.499,3050.522,70604.666,3189584:13;3189613:456;3189614:472;3189615:538;3189616:293
111177.3749,1788877478.5645,6,357.38,1772.21,2129.59,18.0,16371.0,39671.2,2371.8,5870.850,3050.530,70604.666,3189584:13;3189613:456;3189614:472;3189615:538;3189616:293
111177.4863,1788877478.6758,6,357.38,1772.34,2129.72,0.0,16371.0,39671.2,2371.8,5870.966,3050.532,70604.666,3189584:13;3189613:456;3189614:472;3189615:538;3189616:293
111177.5978,1788877478.7874,6,357.38,1773.85,2131.23,45.7,16372.3,39670.0,2371.8,5871.257,3050.541,70604.666,3189584:13;3189613:456;3189614:472;3189615:538;3189616:294
111177.7071,1788877478.8966,6,357.38,1773.74,2131.12,9.0,16373.0,39669.2,2371.8,5871.277,3050.543,70604.666,3189584:13;3189613:456;3189614:472;3189615:538;3189616:294
111177.8175,1788877479.0070,6,357.38,1774.40,2131.78,27.5,16373.0,39669.2,2371.8,5871.705,3050.554,70604.666,3189584:13;3189613:456;3189614:472;3189615:538;3189616:295
111177.9270,1788877479.1165,6,357.38,1774.97,2132.35,9.1,16373.0,39669.3,2371.8,5871.773,3050.555,70604.666,3189584:13;3189613:456;3189614:472;3189615:538;3189616:296
111178.0377,1788877479.2272,6,358.38,1900.75,2259.12,1196.2,16499.8,39542.4,2371.8,5872.180,3050.561,70604.666,3189584:13;3189613:468;3189614:530;3189615:576;3189616:315
111178.1647,1788877479.3542,6,358.50,1966.16,2324.66,1152.9,16637.1,39405.1,2371.8,5872.183,3050.562,70604.666,3189584:13;3189613:518;3189614:561;3189615:584;3189616:290
111178.2907,1788877479.4802,6,358.50,2114.45,2472.95,1325.9,16731.1,39311.2,2371.8,5872.609,3050.567,70604.686,3189584:13;3189613:544;3189614:663;3189615:604;3189616:290
111178.4645,1788877479.6540,6,358.50,2143.18,2501.68,1089.7,16822.5,39219.7,2371.8,5872.624,3050.568,70604.686,3189584:13;3189613:568;3189614:661;3189615:627;3189616:274
111178.6181,1788877479.8076,6,358.50,2132.59,2491.09,1247.4,16798.6,39243.7,2371.8,5872.854,3050.570,70604.686,3189584:13;3189613:595;3189614:685;3189615:566;3189616:274
111178.7657,1788877479.9552,6,358.62,2244.57,2603.19,902.4,16873.0,39169.2,2371.8,5872.959,3050.571,70604.686,3189584:13;3189613:657;3189614:714;3189615:587;3189616:273
111178.9359,1788877480.1254,6,358.88,2166.12,2525.00,1026.6,16898.0,39144.2,2371.8,5873.060,3050.573,70604.686,3189584:13;3189613:594;3189614:762;3189615:544;3189616:253
111179.0850,1788877480.2745,6,358.88,2226.56,2585.44,1103.7,16893.0,39149.2,2371.8,5873.067,3050.573,70604.686,3189584:13;3189613:568;3189614:781;3189615:608;3189616:257
111179.2735,1788877480.4631,6,358.88,2333.24,2692.12,1300.4,17089.0,38953.2,2371.8,5873.080,3050.574,70604.686,3189584:13;3189613:573;3189614:820;3189615:679;3189616:248
111179.4511,1788877480.6406,6,358.88,2426.07,2784.94,787.8,17245.1,38797.1,2371.8,5873.080,3050.574,70604.686,3189584:13;3189613:542;3189614:830;3189615:800;3189616:241
111179.6041,1788877480.7936,6,358.88,2697.97,3056.84,740.4,17253.8,38788.4,2371.8,5873.080,3050.574,70604.686,3189584:13;3189613:750;3189614:860;3189615:835;3189616:240
111179.7374,1788877480.9269,6,358.88,2643.20,3002.07,530.2,17197.0,38845.2,2371.8,5873.080,3050.574,70604.686,3189584:13;3189613:734;3189614:798;3189615:866;3189616:233
111179.8653,1788877481.0548,6,358.88,2798.43,3157.30,508.4,17345.4,38696.9,2373.8,5873.080,3050.574,70604.686,3189584:13;3189613:810;3189614:846;3189615:897;3189616:233
111179.9915,1788877481.1810,6,358.88,3017.67,3376.54,530.7,17562.8,38479.4,2374.2,5873.080,3050.574,70604.686,3189584:13;3189613:902;3189614:916;3189615:954;3189616:233
111180.1399,1788877481.3294,6,358.88,3146.85,3505.72,530.4,17718.3,38323.9,2374.2,5873.080,3050.574,70604.686,3189584:13;3189613:926;3189614:1023;3189615:952;3189616:233
111180.2744,1788877481.4639,6,358.88,3261.40,3620.27,358.1,17841.1,38201.1,2374.2,5873.080,3050.574,70604.686,3189584:13;3189613:968;3189614:1072;3189615:976;3189616:233
111180.4121,1788877481.6017,6,358.88,3354.62,3713.50,329.9,17953.8,38088.4,2374.2,5873.081,3050.574,70604.686,3189584:13;3189613:1022;3189614:1104;3189615:982;3189616:233
111180.5383,1788877481.7278,6,358.88,3500.06,3858.93,318.9,18131.7,37910.6,2374.2,5873.081,3050.574,70604.686,3189584:13;3189613:1077;3189614:1176;3189615:1001;3189616:233
111180.6629,1788877481.8524,6,358.88,3594.86,3953.74,401.7,18238.6,37803.6,2374.2,5873.081,3050.574,70604.686,3189584:13;3189613:1129;3189614:1198;3189615:1022;3189616:233
111180.7903,1788877481.9798,6,358.88,3640.77,3999.65,294.1,18188.8,37853.4,2374.2,5873.081,3050.574,70604.686,3189584:13;3189613:1157;3189614:1206;3189615:1032;3189616:233
111180.9128,1788877482.1024,6,358.88,3555.98,3914.85,352.3,18158.6,37883.7,2374.2,5873.081,3050.574,70604.686,3189584:13;3189613:1167;3189614:1169;3189615:974;3189616:233
111181.0343,1788877482.2238,6,358.88,3631.77,3990.65,327.9,18235.4,37806.8,2374.2,5873.081,3050.574,70604.686,3189584:13;3189613:1200;3189614:1200;3189615:986;3189616:233
111181.1535,1788877482.3430,6,358.88,3644.62,4003.50,323.1,18270.6,37771.6,2374.2,5873.081,3050.574,70604.686,3189584:13;3189613:1165;3189614:1210;3189615:1024;3189616:233
111181.2735,1788877482.4630,6,358.88,3645.39,4004.27,307.0,18238.9,37803.3,2374.5,5873.081,3050.575,70604.686,3189584:13;3189613:1175;3189614:1187;3189615:1038;3189616:233
111181.3906,1788877482.5801,6,358.88,3332.05,3690.93,372.1,17909.9,38132.3,2374.5,5873.081,3050.575,70604.686,3189584:13;3189613:1227;3189614:1200;3189615:659;3189616:233
111181.5060,1788877482.6956,6,359.46,3055.20,3414.66,298.7,17748.6,38293.6,2374.5,5873.081,3050.575,70604.686,3189584:13;3189613:1240;3189614:1217;3189615:353;3189616:233
111181.6202,1788877482.8097,6,359.46,2679.45,3038.91,221.7,17578.4,38463.8,2374.5,5873.082,3050.575,70604.686,3189584:13;3189613:1178;3189614:903;3189615:353;3189616:233
111181.7328,1788877482.9224,6,359.58,2401.21,2760.80,350.0,17371.6,38670.7,2374.5,5873.082,3050.575,70604.686,3189584:13;3189613:1196;3189614:619;3189615:351;3189616:223
111181.8469,1788877483.0364,6,359.58,2197.34,2556.92,420.1,17372.5,38669.7,2374.5,5873.082,3050.575,70604.686,3189584:13;3189613:706;3189614:878;3189615:378;3189616:223
111181.9586,1788877483.1482,6,359.71,2120.53,2480.24,325.3,17382.0,38660.2,2374.5,5873.082,3050.575,70604.686,3189584:13;3189613:502;3189614:1015;3189615:379;3189616:212
111182.0724,1788877483.2620,6,360.21,2341.65,2701.86,349.6,17429.5,38612.7,2374.5,5873.082,3050.575,70604.686,3189584:13;3189613:576;3189614:1063;3189615:478;3189616:212
111182.1868,1788877483.3764,6,360.21,2596.41,2956.61,295.6,17573.8,38468.4,2374.5,5873.082,3050.575,70604.686,3189584:13;3189613:619;3189614:1087;3189615:666;3189616:212
111182.2983,1788877483.4878,6,463.53,2306.83,2770.36,377.9,17534.2,38508.0,2374.5,5873.082,3050.575,70604.686,3189584:13;3189613:614;3189614:1037;3189615:431;3189616:212
111182.4095,1788877483.5990,6,546.34,2202.05,2748.39,304.2,17480.1,38562.1,2374.5,5873.082,3050.575,70604.686,3189584:13;3189613:492;3189614:1054;3189615:431;3189616:212
111182.5246,1788877483.7141,6,496.89,1945.27,2442.17,290.5,17117.9,38924.3,2374.5,5873.082,3050.575,70604.686,3189584:13;3189613:212;3189614:1078;3189615:431;3189616:212
111182.6349,1788877483.8244,6,551.56,1902.00,2453.57,220.0,17168.9,38873.4,2374.5,5873.082,3050.576,70604.686,3189584:13;3189613:212;3189614:1034;3189615:431;3189616:212
111182.7485,1788877483.9381,6,458.22,1101.14,1559.36,182.2,16720.9,39321.3,2374.5,5873.082,3050.576,70604.686,3189584:13;3189613:227;3189614:218;3189615:431;3189616:212
111182.8579,1788877484.0474,6,494.27,1117.64,1611.91,127.3,16712.8,39329.4,2374.5,5873.082,3050.576,70604.686,3189584:13;3189613:244;3189614:218;3189615:431;3189616:212
111182.9679,1788877484.1575,6,575.95,1098.45,1674.41,117.9,16723.7,39318.6,2374.5,5873.082,3050.576,70604.686,3189584:13;3189613:233;3189614:213;3189615:430;3189616:210
111183.0783,1788877484.2678,6,541.85,1098.45,1640.30,134.5,16716.3,39326.0,2374.5,5873.082,3050.576,70604.686,3189584:13;3189613:233;3189614:213;3189615:430;3189616:210
111183.1901,1788877484.3797,6,561.50,989.49,1550.99,154.5,16616.5,39425.8,2374.5,5873.083,3050.576,70604.686,3189584:13;3189613:218;3189614:215;3189615:332;3189616:211
111183.3002,1788877484.4897,6,579.71,989.49,1569.20,99.1,16239.5,39802.7,2374.5,5903.390,3080.883,70604.686,3189584:13;3189613:218;3189614:215;3189615:332;3189616:211
111183.4107,1788877484.6003,6,628.02,989.49,1617.51,109.8,16292.8,39749.4,2374.5,5903.390,3080.883,70604.686,3189584:13;3189613:218;3189614:215;3189615:332;3189616:211
111183.5201,1788877484.7096,6,677.02,989.49,1666.51,100.1,16339.3,39702.9,2374.5,5903.390,3080.883,70604.686,3189584:13;3189613:218;3189614:215;3189615:332;3189616:211
111183.6299,1788877484.8195,6,648.69,989.49,1638.18,108.8,16339.4,39702.8,2374.5,5903.541,3081.034,70604.686,3189584:13;3189613:218;3189614:215;3189615:332;3189616:211
111183.7403,1788877484.9299,6,648.69,989.49,1638.18,100.6,16339.1,39703.2,2374.5,5903.541,3081.034,70604.686,3189584:13;3189613:218;3189614:215;3189615:332;3189616:211
111183.8497,1788877485.0392,6,648.69,989.49,1638.18,108.2,16323.0,39719.2,2374.5,5903.541,3081.034,70604.686,3189584:13;3189613:218;3189614:215;3189615:332;3189616:211
111183.9608,1788877485.1503,6,648.69,989.49,1638.18,100.6,16323.2,39719.0,2374.5,5903.541,3081.034,70604.686,3189584:13;3189613:218;3189614:215;3189615:332;3189616:211
111184.0703,1788877485.2598,6,639.75,989.49,1629.23,118.2,16323.9,39718.3,2374.5,5903.541,3081.034,70604.686,3189584:13;3189613:218;3189614:215;3189615:332;3189616:211
111184.1799,1788877485.3694,6,554.20,974.17,1528.37,82.4,16269.9,39772.3,2374.5,5903.543,3081.038,70604.686,3189584:13;3189613:216;3189614:212;3189615:323;3189616:210
111184.2891,1788877485.4786,6,554.20,959.71,1513.91,363.0,16261.0,39781.2,2374.5,5903.543,3081.038,70604.686,3189584:13;3189613:211;3189614:211;3189615:315;3189616:210
