t_mono,t_wall,n_procs,client_rss_mb,workers_rss_mb,tree_rss_mb,tree_cpu_pct,sys_used_mb,sys_available_mb,swap_used_mb,net_recv_mb,net_sent_mb,disk_read_mb,workers
111653.8360,1788877955.0255,2,24.09,13.12,37.22,0.0,15183.0,40859.2,2374.0,8377.440,3278.126,70627.404,3202402:13
111653.9453,1788877955.1348,2,24.09,13.12,37.22,0.0,15119.6,40922.6,2374.0,8377.828,3278.134,70627.404,3202402:13
111654.0549,1788877955.2444,2,24.09,13.12,37.22,0.0,15119.6,40922.6,2374.0,8378.304,3278.148,70627.404,3202402:13
111654.1640,1788877955.3536,2,46.88,13.12,60.00,529.8,15119.8,40922.4,2374.0,8378.756,3278.164,70627.404,3202402:13
111654.2929,1788877955.4825,2,61.99,13.12,75.12,500.1,15118.6,40923.7,2374.0,8379.025,3278.171,70627.404,3202402:13
111654.4022,1788877955.5918,2,83.57,13.12,96.69,100.0,15118.6,40923.7,2374.0,8379.080,3278.173,70627.404,3202402:13
111654.5122,1788877955.7017,2,106.89,13.12,120.02,91.4,15118.8,40923.4,2374.0,8379.224,3278.178,70627.404,3202402:13
111654.6218,1788877955.8113,2,112.49,13.12,125.62,106.4,15118.8,40923.4,2374.0,8379.280,3278.182,70627.404,3202402:13
111654.7348,1788877955.9243,2,148.37,13.12,161.49,99.3,15118.8,40923.4,2374.0,8379.963,3278.195,70627.404,3202402:13
111654.8452,1788877956.0348,2,154.64,13.12,167.76,36.8,15086.0,40956.2,2374.0,8380.166,3278.198,70627.404,3202402:13
111654.9542,1788877956.1437,2,155.01,13.12,168.14,0.0,15075.9,40966.3,2374.0,8380.709,3278.207,70627.404,3202402:13
111655.0645,1788877956.2541,6,193.89,126.02,319.90,26.7,15090.6,40951.6,2374.0,8380.798,3278.211,70627.404,3202402:13;3202444:28;3202445:28;3202446:28;3202447:28
111655.1820,1788877956.3716,6,193.89,195.26,389.15,1043.3,15108.3,40933.9,2374.0,8381.299,3278.221,70627.404,3202402:13;3202444:44;3202445:45;3202446:44;3202447:48
111655.3239,1788877956.5134,6,193.89,291.79,485.67,444.8,15108.5,40933.7,2374.0,8381.299,3278.222,70627.404,3202402:13;3202444:68;3202445:70;3202446:69;3202447:72
111655.4338,1788877956.6234,6,193.89,370.61,564.50,372.3,15129.2,40913.0,2374.0,8381.917,3278.232,70627.404,3202402:13;3202444:89;3202445:89;3202446:89;3202447:90
111655.5443,1788877956.7338,6,195.39,393.98,589.37,318.4,15144.4,40897.8,2374.0,8381.918,3278.232,70627.404,3202402:13;3202444:95;3202445:95;3202446:96;3202447:96
111655.6544,1788877956.8439,6,197.14,393.98,591.12,18.2,15144.4,40897.8,2374.0,8382.474,3278.246,70627.404,3202402:13;3202444:95;3202445:95;3202446:96;3202447:96
111655.7640,1788877956.9535,6,197.39,393.98,591.37,9.0,15144.4,40897.8,2374.0,8382.474,3278.247,70627.404,3202402:13;3202444:95;3202445:95;3202446:96;3202447:96
111655.8747,1788877957.0643,6,197.51,393.98,591.50,0.0,15133.3,40908.9,2374.0,8383.416,3278.267,70627.404,3202402:13;3202444:95;3202445:95;3202446:96;3202447:96
111655.9882,1788877957.1777,6,197.51,393.98,591.50,0.0,15133.8,40908.4,2374.0,8383.445,3278.268,70627.404,3202402:13;3202444:95;3202445:95;3202446:96;3202447:96
111656.0996,1788877957.2891,6,197.51,393.98,591.50,0.0,15134.6,40907.7,2374.0,8384.065,3278.283,70627.404,3202402:13;3202444:95;3202445:95;3202446:96;3202447:96
111656.2108,1788877957.4003,6,197.51,393.98,591.50,9.0,15134.6,40907.7,2374.0,8384.102,3278.284,70627.404,3202402:13;3202444:95;3202445:95;3202446:96;3202447:96
111656.3214,1788877957.5110,6,197.51,393.98,591.50,0.0,15134.6,40907.7,2374.0,8384.661,3278.294,70627.404,3202402:13;3202444:95;3202445:95;3202446:96;3202447:96
111656.4321,1788877957.6216,6,197.64,393.98,591.62,0.0,15134.8,40907.4,2374.0,8384.786,3278.295,70627.404,3202402:13;3202444:95;3202445:95;3202446:96;3202447:96
111656.5414,1788877957.7310,6,197.64,393.98,591.62,0.0,15135.0,40907.2,2374.0,8385.237,3278.303,70627.404,3202402:13;3202444:95;3202445:95;3202446:96;3202447:96
111656.6520,1788877957.8415,6,197.64,393.98,591.62,0.0,15135.3,40906.9,2374.0,8385.272,3278.304,70627.404,3202402:13;3202444:95;3202445:95;3202446:96;3202447:96
111656.7619,1788877957.9515,6,197.64,393.98,591.62,0.0,15135.3,40906.9,2374.0,8385.460,3278.308,70627.404,3202402:13;3202444:95;3202445:95;3202446:96;3202447:96
111656.8718,1788877958.0614,6,198.01,393.98,592.00,0.0,15105.8,40936.4,2374.0,8385.518,3278.309,70627.404,3202402:13;3202444:95;3202445:95;3202446:96;3202447:96
111656.9825,1788877958.1720,6,218.50,393.98,612.48,72.9,15100.0,40942.2,2374.0,8386.186,3278.318,70627.404,3202402:13;3202444:95;3202445:95;3202446:96;3202447:96
111657.0919,1788877958.2814,6,224.88,393.98,618.86,108.8,15099.8,40942.5,2374.0,8386.212,3278.318,70627.404,3202402:13;3202444:95;3202445:95;3202446:96;3202447:96
111657.2023,1788877958.3918,6,227.12,393.98,621.11,80.7,15100.0,40942.3,2374.0,8386.417,3278.324,70627.404,3202402:13;3202444:95;3202445:95;3202446:96;3202447:96
111657.3143,1788877958.5038,6,227.12,393.98,621.11,0.0,15100.0,40942.3,2374.0,8386.464,3278.325,70627.404,3202402:13;3202444:95;3202445:95;3202446:96;3202447:96
111657.4257,1788877958.6152,6,227.12,393.98,621.11,0.0,15100.2,40942.0,2374.0,8386.654,3278.329,70627.404,3202402:13;3202444:95;3202445:95;3202446:96;3202447:96
111657.5360,1788877958.7255,6,227.12,393.98,621.11,0.0,15100.7,40941.5,2374.0,8386.685,3278.330,70627.404,3202402:13;3202444:95;3202445:95;3202446:96;3202447:96
111657.6471,1788877958.8366,6,227.12,393.98,621.11,0.0,15100.7,40941.6,2374.0,8386.782,3278.332,70627.471,3202402:13;3202444:95;3202445:95;3202446:96;3202447:96
111657.7579,1788877958.9474,6,227.12,393.98,621.11,0.0,15100.7,40941.6,2374.0,8386.823,3278.333,70627.471,3202402:13;3202444:95;3202445:95;3202446:96;3202447:96
111657.8687,1788877959.0582,6,227.12,393.98,621.11,0.0,15074.9,40967.3,2374.0,8386.920,3278.351,70627.471,3202402:13;3202444:95;3202445:95;3202446:96;3202447:96
111657.9804,1788877959.1699,6,227.12,393.98,621.11,0.0,15073.6,40968.6,2374.0,8386.947,3278.361,70627.471,3202402:13;3202444:95;3202445:95;3202446:96;3202447:96
111658.0908,1788877959.2803,6,227.12,393.98,621.11,0.0,15073.6,40968.6,2374.0,8387.803,3278.399,70627.471,3202402:13;3202444:95;3202445:95;3202446:96;3202447:96
111658.2068,1788877959.3963,6,227.12,393.98,621.11,0.0,15073.9,40968.4,2374.0,8388.195,3278.408,70627.471,3202402:13;3202444:95;3202445:95;3202446:96;3202447:96
111658.3179,1788877959.5075,6,246.35,393.98,640.33,63.6,15098.7,40943.5,2374.0,8389.033,3278.431,70627.471,3202402:13;3202444:95;3202445:95;3202446:96;3202447:96
111658.4276,1788877959.6171,6,246.72,393.98,640.71,99.2,15098.7,40943.5,2374.0,8389.311,3278.437,70627.471,3202402:13;3202444:95;3202445:95;3202446:96;3202447:96
111658.5384,1788877959.7280,6,247.22,393.98,641.21,44.9,15098.9,40943.3,2374.0,8390.085,3278.449,70627.471,3202402:13;3202444:95;3202445:95;3202446:96;3202447:96
111658.6503,1788877959.8399,6,247.22,393.98,641.21,9.1,15099.7,40942.5,2374.0,8390.490,3278.455,70627.471,3202402:13;3202444:95;3202445:95;3202446:96;3202447:96
111658.7602,1788877959.9497,6,247.22,393.98,641.21,0.0,15099.7,40942.5,2374.0,8391.244,3278.466,70627.471,3202402:13;3202444:95;3202445:95;3202446:96;3202447:96
111658.8706,1788877960.0601,6,247.22,393.98,641.21,0.0,15067.0,40975.2,2374.0,8391.493,3278.470,70627.471,3202402:13;3202444:95;3202445:95;3202446:96;3202447:96
111658.9809,1788877960.1704,6,247.22,393.98,641.21,0.0,15067.5,40974.7,2374.0,8392.389,3278.485,70627.471,3202402:13;3202444:95;3202445:95;3202446:96;3202447:96
111659.0910,1788877960.2805,6,247.22,393.98,641.21,8.9,15068.5,40973.7,2374.0,8392.702,3278.491,70627.471,3202402:13;3202444:95;3202445:95;3202446:96;3202447:96
111659.2036,1788877960.3931,6,247.22,393.98,641.21,8.9,15068.5,40973.7,2374.0,8393.581,3278.505,70627.471,3202402:13;3202444:95;3202445:95;3202446:96;3202447:96
111659.3146,1788877960.5042,6,260.03,393.98,654.02,27.3,15072.8,40969.5,2374.0,8394.002,3278.511,70627.471,3202402:13;3202444:95;3202445:95;3202446:96;3202447:96
111659.4245,1788877960.6140,6,259.36,393.98,653.35,100.2,15076.9,40965.3,2374.0,8394.898,3278.530,70627.471,3202402:13;3202444:95;3202445:95;3202446:96;3202447:96
111659.5345,1788877960.7240,6,259.61,393.98,653.60,72.6,15077.2,40965.0,2374.0,8395.293,3278.537,70627.471,3202402:13;3202444:95;3202445:95;3202446:96;3202447:96
111659.6444,1788877960.8339,6,259.61,393.98,653.60,0.0,15077.7,40964.5,2374.0,8396.170,3278.552,70627.471,3202402:13;3202444:95;3202445:95;3202446:96;3202447:96
111659.7547,1788877960.9442,6,259.61,393.98,653.60,0.0,15077.4,40964.8,2374.0,8396.525,3278.559,70627.471,3202402:13;3202444:95;3202445:95;3202446:96;3202447:96
111659.8667,1788877961.0562,6,259.61,393.98,653.60,0.0,15057.6,40984.6,2374.0,8397.211,3278.573,70627.471,3202402:13;3202444:95;3202445:95;3202446:96;3202447:96
111659.9756,1788877961.1651,6,259.61,393.98,653.60,0.0,15045.6,40996.6,2374.0,8397.591,3278.583,70627.471,3202402:13;3202444:95;3202445:95;3202446:96;3202447:96
111660.0864,1788877961.2760,6,259.61,393.98,653.60,0.0,15046.2,40996.1,2374.0,8398.440,3278.607,70627.471,3202402:13;3202444:95;3202445:95;3202446:96;3202447:96
111660.1954,1788877961.3850,6,259.61,393.98,653.60,9.1,15054.3,40987.9,2374.0,8398.871,3278.617,70627.471,3202402:13;3202444:95;3202445:95;3202446:96;3202447:96
111660.3060,1788877961.4955,6,259.61,393.98,653.60,0.0,15054.3,40987.9,2374.0,8399.662,3278.638,70627.471,3202402:13;3202444:95;3202445:95;3202446:96;3202447:96
111660.4150,1788877961.6046,6,259.61,393.98,653.60,0.0,15054.5,40987.7,2374.0,8400.017,3278.644,70627.471,3202402:13;3202444:95;3202445:95;3202446:96;3202447:96
111660.5244,1788877961.7140,6,259.61,393.98,653.60,9.2,15055.0,40987.2,2374.0,8400.943,3278.661,70627.471,3202402:13;3202444:95;3202445:95;3202446:96;3202447:96
111660.6330,1788877961.8226,6,259.61,393.98,653.60,8.7,15055.7,40986.5,2374.0,8401.511,3278.675,70627.471,3202402:13;3202444:95;3202445:95;3202446:96;3202447:96
111660.7480,1788877961.9375,6,262.16,393.98,656.14,62.3,15055.4,40986.8,2374.0,8402.364,3278.695,70627.471,3202402:13;3202444:95;3202445:95;3202446:96;3202447:96
111660.8605,1788877962.0500,6,262.28,393.98,656.27,100.3,15015.1,41027.2,2374.0,8402.817,3278.708,70627.471,3202402:13;3202444:95;3202445:95;3202446:96;3202447:96
111660.9699,1788877962.1595,6,265.53,393.98,659.52,98.6,15018.3,41023.9,2374.0,8403.564,3278.723,70627.471,3202402:13;3202444:95;3202445:95;3202446:96;3202447:96
111661.0813,1788877962.2709,6,267.66,393.98,661.64,99.9,15018.6,41023.6,2374.0,8404.020,3278.733,70627.471,3202402:13;3202444:95;3202445:95;3202446:96;3202447:96
111661.1915,1788877962.3810,6,269.16,393.98,663.14,100.0,15019.6,41022.7,2374.0,8404.719,3278.743,70627.471,3202402:13;3202444:95;3202445:95;3202446:96;3202447:96
111661.3018,1788877962.4913,6,271.77,393.98,665.75,99.6,15023.5,41018.7,2374.0,8405.122,3278.754,70627.471,3202402:13;3202444:95;3202445:95;3202446:96;3202447:96
111661.4119,1788877962.6014,6,299.68,393.98,693.67,127.7,15030.9,41011.3,2374.0,8405.891,3278.769,70627.471,3202402:13;3202444:95;3202445:95;3202446:96;3202447:96
111661.5215,1788877962.7110,6,287.78,415.61,703.39,191.2,15041.7,41000.5,2374.0,8406.319,3278.795,70627.471,3202402:13;3202444:100;3202445:100;3202446:101;3202447:101
111661.6314,1788877962.8209,6,287.78,562.92,850.70,399.7,15099.3,40942.9,2374.0,8407.007,3278.813,70627.471,3202402:13;3202444:137;3202445:137;3202446:138;3202447:138
111661.7440,1788877962.9336,6,288.28,665.40,953.68,595.7,15129.4,40912.8,2374.0,8407.503,3278.887,70627.471,3202402:13;3202444:164;3202445:161;3202446:166;3202447:162
111661.8598,1788877963.0493,6,288.28,665.40,953.68,0.0,15129.8,40912.4,2374.0,8408.180,3278.900,70627.471,3202402:13;3202444:164;3202445:161;3202446:166;3202447:162
111661.9690,1788877963.1585,6,288.28,665.40,953.68,17.8,15121.9,40920.3,2374.0,8408.715,3278.925,70627.471,3202402:13;3202444:164;3202445:161;3202446:166;3202447:162
111662.0818,1788877963.2714,6,288.28,667.77,956.05,18.2,15122.4,40919.8,2374.0,8409.364,3278.960,70627.471,3202402:13;3202444:164;3202445:161;3202446:167;3202447:163
111662.1924,1788877963.3819,6,288.28,668.77,957.05,18.0,15126.1,40916.1,2374.0,8410.226,3278.978,70627.471,3202402:13;3202444:164;3202445:161;3202446:167;3202447:163
111662.3040,1788877963.4936,6,288.28,669.02,957.30,9.0,15126.3,40915.9,2374.0,8410.899,3278.994,70627.471,3202402:13;3202444:164;3202445:161;3202446:167;3202447:163
111662.4150,1788877963.6045,6,288.28,669.27,957.55,0.0,15125.7,40916.5,2374.0,8411.483,3279.010,70627.471,3202402:13;3202444:164;3202445:161;3202446:167;3202447:163
111662.5255,1788877963.7151,6,288.28,722.93,1011.21,96.8,15175.3,40866.9,2374.0,8412.095,3279.025,70627.471,3202402:13;3202444:173;3202445:173;3202446:184;3202447:179
111662.6399,1788877963.8295,6,288.28,755.04,1043.32,869.1,15247.0,40795.2,2374.0,8412.863,3279.046,70627.471,3202402:13;3202444:184;3202445:196;3202446:178;3202447:184
111662.7557,1788877963.9453,6,288.28,709.57,997.85,348.5,15251.3,40790.9,2374.0,8413.387,3279.066,70627.471,3202402:13;3202444:169;3202445:189;3202446:170;3202447:168
111662.8663,1788877964.0558,6,288.28,719.20,1007.48,72.0,15235.8,40806.4,2374.0,8414.131,3279.114,70627.471,3202402:13;3202444:170;3202445:196;3202446:170;3202447:171
111662.9770,1788877964.1666,6,288.28,719.20,1007.48,0.0,15235.5,40806.7,2374.0,8414.614,3279.126,70627.471,3202402:13;3202444:170;3202445:196;3202446:170;3202447:171
111663.0875,1788877964.2771,6,288.28,719.20,1007.48,9.1,15235.5,40806.7,2374.0,8415.428,3279.150,70627.471,3202402:13;3202444:170;3202445:196;3202446:170;3202447:171
111663.1992,1788877964.3888,6,288.28,721.07,1009.35,8.9,15236.5,40805.7,2374.0,8415.916,3279.168,70627.471,3202402:13;3202444:170;3202445:197;3202446:170;3202447:171
111663.3099,1788877964.4994,6,288.28,725.44,1013.72,27.1,15237.2,40805.0,2374.0,8416.717,3279.200,70627.471,3202402:13;3202444:170;3202445:202;3202446:170;3202447:171
111663.4215,1788877964.6111,6,288.28,730.44,1018.72,36.3,15239.2,40803.0,2374.0,8417.166,3279.215,70627.471,3202402:13;3202444:170;3202445:207;3202446:170;3202447:171
111663.5311,1788877964.7206,6,288.28,731.19,1019.47,0.0,15239.7,40802.6,2374.0,8417.992,3279.241,70627.471,3202402:13;3202444:170;3202445:208;3202446:170;3202447:171
111663.6416,1788877964.8311,6,288.28,731.19,1019.47,0.0,15239.9,40802.3,2374.0,8418.450,3279.249,70627.471,3202402:13;3202444:170;3202445:208;3202446:170;3202447:171
111663.7545,1788877964.9440,6,288.28,731.44,1019.72,8.9,15230.9,40811.3,2374.0,8419.337,3279.272,70627.471,3202402:13;3202444:170;3202445:208;3202446:170;3202447:171
111663.8681,1788877965.0576,6,288.28,732.45,1020.73,18.0,15213.9,40828.3,2374.0,8419.629,3279.281,70627.471,3202402:13;3202444:170;3202445:209;3202446:170;3202447:171
111663.9787,1788877965.1683,6,288.28,733.58,1021.86,9.0,15213.9,40828.4,2374.0,8420.460,3279.306,70627.471,3202402:13;3202444:170;3202445:210;3202446:170;3202447:171
111664.0898,1788877965.2794,6,288.28,734.44,1022.72,27.0,15214.4,40827.9,2374.0,8420.733,3279.317,70627.471,3202402:13;3202444:170;3202445:211;3202446:170;3202447:171
111664.2004,1788877965.3899,6,288.28,735.89,1024.18,18.3,15215.1,40827.1,2374.0,8421.627,3279.342,70627.471,3202402:13;3202444:170;3202445:212;3202446:170;3202447:171
111664.3095,1788877965.4990,6,288.28,736.77,1025.05,0.0,15213.8,40828.5,2374.0,8421.973,3279.353,70627.471,3202402:13;3202444:170;3202445:213;3202446:170;3202447:171
111664.4196,1788877965.6091,6,288.28,737.64,1025.93,18.3,15213.8,40828.5,2374.0,8422.919,3279.380,70627.471,3202402:13;3202444:170;3202445:214;3202446:170;3202447:171
111664.5288,1788877965.7184,6,288.28,737.64,1025.93,18.2,15199.9,40842.4,2374.0,8423.272,3279.388,70627.471,3202402:13;3202444:170;3202445:214;3202446:170;3202447:171
111664.6390,1788877965.8286,6,288.28,740.68,1028.96,26.7,15200.8,40841.4,2374.0,8424.176,3279.416,70627.471,3202402:13;3202444:170;3202445:217;3202446:170;3202447:171
111664.7516,1788877965.9412,6,288.28,741.43,1029.71,0.0,15201.6,40840.6,2374.0,8424.501,3279.427,70627.471,3202402:13;3202444:170;3202445:218;3202446:170;3202447:171
111664.8623,1788877966.0518,6,288.28,741.43,1029.71,9.0,15187.7,40854.5,2374.0,8425.504,3279.453,70627.471,3202402:13;3202444:170;3202445:218;3202446:170;3202447:171
111664.9726,1788877966.1622,6,288.28,741.68,1029.96,0.0,15177.4,40864.9,2374.0,8425.748,3279.461,70627.471,3202402:13;3202444:170;3202445:218;3202446:170;3202447:171
111665.0837,1788877966.2732,6,288.28,743.13,1031.41,36.3,15175.5,40866.7,2374.0,8426.672,3279.496,70627.471,3202402:13;3202444:170;3202445:219;3202446:170;3202447:171
111665.1938,1788877966.3834,6,288.28,743.25,1031.54,0.0,15176.3,40865.9,2374.0,8426.925,3279.504,70627.471,3202402:13;3202444:170;3202445:219;3202446:170;3202447:171
111665.3034,1788877966.4929,6,288.28,753.67,1041.95,82.3,15182.9,40859.3,2374.0,8427.881,3279.542,70627.471,3202402:13;3202444:170;3202445:230;3202446:170;3202447:171
111665.4129,1788877966.6024,6,288.28,756.17,1044.45,9.1,15184.4,40857.8,2374.0,8428.154,3279.561,70627.471,3202402:13;3202444:170;3202445:232;3202446:170;3202447:171
111665.5227,1788877966.7122,6,288.28,760.35,1048.63,73.0,15188.3,40853.9,2374.0,8429.089,3279.602,70627.479,3202402:13;3202444:170;3202445:236;3202446:170;3202447:171
111665.6321,1788877966.8217,6,288.28,760.60,1048.88,0.0,15189.1,40853.2,2374.0,8429.379,3279.613,70627.490,3202402:13;3202444:170;3202445:236;3202446:170;3202447:171
111665.7439,1788877966.9334,6,288.28,785.47,1073.75,81.8,15198.7,40843.5,2374.0,8430.346,3279.652,70627.490,3202402:13;3202444:187;3202445:245;3202446:170;3202447:171
111665.8542,1788877967.0437,6,288.28,788.09,1076.38,27.3,15182.4,40859.8,2374.0,8430.617,3279.678,70627.490,3202402:13;3202444:187;3202445:247;3202446:170;3202447:171
111665.9643,1788877967.1538,6,288.28,821.68,1109.96,189.7,15205.4,40836.8,2374.0,8431.614,3279.719,70627.490,3202402:13;3202444:198;3202445:248;3202446:192;3202447:171
111666.0750,1788877967.2645,6,288.28,828.75,1117.03,54.7,15209.3,40832.9,2374.0,8431.916,3279.753,70627.490,3202402:13;3202444:202;3202445:248;3202446:195;3202447:171
111666.1842,1788877967.3737,6,288.28,858.67,1146.95,109.2,15221.1,40821.1,2374.0,8432.948,3279.815,70627.490,3202402:13;3202444:210;3202445:248;3202446:197;3202447:191
111666.2941,1788877967.4837,6,288.28,861.80,1150.08,27.3,15222.6,40819.7,2374.0,8433.230,3279.841,70627.490,3202402:13;3202444:210;3202445:248;3202446:197;3202447:194
111666.4039,1788877967.5934,6,288.28,869.15,1157.43,54.4,15226.8,40815.5,2374.0,8434.268,3279.876,70627.490,3202402:13;3202444:211;3202445:249;3202446:199;3202447:197
111666.5142,1788877967.7037,6,288.28,875.58,1163.86,62.7,15231.1,40811.1,2374.0,8434.558,3279.888,70627.490,3202402:13;3202444:211;3202445:249;3202446:199;3202447:204
111666.6257,1788877967.8152,6,288.28,897.67,1185.95,169.7,15248.8,40793.4,2374.0,8435.618,3279.955,70627.537,3202402:13;3202444:218;3202445:250;3202446:208;3202447:209
111666.7378,1788877967.9273,6,288.28,902.41,1190.70,36.1,15252.4,40789.8,2374.0,8435.877,3279.979,70627.537,3202402:13;3202444:218;3202445:250;3202446:212;3202447:210
111666.8488,1788877968.0383,6,288.28,913.40,1201.68,99.9,15245.1,40797.1,2374.0,8436.780,3280.043,70627.537,3202402:13;3202444:224;3202445:250;3202446:215;3202447:211
111666.9586,1788877968.1482,6,288.28,913.77,1202.05,9.1,15245.3,40796.9,2374.0,8437.011,3280.047,70627.537,3202402:13;3202444:224;3202445:250;3202446:215;3202447:211
111667.0680,1788877968.2575,6,288.28,920.08,1208.36,36.4,15250.6,40791.6,2374.0,8437.963,3280.086,70627.537,3202402:13;3202444:224;3202445:250;3202446:217;3202447:216
111667.1781,1788877968.3676,6,288.28,920.21,1208.49,9.1,15250.9,40791.3,2374.0,8438.344,3280.101,70627.537,3202402:13;3202444:224;3202445:250;3202446:217;3202447:216
111667.2874,1788877968.4770,6,288.28,921.92,1210.20,45.4,15253.4,40788.9,2374.0,8439.330,3280.138,70627.537,3202402:13;3202444:224;3202445:250;3202446:218;3202447:216
111667.3977,1788877968.5873,6,288.28,922.05,1210.33,0.0,15253.6,40788.6,2374.0,8439.555,3280.143,70627.537,3202402:13;3202444:224;3202445:250;3202446:218;3202447:216
111667.5071,1788877968.6967,6,288.28,922.45,1210.73,36.5,15254.9,40787.4,2374.0,8440.409,3280.174,70627.537,3202402:13;3202444:224;3202445:250;3202446:218;3202447:216
111667.6168,1788877968.8063,6,288.28,922.45,1210.73,0.0,15255.9,40786.4,2374.0,8440.564,3280.179,70627.537,3202402:13;3202444:224;3202445:250;3202446:218;3202447:216
111667.7276,1788877968.9171,6,288.28,931.27,1219.55,72.2,15265.3,40776.9,2374.0,8441.362,3280.218,70627.537,3202402:13;3202444:224;3202445:252;3202446:219;3202447:224
111667.8381,1788877969.0276,6,288.28,933.24,1221.52,45.2,15247.1,40795.2,2374.0,8441.536,3280.232,70627.537,3202402:13;3202444:225;3202445:252;3202446:219;3202447:225
111667.9487,1788877969.1383,6,288.28,944.52,1232.80,117.9,15260.8,40781.4,2374.0,8442.307,3280.301,70627.537,3202402:13;3202444:227;3202445:254;3202446:225;3202447:226
111668.0590,1788877969.2486,6,288.28,948.80,1237.09,18.1,15261.3,40780.9,2374.0,8442.355,3280.310,70627.537,3202402:13;3202444:230;3202445:254;3202446:225;3202447:226
111668.1691,1788877969.3586,6,288.28,951.25,1239.54,36.1,15263.8,40778.4,2374.0,8442.780,3280.348,70627.537,3202402:13;3202444:232;3202445:255;3202446:226;3202447:226
111668.2797,1788877969.4692,6,288.28,955.61,1243.89,27.4,15269.8,40772.5,2374.0,8442.894,3280.361,70627.537,3202402:13;3202444:232;3202445:256;3202446:229;3202447:226
111668.3892,1788877969.5788,6,288.28,956.06,1244.34,53.9,15272.2,40770.0,2374.0,8443.781,3280.401,70627.537,3202402:13;3202444:231;3202445:259;3202446:227;3202447:226
111668.5007,1788877969.6903,6,288.28,957.31,1245.59,17.6,15273.2,40769.0,2374.0,8443.998,3280.409,70627.537,3202402:13;3202444:233;3202445:259;3202446:227;3202447:226
111668.6147,1788877969.8042,6,288.28,959.74,1248.02,53.2,15277.1,40765.1,2374.0,8444.612,3280.442,70627.537,3202402:13;3202444:233;3202445:260;3202446:227;3202447:226
111668.7266,1788877969.9161,6,288.28,959.87,1248.15,0.0,15277.1,40765.1,2374.0,8444.649,3280.446,70627.537,3202402:13;3202444:233;3202445:261;3202446:227;3202447:226
111668.8363,1788877970.0258,6,288.28,965.70,1253.98,52.6,15261.2,40781.0,2374.0,8445.465,3280.474,70627.537,3202402:13;3202444:233;3202445:266;3202446:227;3202447:226
111668.9503,1788877970.1399,6,288.28,966.20,1254.48,72.7,15256.2,40786.0,2374.0,8445.555,3280.494,70627.537,3202402:13;3202444:233;3202445:266;3202446:227;3202447:227
111669.0602,1788877970.2497,6,288.28,971.48,1259.77,63.7,15260.3,40781.9,2374.0,8445.996,3280.581,70627.537,3202402:13;3202444:237;3202445:267;3202446:228;3202447:227
111669.1703,1788877970.3599,6,288.28,972.23,1260.51,26.5,15261.5,40780.7,2374.0,8446.005,3280.584,70627.537,3202402:13;3202444:237;3202445:267;3202446:229;3202447:227
111669.2849,1788877970.4745,6,288.28,973.72,1262.00,62.7,15264.0,40778.2,2374.0,8446.957,3280.678,70627.537,3202402:13;3202444:237;3202445:267;3202446:230;3202447:227
111669.3948,1788877970.5844,6,288.28,974.22,1262.50,0.0,15264.7,40777.5,2374.0,8446.996,3280.682,70627.537,3202402:13;3202444:237;3202445:268;3202446:230;3202447:227
111669.5040,1788877970.6935,6,288.28,976.76,1265.04,27.2,15266.9,40775.3,2374.0,8448.342,3280.738,70627.537,3202402:13;3202444:239;3202445:268;3202446:230;3202447:227
111669.6145,1788877970.8040,6,288.28,976.76,1265.04,8.8,15268.6,40773.6,2374.0,8448.391,3280.740,70627.537,3202402:13;3202444:239;3202445:268;3202446:230;3202447:227
111669.7278,1788877970.9174,6,288.28,977.63,1265.91,18.0,15270.6,40771.6,2374.0,8449.659,3280.782,70627.537,3202402:13;3202444:239;3202445:268;3202446:230;3202447:227
111669.8383,1788877971.0278,6,288.28,977.63,1265.91,0.0,15260.4,40781.8,2374.0,8449.659,3280.786,70627.537,3202402:13;3202444:239;3202445:268;3202446:230;3202447:227
111669.9478,1788877971.1374,6,288.28,984.01,1272.29,63.3,15256.3,40785.9,2374.0,8451.042,3280.854,70627.537,3202402:13;3202444:239;3202445:269;3202446:230;3202447:233
111670.0586,1788877971.2482,6,288.28,984.01,1272.29,0.0,15256.6,40785.6,2374.0,8451.042,3280.858,70627.537,3202402:13;3202444:239;3202445:269;3202446:230;3202447:233
111670.1739,1788877971.3634,6,288.28,989.71,1277.99,63.7,15264.5,40777.8,2374.0,8452.413,3280.927,70627.537,3202402:13;3202444:245;3202445:269;3202446:230;3202447:233
111670.2849,1788877971.4744,6,288.28,990.20,1278.48,17.6,15264.7,40777.5,2374.0,8452.626,3280.937,70627.537,3202402:13;3202444:245;3202445:269;3202446:231;3202447:233
111670.3980,1788877971.5876,6,288.28,993.98,1282.26,61.7,15268.6,40773.6,2374.0,8453.774,3280.991,70627.537,3202402:13;3202444:246;3202445:268;3202446:231;3202447:235
111670.5114,1788877971.7009,6,288.28,995.35,1283.63,0.0,15269.8,40772.4,2374.0,8453.968,3281.000,70627.537,3202402:13;3202444:247;3202445:268;3202446:232;3202447:235
111670.6243,1788877971.8138,6,288.28,999.22,1287.50,63.0,15275.2,40767.0,2374.0,8455.136,3281.060,70627.537,3202402:13;3202444:247;3202445:273;3202446:231;3202447:235
111670.7355,1788877971.9250,6,288.28,999.22,1287.50,17.8,15275.2,40767.0,2374.0,8455.377,3281.070,70627.537,3202402:13;3202444:247;3202445:273;3202446:231;3202447:235
111670.8472,1788877972.0367,6,288.28,1001.75,1290.03,26.8,15263.9,40778.3,2374.0,8456.541,3281.106,70627.537,3202402:13;3202444:247;3202445:274;3202446:231;3202447:236
111670.9593,1788877972.1488,6,288.28,1003.84,1292.12,18.2,15262.6,40779.6,2374.0,8456.758,3281.117,70627.537,3202402:13;3202444:248;3202445:274;3202446:233;3202447:236
111671.0694,1788877972.2589,6,288.28,1011.35,1299.63,52.7,15269.1,40773.1,2374.0,8457.787,3281.175,70627.537,3202402:13;3202444:253;3202445:275;3202446:234;3202447:237
111671.1833,1788877972.3728,6,288.28,1012.35,1300.63,8.9,15270.8,40771.4,2374.0,8458.089,3281.190,70627.537,3202402:13;3202444:253;3202445:275;3202446:234;3202447:238
111671.2955,1788877972.4850,6,288.28,1012.05,1300.33,63.0,15273.3,40768.9,2374.0,8459.125,3281.236,70627.537,3202402:13;3202444:253;3202445:275;3202446:233;3202447:238
111671.4063,1788877972.5958,6,288.28,1012.55,1300.83,8.7,15273.5,40768.7,2374.0,8459.549,3281.259,70627.537,3202402:13;3202444:253;3202445:275;3202446:233;3202447:238
111671.5214,1788877972.7109,6,288.28,1012.08,1300.36,27.4,15274.0,40768.2,2374.0,8460.514,3281.296,70627.537,3202402:13;3202444:253;3202445:275;3202446:233;3202447:238
111671.6306,1788877972.8202,6,288.28,1010.06,1298.34,26.7,15275.2,40767.0,2374.0,8460.966,3281.318,70627.537,3202402:13;3202444:253;3202445:275;3202446:234;3202447:236
111671.7434,1788877972.9329,6,288.28,1011.18,1299.46,9.1,15276.7,40765.5,2374.0,8461.918,3281.357,70627.537,3202402:13;3202444:253;3202445:275;3202446:234;3202447:236
111671.8529,1788877973.0425,6,288.28,1015.05,1303.33,53.2,15265.4,40776.8,2374.0,8462.376,3281.388,70627.537,3202402:13;3202444:253;3202445:274;3202446:239;3202447:237
111671.9660,1788877973.1556,6,288.28,1018.42,1306.70,45.0,15269.8,40772.4,2374.0,8463.291,3281.448,70627.537,3202402:13;3202444:253;3202445:274;3202446:242;3202447:237
111672.0769,1788877973.2664,6,288.28,1021.29,1309.57,35.3,15270.6,40771.7,2374.0,8463.832,3281.472,70627.537,3202402:13;3202444:254;3202445:274;3202446:242;3202447:238
111672.1901,1788877973.3796,6,288.28,1022.03,1310.31,27.0,15270.7,40771.5,2374.0,8464.687,3281.500,70627.631,3202402:13;3202444:254;3202445:274;3202446:242;3202447:239
111672.3009,1788877973.4904,6,288.28,1022.11,1310.39,35.7,15270.7,40771.5,2374.0,8465.371,3281.533,70627.631,3202402:13;3202444:254;3202445:274;3202446:243;3202447:239
111672.4132,1788877973.6028,6,288.28,1022.98,1311.26,17.9,15272.4,40769.8,2374.0,8466.198,3281.567,70627.631,3202402:13;3202444:254;3202445:273;3202446:245;3202447:238
111672.5246,1788877973.7141,6,288.28,1025.61,1313.89,80.4,15270.3,40771.9,2374.0,8466.783,3281.613,70627.631,3202402:13;3202444:254;3202445:273;3202446:245;3202447:241
111672.6364,1788877973.8260,6,288.28,1026.98,1315.26,8.7,15264.0,40778.2,2374.0,8467.569,3281.650,70627.631,3202402:13;3202444:254;3202445:273;3202446:245;3202447:242
111672.7508,1788877973.9403,6,288.28,1025.22,1313.50,18.0,15264.2,40778.0,2374.0,8468.239,3281.681,70627.631,3202402:13;3202444:254;3202445:270;3202446:245;3202447:243
111672.8623,1788877974.0518,6,288.28,1030.50,1318.79,44.4,15249.4,40792.8,2374.0,8468.951,3281.718,70627.631,3202402:13;3202444:254;3202445:270;3202446:248;3202447:245
111672.9749,1788877974.1644,6,288.28,1037.65,1325.93,63.6,15257.0,40785.2,2374.0,8469.672,3281.774,70627.631,3202402:13;3202444:254;3202445:273;3202446:250;3202447:247
111673.0858,1788877974.2753,6,288.28,1039.04,1327.32,26.1,15259.2,40783.0,2374.0,8470.311,3281.807,70627.631,3202402:13;3202444:254;3202445:273;3202446:250;3202447:248
111673.2007,1788877974.3902,6,288.28,1042.20,1330.48,36.5,15260.5,40781.8,2374.0,8471.105,3281.844,70627.631,3202402:13;3202444:254;3202445:276;3202446:250;3202447:248
111673.3103,1788877974.4998,6,288.28,1044.70,1332.98,70.3,15263.4,40778.8,2374.0,8471.708,3281.879,70627.631,3202402:13;3202444:254;3202445:277;3202446:252;3202447:249
111673.4243,1788877974.6139,6,288.28,1049.22,1337.50,54.0,15264.9,40777.4,2374.0,8472.497,3281.922,70627.631,3202402:13;3202444:254;3202445:277;3202446:253;3202447:252
111673.5361,1788877974.7256,6,288.28,1052.41,1340.69,35.2,15266.8,40775.4,2374.0,8473.051,3281.947,70627.631,3202402:13;3202444:254;3202445:277;3202446:256;3202447:252
111673.6488,1788877974.8384,6,288.28,1057.07,1345.35,72.3,15270.8,40771.5,2374.0,8473.913,3282.008,70627.631,3202402:13;3202444:256;3202445:277;3202446:258;3202447:252
111673.7603,1788877974.9499,6,288.28,1059.06,1347.34,44.5,15272.7,40769.5,2374.0,8474.360,3282.044,70627.631,3202402:13;3202444:256;3202445:279;3202446:259;3202447:252
111673.8721,1788877975.0616,6,288.28,1063.13,1351.41,54.7,15262.4,40779.9,2374.0,8475.279,3282.101,70627.631,3202402:13;3202444:257;3202445:280;3202446:261;3202447:253
111673.9820,1788877975.1715,6,288.28,1068.23,1356.52,35.5,15270.0,40772.2,2374.0,8475.748,3282.125,70627.631,3202402:13;3202444:259;3202445:280;3202446:261;3202447:256
111674.0958,1788877975.2854,6,288.28,1069.91,1358.19,53.6,15272.5,40769.7,2374.0,8476.735,3282.179,70627.631,3202402:13;3202444:260;3202445:280;3202446:262;3202447:256
111674.2063,1788877975.3959,6,288.28,1070.67,1358.95,26.7,15273.2,40769.0,2374.0,8477.130,3282.202,70627.631,3202402:13;3202444:260;3202445:280;3202446:262;3202447:256
111674.3180,1788877975.5076,6,288.28,1073.47,1361.75,73.0,15276.4,40765.8,2374.0,8478.139,3282.262,70627.631,3202402:13;3202444:259;3202445:281;3202446:263;3202447:256
111674.4276,1788877975.6171,6,288.28,1074.42,1362.70,17.6,15276.3,40765.9,2374.0,8478.535,3282.277,70627.631,3202402:13;3202444:259;3202445:282;3202446:263;3202447:256
111674.5412,1788877975.7307,6,288.28,1074.27,1362.55,45.5,15276.8,40765.4,2374.0,8479.552,3282.326,70627.631,3202402:13;3202444:259;3202445:282;3202446:264;3202447:256
111674.6511,1788877975.8406,6,288.28,1075.27,1363.55,9.0,15277.5,40764.7,2374.0,8479.911,3282.342,70627.631,3202402:13;3202444:259;3202445:282;3202446:265;3202447:257
111674.7621,1788877975.9516,6,288.28,1079.00,1367.29,45.7,15280.0,40762.2,2374.0,8480.962,3282.399,70627.631,3202402:13;3202444:259;3202445:283;3202446:266;3202447:257
111674.8716,1788877976.0611,6,288.28,1079.13,1367.41,8.8,15260.1,40782.1,2374.0,8481.284,3282.415,70627.631,3202402:13;3202444:259;3202445:284;3202446:266;3202447:257
111674.9853,1788877976.1749,6,288.28,1087.32,1375.60,99.9,15273.6,40768.6,2374.0,8482.396,3282.494,70627.631,3202402:13;3202444:259;3202445:286;3202446:267;3202447:262
111675.0952,1788877976.2847,6,288.28,1087.32,1375.60,9.1,15273.6,40768.6,2374.0,8482.660,3282.505,70627.631,3202402:13;3202444:259;3202445:286;3202446:267;3202447:262
111675.2068,1788877976.3963,6,288.28,1090.35,1378.63,54.1,15275.8,40766.4,2374.0,8483.776,3282.571,70627.631,3202402:13;3202444:261;3202445:287;3202446:267;3202447:262
111675.3161,1788877976.5056,6,288.28,1091.23,1379.51,0.0,15279.4,40762.9,2374.0,8484.049,3282.580,70627.631,3202402:13;3202444:262;3202445:287;3202446:267;3202447:262
111675.4251,1788877976.6147,6,288.28,1090.46,1378.74,44.8,15278.7,40763.5,2374.0,8485.092,3282.622,70627.631,3202402:13;3202444:261;3202445:287;3202446:267;3202447:263
111675.5375,1788877976.7271,6,288.28,1090.08,1378.36,0.0,15278.4,40763.8,2374.0,8485.316,3282.631,70627.631,3202402:13;3202444:261;3202445:287;3202446:267;3202447:262
111675.6486,1788877976.8382,6,288.28,1088.87,1377.15,63.6,15280.2,40762.1,2374.0,8486.460,3282.690,70627.631,3202402:13;3202444:262;3202445:287;3202446:266;3202447:261
111675.7590,1788877976.9485,6,288.28,1089.37,1377.65,0.0,15280.4,40761.8,2374.0,8486.688,3282.700,70627.631,3202402:13;3202444:263;3202445:287;3202446:266;3202447:261
111675.8679,1788877977.0575,6,288.28,1091.87,1380.15,81.5,15265.1,40777.1,2374.0,8487.869,3282.759,70627.631,3202402:13;3202444:263;3202445:288;3202446:266;3202447:262
111675.9788,1788877977.1683,6,288.28,1094.96,1383.24,45.5,15270.1,40772.1,2374.0,8488.122,3282.779,70627.631,3202402:13;3202444:264;3202445:290;3202446:266;3202447:262
111676.0884,1788877977.2780,6,288.28,1095.99,1384.27,36.2,15270.3,40772.0,2374.0,8489.243,3282.825,70627.631,3202402:13;3202444:265;3202445:290;3202446:266;3202447:262
111676.2006,1788877977.3901,6,288.28,1095.99,1384.27,0.0,15270.3,40772.0,2374.0,8489.401,3282.833,70627.631,3202402:13;3202444:265;3202445:290;3202446:266;3202447:262
111676.3113,1788877977.5009,6,288.28,1097.13,1385.41,90.4,15271.7,40770.5,2374.0,8490.470,3282.887,70627.631,3202402:13;3202444:265;3202445:293;3202446:264;3202447:262
111676.4220,1788877977.6115,6,288.28,1097.82,1386.10,18.2,15272.7,40769.5,2374.0,8490.677,3282.899,70627.631,3202402:13;3202444:265;3202445:293;3202446:264;3202447:262
111676.5319,1788877977.7215,6,288.28,1098.57,1386.85,36.4,15273.4,40768.8,2374.0,8491.842,3282.949,70627.631,3202402:13;3202444:265;3202445:293;3202446:265;3202447:263
111676.6422,1788877977.8317,6,288.28,1098.57,1386.85,9.0,15273.6,40768.7,2374.0,8492.035,3282.957,70627.705,3202402:13;3202444:265;3202445:293;3202446:265;3202447:263
111676.7527,1788877977.9422,6,288.28,1102.76,1391.04,63.0,15276.3,40766.0,2374.0,8493.163,3283.017,70627.705,3202402:13;3202444:265;3202445:294;3202446:268;3202447:263
111676.8648,1788877978.0543,6,288.28,1104.76,1393.04,17.9,15260.1,40782.1,2374.0,8493.346,3283.040,70627.705,3202402:13;3202444:265;3202445:294;3202446:270;3202447:263
111676.9750,1788877978.1646,6,288.28,1108.13,1396.41,45.5,15259.7,40782.5,2374.0,8494.552,3283.105,70627.705,3202402:13;3202444:265;3202445:294;3202446:271;3202447:265
111677.0854,1788877978.2750,6,288.28,1108.13,1396.41,0.0,15259.7,40782.5,2374.0,8494.710,3283.113,70627.705,3202402:13;3202444:265;3202445:294;3202446:271;3202447:265
111677.1944,1788877978.3840,6,288.28,1108.93,1397.21,36.5,15260.7,40781.6,2374.0,8495.867,3283.153,70627.705,3202402:13;3202444:265;3202445:294;3202446:271;3202447:265
111677.3049,1788877978.4944,6,288.28,1108.13,1396.41,0.0,15261.9,40780.3,2374.0,8496.049,3283.159,70627.705,3202402:13;3202444:265;3202445:294;3202446:271;3202447:265
111677.4149,1788877978.6045,6,288.28,1108.24,1396.52,45.8,15262.5,40779.7,2374.0,8497.200,3283.206,70627.705,3202402:13;3202444:266;3202445:294;3202446:270;3202447:265
111677.5242,1788877978.7137,6,288.28,1109.74,1398.02,9.0,15264.1,40778.1,2374.0,8497.373,3283.216,70627.705,3202402:13;3202444:266;3202445:294;3202446:270;3202447:266
111677.6354,1788877978.8250,6,288.28,1109.64,1397.92,44.6,15265.8,40776.4,2374.0,8498.638,3283.267,70627.705,3202402:13;3202444:266;3202445:295;3202446:270;3202447:266
111677.7472,1788877978.9368,6,288.28,1109.64,1397.92,0.0,15266.3,40775.9,2374.0,8498.725,3283.270,70627.705,3202402:13;3202444:266;3202445:295;3202446:270;3202447:266
111677.8576,1788877979.0472,6,288.28,1112.25,1400.54,63.4,15256.7,40785.6,2374.0,8499.941,3283.325,70627.705,3202402:13;3202444:266;3202445:295;3202446:270;3202447:268
111677.9680,1788877979.1576,6,288.28,1112.62,1400.90,9.1,15257.1,40785.1,2374.0,8500.055,3283.331,70627.705,3202402:13;3202444:266;3202445:295;3202446:270;3202447:269
111678.0778,1788877979.2674,6,288.28,1113.44,1401.72,27.1,15257.6,40784.6,2374.0,8501.275,3283.378,70627.705,3202402:13;3202444:266;3202445:295;3202446:270;3202447:269
111678.1896,1788877979.3791,6,288.28,1113.44,1401.72,0.0,15257.6,40784.6,2374.0,8501.386,3283.383,70627.705,3202402:13;3202444:266;3202445:295;3202446:270;3202447:269
111678.2989,1788877979.4885,6,288.28,1113.70,1401.98,18.4,15258.3,40783.9,2374.0,8502.663,3283.426,70627.705,3202402:13;3202444:266;3202445:295;3202446:270;3202447:270
111678.4082,1788877979.5977,6,288.28,1113.70,1401.98,0.0,15258.6,40783.7,2374.0,8502.774,3283.430,70627.705,3202402:13;3202444:266;3202445:295;3202446:270;3202447:270
111678.5190,1788877979.7086,6,288.28,1118.58,1406.86,45.6,15265.4,40776.8,2374.0,8503.914,3283.475,70627.705,3202402:13;3202444:266;3202445:297;3202446:270;3202447:272
111678.6287,1788877979.8182,6,288.28,1118.83,1407.11,0.0,15266.3,40775.9,2374.0,8504.229,3283.485,70627.768,3202402:13;3202444:266;3202445:297;3202446:270;3202447:273
111678.7445,1788877979.9340,6,288.28,1118.95,1407.23,0.0,15267.0,40775.2,2374.0,8505.510,3283.527,70627.768,3202402:13;3202444:266;3202445:297;3202446:270;3202447:273
111678.8565,1788877980.0460,6,288.28,1118.95,1407.23,9.0,15255.3,40786.9,2374.0,8505.537,3283.533,70627.768,3202402:13;3202444:266;3202445:297;3202446:270;3202447:273
111678.9670,1788877980.1565,6,288.28,1118.46,1406.74,27.1,15252.1,40790.1,2374.0,8506.916,3283.583,70627.768,3202402:13;3202444:265;3202445:297;3202446:270;3202447:273
111679.0787,1788877980.2682,6,288.28,1118.46,1406.74,0.0,15252.1,40790.1,2374.0,8506.916,3283.584,70627.768,3202402:13;3202444:265;3202445:297;3202446:270;3202447:273
111679.1906,1788877980.3801,6,288.28,1123.20,1411.48,100.4,15255.8,40786.4,2374.0,8508.317,3283.663,70627.768,3202402:13;3202444:267;3202445:300;3202446:270;3202447:274
111679.2998,1788877980.4894,6,288.28,1123.20,1411.48,0.0,15255.8,40786.4,2374.0,8508.317,3283.664,70627.768,3202402:13;3202444:267;3202445:300;3202446:270;3202447:274
111679.4106,1788877980.6001,6,288.28,1125.45,1413.73,36.0,15258.3,40783.9,2374.0,8509.640,3283.718,70627.768,3202402:13;3202444:267;3202445:301;3202446:270;3202447:275
111679.5219,1788877980.7115,6,288.28,1127.57,1415.85,27.3,15260.3,40782.0,2374.0,8509.645,3283.724,70627.768,3202402:13;3202444:267;3202445:301;3202446:270;3202447:277
111679.6317,1788877980.8212,6,288.28,1132.19,1420.47,80.8,15267.3,40774.9,2374.0,8511.015,3283.785,70627.768,3202402:13;3202444:267;3202445:301;3202446:270;3202447:281
111679.7434,1788877980.9329,6,288.28,1132.19,1420.47,0.0,15267.3,40774.9,2374.0,8511.015,3283.785,70627.768,3202402:13;3202444:267;3202445:301;3202446:270;3202447:281
111679.8529,1788877981.0424,6,288.28,1129.75,1418.03,36.6,15258.6,40783.7,2374.0,8512.282,3283.837,70627.768,3202402:13;3202444:266;3202445:301;3202446:270;3202447:279
111679.9625,1788877981.1520,6,288.28,1129.75,1418.03,0.0,15258.7,40783.5,2374.0,8512.282,3283.838,70627.768,3202402:13;3202444:266;3202445:301;3202446:270;3202447:279
111680.0732,1788877981.2627,6,288.28,1128.35,1416.63,27.3,15258.0,40784.2,2374.0,8513.529,3283.869,70627.768,3202402:13;3202444:265;3202445:301;3202446:269;3202447:279
111680.1835,1788877981.3731,6,288.28,1128.35,1416.63,0.0,15258.0,40784.2,2374.0,8513.644,3283.870,70627.768,3202402:13;3202444:265;3202445:301;3202446:269;3202447:279
111680.2970,1788877981.4865,6,288.28,1128.05,1416.33,18.0,15260.7,40781.5,2374.0,8514.881,3283.915,70627.768,3202402:13;3202444:265;3202445:302;3202446:268;3202447:279
111680.4068,1788877981.5963,6,288.28,1128.05,1416.33,18.0,15260.7,40781.5,2374.0,8515.064,3283.921,70627.768,3202402:13;3202444:265;3202445:302;3202446:268;3202447:279
111680.5173,1788877981.7068,6,288.28,1128.67,1416.95,9.1,15261.2,40781.0,2374.0,8516.192,3283.961,70627.768,3202402:13;3202444:265;3202445:303;3202446:268;3202447:279
111680.6278,1788877981.8174,6,288.28,1130.05,1418.33,8.7,15261.4,40780.8,2374.0,8516.380,3283.977,70627.768,3202402:13;3202444:265;3202445:303;3202446:268;3202447:281
111680.7431,1788877981.9326,6,288.28,1133.08,1421.36,62.8,15262.4,40779.8,2374.0,8517.517,3284.036,70627.768,3202402:13;3202444:265;3202445:303;3202446:268;3202447:284
111680.8547,1788877982.0442,6,288.28,1134.03,1422.31,26.6,15249.8,40792.4,2374.0,8517.751,3284.052,70627.768,3202402:13;3202444:266;3202445:303;3202446:268;3202447:284
111680.9674,1788877982.1569,6,288.28,1139.23,1427.51,72.9,15254.0,40788.2,2374.0,8518.854,3284.113,70627.768,3202402:13;3202444:267;3202445:303;3202446:272;3202447:284
111681.0768,1788877982.2663,6,288.28,1140.48,1428.76,18.0,15255.4,40786.8,2374.0,8519.091,3284.142,70627.768,3202402:13;3202444:267;3202445:303;3202446:273;3202447:284
111681.1875,1788877982.3770,6,288.28,1146.14,1434.42,99.0,15259.3,40782.9,2374.0,8520.218,3284.227,70627.768,3202402:13;3202444:271;3202445:304;3202446:275;3202447:284
111681.2988,1788877982.4884,6,288.28,1149.48,1437.76,71.5,15261.5,40780.7,2374.0,8520.478,3284.255,70627.768,3202402:13;3202444:273;3202445:303;3202446:275;3202447:285
111681.4107,1788877982.6002,6,288.28,1151.19,1439.47,26.8,15263.5,40778.8,2374.0,8521.549,3284.321,70627.768,3202402:13;3202444:273;3202445:303;3202446:275;3202447:286
111681.5225,1788877982.7120,6,288.28,1150.36,1438.64,27.0,15264.5,40777.8,2374.0,8521.936,3284.339,70627.768,3202402:13;3202444:272;3202445:303;3202446:275;3202447:286
111681.6330,1788877982.8226,6,288.28,1150.02,1438.30,8.9,15265.4,40776.8,2374.0,8523.006,3284.373,70627.768,3202402:13;3202444:272;3202445:303;3202446:275;3202447:286
111681.7456,1788877982.9351,6,288.28,1156.94,1445.22,72.2,15280.2,40762.0,2374.0,8523.349,3284.395,70627.768,3202402:13;3202444:277;3202445:304;3202446:274;3202447:289
111681.8565,1788877983.0460,6,288.28,1160.91,1449.20,36.4,15272.7,40769.6,2374.0,8524.384,3284.457,70627.768,3202402:13;3202444:279;3202445:304;3202446:274;3202447:291
111681.9659,1788877983.1555,6,288.28,1160.17,1448.45,54.7,15271.6,40770.6,2374.0,8524.752,3284.474,70627.768,3202402:13;3202444:279;3202445:304;3202446:274;3202447:290
111682.0755,1788877983.2651,6,288.28,1161.54,1449.82,36.5,15274.0,40768.2,2374.0,8525.807,3284.524,70627.768,3202402:13;3202444:281;3202445:303;3202446:274;3202447:290
111682.1849,1788877983.3744,6,288.28,1166.38,1454.66,45.4,15281.3,40760.9,2374.0,8526.152,3284.539,70627.768,3202402:13;3202444:286;3202445:302;3202446:274;3202447:291
111682.2953,1788877983.4849,6,288.28,1162.03,1450.31,27.3,15278.9,40763.3,2374.0,8527.157,3284.585,70627.768,3202402:13;3202444:283;3202445:301;3202446:274;3202447:291
111682.4056,1788877983.5951,6,288.28,1161.34,1449.62,18.0,15278.9,40763.3,2374.0,8527.495,3284.598,70627.768,3202402:13;3202444:283;3202445:301;3202446:273;3202447:291
111682.5172,1788877983.7067,6,288.28,1165.91,1454.19,63.1,15284.3,40757.9,2374.0,8528.505,3284.638,70627.768,3202402:13;3202444:286;3202445:301;3202446:273;3202447:293
111682.6279,1788877983.8174,6,288.28,1167.37,1455.65,9.0,15284.6,40757.6,2374.0,8528.854,3284.655,70627.768,3202402:13;3202444:287;3202445:301;3202446:273;3202447:293
111682.7392,1788877983.9287,6,288.28,1167.60,1455.88,27.3,15285.1,40757.1,2374.0,8529.790,3284.702,70627.768,3202402:13;3202444:288;3202445:301;3202446:272;3202447:293
111682.8496,1788877984.0391,6,288.28,1168.13,1456.41,9.0,15273.7,40768.5,2374.0,8530.172,3284.722,70627.768,3202402:13;3202444:289;3202445:301;3202446:272;3202447:293
111682.9599,1788877984.1494,6,288.28,1172.63,1460.91,144.7,15285.2,40757.1,2374.0,8531.185,3284.818,70627.768,3202402:13;3202444:291;3202445:298;3202446:272;3202447:298
111683.0705,1788877984.2600,6,288.28,1172.95,1461.23,9.0,15285.2,40757.1,2374.0,8531.593,3284.835,70627.768,3202402:13;3202444:291;3202445:298;3202446:272;3202447:299
111683.1820,1788877984.3715,6,288.28,1173.93,1462.21,72.7,15285.3,40756.9,2374.0,8532.531,3284.879,70627.768,3202402:13;3202444:292;3202445:300;3202446:272;3202447:297
111683.2917,1788877984.4812,6,288.28,1178.20,1466.48,81.3,15287.5,40754.8,2374.0,8533.012,3284.916,70627.768,3202402:13;3202444:293;3202445:301;3202446:274;3202447:297
111683.4024,1788877984.5919,6,288.28,1183.80,1472.08,81.9,15289.7,40752.6,2374.0,8533.974,3285.001,70627.768,3202402:13;3202444:295;3202445:302;3202446:276;3202447:297
111683.5122,1788877984.7017,6,288.28,1185.53,1473.81,36.4,15289.7,40752.6,2374.0,8534.379,3285.032,70627.768,3202402:13;3202444:296;3202445:302;3202446:277;3202447:298
111683.6223,1788877984.8118,6,288.28,1187.24,1475.52,36.0,15291.3,40750.9,2374.0,8535.318,3285.080,70627.768,3202402:13;3202444:297;3202445:302;3202446:277;3202447:298
111683.7338,1788877984.9234,6,288.28,1187.49,1475.77,9.1,15291.3,40750.9,2374.0,8535.777,3285.103,70627.768,3202402:13;3202444:297;3202445:302;3202446:277;3202447:298
111683.8442,1788877985.0337,6,288.28,1191.04,1479.32,27.1,15292.1,40750.1,2374.0,8536.715,3285.148,70627.768,3202402:13;3202444:298;3202445:303;3202446:279;3202447:298
111683.9548,1788877985.1443,6,288.28,1192.50,1480.78,27.0,15295.4,40746.8,2374.0,8537.568,3285.181,70627.768,3202402:13;3202444:298;3202445:304;3202446:279;3202447:298
111684.0650,1788877985.2545,6,288.28,1195.18,1483.46,52.7,15297.9,40744.3,2374.0,8538.444,3285.222,70627.768,3202402:13;3202444:298;3202445:305;3202446:281;3202447:298
111684.1790,1788877985.3686,6,288.28,1197.69,1485.97,18.2,15298.9,40743.4,2374.0,8538.925,3285.247,70627.768,3202402:13;3202444:299;3202445:305;3202446:281;3202447:300
111684.2890,1788877985.4785,6,288.28,1197.93,1486.21,81.6,15314.2,40728.0,2374.0,8539.771,3285.284,70627.768,3202402:13;3202444:302;3202445:305;3202446:281;3202447:296
111684.3992,1788877985.5888,6,288.28,1198.30,1486.59,17.6,15314.6,40727.7,2374.0,8540.318,3285.317,70627.768,3202402:13;3202444:302;3202445:305;3202446:281;3202447:297
111684.5130,1788877985.7026,6,288.28,1195.93,1484.21,54.2,15320.4,40721.8,2374.0,8541.127,3285.346,70627.768,3202402:13;3202444:300;3202445:305;3202446:281;3202447:296
111684.6228,1788877985.8123,6,288.28,1196.90,1485.18,35.5,15320.7,40721.5,2374.0,8541.699,3285.367,70627.768,3202402:13;3202444:300;3202445:306;3202446:282;3202447:296
111684.7357,1788877985.9253,6,288.28,1200.02,1488.30,26.9,15321.4,40720.8,2374.0,8542.527,3285.407,70627.768,3202402:13;3202444:302;3202445:306;3202446:283;3202447:296
111684.8470,1788877986.0366,6,288.28,1198.79,1487.07,44.7,15315.5,40726.7,2374.0,8543.153,3285.451,70627.768,3202402:13;3202444:303;3202445:306;3202446:283;3202447:294
111684.9590,1788877986.1485,6,288.28,1200.16,1488.44,9.1,15317.4,40724.8,2374.0,8543.890,3285.496,70627.768,3202402:13;3202444:303;3202445:306;3202446:284;3202447:294
111685.0692,1788877986.2587,6,288.28,1201.09,1489.37,44.9,15316.9,40725.3,2374.0,8544.515,3285.524,70627.768,3202402:13;3202444:303;3202445:306;3202446:285;3202447:294
111685.1807,1788877986.3702,6,288.28,1206.13,1494.41,53.4,15319.6,40722.6,2374.0,8545.245,3285.564,70627.768,3202402:13;3202444:303;3202445:310;3202446:285;3202447:295
111685.2929,1788877986.4824,6,288.28,1207.05,1495.33,36.4,15319.9,40722.3,2374.0,8545.869,3285.608,70627.768,3202402:13;3202444:303;3202445:310;3202446:286;3202447:295
111685.4027,1788877986.5923,6,288.28,1207.45,1495.73,44.0,15322.6,40719.6,2374.0,8546.577,3285.638,70627.768,3202402:13;3202444:303;3202445:309;3202446:287;3202447:295
111685.5163,1788877986.7059,6,288.28,1209.95,1498.23,18.0,15323.1,40719.1,2374.0,8547.277,3285.665,70627.768,3202402:13;3202444:304;3202445:309;3202446:288;3202447:296
111685.6276,1788877986.8171,6,288.28,1213.30,1501.59,44.2,15326.5,40715.7,2374.0,8547.927,3285.690,70627.768,3202402:13;3202444:305;3202445:312;3202446:289;3202447:296
111685.7407,1788877986.9303,6,288.28,1214.96,1503.25,27.0,15328.0,40714.2,2374.0,8548.666,3285.736,70627.768,3202402:13;3202444:306;3202445:312;3202446:289;3202447:296
111685.8514,1788877987.0410,6,288.28,1217.96,1506.24,52.3,15320.6,40721.6,2374.0,8549.262,3285.765,70627.768,3202402:13;3202444:306;3202445:312;3202446:290;3202447:297
111685.9660,1788877987.1556,6,288.28,1218.13,1506.41,35.9,15323.8,40718.5,2374.0,8550.111,3285.818,70627.768,3202402:13;3202444:305;3202445:312;3202446:289;3202447:299
111686.0777,1788877987.2673,6,288.28,1217.16,1505.45,26.7,15323.1,40719.2,2374.0,8550.606,3285.839,70627.768,3202402:13;3202444:305;3202445:311;3202446:289;3202447:299
111686.1899,1788877987.3794,6,288.28,1218.16,1506.44,53.4,15323.3,40718.9,2374.0,8551.539,3285.880,70627.768,3202402:13;3202444:305;3202445:311;3202446:290;3202447:299
111686.3027,1788877987.4922,6,288.28,1218.88,1507.16,27.2,15324.0,40718.2,2374.0,8552.004,3285.910,70627.768,3202402:13;3202444:305;3202445:312;3202446:290;3202447:299
111686.4132,1788877987.6027,6,288.28,1218.30,1506.59,72.8,15324.7,40717.5,2374.0,8552.872,3285.968,70627.768,3202402:13;3202444:304;3202445:312;3202446:290;3202447:300
111686.5246,1788877987.7141,6,288.28,1217.86,1506.14,25.8,15324.7,40717.5,2374.0,8553.301,3285.987,70627.768,3202402:13;3202444:303;3202445:312;3202446:290;3202447:300
111686.6388,1788877987.8283,6,288.28,1217.41,1505.69,17.8,15326.2,40716.0,2374.0,8554.302,3286.029,70627.768,3202402:13;3202444:303;3202445:312;3202446:289;3202447:300
111686.7520,1788877987.9415,6,288.28,1217.78,1506.06,8.9,15326.5,40715.8,2374.0,8554.645,3286.043,70627.768,3202402:13;3202444:303;3202445:312;3202446:289;3202447:300
111686.8642,1788877988.0537,6,288.28,1221.07,1509.35,70.7,15319.2,40723.1,2374.0,8555.741,3286.105,70627.768,3202402:13;3202444:304;3202445:311;3202446:292;3202447:301
111686.9775,1788877988.1670,6,288.28,1221.17,1509.45,36.4,15320.4,40721.9,2374.0,8556.011,3286.122,70627.768,3202402:13;3202444:304;3202445:311;3202446:292;3202447:301
111687.0887,1788877988.2782,6,288.28,1221.98,1510.26,52.5,15321.0,40721.2,2374.0,8557.176,3286.178,70627.768,3202402:13;3202444:304;3202445:312;3202446:294;3202447:300
111687.2013,1788877988.3908,6,288.28,1222.71,1510.99,8.9,15321.3,40721.0,2374.0,8557.355,3286.186,70627.768,3202402:13;3202444:304;3202445:312;3202446:294;3202447:300
111687.3138,1788877988.5033,6,288.28,1223.55,1511.83,17.8,15321.8,40720.5,2374.0,8558.450,3286.233,70627.768,3202402:13;3202444:304;3202445:312;3202446:294;3202447:300
111687.4261,1788877988.6157,6,288.28,1223.39,1511.67,18.2,15322.5,40719.7,2374.0,8558.568,3286.239,70627.768,3202402:13;3202444:304;3202445:312;3202446:294;3202447:300
111687.5359,1788877988.7254,6,288.28,1226.23,1514.51,72.3,15327.4,40714.8,2374.0,8559.754,3286.290,70627.768,3202402:13;3202444:306;3202445:313;3202446:294;3202447:300
111687.6466,1788877988.8362,6,288.28,1225.77,1514.05,18.2,15325.6,40716.7,2374.0,8559.835,3286.296,70627.799,3202402:13;3202444:306;3202445:313;3202446:294;3202447:299
111687.7564,1788877988.9460,6,288.28,1228.71,1517.00,61.6,15325.5,40716.7,2374.0,8561.084,3286.352,70627.799,3202402:13;3202444:307;3202445:314;3202446:296;3202447:299
111687.8702,1788877989.0598,6,288.28,1230.23,1518.52,9.0,15317.9,40724.4,2374.0,8561.161,3286.356,70627.799,3202402:13;3202444:308;3202445:314;3202446:296;3202447:299
111687.9814,1788877989.1710,6,288.28,1235.44,1523.72,44.4,15326.8,40715.5,2374.0,8562.417,3286.398,70627.799,3202402:13;3202444:308;3202445:315;3202446:300;3202447:299
111688.0939,1788877989.2834,6,288.28,1235.44,1523.72,0.0,15327.7,40714.5,2374.0,8562.464,3286.400,70627.799,3202402:13;3202444:308;3202445:315;3202446:300;3202447:299
111688.2058,1788877989.3953,6,288.28,1236.36,1524.64,26.4,15328.0,40714.2,2374.0,8563.834,3286.450,70627.799,3202402:13;3202444:308;3202445:314;3202446:301;3202447:299
111688.3199,1788877989.5094,6,288.28,1236.36,1524.64,9.0,15328.0,40714.2,2374.0,8563.834,3286.450,70627.799,3202402:13;3202444:308;3202445:314;3202446:301;3202447:299
111688.4306,1788877989.6201,6,288.28,1238.21,1526.49,54.2,15340.6,40701.6,2374.0,8565.138,3286.492,70627.799,3202402:13;3202444:309;3202445:311;3202446:306;3202447:299
111688.5407,1788877989.7303,6,288.28,1238.21,1526.49,18.4,15340.9,40701.4,2374.0,8565.138,3286.492,70627.799,3202402:13;3202444:309;3202445:311;3202446:306;3202447:299
111688.6496,1788877989.8392,6,288.28,1248.34,1536.62,45.5,15344.5,40697.7,2374.0,8566.403,3286.560,70627.799,3202402:13;3202444:313;3202445:313;3202446:306;3202447:303
111688.7599,1788877989.9495,6,288.28,1242.29,1530.57,18.2,15345.9,40696.3,2374.0,8566.403,3286.561,70627.799,3202402:13;3202444:307;3202445:313;3202446:306;3202447:303
111688.8697,1788877990.0592,6,288.28,1243.77,1532.05,17.7,15342.9,40699.4,2374.0,8567.670,3286.610,70627.799,3202402:13;3202444:307;3202445:313;3202446:306;3202447:304
111688.9833,1788877990.1729,6,288.28,1243.77,1532.05,0.0,15343.1,40699.1,2374.0,8567.809,3286.614,70627.799,3202402:13;3202444:307;3202445:313;3202446:306;3202447:304
111689.0959,1788877990.2854,6,288.28,1249.25,1537.54,80.7,15347.5,40694.7,2374.0,8569.071,3286.678,70627.799,3202402:13;3202444:310;3202445:314;3202446:306;3202447:305
111689.2081,1788877990.3977,6,288.28,1249.25,1537.54,0.0,15347.5,40694.7,2374.0,8569.304,3286.686,70627.799,3202402:13;3202444:310;3202445:314;3202446:306;3202447:305
111689.3185,1788877990.5080,6,288.28,1250.10,1538.38,27.1,15349.8,40692.5,2374.0,8570.446,3286.733,70627.799,3202402:13;3202444:311;3202445:315;3202446:306;3202447:305
111689.4287,1788877990.6183,6,288.28,1250.85,1539.13,35.6,15350.5,40691.7,2374.0,8570.630,3286.739,70627.799,3202402:13;3202444:311;3202445:315;3202446:307;3202447:305
111689.5407,1788877990.7303,6,288.28,1256.32,1544.60,61.6,15356.9,40685.3,2374.0,8571.765,3286.797,70627.799,3202402:13;3202444:313;3202445:316;3202446:309;3202447:305
111689.6546,1788877990.8441,6,288.28,1256.09,1544.38,18.0,15357.6,40684.6,2374.0,8571.969,3286.803,70627.799,3202402:13;3202444:313;3202445:316;3202446:309;3202447:305
111689.7657,1788877990.9553,6,288.28,1259.00,1547.29,27.1,15361.3,40681.0,2374.0,8573.048,3286.854,70627.799,3202402:13;3202444:313;3202445:319;3202446:309;3202447:305
111689.8764,1788877991.0659,6,288.28,1258.60,1546.88,17.8,15350.5,40691.7,2374.0,8573.302,3286.867,70627.799,3202402:13;3202444:314;3202445:319;3202446:309;3202447:304
111689.9894,1788877991.1789,6,288.28,1258.54,1546.82,18.1,15352.5,40689.7,2374.0,8574.194,3286.894,70627.799,3202402:13;3202444:314;3202445:319;3202446:310;3202447:303
111690.0998,1788877991.2894,6,288.28,1258.91,1547.20,17.8,15352.5,40689.7,2374.0,8574.437,3286.902,70627.799,3202402:13;3202444:314;3202445:319;3202446:310;3202447:303
111690.2117,1788877991.4013,6,288.28,1258.53,1546.81,54.6,15350.5,40691.7,2374.0,8575.424,3286.936,70627.799,3202402:13;3202444:314;3202445:320;3202446:309;3202447:303
111690.3220,1788877991.5115,6,288.28,1257.29,1545.57,9.0,15349.6,40692.6,2374.0,8575.685,3286.948,70627.799,3202402:13;3202444:314;3202445:320;3202446:308;3202447:303
111690.4325,1788877991.6220,6,288.28,1259.93,1548.21,45.3,15352.9,40689.3,2374.0,8576.699,3286.993,70627.799,3202402:13;3202444:316;3202445:320;3202446:307;3202447:303
111690.5433,1788877991.7328,6,288.28,1257.51,1545.79,17.8,15347.5,40694.7,2374.0,8577.020,3287.006,70627.799,3202402:13;3202444:316;3202445:320;3202446:305;3202447:303
111690.6554,1788877991.8450,6,288.28,1256.40,1544.68,54.6,15351.2,40691.0,2374.0,8577.991,3287.047,70627.799,3202402:13;3202444:317;3202445:318;3202446:305;3202447:304
111690.7655,1788877991.9551,6,288.28,1256.65,1544.93,27.3,15350.7,40691.6,2374.0,8578.324,3287.062,70627.799,3202402:13;3202444:317;3202445:318;3202446:305;3202447:304
111690.8755,1788877992.0651,6,288.28,1257.53,1545.81,18.2,15326.2,40716.0,2374.0,8579.297,3287.096,70627.799,3202402:13;3202444:317;3202445:318;3202446:305;3202447:304
111690.9862,1788877992.1758,6,288.28,1257.16,1545.45,9.0,15326.3,40715.9,2374.0,8579.585,3287.105,70627.799,3202402:13;3202444:317;3202445:318;3202446:305;3202447:304
111691.0972,1788877992.2867,6,288.28,1260.80,1549.08,63.2,15330.7,40711.5,2374.0,8580.577,3287.144,70627.799,3202402:13;3202444:321;3202445:318;3202446:305;3202447:305
111691.2075,1788877992.3971,6,288.28,1259.57,1547.86,27.3,15330.6,40711.6,2374.0,8580.908,3287.162,70627.799,3202402:13;3202444:321;3202445:318;3202446:305;3202447:303
111691.3176,1788877992.5072,6,288.28,1259.86,1548.14,27.4,15331.8,40710.4,2374.0,8581.744,3287.204,70627.799,3202402:13;3202444:321;3202445:319;3202446:306;3202447:302
111691.4270,1788877992.6165,6,288.28,1260.24,1548.52,45.0,15331.7,40710.5,2374.0,8582.129,3287.226,70627.799,3202402:13;3202444:320;3202445:320;3202446:306;3202447:302
111691.5383,1788877992.7278,6,288.28,1260.52,1548.80,45.8,15331.9,40710.3,2374.0,8583.016,3287.265,70627.799,3202402:13;3202444:320;3202445:319;3202446:306;3202447:302
111691.6473,1788877992.8369,6,288.28,1260.52,1548.80,9.1,15333.7,40708.6,2374.0,8583.366,3287.282,70627.799,3202402:13;3202444:320;3202445:319;3202446:306;3202447:302
111691.7576,1788877992.9471,6,288.28,1263.51,1551.79,54.8,15337.6,40704.6,2374.0,8584.358,3287.329,70627.799,3202402:13;3202444:323;3202445:319;3202446:306;3202447:302
111691.8669,1788877993.0564,6,288.28,1263.29,1551.57,18.2,15332.0,40710.2,2374.0,8584.895,3287.352,70627.799,3202402:13;3202444:324;3202445:319;3202446:306;3202447:301
111691.9772,1788877993.1667,6,288.28,1267.17,1555.45,73.0,15331.8,40710.4,2374.0,8585.802,3287.400,70627.799,3202402:13;3202444:324;3202445:321;3202446:306;3202447:303
111692.0868,1788877993.2764,6,288.41,1264.58,1552.98,54.2,15335.1,40707.1,2374.0,8586.085,3287.424,70627.799,3202402:13;3202444:323;3202445:321;3202446:304;3202447:303
111692.1976,1788877993.3871,6,288.41,1262.09,1550.50,45.6,15335.5,40706.7,2374.0,8587.024,3287.474,70627.799,3202402:13;3202444:323;3202445:318;3202446:304;3202447:304
111692.3068,1788877993.4964,6,288.41,1262.34,1550.75,18.3,15335.5,40706.7,2374.0,8587.428,3287.484,70627.799,3202402:13;3202444:323;3202445:318;3202446:304;3202447:304
111692.4164,1788877993.6059,6,288.41,1264.46,1552.87,27.3,15338.6,40703.7,2374.0,8588.264,3287.518,70627.799,3202402:13;3202444:323;3202445:320;3202446:304;3202447:304
111692.5262,1788877993.7157,6,288.41,1265.57,1553.98,27.3,15335.3,40707.0,2374.0,8588.535,3287.532,70627.799,3202402:13;3202444:323;3202445:320;3202446:304;3202447:305
111692.6358,1788877993.8253,6,288.41,1268.02,1556.43,82.3,15323.7,40718.5,2374.0,8589.420,3287.579,70627.799,3202402:13;3202444:323;3202445:322;3202446:305;3202447:305
111692.7462,1788877993.9358,6,288.41,1271.79,1560.20,36.1,15328.8,40713.4,2374.0,8589.742,3287.596,70627.799,3202402:13;3202444:323;3202445:322;3202446:308;3202447:306
111692.8560,1788877994.0456,6,288.41,1276.85,1565.26,71.0,15325.6,40716.6,2374.0,8590.715,3287.657,70627.799,3202402:13;3202444:323;3202445:322;3202446:309;3202447:309
111692.9691,1788877994.1586,6,288.41,1273.53,1561.93,36.0,15324.9,40717.3,2374.0,8591.056,3287.676,70627.799,3202402:13;3202444:321;3202445:322;3202446:309;3202447:308
111693.0801,1788877994.2696,6,288.41,1277.65,1566.06,119.2,15325.8,40716.5,2374.0,8591.808,3287.734,70627.799,3202402:13;3202444:325;3202445:321;3202446:309;3202447:309
111693.1890,1788877994.3786,6,288.41,1278.28,1566.68,18.2,15325.8,40716.5,2374.0,8592.174,3287.760,70627.799,3202402:13;3202444:325;3202445:321;3202446:310;3202447:309
111693.2988,1788877994.4883,6,288.41,1280.67,1569.07,54.0,15327.1,40715.1,2374.0,8593.066,3287.805,70627.799,3202402:13;3202444:325;3202445:322;3202446:310;3202447:311
111693.4104,1788877994.6000,6,288.41,1282.41,1570.82,18.2,15327.2,40715.1,2374.0,8593.437,3287.826,70627.799,3202402:13;3202444:325;3202445:323;3202446:310;3202447:312
111693.5200,1788877994.7095,6,288.41,1289.26,1577.67,118.9,15332.0,40710.2,2374.0,8594.284,3287.893,70627.799,3202402:13;3202444:325;3202445:324;3202446:309;3202447:317
111693.6293,1788877994.8188,6,288.41,1292.46,1580.86,17.9,15335.5,40706.8,2374.0,8594.617,3287.908,70627.799,3202402:13;3202444:326;3202445:325;3202446:309;3202447:320
111693.7413,1788877994.9308,6,288.41,1301.32,1589.73,161.8,15360.4,40681.8,2374.0,8595.360,3287.988,70627.799,3202402:13;3202444:327;3202445:325;3202446:314;3202447:322
111693.8523,1788877995.0418,6,288.41,1302.80,1591.21,118.2,15360.3,40681.9,2374.0,8595.783,3288.029,70627.799,3202402:13;3202444:328;3202445:324;3202446:315;3202447:323
111693.9623,1788877995.1518,6,288.41,1310.02,1598.42,109.2,15361.9,40680.4,2374.0,8596.728,3288.113,70627.799,3202402:13;3202444:328;3202445:326;3202446:318;3202447:325
111694.0722,1788877995.2618,6,288.41,1315.45,1603.86,44.6,15363.8,40678.4,2374.0,8597.163,3288.152,70627.799,3202402:13;3202444:330;3202445:328;3202446:319;3202447:326
111694.1841,1788877995.3736,6,288.41,1317.04,1605.44,72.7,15365.2,40677.0,2374.0,8598.024,3288.201,70627.799,3202402:13;3202444:330;3202445:328;3202446:320;3202447:326
111694.2941,1788877995.4837,6,288.41,1317.47,1605.88,54.7,15380.8,40661.5,2374.0,8598.495,3288.226,70627.799,3202402:13;3202444:332;3202445:326;3202446:320;3202447:326
111694.4038,1788877995.5933,6,288.41,1319.80,1608.21,91.3,15393.6,40648.6,2374.0,8599.389,3288.265,70627.994,3202402:13;3202444:335;3202445:326;3202446:320;3202447:326
111694.5135,1788877995.7030,6,288.41,1321.68,1610.08,9.1,15393.6,40648.6,2374.0,8599.807,3288.287,70627.994,3202402:13;3202444:335;3202445:327;3202446:321;3202447:326
111694.6229,1788877995.8125,6,288.41,1322.92,1611.32,44.8,15395.5,40646.7,2374.0,8600.636,3288.346,70628.217,3202402:13;3202444:336;3202445:327;3202446:321;3202447:326
111694.7349,1788877995.9244,6,288.41,1322.46,1610.87,52.3,15434.5,40607.7,2374.0,8601.056,3288.445,70628.217,3202402:13;3202444:336;3202445:326;3202446:321;3202447:326
111694.8496,1788877996.0391,6,288.41,1323.21,1611.62,18.2,15403.1,40639.1,2374.0,8601.949,3288.513,70628.619,3202402:13;3202444:336;3202445:326;3202446:321;3202447:327
111694.9594,1788877996.1489,6,288.41,1323.34,1611.75,9.1,15411.4,40630.8,2374.0,8603.115,3289.119,70628.619,3202402:13;3202444:336;3202445:326;3202446:321;3202447:327
111695.0690,1788877996.2585,6,288.41,1323.59,1612.00,9.0,15399.8,40642.4,2374.0,8603.985,3289.163,70628.619,3202402:13;3202444:336;3202445:326;3202446:321;3202447:327
111695.1803,1788877996.3699,6,288.41,1324.34,1612.75,0.0,15400.1,40642.2,2374.0,8604.556,3289.193,70628.619,3202402:13;3202444:336;3202445:326;3202446:322;3202447:327
111695.2908,1788877996.4804,6,288.41,1324.46,1612.87,9.0,15400.6,40641.7,2374.0,8605.416,3289.226,70628.619,3202402:13;3202444:336;3202445:326;3202446:322;3202447:327
111695.4013,1788877996.5909,6,288.41,1324.46,1612.87,0.0,15402.3,40640.0,2374.0,8606.007,3289.249,70629.213,3202402:13;3202444:336;3202445:326;3202446:322;3202447:327
111695.5114,1788877996.7009,6,288.41,1324.61,1613.01,27.0,15366.2,40676.0,2374.0,8606.847,3289.285,70630.670,3202402:13;3202444:336;3202445:326;3202446:322;3202447:328
111695.6220,1788877996.8115,6,288.41,1324.61,1613.01,36.4,15366.7,40675.5,2374.0,8607.386,3289.317,70630.682,3202402:13;3202444:336;3202445:326;3202446:322;3202447:328
111695.7321,1788877996.9216,6,288.41,1324.98,1613.39,8.9,15366.9,40675.3,2374.0,8608.235,3289.348,70630.682,3202402:13;3202444:336;3202445:326;3202446:323;3202447:328
111695.8439,1788877997.0334,6,288.41,1326.75,1615.15,64.0,15369.5,40672.7,2374.0,8608.810,3289.394,70630.682,3202402:13;3202444:336;3202445:325;3202446:325;3202447:328
111695.9534,1788877997.1430,6,288.41,1329.82,1618.23,9.0,15371.3,40671.0,2374.0,8609.630,3289.435,70630.682,3202402:13;3202444:336;3202445:327;3202446:325;3202447:329
111696.0650,1788877997.2545,6,288.41,1329.91,1618.31,9.0,15371.5,40670.7,2374.0,8610.237,3289.461,70630.682,3202402:13;3202444:336;3202445:327;3202446:325;3202447:329
111696.1755,1788877997.3650,6,288.41,1331.68,1620.08,35.7,15371.8,40670.5,2374.0,8611.037,3289.502,70630.682,3202402:13;3202444:338;3202445:327;3202446:325;3202447:329
111696.2876,1788877997.4772,6,288.41,1332.68,1621.08,9.0,15372.0,40670.2,2374.0,8611.694,3289.529,70630.682,3202402:13;3202444:339;3202445:327;3202446:325;3202447:329
111696.3990,1788877997.5885,6,288.41,1333.11,1621.52,36.2,15372.7,40669.5,2374.0,8612.438,3289.569,70630.682,3202402:13;3202444:340;3202445:326;3202446:325;3202447:329
111696.5095,1788877997.6991,6,288.41,1333.59,1622.00,36.3,15373.0,40669.2,2374.0,8613.096,3289.604,70630.682,3202402:13;3202444:340;3202445:326;3202446:326;3202447:329
111696.6198,1788877997.8094,6,288.41,1333.72,1622.12,9.0,15373.7,40668.5,2374.0,8613.833,3289.635,70630.682,3202402:13;3202444:340;3202445:326;3202446:326;3202447:329
111696.7305,1788877997.9200,6,288.41,1335.55,1623.95,45.1,15374.2,40668.0,2374.0,8614.527,3289.709,70630.682,3202402:13;3202444:340;3202445:326;3202446:326;3202447:330
111696.8414,1788877998.0309,6,288.41,1335.67,1624.08,0.0,15374.2,40668.0,2374.0,8615.113,3289.947,70630.682,3202402:13;3202444:340;3202445:326;3202446:326;3202447:330
111696.9522,1788877998.1417,6,288.41,1335.45,1623.86,18.2,15374.4,40667.8,2374.0,8615.753,3290.175,70630.682,3202402:13;3202444:340;3202445:325;3202446:326;3202447:331
111697.0624,1788877998.2520,6,288.41,1335.45,1623.86,8.9,15374.7,40667.5,2374.0,8616.266,3290.356,70630.682,3202402:13;3202444:340;3202445:325;3202446:326;3202447:331
111697.1744,1788877998.3639,6,288.41,1335.40,1623.81,18.2,15376.4,40665.8,2374.0,8617.137,3290.385,70630.682,3202402:13;3202444:340;3202445:325;3202446:326;3202447:331
111697.2852,1788877998.4748,6,288.41,1335.86,1624.27,35.8,15376.6,40665.7,2374.0,8617.812,3290.416,70630.682,3202402:13;3202444:340;3202445:325;3202446:326;3202447:332
111697.3963,1788877998.5858,6,288.41,1335.33,1623.73,18.0,15376.8,40665.4,2374.0,8618.619,3290.459,70630.682,3202402:13;3202444:340;3202445:326;3202446:326;3202447:330
111697.5081,1788877998.6976,6,288.41,1335.45,1623.86,17.8,15377.3,40664.9,2374.0,8619.206,3290.479,70630.682,3202402:13;3202444:340;3202445:326;3202446:326;3202447:330
111697.6201,1788877998.8096,6,288.41,1337.96,1626.37,26.7,15378.3,40663.9,2374.0,8620.030,3290.523,70630.682,3202402:13;3202444:340;3202445:326;3202446:326;3202447:333
111697.7344,1788877998.9239,6,288.41,1337.96,1626.37,8.9,15378.3,40663.9,2374.0,8620.604,3290.547,70630.682,3202402:13;3202444:340;3202445:326;3202446:326;3202447:333
111697.8447,1788877999.0342,6,288.41,1335.91,1624.32,27.3,15372.5,40669.7,2374.0,8621.637,3290.592,70630.682,3202402:13;3202444:338;3202445:326;3202446:326;3202447:333
111697.9549,1788877999.1444,6,288.41,1336.16,1624.57,8.8,15373.4,40668.8,2374.0,8622.184,3290.622,70630.682,3202402:13;3202444:338;3202445:326;3202446:326;3202447:333
111698.0679,1788877999.2575,6,288.41,1336.16,1624.57,0.0,15373.4,40668.8,2374.0,8623.134,3290.653,70630.682,3202402:13;3202444:338;3202445:326;3202446:326;3202447:333
111698.1808,1788877999.3703,6,288.41,1337.16,1625.57,8.9,15373.6,40668.6,2374.0,8623.603,3290.673,70630.682,3202402:13;3202444:339;3202445:327;3202446:326;3202447:333
111698.2922,1788877999.4817,6,288.41,1335.63,1624.04,18.0,15373.6,40668.6,2374.0,8624.568,3290.716,70630.682,3202402:13;3202444:337;3202445:327;3202446:326;3202447:333
111698.4037,1788877999.5933,6,288.41,1335.63,1624.04,8.9,15373.6,40668.6,2374.0,8624.998,3290.730,70630.682,3202402:13;3202444:337;3202445:327;3202446:326;3202447:333
111698.5157,1788877999.7053,6,288.41,1335.76,1624.16,9.1,15373.8,40668.4,2374.0,8625.963,3290.763,70630.748,3202402:13;3202444:337;3202445:327;3202446:326;3202447:333
111698.6258,1788877999.8153,6,288.41,1335.96,1624.37,0.0,15374.5,40667.7,2374.0,8626.374,3290.780,70630.748,3202402:13;3202444:337;3202445:327;3202446:326;3202447:333
111698.7375,1788877999.9270,6,288.41,1337.88,1626.29,17.8,15375.0,40667.2,2374.0,8627.422,3290.816,70630.748,3202402:13;3202444:337;3202445:327;3202446:327;3202447:333
111698.8499,1788878000.0394,6,288.41,1337.88,1626.29,0.0,15373.6,40668.6,2374.0,8627.781,3290.828,70630.748,3202402:13;3202444:337;3202445:327;3202446:327;3202447:333
111698.9617,1788878000.1512,6,288.41,1338.04,1626.45,0.0,15374.3,40667.9,2374.0,8628.876,3290.872,70630.748,3202402:13;3202444:337;3202445:327;3202446:328;3202447:333
111699.0759,1788878000.2655,6,288.41,1338.27,1626.68,17.7,15378.7,40663.5,2374.0,8629.163,3290.887,70630.748,3202402:13;3202444:337;3202445:327;3202446:328;3202447:334
111699.1885,1788878000.3780,6,288.41,1338.90,1627.30,9.1,15379.0,40663.3,2374.0,8630.337,3290.932,70630.748,3202402:13;3202444:337;3202445:327;3202446:328;3202447:334
111699.2983,1788878000.4879,6,288.41,1339.02,1627.43,0.0,15379.0,40663.3,2374.0,8630.539,3290.940,70630.748,3202402:13;3202444:337;3202445:327;3202446:328;3202447:334
111699.4074,1788878000.5969,6,288.41,1345.69,1634.10,99.1,15389.8,40652.4,2374.0,8631.718,3291.014,70630.748,3202402:13;3202444:337;3202445:333;3202446:328;3202447:334
111699.5185,1788878000.7081,6,288.41,1346.32,1634.72,18.2,15390.1,40652.1,2374.0,8632.550,3291.048,70630.748,3202402:13;3202444:337;3202445:333;3202446:328;3202447:334
111699.6281,1788878000.8176,6,288.41,1348.73,1637.13,27.2,15392.2,40650.0,2374.0,8633.763,3291.100,70630.748,3202402:13;3202444:338;3202445:333;3202446:328;3202447:337
111699.7391,1788878000.9287,6,288.41,1348.73,1637.13,18.0,15392.7,40649.5,2374.0,8633.982,3291.118,70630.748,3202402:13;3202444:338;3202445:333;3202446:328;3202447:337
111699.8493,1788878001.0388,6,288.41,1347.72,1636.12,45.2,15399.3,40642.9,2374.0,8635.188,3291.176,70630.748,3202402:13;3202444:338;3202445:334;3202446:327;3202447:336
111699.9596,1788878001.1491,6,288.41,1348.67,1637.07,26.9,15398.6,40643.6,2374.0,8635.608,3291.201,70630.748,3202402:13;3202444:338;3202445:334;3202446:327;3202447:336
111700.0712,1788878001.2607,6,288.41,1349.43,1637.83,8.9,15406.1,40636.2,2374.0,8636.809,3291.242,70630.748,3202402:13;3202444:338;3202445:334;3202446:327;3202447:336
111700.1837,1788878001.3733,6,288.41,1349.43,1637.83,0.0,15406.1,40636.2,2374.0,8636.959,3291.250,70630.748,3202402:13;3202444:338;3202445:334;3202446:327;3202447:336
111700.2970,1788878001.4865,6,288.41,1349.93,1638.33,8.8,15406.6,40635.7,2374.0,8638.250,3291.297,70630.748,3202402:13;3202444:338;3202445:335;3202446:327;3202447:337
111700.4072,1788878001.5967,6,288.41,1352.37,1640.77,9.1,15408.0,40634.2,2374.0,8638.377,3291.305,70630.748,3202402:13;3202444:338;3202445:335;3202446:327;3202447:339
111700.5168,1788878001.7063,6,288.41,1351.74,1640.15,27.0,15408.7,40633.5,2374.0,8639.620,3291.357,70630.748,3202402:13;3202444:337;3202445:335;3202446:327;3202447:339
111700.6285,1788878001.8180,6,288.41,1351.65,1640.06,18.0,15409.0,40633.3,2374.0,8639.762,3291.363,70630.748,3202402:13;3202444:337;3202445:335;3202446:327;3202447:339
111700.7387,1788878001.9282,6,288.41,1355.24,1643.64,64.1,15411.7,40630.6,2374.0,8641.028,3291.428,70630.748,3202402:13;3202444:338;3202445:337;3202446:327;3202447:340
111700.8488,1788878002.0383,6,288.41,1356.36,1644.77,0.0,15411.4,40630.8,2374.0,8641.133,3291.433,70630.748,3202402:13;3202444:338;3202445:337;3202446:327;3202447:340
111700.9579,1788878002.1474,6,288.41,1356.09,1644.50,27.1,15411.4,40630.8,2374.0,8642.416,3291.507,70630.748,3202402:13;3202444:338;3202445:337;3202446:327;3202447:340
111701.0689,1788878002.2585,6,288.41,1356.71,1645.11,0.0,15410.7,40631.6,2374.0,8642.520,3291.514,70630.748,3202402:13;3202444:338;3202445:337;3202446:327;3202447:340
111701.1794,1788878002.3690,6,288.41,1356.96,1645.36,27.0,15410.5,40631.7,2374.0,8643.829,3291.574,70630.748,3202402:13;3202444:338;3202445:337;3202446:327;3202447:341
111701.2913,1788878002.4809,6,288.41,1356.96,1645.36,9.0,15410.5,40631.7,2374.0,8643.928,3291.579,70630.748,3202402:13;3202444:338;3202445:337;3202446:327;3202447:341
111701.4009,1788878002.5905,6,288.41,1357.21,1645.61,0.0,15410.8,40631.5,2374.0,8645.226,3291.627,70630.748,3202402:13;3202444:339;3202445:338;3202446:327;3202447:341
111701.5106,1788878002.7001,6,288.41,1357.21,1645.61,0.0,15411.0,40631.2,2374.0,8645.332,3291.632,70630.748,3202402:13;3202444:339;3202445:338;3202446:327;3202447:341
111701.6227,1788878002.8123,6,288.41,1359.07,1647.47,35.9,15413.2,40629.0,2374.0,8646.684,3291.700,70630.748,3202402:13;3202444:339;3202445:338;3202446:327;3202447:342
111701.7343,1788878002.9238,6,288.41,1359.07,1647.47,0.0,15414.4,40627.8,2374.0,8646.723,3291.701,70630.748,3202402:13;3202444:339;3202445:338;3202446:327;3202447:342
111701.8441,1788878003.0337,6,288.41,1361.34,1649.74,45.4,15410.8,40631.4,2374.0,8648.058,3291.770,70630.748,3202402:13;3202444:341;3202445:338;3202446:328;3202447:341
111701.9548,1788878003.1443,6,288.41,1361.34,1649.74,0.0,15410.7,40631.5,2374.0,8648.119,3291.775,70630.748,3202402:13;3202444:341;3202445:338;3202446:328;3202447:341
111702.0651,1788878003.2547,6,288.41,1359.35,1647.75,27.3,15412.0,40630.2,2374.0,8649.512,3291.840,70630.748,3202402:13;3202444:341;3202445:336;3202446:328;3202447:341
111702.1753,1788878003.3649,6,288.41,1359.35,1647.75,9.0,15412.2,40630.0,2374.0,8649.528,3291.843,70630.748,3202402:13;3202444:341;3202445:336;3202446:328;3202447:341
111702.2865,1788878003.4761,6,288.41,1359.83,1648.23,45.5,15415.7,40626.5,2374.0,8650.903,3291.906,70630.748,3202402:13;3202444:340;3202445:337;3202446:328;3202447:341
111702.3968,1788878003.5863,6,288.41,1360.08,1648.48,0.0,15415.7,40626.5,2374.0,8650.952,3291.911,70630.748,3202402:13;3202444:340;3202445:337;3202446:328;3202447:341
111702.5069,1788878003.6965,6,288.41,1358.50,1646.90,36.0,15416.2,40626.0,2374.0,8652.390,3291.967,70630.748,3202402:13;3202444:340;3202445:337;3202446:327;3202447:341
111702.6179,1788878003.8075,6,288.41,1358.50,1646.90,9.1,15416.4,40625.8,2374.0,8652.390,3291.968,70630.748,3202402:13;3202444:340;3202445:337;3202446:327;3202447:341
111702.7271,1788878003.9166,6,288.41,1359.25,1647.65,9.1,15477.9,40564.3,2374.0,8653.744,3292.021,70631.150,3202402:13;3202444:340;3202445:337;3202446:327;3202447:342
111702.8370,1788878004.0266,6,288.41,1359.25,1647.65,0.0,15449.3,40592.9,2374.0,8653.771,3292.026,70631.150,3202402:13;3202444:340;3202445:337;3202446:327;3202447:342
111702.9475,1788878004.1370,6,288.41,1360.64,1649.05,36.4,15472.1,40570.1,2374.0,8655.193,3292.089,70631.268,3202402:13;3202444:341;3202445:337;3202446:327;3202447:343
111703.0577,1788878004.2473,6,288.41,1360.64,1649.05,0.0,15472.1,40570.1,2374.0,8655.193,3292.090,70631.268,3202402:13;3202444:341;3202445:337;3202446:327;3202447:343
111703.1687,1788878004.3582,6,288.41,1358.90,1647.30,35.8,15472.6,40569.6,2374.0,8656.612,3292.155,70631.268,3202402:13;3202444:341;3202445:338;3202446:325;3202447:343
111703.2806,1788878004.4701,6,288.41,1360.27,1648.68,0.0,15472.8,40569.4,2374.0,8656.614,3292.156,70631.268,3202402:13;3202444:341;3202445:338;3202446:326;3202447:343
111703.3920,1788878004.5816,6,288.41,1361.61,1650.01,72.8,15474.8,40567.5,2374.0,8657.975,3292.226,70631.330,3202402:13;3202444:342;3202445:338;3202446:326;3202447:343
111703.5019,1788878004.6914,6,288.41,1361.61,1650.01,0.0,15499.5,40542.7,2374.0,8657.975,3292.227,70631.588,3202402:13;3202444:342;3202445:338;3202446:326;3202447:343
111703.6118,1788878004.8013,6,288.41,1366.69,1655.10,63.2,15514.4,40527.9,2374.0,8659.431,3292.310,70631.588,3202402:13;3202444:342;3202445:338;3202446:329;3202447:344
111703.7225,1788878004.9120,6,288.41,1366.69,1655.10,9.1,15553.3,40489.0,2374.0,8659.434,3292.315,70631.588,3202402:13;3202444:342;3202445:338;3202446:329;3202447:344
111703.8325,1788878005.0220,6,288.41,1368.02,1656.42,27.3,15476.0,40566.2,2374.0,8661.378,3292.950,70631.588,3202402:13;3202444:342;3202445:338;3202446:330;3202447:345
111703.9426,1788878005.1321,6,288.41,1368.02,1656.42,0.0,15476.7,40565.5,2374.0,8661.378,3292.951,70631.588,3202402:13;3202444:342;3202445:338;3202446:330;3202447:345
111704.0521,1788878005.2416,6,288.41,1368.39,1656.80,0.0,15476.6,40565.7,2374.0,8662.731,3293.016,70631.588,3202402:13;3202444:342;3202445:339;3202446:330;3202447:345
111704.1636,1788878005.3531,6,288.41,1368.39,1656.80,0.0,15476.6,40565.7,2374.0,8662.731,3293.017,70631.588,3202402:13;3202444:342;3202445:339;3202446:330;3202447:345
111704.2728,1788878005.4624,6,288.41,1369.65,1658.06,26.8,15478.0,40564.2,2374.0,8663.879,3293.518,70631.588,3202402:13;3202444:342;3202445:339;3202446:330;3202447:346
111704.3849,1788878005.5745,6,288.41,1369.65,1658.06,0.0,15478.0,40564.2,2374.0,8663.879,3293.520,70631.588,3202402:13;3202444:342;3202445:339;3202446:330;3202447:346
111704.4971,1788878005.6866,6,288.41,1370.78,1659.18,26.4,15479.4,40562.8,2374.0,8664.981,3293.718,70631.588,3202402:13;3202444:342;3202445:340;3202446:330;3202447:346
111704.6100,1788878005.7996,6,288.41,1370.78,1659.18,8.8,15503.1,40539.2,2374.0,8665.202,3293.730,70631.588,3202402:13;3202444:342;3202445:340;3202446:330;3202447:346
111704.7217,1788878005.9112,6,288.41,1373.14,1661.55,9.1,15503.5,40538.7,2374.0,8666.360,3293.783,70631.588,3202402:13;3202444:342;3202445:340;3202446:332;3202447:346
111704.8313,1788878006.0209,6,288.41,1373.69,1662.09,26.8,15503.1,40539.1,2374.0,8666.574,3293.797,70631.588,3202402:13;3202444:342;3202445:340;3202446:332;3202447:346
111704.9432,1788878006.1327,6,288.41,1374.93,1663.34,36.5,15503.4,40538.8,2374.0,8667.646,3293.842,70631.588,3202402:13;3202444:342;3202445:342;3202446:332;3202447:346
111705.0532,1788878006.2428,6,288.41,1374.93,1663.34,0.0,15502.1,40540.1,2374.0,8667.882,3293.857,70631.588,3202402:13;3202444:342;3202445:342;3202446:332;3202447:346
111705.1635,1788878006.3531,6,288.41,1376.45,1664.85,44.9,15503.8,40538.4,2374.0,8669.072,3293.914,70631.588,3202402:13;3202444:342;3202445:343;3202446:332;3202447:346
111705.2751,1788878006.4647,6,288.41,1376.07,1664.48,45.4,15504.9,40537.3,2374.0,8669.319,3293.926,70631.588,3202402:13;3202444:342;3202445:342;3202446:332;3202447:346
111705.3851,1788878006.5747,6,288.41,1379.56,1667.96,27.4,15506.3,40535.9,2374.0,8670.503,3293.994,70631.588,3202402:13;3202444:345;3202445:343;3202446:332;3202447:346
111705.4945,1788878006.6840,6,288.41,1379.56,1667.96,9.0,15506.3,40535.9,2374.0,8670.789,3294.007,70631.588,3202402:13;3202444:345;3202445:343;3202446:332;3202447:346
111705.6060,1788878006.7956,6,288.41,1379.11,1667.51,18.2,15491.0,40551.2,2374.0,8671.966,3294.059,70631.588,3202402:13;3202444:345;3202445:342;3202446:332;3202447:346
111705.7165,1788878006.9060,6,288.41,1379.23,1667.64,8.9,15498.9,40543.3,2374.0,8672.253,3294.073,70631.588,3202402:13;3202444:345;3202445:342;3202446:332;3202447:346
111705.8293,1788878007.0188,6,288.41,1381.51,1669.91,18.1,15497.3,40545.0,2374.0,8673.383,3294.125,70631.588,3202402:13;3202444:345;3202445:342;3202446:335;3202447:346
111705.9400,1788878007.1295,6,288.41,1381.51,1669.91,27.5,15497.5,40544.7,2374.0,8673.686,3294.143,70631.588,3202402:13;3202444:345;3202445:342;3202446:335;3202447:346
111706.0491,1788878007.2386,6,288.41,1381.73,1670.14,18.0,15498.0,40544.2,2374.0,8674.814,3294.192,70631.588,3202402:13;3202444:346;3202445:342;3202446:335;3202447:346
111706.1598,1788878007.3493,6,288.41,1381.86,1670.26,0.0,15498.2,40544.0,2374.0,8675.130,3294.215,70631.588,3202402:13;3202444:346;3202445:342;3202446:335;3202447:346
111706.2703,1788878007.4598,6,288.41,1382.30,1670.71,9.1,15498.2,40544.0,2374.0,8676.215,3294.256,70631.588,3202402:13;3202444:346;3202445:342;3202446:335;3202447:346
111706.3801,1788878007.5697,6,288.41,1385.47,1673.88,18.2,15500.0,40542.2,2374.0,8676.527,3294.274,70631.588,3202402:13;3202444:348;3202445:342;3202446:335;3202447:347
111706.4899,1788878007.6794,6,288.41,1385.59,1674.00,9.0,15500.0,40542.2,2374.0,8677.620,3294.325,70631.588,3202402:13;3202444:348;3202445:342;3202446:335;3202447:347
111706.6018,1788878007.7913,6,288.41,1385.72,1674.12,27.0,15500.4,40541.8,2374.0,8677.942,3294.339,70631.588,3202402:13;3202444:348;3202445:342;3202446:335;3202447:347
111706.7127,1788878007.9023,6,288.41,1387.32,1675.73,36.0,15500.4,40541.8,2374.0,8679.028,3294.393,70631.588,3202402:13;3202444:349;3202445:343;3202446:335;3202447:347
111706.8241,1788878008.0136,6,288.41,1387.32,1675.73,0.0,15523.8,40518.4,2374.0,8679.365,3294.407,70631.588,3202402:13;3202444:349;3202445:343;3202446:335;3202447:347
111706.9350,1788878008.1245,6,288.41,1387.71,1676.12,18.0,15521.3,40520.9,2374.0,8680.414,3294.451,70631.588,3202402:13;3202444:349;3202445:343;3202446:335;3202447:348
111707.0462,1788878008.2357,6,288.41,1387.84,1676.25,0.0,15521.3,40520.9,2374.0,8680.773,3294.471,70631.588,3202402:13;3202444:349;3202445:343;3202446:335;3202447:348
111707.1569,1788878008.3464,6,288.41,1392.18,1680.59,35.9,15526.1,40516.1,2374.0,8681.794,3294.518,70631.588,3202402:13;3202444:349;3202445:347;3202446:335;3202447:348
111707.2686,1788878008.4581,6,288.41,1390.12,1678.52,17.8,15526.0,40516.2,2374.0,8682.186,3294.539,70631.588,3202402:13;3202444:349;3202445:345;3202446:335;3202447:348
111707.3810,1788878008.5706,6,288.41,1391.48,1679.89,27.4,15529.2,40513.0,2374.0,8683.205,3294.589,70631.588,3202402:13;3202444:349;3202445:346;3202446:335;3202447:348
111707.4903,1788878008.6798,6,288.41,1391.61,1680.01,17.8,15530.0,40512.3,2374.0,8683.654,3294.605,70631.588,3202402:13;3202444:349;3202445:346;3202446:336;3202447:348
111707.6026,1788878008.7921,6,288.41,1393.40,1681.80,27.1,15515.7,40526.6,2374.0,8684.621,3294.646,70631.588,3202402:13;3202444:350;3202445:346;3202446:336;3202447:348
111707.7135,1788878008.9030,6,288.41,1393.30,1681.71,0.0,15515.7,40526.6,2374.0,8685.077,3294.666,70631.588,3202402:13;3202444:350;3202445:346;3202446:336;3202447:348
111707.8253,1788878009.0148,6,288.41,1393.43,1681.84,9.0,15514.5,40527.8,2374.0,8685.955,3294.700,70631.588,3202402:13;3202444:350;3202445:346;3202446:336;3202447:348
111707.9357,1788878009.1253,6,288.41,1394.05,1682.46,0.0,15512.6,40529.6,2374.0,8686.443,3294.719,70631.588,3202402:13;3202444:351;3202445:346;3202446:336;3202447:348
111708.0471,1788878009.2367,6,288.41,1394.05,1682.46,9.1,15513.1,40529.1,2374.0,8687.352,3294.756,70631.588,3202402:13;3202444:351;3202445:346;3202446:336;3202447:348
111708.1570,1788878009.3466,6,288.41,1393.61,1682.02,0.0,15513.3,40528.9,2374.0,8688.096,3294.788,70631.588,3202402:13;3202444:351;3202445:346;3202446:336;3202447:348
111708.2706,1788878009.4602,6,288.41,1394.24,1682.64,0.0,15513.3,40528.9,2374.0,8688.943,3294.819,70631.588,3202402:13;3202444:351;3202445:346;3202446:337;3202447:348
111708.3800,1788878009.5695,6,288.41,1394.06,1682.46,9.0,15513.6,40528.6,2374.0,8689.463,3294.836,70631.588,3202402:13;3202444:351;3202445:346;3202446:336;3202447:348
111708.4913,1788878009.6808,6,288.41,1399.96,1688.37,72.3,15517.0,40525.2,2374.0,8690.313,3294.868,70631.588,3202402:13;3202444:351;3202445:346;3202446:340;3202447:350
111708.6017,1788878009.7912,6,288.41,1400.34,1688.74,18.2,15517.0,40525.2,2374.0,8690.887,3294.891,70631.588,3202402:13;3202444:351;3202445:346;3202446:340;3202447:350
111708.7113,1788878009.9008,6,288.41,1400.34,1688.74,0.0,15517.0,40525.2,2374.0,8691.707,3294.916,70631.588,3202402:13;3202444:351;3202445:346;3202446:340;3202447:350
111708.8249,1788878010.0144,6,288.41,1401.84,1690.24,0.0,15513.0,40529.2,2374.0,8692.336,3294.935,70631.588,3202402:13;3202444:351;3202445:346;3202446:340;3202447:352
111708.9374,1788878010.1270,6,288.41,1404.18,1692.58,44.6,15513.2,40529.1,2374.0,8693.113,3294.973,70631.588,3202402:13;3202444:351;3202445:346;3202446:340;3202447:354
111709.0490,1788878010.2386,6,288.41,1404.01,1692.41,9.1,15513.2,40529.1,2374.0,8693.769,3295.000,70631.588,3202402:13;3202444:351;3202445:346;3202446:340;3202447:354
111709.1594,1788878010.3489,6,288.41,1403.54,1691.95,17.4,15513.2,40529.1,2374.0,8694.512,3295.027,70631.588,3202402:13;3202444:351;3202445:346;3202446:340;3202447:353
111709.2737,1788878010.4632,6,288.41,1403.54,1691.95,17.6,15513.2,40529.1,2374.0,8695.228,3295.052,70631.588,3202402:13;3202444:351;3202445:346;3202446:340;3202447:353
111709.3869,1788878010.5764,6,288.41,1403.67,1692.07,0.0,15513.2,40529.1,2374.0,8695.859,3295.074,70631.588,3202402:13;3202444:351;3202445:346;3202446:340;3202447:353
111709.4978,1788878010.6873,6,288.41,1407.23,1695.64,43.5,15517.3,40524.9,2374.0,8696.686,3295.107,70631.588,3202402:13;3202444:354;3202445:347;3202446:341;3202447:353
111709.6130,1788878010.8025,6,288.41,1402.66,1691.07,63.5,15526.1,40516.2,2374.0,8697.595,3295.487,70631.588,3202402:13;3202444:353;3202445:344;3202446:341;3202447:351
111709.7226,1788878010.9122,6,288.41,1405.50,1693.90,36.3,15529.6,40512.6,2374.0,8698.414,3295.552,70631.588,3202402:13;3202444:354;3202445:344;3202446:342;3202447:351
111709.8333,1788878011.0228,6,288.41,1405.62,1694.03,9.1,15529.2,40513.0,2374.0,8698.972,3295.739,70631.588,3202402:13;3202444:354;3202445:344;3202446:342;3202447:351
111709.9428,1788878011.1324,6,288.41,1405.90,1694.31,18.2,15527.8,40514.4,2374.0,8699.676,3295.965,70631.588,3202402:13;3202444:354;3202445:344;3202446:342;3202447:351
111710.0533,1788878011.2428,6,288.41,1405.90,1694.31,0.0,15528.3,40514.0,2374.0,8700.174,3295.986,70631.588,3202402:13;3202444:354;3202445:344;3202446:342;3202447:351
111710.1666,1788878011.3561,6,288.41,1405.90,1694.31,9.0,15528.3,40514.0,2374.0,8701.122,3296.058,70631.588,3202402:13;3202444:354;3202445:344;3202446:342;3202447:351
111710.2780,1788878011.4675,6,288.41,1406.03,1694.43,17.8,15528.5,40513.7,2374.0,8701.618,3296.081,70631.588,3202402:13;3202444:354;3202445:344;3202446:343;3202447:351
111710.3901,1788878011.5797,6,288.41,1404.66,1693.07,18.2,15528.5,40513.7,2374.0,8702.533,3296.114,70631.588,3202402:13;3202444:354;3202445:343;3202446:343;3202447:351
111710.4999,1788878011.6894,6,288.41,1404.66,1693.07,9.1,15523.0,40519.3,2374.0,8703.045,3296.134,70631.588,3202402:13;3202444:354;3202445:343;3202446:343;3202447:351
111710.6099,1788878011.7994,6,288.53,1405.54,1694.07,8.9,15500.8,40541.5,2374.0,8703.976,3296.168,70631.588,3202402:13;3202444:355;3202445:343;3202446:343;3202447:351
111710.7216,1788878011.9111,6,288.53,1405.79,1694.32,9.1,15497.3,40544.9,2374.0,8704.451,3296.187,70631.588,3202402:13;3202444:355;3202445:343;3202446:343;3202447:351
111710.8315,1788878012.0210,6,288.53,1405.58,1694.11,26.8,15495.5,40546.7,2374.0,8705.398,3296.233,70631.588,3202402:13;3202444:355;3202445:344;3202446:343;3202447:350
111710.9438,1788878012.1334,6,288.53,1405.58,1694.11,0.0,15495.7,40546.5,2374.0,8705.843,3296.246,70631.588,3202402:13;3202444:355;3202445:344;3202446:343;3202447:350
111711.0548,1788878012.2444,6,288.53,1404.46,1692.99,26.8,15496.2,40546.0,2374.0,8706.818,3296.291,70631.588,3202402:13;3202444:355;3202445:343;3202446:343;3202447:350
111711.1670,1788878012.3565,6,288.53,1404.46,1692.99,0.0,15496.2,40546.0,2374.0,8707.168,3296.301,70631.588,3202402:13;3202444:355;3202445:343;3202446:343;3202447:350
111711.2782,1788878012.4677,6,288.53,1405.21,1693.74,9.2,15473.6,40568.6,2374.0,8708.251,3296.348,70631.588,3202402:13;3202444:355;3202445:343;3202446:343;3202447:350
111711.3886,1788878012.5781,6,288.53,1405.21,1693.74,8.9,15391.0,40651.2,2374.0,8708.481,3296.362,70631.650,3202402:13;3202444:355;3202445:343;3202446:343;3202447:350
111711.5007,1788878012.6902,6,288.53,1405.54,1694.07,36.0,15393.6,40648.6,2374.0,8709.633,3296.969,70631.717,3202402:13;3202444:356;3202445:343;3202446:343;3202447:351
111711.6114,1788878012.8009,6,288.53,1404.17,1692.70,17.3,15383.2,40659.0,2374.0,8709.743,3296.991,70631.717,3202402:13;3202444:356;3202445:343;3202446:341;3202447:351
111711.7268,1788878012.9163,6,288.53,1399.14,1687.67,62.4,15383.7,40658.5,2374.0,8710.279,3297.281,70631.717,3202402:13;3202444:351;3202445:343;3202446:341;3202447:351
111711.8393,1788878013.0288,6,288.53,1400.52,1689.05,17.6,15382.8,40659.5,2374.0,8710.449,3297.362,70631.717,3202402:13;3202444:352;3202445:343;3202446:341;3202447:351
111711.9523,1788878013.1418,6,288.53,1400.23,1688.76,45.1,15381.4,40660.8,2374.0,8711.175,3297.670,70631.717,3202402:13;3202444:352;3202445:343;3202446:342;3202447:350
111712.0652,1788878013.2547,6,288.53,1402.91,1691.44,25.9,15383.6,40658.6,2374.0,8711.330,3297.684,70631.717,3202402:13;3202444:353;3202445:343;3202446:343;3202447:350
111712.1789,1788878013.3685,6,288.53,1403.67,1692.20,81.9,15382.7,40659.6,2374.0,8712.447,3297.739,70631.717,3202402:13;3202444:353;3202445:343;3202446:346;3202447:349
111712.2890,1788878013.4785,6,288.53,1403.92,1692.45,0.0,15382.7,40659.6,2374.0,8712.509,3297.742,70631.717,3202402:13;3202444:353;3202445:343;3202446:346;3202447:349
111712.3990,1788878013.5886,6,288.53,1404.03,1692.56,36.0,15387.2,40655.1,2374.0,8713.572,3297.784,70631.717,3202402:13;3202444:353;3202445:343;3202446:347;3202447:348
111712.5109,1788878013.7004,6,288.53,1404.03,1692.56,9.1,15386.2,40656.0,2374.0,8713.666,3297.787,70631.717,3202402:13;3202444:353;3202445:343;3202446:347;3202447:348
111712.6208,1788878013.8103,6,288.53,1406.29,1694.82,61.0,15380.2,40662.0,2374.0,8715.001,3297.834,70631.717,3202402:13;3202444:351;3202445:343;3202446:347;3202447:351
111712.7353,1788878013.9249,6,288.53,1407.16,1695.69,9.0,15380.5,40661.8,2374.0,8715.031,3297.836,70631.717,3202402:13;3202444:352;3202445:343;3202446:347;3202447:351
111712.8460,1788878014.0355,6,288.53,1413.00,1701.54,106.5,15372.2,40670.0,2374.0,8716.250,3297.909,70631.717,3202402:13;3202444:353;3202445:347;3202446:348;3202447:352
111712.9584,1788878014.1479,6,288.53,1413.00,1701.54,0.0,15370.9,40671.3,2374.0,8716.250,3297.910,70631.717,3202402:13;3202444:353;3202445:347;3202446:348;3202447:352
111713.0707,1788878014.2602,6,288.53,1416.39,1704.93,99.4,15374.4,40667.8,2374.0,8717.454,3297.978,70631.717,3202402:13;3202444:355;3202445:347;3202446:349;3202447:352
111713.1816,1788878014.3712,6,288.53,1416.39,1704.93,9.0,15374.9,40667.4,2374.0,8717.454,3297.980,70631.717,3202402:13;3202444:355;3202445:347;3202446:349;3202447:352
111713.2921,1788878014.4817,6,288.53,1420.26,1708.79,54.0,15375.8,40666.4,2374.0,8718.759,3298.047,70631.717,3202402:13;3202444:356;3202445:349;3202446:349;3202447:353
111713.4032,1788878014.5928,6,288.53,1420.26,1708.79,9.1,15375.8,40666.4,2374.0,8718.759,3298.049,70631.717,3202402:13;3202444:356;3202445:349;3202446:349;3202447:353
111713.5130,1788878014.7025,6,288.53,1419.97,1708.50,118.7,15376.3,40665.9,2374.0,8719.751,3298.112,70631.717,3202402:13;3202444:356;3202445:351;3202446:347;3202447:353
111713.6227,1788878014.8122,6,288.53,1420.89,1709.43,26.8,15376.3,40665.9,2374.0,8719.754,3298.117,70631.717,3202402:13;3202444:356;3202445:351;3202446:348;3202447:353
111713.7348,1788878014.9243,6,288.53,1421.00,1709.54,170.5,15380.8,40661.4,2374.0,8720.766,3298.200,70631.717,3202402:13;3202444:361;3202445:350;3202446:347;3202447:351
111713.8463,1788878015.0358,6,288.53,1421.25,1709.79,0.0,15380.8,40661.4,2374.0,8720.909,3298.204,70631.717,3202402:13;3202444:361;3202445:350;3202446:347;3202447:351
111713.9571,1788878015.1467,6,288.53,1425.74,1714.27,152.1,15405.4,40636.9,2374.0,8722.043,3298.295,70631.717,3202402:13;3202444:359;3202445:350;3202446:351;3202447:353
111714.0687,1788878015.2583,6,288.53,1425.99,1714.52,17.8,15405.4,40636.8,2374.0,8722.243,3298.307,70631.717,3202402:13;3202444:359;3202445:350;3202446:351;3202447:353
111714.1804,1788878015.3700,6,288.53,1427.77,1716.30,17.4,15405.4,40636.8,2374.0,8723.136,3298.337,70631.717,3202402:13;3202444:359;3202445:351;3202446:351;3202447:354
111714.2952,1788878015.4848,6,288.53,1429.63,1718.16,17.8,15405.4,40636.9,2374.0,8723.229,3298.353,70631.717,3202402:13;3202444:359;3202445:352;3202446:351;3202447:354
111714.4069,1788878015.5965,6,288.53,1433.27,1721.80,109.6,15403.9,40638.3,2374.0,8724.095,3298.421,70631.717,3202402:13;3202444:359;3202445:357;3202446:351;3202447:353
111714.5160,1788878015.7055,6,288.53,1433.65,1722.18,35.3,15399.9,40642.3,2374.0,8724.265,3298.438,70631.717,3202402:13;3202444:359;3202445:357;3202446:351;3202447:353
111714.6294,1788878015.8189,6,288.53,1438.05,1726.58,118.9,15404.4,40637.9,2374.0,8725.192,3298.510,70631.717,3202402:13;3202444:361;3202445:359;3202446:351;3202447:353
111714.7385,1788878015.9281,6,288.53,1438.43,1726.96,18.2,15404.4,40637.9,2374.0,8725.424,3298.521,70631.717,3202402:13;3202444:362;3202445:359;3202446:351;3202447:353
111714.8499,1788878016.0394,6,288.53,1445.43,1733.96,99.0,15408.8,40633.4,2374.0,8726.157,3298.577,70631.717,3202402:13;3202444:366;3202445:361;3202446:350;3202447:355
111714.9590,1788878016.1485,6,288.53,1444.46,1733.00,17.8,15408.8,40633.4,2374.0,8726.495,3298.599,70631.717,3202402:13;3202444:364;3202445:361;3202446:350;3202447:355
111715.0717,1788878016.2612,6,288.53,1448.49,1737.02,126.8,15410.2,40632.0,2374.0,8727.322,3298.686,70631.717,3202402:13;3202444:367;3202445:361;3202446:351;3202447:357
111715.1823,1788878016.3718,6,288.53,1448.95,1737.48,63.0,15410.9,40631.3,2374.0,8727.527,3298.711,70631.717,3202402:13;3202444:367;3202445:361;3202446:351;3202447:357
111715.2932,1788878016.4827,6,288.53,1459.57,1748.10,209.9,15433.4,40608.8,2374.0,8728.528,3298.800,70631.717,3202402:13;3202444:366;3202445:362;3202446:353;3202447:366
111715.4027,1788878016.5923,6,288.53,1462.24,1750.77,45.7,15433.5,40608.7,2374.0,8729.630,3298.868,70631.717,3202402:13;3202444:366;3202445:363;3202446:355;3202447:365
111715.5122,1788878016.7017,6,288.53,1469.14,1757.67,64.4,15434.2,40608.0,2374.0,8730.607,3298.908,70631.717,3202402:13;3202444:366;3202445:368;3202446:356;3202447:366
111715.6208,1788878016.8104,6,288.53,1469.79,1758.32,54.2,15439.0,40603.3,2374.0,8730.861,3298.934,70631.717,3202402:13;3202444:366;3202445:369;3202446:356;3202447:366
111715.7315,1788878016.9210,6,288.53,1469.49,1758.02,107.9,15439.0,40603.3,2374.0,8731.895,3299.035,70631.717,3202402:13;3202444:367;3202445:368;3202446:356;3202447:365
111715.8427,1788878017.0322,6,288.53,1470.83,1759.36,27.0,15439.0,40603.3,2374.0,8732.224,3299.052,70631.717,3202402:13;3202444:367;3202445:369;3202446:357;3202447:365
111715.9533,1788878017.1428,6,288.53,1470.61,1759.14,45.0,15438.9,40603.3,2374.0,8733.215,3299.094,70631.717,3202402:13;3202444:365;3202445:370;3202446:357;3202447:365
111716.0647,1788878017.2542,6,288.53,1471.37,1759.90,36.3,15439.0,40603.2,2374.0,8733.503,3299.114,70631.717,3202402:13;3202444:365;3202445:370;3202446:358;3202447:366
111716.1747,1788878017.3642,6,288.53,1473.24,1761.77,18.0,15439.9,40602.3,2374.0,8734.428,3299.145,70631.717,3202402:13;3202444:365;3202445:371;3202446:358;3202447:366
111716.2865,1788878017.4761,6,288.53,1486.68,1775.21,98.2,15467.3,40574.9,2374.0,8734.695,3299.167,70631.717,3202402:13;3202444:365;3202445:369;3202446:362;3202447:377
111716.3983,1788878017.5878,6,288.53,1474.43,1762.96,91.3,15456.9,40585.3,2374.0,8735.499,3299.241,70631.717,3202402:13;3202444:366;3202445:363;3202446:362;3202447:369
111716.5076,1788878017.6971,6,288.53,1475.43,1763.96,18.0,15456.9,40585.3,2374.0,8735.812,3299.255,70631.717,3202402:13;3202444:366;3202445:364;3202446:362;3202447:369
111716.6189,1788878017.8084,6,288.53,1478.78,1767.31,127.5,15458.3,40583.9,2374.0,8736.602,3299.329,70631.717,3202402:13;3202444:369;3202445:365;3202446:363;3202447:370
111716.7286,1788878017.9182,6,288.53,1481.03,1769.56,9.0,15459.1,40583.1,2374.0,8737.269,3299.359,70631.717,3202402:13;3202444:369;3202445:366;3202446:363;3202447:370
111716.8396,1788878018.0292,6,288.53,1483.87,1772.40,90.3,15460.3,40581.9,2374.0,8737.664,3299.422,70631.717,3202402:13;3202444:369;3202445:365;3202446:363;3202447:374
111716.9500,1788878018.1395,6,288.53,1489.80,1778.33,81.0,15459.9,40582.3,2374.0,8737.934,3299.451,70631.717,3202402:13;3202444:372;3202445:365;3202446:365;3202447:374
111717.0621,1788878018.2516,6,288.53,1491.34,1779.87,100.1,15476.5,40565.7,2374.0,8738.516,3299.528,70631.717,3202402:13;3202444:372;3202445:367;3202446:365;3202447:374
111717.1709,1788878018.3604,6,288.53,1491.81,1780.34,36.0,15476.4,40565.8,2374.0,8738.951,3299.546,70631.717,3202402:13;3202444:372;3202445:367;3202446:365;3202447:375
111717.2818,1788878018.4713,6,288.53,1493.56,1782.09,36.1,15476.6,40565.6,2374.0,8739.849,3299.599,70631.717,3202402:13;3202444:372;3202445:368;3202446:365;3202447:375
111717.3928,1788878018.5823,6,288.53,1490.84,1779.37,36.4,15476.8,40565.4,2374.0,8740.261,3299.639,70631.717,3202402:13;3202444:371;3202445:368;3202446:363;3202447:376
111717.5029,1788878018.6924,6,288.53,1493.57,1782.11,27.3,15476.8,40565.4,2374.0,8741.137,3299.674,70631.717,3202402:13;3202444:372;3202445:368;3202446:364;3202447:376
111717.6124,1788878018.8019,6,288.53,1492.80,1781.33,63.7,15477.4,40564.9,2374.0,8741.564,3299.696,70631.717,3202402:13;3202444:372;3202445:367;3202446:364;3202447:376
111717.7225,1788878018.9120,6,288.53,1495.44,1783.97,54.0,15477.9,40564.4,2374.0,8742.381,3299.745,70631.717,3202402:13;3202444:372;3202445:369;3202446:364;3202447:377
111717.8338,1788878019.0233,6,288.53,1497.68,1786.21,18.1,15477.9,40564.4,2374.0,8742.773,3299.764,70631.717,3202402:13;3202444:372;3202445:371;3202446:364;3202447:377
111717.9456,1788878019.1351,6,288.53,1495.66,1784.19,135.0,15473.3,40568.9,2374.0,8743.585,3299.834,70631.717,3202402:13;3202444:372;3202445:371;3202446:366;3202447:375
111718.0549,1788878019.2444,6,288.53,1495.78,1784.31,9.0,15473.6,40568.6,2374.0,8744.046,3299.870,70631.717,3202402:13;3202444:372;3202445:371;3202446:366;3202447:375
111718.1665,1788878019.3560,6,288.53,1497.04,1785.57,54.6,15474.2,40568.1,2374.0,8745.107,3299.921,70631.717,3202402:13;3202444:372;3202445:371;3202446:366;3202447:375
111718.2762,1788878019.4658,6,288.53,1499.30,1787.83,45.5,15495.3,40546.9,2374.0,8746.316,3299.964,70631.717,3202402:13;3202444:372;3202445:371;3202446:367;3202447:377
111718.3863,1788878019.5759,6,288.53,1499.97,1788.50,109.5,15505.6,40536.7,2374.0,8746.846,3300.037,70631.717,3202402:13;3202444:372;3202445:370;3202446:368;3202447:377
111718.4958,1788878019.6853,6,288.53,1500.00,1788.53,81.6,15505.8,40536.4,2374.0,8747.377,3300.069,70631.717,3202402:13;3202444:372;3202445:369;3202446:367;3202447:379
111718.6062,1788878019.7957,6,288.53,1498.18,1786.71,143.5,15504.6,40537.7,2374.0,8747.983,3300.152,70631.717,3202402:13;3202444:371;3202445:369;3202446:366;3202447:380
111718.7174,1788878019.9070,6,288.53,1498.39,1786.92,8.9,15507.8,40534.5,2374.0,8748.517,3300.180,70631.717,3202402:13;3202444:371;3202445:369;3202446:366;3202447:380
111718.8307,1788878020.0202,6,288.53,1499.26,1787.79,27.3,15490.0,40552.2,2374.0,8749.292,3300.198,70631.717,3202402:13;3202444:371;3202445:369;3202446:366;3202447:380
111718.9404,1788878020.1299,6,288.53,1500.33,1788.86,70.9,15495.6,40546.7,2374.0,8750.037,3300.627,70631.717,3202402:13;3202444:372;3202445:368;3202446:367;3202447:380
111719.0531,1788878020.2426,6,288.53,1500.80,1789.33,45.7,15496.6,40545.6,2374.0,8750.436,3300.915,70631.717,3202402:13;3202444:372;3202445:368;3202446:368;3202447:380
111719.1630,1788878020.3525,6,288.53,1501.67,1790.20,18.2,15488.1,40554.1,2374.0,8750.763,3301.011,70631.717,3202402:13;3202444:372;3202445:369;3202446:369;3202447:380
111719.2727,1788878020.4623,6,288.53,1510.59,1799.12,127.0,15493.8,40548.4,2374.0,8751.424,3301.074,70631.717,3202402:13;3202444:372;3202445:369;3202446:374;3202447:382
111719.3831,1788878020.5726,6,288.53,1512.10,1800.63,82.0,15487.8,40554.4,2374.0,8751.887,3301.119,70631.717,3202402:13;3202444:372;3202445:369;3202446:375;3202447:383
111719.4926,1788878020.6821,6,288.53,1530.17,1818.70,201.0,15520.0,40522.3,2374.0,8752.681,3301.229,70631.717,3202402:13;3202444:378;3202445:370;3202446:375;3202447:394
111719.6019,1788878020.7914,6,288.53,1530.48,1819.01,91.7,15519.9,40522.4,2374.0,8753.215,3301.281,70631.717,3202402:13;3202444:378;3202445:370;3202446:376;3202447:394
111719.7110,1788878020.9005,6,288.53,1534.27,1822.80,114.3,15523.0,40519.2,2374.0,8753.971,3301.326,70631.717,3202402:13;3202444:378;3202445:373;3202446:376;3202447:394
111719.8266,1788878021.0161,6,288.53,1535.27,1823.80,44.6,15522.2,40520.0,2374.0,8754.501,3301.374,70631.717,3202402:13;3202444:379;3202445:373;3202446:376;3202447:395
111719.9367,1788878021.1263,6,288.53,1540.29,1828.82,36.0,15522.6,40519.6,2374.0,8755.171,3301.403,70631.717,3202402:13;3202444:379;3202445:373;3202446:380;3202447:395
111720.0479,1788878021.2374,6,288.53,1542.10,1830.63,36.3,15517.6,40524.6,2374.0,8756.017,3301.447,70631.717,3202402:13;3202444:379;3202445:373;3202446:380;3202447:396
111720.1596,1788878021.3491,6,288.53,1542.37,1830.90,36.1,15518.8,40523.4,2374.0,8756.708,3301.479,70631.717,3202402:13;3202444:379;3202445:373;3202446:381;3202447:395
111720.2687,1788878021.4583,6,288.53,1541.41,1829.94,100.0,15515.6,40526.6,2374.0,8757.254,3301.530,70631.717,3202402:13;3202444:376;3202445:376;3202446:383;3202447:394
111720.3789,1788878021.5684,6,288.53,1541.54,1830.07,54.0,15516.6,40525.7,2374.0,8757.950,3301.567,70631.717,3202402:13;3202444:376;3202445:376;3202446:383;3202447:394
111720.4900,1788878021.6796,6,288.53,1542.61,1831.14,35.6,15517.8,40524.4,2374.0,8758.584,3301.601,70631.717,3202402:13;3202444:376;3202445:376;3202446:383;3202447:394
111720.6022,1788878021.7917,6,288.53,1545.05,1833.58,89.8,15575.4,40466.8,2374.0,8759.300,3301.656,70631.717,3202402:13;3202444:377;3202445:375;3202446:385;3202447:394
111720.7136,1788878021.9031,6,288.53,1552.76,1841.29,151.8,15554.3,40487.9,2374.0,8760.540,3302.295,70631.717,3202402:13;3202444:384;3202445:375;3202446:386;3202447:394
111720.8252,1788878022.0148,6,288.53,1557.90,1846.43,100.1,15574.6,40467.6,2374.0,8761.178,3302.387,70631.717,3202402:13;3202444:380;3202445:383;3202446:386;3202447:396
111720.9350,1788878022.1246,6,288.53,1556.02,1844.55,117.5,15603.4,40438.8,2374.0,8761.739,3302.665,70631.717,3202402:13;3202444:375;3202445:386;3202446:385;3202447:396
111721.0459,1788878022.2354,6,288.53,1557.02,1845.55,18.3,15595.3,40446.9,2374.0,8762.050,3302.853,70631.717,3202402:13;3202444:375;3202445:387;3202446:386;3202447:396
111721.1552,1788878022.3447,6,288.53,1556.95,1845.48,54.8,15575.7,40466.6,2374.0,8762.678,3303.069,70631.717,3202402:13;3202444:375;3202445:387;3202446:386;3202447:396
111721.2651,1788878022.4547,6,288.53,1557.70,1846.23,36.4,15592.0,40450.2,2374.0,8763.234,3303.108,70631.717,3202402:13;3202444:376;3202445:386;3202446:386;3202447:396
111721.3751,1788878022.5646,6,288.53,1557.80,1846.33,45.6,15596.3,40446.0,2374.0,8763.827,3303.136,70631.717,3202402:13;3202444:376;3202445:386;3202446:386;3202447:396
111721.4847,1788878022.6742,6,288.53,1559.84,1848.38,63.0,15597.2,40445.0,2374.0,8764.385,3303.170,70631.717,3202402:13;3202444:376;3202445:387;3202446:387;3202447:397
111721.5963,1788878022.7858,6,288.53,1559.91,1848.44,81.3,15592.0,40450.3,2374.0,8765.089,3303.224,70631.717,3202402:13;3202444:376;3202445:388;3202446:388;3202447:395
111721.7067,1788878022.8962,6,288.53,1558.85,1847.38,117.6,15608.7,40433.6,2374.0,8765.719,3303.275,70631.717,3202402:13;3202444:376;3202445:385;3202446:389;3202447:396
111721.8172,1788878023.0068,6,288.53,1559.38,1847.91,73.2,15608.2,40434.0,2374.0,8766.451,3303.341,70631.717,3202402:13;3202444:376;3202445:385;3202446:390;3202447:396
111721.9265,1788878023.1160,6,288.53,1564.12,1852.66,45.5,15606.2,40436.0,2374.0,8767.131,3303.382,70631.717,3202402:13;3202444:377;3202445:388;3202446:390;3202447:396
111722.0362,1788878023.2258,6,288.53,1567.86,1856.39,154.1,15592.8,40449.4,2374.0,8768.280,3303.467,70631.736,3202402:13;3202444:380;3202445:388;3202446:391;3202447:395
111722.1468,1788878023.3363,6,288.53,1568.18,1856.71,35.1,15593.8,40448.4,2374.0,8768.852,3303.488,70631.736,3202402:13;3202444:380;3202445:389;3202446:391;3202447:395
111722.2607,1788878023.4502,6,288.53,1575.64,1864.17,136.0,15598.6,40443.6,2374.0,8769.650,3303.550,70631.736,3202402:13;3202444:384;3202445:392;3202446:392;3202447:395
111722.3714,1788878023.5610,6,288.53,1577.26,1865.79,43.5,15598.7,40443.5,2374.0,8770.191,3303.610,70631.736,3202402:13;3202444:385;3202445:392;3202446:392;3202447:396
111722.4860,1788878023.6755,6,288.53,1579.70,1868.23,44.5,15599.2,40443.1,2374.0,8771.073,3303.641,70631.736,3202402:13;3202444:385;3202445:393;3202446:393;3202447:396
111722.5988,1788878023.7883,6,288.53,1578.52,1867.05,45.9,15599.9,40442.4,2374.0,8771.494,3303.666,70631.736,3202402:13;3202444:385;3202445:392;3202446:393;3202447:396
111722.7076,1788878023.8971,6,288.53,1579.88,1868.41,45.5,15600.4,40441.9,2374.0,8772.313,3303.714,70631.736,3202402:13;3202444:385;3202445:393;3202446:392;3202447:396
111722.8177,1788878024.0072,6,288.53,1581.30,1869.83,36.4,15593.0,40449.2,2374.0,8772.802,3303.739,70631.736,3202402:13;3202444:386;3202445:393;3202446:392;3202447:397
111722.9277,1788878024.1172,6,288.53,1582.43,1870.96,26.1,15591.7,40450.5,2374.0,8773.744,3303.770,70631.736,3202402:13;3202444:386;3202445:393;3202446:392;3202447:398
111723.0429,1788878024.2324,6,288.53,1583.31,1871.84,18.1,15575.6,40466.6,2374.0,8774.115,3303.784,70631.736,3202402:13;3202444:386;3202445:392;3202446:394;3202447:398
111723.1534,1788878024.3429,6,288.53,1580.16,1868.69,97.9,15575.2,40467.1,2374.0,8775.071,3303.855,70631.736,3202402:13;3202444:387;3202445:392;3202446:392;3202447:397
111723.2656,1788878024.4551,6,288.53,1580.30,1868.84,18.2,15592.1,40450.1,2374.0,8776.062,3304.462,70631.736,3202402:13;3202444:387;3202445:392;3202446:392;3202447:397
111723.3759,1788878024.5655,6,288.53,1579.69,1868.22,99.1,15551.6,40490.6,2374.0,8776.999,3304.623,70631.736,3202402:13;3202444:388;3202445:389;3202446:392;3202447:397
111723.4868,1788878024.6764,6,288.53,1581.43,1869.96,27.5,15552.1,40490.1,2374.0,8777.196,3304.747,70632.049,3202402:13;3202444:390;3202445:390;3202446:392;3202447:397
111723.5961,1788878024.7856,6,288.53,1584.87,1873.40,72.7,15540.7,40501.5,2374.0,8778.091,3305.065,70632.049,3202402:13;3202444:390;3202445:391;3202446:392;3202447:399
111723.7063,1788878024.8958,6,288.53,1585.82,1874.35,9.0,15540.7,40501.5,2374.0,8778.334,3305.197,70632.049,3202402:13;3202444:390;3202445:391;3202446:393;3202447:399
111723.8173,1788878025.0069,6,288.53,1588.01,1876.54,44.3,15542.4,40499.8,2374.0,8779.430,3305.280,70632.049,3202402:13;3202444:391;3202445:391;3202446:394;3202447:399
111723.9308,1788878025.1204,6,288.53,1586.99,1875.52,36.0,15542.9,40499.3,2374.0,8779.707,3305.289,70632.049,3202402:13;3202444:390;3202445:391;3202446:394;3202447:399
111724.0409,1788878025.2305,6,288.53,1590.90,1879.43,99.7,15545.8,40496.5,2374.0,8780.558,3305.346,70632.049,3202402:13;3202444:390;3202445:392;3202446:394;3202447:402
111724.1516,1788878025.3411,6,288.53,1592.11,1880.64,36.5,15563.4,40478.9,2374.0,8780.899,3305.375,70632.049,3202402:13;3202444:390;3202445:392;3202446:393;3202447:404
111724.2608,1788878025.4503,6,288.53,1595.78,1884.31,91.0,15566.4,40475.8,2374.0,8781.941,3305.451,70632.049,3202402:13;3202444:393;3202445:392;3202446:393;3202447:404
111724.3709,1788878025.5604,6,288.53,1595.36,1883.89,54.7,15578.3,40463.9,2374.0,8782.297,3305.479,70632.049,3202402:13;3202444:394;3202445:392;3202446:389;3202447:407
111724.4803,1788878025.6699,6,288.53,1603.66,1892.19,127.4,15580.8,40461.4,2374.0,8783.320,3305.562,70632.049,3202402:13;3202444:394;3202445:393;3202446:394;3202447:410
111724.5904,1788878025.7799,6,288.53,1604.79,1893.32,127.3,15586.6,40455.6,2374.0,8784.432,3305.650,70632.049,3202402:13;3202444:395;3202445:393;3202446:393;3202447:410
111724.7004,1788878025.8899,6,288.53,1603.87,1892.40,45.0,15586.0,40456.3,2374.0,8785.845,3305.708,70632.049,3202402:13;3202444:396;3202445:395;3202446:394;3202447:407
111724.8116,1788878026.0012,6,288.53,1602.52,1891.05,27.3,15586.3,40456.0,2374.0,8786.161,3305.723,70632.049,3202402:13;3202444:393;3202445:395;3202446:394;3202447:408
111724.9217,1788878026.1112,6,288.53,1606.12,1894.66,128.0,15585.6,40456.6,2374.0,8787.049,3305.809,70632.049,3202402:13;3202444:391;3202445:397;3202446:396;3202447:408
111725.0311,1788878026.2207,6,288.53,1606.38,1894.91,18.0,15585.8,40456.4,2374.0,8787.348,3305.823,70632.049,3202402:13;3202444:391;3202445:397;3202446:396;3202447:409
111725.1427,1788878026.3322,6,288.53,1612.30,1900.83,154.7,15587.9,40454.3,2374.0,8788.377,3305.911,70632.049,3202402:13;3202444:393;3202445:400;3202446:396;3202447:409
111725.2525,1788878026.4421,6,288.53,1615.28,1903.81,46.0,15590.5,40451.8,2374.0,8788.672,3305.944,70632.049,3202402:13;3202444:394;3202445:401;3202446:397;3202447:410
111725.3617,1788878026.5512,6,288.53,1614.05,1902.58,90.9,15580.5,40461.8,2374.0,8789.576,3305.990,70632.049,3202402:13;3202444:395;3202445:401;3202446:396;3202447:410
111725.4719,1788878026.6614,6,288.53,1614.43,1902.96,9.0,15580.3,40461.9,2374.0,8789.889,3306.016,70632.049,3202402:13;3202444:395;3202445:401;3202446:396;3202447:410
111725.5829,1788878026.7724,6,288.53,1617.36,1905.89,109.3,15583.0,40459.3,2374.0,8790.711,3306.100,70632.053,3202402:13;3202444:395;3202445:402;3202446:396;3202447:411
111725.6934,1788878026.8830,6,288.53,1617.44,1905.97,27.3,15583.7,40458.5,2374.0,8791.006,3306.115,70632.053,3202402:13;3202444:395;3202445:403;3202446:396;3202447:411
111725.8026,1788878026.9922,6,288.53,1618.76,1907.29,82.6,15585.9,40456.4,2374.0,8791.939,3306.174,70632.053,3202402:13;3202444:395;3202445:402;3202446:399;3202447:410
111725.9120,1788878027.1015,6,288.53,1625.73,1914.26,63.7,15606.3,40435.9,2374.0,8792.225,3306.182,70632.053,3202402:13;3202444:395;3202445:402;3202446:405;3202447:410
111726.0218,1788878027.2114,6,288.53,1628.43,1916.96,80.5,15605.0,40437.2,2374.0,8792.941,3306.246,70632.053,3202402:13;3202444:395;3202445:403;3202446:407;3202447:411
111726.1332,1788878027.3228,6,288.53,1628.86,1917.39,99.9,15608.3,40433.9,2374.0,8793.528,3306.300,70632.053,3202402:13;3202444:395;3202445:403;3202446:407;3202447:411
111726.2437,1788878027.4332,6,288.53,1631.25,1919.79,72.2,15609.5,40432.7,2374.0,8794.518,3306.391,70632.053,3202402:13;3202444:396;3202445:403;3202446:407;3202447:412
111726.3542,1788878027.5437,6,288.53,1632.29,1920.82,36.0,15611.2,40431.0,2374.0,8794.776,3306.438,70632.053,3202402:13;3202444:396;3202445:403;3202446:407;3202447:412
111726.4656,1788878027.6552,6,288.53,1632.09,1920.62,82.2,15611.1,40431.1,2373.8,8795.861,3306.528,70632.252,3202402:13;3202444:395;3202445:405;3202446:408;3202447:411
111726.5751,1788878027.7646,6,288.53,1634.85,1923.38,45.1,15612.8,40429.4,2373.8,8796.115,3306.552,70632.252,3202402:13;3202444:397;3202445:405;3202446:408;3202447:411
111726.6859,1788878027.8755,6,288.53,1635.10,1923.63,45.8,15613.8,40428.4,2373.8,8797.047,3306.585,70632.252,3202402:13;3202444:396;3202445:406;3202446:408;3202447:412
111726.7952,1788878027.9848,6,288.53,1636.68,1925.21,27.4,15613.8,40428.4,2373.8,8797.312,3306.607,70632.252,3202402:13;3202444:398;3202445:406;3202446:408;3202447:412
111726.9045,1788878028.0941,6,288.53,1639.94,1928.47,90.9,15603.8,40438.4,2373.8,8798.264,3306.659,70632.252,3202402:13;3202444:399;3202445:402;3202446:412;3202447:413
111727.0149,1788878028.2045,6,288.53,1639.94,1928.47,9.0,15604.1,40438.1,2373.8,8798.540,3306.666,70632.252,3202402:13;3202444:399;3202445:402;3202446:412;3202447:413
111727.1261,1788878028.3157,6,288.53,1643.52,1932.05,90.5,15612.9,40429.3,2373.8,8799.421,3306.712,70632.252,3202402:13;3202444:399;3202445:404;3202446:412;3202447:415
111727.2365,1788878028.4261,6,288.53,1639.51,1928.04,99.0,15616.5,40425.8,2373.8,8799.566,3306.731,70632.252,3202402:13;3202444:397;3202445:403;3202446:412;3202447:414
111727.3475,1788878028.5370,6,288.53,1640.73,1929.27,55.1,15616.7,40425.5,2373.8,8800.570,3306.782,70632.252,3202402:13;3202444:397;3202445:403;3202446:413;3202447:414
111727.4566,1788878028.6461,6,288.53,1643.59,1932.12,27.5,15616.9,40425.3,2373.8,8800.807,3306.791,70632.252,3202402:13;3202444:400;3202445:403;3202446:413;3202447:414
111727.5656,1788878028.7551,6,288.66,1644.77,1933.43,45.6,15618.1,40424.1,2373.8,8801.785,3306.847,70632.252,3202402:13;3202444:402;3202445:403;3202446:414;3202447:413
111727.6762,1788878028.8657,6,288.66,1646.06,1934.71,27.0,15618.3,40423.9,2373.8,8802.030,3306.864,70632.252,3202402:13;3202444:402;3202445:403;3202446:414;3202447:414
111727.7866,1788878028.9761,6,288.66,1650.72,1939.38,100.1,15622.3,40419.9,2373.8,8803.094,3306.926,70632.252,3202402:13;3202444:403;3202445:406;3202446:414;3202447:415
111727.8968,1788878029.0863,6,288.66,1653.86,1942.51,17.8,15625.4,40416.8,2373.8,8803.347,3306.938,70632.252,3202402:13;3202444:403;3202445:406;3202446:415;3202447:417
111728.0084,1788878029.1980,6,288.66,1655.23,1943.89,18.4,15625.9,40416.3,2373.8,8804.208,3306.965,70632.252,3202402:13;3202444:404;3202445:406;3202446:415;3202447:417
111728.1172,1788878029.3068,6,288.66,1655.48,1944.14,9.2,15625.9,40416.3,2373.8,8804.442,3306.977,70632.252,3202402:13;3202444:404;3202445:407;3202446:415;3202447:417
111728.2260,1788878029.4156,6,288.66,1656.87,1945.52,27.6,15624.4,40417.8,2373.8,8805.375,3307.013,70632.252,3202402:13;3202444:404;3202445:408;3202446:415;3202447:417
111728.3360,1788878029.5256,6,288.66,1657.62,1946.27,0.0,15624.4,40417.8,2373.8,8805.649,3307.019,70632.260,3202402:13;3202444:404;3202445:408;3202446:415;3202447:417
111728.4463,1788878029.6358,6,288.66,1656.77,1945.42,72.9,15620.9,40421.3,2373.8,8806.516,3307.065,70632.260,3202402:13;3202444:404;3202445:407;3202446:416;3202447:417
111728.5561,1788878029.7456,6,288.66,1656.89,1945.55,9.0,15621.2,40421.0,2373.8,8806.777,3307.073,70632.260,3202402:13;3202444:404;3202445:407;3202446:416;3202447:417
111728.6671,1788878029.8566,6,288.66,1661.98,1950.64,55.0,15628.4,40413.8,2373.8,8807.374,3307.116,70632.334,3202402:13;3202444:406;3202445:410;3202446:415;3202447:417
111728.7763,1788878029.9659,6,288.66,1656.71,1945.36,45.3,15634.4,40407.8,2373.8,8807.467,3307.128,70632.334,3202402:13;3202444:404;3202445:408;3202446:415;3202447:416
111728.8868,1788878030.0764,6,288.66,1657.80,1946.45,45.5,15632.9,40409.3,2373.8,8808.285,3307.177,70632.334,3202402:13;3202444:405;3202445:408;3202446:416;3202447:417
111728.9966,1788878030.1861,6,288.66,1659.32,1947.98,18.2,15632.9,40409.3,2373.8,8808.530,3307.186,70632.334,3202402:13;3202444:405;3202445:408;3202446:416;3202447:418
111729.1064,1788878030.2959,6,288.66,1661.64,1950.30,9.2,15632.9,40409.3,2373.8,8809.475,3307.216,70632.334,3202402:13;3202444:405;3202445:409;3202446:416;3202447:419
111729.2158,1788878030.4053,6,288.66,1662.14,1950.80,0.0,15623.3,40418.9,2373.8,8809.578,3307.225,70632.443,3202402:13;3202444:405;3202445:410;3202446:416;3202447:419
111729.3267,1788878030.5162,6,288.66,1662.23,1950.89,72.8,15623.8,40418.5,2373.8,8810.382,3307.290,70632.443,3202402:13;3202444:406;3202445:407;3202446:417;3202447:419
111729.4361,1788878030.6256,6,288.66,1662.61,1951.27,27.3,15623.8,40418.5,2373.8,8810.629,3307.300,70632.443,3202402:13;3202444:406;3202445:407;3202446:417;3202447:420
111729.5462,1788878030.7358,6,288.66,1672.24,1960.89,118.0,15636.0,40406.3,2373.8,8811.334,3307.340,70632.443,3202402:13;3202444:407;3202445:407;3202446:417;3202447:428
111729.6562,1788878030.8457,6,288.66,1672.13,1960.79,9.2,15636.2,40406.0,2373.8,8811.615,3307.360,70632.443,3202402:13;3202444:406;3202445:407;3202446:418;3202447:428
111729.7651,1788878030.9546,6,288.66,1673.45,1962.10,82.2,15637.7,40404.5,2373.8,8812.562,3307.406,70632.525,3202402:13;3202444:406;3202445:408;3202446:419;3202447:428
111729.8748,1788878031.0643,6,288.66,1674.70,1963.35,18.2,15638.1,40404.1,2373.8,8812.761,3307.429,70632.525,3202402:13;3202444:406;3202445:408;3202446:420;3202447:428
111729.9854,1788878031.1750,6,288.66,1671.95,1960.61,207.4,15660.7,40381.5,2373.8,8813.646,3307.497,70632.525,3202402:13;3202444:401;3202445:408;3202446:426;3202447:423
111730.0968,1788878031.2863,6,288.66,1672.43,1961.09,9.1,15660.4,40381.8,2373.8,8813.905,3307.511,70632.525,3202402:13;3202444:401;3202445:409;3202446:426;3202447:423
111730.2057,1788878031.3952,6,288.66,1674.31,1962.96,98.9,15661.1,40381.1,2373.8,8814.642,3307.589,70632.525,3202402:13;3202444:403;3202445:409;3202446:426;3202447:423
111730.3170,1788878031.5065,6,288.66,1674.68,1963.34,9.2,15661.1,40381.1,2373.8,8814.880,3307.599,70632.525,3202402:13;3202444:403;3202445:409;3202446:426;3202447:424
111730.4259,1788878031.6154,6,288.66,1678.23,1966.89,45.6,15661.1,40381.1,2373.8,8815.934,3307.640,70632.525,3202402:13;3202444:403;3202445:411;3202446:427;3202447:424
111730.5353,1788878031.7249,6,288.66,1678.98,1967.64,27.3,15661.6,40380.6,2373.8,8816.154,3307.653,70632.525,3202402:13;3202444:403;3202445:412;3202446:427;3202447:424
111730.6467,1788878031.8362,6,288.66,1684.89,1973.55,108.1,15663.1,40379.1,2373.8,8817.156,3307.713,70632.525,3202402:13;3202444:403;3202445:411;3202446:431;3202447:427
111730.7559,1788878031.9454,6,288.66,1685.64,1974.29,36.4,15663.3,40378.9,2373.5,8817.415,3307.741,70632.568,3202402:13;3202444:404;3202445:411;3202446:432;3202447:426
111730.8651,1788878032.0547,6,288.66,1684.26,1972.92,90.6,15659.8,40382.4,2373.5,8818.528,3307.815,70632.568,3202402:13;3202444:403;3202445:412;3202446:432;3202447:423
111730.9756,1788878032.1651,6,288.66,1684.26,1972.92,9.0,15659.8,40382.4,2373.5,8818.824,3307.832,70632.568,3202402:13;3202444:403;3202445:412;3202446:432;3202447:423
111731.0865,1788878032.2760,6,288.66,1685.23,1973.89,90.0,15659.1,40383.1,2373.5,8819.868,3307.893,70632.568,3202402:13;3202444:403;3202445:413;3202446:432;3202447:425
111731.1977,1788878032.3872,6,288.66,1684.19,1972.85,35.6,15659.4,40382.9,2373.5,8820.095,3307.913,70632.568,3202402:13;3202444:403;3202445:413;3202446:430;3202447:425
111731.3104,1788878032.5000,6,288.66,1685.88,1974.54,45.0,15659.4,40382.9,2373.5,8821.192,3307.956,70632.568,3202402:13;3202444:404;3202445:413;3202446:431;3202447:426
111731.4207,1788878032.6102,6,288.66,1685.62,1974.28,0.0,15659.6,40382.6,2373.5,8821.388,3307.965,70632.568,3202402:13;3202444:404;3202445:413;3202446:431;3202447:425
111731.5302,1788878032.7198,6,288.66,1691.99,1980.65,127.4,15663.4,40378.8,2373.5,8822.374,3308.040,70632.568,3202402:13;3202444:408;3202445:413;3202446:432;3202447:426
111731.6402,1788878032.8297,6,288.66,1690.10,1978.75,27.0,15663.4,40378.8,2373.5,8822.531,3308.057,70632.568,3202402:13;3202444:408;3202445:411;3202446:433;3202447:426
111731.7515,1788878032.9410,6,288.66,1689.86,1978.52,108.7,15663.0,40379.2,2373.5,8823.652,3308.129,70632.662,3202402:13;3202444:406;3202445:412;3202446:433;3202447:426
111731.8617,1788878033.0512,6,288.66,1691.11,1979.77,18.0,15663.3,40378.9,2373.5,8823.821,3308.154,70632.662,3202402:13;3202444:406;3202445:413;3202446:433;3202447:426
111731.9728,1788878033.1624,6,288.66,1691.51,1980.17,54.0,15663.2,40379.0,2373.5,8824.943,3308.196,70632.662,3202402:13;3202444:407;3202445:411;3202446:434;3202447:426
111732.0839,1788878033.2734,6,288.66,1691.76,1980.42,0.0,15663.4,40378.8,2373.5,8825.100,3308.201,70632.662,3202402:13;3202444:407;3202445:411;3202446:435;3202447:426
111732.1933,1788878033.3828,6,288.66,1694.16,1982.82,100.1,15664.4,40377.8,2373.5,8826.108,3308.255,70632.662,3202402:13;3202444:407;3202445:411;3202446:435;3202447:427
111732.3033,1788878033.4928,6,288.66,1699.95,1988.61,18.2,15669.5,40372.7,2373.5,8826.306,3308.287,70632.662,3202402:13;3202444:412;3202445:411;3202446:435;3202447:428
111732.4127,1788878033.6022,6,288.66,1700.05,1988.71,153.4,15669.0,40373.3,2373.5,8827.528,3308.394,70632.662,3202402:13;3202444:411;3202445:413;3202446:435;3202447:428
111732.5238,1788878033.7133,6,288.66,1700.43,1989.08,18.2,15669.5,40372.8,2373.5,8827.725,3308.404,70632.662,3202402:13;3202444:411;3202445:413;3202446:435;3202447:428
111732.6332,1788878033.8227,6,288.66,1703.39,1992.04,91.0,15670.7,40371.6,2373.5,8828.819,3308.466,70632.662,3202402:13;3202444:412;3202445:413;3202446:438;3202447:428
111732.7433,1788878033.9329,6,288.66,1704.55,1993.21,0.0,15671.1,40371.1,2373.2,8828.966,3308.492,70632.705,3202402:13;3202444:413;3202445:413;3202446:438;3202447:428
111732.8532,1788878034.0427,6,288.66,1704.63,1993.29,90.8,15664.9,40377.3,2373.2,8830.097,3308.552,70632.705,3202402:13;3202444:413;3202445:413;3202446:438;3202447:428
111732.9640,1788878034.1535,6,288.66,1704.88,1993.54,0.0,15664.9,40377.3,2373.2,8830.280,3308.557,70632.705,3202402:13;3202444:413;3202445:413;3202446:438;3202447:428
111733.0737,1788878034.2632,6,288.66,1709.38,1998.04,118.5,15663.0,40379.2,2373.2,8831.351,3308.627,70632.705,3202402:13;3202444:416;3202445:412;3202446:440;3202447:429
111733.1832,1788878034.3728,6,288.66,1711.60,2000.25,18.2,15662.9,40379.3,2373.2,8831.467,3308.644,70632.705,3202402:13;3202444:416;3202445:412;3202446:440;3202447:431
111733.2936,1788878034.4832,6,288.66,1718.51,2007.16,136.7,15664.8,40377.4,2373.2,8832.518,3308.739,70632.705,3202402:13;3202444:417;3202445:412;3202446:443;3202447:433
111733.4032,1788878034.5927,6,288.66,1719.38,2008.04,9.0,15667.5,40374.7,2373.2,8832.683,3308.759,70632.705,3202402:13;3202444:417;3202445:412;3202446:443;3202447:433
111733.5148,1788878034.7043,6,288.66,1743.13,2031.79,135.5,15687.2,40355.0,2373.2,8833.798,3308.868,70632.705,3202402:13;3202444:418;3202445:415;3202446:444;3202447:453
111733.6260,1788878034.8155,6,288.66,1724.49,2013.15,61.6,15683.2,40359.0,2373.2,8834.094,3308.905,70632.705,3202402:13;3202444:419;3202445:416;3202446:444;3202447:433
111733.7390,1788878034.9285,6,288.66,1731.89,2020.55,181.5,15689.7,40352.6,2373.2,8835.123,3309.003,70632.705,3202402:13;3202444:417;3202445:421;3202446:445;3202447:436
111733.8494,1788878035.0389,6,288.66,1731.87,2020.53,26.7,15688.2,40354.0,2373.2,8835.274,3309.015,70632.705,3202402:13;3202444:417;3202445:421;3202446:445;3202447:436
111733.9624,1788878035.1519,6,288.66,1733.46,2022.11,36.0,15687.7,40354.6,2373.2,8836.529,3309.071,70632.705,3202402:13;3202444:417;3202445:421;3202446:446;3202447:437
111734.0731,1788878035.2626,6,288.66,1733.46,2022.11,9.0,15687.7,40354.6,2373.2,8836.604,3309.077,70632.705,3202402:13;3202444:417;3202445:421;3202446:446;3202447:437
111734.1842,1788878035.3737,6,288.66,1733.34,2022.00,54.2,15685.0,40357.3,2373.2,8837.745,3309.129,70632.705,3202402:13;3202444:418;3202445:421;3202446:443;3202447:438
111734.2946,1788878035.4841,6,288.66,1739.18,2027.84,54.3,15691.8,40350.5,2373.2,8838.631,3309.159,70632.705,3202402:13;3202444:418;3202445:421;3202446:449;3202447:438
111734.4052,1788878035.5947,6,288.66,1742.84,2031.50,254.2,15717.9,40324.3,2373.2,8840.009,3309.275,70632.705,3202402:13;3202444:418;3202445:425;3202446:451;3202447:436
111734.5152,1788878035.7048,6,288.66,1742.97,2031.62,8.7,15715.5,40326.7,2373.2,8840.047,3309.281,70632.705,3202402:13;3202444:418;3202445:425;3202446:451;3202447:436
111734.6298,1788878035.8194,6,288.66,1746.60,2035.25,189.2,15719.4,40322.9,2373.2,8841.461,3309.397,70632.705,3202402:13;3202444:423;3202445:425;3202446:448;3202447:438
111734.7408,1788878035.9303,6,288.66,1746.60,2035.25,0.0,15719.4,40322.9,2373.2,8841.461,3309.404,70632.705,3202402:13;3202444:423;3202445:425;3202446:448;3202447:438
111734.8500,1788878036.0395,6,288.66,1750.53,2039.19,128.4,15710.1,40332.1,2373.2,8842.853,3309.495,70632.705,3202402:13;3202444:425;3202445:425;3202446:449;3202447:438
111734.9589,1788878036.1485,6,288.66,1750.53,2039.19,18.2,15709.4,40332.8,2373.2,8843.025,3309.514,70632.705,3202402:13;3202444:425;3202445:425;3202446:449;3202447:438
111735.0690,1788878036.2585,6,288.66,1754.66,2043.32,63.2,15711.6,40330.6,2373.2,8844.386,3309.583,70632.705,3202402:13;3202444:425;3202445:426;3202446:449;3202447:442
111735.1795,1788878036.3690,6,288.66,1754.66,2043.32,0.0,15711.6,40330.6,2373.2,8844.386,3309.584,70632.705,3202402:13;3202444:425;3202445:426;3202446:449;3202447:442
111735.2898,1788878036.4793,6,288.66,1755.24,2043.89,46.0,15712.0,40330.2,2373.2,8845.660,3309.635,70632.705,3202402:13;3202444:424;3202445:426;3202446:449;3202447:442
111735.3987,1788878036.5882,6,288.66,1755.24,2043.89,0.0,15712.0,40330.2,2373.2,8845.660,3309.636,70632.705,3202402:13;3202444:424;3202445:426;3202446:449;3202447:442
111735.5079,1788878036.6975,6,288.66,1757.48,2046.13,109.4,15712.1,40330.1,2373.2,8846.937,3309.713,70632.705,3202402:13;3202444:424;3202445:424;3202446:451;3202447:445
111735.6176,1788878036.8072,6,288.66,1757.48,2046.13,0.0,15712.0,40330.2,2373.2,8846.937,3309.714,70632.705,3202402:13;3202444:424;3202445:424;3202446:451;3202447:445
111735.7274,1788878036.9169,6,288.66,1760.75,2049.41,245.3,15728.1,40314.1,2373.2,8848.232,3309.831,70632.705,3202402:13;3202444:424;3202445:422;3202446:450;3202447:451
111735.8375,1788878037.0270,6,288.66,1761.88,2050.54,71.5,15723.1,40319.1,2373.2,8849.121,3309.881,70632.705,3202402:13;3202444:424;3202445:423;3202446:451;3202447:451
111735.9494,1788878037.1389,6,288.66,1765.95,2054.61,81.9,15713.8,40328.4,2373.2,8850.338,3309.919,70632.705,3202402:13;3202444:426;3202445:423;3202446:451;3202447:452
111736.0590,1788878037.2486,6,288.66,1765.95,2054.61,0.0,15717.4,40324.8,2373.2,8850.338,3309.919,70632.705,3202402:13;3202444:426;3202445:423;3202446:451;3202447:452
111736.1699,1788878037.3594,6,288.66,1774.21,2062.87,116.8,15723.8,40318.4,2373.2,8851.610,3310.002,70632.705,3202402:13;3202444:427;3202445:425;3202446:456;3202447:453
111736.2812,1788878037.4708,6,288.66,1774.21,2062.87,0.0,15752.4,40289.8,2373.2,8851.610,3310.002,70632.705,3202402:13;3202444:427;3202445:425;3202446:456;3202447:453
111736.3912,1788878037.5808,6,288.66,1770.55,2059.21,153.7,15808.3,40233.9,2373.2,8852.904,3310.067,70632.705,3202402:13;3202444:426;3202445:421;3202446:456;3202447:454
111736.5020,1788878037.6915,6,288.66,1772.05,2060.71,9.1,15808.8,40233.4,2373.2,8852.908,3310.075,70632.705,3202402:13;3202444:428;3202445:421;3202446:456;3202447:454
111736.6128,1788878037.8024,6,288.66,1772.65,2061.31,109.1,15865.6,40176.6,2373.2,8854.137,3310.138,70632.705,3202402:13;3202444:428;3202445:420;3202446:457;3202447:455
111736.7223,1788878037.9119,6,288.66,1772.65,2061.31,0.0,15950.9,40091.4,2373.2,8854.137,3310.139,70632.705,3202402:13;3202444:428;3202445:420;3202446:457;3202447:455
111736.8346,1788878038.0242,6,288.66,1772.77,2061.42,70.9,15990.2,40052.0,2373.2,8855.426,3310.201,70632.705,3202402:13;3202444:428;3202445:416;3202446:457;3202447:458
111736.9476,1788878038.1372,6,288.66,1772.19,2060.84,24.3,16061.1,39981.1,2373.2,8855.687,3310.211,70632.705,3202402:13;3202444:428;3202445:418;3202446:457;3202447:456
111737.0722,1788878038.2618,6,288.66,1770.68,2059.33,143.7,15911.7,40130.5,2373.2,8856.452,3310.276,70632.775,3202402:13;3202444:429;3202445:418;3202446:457;3202447:454
111737.1821,1788878038.3717,6,288.66,1767.72,2056.38,61.4,15990.9,40051.3,2373.2,8856.718,3310.311,70632.775,3202402:13;3202444:429;3202445:418;3202446:455;3202447:453
111737.2963,1788878038.4858,6,288.66,1769.22,2057.88,53.5,16007.0,40035.2,2373.2,8857.659,3310.365,70632.775,3202402:13;3202444:430;3202445:418;3202446:455;3202447:453
111737.4084,1788878038.5979,6,288.66,1770.97,2059.63,18.1,16007.2,40035.0,2373.2,8857.981,3310.378,70632.775,3202402:13;3202444:430;3202445:418;3202446:456;3202447:453
111737.5190,1788878038.7086,6,288.66,1770.95,2059.61,81.9,15982.1,40060.2,2373.2,8859.402,3311.022,70632.775,3202402:13;3202444:431;3202445:419;3202446:456;3202447:452
111737.6285,1788878038.8180,6,288.66,1770.54,2059.19,9.0,15982.3,40059.9,2373.2,8859.721,3311.086,70632.775,3202402:13;3202444:431;3202445:419;3202446:457;3202447:451
111737.7397,1788878038.9292,6,288.66,1772.88,2061.53,63.6,15982.5,40059.7,2373.2,8860.066,3311.410,70632.775,3202402:13;3202444:431;3202445:419;3202446:456;3202447:454
111737.8500,1788878039.0396,6,288.66,1773.50,2062.16,27.2,15979.2,40063.1,2373.2,8860.234,3311.569,70632.775,3202402:13;3202444:431;3202445:419;3202446:456;3202447:454
111737.9603,1788878039.1498,6,288.66,1774.52,2063.18,45.0,15980.1,40062.1,2373.2,8860.730,3311.760,70632.775,3202402:13;3202444:431;3202445:420;3202446:456;3202447:454
111738.0714,1788878039.2610,6,288.66,1775.02,2063.68,9.0,15980.1,40062.1,2373.2,8861.129,3311.778,70632.775,3202402:13;3202444:432;3202445:420;3202446:456;3202447:454
111738.1823,1788878039.3718,6,288.66,1776.14,2064.80,0.0,15980.1,40062.1,2373.2,8861.991,3311.803,70632.775,3202402:13;3202444:432;3202445:420;3202446:456;3202447:454
111738.2915,1788878039.4810,6,288.66,1775.82,2064.48,36.0,15976.3,40065.9,2373.2,8862.398,3311.824,70632.775,3202402:13;3202444:432;3202445:420;3202446:456;3202447:454
111738.4027,1788878039.5922,6,288.66,1775.43,2064.08,54.7,15977.8,40064.4,2373.2,8863.040,3311.854,70632.775,3202402:13;3202444:430;3202445:420;3202446:457;3202447:455
111738.5124,1788878039.7019,6,288.66,1783.83,2072.48,108.0,15976.6,40065.6,2373.2,8863.423,3311.874,70632.775,3202402:13;3202444:439;3202445:420;3202446:456;3202447:455
111738.6233,1788878039.8128,6,288.66,1780.73,2069.38,45.5,15973.8,40068.4,2373.2,8864.079,3311.916,70632.775,3202402:13;3202444:438;3202445:420;3202446:456;3202447:454
111738.7337,1788878039.9232,6,288.66,1781.23,2069.88,9.0,15974.1,40068.1,2373.2,8864.384,3311.924,70632.775,3202402:13;3202444:438;3202445:420;3202446:456;3202447:454
111738.8445,1788878040.0340,6,288.66,1777.10,2065.76,137.3,15962.8,40079.4,2373.2,8865.085,3311.966,70632.775,3202402:13;3202444:437;3202445:415;3202446:457;3202447:454
111738.9537,1788878040.1433,6,288.66,1779.23,2067.88,9.1,15962.8,40079.4,2373.2,8865.523,3311.994,70632.775,3202402:13;3202444:438;3202445:415;3202446:458;3202447:455
111739.0633,1788878040.2528,6,288.66,1784.04,2072.69,108.2,15963.3,40078.9,2373.2,8866.355,3312.062,70632.775,3202402:13;3202444:442;3202445:416;3202446:458;3202447:455
111739.1746,1788878040.3641,6,288.66,1784.04,2072.69,8.9,15963.3,40078.9,2373.2,8866.760,3312.074,70632.775,3202402:13;3202444:442;3202445:416;3202446:458;3202447:455
111739.2861,1788878040.4756,6,288.66,1785.91,2074.57,18.2,15963.6,40078.6,2373.2,8867.450,3312.092,70632.775,3202402:13;3202444:442;3202445:416;3202446:458;3202447:456
111739.3969,1788878040.5864,6,288.66,1781.62,2070.28,53.8,15964.3,40077.9,2373.2,8867.718,3312.107,70632.775,3202402:13;3202444:440;3202445:417;3202446:457;3202447:456
111739.5082,1788878040.6978,6,288.66,1793.21,2081.86,126.6,15983.0,40059.2,2373.2,8868.415,3312.174,70632.775,3202402:13;3202444:447;3202445:418;3202446:457;3202447:458
111739.6186,1788878040.8082,6,288.66,1793.64,2082.30,17.6,15983.3,40059.0,2373.2,8868.966,3312.203,70632.775,3202402:13;3202444:447;3202445:418;3202446:457;3202447:458
111739.7323,1788878040.9218,6,288.66,1793.64,2082.30,36.4,15983.8,40058.5,2373.2,8869.672,3312.230,70632.775,3202402:13;3202444:448;3202445:417;3202446:457;3202447:458
111739.8421,1788878041.0317,6,288.66,1794.64,2083.30,18.0,15976.5,40065.7,2373.2,8869.886,3312.245,70632.775,3202402:13;3202444:448;3202445:417;3202446:458;3202447:459
111739.9530,1788878041.1425,6,288.66,1791.68,2080.34,64.0,15975.7,40066.6,2373.2,8870.420,3312.278,70632.775,3202402:13;3202444:448;3202445:415;3202446:458;3202447:458
111740.0623,1788878041.2519,6,288.66,1795.58,2084.24,115.8,15975.9,40066.3,2373.2,8870.807,3312.346,70632.775,3202402:13;3202444:448;3202445:415;3202446:459;3202447:461
111740.1748,1788878041.3643,6,288.66,1799.09,2087.74,146.1,15976.6,40065.6,2373.2,8871.618,3312.437,70632.775,3202402:13;3202444:449;3202445:416;3202446:459;3202447:461
111740.2841,1788878041.4736,6,288.66,1798.96,2087.62,80.3,15977.1,40065.1,2373.2,8872.106,3312.485,70632.775,3202402:13;3202444:448;3202445:417;3202446:459;3202447:461
111740.3962,1788878041.5857,6,288.66,1804.88,2093.54,106.6,15977.8,40064.4,2373.2,8872.673,3312.554,70632.775,3202402:13;3202444:449;3202445:418;3202446:461;3202447:464
111740.5089,1788878041.6985,6,288.66,1806.38,2095.04,35.5,15978.1,40064.2,2373.2,8873.232,3312.576,70632.775,3202402:13;3202444:449;3202445:418;3202446:461;3202447:465
111740.6217,1788878041.8113,6,288.66,1807.11,2095.76,35.5,15978.3,40063.9,2373.2,8873.856,3312.603,70632.775,3202402:13;3202444:450;3202445:418;3202446:461;3202447:465
111740.7343,1788878041.9238,6,288.66,1803.59,2092.24,27.5,15976.3,40065.9,2373.2,8874.444,3312.638,70632.775,3202402:13;3202444:450;3202445:418;3202446:458;3202447:464
111740.8438,1788878042.0334,6,288.66,1806.39,2095.05,45.1,15967.8,40074.5,2373.2,8875.029,3312.660,70632.775,3202402:13;3202444:450;3202445:420;3202446:459;3202447:464
111740.9547,1788878042.1443,6,288.66,1809.58,2098.24,44.9,15968.8,40073.4,2373.2,8875.651,3312.691,70632.775,3202402:13;3202444:450;3202445:420;3202446:459;3202447:467
111741.0661,1788878042.2556,6,288.66,1808.84,2097.49,36.0,15969.6,40072.6,2373.2,8876.259,3312.723,70632.775,3202402:13;3202444:450;3202445:420;3202446:460;3202447:466
111741.1778,1788878042.3674,6,288.66,1809.31,2097.97,125.7,15962.8,40079.5,2373.2,8876.781,3312.781,70632.775,3202402:13;3202444:450;3202445:420;3202446:460;3202447:466
111741.2889,1788878042.4784,6,288.66,1810.06,2098.72,36.5,15962.7,40079.6,2373.2,8877.334,3312.814,70632.775,3202402:13;3202444:450;3202445:421;3202446:460;3202447:466
111741.3982,1788878042.5878,6,288.66,1811.08,2099.74,27.4,15962.7,40079.6,2373.2,8877.985,3312.843,70632.775,3202402:13;3202444:450;3202445:421;3202446:460;3202447:466
111741.5076,1788878042.6972,6,288.66,1813.88,2102.53,36.1,15962.9,40079.3,2373.2,8878.505,3312.866,70632.775,3202402:13;3202444:453;3202445:422;3202446:460;3202447:466
111741.6187,1788878042.8083,6,288.66,1817.14,2105.80,53.8,15963.4,40078.8,2373.2,8879.168,3312.902,70632.775,3202402:13;3202444:453;3202445:422;3202446:463;3202447:466
111741.7299,1788878042.9195,6,288.66,1821.29,2109.95,82.3,15964.1,40078.1,2373.2,8879.744,3312.938,70632.775,3202402:13;3202444:455;3202445:422;3202446:464;3202447:467
111741.8393,1788878043.0288,6,288.66,1822.54,2111.19,90.5,15954.7,40087.5,2373.2,8880.288,3313.008,70632.775,3202402:13;3202444:456;3202445:423;3202446:465;3202447:466
111741.9504,1788878043.1399,6,288.66,1825.09,2113.75,45.6,15950.6,40091.7,2373.2,8880.660,3313.037,70632.775,3202402:13;3202444:457;3202445:423;3202446:465;3202447:467
111742.0594,1788878043.2489,6,288.66,1824.02,2112.68,54.6,15948.5,40093.8,2373.2,8881.319,3313.081,70632.775,3202402:13;3202444:457;3202445:422;3202446:465;3202447:467
111742.1697,1788878043.3592,6,288.66,1824.15,2112.80,9.1,15948.5,40093.8,2373.2,8881.831,3313.098,70632.775,3202402:13;3202444:457;3202445:422;3202446:465;3202447:467
111742.2787,1788878043.4683,6,288.66,1836.84,2125.50,90.7,15949.9,40092.3,2373.2,8882.412,3313.130,70632.775,3202402:13;3202444:468;3202445:422;3202446:466;3202447:467
111742.3891,1788878043.5786,6,288.66,1834.32,2122.98,45.1,15943.1,40099.1,2373.2,8882.969,3313.167,70632.775,3202402:13;3202444:462;3202445:422;3202446:468;3202447:469
111742.5001,1788878043.6897,6,288.66,1830.50,2119.16,100.3,15938.8,40103.4,2373.2,8883.751,3313.209,70632.775,3202402:13;3202444:462;3202445:424;3202446:464;3202447:467
111742.6095,1788878043.7990,6,288.66,1829.17,2117.82,27.3,15938.5,40103.7,2373.2,8884.303,3313.226,70632.775,3202402:13;3202444:462;3202445:424;3202446:463;3202447:467
111742.7188,1788878043.9083,6,288.66,1829.18,2117.84,82.1,15932.3,40109.9,2373.2,8884.972,3313.287,70632.775,3202402:13;3202444:463;3202445:423;3202446:463;3202447:467
111742.8283,1788878044.0178,6,288.66,1821.77,2110.43,107.9,15911.8,40130.4,2373.2,8885.588,3313.329,70632.775,3202402:13;3202444:467;3202445:423;3202446:453;3202447:466
111742.9399,1788878044.1294,6,288.66,1821.68,2110.33,18.1,15911.0,40131.2,2373.2,8886.292,3313.358,70632.775,3202402:13;3202444:467;3202445:423;3202446:453;3202447:465
111743.0499,1788878044.2395,6,288.66,1822.08,2110.73,45.6,15910.0,40132.2,2373.2,8886.839,3313.385,70632.775,3202402:13;3202444:467;3202445:423;3202446:453;3202447:465
111743.1592,1788878044.3488,6,288.66,1823.26,2111.92,36.5,15909.7,40132.5,2373.2,8887.473,3313.418,70632.775,3202402:13;3202444:467;3202445:424;3202446:453;3202447:466
111743.2696,1788878044.4591,6,288.66,1821.35,2110.00,45.5,15908.6,40133.7,2373.2,8887.838,3313.440,70632.775,3202402:13;3202444:465;3202445:424;3202446:454;3202447:466
111743.3787,1788878044.5682,6,288.66,1820.66,2109.31,109.0,15909.1,40133.2,2373.2,8888.423,3313.495,70632.775,3202402:13;3202444:464;3202445:424;3202446:453;3202447:466
111743.4890,1788878044.6785,6,288.66,1821.66,2110.31,55.0,15909.1,40133.2,2373.2,8888.984,3313.546,70632.775,3202402:13;3202444:465;3202445:424;3202446:454;3202447:466
111743.5979,1788878044.7875,6,288.66,1822.09,2110.74,91.0,15909.1,40133.2,2373.2,8889.620,3313.598,70632.775,3202402:13;3202444:465;3202445:424;3202446:454;3202447:466
111743.7079,1788878044.8974,6,288.66,1827.48,2116.13,62.9,15909.3,40132.9,2373.2,8890.080,3313.660,70632.775,3202402:13;3202444:465;3202445:425;3202446:455;3202447:469
111743.8196,1788878045.0091,6,288.66,1829.57,2118.22,100.2,15912.4,40129.9,2373.2,8890.805,3313.702,70632.775,3202402:13;3202444:466;3202445:425;3202446:455;3202447:471
111743.9294,1788878045.1190,6,288.66,1828.27,2116.93,81.3,15893.1,40149.1,2373.2,8891.382,3313.750,70632.775,3202402:13;3202444:463;3202445:427;3202446:455;3202447:470
111744.0398,1788878045.2293,6,288.66,1830.38,2119.04,44.9,15893.4,40148.9,2373.2,8892.115,3313.791,70632.775,3202402:13;3202444:464;3202445:427;3202446:456;3202447:470
111744.1514,1788878045.3409,6,288.66,1830.26,2118.91,54.9,15891.7,40150.6,2373.2,8892.612,3313.822,70632.775,3202402:13;3202444:464;3202445:425;3202446:456;3202447:471
111744.2605,1788878045.4500,6,288.66,1831.62,2120.27,63.7,15891.3,40151.0,2373.2,8893.150,3313.863,70632.775,3202402:13;3202444:464;3202445:426;3202446:457;3202447:471
111744.3705,1788878045.5600,6,288.66,1831.29,2119.95,45.3,15891.2,40151.1,2373.2,8893.727,3313.905,70632.775,3202402:13;3202444:465;3202445:425;3202446:457;3202447:471
111744.4810,1788878045.6706,6,288.66,1835.86,2124.52,90.6,15895.4,40146.8,2373.2,8894.787,3313.973,70632.775,3202402:13;3202444:466;3202445:426;3202446:458;3202447:472
111744.5911,1788878045.7807,6,288.66,1837.41,2126.06,63.9,15894.1,40148.1,2373.2,8895.307,3314.003,70632.775,3202402:13;3202444:466;3202445:426;3202446:459;3202447:472
111744.7005,1788878045.8900,6,288.66,1838.01,2126.67,36.0,15894.1,40148.1,2373.2,8896.018,3314.036,70632.775,3202402:13;3202444:466;3202445:427;3202446:459;3202447:472
111744.8123,1788878046.0018,6,288.66,1839.52,2128.18,100.3,15885.8,40156.4,2373.2,8896.597,3314.081,70632.775,3202402:13;3202444:467;3202445:428;3202446:460;3202447:472
111744.9213,1788878046.1109,6,288.66,1840.03,2128.68,72.7,15880.5,40161.7,2373.2,8897.217,3314.134,70632.775,3202402:13;3202444:467;3202445:428;3202446:460;3202447:473
111745.0316,1788878046.2212,6,288.66,1843.29,2131.95,44.5,15879.6,40162.6,2373.2,8897.619,3314.168,70632.775,3202402:13;3202444:467;3202445:431;3202446:460;3202447:472
111745.1452,1788878046.3348,6,288.66,1848.90,2137.55,143.8,15867.4,40174.9,2373.2,8898.203,3314.226,70632.775,3202402:13;3202444:468;3202445:431;3202446:461;3202447:476
111745.2554,1788878046.4449,6,288.66,1851.51,2140.16,100.3,15868.3,40173.9,2373.2,8898.676,3314.288,70632.775,3202402:13;3202444:467;3202445:433;3202446:461;3202447:477
111745.3646,1788878046.5542,6,288.66,1854.95,2143.61,271.6,15867.8,40174.4,2373.2,8899.380,3314.392,70632.775,3202402:13;3202444:467;3202445:434;3202446:461;3202447:479
111745.4752,1788878046.6648,6,288.66,1855.07,2143.73,27.0,15867.8,40174.4,2373.2,8899.892,3314.432,70632.775,3202402:13;3202444:468;3202445:434;3202446:461;3202447:479
111745.5862,1788878046.7757,6,288.66,1859.88,2148.54,163.8,15889.3,40152.9,2373.2,8900.653,3314.478,70632.775,3202402:13;3202444:468;3202445:435;3202446:464;3202447:481
111745.6961,1788878046.8857,6,288.66,1861.56,2150.22,45.1,15889.9,40152.4,2373.2,8901.117,3314.536,70632.775,3202402:13;3202444:468;3202445:435;3202446:466;3202447:479
111745.8067,1788878046.9963,6,288.66,1863.62,2152.28,116.8,15888.8,40153.5,2373.2,8901.961,3314.606,70632.775,3202402:13;3202444:468;3202445:435;3202446:466;3202447:481
111745.9185,1788878047.1081,6,288.66,1864.14,2152.80,36.0,15886.5,40155.7,2373.2,8902.399,3314.632,70632.775,3202402:13;3202444:468;3202445:435;3202446:466;3202447:481
111746.0295,1788878047.2190,6,288.66,1866.27,2154.93,90.7,15890.3,40151.9,2373.2,8903.023,3314.682,70632.775,3202402:13;3202444:467;3202445:440;3202446:467;3202447:480
111746.1398,1788878047.3294,6,288.66,1866.39,2155.05,18.1,15890.7,40151.5,2373.2,8903.467,3314.707,70632.775,3202402:13;3202444:467;3202445:440;3202446:466;3202447:480
111746.2508,1788878047.4403,6,288.66,1868.84,2157.49,63.4,15883.5,40158.7,2373.2,8904.106,3314.741,70632.775,3202402:13;3202444:467;3202445:441;3202446:467;3202447:481
111746.3609,1788878047.5504,6,288.66,1868.18,2156.84,82.1,15885.6,40156.6,2373.2,8905.029,3314.806,70632.775,3202402:13;3202444:467;3202445:441;3202446:467;3202447:480
111746.4706,1788878047.6601,6,288.66,1872.23,2160.89,82.2,15885.8,40156.4,2373.2,8905.626,3314.853,70632.775,3202402:13;3202444:471;3202445:441;3202446:467;3202447:480
111746.5801,1788878047.7696,6,288.66,1869.43,2158.09,64.2,15885.8,40156.4,2373.2,8906.063,3314.877,70632.775,3202402:13;3202444:471;3202445:441;3202446:467;3202447:477
111746.6892,1788878047.8787,6,288.66,1875.56,2164.21,163.8,15886.6,40155.7,2373.2,8906.743,3314.968,70632.775,3202402:13;3202444:472;3202445:446;3202446:468;3202447:477
111746.7993,1788878047.9888,6,288.66,1872.91,2161.57,71.7,15887.1,40155.2,2373.2,8907.150,3315.022,70632.775,3202402:13;3202444:472;3202445:445;3202446:468;3202447:475
111746.9110,1788878048.1005,6,288.66,1875.04,2163.69,27.3,15878.5,40163.8,2373.2,8908.252,3315.070,70632.775,3202402:13;3202444:472;3202445:445;3202446:468;3202447:476
111747.0201,1788878048.2096,6,288.78,1908.92,2197.70,115.9,15928.8,40113.4,2373.2,8908.744,3315.099,70632.775,3202402:13;3202444:473;3202445:479;3202446:468;3202447:476
111747.1326,1788878048.3222,6,288.78,1911.22,2200.00,125.7,15931.4,40110.8,2373.2,8909.658,3315.141,70632.775,3202402:13;3202444:473;3202445:479;3202446:469;3202447:477
111747.2438,1788878048.4334,6,288.78,1912.47,2201.25,27.0,15932.1,40110.1,2373.2,8910.103,3315.164,70632.775,3202402:13;3202444:473;3202445:479;3202446:470;3202447:477
111747.3551,1788878048.5446,6,288.78,1913.60,2202.38,72.8,15922.9,40119.3,2373.2,8910.909,3315.199,70632.775,3202402:13;3202444:474;3202445:480;3202446:470;3202447:477
111747.4648,1788878048.6544,6,288.78,1913.85,2202.63,18.2,15922.7,40119.6,2373.2,8911.287,3315.219,70632.775,3202402:13;3202444:474;3202445:480;3202446:470;3202447:477
111747.5755,1788878048.7651,6,288.91,1919.26,2208.16,236.5,15931.5,40110.7,2373.2,8912.035,3315.302,70632.775,3202402:13;3202444:473;3202445:485;3202446:470;3202447:478
111747.6852,1788878048.8747,6,288.91,1919.76,2208.66,9.0,15931.1,40111.1,2373.2,8912.324,3315.329,70632.775,3202402:13;3202444:473;3202445:485;3202446:470;3202447:478
111747.7963,1788878048.9858,6,288.91,1919.26,2208.17,73.0,15923.7,40118.5,2373.2,8913.191,3315.375,70632.775,3202402:13;3202444:472;3202445:485;3202446:470;3202447:478
111747.9056,1788878049.0951,6,288.91,1914.86,2203.77,63.2,15920.2,40122.0,2373.2,8913.556,3315.416,70632.775,3202402:13;3202444:473;3202445:480;3202446:470;3202447:478
111748.0164,1788878049.2060,6,288.91,1915.24,2204.15,45.5,15918.0,40124.2,2373.2,8914.391,3315.457,70632.775,3202402:13;3202444:473;3202445:481;3202446:469;3202447:479
111748.1261,1788878049.3156,6,288.91,1918.07,2206.97,45.0,15917.7,40124.5,2373.2,8914.740,3315.484,70632.775,3202402:13;3202444:473;3202445:483;3202446:470;3202447:479
111748.2371,1788878049.4266,6,288.91,1921.96,2210.87,45.5,15923.0,40119.2,2373.2,8915.630,3315.521,70632.775,3202402:13;3202444:474;3202445:485;3202446:470;3202447:480
111748.3470,1788878049.5366,6,288.91,1925.28,2214.18,44.0,15922.4,40119.8,2373.2,8916.116,3315.550,70632.775,3202402:13;3202444:475;3202445:485;3202446:469;3202447:483
111748.4612,1788878049.6507,6,288.91,1934.24,2223.15,54.2,15930.7,40111.6,2373.2,8916.796,3315.575,70632.775,3202402:13;3202444:475;3202445:486;3202446:469;3202447:492
111748.5718,1788878049.7613,6,288.91,1928.26,2217.16,61.1,15914.8,40127.5,2373.2,8916.945,3315.588,70632.775,3202402:13;3202444:470;3202445:486;3202446:469;3202447:490
111748.6863,1788878049.8759,6,288.91,1937.67,2226.57,100.4,15932.2,40110.0,2373.2,8917.446,3315.649,70632.775,3202402:13;3202444:477;3202445:486;3202446:471;3202447:490
111748.7964,1788878049.9860,6,288.91,1939.11,2228.02,27.0,15931.1,40111.1,2373.2,8917.543,3315.654,70632.775,3202402:13;3202444:477;3202445:486;3202446:473;3202447:490
111748.9074,1788878050.0969,6,288.91,1939.97,2228.88,73.3,15929.2,40113.1,2373.2,8918.274,3315.718,70632.775,3202402:13;3202444:478;3202445:485;3202446:473;3202447:491
111749.0163,1788878050.2059,6,288.91,1942.14,2231.04,9.2,15929.4,40112.8,2373.2,8918.552,3315.727,70632.775,3202402:13;3202444:480;3202445:485;3202446:473;3202447:491
111749.1251,1788878050.3146,6,288.91,1938.38,2227.29,45.8,15927.9,40114.3,2373.2,8919.521,3315.779,70632.775,3202402:13;3202444:478;3202445:486;3202446:471;3202447:491
111749.2346,1788878050.4242,6,288.91,1940.00,2228.91,9.0,15928.2,40114.0,2373.2,8920.354,3315.796,70632.775,3202402:13;3202444:479;3202445:486;3202446:472;3202447:491
111749.3452,1788878050.5347,6,288.91,1940.57,2229.47,127.9,15916.7,40125.5,2373.2,8920.611,3315.832,70632.775,3202402:13;3202444:479;3202445:486;3202446:472;3202447:491
111749.4546,1788878050.6441,6,288.91,1939.74,2228.65,26.9,15916.0,40126.3,2373.2,8920.630,3315.849,70632.775,3202402:13;3202444:478;3202445:486;3202446:472;3202447:491
111749.5664,1788878050.7559,6,288.91,1940.99,2229.90,54.8,15916.0,40126.3,2373.2,8921.468,3315.892,70632.775,3202402:13;3202444:479;3202445:486;3202446:472;3202447:491
111749.6757,1788878050.8652,6,288.91,1938.59,2227.50,9.0,15913.7,40128.5,2373.2,8921.527,3315.895,70632.775,3202402:13;3202444:479;3202445:486;3202446:470;3202447:491
111749.7874,1788878050.9769,6,288.91,1939.34,2228.25,8.9,15913.7,40128.5,2373.2,8922.307,3315.914,70632.775,3202402:13;3202444:480;3202445:486;3202446:470;3202447:491
111749.9005,1788878051.0900,6,288.91,1939.72,2228.62,0.0,15910.3,40131.9,2373.2,8922.440,3315.916,70632.775,3202402:13;3202444:481;3202445:486;3202446:470;3202447:491
111750.0100,1788878051.1996,6,288.91,1942.79,2231.70,36.4,15910.3,40131.9,2373.2,8923.140,3315.936,70632.775,3202402:13;3202444:480;3202445:486;3202446:473;3202447:491
111750.1200,1788878051.3096,6,288.91,1944.79,2233.70,27.1,15911.1,40131.1,2373.2,8923.288,3315.952,70632.775,3202402:13;3202444:480;3202445:486;3202446:475;3202447:491
111750.2301,1788878051.4196,6,288.91,1946.29,2235.20,27.3,15911.1,40131.1,2373.2,8924.242,3315.993,70632.775,3202402:13;3202444:480;3202445:486;3202446:476;3202447:491
111750.3405,1788878051.5300,6,288.91,1947.05,2235.96,44.9,15910.7,40131.5,2373.2,8924.453,3316.007,70632.775,3202402:13;3202444:481;3202445:486;3202446:476;3202447:491
111750.4512,1788878051.6407,6,288.91,1948.14,2237.05,55.0,15911.2,40131.0,2373.2,8925.045,3316.044,70632.775,3202402:13;3202444:481;3202445:487;3202446:476;3202447:491
111750.5606,1788878051.7502,6,288.91,1948.77,2237.67,9.1,15911.2,40131.1,2373.2,8925.705,3316.059,70632.775,3202402:13;3202444:482;3202445:487;3202446:477;3202447:491
111750.6712,1788878051.8608,6,288.91,1948.79,2237.70,53.4,15911.2,40131.1,2373.2,8926.776,3316.089,70632.775,3202402:13;3202444:481;3202445:487;3202446:477;3202447:491
111750.7832,1788878051.9728,6,288.91,1949.16,2238.07,18.2,15911.4,40130.8,2373.2,8926.846,3316.097,70632.775,3202402:13;3202444:481;3202445:487;3202446:478;3202447:491
111750.8935,1788878052.0831,6,289.03,1985.62,2274.65,179.7,15952.4,40089.9,2373.2,8927.655,3316.147,70632.775,3202402:13;3202444:477;3202445:490;3202446:478;3202447:527
111751.0050,1788878052.1945,6,289.03,2009.91,2298.94,163.6,15987.3,40055.0,2373.2,8927.780,3316.150,70632.775,3202402:13;3202444:477;3202445:491;3202446:478;3202447:551
111751.1149,1788878052.3044,6,289.16,2000.35,2289.50,173.6,16000.8,40041.4,2373.2,8928.352,3316.199,70632.775,3202402:13;3202444:475;3202445:487;3202446:478;3202447:547
111751.2245,1788878052.4140,6,289.16,2000.72,2289.88,26.9,16000.7,40041.6,2373.2,8928.377,3316.235,70632.775,3202402:13;3202444:475;3202445:487;3202446:478;3202447:547
111751.3357,1788878052.5252,6,289.16,2001.45,2290.60,119.3,16000.6,40041.6,2373.2,8929.091,3316.311,70632.775,3202402:13;3202444:475;3202445:488;3202446:478;3202447:547
111751.4459,1788878052.6354,6,289.16,2001.45,2290.60,9.1,16000.6,40041.6,2373.2,8929.213,3316.331,70632.775,3202402:13;3202444:475;3202445:488;3202446:478;3202447:547
111751.5550,1788878052.7445,6,289.16,2006.20,2295.36,346.3,15997.1,40045.2,2373.2,8930.244,3316.445,70632.775,3202402:13;3202444:479;3202445:490;3202446:477;3202447:547
111751.6647,1788878052.8543,6,289.16,2007.57,2296.73,45.3,15998.4,40043.8,2373.2,8930.400,3316.495,70632.775,3202402:13;3202444:480;3202445:490;3202446:477;3202447:548
111751.7750,1788878052.9646,6,289.16,2008.62,2297.78,73.3,15998.9,40043.3,2373.2,8931.362,3316.553,70632.775,3202402:13;3202444:481;3202445:491;3202446:477;3202447:548
111751.8842,1788878053.0738,6,289.16,2010.01,2299.17,9.1,15999.4,40042.8,2373.2,8931.511,3316.561,70632.775,3202402:13;3202444:481;3202445:491;3202446:478;3202447:548
111751.9935,1788878053.1830,6,289.16,2012.90,2302.06,137.6,16006.6,40035.7,2373.2,8932.633,3316.635,70632.775,3202402:13;3202444:484;3202445:491;3202446:476;3202447:549
111752.1026,1788878053.2921,6,289.16,2013.28,2302.44,36.4,16006.8,40035.4,2373.2,8932.840,3316.663,70632.775,3202402:13;3202444:484;3202445:491;3202446:476;3202447:549
111752.2126,1788878053.4021,6,289.16,2027.43,2316.59,99.8,16009.5,40032.7,2373.2,8933.895,3316.723,70632.775,3202402:13;3202444:494;3202445:494;3202446:477;3202447:550
111752.3227,1788878053.5122,6,289.53,2053.60,2343.13,568.0,16123.2,39919.0,2373.2,8934.008,3316.739,70632.775,3202402:13;3202444:498;3202445:505;3202446:477;3202447:561
111752.4336,1788878053.6231,6,289.66,2031.24,2320.90,146.1,16103.2,39939.0,2373.2,8934.970,3316.778,70632.775,3202402:13;3202444:496;3202445:499;3202446:477;3202447:546
111752.5431,1788878053.7326,6,289.66,2032.24,2321.90,9.1,16103.8,39938.5,2373.2,8935.067,3316.786,70632.775,3202402:13;3202444:497;3202445:499;3202446:477;3202447:546
111752.6527,1788878053.8422,6,289.66,2031.80,2321.46,127.6,16104.3,39937.9,2373.2,8936.065,3316.869,70632.775,3202402:13;3202444:497;3202445:500;3202446:478;3202447:544
111752.7634,1788878053.9529,6,289.78,2032.12,2321.90,150.9,16111.2,39931.0,2373.2,8936.227,3316.893,70632.775,3202402:13;3202444:502;3202445:506;3202446:468;3202447:543
111752.8751,1788878054.0646,6,289.78,2031.36,2321.14,80.0,16099.0,39943.3,2373.2,8937.369,3316.973,70632.775,3202402:13;3202444:502;3202445:506;3202446:468;3202447:542
111752.9884,1788878054.1779,6,289.78,2032.40,2322.18,27.3,16099.9,39942.3,2373.2,8937.512,3316.980,70632.775,3202402:13;3202444:502;3202445:506;3202446:469;3202447:542
111753.0973,1788878054.2869,6,289.78,2032.42,2322.20,72.6,16100.6,39941.6,2373.2,8938.405,3317.038,70632.775,3202402:13;3202444:503;3202445:506;3202446:469;3202447:541
111753.2085,1788878054.3980,6,289.78,2033.17,2322.95,9.0,16100.6,39941.6,2373.2,8938.545,3317.046,70632.775,3202402:13;3202444:503;3202445:506;3202446:469;3202447:542
111753.3190,1788878054.5085,6,289.78,2034.23,2324.02,45.5,16101.1,39941.1,2373.2,8939.677,3317.103,70632.775,3202402:13;3202444:504;3202445:505;3202446:469;3202447:543
111753.4290,1788878054.6186,6,289.78,2034.39,2324.17,45.5,16101.3,39940.9,2373.2,8940.305,3317.135,70632.775,3202402:13;3202444:504;3202445:505;3202446:469;3202447:543
111753.5394,1788878054.7289,6,289.78,2033.95,2323.73,72.8,16101.3,39940.9,2373.2,8941.242,3317.173,70632.775,3202402:13;3202444:504;3202445:505;3202446:469;3202447:542
111753.6496,1788878054.8391,6,289.78,2032.49,2322.27,18.0,16101.3,39940.9,2373.2,8941.318,3317.185,70632.775,3202402:13;3202444:502;3202445:506;3202446:469;3202447:542
111753.7601,1788878054.9496,6,289.78,2034.35,2324.13,27.0,16101.6,39940.6,2373.2,8942.390,3317.223,70632.775,3202402:13;3202444:503;3202445:505;3202446:471;3202447:542
111753.8709,1788878055.0604,6,289.78,2034.85,2324.63,36.0,16096.4,39945.8,2373.2,8942.556,3317.239,70632.775,3202402:13;3202444:504;3202445:505;3202446:471;3202447:542
111753.9823,1788878055.1718,6,289.78,2036.54,2326.32,72.7,16096.7,39945.5,2373.2,8943.524,3317.287,70632.775,3202402:13;3202444:505;3202445:505;3202446:471;3202447:542
111754.0923,1788878055.2819,6,289.78,2038.09,2327.88,18.3,16096.3,39945.9,2373.2,8943.561,3317.292,70632.775,3202402:13;3202444:506;3202445:505;3202446:471;3202447:542
111754.2014,1788878055.3910,6,289.78,2037.90,2327.68,174.5,16095.2,39947.0,2373.2,8944.386,3317.390,70632.775,3202402:13;3202444:506;3202445:505;3202446:472;3202447:542
111754.3106,1788878055.5002,6,289.78,2038.15,2327.93,0.0,16095.7,39946.5,2373.2,8944.471,3317.396,70632.775,3202402:13;3202444:506;3202445:505;3202446:472;3202447:542
111754.4197,1788878055.6093,6,289.78,2051.77,2341.55,146.0,16092.5,39949.7,2373.2,8945.637,3317.484,70632.775,3202402:13;3202444:518;3202445:506;3202446:472;3202447:543
111754.5295,1788878055.7190,6,289.78,2044.53,2334.31,27.0,16085.1,39957.1,2373.2,8945.756,3317.490,70632.775,3202402:13;3202444:511;3202445:506;3202446:472;3202447:543
111754.6407,1788878055.8302,6,289.78,2046.20,2335.98,27.5,16085.3,39956.9,2373.2,8946.955,3317.535,70632.775,3202402:13;3202444:511;3202445:506;3202446:473;3202447:543
111754.7499,1788878055.9394,6,289.78,2043.43,2333.21,27.4,16085.6,39956.7,2373.2,8947.054,3317.546,70632.775,3202402:13;3202444:508;3202445:506;3202446:473;3202447:543
111754.8597,1788878056.0493,6,289.78,2043.73,2333.51,54.6,16078.2,39964.0,2373.2,8948.173,3317.610,70632.775,3202402:13;3202444:507;3202445:506;3202446:474;3202447:543
111754.9691,1788878056.1587,6,289.78,2043.98,2333.76,0.0,16077.7,39964.5,2373.2,8948.303,3317.613,70632.775,3202402:13;3202444:507;3202445:506;3202446:475;3202447:543
111755.0798,1788878056.2693,6,289.78,2043.08,2332.86,26.7,16078.2,39964.1,2373.2,8949.314,3317.649,70632.775,3202402:13;3202444:507;3202445:506;3202446:475;3202447:542
111755.1923,1788878056.3818,6,289.78,2043.32,2333.10,18.0,16078.2,39964.1,2373.2,8949.377,3317.650,70632.775,3202402:13;3202444:508;3202445:506;3202446:475;3202447:542
111755.3025,1788878056.4920,6,289.78,2043.78,2333.56,108.8,16076.6,39965.7,2373.2,8950.354,3317.728,70632.775,3202402:13;3202444:506;3202445:506;3202446:476;3202447:542
111755.4129,1788878056.6024,6,289.78,2043.78,2333.56,8.7,16076.5,39965.8,2373.2,8950.429,3317.735,70632.775,3202402:13;3202444:506;3202445:506;3202446:476;3202447:542
111755.5277,1788878056.7172,6,289.78,2058.64,2348.42,108.0,16105.4,39936.8,2373.2,8951.587,3317.797,70632.783,3202402:13;3202444:507;3202445:506;3202446:475;3202447:557
111755.6390,1788878056.8285,6,289.91,2042.11,2332.02,178.1,16071.4,39970.8,2373.2,8951.975,3317.851,70632.791,3202402:13;3202444:507;3202445:504;3202446:474;3202447:544
111755.7511,1788878056.9406,6,289.91,2042.02,2331.92,54.6,16047.6,39994.6,2373.2,8953.635,3318.268,70632.791,3202402:13;3202444:506;3202445:504;3202446:475;3202447:544
111755.8606,1788878057.0502,6,289.91,2042.02,2331.92,0.0,16043.5,39998.7,2373.2,8953.636,3318.270,70632.791,3202402:13;3202444:506;3202445:504;3202446:475;3202447:544
111755.9701,1788878057.1596,6,289.91,2043.02,2332.92,27.6,16041.5,40000.7,2373.2,8954.823,3318.299,70632.791,3202402:13;3202444:506;3202445:504;3202446:476;3202447:544
111756.0799,1788878057.2694,6,289.91,2043.02,2332.92,0.0,16041.3,40000.9,2373.2,8954.823,3318.299,70632.791,3202402:13;3202444:506;3202445:504;3202446:476;3202447:544
111756.1904,1788878057.3800,6,289.91,2041.20,2331.11,81.0,16040.7,40001.5,2373.2,8955.892,3318.348,70632.791,3202402:13;3202444:503;3202445:504;3202446:477;3202447:543
111756.3012,1788878057.4908,6,289.91,2041.20,2331.11,18.4,16040.7,40001.5,2373.2,8955.892,3318.348,70632.791,3202402:13;3202444:503;3202445:504;3202446:477;3202447:543
111756.4104,1788878057.6000,6,289.91,2055.27,2345.18,91.0,16034.6,40007.7,2373.2,8956.539,3318.402,70632.791,3202402:13;3202444:503;3202445:520;3202446:477;3202447:542
111756.5204,1788878057.7099,6,289.91,2037.37,2327.27,100.5,16013.1,40029.1,2373.2,8956.539,3318.403,70632.791,3202402:13;3202444:502;3202445:506;3202446:477;3202447:540
111756.6297,1788878057.8193,6,289.91,2036.92,2326.83,36.6,16015.4,40026.8,2373.2,8957.211,3318.756,70632.791,3202402:13;3202444:502;3202445:505;3202446:477;3202447:540
111756.7396,1788878057.9292,6,289.91,2036.92,2326.83,0.0,16014.9,40027.4,2373.2,8957.211,3318.761,70632.791,3202402:13;3202444:502;3202445:505;3202446:477;3202447:540
111756.8488,1788878058.0383,6,289.91,2038.29,2328.20,36.7,16011.9,40030.3,2373.2,8958.390,3318.852,70632.791,3202402:13;3202444:503;3202445:505;3202446:478;3202447:540
111756.9593,1788878058.1488,6,289.91,2038.29,2328.20,0.0,16011.4,40030.8,2373.2,8958.403,3318.854,70632.791,3202402:13;3202444:503;3202445:505;3202446:478;3202447:540
111757.0691,1788878058.2587,6,289.91,2046.21,2336.12,117.3,16056.8,39985.4,2373.2,8959.595,3318.898,70632.791,3202402:13;3202444:518;3202445:505;3202446:470;3202447:540
111757.1798,1788878058.3693,6,289.91,2046.21,2336.12,0.0,16056.8,39985.4,2373.2,8959.595,3318.899,70632.791,3202402:13;3202444:518;3202445:505;3202446:470;3202447:540
111757.2885,1788878058.4781,6,289.91,2047.09,2337.00,18.2,16056.8,39985.4,2373.2,8960.710,3318.926,70632.791,3202402:13;3202444:519;3202445:505;3202446:470;3202447:540
111757.3984,1788878058.5879,6,289.91,2047.09,2337.00,8.9,16056.8,39985.4,2373.2,8960.710,3318.926,70632.791,3202402:13;3202444:519;3202445:505;3202446:470;3202447:540
111757.5103,1788878058.6998,6,289.91,2048.79,2338.69,9.0,16056.8,39985.4,2373.2,8961.833,3318.950,70632.791,3202402:13;3202444:519;3202445:506;3202446:471;3202447:540
111757.6210,1788878058.8105,6,289.91,2048.79,2338.69,0.0,16057.0,39985.2,2373.2,8961.833,3318.950,70632.791,3202402:13;3202444:519;3202445:506;3202446:471;3202447:540
111757.7301,1788878058.9196,6,289.91,2053.22,2343.12,244.7,16082.9,39959.3,2373.2,8962.748,3318.988,70632.791,3202402:13;3202444:518;3202445:508;3202446:466;3202447:548
111757.8409,1788878059.0304,6,290.03,2050.93,2340.96,27.2,16063.3,39979.0,2373.2,8962.748,3318.989,70632.791,3202402:13;3202444:518;3202445:506;3202446:466;3202447:548
111757.9506,1788878059.1401,6,290.03,2065.88,2355.91,123.0,16073.8,39968.4,2373.2,8963.442,3319.033,70632.791,3202402:13;3202444:526;3202445:506;3202446:474;3202447:547
111758.0647,1788878059.2542,6,290.41,2125.99,2416.40,833.2,16220.1,39822.1,2373.2,8963.447,3319.034,70632.791,3202402:13;3202444:603;3202445:494;3202446:466;3202447:549
