t_mono,t_wall,n_procs,client_rss_mb,workers_rss_mb,tree_rss_mb,tree_cpu_pct,sys_used_mb,sys_available_mb,swap_used_mb,net_recv_mb,net_sent_mb,disk_read_mb,workers
365.5144,1788883230.5692,2,23.05,12.25,35.29,0.0,1142.9,62110.6,0.0,7054.870,816.157,307.526,2969:12
365.6177,1788883230.6725,2,23.05,12.25,35.29,0.0,1143.2,62110.3,0.0,7054.870,816.157,307.526,2969:12
365.7208,1788883230.7756,2,23.05,12.25,35.29,0.0,1143.2,62110.3,0.0,7054.870,816.157,307.526,2969:12
365.8236,1788883230.8784,2,36.52,12.25,48.77,68.1,1151.1,62102.4,0.0,7054.870,816.162,307.526,2969:12
365.9270,1788883230.9818,2,62.35,12.25,74.59,1401.6,1163.2,62090.3,0.0,7054.870,816.164,307.526,2969:12
366.0335,1788883231.0883,2,74.96,12.25,87.21,97.1,1172.3,62081.2,0.0,7054.870,816.165,307.526,2969:12
366.1364,1788883231.1912,2,101.02,12.25,113.27,97.1,1189.5,62064.0,0.0,7054.870,816.166,307.526,2969:12
366.2394,1788883231.2942,2,118.83,12.25,131.08,106.9,1207.5,62045.9,0.0,7054.870,816.166,307.526,2969:12
366.3423,1788883231.3971,2,132.39,12.25,144.63,97.1,1213.3,62040.2,0.0,7054.870,816.166,307.526,2969:12
366.4454,1788883231.5002,2,176.76,12.25,189.01,97.0,1236.9,62016.6,0.0,7054.870,816.166,307.526,2969:12
366.5485,1788883231.6033,2,178.00,12.25,190.25,9.7,1237.2,62016.3,0.0,7054.876,816.168,307.526,2969:12
366.6515,1788883231.7063,6,232.21,64.00,296.22,38.7,1261.5,61992.0,0.0,7055.014,816.169,307.526,2969:12;2992:13;2993:13;2994:13;2995:13
366.7550,1788883231.8098,6,232.21,150.55,382.77,386.2,1300.5,61952.9,0.0,7055.014,816.169,307.526,2969:12;2992:35;2993:35;2994:34;2995:35
366.8650,1788883231.9198,6,232.21,218.18,450.39,1440.2,1317.5,61936.0,0.0,7055.014,816.169,307.526,2969:12;2992:50;2993:50;2994:50;2995:56
366.9739,1788883232.0287,6,232.21,320.95,553.16,385.6,1364.9,61888.6,0.0,7055.014,816.169,307.526,2969:12;2992:77;2993:77;2994:76;2995:79
367.0776,1788883232.1324,6,232.21,396.39,628.61,405.2,1415.4,61838.0,0.0,7055.014,816.169,307.526,2969:12;2992:96;2993:96;2994:95;2995:98
367.1812,1788883232.2360,6,233.13,427.34,660.46,338.0,1429.2,61824.3,0.0,7055.014,816.170,307.526,2969:12;2992:104;2993:104;2994:104;2995:104
367.2848,1788883232.3396,6,234.15,427.34,661.48,19.3,1429.6,61823.9,0.0,7055.021,816.171,307.526,2969:12;2992:104;2993:104;2994:104;2995:104
367.3882,1788883232.4430,6,236.25,427.34,663.58,19.4,1429.6,61823.9,0.0,7055.032,816.173,307.526,2969:12;2992:104;2993:104;2994:104;2995:104
367.4914,1788883232.5462,6,236.25,427.34,663.58,0.0,1429.6,61823.9,0.0,7055.032,816.173,307.526,2969:12;2992:104;2993:104;2994:104;2995:104
367.5944,1788883232.6492,6,237.12,427.34,664.46,19.4,1431.1,61822.4,0.0,7055.043,816.173,307.526,2969:12;2992:104;2993:104;2994:104;2995:104
367.6975,1788883232.7523,6,237.98,427.34,665.31,0.0,1431.8,61821.6,0.0,7055.053,816.174,307.526,2969:12;2992:104;2993:104;2994:104;2995:104
367.8006,1788883232.8554,6,239.65,427.34,666.99,29.1,1433.6,61819.9,0.0,7055.074,816.176,307.526,2969:12;2992:104;2993:104;2994:104;2995:104
367.9036,1788883232.9584,6,240.50,427.34,667.84,9.7,1434.3,61819.2,0.0,7055.085,816.177,307.526,2969:12;2992:104;2993:104;2994:104;2995:104
368.0067,1788883233.0615,6,241.34,427.34,668.67,9.7,1435.6,61817.9,0.0,7055.095,816.178,307.526,2969:12;2992:104;2993:104;2994:104;2995:104
368.1098,1788883233.1646,6,242.18,427.34,669.52,9.7,1434.9,61818.6,0.0,7055.106,816.178,307.526,2969:12;2992:104;2993:104;2994:104;2995:104
368.2129,1788883233.2677,6,243.00,427.34,670.34,19.4,1435.4,61818.1,0.0,7055.116,816.179,307.526,2969:12;2992:104;2993:104;2994:104;2995:104
368.3160,1788883233.3708,6,243.82,427.34,671.16,9.7,1429.4,61824.1,0.0,7055.127,816.180,307.526,2969:12;2992:104;2993:104;2994:104;2995:104
368.4190,1788883233.4738,6,244.67,427.34,672.01,19.4,1430.4,61823.1,0.0,7055.137,816.181,307.526,2969:12;2992:104;2993:104;2994:104;2995:104
368.5221,1788883233.5769,6,245.67,427.34,673.01,9.7,1431.4,61822.1,0.0,7055.158,816.182,307.526,2969:12;2992:104;2993:104;2994:104;2995:104
368.6251,1788883233.6799,6,246.34,427.34,673.68,19.4,1432.1,61821.4,0.0,7055.158,816.182,307.526,2969:12;2992:104;2993:104;2994:104;2995:104
368.7282,1788883233.7830,6,247.18,427.34,674.52,9.7,1432.6,61820.9,0.0,7055.169,816.183,307.526,2969:12;2992:104;2993:104;2994:104;2995:104
368.8312,1788883233.8861,6,248.02,427.34,675.36,19.4,1433.6,61819.9,0.0,7055.179,816.184,307.526,2969:12;2992:104;2993:104;2994:104;2995:104
368.9343,1788883233.9891,6,248.84,427.34,676.18,38.7,1434.6,61818.9,0.0,7055.190,816.185,307.526,2969:12;2992:104;2993:104;2994:104;2995:104
369.0377,1788883234.0926,6,249.67,427.34,677.01,9.7,1434.2,61819.3,0.0,7055.200,816.189,307.526,2969:12;2992:104;2993:104;2994:104;2995:104
369.1411,1788883234.1959,6,250.50,427.34,677.84,9.7,1434.9,61818.6,0.0,7055.211,816.191,307.526,2969:12;2992:104;2993:104;2994:104;2995:104
369.2443,1788883234.2991,6,251.33,427.36,678.69,19.4,1435.7,61817.8,0.0,7055.221,816.192,307.526,2969:12;2992:104;2993:104;2994:104;2995:104
369.3474,1788883234.4022,6,252.16,427.36,679.52,9.7,1436.6,61816.8,0.0,7055.232,816.194,307.526,2969:12;2992:104;2993:104;2994:104;2995:104
369.4505,1788883234.5053,6,252.16,427.36,679.52,0.0,1436.6,61816.8,0.0,7055.232,816.194,307.526,2969:12;2992:104;2993:104;2994:104;2995:104
369.5535,1788883234.6083,6,252.99,427.36,680.35,9.7,1437.4,61816.1,0.0,7055.242,816.196,307.526,2969:12;2992:104;2993:104;2994:104;2995:104
369.6566,1788883234.7114,6,253.82,427.36,681.18,9.7,1438.1,61815.4,0.0,7055.252,816.198,307.526,2969:12;2992:104;2993:104;2994:104;2995:104
369.7597,1788883234.8145,6,254.65,427.36,682.01,19.4,1439.1,61814.4,0.0,7055.263,816.199,307.526,2969:12;2992:104;2993:104;2994:104;2995:104
369.8627,1788883234.9175,6,255.49,427.36,682.84,9.7,1439.8,61813.6,0.0,7055.273,816.200,307.526,2969:12;2992:104;2993:104;2994:104;2995:104
369.9658,1788883235.0206,6,256.32,427.36,683.68,9.7,1440.3,61813.1,0.0,7055.283,816.201,307.526,2969:12;2992:104;2993:104;2994:104;2995:104
370.0689,1788883235.1237,6,257.14,427.36,684.50,9.7,1440.8,61812.6,0.0,7055.294,816.202,307.526,2969:12;2992:104;2993:104;2994:104;2995:104
370.1719,1788883235.2268,6,257.96,427.37,685.33,9.7,1441.6,61811.9,0.0,7055.304,816.203,307.526,2969:12;2992:104;2993:104;2994:104;2995:104
370.2750,1788883235.3298,6,258.80,427.37,686.17,9.7,1441.1,61812.3,0.0,7055.315,816.204,307.526,2969:12;2992:104;2993:104;2994:104;2995:104
370.3780,1788883235.4329,6,259.64,427.37,687.01,9.7,1440.9,61812.6,0.0,7055.325,816.204,307.526,2969:12;2992:104;2993:104;2994:104;2995:104
370.4811,1788883235.5359,6,260.46,427.37,687.83,9.7,1441.7,61811.8,0.0,7055.335,816.205,307.526,2969:12;2992:104;2993:104;2994:104;2995:104
370.5842,1788883235.6390,6,261.29,427.37,688.66,9.7,1442.6,61810.8,0.0,7055.346,816.206,307.526,2969:12;2992:104;2993:104;2994:104;2995:104
370.6873,1788883235.7421,6,262.13,427.37,689.50,19.4,1443.4,61810.1,0.0,7055.356,816.207,307.526,2969:12;2992:104;2993:104;2994:104;2995:104
370.7903,1788883235.8451,6,262.96,427.37,690.33,19.4,1444.4,61809.1,0.0,7055.367,816.208,307.526,2969:12;2992:104;2993:104;2994:104;2995:104
370.8934,1788883235.9482,6,264.55,427.37,691.92,9.7,1445.5,61808.0,0.0,7055.387,816.208,307.526,2969:12;2992:104;2993:104;2994:104;2995:104
370.9965,1788883236.0513,6,265.37,427.37,692.74,9.7,1446.6,61806.9,0.0,7055.398,816.209,307.526,2969:12;2992:104;2993:104;2994:104;2995:104
371.0995,1788883236.1543,6,266.29,427.37,693.65,29.1,1447.6,61805.9,0.0,7055.408,816.211,307.526,2969:12;2992:104;2993:104;2994:104;2995:104
371.2026,1788883236.2574,6,267.12,427.37,694.49,9.7,1448.3,61805.2,0.0,7055.418,816.211,307.526,2969:12;2992:104;2993:104;2994:104;2995:104
371.3057,1788883236.3605,6,267.95,427.37,695.31,9.7,1449.3,61804.2,0.0,7055.429,816.212,307.526,2969:12;2992:104;2993:104;2994:104;2995:104
371.4087,1788883236.4635,6,268.79,427.37,696.15,9.7,1450.0,61803.5,0.0,7055.439,816.213,307.526,2969:12;2992:104;2993:104;2994:104;2995:104
371.5118,1788883236.5666,6,269.59,427.37,696.96,9.7,1450.5,61803.0,0.0,7055.450,816.214,307.526,2969:12;2992:104;2993:104;2994:104;2995:104
371.6149,1788883236.6697,6,270.43,427.37,697.80,9.7,1447.9,61805.6,0.0,7055.460,816.214,307.526,2969:12;2992:104;2993:104;2994:104;2995:104
371.7179,1788883236.7727,6,271.41,427.37,698.78,48.3,1448.6,61804.8,0.0,7055.470,816.215,307.526,2969:12;2992:104;2993:104;2994:104;2995:104
371.8216,1788883236.8764,6,272.09,427.37,699.46,19.3,1449.8,61803.7,0.0,7055.480,816.216,307.526,2969:12;2992:104;2993:104;2994:104;2995:104
371.9250,1788883236.9798,6,272.45,427.37,699.82,0.0,1449.8,61803.7,0.0,7055.491,816.216,307.526,2969:12;2992:104;2993:104;2994:104;2995:104
372.0281,1788883237.0829,6,273.75,427.37,701.12,29.1,1451.3,61802.2,0.0,7055.501,816.217,307.526,2969:12;2992:104;2993:104;2994:104;2995:104
372.1312,1788883237.1860,6,274.57,427.37,701.93,9.7,1452.3,61801.2,0.0,7055.512,816.218,307.526,2969:12;2992:104;2993:104;2994:104;2995:104
372.2343,1788883237.2891,6,275.42,427.38,702.80,9.7,1453.0,61800.5,0.0,7055.522,816.219,307.526,2969:12;2992:104;2993:104;2994:104;2995:104
372.3374,1788883237.3922,6,276.24,427.38,703.62,9.7,1442.3,61811.2,0.0,7055.532,816.220,307.526,2969:12;2992:104;2993:104;2994:104;2995:104
372.4405,1788883237.4953,6,277.07,427.38,704.45,9.7,1443.3,61810.2,0.0,7055.543,816.221,307.526,2969:12;2992:104;2993:104;2994:104;2995:104
372.5435,1788883237.5983,6,277.91,427.38,705.28,9.7,1444.2,61809.2,0.0,7055.553,816.221,307.526,2969:12;2992:104;2993:104;2994:104;2995:104
372.6466,1788883237.7014,6,278.74,427.38,706.11,9.7,1445.2,61808.3,0.0,7055.563,816.222,307.526,2969:12;2992:104;2993:104;2994:104;2995:104
372.7497,1788883237.8045,6,279.57,427.38,706.95,9.7,1446.0,61807.5,0.0,7055.574,816.223,307.526,2969:12;2992:104;2993:104;2994:104;2995:104
372.8527,1788883237.9075,6,280.39,427.38,707.77,9.7,1446.7,61806.8,0.0,7055.584,816.224,307.526,2969:12;2992:104;2993:104;2994:104;2995:104
372.9558,1788883238.0106,6,281.23,427.38,708.60,19.4,1447.7,61805.8,0.0,7055.594,816.224,307.526,2969:12;2992:104;2993:104;2994:104;2995:104
373.0589,1788883238.1137,6,282.05,427.38,709.43,9.7,1448.3,61805.2,0.0,7055.605,816.225,307.526,2969:12;2992:104;2993:104;2994:104;2995:104
373.1619,1788883238.2167,6,283.72,427.38,711.09,29.1,1450.0,61803.5,0.0,7055.625,816.227,307.526,2969:12;2992:104;2993:104;2994:104;2995:104
373.2650,1788883238.3198,6,284.54,427.39,711.93,9.7,1450.7,61802.8,0.0,7055.636,816.228,307.526,2969:12;2992:104;2993:104;2994:104;2995:104
373.3681,1788883238.4229,6,285.35,427.39,712.74,9.7,1451.2,61802.3,0.0,7055.646,816.228,307.526,2969:12;2992:104;2993:104;2994:104;2995:104
373.4712,1788883238.5260,6,285.35,427.39,712.74,0.0,1451.2,61802.3,0.0,7055.646,816.228,307.526,2969:12;2992:104;2993:104;2994:104;2995:104
373.5742,1788883238.6291,6,286.20,427.39,713.58,19.4,1452.2,61801.3,0.0,7055.656,816.229,307.526,2969:12;2992:104;2993:104;2994:104;2995:104
373.6773,1788883238.7321,6,287.85,427.39,715.23,19.4,1451.0,61802.5,0.0,7055.677,816.231,307.526,2969:12;2992:104;2993:104;2994:104;2995:104
373.7804,1788883238.8352,6,288.69,427.39,716.07,9.7,1451.7,61801.8,0.0,7055.687,816.231,307.526,2969:12;2992:104;2993:104;2994:104;2995:104
373.8834,1788883238.9383,6,289.51,427.39,716.89,9.7,1452.5,61801.0,0.0,7055.698,816.232,307.526,2969:12;2992:104;2993:104;2994:104;2995:104
373.9865,1788883239.0413,6,290.34,427.39,717.73,9.7,1453.4,61800.0,0.0,7055.708,816.233,307.526,2969:12;2992:104;2993:104;2994:104;2995:104
374.0896,1788883239.1444,6,291.18,427.39,718.57,9.7,1452.1,61801.4,0.0,7055.718,816.234,307.526,2969:12;2992:104;2993:104;2994:104;2995:104
374.1927,1788883239.2475,6,292.01,427.39,719.39,9.7,1452.6,61800.9,0.0,7055.729,816.235,307.526,2969:12;2992:104;2993:104;2994:104;2995:104
374.2958,1788883239.3506,6,292.81,427.39,720.20,77.2,1453.6,61799.9,0.0,7055.739,816.235,307.526,2969:12;2992:104;2993:104;2994:104;2995:104
374.3996,1788883239.4544,6,293.68,427.39,721.06,9.7,1454.5,61798.9,0.0,7055.749,816.236,307.526,2969:12;2992:104;2993:104;2994:104;2995:104
374.5030,1788883239.5578,6,293.68,427.39,721.06,0.0,1454.5,61798.9,0.0,7055.749,816.236,307.526,2969:12;2992:104;2993:104;2994:104;2995:104
374.6062,1788883239.6610,6,294.54,427.39,721.93,9.7,1455.5,61798.0,0.0,7055.764,816.238,307.526,2969:12;2992:104;2993:104;2994:104;2995:104
374.7093,1788883239.7641,6,295.21,427.39,722.59,87.3,1455.5,61798.0,0.0,7055.765,816.238,307.526,2969:12;2992:104;2993:104;2994:104;2995:104
374.8123,1788883239.8672,6,295.94,427.39,723.32,97.0,1455.9,61797.6,0.0,7055.765,816.238,307.526,2969:12;2992:104;2993:104;2994:104;2995:104
374.9154,1788883239.9703,6,296.74,427.39,724.13,97.0,1457.1,61796.4,0.0,7055.765,816.238,307.526,2969:12;2992:104;2993:104;2994:104;2995:104
375.0185,1788883240.0734,6,297.53,427.39,724.92,106.7,1459.2,61794.3,0.0,7055.765,816.238,307.526,2969:12;2992:104;2993:104;2994:104;2995:104
375.1216,1788883240.1765,6,298.34,427.39,725.73,97.0,1459.3,61794.1,0.0,7055.765,816.238,307.526,2969:12;2992:104;2993:104;2994:104;2995:104
375.2248,1788883240.2796,6,301.34,427.40,728.75,106.7,1462.9,61790.6,0.0,7055.765,816.238,307.526,2969:12;2992:104;2993:104;2994:104;2995:104
375.3279,1788883240.3827,6,301.40,427.40,728.80,106.7,1462.9,61790.6,0.0,7055.765,816.238,307.526,2969:12;2992:104;2993:104;2994:104;2995:104
375.4310,1788883240.4858,6,301.43,427.40,728.83,97.0,1462.9,61790.6,0.0,7055.765,816.238,307.526,2969:12;2992:104;2993:104;2994:104;2995:104
375.5340,1788883240.5888,6,301.46,427.40,728.87,97.0,1461.7,61791.8,0.0,7055.765,816.241,307.526,2969:12;2992:104;2993:104;2994:104;2995:104
375.6371,1788883240.6919,6,301.48,427.40,728.89,106.7,1458.9,61794.6,0.0,7055.765,816.241,307.526,2969:12;2992:104;2993:104;2994:104;2995:104
375.7402,1788883240.7950,6,301.49,427.40,728.89,97.0,1458.9,61794.6,0.0,7055.765,816.241,307.526,2969:12;2992:104;2993:104;2994:104;2995:104
375.8432,1788883240.8980,6,301.56,427.40,728.96,97.0,1458.9,61794.6,0.0,7055.765,816.241,307.526,2969:12;2992:104;2993:104;2994:104;2995:104
375.9463,1788883241.0011,6,301.57,427.40,728.98,106.7,1458.9,61794.6,0.0,7055.765,816.241,307.526,2969:12;2992:104;2993:104;2994:104;2995:104
376.0494,1788883241.1042,6,301.83,427.40,729.23,97.0,1459.2,61794.2,0.0,7055.765,816.243,307.526,2969:12;2992:104;2993:104;2994:104;2995:104
376.1525,1788883241.2073,6,301.85,427.40,729.25,97.0,1459.2,61794.2,0.0,7055.765,816.243,307.526,2969:12;2992:104;2993:104;2994:104;2995:104
376.2556,1788883241.3104,6,301.88,427.40,729.29,97.0,1459.2,61794.2,0.0,7055.765,816.243,307.526,2969:12;2992:104;2993:104;2994:104;2995:104
376.3587,1788883241.4135,6,301.90,427.40,729.30,106.7,1458.1,61795.3,0.0,7055.765,816.243,307.526,2969:12;2992:104;2993:104;2994:104;2995:104
376.4618,1788883241.5166,6,301.92,427.40,729.32,97.0,1458.1,61795.3,0.0,7055.765,816.243,307.526,2969:12;2992:104;2993:104;2994:104;2995:104
376.5648,1788883241.6196,6,301.93,427.40,729.34,97.0,1458.1,61795.3,0.0,7055.765,816.245,307.526,2969:12;2992:104;2993:104;2994:104;2995:104
376.6679,1788883241.7227,6,301.97,427.40,729.37,106.7,1458.1,61795.3,0.0,7055.765,816.245,307.526,2969:12;2992:104;2993:104;2994:104;2995:104
376.7710,1788883241.8258,6,301.98,427.40,729.39,97.0,1458.1,61795.3,0.0,7055.765,816.245,307.526,2969:12;2992:104;2993:104;2994:104;2995:104
376.8740,1788883241.9288,6,302.02,427.40,729.42,97.0,1458.1,61795.3,0.0,7055.765,816.245,307.526,2969:12;2992:104;2993:104;2994:104;2995:104
376.9771,1788883242.0319,6,302.04,427.40,729.44,106.7,1458.1,61795.3,0.0,7055.765,816.245,307.526,2969:12;2992:104;2993:104;2994:104;2995:104
377.0802,1788883242.1350,6,302.07,427.40,729.47,97.0,1457.1,61796.4,0.0,7055.765,816.247,307.526,2969:12;2992:104;2993:104;2994:104;2995:104
377.1833,1788883242.2381,6,302.09,427.40,729.49,106.7,1457.1,61796.4,0.0,7055.765,816.247,307.526,2969:12;2992:104;2993:104;2994:104;2995:104
377.2864,1788883242.3412,6,302.11,427.40,729.51,106.7,1457.1,61796.4,0.0,7055.765,816.247,307.526,2969:12;2992:104;2993:104;2994:104;2995:104
377.3894,1788883242.4442,6,302.16,427.40,729.56,97.0,1457.1,61796.4,0.0,7055.765,816.247,307.526,2969:12;2992:104;2993:104;2994:104;2995:104
377.4925,1788883242.5473,6,302.18,427.40,729.58,97.0,1457.1,61796.4,0.0,7055.765,816.247,307.526,2969:12;2992:104;2993:104;2994:104;2995:104
377.5955,1788883242.6503,6,302.29,427.40,729.69,97.0,1457.1,61796.4,0.0,7055.765,816.247,307.526,2969:12;2992:104;2993:104;2994:104;2995:104
377.6986,1788883242.7534,6,302.30,427.40,729.71,106.7,1454.6,61798.8,0.0,7055.765,816.247,307.526,2969:12;2992:104;2993:104;2994:104;2995:104
377.8016,1788883242.8564,6,302.32,427.40,729.72,97.0,1454.6,61798.8,0.0,7055.765,816.247,307.526,2969:12;2992:104;2993:104;2994:104;2995:104
377.9047,1788883242.9595,6,302.35,427.40,729.75,97.0,1454.6,61798.8,0.0,7055.765,816.247,307.526,2969:12;2992:104;2993:104;2994:104;2995:104
378.0077,1788883243.0626,6,302.37,427.40,729.77,106.7,1454.6,61798.8,0.0,7055.765,816.247,307.526,2969:12;2992:104;2993:104;2994:104;2995:104
378.1108,1788883243.1656,6,302.38,427.40,729.78,97.1,1454.6,61798.8,0.0,7055.765,816.247,307.526,2969:12;2992:104;2993:104;2994:104;2995:104
378.2139,1788883243.2687,6,302.41,427.40,729.81,106.7,1454.6,61798.8,0.0,7055.765,816.247,307.526,2969:12;2992:104;2993:104;2994:104;2995:104
378.3169,1788883243.3717,6,302.43,427.40,729.83,106.7,1454.6,61798.8,0.0,7055.765,816.247,307.526,2969:12;2992:104;2993:104;2994:104;2995:104
378.4200,1788883243.4748,6,302.44,427.40,729.84,97.1,1454.6,61798.8,0.0,7055.765,816.247,307.526,2969:12;2992:104;2993:104;2994:104;2995:104
378.5230,1788883243.5778,6,302.46,427.40,729.87,97.1,1454.6,61798.8,0.0,7055.765,816.247,307.526,2969:12;2992:104;2993:104;2994:104;2995:104
378.6260,1788883243.6808,6,302.48,427.40,729.89,106.8,1454.6,61798.8,0.0,7055.765,816.247,307.526,2969:12;2992:104;2993:104;2994:104;2995:104
378.7291,1788883243.7839,6,302.52,427.40,729.92,97.0,1454.6,61798.8,0.0,7055.765,816.247,307.526,2969:12;2992:104;2993:104;2994:104;2995:104
378.8322,1788883243.8870,6,302.54,427.40,729.95,97.0,1454.6,61798.8,0.0,7055.765,816.247,307.526,2969:12;2992:104;2993:104;2994:104;2995:104
378.9352,1788883243.9900,6,302.58,427.40,729.98,106.7,1454.6,61798.8,0.0,7055.765,816.247,307.526,2969:12;2992:104;2993:104;2994:104;2995:104
379.0383,1788883244.0931,6,302.61,427.40,730.02,97.0,1452.5,61801.0,0.0,7055.765,816.247,307.526,2969:12;2992:104;2993:104;2994:104;2995:104
379.1413,1788883244.1961,6,302.63,427.40,730.04,97.0,1452.5,61801.0,0.0,7055.765,816.247,307.526,2969:12;2992:104;2993:104;2994:104;2995:104
379.2444,1788883244.2992,6,302.65,427.41,730.07,97.0,1452.5,61801.0,0.0,7055.765,816.247,307.526,2969:12;2992:104;2993:104;2994:104;2995:104
379.3475,1788883244.4023,6,302.67,427.41,730.09,106.7,1452.5,61801.0,0.0,7055.765,816.247,307.526,2969:12;2992:104;2993:104;2994:104;2995:104
379.4506,1788883244.5054,6,302.70,427.41,730.12,96.9,1452.5,61801.0,0.0,7055.765,816.247,307.526,2969:12;2992:104;2993:104;2994:104;2995:104
379.5538,1788883244.6086,6,302.73,427.41,730.14,97.0,1452.5,61801.0,0.0,7055.765,816.247,307.526,2969:12;2992:104;2993:104;2994:104;2995:104
379.6569,1788883244.7117,6,302.75,427.41,730.17,106.7,1452.5,61801.0,0.0,7055.765,816.247,307.526,2969:12;2992:104;2993:104;2994:104;2995:104
379.7600,1788883244.8148,6,302.79,427.41,730.20,97.0,1452.5,61801.0,0.0,7055.765,816.247,307.526,2969:12;2992:104;2993:104;2994:104;2995:104
379.8631,1788883244.9179,6,302.81,427.41,730.22,97.0,1452.5,61801.0,0.0,7055.765,816.247,307.526,2969:12;2992:104;2993:104;2994:104;2995:104
379.9661,1788883245.0209,6,302.84,427.41,730.26,106.7,1452.5,61801.0,0.0,7055.765,816.247,307.526,2969:12;2992:104;2993:104;2994:104;2995:104
380.0692,1788883245.1240,6,302.88,427.41,730.29,97.0,1450.6,61802.8,0.0,7055.765,816.247,307.526,2969:12;2992:104;2993:104;2994:104;2995:104
380.1722,1788883245.2271,6,303.20,427.41,730.61,106.6,1450.6,61802.8,0.0,7055.765,816.247,307.526,2969:12;2992:104;2993:104;2994:104;2995:104
380.2754,1788883245.3302,6,303.21,427.41,730.63,106.7,1450.6,61802.8,0.0,7055.765,816.247,307.526,2969:12;2992:104;2993:104;2994:104;2995:104
380.3785,1788883245.4333,6,303.21,427.41,730.63,106.7,1450.2,61803.3,0.0,7055.765,816.247,307.526,2969:12;2992:104;2993:104;2994:104;2995:104
380.4815,1788883245.5363,6,303.23,427.41,730.64,97.0,1450.2,61803.3,0.0,7055.765,816.247,307.526,2969:12;2992:104;2993:104;2994:104;2995:104
380.5848,1788883245.6396,6,303.26,427.41,730.68,106.5,1457.7,61795.8,0.0,7055.765,816.247,307.526,2969:12;2992:104;2993:104;2994:104;2995:104
380.6878,1788883245.7426,6,306.90,427.41,734.31,96.9,1461.2,61792.2,0.0,7055.765,816.247,307.526,2969:12;2992:104;2993:104;2994:104;2995:104
380.7911,1788883245.8459,6,309.23,427.41,736.65,96.5,1462.8,61790.7,0.0,7055.765,816.247,307.526,2969:12;2992:104;2993:104;2994:104;2995:104
380.8948,1788883245.9496,6,316.46,427.41,743.88,106.0,1469.5,61784.0,0.0,7055.765,816.247,307.526,2969:12;2992:104;2993:104;2994:104;2995:104
380.9985,1788883246.0534,6,323.93,427.41,751.35,96.4,1480.1,61773.3,0.0,7055.765,816.247,307.526,2969:12;2992:104;2993:104;2994:104;2995:104
381.1022,1788883246.1571,6,338.34,427.41,765.75,106.2,1490.1,61763.4,0.0,7055.765,816.247,307.526,2969:12;2992:104;2993:104;2994:104;2995:104
381.2057,1788883246.2605,6,360.32,427.43,787.75,96.7,1510.6,61742.9,0.0,7055.765,816.247,307.526,2969:12;2992:104;2993:104;2994:104;2995:104
381.3092,1788883246.3640,6,361.45,427.43,788.88,106.0,1512.6,61740.9,0.0,7055.765,816.247,307.526,2969:12;2992:104;2993:104;2994:104;2995:104
381.4129,1788883246.4677,6,367.43,427.43,794.86,96.4,1520.1,61733.4,0.0,7055.765,816.247,307.526,2969:12;2992:104;2993:104;2994:104;2995:104
381.5166,1788883246.5714,6,389.93,427.43,817.36,96.6,1541.0,61712.5,0.0,7055.765,816.247,307.526,2969:12;2992:104;2993:104;2994:104;2995:104
381.6202,1788883246.6750,6,404.91,427.43,832.34,96.6,1556.3,61697.2,0.0,7055.765,816.247,307.526,2969:12;2992:104;2993:104;2994:104;2995:104
381.7237,1788883246.7785,6,412.30,427.43,839.73,96.8,1561.0,61692.4,0.0,7055.765,816.247,307.526,2969:12;2992:104;2993:104;2994:104;2995:104
381.8270,1788883246.8819,6,413.32,427.43,840.75,106.0,1562.6,61690.9,0.0,7055.765,816.247,307.526,2969:12;2992:104;2993:104;2994:104;2995:104
381.9308,1788883246.9856,6,413.32,427.43,840.75,96.4,1562.6,61690.9,0.0,7055.765,816.247,307.526,2969:12;2992:104;2993:104;2994:104;2995:104
382.0345,1788883247.0894,6,418.80,427.43,846.23,106.1,1568.3,61685.1,0.0,7055.765,816.247,307.526,2969:12;2992:104;2993:104;2994:104;2995:104
382.1382,1788883247.1930,6,425.42,427.43,852.85,96.5,1572.6,61680.9,0.0,7055.765,816.247,307.526,2969:12;2992:104;2993:104;2994:104;2995:104
382.2417,1788883247.2965,6,434.57,427.43,862.00,106.5,1583.2,61670.2,0.0,7055.765,816.247,307.526,2969:12;2992:104;2993:104;2994:104;2995:104
382.3450,1788883247.3998,6,445.03,427.43,872.46,106.5,1592.7,61660.8,0.0,7055.765,816.247,307.526,2969:12;2992:104;2993:104;2994:104;2995:104
382.4483,1788883247.5031,6,444.13,427.43,871.56,96.8,1596.3,61657.2,0.0,7055.765,816.247,307.526,2969:12;2992:104;2993:104;2994:104;2995:104
382.5517,1788883247.6065,6,454.60,427.43,882.03,106.4,1605.3,61648.1,0.0,7055.765,816.247,307.526,2969:12;2992:104;2993:104;2994:104;2995:104
382.6551,1788883247.7099,6,456.79,427.43,884.21,96.7,1605.3,61648.1,0.0,7055.765,816.247,307.526,2969:12;2992:104;2993:104;2994:104;2995:104
382.7585,1788883247.8133,6,456.79,427.43,884.21,96.1,1605.3,61648.1,0.0,7055.765,816.247,307.526,2969:12;2992:104;2993:104;2994:104;2995:104
382.8626,1788883247.9174,6,456.79,427.43,884.21,105.8,1606.1,61647.3,0.0,7055.765,816.247,307.526,2969:12;2992:104;2993:104;2994:104;2995:104
382.9665,1788883248.0213,6,459.17,427.43,886.60,96.3,1607.8,61645.6,0.0,7055.767,816.248,307.526,2969:12;2992:104;2993:104;2994:104;2995:104
383.0703,1788883248.1252,6,473.16,427.43,900.59,106.1,1620.1,61633.4,0.0,7055.767,816.248,307.526,2969:12;2992:104;2993:104;2994:104;2995:104
383.1739,1788883248.2288,6,476.27,427.43,903.70,96.5,1626.1,61627.4,0.0,7055.768,816.250,307.526,2969:12;2992:104;2993:104;2994:104;2995:104
383.2776,1788883248.3324,6,478.55,427.43,905.98,96.6,1626.1,61627.4,0.0,7055.768,816.250,307.526,2969:12;2992:104;2993:104;2994:104;2995:104
383.3811,1788883248.4359,6,479.61,427.43,907.04,106.3,1626.1,61627.4,0.0,7055.768,816.250,307.526,2969:12;2992:104;2993:104;2994:104;2995:104
383.4846,1788883248.5394,6,487.31,427.43,914.74,106.3,1633.2,61620.3,0.0,7055.768,816.250,307.526,2969:12;2992:104;2993:104;2994:104;2995:104
383.5881,1788883248.6429,6,486.43,427.43,913.86,86.9,1634.7,61618.7,0.0,7055.769,816.250,307.526,2969:12;2992:104;2993:104;2994:104;2995:104
383.6916,1788883248.7465,6,487.14,427.43,914.57,106.3,1633.6,61619.9,0.0,7055.769,816.250,307.526,2969:12;2992:104;2993:104;2994:104;2995:104
383.7951,1788883248.8500,6,497.18,427.43,924.61,96.5,1641.8,61611.6,0.0,7055.769,816.250,307.526,2969:12;2992:104;2993:104;2994:104;2995:104
383.8988,1788883248.9536,6,501.59,427.43,929.02,105.8,1654.2,61599.3,0.0,7055.770,816.252,307.526,2969:12;2992:104;2993:104;2994:104;2995:104
384.0027,1788883249.0576,6,501.59,427.43,929.02,96.1,1659.4,61594.1,0.0,7055.771,816.252,307.526,2969:12;2992:104;2993:104;2994:104;2995:104
384.1068,1788883249.1616,6,501.59,427.43,929.02,105.8,1661.6,61591.8,0.0,7055.771,816.252,307.526,2969:12;2992:104;2993:104;2994:104;2995:104
384.2107,1788883249.2656,6,501.59,427.43,929.02,96.3,1661.6,61591.8,0.0,7055.771,816.253,307.526,2969:12;2992:104;2993:104;2994:104;2995:104
384.3145,1788883249.3693,6,503.08,427.43,930.51,96.4,1661.6,61591.8,0.0,7055.771,816.253,307.526,2969:12;2992:104;2993:104;2994:104;2995:104
384.4182,1788883249.4730,6,518.95,427.43,946.38,106.0,1676.6,61576.8,0.0,7055.771,816.253,307.526,2969:12;2992:104;2993:104;2994:104;2995:104
384.5220,1788883249.5768,6,542.13,427.43,969.56,106.1,1706.9,61546.6,0.0,7055.771,816.254,307.526,2969:12;2992:104;2993:104;2994:104;2995:104
384.6257,1788883249.6805,6,554.80,427.43,982.23,86.8,1714.4,61539.1,0.0,7055.772,816.254,307.526,2969:12;2992:104;2993:104;2994:104;2995:104
384.7294,1788883249.7842,6,566.86,427.43,994.29,106.1,1724.6,61528.9,0.0,7055.772,816.254,307.526,2969:12;2992:104;2993:104;2994:104;2995:104
384.8330,1788883249.8878,6,580.04,427.43,1007.47,96.5,1738.4,61515.0,0.0,7055.772,816.254,307.526,2969:12;2992:104;2993:104;2994:104;2995:104
384.9366,1788883249.9914,6,587.46,427.43,1014.89,106.1,1745.9,61507.5,0.0,7055.772,816.254,307.526,2969:12;2992:104;2993:104;2994:104;2995:104
385.0404,1788883250.0952,6,587.46,427.43,1014.89,96.3,1743.5,61510.0,0.0,7055.772,816.254,307.526,2969:12;2992:104;2993:104;2994:104;2995:104
385.1442,1788883250.1991,6,587.46,427.43,1014.89,105.9,1743.5,61510.0,0.0,7055.772,816.254,307.526,2969:12;2992:104;2993:104;2994:104;2995:104
385.2480,1788883250.3028,6,587.46,427.43,1014.89,105.9,1743.4,61510.0,0.0,7055.772,816.254,307.526,2969:12;2992:104;2993:104;2994:104;2995:104
385.3519,1788883250.4067,6,587.46,427.43,1014.89,96.3,1743.4,61510.0,0.0,7055.772,816.254,307.526,2969:12;2992:104;2993:104;2994:104;2995:104
385.4557,1788883250.5105,6,587.46,427.43,1014.89,96.4,1743.4,61510.0,0.0,7055.772,816.254,307.526,2969:12;2992:104;2993:104;2994:104;2995:104
385.5595,1788883250.6143,6,592.62,427.43,1020.05,106.1,1750.2,61503.3,0.0,7055.772,816.254,307.526,2969:12;2992:104;2993:104;2994:104;2995:104
385.6631,1788883250.7180,6,543.61,427.43,971.04,96.4,1750.2,61503.3,0.0,7055.772,816.254,307.526,2969:12;2992:104;2993:104;2994:104;2995:104
385.7669,1788883250.8217,6,541.42,427.43,968.85,96.4,1750.2,61503.3,0.0,7055.772,816.254,307.526,2969:12;2992:104;2993:104;2994:104;2995:104
385.8706,1788883250.9254,6,547.36,427.43,974.79,106.1,1750.2,61503.3,0.0,7055.772,816.254,307.526,2969:12;2992:104;2993:104;2994:104;2995:104
385.9743,1788883251.0291,6,555.41,427.43,982.84,96.5,1748.3,61505.2,0.0,7055.772,816.254,307.526,2969:12;2992:104;2993:104;2994:104;2995:104
386.0779,1788883251.1327,6,564.26,427.43,991.69,106.3,1748.3,61505.2,0.0,7055.772,816.254,307.526,2969:12;2992:104;2993:104;2994:104;2995:104
386.1814,1788883251.2362,6,541.67,427.44,969.11,106.0,1746.5,61506.9,0.0,7055.772,816.254,307.526,2969:12;2992:104;2993:104;2994:104;2995:104
386.2850,1788883251.3398,6,529.43,427.44,956.87,96.5,1746.5,61506.9,0.0,7055.772,816.254,307.526,2969:12;2992:104;2993:104;2994:104;2995:104
386.3887,1788883251.4435,6,535.50,427.44,962.93,106.2,1746.5,61506.9,0.0,7055.772,816.254,307.526,2969:12;2992:104;2993:104;2994:104;2995:104
386.4924,1788883251.5472,6,537.50,427.44,964.93,106.2,1746.5,61506.9,0.0,7055.772,816.254,307.526,2969:12;2992:104;2993:104;2994:104;2995:104
386.5960,1788883251.6508,6,538.28,427.44,965.72,96.6,1746.5,61506.9,0.0,7055.772,816.254,307.526,2969:12;2992:104;2993:104;2994:104;2995:104
386.6994,1788883251.7543,6,539.11,427.44,966.55,96.6,1746.5,61506.9,0.0,7055.772,816.254,307.526,2969:12;2992:104;2993:104;2994:104;2995:104
386.8030,1788883251.8578,6,538.39,427.44,965.83,106.3,1746.5,61506.9,0.0,7055.772,816.254,307.526,2969:12;2992:104;2993:104;2994:104;2995:104
386.9065,1788883251.9613,6,541.65,427.44,969.09,106.3,1746.5,61506.9,0.0,7055.772,816.254,307.526,2969:12;2992:104;2993:104;2994:104;2995:104
387.0100,1788883252.0648,6,546.67,427.44,974.11,96.6,1745.9,61507.6,0.0,7055.772,816.254,307.526,2969:12;2992:104;2993:104;2994:104;2995:104
387.1136,1788883252.1684,6,534.83,427.44,962.27,96.4,1745.0,61508.5,0.0,7055.772,816.254,307.526,2969:12;2992:104;2993:104;2994:104;2995:104
387.2173,1788883252.2721,6,534.83,427.46,962.30,106.0,1745.0,61508.5,0.0,7055.772,816.254,307.526,2969:12;2992:104;2993:104;2994:104;2995:104
387.3210,1788883252.3758,6,534.83,427.46,962.30,96.4,1745.0,61508.5,0.0,7055.772,816.254,307.526,2969:12;2992:104;2993:104;2994:104;2995:104
387.4248,1788883252.4796,6,534.83,427.46,962.30,106.1,1745.0,61508.5,0.0,7055.772,816.254,307.526,2969:12;2992:104;2993:104;2994:104;2995:104
387.5285,1788883252.5833,6,534.83,427.46,962.30,96.5,1745.0,61508.5,0.0,7055.772,816.254,307.526,2969:12;2992:104;2993:104;2994:104;2995:104
387.6321,1788883252.6869,6,540.88,427.46,968.34,106.1,1745.0,61508.5,0.0,7055.772,816.254,307.526,2969:12;2992:104;2993:104;2994:104;2995:104
387.7358,1788883252.7906,6,547.67,427.46,975.13,96.5,1745.0,61508.5,0.0,7055.772,816.254,307.526,2969:12;2992:104;2993:104;2994:104;2995:104
387.8394,1788883252.8942,6,551.14,427.46,978.60,96.4,1745.0,61508.5,0.0,7055.772,816.254,307.526,2969:12;2992:104;2993:104;2994:104;2995:104
387.9431,1788883252.9979,6,558.73,427.46,986.20,106.2,1745.0,61508.5,0.0,7055.772,816.254,307.526,2969:12;2992:104;2993:104;2994:104;2995:104
388.0467,1788883253.1015,6,569.45,427.46,996.91,96.6,1744.8,61508.6,0.0,7055.772,816.254,307.526,2969:12;2992:104;2993:104;2994:104;2995:104
388.1503,1788883253.2051,6,551.50,427.46,978.96,106.1,1744.8,61508.6,0.0,7055.772,816.254,307.526,2969:12;2992:104;2993:104;2994:104;2995:104
388.2539,1788883253.3087,6,564.89,427.46,992.36,96.4,1744.8,61508.6,0.0,7055.772,816.254,307.526,2969:12;2992:104;2993:104;2994:104;2995:104
388.3576,1788883253.4124,6,560.96,427.46,988.42,106.1,1743.3,61510.1,0.0,7055.772,816.254,307.526,2969:12;2992:104;2993:104;2994:104;2995:104
388.4613,1788883253.5161,6,563.00,427.46,990.46,96.5,1743.3,61510.1,0.0,7055.772,816.254,307.526,2969:12;2992:104;2993:104;2994:104;2995:104
388.5649,1788883253.6197,6,565.27,427.46,992.73,106.3,1743.3,61510.1,0.0,7055.772,816.254,307.526,2969:12;2992:104;2993:104;2994:104;2995:104
388.6684,1788883253.7232,6,604.25,427.46,1031.71,106.2,1758.7,61494.8,0.0,7055.772,816.254,307.526,2969:12;2992:104;2993:104;2994:104;2995:104
388.7720,1788883253.8268,6,580.18,427.46,1007.64,96.4,1758.7,61494.8,0.0,7055.772,816.254,307.526,2969:12;2992:104;2993:104;2994:104;2995:104
388.8757,1788883253.9305,6,588.20,427.46,1015.66,106.2,1758.7,61494.8,0.0,7055.772,816.258,307.526,2969:12;2992:104;2993:104;2994:104;2995:104
388.9793,1788883254.0341,6,596.20,427.46,1023.66,86.8,1758.8,61494.6,0.0,7055.772,816.258,307.526,2969:12;2992:104;2993:104;2994:104;2995:104
389.0830,1788883254.1378,6,596.20,427.46,1023.66,106.0,1758.8,61494.6,0.0,7055.772,816.258,307.526,2969:12;2992:104;2993:104;2994:104;2995:104
389.1867,1788883254.2415,6,596.21,427.46,1023.68,96.4,1758.8,61494.6,0.0,7055.772,816.258,307.526,2969:12;2992:104;2993:104;2994:104;2995:104
389.2905,1788883254.3453,6,596.21,427.46,1023.68,106.0,1758.8,61494.6,0.0,7055.772,816.258,307.526,2969:12;2992:104;2993:104;2994:104;2995:104
389.3942,1788883254.4490,6,596.21,427.46,1023.68,106.0,1758.8,61494.6,0.0,7055.772,816.258,307.526,2969:12;2992:104;2993:104;2994:104;2995:104
389.4979,1788883254.5527,6,596.21,427.46,1023.68,96.5,1758.8,61494.6,0.0,7055.772,816.258,307.526,2969:12;2992:104;2993:104;2994:104;2995:104
389.6016,1788883254.6564,6,596.21,427.46,1023.68,106.1,1758.8,61494.6,0.0,7055.772,816.258,307.526,2969:12;2992:104;2993:104;2994:104;2995:104
389.7053,1788883254.7601,6,614.45,427.46,1041.91,96.4,1782.1,61471.4,0.0,7055.772,816.258,307.526,2969:12;2992:104;2993:104;2994:104;2995:104
389.8089,1788883254.8637,6,628.81,427.46,1056.28,106.1,1782.1,61471.4,0.0,7055.772,816.258,307.526,2969:12;2992:104;2993:104;2994:104;2995:104
389.9126,1788883254.9674,6,636.62,427.46,1064.09,96.5,1784.5,61469.0,0.0,7055.772,816.260,307.526,2969:12;2992:104;2993:104;2994:104;2995:104
390.0162,1788883255.0710,6,705.41,427.46,1132.87,106.0,1855.9,61397.5,0.0,7055.772,816.260,307.526,2969:12;2992:104;2993:104;2994:104;2995:104
390.1199,1788883255.1747,6,679.64,427.46,1107.10,96.4,1855.9,61397.5,0.0,7055.772,816.260,307.526,2969:12;2992:104;2993:104;2994:104;2995:104
390.2236,1788883255.2784,6,681.32,427.46,1108.79,96.3,1855.9,61397.5,0.0,7055.772,816.260,307.526,2969:12;2992:104;2993:104;2994:104;2995:104
390.3274,1788883255.3822,6,617.32,427.46,1044.79,106.1,1855.9,61397.5,0.0,7055.772,816.260,307.526,2969:12;2992:104;2993:104;2994:104;2995:104
390.4311,1788883255.4859,6,617.33,427.46,1044.79,96.7,1855.9,61397.5,0.0,7055.772,816.260,307.526,2969:12;2992:104;2993:104;2994:104;2995:104
390.5345,1788883255.5893,6,617.33,427.46,1044.79,96.8,1855.9,61397.5,0.0,7055.772,816.260,307.526,2969:12;2992:104;2993:104;2994:104;2995:104
390.6377,1788883255.6925,6,617.34,427.46,1044.81,106.6,1855.9,61397.5,0.0,7055.772,816.260,307.526,2969:12;2992:104;2993:104;2994:104;2995:104
390.7409,1788883255.7957,6,617.36,427.46,1044.82,97.0,1855.9,61397.5,0.0,7055.772,816.260,307.526,2969:12;2992:104;2993:104;2994:104;2995:104
390.8440,1788883255.8988,6,617.36,427.46,1044.82,106.7,1855.9,61397.5,0.0,7055.772,816.260,307.526,2969:12;2992:104;2993:104;2994:104;2995:104
390.9471,1788883256.0019,6,617.36,427.46,1044.82,106.7,1855.9,61397.5,0.0,7055.772,816.262,307.526,2969:12;2992:104;2993:104;2994:104;2995:104
391.0503,1788883256.1051,6,617.36,427.46,1044.82,97.0,1856.3,61397.2,0.0,7055.772,816.262,307.526,2969:12;2992:104;2993:104;2994:104;2995:104
391.1534,1788883256.2082,6,617.36,427.46,1044.82,97.0,1856.3,61397.2,0.0,7055.772,816.262,307.526,2969:12;2992:104;2993:104;2994:104;2995:104
391.2565,1788883256.3113,6,618.00,427.46,1045.47,106.7,1856.3,61397.2,0.0,7055.772,816.262,307.526,2969:12;2992:104;2993:104;2994:104;2995:104
391.3596,1788883256.4144,6,623.54,427.46,1051.01,97.0,1856.3,61397.2,0.0,7055.772,816.262,307.526,2969:12;2992:104;2993:104;2994:104;2995:104
391.4627,1788883256.5175,6,629.35,427.46,1056.82,97.0,1856.3,61397.2,0.0,7055.772,816.262,307.526,2969:12;2992:104;2993:104;2994:104;2995:104
391.5658,1788883256.6206,6,632.87,427.46,1060.34,97.0,1856.3,61397.2,0.0,7055.772,816.262,307.526,2969:12;2992:104;2993:104;2994:104;2995:104
391.6689,1788883256.7237,6,638.68,427.46,1066.14,106.7,1856.3,61397.2,0.0,7055.772,816.262,307.526,2969:12;2992:104;2993:104;2994:104;2995:104
391.7720,1788883256.8268,6,644.32,427.46,1071.79,97.0,1856.3,61397.2,0.0,7055.772,816.262,307.526,2969:12;2992:104;2993:104;2994:104;2995:104
391.8751,1788883256.9299,6,648.65,427.46,1076.12,97.0,1856.3,61397.2,0.0,7055.772,816.262,307.526,2969:12;2992:104;2993:104;2994:104;2995:104
391.9782,1788883257.0330,6,653.75,427.46,1081.21,96.9,1856.3,61397.2,0.0,7055.772,816.263,307.526,2969:12;2992:104;2993:104;2994:104;2995:104
392.0813,1788883257.1361,6,659.19,427.46,1086.65,106.7,1856.3,61397.2,0.0,7055.772,816.263,307.526,2969:12;2992:104;2993:104;2994:104;2995:104
392.1845,1788883257.2393,6,666.56,427.46,1094.03,97.0,1856.3,61397.2,0.0,7055.772,816.263,307.526,2969:12;2992:104;2993:104;2994:104;2995:104
392.2875,1788883257.3423,6,673.97,427.46,1101.44,96.9,1855.0,61398.5,0.0,7055.772,816.263,307.526,2969:12;2992:104;2993:104;2994:104;2995:104
392.3907,1788883257.4455,6,682.02,427.46,1109.48,106.7,1855.0,61398.5,0.0,7055.772,816.263,307.526,2969:12;2992:104;2993:104;2994:104;2995:104
392.4938,1788883257.5486,6,693.34,427.46,1120.80,96.7,1855.0,61398.5,0.0,7055.772,816.263,307.526,2969:12;2992:104;2993:104;2994:104;2995:104
392.5973,1788883257.6521,6,693.34,427.46,1120.80,96.4,1855.0,61398.5,0.0,7055.772,816.263,307.526,2969:12;2992:104;2993:104;2994:104;2995:104
392.7010,1788883257.7558,6,693.34,427.46,1120.80,106.0,1855.0,61398.5,0.0,7055.772,816.263,307.526,2969:12;2992:104;2993:104;2994:104;2995:104
392.8047,1788883257.8595,6,693.34,427.46,1120.80,96.4,1855.0,61398.5,0.0,7055.772,816.263,307.526,2969:12;2992:104;2993:104;2994:104;2995:104
392.9085,1788883257.9633,6,693.34,427.46,1120.80,106.0,1855.0,61398.5,0.0,7055.772,816.263,307.526,2969:12;2992:104;2993:104;2994:104;2995:104
393.0122,1788883258.0670,6,693.34,427.46,1120.80,96.4,1855.0,61398.5,0.0,7055.772,816.263,307.526,2969:12;2992:104;2993:104;2994:104;2995:104
393.1159,1788883258.1707,6,693.68,427.46,1121.15,96.5,1855.0,61398.5,0.0,7055.772,816.263,307.526,2969:12;2992:104;2993:104;2994:104;2995:104
393.2195,1788883258.2743,6,707.25,427.46,1134.71,115.9,1858.5,61395.0,0.0,7055.772,816.263,307.526,2969:12;2992:104;2993:104;2994:104;2995:104
393.3231,1788883258.3779,6,693.75,427.46,1121.21,96.5,1858.5,61395.0,0.0,7055.772,816.263,307.526,2969:12;2992:104;2993:104;2994:104;2995:104
393.4267,1788883258.4815,6,694.79,427.46,1122.25,106.4,1858.5,61395.0,0.0,7055.772,816.263,307.526,2969:12;2992:104;2993:104;2994:104;2995:104
393.5302,1788883258.5850,6,696.36,427.46,1123.83,96.8,1858.5,61395.0,0.0,7055.772,816.263,307.526,2969:12;2992:104;2993:104;2994:104;2995:104
393.6334,1788883258.6882,6,700.86,427.46,1128.32,106.6,1858.5,61395.0,0.0,7055.772,816.263,307.526,2969:12;2992:104;2993:104;2994:104;2995:104
393.7365,1788883258.7913,6,704.96,427.46,1132.43,106.6,1858.5,61395.0,0.0,7055.772,816.263,307.526,2969:12;2992:104;2993:104;2994:104;2995:104
393.8397,1788883258.8945,6,707.34,427.46,1134.80,97.0,1858.5,61395.0,0.0,7055.772,816.263,307.526,2969:12;2992:104;2993:104;2994:104;2995:104
393.9428,1788883258.9976,6,709.36,427.46,1136.82,97.0,1858.5,61395.0,0.0,7055.772,816.263,307.526,2969:12;2992:104;2993:104;2994:104;2995:104
394.0458,1788883259.1006,6,711.73,427.46,1139.19,106.7,1858.7,61394.8,0.0,7055.772,816.263,307.526,2969:12;2992:104;2993:104;2994:104;2995:104
394.1489,1788883259.2037,6,727.86,427.46,1155.33,96.5,1881.9,61371.5,0.0,7055.772,816.263,307.526,2969:12;2992:104;2993:104;2994:104;2995:104
394.2526,1788883259.3074,6,849.80,427.46,1277.27,115.6,1999.5,61254.0,0.0,7055.772,816.263,307.526,2969:12;2992:104;2993:104;2994:104;2995:104
394.3564,1788883259.4112,6,927.55,427.46,1355.01,96.3,2088.2,61165.3,0.0,7055.772,816.263,307.526,2969:12;2992:104;2993:104;2994:104;2995:104
394.4602,1788883259.5150,6,1084.90,427.46,1512.36,96.4,2245.6,61007.9,0.0,7055.772,816.263,307.526,2969:12;2992:104;2993:104;2994:104;2995:104
394.5639,1788883259.6187,6,1131.63,427.46,1559.09,173.7,2291.5,60962.0,0.0,7055.772,816.263,307.526,2969:12;2992:104;2993:104;2994:104;2995:104
394.6675,1788883259.7223,6,999.16,427.46,1426.63,273.8,2213.1,61040.4,0.0,7055.772,816.263,307.526,2969:12;2992:104;2993:104;2994:104;2995:104
394.7739,1788883259.8287,6,1016.48,427.46,1443.94,112.9,2231.2,61022.3,0.0,7055.772,816.263,307.526,2969:12;2992:104;2993:104;2994:104;2995:104
394.8802,1788883259.9350,6,1096.70,427.46,1524.16,103.6,2317.6,60935.9,0.0,7055.772,816.263,307.526,2969:12;2992:104;2993:104;2994:104;2995:104
394.9864,1788883260.0412,6,1069.39,427.46,1496.85,105.5,2348.8,60904.7,0.0,7055.772,816.263,307.526,2969:12;2992:104;2993:104;2994:104;2995:104
395.0903,1788883260.1451,6,1103.15,427.46,1530.62,96.4,2348.8,60904.7,0.0,7055.772,816.263,307.526,2969:12;2992:104;2993:104;2994:104;2995:104
395.1940,1788883260.2488,6,1115.85,427.46,1543.31,106.1,2348.8,60904.7,0.0,7055.772,816.263,307.526,2969:12;2992:104;2993:104;2994:104;2995:104
395.2976,1788883260.3525,6,1124.11,427.46,1551.57,96.4,2348.8,60904.7,0.0,7055.772,816.263,307.526,2969:12;2992:104;2993:104;2994:104;2995:104
395.4014,1788883260.4562,6,1128.11,427.46,1555.57,96.4,2348.8,60904.7,0.0,7055.772,816.263,307.526,2969:12;2992:104;2993:104;2994:104;2995:104
395.5051,1788883260.5599,6,1124.89,427.46,1552.36,96.4,2349.4,60904.0,0.0,7055.772,816.263,307.526,2969:12;2992:104;2993:104;2994:104;2995:104
395.6088,1788883260.6636,6,1148.49,427.46,1575.95,115.7,2353.0,60900.5,0.0,7055.772,816.263,307.526,2969:12;2992:104;2993:104;2994:104;2995:104
395.7126,1788883260.7674,6,1154.96,482.93,1637.89,173.5,2378.0,60875.5,0.0,7055.772,816.263,307.526,2969:12;2992:118;2993:118;2994:118;2995:117
395.8164,1788883260.8712,6,1154.96,657.50,1812.46,414.4,2432.0,60821.5,0.0,7055.772,816.263,307.526,2969:12;2992:161;2993:161;2994:162;2995:161
395.9202,1788883260.9750,6,1155.33,1210.78,2366.11,697.0,2897.7,60355.8,0.0,7055.852,816.298,307.526,2969:12;2992:310;2993:334;2994:322;2995:233
396.0267,1788883261.0815,6,1155.37,1364.98,2520.36,951.5,3062.5,60190.9,0.0,7056.695,816.426,307.526,2969:12;2992:355;2993:352;2994:377;2995:268
396.1328,1788883261.1877,6,1155.37,1455.19,2610.56,845.4,3153.7,60099.8,0.0,7057.306,816.519,307.526,2969:12;2992:360;2993:370;2994:376;2995:337
396.2393,1788883261.2941,6,1155.38,1579.59,2734.96,1151.9,3346.1,59907.3,0.0,7060.916,816.934,307.526,2969:12;2992:388;2993:408;2994:392;2995:380
396.3450,1788883261.3998,6,1155.38,1631.88,2787.26,1387.8,3437.7,59815.8,0.0,7078.480,817.136,307.526,2969:12;2992:405;2993:438;2994:405;2995:373
396.4562,1788883261.5110,6,1155.38,1656.14,2811.52,1077.4,3487.4,59766.1,0.0,7080.467,817.420,307.526,2969:12;2992:414;2993:438;2994:409;2995:383
396.5616,1788883261.6164,6,1155.38,1703.05,2858.42,1166.2,3541.1,59712.4,0.0,7097.790,817.667,307.526,2969:12;2992:421;2993:451;2994:421;2995:398
396.6672,1788883261.7220,6,1155.38,1735.69,2891.07,767.4,3591.6,59661.8,0.0,7105.915,817.902,307.526,2969:12;2992:440;2993:457;2994:423;2995:403
396.7712,1788883261.8260,6,1155.38,1778.22,2933.59,903.7,3649.2,59604.3,0.0,7114.217,818.150,307.526,2969:12;2992:453;2993:472;2994:434;2995:407
396.8752,1788883261.9300,6,1155.38,1827.45,2982.82,913.8,3694.0,59559.5,0.0,7121.131,818.439,307.526,2969:12;2992:474;2993:483;2994:440;2995:419
396.9794,1788883262.0342,6,1155.38,1876.73,3032.10,1089.3,3741.8,59511.7,0.0,7137.962,818.685,307.526,2969:12;2992:485;2993:495;2994:457;2995:428
397.0839,1788883262.1387,6,1155.38,1900.32,3055.70,1013.4,3782.7,59470.8,0.0,7145.714,818.919,307.526,2969:12;2992:496;2993:504;2994:453;2995:436
397.1897,1788883262.2445,6,1155.38,1960.66,3116.04,943.7,3832.6,59420.9,0.0,7164.314,819.172,307.526,2969:12;2992:505;2993:527;2994:466;2995:450
397.2957,1788883262.3505,6,1155.38,1994.03,3149.41,1173.9,3882.1,59371.4,0.0,7184.151,819.439,307.526,2969:12;2992:511;2993:541;2994:464;2995:466
397.4002,1788883262.4550,6,1155.38,2037.03,3192.41,682.8,3928.6,59324.9,0.0,7194.906,819.696,307.526,2969:12;2992:521;2993:560;2994:472;2995:472
397.5041,1788883262.5589,6,1155.38,2082.88,3238.26,761.8,3977.6,59275.9,0.0,7217.512,819.944,307.526,2969:12;2992:541;2993:567;2994:484;2995:480
397.6094,1788883262.6642,6,1155.38,2126.70,3282.08,1009.1,4005.6,59247.8,0.0,7225.916,820.203,307.526,2969:12;2992:552;2993:578;2994:486;2995:498
397.7154,1788883262.7702,6,1155.39,2201.82,3357.21,929.9,4059.2,59194.3,0.0,7252.968,820.437,307.526,2969:12;2992:577;2993:598;2994:500;2995:514
397.8219,1788883262.8767,6,1155.39,2236.23,3391.62,1076.0,4108.2,59145.3,0.0,7258.337,820.735,307.526,2969:12;2992:582;2993:616;2994:504;2995:522
397.9348,1788883262.9896,6,1155.40,2277.01,3432.41,825.7,4143.9,59109.6,0.0,7273.189,821.003,307.526,2969:12;2992:602;2993:622;2994:512;2995:529
398.0389,1788883263.0937,6,1155.40,2295.04,3450.44,996.3,4173.0,59080.4,0.0,7302.343,821.274,307.526,2969:12;2992:593;2993:637;2994:520;2995:533
398.1465,1788883263.2013,6,1155.41,2358.62,3514.03,950.1,4222.1,59031.4,0.0,7317.308,821.550,307.526,2969:12;2992:610;2993:647;2994:524;2995:566
398.2540,1788883263.3088,6,1155.42,2549.96,3705.39,1334.2,4511.2,58742.3,0.0,7346.526,821.826,307.526,2969:12;2992:662;2993:664;2994:546;2995:665
398.3767,1788883263.4315,6,1155.52,2845.41,4000.93,1525.7,4770.1,58483.4,0.0,7358.957,821.999,307.526,2969:12;2992:735;2993:786;2994:620;2995:692
398.4944,1788883263.5492,6,1155.60,2938.05,4093.65,1528.8,5181.0,58072.4,0.0,7368.690,822.224,307.526,2969:12;2992:753;2993:925;2994:656;2995:592
398.6074,1788883263.6622,6,1155.67,2740.27,3895.93,1478.4,5269.2,57984.3,0.0,7384.591,822.442,307.526,2969:12;2992:722;2993:781;2994:620;2995:605
398.7230,1788883263.7778,6,1155.68,2778.90,3934.58,1451.4,5359.8,57893.7,0.0,7401.243,822.767,307.526,2969:12;2992:709;2993:847;2994:597;2995:614
398.8330,1788883263.8879,6,1155.68,2794.55,3950.24,1410.0,5398.0,57855.5,0.0,7417.951,823.042,307.526,2969:12;2992:723;2993:848;2994:580;2995:631
398.9415,1788883263.9963,6,1155.70,2764.93,3920.63,1140.0,5353.0,57900.5,0.0,7436.221,823.415,307.526,2969:12;2992:745;2993:795;2994:579;2995:634
399.0481,1788883264.1029,6,1155.70,2846.11,4001.81,1482.9,5377.2,57876.3,0.0,7454.414,823.690,307.526,2969:12;2992:750;2993:810;2994:634;2995:639
399.1605,1788883264.2153,6,1155.70,2913.66,4069.37,1238.0,5418.0,57835.4,0.0,7469.648,824.052,307.526,2969:12;2992:757;2993:830;2994:631;2995:683
399.2725,1788883264.3273,6,1155.71,3048.27,4203.98,1291.0,5535.0,57718.4,0.0,7495.170,824.340,307.526,2969:12;2992:787;2993:846;2994:719;2995:684
399.3818,1788883264.4366,6,1155.79,3022.43,4178.22,1351.6,5633.6,57619.8,0.0,7503.110,824.560,307.526,2969:12;2992:781;2993:843;2994:652;2995:734
399.4876,1788883264.5424,6,1155.82,3158.77,4314.60,1465.1,5811.4,57442.0,0.0,7515.971,824.750,307.526,2969:12;2992:826;2993:861;2994:716;2995:743
399.5951,1788883264.6499,6,1156.04,3177.71,4333.75,1401.0,5764.3,57489.2,0.0,7525.872,824.946,307.526,2969:12;2992:807;2993:919;2994:676;2995:763
399.7021,1788883264.7569,6,1156.13,3360.44,4516.57,1249.1,5884.3,57369.2,0.0,7533.857,825.203,307.526,2969:12;2992:815;2993:917;2994:737;2995:879
399.8158,1788883264.8706,6,1156.16,3425.96,4582.12,1365.1,5965.7,57287.7,0.0,7549.412,825.409,307.526,2969:12;2992:813;2993:1021;2994:703;2995:876
399.9210,1788883264.9759,6,1156.22,3364.92,4521.14,1195.9,5945.4,57308.1,0.0,7562.002,825.708,307.526,2969:12;2992:828;2993:965;2994:685;2995:874
400.0275,1788883265.0823,6,1156.25,3469.95,4626.20,1442.6,6010.2,57243.3,0.0,7578.643,825.897,307.526,2969:12;2992:876;2993:995;2994:690;2995:897
400.1349,1788883265.1897,6,1156.50,3545.62,4702.11,1122.1,6055.9,57197.6,0.0,7581.666,826.175,307.526,2969:12;2992:910;2993:1023;2994:700;2995:901
400.2397,1788883265.2945,6,1156.80,3516.12,4672.93,986.2,6203.4,57050.1,0.0,7591.048,826.362,307.526,2969:12;2992:848;2993:1053;2994:712;2995:890
400.3454,1788883265.4002,6,1156.86,3532.51,4689.37,1437.5,6273.5,56980.0,0.0,7602.396,826.514,307.526,2969:12;2992:839;2993:1006;2994:693;2995:983
400.4502,1788883265.5050,6,1156.89,3497.38,4654.27,956.5,6250.0,57003.5,0.0,7616.501,826.797,307.526,2969:12;2992:828;2993:1027;2994:704;2995:926
400.5553,1788883265.6101,6,1157.04,3584.93,4741.97,1183.0,6300.6,56952.9,0.0,7631.484,827.024,307.526,2969:12;2992:818;2993:1042;2994:718;2995:994
400.6614,1788883265.7162,6,1157.12,3688.95,4846.07,1263.1,6334.0,56919.5,0.0,7651.259,827.295,307.526,2969:12;2992:835;2993:1053;2994:723;2995:1066
400.7675,1788883265.8223,6,1157.20,3995.64,5152.85,1102.8,6474.2,56779.3,0.0,7662.835,827.522,307.526,2969:12;2992:838;2993:1169;2994:727;2995:1249
400.8736,1788883265.9284,6,1157.44,4116.80,5274.24,1100.8,6611.4,56642.1,0.0,7677.855,827.777,307.526,2969:12;2992:855;2993:1177;2994:743;2995:1330
400.9799,1788883266.0347,6,1157.65,4079.38,5237.02,1158.5,6504.0,56749.5,0.0,7694.257,828.020,307.526,2969:12;2992:827;2993:1208;2994:747;2995:1285
401.0860,1788883266.1408,6,1157.96,4262.30,5420.27,1083.9,6624.5,56629.0,0.0,7706.971,828.257,307.526,2969:12;2992:837;2993:1237;2994:749;2995:1427
401.1921,1788883266.2470,6,1158.22,4306.24,5464.46,969.9,6660.6,56592.8,0.0,7723.016,828.473,307.526,2969:12;2992:849;2993:1259;2994:761;2995:1426
401.2983,1788883266.3531,6,1158.31,4439.26,5597.57,1246.1,6777.0,56476.5,0.0,7734.326,828.730,307.526,2969:12;2992:859;2993:1345;2994:792;2995:1431
401.4080,1788883266.4629,6,1158.36,4572.61,5730.97,1369.8,6976.0,56277.5,0.0,7747.343,828.937,307.526,2969:12;2992:887;2993:1361;2994:851;2995:1462
401.5160,1788883266.5708,6,1158.43,4616.51,5774.94,1107.7,7133.3,56120.2,0.0,7754.103,829.231,307.526,2969:12;2992:978;2993:1340;2994:832;2995:1454
401.6282,1788883266.6830,6,1158.59,4760.56,5919.15,1428.5,7239.8,56013.7,0.0,7773.570,829.455,307.526,2969:12;2992:955;2993:1355;2994:917;2995:1521
401.7349,1788883266.7897,6,1158.59,4883.94,6042.53,1425.2,7362.9,55890.6,0.0,7778.581,829.684,307.526,2969:12;2992:926;2993:1417;2994:943;2995:1586
401.8419,1788883266.8967,6,1158.83,4932.05,6090.88,1131.2,7554.3,55699.2,0.0,7794.485,829.979,307.526,2969:12;2992:946;2993:1483;2994:964;2995:1527
401.9481,1788883267.0029,6,1158.96,4892.48,6051.44,1489.6,7570.9,55682.6,0.0,7802.169,830.170,307.526,2969:12;2992:951;2993:1497;2994:932;2995:1501
402.0545,1788883267.1093,6,1159.07,5032.61,6191.68,1338.7,7727.2,55526.3,0.0,7808.097,830.414,307.526,2969:12;2992:970;2993:1491;2994:923;2995:1637
402.1611,1788883267.2159,6,1159.27,5046.10,6205.36,1324.6,7849.9,55403.6,0.0,7819.407,830.637,307.526,2969:12;2992:977;2993:1570;2994:920;2995:1567
402.2675,1788883267.3223,6,1159.55,5064.76,6224.31,1159.3,7972.0,55281.4,0.0,7821.556,830.891,307.526,2969:12;2992:983;2993:1524;2994:961;2995:1584
402.3740,1788883267.4288,6,1159.83,5170.77,6330.60,1090.9,8029.7,55223.8,0.0,7836.338,831.083,307.526,2969:12;2992:1018;2993:1521;2994:993;2995:1626
402.4807,1788883267.5355,6,1159.90,5372.69,6532.59,1154.5,8307.7,54945.8,0.0,7838.192,831.302,307.526,2969:12;2992:1187;2993:1508;2994:994;2995:1671
402.5876,1788883267.6424,6,1159.94,5192.59,6352.53,1092.5,8248.6,55004.9,0.0,7844.513,831.528,307.526,2969:12;2992:1020;2993:1522;2994:1006;2995:1632
402.6916,1788883267.7464,6,1159.95,5278.66,6438.60,801.9,8266.1,54987.3,0.0,7848.865,831.857,307.526,2969:12;2992:1039;2993:1564;2994:1009;2995:1654
402.7964,1788883267.8512,6,1159.98,5305.81,6465.79,954.1,8258.7,54994.7,0.0,7859.156,832.099,307.526,2969:12;2992:1064;2993:1555;2994:1021;2995:1653
402.9024,1788883267.9572,6,1159.98,5352.25,6512.23,882.7,8271.0,54982.5,0.0,7866.344,832.404,307.526,2969:12;2992:1077;2993:1572;2994:1028;2995:1663
403.0064,1788883268.0612,6,1159.99,5376.25,6536.24,965.7,8352.7,54900.7,0.0,7876.874,832.676,307.526,2969:12;2992:1086;2993:1582;2994:1018;2995:1678
403.1120,1788883268.1668,6,1160.00,5424.02,6584.02,746.3,8364.4,54889.0,0.0,7880.895,832.928,307.526,2969:12;2992:1102;2993:1599;2994:1027;2995:1683
403.2182,1788883268.2730,6,1160.01,5527.77,6687.78,910.8,8429.4,54824.1,0.0,7886.859,833.172,307.526,2969:12;2992:1155;2993:1616;2994:1046;2995:1699
403.3222,1788883268.3770,6,1160.05,5535.39,6695.44,882.7,8481.3,54772.1,0.0,7893.013,833.418,307.526,2969:12;2992:1158;2993:1630;2994:1028;2995:1707
403.4265,1788883268.4813,6,1160.05,5565.17,6725.22,545.2,8487.5,54765.9,0.0,7897.592,833.661,307.526,2969:12;2992:1173;2993:1637;2994:1036;2995:1707
403.5311,1788883268.5859,6,1160.05,5622.91,6782.96,509.1,8493.1,54760.4,0.0,7904.778,833.850,307.526,2969:12;2992:1183;2993:1650;2994:1044;2995:1734
403.6373,1788883268.6921,6,1160.20,5714.05,6874.26,928.3,8510.7,54742.7,0.0,7911.077,834.026,307.526,2969:12;2992:1190;2993:1655;2994:1055;2995:1802
403.7415,1788883268.7963,6,1160.23,5702.22,6862.45,826.0,8435.0,54818.5,0.0,7916.383,834.301,307.526,2969:12;2992:1195;2993:1676;2994:1064;2995:1755
403.8456,1788883268.9004,6,1160.23,5740.43,6900.66,652.8,8447.3,54806.2,0.0,7922.895,834.590,307.526,2969:12;2992:1201;2993:1685;2994:1074;2995:1768
403.9500,1788883269.0048,6,1160.41,5981.02,7141.43,1081.2,8587.5,54665.9,0.0,7933.778,834.813,307.526,2969:12;2992:1339;2993:1748;2994:1088;2995:1795
404.0598,1788883269.1146,6,1160.67,6033.25,7193.93,1171.3,8515.4,54738.1,0.0,7939.853,835.035,307.526,2969:12;2992:1316;2993:1843;2994:1101;2995:1761
404.1639,1788883269.2187,6,1160.96,6245.97,7406.93,1241.6,8804.0,54449.4,0.0,7947.843,835.240,307.526,2969:12;2992:1425;2993:1936;2994:1099;2995:1773
404.2697,1788883269.3245,6,1161.51,6123.86,7285.37,1044.6,8904.4,54349.1,0.0,7955.262,835.478,307.526,2969:12;2992:1338;2993:1919;2994:1071;2995:1784
404.3750,1788883269.4298,6,1162.25,6395.79,7558.04,1082.4,9024.3,54229.1,0.0,7967.355,835.683,307.526,2969:12;2992:1386;2993:2113;2994:1090;2995:1795
404.4812,1788883269.5360,6,1162.89,6488.43,7651.32,961.2,9189.0,54064.4,0.0,7972.128,835.931,307.526,2969:12;2992:1322;2993:2251;2994:1092;2995:1810
404.5871,1788883269.6419,6,1163.31,6691.23,7854.55,1299.6,9459.6,53793.9,0.0,7985.312,836.076,307.526,2969:12;2992:1526;2993:2150;2994:1176;2995:1827
404.7012,1788883269.7560,6,1163.64,6962.80,8126.44,1374.0,9683.0,53570.4,0.0,7990.673,836.270,307.526,2969:12;2992:1499;2993:2235;2994:1409;2995:1807
404.8090,1788883269.8639,6,1164.38,7174.28,8338.66,1346.5,9867.1,53386.4,0.0,8000.319,836.414,307.526,2969:12;2992:1609;2993:2410;2994:1354;2995:1790
404.9216,1788883269.9764,6,1165.07,7154.56,8319.63,1301.4,10046.5,53206.9,0.0,8002.483,836.559,307.526,2969:12;2992:1746;2993:2270;2994:1312;2995:1814
405.0277,1788883270.0826,6,1166.00,7020.88,8186.88,1184.9,10329.0,52924.5,0.0,8007.469,836.691,307.526,2969:12;2992:1655;2993:2240;2994:1285;2995:1828
405.1359,1788883270.1907,6,1166.78,7240.31,8407.09,1351.5,10746.1,52507.4,0.0,8014.354,836.798,307.526,2969:12;2992:1795;2993:2150;2994:1408;2995:1874
405.2460,1788883270.3009,6,1167.55,7471.19,8638.75,1358.7,11013.7,52239.7,0.0,8018.098,836.873,307.526,2969:12;2992:1999;2993:2143;2994:1402;2995:1914
405.3535,1788883270.4083,6,1167.98,7596.86,8764.84,1309.3,11101.9,52151.6,0.0,8022.876,836.960,307.526,2969:12;2992:1882;2993:2220;2994:1547;2995:1936
405.4604,1788883270.5152,6,1168.34,8207.89,9376.23,1358.3,11647.6,51605.8,0.0,8022.896,836.976,307.526,2969:12;2992:2076;2993:2251;2994:1687;2995:2181
405.5659,1788883270.6207,6,1168.95,7891.59,9060.54,1215.3,11897.4,51356.1,0.0,8023.490,836.999,307.526,2969:12;2992:1987;2993:2224;2994:1654;2995:2014
405.6724,1788883270.7272,6,1169.92,7769.96,8939.88,1050.7,12109.4,51144.1,0.0,8026.834,837.019,307.526,2969:12;2992:2027;2993:2189;2994:1657;2995:1885
405.7778,1788883270.8326,6,1170.65,7711.50,8882.15,960.2,12253.6,50999.8,0.0,8028.916,837.029,307.526,2969:12;2992:2054;2993:2190;2994:1633;2995:1822
405.8841,1788883270.9389,6,1171.29,7742.75,8914.04,1165.1,12412.5,50841.0,0.0,8028.916,837.030,307.526,2969:12;2992:2104;2993:2066;2994:1699;2995:1862
405.9906,1788883271.0454,6,1171.75,7811.75,8983.50,1189.5,12433.5,50820.0,0.0,8029.311,837.096,307.526,2969:12;2992:2076;2993:2315;2994:1592;2995:1816
406.0966,1788883271.1514,6,1171.95,7678.96,8850.92,1127.1,12406.2,50847.2,0.0,8030.130,837.255,307.526,2969:12;2992:2062;2993:2267;2994:1597;2995:1741
406.2009,1788883271.2557,6,1172.14,7791.97,8964.11,1154.3,12338.1,50915.3,0.0,8035.270,837.473,307.526,2969:12;2992:2073;2993:2348;2994:1615;2995:1743
406.3048,1788883271.3596,6,1172.28,7885.91,9058.19,971.1,12398.6,50854.9,0.0,8040.106,837.652,307.526,2969:12;2992:2094;2993:2441;2994:1620;2995:1719
406.4112,1788883271.4660,6,1172.40,7834.67,9007.07,1063.5,12401.5,50852.0,0.0,8041.106,837.882,307.526,2969:12;2992:2071;2993:2413;2994:1617;2995:1721
406.5153,1788883271.5702,6,1172.50,7962.98,9135.48,1170.8,12431.4,50822.1,0.0,8051.077,838.090,307.526,2969:12;2992:2085;2993:2528;2994:1630;2995:1708
406.6215,1788883271.6763,6,1172.67,7867.15,9039.82,852.4,12448.0,50805.4,0.0,8053.292,838.284,307.526,2969:12;2992:2086;2993:2445;2994:1639;2995:1685
406.7256,1788883271.7804,6,1172.86,7959.53,9132.39,871.1,12469.5,50784.0,0.0,8062.574,838.513,307.526,2969:12;2992:2105;2993:2486;2994:1654;2995:1702
406.8302,1788883271.8850,6,1173.09,8134.09,9307.18,903.6,12483.8,50769.7,0.0,8066.329,838.679,307.526,2969:12;2992:2110;2993:2662;2994:1656;2995:1695
406.9366,1788883271.9914,6,1173.25,8329.32,9502.56,988.9,12647.4,50606.0,0.0,8072.449,838.927,307.526,2969:12;2992:2120;2993:2806;2994:1693;2995:1699
407.0417,1788883272.0965,6,1173.39,8313.86,9487.25,1383.7,12621.4,50632.1,0.0,8084.545,839.065,307.526,2969:12;2992:2131;2993:2730;2994:1797;2995:1644
407.1463,1788883272.2011,6,1173.47,8439.66,9613.13,925.0,12652.7,50600.8,0.0,8089.566,839.313,307.526,2969:12;2992:2218;2993:2741;2994:1802;2995:1666
407.2525,1788883272.3073,6,1173.49,8317.05,9490.55,1121.5,12579.4,50674.1,0.0,8102.215,839.558,307.526,2969:12;2992:2149;2993:2749;2994:1753;2995:1653
407.3587,1788883272.4135,6,1173.49,8384.38,9557.87,959.8,12585.6,50667.9,0.0,8110.258,839.898,307.526,2969:12;2992:2172;2993:2772;2994:1765;2995:1662
407.4638,1788883272.5186,6,1173.49,8426.77,9600.27,1064.6,12606.5,50647.0,0.0,8114.594,840.160,307.526,2969:12;2992:2183;2993:2784;2994:1777;2995:1670
407.5678,1788883272.6226,6,1173.49,8499.02,9672.51,775.6,12608.6,50644.9,0.0,8120.766,840.466,307.526,2969:12;2992:2203;2993:2811;2994:1787;2995:1686
407.6738,1788883272.7286,6,1173.50,8507.45,9680.94,1037.7,12619.5,50634.0,0.0,8130.627,840.656,307.526,2969:12;2992:2206;2993:2808;2994:1794;2995:1687
407.7798,1788883272.8346,6,1173.51,8602.13,9775.64,734.2,12620.8,50632.7,0.0,8135.534,841.001,307.526,2969:12;2992:2243;2993:2837;2994:1806;2995:1704
407.8847,1788883272.9395,6,1173.60,8651.86,9825.45,1172.8,12729.5,50523.9,0.0,8145.330,841.174,307.526,2969:12;2992:2287;2993:2839;2994:1809;2995:1704
407.9894,1788883273.0442,6,1173.87,8918.66,10092.53,1060.6,12987.8,50265.7,0.0,8150.052,841.419,307.526,2969:12;2992:2546;2993:2855;2994:1788;2995:1717
408.0971,1788883273.1519,6,1173.93,8797.32,9971.25,1156.5,13003.4,50250.1,0.0,8163.447,841.626,307.526,2969:12;2992:2437;2993:2839;2994:1788;2995:1722
408.2033,1788883273.2581,6,1174.02,8898.81,10072.83,902.6,13075.0,50178.4,0.0,8170.700,841.877,307.526,2969:12;2992:2438;2993:2913;2994:1804;2995:1732
408.3097,1788883273.3645,6,1174.14,9133.77,10307.91,1383.1,13176.3,50077.2,0.0,8178.756,842.064,307.526,2969:12;2992:2466;2993:2901;2994:1871;2995:1884
408.4153,1788883273.4701,6,1174.25,9137.29,10311.54,1218.3,13268.5,49985.0,0.0,8189.055,842.262,307.526,2969:12;2992:2482;2993:3033;2994:1832;2995:1779
408.5212,1788883273.5760,6,1174.42,9333.08,10507.50,1380.8,13458.4,49795.1,0.0,8193.755,842.433,307.526,2969:12;2992:2620;2993:3047;2994:1871;2995:1783
408.6290,1788883273.6838,6,1174.65,9290.86,10465.50,1355.0,13550.9,49702.6,0.0,8197.976,842.548,307.526,2969:12;2992:2637;2993:3052;2994:1874;2995:1716
408.7352,1788883273.7901,6,1175.14,9125.64,10300.78,1121.9,13535.9,49717.6,0.0,8198.872,842.731,307.526,2969:12;2992:2558;2993:2979;2994:1870;2995:1706
408.8409,1788883273.8957,6,1175.36,9180.66,10356.02,1110.2,13623.0,49630.5,0.0,8206.443,842.886,307.526,2969:12;2992:2568;2993:3034;2994:1843;2995:1724
408.9459,1788883274.0007,6,1175.37,9228.73,10404.10,593.2,13648.2,49605.3,0.0,8211.121,843.172,307.526,2969:12;2992:2590;2993:3030;2994:1859;2995:1738
409.0505,1788883274.1053,6,1175.37,9246.21,10421.59,982.6,13659.2,49594.2,0.0,8222.518,843.403,307.526,2969:12;2992:2591;2993:3030;2994:1869;2995:1745
409.1566,1788883274.2114,6,1175.38,9312.91,10488.28,838.0,13666.2,49587.2,0.0,8235.393,843.667,307.526,2969:12;2992:2614;2993:3051;2994:1877;2995:1758
409.2627,1788883274.3176,6,1175.39,9326.41,10501.80,742.2,13680.3,49573.2,0.0,8242.002,843.866,307.526,2969:12;2992:2636;2993:3040;2994:1881;2995:1758
409.3692,1788883274.4240,6,1175.50,9333.11,10508.61,834.6,13723.3,49530.1,0.0,8253.342,844.124,307.526,2969:12;2992:2613;2993:3052;2994:1889;2995:1767
409.4732,1788883274.5280,6,1175.73,9477.14,10652.86,819.4,13796.2,49457.3,0.0,8262.195,844.335,307.526,2969:12;2992:2653;2993:3109;2994:1921;2995:1782
409.5811,1788883274.6359,6,1175.81,9806.51,10982.32,1308.6,13807.3,49446.1,0.0,8273.517,844.475,307.526,2969:12;2992:2650;2993:3279;2994:1989;2995:1875
409.6953,1788883274.7501,6,1176.05,9550.26,10726.31,1200.0,13883.3,49370.1,0.0,8277.061,844.686,307.526,2969:12;2992:2656;2993:3158;2994:1920;2995:1804
409.8009,1788883274.8557,6,1176.18,9589.34,10765.52,944.8,13937.7,49315.8,0.0,8285.410,844.938,307.526,2969:12;2992:2670;2993:3180;2994:1912;2995:1816
409.9057,1788883274.9605,6,1176.18,9628.78,10804.96,1064.7,13948.8,49304.6,0.0,8294.629,845.219,307.526,2969:12;2992:2675;2993:3191;2994:1928;2995:1822
410.0097,1788883275.0645,6,1176.18,9673.52,10849.70,1019.7,13948.0,49305.5,0.0,8302.082,845.469,307.526,2969:12;2992:2686;2993:3203;2994:1938;2995:1833
410.1151,1788883275.1699,6,1176.19,9751.73,10927.92,859.7,13955.1,49298.4,0.0,8312.792,845.748,307.526,2969:12;2992:2711;2993:3225;2994:1949;2995:1854
410.2209,1788883275.2758,6,1176.20,9770.46,10946.67,977.6,13964.0,49289.4,0.0,8320.825,845.966,307.526,2969:12;2992:2707;2993:3234;2994:1967;2995:1850
410.3274,1788883275.3822,6,1176.22,9815.30,10991.52,613.9,13969.0,49284.5,0.0,8325.879,846.273,307.526,2969:12;2992:2717;2993:3251;2994:1970;2995:1865
410.4313,1788883275.4861,6,1176.22,9840.88,11017.10,1274.3,13980.5,49273.0,0.0,8341.890,846.486,307.526,2969:12;2992:2723;2993:3261;2994:1980;2995:1865
410.5365,1788883275.5913,6,1176.22,9896.08,11072.30,605.1,13986.6,49266.9,0.0,8349.941,846.795,307.526,2969:12;2992:2733;2993:3278;2994:1991;2995:1882
410.6425,1788883275.6973,6,1176.22,9915.64,11091.86,1180.9,13993.0,49260.5,0.0,8368.592,846.990,307.526,2969:12;2992:2744;2993:3277;2994:1995;2995:1887
410.7464,1788883275.8012,6,1176.22,9965.77,11141.98,654.4,13997.3,49256.1,0.0,8373.948,847.283,307.526,2969:12;2992:2749;2993:3297;2994:2014;2995:1893
410.8504,1788883275.9052,6,1176.22,9990.01,11166.23,1004.2,14002.1,49251.4,0.0,8394.377,847.480,307.526,2969:12;2992:2757;2993:3304;2994:2014;2995:1903
410.9571,1788883276.0119,6,1176.22,10050.55,11226.77,700.5,14008.1,49245.3,0.0,8411.715,847.793,307.526,2969:12;2992:2762;2993:3327;2994:2040;2995:1910
411.0650,1788883276.1198,6,1176.25,10308.53,11484.77,1326.3,14019.8,49233.7,0.0,8432.458,847.987,307.526,2969:12;2992:2830;2993:3338;2994:2193;2995:1935
411.1835,1788883276.2383,6,1176.29,10716.28,11892.57,1504.3,14065.5,49188.0,0.0,8443.818,848.144,307.526,2969:12;2992:2949;2993:3338;2994:2308;2995:2110
411.2901,1788883276.3449,6,1176.32,10416.27,11592.59,1395.1,14070.9,49182.6,0.0,8458.714,848.330,307.526,2969:12;2992:2864;2993:3430;2994:2081;2995:2029
411.3966,1788883276.4514,6,1176.34,10212.28,11388.61,1403.6,14091.4,49162.1,0.0,8470.946,848.582,307.526,2969:12;2992:2798;2993:3361;2994:2087;2995:1954
411.5025,1788883276.5573,6,1176.34,10278.23,11454.56,1153.5,14108.9,49144.6,0.0,8488.640,848.896,307.526,2969:12;2992:2814;2993:3377;2994:2108;2995:1966
411.6075,1788883276.6623,6,1176.34,10329.42,11505.76,1306.1,14118.3,49135.2,0.0,8508.927,849.213,307.526,2969:12;2992:2829;2993:3388;2994:2119;2995:1980
411.7170,1788883276.7718,6,1176.34,10371.49,11547.83,1090.3,14129.2,49124.3,0.0,8519.198,849.527,307.526,2969:12;2992:2840;2993:3397;2994:2135;2995:1986
411.8223,1788883276.8771,6,1176.34,10475.70,11652.04,1245.5,14150.2,49103.2,0.0,8537.945,849.770,307.526,2969:12;2992:2870;2993:3443;2994:2150;2995:2000
411.9267,1788883276.9815,6,1176.34,10422.62,11598.96,1085.0,14161.8,49091.7,0.0,8549.434,850.055,307.526,2969:12;2992:2866;2993:3387;2994:2156;2995:2001
412.0308,1788883277.0856,6,1176.34,10461.30,11637.64,1218.3,14163.9,49089.6,0.0,8565.553,850.287,307.526,2969:12;2992:2873;2993:3399;2994:2171;2995:2005
412.1360,1788883277.1908,6,1176.36,10538.53,11714.89,946.5,14172.7,49080.8,0.0,8584.218,850.602,307.526,2969:12;2992:2915;2993:3419;2994:2178;2995:2014
412.2420,1788883277.2969,6,1176.45,10659.05,11835.50,1260.9,14240.4,49013.1,0.0,8605.302,850.790,307.526,2969:12;2992:2980;2993:3451;2994:2192;2995:2024
412.3494,1788883277.4042,6,1176.55,10859.89,12036.45,1291.2,14351.2,48902.2,0.0,8622.054,851.049,307.526,2969:12;2992:2941;2993:3533;2994:2218;2995:2155
412.4582,1788883277.5130,6,1176.77,10791.81,11968.59,1407.0,14456.4,48797.1,0.0,8634.903,851.226,307.526,2969:12;2992:2953;2993:3469;2994:2233;2995:2125
412.5647,1788883277.6195,6,1177.27,10824.56,12001.83,1102.0,14391.0,48862.4,0.0,8648.623,851.469,307.526,2969:12;2992:2973;2993:3514;2994:2238;2995:2086
412.6731,1788883277.7279,6,1177.56,11150.70,12328.26,1350.1,14640.3,48613.2,0.0,8662.868,851.592,307.526,2969:12;2992:3171;2993:3618;2994:2259;2995:2090
412.7830,1788883277.8379,6,1177.77,11244.45,12422.23,1388.9,14785.9,48467.6,0.0,8672.373,851.734,307.526,2969:12;2992:3124;2993:3677;2994:2310;2995:2120
412.8927,1788883277.9475,6,1178.16,11166.53,12344.69,1351.2,14996.8,48256.7,0.0,8683.652,851.846,307.526,2969:12;2992:3145;2993:3607;2994:2334;2995:2069
412.9993,1788883278.0541,6,1178.32,11141.02,12319.34,949.4,15030.6,48222.9,0.0,8689.418,852.049,307.526,2969:12;2992:3155;2993:3659;2994:2221;2995:2093
413.1045,1788883278.1593,6,1178.52,11142.64,12321.16,1222.0,15099.2,48154.3,0.0,8702.250,852.240,307.526,2969:12;2992:3120;2993:3675;2994:2231;2995:2104
413.2109,1788883278.2657,6,1178.60,11248.56,12427.16,820.5,15134.2,48119.3,0.0,8709.778,852.433,307.526,2969:12;2992:3174;2993:3694;2994:2248;2995:2120
413.3169,1788883278.3717,6,1178.84,11361.88,12540.72,1248.6,15200.8,48052.7,0.0,8723.819,852.676,307.526,2969:12;2992:3215;2993:3698;2994:2308;2995:2129
413.4235,1788883278.4783,6,1179.10,11426.96,12606.06,1347.4,15280.5,47973.0,0.0,8738.975,852.869,307.526,2969:12;2992:3234;2993:3726;2994:2309;2995:2146
413.5298,1788883278.5846,6,1179.26,11604.05,12783.31,1323.4,15493.6,47759.9,0.0,8754.637,853.084,307.526,2969:12;2992:3252;2993:3729;2994:2452;2995:2159
413.6347,1788883278.6895,6,1179.53,11402.82,12582.35,1178.4,15556.2,47697.3,0.0,8765.394,853.288,307.526,2969:12;2992:3197;2993:3692;2994:2333;2995:2168
413.7407,1788883278.7955,6,1179.82,11507.84,12687.66,1236.0,15593.7,47659.8,0.0,8779.706,853.476,307.526,2969:12;2992:3115;2993:3708;2994:2492;2995:2181
413.8467,1788883278.9015,6,1179.89,11630.82,12810.71,1191.1,15712.8,47540.7,0.0,8790.296,853.688,307.526,2969:12;2992:3139;2993:3725;2994:2553;2995:2202
413.9535,1788883279.0083,6,1180.00,11499.73,12679.73,1321.3,15804.2,47449.2,0.0,8802.379,853.872,307.526,2969:12;2992:3127;2993:3618;2994:2533;2995:2210
414.0600,1788883279.1148,6,1180.02,11487.30,12667.33,1043.8,15851.9,47401.6,0.0,8816.530,854.095,307.526,2969:12;2992:3140;2993:3631;2994:2537;2995:2168
414.1685,1788883279.2233,6,1180.09,11485.06,12665.14,930.8,15831.2,47422.3,0.0,8826.907,854.376,307.526,2969:12;2992:3160;2993:3643;2994:2490;2995:2180
414.2748,1788883279.3297,6,1180.09,11541.61,12721.70,987.3,15840.7,47412.8,0.0,8850.081,854.665,307.526,2969:12;2992:3176;2993:3650;2994:2506;2995:2198
414.3789,1788883279.4337,6,1180.09,11574.88,12754.97,739.6,15844.7,47408.8,0.0,8859.799,854.978,307.526,2969:12;2992:3181;2993:3663;2994:2505;2995:2214
414.4844,1788883279.5392,6,1180.09,11650.84,12830.92,859.7,15856.6,47396.9,0.0,8881.739,855.263,307.526,2969:12;2992:3199;2993:3681;2994:2524;2995:2234
414.5906,1788883279.6454,6,1180.09,11830.73,13010.82,1198.5,15878.6,47374.9,0.0,8899.171,855.544,307.526,2969:12;2992:3339;2993:3693;2994:2537;2995:2249
414.6998,1788883279.7546,6,1180.10,11779.66,12959.76,830.4,15961.9,47291.6,0.0,8901.767,855.760,307.526,2969:12;2992:3283;2993:3691;2994:2542;2995:2251
414.8050,1788883279.8599,6,1180.11,11818.86,12998.96,874.0,15915.6,47337.9,0.0,8917.042,856.101,307.526,2969:12;2992:3276;2993:3707;2994:2545;2995:2279
414.9171,1788883279.9720,6,1180.11,11897.57,13077.68,941.7,15972.0,47281.4,0.0,8922.826,856.296,307.526,2969:12;2992:3282;2993:3779;2994:2549;2995:2275
415.0228,1788883280.0776,6,1180.11,11878.27,13058.38,689.2,15964.1,47289.3,0.0,8929.696,856.626,307.526,2969:12;2992:3294;2993:3717;2994:2566;2995:2288
415.1269,1788883280.1817,6,1180.11,11945.35,13125.46,965.0,15974.1,47279.3,0.0,8946.537,856.841,307.526,2969:12;2992:3313;2993:3734;2994:2577;2995:2309
415.2328,1788883280.2876,6,1180.12,12032.10,13212.21,976.6,16119.5,47134.0,0.0,8954.483,857.145,307.526,2969:12;2992:3331;2993:3756;2994:2591;2995:2342
415.3370,1788883280.3919,6,1180.12,12141.34,13321.46,1205.7,16143.6,47109.8,0.0,8970.792,857.424,307.526,2969:12;2992:3350;2993:3805;2994:2611;2995:2363
415.4444,1788883280.4992,6,1180.15,12291.27,13471.41,1196.1,16186.7,47066.8,0.0,8976.243,857.616,307.526,2969:12;2992:3351;2993:3875;2994:2603;2995:2449
415.5515,1788883280.6063,6,1180.26,12261.18,13441.44,1135.0,16268.3,46985.1,0.0,8983.737,857.871,307.526,2969:12;2992:3361;2993:3811;2994:2610;2995:2466
415.6559,1788883280.7107,6,1180.39,12223.24,13403.64,970.3,16275.1,46978.4,0.0,8994.788,858.089,307.526,2969:12;2992:3360;2993:3858;2994:2609;2995:2384
415.7600,1788883280.8148,6,1180.40,12257.81,13438.21,821.8,16294.4,46959.1,0.0,8997.353,858.380,307.526,2969:12;2992:3365;2993:3875;2994:2610;2995:2395
415.8661,1788883280.9209,6,1180.44,12336.25,13516.69,1113.2,16303.5,46950.0,0.0,9008.269,858.671,307.526,2969:12;2992:3386;2993:3873;2994:2654;2995:2410
415.9721,1788883281.0269,6,1180.44,12460.12,13640.56,800.9,16309.6,46943.8,0.0,9010.766,858.949,307.526,2969:12;2992:3474;2993:3885;2994:2666;2995:2423
416.0770,1788883281.1319,6,1180.51,12648.79,13829.29,1227.8,16347.2,46906.3,0.0,9020.029,859.144,307.526,2969:12;2992:3499;2993:3915;2994:2760;2995:2462
416.1852,1788883281.2400,6,1180.62,12761.06,13941.69,1505.9,16132.6,47120.8,0.0,9029.545,859.336,307.526,2969:12;2992:3493;2993:3907;2994:2857;2995:2491
416.2939,1788883281.3487,6,1180.89,12802.91,13983.80,1153.9,16139.2,47114.3,0.0,9037.712,859.572,307.526,2969:12;2992:3453;2993:3981;2994:2836;2995:2521
416.4016,1788883281.4565,6,1181.33,12688.88,13870.21,1343.7,16269.3,46984.1,0.0,9044.953,859.717,307.526,2969:12;2992:3472;2993:3933;2994:2800;2995:2472
416.5080,1788883281.5629,6,1181.58,12759.69,13941.27,1008.6,16458.5,46795.0,0.0,9051.673,859.983,307.526,2969:12;2992:3498;2993:3973;2994:2786;2995:2491
416.6141,1788883281.6689,6,1181.73,12748.52,13930.25,1207.0,16517.8,46735.7,0.0,9060.253,860.182,307.526,2969:12;2992:3488;2993:3956;2994:2799;2995:2494
416.7199,1788883281.7747,6,1181.73,12805.64,13987.38,768.9,16539.6,46713.8,0.0,9065.734,860.493,307.526,2969:12;2992:3505;2993:3972;2994:2816;2995:2501
416.8253,1788883281.8801,6,1181.76,12857.12,14038.88,1106.2,16560.9,46692.6,0.0,9076.775,860.700,307.526,2969:12;2992:3512;2993:3993;2994:2825;2995:2515
416.9312,1788883281.9860,6,1181.76,12907.15,14088.91,734.7,16578.7,46674.7,0.0,9081.221,861.019,307.526,2969:12;2992:3521;2993:4003;2994:2835;2995:2535
417.0359,1788883282.0907,6,1181.76,12932.19,14113.95,1094.1,16583.6,46669.9,0.0,9093.046,861.235,307.526,2969:12;2992:3525;2993:4012;2994:2846;2995:2537
417.1421,1788883282.1969,6,1181.76,12982.29,14164.05,565.1,16588.9,46664.6,0.0,9095.907,861.529,307.526,2969:12;2992:3534;2993:4021;2994:2864;2995:2550
417.2463,1788883282.3011,6,1181.79,13172.21,14354.00,1349.6,16579.2,46674.3,0.0,9112.201,861.743,307.526,2969:12;2992:3632;2993:4032;2994:2917;2995:2579
417.3528,1788883282.4076,6,1181.80,13287.95,14469.75,1223.5,16489.5,46764.0,0.0,9121.605,862.005,307.526,2969:12;2992:3666;2993:4054;2994:2899;2995:2656
417.4627,1788883282.5175,6,1181.85,13161.43,14343.28,1254.1,16467.3,46786.1,0.0,9130.783,862.225,307.526,2969:12;2992:3615;2993:4055;2994:2884;2995:2595
417.5672,1788883282.6220,6,1181.91,13196.28,14378.19,1137.9,16521.6,46731.9,0.0,9138.916,862.511,307.526,2969:12;2992:3623;2993:4064;2994:2893;2995:2604
417.6736,1788883282.7284,6,1182.04,13269.45,14451.48,1279.8,16559.2,46694.3,0.0,9157.278,862.693,307.526,2969:12;2992:3618;2993:4129;2994:2900;2995:2610
417.7780,1788883282.8328,6,1182.31,13349.17,14531.48,1092.1,16720.0,46533.5,0.0,9162.994,862.935,307.526,2969:12;2992:3616;2993:4091;2994:2989;2995:2641
417.8824,1788883282.9372,6,1182.41,13412.44,14594.85,1210.1,16855.6,46397.8,0.0,9180.498,863.123,307.526,2969:12;2992:3628;2993:4105;2994:3017;2995:2650
417.9900,1788883283.0449,6,1182.56,13384.34,14566.90,798.5,16891.9,46361.6,0.0,9192.757,863.410,307.526,2969:12;2992:3648;2993:4074;2994:2975;2995:2674
418.0964,1788883283.1512,6,1182.71,13454.00,14636.71,1185.9,16878.2,46375.3,0.0,9206.190,863.609,307.526,2969:12;2992:3654;2993:4105;2994:2997;2995:2686
418.2034,1788883283.2582,6,1182.79,13753.07,14935.87,1391.6,16893.9,46359.5,0.0,9213.097,863.807,307.526,2969:12;2992:3665;2993:4121;2994:3074;2995:2882
418.3187,1788883283.3735,6,1182.88,13801.18,14984.05,1467.6,17175.5,46078.0,0.0,9236.432,863.968,307.526,2969:12;2992:3656;2993:4114;2994:3141;2995:2878
418.4318,1788883283.4866,6,1182.95,13657.77,14840.72,1006.8,17242.7,46010.8,0.0,9247.442,864.225,307.526,2969:12;2992:3634;2993:4163;2994:3077;2995:2771
418.5380,1788883283.5929,6,1182.95,13718.04,14900.99,995.5,17251.7,46001.8,0.0,9274.468,864.463,307.526,2969:12;2992:3649;2993:4177;2994:3090;2995:2790
418.6491,1788883283.7039,6,1182.96,13736.11,14919.07,900.0,17264.4,45989.1,0.0,9282.115,864.722,307.526,2969:12;2992:3648;2993:4184;2994:3109;2995:2783
418.7554,1788883283.8102,6,1182.96,13781.69,14964.64,801.2,17265.8,45987.7,0.0,9307.545,865.001,307.526,2969:12;2992:3659;2993:4196;2994:3117;2995:2798
418.8614,1788883283.9162,6,1182.96,13803.50,14986.46,875.9,17278.7,45974.8,0.0,9324.250,865.249,307.526,2969:12;2992:3658;2993:4203;2994:3128;2995:2802
418.9676,1788883284.0224,6,1182.98,14031.49,15214.47,1274.3,17412.9,45840.5,0.0,9337.845,865.475,307.526,2969:12;2992:3672;2993:4213;2994:3144;2995:2990
419.0744,1788883284.1292,6,1183.01,13977.39,15160.41,1436.5,17429.8,45823.7,0.0,9353.983,865.662,307.526,2969:12;2992:3673;2993:4231;2994:3141;2995:2920
419.1794,1788883284.2342,6,1183.09,13960.97,15144.06,1148.5,17474.9,45778.6,0.0,9364.683,865.922,307.526,2969:12;2992:3668;2993:4248;2994:3145;2995:2887
419.2840,1788883284.3388,6,1183.22,14057.94,15241.16,1172.0,17554.8,45698.7,0.0,9387.132,866.127,307.526,2969:12;2992:3686;2993:4245;2994:3165;2995:2949
419.3961,1788883284.4509,6,1183.38,14201.93,15385.31,1066.7,17570.7,45682.8,0.0,9395.258,866.347,307.526,2969:12;2992:3677;2993:4264;2994:3169;2995:3079
419.5030,1788883284.5578,6,1183.52,14272.58,15456.10,1225.8,17659.8,45593.7,0.0,9420.802,866.552,307.526,2969:12;2992:3700;2993:4269;2994:3184;2995:3107
419.6151,1788883284.6699,6,1183.71,14200.26,15383.97,1291.4,17717.7,45535.8,0.0,9427.707,866.754,307.526,2969:12;2992:3685;2993:4273;2994:3185;2995:3045
419.7206,1788883284.7754,6,1183.91,14143.28,15327.19,1178.3,17780.9,45472.6,0.0,9442.468,866.964,307.526,2969:12;2992:3693;2993:4246;2994:3169;2995:3023
419.8265,1788883284.8814,6,1184.16,14209.84,15394.00,1176.6,17844.3,45409.1,0.0,9459.551,867.164,307.526,2969:12;2992:3693;2993:4292;2994:3163;2995:3049
419.9329,1788883284.9877,6,1184.37,14336.93,15521.30,1195.2,17918.0,45335.4,0.0,9484.461,867.397,307.526,2969:12;2992:3713;2993:4358;2994:3187;2995:3066
420.0408,1788883285.0957,6,1184.62,14275.12,15459.75,1339.4,17959.7,45293.7,0.0,9496.154,867.553,307.526,2969:12;2992:3742;2993:4252;2994:3209;2995:3060
420.1484,1788883285.2032,6,1184.82,14355.57,15540.38,1375.9,18114.2,45139.3,0.0,9508.105,867.729,307.526,2969:12;2992:3748;2993:4273;2994:3216;2995:3106
420.2552,1788883285.3100,6,1184.95,14569.57,15754.52,1378.3,18280.0,44973.5,0.0,9515.964,867.803,307.526,2969:12;2992:3726;2993:4383;2994:3281;2995:3168
420.3629,1788883285.4177,6,1185.02,14920.40,16105.42,1454.1,18357.6,44895.9,0.0,9520.577,867.934,307.526,2969:12;2992:3862;2993:4342;2994:3593;2995:3112
420.4704,1788883285.5252,6,1185.17,14603.70,15788.86,1417.2,18519.2,44734.3,0.0,9526.790,868.021,307.526,2969:12;2992:3743;2993:4317;2994:3369;2995:3163
420.5764,1788883285.6312,6,1185.55,14540.78,15726.34,1180.9,18625.3,44628.1,0.0,9528.051,868.157,307.526,2969:12;2992:3744;2993:4258;2994:3439;2995:3087
420.6830,1788883285.7378,6,1185.91,14591.80,15777.71,1296.4,18736.8,44516.7,0.0,9541.870,868.277,307.526,2969:12;2992:3792;2993:4172;2994:3558;2995:3057
420.7887,1788883285.8435,6,1186.22,14687.62,15873.84,725.1,18783.1,44470.4,0.0,9545.019,868.536,307.526,2969:12;2992:3821;2993:4191;2994:3575;2995:3088
420.8935,1788883285.9483,6,1186.22,14732.71,15918.93,1210.5,18817.0,44436.4,0.0,9557.819,868.784,307.526,2969:12;2992:3833;2993:4199;2994:3586;2995:3102
420.9982,1788883286.0530,6,1186.27,14739.77,15926.04,1019.3,18858.0,44395.5,0.0,9565.043,869.052,307.526,2969:12;2992:3809;2993:4214;2994:3603;2995:3101
421.1027,1788883286.1575,6,1186.29,14778.65,15964.95,1011.6,18880.6,44372.9,0.0,9575.694,869.294,307.526,2969:12;2992:3811;2993:4228;2994:3619;2995:3109
421.2089,1788883286.2638,6,1186.30,14833.52,16019.81,687.4,18893.1,44360.4,0.0,9584.547,869.595,307.526,2969:12;2992:3828;2993:4246;2994:3629;2995:3118
421.3154,1788883286.3702,6,1186.30,14874.98,16061.28,1233.7,18910.5,44343.0,0.0,9599.490,869.826,307.526,2969:12;2992:3835;2993:4260;2994:3640;2995:3129
421.4215,1788883286.4763,6,1186.30,14935.29,16121.59,980.5,18914.5,44339.0,0.0,9600.972,870.153,307.526,2969:12;2992:3852;2993:4269;2994:3662;2995:3140
421.5276,1788883286.5824,6,1186.30,14943.11,16129.41,1112.4,18923.6,44329.9,0.0,9612.901,870.434,307.526,2969:12;2992:3855;2993:4272;2994:3663;2995:3140
421.6316,1788883286.6864,6,1186.30,15016.92,16203.21,999.5,18933.9,44319.6,0.0,9625.188,870.678,307.526,2969:12;2992:3871;2993:4279;2994:3710;2995:3144
421.7357,1788883286.7905,6,1186.35,15001.21,16187.57,1125.5,18966.3,44287.2,0.0,9642.144,870.924,307.526,2969:12;2992:3881;2993:4301;2994:3649;2995:3158
421.8407,1788883286.8955,6,1186.68,14996.94,16183.62,1081.7,19000.4,44253.1,0.0,9664.084,871.187,307.526,2969:12;2992:3890;2993:4306;2994:3626;2995:3163
421.9450,1788883286.9998,6,1186.70,15034.64,16221.33,1048.4,19009.6,44243.9,0.0,9686.483,871.396,307.526,2969:12;2992:3907;2993:4312;2994:3628;2995:3175
422.0511,1788883287.1059,6,1186.77,15089.64,16276.41,970.2,19056.8,44196.6,0.0,9711.617,871.675,307.526,2969:12;2992:3911;2993:4329;2994:3649;2995:3188
422.1573,1788883287.2121,6,1186.92,15094.98,16281.89,896.9,19078.6,44174.9,0.0,9724.307,871.836,307.526,2969:12;2992:3892;2993:4324;2994:3674;2995:3193
422.2619,1788883287.3168,6,1187.02,15079.21,16266.23,883.9,19106.7,44146.7,0.0,9743.514,872.061,307.526,2969:12;2992:3884;2993:4346;2994:3655;2995:3182
422.3675,1788883287.4223,6,1187.16,15221.07,16408.23,1374.5,19116.8,44136.7,0.0,9754.149,872.229,307.526,2969:12;2992:3974;2993:4395;2994:3663;2995:3177
422.4744,1788883287.5292,6,1187.20,15187.31,16374.51,1118.9,19074.6,44178.9,0.0,9766.218,872.391,307.526,2969:12;2992:4006;2993:4351;2994:3670;2995:3149
422.5804,1788883287.6352,6,1187.28,15206.67,16393.95,1038.3,18893.2,44360.3,0.0,9779.391,872.651,307.526,2969:12;2992:4043;2993:4338;2994:3684;2995:3129
422.6844,1788883287.7392,6,1187.39,15180.95,16368.34,884.8,18928.9,44324.6,0.0,9790.643,872.915,307.526,2969:12;2992:3991;2993:4347;2994:3688;2995:3143
422.7883,1788883287.8432,6,1187.59,15250.03,16437.62,839.4,19014.0,44239.5,0.0,9803.910,873.138,307.526,2969:12;2992:4024;2993:4359;2994:3697;2995:3158
422.8945,1788883287.9494,6,1187.63,15301.32,16488.95,652.4,19032.1,44221.3,0.0,9816.869,873.407,307.526,2969:12;2992:4041;2993:4369;2994:3710;2995:3169
422.9986,1788883288.0534,6,1187.63,15319.34,16506.98,975.7,19038.4,44215.0,0.0,9829.096,873.652,307.526,2969:12;2992:4034;2993:4381;2994:3714;2995:3178
423.1032,1788883288.1580,6,1187.64,15458.02,16645.65,784.3,19103.8,44149.7,0.0,9838.344,873.876,307.526,2969:12;2992:4064;2993:4409;2994:3778;2995:3195
423.2090,1788883288.2638,6,1187.70,15746.51,16934.21,1415.4,19286.6,43966.8,0.0,9850.185,874.048,307.526,2969:12;2992:4217;2993:4413;2994:3924;2995:3181
423.3180,1788883288.3729,6,1187.79,15497.49,16685.28,1146.8,19284.6,43968.9,0.0,9853.279,874.196,307.526,2969:12;2992:4073;2993:4399;2994:3779;2995:3234
423.4245,1788883288.4793,6,1187.89,15568.51,16756.41,754.5,19327.0,43926.5,0.0,9854.743,874.450,307.526,2969:12;2992:4149;2993:4426;2994:3793;2995:3188
423.5300,1788883288.5849,6,1188.09,15647.02,16835.11,1126.7,19248.4,44005.1,0.0,9868.471,874.620,307.526,2969:12;2992:4104;2993:4534;2994:3822;2995:3175
423.6370,1788883288.6918,6,1188.17,15890.05,17078.23,1393.4,19511.1,43742.4,0.0,9874.294,874.815,307.526,2969:12;2992:4129;2993:4611;2994:3848;2995:3289
423.7500,1788883288.8048,6,1188.26,16079.59,17267.85,1395.3,19745.3,43508.2,0.0,9879.435,875.003,307.526,2969:12;2992:4134;2993:4747;2994:3917;2995:3269
423.8560,1788883288.9108,6,1188.44,15984.90,17173.34,1182.2,19555.5,43697.9,0.0,9882.628,875.238,307.526,2969:12;2992:4126;2993:4660;2994:3889;2995:3299
423.9625,1788883289.0173,6,1188.71,15896.94,17085.65,1227.0,19662.5,43591.0,0.0,9886.142,875.425,307.526,2969:12;2992:4147;2993:4615;2994:3858;2995:3265
424.0674,1788883289.1222,6,1188.84,15927.81,17116.66,885.0,19682.2,43571.3,0.0,9889.680,875.650,307.526,2969:12;2992:4162;2993:4634;2994:3856;2995:3264
424.1714,1788883289.2262,6,1188.88,15989.93,17178.81,980.4,19707.5,43546.0,0.0,9893.392,875.937,307.526,2969:12;2992:4172;2993:4647;2994:3873;2995:3286
424.2775,1788883289.3323,6,1188.89,16164.39,17353.28,1175.8,19723.9,43529.6,0.0,9902.240,876.222,307.526,2969:12;2992:4184;2993:4739;2994:3914;2995:3315
424.3838,1788883289.4386,6,1188.95,16154.85,17343.79,1299.9,19611.4,43642.1,0.0,9907.770,876.454,307.526,2969:12;2992:4199;2993:4684;2994:3951;2995:3309
424.4901,1788883289.5449,6,1189.19,16227.39,17416.59,1169.7,19736.7,43516.8,0.0,9916.380,876.685,307.526,2969:12;2992:4215;2993:4678;2994:3955;2995:3367
424.5963,1788883289.6511,6,1189.51,16308.08,17497.59,1225.8,19825.8,43427.7,0.0,9919.155,876.926,307.526,2969:12;2992:4213;2993:4765;2994:3967;2995:3351
424.7024,1788883289.7572,6,1189.64,16381.27,17570.90,875.8,19883.0,43370.5,0.0,9925.696,877.186,307.526,2969:12;2992:4229;2993:4818;2994:3965;2995:3357
424.8085,1788883289.8633,6,1189.64,16409.57,17599.21,1068.1,19907.9,43345.6,0.0,9933.930,877.472,307.526,2969:12;2992:4238;2993:4822;2994:3977;2995:3361
424.9132,1788883289.9680,6,1189.64,16462.32,17651.96,835.5,19927.4,43326.1,0.0,9942.900,877.710,307.526,2969:12;2992:4250;2993:4838;2994:3988;2995:3375
425.0175,1788883290.0723,6,1189.76,16487.60,17677.36,1118.2,19949.5,43304.0,0.0,9956.315,877.938,307.526,2969:12;2992:4259;2993:4840;2994:3996;2995:3381
425.1222,1788883290.1770,6,1189.80,16536.61,17726.41,794.4,19960.7,43292.7,0.0,9970.336,878.244,307.526,2969:12;2992:4278;2993:4849;2994:4006;2995:3391
425.2278,1788883290.2826,6,1189.84,16562.81,17752.64,688.9,19995.6,43257.8,0.0,9979.050,878.478,307.526,2969:12;2992:4290;2993:4856;2994:4008;2995:3397
425.3338,1788883290.3886,6,1189.86,16743.04,17932.89,979.8,20029.3,43224.2,0.0,9993.016,878.689,307.526,2969:12;2992:4297;2993:5001;2994:4023;2995:3410
425.4400,1788883290.4948,6,1189.93,16835.01,18024.93,1314.1,20248.4,43005.0,0.0,10003.648,878.901,307.526,2969:12;2992:4321;2993:5044;2994:4041;2995:3417
425.5458,1788883290.6006,6,1190.16,16754.07,17944.23,1099.5,20214.5,43038.9,0.0,10023.786,879.140,307.526,2969:12;2992:4329;2993:4986;2994:4048;2995:3379
425.6555,1788883290.7103,6,1190.31,16707.30,17897.62,1273.3,20252.9,43000.6,0.0,10025.153,879.264,307.526,2969:12;2992:4339;2993:4959;2994:4033;2995:3365
425.7613,1788883290.8162,6,1190.50,16598.94,17789.43,865.9,20211.0,43042.5,0.0,10030.081,879.486,307.526,2969:12;2992:4326;2993:4853;2994:4035;2995:3373
425.8677,1788883290.9225,6,1190.70,16678.34,17869.04,1235.0,20250.8,43002.7,0.0,10048.520,879.668,307.526,2969:12;2992:4326;2993:4922;2994:4040;2995:3378
425.9728,1788883291.0276,6,1190.70,16751.77,17942.47,513.9,20275.6,42977.9,0.0,10056.325,879.935,307.526,2969:12;2992:4344;2993:4941;2994:4059;2995:3394
426.0799,1788883291.1347,6,1190.70,16779.60,17970.30,829.3,20297.4,42956.1,0.0,10070.609,880.150,307.526,2969:12;2992:4364;2993:4947;2994:4064;2995:3393
426.1860,1788883291.2408,6,1190.79,16769.80,17960.59,905.7,20370.8,42882.7,0.0,10082.441,880.356,307.526,2969:12;2992:4342;2993:4939;2994:4074;2995:3403
426.2909,1788883291.3458,6,1191.00,16871.49,18062.49,1184.3,20456.9,42796.6,0.0,10106.344,880.575,307.526,2969:12;2992:4359;2993:4955;2994:4117;2995:3428
426.3981,1788883291.4529,6,1191.29,16839.78,18031.07,1163.0,20519.5,42734.0,0.0,10117.463,880.771,307.526,2969:12;2992:4341;2993:4943;2994:4131;2995:3412
426.5030,1788883291.5578,6,1191.79,16887.48,18079.27,785.1,20525.4,42728.1,0.0,10127.618,880.941,307.597,2969:12;2992:4347;2993:4967;2994:4147;2995:3414
426.6074,1788883291.6622,6,1192.20,16988.85,18181.05,1278.5,20531.6,42721.9,0.0,10148.938,881.074,307.597,2969:12;2992:4363;2993:5003;2994:4189;2995:3421
426.7136,1788883291.7684,6,1192.27,17234.52,18426.79,1301.8,20799.3,42454.2,0.0,10165.545,881.292,307.597,2969:12;2992:4529;2993:5007;2994:4225;2995:3462
426.8198,1788883291.8746,6,1192.30,17098.30,18290.59,1445.2,20895.5,42357.9,0.0,10183.012,881.499,307.597,2969:12;2992:4475;2993:4971;2994:4218;2995:3422
426.9265,1788883291.9813,6,1192.45,17213.91,18406.36,867.6,20963.7,42289.7,0.0,10188.994,881.757,307.597,2969:12;2992:4539;2993:4989;2994:4232;2995:3443
427.0312,1788883292.0860,6,1192.53,17361.21,18553.74,1433.5,20977.5,42276.0,0.0,10209.256,881.935,307.597,2969:12;2992:4592;2993:4982;2994:4332;2995:3443
427.1397,1788883292.1945,6,1192.66,17381.79,18574.45,1420.2,21001.0,42252.5,0.0,10222.719,882.106,307.597,2969:12;2992:4504;2993:5075;2994:4299;2995:3492
427.2510,1788883292.3058,6,1192.76,17296.28,18489.04,1275.1,20943.6,42309.9,0.0,10233.015,882.353,307.597,2969:12;2992:4541;2993:4998;2994:4253;2995:3492
427.3590,1788883292.4139,6,1193.02,17321.43,18514.45,1243.1,21019.0,42234.5,0.0,10251.406,882.542,307.597,2969:12;2992:4541;2993:5014;2994:4263;2995:3492
427.4653,1788883292.5201,6,1193.14,17392.62,18585.76,1029.8,21034.3,42219.2,0.0,10267.127,882.794,307.597,2969:12;2992:4544;2993:5026;2994:4270;2995:3540
427.5712,1788883292.6260,6,1193.23,17402.31,18595.55,1111.0,21053.5,42200.0,0.0,10283.972,883.060,307.597,2969:12;2992:4549;2993:5035;2994:4282;2995:3524
427.6762,1788883292.7310,6,1193.42,17536.73,18730.15,999.9,21092.3,42161.2,0.0,10298.435,883.301,307.597,2969:12;2992:4569;2993:5069;2994:4342;2995:3544
427.7828,1788883292.8376,6,1193.58,17520.02,18713.60,1282.0,21094.9,42158.6,0.0,10311.433,883.513,307.597,2969:12;2992:4581;2993:5070;2994:4314;2995:3543
427.8880,1788883292.9428,6,1193.79,17709.48,18903.28,1209.9,21302.4,41951.0,0.0,10333.713,883.708,307.597,2969:12;2992:4644;2993:5083;2994:4418;2995:3553
427.9945,1788883293.0493,6,1193.91,17815.91,19009.82,1382.4,21529.5,41724.0,0.0,10337.535,883.865,307.597,2969:12;2992:4703;2993:5076;2994:4453;2995:3571
428.1007,1788883293.1556,6,1194.14,17891.76,19085.91,1208.5,21535.7,41717.8,0.0,10354.174,884.030,307.597,2969:12;2992:4702;2993:5184;2994:4453;2995:3541
428.2092,1788883293.2640,6,1194.61,17787.50,18982.11,1140.0,21662.0,41591.4,0.0,10357.746,884.229,307.597,2969:12;2992:4703;2993:5112;2994:4402;2995:3557
428.3151,1788883293.3699,6,1194.95,17781.35,18976.30,973.7,21559.1,41694.4,0.0,10370.616,884.376,307.597,2969:12;2992:4681;2993:5085;2994:4432;2995:3571
428.4213,1788883293.4761,6,1195.37,17769.31,18964.68,1006.0,21579.3,41674.2,0.0,10374.391,884.546,307.597,2969:12;2992:4699;2993:5004;2994:4471;2995:3583
428.5265,1788883293.5813,6,1195.67,17718.13,18913.80,1123.9,21582.2,41671.2,0.0,10389.428,884.717,307.597,2969:12;2992:4707;2993:4904;2994:4505;2995:3589
428.6315,1788883293.6863,6,1195.89,17730.42,18926.31,460.0,21553.4,41700.1,0.0,10391.817,884.805,307.597,2969:12;2992:4722;2993:4874;2994:4494;2995:3628
428.7357,1788883293.7905,6,1195.98,17746.83,18942.81,758.9,21638.3,41615.2,0.0,10406.144,885.067,307.597,2969:12;2992:4762;2993:4892;2994:4512;2995:3569
428.8414,1788883293.8962,6,1195.98,17756.80,18952.78,719.7,21639.1,41614.3,0.0,10409.021,885.257,307.597,2969:12;2992:4761;2993:4895;2994:4519;2995:3570
428.9453,1788883294.0002,6,1195.98,17813.95,19009.93,737.2,21648.0,41605.4,0.0,10426.845,885.560,307.597,2969:12;2992:4769;2993:4913;2994:4539;2995:3581
429.0514,1788883294.1062,6,1196.00,18213.82,19409.82,1344.1,21670.3,41583.2,0.0,10430.625,885.768,307.597,2969:12;2992:4792;2993:5063;2994:4619;2995:3727
429.1579,1788883294.2127,6,1196.09,18061.19,19257.28,1238.6,21532.5,41720.9,0.0,10433.237,885.977,307.597,2969:12;2992:4825;2993:4996;2994:4568;2995:3660
429.2636,1788883294.3184,6,1196.30,18007.16,19203.45,1124.4,21473.2,41780.3,0.0,10436.788,886.184,307.597,2969:12;2992:4804;2993:4985;2994:4578;2995:3629
429.3693,1788883294.4242,6,1196.43,18068.57,19264.99,1007.0,21524.5,41729.0,0.0,10441.687,886.424,307.597,2969:12;2992:4806;2993:5028;2994:4594;2995:3629
429.4734,1788883294.5282,6,1196.43,18135.00,19331.43,831.2,21542.3,41711.2,0.0,10447.042,886.717,307.597,2969:12;2992:4816;2993:5049;2994:4613;2995:3645
429.5793,1788883294.6341,6,1196.59,18267.42,19464.00,1144.4,21637.6,41615.8,0.0,10452.451,886.907,307.597,2969:12;2992:4911;2993:5044;2994:4626;2995:3675
429.6853,1788883294.7401,6,1196.77,18350.96,19547.73,1343.4,21737.4,41516.1,0.0,10458.816,887.053,307.597,2969:12;2992:4922;2993:5012;2994:4666;2995:3739
429.7925,1788883294.8473,6,1197.21,18343.35,19540.56,1055.9,21809.9,41443.6,0.0,10463.915,887.254,307.597,2969:12;2992:4929;2993:5039;2994:4699;2995:3663
429.8996,1788883294.9544,6,1197.42,18418.98,19616.40,1104.5,21851.9,41401.6,0.0,10473.081,887.436,307.597,2969:12;2992:4941;2993:5062;2994:4735;2995:3668
430.0054,1788883295.0602,6,1197.42,18517.73,19715.16,771.6,21947.3,41306.2,0.0,10480.733,887.730,307.597,2969:12;2992:4976;2993:5079;2994:4762;2995:3689
430.1117,1788883295.1665,6,1197.42,18556.32,19753.74,967.6,21961.0,41292.5,0.0,10484.159,888.018,307.597,2969:12;2992:4988;2993:5090;2994:4768;2995:3698
430.2158,1788883295.2706,6,1197.52,18580.16,19777.68,832.0,21972.7,41280.8,0.0,10496.096,888.269,307.597,2969:12;2992:4991;2993:5100;2994:4775;2995:3703
430.3218,1788883295.3766,6,1197.52,18641.50,19839.02,616.2,21978.8,41274.7,0.0,10498.112,888.582,307.597,2969:12;2992:5008;2993:5114;2994:4792;2995:3716
430.4270,1788883295.4818,6,1197.54,18829.68,20027.22,1256.7,22132.9,41120.6,0.0,10513.938,888.782,307.597,2969:12;2992:5090;2993:5120;2994:4878;2995:3730
430.5397,1788883295.5945,6,1197.58,18950.82,20148.40,1190.2,22238.1,41015.3,0.0,10518.022,889.007,307.597,2969:12;2992:5158;2993:5113;2994:4935;2995:3732
430.6461,1788883295.7009,6,1197.70,18914.47,20112.18,1170.9,22243.8,41009.7,0.0,10530.880,889.251,307.597,2969:12;2992:5125;2993:5105;2994:4924;2995:3749
430.7521,1788883295.8070,6,1197.87,18794.82,19992.69,1027.9,22218.0,41035.4,0.0,10532.249,889.413,307.597,2969:12;2992:5096;2993:5101;2994:4863;2995:3723
430.8570,1788883295.9118,6,1198.04,18910.27,20108.31,778.3,22251.7,41001.8,0.0,10539.382,889.598,307.597,2969:12;2992:5118;2993:5110;2994:4930;2995:3739
430.9612,1788883296.0160,6,1198.04,18952.80,20150.84,858.7,22279.6,40973.9,0.0,10546.481,889.888,307.597,2969:12;2992:5131;2993:5117;2994:4947;2995:3745
431.0673,1788883296.1221,6,1198.04,18994.09,20192.12,440.3,22289.8,40963.7,0.0,10555.792,890.115,307.597,2969:12;2992:5138;2993:5129;2994:4960;2995:3755
431.1715,1788883296.2263,6,1198.09,19027.36,20225.45,690.1,22307.5,40946.0,0.0,10565.281,890.282,307.597,2969:12;2992:5154;2993:5127;2994:4977;2995:3756
431.2775,1788883296.3323,6,1198.09,19064.05,20262.14,613.4,22312.2,40941.2,0.0,10570.795,890.517,307.597,2969:12;2992:5161;2993:5142;2994:4986;2995:3763
431.3834,1788883296.4382,6,1198.09,19077.23,20275.32,799.1,22324.2,40929.3,0.0,10581.524,890.737,307.597,2969:12;2992:5165;2993:5139;2994:4993;2995:3768
431.4884,1788883296.5432,6,1198.09,19121.11,20319.20,594.2,22332.2,40921.3,0.0,10586.598,890.992,307.597,2969:12;2992:5177;2993:5150;2994:5005;2995:3777
431.5928,1788883296.6476,6,1198.10,19241.52,20439.61,1122.8,22353.6,40899.9,0.0,10598.454,891.222,307.597,2969:12;2992:5190;2993:5197;2994:5015;2995:3827
431.7000,1788883296.7548,6,1198.11,19439.52,20637.62,1466.0,22601.1,40652.4,0.0,10605.644,891.468,307.597,2969:12;2992:5196;2993:5298;2994:5078;2995:3856
431.8105,1788883296.8653,6,1198.15,19328.43,20526.57,1165.1,22703.5,40550.0,0.0,10613.356,891.776,307.597,2969:12;2992:5211;2993:5241;2994:5030;2995:3834
431.9167,1788883296.9715,6,1198.31,19327.83,20526.14,1280.2,22732.1,40521.4,0.0,10625.317,891.995,307.597,2969:12;2992:5171;2993:5305;2994:4991;2995:3849
432.0238,1788883297.0786,6,1198.42,19325.70,20524.12,1139.4,22676.9,40576.6,0.0,10631.354,892.268,307.597,2969:12;2992:5181;2993:5240;2994:5001;2995:3891
432.1299,1788883297.1847,6,1198.54,19362.85,20561.39,1167.4,22750.3,40503.2,0.0,10640.360,892.507,307.597,2969:12;2992:5164;2993:5317;2994:5029;2995:3841
432.2342,1788883297.2890,6,1198.89,19318.04,20516.93,1058.2,22736.4,40517.1,0.0,10646.648,892.770,307.597,2969:12;2992:5180;2993:5280;2994:4986;2995:3859
432.3400,1788883297.3949,6,1199.09,19476.07,20675.16,1153.7,22799.6,40453.9,0.0,10655.130,892.993,307.597,2969:12;2992:5186;2993:5312;2994:5047;2995:3919
432.4505,1788883297.5053,6,1199.17,19816.51,21015.68,1382.7,22705.1,40548.3,0.0,10662.272,893.098,307.597,2969:12;2992:5342;2993:5409;2994:5057;2995:3996
432.5573,1788883297.6121,6,1199.52,19723.85,20923.37,1266.8,22769.2,40484.2,0.0,10662.770,893.239,307.597,2969:12;2992:5271;2993:5377;2994:5053;2995:4010
432.6639,1788883297.7187,6,1199.88,19671.71,20871.58,1262.5,22817.6,40435.8,0.0,10669.970,893.333,307.597,2969:12;2992:5216;2993:5319;2994:5087;2995:4037
432.7707,1788883297.8255,6,1200.41,19572.92,20773.33,941.2,22812.0,40441.5,0.0,10673.085,893.437,307.597,2969:12;2992:5216;2993:5319;2994:5011;2995:4015
432.8770,1788883297.9318,6,1200.71,19544.75,20745.45,844.3,22831.6,40421.9,0.0,10678.064,893.479,307.597,2969:12;2992:5202;2993:5296;2994:4980;2995:4055
432.9810,1788883298.0358,6,1200.97,19556.38,20757.36,483.0,22853.6,40399.9,0.0,10678.378,893.553,307.597,2969:12;2992:5183;2993:5293;2994:4975;2995:4094
433.0867,1788883298.1415,6,1201.28,19649.71,20850.99,948.1,22957.6,40295.9,0.0,10685.104,893.578,307.597,2969:12;2992:5226;2993:5305;2994:5060;2995:4046
433.1958,1788883298.2506,6,1201.82,19565.88,20767.70,1204.6,22932.4,40321.0,0.0,10685.104,893.578,307.597,2969:12;2992:5175;2993:5346;2994:5007;2995:4025
433.3018,1788883298.3566,6,1202.45,19323.79,20526.24,1006.4,22809.9,40443.6,0.0,10685.104,893.578,307.597,2969:12;2992:5088;2993:5296;2994:4949;2995:3979
433.4070,1788883298.4618,6,1202.64,19413.53,20616.18,391.9,22818.3,40435.1,0.0,10685.582,893.676,307.597,2969:12;2992:5113;2993:5316;2994:4964;2995:4009
433.5115,1788883298.5663,6,1202.64,19450.28,20652.93,744.9,22822.0,40431.5,0.0,10687.696,893.873,307.597,2969:12;2992:5119;2993:5329;2994:4978;2995:4013
433.6162,1788883298.6710,6,1202.64,19513.29,20715.94,984.3,22833.4,40420.1,0.0,10706.382,894.171,307.597,2969:12;2992:5126;2993:5348;2994:4995;2995:4032
433.7221,1788883298.7769,6,1202.64,19567.21,20769.86,861.2,22834.5,40419.0,0.0,10712.344,894.470,307.597,2969:12;2992:5136;2993:5355;2994:5017;2995:4046
433.8275,1788883298.8823,6,1202.64,19594.14,20796.79,858.9,22839.7,40413.8,0.0,10727.575,894.684,307.597,2969:12;2992:5138;2993:5370;2994:5029;2995:4044
433.9372,1788883298.9920,6,1202.64,19631.82,20834.46,737.0,22843.8,40409.7,0.0,10733.596,894.905,307.597,2969:12;2992:5148;2993:5378;2994:5040;2995:4053
434.0429,1788883299.0977,6,1202.64,19688.03,20890.68,1129.2,22851.2,40402.2,0.0,10749.269,895.198,307.597,2969:12;2992:5157;2993:5391;2994:5058;2995:4070
434.1473,1788883299.2021,6,1202.64,19724.16,20926.81,826.6,22851.5,40402.0,0.0,10759.229,895.448,307.597,2969:12;2992:5167;2993:5404;2994:5070;2995:4070
434.2513,1788883299.3061,6,1202.68,19776.08,20978.76,1102.9,22851.5,40402.0,0.0,10771.459,895.753,307.597,2969:12;2992:5177;2993:5418;2994:5083;2995:4086
434.3577,1788883299.4125,6,1202.68,19812.21,21014.90,948.8,22853.8,40399.7,0.0,10785.030,896.005,307.597,2969:12;2992:5182;2993:5429;2994:5097;2995:4092
434.4638,1788883299.5186,6,1202.68,19864.57,21067.26,704.4,22861.2,40392.3,0.0,10803.901,896.265,307.597,2969:12;2992:5187;2993:5443;2994:5112;2995:4110
434.5692,1788883299.6240,6,1202.68,19875.60,21078.29,853.5,22862.3,40391.2,0.0,10818.584,896.477,307.597,2969:12;2992:5189;2993:5448;2994:5120;2995:4106
434.6732,1788883299.7280,6,1202.69,19929.61,21132.30,567.1,22864.9,40388.6,0.0,10840.117,896.732,307.597,2969:12;2992:5195;2993:5466;2994:5136;2995:4121
434.7793,1788883299.8341,6,1202.69,19962.19,21164.88,884.5,22867.4,40386.1,0.0,10852.759,896.992,307.597,2969:12;2992:5204;2993:5476;2994:5146;2995:4124
434.8860,1788883299.9408,6,1202.69,19996.82,21199.51,709.0,22879.0,40374.5,0.0,10872.712,897.222,307.597,2969:12;2992:5208;2993:5485;2994:5155;2995:4137
434.9986,1788883300.0534,6,1202.69,20027.55,21230.23,824.7,22887.9,40365.6,0.0,10890.994,897.485,307.597,2969:12;2992:5213;2993:5486;2994:5170;2995:4147
435.1047,1788883300.1595,6,1202.69,20042.15,21244.84,700.3,22895.4,40358.0,0.0,10906.365,897.714,307.597,2969:12;2992:5213;2993:5493;2994:5171;2995:4154
435.2087,1788883300.2635,6,1202.69,20088.49,21291.18,701.6,22904.3,40349.2,0.0,10923.480,897.958,307.597,2969:12;2992:5221;2993:5500;2994:5195;2995:4160
435.3130,1788883300.3678,6,1202.73,20225.61,21428.34,944.8,23080.0,40173.5,0.0,10940.197,898.123,307.597,2969:12;2992:5257;2993:5505;2994:5275;2995:4177
435.4240,1788883300.4789,6,1202.89,20492.78,21695.67,1246.7,23451.8,39801.7,0.0,10953.071,898.265,307.597,2969:12;2992:5363;2993:5523;2994:5409;2995:4184
435.5306,1788883300.5854,6,1202.96,20293.91,21496.87,1330.7,23388.3,39865.1,0.0,10962.078,898.456,307.597,2969:12;2992:5257;2993:5504;2994:5349;2995:4171
435.6360,1788883300.6909,6,1203.02,20423.20,21626.22,1072.4,23554.7,39698.8,0.0,10980.801,898.714,307.597,2969:12;2992:5281;2993:5524;2994:5402;2995:4204
435.7510,1788883300.8059,6,1203.09,20609.79,21812.88,1389.7,23651.4,39602.1,0.0,10989.758,898.893,307.597,2969:12;2992:5277;2993:5535;2994:5446;2995:4340
435.8620,1788883300.9169,6,1203.21,20635.77,21838.98,1332.2,23821.9,39431.5,0.0,11000.401,899.081,307.597,2969:12;2992:5275;2993:5532;2994:5429;2995:4388
435.9690,1788883301.0238,6,1203.36,20523.02,21726.38,1330.4,23857.5,39396.0,0.0,11017.406,899.326,307.597,2969:12;2992:5268;2993:5533;2994:5454;2995:4255
436.0756,1788883301.1304,6,1203.61,20637.52,21841.13,1105.1,23965.3,39288.2,0.0,11028.806,899.557,307.597,2969:12;2992:5281;2993:5533;2994:5512;2995:4298
436.1810,1788883301.2359,6,1203.89,20756.07,21959.96,1306.6,23954.2,39299.3,0.0,11041.886,899.750,307.597,2969:12;2992:5291;2993:5587;2994:5552;2995:4314
436.2878,1788883301.3426,6,1204.14,20742.54,21946.68,1039.9,24078.3,39175.1,0.0,11048.857,899.922,307.597,2969:12;2992:5314;2993:5614;2994:5561;2995:4241
436.3934,1788883301.4482,6,1204.16,20793.21,21997.38,1218.3,24168.3,39085.2,0.0,11058.575,900.132,307.597,2969:12;2992:5322;2993:5617;2994:5577;2995:4265
436.4993,1788883301.5542,6,1204.16,20852.71,22056.88,974.2,24194.9,39058.6,0.0,11063.412,900.438,307.597,2969:12;2992:5336;2993:5595;2994:5590;2995:4319
436.6048,1788883301.6596,6,1204.24,20951.60,22155.84,1443.0,24202.7,39050.8,0.0,11081.283,900.626,307.597,2969:12;2992:5344;2993:5668;2994:5620;2995:4307
436.7116,1788883301.7665,6,1204.42,20787.30,21991.72,1024.5,24239.7,39013.8,0.0,11086.082,900.829,307.597,2969:12;2992:5330;2993:5592;2994:5618;2995:4236
436.8171,1788883301.8719,6,1204.44,20827.75,22032.20,908.5,24244.1,39009.4,0.0,11098.718,901.099,307.597,2969:12;2992:5341;2993:5597;2994:5640;2995:4238
436.9239,1788883301.9787,6,1204.44,20870.45,22074.89,902.1,24254.3,38999.2,0.0,11110.915,901.329,307.597,2969:12;2992:5354;2993:5607;2994:5655;2995:4242
437.0279,1788883302.0827,6,1204.44,20916.59,22121.04,878.7,24262.1,38991.4,0.0,11125.006,901.596,307.597,2969:12;2992:5358;2993:5622;2994:5672;2995:4252
437.1340,1788883302.1888,6,1204.44,20943.82,22148.26,892.4,24262.7,38990.8,0.0,11134.614,901.840,307.597,2969:12;2992:5367;2993:5628;2994:5679;2995:4257
437.2380,1788883302.2928,6,1204.52,20979.84,22184.36,642.4,24265.2,38988.3,0.0,11144.507,902.088,307.597,2969:12;2992:5369;2993:5639;2994:5694;2995:4265
437.3423,1788883302.3971,6,1204.60,21018.56,22223.16,741.9,24301.0,38952.5,0.0,11154.910,902.210,307.597,2969:12;2992:5377;2993:5644;2994:5714;2995:4271
437.4475,1788883302.5023,6,1204.91,21085.02,22289.93,874.2,24384.7,38868.8,0.0,11162.692,902.489,307.597,2969:12;2992:5392;2993:5672;2994:5729;2995:4280
437.5529,1788883302.6077,6,1205.04,21110.16,22315.19,1121.7,24410.1,38843.4,0.0,11175.675,902.674,307.597,2969:12;2992:5404;2993:5651;2994:5756;2995:4287
437.6588,1788883302.7136,6,1205.06,21106.36,22311.42,517.9,24419.0,38834.5,0.0,11176.699,902.879,307.597,2969:12;2992:5414;2993:5647;2994:5748;2995:4285
437.7650,1788883302.8199,6,1205.10,21323.15,22528.25,1075.3,24526.1,38727.4,0.0,11198.180,903.057,307.597,2969:12;2992:5429;2993:5755;2994:5763;2995:4365
437.8731,1788883302.9279,6,1205.26,21424.05,22629.31,1377.9,24668.9,38584.6,0.0,11198.597,903.169,307.597,2969:12;2992:5486;2993:5776;2994:5765;2995:4386
437.9799,1788883303.0347,6,1205.44,21360.16,22565.60,987.5,24642.3,38611.2,0.0,11199.665,903.356,307.597,2969:12;2992:5405;2993:5724;2994:5885;2995:4334
438.0860,1788883303.1408,6,1205.53,21306.02,22511.55,1257.9,24743.8,38509.7,0.0,11211.145,903.561,307.597,2969:12;2992:5342;2993:5747;2994:5863;2995:4342
438.1918,1788883303.2466,6,1205.71,21300.18,22505.90,823.9,24759.2,38494.3,0.0,11219.039,903.799,307.597,2969:12;2992:5322;2993:5750;2994:5874;2995:4342
438.2960,1788883303.3508,6,1205.72,21330.02,22535.74,595.0,24776.3,38477.2,0.0,11227.634,904.010,307.597,2969:12;2992:5335;2993:5754;2994:5875;2995:4353
438.4020,1788883303.4568,6,1205.72,21340.04,22545.76,374.3,24782.3,38471.2,0.0,11237.852,904.145,307.597,2969:12;2992:5339;2993:5757;2994:5880;2995:4353
438.5060,1788883303.5608,6,1205.72,21349.39,22555.11,423.1,24782.3,38471.2,0.0,11248.789,904.309,307.597,2969:12;2992:5343;2993:5760;2994:5881;2995:4353
438.6100,1788883303.6648,6,1205.72,21362.81,22568.53,356.0,24790.3,38463.2,0.0,11256.890,904.424,307.597,2969:12;2992:5342;2993:5762;2994:5886;2995:4360
438.7139,1788883303.7687,6,1205.73,21705.54,22911.28,659.1,24903.9,38349.6,0.0,11267.964,904.574,307.597,2969:12;2992:5371;2993:5888;2994:6013;2995:4422
438.8221,1788883303.8769,6,1205.85,21684.21,22890.07,1358.8,24989.8,38263.7,0.0,11276.555,904.683,307.597,2969:12;2992:5364;2993:5850;2994:6078;2995:4379
438.9309,1788883303.9857,6,1206.07,21516.26,22722.33,1168.0,25060.1,38193.4,0.0,11277.655,904.865,307.597,2969:12;2992:5355;2993:5790;2994:5980;2995:4380
439.0361,1788883304.0910,6,1206.19,21595.84,22802.03,1216.3,25191.1,38062.4,0.0,11290.821,905.086,307.597,2969:12;2992:5368;2993:5795;2994:6001;2995:4419
439.1423,1788883304.1971,6,1206.27,21578.23,22784.50,951.8,25192.9,38060.6,0.0,11294.539,905.306,307.597,2969:12;2992:5372;2993:5753;2994:6009;2995:4432
439.2473,1788883304.3021,6,1206.42,21590.62,22797.04,924.0,25203.6,38049.9,0.0,11303.380,905.512,307.597,2969:12;2992:5384;2993:5754;2994:6009;2995:4432
439.3521,1788883304.4069,6,1206.59,21578.26,22784.85,916.3,25133.8,38119.6,0.0,11310.078,905.692,307.597,2969:12;2992:5397;2993:5759;2994:5978;2995:4433
439.4571,1788883304.5119,6,1206.76,21638.52,22845.28,1027.6,25142.5,38110.9,0.0,11320.482,905.901,307.597,2969:12;2992:5406;2993:5762;2994:6015;2995:4444
439.5620,1788883304.6168,6,1206.88,21679.74,22886.61,943.0,25159.5,38094.0,0.0,11326.962,906.116,307.597,2969:12;2992:5410;2993:5768;2994:6038;2995:4452
439.6672,1788883304.7220,6,1207.02,21663.50,22870.52,965.5,25157.7,38095.8,0.0,11332.813,906.310,307.597,2969:12;2992:5409;2993:5769;2994:6022;2995:4451
439.7729,1788883304.8277,6,1207.22,21630.44,22837.66,1048.6,25157.4,38096.0,0.0,11346.445,906.483,307.597,2969:12;2992:5408;2993:5771;2994:5993;2995:4447
439.8796,1788883304.9344,6,1207.30,21642.74,22850.04,632.3,25157.0,38096.5,0.0,11348.713,906.663,307.597,2969:12;2992:5414;2993:5777;2994:6004;2995:4435
439.9838,1788883305.0386,6,1207.43,21657.46,22864.88,728.4,25091.9,38161.5,0.0,11360.796,906.897,307.597,2969:12;2992:5416;2993:5786;2994:6001;2995:4442
440.0882,1788883305.1430,6,1207.64,22042.27,23249.90,1259.0,25082.5,38171.0,0.0,11364.917,906.983,307.597,2969:12;2992:5651;2993:5787;2994:6119;2995:4473
440.1949,1788883305.2497,6,1207.85,21947.20,23155.05,1197.8,25150.3,38103.2,0.0,11369.761,907.122,307.597,2969:12;2992:5525;2993:5783;2994:6135;2995:4492
440.3017,1788883305.3565,6,1208.01,21740.52,22948.53,1185.4,25152.4,38101.1,0.0,11371.555,907.212,307.597,2969:12;2992:5495;2993:5760;2994:6011;2995:4462
440.4060,1788883305.4608,6,1208.08,21725.20,22933.28,548.2,25127.9,38125.6,0.0,11377.887,907.425,307.597,2969:12;2992:5488;2993:5772;2994:5987;2995:4466
440.5121,1788883305.5669,6,1208.08,21758.00,22966.07,451.1,25124.6,38128.9,0.0,11378.813,907.580,307.597,2969:12;2992:5496;2993:5777;2994:6001;2995:4473
440.6160,1788883305.6709,6,1208.08,21789.87,22997.95,443.6,25127.0,38126.5,0.0,11388.331,907.809,307.597,2969:12;2992:5503;2993:5782;2994:6011;2995:4482
440.7222,1788883305.7770,6,1208.10,21829.12,23037.23,525.2,25133.6,38119.8,0.0,11389.362,907.965,307.597,2969:12;2992:5518;2993:5792;2994:6008;2995:4499
440.8267,1788883305.8815,6,1208.10,21865.68,23073.79,631.1,25140.6,38112.9,0.0,11399.543,908.173,307.597,2969:12;2992:5532;2993:5804;2994:6011;2995:4506
440.9332,1788883305.9880,6,1208.10,21880.25,23088.35,526.3,25145.6,38107.9,0.0,11403.163,908.295,307.597,2969:12;2992:5535;2993:5808;2994:6011;2995:4514
441.0395,1788883306.0943,6,1208.10,21915.89,23123.99,355.1,25133.9,38119.6,0.0,11407.724,908.528,307.597,2969:12;2992:5545;2993:5816;2994:6015;2995:4527
441.1435,1788883306.1983,6,1208.11,22362.95,23571.05,1247.5,25407.8,37845.6,0.0,11413.527,908.623,307.597,2969:12;2992:5689;2993:6013;2994:6040;2995:4609
441.2497,1788883306.3045,6,1208.34,22211.79,23420.13,1316.2,25399.4,37854.1,0.0,11413.984,908.734,307.597,2969:12;2992:5588;2993:5935;2994:6060;2995:4616
441.3549,1788883306.4097,6,1208.71,22090.27,23298.98,953.2,25428.1,37825.3,0.0,11417.201,908.871,307.597,2969:12;2992:5531;2993:5975;2994:6028;2995:4545
441.4600,1788883306.5148,6,1208.84,22110.05,23318.88,706.3,25449.0,37804.5,0.0,11417.847,909.025,307.597,2969:12;2992:5538;2993:5969;2994:6036;2995:4554
441.5662,1788883306.6210,6,1209.00,22132.74,23341.74,724.0,25456.3,37797.2,0.0,11420.694,909.156,307.597,2969:12;2992:5541;2993:5989;2994:6039;2995:4550
441.6724,1788883306.7272,6,1209.28,22098.86,23308.14,621.1,25296.0,37957.5,0.0,11422.664,909.206,307.597,2969:12;2992:5547;2993:5937;2994:6053;2995:4549
441.7770,1788883306.8318,6,1209.28,22130.79,23340.07,355.7,25304.6,37948.9,0.0,11425.279,909.335,307.597,2969:12;2992:5554;2993:5944;2994:6064;2995:4556
441.8810,1788883306.9358,6,1209.28,22128.96,23338.24,230.8,25316.8,37936.7,0.0,11428.220,909.390,307.597,2969:12;2992:5553;2993:5943;2994:6059;2995:4561
441.9849,1788883307.0397,6,1209.28,22145.84,23355.12,192.3,25304.8,37948.7,0.0,11434.326,909.482,307.597,2969:12;2992:5559;2993:5947;2994:6063;2995:4565
442.0890,1788883307.1438,6,1209.28,22158.34,23367.62,264.1,25306.9,37946.6,0.0,11445.071,909.593,307.597,2969:12;2992:5565;2993:5948;2994:6067;2995:4566
442.1952,1788883307.2501,6,1209.35,22191.10,23400.45,306.7,25312.3,37941.2,0.0,11458.771,909.738,307.597,2969:12;2992:5572;2993:5956;2994:6075;2995:4575
442.2994,1788883307.3542,6,1209.35,22332.21,23541.56,344.6,25548.8,37704.7,0.0,11460.952,909.764,307.597,2969:12;2992:5568;2993:6001;2994:6166;2995:4585
442.4039,1788883307.4587,6,1209.47,22431.91,23641.38,908.6,25702.6,37550.8,0.0,11465.810,909.844,307.597,2969:12;2992:5570;2993:6018;2994:6194;2995:4637
442.5110,1788883307.5658,6,1209.89,22236.16,23446.06,1069.7,25596.6,37656.8,0.0,11474.833,909.889,307.597,2969:12;2992:5548;2993:5987;2994:6084;2995:4605
442.6163,1788883307.6711,6,1209.98,22298.79,23508.77,471.2,25623.8,37629.6,0.0,11480.353,910.068,307.597,2969:12;2992:5558;2993:6008;2994:6098;2995:4623
442.7226,1788883307.7774,6,1209.98,22327.37,23537.35,583.3,25641.5,37612.0,0.0,11490.662,910.229,307.597,2969:12;2992:5561;2993:6020;2994:6100;2995:4634
442.8269,1788883307.8817,6,1209.98,22350.80,23560.79,547.2,25651.4,37602.1,0.0,11498.073,910.416,307.597,2969:12;2992:5569;2993:6029;2994:6106;2995:4635
442.9310,1788883307.9859,6,1209.98,22383.61,23593.59,538.3,25657.8,37595.7,0.0,11504.699,910.602,307.597,2969:12;2992:5572;2993:6040;2994:6113;2995:4646
443.0350,1788883308.0898,6,1209.98,22405.94,23615.92,481.0,25643.5,37610.0,0.0,11514.452,910.759,307.597,2969:12;2992:5579;2993:6049;2994:6113;2995:4653
443.1390,1788883308.1939,6,1209.98,22440.58,23650.56,480.5,25648.0,37605.5,0.0,11519.146,910.956,307.597,2969:12;2992:5586;2993:6061;2994:6120;2995:4661
443.2431,1788883308.2979,6,1210.00,22462.43,23672.43,595.7,25667.1,37586.3,0.0,11529.251,911.131,307.597,2969:12;2992:5592;2993:6073;2994:6122;2995:4664
443.3472,1788883308.4020,6,1210.00,22486.33,23696.34,653.9,25664.8,37588.6,0.0,11531.890,911.311,307.597,2969:12;2992:5591;2993:6084;2994:6125;2995:4674
443.4513,1788883308.5061,6,1210.00,22497.64,23707.64,345.8,25667.3,37586.2,0.0,11538.552,911.437,307.597,2969:12;2992:5597;2993:6082;2994:6128;2995:4679
443.5553,1788883308.6101,6,1210.07,22718.77,23928.84,795.5,25752.7,37500.8,0.0,11544.549,911.461,307.597,2969:12;2992:5647;2993:6162;2994:6128;2995:4769
443.6609,1788883308.7157,6,1210.44,22577.47,23787.91,1216.4,25776.8,37476.7,0.0,11544.550,911.477,307.597,2969:12;2992:5582;2993:6143;2994:6125;2995:4715
443.7663,1788883308.8211,6,1210.83,22557.36,23768.19,541.5,25829.2,37424.3,0.0,11544.864,911.552,307.597,2969:12;2992:5586;2993:6137;2994:6108;2995:4714
443.8715,1788883308.9263,6,1210.87,22537.30,23748.18,326.6,25837.5,37415.9,0.0,11553.798,911.606,307.597,2969:12;2992:5585;2993:6126;2994:6109;2995:4705
443.9755,1788883309.0303,6,1210.87,22552.12,23762.99,86.5,25837.5,37415.9,0.0,11554.112,911.683,307.597,2969:12;2992:5591;2993:6127;2994:6112;2995:4710
444.0793,1788883309.1341,6,1210.87,22553.65,23764.52,250.0,25837.8,37415.7,0.0,11563.983,911.742,307.597,2969:12;2992:5591;2993:6127;2994:6113;2995:4711
444.1833,1788883309.2381,6,1210.94,22568.49,23779.43,77.1,25837.8,37415.7,0.0,11564.285,911.806,307.597,2969:12;2992:5597;2993:6129;2994:6116;2995:4715
444.2872,1788883309.3420,6,1210.94,22579.88,23790.82,211.7,25840.1,37413.3,0.0,11574.827,911.868,307.597,2969:12;2992:5600;2993:6130;2994:6117;2995:4721
444.3911,1788883309.4460,6,1210.94,22588.32,23799.26,115.4,25840.5,37413.0,0.0,11575.142,911.954,307.597,2969:12;2992:5603;2993:6131;2994:6120;2995:4723
444.4950,1788883309.5498,6,1210.94,22601.33,23812.27,125.0,25840.5,37413.0,0.0,11585.032,912.000,307.597,2969:12;2992:5606;2993:6132;2994:6122;2995:4729
444.5990,1788883309.6538,6,1210.94,22586.02,23796.96,153.8,25840.5,37413.0,0.0,11585.296,912.017,307.597,2969:12;2992:5603;2993:6131;2994:6119;2995:4721
444.7030,1788883309.7578,6,1210.94,22605.85,23816.79,48.0,25840.5,37413.0,0.0,11588.216,912.106,307.597,2969:12;2992:5609;2993:6133;2994:6125;2995:4727
444.8070,1788883309.8618,6,1210.94,22602.02,23812.95,240.6,25840.4,37413.0,0.0,11595.494,912.151,307.597,2969:12;2992:5609;2993:6133;2994:6121;2995:4727
444.9109,1788883309.9657,6,1210.94,22618.32,23829.26,57.7,25840.4,37413.0,0.0,11596.451,912.229,307.597,2969:12;2992:5615;2993:6135;2994:6124;2995:4733
445.0148,1788883310.0696,6,1210.94,22618.02,23828.95,231.0,25840.4,37413.0,0.0,11605.621,912.282,307.597,2969:12;2992:5615;2993:6135;2994:6125;2995:4731
445.1187,1788883310.1735,6,1210.94,22635.88,23846.81,67.1,25840.4,37413.0,0.0,11610.762,912.373,307.597,2969:12;2992:5621;2993:6137;2994:6129;2995:4737
445.2232,1788883310.2780,6,1210.98,22636.04,23847.02,249.9,25842.2,37411.3,0.0,11615.008,912.407,307.597,2969:12;2992:5621;2993:6137;2994:6129;2995:4737
445.3271,1788883310.3819,6,1210.98,22659.11,23870.09,95.9,25842.2,37411.3,0.0,11622.787,912.511,307.597,2969:12;2992:5627;2993:6139;2994:6135;2995:4746
445.4315,1788883310.4863,6,1210.98,22650.04,23861.02,240.3,25845.8,37407.7,0.0,11625.594,912.552,307.597,2969:12;2992:5625;2993:6141;2994:6129;2995:4743
445.5355,1788883310.5903,6,1210.98,22665.33,23876.31,86.4,25846.0,37407.5,0.0,11635.226,912.646,307.597,2969:12;2992:5634;2993:6141;2994:6132;2995:4747
445.6398,1788883310.6946,6,1210.98,22660.95,23871.93,240.2,25846.0,37407.5,0.0,11635.927,912.666,307.597,2969:12;2992:5630;2993:6140;2994:6134;2995:4745
445.7438,1788883310.7986,6,1210.98,22675.69,23886.67,38.5,25846.0,37407.5,0.0,11636.337,912.738,307.597,2969:12;2992:5636;2993:6142;2994:6135;2995:4750
445.8476,1788883310.9024,6,1210.98,23013.68,24224.66,651.4,26239.4,37014.0,0.0,11645.897,912.783,307.597,2969:12;2992:5702;2993:6254;2994:6212;2995:4833
445.9524,1788883311.0072,6,1211.35,22977.76,24189.11,1173.9,25994.5,37259.0,0.0,11645.897,912.783,307.597,2969:12;2992:5729;2993:6277;2994:6158;2995:4802
446.0588,1788883311.1137,6,1211.86,22678.67,23890.53,1141.5,25878.4,37375.1,0.0,11645.897,912.783,307.597,2969:12;2992:5649;2993:6163;2994:6131;2995:4724
446.1648,1788883311.2196,6,1212.16,22634.03,23846.19,588.5,25891.5,37362.0,0.0,11646.193,912.801,307.597,2969:12;2992:5642;2993:6137;2994:6121;2995:4722
446.2701,1788883311.3249,6,1212.22,22659.15,23871.37,364.4,25891.5,37362.0,0.0,11646.577,912.933,307.597,2969:12;2992:5646;2993:6143;2994:6126;2995:4733
446.3741,1788883311.4289,6,1212.22,22684.48,23896.70,298.0,25891.5,37362.0,0.0,11647.071,913.052,307.597,2969:12;2992:5653;2993:6145;2994:6132;2995:4743
446.4781,1788883311.5329,6,1212.22,22699.39,23911.61,316.7,25895.5,37358.0,0.0,11647.676,913.179,307.597,2969:12;2992:5655;2993:6151;2994:6138;2995:4744
446.5824,1788883311.6372,6,1212.22,22721.12,23933.34,326.4,25895.5,37358.0,0.0,11648.178,913.302,307.597,2969:12;2992:5660;2993:6156;2994:6142;2995:4751
446.6865,1788883311.7413,6,1212.22,22740.89,23953.11,301.3,25899.5,37354.0,0.0,11648.934,913.421,307.597,2969:12;2992:5663;2993:6159;2994:6146;2995:4761
446.7928,1788883311.8476,6,1212.22,22760.43,23972.65,345.8,25903.5,37350.0,0.0,11649.523,913.542,307.597,2969:12;2992:5669;2993:6166;2994:6151;2995:4762
446.8968,1788883311.9516,6,1212.22,22780.11,23992.32,259.4,25911.5,37342.0,0.0,11650.186,913.675,307.597,2969:12;2992:5670;2993:6172;2994:6156;2995:4771
447.0009,1788883312.0557,6,1212.22,22803.48,24015.71,240.0,25887.1,37366.4,0.0,11650.811,913.760,307.597,2969:12;2992:5675;2993:6175;2994:6166;2995:4775
447.1050,1788883312.1598,6,1212.22,22814.56,24026.78,259.7,25884.8,37368.7,0.0,11651.300,913.857,307.597,2969:12;2992:5679;2993:6177;2994:6166;2995:4780
447.2090,1788883312.2638,6,1212.23,22818.74,24030.97,307.5,25900.7,37352.8,0.0,11659.723,913.915,307.597,2969:12;2992:5681;2993:6178;2994:6169;2995:4779
447.3130,1788883312.3678,6,1212.23,22830.40,24042.62,86.5,25901.1,37352.4,0.0,11660.038,913.996,307.597,2969:12;2992:5683;2993:6181;2994:6170;2995:4785
447.4169,1788883312.4717,6,1212.23,22832.28,24044.51,173.2,25905.8,37347.7,0.0,11660.128,914.015,307.597,2969:12;2992:5685;2993:6182;2994:6170;2995:4783
447.5209,1788883312.5757,6,1212.23,22846.42,24058.64,48.1,25905.8,37347.7,0.0,11660.442,914.092,307.597,2969:12;2992:5687;2993:6185;2994:6174;2995:4789
447.6248,1788883312.6796,6,1212.23,22851.77,24064.00,211.6,25909.8,37343.7,0.0,11667.354,914.135,307.597,2969:12;2992:5687;2993:6186;2994:6177;2995:4790
447.7287,1788883312.7835,6,1212.23,22862.89,24075.12,57.7,25909.8,37343.7,0.0,11667.675,914.219,307.597,2969:12;2992:5689;2993:6189;2994:6178;2995:4795
447.8326,1788883312.8874,6,1212.23,22871.43,24083.66,115.2,25909.8,37343.7,0.0,11673.977,914.264,307.597,2969:12;2992:5691;2993:6190;2994:6179;2995:4799
447.9367,1788883312.9915,6,1212.23,22883.98,24096.21,317.4,25921.8,37331.7,0.0,11677.097,914.370,307.597,2969:12;2992:5695;2993:6193;2994:6182;2995:4801
448.0407,1788883313.0955,6,1212.23,22901.20,24113.43,115.3,25888.1,37365.4,0.0,11681.957,914.476,307.597,2969:12;2992:5697;2993:6197;2994:6186;2995:4809
448.1447,1788883313.1995,6,1212.23,22902.32,24114.55,250.2,25885.5,37368.0,0.0,11686.764,914.530,307.597,2969:12;2992:5699;2993:6196;2994:6190;2995:4805
448.2486,1788883313.3034,6,1212.27,22914.97,24127.25,57.6,25885.8,37367.7,0.0,11691.649,914.607,307.597,2969:12;2992:5701;2993:6199;2994:6191;2995:4812
448.3528,1788883313.4076,6,1212.27,22925.42,24137.69,220.2,25890.0,37363.5,0.0,11694.399,914.710,307.597,2969:12;2992:5703;2993:6203;2994:6194;2995:4813
448.4573,1788883313.5121,6,1212.27,22931.89,24144.16,182.7,25898.0,37355.5,0.0,11702.227,914.760,307.597,2969:12;2992:5705;2993:6202;2994:6198;2995:4816
448.5613,1788883313.6161,6,1212.27,22930.30,24142.57,67.4,25898.0,37355.5,0.0,11702.759,914.781,307.597,2969:12;2992:5705;2993:6202;2994:6196;2995:4815
448.6651,1788883313.7199,6,1212.27,22943.47,24155.74,28.8,25898.2,37355.2,0.0,11705.253,914.860,307.597,2969:12;2992:5707;2993:6205;2994:6199;2995:4821
448.7690,1788883313.8238,6,1212.27,22935.69,24147.96,221.3,25898.2,37355.2,0.0,11711.466,914.905,307.597,2969:12;2992:5706;2993:6205;2994:6196;2995:4817
448.8730,1788883313.9278,6,1212.27,22951.32,24163.59,76.8,25898.2,37355.2,0.0,11714.831,914.999,307.597,2969:12;2992:5708;2993:6208;2994:6201;2995:4822
448.9772,1788883314.0320,6,1212.33,23265.93,24478.27,842.8,25897.2,37356.3,0.0,11718.291,915.013,307.597,2969:12;2992:5766;2993:6300;2994:6306;2995:4881
449.0831,1788883314.1379,6,1212.85,22954.48,24167.34,757.4,25790.0,37463.4,0.0,11718.468,915.035,307.597,2969:12;2992:5699;2993:6209;2994:6204;2995:4830
449.1870,1788883314.2419,6,1212.84,22976.04,24188.87,365.6,25806.6,37446.8,0.0,11718.830,915.145,307.597,2969:12;2992:5703;2993:6215;2994:6208;2995:4837
449.2910,1788883314.3458,6,1212.84,22992.32,24205.15,308.0,25810.5,37443.0,0.0,11719.235,915.261,307.597,2969:12;2992:5707;2993:6215;2994:6216;2995:4842
449.3949,1788883314.4497,6,1212.84,23008.33,24221.16,336.5,25810.5,37443.0,0.0,11719.672,915.351,307.597,2969:12;2992:5711;2993:6219;2994:6220;2995:4846
449.4989,1788883314.5537,6,1212.84,23035.87,24248.71,327.0,25810.7,37442.8,0.0,11720.191,915.506,307.597,2969:12;2992:5717;2993:6223;2994:6226;2995:4857
449.6029,1788883314.6577,6,1212.84,23064.13,24276.96,336.5,25810.7,37442.8,0.0,11720.906,915.626,307.597,2969:12;2992:5724;2993:6228;2994:6231;2995:4869
449.7069,1788883314.7617,6,1212.84,23079.60,24292.44,365.5,25810.7,37442.8,0.0,11721.646,915.750,307.597,2969:12;2992:5726;2993:6234;2994:6236;2995:4872
449.8108,1788883314.8656,6,1212.84,23095.47,24308.31,307.7,25810.7,37442.8,0.0,11722.233,915.897,307.597,2969:12;2992:5729;2993:6237;2994:6237;2995:4880
449.9148,1788883314.9696,6,1212.84,23128.00,24340.84,343.8,25822.2,37431.2,0.0,11722.594,916.017,307.597,2969:12;2992:5743;2993:6246;2994:6246;2995:4881
450.0198,1788883315.0746,6,1212.85,23127.21,24340.05,201.5,25821.0,37432.5,0.0,11722.942,916.083,307.597,2969:12;2992:5740;2993:6244;2994:6248;2995:4883
450.1238,1788883315.1786,6,1212.85,23141.41,24354.26,122.7,25830.6,37422.9,0.0,11730.031,916.150,307.597,2969:12;2992:5740;2993:6249;2994:6254;2995:4886
450.2299,1788883315.2847,6,1212.81,23146.37,24359.18,153.6,25833.0,37420.5,0.0,11730.829,916.251,307.597,2969:12;2992:5742;2993:6250;2994:6255;2995:4886
450.3338,1788883315.3887,6,1212.81,23154.22,24367.03,151.3,25833.0,37420.5,0.0,11737.399,916.283,307.597,2969:12;2992:5743;2993:6252;2994:6261;2995:4887
450.4399,1788883315.4947,6,1212.81,23159.69,24372.50,86.2,25833.0,37420.5,0.0,11737.802,916.344,307.597,2969:12;2992:5746;2993:6252;2994:6258;2995:4890
450.5444,1788883315.5992,6,1212.81,23165.93,24378.74,211.0,25833.0,37420.5,0.0,11745.162,916.422,307.597,2969:12;2992:5747;2993:6254;2994:6260;2995:4893
450.6484,1788883315.7032,6,1212.81,23178.95,24391.76,57.6,25833.0,37420.5,0.0,11745.555,916.494,307.597,2969:12;2992:5750;2993:6256;2994:6264;2995:4897
450.7528,1788883315.8076,6,1212.81,23186.89,24399.70,198.3,25833.0,37420.5,0.0,11753.549,916.547,307.597,2969:12;2992:5751;2993:6260;2994:6267;2995:4897
450.8590,1788883315.9138,6,1212.81,23198.46,24411.28,86.2,25833.0,37420.5,0.0,11753.869,916.636,307.597,2969:12;2992:5754;2993:6260;2994:6271;2995:4900
450.9631,1788883316.0179,6,1212.81,23201.87,24414.68,9.5,25833.0,37420.5,0.0,11759.166,916.656,307.597,2969:12;2992:5754;2993:6260;2994:6271;2995:4904
451.0682,1788883316.1230,6,1212.81,23201.61,24414.43,192.4,25828.1,37425.4,0.0,11761.117,916.679,307.597,2969:12;2992:5755;2993:6260;2994:6274;2995:4901
451.1722,1788883316.2270,6,1212.81,23218.31,24431.12,76.2,25823.3,37430.2,0.0,11766.734,916.778,307.597,2969:12;2992:5758;2993:6262;2994:6281;2995:4905
451.2772,1788883316.3320,6,1212.81,23213.92,24426.73,240.3,25823.8,37429.7,0.0,11769.754,916.808,307.597,2969:12;2992:5757;2993:6264;2994:6276;2995:4905
451.3812,1788883316.4360,6,1212.81,23235.38,24448.19,134.2,25823.8,37429.7,0.0,11773.554,916.906,307.597,2969:12;2992:5761;2993:6268;2994:6282;2995:4912
451.4855,1788883316.5403,6,1212.81,23244.51,24457.32,153.7,25827.8,37425.7,0.0,11776.932,917.003,307.597,2969:12;2992:5764;2993:6270;2994:6287;2995:4910
451.5896,1788883316.6444,6,1212.81,23248.12,24460.93,179.3,25827.8,37425.7,0.0,11783.207,917.040,307.597,2969:12;2992:5765;2993:6270;2994:6291;2995:4910
451.6958,1788883316.7506,6,1212.82,23262.54,24475.35,96.0,25827.8,37425.7,0.0,11787.850,917.145,307.597,2969:12;2992:5768;2993:6274;2994:6293;2995:4914
451.7999,1788883316.8547,6,1212.82,23254.55,24467.36,201.6,25827.8,37425.7,0.0,11790.358,917.171,307.597,2969:12;2992:5765;2993:6273;2994:6290;2995:4914
451.9039,1788883316.9587,6,1212.82,23268.33,24481.15,67.2,25827.8,37425.7,0.0,11790.672,917.248,307.597,2969:12;2992:5769;2993:6275;2994:6295;2995:4917
452.0079,1788883317.0628,6,1212.82,23340.58,24553.39,115.2,25868.0,37385.5,0.0,11793.799,917.264,307.597,2969:12;2992:5815;2993:6290;2994:6295;2995:4928
452.1122,1788883317.1670,6,1212.93,23745.14,24958.08,1133.9,26087.4,37166.1,0.0,11796.788,917.272,307.597,2969:12;2992:5862;2993:6368;2994:6452;2995:5050
452.2191,1788883317.2739,6,1213.25,23319.82,24533.07,949.5,25817.1,37436.4,0.0,11796.802,917.294,307.597,2969:12;2992:5762;2993:6290;2994:6286;2995:4970
452.3231,1788883317.3779,6,1213.25,23330.72,24543.98,278.8,25832.4,37421.0,0.0,11797.184,917.387,307.597,2969:12;2992:5768;2993:6294;2994:6290;2995:4967
452.4271,1788883317.4819,6,1213.25,23349.06,24562.32,288.4,25847.8,37405.7,0.0,11797.809,917.490,307.597,2969:12;2992:5774;2993:6298;2994:6296;2995:4969
452.5311,1788883317.5860,6,1213.25,23372.25,24585.50,249.6,25851.8,37401.7,0.0,11798.778,917.597,307.597,2969:12;2992:5779;2993:6304;2994:6303;2995:4973
452.6354,1788883317.6902,6,1213.25,23394.27,24607.53,422.9,25855.8,37397.7,0.0,11799.246,917.689,307.597,2969:12;2992:5786;2993:6304;2994:6309;2995:4983
452.7394,1788883317.7942,6,1213.25,23414.57,24627.82,327.1,25871.8,37381.7,0.0,11799.718,917.809,307.597,2969:12;2992:5796;2993:6312;2994:6312;2995:4983
452.8434,1788883317.8982,6,1213.25,23434.66,24647.92,259.6,25887.8,37365.7,0.0,11800.276,917.921,307.597,2969:12;2992:5801;2993:6316;2994:6318;2995:4987
452.9474,1788883318.0022,6,1213.25,23454.12,24667.38,403.7,25895.8,37357.7,0.0,11800.603,918.010,307.597,2969:12;2992:5805;2993:6317;2994:6327;2995:4993
453.0514,1788883318.1062,6,1213.26,23479.91,24693.16,307.7,25909.7,37343.7,0.0,11800.949,918.111,307.597,2969:12;2992:5814;2993:6322;2994:6324;2995:5008
453.1554,1788883318.2102,6,1213.26,23488.42,24701.68,153.8,25911.0,37342.5,0.0,11801.296,918.152,307.597,2969:12;2992:5815;2993:6322;2994:6325;2995:5014
453.2594,1788883318.3142,6,1213.28,23499.07,24712.35,274.4,25921.6,37331.8,0.0,11813.216,918.265,307.597,2969:12;2992:5822;2993:6324;2994:6330;2995:5011
453.3654,1788883318.4202,6,1213.28,23507.22,24720.50,259.0,25939.7,37313.8,0.0,11816.314,918.349,307.597,2969:12;2992:5821;2993:6328;2994:6333;2995:5013
453.4694,1788883318.5242,6,1213.28,23513.64,24726.92,182.7,25945.4,37308.1,0.0,11828.163,918.407,307.597,2969:12;2992:5830;2993:6326;2994:6333;2995:5013
453.5734,1788883318.6282,6,1213.28,23522.71,24735.99,96.1,25945.4,37308.1,0.0,11831.338,918.481,307.597,2969:12;2992:5827;2993:6328;2994:6337;2995:5018
453.6774,1788883318.7322,6,1213.28,23533.61,24746.89,144.2,25949.6,37303.8,0.0,11841.850,918.526,307.597,2969:12;2992:5832;2993:6330;2994:6339;2995:5020
453.7814,1788883318.8362,6,1213.28,23537.22,24750.50,173.0,25959.4,37294.1,0.0,11843.399,918.608,307.597,2969:12;2992:5833;2993:6330;2994:6341;2995:5021
453.8855,1788883318.9403,6,1213.28,23556.93,24770.21,217.1,25963.8,37289.7,0.0,11855.963,918.669,307.597,2969:12;2992:5843;2993:6333;2994:6346;2995:5023
453.9916,1788883319.0464,6,1213.28,23559.64,24772.92,201.3,25968.1,37285.4,0.0,11862.385,918.774,307.597,2969:12;2992:5839;2993:6336;2994:6346;2995:5026
454.0957,1788883319.1505,6,1213.28,23560.93,24774.21,307.5,25959.3,37294.1,0.0,11869.931,918.835,307.597,2969:12;2992:5841;2993:6338;2994:6345;2995:5025
454.1998,1788883319.2546,6,1213.28,23575.72,24789.00,207.9,25963.8,37289.7,0.0,11881.430,918.936,307.597,2969:12;2992:5843;2993:6340;2994:6349;2995:5031
454.3058,1788883319.3606,6,1213.28,23587.64,24800.92,153.5,25968.1,37285.4,0.0,11887.016,919.024,307.597,2969:12;2992:5847;2993:6344;2994:6353;2995:5031
454.4098,1788883319.4647,6,1213.28,23592.41,24805.69,288.3,25972.2,37281.2,0.0,11896.965,919.078,307.597,2969:12;2992:5850;2993:6344;2994:6353;2995:5033
454.5139,1788883319.5687,6,1213.28,23606.97,24820.25,105.6,25972.7,37280.7,0.0,11902.223,919.166,307.597,2969:12;2992:5853;2993:6346;2994:6357;2995:5038
454.6179,1788883319.6727,6,1213.28,23614.70,24827.98,250.0,25984.7,37268.8,0.0,11910.066,919.242,307.597,2969:12;2992:5859;2993:6348;2994:6357;2995:5039
454.7219,1788883319.7768,6,1213.28,23630.66,24843.95,160.4,25984.7,37268.8,0.0,11922.301,919.327,307.597,2969:12;2992:5862;2993:6350;2994:6364;2995:5042
454.8282,1788883319.8830,6,1213.28,23627.91,24841.19,191.9,25985.4,37268.1,0.0,11925.972,919.420,307.597,2969:12;2992:5859;2993:6351;2994:6363;2995:5042
454.9322,1788883319.9870,6,1213.34,23658.80,24872.14,371.3,25986.4,37267.1,0.0,11932.159,919.443,307.597,2969:12;2992:5877;2993:6358;2994:6364;2995:5047
455.0372,1788883320.0920,6,1213.54,23864.77,25078.30,905.1,26238.9,37014.6,0.0,11935.305,919.449,307.597,2969:12;2992:5906;2993:6412;2994:6404;2995:5130
455.1436,1788883320.1984,6,1213.89,23712.97,24926.87,828.7,26099.6,37153.9,0.0,11935.587,919.491,307.597,2969:12;2992:5871;2993:6379;2994:6378;2995:5073
455.2482,1788883320.3030,6,1214.06,23746.38,24960.43,681.9,26141.2,37112.3,0.0,11936.573,919.660,307.597,2969:12;2992:5883;2993:6384;2994:6387;2995:5081
455.3523,1788883320.4072,6,1214.06,23784.71,24998.77,432.8,26158.9,37094.6,0.0,11947.837,919.878,307.597,2969:12;2992:5897;2993:6388;2994:6394;2995:5093
455.4589,1788883320.5137,6,1214.06,23795.97,25010.03,536.7,26174.7,37078.8,0.0,11948.485,920.017,307.597,2969:12;2992:5905;2993:6386;2994:6397;2995:5096
455.5629,1788883320.6177,6,1214.06,23839.33,25053.39,432.1,26178.7,37074.8,0.0,11954.295,920.204,307.597,2969:12;2992:5924;2993:6391;2994:6401;2995:5111
455.6695,1788883320.7243,6,1214.06,23849.82,25063.88,624.3,26194.1,37059.4,0.0,11960.359,920.368,307.597,2969:12;2992:5930;2993:6394;2994:6405;2995:5109
455.7735,1788883320.8283,6,1214.06,23878.68,25092.74,396.5,26206.1,37047.4,0.0,11961.282,920.543,307.597,2969:12;2992:5945;2993:6395;2994:6409;2995:5117
455.8796,1788883320.9345,6,1214.06,23909.55,25123.61,660.8,26213.7,37039.7,0.0,11970.060,920.736,307.597,2969:12;2992:5959;2993:6397;2994:6417;2995:5124
455.9838,1788883321.0386,6,1214.06,23934.66,25148.72,480.0,26222.2,37031.3,0.0,11972.690,920.930,307.597,2969:12;2992:5968;2993:6401;2994:6420;2995:5133
456.0880,1788883321.1428,6,1214.06,23918.27,25132.33,432.1,26243.1,37010.4,0.0,11982.516,921.003,307.597,2969:12;2992:5957;2993:6402;2994:6420;2995:5127
456.1922,1788883321.2470,6,1214.09,23933.08,25147.17,76.8,26243.2,37010.2,0.0,11982.831,921.078,307.597,2969:12;2992:5961;2993:6407;2994:6422;2995:5130
456.2963,1788883321.3511,6,1214.09,23935.32,25149.41,249.6,26247.9,37005.6,0.0,11992.644,921.139,307.597,2969:12;2992:5961;2993:6409;2994:6424;2995:5129
456.4004,1788883321.4552,6,1214.09,23948.05,25162.14,57.6,26247.8,37005.7,0.0,11992.969,921.207,307.597,2969:12;2992:5965;2993:6412;2994:6426;2995:5132
456.5046,1788883321.5594,6,1214.09,23955.33,25169.42,278.4,26252.6,37000.9,0.0,12003.146,921.278,307.597,2969:12;2992:5965;2993:6419;2994:6426;2995:5133
456.6088,1788883321.6636,6,1214.09,23966.21,25180.30,86.1,26256.6,36996.9,0.0,12004.779,921.360,307.597,2969:12;2992:5970;2993:6419;2994:6429;2995:5136
456.7135,1788883321.7683,6,1214.09,23964.34,25178.43,220.7,26266.5,36986.9,0.0,12013.097,921.413,307.597,2969:12;2992:5969;2993:6418;2994:6430;2995:5135
456.8177,1788883321.8725,6,1214.09,23977.07,25191.16,76.8,26266.5,36986.9,0.0,12013.373,921.477,307.597,2969:12;2992:5973;2993:6421;2994:6432;2995:5138
456.9218,1788883321.9766,6,1214.09,23983.86,25197.95,172.9,26274.8,36978.7,0.0,12022.418,921.544,307.597,2969:12;2992:5973;2993:6425;2994:6434;2995:5139
457.0259,1788883322.0807,6,1214.09,23997.08,25211.17,115.2,26276.7,36976.8,0.0,12023.863,921.627,307.597,2969:12;2992:5977;2993:6429;2994:6436;2995:5142
457.1300,1788883322.1848,6,1214.09,23995.43,25209.52,192.1,26282.1,36971.4,0.0,12032.885,921.676,307.597,2969:12;2992:5976;2993:6431;2994:6436;2995:5141
457.2341,1788883322.2889,6,1214.09,24004.36,25218.45,124.9,26282.1,36971.4,0.0,12033.536,921.761,307.597,2969:12;2992:5980;2993:6430;2994:6437;2995:5144
457.3382,1788883322.3930,6,1214.09,24202.89,25416.99,415.0,26470.8,36782.7,0.0,12043.962,921.807,307.597,2969:12;2992:6014;2993:6430;2994:6516;2995:5231
457.4471,1788883322.5020,6,1214.40,24063.15,25277.55,1128.4,26529.7,36723.8,0.0,12043.962,921.807,307.597,2969:12;2992:6034;2993:6411;2994:6438;2995:5168
457.5532,1788883322.6080,6,1214.93,24087.60,25302.54,1140.7,26563.9,36689.5,0.0,12043.962,921.807,307.597,2969:12;2992:6061;2993:6374;2994:6451;2995:5189
457.6592,1788883322.7140,6,1215.48,24024.36,25239.84,1059.2,26535.4,36718.1,0.0,12043.962,921.807,307.597,2969:12;2992:6026;2993:6362;2994:6441;2995:5183
457.7651,1788883322.8199,6,1215.87,23992.05,25207.93,718.9,26554.5,36699.0,0.0,12044.035,921.822,307.597,2969:12;2992:6016;2993:6355;2994:6428;2995:5181
457.8691,1788883322.9239,6,1215.87,24006.23,25222.10,230.6,26560.0,36693.5,0.0,12044.407,921.903,307.597,2969:12;2992:6020;2993:6357;2994:6431;2995:5186
457.9732,1788883323.0280,6,1215.87,24023.66,25239.54,134.7,26558.8,36694.7,0.0,12044.696,921.984,307.597,2969:12;2992:6028;2993:6359;2994:6434;2995:5191
458.0770,1788883323.1318,6,1215.87,24041.46,25257.34,202.2,26558.8,36694.7,0.0,12045.078,922.070,307.597,2969:12;2992:6034;2993:6363;2994:6437;2995:5195
458.1809,1788883323.2357,6,1215.99,24057.11,25273.10,154.1,26558.6,36694.9,0.0,12045.571,922.151,307.597,2969:12;2992:6038;2993:6366;2994:6441;2995:5200
458.2847,1788883323.3395,6,1215.99,24071.03,25287.02,154.1,26566.6,36686.9,0.0,12045.983,922.222,307.597,2969:12;2992:6042;2993:6367;2994:6443;2995:5207
458.3885,1788883323.4433,6,1215.99,24086.09,25302.08,183.0,26566.6,36686.9,0.0,12046.376,922.305,307.597,2969:12;2992:6046;2993:6371;2994:6445;2995:5211
458.4924,1788883323.5472,6,1216.00,24111.12,25327.12,202.2,26568.3,36685.2,0.0,12046.660,922.383,307.597,2969:12;2992:6054;2993:6377;2994:6449;2995:5219
458.5963,1788883323.6511,6,1216.00,24117.09,25333.09,173.4,26569.0,36684.5,0.0,12046.970,922.452,307.597,2969:12;2992:6055;2993:6380;2994:6449;2995:5221
458.7000,1788883323.7548,6,1216.00,24114.21,25330.21,86.7,26576.7,36676.8,0.0,12050.039,922.471,307.597,2969:12;2992:6053;2993:6377;2994:6451;2995:5222
458.8039,1788883323.8588,6,1216.00,24119.87,25335.87,57.7,26576.7,36676.8,0.0,12050.715,922.513,307.597,2969:12;2992:6057;2993:6377;2994:6451;2995:5223
458.9079,1788883323.9627,6,1216.00,24129.17,25345.17,105.8,26576.7,36676.8,0.0,12054.155,922.548,307.597,2969:12;2992:6060;2993:6379;2994:6453;2995:5226
459.0118,1788883324.0666,6,1216.00,24140.22,25356.22,96.3,26560.9,36692.6,0.0,12054.322,922.599,307.597,2969:12;2992:6063;2993:6381;2994:6455;2995:5230
459.1156,1788883324.1704,6,1216.00,24142.85,25358.85,28.8,26560.9,36692.6,0.0,12055.666,922.640,307.597,2969:12;2992:6065;2993:6381;2994:6455;2995:5230
459.2193,1788883324.2741,6,1216.04,24151.72,25367.76,96.2,26574.1,36679.4,0.0,12057.178,922.656,307.597,2969:12;2992:6067;2993:6382;2994:6457;2995:5234
459.3232,1788883324.3780,6,1216.04,24152.72,25368.76,57.8,26578.1,36675.4,0.0,12057.379,922.703,307.597,2969:12;2992:6069;2993:6381;2994:6457;2995:5234
459.4269,1788883324.4817,6,1216.04,24159.21,25375.26,48.2,26578.1,36675.4,0.0,12060.109,922.720,307.597,2969:12;2992:6072;2993:6383;2994:6459;2995:5234
459.5305,1788883324.5853,6,1216.04,24160.66,25376.70,28.8,26578.1,36675.4,0.0,12060.241,922.753,307.597,2969:12;2992:6071;2993:6383;2994:6459;2995:5236
459.6343,1788883324.6891,6,1216.04,24168.66,25384.70,67.3,26591.8,36661.7,0.0,12062.388,922.782,307.597,2969:12;2992:6073;2993:6385;2994:6461;2995:5238
459.7383,1788883324.7931,6,1216.05,24174.68,25390.72,77.0,26593.8,36659.7,0.0,12062.941,922.834,307.597,2969:12;2992:6075;2993:6387;2994:6461;2995:5240
459.8420,1788883324.8968,6,1216.05,24182.64,25398.69,38.5,26593.8,36659.7,0.0,12064.677,922.855,307.597,2969:12;2992:6075;2993:6389;2994:6463;2995:5244
459.9457,1788883325.0005,6,1216.05,24188.75,25404.79,96.3,26593.6,36659.8,0.0,12065.469,922.907,307.597,2969:12;2992:6079;2993:6391;2994:6463;2995:5244
460.0496,1788883325.1044,6,1216.05,24196.26,25412.31,86.7,26562.9,36690.6,0.0,12067.760,922.928,307.597,2969:12;2992:6081;2993:6391;2994:6465;2995:5248
460.1534,1788883325.2082,6,1216.05,24200.90,25416.95,38.4,26559.2,36694.2,0.0,12067.956,922.972,307.597,2969:12;2992:6083;2993:6393;2994:6465;2995:5248
460.2571,1788883325.3119,6,1216.05,24200.40,25416.45,48.1,26559.2,36694.2,0.0,12070.406,922.989,307.597,2969:12;2992:6082;2993:6393;2994:6465;2995:5248
460.3608,1788883325.4156,6,1216.05,24201.77,25417.81,77.0,26559.0,36694.5,0.0,12070.870,923.031,307.597,2969:12;2992:6084;2993:6391;2994:6465;2995:5249
460.4646,1788883325.5194,6,1216.06,24428.84,25644.89,283.7,26803.8,36449.7,0.0,12073.160,923.047,307.597,2969:12;2992:6123;2993:6407;2994:6525;2995:5361
460.5706,1788883325.6254,6,1216.33,24192.15,25408.48,974.3,26772.5,36481.0,0.0,12073.160,923.047,307.597,2969:12;2992:6066;2993:6400;2994:6457;2995:5258
460.6763,1788883325.7311,6,1216.41,24199.89,25416.30,364.6,26778.5,36475.0,0.0,12073.457,923.133,307.597,2969:12;2992:6067;2993:6390;2994:6465;2995:5266
460.7802,1788883325.8351,6,1216.41,24216.46,25432.88,192.5,26784.8,36468.7,0.0,12073.813,923.220,307.597,2969:12;2992:6074;2993:6394;2994:6465;2995:5271
460.8841,1788883325.9389,6,1216.41,24234.00,25450.42,144.5,26784.8,36468.7,0.0,12074.093,923.294,307.597,2969:12;2992:6081;2993:6396;2994:6467;2995:5277
460.9879,1788883326.0427,6,1216.41,24250.35,25466.77,192.5,26784.9,36468.6,0.0,12074.506,923.386,307.597,2969:12;2992:6087;2993:6400;2994:6470;2995:5281
461.0918,1788883326.1466,6,1216.41,24259.15,25475.56,163.6,26789.4,36464.1,0.0,12074.820,923.443,307.597,2969:12;2992:6092;2993:6400;2994:6470;2995:5284
461.1957,1788883326.2505,6,1216.48,24272.08,25488.56,173.3,26793.4,36460.1,0.0,12075.065,923.496,307.597,2969:12;2992:6098;2993:6404;2994:6472;2995:5285
461.2996,1788883326.3544,6,1216.48,24287.59,25504.06,183.0,26800.7,36452.8,0.0,12075.277,923.556,307.597,2969:12;2992:6103;2993:6408;2994:6476;2995:5289
461.4033,1788883326.4582,6,1216.48,24298.80,25515.29,144.4,26804.8,36448.6,0.0,12075.417,923.617,307.597,2969:12;2992:6103;2993:6408;2994:6477;2995:5298
461.5072,1788883326.5621,6,1216.48,24306.48,25522.97,172.8,26804.8,36448.6,0.0,12076.767,923.685,307.597,2969:12;2992:6107;2993:6410;2994:6477;2995:5300
461.6114,1788883326.6662,6,1216.48,24319.19,25535.68,125.1,26804.8,36448.6,0.0,12078.818,923.748,307.597,2969:12;2992:6112;2993:6414;2994:6479;2995:5303
461.7152,1788883326.7700,6,1216.48,24321.14,25537.63,57.8,26808.8,36444.6,0.0,12081.519,923.771,307.597,2969:12;2992:6111;2993:6412;2994:6481;2995:5304
461.8191,1788883326.8739,6,1216.48,24329.53,25546.01,57.7,26809.1,36444.4,0.0,12081.860,923.820,307.597,2969:12;2992:6115;2993:6414;2994:6481;2995:5307
461.9230,1788883326.9778,6,1216.48,24340.13,25556.62,106.0,26809.1,36444.4,0.0,12084.278,923.884,307.597,2969:12;2992:6118;2993:6416;2994:6483;2995:5311
462.0268,1788883327.0816,6,1216.48,24344.80,25561.28,67.5,26795.0,36458.4,0.0,12086.254,923.900,307.597,2969:12;2992:6120;2993:6416;2994:6483;2995:5313
462.1306,1788883327.1854,6,1216.48,24352.37,25568.86,76.9,26798.7,36454.8,0.0,12087.832,923.958,307.597,2969:12;2992:6124;2993:6418;2994:6483;2995:5315
462.2345,1788883327.2893,6,1216.48,24354.35,25570.84,77.1,26797.7,36455.8,0.0,12089.162,923.970,307.597,2969:12;2992:6123;2993:6418;2994:6485;2995:5315
462.3382,1788883327.3930,6,1216.48,24360.11,25576.60,38.4,26798.0,36455.5,0.0,12089.360,924.014,307.597,2969:12;2992:6126;2993:6420;2994:6485;2995:5317
462.4418,1788883327.4966,6,1216.48,24366.35,25582.84,96.3,26802.0,36451.5,0.0,12092.146,924.039,307.597,2969:12;2992:6127;2993:6420;2994:6487;2995:5319
462.5456,1788883327.6004,6,1216.48,24372.31,25588.79,28.8,26802.0,36451.5,0.0,12092.344,924.083,307.597,2969:12;2992:6130;2993:6422;2994:6487;2995:5321
462.6493,1788883327.7041,6,1216.49,24378.35,25594.84,106.0,26801.3,36452.1,0.0,12094.776,924.105,307.597,2969:12;2992:6131;2993:6422;2994:6489;2995:5323
462.7531,1788883327.8080,6,1216.49,24382.38,25598.87,19.2,26801.3,36452.1,0.0,12094.941,924.121,307.597,2969:12;2992:6133;2993:6424;2994:6489;2995:5323
462.8568,1788883327.9116,6,1216.49,24389.23,25605.72,57.8,26805.6,36447.9,0.0,12097.764,924.166,307.597,2969:12;2992:6137;2993:6424;2994:6489;2995:5327
462.9606,1788883328.0154,6,1216.49,24387.70,25604.18,57.9,26794.9,36458.5,0.0,12098.046,924.182,307.597,2969:12;2992:6136;2993:6424;2994:6489;2995:5327
463.0643,1788883328.1191,6,1216.49,24392.07,25608.56,57.8,26777.9,36475.6,0.0,12098.625,924.224,307.597,2969:12;2992:6139;2993:6424;2994:6489;2995:5327
463.1680,1788883328.2228,6,1216.49,24401.96,25618.45,86.7,26772.1,36481.4,0.0,12100.733,924.279,307.597,2969:12;2992:6142;2993:6427;2994:6490;2995:5331
463.2718,1788883328.3266,6,1216.49,24545.42,25761.91,153.8,26924.0,36329.5,0.0,12103.029,924.295,307.597,2969:12;2992:6211;2993:6500;2994:6490;2995:5332
463.3759,1788883328.4307,6,1216.73,24540.11,25756.84,876.6,26875.9,36377.6,0.0,12103.134,924.297,307.597,2969:12;2992:6176;2993:6451;2994:6532;2995:5369
463.4820,1788883328.5368,6,1217.57,24486.49,25704.06,943.4,26719.4,36534.1,0.0,12103.134,924.297,307.597,2969:12;2992:6158;2993:6453;2994:6503;2995:5360
463.5870,1788883328.6418,6,1217.61,24491.18,25708.79,67.3,26724.7,36528.8,0.0,12103.134,924.297,307.597,2969:12;2992:6159;2993:6454;2994:6506;2995:5360
463.6909,1788883328.7457,6,1217.61,24491.18,25708.79,0.0,26724.7,36528.8,0.0,12103.134,924.297,307.597,2969:12;2992:6159;2993:6454;2994:6506;2995:5360
463.7944,1788883328.8492,6,1217.61,24491.18,25708.79,9.7,26724.7,36528.8,0.0,12103.134,924.297,307.597,2969:12;2992:6159;2993:6454;2994:6506;2995:5360
463.8977,1788883328.9525,6,1217.61,24491.18,25708.79,0.0,26724.7,36528.8,0.0,12103.134,924.297,307.597,2969:12;2992:6159;2993:6454;2994:6506;2995:5360
464.0008,1788883329.0557,6,1217.61,24491.18,25708.79,9.7,26724.7,36528.8,0.0,12103.134,924.297,307.597,2969:12;2992:6159;2993:6454;2994:6506;2995:5360
464.1042,1788883329.1590,6,1217.61,24491.18,25708.79,0.0,26724.7,36528.8,0.0,12103.134,924.297,307.597,2969:12;2992:6159;2993:6454;2994:6506;2995:5360
464.2074,1788883329.2622,6,1217.93,24523.41,25741.34,316.3,26746.4,36507.0,0.0,12103.134,924.297,307.597,2969:12;2992:6160;2993:6459;2994:6509;2995:5384
464.3118,1788883329.3666,6,1218.02,24558.00,25776.01,336.5,26782.5,36471.0,0.0,12103.398,924.367,307.597,2969:12;2992:6168;2993:6470;2994:6520;2995:5388
464.4158,1788883329.4706,6,1218.02,24580.77,25798.79,245.8,26802.6,36450.9,0.0,12103.820,924.478,307.597,2969:12;2992:6171;2993:6476;2994:6525;2995:5397
464.5218,1788883329.5766,6,1218.02,24593.11,25811.12,288.0,26822.2,36431.3,0.0,12104.106,924.578,307.597,2969:12;2992:6174;2993:6480;2994:6528;2995:5399
464.6257,1788883329.6805,6,1218.02,24613.61,25831.62,259.8,26826.2,36427.3,0.0,12104.651,924.688,307.597,2969:12;2992:6182;2993:6484;2994:6532;2995:5404
464.7297,1788883329.7845,6,1218.02,24637.90,25855.93,302.7,26845.7,36407.7,0.0,12105.329,924.797,307.597,2969:12;2992:6188;2993:6488;2994:6539;2995:5411
464.8356,1788883329.8904,6,1218.02,24652.53,25870.55,278.4,26857.9,36395.6,0.0,12105.942,924.902,307.597,2969:12;2992:6193;2993:6492;2994:6541;2995:5414
464.9396,1788883329.9944,6,1218.02,24668.79,25886.81,227.0,26869.9,36383.6,0.0,12106.338,925.004,307.597,2969:12;2992:6196;2993:6496;2994:6546;2995:5419
465.0453,1788883330.1002,6,1218.02,24687.75,25905.77,274.0,26858.4,36395.0,0.0,12106.741,925.103,307.597,2969:12;2992:6198;2993:6503;2994:6551;2995:5424
465.1514,1788883330.2062,6,1218.03,24705.59,25923.62,240.0,26875.3,36378.2,0.0,12106.905,925.179,307.597,2969:12;2992:6200;2993:6509;2994:6550;2995:5434
465.2553,1788883330.3101,6,1218.09,24721.07,25939.16,279.0,26881.3,36372.2,0.0,12107.590,925.313,307.597,2969:12;2992:6203;2993:6511;2994:6554;2995:5441
465.3592,1788883330.4140,6,1218.09,24728.25,25946.34,250.1,26902.5,36351.0,0.0,12115.776,925.369,307.597,2969:12;2992:6204;2993:6511;2994:6556;2995:5446
465.4631,1788883330.5180,6,1218.09,24741.32,25959.41,106.0,26904.7,36348.8,0.0,12116.848,925.467,307.597,2969:12;2992:6207;2993:6513;2994:6558;2995:5451
465.5669,1788883330.6218,6,1218.09,24749.68,25967.77,259.8,26912.9,36340.6,0.0,12124.135,925.527,307.597,2969:12;2992:6208;2993:6515;2994:6561;2995:5454
465.6709,1788883330.7257,6,1218.09,24763.67,25981.76,346.5,26920.9,36332.6,0.0,12124.435,925.633,307.597,2969:12;2992:6210;2993:6517;2994:6560;2995:5464
465.7748,1788883330.8296,6,1218.09,24773.52,25991.61,96.3,26924.9,36328.6,0.0,12124.761,925.716,307.597,2969:12;2992:6213;2993:6521;2994:6564;2995:5464
465.8786,1788883330.9334,6,1218.09,24776.50,25994.59,250.2,26925.9,36327.6,0.0,12131.535,925.755,307.597,2969:12;2992:6212;2993:6521;2994:6566;2995:5466
465.9825,1788883331.0373,6,1218.09,24790.53,26008.62,96.3,26926.3,36327.1,0.0,12134.393,925.848,307.597,2969:12;2992:6216;2993:6525;2994:6568;2995:5469
466.0864,1788883331.1412,6,1218.09,24800.24,26018.33,240.6,26935.9,36317.6,0.0,12138.918,925.912,307.597,2969:12;2992:6219;2993:6529;2994:6569;2995:5471
466.1903,1788883331.2452,6,1218.09,24807.97,26026.06,48.2,26940.3,36313.2,0.0,12141.900,925.966,307.597,2969:12;2992:6219;2993:6529;2994:6572;2995:5476
466.2941,1788883331.3490,6,1218.09,24810.91,26029.00,192.6,26944.3,36309.2,0.0,12145.424,926.016,307.597,2969:12;2992:6220;2993:6531;2994:6570;2995:5478
466.3980,1788883331.4528,6,1218.09,24828.52,26046.61,115.5,26956.3,36297.2,0.0,12150.417,926.100,307.597,2969:12;2992:6224;2993:6533;2994:6575;2995:5484
466.5019,1788883331.5567,6,1218.09,24841.07,26059.16,173.3,26964.3,36289.2,0.0,12152.966,926.191,307.597,2969:12;2992:6227;2993:6537;2994:6577;2995:5488
466.6058,1788883331.6606,6,1218.09,24838.12,26056.21,221.4,26968.3,36285.2,0.0,12157.814,926.226,307.597,2969:12;2992:6224;2993:6537;2994:6577;2995:5488
466.7097,1788883331.7645,6,1218.09,24859.27,26077.36,153.9,26969.0,36284.4,0.0,12164.426,926.327,307.597,2969:12;2992:6229;2993:6541;2994:6582;2995:5495
466.8136,1788883331.8684,6,1218.09,24855.61,26073.70,182.9,26969.5,36284.0,0.0,12166.005,926.385,307.597,2969:12;2992:6230;2993:6540;2994:6582;2995:5492
466.9175,1788883331.9723,6,1218.09,24991.61,26209.70,230.4,27139.2,36114.3,0.0,12171.481,926.441,307.597,2969:12;2992:6313;2993:6542;2994:6627;2995:5497
467.0217,1788883332.0765,6,1218.25,25175.11,26393.36,979.9,27377.9,35875.6,0.0,12172.290,926.444,307.597,2969:12;2992:6276;2993:6566;2994:6656;2995:5665
467.1286,1788883332.1834,6,1218.69,24949.91,26168.61,1010.9,27317.7,35935.8,0.0,12172.388,926.467,307.597,2969:12;2992:6313;2993:6516;2994:6593;2995:5515
467.2338,1788883332.2886,6,1218.88,24931.29,26150.17,480.4,27344.7,35908.8,0.0,12172.801,926.579,307.597,2969:12;2992:6277;2993:6525;2994:6599;2995:5518
467.3377,1788883332.3925,6,1218.88,24951.33,26170.21,249.9,27360.3,35893.1,0.0,12173.239,926.704,307.597,2969:12;2992:6284;2993:6531;2994:6603;2995:5521
467.4417,1788883332.4966,6,1218.88,24972.98,26191.86,307.6,27364.3,35889.1,0.0,12173.640,926.803,307.597,2969:12;2992:6288;2993:6537;2994:6605;2995:5531
467.5457,1788883332.6005,6,1218.88,24987.88,26206.76,375.2,27372.3,35881.1,0.0,12174.233,926.911,307.597,2969:12;2992:6290;2993:6539;2994:6607;2995:5539
467.6497,1788883332.7045,6,1218.88,25013.63,26232.51,298.3,27380.6,35872.9,0.0,12174.786,927.062,307.597,2969:12;2992:6297;2993:6545;2994:6609;2995:5551
467.7536,1788883332.8084,6,1218.88,25031.40,26250.28,288.6,27384.6,35868.9,0.0,12175.357,927.160,307.597,2969:12;2992:6301;2993:6550;2994:6611;2995:5557
467.8576,1788883332.9124,6,1218.88,25043.22,26262.10,279.0,27392.6,35860.9,0.0,12175.698,927.258,307.597,2969:12;2992:6301;2993:6551;2994:6615;2995:5564
467.9615,1788883333.0163,6,1218.88,25071.93,26290.81,355.8,27396.8,35856.7,0.0,12176.068,927.378,307.597,2969:12;2992:6311;2993:6560;2994:6617;2995:5572
468.0655,1788883333.1203,6,1218.89,25084.89,26303.77,248.6,27401.4,35852.1,0.0,12176.536,927.491,307.597,2969:12;2992:6312;2993:6566;2994:6617;2995:5578
468.1700,1788883333.2249,6,1218.89,25089.84,26308.73,123.4,27416.1,35837.4,0.0,12180.673,927.546,307.597,2969:12;2992:6314;2993:6566;2994:6620;2995:5577
468.2754,1788883333.3302,6,1218.89,25107.41,26326.30,298.0,27435.5,35818.0,0.0,12185.321,927.652,307.597,2969:12;2992:6320;2993:6572;2994:6621;2995:5582
468.3794,1788883333.4342,6,1218.89,25106.91,26325.80,57.7,27439.8,35813.7,0.0,12188.212,927.687,307.597,2969:12;2992:6321;2993:6572;2994:6621;2995:5580
468.4834,1788883333.5382,6,1218.89,25122.17,26341.05,297.9,27444.0,35809.5,0.0,12195.203,927.780,307.597,2969:12;2992:6323;2993:6579;2994:6623;2995:5584
468.5874,1788883333.6422,6,1218.89,25135.81,26354.70,221.2,27456.0,35797.5,0.0,12198.578,927.884,307.597,2969:12;2992:6328;2993:6584;2994:6625;2995:5587
468.6914,1788883333.7462,6,1218.89,25148.17,26367.06,192.4,27457.6,35795.9,0.0,12203.066,927.973,307.597,2969:12;2992:6333;2993:6588;2994:6625;2995:5590
468.7954,1788883333.8502,6,1218.89,25158.77,26377.66,163.5,27461.7,35791.8,0.0,12208.912,928.019,307.597,2969:12;2992:6332;2993:6592;2994:6628;2995:5594
468.8994,1788883333.9542,6,1218.89,25156.38,26375.27,76.9,27465.7,35787.8,0.0,12209.146,928.048,307.597,2969:12;2992:6333;2993:6592;2994:6627;2995:5593
469.0033,1788883334.0581,6,1218.89,25168.55,26387.44,143.8,27452.4,35801.1,0.0,12214.430,928.134,307.597,2969:12;2992:6338;2993:6597;2994:6629;2995:5593
469.1077,1788883334.1625,6,1218.89,25180.45,26399.34,182.7,27449.2,35804.3,0.0,12216.596,928.217,307.597,2969:12;2992:6341;2993:6602;2994:6631;2995:5594
469.2118,1788883334.2666,6,1218.93,25188.77,26407.70,192.3,27451.2,35802.3,0.0,12223.182,928.263,307.597,2969:12;2992:6343;2993:6604;2994:6632;2995:5598
469.3158,1788883334.3706,6,1218.93,25198.61,26417.55,125.1,27460.0,35793.5,0.0,12223.490,928.336,307.597,2969:12;2992:6347;2993:6608;2994:6633;2995:5598
469.4198,1788883334.4746,6,1218.93,25206.27,26425.21,86.4,27468.0,35785.5,0.0,12230.212,928.380,307.597,2969:12;2992:6349;2993:6608;2994:6635;2995:5602
469.5238,1788883334.5786,6,1218.93,25218.46,26437.39,192.4,27469.7,35783.8,0.0,12230.994,928.466,307.597,2969:12;2992:6353;2993:6614;2994:6635;2995:5604
469.6278,1788883334.6826,6,1218.93,25208.46,26427.39,173.1,27469.7,35783.8,0.0,12237.378,928.506,307.597,2969:12;2992:6349;2993:6609;2994:6633;2995:5604
469.7317,1788883334.7866,6,1218.93,25222.04,26440.98,77.1,27469.7,35783.8,0.0,12237.691,928.584,307.597,2969:12;2992:6354;2993:6615;2994:6635;2995:5606
469.8356,1788883334.8904,6,1218.94,25393.93,26612.87,335.4,27611.6,35641.9,0.0,12243.877,928.607,307.597,2969:12;2992:6432;2993:6651;2994:6637;2995:5663
469.9400,1788883334.9949,6,1219.11,25568.10,26787.21,1147.3,27905.7,35347.8,0.0,12243.877,928.607,307.597,2969:12;2992:6392;2993:6683;2994:6714;2995:5766
470.0457,1788883335.1005,6,1219.79,25367.89,26587.67,1086.4,27804.7,35448.8,0.0,12243.877,928.607,307.597,2969:12;2992:6367;2993:6662;2994:6661;2995:5666
470.1506,1788883335.2054,6,1220.26,25320.42,26540.68,794.8,27796.6,35456.9,0.0,12243.877,928.607,307.597,2969:12;2992:6363;2993:6616;2994:6674;2995:5656
470.2549,1788883335.3097,6,1220.54,25302.29,26522.84,739.7,27825.7,35427.8,0.0,12243.877,928.607,307.597,2969:12;2992:6372;2993:6610;2994:6630;2995:5678
470.3589,1788883335.4137,6,1220.76,25338.54,26559.30,544.3,27837.0,35416.5,0.0,12243.877,928.607,307.597,2969:12;2992:6384;2993:6608;2994:6635;2995:5700
470.4638,1788883335.5186,6,1221.20,25404.80,26626.00,684.3,27881.1,35372.4,0.0,12243.877,928.608,307.597,2969:12;2992:6387;2993:6643;2994:6653;2995:5710
470.5689,1788883335.6237,6,1221.31,25443.70,26665.00,394.0,27916.0,35337.4,0.0,12244.222,928.703,307.597,2969:12;2992:6400;2993:6639;2994:6669;2995:5724
470.6730,1788883335.7278,6,1221.31,25467.16,26688.47,283.6,27935.6,35317.9,0.0,12245.235,928.806,307.597,2969:12;2992:6407;2993:6642;2994:6674;2995:5731
470.7789,1788883335.8337,6,1221.31,25485.21,26706.53,384.0,27947.6,35305.9,0.0,12245.806,928.915,307.597,2969:12;2992:6410;2993:6646;2994:6678;2995:5739
470.8829,1788883335.9377,6,1221.31,25507.99,26729.30,346.4,27959.8,35293.6,0.0,12247.108,929.043,307.597,2969:12;2992:6416;2993:6649;2994:6684;2995:5747
470.9868,1788883336.0416,6,1221.31,25528.10,26749.41,274.2,27969.9,35283.5,0.0,12247.738,929.155,307.597,2969:12;2992:6422;2993:6655;2994:6688;2995:5751
471.0928,1788883336.1476,6,1221.31,25543.57,26764.89,297.4,27970.1,35283.4,0.0,12248.074,929.261,307.597,2969:12;2992:6425;2993:6661;2994:6691;2995:5754
471.1968,1788883336.2516,6,1221.43,25561.90,26783.33,385.0,27977.4,35276.1,0.0,12248.560,929.383,307.597,2969:12;2992:6432;2993:6665;2994:6697;2995:5756
471.3007,1788883336.3556,6,1221.43,25582.83,26804.26,288.7,27982.7,35270.8,0.0,12249.120,929.502,307.597,2969:12;2992:6433;2993:6672;2994:6702;2995:5765
471.4047,1788883336.4595,6,1221.44,25592.64,26814.07,250.0,27993.7,35259.7,0.0,12249.680,929.558,307.597,2969:12;2992:6437;2993:6673;2994:6702;2995:5769
471.5086,1788883336.5634,6,1221.44,25609.00,26830.43,154.0,27997.9,35255.5,0.0,12250.041,929.650,307.597,2969:12;2992:6441;2993:6677;2994:6705;2995:5774
471.6125,1788883336.6673,6,1221.44,25609.45,26830.89,9.6,27998.9,35254.6,0.0,12253.855,929.664,307.597,2969:12;2992:6441;2993:6677;2994:6705;2995:5774
471.7163,1788883336.7711,6,1221.44,25606.88,26828.32,297.9,28016.7,35236.8,0.0,12260.235,929.702,307.597,2969:12;2992:6441;2993:6675;2994:6706;2995:5773
471.8204,1788883336.8752,6,1221.44,25623.20,26844.64,67.4,28016.7,35236.8,0.0,12260.547,929.777,307.597,2969:12;2992:6445;2993:6679;2994:6710;2995:5778
471.9242,1788883336.9790,6,1221.44,25628.57,26850.01,250.1,28016.7,35236.8,0.0,12271.192,929.830,307.597,2969:12;2992:6446;2993:6680;2994:6710;2995:5780
472.0282,1788883337.0830,6,1221.44,25641.20,26862.64,86.6,28014.4,35239.1,0.0,12271.511,929.912,307.597,2969:12;2992:6449;2993:6683;2994:6714;2995:5784
472.1321,1788883337.1869,6,1221.44,25642.88,26864.32,298.1,28018.9,35234.6,0.0,12282.124,929.976,307.597,2969:12;2992:6449;2993:6683;2994:6714;2995:5785
472.2361,1788883337.2909,6,1221.44,25659.20,26880.64,57.6,28020.9,35232.6,0.0,12282.484,930.051,307.597,2969:12;2992:6453;2993:6687;2994:6718;2995:5790
472.3399,1788883337.3948,6,1221.44,25659.45,26880.88,211.6,28029.7,35223.8,0.0,12292.693,930.109,307.597,2969:12;2992:6453;2993:6687;2994:6718;2995:5789
472.4439,1788883337.4987,6,1221.44,25675.20,26896.64,67.4,28029.8,35223.7,0.0,12293.006,930.185,307.597,2969:12;2992:6457;2993:6691;2994:6722;2995:5794
472.5478,1788883337.6026,6,1221.44,25670.88,26892.32,259.7,28041.8,35211.7,0.0,12303.193,930.242,307.597,2969:12;2992:6457;2993:6689;2994:6720;2995:5793
472.6518,1788883337.7066,6,1221.44,25687.20,26908.64,48.0,28041.8,35211.7,0.0,12303.924,930.318,307.597,2969:12;2992:6461;2993:6693;2994:6724;2995:5798
472.7558,1788883337.8106,6,1221.44,25688.88,26910.32,192.4,28050.1,35203.4,0.0,12313.524,930.376,307.597,2969:12;2992:6461;2993:6693;2994:6724;2995:5799
472.8598,1788883337.9146,6,1221.44,25705.20,26926.64,96.4,28050.1,35203.4,0.0,12313.839,930.450,307.597,2969:12;2992:6465;2993:6697;2994:6728;2995:5804
472.9637,1788883338.0185,6,1221.44,25716.04,26937.48,94.4,28050.1,35203.4,0.0,12323.460,930.496,307.597,2969:12;2992:6468;2993:6699;2994:6730;2995:5808
473.0698,1788883338.1246,6,1221.44,25721.20,26942.64,192.0,28051.3,35202.2,0.0,12323.779,930.587,307.597,2969:12;2992:6469;2993:6701;2994:6732;2995:5808
473.1738,1788883338.2286,6,1221.44,25722.04,26943.48,201.6,28057.3,35196.2,0.0,12333.425,930.630,307.597,2969:12;2992:6469;2993:6701;2994:6732;2995:5808
473.2778,1788883338.3326,6,1221.44,25733.45,26954.89,77.1,28061.3,35192.2,0.0,12333.704,930.701,307.597,2969:12;2992:6473;2993:6705;2994:6734;2995:5810
473.3817,1788883338.4365,6,1221.44,25740.64,26962.08,113.3,28064.0,35189.4,0.0,12341.595,930.734,307.597,2969:12;2992:6476;2993:6705;2994:6735;2995:5812
473.4878,1788883338.5426,6,1221.44,25741.66,26963.10,153.6,28064.2,35189.2,0.0,12343.717,930.838,307.597,2969:12;2992:6473;2993:6705;2994:6736;2995:5816
473.5918,1788883338.6466,6,1221.45,25854.14,27075.58,358.7,28151.2,35102.3,0.0,12353.827,930.878,307.597,2969:12;2992:6501;2993:6714;2994:6780;2995:5847
473.6982,1788883338.7530,6,1221.64,25968.18,27189.82,1120.8,28334.6,34918.9,0.0,12353.827,930.878,307.597,2969:12;2992:6474;2993:6879;2994:6772;2995:5831
473.8051,1788883338.8599,6,1221.77,25810.38,27032.16,613.8,28141.9,35111.6,0.0,12353.827,930.878,307.597,2969:12;2992:6475;2993:6800;2994:6742;2995:5781
473.9109,1788883338.9657,6,1221.90,25718.93,26940.84,668.9,28156.4,35097.1,0.0,12354.274,930.982,307.597,2969:12;2992:6485;2993:6714;2994:6712;2995:5796
474.0154,1788883339.0702,6,1221.95,25756.31,26978.27,706.4,28224.7,35028.8,0.0,12354.727,931.077,307.597,2969:12;2992:6489;2993:6763;2994:6689;2995:5803
474.1202,1788883339.1750,6,1222.05,25712.25,26934.30,656.9,28277.7,34975.8,0.0,12355.297,931.172,307.597,2969:12;2992:6495;2993:6714;2994:6683;2995:5809
474.2254,1788883339.2802,6,1222.10,25727.00,26949.11,316.6,28281.9,34971.6,0.0,12356.205,931.295,307.597,2969:12;2992:6499;2993:6717;2994:6690;2995:5809
474.3294,1788883339.3842,6,1222.10,25756.24,26978.34,288.4,28285.9,34967.6,0.0,12357.172,931.436,307.597,2969:12;2992:6506;2993:6724;2994:6695;2995:5818
474.4334,1788883339.4882,6,1222.10,25770.07,26992.18,268.8,28289.9,34963.6,0.0,12357.844,931.525,307.597,2969:12;2992:6509;2993:6724;2994:6698;2995:5826
474.5376,1788883339.5924,6,1222.10,25790.52,27012.62,349.4,28297.9,34955.6,0.0,12358.275,931.642,307.597,2969:12;2992:6511;2993:6734;2994:6701;2995:5832
474.6438,1788883339.6986,6,1222.11,25811.19,27033.29,272.6,28301.9,34951.6,0.0,12358.842,931.761,307.597,2969:12;2992:6517;2993:6740;2994:6706;2995:5835
474.7500,1788883339.8048,6,1222.11,25821.64,27043.75,295.8,28315.1,34938.3,0.0,12359.069,931.837,307.597,2969:12;2992:6518;2993:6739;2994:6708;2995:5843
474.8546,1788883339.9094,6,1222.12,25833.42,27055.54,173.3,28315.1,34938.3,0.0,12359.397,931.902,307.597,2969:12;2992:6522;2993:6743;2994:6713;2995:5843
474.9586,1788883340.0134,6,1222.12,25842.21,27064.33,313.5,28332.4,34921.1,0.0,12369.552,932.020,307.597,2969:12;2992:6526;2993:6743;2994:6716;2995:5845
475.0640,1788883340.1188,6,1222.12,25851.35,27073.47,192.0,28332.7,34920.7,0.0,12369.749,932.084,307.597,2969:12;2992:6526;2993:6747;2994:6719;2995:5847
475.1680,1788883340.2228,6,1222.12,25873.98,27096.10,83.7,28334.4,34919.0,0.0,12380.012,932.190,307.597,2969:12;2992:6532;2993:6753;2994:6726;2995:5850
475.2760,1788883340.3308,6,1222.12,25868.95,27091.07,210.4,28343.8,34909.7,0.0,12380.724,932.211,307.597,2969:12;2992:6531;2993:6752;2994:6725;2995:5849
475.3803,1788883340.4351,6,1222.12,25891.27,27113.39,132.1,28344.4,34909.1,0.0,12390.268,932.324,307.597,2969:12;2992:6537;2993:6758;2994:6732;2995:5852
475.4864,1788883340.5412,6,1222.12,25883.37,27105.49,142.2,28352.4,34901.1,0.0,12390.307,932.347,307.597,2969:12;2992:6532;2993:6755;2994:6731;2995:5853
475.5917,1788883340.6465,6,1222.12,25905.36,27127.48,86.6,28352.4,34901.1,0.0,12399.982,932.455,307.597,2969:12;2992:6538;2993:6761;2994:6735;2995:5859
475.6957,1788883340.7505,6,1222.12,25899.36,27121.47,182.8,28364.3,34889.2,0.0,12401.649,932.477,307.597,2969:12;2992:6536;2993:6759;2994:6735;2995:5857
475.7996,1788883340.8544,6,1222.12,25915.67,27137.79,48.1,28364.3,34889.2,0.0,12401.965,932.552,307.597,2969:12;2992:6540;2993:6763;2994:6740;2995:5860
475.9035,1788883340.9583,6,1222.12,25915.36,27137.47,221.2,28372.5,34880.9,0.0,12411.795,932.607,307.597,2969:12;2992:6540;2993:6763;2994:6739;2995:5861
476.0074,1788883341.0622,6,1222.12,25931.67,27153.79,67.5,28372.5,34880.9,0.0,12412.112,932.682,307.597,2969:12;2992:6544;2993:6767;2994:6744;2995:5864
476.1114,1788883341.1662,6,1222.12,25933.36,27155.47,221.2,28379.4,34874.1,0.0,12422.204,932.743,307.597,2969:12;2992:6544;2993:6767;2994:6745;2995:5865
476.2153,1788883341.2701,6,1222.16,25949.67,27171.83,77.0,28379.6,34873.9,0.0,12422.519,932.818,307.597,2969:12;2992:6548;2993:6771;2994:6750;2995:5868
476.3192,1788883341.3740,6,1222.16,25945.84,27168.00,230.8,28383.6,34869.9,0.0,12432.879,932.875,307.597,2969:12;2992:6546;2993:6771;2994:6747;2995:5869
476.4232,1788883341.4780,6,1222.16,25962.15,27184.31,57.8,28383.6,34869.9,0.0,12433.194,932.950,307.597,2969:12;2992:6550;2993:6775;2994:6752;2995:5872
476.5270,1788883341.5818,6,1222.16,25956.05,27178.21,221.2,28383.6,34869.9,0.0,12443.684,933.007,307.597,2969:12;2992:6549;2993:6772;2994:6752;2995:5870
476.6310,1788883341.6858,6,1222.16,25972.37,27194.53,57.7,28383.6,34869.9,0.0,12444.000,933.081,307.597,2969:12;2992:6553;2993:6776;2994:6757;2995:5874
476.7349,1788883341.7897,6,1222.16,26114.77,27336.93,387.8,28478.7,34774.8,0.0,12454.251,933.121,307.597,2969:12;2992:6646;2993:6776;2994:6807;2995:5873
476.8412,1788883341.8960,6,1222.34,26319.18,27541.52,1312.6,28742.1,34511.4,0.0,12454.780,933.123,307.597,2969:12;2992:6566;2993:6938;2994:6836;2995:5967
476.9476,1788883342.0024,6,1222.80,26057.54,27280.34,1013.1,28578.1,34675.3,0.0,12454.780,933.123,307.597,2969:12;2992:6560;2993:6771;2994:6831;2995:5883
477.0520,1788883342.1068,6,1222.98,25884.96,27107.94,586.7,28458.5,34795.0,0.0,12454.780,933.123,307.597,2969:12;2992:6571;2993:6738;2994:6694;2995:5869
477.1578,1788883342.2127,6,1223.23,25959.00,27182.23,559.7,28449.3,34804.2,0.0,12454.780,933.123,307.597,2969:12;2992:6579;2993:6709;2994:6787;2995:5872
477.2633,1788883342.3181,6,1223.49,25878.10,27101.59,599.2,28508.7,34744.7,0.0,12454.780,933.123,307.597,2969:12;2992:6582;2993:6689;2994:6716;2995:5878
477.3683,1788883342.4231,6,1223.71,25820.27,27043.98,640.7,28511.2,34742.2,0.0,12454.783,933.124,307.597,2969:12;2992:6582;2993:6701;2994:6645;2995:5880
477.4727,1788883342.5276,6,1223.88,25813.51,27037.39,468.3,28497.0,34756.4,0.0,12454.784,933.125,307.597,2969:12;2992:6581;2993:6697;2994:6646;2995:5878
477.5774,1788883342.6322,6,1224.20,25789.29,27013.49,685.9,28505.7,34747.8,0.0,12454.784,933.125,307.597,2969:12;2992:6586;2993:6686;2994:6633;2995:5872
477.6824,1788883342.7372,6,1224.25,25749.75,26974.00,345.6,28503.6,34749.9,0.0,12455.160,933.224,307.597,2969:12;2992:6592;2993:6655;2994:6623;2995:5867
477.7866,1788883342.8414,6,1224.25,25767.84,26992.10,288.7,28511.6,34741.9,0.0,12455.549,933.312,307.597,2969:12;2992:6597;2993:6661;2994:6623;2995:5875
477.8905,1788883342.9453,6,1224.25,25789.19,27013.44,317.3,28519.6,34733.9,0.0,12456.028,933.419,307.597,2969:12;2992:6603;2993:6665;2994:6626;2995:5883
477.9945,1788883343.0493,6,1224.25,25811.39,27035.64,260.0,28508.5,34745.0,0.0,12456.597,933.525,307.597,2969:12;2992:6606;2993:6671;2994:6633;2995:5889
478.0983,1788883343.1532,6,1224.25,25826.96,27051.21,342.2,28505.9,34747.6,0.0,12457.533,933.631,307.597,2969:12;2992:6610;2993:6675;2994:6635;2995:5894
478.2038,1788883343.2586,6,1224.37,25849.34,27073.71,311.3,28512.0,34741.4,0.0,12458.400,933.738,307.597,2969:12;2992:6614;2993:6679;2994:6641;2995:5903
478.3098,1788883343.3646,6,1224.37,25868.09,27092.45,288.0,28520.0,34733.4,0.0,12459.640,933.862,307.597,2969:12;2992:6619;2993:6687;2994:6644;2995:5906
478.4138,1788883343.4686,6,1224.37,25882.21,27106.58,307.6,28520.0,34733.4,0.0,12460.264,933.978,307.597,2969:12;2992:6622;2993:6687;2994:6648;2995:5914
478.5178,1788883343.5726,6,1224.38,25893.75,27118.12,173.0,28528.8,34724.7,0.0,12460.393,934.012,307.597,2969:12;2992:6625;2993:6690;2994:6652;2995:5915
478.6218,1788883343.6766,6,1224.38,25908.51,27132.89,201.9,28533.3,34720.2,0.0,12464.064,934.114,307.597,2969:12;2992:6629;2993:6694;2994:6655;2995:5919
478.7258,1788883343.7806,6,1224.38,25912.82,27137.20,230.9,28537.2,34716.3,0.0,12474.181,934.183,307.597,2969:12;2992:6631;2993:6694;2994:6657;2995:5919
478.8298,1788883343.8846,6,1224.38,25928.12,27152.50,123.8,28537.4,34716.1,0.0,12487.148,934.264,307.597,2969:12;2992:6633;2993:6700;2994:6660;2995:5923
478.9350,1788883343.9898,6,1224.38,25941.42,27165.80,297.4,28553.7,34699.8,0.0,12492.791,934.367,307.597,2969:12;2992:6641;2993:6702;2994:6662;2995:5925
479.0389,1788883344.0938,6,1224.38,25940.46,27164.84,192.4,28539.5,34713.9,0.0,12502.208,934.403,307.597,2969:12;2992:6640;2993:6702;2994:6660;2995:5927
479.1429,1788883344.1977,6,1224.38,25958.01,27182.39,182.8,28538.9,34714.6,0.0,12506.916,934.493,307.597,2969:12;2992:6645;2993:6706;2994:6664;2995:5931
479.2468,1788883344.3016,6,1224.39,25969.11,27193.51,239.3,28540.6,34712.9,0.0,12517.045,934.580,307.597,2969:12;2992:6650;2993:6708;2994:6667;2995:5933
479.3515,1788883344.4063,6,1224.39,25978.70,27203.09,226.4,28548.8,34704.6,0.0,12531.255,934.651,307.597,2969:12;2992:6652;2993:6711;2994:6667;2995:5936
479.4576,1788883344.5124,6,1224.39,25988.84,27213.23,182.4,28556.8,34696.6,0.0,12536.989,934.751,307.597,2969:12;2992:6655;2993:6714;2994:6671;2995:5937
479.5616,1788883344.6164,6,1224.39,25991.43,27215.82,182.6,28556.8,34696.6,0.0,12543.266,934.783,307.597,2969:12;2992:6656;2993:6715;2994:6670;2995:5939
479.6656,1788883344.7204,6,1224.40,26009.48,27233.88,163.5,28563.7,34689.8,0.0,12555.963,934.895,307.597,2969:12;2992:6661;2993:6719;2994:6675;2995:5943
479.7696,1788883344.8244,6,1224.40,26020.23,27244.62,211.4,28579.7,34673.8,0.0,12559.714,934.974,307.597,2969:12;2992:6667;2993:6718;2994:6677;2995:5947
479.8736,1788883344.9284,6,1224.40,26029.55,27253.95,221.1,28584.0,34669.5,0.0,12567.476,935.056,307.597,2969:12;2992:6668;2993:6722;2994:6681;2995:5947
479.9777,1788883345.0325,6,1224.40,26038.93,27263.33,95.8,28581.5,34672.0,0.0,12575.940,935.122,307.597,2969:12;2992:6669;2993:6727;2994:6680;2995:5951
480.0820,1788883345.1368,6,1224.40,26060.52,27284.92,229.7,28565.1,34688.3,0.0,12583.262,935.209,307.597,2969:12;2992:6670;2993:6729;2994:6682;2995:5968
480.1865,1788883345.2413,6,1224.48,26123.79,27348.26,682.4,28363.4,34890.1,0.0,12588.626,935.237,307.597,2969:12;2992:6673;2993:6786;2994:6710;2995:5942
480.2922,1788883345.3470,6,1224.70,26247.36,27472.06,842.6,28469.1,34784.3,0.0,12591.176,935.245,307.597,2969:12;2992:6807;2993:6731;2994:6676;2995:6020
480.4005,1788883345.4553,6,1224.89,26115.26,27340.15,735.9,28378.1,34875.3,0.0,12591.830,935.368,307.597,2969:12;2992:6695;2993:6748;2994:6688;2995:5973
480.5046,1788883345.5594,6,1225.10,26110.18,27335.28,682.4,28447.1,34806.3,0.0,12592.366,935.477,307.597,2969:12;2992:6659;2993:6761;2994:6697;2995:5981
480.6087,1788883345.6635,6,1225.10,26124.55,27349.66,345.3,28465.0,34788.4,0.0,12593.006,935.580,307.597,2969:12;2992:6659;2993:6763;2994:6701;2995:5990
480.7130,1788883345.7678,6,1225.11,26166.52,27391.62,403.6,28477.5,34776.0,0.0,12595.172,935.780,307.597,2969:12;2992:6663;2993:6778;2994:6710;2995:6003
480.8170,1788883345.8718,6,1225.11,26184.75,27409.86,691.2,28504.7,34748.8,0.0,12609.961,935.944,307.597,2969:12;2992:6663;2993:6783;2994:6717;2995:6010
480.9212,1788883345.9760,6,1225.11,26218.07,27443.17,384.3,28517.6,34735.9,0.0,12611.840,936.101,307.597,2969:12;2992:6667;2993:6792;2994:6726;2995:6021
481.0253,1788883346.0801,6,1225.11,26242.22,27467.32,661.0,28522.4,34731.1,0.0,12625.917,936.277,307.597,2969:12;2992:6669;2993:6798;2994:6736;2995:6027
481.1314,1788883346.1862,6,1225.11,26259.46,27484.57,364.4,28526.3,34727.2,0.0,12626.616,936.411,307.597,2969:12;2992:6669;2993:6806;2994:6739;2995:6034
481.2355,1788883346.2903,6,1225.14,26263.50,27488.64,375.1,28531.0,34722.4,0.0,12637.977,936.540,307.597,2969:12;2992:6672;2993:6802;2994:6743;2995:6034
481.3395,1788883346.3943,6,1225.14,26273.05,27498.19,278.8,28543.1,34710.4,0.0,12641.150,936.640,307.597,2969:12;2992:6675;2993:6805;2994:6743;2995:6038
481.4435,1788883346.4983,6,1225.14,26275.56,27500.70,124.9,28543.1,34710.4,0.0,12647.460,936.671,307.597,2969:12;2992:6676;2993:6806;2994:6743;2995:6038
481.5475,1788883346.6023,6,1225.14,26291.07,27516.20,153.9,28547.1,34706.4,0.0,12649.280,936.753,307.597,2969:12;2992:6679;2993:6809;2994:6747;2995:6044
481.6514,1788883346.7062,6,1225.14,26289.24,27514.38,134.7,28555.6,34697.9,0.0,12659.731,936.803,307.597,2969:12;2992:6677;2993:6809;2994:6747;2995:6044
481.7554,1788883346.8102,6,1225.14,26290.65,27515.79,163.5,28563.6,34689.9,0.0,12662.849,936.835,307.597,2969:12;2992:6677;2993:6807;2994:6748;2995:6046
481.8593,1788883346.9141,6,1225.14,26305.07,27530.21,48.1,28563.6,34689.9,0.0,12666.098,936.907,307.597,2969:12;2992:6681;2993:6811;2994:6751;2995:6050
481.9632,1788883347.0180,6,1225.14,26306.65,27531.79,230.9,28567.6,34685.9,0.0,12673.716,936.954,307.597,2969:12;2992:6681;2993:6811;2994:6752;2995:6050
482.0671,1788883347.1220,6,1225.14,26321.07,27546.21,57.7,28567.6,34685.9,0.0,12673.980,937.013,307.597,2969:12;2992:6683;2993:6815;2994:6755;2995:6056
482.1710,1788883347.2258,6,1225.19,26320.61,27545.80,210.0,28575.8,34677.7,0.0,12685.740,937.086,307.597,2969:12;2992:6685;2993:6815;2994:6754;2995:6054
482.2758,1788883347.3306,6,1225.19,26337.07,27562.25,115.5,28583.8,34669.7,0.0,12686.317,937.160,307.597,2969:12;2992:6689;2993:6819;2994:6757;2995:6060
482.3798,1788883347.4346,6,1225.19,26337.63,27562.82,246.2,28584.0,34669.5,0.0,12699.947,937.220,307.597,2969:12;2992:6691;2993:6817;2994:6758;2995:6060
482.4854,1788883347.5402,6,1225.19,26351.07,27576.25,86.5,28584.0,34669.5,0.0,12700.244,937.294,307.597,2969:12;2992:6693;2993:6821;2994:6761;2995:6064
482.5893,1788883347.6441,6,1225.19,26347.14,27572.33,221.2,28584.0,34669.5,0.0,12712.443,937.354,307.597,2969:12;2992:6692;2993:6820;2994:6761;2995:6063
482.6934,1788883347.7482,6,1225.19,26364.84,27590.03,105.8,28585.2,34668.3,0.0,12717.089,937.441,307.597,2969:12;2992:6696;2993:6824;2994:6763;2995:6069
482.7973,1788883347.8521,6,1225.22,26438.12,27663.34,421.2,28649.6,34603.9,0.0,12726.748,937.470,307.597,2969:12;2992:6696;2993:6834;2994:6828;2995:6067
482.9018,1788883347.9567,6,1225.30,26440.35,27665.65,1095.0,28729.6,34523.9,0.0,12726.748,937.470,307.597,2969:12;2992:6694;2993:6923;2994:6752;2995:6059
483.0069,1788883348.0617,6,1225.49,26377.91,27603.40,843.7,28788.9,34464.6,0.0,12726.885,937.473,307.597,2969:12;2992:6704;2993:6873;2994:6735;2995:6053
483.1112,1788883348.1660,6,1225.63,26367.64,27593.27,547.7,28822.3,34431.1,0.0,12727.156,937.511,307.597,2969:12;2992:6687;2993:6890;2994:6719;2995:6059
483.2152,1788883348.2700,6,1225.70,26258.45,27484.14,707.8,28788.1,34465.3,0.0,12727.494,937.590,307.597,2969:12;2992:6688;2993:6810;2994:6687;2995:6060
483.3214,1788883348.3762,6,1225.82,26248.77,27474.58,779.0,28835.3,34418.2,0.0,12727.966,937.681,307.597,2969:12;2992:6694;2993:6761;2994:6721;2995:6060
483.4280,1788883348.4828,6,1225.84,26290.60,27516.44,631.9,28892.9,34360.6,0.0,12728.371,937.776,307.597,2969:12;2992:6681;2993:6764;2994:6773;2995:6061
483.5322,1788883348.5870,6,1225.95,26244.95,27470.90,875.4,28836.3,34417.2,0.0,12728.667,937.883,307.597,2969:12;2992:6687;2993:6763;2994:6729;2995:6054
483.6373,1788883348.6921,6,1226.14,26173.09,27399.22,609.1,28859.2,34394.3,0.0,12729.145,937.962,307.597,2969:12;2992:6689;2993:6757;2994:6661;2995:6055
483.7425,1788883348.7973,6,1226.14,26187.25,27413.39,330.3,28867.2,34386.3,0.0,12729.700,938.077,307.597,2969:12;2992:6695;2993:6759;2994:6663;2995:6059
483.8485,1788883348.9033,6,1226.14,26199.70,27425.84,281.6,28875.2,34378.3,0.0,12730.250,938.152,307.597,2969:12;2992:6699;2993:6763;2994:6666;2995:6059
483.9551,1788883349.0099,6,1226.15,26228.24,27454.39,287.9,28887.2,34366.3,0.0,12730.625,938.250,307.597,2969:12;2992:6700;2993:6776;2994:6675;2995:6065
484.0591,1788883349.1139,6,1226.15,26256.98,27483.13,566.6,28893.9,34359.6,0.0,12744.956,938.454,307.597,2969:12;2992:6707;2993:6777;2994:6690;2995:6071
484.1650,1788883349.2198,6,1226.15,26268.99,27495.14,198.6,28897.7,34355.7,0.0,12748.075,938.549,307.597,2969:12;2992:6711;2993:6782;2994:6690;2995:6074
484.2709,1788883349.3257,6,1226.16,26265.97,27492.13,268.8,28906.0,34347.5,0.0,12757.953,938.596,307.597,2969:12;2992:6712;2993:6779;2994:6688;2995:6075
484.3748,1788883349.4297,6,1226.16,26282.21,27508.38,163.6,28910.0,34343.5,0.0,12763.642,938.698,307.597,2969:12;2992:6717;2993:6783;2994:6694;2995:6077
484.4788,1788883349.5336,6,1226.16,26294.00,27520.17,182.4,28918.0,34335.5,0.0,12771.512,938.779,307.597,2969:12;2992:6719;2993:6786;2994:6696;2995:6081
484.5829,1788883349.6377,6,1226.16,26299.42,27525.58,154.0,28922.0,34331.5,0.0,12778.852,938.833,307.597,2969:12;2992:6721;2993:6787;2994:6698;2995:6082
484.6869,1788883349.7417,6,1226.16,26314.52,27540.69,274.7,28930.0,34323.5,0.0,12789.141,938.943,307.597,2969:12;2992:6726;2993:6791;2994:6700;2995:6086
484.7925,1788883349.8473,6,1226.16,26315.09,27541.25,211.7,28934.0,34319.5,0.0,12796.409,938.980,307.597,2969:12;2992:6725;2993:6791;2994:6702;2995:6085
484.8964,1788883349.9512,6,1226.16,26330.04,27556.21,86.5,28942.0,34311.5,0.0,12799.671,939.066,307.597,2969:12;2992:6731;2993:6794;2994:6704;2995:6089
485.0004,1788883350.0552,6,1226.16,26329.75,27555.91,288.4,28934.7,34318.8,0.0,12810.205,939.116,307.597,2969:12;2992:6732;2993:6793;2994:6704;2995:6089
485.1044,1788883350.1592,6,1226.16,26346.01,27572.17,48.0,28930.7,34322.8,0.0,12812.090,939.188,307.597,2969:12;2992:6737;2993:6796;2994:6708;2995:6093
485.2083,1788883350.2631,6,1226.21,26348.21,27574.43,259.8,28942.6,34310.9,0.0,12822.470,939.237,307.597,2969:12;2992:6737;2993:6798;2994:6708;2995:6093
485.3123,1788883350.3671,6,1226.21,26364.01,27590.22,96.1,28944.6,34308.8,0.0,12823.112,939.312,307.597,2969:12;2992:6743;2993:6800;2994:6712;2995:6097
485.4162,1788883350.4710,6,1226.21,26364.33,27590.54,201.9,28953.1,34300.4,0.0,12835.888,939.367,307.597,2969:12;2992:6743;2993:6801;2994:6712;2995:6097
485.5203,1788883350.5751,6,1226.21,26376.33,27602.54,115.3,28950.7,34302.7,0.0,12836.942,939.442,307.597,2969:12;2992:6745;2993:6803;2994:6716;2995:6101
485.6244,1788883350.6792,6,1226.21,26371.89,27598.10,269.3,28950.7,34302.8,0.0,12850.421,939.504,307.597,2969:12;2992:6745;2993:6801;2994:6713;2995:6100
485.7284,1788883350.7832,6,1226.21,26386.62,27612.83,48.0,28950.7,34302.8,0.0,12850.716,939.572,307.597,2969:12;2992:6748;2993:6805;2994:6717;2995:6104
485.8323,1788883350.8871,6,1226.22,26484.59,27710.80,249.6,29029.2,34224.3,0.0,12863.255,939.622,307.597,2969:12;2992:6766;2993:6851;2994:6739;2995:6116
485.9365,1788883350.9913,6,1226.25,26674.71,27900.95,910.4,29156.9,34096.6,0.0,12864.065,939.626,307.597,2969:12;2992:6791;2993:6880;2994:6810;2995:6182
486.0420,1788883351.0969,6,1226.28,26712.42,27938.70,1258.1,29015.6,34237.9,0.0,12864.065,939.626,307.597,2969:12;2992:6774;2993:6899;2994:6719;2995:6308
486.1488,1788883351.2036,6,1226.31,26768.28,27994.59,1137.9,29130.3,34123.2,0.0,12864.066,939.627,307.597,2969:12;2992:6800;2993:6821;2994:6721;2995:6414
486.2540,1788883351.3088,6,1226.39,27304.66,28531.05,1258.8,29549.4,33704.1,0.0,12864.067,939.628,307.597,2969:12;2992:6913;2993:6910;2994:6748;2995:6721
486.3615,1788883351.4163,6,1226.43,27426.11,28652.54,1203.1,29739.8,33513.6,0.0,12864.067,939.628,307.597,2969:12;2992:7029;2993:6871;2994:6742;2995:6772
486.4687,1788883351.5235,6,1226.47,27689.52,28915.99,1244.0,29985.5,33268.0,0.0,12864.069,939.630,307.597,2969:12;2992:7124;2993:6887;2994:6717;2995:6949
486.5748,1788883351.6296,6,1226.50,27669.18,28895.68,1282.6,30237.3,33016.2,0.0,12864.069,939.630,307.597,2969:12;2992:7149;2993:6896;2994:6723;2995:6889
486.6835,1788883351.7383,6,1226.88,27889.50,29116.39,1278.8,30448.9,32804.6,0.0,12864.070,939.630,307.597,2969:12;2992:7249;2993:6876;2994:6655;2995:7097
486.7911,1788883351.8459,6,1226.89,27865.40,29092.29,1168.2,30523.2,32730.3,0.0,12864.070,939.630,307.597,2969:12;2992:7311;2993:6917;2994:6659;2995:6966
486.8991,1788883351.9539,6,1226.90,28028.20,29255.09,1134.4,30672.2,32581.3,0.0,12864.070,939.630,307.597,2969:12;2992:7278;2993:6871;2994:6712;2995:7155
487.0074,1788883352.0622,6,1226.92,28117.19,29344.11,1078.2,30870.3,32383.1,0.0,12864.070,939.630,307.597,2969:12;2992:7287;2993:6849;2994:6721;2995:7248
487.1140,1788883352.1688,6,1226.94,27938.34,29165.29,1059.3,30815.4,32438.1,0.0,12864.070,939.631,307.597,2969:12;2992:7396;2993:6794;2994:6700;2995:7035
487.2207,1788883352.2756,6,1227.05,28053.67,29280.72,1207.1,31077.7,32175.8,0.0,12864.072,939.632,307.597,2969:12;2992:7433;2993:6796;2994:6719;2995:7093
487.3288,1788883352.3836,6,1227.18,27748.92,28976.09,1097.4,31097.6,32155.8,0.0,12864.072,939.632,307.597,2969:12;2992:7309;2993:6779;2994:6729;2995:6919
487.4342,1788883352.4890,6,1227.20,28130.41,29357.61,1160.9,31359.1,31894.4,0.0,12864.073,939.633,307.597,2969:12;2992:7337;2993:6780;2994:6766;2995:7235
487.5401,1788883352.5949,6,1227.22,28434.17,29661.39,1425.2,31626.4,31627.1,0.0,12864.073,939.633,307.597,2969:12;2992:7367;2993:6929;2994:6853;2995:7273
487.6487,1788883352.7035,6,1227.25,28464.67,29691.92,1317.9,31685.1,31568.3,0.0,12864.073,939.633,307.597,2969:12;2992:7388;2993:6944;2994:6880;2995:7241
487.7534,1788883352.8082,6,1227.29,28742.70,29969.99,1210.5,32003.2,31250.3,0.0,12864.073,939.633,307.597,2969:12;2992:7724;2993:6862;2994:6950;2995:7194
487.8635,1788883352.9183,6,1227.31,29041.16,30268.48,1451.2,32317.4,30936.1,0.0,12864.073,939.633,307.597,2969:12;2992:7828;2993:6982;2994:7049;2995:7170
487.9730,1788883353.0279,6,1227.34,28707.40,29934.73,1253.1,32394.8,30858.7,0.0,12864.073,939.633,307.597,2969:12;2992:7734;2993:6833;2994:7018;2995:7109
488.0831,1788883353.1379,6,1227.37,28801.55,30028.93,1314.1,32451.3,30802.2,0.0,12864.073,939.633,307.597,2969:12;2992:7680;2993:6986;2994:6903;2995:7220
488.1951,1788883353.2499,6,1227.48,28970.88,30198.36,1318.7,32463.9,30789.6,0.0,12864.073,939.633,307.597,2969:12;2992:7761;2993:7015;2994:6926;2995:7256
488.3013,1788883353.3561,6,1227.50,29020.50,30248.00,1401.5,32460.8,30792.7,0.0,12864.073,939.633,307.597,2969:12;2992:8045;2993:7048;2994:6663;2995:7252
488.4125,1788883353.4674,6,1227.59,29103.89,30331.48,1417.0,32560.4,30693.0,0.0,12864.073,939.633,307.597,2969:12;2992:8012;2993:6946;2994:6742;2995:7392
488.5220,1788883353.5768,6,1227.61,29091.26,30318.87,1303.9,32665.6,30587.9,0.0,12864.073,939.633,307.597,2969:12;2992:7838;2993:7023;2994:6859;2995:7359
488.6285,1788883353.6833,6,1227.67,28585.14,29812.81,1336.9,32357.5,30896.0,0.0,12864.073,939.633,307.597,2969:12;2992:7668;2993:7134;2994:6758;2995:7013
488.7347,1788883353.7895,6,1227.69,29312.38,30540.07,1417.1,32515.3,30738.2,0.0,12864.074,939.634,307.597,2969:12;2992:7800;2993:7262;2994:6847;2995:7391
488.8458,1788883353.9006,6,1227.71,29269.74,30497.45,1407.9,32731.1,30522.4,0.0,12864.076,939.635,307.597,2969:12;2992:7704;2993:7236;2994:6797;2995:7520
488.9528,1788883354.0076,6,1227.72,29773.99,31001.71,1380.4,33325.6,29927.9,0.0,12864.076,939.635,307.597,2969:12;2992:8044;2993:7202;2994:6979;2995:7537
489.0626,1788883354.1174,6,1227.73,29707.28,30935.01,1387.8,33161.7,30091.8,0.0,12864.076,939.635,307.597,2969:12;2992:8034;2993:7135;2994:6992;2995:7534
489.1817,1788883354.2366,6,1227.74,30195.64,31423.38,1314.1,33499.9,29753.6,0.0,12864.076,939.635,307.597,2969:12;2992:8149;2993:7428;2994:7032;2995:7575
489.2890,1788883354.3439,6,1227.79,29725.97,30953.76,1291.4,33200.9,30052.5,0.0,12864.076,939.635,307.597,2969:12;2992:7800;2993:7236;2994:6993;2995:7686
489.3961,1788883354.4509,6,1227.94,30115.86,31343.79,1414.5,33819.3,29434.2,0.0,12864.076,939.635,307.597,2969:12;2992:8009;2993:7393;2994:7053;2995:7649
489.5087,1788883354.5635,6,1227.96,30123.91,31351.86,1527.2,33751.6,29501.8,0.0,12864.076,939.635,307.597,2969:12;2992:8037;2993:7434;2994:6936;2995:7705
489.6209,1788883354.6758,6,1227.99,29622.90,30850.89,1356.0,33795.6,29457.9,0.0,12864.076,939.635,307.597,2969:12;2992:7900;2993:7268;2994:6766;2995:7677
489.7261,1788883354.7809,6,1228.01,29288.25,30516.26,1288.7,33601.3,29652.1,0.0,12864.076,939.635,307.597,2969:12;2992:7828;2993:7274;2994:6616;2995:7558
489.8352,1788883354.8900,6,1228.10,28721.92,29950.02,1180.9,33217.8,30035.7,0.0,12864.077,939.635,307.597,2969:12;2992:7597;2993:7148;2994:6402;2995:7562
489.9421,1788883354.9969,6,1228.17,28775.73,30003.90,1365.1,33302.2,29951.2,0.0,12864.078,939.636,307.597,2969:12;2992:7449;2993:7249;2994:6412;2995:7653
490.0503,1788883355.1051,6,1228.20,28858.65,30086.85,1406.8,33318.1,29935.4,0.0,12864.080,939.637,307.597,2969:12;2992:7344;2993:7252;2994:6434;2995:7816
490.1560,1788883355.2108,6,1228.22,28719.62,29947.84,1247.9,33321.2,29932.2,0.0,12864.080,939.638,307.597,2969:12;2992:7151;2993:7141;2994:6544;2995:7871
490.2610,1788883355.3159,6,1228.26,28819.27,30047.54,1141.6,33768.9,29484.5,0.0,12864.080,939.638,307.597,2969:12;2992:7242;2993:7216;2994:6472;2995:7877
490.3679,1788883355.4227,6,1228.27,29223.75,30452.02,1322.7,33994.8,29258.7,0.0,12864.080,939.638,307.597,2969:12;2992:7411;2993:7039;2994:6597;2995:8165
490.4730,1788883355.5279,6,1228.29,29526.66,30754.95,1373.8,34236.5,29016.9,0.0,12864.081,939.638,307.597,2969:12;2992:7424;2993:7266;2994:6608;2995:8217
490.5806,1788883355.6355,6,1228.32,29244.54,30472.86,1312.5,34532.4,28721.1,0.0,12864.081,939.638,307.597,2969:12;2992:7674;2993:7239;2994:6480;2995:7838
490.6856,1788883355.7404,6,1228.34,29272.15,30500.49,1344.8,34593.5,28660.0,0.0,12864.081,939.638,307.597,2969:12;2992:7569;2993:7242;2994:6489;2995:7960
490.7953,1788883355.8501,6,1228.39,29402.43,30630.82,1159.1,34779.0,28474.5,0.0,12864.081,939.638,307.597,2969:12;2992:7842;2993:7086;2994:6517;2995:7946
490.9017,1788883355.9565,6,1228.42,29336.70,30565.12,1401.7,34821.1,28432.4,0.0,12864.081,939.638,307.597,2969:12;2992:7728;2993:7203;2994:6535;2995:7859
491.0090,1788883356.0639,6,1228.44,29074.76,30303.20,1176.2,34650.6,28602.9,0.0,12864.081,939.638,307.597,2969:12;2992:7740;2993:7086;2994:6529;2995:7708
491.1169,1788883356.1717,6,1228.48,28951.39,30179.86,1107.9,34772.1,28481.4,0.0,12864.081,939.638,307.597,2969:12;2992:7646;2993:7152;2994:6488;2995:7652
491.2240,1788883356.2788,6,1228.59,29037.60,30266.20,1136.1,34256.6,28996.9,0.0,12864.081,939.638,307.597,2969:12;2992:7909;2993:7043;2994:6498;2995:7576
491.3304,1788883356.3853,6,1228.61,30039.48,31268.09,1155.1,34783.5,28470.0,0.0,12864.081,939.638,307.597,2969:12;2992:8266;2993:7448;2994:6518;2995:7795
491.4362,1788883356.4910,6,1228.62,29276.79,30505.41,1253.8,34481.5,28772.0,0.0,12864.081,939.638,307.597,2969:12;2992:8037;2993:7115;2994:6480;2995:7632
491.5411,1788883356.5959,6,1228.78,28871.17,30099.95,1354.5,34412.8,28840.6,0.0,12864.081,939.638,307.597,2969:12;2992:7751;2993:7247;2994:6472;2995:7389
491.6515,1788883356.7063,6,1228.80,28692.06,29920.87,1376.8,34167.1,29086.4,0.0,12864.081,939.638,307.597,2969:12;2992:7421;2993:7382;2994:6573;2995:7304
491.7574,1788883356.8123,6,1228.83,28439.38,29668.21,1373.8,34099.8,29153.7,0.0,12864.081,939.638,307.597,2969:12;2992:7525;2993:7262;2994:6553;2995:7087
491.8659,1788883356.9207,6,1228.84,28161.85,29390.69,1347.8,33811.8,29441.6,0.0,12864.085,939.641,307.597,2969:12;2992:7509;2993:7222;2994:6582;2995:6837
491.9724,1788883357.0273,6,1228.85,27959.86,29188.71,1175.1,33896.8,29356.7,0.0,12864.085,939.641,307.597,2969:12;2992:7509;2993:7070;2994:6618;2995:6750
492.0777,1788883357.1325,6,1228.88,28443.49,29672.36,1365.6,33902.0,29351.5,0.0,12864.085,939.641,307.597,2969:12;2992:7552;2993:7368;2994:6634;2995:6877
492.1821,1788883357.2369,6,1229.00,28714.00,29943.01,1178.9,34104.2,29149.3,0.0,12864.086,939.642,307.597,2969:12;2992:7737;2993:7232;2994:6693;2995:7040
492.2918,1788883357.3466,6,1229.11,28746.48,29975.59,1345.4,34154.7,29098.7,0.0,12864.086,939.642,307.597,2969:12;2992:7592;2993:7467;2994:6736;2995:6939
492.3978,1788883357.4527,6,1229.13,28414.17,29643.30,1215.1,33869.6,29383.8,0.0,12864.086,939.642,307.597,2969:12;2992:7637;2993:7555;2994:6601;2995:6608
492.5043,1788883357.5591,6,1229.14,28662.32,29891.46,1143.6,33987.6,29265.9,0.0,12864.086,939.642,307.597,2969:12;2992:7737;2993:7464;2994:6783;2995:6666
492.6089,1788883357.6637,6,1229.20,28443.54,29672.73,1016.2,34010.1,29243.3,0.0,12864.086,939.642,307.597,2969:12;2992:7716;2993:7401;2994:6649;2995:6665
492.7147,1788883357.7695,6,1229.24,28828.89,30058.13,1068.0,34174.6,29078.9,0.0,12864.086,939.642,307.597,2969:12;2992:7901;2993:7566;2994:6663;2995:6686
492.8209,1788883357.8757,6,1229.35,28610.52,29839.86,1155.7,34505.0,28748.5,0.0,12864.086,939.642,307.597,2969:12;2992:7758;2993:7667;2994:6663;2995:6510
492.9291,1788883357.9839,6,1229.50,28899.03,30128.54,1264.4,34554.7,28698.8,0.0,12864.086,939.642,307.597,2969:12;2992:7778;2993:7662;2994:6699;2995:6748
493.0368,1788883358.0916,6,1229.51,29151.98,30381.49,1319.9,34472.8,28780.6,0.0,12864.086,939.642,307.597,2969:12;2992:7967;2993:7706;2994:6714;2995:6753
493.1427,1788883358.1975,6,1229.57,29219.30,30448.88,1342.1,34730.9,28522.6,0.0,12864.086,939.642,307.597,2969:12;2992:8078;2993:7708;2994:6744;2995:6677
493.2494,1788883358.3042,6,1229.71,29086.70,30316.41,1288.8,34563.4,28690.1,0.0,12864.086,939.642,307.597,2969:12;2992:8143;2993:7601;2994:6752;2995:6578
493.3565,1788883358.4113,6,1229.75,29225.01,30454.76,1033.6,34588.2,28665.2,0.0,12864.086,939.642,307.597,2969:12;2992:8261;2993:7615;2994:6749;2995:6587
493.4616,1788883358.5164,6,1229.80,28929.84,30159.64,737.1,34430.8,28822.7,0.0,12864.086,939.642,307.597,2969:12;2992:8072;2993:7580;2994:6714;2995:6551
493.5677,1788883358.6226,6,1229.88,28760.96,29990.84,1086.5,34577.9,28675.6,0.0,12864.086,939.642,307.597,2969:12;2992:8112;2993:7340;2994:6725;2995:6571
493.6734,1788883358.7283,6,1229.90,29306.19,30536.09,1082.7,34288.6,28964.9,0.0,12864.086,939.642,307.597,2969:12;2992:8305;2993:7643;2994:6758;2995:6587
493.7788,1788883358.8336,6,1230.02,29239.19,30469.21,1154.6,34497.8,28755.7,0.0,12864.086,939.642,307.597,2969:12;2992:8196;2993:7634;2994:6769;2995:6628
493.8845,1788883358.9393,6,1230.09,29748.71,30978.80,1355.5,34725.8,28527.7,0.0,12864.086,939.642,307.597,2969:12;2992:8204;2993:7734;2994:6985;2995:6814
493.9916,1788883359.0464,6,1230.11,29440.44,30670.55,1274.7,35117.6,28135.9,0.0,12864.086,939.642,307.597,2969:12;2992:8134;2993:7717;2994:7003;2995:6574
494.0990,1788883359.1538,6,1230.17,29214.54,30444.71,1192.1,34740.0,28513.5,0.0,12864.086,939.642,307.597,2969:12;2992:7983;2993:7852;2994:6769;2995:6598
494.2057,1788883359.2605,6,1230.25,29164.65,30394.90,1157.4,34450.8,28802.7,0.0,12864.086,939.642,307.597,2969:12;2992:7874;2993:7870;2994:6815;2995:6594
494.3127,1788883359.3675,6,1230.29,28894.16,30124.45,847.5,34341.2,28912.3,0.0,12864.086,939.642,307.597,2969:12;2992:7754;2993:7845;2994:6722;2995:6561
494.4174,1788883359.4722,6,1230.32,28670.93,29901.25,1161.9,33999.1,29254.4,0.0,12864.086,939.642,307.597,2969:12;2992:7664;2993:7658;2994:6845;2995:6492
494.5254,1788883359.5802,6,1230.46,28256.05,29486.51,1044.2,33850.0,29403.5,0.0,12864.086,939.642,307.597,2969:12;2992:7402;2993:7638;2994:6791;2995:6413
494.6313,1788883359.6861,6,1230.58,27841.90,29072.48,947.4,33512.4,29741.1,0.0,12864.086,939.642,307.597,2969:12;2992:7045;2993:7544;2994:6747;2995:6494
494.7370,1788883359.7919,6,1230.60,27831.35,29061.95,1111.7,33536.3,29717.2,0.0,12864.086,939.642,307.597,2969:12;2992:6952;2993:7626;2994:6738;2995:6504
494.8422,1788883359.8970,6,1230.66,27614.55,28845.20,777.8,33433.3,29820.1,0.0,12864.086,939.642,307.597,2969:12;2992:6791;2993:7482;2994:6813;2995:6516
494.9475,1788883360.0023,6,1230.77,27313.48,28544.25,838.8,33082.2,30171.3,0.0,12864.086,939.642,307.597,2969:12;2992:6756;2993:7374;2994:6773;2995:6399
495.0538,1788883360.1086,6,1230.82,27447.73,28678.55,1005.8,32875.5,30378.0,0.0,12864.086,939.642,307.597,2969:12;2992:6896;2993:7312;2994:6814;2995:6414
495.1593,1788883360.2141,6,1230.95,26721.09,27952.04,776.7,32344.4,30909.0,0.0,12864.086,939.642,307.597,2969:12;2992:6698;2993:7031;2994:6696;2995:6284
495.2633,1788883360.3181,6,1231.07,26455.12,27686.19,668.7,32024.1,31229.4,0.0,12864.086,939.642,307.597,2969:12;2992:6694;2993:6777;2994:6688;2995:6284
495.3698,1788883360.4247,6,1231.23,26057.11,27288.34,1024.5,31377.5,31876.0,0.0,12864.086,939.642,307.597,2969:12;2992:6628;2993:6540;2994:6645;2995:6232
495.4762,1788883360.5310,6,1231.31,25954.77,27186.08,813.8,31242.3,32011.2,0.0,12864.374,939.683,307.597,2969:12;2992:6595;2993:6515;2994:6634;2995:6199
495.5804,1788883360.6352,6,1231.31,25995.50,27226.82,1081.0,31127.3,32126.2,0.0,12865.049,939.824,307.597,2969:12;2992:6549;2993:6684;2994:6590;2995:6160
495.6860,1788883360.7408,6,1231.40,25464.56,26695.96,637.5,30670.6,32582.9,0.0,12865.505,939.922,307.597,2969:12;2992:6470;2993:6384;2994:6523;2995:6075
495.7928,1788883360.8476,6,1231.40,25433.39,26664.79,419.0,30688.1,32565.3,0.0,12866.077,940.044,307.597,2969:12;2992:6474;2993:6337;2994:6529;2995:6081
495.8975,1788883360.9523,6,1231.40,25846.66,27078.06,518.4,30712.4,32541.1,0.0,12866.723,940.159,307.597,2969:12;2992:6478;2993:6736;2994:6535;2995:6085
496.0036,1788883361.0584,6,1231.40,25788.58,27019.98,403.7,30722.5,32531.0,0.0,12867.303,940.259,307.597,2969:12;2992:6482;2993:6666;2994:6541;2995:6087
496.1077,1788883361.1625,6,1231.40,25998.68,27230.08,355.3,30869.4,32384.1,0.0,12868.557,940.376,307.597,2969:12;2992:6486;2993:6862;2994:6547;2995:6091
496.2117,1788883361.2665,6,1231.43,25917.38,27148.80,461.3,30918.5,32335.0,0.0,12869.156,940.474,307.597,2969:12;2992:6490;2993:6764;2994:6557;2995:6093
496.3158,1788883361.3706,6,1231.43,25880.72,27112.15,397.1,30956.6,32296.9,0.0,12869.583,940.575,307.597,2969:12;2992:6495;2993:6715;2994:6561;2995:6098
496.4216,1788883361.4764,6,1231.43,26029.35,27260.78,374.8,30972.9,32280.5,0.0,12870.289,940.673,307.597,2969:12;2992:6503;2993:6840;2994:6570;2995:6104
496.5256,1788883361.5804,6,1231.43,25976.63,27208.06,249.9,31075.3,32178.1,0.0,12870.677,940.745,307.597,2969:12;2992:6505;2993:6780;2994:6576;2995:6104
496.6296,1788883361.6845,6,1231.44,25917.78,27149.22,240.3,31165.1,32088.3,0.0,12879.929,940.837,307.597,2969:12;2992:6505;2993:6719;2994:6578;2995:6104
496.7337,1788883361.7885,6,1231.44,25925.74,27157.18,154.0,31172.8,32080.7,0.0,12882.529,940.856,307.597,2969:12;2992:6509;2993:6721;2994:6576;2995:6108
496.8377,1788883361.8925,6,1231.44,25931.33,27162.77,38.5,31172.8,32080.7,0.0,12882.583,940.929,307.597,2969:12;2992:6509;2993:6721;2994:6582;2995:6108
496.9415,1788883361.9964,6,1231.44,25933.89,27165.33,269.4,31174.7,32078.7,0.0,12892.399,940.977,307.597,2969:12;2992:6511;2993:6721;2994:6580;2995:6110
497.0455,1788883362.1003,6,1231.44,25943.33,27174.77,67.4,31122.3,32131.2,0.0,12892.714,941.052,307.597,2969:12;2992:6513;2993:6723;2994:6586;2995:6110
497.1493,1788883362.2041,6,1231.44,25953.68,27185.12,115.2,31105.5,32148.0,0.0,12902.444,941.090,307.597,2969:12;2992:6515;2993:6726;2994:6589;2995:6112
497.2534,1788883362.3082,6,1231.47,25961.33,27192.80,211.5,31105.4,32148.1,0.0,12902.759,941.174,307.597,2969:12;2992:6517;2993:6727;2994:6592;2995:6114
497.3574,1788883362.4122,6,1231.47,25966.59,27198.06,151.1,31109.6,32143.8,0.0,12913.054,941.213,307.597,2969:12;2992:6517;2993:6728;2994:6594;2995:6116
497.4635,1788883362.5183,6,1231.47,25977.34,27208.81,153.6,31117.6,32135.8,0.0,12913.369,941.298,307.597,2969:12;2992:6521;2993:6729;2994:6598;2995:6118
497.5674,1788883362.6222,6,1231.47,25984.59,27216.07,105.8,31117.9,32135.6,0.0,12922.835,941.338,307.597,2969:12;2992:6521;2993:6732;2994:6600;2995:6120
497.6714,1788883362.7262,6,1231.48,25994.86,27226.34,198.0,31124.2,32129.3,0.0,12923.365,941.415,307.597,2969:12;2992:6524;2993:6733;2994:6604;2995:6122
497.7777,1788883362.8325,6,1231.48,25999.90,27231.38,228.7,31136.2,32117.3,0.0,12932.694,941.476,307.597,2969:12;2992:6527;2993:6735;2994:6602;2995:6124
497.8823,1788883362.9371,6,1231.48,25999.90,27231.38,0.0,31136.2,32117.3,0.0,12932.791,941.476,307.597,2969:12;2992:6527;2993:6735;2994:6602;2995:6124
497.9880,1788883363.0428,6,1231.48,26009.33,27240.81,76.8,31084.0,32169.5,0.0,12935.008,941.557,307.597,2969:12;2992:6529;2993:6737;2994:6608;2995:6124
498.0919,1788883363.1467,6,1231.48,26017.90,27249.38,221.3,31042.5,32211.0,0.0,12943.185,941.602,307.597,2969:12;2992:6531;2993:6739;2994:6608;2995:6128
498.1958,1788883363.2507,6,1231.53,26027.33,27258.86,86.8,31041.6,32211.9,0.0,12943.499,941.677,307.597,2969:12;2992:6533;2993:6741;2994:6614;2995:6128
498.2997,1788883363.3545,6,1231.53,26032.31,27263.84,221.3,31045.8,32207.6,0.0,12952.016,941.729,307.597,2969:12;2992:6535;2993:6741;2994:6614;2995:6130
498.4037,1788883363.4585,6,1231.53,26034.32,27265.85,19.2,31046.0,32207.5,0.0,12952.219,941.741,307.597,2969:12;2992:6537;2993:6741;2994:6614;2995:6130
498.5075,1788883363.5623,6,1231.53,26042.37,27273.90,86.1,31046.2,32207.3,0.0,12958.693,941.829,307.597,2969:12;2992:6537;2993:6744;2994:6619;2995:6130
498.6123,1788883363.6671,6,1231.53,26040.53,27272.05,169.4,31045.9,32207.6,0.0,12961.874,941.855,307.597,2969:12;2992:6537;2993:6743;2994:6617;2995:6132
498.7186,1788883363.7734,6,1231.53,26053.17,27284.70,76.4,31046.7,32206.8,0.0,12970.186,941.949,307.597,2969:12;2992:6539;2993:6746;2994:6624;2995:6132
498.8230,1788883363.8778,6,1231.55,26472.55,27704.11,849.5,31370.3,31883.2,0.0,12971.927,941.958,307.597,2969:12;2992:6714;2993:6792;2994:6766;2995:6189
498.9353,1788883363.9901,6,1232.16,25986.89,27219.05,1118.5,30498.4,32755.0,0.0,12971.927,941.959,307.597,2969:12;2992:6492;2993:6719;2994:6655;2995:6109
499.0415,1788883364.0963,6,1232.45,25960.07,27192.52,542.9,30392.0,32861.5,0.0,12971.927,941.959,307.597,2969:12;2992:6491;2993:6718;2994:6628;2995:6111
499.1464,1788883364.2012,6,1232.59,25978.64,27211.22,364.6,30407.3,32846.2,0.0,12972.281,942.039,307.597,2969:12;2992:6495;2993:6724;2994:6625;2995:6122
499.2504,1788883364.3052,6,1232.71,25990.02,27222.74,181.1,30415.3,32838.2,0.0,12972.720,942.110,307.597,2969:12;2992:6495;2993:6724;2994:6633;2995:6126
499.3555,1788883364.4103,6,1232.71,26001.96,27234.67,134.4,30427.3,32826.2,0.0,12972.916,942.181,307.597,2969:12;2992:6499;2993:6726;2994:6634;2995:6130
499.4595,1788883364.5143,6,1232.71,26015.96,27248.68,115.2,30431.3,32822.2,0.0,12973.178,942.238,307.597,2969:12;2992:6501;2993:6730;2994:6638;2995:6134
499.5636,1788883364.6184,6,1232.71,26027.97,27260.68,134.6,30439.3,32814.2,0.0,12973.443,942.313,307.597,2969:12;2992:6503;2993:6730;2994:6642;2995:6140
499.6676,1788883364.7224,6,1232.72,26047.41,27280.13,144.2,30447.3,32806.2,0.0,12973.668,942.380,307.597,2969:12;2992:6505;2993:6734;2994:6650;2995:6146
499.7716,1788883364.8264,6,1232.72,26058.10,27290.82,134.7,30451.8,32801.7,0.0,12973.956,942.463,307.597,2969:12;2992:6506;2993:6734;2994:6656;2995:6150
499.8755,1788883364.9303,6,1232.73,26076.30,27309.03,134.5,30467.3,32786.2,0.0,12974.058,942.504,307.597,2969:12;2992:6512;2993:6736;2994:6662;2995:6154
499.9795,1788883365.0343,6,1232.73,26083.90,27316.62,173.0,30436.7,32816.8,0.0,12974.400,942.591,307.597,2969:12;2992:6516;2993:6736;2994:6662;2995:6158
500.0836,1788883365.1384,6,1232.73,26094.89,27327.62,124.9,30374.8,32878.7,0.0,12977.185,942.635,307.597,2969:12;2992:6516;2993:6738;2994:6668;2995:6160
500.1876,1788883365.2424,6,1232.73,26097.01,27329.74,67.4,30376.1,32877.3,0.0,12977.396,942.680,307.597,2969:12;2992:6520;2993:6738;2994:6668;2995:6159
500.2915,1788883365.3463,6,1232.73,26103.43,27336.16,96.1,30380.4,32873.1,0.0,12979.951,942.701,307.597,2969:12;2992:6520;2993:6740;2994:6672;2995:6159
500.3955,1788883365.4503,6,1232.73,26112.45,27345.19,38.4,30384.4,32869.1,0.0,12980.159,942.748,307.597,2969:12;2992:6524;2993:6740;2994:6674;2995:6162
500.4994,1788883365.5542,6,1232.73,26119.01,27351.74,96.1,30388.4,32865.1,0.0,12982.829,942.811,307.597,2969:12;2992:6526;2993:6742;2994:6676;2995:6163
500.6034,1788883365.6582,6,1232.73,26122.38,27355.11,37.9,30392.4,32861.1,0.0,12985.310,942.827,307.597,2969:12;2992:6527;2993:6742;2994:6678;2995:6163
500.7094,1788883365.7642,6,1232.73,26131.00,27363.73,95.9,30400.4,32853.1,0.0,12985.518,942.880,307.597,2969:12;2992:6530;2993:6742;2994:6682;2995:6165
500.8134,1788883365.8682,6,1232.73,26135.43,27368.17,48.1,30404.4,32849.1,0.0,12987.865,942.904,307.597,2969:12;2992:6530;2993:6744;2994:6684;2995:6165
500.9173,1788883365.9721,6,1232.73,26141.01,27373.74,57.7,30404.4,32849.1,0.0,12988.294,942.942,307.597,2969:12;2992:6534;2993:6744;2994:6684;2995:6167
501.0211,1788883366.0760,6,1232.73,26146.99,27379.73,57.6,30332.5,32921.0,0.0,12990.618,942.960,307.597,2969:12;2992:6534;2993:6746;2994:6688;2995:6167
501.1251,1788883366.1799,6,1232.73,26153.00,27385.73,57.8,30328.2,32925.3,0.0,12990.798,943.002,307.597,2969:12;2992:6536;2993:6746;2994:6690;2995:6169
501.2290,1788883366.2838,6,1232.76,26161.45,27394.20,123.8,30322.9,32930.6,0.0,12993.333,943.062,307.597,2969:12;2992:6538;2993:6748;2994:6692;2995:6171
501.3339,1788883366.3887,6,1232.76,26166.99,27399.75,48.0,30330.8,32922.7,0.0,12995.639,943.086,307.597,2969:12;2992:6540;2993:6748;2994:6696;2995:6171
501.4384,1788883366.4932,6,1232.76,26173.01,27405.77,66.5,30331.0,32922.5,0.0,12996.088,943.137,307.597,2969:12;2992:6544;2993:6748;2994:6696;2995:6173
501.5433,1788883366.5981,6,1232.76,26174.60,27407.36,57.7,30335.0,32918.5,0.0,12998.397,943.161,307.597,2969:12;2992:6543;2993:6750;2994:6698;2995:6171
501.6472,1788883366.7020,6,1232.76,26299.87,27532.63,144.0,30430.1,32823.4,0.0,12999.948,943.206,307.597,2969:12;2992:6545;2993:6750;2994:6771;2995:6222
501.7513,1788883366.8061,6,1232.99,26206.54,27439.53,898.2,30165.6,33087.9,0.0,13001.522,943.214,307.597,2969:12;2992:6564;2993:6746;2994:6687;2995:6197
501.8571,1788883366.9119,6,1233.44,26130.57,27364.01,735.6,30115.1,33138.4,0.0,13001.522,943.214,307.597,2969:12;2992:6514;2993:6743;2994:6672;2995:6189
501.9618,1788883367.0166,6,1233.67,26145.63,27379.30,470.4,30128.2,33125.3,0.0,13002.083,943.300,307.597,2969:12;2992:6524;2993:6749;2994:6661;2995:6199
502.0659,1788883367.1207,6,1233.67,26165.90,27399.57,399.8,30088.5,33165.0,0.0,13002.564,943.394,307.597,2969:12;2992:6532;2993:6755;2994:6665;2995:6202
502.1710,1788883367.2258,6,1233.76,26183.02,27416.78,295.8,30094.8,33158.7,0.0,13003.365,943.514,307.597,2969:12;2992:6538;2993:6758;2994:6669;2995:6206
502.2761,1788883367.3309,6,1233.76,26205.16,27438.92,315.1,30107.2,33146.2,0.0,13004.149,943.626,307.597,2969:12;2992:6546;2993:6762;2994:6673;2995:6212
502.3808,1788883367.4356,6,1233.76,26228.00,27461.76,316.4,30115.2,33138.2,0.0,13004.906,943.740,307.597,2969:12;2992:6554;2993:6767;2994:6677;2995:6217
502.4847,1788883367.5396,6,1233.76,26244.58,27478.34,288.4,30127.5,33126.0,0.0,13006.174,943.840,307.597,2969:12;2992:6560;2993:6769;2994:6683;2995:6220
502.5888,1788883367.6436,6,1233.76,26264.43,27498.19,346.1,30139.5,33114.0,0.0,13006.889,943.951,307.597,2969:12;2992:6566;2993:6775;2994:6685;2995:6225
502.6928,1788883367.7476,6,1233.76,26274.32,27508.09,221.1,30139.5,33114.0,0.0,13007.605,944.061,307.597,2969:12;2992:6570;2993:6777;2994:6685;2995:6229
502.7967,1788883367.8516,6,1233.77,26295.10,27528.87,240.1,30151.2,33102.2,0.0,13008.259,944.094,307.597,2969:12;2992:6576;2993:6782;2994:6694;2995:6231
502.9008,1788883367.9556,6,1233.77,26305.44,27539.21,134.6,30151.7,33101.7,0.0,13016.868,944.206,307.597,2969:12;2992:6578;2993:6784;2994:6697;2995:6235
503.0048,1788883368.0596,6,1233.77,26312.61,27546.38,278.8,30135.5,33118.0,0.0,13020.897,944.236,307.597,2969:12;2992:6580;2993:6786;2994:6700;2995:6235
503.1088,1788883368.1636,6,1233.77,26325.76,27559.52,105.7,30083.9,33169.6,0.0,13027.809,944.328,307.597,2969:12;2992:6582;2993:6787;2994:6704;2995:6240
503.2128,1788883368.2676,6,1233.77,26333.93,27567.70,230.8,30090.0,33163.5,0.0,13033.686,944.421,307.597,2969:12;2992:6586;2993:6791;2994:6704;2995:6241
503.3168,1788883368.3716,6,1233.77,26342.45,27576.22,134.2,30096.7,33156.8,0.0,13046.367,944.471,307.597,2969:12;2992:6588;2993:6792;2994:6706;2995:6245
503.4212,1788883368.4760,6,1233.77,26354.47,27588.24,259.5,30102.9,33150.5,0.0,13052.548,944.565,307.597,2969:12;2992:6588;2993:6795;2994:6712;2995:6247
503.5252,1788883368.5801,6,1233.77,26364.08,27597.85,221.2,30123.2,33130.3,0.0,13061.280,944.638,307.597,2969:12;2992:6594;2993:6797;2994:6714;2995:6247
503.6293,1788883368.6841,6,1233.77,26372.04,27605.80,134.4,30127.2,33126.3,0.0,13068.695,944.699,307.597,2969:12;2992:6594;2993:6798;2994:6718;2995:6251
503.7335,1788883368.7883,6,1233.77,26385.94,27619.71,249.0,30131.2,33122.3,0.0,13076.327,944.805,307.597,2969:12;2992:6598;2993:6801;2994:6720;2995:6255
503.8379,1788883368.8927,6,1233.77,26387.46,27621.23,124.8,30131.2,33122.3,0.0,13086.480,944.847,307.597,2969:12;2992:6598;2993:6802;2994:6720;2995:6256
503.9419,1788883368.9967,6,1233.77,26402.04,27635.81,240.3,30143.5,33110.0,0.0,13091.751,944.938,307.597,2969:12;2992:6602;2993:6806;2994:6724;2995:6259
504.0459,1788883369.1007,6,1233.77,26410.14,27643.91,192.2,30064.6,33188.9,0.0,13100.003,945.004,307.597,2969:12;2992:6604;2993:6810;2994:6726;2995:6259
504.1500,1788883369.2048,6,1233.77,26418.04,27651.81,105.7,30064.3,33189.2,0.0,13104.154,945.044,307.597,2969:12;2992:6606;2993:6810;2994:6730;2995:6261
504.2540,1788883369.3088,6,1233.83,26428.43,27662.26,288.4,30070.8,33182.7,0.0,13116.466,945.154,307.597,2969:12;2992:6608;2993:6812;2994:6732;2995:6265
504.3580,1788883369.4128,6,1233.83,26433.00,27666.83,163.5,30074.8,33178.7,0.0,13122.603,945.196,307.597,2969:12;2992:6608;2993:6811;2994:6735;2995:6267
504.4620,1788883369.5168,6,1233.83,26515.05,27748.89,230.4,30114.8,33138.7,0.0,13129.703,945.284,307.597,2969:12;2992:6610;2993:6817;2994:6808;2995:6268
504.5662,1788883369.6210,6,1233.91,26734.09,27968.00,976.9,30089.3,33164.2,0.0,13136.182,945.299,307.597,2969:12;2992:6710;2993:6906;2994:6802;2995:6304
504.6718,1788883369.7266,6,1234.35,26549.62,27783.96,1311.1,29738.6,33514.9,0.0,13136.182,945.299,307.597,2969:12;2992:6617;2993:6824;2994:6776;2995:6321
504.7779,1788883369.8327,6,1234.96,26522.82,27757.78,1049.2,29514.8,33738.7,0.0,13136.183,945.299,307.597,2969:12;2992:6622;2993:6823;2994:6785;2995:6281
504.8837,1788883369.9385,6,1235.50,26488.77,27724.26,975.3,29541.8,33711.7,0.0,13136.183,945.299,307.597,2969:12;2992:6616;2993:6820;2994:6764;2995:6276
504.9893,1788883370.0441,6,1235.86,26475.31,27711.17,725.4,29546.9,33706.6,0.0,13136.183,945.299,307.597,2969:12;2992:6603;2993:6812;2994:6779;2995:6269
505.0954,1788883370.1502,6,1236.32,26412.08,27648.39,582.9,29546.4,33707.1,0.0,13136.183,945.299,307.597,2969:12;2992:6595;2993:6807;2994:6729;2995:6269
505.2000,1788883370.2548,6,1236.73,26398.62,27635.35,517.4,29544.8,33708.6,0.0,13136.183,945.299,307.597,2969:12;2992:6593;2993:6804;2994:6721;2995:6268
505.3063,1788883370.3611,6,1236.86,26382.61,27619.47,451.4,29550.3,33703.2,0.0,13136.405,945.356,307.597,2969:12;2992:6585;2993:6802;2994:6717;2995:6266
505.4103,1788883370.4651,6,1236.86,26395.55,27632.41,144.3,29554.5,33699.0,0.0,13136.761,945.422,307.597,2969:12;2992:6587;2993:6806;2994:6721;2995:6268
505.5143,1788883370.5691,6,1236.86,26411.05,27647.91,192.5,29570.8,33682.7,0.0,13137.105,945.510,307.597,2969:12;2992:6589;2993:6814;2994:6727;2995:6268
505.6181,1788883370.6729,6,1236.86,26432.61,27669.48,134.7,29582.8,33670.7,0.0,13137.489,945.589,307.597,2969:12;2992:6593;2993:6820;2994:6735;2995:6272
505.7221,1788883370.7769,6,1236.86,26442.89,27679.75,173.2,29594.8,33658.7,0.0,13137.970,945.678,307.597,2969:12;2992:6595;2993:6826;2994:6737;2995:6272
505.8261,1788883370.8809,6,1236.86,26462.45,27699.31,173.2,29610.8,33642.7,0.0,13138.270,945.756,307.597,2969:12;2992:6597;2993:6832;2994:6745;2995:6276
505.9300,1788883370.9848,6,1236.86,26471.80,27708.67,173.4,29610.7,33642.7,0.0,13138.655,945.835,307.597,2969:12;2992:6599;2993:6835;2994:6747;2995:6278
506.0338,1788883371.0886,6,1236.87,26491.48,27728.34,153.8,29580.6,33672.9,0.0,13138.855,945.879,307.597,2969:12;2992:6604;2993:6839;2994:6757;2995:6279
506.1379,1788883371.1927,6,1236.87,26499.88,27736.75,192.2,29580.9,33672.6,0.0,13141.453,945.962,307.597,2969:12;2992:6607;2993:6841;2994:6759;2995:6281
506.2420,1788883371.2968,6,1236.96,26504.31,27741.27,48.0,29588.9,33664.5,0.0,13141.881,945.969,307.597,2969:12;2992:6607;2993:6841;2994:6763;2995:6281
506.3459,1788883371.4007,6,1236.96,26509.88,27746.84,57.6,29596.9,33656.5,0.0,13142.105,946.020,307.597,2969:12;2992:6609;2993:6843;2994:6763;2995:6283
506.4498,1788883371.5046,6,1236.96,26517.88,27754.84,96.1,29597.2,33656.3,0.0,13144.994,946.082,307.597,2969:12;2992:6609;2993:6843;2994:6769;2995:6285
506.5539,1788883371.6087,6,1236.96,26521.88,27758.84,48.0,29597.2,33656.3,0.0,13147.621,946.096,307.597,2969:12;2992:6611;2993:6845;2994:6769;2995:6285
506.6578,1788883371.7126,6,1236.96,26527.88,27764.84,76.9,29601.2,33652.3,0.0,13149.510,946.154,307.597,2969:12;2992:6611;2993:6847;2994:6773;2995:6285
506.7617,1788883371.8166,6,1236.96,26536.31,27773.28,77.1,29613.4,33640.0,0.0,13150.385,946.181,307.597,2969:12;2992:6613;2993:6847;2994:6779;2995:6285
506.8656,1788883371.9204,6,1236.96,26539.88,27776.84,48.1,29613.4,33640.0,0.0,13152.586,946.221,307.597,2969:12;2992:6613;2993:6849;2994:6779;2995:6287
506.9695,1788883372.0243,6,1236.96,26547.88,27784.84,67.3,29613.4,33640.0,0.0,13153.113,946.269,307.597,2969:12;2992:6615;2993:6849;2994:6785;2995:6287
507.0736,1788883372.1284,6,1236.96,26558.31,27795.28,96.2,29543.4,33710.1,0.0,13154.721,946.287,307.597,2969:12;2992:6617;2993:6851;2994:6791;2995:6287
507.1776,1788883372.2324,6,1236.97,26565.88,27802.85,105.7,29539.7,33713.8,0.0,13156.916,946.350,307.597,2969:12;2992:6619;2993:6853;2994:6791;2995:6291
507.2815,1788883372.3364,6,1236.97,26567.88,27804.85,67.4,29540.9,33712.6,0.0,13159.373,946.379,307.597,2969:12;2992:6619;2993:6853;2994:6793;2995:6291
507.3855,1788883372.4403,6,1236.97,26575.88,27812.85,57.6,29548.9,33704.6,0.0,13159.794,946.432,307.597,2969:12;2992:6621;2993:6855;2994:6795;2995:6293
507.4894,1788883372.5442,6,1236.97,26583.05,27820.02,134.5,29556.9,33696.6,0.0,13164.875,946.489,307.597,2969:12;2992:6621;2993:6855;2994:6802;2995:6293
507.5934,1788883372.6482,6,1236.97,26586.47,27823.45,86.6,29556.9,33696.6,0.0,13165.804,946.536,307.597,2969:12;2992:6622;2993:6855;2994:6803;2995:6294
507.6974,1788883372.7522,6,1236.97,26695.15,27932.12,124.8,29627.1,33626.3,0.0,13166.009,946.545,307.597,2969:12;2992:6648;2993:6938;2994:6803;2995:6294
507.8017,1788883372.8565,6,1237.18,26679.73,27916.91,813.4,29553.3,33700.1,0.0,13168.419,946.553,307.597,2969:12;2992:6612;2993:6834;2994:6882;2995:6339
507.9075,1788883372.9623,6,1237.51,26577.66,27815.17,757.5,29410.5,33843.0,0.0,13168.663,946.614,307.597,2969:12;2992:6619;2993:6836;2994:6825;2995:6286
508.0116,1788883373.0664,6,1237.63,26516.13,27753.76,499.9,29313.2,33940.2,0.0,13168.996,946.698,307.597,2969:12;2992:6622;2993:6819;2994:6778;2995:6285
508.1156,1788883373.1704,6,1237.63,26535.70,27773.32,144.1,29314.6,33938.9,0.0,13169.477,946.784,307.597,2969:12;2992:6628;2993:6821;2994:6782;2995:6293
508.2196,1788883373.2744,6,1237.63,26551.70,27789.33,192.2,29321.4,33932.0,0.0,13169.966,946.874,307.597,2969:12;2992:6634;2993:6825;2994:6784;2995:6297
508.3236,1788883373.3784,6,1237.63,26565.70,27803.33,154.1,29321.9,33931.5,0.0,13170.366,946.947,307.597,2969:12;2992:6638;2993:6827;2994:6786;2995:6303
508.4275,1788883373.4823,6,1237.63,26583.70,27821.33,192.5,29334.2,33919.3,0.0,13170.716,947.021,307.597,2969:12;2992:6642;2993:6831;2994:6788;2995:6311
508.5314,1788883373.5862,6,1237.63,26590.73,27828.36,144.5,29339.2,33914.3,0.0,13171.127,947.086,307.597,2969:12;2992:6643;2993:6832;2994:6792;2995:6312
508.6353,1788883373.6901,6,1237.63,26612.33,27849.96,86.6,29348.9,33904.6,0.0,13171.284,947.130,307.597,2969:12;2992:6649;2993:6836;2994:6797;2995:6319
508.7393,1788883373.7941,6,1237.64,26619.92,27857.55,163.5,29348.6,33904.8,0.0,13171.588,947.207,307.597,2969:12;2992:6650;2993:6838;2994:6799;2995:6321
508.8432,1788883373.8980,6,1237.64,26624.25,27861.89,122.7,29349.1,33904.3,0.0,13174.521,947.249,307.597,2969:12;2992:6650;2993:6840;2994:6799;2995:6324
508.9494,1788883374.0042,6,1237.64,26632.93,27870.57,84.9,29357.4,33896.1,0.0,13177.002,947.308,307.597,2969:12;2992:6651;2993:6840;2994:6801;2995:6329
509.0549,1788883374.1098,6,1237.64,26641.17,27878.81,86.6,29336.0,33917.4,0.0,13180.339,947.357,307.597,2969:12;2992:6653;2993:6842;2994:6803;2995:6331
509.1589,1788883374.2137,6,1237.64,26647.17,27884.81,77.0,29340.2,33913.3,0.0,13181.050,947.408,307.597,2969:12;2992:6657;2993:6842;2994:6803;2995:6333
509.2628,1788883374.3176,6,1237.64,26649.60,27887.25,48.1,29344.2,33909.3,0.0,13183.715,947.423,307.597,2969:12;2992:6656;2993:6844;2994:6805;2995:6333
509.3667,1788883374.4215,6,1237.64,26663.17,27900.81,86.6,29352.2,33901.3,0.0,13183.922,947.478,307.597,2969:12;2992:6661;2993:6846;2994:6807;2995:6337
509.4706,1788883374.5254,6,1237.64,26669.17,27906.81,75.8,29356.2,33897.3,0.0,13186.610,947.529,307.597,2969:12;2992:6663;2993:6846;2994:6807;2995:6341
509.5761,1788883374.6310,6,1237.64,26673.17,27910.81,28.8,29360.2,33893.3,0.0,13186.626,947.533,307.597,2969:12;2992:6663;2993:6848;2994:6809;2995:6341
509.6800,1788883374.7348,6,1237.64,26679.17,27916.81,86.6,29364.2,33889.3,0.0,13187.868,947.576,307.597,2969:12;2992:6663;2993:6848;2994:6811;2995:6345
509.7839,1788883374.8387,6,1237.64,26685.54,27923.18,48.1,29368.2,33885.3,0.0,13190.515,947.601,307.597,2969:12;2992:6668;2993:6850;2994:6811;2995:6345
509.8876,1788883374.9425,6,1237.64,26693.60,27931.25,125.0,29376.2,33877.3,0.0,13192.774,947.661,307.597,2969:12;2992:6668;2993:6852;2994:6813;2995:6349
509.9916,1788883375.0464,6,1237.64,26704.18,27941.83,115.3,29376.7,33876.8,0.0,13195.414,947.732,307.597,2969:12;2992:6673;2993:6852;2994:6814;2995:6353
510.0957,1788883375.1505,6,1237.64,26704.18,27941.83,9.6,29340.0,33913.5,0.0,13195.914,947.748,307.597,2969:12;2992:6673;2993:6852;2994:6814;2995:6353
510.1995,1788883375.2543,6,1237.67,26840.41,28078.07,220.8,29440.2,33813.2,0.0,13198.123,947.790,307.597,2969:12;2992:6675;2993:6936;2994:6864;2995:6354
510.3037,1788883375.3585,6,1237.69,26874.45,28112.14,930.2,29405.2,33848.3,0.0,13199.451,947.795,307.597,2969:12;2992:6675;2993:6897;2994:6927;2995:6364
510.4080,1788883375.4628,6,1237.71,27230.16,28467.87,1088.0,29737.8,33515.7,0.0,13200.664,947.798,307.597,2969:12;2992:6691;2993:6920;2994:7066;2995:6540
510.5142,1788883375.5690,6,1237.77,27498.47,28736.23,1291.2,30030.1,33223.4,0.0,13200.664,947.798,307.597,2969:12;2992:6774;2993:7019;2994:7246;2995:6447
510.6199,1788883375.6747,6,1237.79,27803.05,29040.84,1260.6,30425.1,32828.4,0.0,13200.664,947.798,307.597,2969:12;2992:6820;2993:7038;2994:7448;2995:6484
510.7262,1788883375.7811,6,1237.80,28014.27,29252.06,962.9,30588.9,32664.6,0.0,13200.664,947.798,307.597,2969:12;2992:6872;2993:7036;2994:7629;2995:6465
510.8308,1788883375.8856,6,1237.83,28093.40,29331.23,1029.3,30789.4,32464.1,0.0,13200.664,947.798,307.597,2969:12;2992:6907;2993:7030;2994:7650;2995:6495
510.9358,1788883375.9906,6,1238.21,28098.07,29336.29,1102.5,30891.0,32362.5,0.0,13200.664,947.798,307.597,2969:12;2992:6854;2993:6963;2994:7757;2995:6512
511.0422,1788883376.0970,6,1238.24,28136.08,29374.32,1076.4,30895.2,32358.3,0.0,13200.664,947.798,307.597,2969:12;2992:6903;2993:6977;2994:7682;2995:6562
511.1471,1788883376.2020,6,1238.27,28168.67,29406.93,1044.2,30940.0,32313.5,0.0,13200.664,947.798,307.597,2969:12;2992:6915;2993:7004;2994:7544;2995:6694
511.2534,1788883376.3082,6,1238.45,28327.46,29565.90,1005.4,31037.8,32215.7,0.0,13200.664,947.798,307.597,2969:12;2992:6945;2993:7128;2994:7492;2995:6750
511.3598,1788883376.4146,6,1238.48,28608.52,29847.00,1216.4,31324.7,31928.7,0.0,13200.664,947.798,307.597,2969:12;2992:6972;2993:7362;2994:7377;2995:6885
511.4648,1788883376.5196,6,1238.52,28321.53,29560.04,1046.0,31318.2,31935.2,0.0,13200.664,947.798,307.597,2969:12;2992:7017;2993:7220;2994:7139;2995:6933
511.5733,1788883376.6281,6,1238.57,28701.25,29939.82,1223.7,31705.1,31548.4,0.0,13200.664,947.798,307.597,2969:12;2992:7017;2993:7080;2994:7532;2995:7060
511.6801,1788883376.7350,6,1238.59,28840.52,30079.11,1200.7,31901.2,31352.3,0.0,13200.664,947.798,307.597,2969:12;2992:7070;2993:7080;2994:7759;2995:6920
511.7868,1788883376.8416,6,1238.62,28791.15,30029.77,933.0,31703.3,31550.2,0.0,13200.664,947.798,307.597,2969:12;2992:7109;2993:7131;2994:7697;2995:6841
511.8916,1788883376.9464,6,1238.64,28604.55,29843.18,891.3,31750.4,31503.1,0.0,13200.664,947.798,307.597,2969:12;2992:7166;2993:7089;2994:7485;2995:6852
511.9961,1788883377.0509,6,1238.66,28274.66,29513.32,799.0,31744.9,31508.5,0.0,13200.667,947.799,307.597,2969:12;2992:7196;2993:7080;2994:7343;2995:6642
512.1010,1788883377.1558,6,1238.70,28304.52,29543.22,951.0,31795.0,31458.5,0.0,13200.667,947.799,307.597,2969:12;2992:7191;2993:7103;2994:7305;2995:6693
512.2064,1788883377.2612,6,1238.79,28419.87,29658.66,865.3,31744.0,31509.5,0.0,13200.667,947.800,307.597,2969:12;2992:7174;2993:7123;2994:7390;2995:6721
512.3127,1788883377.3675,6,1238.85,28296.10,29534.95,1001.2,31913.9,31339.6,0.0,13200.667,947.800,307.597,2969:12;2992:7180;2993:7138;2994:7207;2995:6758
512.4186,1788883377.4734,6,1238.86,28250.08,29488.95,682.0,31862.1,31391.4,0.0,13200.667,947.800,307.597,2969:12;2992:7267;2993:7178;2994:7061;2995:6732
512.5239,1788883377.5787,6,1238.95,28226.24,29465.19,693.5,32055.8,31197.7,0.0,13200.667,947.800,307.597,2969:12;2992:7241;2993:7194;2994:7108;2995:6672
512.6293,1788883377.6841,6,1239.02,28509.13,29748.15,575.7,32323.7,30929.8,0.0,13200.667,947.800,307.597,2969:12;2992:7328;2993:7198;2994:7153;2995:6818
512.7334,1788883377.7882,6,1239.04,28587.39,29826.42,725.4,32705.0,30548.4,0.0,13200.667,947.800,307.597,2969:12;2992:7459;2993:7227;2994:7243;2995:6646
512.8385,1788883377.8933,6,1239.05,28878.45,30117.50,1011.0,32615.3,30638.2,0.0,13200.667,947.800,307.597,2969:12;2992:7672;2993:7277;2994:7200;2995:6718
512.9454,1788883378.0002,6,1239.08,28572.06,29811.14,1372.1,32662.3,30591.2,0.0,13200.667,947.800,307.597,2969:12;2992:7391;2993:7187;2994:7291;2995:6691
513.0525,1788883378.1073,6,1239.12,28886.44,30125.57,1344.7,32721.6,30531.9,0.0,13200.667,947.800,307.597,2969:12;2992:7508;2993:7315;2994:7256;2995:6795
513.1653,1788883378.2201,6,1239.19,29285.05,30524.24,1331.9,33105.8,30147.6,0.0,13200.667,947.800,307.597,2969:12;2992:7697;2993:7451;2994:7227;2995:6897
513.2729,1788883378.3277,6,1239.25,29401.50,30640.75,1267.2,33537.4,29716.1,0.0,13200.667,947.800,307.597,2969:12;2992:7714;2993:7434;2994:7214;2995:7027
513.3827,1788883378.4375,6,1239.25,29304.32,30543.57,1360.8,33908.9,29344.5,0.0,13200.667,947.800,307.597,2969:12;2992:7784;2993:7225;2994:7231;2995:7052
513.4893,1788883378.5441,6,1239.27,29415.30,30654.57,1431.6,34170.3,29083.2,0.0,13200.667,947.800,307.597,2969:12;2992:7791;2993:7259;2994:7249;2995:7103
513.6051,1788883378.6599,6,1239.29,29276.50,30515.79,1431.8,34583.6,28669.9,0.0,13200.668,947.800,307.597,2969:12;2992:7797;2993:7105;2994:7352;2995:7011
513.7173,1788883378.7721,6,1239.31,28962.31,30201.62,1365.9,34514.9,28738.6,0.0,13200.669,947.801,307.597,2969:12;2992:7698;2993:6895;2994:7607;2995:6749
513.8274,1788883378.8822,6,1239.34,28955.97,30195.31,1442.0,34387.3,28866.1,0.0,13200.670,947.801,307.597,2969:12;2992:7676;2993:6757;2994:7773;2995:6737
513.9347,1788883378.9895,6,1239.34,28848.56,30087.91,1410.8,34395.4,28858.1,0.0,13200.670,947.801,307.597,2969:12;2992:7644;2993:6807;2994:7579;2995:6806
514.0414,1788883379.0962,6,1239.35,28948.04,30187.39,1352.1,34227.9,29025.6,0.0,13200.670,947.801,307.597,2969:12;2992:7872;2993:6583;2994:7735;2995:6746
514.1481,1788883379.2029,6,1239.36,29219.40,30458.75,1261.1,34175.4,29078.1,0.0,13200.670,947.801,307.597,2969:12;2992:8114;2993:6572;2994:7690;2995:6831
514.2637,1788883379.3185,6,1239.41,29434.49,30673.90,1451.9,34420.9,28832.6,0.0,13200.670,947.801,307.597,2969:12;2992:7979;2993:6588;2994:7976;2995:6879
514.3730,1788883379.4279,6,1239.42,28993.28,30232.70,1340.0,33948.6,29304.9,0.0,13200.670,947.801,307.597,2969:12;2992:7643;2993:6685;2994:8172;2995:6481
514.4801,1788883379.5349,6,1239.43,28525.96,29765.39,1289.8,33593.5,29660.0,0.0,13200.670,947.801,307.597,2969:12;2992:7060;2993:6777;2994:8045;2995:6632
514.5941,1788883379.6489,6,1239.45,27921.21,29160.66,1381.8,33054.8,30198.6,0.0,13200.672,947.802,307.597,2969:12;2992:6856;2993:6577;2994:8032;2995:6443
514.7031,1788883379.7579,6,1239.46,28287.96,29527.42,1421.2,33233.7,30019.8,0.0,13200.672,947.802,307.597,2969:12;2992:7150;2993:6615;2994:7935;2995:6576
514.8116,1788883379.8665,6,1239.52,28062.88,29302.40,1420.8,33032.8,30220.7,0.0,13200.673,947.803,307.597,2969:12;2992:7322;2993:6587;2994:7636;2995:6505
514.9219,1788883379.9768,6,1239.55,27394.15,28633.70,1261.6,32536.8,30716.7,0.0,13200.673,947.803,307.597,2969:12;2992:6786;2993:6548;2994:7524;2995:6524
515.0282,1788883380.0830,6,1239.62,26935.31,28174.94,1301.3,31655.9,31597.6,0.0,13200.673,947.803,307.597,2969:12;2992:6262;2993:6629;2994:7684;2995:6349
515.1351,1788883380.1899,6,1239.71,27011.98,28251.70,1305.9,31806.0,31447.4,0.0,13200.673,947.803,307.597,2969:12;2992:6333;2993:6519;2994:7720;2995:6428
515.2460,1788883380.3009,6,1239.74,27514.80,28754.54,1440.4,31863.5,31390.0,0.0,13200.673,947.803,307.597,2969:12;2992:6764;2993:6734;2994:7742;2995:6263
515.3584,1788883380.4133,6,1239.79,27389.75,28629.54,1340.4,31937.6,31315.8,0.0,13200.673,947.803,307.597,2969:12;2992:7000;2993:6674;2994:7595;2995:6108
515.4667,1788883380.5215,6,1239.81,26826.47,28066.28,1132.1,31598.7,31654.8,0.0,13200.673,947.803,307.597,2969:12;2992:6688;2993:6966;2994:7052;2995:6108
515.5742,1788883380.6290,6,1239.83,27359.57,28599.40,1438.6,32159.4,31094.0,0.0,13200.673,947.803,307.597,2969:12;2992:6604;2993:7293;2994:7104;2995:6345
515.6865,1788883380.7413,6,1239.84,26894.05,28133.90,1494.1,31632.4,31621.1,0.0,13200.673,947.803,307.597,2969:12;2992:6001;2993:7363;2994:6932;2995:6585
515.7996,1788883380.8544,6,1239.85,27199.87,28439.71,1495.8,31678.4,31575.1,0.0,13200.673,947.803,307.597,2969:12;2992:6113;2993:7552;2994:6668;2995:6855
515.9140,1788883380.9689,6,1239.87,26780.77,28020.64,1509.1,31647.2,31606.3,0.0,13200.673,947.803,307.597,2969:12;2992:6334;2993:7649;2994:6387;2995:6399
516.0250,1788883381.0799,6,1239.88,26310.99,27550.87,1482.9,30703.2,32550.2,0.0,13200.673,947.803,307.597,2969:12;2992:6384;2993:7500;2994:6320;2995:6094
516.1388,1788883381.1936,6,1239.91,25324.25,26564.16,1349.6,30032.1,33221.4,0.0,13200.674,947.804,307.597,2969:12;2992:5887;2993:6990;2994:6301;2995:6133
516.2460,1788883381.3009,6,1240.06,24131.49,25371.55,1257.8,28704.8,34548.7,0.0,13200.675,947.804,307.597,2969:12;2992:5784;2993:6100;2994:6356;2995:5879
516.3541,1788883381.4089,6,1240.10,24665.76,25905.86,1377.3,28872.2,34381.3,0.0,13200.676,947.805,307.597,2969:12;2992:6111;2993:6376;2994:6392;2995:5774
516.4641,1788883381.5189,6,1240.13,24532.62,25772.75,1379.4,28978.0,34275.5,0.0,13200.677,947.805,307.597,2969:12;2992:6088;2993:6480;2994:6141;2995:5812
516.5791,1788883381.6339,6,1240.14,25214.54,26454.68,1510.5,29476.9,33776.6,0.0,13200.677,947.805,307.597,2969:12;2992:6063;2993:6514;2994:6340;2995:6286
516.6874,1788883381.7422,6,1240.14,24943.30,26183.45,1437.0,28849.5,34404.0,0.0,13200.677,947.805,307.597,2969:12;2992:6285;2993:5808;2994:6315;2995:6523
516.7951,1788883381.8500,6,1240.15,24283.14,25523.30,1277.2,28261.3,34992.2,0.0,13200.677,947.805,307.597,2969:12;2992:6269;2993:5809;2994:6336;2995:5857
516.9033,1788883381.9581,6,1240.17,24439.64,25679.80,1333.7,28502.1,34751.4,0.0,13200.677,947.805,307.597,2969:12;2992:6402;2993:6063;2994:6491;2995:5471
517.0117,1788883382.0666,6,1240.18,24715.14,25955.32,1408.7,28841.1,34412.4,0.0,13200.677,947.805,307.597,2969:12;2992:6414;2993:6337;2994:6470;2995:5482
517.1198,1788883382.1746,6,1240.21,24898.06,26138.27,1417.3,29069.5,34184.0,0.0,13200.677,947.805,307.597,2969:12;2992:6449;2993:6183;2994:6747;2995:5507
517.2454,1788883382.3002,6,1240.28,25327.82,26568.10,1535.7,29507.3,33746.2,0.0,13200.677,947.805,307.597,2969:12;2992:6747;2993:6341;2994:6612;2995:5616
517.3541,1788883382.4089,6,1240.36,25917.14,27157.50,1566.8,30126.6,33126.8,0.0,13200.677,947.805,307.597,2969:12;2992:7291;2993:6318;2994:6766;2995:5531
517.4701,1788883382.5249,6,1240.38,25740.35,26980.73,1524.9,30142.1,33111.4,0.0,13200.677,947.805,307.597,2969:12;2992:7482;2993:5861;2994:6936;2995:5450
517.5910,1788883382.6459,6,1240.38,25323.35,26563.73,1502.4,29759.7,33493.8,0.0,13200.677,947.805,307.597,2969:12;2992:7485;2993:5454;2994:6871;2995:5502
517.7084,1788883382.7633,6,1240.39,25345.58,26585.96,1501.9,29670.1,33583.4,0.0,13200.677,947.805,307.597,2969:12;2992:7257;2993:5537;2994:6958;2995:5581
517.8191,1788883382.8739,6,1240.40,24174.38,25414.78,1488.1,28433.1,34820.4,0.0,13200.677,947.805,307.597,2969:12;2992:5686;2993:5706;2994:7090;2995:5680
517.9302,1788883382.9850,6,1240.41,23931.02,25171.43,1439.6,27986.7,35266.7,0.0,13200.677,947.805,307.597,2969:12;2992:5059;2993:5946;2994:7110;2995:5804
518.0351,1788883383.0899,6,1240.45,24480.43,25720.88,1372.8,28420.8,34832.7,0.0,13200.677,947.805,307.597,2969:12;2992:4963;2993:6229;2994:7368;2995:5908
518.1480,1788883383.2028,6,1240.49,23865.26,25105.75,1205.1,27871.1,35382.4,0.0,13200.677,947.805,307.597,2969:12;2992:4966;2993:5953;2994:7434;2995:5500
518.2557,1788883383.3105,6,1240.57,22835.70,24076.27,708.5,27448.0,35805.4,0.0,13200.677,947.805,307.597,2969:12;2992:4556;2993:5641;2994:7510;2995:5115
518.3598,1788883383.4146,6,1240.57,22795.69,24036.26,307.6,27526.9,35726.6,0.0,13200.677,947.805,307.597,2969:12;2992:4556;2993:5258;2994:7853;2995:5115
518.4639,1788883383.5187,6,1240.62,22992.23,24232.86,1020.1,27607.2,35646.2,0.0,13200.677,947.805,307.597,2969:12;2992:4556;2993:5338;2994:7937;2995:5149
518.5711,1788883383.6259,6,1240.64,22819.59,24060.23,714.1,27491.9,35761.5,0.0,13200.677,947.805,307.597,2969:12;2992:4554;2993:5372;2994:7759;2995:5122
518.6758,1788883383.7306,6,1240.65,22750.72,23991.37,469.5,27635.1,35618.4,0.0,13200.677,947.805,307.597,2969:12;2992:4532;2993:5408;2994:7694;2995:5105
518.7826,1788883383.8374,6,1240.70,23206.33,24447.04,929.6,28079.2,35174.3,0.0,13200.677,947.805,307.597,2969:12;2992:4547;2993:5586;2994:7948;2995:5113
518.8890,1788883383.9439,6,1240.76,23110.86,24351.62,1398.5,28187.0,35066.5,0.0,13200.677,947.805,307.597,2969:12;2992:4490;2993:5593;2994:7910;2995:5106
518.9980,1788883384.0528,6,1240.79,23299.79,24540.58,1230.2,28308.2,34945.3,0.0,13200.677,947.805,307.597,2969:12;2992:4614;2993:5701;2994:7910;2995:5063
519.1132,1788883384.1680,6,1240.81,24598.31,25839.12,1546.6,28912.4,34341.1,0.0,13200.677,947.805,307.597,2969:12;2992:4962;2993:6238;2994:8252;2995:5134
519.2280,1788883384.2829,6,1240.91,25188.63,26429.54,1568.5,29776.5,33477.0,0.0,13200.677,947.805,307.597,2969:12;2992:4958;2993:6263;2994:8680;2995:5275
519.3421,1788883384.3969,6,1241.04,25981.25,27222.28,1557.3,30430.4,32823.1,0.0,13200.677,947.805,307.597,2969:12;2992:5388;2993:6339;2994:9097;2995:5144
519.4573,1788883384.5121,6,1241.04,25824.73,27065.77,1586.3,30817.1,32436.3,0.0,13200.677,947.805,307.597,2969:12;2992:5067;2993:6008;2994:9191;2995:5546
519.5711,1788883384.6259,6,1241.05,24945.29,26186.34,1548.4,30450.0,32803.5,0.0,13200.677,947.805,307.597,2969:12;2992:4608;2993:6105;2994:8636;2995:5584
519.6787,1788883384.7335,6,1241.05,23737.15,24978.21,1529.6,29217.6,34035.8,0.0,13200.677,947.805,307.597,2969:12;2992:4075;2993:5756;2994:8197;2995:5697
519.7874,1788883384.8422,6,1241.06,23442.68,24683.73,1273.2,28804.7,34448.8,0.0,13200.677,947.805,307.597,2969:12;2992:4223;2993:6024;2994:8168;2995:5015
519.9020,1788883384.9569,6,1241.07,22121.90,23362.96,1411.5,27718.9,35534.6,0.0,13200.677,947.805,307.597,2969:12;2992:4218;2993:6016;2994:6795;2995:5080
520.0101,1788883385.0649,6,1241.09,21165.68,22406.77,1407.1,26737.6,36515.8,0.0,13200.677,947.805,307.597,2969:12;2992:3985;2993:6059;2994:6317;2995:4792
520.1170,1788883385.1719,6,1241.11,20374.31,21615.42,1355.2,25650.5,37603.0,0.0,13200.677,947.805,307.597,2969:12;2992:4122;2993:4982;2994:6245;2995:5012
520.2258,1788883385.2807,6,1241.10,19624.53,20865.63,1378.7,24868.0,38385.5,0.0,13200.677,947.805,307.597,2969:12;2992:4171;2993:4633;2994:6173;2995:4635
520.3331,1788883385.3879,6,1241.11,18717.63,19958.74,1257.9,24139.5,39114.0,0.0,13200.677,947.805,307.597,2969:12;2992:4172;2993:4319;2994:5883;2995:4331
520.4413,1788883385.4961,6,1241.11,18438.70,19679.81,998.6,23744.2,39509.3,0.0,13200.831,947.845,307.597,2969:12;2992:4063;2993:4444;2994:5546;2995:4374
520.5473,1788883385.6021,6,1241.11,18700.97,19942.08,1025.8,23591.2,39662.3,0.0,13201.062,947.942,307.597,2969:12;2992:4070;2993:4456;2994:5685;2995:4477
520.6546,1788883385.7094,6,1241.12,18266.57,19507.69,975.0,23349.8,39903.7,0.0,13202.777,948.005,307.597,2969:12;2992:3685;2993:4731;2994:5335;2995:4504
520.7589,1788883385.8137,6,1241.12,17740.89,18982.01,790.4,23088.1,40165.3,0.0,13204.965,948.057,307.597,2969:12;2992:3686;2993:4852;2994:5086;2995:4105
520.8654,1788883385.9202,6,1241.12,17715.57,18956.70,667.2,23122.8,40130.7,0.0,13205.936,948.086,307.597,2969:12;2992:3684;2993:4534;2994:5379;2995:4107
520.9718,1788883386.0267,6,1241.12,16363.97,17605.10,478.3,22342.5,40911.0,0.0,13210.157,948.124,307.597,2969:12;2992:3684;2993:4201;2994:4360;2995:4107
521.0761,1788883386.1309,6,1241.13,16353.79,17594.92,326.6,22270.2,40983.3,0.0,13211.596,948.128,307.597,2969:12;2992:3684;2993:3817;2994:4733;2995:4107
521.1802,1788883386.2350,6,1241.13,16277.61,17518.74,471.0,21827.6,41425.9,0.0,13214.045,948.152,307.597,2969:12;2992:3671;2993:3804;2994:4703;2995:4088
521.2851,1788883386.3399,6,1241.13,16520.21,17761.35,522.0,21982.1,41271.3,0.0,13217.742,948.167,307.597,2969:12;2992:3709;2993:3804;2994:4877;2995:4119
521.3918,1788883386.4466,6,1241.14,16122.52,17363.67,819.5,21351.9,41901.6,0.0,13217.841,948.168,307.597,2969:12;2992:3693;2993:3804;2994:4399;2995:4214
521.4964,1788883386.5513,6,1241.20,16140.65,17381.86,1238.3,20717.8,42535.7,0.0,13218.313,948.169,307.597,2969:12;2992:3729;2993:3921;2994:4224;2995:4255
521.6025,1788883386.6573,6,1241.21,16652.59,17893.81,1194.9,21076.2,42177.3,0.0,13218.313,948.169,307.597,2969:12;2992:3760;2993:4036;2994:4409;2995:4435
521.7069,1788883386.7617,6,1241.25,17179.29,18420.54,1326.6,21632.2,41621.3,0.0,13218.313,948.169,307.597,2969:12;2992:3910;2993:4078;2994:4633;2995:4546
521.8142,1788883386.8690,6,1241.37,17104.94,18346.31,1339.6,21819.6,41433.9,0.0,13218.313,948.169,307.597,2969:12;2992:3921;2993:4172;2994:4750;2995:4250
521.9207,1788883386.9755,6,1241.43,17510.82,18752.25,1337.0,21974.9,41278.5,0.0,13218.313,948.169,307.597,2969:12;2992:4019;2993:4363;2994:4943;2995:4173
522.0289,1788883387.0837,6,1241.46,17449.90,18691.36,1269.7,22082.8,41170.7,0.0,13218.313,948.169,307.597,2969:12;2992:4123;2993:4345;2994:4784;2995:4186
522.1377,1788883387.1925,6,1241.47,17635.17,18876.64,1154.1,22210.7,41042.8,0.0,13218.313,948.169,307.597,2969:12;2992:4094;2993:4422;2994:4991;2995:4115
522.2420,1788883387.2968,6,1241.58,17960.25,19201.84,1083.2,22441.6,40811.9,0.0,13218.313,948.169,307.597,2969:12;2992:4156;2993:4582;2994:5118;2995:4092
522.3491,1788883387.4039,6,1241.62,18759.03,20000.65,1372.8,22666.3,40587.2,0.0,13218.313,948.169,307.597,2969:12;2992:4195;2993:5188;2994:5166;2995:4197
522.4624,1788883387.5172,6,1241.64,19574.19,20815.83,1504.1,23348.6,39904.9,0.0,13218.313,948.169,307.597,2969:12;2992:4233;2993:5499;2994:5579;2995:4251
522.5712,1788883387.6261,6,1241.66,19568.57,20810.23,1223.5,23682.7,39570.8,0.0,13218.313,948.169,307.597,2969:12;2992:4290;2993:5556;2994:5420;2995:4289
522.6778,1788883387.7326,6,1241.67,20394.25,21635.93,1397.9,24709.9,38543.6,0.0,13218.313,948.169,307.597,2969:12;2992:4280;2993:5671;2994:5890;2995:4541
522.7901,1788883387.8449,6,1241.69,21081.02,22322.71,1522.8,25342.0,37911.5,0.0,13218.313,948.169,307.597,2969:12;2992:4351;2993:5651;2994:6495;2995:4572
522.9040,1788883387.9589,6,1241.73,21167.96,22409.69,1486.0,25700.9,37552.5,0.0,13218.313,948.169,307.597,2969:12;2992:4362;2993:5739;2994:6583;2995:4471
523.0139,1788883388.0688,6,1241.73,21177.23,22418.97,1309.8,25610.4,37643.1,0.0,13218.313,948.169,307.597,2969:12;2992:4585;2993:5558;2994:6485;2995:4538
523.1197,1788883388.1745,6,1241.75,21171.80,22413.55,1376.2,25734.6,37518.9,0.0,13218.313,948.169,307.597,2969:12;2992:4664;2993:5739;2994:5819;2995:4937
523.2260,1788883388.2809,6,1241.76,20733.63,21975.39,1461.3,25350.4,37903.0,0.0,13218.313,948.169,307.597,2969:12;2992:4723;2993:6002;2994:5291;2995:4704
523.3320,1788883388.3868,6,1241.77,19887.71,21129.49,1243.7,24526.1,38727.3,0.0,13218.313,948.169,307.597,2969:12;2992:4758;2993:5890;2994:4641;2995:4586
523.4364,1788883388.4913,6,1241.81,19073.57,20315.38,1299.4,24164.8,39088.7,0.0,13218.313,948.169,307.597,2969:12;2992:4894;2993:5652;2994:4292;2995:4223
523.5411,1788883388.5959,6,1241.92,19362.88,20604.80,1355.2,24792.2,38461.3,0.0,13218.313,948.169,307.597,2969:12;2992:4943;2993:5617;2994:4534;2995:4258
523.6552,1788883388.7101,6,1241.95,20093.91,21335.85,1496.0,25019.0,38234.5,0.0,13218.313,948.169,307.597,2969:12;2992:5361;2993:5726;2994:4790;2995:4206
523.7716,1788883388.8264,6,1241.96,19914.68,21156.63,1483.8,24852.1,38401.4,0.0,13218.313,948.169,307.597,2969:12;2992:5410;2993:5957;2994:4366;2995:4170
523.8813,1788883388.9361,6,1241.97,19669.93,20911.90,1494.4,24946.9,38306.5,0.0,13218.313,948.169,307.597,2969:12;2992:5400;2993:6026;2994:3993;2995:4239
524.0038,1788883389.0586,6,1242.00,20319.66,21561.66,1387.6,25463.8,37789.7,0.0,13218.313,948.169,307.597,2969:12;2992:5605;2993:6180;2994:4115;2995:4408
524.1148,1788883389.1696,6,1242.03,20257.70,21499.73,1415.2,25591.6,37661.9,0.0,13218.313,948.169,307.597,2969:12;2992:5748;2993:6089;2994:4032;2995:4376
524.2211,1788883389.2759,6,1242.10,20044.18,21286.28,1364.9,25264.1,37989.4,0.0,13218.313,948.169,307.597,2969:12;2992:5956;2993:6103;2994:3950;2995:4024
524.3296,1788883389.3844,6,1242.12,20249.38,21491.50,1470.9,25389.1,37864.4,0.0,13218.313,948.169,307.597,2969:12;2992:6062;2993:5859;2994:4264;2995:4052
524.4423,1788883389.4971,6,1242.15,20349.86,21592.00,1248.2,25614.0,37639.5,0.0,13218.313,948.169,307.597,2969:12;2992:6092;2993:5801;2994:4342;2995:4102
524.5511,1788883389.6059,6,1242.16,20606.04,21848.19,1442.9,25966.8,37286.7,0.0,13218.313,948.169,307.597,2969:12;2992:6146;2993:5962;2994:4463;2995:4023
524.6601,1788883389.7149,6,1242.20,20735.88,21978.08,1359.3,26285.8,36967.7,0.0,13218.313,948.169,307.597,2969:12;2992:6153;2993:5980;2994:4607;2995:3983
524.7673,1788883389.8221,6,1242.24,20162.65,21404.89,1376.8,26212.5,37041.0,0.0,13218.313,948.169,307.597,2969:12;2992:6217;2993:5874;2994:4243;2995:3816
524.8831,1788883389.9379,6,1242.27,19916.61,21158.88,1373.8,25913.9,37339.5,0.0,13218.313,948.169,307.597,2969:12;2992:6744;2993:5762;2994:3649;2995:3750
524.9921,1788883390.0469,6,1242.30,20182.01,21424.30,1480.4,25856.4,37397.0,0.0,13218.313,948.169,307.597,2969:12;2992:7149;2993:6396;2994:2737;2995:3887
525.1027,1788883390.1575,6,1242.31,20309.35,21551.66,1591.5,25961.5,37292.0,0.0,13218.313,948.169,307.597,2969:12;2992:7192;2993:6650;2994:2699;2995:3757
525.2181,1788883390.2729,6,1242.33,20743.32,21985.65,1503.8,26010.6,37242.9,0.0,13218.313,948.169,307.597,2969:12;2992:7153;2993:6822;2994:2631;2995:4125
525.3372,1788883390.3920,6,1242.34,20291.52,21533.86,1435.0,25847.6,37405.8,0.0,13218.313,948.169,307.597,2969:12;2992:6530;2993:6531;2994:3131;2995:4087
525.4539,1788883390.5087,6,1242.35,19412.07,20654.42,1448.0,24842.4,38411.1,0.0,13218.313,948.169,307.597,2969:12;2992:5930;2993:6282;2994:3064;2995:4124
525.5694,1788883390.6242,6,1242.36,17542.20,18784.55,1481.9,22952.7,40300.7,0.0,13218.313,948.169,307.597,2969:12;2992:6171;2993:5002;2994:2591;2995:3766
525.6751,1788883390.7299,6,1242.39,16812.13,18054.52,1404.6,22238.2,41015.2,0.0,13218.313,948.169,307.597,2969:12;2992:6114;2993:4877;2994:2073;2995:3736
525.7830,1788883390.8379,6,1242.40,17145.04,18387.44,1491.9,22255.0,40998.5,0.0,13218.313,948.169,307.597,2969:12;2992:6193;2993:5062;2994:2084;2995:3794
525.8900,1788883390.9448,6,1242.42,16693.68,17936.09,1429.9,21863.2,41390.3,0.0,13218.313,948.169,307.597,2969:12;2992:6263;2993:4953;2994:2095;2995:3371
525.9955,1788883391.0503,6,1242.44,17335.98,18578.41,1099.7,22302.1,40951.3,0.0,13218.313,948.169,307.597,2969:12;2992:6331;2993:5221;2994:2244;2995:3527
526.1000,1788883391.1548,6,1242.45,17171.64,18414.09,1162.5,22337.7,40915.8,0.0,13218.313,948.169,307.597,2969:12;2992:6273;2993:5144;2994:2318;2995:3425
526.2091,1788883391.2639,6,1242.54,17919.10,19161.64,1514.0,22771.7,40481.8,0.0,13218.313,948.169,307.597,2969:12;2992:6351;2993:5867;2994:2606;2995:3084
526.3177,1788883391.3725,6,1242.54,17881.63,19124.17,1550.0,22680.6,40572.9,0.0,13218.313,948.169,307.597,2969:12;2992:6513;2993:5876;2994:2456;2995:3024
526.4261,1788883391.4809,6,1242.55,17614.61,18857.16,1458.9,22344.4,40909.1,0.0,13218.313,948.169,307.597,2969:12;2992:6994;2993:5461;2994:2048;2995:3100
526.5419,1788883391.5967,6,1242.55,18165.34,19407.89,1091.9,22679.0,40574.4,0.0,13218.313,948.169,307.597,2969:12;2992:6999;2993:5835;2994:2048;2995:3271
526.6464,1788883391.7012,6,1242.56,16340.81,17583.37,835.3,21026.8,42226.6,0.0,13218.313,948.169,307.597,2969:12;2992:7127;2993:3743;2994:2048;2995:3410
526.7529,1788883391.8077,6,1242.57,15295.20,16537.76,773.7,20244.8,43008.6,0.0,13218.315,948.169,307.597,2969:12;2992:7149;2993:2833;2994:2048;2995:3253
526.8586,1788883391.9135,6,1242.68,14891.71,16134.39,1089.6,19935.9,43317.6,0.0,13218.315,948.170,307.597,2969:12;2992:7232;2993:2332;2994:2041;2995:3275
526.9636,1788883392.0184,6,1242.69,15080.69,16323.38,600.1,20182.8,43070.6,0.0,13218.315,948.170,307.597,2969:12;2992:7015;2993:2331;2994:2040;2995:3683
527.0720,1788883392.1268,6,1242.73,15114.05,16356.78,1357.1,19986.4,43267.1,0.0,13218.315,948.170,307.597,2969:12;2992:6731;2993:2374;2994:2071;2995:3926
527.1803,1788883392.2351,6,1242.71,15036.69,16279.40,1461.4,19464.2,43789.2,0.0,13218.315,948.170,307.597,2969:12;2992:6757;2993:2586;2994:2075;2995:3607
527.2877,1788883392.3425,6,1242.71,14719.39,15962.11,1309.9,19654.4,43599.1,0.0,13218.317,948.171,307.597,2969:12;2992:6545;2993:2888;2994:2067;2995:3208
527.3960,1788883392.4508,6,1242.71,14573.93,15816.64,640.4,19640.3,43613.2,0.0,13218.317,948.171,307.597,2969:12;2992:6383;2993:2794;2994:2067;2995:3318
527.5021,1788883392.5569,6,1242.72,12564.95,13807.67,282.3,17665.9,45587.6,0.0,13218.317,948.171,307.597,2969:12;2992:5742;2993:2123;2994:2067;2995:2620
527.6091,1788883392.6639,6,1242.73,12780.18,14022.91,1438.6,17798.8,45454.6,0.0,13218.317,948.171,307.597,2969:12;2992:5605;2993:2406;2994:2062;2995:2695
527.7240,1788883392.7788,6,1242.74,12807.98,14050.72,1457.8,18003.1,45250.4,0.0,13218.317,948.171,307.597,2969:12;2992:5889;2993:2262;2994:2101;2995:2544
527.8341,1788883392.8889,6,1242.76,13679.71,14922.46,1533.3,18453.2,44800.3,0.0,13218.317,948.171,307.597,2969:12;2992:5899;2993:2426;2994:2157;2995:3186
527.9501,1788883393.0049,6,1242.76,14879.97,16122.73,1567.1,19181.5,44072.0,0.0,13218.317,948.171,307.597,2969:12;2992:6568;2993:2432;2994:2370;2995:3498
528.0587,1788883393.1135,6,1242.77,15033.85,16276.62,1551.3,19526.6,43726.9,0.0,13218.319,948.172,307.597,2969:12;2992:6714;2993:2096;2994:2329;2995:3883
528.1677,1788883393.2225,6,1242.79,13920.54,15163.33,1384.5,18273.7,44979.8,0.0,13218.319,948.172,307.597,2969:12;2992:6426;2993:1771;2994:2118;2995:3593
528.2780,1788883393.3328,6,1242.78,12407.34,13650.12,1165.7,17562.4,45691.1,0.0,13218.320,948.174,307.597,2969:12;2992:6370;2993:1758;2994:2381;2995:1886
528.3831,1788883393.4379,6,1242.79,10293.15,11535.93,1109.3,15052.7,48200.7,0.0,13218.320,948.174,307.597,2969:12;2992:4585;2993:1351;2994:2607;2995:1738
528.4993,1788883393.5541,6,1242.79,10379.24,11622.03,1292.7,15183.0,48070.5,0.0,13218.320,948.174,307.597,2969:12;2992:5293;2993:1327;2994:2008;2995:1739
528.6066,1788883393.6614,6,1242.79,9488.98,10731.77,1004.9,14664.9,48588.6,0.0,13218.320,948.174,307.597,2969:12;2992:5373;2993:1327;2994:1843;2995:933
528.7107,1788883393.7655,6,1242.79,8348.33,9591.12,413.2,13392.7,49860.8,0.0,13218.321,948.174,307.597,2969:12;2992:4616;2993:1327;2994:1460;2995:933
528.8147,1788883393.8695,6,1242.80,7081.95,8324.76,478.7,12057.6,51195.9,0.0,13218.321,948.174,307.597,2969:12;2992:3351;2993:1327;2994:1459;2995:933
528.9193,1788883393.9741,6,1242.81,8018.82,9261.63,1099.3,12560.3,50693.2,0.0,13218.322,948.176,307.597,2969:12;2992:4294;2993:1317;2994:1486;2995:909
529.0242,1788883394.0790,6,1242.82,8053.33,9296.15,632.3,12745.4,50508.1,0.0,13218.322,948.176,307.597,2969:12;2992:4342;2993:1314;2994:1477;2995:909
529.1282,1788883394.1830,6,1242.82,5868.25,7111.07,240.2,10777.1,52476.3,0.0,13218.323,948.176,307.597,2969:12;2992:2140;2993:1314;2994:1493;2995:909
529.2323,1788883394.2872,6,1242.91,4963.41,6206.32,141.7,9814.1,53439.3,0.0,13218.323,948.177,307.597,2969:12;2992:1226;2993:1314;2994:1503;2995:909
529.3384,1788883394.3932,6,1242.91,4977.38,6220.29,105.5,9814.1,53439.3,0.0,13218.323,948.177,307.597,2969:12;2992:1226;2993:1314;2994:1517;2995:909
529.4425,1788883394.4973,6,1242.91,4998.93,6241.84,105.7,9814.1,53439.3,0.0,13218.323,948.177,307.597,2969:12;2992:1226;2993:1314;2994:1538;2995:909
529.5465,1788883394.6013,6,1242.91,5019.49,6262.40,105.7,9814.1,53439.3,0.0,13218.323,948.178,307.597,2969:12;2992:1226;2993:1314;2994:1559;2995:909
529.6505,1788883394.7053,6,1242.91,5036.93,6279.85,105.8,9814.4,53439.1,0.0,13218.323,948.178,307.597,2969:12;2992:1226;2993:1314;2994:1576;2995:909
529.7545,1788883394.8093,6,1242.92,5052.80,6295.72,115.3,9812.8,53440.7,0.0,13218.324,948.178,307.597,2969:12;2992:1226;2993:1314;2994:1592;2995:909
529.8585,1788883394.9133,6,1242.92,5078.23,6321.16,96.2,9812.8,53440.7,0.0,13218.324,948.178,307.597,2969:12;2992:1226;2993:1314;2994:1618;2995:909
529.9625,1788883395.0173,6,1242.92,5083.96,6326.88,105.7,9805.5,53448.0,0.0,13218.324,948.178,307.597,2969:12;2992:1226;2993:1314;2994:1624;2995:909
530.0668,1788883395.1216,6,1242.92,5103.33,6346.25,95.9,9757.9,53495.6,0.0,13218.324,948.178,307.597,2969:12;2992:1226;2993:1314;2994:1643;2995:909
530.1708,1788883395.2256,6,1242.96,5162.23,6405.19,246.3,9812.9,53440.6,0.0,13218.324,948.178,307.597,2969:12;2992:1226;2993:1319;2994:1697;2995:909
530.2763,1788883395.3312,6,1243.10,5369.26,6612.36,202.0,9813.7,53439.8,0.0,13218.324,948.178,307.597,2969:12;2992:1224;2993:1333;2994:1891;2995:909
530.3803,1788883395.4351,6,1243.10,5504.92,6748.02,288.5,9930.5,53323.0,0.0,13218.324,948.178,307.597,2969:12;2992:1224;2993:1350;2994:2009;2995:909
530.4843,1788883395.5391,6,1366.74,5200.68,6567.42,317.2,9958.3,53295.1,0.0,13218.324,948.178,307.597,2969:12;2992:1224;2993:1365;2994:1690;2995:909
530.5883,1788883395.6431,6,1438.37,5232.27,6670.64,202.0,9958.6,53294.9,0.0,13218.324,948.178,307.597,2969:12;2992:1224;2993:1397;2994:1690;2995:909
530.6922,1788883395.7470,6,1557.07,5232.27,6789.34,182.7,9977.6,53275.9,0.0,13218.324,948.178,307.597,2969:12;2992:1224;2993:1397;2994:1690;2995:909
530.7962,1788883395.8511,6,1372.67,5198.75,6571.42,283.2,9960.9,53292.5,0.0,13218.324,948.178,307.597,2969:12;2992:1224;2993:1365;2994:1689;2995:909
530.9026,1788883395.9574,6,1427.59,5198.75,6626.34,103.1,9964.5,53289.0,0.0,13218.324,948.178,307.597,2969:12;2992:1224;2993:1365;2994:1689;2995:909
531.0092,1788883396.0640,6,1441.87,5198.75,6640.62,105.4,9901.4,53352.1,0.0,13218.324,948.178,307.597,2969:12;2992:1224;2993:1365;2994:1689;2995:909
531.1133,1788883396.1681,6,1300.09,5198.75,6498.84,96.1,9783.8,53469.6,0.0,13218.326,948.179,307.597,2969:12;2992:1224;2993:1365;2994:1689;2995:909
531.2173,1788883396.2721,6,1408.84,5198.75,6607.59,230.7,9852.0,53401.4,0.0,13218.327,948.181,307.597,2969:12;2992:1224;2993:1365;2994:1689;2995:909
531.3213,1788883396.3761,6,1344.12,5198.75,6542.87,192.4,9809.3,53444.1,0.0,13218.327,948.181,307.597,2969:12;2992:1224;2993:1365;2994:1689;2995:909
531.4252,1788883396.4800,6,1344.12,5198.75,6542.87,96.2,9809.3,53444.1,0.0,13218.327,948.181,307.597,2969:12;2992:1224;2993:1365;2994:1689;2995:909
531.5291,1788883396.5840,6,1343.30,5193.77,6537.07,250.1,9661.8,53591.7,0.0,13218.327,948.181,307.597,2969:12;2992:1257;2993:1374;2994:1608;2995:943
531.6331,1788883396.6879,6,1368.94,5288.04,6656.98,403.8,9671.2,53582.2,0.0,13218.327,948.182,307.597,2969:12;2992:1290;2993:1409;2994:1602;2995:974
531.7371,1788883396.7919,6,1390.67,5176.86,6567.53,163.3,9479.3,53774.2,0.0,13218.328,948.182,307.597,2969:12;2992:1255;2993:1371;2994:1602;2995:936
531.8412,1788883396.8960,6,1406.90,5176.86,6583.76,115.3,9497.3,53756.2,0.0,13218.328,948.182,307.597,2969:12;2992:1255;2993:1371;2994:1602;2995:936
531.9452,1788883397.0000,6,1440.05,5176.86,6616.91,96.1,9498.3,53755.2,0.0,13218.329,948.184,307.597,2969:12;2992:1255;2993:1371;2994:1602;2995:936
532.0492,1788883397.1041,6,1459.30,5176.86,6636.15,105.6,9466.8,53786.7,0.0,13218.330,948.184,307.597,2969:12;2992:1255;2993:1371;2994:1602;2995:936
532.1534,1788883397.2083,6,1423.06,5176.86,6599.91,115.3,9468.5,53785.0,0.0,13218.330,948.184,307.597,2969:12;2992:1255;2993:1371;2994:1602;2995:936
532.2575,1788883397.3123,6,1368.03,5176.85,6544.88,144.2,9415.2,53838.2,0.0,13218.330,948.185,307.597,2969:12;2992:1255;2993:1371;2994:1602;2995:936
532.3614,1788883397.4163,6,1400.81,5176.85,6577.66,96.2,9447.7,53805.8,0.0,13218.330,948.185,307.597,2969:12;2992:1255;2993:1371;2994:1602;2995:936
532.4654,1788883397.5202,6,1385.56,5176.85,6562.41,115.4,9289.2,53964.2,0.0,13253.267,983.122,307.597,2969:12;2992:1255;2993:1371;2994:1602;2995:936
532.5694,1788883397.6242,6,1385.58,5176.85,6562.43,96.2,9210.3,54043.1,0.0,13253.267,983.122,307.597,2969:12;2992:1255;2993:1371;2994:1602;2995:936
532.6733,1788883397.7281,6,1395.18,5176.85,6572.03,96.1,9210.3,54043.1,0.0,13253.268,983.122,307.597,2969:12;2992:1255;2993:1371;2994:1602;2995:936
532.7773,1788883397.8321,6,1360.36,5235.55,6595.91,240.5,9210.6,54042.9,0.0,13253.268,983.123,307.597,2969:12;2992:1267;2993:1384;2994:1618;2995:954
532.8814,1788883397.9362,6,1388.51,5214.27,6602.78,357.4,9138.3,54115.2,0.0,13253.268,983.123,307.597,2969:12;2992:1267;2993:1384;2994:1616;2995:934
532.9880,1788883398.0428,6,1419.21,5168.29,6587.51,168.5,9113.6,54139.9,0.0,13253.268,983.123,307.597,2969:12;2992:1253;2993:1368;2994:1600;2995:934
533.0947,1788883398.1495,6,1484.76,5168.29,6653.05,95.9,9136.3,54117.2,0.0,13253.268,983.123,307.597,2969:12;2992:1253;2993:1368;2994:1600;2995:934
533.1987,1788883398.2535,6,1450.96,5168.29,6619.26,144.1,9122.1,54131.4,0.0,13253.268,983.123,307.597,2969:12;2992:1253;2993:1368;2994:1600;2995:934
533.3027,1788883398.3575,6,1469.08,5168.29,6637.37,96.2,9122.1,54131.4,0.0,13253.268,983.123,307.597,2969:12;2992:1253;2993:1368;2994:1600;2995:934
533.4067,1788883398.4615,6,1432.84,5168.29,6601.13,104.2,9122.2,54131.3,0.0,13253.268,983.123,307.597,2969:12;2992:1253;2993:1368;2994:1600;2995:934
533.5125,1788883398.5673,6,1406.25,5168.29,6574.54,95.9,9076.5,54177.0,0.0,13253.268,983.123,307.597,2969:12;2992:1253;2993:1368;2994:1600;2995:934
533.6165,1788883398.6713,6,1409.90,5168.29,6578.19,105.8,8975.1,54278.4,0.0,13286.454,1016.309,307.597,2969:12;2992:1253;2993:1368;2994:1600;2995:934
533.7204,1788883398.7752,6,1464.91,5168.29,6633.20,115.7,9014.1,54239.3,0.0,13286.454,1016.309,307.597,2969:12;2992:1253;2993:1368;2994:1600;2995:934
533.8241,1788883398.8789,6,1522.25,5168.29,6690.55,96.4,9069.4,54184.1,0.0,13286.454,1016.309,307.597,2969:12;2992:1253;2993:1368;2994:1600;2995:934
533.9278,1788883398.9826,6,1489.10,5168.29,6657.39,94.8,9069.5,54184.0,0.0,13286.455,1016.309,307.597,2969:12;2992:1253;2993:1368;2994:1600;2995:934
534.0336,1788883399.0884,6,1508.41,5332.09,6840.51,459.9,8908.3,54345.2,0.0,13286.455,1016.309,307.597,2969:12;2992:1287;2993:1428;2994:1659;2995:946
534.1377,1788883399.1925,6,1522.00,5166.15,6688.16,259.5,8767.9,54485.6,0.0,13286.455,1016.309,307.597,2969:12;2992:1252;2993:1368;2994:1600;2995:934
534.2417,1788883399.2965,6,1544.02,5166.15,6710.18,115.4,8798.0,54455.5,0.0,13286.455,1016.309,307.597,2969:12;2992:1252;2993:1368;2994:1600;2995:934
534.3457,1788883399.4005,6,1570.09,5166.15,6736.24,96.2,8860.4,54393.1,0.0,13286.455,1016.309,307.597,2969:12;2992:1252;2993:1368;2994:1600;2995:934
534.4496,1788883399.5044,6,1597.82,5166.15,6763.97,105.8,8860.4,54393.1,0.0,13286.455,1016.309,307.597,2969:12;2992:1252;2993:1368;2994:1600;2995:934
534.5535,1788883399.6083,6,1561.58,5166.15,6727.73,105.8,8860.4,54393.1,0.0,13286.455,1016.309,307.597,2969:12;2992:1252;2993:1368;2994:1600;2995:934
534.6575,1788883399.7123,6,1504.36,5166.15,6670.52,96.2,8829.0,54424.5,0.0,13286.455,1016.309,307.597,2969:12;2992:1252;2993:1368;2994:1600;2995:934
534.7615,1788883399.8163,6,1536.24,5166.15,6702.39,105.8,8875.6,54377.9,0.0,13286.455,1016.309,307.597,2969:12;2992:1252;2993:1368;2994:1600;2995:934
534.8654,1788883399.9202,6,1541.79,5166.15,6707.94,105.9,8647.2,54606.2,0.0,13318.603,1048.457,307.597,2969:12;2992:1252;2993:1368;2994:1600;2995:934
534.9693,1788883400.0241,6,1596.88,5166.15,6763.04,96.3,8693.4,54560.1,0.0,13318.603,1048.457,307.597,2969:12;2992:1252;2993:1368;2994:1600;2995:934
535.0732,1788883400.1280,6,1643.26,5166.15,6809.41,105.9,8725.2,54528.3,0.0,13318.603,1048.457,307.597,2969:12;2992:1252;2993:1368;2994:1600;2995:934
535.1770,1788883400.2318,6,1611.14,5220.86,6832.00,221.3,8733.4,54520.0,0.0,13318.603,1048.458,307.597,2969:12;2992:1260;2993:1384;2994:1607;2995:957
535.2810,1788883400.3358,6,1630.17,5206.34,6836.50,383.1,8706.5,54547.0,0.0,13318.603,1048.458,307.597,2969:12;2992:1264;2993:1382;2994:1614;2995:934
535.3855,1788883400.4403,6,1669.14,5169.70,6838.85,207.5,8734.1,54519.4,0.0,13318.603,1048.458,307.597,2969:12;2992:1252;2993:1370;2994:1602;2995:934
535.4918,1788883400.5466,6,1732.36,5169.70,6902.06,105.4,8735.8,54517.7,0.0,13318.603,1048.458,307.597,2969:12;2992:1252;2993:1370;2994:1602;2995:934
535.5958,1788883400.6506,6,1701.75,5169.70,6871.45,96.2,8735.8,54517.7,0.0,13318.603,1048.458,307.597,2969:12;2992:1252;2993:1370;2994:1602;2995:934
535.6997,1788883400.7545,6,1719.86,5169.70,6889.57,96.3,8730.9,54522.6,0.0,13318.603,1048.458,307.597,2969:12;2992:1252;2993:1370;2994:1602;2995:934
535.8036,1788883400.8584,6,1631.70,5169.70,6801.40,115.5,8684.8,54568.6,0.0,13318.603,1048.458,307.597,2969:12;2992:1252;2993:1370;2994:1602;2995:934
535.9075,1788883400.9623,6,1649.77,5169.70,6819.47,105.8,8684.3,54569.2,0.0,13353.697,1083.551,307.597,2969:12;2992:1252;2993:1370;2994:1602;2995:934
536.0114,1788883401.0662,6,1692.46,5169.70,6862.17,105.9,8714.4,54539.0,0.0,13353.697,1083.551,307.597,2969:12;2992:1252;2993:1370;2994:1602;2995:934
536.1152,1788883401.1700,6,1751.52,5169.70,6921.23,106.1,8706.2,54547.3,0.0,13353.697,1083.551,307.597,2969:12;2992:1252;2993:1370;2994:1602;2995:934
536.2190,1788883401.2738,6,1786.45,5168.87,6955.32,161.1,8729.4,54524.0,0.0,13353.697,1083.551,307.597,2969:12;2992:1252;2993:1369;2994:1602;2995:934
536.3248,1788883401.3796,6,1751.39,5243.38,6994.77,287.5,8691.0,54562.4,0.0,13353.697,1083.552,307.597,2969:12;2992:1276;2993:1381;2994:1626;2995:949
536.4289,1788883401.4837,6,1784.14,5233.27,7017.41,336.5,8737.6,54515.9,0.0,13353.697,1083.552,307.597,2969:12;2992:1252;2993:1401;2994:1634;2995:934
536.5330,1788883401.5878,6,1819.77,5167.88,6987.65,163.3,8674.6,54578.8,0.0,13353.697,1083.552,307.597,2969:12;2992:1252;2993:1368;2994:1602;2995:934
536.6370,1788883401.6918,6,1828.59,5167.88,6996.47,96.2,8729.4,54524.1,0.0,13353.697,1083.552,307.597,2969:12;2992:1252;2993:1368;2994:1602;2995:934
536.7409,1788883401.7957,6,1842.00,5167.88,7009.88,115.5,8729.4,54524.1,0.0,13353.697,1083.552,307.597,2969:12;2992:1252;2993:1368;2994:1602;2995:934
536.8448,1788883401.8996,6,1860.11,5167.88,7027.99,105.8,8729.4,54524.1,0.0,13353.697,1083.552,307.597,2969:12;2992:1252;2993:1368;2994:1602;2995:934
536.9487,1788883402.0035,6,1823.87,5167.88,6991.75,96.3,8729.4,54524.1,0.0,13353.697,1083.552,307.597,2969:12;2992:1252;2993:1368;2994:1602;2995:934
537.0526,1788883402.1074,6,1795.15,5167.88,6963.04,86.6,8713.9,54539.6,0.0,13353.697,1083.552,307.597,2969:12;2992:1252;2993:1368;2994:1602;2995:934
537.1565,1788883402.2113,6,1802.97,5167.88,6970.85,124.8,8716.2,54537.3,0.0,13386.022,1115.876,307.597,2969:12;2992:1252;2993:1368;2994:1602;2995:934
537.2610,1788883402.3158,6,1858.46,5167.88,7026.35,124.7,8739.1,54514.3,0.0,13386.022,1115.876,307.597,2969:12;2992:1252;2993:1368;2994:1602;2995:934
537.3649,1788883402.4197,6,1907.92,5167.88,7075.80,96.2,8794.4,54459.1,0.0,13386.022,1115.876,307.597,2969:12;2992:1252;2993:1368;2994:1602;2995:934
537.4689,1788883402.5237,6,1875.62,5280.71,7156.33,278.5,8729.1,54524.4,0.0,13386.022,1115.877,307.597,2969:12;2992:1280;2993:1397;2994:1629;2995:963
537.5730,1788883402.6278,6,1911.46,5230.86,7142.32,282.8,8748.6,54504.9,0.0,13386.022,1115.877,307.597,2969:12;2992:1284;2993:1367;2994:1633;2995:934
537.6794,1788883402.7342,6,1933.41,5167.39,7100.79,153.3,8747.2,54506.2,0.0,13386.022,1115.877,307.597,2969:12;2992:1252;2993:1367;2994:1602;2995:934
537.7834,1788883402.8383,6,1956.61,5167.39,7124.00,96.2,8747.2,54506.2,0.0,13386.022,1115.877,307.597,2969:12;2992:1252;2993:1367;2994:1602;2995:934
537.8873,1788883402.9421,6,1983.48,5167.39,7150.87,96.2,8747.2,54506.2,0.0,13386.022,1115.877,307.597,2969:12;2992:1252;2993:1367;2994:1602;2995:934
537.9913,1788883403.0461,6,1948.11,5167.39,7115.49,125.0,8727.4,54526.1,0.0,13386.022,1115.877,307.597,2969:12;2992:1252;2993:1367;2994:1602;2995:934
538.0952,1788883403.1500,6,1890.89,5167.39,7058.27,96.2,8659.8,54593.7,0.0,13386.024,1115.878,307.597,2969:12;2992:1252;2993:1367;2994:1602;2995:934
538.1992,1788883403.2540,6,1907.68,5167.39,7075.07,115.5,8643.9,54609.6,0.0,13386.055,1115.910,307.597,2969:12;2992:1252;2993:1367;2994:1602;2995:934
538.3030,1788883403.3578,6,1936.56,5167.39,7103.95,96.2,8508.0,54745.4,0.0,13418.104,1147.959,307.597,2969:12;2992:1252;2993:1367;2994:1602;2995:934
538.4070,1788883403.4618,6,1993.40,5167.39,7160.79,125.1,8562.9,54690.6,0.0,13418.104,1147.959,307.597,2969:12;2992:1252;2993:1367;2994:1602;2995:934
538.5109,1788883403.5657,6,2029.95,5167.39,7197.33,96.2,8602.3,54651.1,0.0,13418.104,1147.959,307.597,2969:12;2992:1252;2993:1367;2994:1602;2995:934
538.6148,1788883403.6696,6,2007.27,5286.35,7293.62,359.4,8727.3,54526.2,0.0,13418.105,1147.959,307.597,2969:12;2992:1283;2993:1404;2994:1614;2995:973
538.7205,1788883403.7754,6,2048.05,5191.81,7239.86,249.7,8674.0,54579.4,0.0,13418.105,1147.959,307.597,2969:12;2992:1252;2993:1379;2994:1602;2995:946
538.8246,1788883403.8794,6,2057.86,5166.82,7224.68,132.6,8683.9,54569.6,0.0,13418.105,1147.960,307.597,2969:12;2992:1252;2993:1367;2994:1602;2995:934
538.9306,1788883403.9854,6,2087.38,5153.31,7240.69,94.6,8767.3,54486.1,0.0,13418.106,1147.961,307.597,2969:12;2992:1252;2993:1367;2994:1589;2995:934
539.0361,1788883404.0909,6,2106.61,5153.31,7259.93,121.6,8693.4,54560.1,0.0,13418.106,1147.961,307.597,2969:12;2992:1252;2993:1367;2994:1589;2995:934
539.1436,1788883404.1984,6,2070.38,5153.07,7223.44,93.9,8695.6,54557.8,0.0,13418.107,1147.961,307.597,2969:12;2992:1252;2993:1367;2994:1589;2995:934
539.2495,1788883404.3043,6,2013.16,5153.07,7166.22,134.2,8660.7,54592.8,0.0,13418.107,1147.962,307.597,2969:12;2992:1252;2993:1367;2994:1589;2995:934
539.3535,1788883404.4083,6,2039.82,5153.07,7192.89,105.8,8589.4,54664.1,0.0,13449.675,1179.530,307.597,2969:12;2992:1252;2993:1367;2994:1589;2995:934
539.4575,1788883404.5123,6,2076.09,5153.07,7229.15,115.5,8589.4,54664.1,0.0,13449.675,1179.530,307.597,2969:12;2992:1252;2993:1367;2994:1589;2995:934
539.5614,1788883404.6162,6,2131.89,5153.07,7284.95,106.0,8644.2,54609.3,0.0,13449.675,1179.530,307.597,2969:12;2992:1252;2993:1367;2994:1589;2995:934
539.6652,1788883404.7200,6,2117.70,5153.07,7270.76,105.8,8660.0,54593.5,0.0,13449.676,1179.531,307.597,2969:12;2992:1252;2993:1367;2994:1589;2995:934
539.7692,1788883404.8240,6,2135.62,5245.57,7381.19,432.4,8724.6,54528.9,0.0,13449.676,1179.531,307.597,2969:12;2992:1283;2993:1397;2994:1589;2995:965
539.8733,1788883404.9281,6,2154.33,5179.69,7334.02,144.1,8569.8,54683.7,0.0,13449.676,1179.531,307.597,2969:12;2992:1252;2993:1393;2994:1589;2995:934
539.9777,1788883405.0325,6,2212.66,5153.07,7365.72,121.8,8570.7,54682.7,0.0,13449.676,1179.531,307.597,2969:12;2992:1252;2993:1367;2994:1589;2995:934
540.0845,1788883405.1393,6,2208.30,5153.07,7361.36,86.2,8562.9,54690.6,0.0,13449.676,1179.531,307.597,2969:12;2992:1252;2993:1367;2994:1589;2995:934
540.1885,1788883405.2433,6,2226.41,5142.67,7369.09,125.0,8533.4,54720.1,0.0,13449.676,1179.531,307.597,2969:12;2992:1248;2993:1360;2994:1589;2995:934
540.2924,1788883405.3472,6,2199.16,5142.67,7341.84,115.5,8533.4,54720.1,0.0,13449.676,1179.531,307.597,2969:12;2992:1248;2993:1360;2994:1589;2995:934
540.3962,1788883405.4511,6,2141.66,5142.67,7284.33,96.2,8478.1,54775.3,0.0,13449.676,1179.531,307.597,2969:12;2992:1248;2993:1360;2994:1589;2995:934
540.5001,1788883405.5549,6,2151.47,5142.67,7294.14,115.5,8480.2,54773.2,0.0,13480.283,1210.138,307.597,2969:12;2992:1248;2993:1360;2994:1589;2995:934
540.6040,1788883405.6588,6,2206.51,5142.67,7349.18,96.4,8503.6,54749.8,0.0,13480.283,1210.138,307.597,2969:12;2992:1248;2993:1360;2994:1589;2995:934
540.7077,1788883405.7625,6,2260.91,5142.67,7403.58,106.1,8558.5,54695.0,0.0,13480.283,1210.138,307.597,2969:12;2992:1248;2993:1360;2994:1589;2995:934
540.8114,1788883405.8662,6,2230.46,5188.25,7418.71,211.7,8535.5,54718.0,0.0,13480.283,1210.138,307.597,2969:12;2992:1264;2993:1368;2994:1602;2995:942
540.9153,1788883405.9702,6,2260.42,5203.65,7464.07,346.1,8598.5,54655.0,0.0,13480.283,1210.138,307.597,2969:12;2992:1248;2993:1390;2994:1589;2995:965
541.0194,1788883406.0742,6,2292.56,5142.67,7435.23,163.3,8607.2,54646.3,0.0,13480.283,1210.138,307.597,2969:12;2992:1248;2993:1360;2994:1589;2995:934
541.1235,1788883406.1783,6,2311.11,5142.67,7453.78,105.8,8535.6,54717.9,0.0,13480.283,1210.138,307.597,2969:12;2992:1248;2993:1360;2994:1589;2995:934
541.2274,1788883406.2822,6,2321.07,5142.67,7463.74,125.0,8521.7,54731.8,0.0,13480.283,1210.138,307.597,2969:12;2992:1248;2993:1360;2994:1589;2995:934
541.3314,1788883406.3862,6,2302.94,5142.67,7445.61,105.8,8529.2,54724.3,0.0,13480.283,1210.138,307.597,2969:12;2992:1248;2993:1360;2994:1589;2995:934
541.4353,1788883406.4901,6,2316.53,5142.67,7459.20,105.8,8529.3,54724.2,0.0,13480.283,1210.138,307.597,2969:12;2992:1248;2993:1360;2994:1589;2995:934
541.5392,1788883406.5940,6,2262.10,5142.67,7404.77,105.8,8516.7,54736.8,0.0,13498.647,1228.501,307.597,2969:12;2992:1248;2993:1360;2994:1589;2995:934
541.6432,1788883406.6980,6,2297.93,5142.67,7440.60,96.3,8543.6,54709.9,0.0,13511.948,1241.803,307.597,2969:12;2992:1248;2993:1360;2994:1589;2995:934
541.7470,1788883406.8018,6,2352.81,5142.67,7495.48,106.0,8613.4,54640.1,0.0,13511.948,1241.803,307.597,2969:12;2992:1248;2993:1360;2994:1589;2995:934
541.8508,1788883406.9056,6,2379.86,5142.67,7522.54,96.3,8637.1,54616.4,0.0,13511.948,1241.803,307.597,2969:12;2992:1248;2993:1360;2994:1589;2995:934
541.9547,1788883407.0095,6,2379.86,5142.67,7522.54,96.2,8637.1,54616.4,0.0,13511.948,1241.803,307.597,2969:12;2992:1248;2993:1360;2994:1589;2995:934
542.0586,1788883407.1134,6,2379.86,5142.67,7522.54,96.2,8624.8,54628.7,0.0,13511.948,1241.803,307.597,2969:12;2992:1248;2993:1360;2994:1589;2995:934
542.1627,1788883407.2175,6,2379.86,5142.67,7522.54,115.2,8624.2,54629.3,0.0,13511.948,1241.803,307.597,2969:12;2992:1248;2993:1360;2994:1589;2995:934
542.2667,1788883407.3215,6,2379.87,5142.67,7522.54,124.9,8616.6,54636.9,0.0,13511.948,1241.803,307.597,2969:12;2992:1248;2993:1360;2994:1589;2995:934
542.3708,1788883407.4256,6,2379.87,5142.67,7522.54,96.2,8616.6,54636.9,0.0,13511.948,1241.803,307.597,2969:12;2992:1248;2993:1360;2994:1589;2995:934
542.4747,1788883407.5295,6,2379.87,5142.67,7522.54,115.5,8616.6,54636.9,0.0,13511.948,1241.803,307.597,2969:12;2992:1248;2993:1360;2994:1589;2995:934
542.5786,1788883407.6334,6,2379.87,5142.67,7522.54,96.2,8616.6,54636.9,0.0,13511.948,1241.803,307.597,2969:12;2992:1248;2993:1360;2994:1589;2995:934
542.6825,1788883407.7373,6,2379.87,5142.67,7522.54,105.9,8616.6,54636.9,0.0,13511.948,1241.803,307.597,2969:12;2992:1248;2993:1360;2994:1589;2995:934
542.7864,1788883407.8412,6,2348.23,5261.10,7609.33,240.0,8621.7,54631.8,0.0,13511.948,1241.803,307.597,2969:12;2992:1280;2993:1388;2994:1615;2995:965
542.8905,1788883407.9454,6,2372.65,5172.43,7545.09,326.8,8579.7,54673.8,0.0,13511.948,1241.803,307.597,2969:12;2992:1248;2993:1360;2994:1618;2995:934
542.9947,1788883408.0495,6,2415.09,5139.07,7554.16,134.4,8599.6,54653.9,0.0,13511.948,1241.803,307.597,2969:12;2992:1248;2993:1360;2994:1585;2995:934
543.0987,1788883408.1535,6,2443.52,5139.07,7582.59,96.2,8652.2,54601.3,0.0,13511.948,1241.803,307.597,2969:12;2992:1248;2993:1360;2994:1585;2995:934
543.2026,1788883408.2574,6,2456.95,5139.07,7596.02,105.8,8628.0,54625.5,0.0,13511.948,1241.803,307.597,2969:12;2992:1248;2993:1360;2994:1585;2995:934
543.3066,1788883408.3614,6,2420.71,5139.07,7559.78,105.8,8628.0,54625.5,0.0,13511.948,1241.803,307.597,2969:12;2992:1248;2993:1360;2994:1585;2995:934
543.4105,1788883408.4653,6,2363.49,5139.07,7502.56,105.8,8566.1,54687.4,0.0,13511.948,1241.803,307.597,2969:12;2992:1248;2993:1360;2994:1585;2995:934
543.5144,1788883408.5692,6,2380.92,5139.07,7519.99,105.9,8566.2,54687.3,0.0,13542.322,1272.177,307.597,2969:12;2992:1248;2993:1360;2994:1585;2995:934
543.6183,1788883408.6731,6,2426.31,5139.07,7565.38,96.4,8604.9,54648.6,0.0,13542.322,1272.177,307.597,2969:12;2992:1248;2993:1360;2994:1585;2995:934
543.7220,1788883408.7768,6,2479.70,5139.07,7618.77,106.1,8660.1,54593.4,0.0,13542.322,1272.177,307.597,2969:12;2992:1248;2993:1360;2994:1585;2995:934
543.8257,1788883408.8805,6,2490.10,5139.07,7629.16,106.0,8675.9,54577.6,0.0,13542.322,1272.177,307.597,2969:12;2992:1248;2993:1360;2994:1585;2995:934
543.9295,1788883408.9843,6,2490.10,5139.07,7629.16,96.3,8675.9,54577.6,0.0,13542.322,1272.177,307.597,2969:12;2992:1248;2993:1360;2994:1585;2995:934
544.0333,1788883409.0881,6,2490.10,5139.07,7629.16,105.9,8649.0,54604.5,0.0,13542.322,1272.177,307.597,2969:12;2992:1248;2993:1360;2994:1585;2995:934
544.1372,1788883409.1920,6,2490.10,5139.07,7629.16,96.2,8648.0,54605.4,0.0,13542.322,1272.177,307.597,2969:12;2992:1248;2993:1360;2994:1585;2995:934
544.2410,1788883409.2959,6,2490.10,5139.07,7629.16,134.7,8637.0,54616.4,0.0,13542.322,1272.177,307.597,2969:12;2992:1248;2993:1360;2994:1585;2995:934
544.3449,1788883409.3997,6,2490.10,5139.07,7629.16,96.2,8637.0,54616.4,0.0,13542.322,1272.177,307.597,2969:12;2992:1248;2993:1360;2994:1585;2995:934
544.4488,1788883409.5036,6,2490.10,5139.07,7629.16,105.9,8637.0,54616.4,0.0,13542.322,1272.177,307.597,2969:12;2992:1248;2993:1360;2994:1585;2995:934
544.5527,1788883409.6076,6,2490.10,5139.07,7629.16,96.3,8637.0,54616.4,0.0,13542.322,1272.177,307.597,2969:12;2992:1248;2993:1360;2994:1585;2995:934
544.6566,1788883409.7114,6,2490.10,5139.07,7629.17,96.3,8637.0,54616.4,0.0,13542.322,1272.177,307.597,2969:12;2992:1248;2993:1360;2994:1585;2995:934
544.7605,1788883409.8153,6,2490.10,5139.07,7629.17,105.9,8637.0,54616.4,0.0,13542.322,1272.177,307.597,2969:12;2992:1248;2993:1360;2994:1585;2995:934
544.8643,1788883409.9191,6,2490.10,5139.07,7629.17,96.3,8637.0,54616.4,0.0,13542.322,1272.177,307.597,2969:12;2992:1248;2993:1360;2994:1585;2995:934
544.9682,1788883410.0230,6,2490.10,5139.07,7629.17,105.8,8600.8,54652.7,0.0,13542.322,1272.177,307.597,2969:12;2992:1248;2993:1360;2994:1585;2995:934
545.0721,1788883410.1269,6,2490.10,5139.07,7629.17,96.3,8578.7,54674.8,0.0,13542.322,1272.177,307.597,2969:12;2992:1248;2993:1360;2994:1585;2995:934
545.1760,1788883410.2308,6,2490.10,5139.07,7629.17,125.1,8571.9,54681.6,0.0,13542.322,1272.177,307.597,2969:12;2992:1248;2993:1360;2994:1585;2995:934
545.2799,1788883410.3347,6,2490.10,5139.07,7629.17,96.2,8572.3,54681.2,0.0,13542.322,1272.177,307.597,2969:12;2992:1248;2993:1360;2994:1585;2995:934
545.3838,1788883410.4386,6,2459.76,5246.91,7706.68,259.7,8638.4,54615.1,0.0,13542.323,1272.177,307.597,2969:12;2992:1277;2993:1386;2994:1609;2995:962
545.4878,1788883410.5426,6,2484.18,5168.51,7652.70,279.0,8670.2,54583.2,0.0,13542.323,1272.177,307.597,2969:12;2992:1248;2993:1360;2994:1614;2995:934
545.5917,1788883410.6465,6,2529.35,5139.07,7668.42,125.1,8702.6,54550.8,0.0,13542.323,1272.177,307.597,2969:12;2992:1248;2993:1360;2994:1585;2995:934
545.6956,1788883410.7504,6,2555.99,5139.07,7695.06,96.3,8734.2,54519.3,0.0,13542.323,1272.177,307.597,2969:12;2992:1248;2993:1360;2994:1585;2995:934
545.7994,1788883410.8542,6,2568.48,5139.07,7707.55,106.0,8734.2,54519.3,0.0,13542.323,1272.177,307.597,2969:12;2992:1248;2993:1360;2994:1585;2995:934
545.9032,1788883410.9580,6,2532.24,5139.07,7671.31,96.3,8734.2,54519.3,0.0,13542.323,1272.177,307.597,2969:12;2992:1248;2993:1360;2994:1585;2995:934
546.0070,1788883411.0618,6,2475.02,5139.07,7614.09,106.0,8682.3,54571.2,0.0,13542.323,1272.177,307.597,2969:12;2992:1248;2993:1360;2994:1585;2995:934
546.1108,1788883411.1656,6,2498.95,5139.07,7638.02,115.6,8632.2,54621.3,0.0,13573.201,1303.056,307.597,2969:12;2992:1248;2993:1360;2994:1585;2995:934
546.2146,1788883411.2694,6,2534.86,5139.07,7673.93,144.4,8632.0,54621.4,0.0,13573.201,1303.056,307.597,2969:12;2992:1248;2993:1360;2994:1585;2995:934
546.3184,1788883411.3732,6,2591.07,5139.07,7730.14,96.3,8694.8,54558.7,0.0,13573.201,1303.056,307.597,2969:12;2992:1248;2993:1360;2994:1585;2995:934
546.4222,1788883411.4771,6,2573.86,5162.16,7736.02,170.6,8703.2,54550.3,0.0,13573.201,1303.056,307.597,2969:12;2992:1253;2993:1366;2994:1590;2995:940
546.5280,1788883411.5828,6,2601.68,5208.93,7810.61,316.6,8692.0,54561.4,0.0,13573.201,1303.056,307.597,2969:12;2992:1260;2993:1389;2994:1614;2995:934
546.6320,1788883411.6868,6,2624.75,5139.07,7763.82,173.2,8687.1,54566.4,0.0,13573.201,1303.056,307.597,2969:12;2992:1248;2993:1360;2994:1585;2995:934
546.7359,1788883411.7907,6,2655.15,5139.07,7794.22,105.9,8706.5,54547.0,0.0,13573.201,1303.056,307.597,2969:12;2992:1248;2993:1360;2994:1585;2995:934
546.8397,1788883411.8946,6,2664.14,5139.07,7803.21,105.9,8706.7,54546.7,0.0,13573.201,1303.056,307.597,2969:12;2992:1248;2993:1360;2994:1585;2995:934
546.9436,1788883411.9984,6,2646.07,5139.07,7785.14,86.6,8706.7,54546.7,0.0,13573.201,1303.056,307.597,2969:12;2992:1248;2993:1360;2994:1585;2995:934
547.0475,1788883412.1023,6,2589.12,5139.07,7728.19,105.8,8636.4,54617.0,0.0,13573.201,1303.056,307.597,2969:12;2992:1248;2993:1360;2994:1585;2995:934
547.1515,1788883412.2063,6,2604.43,5139.07,7743.50,105.8,8668.8,54584.7,0.0,13591.190,1321.045,307.597,2969:12;2992:1248;2993:1360;2994:1585;2995:934
547.2555,1788883412.3103,6,2638.56,5139.07,7777.62,153.8,8663.6,54589.8,0.0,13603.802,1333.656,307.597,2969:12;2992:1248;2993:1360;2994:1585;2995:934
547.3594,1788883412.4142,6,2692.41,5139.07,7831.48,96.2,8722.8,54530.7,0.0,13603.802,1333.656,307.597,2969:12;2992:1248;2993:1360;2994:1585;2995:934
547.4633,1788883412.5181,6,2686.26,5139.07,7825.32,86.5,8746.7,54506.8,0.0,13603.802,1333.657,307.597,2969:12;2992:1248;2993:1360;2994:1585;2995:934
547.5673,1788883412.6222,6,2708.06,5207.80,7915.86,384.5,8797.3,54456.2,0.0,13603.802,1333.657,307.597,2969:12;2992:1276;2993:1372;2994:1613;2995:934
547.6714,1788883412.7262,6,2735.59,5139.07,7874.66,163.5,8791.0,54462.5,0.0,13603.802,1333.657,307.597,2969:12;2992:1248;2993:1360;2994:1585;2995:934
547.7753,1788883412.8301,6,2766.95,5139.07,7906.02,96.3,8810.8,54442.7,0.0,13603.802,1333.657,307.597,2969:12;2992:1248;2993:1360;2994:1585;2995:934
547.8791,1788883412.9339,6,2774.49,5139.07,7913.56,96.3,8810.8,54442.7,0.0,13603.802,1333.657,307.597,2969:12;2992:1248;2993:1360;2994:1585;2995:934
547.9829,1788883413.0377,6,2756.79,5139.07,7895.86,105.9,8805.5,54448.0,0.0,13603.802,1333.657,307.597,2969:12;2992:1248;2993:1360;2994:1585;2995:934
548.0869,1788883413.1417,6,2701.52,5139.07,7840.59,96.4,8745.0,54508.5,0.0,13603.802,1333.657,307.597,2969:12;2992:1248;2993:1360;2994:1585;2995:934
548.1907,1788883413.2455,6,2716.35,5139.07,7855.42,115.5,8757.2,54496.3,0.0,13621.790,1351.646,307.597,2969:12;2992:1248;2993:1360;2994:1585;2995:934
548.2946,1788883413.3494,6,2750.00,5139.07,7889.07,105.9,8762.1,54491.4,0.0,13633.918,1363.773,307.597,2969:12;2992:1248;2993:1360;2994:1585;2995:934
548.3984,1788883413.4532,6,2805.27,5139.07,7944.34,106.0,8816.9,54436.6,0.0,13633.918,1363.773,307.597,2969:12;2992:1248;2993:1360;2994:1585;2995:934
548.5022,1788883413.5570,6,2797.89,5139.07,7936.96,125.1,8840.8,54412.7,0.0,13633.918,1363.773,307.597,2969:12;2992:1248;2993:1360;2994:1585;2995:934
548.6060,1788883413.6609,6,2826.89,5194.51,8021.39,365.6,8929.1,54324.4,0.0,13633.918,1363.773,307.597,2969:12;2992:1276;2993:1360;2994:1613;2995:934
548.7100,1788883413.7649,6,2860.68,5139.07,7999.74,144.2,8950.7,54302.8,0.0,13633.918,1363.773,307.597,2969:12;2992:1248;2993:1360;2994:1585;2995:934
548.8140,1788883413.8688,6,2886.32,5139.07,8025.39,96.2,8975.9,54277.5,0.0,13633.918,1363.773,307.597,2969:12;2992:1248;2993:1360;2994:1585;2995:934
548.9179,1788883413.9727,6,2900.25,5139.07,8039.32,105.9,8975.9,54277.5,0.0,13633.918,1363.773,307.597,2969:12;2992:1248;2993:1360;2994:1585;2995:934
549.0217,1788883414.0765,6,2866.15,5139.07,8005.21,96.3,8963.0,54290.4,0.0,13633.918,1363.773,307.597,2969:12;2992:1248;2993:1360;2994:1585;2995:934
549.1256,1788883414.1804,6,2825.35,5139.07,7964.41,105.9,8910.3,54343.2,0.0,13633.918,1363.773,307.597,2969:12;2992:1248;2993:1360;2994:1585;2995:934
549.2295,1788883414.2843,6,2835.34,5139.07,7974.41,144.3,8831.8,54421.7,0.0,13663.594,1393.449,307.597,2969:12;2992:1248;2993:1360;2994:1585;2995:934
549.3335,1788883414.3883,6,2888.86,5139.07,8027.93,105.8,8863.0,54390.5,0.0,13663.594,1393.449,307.597,2969:12;2992:1248;2993:1360;2994:1585;2995:934
549.4374,1788883414.4922,6,2935.20,5139.07,8074.27,115.5,8910.3,54343.2,0.0,13663.594,1393.449,307.597,2969:12;2992:1248;2993:1360;2994:1585;2995:934
549.5413,1788883414.5961,6,2925.07,5207.08,8132.15,336.5,8955.5,54298.0,0.0,13663.594,1393.450,307.597,2969:12;2992:1286;2993:1370;2994:1605;2995:934
549.6454,1788883414.7002,6,2949.80,5139.07,8088.87,153.8,8966.1,54287.4,0.0,13663.594,1393.450,307.597,2969:12;2992:1248;2993:1360;2994:1585;2995:934
549.7494,1788883414.8042,6,2978.20,5139.07,8117.27,96.2,8966.1,54287.4,0.0,13663.594,1393.450,307.597,2969:12;2992:1248;2993:1360;2994:1585;2995:934
549.8533,1788883414.9081,6,2992.70,5139.07,8131.77,96.2,8966.1,54287.4,0.0,13663.594,1393.450,307.597,2969:12;2992:1248;2993:1360;2994:1585;2995:934
549.9572,1788883415.0120,6,2920.81,5139.07,8059.88,96.2,8942.5,54311.0,0.0,13663.594,1393.450,307.597,2969:12;2992:1248;2993:1360;2994:1585;2995:934
550.0611,1788883415.1159,6,2959.09,5139.07,8098.15,115.5,8897.5,54356.0,0.0,13692.945,1422.800,307.597,2969:12;2992:1248;2993:1360;2994:1585;2995:934
550.1650,1788883415.2198,6,2986.54,5139.07,8125.61,115.6,8920.8,54332.7,0.0,13692.945,1422.800,307.597,2969:12;2992:1248;2993:1360;2994:1585;2995:934
550.2688,1788883415.3236,6,3039.42,5139.07,8178.49,125.2,8948.1,54305.4,0.0,13692.945,1422.800,307.597,2969:12;2992:1248;2993:1360;2994:1585;2995:934
550.3725,1788883415.4273,6,3018.82,5176.87,8195.69,287.9,9013.1,54240.4,0.0,13692.945,1422.801,307.597,2969:12;2992:1256;2993:1390;2994:1585;2995:934
550.4768,1788883415.5316,6,3077.09,5139.07,8216.16,153.8,9036.8,54216.6,0.0,13692.945,1422.801,307.597,2969:12;2992:1248;2993:1360;2994:1585;2995:934
550.5808,1788883415.6356,6,3076.67,5139.07,8215.74,96.3,9036.8,54216.6,0.0,13692.945,1422.801,307.597,2969:12;2992:1248;2993:1360;2994:1585;2995:934
550.6846,1788883415.7395,6,3026.51,5139.07,8165.57,105.9,9013.5,54240.0,0.0,13692.945,1422.801,307.597,2969:12;2992:1248;2993:1360;2994:1585;2995:934
550.7885,1788883415.8433,6,3041.51,5139.07,8180.58,96.2,9036.1,54217.4,0.0,13722.065,1451.921,307.597,2969:12;2992:1248;2993:1360;2994:1585;2995:934
550.8924,1788883415.9472,6,3094.88,5139.07,8233.94,106.1,9067.7,54185.8,0.0,13722.065,1451.921,307.597,2969:12;2992:1248;2993:1360;2994:1585;2995:934
550.9962,1788883416.0510,6,3145.22,5139.07,8284.29,106.0,9113.1,54140.3,0.0,13722.065,1451.921,307.597,2969:12;2992:1248;2993:1360;2994:1585;2995:934
551.0999,1788883416.1547,6,3121.45,5148.18,8269.63,247.0,9098.2,54155.3,0.0,13722.066,1451.921,307.597,2969:12;2992:1248;2993:1369;2994:1585;2995:934
551.2052,1788883416.2601,6,3152.55,5139.07,8291.62,153.8,9109.9,54143.6,0.0,13722.066,1451.921,307.597,2969:12;2992:1248;2993:1360;2994:1585;2995:934
551.3092,1788883416.3640,6,3140.79,5139.07,8279.85,96.2,9104.2,54149.2,0.0,13722.066,1451.921,307.597,2969:12;2992:1248;2993:1360;2994:1585;2995:934
551.4131,1788883416.4679,6,3150.92,5139.07,8289.99,134.8,9123.5,54130.0,0.0,13751.539,1481.395,307.597,2969:12;2992:1248;2993:1360;2994:1585;2995:934
551.5170,1788883416.5718,6,3204.39,5139.07,8343.46,96.3,9154.7,54098.8,0.0,13751.539,1481.395,307.597,2969:12;2992:1248;2993:1360;2994:1585;2995:934
551.6208,1788883416.6756,6,3251.20,5139.07,8390.27,96.3,9202.0,54051.5,0.0,13751.539,1481.395,307.597,2969:12;2992:1248;2993:1360;2994:1585;2995:934
551.7246,1788883416.7794,6,3239.43,5139.07,8378.49,182.7,9218.8,54034.7,0.0,13751.540,1481.395,307.597,2969:12;2992:1248;2993:1360;2994:1585;2995:934
551.8286,1788883416.8834,6,3265.73,5139.07,8404.79,105.8,9257.8,53995.7,0.0,13751.540,1481.395,307.597,2969:12;2992:1248;2993:1360;2994:1585;2995:934
551.9325,1788883416.9873,6,3280.77,5139.07,8419.84,105.9,9200.7,54052.8,0.0,13780.207,1510.063,307.597,2969:12;2992:1248;2993:1360;2994:1585;2995:934
552.0363,1788883417.0911,6,3332.84,5139.07,8471.90,96.3,9250.0,54003.5,0.0,13780.207,1510.063,307.597,2969:12;2992:1248;2993:1360;2994:1585;2995:934
552.1402,1788883417.1950,6,3324.42,5139.07,8463.48,105.9,9258.5,53995.0,0.0,13780.208,1510.063,307.597,2969:12;2992:1248;2993:1360;2994:1585;2995:934
552.2440,1788883417.2988,6,3329.87,5139.07,8468.94,163.8,9213.7,54039.8,0.0,13780.457,1510.313,307.597,2969:12;2992:1248;2993:1360;2994:1585;2995:934
552.3479,1788883417.4027,6,3338.11,5139.07,8477.17,96.2,9213.7,54039.8,0.0,13780.457,1510.313,307.597,2969:12;2992:1248;2993:1360;2994:1585;2995:934
552.4518,1788883417.5066,6,3338.40,5139.07,8477.46,105.9,9213.7,54039.8,0.0,13780.457,1510.313,307.597,2969:12;2992:1248;2993:1360;2994:1585;2995:934
552.5557,1788883417.6105,6,3370.82,5139.07,8509.89,96.3,9229.0,54024.4,0.0,13780.457,1510.313,307.597,2969:12;2992:1248;2993:1360;2994:1585;2995:934
552.6595,1788883417.7143,6,3399.96,5139.07,8539.03,96.3,9260.6,53992.9,0.0,13780.457,1510.313,307.597,2969:12;2992:1248;2993:1360;2994:1585;2995:934
552.7633,1788883417.8181,6,3407.97,5139.07,8547.04,96.4,9268.5,53985.0,0.0,13780.457,1510.313,307.597,2969:12;2992:1248;2993:1360;2994:1585;2995:934
552.8670,1788883417.9218,6,3407.97,5139.07,8547.04,106.1,9268.5,53985.0,0.0,13780.457,1510.313,307.597,2969:12;2992:1248;2993:1360;2994:1585;2995:934
552.9706,1788883418.0254,6,3407.97,5139.07,8547.04,96.3,9265.2,53988.3,0.0,13780.457,1510.313,307.597,2969:12;2992:1248;2993:1360;2994:1585;2995:934
553.0745,1788883418.1293,6,3407.97,5139.07,8547.04,106.1,9260.6,53992.9,0.0,13780.457,1510.313,307.597,2969:12;2992:1248;2993:1360;2994:1585;2995:934
553.1781,1788883418.2329,6,3407.97,5139.07,8547.04,125.2,9245.8,54007.7,0.0,13780.457,1510.313,307.597,2969:12;2992:1248;2993:1360;2994:1585;2995:934
553.2818,1788883418.3366,6,3421.70,5139.07,8560.77,105.9,9260.6,53992.9,0.0,13780.457,1510.313,307.597,2969:12;2992:1248;2993:1360;2994:1585;2995:934
553.3857,1788883418.4405,6,3326.78,5139.07,8465.85,96.3,9260.6,53992.9,0.0,13780.457,1510.313,307.597,2969:12;2992:1248;2993:1360;2994:1585;2995:934
553.4895,1788883418.5443,6,3326.80,5139.07,8465.86,96.3,9259.4,53994.1,0.0,13780.457,1510.313,307.597,2969:12;2992:1248;2993:1360;2994:1585;2995:934
553.5933,1788883418.6482,6,3326.80,5139.07,8465.86,106.0,9255.8,53997.6,0.0,13780.457,1510.313,307.597,2969:12;2992:1248;2993:1360;2994:1585;2995:934
553.6971,1788883418.7519,6,3326.80,5139.07,8465.87,96.5,9252.3,54001.2,0.0,13780.457,1510.313,307.597,2969:12;2992:1248;2993:1360;2994:1585;2995:934
553.8007,1788883418.8555,6,3326.80,5139.07,8465.87,96.5,9249.1,54004.3,0.0,13780.457,1510.313,307.597,2969:12;2992:1248;2993:1360;2994:1585;2995:934
553.9044,1788883418.9592,6,3326.80,5139.07,8465.87,105.9,9245.6,54007.9,0.0,13780.457,1510.313,307.597,2969:12;2992:1248;2993:1360;2994:1585;2995:934
554.0083,1788883419.0631,6,3326.80,5139.07,8465.87,105.9,9242.3,54011.2,0.0,13780.457,1510.313,307.597,2969:12;2992:1248;2993:1360;2994:1585;2995:934
554.1121,1788883419.1669,6,3326.80,5139.07,8465.87,105.9,9237.7,54015.8,0.0,13780.457,1510.313,307.597,2969:12;2992:1248;2993:1360;2994:1585;2995:934
554.2159,1788883419.2708,6,3326.81,5139.07,8465.88,125.2,9230.7,54022.8,0.0,13780.457,1510.313,307.597,2969:12;2992:1248;2993:1360;2994:1585;2995:934
554.3197,1788883419.3745,6,3326.81,5139.07,8465.88,96.3,9227.2,54026.3,0.0,13780.457,1510.313,307.597,2969:12;2992:1248;2993:1360;2994:1585;2995:934
554.4235,1788883419.4783,6,3326.81,5139.07,8465.88,96.3,9223.6,54029.9,0.0,13780.457,1510.313,307.597,2969:12;2992:1248;2993:1360;2994:1585;2995:934
554.5273,1788883419.5821,6,3326.81,5139.07,8465.88,96.3,9220.5,54033.0,0.0,13780.457,1510.313,307.597,2969:12;2992:1248;2993:1360;2994:1585;2995:934
554.6312,1788883419.6860,6,3326.83,5139.07,8465.89,105.9,9218.5,54035.0,0.0,13780.457,1510.313,307.597,2969:12;2992:1248;2993:1360;2994:1585;2995:934
554.7350,1788883419.7898,6,3326.83,5139.07,8465.89,105.9,9218.5,54035.0,0.0,13780.457,1510.313,307.597,2969:12;2992:1248;2993:1360;2994:1585;2995:934
554.8389,1788883419.8937,6,3326.83,5139.07,8465.89,96.3,9218.5,54035.0,0.0,13780.457,1510.313,307.597,2969:12;2992:1248;2993:1360;2994:1585;2995:934
554.9428,1788883419.9976,6,3326.83,5139.07,8465.89,96.3,9218.5,54035.0,0.0,13780.457,1510.313,307.597,2969:12;2992:1248;2993:1360;2994:1585;2995:934
555.0466,1788883420.1014,6,3326.83,5139.07,8465.89,106.0,9215.3,54038.2,0.0,13780.457,1510.313,307.597,2969:12;2992:1248;2993:1360;2994:1585;2995:934
555.1504,1788883420.2053,6,3326.83,5139.07,8465.89,96.3,9211.9,54041.6,0.0,13780.457,1510.313,307.597,2969:12;2992:1248;2993:1360;2994:1585;2995:934
555.2543,1788883420.3091,6,3326.83,5139.07,8465.89,134.6,9208.6,54044.9,0.0,13780.457,1510.313,307.597,2969:12;2992:1248;2993:1360;2994:1585;2995:934
555.3583,1788883420.4131,6,3326.83,5139.07,8465.89,96.2,9208.6,54044.9,0.0,13780.457,1510.313,307.597,2969:12;2992:1248;2993:1360;2994:1585;2995:934
555.4623,1788883420.5171,6,3326.83,5139.07,8465.89,96.2,9208.6,54044.9,0.0,13780.457,1510.313,307.597,2969:12;2992:1248;2993:1360;2994:1585;2995:934
555.5662,1788883420.6210,6,3326.83,5139.07,8465.89,105.9,9208.6,54044.9,0.0,13780.457,1510.313,307.597,2969:12;2992:1248;2993:1360;2994:1585;2995:934
555.6701,1788883420.7249,6,3326.83,5139.07,8465.90,96.2,9208.6,54044.9,0.0,13780.457,1510.313,307.597,2969:12;2992:1248;2993:1360;2994:1585;2995:934
555.7740,1788883420.8288,6,3326.83,5139.07,8465.90,105.9,9208.6,54044.9,0.0,13780.457,1510.313,307.597,2969:12;2992:1248;2993:1360;2994:1585;2995:934
555.8779,1788883420.9327,6,3326.83,5139.07,8465.90,96.2,9208.6,54044.9,0.0,13780.457,1510.313,307.597,2969:12;2992:1248;2993:1360;2994:1585;2995:934
555.9818,1788883421.0366,6,3326.83,5139.07,8465.90,96.3,9208.6,54044.9,0.0,13780.457,1510.313,307.597,2969:12;2992:1248;2993:1360;2994:1585;2995:934
556.0857,1788883421.1405,6,3326.83,5139.07,8465.90,105.8,9194.1,54059.4,0.0,13780.457,1510.313,307.597,2969:12;2992:1248;2993:1360;2994:1585;2995:934
556.1897,1788883421.2445,6,3326.83,5139.07,8465.90,105.8,9185.0,54068.5,0.0,13780.457,1510.313,307.597,2969:12;2992:1248;2993:1360;2994:1585;2995:934
556.2936,1788883421.3484,6,3326.83,5139.07,8465.90,105.9,9185.0,54068.5,0.0,13780.457,1510.313,307.597,2969:12;2992:1248;2993:1360;2994:1585;2995:934
556.3975,1788883421.4523,6,3326.83,5139.07,8465.90,105.8,9185.0,54068.5,0.0,13780.457,1510.313,307.597,2969:12;2992:1248;2993:1360;2994:1585;2995:934
556.5014,1788883421.5562,6,3326.83,5139.07,8465.90,105.9,9185.0,54068.5,0.0,13780.457,1510.313,307.597,2969:12;2992:1248;2993:1360;2994:1585;2995:934
556.6053,1788883421.6601,6,3329.03,5139.07,8468.09,96.3,9185.0,54068.5,0.0,13780.457,1510.313,307.597,2969:12;2992:1248;2993:1360;2994:1585;2995:934
556.7092,1788883421.7640,6,3347.11,5139.07,8486.17,96.2,9185.0,54068.5,0.0,13780.457,1510.313,307.597,2969:12;2992:1248;2993:1360;2994:1585;2995:934
556.8131,1788883421.8679,6,3347.11,5139.07,8486.17,96.2,9185.0,54068.5,0.0,13780.457,1510.313,307.597,2969:12;2992:1248;2993:1360;2994:1585;2995:934
556.9170,1788883421.9718,6,3347.11,5139.07,8486.17,105.9,9185.0,54068.5,0.0,13780.457,1510.313,307.597,2969:12;2992:1248;2993:1360;2994:1585;2995:934
557.0209,1788883422.0757,6,3347.11,5139.07,8486.17,96.2,9176.6,54076.9,0.0,13780.457,1510.313,307.597,2969:12;2992:1248;2993:1360;2994:1585;2995:934
557.1248,1788883422.1796,6,3347.11,5139.07,8486.17,105.9,9176.6,54076.9,0.0,13780.457,1510.313,307.597,2969:12;2992:1248;2993:1360;2994:1585;2995:934
557.2287,1788883422.2836,6,3347.11,5139.07,8486.17,115.4,9169.6,54083.8,0.0,13780.457,1510.313,307.597,2969:12;2992:1248;2993:1360;2994:1585;2995:934
557.3327,1788883422.3876,6,3347.11,5139.07,8486.17,96.2,9169.6,54083.8,0.0,13780.457,1510.313,307.597,2969:12;2992:1248;2993:1360;2994:1585;2995:934
557.4366,1788883422.4914,6,3347.11,5139.07,8486.17,105.9,9169.6,54083.8,0.0,13780.457,1510.313,307.597,2969:12;2992:1248;2993:1360;2994:1585;2995:934
557.5405,1788883422.5954,6,3347.11,5139.07,8486.17,96.2,9169.6,54083.8,0.0,13780.457,1510.313,307.597,2969:12;2992:1248;2993:1360;2994:1585;2995:934
557.6444,1788883422.6992,6,3347.11,5139.07,8486.17,105.8,9169.6,54083.8,0.0,13780.457,1510.313,307.597,2969:12;2992:1248;2993:1360;2994:1585;2995:934
557.7484,1788883422.8032,6,3347.11,5139.07,8486.18,96.2,9169.6,54083.8,0.0,13780.457,1510.313,307.597,2969:12;2992:1248;2993:1360;2994:1585;2995:934
557.8523,1788883422.9071,6,3347.11,5139.07,8486.18,105.9,9169.6,54083.8,0.0,13780.457,1510.313,307.597,2969:12;2992:1248;2993:1360;2994:1585;2995:934
557.9562,1788883423.0110,6,3347.11,5139.07,8486.18,96.3,9167.5,54085.9,0.0,13780.457,1510.313,307.597,2969:12;2992:1248;2993:1360;2994:1585;2995:934
558.0600,1788883423.1148,6,3347.11,5139.07,8486.18,96.3,9161.3,54092.2,0.0,13780.457,1510.313,307.597,2969:12;2992:1248;2993:1360;2994:1585;2995:934
558.1639,1788883423.2187,6,3347.11,5139.07,8486.18,115.5,9150.1,54103.4,0.0,13780.457,1510.313,307.597,2969:12;2992:1248;2993:1360;2994:1585;2995:934
558.2678,1788883423.3226,6,3347.11,5139.07,8486.18,105.8,9150.1,54103.4,0.0,13780.457,1510.313,307.597,2969:12;2992:1248;2993:1360;2994:1585;2995:934
558.3718,1788883423.4266,6,3347.11,5139.07,8486.18,105.8,9150.1,54103.4,0.0,13780.457,1510.313,307.597,2969:12;2992:1248;2993:1360;2994:1585;2995:934
558.4758,1788883423.5306,6,3347.11,5139.07,8486.18,96.3,9150.1,54103.4,0.0,13780.457,1510.313,307.597,2969:12;2992:1248;2993:1360;2994:1585;2995:934
558.5797,1788883423.6345,6,3347.11,5139.07,8486.18,96.3,9150.1,54103.4,0.0,13780.457,1510.313,307.597,2969:12;2992:1248;2993:1360;2994:1585;2995:934
558.6835,1788883423.7383,6,3347.11,5139.07,8486.18,106.0,9150.1,54103.4,0.0,13780.457,1510.313,307.597,2969:12;2992:1248;2993:1360;2994:1585;2995:934
558.7873,1788883423.8421,6,3347.11,5139.07,8486.18,96.3,9150.1,54103.4,0.0,13780.457,1510.313,307.597,2969:12;2992:1248;2993:1360;2994:1585;2995:934
558.8911,1788883423.9459,6,3353.87,5139.07,8492.93,96.3,9150.1,54103.4,0.0,13780.457,1510.313,307.597,2969:12;2992:1248;2993:1360;2994:1585;2995:934
558.9949,1788883424.0497,6,3375.88,5139.07,8514.95,106.0,9144.1,54109.4,0.0,13780.457,1510.313,307.597,2969:12;2992:1248;2993:1360;2994:1585;2995:934
559.0987,1788883424.1535,6,3375.88,5139.07,8514.95,106.2,9112.3,54141.2,0.0,13780.457,1510.313,307.597,2969:12;2992:1248;2993:1360;2994:1585;2995:934
559.2023,1788883424.2571,6,3375.88,5139.07,8514.95,116.0,9107.4,54146.0,0.0,13780.457,1510.313,307.597,2969:12;2992:1248;2993:1360;2994:1585;2995:934
559.3057,1788883424.3605,6,3375.88,5139.07,8514.95,106.4,9099.6,54153.9,0.0,13780.457,1510.313,307.597,2969:12;2992:1248;2993:1360;2994:1585;2995:934
559.4091,1788883424.4639,6,3375.88,5139.07,8514.95,96.6,9096.8,54156.7,0.0,13780.457,1510.313,307.597,2969:12;2992:1248;2993:1360;2994:1585;2995:934
559.5126,1788883424.5674,6,3375.88,5139.07,8514.95,96.7,9094.0,54159.4,0.0,13780.457,1510.313,307.597,2969:12;2992:1248;2993:1360;2994:1585;2995:934
559.6160,1788883424.6708,6,3375.88,5139.07,8514.95,96.6,9099.2,54154.3,0.0,13780.457,1510.313,307.597,2969:12;2992:1248;2993:1360;2994:1585;2995:934
559.7196,1788883424.7744,6,3375.89,5139.07,8514.95,106.3,9096.5,54157.0,0.0,13780.457,1510.313,307.597,2969:12;2992:1248;2993:1360;2994:1585;2995:934
559.8231,1788883424.8779,6,3375.89,5139.07,8514.95,96.5,9101.6,54151.9,0.0,13780.457,1510.313,307.597,2969:12;2992:1248;2993:1360;2994:1585;2995:934
559.9268,1788883424.9816,6,3375.89,5139.07,8514.95,115.5,9097.8,54155.6,0.0,13780.457,1510.313,307.597,2969:12;2992:1248;2993:1360;2994:1585;2995:934
560.0307,1788883425.0855,6,3375.89,5139.07,8514.95,96.3,9097.7,54155.8,0.0,13780.457,1510.313,307.597,2969:12;2992:1248;2993:1360;2994:1585;2995:934
560.1345,1788883425.1893,6,3328.64,5139.07,8467.70,115.6,9094.9,54158.6,0.0,13780.457,1510.313,307.597,2969:12;2992:1248;2993:1360;2994:1585;2995:934
560.2384,1788883425.2932,6,3328.64,5139.07,8467.70,115.5,9088.6,54164.9,0.0,13780.457,1510.313,307.597,2969:12;2992:1248;2993:1360;2994:1585;2995:934
560.3422,1788883425.3970,6,3328.64,5139.07,8467.70,105.9,9088.6,54164.9,0.0,13780.457,1510.313,307.597,2969:12;2992:1248;2993:1360;2994:1585;2995:934
560.4460,1788883425.5008,6,3328.64,5139.07,8467.70,96.4,9088.6,54164.9,0.0,13780.457,1510.313,307.597,2969:12;2992:1248;2993:1360;2994:1585;2995:934
560.5497,1788883425.6045,6,3328.64,5139.07,8467.70,96.4,9088.6,54164.9,0.0,13780.457,1510.313,307.597,2969:12;2992:1248;2993:1360;2994:1585;2995:934
560.6535,1788883425.7083,6,3328.64,5139.07,8467.70,105.9,9088.6,54164.9,0.0,13780.457,1510.313,307.597,2969:12;2992:1248;2993:1360;2994:1585;2995:934
560.7574,1788883425.8122,6,3328.66,5139.07,8467.73,96.3,9088.6,54164.9,0.0,13780.457,1510.313,307.597,2969:12;2992:1248;2993:1360;2994:1585;2995:934
560.8612,1788883425.9160,6,3328.66,5139.07,8467.73,96.4,9088.6,54164.9,0.0,13780.457,1510.313,307.597,2969:12;2992:1248;2993:1360;2994:1585;2995:934
560.9650,1788883426.0198,6,3328.66,5139.07,8467.73,115.7,9083.7,54169.7,0.0,13780.457,1510.313,307.597,2969:12;2992:1248;2993:1360;2994:1585;2995:934
561.0687,1788883426.1235,6,3328.66,5139.07,8467.73,96.6,9080.1,54173.4,0.0,13780.457,1510.313,307.597,2969:12;2992:1248;2993:1360;2994:1585;2995:934
561.1722,1788883426.2270,6,3328.66,5139.07,8467.73,115.7,9079.9,54173.6,0.0,13780.457,1510.313,307.597,2969:12;2992:1248;2993:1360;2994:1585;2995:934
561.2759,1788883426.3307,6,3328.66,5139.07,8467.73,106.0,9075.9,54177.6,0.0,13780.457,1510.313,307.597,2969:12;2992:1248;2993:1360;2994:1585;2995:934
561.3796,1788883426.4345,6,3328.66,5139.07,8467.73,96.4,9075.9,54177.6,0.0,13780.457,1510.313,307.597,2969:12;2992:1248;2993:1360;2994:1585;2995:934
561.4834,1788883426.5382,6,3328.66,5139.07,8467.73,106.0,9075.9,54177.6,0.0,13780.457,1510.313,307.597,2969:12;2992:1248;2993:1360;2994:1585;2995:934
561.5872,1788883426.6420,6,3328.66,5139.07,8467.73,96.6,9075.9,54177.6,0.0,13780.457,1510.313,307.597,2969:12;2992:1248;2993:1360;2994:1585;2995:934
561.6907,1788883426.7455,6,3328.67,5139.07,8467.73,106.3,9075.9,54177.6,0.0,13780.457,1510.313,307.597,2969:12;2992:1248;2993:1360;2994:1585;2995:934
561.7941,1788883426.8490,6,3325.71,5139.07,8464.78,96.3,9075.9,54177.6,0.0,13780.457,1510.313,307.597,2969:12;2992:1248;2993:1360;2994:1585;2995:934
561.8980,1788883426.9528,6,3324.71,5139.07,8463.78,96.3,9075.9,54177.6,0.0,13780.457,1510.313,307.597,2969:12;2992:1248;2993:1360;2994:1585;2995:934
562.0018,1788883427.0566,6,3320.78,5139.07,8459.84,106.0,9071.4,54182.1,0.0,13780.457,1510.313,307.597,2969:12;2992:1248;2993:1360;2994:1585;2995:934
562.1056,1788883427.1604,6,3305.01,5139.07,8444.07,96.4,9069.8,54183.7,0.0,13780.457,1510.313,307.597,2969:12;2992:1248;2993:1360;2994:1585;2995:934
562.2093,1788883427.2641,6,2667.08,5139.07,7806.15,125.2,8464.4,54789.1,0.0,13780.457,1510.313,307.597,2969:12;2992:1248;2993:1360;2994:1585;2995:934
562.3130,1788883427.3678,6,1496.69,5139.07,6635.76,96.4,7293.4,55960.0,0.0,13780.457,1510.313,307.597,2969:12;2992:1248;2993:1360;2994:1585;2995:934
562.4168,1788883427.4716,6,1365.93,4834.06,6199.99,298.4,6890.8,56362.7,0.0,13780.466,1510.329,307.597,2969:12;2992:1174;2993:1320;2994:1422;2995:906
562.5208,1788883427.5756,6,1365.93,1175.73,2541.66,394.4,5324.8,57928.7,0.0,13780.466,1510.329,307.597,2969:12;2992:1163;2993:0;2994:0;2995:0
562.6247,1788883427.6795,6,1365.93,12.25,1378.18,240.6,2472.4,60781.1,0.0,13780.466,1510.330,307.597,2969:12;2992:0;2993:0;2994:0;2995:0
