t_mono,t_wall,n_procs,client_rss_mb,workers_rss_mb,tree_rss_mb,tree_cpu_pct,sys_used_mb,sys_available_mb,swap_used_mb,workers
110778.0121,1788877079.2017,2,23.75,12.88,36.62,0.0,14583.4,41458.8,2373.0,3183768:13
110778.1203,1788877079.3098,2,23.75,12.88,36.62,0.0,14582.4,41459.8,2373.0,3183768:13
110778.2284,1788877079.4179,2,23.75,12.88,36.62,0.0,14583.2,41459.1,2373.0,3183768:13
110778.3373,1788877079.5268,2,30.28,12.88,43.15,90.6,14585.1,41457.1,2373.0,3183768:13
110778.4477,1788877079.6373,2,38.96,12.88,51.84,92.4,14591.8,41450.4,2373.0,3183768:13
110778.5558,1788877079.7454,2,39.34,12.88,52.21,100.7,14591.2,41451.0,2373.0,3183768:13
110778.6651,1788877079.8547,2,45.65,12.88,58.52,100.3,14595.2,41447.1,2373.0,3183768:13
110778.7748,1788877079.9644,2,58.15,12.88,71.02,1066.5,14604.0,41438.2,2373.0,3183768:13
110778.8836,1788877080.0731,2,63.52,12.88,76.40,101.2,14607.5,41434.8,2373.0,3183768:13
110778.9923,1788877080.1818,2,72.31,12.88,85.19,92.3,14614.3,41427.9,2373.0,3183768:13
110779.1006,1788877080.2901,2,77.94,12.88,90.81,108.0,14618.0,41424.2,2373.0,3183768:13
110779.2118,1788877080.4013,2,82.59,12.88,95.47,97.2,14622.7,41419.5,2373.0,3183768:13
110779.3252,1788877080.5147,2,86.97,12.88,99.84,99.8,14629.6,41412.6,2373.0,3183768:13
110779.4351,1788877080.6246,2,97.09,12.88,109.97,98.8,14633.3,41408.9,2373.0,3183768:13
110779.5464,1788877080.7359,2,108.14,12.88,121.02,100.2,14641.7,41400.6,2373.0,3183768:13
110779.6562,1788877080.8457,2,124.04,12.88,136.91,101.5,14655.2,41387.0,2373.0,3183768:13
110779.7645,1788877080.9540,2,131.50,12.88,144.37,99.5,14661.8,41380.4,2373.0,3183768:13
110779.8751,1788877081.0646,2,141.06,12.88,153.94,100.2,14670.4,41371.8,2373.0,3183768:13
110779.9848,1788877081.1744,2,151.36,12.88,164.24,100.4,14681.2,41361.0,2373.0,3183768:13
110780.0944,1788877081.2839,2,155.24,12.88,168.11,100.6,14685.4,41356.8,2373.0,3183768:13
110780.2037,1788877081.3932,2,155.61,12.88,168.49,92.5,14689.4,41352.9,2373.0,3183768:13
110780.3118,1788877081.5013,2,157.24,12.88,170.11,100.3,14691.1,41351.1,2373.0,3183768:13
110780.4215,1788877081.6110,2,158.74,12.88,171.61,109.4,14694.0,41348.2,2373.0,3183768:13
110780.5312,1788877081.7207,2,175.61,12.88,188.49,91.6,14705.9,41336.4,2373.0,3183768:13
110780.6403,1788877081.8299,2,199.11,12.88,211.99,101.7,14713.7,41328.5,2373.0,3183768:13
110780.7485,1788877081.9381,2,206.74,12.88,219.61,101.0,14713.7,41328.5,2373.0,3183768:13
110780.8580,1788877082.0475,2,208.24,12.88,221.11,9.2,14714.9,41327.3,2373.0,3183768:13
110780.9659,1788877082.1555,2,208.24,12.88,221.11,0.0,14717.1,41325.2,2373.0,3183768:13
110781.0747,1788877082.2642,2,208.24,12.88,221.11,0.0,14717.1,41325.2,2373.0,3183768:13
110781.1842,1788877082.3737,6,247.61,95.86,343.48,45.6,14794.8,41247.4,2373.0,3183768:13;3183852:21;3183853:21;3183854:21;3183855:21
110781.3060,1788877082.4956,6,247.61,188.47,436.09,872.3,14860.2,41182.0,2373.0,3183768:13;3183852:44;3183853:44;3183854:44;3183855:44
110781.4592,1788877082.6488,6,247.61,278.26,525.88,592.9,14913.2,41129.1,2373.0,3183768:13;3183852:66;3183853:66;3183854:67;3183855:66
110781.5720,1788877082.7616,6,247.61,363.51,611.12,392.9,14996.6,41045.6,2373.0,3183768:13;3183852:88;3183853:87;3183854:88;3183855:88
110781.6814,1788877082.8710,6,249.36,393.01,642.38,338.3,15020.6,41021.6,2373.0,3183768:13;3183852:95;3183853:95;3183854:95;3183855:95
110781.7907,1788877082.9802,6,250.49,393.01,643.50,18.1,15027.5,41014.7,2373.0,3183768:13;3183852:95;3183853:95;3183854:95;3183855:95
110781.9017,1788877083.0912,6,253.11,393.01,646.12,44.5,15033.2,41009.0,2373.0,3183768:13;3183852:95;3183853:95;3183854:95;3183855:95
110782.0140,1788877083.2035,6,253.24,393.01,646.25,9.0,15038.6,41003.6,2373.0,3183768:13;3183852:95;3183853:95;3183854:95;3183855:95
110782.1251,1788877083.3146,6,253.24,393.01,646.25,0.0,15038.6,41003.6,2373.0,3183768:13;3183852:95;3183853:95;3183854:95;3183855:95
110782.2401,1788877083.4297,6,253.24,393.01,646.25,0.0,15038.9,41003.3,2373.0,3183768:13;3183852:95;3183853:95;3183854:95;3183855:95
110782.3493,1788877083.5388,6,253.24,393.01,646.25,0.0,15038.9,41003.3,2373.0,3183768:13;3183852:95;3183853:95;3183854:95;3183855:95
110782.4621,1788877083.6516,6,253.24,393.01,646.25,9.2,15039.4,41002.8,2373.0,3183768:13;3183852:95;3183853:95;3183854:95;3183855:95
110782.5720,1788877083.7616,6,253.36,393.01,646.38,0.0,15039.4,41002.8,2373.0,3183768:13;3183852:95;3183853:95;3183854:95;3183855:95
110782.6847,1788877083.8743,6,253.36,393.01,646.38,9.2,15040.1,41002.1,2373.0,3183768:13;3183852:95;3183853:95;3183854:95;3183855:95
110782.7936,1788877083.9832,6,253.36,393.01,646.38,0.0,15040.1,41002.1,2373.0,3183768:13;3183852:95;3183853:95;3183854:95;3183855:95
110782.9044,1788877084.0939,6,253.36,393.01,646.38,0.0,15041.5,41000.7,2373.0,3183768:13;3183852:95;3183853:95;3183854:95;3183855:95
110783.0151,1788877084.2047,6,253.36,393.01,646.38,0.0,15041.5,41000.7,2373.0,3183768:13;3183852:95;3183853:95;3183854:95;3183855:95
110783.1269,1788877084.3164,6,275.72,393.01,668.73,73.8,15057.0,40985.2,2373.0,3183768:13;3183852:95;3183853:95;3183854:95;3183855:95
110783.2353,1788877084.4248,6,297.47,393.01,690.48,92.1,15072.8,40969.4,2373.0,3183768:13;3183852:95;3183853:95;3183854:95;3183855:95
110783.3439,1788877084.5334,6,301.27,393.01,694.29,113.6,15076.5,40965.8,2373.0,3183768:13;3183852:95;3183853:95;3183854:95;3183855:95
110783.4584,1788877084.6479,6,305.77,393.01,698.79,99.0,15080.1,40962.1,2373.0,3183768:13;3183852:95;3183853:95;3183854:95;3183855:95
110783.5695,1788877084.7590,6,310.27,393.01,703.29,100.3,15092.0,40950.3,2373.0,3183768:13;3183852:95;3183853:95;3183854:95;3183855:95
110783.6790,1788877084.8686,6,314.90,393.14,708.04,109.6,15092.0,40950.3,2373.0,3183768:13;3183852:95;3183853:95;3183854:95;3183855:95
110783.7885,1788877084.9780,6,316.77,393.14,709.91,100.6,15092.0,40950.3,2373.0,3183768:13;3183852:95;3183853:95;3183854:95;3183855:95
110783.8980,1788877085.0875,6,320.02,393.14,713.16,78.6,15092.0,40950.3,2373.0,3183768:13;3183852:95;3183853:95;3183854:95;3183855:95
110784.0125,1788877085.2020,6,320.02,393.14,713.16,0.0,15092.0,40950.3,2373.0,3183768:13;3183852:95;3183853:95;3183854:95;3183855:95
110784.1213,1788877085.3108,6,320.02,393.14,713.16,0.0,15092.0,40950.3,2373.0,3183768:13;3183852:95;3183853:95;3183854:95;3183855:95
110784.2303,1788877085.4198,6,320.02,393.14,713.16,0.0,15092.0,40950.3,2373.0,3183768:13;3183852:95;3183853:95;3183854:95;3183855:95
110784.3388,1788877085.5283,6,320.02,393.14,713.16,9.2,15092.0,40950.3,2373.0,3183768:13;3183852:95;3183853:95;3183854:95;3183855:95
110784.4471,1788877085.6367,6,320.02,393.14,713.16,0.0,15092.0,40950.3,2373.0,3183768:13;3183852:95;3183853:95;3183854:95;3183855:95
110784.5573,1788877085.7469,6,320.02,393.14,713.16,0.0,15092.0,40950.3,2373.0,3183768:13;3183852:95;3183853:95;3183854:95;3183855:95
110784.6668,1788877085.8564,6,320.02,393.14,713.16,18.0,15092.6,40949.6,2373.0,3183768:13;3183852:95;3183853:95;3183854:95;3183855:95
110784.7776,1788877085.9672,6,320.02,393.14,713.16,0.0,15092.9,40949.3,2373.0,3183768:13;3183852:95;3183853:95;3183854:95;3183855:95
110784.8875,1788877086.0770,6,320.40,393.14,713.54,0.0,15100.3,40942.0,2373.0,3183768:13;3183852:95;3183853:95;3183854:95;3183855:95
110784.9965,1788877086.1860,6,320.40,393.14,713.54,0.0,15100.0,40942.3,2373.0,3183768:13;3183852:95;3183853:95;3183854:95;3183855:95
110785.1068,1788877086.2963,6,340.51,393.14,733.64,91.6,15116.0,40926.3,2373.0,3183768:13;3183852:95;3183853:95;3183854:95;3183855:95
110785.2160,1788877086.4055,6,371.34,393.14,764.47,99.9,15184.4,40857.8,2373.0,3183768:13;3183852:95;3183853:95;3183854:95;3183855:95
110785.3261,1788877086.5156,6,373.44,393.14,766.58,100.6,15225.2,40817.0,2373.0,3183768:13;3183852:95;3183853:95;3183854:95;3183855:95
110785.4355,1788877086.6250,6,373.44,393.14,766.58,99.1,15247.0,40795.2,2373.0,3183768:13;3183852:95;3183853:95;3183854:95;3183855:95
110785.5466,1788877086.7362,6,373.44,393.14,766.58,100.7,15248.8,40793.4,2373.0,3183768:13;3183852:95;3183853:95;3183854:95;3183855:95
110785.6558,1788877086.8453,6,373.82,393.14,766.95,99.5,15248.8,40793.4,2373.0,3183768:13;3183852:95;3183853:95;3183854:95;3183855:95
110785.7663,1788877086.9559,6,374.32,393.14,767.45,109.1,15253.0,40789.2,2373.0,3183768:13;3183852:95;3183853:95;3183854:95;3183855:95
110785.8765,1788877087.0660,6,375.44,393.14,768.58,45.4,15253.0,40789.2,2373.0,3183768:13;3183852:95;3183853:95;3183854:95;3183855:95
110785.9866,1788877087.1762,6,375.44,393.14,768.58,18.0,15270.7,40771.5,2373.0,3183768:13;3183852:95;3183853:95;3183854:95;3183855:95
110786.0972,1788877087.2867,6,375.44,393.14,768.58,0.0,15270.7,40771.5,2373.0,3183768:13;3183852:95;3183853:95;3183854:95;3183855:95
110786.2076,1788877087.3972,6,375.44,393.14,768.58,0.0,15270.7,40771.6,2373.0,3183768:13;3183852:95;3183853:95;3183854:95;3183855:95
110786.3167,1788877087.5063,6,375.44,393.14,768.58,0.0,15283.0,40759.2,2373.0,3183768:13;3183852:95;3183853:95;3183854:95;3183855:95
110786.4275,1788877087.6170,6,375.44,393.14,768.58,0.0,15283.0,40759.2,2373.0,3183768:13;3183852:95;3183853:95;3183854:95;3183855:95
110786.5393,1788877087.7288,6,375.44,393.14,768.58,0.0,15283.0,40759.3,2373.0,3183768:13;3183852:95;3183853:95;3183854:95;3183855:95
110786.6486,1788877087.8382,6,387.77,393.14,780.91,63.0,15299.9,40742.3,2373.0,3183768:13;3183852:95;3183853:95;3183854:95;3183855:95
110786.7596,1788877087.9492,6,400.75,393.14,793.89,100.9,15315.7,40726.5,2373.0,3183768:13;3183852:95;3183853:95;3183854:95;3183855:95
110786.8686,1788877088.0581,6,400.75,393.14,793.89,101.1,15308.9,40733.3,2373.0,3183768:13;3183852:95;3183853:95;3183854:95;3183855:95
110786.9775,1788877088.1670,6,400.75,393.14,793.89,100.5,15309.0,40733.3,2373.0,3183768:13;3183852:95;3183853:95;3183854:95;3183855:95
110787.0869,1788877088.2764,6,400.75,393.14,793.89,100.3,15309.0,40733.3,2373.0,3183768:13;3183852:95;3183853:95;3183854:95;3183855:95
110787.1966,1788877088.3861,6,400.88,393.14,794.02,99.1,15321.0,40721.2,2373.0,3183768:13;3183852:95;3183853:95;3183854:95;3183855:95
110787.3076,1788877088.4971,6,401.00,393.14,794.14,82.3,15321.0,40721.3,2373.0,3183768:13;3183852:95;3183853:95;3183854:95;3183855:95
110787.4169,1788877088.6065,6,401.00,393.14,794.14,0.0,15321.2,40721.0,2373.0,3183768:13;3183852:95;3183853:95;3183854:95;3183855:95
110787.5289,1788877088.7185,6,401.75,393.14,794.89,27.3,15321.2,40721.0,2373.0,3183768:13;3183852:95;3183853:95;3183854:95;3183855:95
110787.6389,1788877088.8284,6,403.75,393.14,796.89,101.1,15321.9,40720.3,2373.0,3183768:13;3183852:95;3183853:95;3183854:95;3183855:95
110787.7478,1788877088.9374,6,404.00,393.14,797.13,108.7,15322.4,40719.8,2373.0,3183768:13;3183852:95;3183853:95;3183854:95;3183855:95
110787.8582,1788877089.0477,6,404.00,393.14,797.13,100.3,15320.1,40722.1,2373.0,3183768:13;3183852:95;3183853:95;3183854:95;3183855:95
110787.9679,1788877089.1574,6,404.00,393.14,797.13,100.7,15320.3,40721.9,2373.0,3183768:13;3183852:95;3183853:95;3183854:95;3183855:95
110788.0772,1788877089.2667,6,404.00,393.14,797.13,100.9,15320.2,40722.0,2373.0,3183768:13;3183852:95;3183853:95;3183854:95;3183855:95
110788.1862,1788877089.3757,6,404.00,393.14,797.13,100.0,15320.2,40722.0,2373.0,3183768:13;3183852:95;3183853:95;3183854:95;3183855:95
110788.2962,1788877089.4857,6,404.00,393.14,797.13,100.4,15320.2,40722.0,2373.0,3183768:13;3183852:95;3183853:95;3183854:95;3183855:95
110788.4057,1788877089.5953,6,405.50,393.14,798.63,101.2,15316.2,40726.0,2373.0,3183768:13;3183852:95;3183853:95;3183854:95;3183855:95
110788.5144,1788877089.7040,6,407.75,393.14,800.88,100.8,15317.7,40724.5,2373.0,3183768:13;3183852:95;3183853:95;3183854:95;3183855:95
110788.6236,1788877089.8131,6,408.75,393.14,801.88,109.7,15317.7,40724.6,2373.0,3183768:13;3183852:95;3183853:95;3183854:95;3183855:95
110788.7329,1788877089.9225,6,409.75,393.14,802.88,100.3,15321.5,40720.7,2373.0,3183768:13;3183852:95;3183853:95;3183854:95;3183855:95
110788.8426,1788877090.0321,6,409.87,393.14,803.01,99.0,15318.3,40723.9,2373.0,3183768:13;3183852:95;3183853:95;3183854:95;3183855:95
110788.9537,1788877090.1432,6,410.62,393.14,803.76,92.0,15310.1,40732.1,2373.0,3183768:13;3183852:95;3183853:95;3183854:95;3183855:95
110789.0624,1788877090.2519,6,411.37,393.14,804.51,107.4,15310.1,40732.1,2373.0,3183768:13;3183852:95;3183853:95;3183854:95;3183855:95
110789.1741,1788877090.3636,6,412.25,393.14,805.38,98.0,15310.3,40731.9,2373.0,3183768:13;3183852:95;3183853:95;3183854:95;3183855:95
110789.2864,1788877090.4759,6,414.12,393.14,807.26,99.2,15311.7,40730.5,2373.0,3183768:13;3183852:95;3183853:95;3183854:95;3183855:95
110789.3971,1788877090.5867,6,416.12,393.14,809.26,99.7,15330.2,40712.0,2373.0,3183768:13;3183852:95;3183853:95;3183854:95;3183855:95
110789.5075,1788877090.6970,6,418.88,393.14,812.01,99.8,15332.0,40710.2,2373.0,3183768:13;3183852:95;3183853:95;3183854:95;3183855:95
110789.6177,1788877090.8072,6,421.00,393.14,814.14,97.7,15323.4,40718.8,2373.0,3183768:13;3183852:95;3183853:95;3183854:95;3183855:95
110789.7303,1788877090.9198,6,422.04,393.14,815.18,109.1,15309.7,40732.5,2373.0,3183768:13;3183852:95;3183853:95;3183854:95;3183855:95
110789.8402,1788877091.0298,6,424.86,393.14,818.00,110.0,15310.4,40731.8,2373.0,3183768:13;3183852:95;3183853:95;3183854:95;3183855:95
110789.9493,1788877091.1389,6,424.86,393.14,818.00,100.2,15291.7,40750.5,2373.0,3183768:13;3183852:95;3183853:95;3183854:95;3183855:95
110790.0591,1788877091.2487,6,424.98,393.14,818.12,100.9,15291.4,40750.8,2373.0,3183768:13;3183852:95;3183853:95;3183854:95;3183855:95
110790.1681,1788877091.3577,6,425.61,393.14,818.75,100.9,15291.4,40750.8,2373.0,3183768:13;3183852:95;3183853:95;3183854:95;3183855:95
110790.2772,1788877091.4667,6,426.48,393.14,819.62,98.0,15291.4,40750.8,2373.0,3183768:13;3183852:95;3183853:95;3183854:95;3183855:95
110790.3894,1788877091.5790,6,426.48,393.14,819.62,101.2,15285.3,40756.9,2373.0,3183768:13;3183852:95;3183853:95;3183854:95;3183855:95
110790.4981,1788877091.6877,6,431.12,393.14,824.25,91.4,15285.3,40757.0,2373.0,3183768:13;3183852:95;3183853:95;3183854:95;3183855:95
110790.6075,1788877091.7970,6,431.67,393.14,824.81,110.4,15285.3,40756.9,2373.0,3183768:13;3183852:95;3183853:95;3183854:95;3183855:95
110790.7162,1788877091.9058,6,431.18,393.14,824.31,108.1,15287.5,40754.7,2373.0,3183768:13;3183852:95;3183853:95;3183854:95;3183855:95
110790.8273,1788877092.0169,6,431.18,393.14,824.31,99.8,15289.3,40753.0,2373.0,3183768:13;3183852:95;3183853:95;3183854:95;3183855:95
110790.9375,1788877092.1270,6,431.18,393.14,824.31,99.4,15282.6,40759.6,2373.0,3183768:13;3183852:95;3183853:95;3183854:95;3183855:95
110791.0482,1788877092.2378,6,431.18,393.14,824.31,101.0,15282.6,40759.6,2373.0,3183768:13;3183852:95;3183853:95;3183854:95;3183855:95
110791.1571,1788877092.3466,6,431.18,393.14,824.31,99.9,15284.3,40757.9,2373.0,3183768:13;3183852:95;3183853:95;3183854:95;3183855:95
110791.2671,1788877092.4566,6,433.07,393.14,826.21,108.7,15289.4,40752.8,2373.0,3183768:13;3183852:95;3183853:95;3183854:95;3183855:95
110791.3776,1788877092.5671,6,434.88,393.14,828.02,100.3,15291.1,40751.1,2373.0,3183768:13;3183852:95;3183853:95;3183854:95;3183855:95
110791.4872,1788877092.6767,6,436.35,393.14,829.48,91.5,15298.7,40743.5,2373.0,3183768:13;3183852:95;3183853:95;3183854:95;3183855:95
110791.5969,1788877092.7864,6,436.47,393.14,829.61,98.9,15298.7,40743.5,2373.0,3183768:13;3183852:95;3183853:95;3183854:95;3183855:95
110791.7077,1788877092.8972,6,443.73,393.14,836.86,123.4,15307.3,40734.9,2373.0,3183768:13;3183852:95;3183853:95;3183854:95;3183855:95
110791.8215,1788877093.0110,6,451.53,393.14,844.66,90.8,15322.4,40719.8,2373.0,3183768:13;3183852:95;3183853:95;3183854:95;3183855:95
110791.9329,1788877093.1224,6,443.61,393.14,836.75,107.6,15323.9,40718.4,2373.0,3183768:13;3183852:95;3183853:95;3183854:95;3183855:95
110792.0427,1788877093.2323,6,443.61,393.14,836.75,101.2,15325.1,40717.1,2373.0,3183768:13;3183852:95;3183853:95;3183854:95;3183855:95
110792.1514,1788877093.3410,6,443.61,393.14,836.75,99.2,15325.1,40717.1,2373.0,3183768:13;3183852:95;3183853:95;3183854:95;3183855:95
110792.2624,1788877093.4520,6,443.61,393.14,836.75,101.1,15325.1,40717.1,2373.0,3183768:13;3183852:95;3183853:95;3183854:95;3183855:95
110792.3711,1788877093.5607,6,444.86,393.14,838.00,101.0,15326.8,40715.4,2373.0,3183768:13;3183852:95;3183853:95;3183854:95;3183855:95
110792.4800,1788877093.6696,6,445.86,393.14,839.00,98.6,15324.0,40718.2,2373.0,3183768:13;3183852:95;3183853:95;3183854:95;3183855:95
110792.5918,1788877093.7813,6,446.23,393.14,839.37,98.6,15323.9,40718.4,2373.0,3183768:13;3183852:95;3183853:95;3183854:95;3183855:95
110792.7033,1788877093.8928,6,446.61,393.14,839.75,117.4,15324.1,40718.1,2373.0,3183768:13;3183852:95;3183853:95;3183854:95;3183855:95
110792.8139,1788877094.0034,6,447.11,393.14,840.25,99.4,15324.6,40717.7,2373.0,3183768:13;3183852:95;3183853:95;3183854:95;3183855:95
110792.9245,1788877094.1140,6,447.61,393.14,840.75,100.1,15322.2,40720.0,2373.0,3183768:13;3183852:95;3183853:95;3183854:95;3183855:95
110793.0343,1788877094.2239,6,504.12,393.14,897.25,145.6,15370.5,40671.7,2373.0,3183768:13;3183852:95;3183853:95;3183854:95;3183855:95
110793.1442,1788877094.3338,6,479.68,422.39,902.07,173.0,15367.2,40675.0,2373.0,3183768:13;3183852:101;3183853:103;3183854:103;3183855:103
110793.2541,1788877094.4437,6,479.68,562.37,1042.05,402.0,15411.0,40631.2,2373.0,3183768:13;3183852:138;3183853:137;3183854:138;3183855:137
110793.3635,1788877094.5531,6,480.06,617.37,1097.43,306.4,15425.0,40617.2,2373.0,3183768:13;3183852:151;3183853:151;3183854:152;3183855:150
110793.4745,1788877094.6640,6,480.06,630.74,1110.80,46.0,15425.6,40616.6,2373.0,3183768:13;3183852:154;3183853:155;3183854:155;3183855:154
110793.5834,1788877094.7729,6,480.06,630.74,1110.80,0.0,15425.8,40616.4,2373.0,3183768:13;3183852:154;3183853:155;3183854:155;3183855:154
110793.6928,1788877094.8824,6,480.06,717.67,1197.73,348.2,15570.8,40471.4,2373.0,3183768:13;3183852:180;3183853:172;3183854:176;3183855:178
110793.8114,1788877095.0009,6,480.06,772.89,1252.95,1081.1,15624.2,40418.0,2373.0,3183768:13;3183852:195;3183853:193;3183854:186;3183855:186
110793.9273,1788877095.1168,6,480.06,721.35,1201.41,512.9,15615.5,40426.7,2373.0,3183768:13;3183852:179;3183853:175;3183854:178;3183855:176
110794.0403,1788877095.2298,6,480.06,721.47,1201.53,0.0,15615.5,40426.7,2373.0,3183768:13;3183852:179;3183853:175;3183854:178;3183855:176
110794.1526,1788877095.3422,6,480.06,724.81,1204.87,89.7,15615.5,40426.7,2373.0,3183768:13;3183852:180;3183853:177;3183854:178;3183855:177
110794.2642,1788877095.4538,6,480.06,726.99,1207.05,54.8,15615.5,40426.7,2373.0,3183768:13;3183852:180;3183853:177;3183854:179;3183855:178
110794.3736,1788877095.5632,6,480.06,729.48,1209.54,100.5,15615.7,40426.6,2373.0,3183768:13;3183852:181;3183853:178;3183854:180;3183855:179
110794.4832,1788877095.6727,6,480.06,730.46,1210.52,27.6,15615.6,40426.6,2373.0,3183768:13;3183852:181;3183853:178;3183854:180;3183855:179
110794.5922,1788877095.7817,6,480.06,731.91,1211.97,81.8,15618.0,40424.2,2373.0,3183768:13;3183852:181;3183853:178;3183854:180;3183855:179
110794.7023,1788877095.8918,6,480.06,732.65,1212.71,27.3,15524.2,40518.0,2373.0,3183768:13;3183852:182;3183853:178;3183854:180;3183855:180
110794.8121,1788877096.0016,6,480.06,734.88,1214.94,100.2,15524.2,40518.0,2373.0,3183768:13;3183852:182;3183853:179;3183854:180;3183855:180
110794.9218,1788877096.1113,6,480.06,735.61,1215.67,18.2,15524.2,40518.0,2373.0,3183768:13;3183852:182;3183853:179;3183854:180;3183855:181
110795.0315,1788877096.2210,6,480.06,736.89,1216.95,73.0,15524.2,40518.1,2373.0,3183768:13;3183852:182;3183853:180;3183854:180;3183855:181
110795.1412,1788877096.3308,6,480.06,737.35,1217.41,9.1,15524.2,40518.1,2373.0,3183768:13;3183852:183;3183853:180;3183854:181;3183855:181
110795.2508,1788877096.4404,6,480.06,739.63,1219.69,127.8,15522.6,40519.7,2373.0,3183768:13;3183852:183;3183853:180;3183854:181;3183855:182
110795.3603,1788877096.5499,6,480.06,741.04,1221.10,36.3,15522.6,40519.7,2373.0,3183768:13;3183852:183;3183853:180;3183854:182;3183855:182
110795.4705,1788877096.6601,6,480.06,741.85,1221.91,18.4,15522.6,40519.7,2373.0,3183768:13;3183852:184;3183853:181;3183854:182;3183855:183
110795.5792,1788877096.7688,6,480.06,742.35,1222.41,18.4,15522.5,40519.7,2373.0,3183768:13;3183852:184;3183853:181;3183854:183;3183855:183
110795.6878,1788877096.8774,6,480.06,743.82,1223.88,45.7,15522.5,40519.7,2373.0,3183768:13;3183852:183;3183853:181;3183854:184;3183855:183
110795.7972,1788877096.9867,6,480.06,744.00,1224.05,18.0,15519.9,40522.3,2373.0,3183768:13;3183852:183;3183853:181;3183854:184;3183855:183
110795.9080,1788877097.0976,6,480.06,745.14,1225.20,128.6,15508.4,40533.9,2373.0,3183768:13;3183852:184;3183853:180;3183854:184;3183855:184
110796.0170,1788877097.2066,6,480.06,745.51,1225.57,36.4,15508.3,40533.9,2373.0,3183768:13;3183852:184;3183853:180;3183854:184;3183855:184
110796.1270,1788877097.3166,6,480.06,748.66,1228.71,108.7,15508.0,40534.2,2373.0,3183768:13;3183852:184;3183853:181;3183854:186;3183855:185
110796.2376,1788877097.4271,6,480.06,751.70,1231.76,71.4,15508.2,40534.0,2373.0,3183768:13;3183852:185;3183853:181;3183854:187;3183855:186
110796.3495,1788877097.5390,6,480.06,753.59,1233.64,137.0,15508.2,40534.0,2373.0,3183768:13;3183852:186;3183853:182;3183854:186;3183855:186
110796.4590,1788877097.6486,6,480.06,754.67,1234.73,73.6,15509.7,40532.6,2373.0,3183768:13;3183852:187;3183853:182;3183854:186;3183855:186
110796.5680,1788877097.7575,6,480.06,757.56,1237.62,110.3,15509.9,40532.4,2373.0,3183768:13;3183852:188;3183853:183;3183854:187;3183855:187
110796.6768,1788877097.8663,6,480.06,758.31,1238.37,36.3,15481.6,40560.6,2373.0,3183768:13;3183852:189;3183853:183;3183854:187;3183855:187
110796.7871,1788877097.9766,6,480.06,762.09,1242.15,229.1,15473.2,40569.1,2373.0,3183768:13;3183852:190;3183853:183;3183854:189;3183855:187
110796.8962,1788877098.0858,6,480.06,763.26,1243.32,44.5,15466.7,40575.5,2373.0,3183768:13;3183852:191;3183853:184;3183854:189;3183855:187
110797.0084,1788877098.1979,6,480.06,764.73,1244.79,36.3,15466.1,40576.1,2373.0,3183768:13;3183852:191;3183853:184;3183854:189;3183855:188
110797.1188,1788877098.3083,6,480.06,764.66,1244.72,0.0,15466.2,40576.0,2373.0,3183768:13;3183852:191;3183853:184;3183854:189;3183855:188
110797.2285,1788877098.4180,6,480.06,766.43,1246.49,126.6,15466.8,40575.4,2373.0,3183768:13;3183852:191;3183853:184;3183854:189;3183855:188
110797.3390,1788877098.5286,6,480.06,767.68,1247.73,45.8,15466.6,40575.6,2373.0,3183768:13;3183852:191;3183853:185;3183854:190;3183855:189
110797.4482,1788877098.6378,6,480.06,769.91,1249.96,110.5,15467.0,40575.2,2373.0,3183768:13;3183852:191;3183853:186;3183854:191;3183855:189
110797.5568,1788877098.7463,6,480.06,770.85,1250.91,54.1,15467.3,40575.0,2373.0,3183768:13;3183852:192;3183853:186;3183854:192;3183855:189
110797.6677,1788877098.8572,6,480.06,773.00,1253.06,163.2,15464.1,40578.1,2373.0,3183768:13;3183852:191;3183853:186;3183854:192;3183855:192
110797.7781,1788877098.9676,6,480.06,773.72,1253.78,27.4,15464.6,40577.6,2373.0,3183768:13;3183852:191;3183853:186;3183854:192;3183855:192
110797.8875,1788877099.0770,6,480.06,777.25,1257.31,109.1,15460.7,40581.5,2373.0,3183768:13;3183852:191;3183853:186;3183854:194;3183855:193
110797.9977,1788877099.1872,6,480.06,778.00,1258.06,18.2,15460.3,40581.9,2373.0,3183768:13;3183852:191;3183853:186;3183854:194;3183855:194
110798.1078,1788877099.2974,6,480.06,780.71,1260.77,73.5,15461.7,40580.5,2373.0,3183768:13;3183852:192;3183853:186;3183854:194;3183855:195
110798.2166,1788877099.4062,6,480.06,781.78,1261.84,27.0,15461.7,40580.5,2373.0,3183768:13;3183852:193;3183853:186;3183854:194;3183855:195
110798.3277,1788877099.5172,6,480.31,787.89,1268.20,165.8,15464.9,40577.3,2373.0,3183768:13;3183852:194;3183853:187;3183854:195;3183855:198
110798.4363,1788877099.6258,6,480.31,787.89,1268.20,45.0,15465.1,40577.2,2373.0,3183768:13;3183852:194;3183853:187;3183854:196;3183855:199
110798.5472,1788877099.7368,6,480.31,787.84,1268.15,82.9,15465.0,40577.2,2373.0,3183768:13;3183852:194;3183853:187;3183854:196;3183855:198
110798.6557,1788877099.8453,6,480.31,788.60,1268.91,18.2,15465.0,40577.2,2373.0,3183768:13;3183852:195;3183853:187;3183854:196;3183855:199
110798.7661,1788877099.9556,6,480.31,789.60,1269.91,0.0,15465.0,40577.2,2373.0,3183768:13;3183852:195;3183853:187;3183854:196;3183855:199
110798.8757,1788877100.0653,6,480.31,789.82,1270.12,54.1,15461.6,40580.6,2373.0,3183768:13;3183852:196;3183853:187;3183854:196;3183855:199
110798.9865,1788877100.1760,6,480.31,790.59,1270.90,64.3,15463.0,40579.2,2373.0,3183768:13;3183852:196;3183853:187;3183854:196;3183855:199
110799.0955,1788877100.2850,6,480.31,791.71,1272.02,45.5,15462.8,40579.4,2373.0,3183768:13;3183852:196;3183853:187;3183854:196;3183855:199
110799.2052,1788877100.3947,6,480.31,793.55,1273.86,146.8,15463.3,40578.9,2373.0,3183768:13;3183852:197;3183853:187;3183854:196;3183855:200
110799.3141,1788877100.5037,6,480.31,794.58,1274.89,26.8,15463.6,40578.6,2373.0,3183768:13;3183852:198;3183853:187;3183854:196;3183855:200
110799.4261,1788877100.6156,6,480.31,796.24,1276.55,110.4,15464.5,40577.7,2373.0,3183768:13;3183852:200;3183853:187;3183854:196;3183855:201
110799.5347,1788877100.7243,6,480.31,795.70,1276.01,36.4,15464.1,40578.1,2373.0,3183768:13;3183852:200;3183853:187;3183854:196;3183855:200
110799.6446,1788877100.8341,6,480.31,797.28,1277.59,117.6,15463.2,40579.0,2373.0,3183768:13;3183852:201;3183853:187;3183854:197;3183855:201
110799.7551,1788877100.9447,6,480.31,797.65,1277.96,18.4,15463.2,40579.0,2373.0,3183768:13;3183852:201;3183853:187;3183854:197;3183855:201
110799.8638,1788877101.0534,6,480.31,800.04,1280.34,100.2,15466.2,40576.0,2373.0,3183768:13;3183852:201;3183853:187;3183854:198;3183855:201
110799.9735,1788877101.1631,6,480.31,800.17,1280.48,44.6,15465.6,40576.6,2373.0,3183768:13;3183852:201;3183853:187;3183854:199;3183855:201
110800.0853,1788877101.2749,6,480.31,803.24,1283.55,100.7,15466.6,40575.6,2373.0,3183768:13;3183852:201;3183853:187;3183854:200;3183855:202
110800.1945,1788877101.3840,6,480.31,804.10,1284.41,9.1,15466.6,40575.6,2373.0,3183768:13;3183852:201;3183853:187;3183854:200;3183855:203
110800.3048,1788877101.4943,6,480.31,805.52,1285.83,91.0,15466.5,40575.7,2373.0,3183768:13;3183852:201;3183853:188;3183854:200;3183855:203
110800.4148,1788877101.6043,6,480.31,805.98,1286.29,45.0,15466.5,40575.7,2373.0,3183768:13;3183852:201;3183853:189;3183854:200;3183855:203
110800.5256,1788877101.7151,6,480.31,808.62,1288.93,137.7,15455.7,40586.5,2373.0,3183768:13;3183852:202;3183853:190;3183854:201;3183855:203
110800.6346,1788877101.8241,6,480.31,808.75,1289.06,9.2,15455.3,40586.9,2373.0,3183768:13;3183852:202;3183853:190;3183854:201;3183855:203
110800.7436,1788877101.9332,6,480.31,811.46,1291.77,81.6,15457.1,40585.1,2373.0,3183768:13;3183852:202;3183853:190;3183854:202;3183855:205
110800.8539,1788877102.0435,6,480.31,812.21,1292.52,18.3,15449.8,40592.4,2373.0,3183768:13;3183852:202;3183853:190;3183854:202;3183855:206
110800.9630,1788877102.1526,6,480.31,813.14,1293.45,101.1,15449.5,40592.7,2373.0,3183768:13;3183852:202;3183853:190;3183854:203;3183855:206
110801.0725,1788877102.2620,6,480.31,813.36,1293.67,9.0,15449.5,40592.7,2373.0,3183768:13;3183852:202;3183853:190;3183854:203;3183855:206
110801.1828,1788877102.3723,6,480.31,814.62,1294.93,54.6,15448.5,40593.8,2373.0,3183768:13;3183852:202;3183853:190;3183854:204;3183855:206
110801.2927,1788877102.4823,6,480.31,814.58,1294.89,9.0,15448.5,40593.8,2373.0,3183768:13;3183852:202;3183853:190;3183854:204;3183855:206
110801.4033,1788877102.5928,6,480.31,815.98,1296.29,46.0,15448.0,40594.2,2373.0,3183768:13;3183852:202;3183853:190;3183854:204;3183855:206
110801.5120,1788877102.7016,6,480.31,817.18,1297.49,72.8,15447.6,40594.6,2373.0,3183768:13;3183852:202;3183853:191;3183854:204;3183855:207
110801.6218,1788877102.8113,6,480.31,819.77,1300.08,138.0,15447.2,40595.0,2373.0,3183768:13;3183852:203;3183853:193;3183854:205;3183855:207
110801.7305,1788877102.9200,6,480.31,820.33,1300.64,27.3,15447.2,40595.0,2373.0,3183768:13;3183852:203;3183853:193;3183854:205;3183855:207
110801.8406,1788877103.0302,6,480.31,821.66,1301.97,36.4,15444.5,40597.7,2373.0,3183768:13;3183852:204;3183853:193;3183854:205;3183855:207
110801.9503,1788877103.1398,6,480.31,822.09,1302.39,17.9,15443.7,40598.5,2373.0,3183768:13;3183852:203;3183853:193;3183854:205;3183855:208
110802.0619,1788877103.2515,6,480.31,821.92,1302.23,109.9,15431.9,40610.4,2373.0,3183768:13;3183852:202;3183853:193;3183854:205;3183855:208
110802.1712,1788877103.3607,6,480.31,822.05,1302.36,8.9,15432.1,40610.1,2373.0,3183768:13;3183852:202;3183853:193;3183854:205;3183855:208
110802.2831,1788877103.4726,6,480.31,823.17,1303.48,45.6,15432.1,40610.1,2373.0,3183768:13;3183852:203;3183853:194;3183854:206;3183855:208
110802.3925,1788877103.5820,6,480.31,822.87,1303.18,18.2,15432.1,40610.1,2373.0,3183768:13;3183852:203;3183853:193;3183854:206;3183855:208
110802.5027,1788877103.6922,6,480.31,824.37,1304.68,73.1,15432.1,40610.1,2373.0,3183768:13;3183852:202;3183853:194;3183854:207;3183855:208
110802.6119,1788877103.8014,6,480.31,825.01,1305.32,9.0,15432.1,40610.1,2373.0,3183768:13;3183852:202;3183853:194;3183854:207;3183855:209
110802.7228,1788877103.9124,6,480.31,825.66,1305.96,53.8,15432.6,40609.7,2373.0,3183768:13;3183852:203;3183853:194;3183854:207;3183855:208
110802.8345,1788877104.0241,6,480.31,826.08,1306.39,35.6,15428.3,40613.9,2373.0,3183768:13;3183852:203;3183853:194;3183854:207;3183855:209
110802.9470,1788877104.1366,6,480.31,829.05,1309.36,99.1,15429.4,40612.8,2373.0,3183768:13;3183852:204;3183853:196;3183854:208;3183855:209
110803.0581,1788877104.2476,6,480.31,829.20,1309.51,18.4,15428.3,40613.9,2372.0,3183768:13;3183852:204;3183853:196;3183854:208;3183855:209
110803.1669,1788877104.3564,6,480.31,830.29,1310.59,73.7,15429.9,40612.3,2372.0,3183768:13;3183852:203;3183853:196;3183854:210;3183855:209
110803.2753,1788877104.4648,6,480.31,830.54,1310.84,0.0,15429.6,40612.7,2372.0,3183768:13;3183852:203;3183853:196;3183854:210;3183855:209
110803.3865,1788877104.5760,6,480.31,832.96,1313.27,101.0,15434.3,40607.9,2372.0,3183768:13;3183852:204;3183853:196;3183854:211;3183855:209
110803.4953,1788877104.6849,6,480.31,833.16,1313.47,9.1,15434.5,40607.7,2372.0,3183768:13;3183852:204;3183853:196;3183854:211;3183855:209
110803.6058,1788877104.7954,6,480.31,835.43,1315.73,92.0,15436.2,40606.0,2372.0,3183768:13;3183852:204;3183853:197;3183854:212;3183855:210
110803.7145,1788877104.9040,6,480.43,835.73,1316.16,36.3,15436.5,40605.8,2372.0,3183768:13;3183852:204;3183853:197;3183854:212;3183855:210
110803.8247,1788877105.0143,6,480.43,837.00,1317.43,82.5,15439.8,40602.4,2372.0,3183768:13;3183852:204;3183853:197;3183854:212;3183855:210
110803.9340,1788877105.1235,6,480.43,837.12,1317.55,0.0,15440.5,40601.7,2372.0,3183768:13;3183852:204;3183853:197;3183854:212;3183855:210
110804.0454,1788877105.2350,6,480.43,837.13,1317.57,9.0,15484.5,40557.7,2372.0,3183768:13;3183852:204;3183853:197;3183854:212;3183855:210
110804.1569,1788877105.3464,6,480.43,837.26,1317.69,0.0,15475.9,40566.3,2372.0,3183768:13;3183852:204;3183853:197;3183854:212;3183855:211
110804.2662,1788877105.4557,6,480.43,838.27,1318.70,54.6,15477.4,40564.9,2372.0,3183768:13;3183852:205;3183853:197;3183854:212;3183855:211
110804.3763,1788877105.5658,6,480.43,838.94,1319.37,27.3,15475.6,40566.6,2372.0,3183768:13;3183852:205;3183853:198;3183854:212;3183855:211
110804.4859,1788877105.6755,6,480.43,839.31,1319.75,54.8,15469.5,40572.7,2372.0,3183768:13;3183852:205;3183853:198;3183854:212;3183855:211
110804.5952,1788877105.7847,6,480.43,839.44,1319.87,9.1,15432.5,40609.8,2372.0,3183768:13;3183852:205;3183853:198;3183854:212;3183855:211
110804.7045,1788877105.8940,6,480.43,841.74,1322.17,82.7,15470.5,40571.7,2372.0,3183768:13;3183852:205;3183853:200;3183854:213;3183855:211
110804.8134,1788877106.0029,6,480.43,842.16,1322.59,9.0,15461.5,40580.7,2372.0,3183768:13;3183852:206;3183853:200;3183854:213;3183855:212
110804.9246,1788877106.1141,6,480.43,843.14,1323.58,64.4,15460.0,40582.2,2372.0,3183768:13;3183852:206;3183853:200;3183854:213;3183855:212
110805.0333,1788877106.2228,6,480.43,843.27,1323.70,0.0,15460.0,40582.2,2372.0,3183768:13;3183852:206;3183853:200;3183854:213;3183855:212
110805.1417,1788877106.3312,6,480.43,843.70,1324.14,27.3,15460.0,40582.2,2372.0,3183768:13;3183852:206;3183853:200;3183854:213;3183855:212
110805.2512,1788877106.4407,6,480.43,843.99,1324.42,18.2,15460.0,40582.2,2372.0,3183768:13;3183852:206;3183853:200;3183854:213;3183855:212
110805.3608,1788877106.5504,6,480.43,845.95,1326.38,73.7,15461.0,40581.3,2372.0,3183768:13;3183852:206;3183853:201;3183854:214;3183855:213
110805.4693,1788877106.6588,6,480.43,846.21,1326.64,9.1,15461.2,40581.0,2372.0,3183768:13;3183852:206;3183853:201;3183854:214;3183855:213
110805.5792,1788877106.7687,6,480.43,848.08,1328.52,73.6,15461.4,40580.8,2372.0,3183768:13;3183852:206;3183853:201;3183854:215;3183855:213
110805.6879,1788877106.8774,6,480.56,848.21,1328.77,0.0,15461.4,40580.8,2372.0,3183768:13;3183852:206;3183853:201;3183854:215;3183855:213
110805.7972,1788877106.9868,6,480.56,845.92,1326.48,100.2,15498.8,40543.4,2372.0,3183768:13;3183852:205;3183853:200;3183854:215;3183855:213
110805.9068,1788877107.0964,6,480.56,846.88,1327.44,17.8,15500.9,40541.3,2372.0,3183768:13;3183852:205;3183853:200;3183854:215;3183855:214
110806.0194,1788877107.2089,6,480.56,848.69,1329.25,110.0,15493.1,40549.1,2372.0,3183768:13;3183852:205;3183853:201;3183854:216;3183855:215
110806.1286,1788877107.3181,6,480.56,849.42,1329.98,9.1,15494.1,40548.2,2372.0,3183768:13;3183852:205;3183853:201;3183854:216;3183855:215
110806.2380,1788877107.4275,6,480.56,852.45,1333.01,146.8,15500.3,40541.9,2372.0,3183768:13;3183852:206;3183853:202;3183854:216;3183855:216
110806.3471,1788877107.5366,6,480.56,853.66,1334.22,9.1,15501.2,40541.0,2372.0,3183768:13;3183852:206;3183853:203;3183854:216;3183855:216
110806.4569,1788877107.6464,6,480.56,853.42,1333.98,90.7,15500.5,40541.7,2372.0,3183768:13;3183852:206;3183853:202;3183854:216;3183855:216
110806.5671,1788877107.7567,6,480.56,853.55,1334.11,0.0,15500.4,40541.8,2372.0,3183768:13;3183852:206;3183853:202;3183854:216;3183855:216
110806.6797,1788877107.8693,6,480.56,855.41,1335.97,128.3,15501.7,40540.5,2372.0,3183768:13;3183852:207;3183853:203;3183854:216;3183855:217
110806.7887,1788877107.9783,6,480.56,855.79,1336.34,9.1,15501.1,40541.1,2372.0,3183768:13;3183852:207;3183853:203;3183854:217;3183855:217
110806.8985,1788877108.0881,6,480.56,856.79,1337.34,55.0,15504.9,40537.3,2372.0,3183768:13;3183852:207;3183853:203;3183854:217;3183855:217
110807.0077,1788877108.1972,6,480.56,857.08,1337.64,0.0,15501.9,40540.3,2372.0,3183768:13;3183852:207;3183853:203;3183854:217;3183855:217
110807.1187,1788877108.3083,6,480.56,857.99,1338.55,92.0,15501.0,40541.3,2372.0,3183768:13;3183852:208;3183853:203;3183854:217;3183855:217
110807.2275,1788877108.4170,6,480.81,858.87,1339.68,17.8,15501.0,40541.3,2372.0,3183768:13;3183852:208;3183853:204;3183854:217;3183855:217
110807.3400,1788877108.5296,6,480.81,859.66,1340.46,54.6,15524.1,40518.1,2372.0,3183768:13;3183852:208;3183853:204;3183854:217;3183855:217
110807.4500,1788877108.6395,6,480.81,860.29,1341.10,27.0,15531.6,40510.6,2372.0,3183768:13;3183852:209;3183853:204;3183854:217;3183855:217
110807.5605,1788877108.7500,6,480.81,860.38,1341.18,9.2,15531.6,40510.6,2372.0,3183768:13;3183852:209;3183853:204;3183854:217;3183855:217
110807.6697,1788877108.8593,6,480.81,860.34,1341.15,18.4,15531.6,40510.6,2372.0,3183768:13;3183852:209;3183853:204;3183854:217;3183855:217
110807.7787,1788877108.9682,6,480.81,862.66,1343.47,82.8,15532.3,40509.9,2372.0,3183768:13;3183852:210;3183853:204;3183854:218;3183855:218
110807.8873,1788877109.0769,6,480.81,863.05,1343.86,9.0,15531.9,40510.3,2372.0,3183768:13;3183852:210;3183853:204;3183854:218;3183855:219
110807.9979,1788877109.1875,6,480.81,863.27,1344.08,46.0,15531.9,40510.3,2372.0,3183768:13;3183852:210;3183853:204;3183854:218;3183855:219
110808.1067,1788877109.2963,6,480.81,863.40,1344.21,18.2,15531.9,40510.3,2372.0,3183768:13;3183852:210;3183853:204;3183854:218;3183855:219
110808.2170,1788877109.4066,6,480.81,864.60,1345.41,55.2,15531.9,40510.3,2372.0,3183768:13;3183852:210;3183853:204;3183854:218;3183855:220
110808.3257,1788877109.5153,6,480.81,865.48,1346.29,9.2,15531.9,40510.3,2372.0,3183768:13;3183852:210;3183853:204;3183854:218;3183855:220
110808.4346,1788877109.6242,6,480.81,867.27,1348.08,91.6,15533.1,40509.1,2372.0,3183768:13;3183852:210;3183853:204;3183854:220;3183855:220
110808.5439,1788877109.7335,6,480.81,867.69,1348.50,8.7,15533.1,40509.1,2372.0,3183768:13;3183852:210;3183853:204;3183854:220;3183855:220
110808.6583,1788877109.8479,6,480.81,868.32,1349.12,91.7,15534.1,40508.2,2372.0,3183768:13;3183852:210;3183853:204;3183854:220;3183855:221
110808.7675,1788877109.9570,6,480.81,869.32,1350.12,18.2,15534.1,40508.2,2372.0,3183768:13;3183852:210;3183853:205;3183854:220;3183855:221
110808.8777,1788877110.0673,6,480.81,869.67,1350.48,45.4,15534.5,40507.7,2372.0,3183768:13;3183852:210;3183853:205;3183854:220;3183855:221
110808.9881,1788877110.1776,6,480.81,869.67,1350.48,8.9,15535.7,40506.5,2372.0,3183768:13;3183852:210;3183853:205;3183854:220;3183855:221
110809.0999,1788877110.2895,6,480.81,869.20,1350.01,64.4,15547.6,40494.7,2372.0,3183768:13;3183852:211;3183853:205;3183854:220;3183855:221
110809.2087,1788877110.3982,6,480.81,869.96,1350.77,64.2,15547.7,40494.5,2372.0,3183768:13;3183852:211;3183853:205;3183854:220;3183855:221
110809.3177,1788877110.5072,6,480.81,871.70,1352.50,165.6,15547.9,40494.3,2372.0,3183768:13;3183852:211;3183853:206;3183854:220;3183855:222
110809.4265,1788877110.6160,6,480.81,872.06,1352.87,18.0,15551.6,40490.6,2372.0,3183768:13;3183852:211;3183853:206;3183854:220;3183855:222
110809.5375,1788877110.7270,6,480.81,872.60,1353.41,45.3,15552.8,40489.4,2372.0,3183768:13;3183852:211;3183853:206;3183854:220;3183855:222
110809.6479,1788877110.8374,6,480.81,872.93,1353.73,0.0,15552.8,40489.4,2372.0,3183768:13;3183852:211;3183853:206;3183854:220;3183855:222
110809.7582,1788877110.9477,6,480.81,874.61,1355.42,100.4,15516.0,40526.2,2372.0,3183768:13;3183852:212;3183853:206;3183854:221;3183855:223
110809.8678,1788877111.0574,6,480.81,874.77,1355.58,18.3,15514.6,40527.6,2372.0,3183768:13;3183852:212;3183853:206;3183854:221;3183855:223
110809.9771,1788877111.1667,6,480.81,875.91,1356.71,81.9,15517.1,40525.1,2372.0,3183768:13;3183852:212;3183853:206;3183854:221;3183855:223
110810.0870,1788877111.2766,6,480.81,876.30,1357.11,27.3,15545.0,40497.3,2372.0,3183768:13;3183852:212;3183853:207;3183854:221;3183855:223
110810.1967,1788877111.3862,6,480.81,877.19,1358.00,91.6,15585.6,40456.7,2372.0,3183768:13;3183852:213;3183853:207;3183854:222;3183855:223
110810.3058,1788877111.4954,6,480.81,877.75,1358.55,0.0,15586.3,40455.9,2372.0,3183768:13;3183852:213;3183853:207;3183854:222;3183855:223
110810.4154,1788877111.6049,6,480.81,879.28,1360.09,55.0,15590.0,40452.2,2372.0,3183768:13;3183852:213;3183853:207;3183854:222;3183855:224
110810.5247,1788877111.7142,6,480.81,880.11,1360.92,0.0,15606.5,40435.8,2372.0,3183768:13;3183852:213;3183853:208;3183854:222;3183855:224
110810.6345,1788877111.8240,6,480.81,880.60,1361.41,99.1,15629.1,40413.1,2372.0,3183768:13;3183852:213;3183853:208;3183854:222;3183855:224
110810.7455,1788877111.9350,6,480.81,881.11,1361.92,18.0,15638.3,40403.9,2372.0,3183768:13;3183852:214;3183853:208;3183854:222;3183855:224
110810.8567,1788877112.0462,6,480.81,881.77,1362.57,54.8,15644.7,40397.5,2372.0,3183768:13;3183852:214;3183853:208;3183854:222;3183855:224
110810.9662,1788877112.1557,6,480.81,881.91,1362.71,0.0,15648.7,40393.5,2372.0,3183768:13;3183852:214;3183853:208;3183854:222;3183855:224
110811.0769,1788877112.2664,6,480.81,882.46,1363.27,45.8,15662.1,40380.1,2372.0,3183768:13;3183852:215;3183853:208;3183854:222;3183855:224
110811.1860,1788877112.3756,6,480.81,882.46,1363.27,9.1,15677.9,40364.3,2372.0,3183768:13;3183852:215;3183853:208;3183854:222;3183855:224
110811.2958,1788877112.4853,6,480.81,882.71,1363.52,9.1,15703.8,40338.4,2372.0,3183768:13;3183852:215;3183853:208;3183854:223;3183855:224
110811.4050,1788877112.5946,6,480.81,882.71,1363.52,9.2,15710.9,40331.3,2372.0,3183768:13;3183852:215;3183853:208;3183854:223;3183855:224
110811.5143,1788877112.7038,6,480.81,883.26,1364.07,45.6,15710.1,40332.1,2372.0,3183768:13;3183852:215;3183853:208;3183854:222;3183855:225
110811.6237,1788877112.8133,6,480.81,883.26,1364.07,0.0,15710.1,40332.1,2372.0,3183768:13;3183852:215;3183853:208;3183854:222;3183855:225
110811.7330,1788877112.9226,6,480.81,886.16,1366.97,72.8,15766.7,40275.6,2372.0,3183768:13;3183852:215;3183853:210;3183854:222;3183855:226
110811.8426,1788877113.0322,6,480.81,886.16,1366.97,0.0,15769.4,40272.8,2372.0,3183768:13;3183852:215;3183853:210;3183854:222;3183855:226
110811.9517,1788877113.1412,6,480.81,888.14,1368.95,90.8,15746.0,40296.2,2372.0,3183768:13;3183852:215;3183853:211;3183854:223;3183855:227
110812.0620,1788877113.2515,6,480.81,888.14,1368.95,0.0,15747.7,40294.6,2372.0,3183768:13;3183852:215;3183853:211;3183854:223;3183855:227
110812.1708,1788877113.3603,6,480.81,887.42,1368.23,100.9,15748.2,40294.0,2372.0,3183768:13;3183852:214;3183853:212;3183854:222;3183855:227
110812.2798,1788877113.4693,6,480.81,887.42,1368.23,0.0,15737.8,40304.5,2372.0,3183768:13;3183852:214;3183853:212;3183854:222;3183855:227
110812.3885,1788877113.5781,6,480.81,888.09,1368.90,27.6,15740.7,40301.6,2372.0,3183768:13;3183852:214;3183853:213;3183854:222;3183855:227
110812.4973,1788877113.6869,6,480.81,888.09,1368.90,0.0,15744.1,40298.1,2372.0,3183768:13;3183852:214;3183853:213;3183854:222;3183855:227
110812.6058,1788877113.7954,6,480.81,888.78,1369.59,55.2,15744.8,40297.4,2372.0,3183768:13;3183852:214;3183853:213;3183854:222;3183855:228
110812.7145,1788877113.9041,6,480.81,888.78,1369.59,9.2,15745.6,40296.7,2372.0,3183768:13;3183852:214;3183853:213;3183854:222;3183855:228
110812.8234,1788877114.0129,6,480.81,890.55,1371.36,64.2,15744.1,40298.1,2372.0,3183768:13;3183852:215;3183853:213;3183854:222;3183855:228
110812.9325,1788877114.1220,6,480.81,890.68,1371.48,9.2,15747.0,40295.2,2372.0,3183768:13;3183852:215;3183853:213;3183854:222;3183855:228
110813.0416,1788877114.2311,6,480.81,892.10,1372.91,82.2,15753.0,40289.2,2372.0,3183768:13;3183852:215;3183853:213;3183854:222;3183855:228
110813.1511,1788877114.3406,6,480.81,892.10,1372.91,0.0,15762.1,40280.1,2372.0,3183768:13;3183852:215;3183853:213;3183854:222;3183855:228
110813.2600,1788877114.4496,6,480.81,893.77,1374.57,54.8,15762.9,40279.3,2372.0,3183768:13;3183852:216;3183853:214;3183854:222;3183855:229
110813.3694,1788877114.5590,6,480.81,893.77,1374.57,0.0,15763.1,40279.1,2372.0,3183768:13;3183852:216;3183853:214;3183854:222;3183855:229
110813.4786,1788877114.6681,6,480.81,894.88,1375.68,54.8,15768.1,40274.2,2372.0,3183768:13;3183852:216;3183853:214;3183854:222;3183855:229
110813.5881,1788877114.7776,6,480.81,894.95,1375.75,27.6,15811.6,40230.7,2372.0,3183768:13;3183852:216;3183853:214;3183854:222;3183855:229
110813.6974,1788877114.8869,6,480.81,896.70,1377.51,108.2,15823.6,40218.6,2372.0,3183768:13;3183852:216;3183853:215;3183854:222;3183855:230
110813.8084,1788877114.9980,6,480.81,899.28,1380.09,45.8,15733.7,40308.5,2372.0,3183768:13;3183852:217;3183853:215;3183854:225;3183855:230
110813.9175,1788877115.1070,6,480.81,900.05,1380.86,54.6,15721.4,40320.8,2372.0,3183768:13;3183852:217;3183853:215;3183854:225;3183855:230
110814.0276,1788877115.2171,6,480.81,900.05,1380.86,9.2,15745.6,40296.6,2372.0,3183768:13;3183852:217;3183853:215;3183854:225;3183855:230
110814.1368,1788877115.3263,6,480.81,902.22,1383.03,82.8,15753.1,40289.1,2372.0,3183768:13;3183852:217;3183853:216;3183854:226;3183855:231
110814.2456,1788877115.4351,6,480.81,902.55,1383.36,18.4,15753.6,40288.6,2372.0,3183768:13;3183852:218;3183853:216;3183854:226;3183855:231
110814.3543,1788877115.5438,6,480.81,903.38,1384.19,108.9,15768.0,40274.3,2372.0,3183768:13;3183852:217;3183853:215;3183854:226;3183855:231
110814.4646,1788877115.6541,6,480.81,903.77,1384.58,0.0,15763.2,40279.0,2372.0,3183768:13;3183852:217;3183853:216;3183854:226;3183855:231
110814.5749,1788877115.7645,6,480.81,904.18,1384.98,18.2,15759.2,40283.0,2372.0,3183768:13;3183852:218;3183853:216;3183854:226;3183855:231
110814.6847,1788877115.8743,6,480.81,904.18,1384.98,9.1,15801.7,40240.5,2372.0,3183768:13;3183852:218;3183853:216;3183854:226;3183855:231
110814.7947,1788877115.9842,6,480.81,905.67,1386.48,100.1,15793.1,40249.1,2372.0,3183768:13;3183852:218;3183853:217;3183854:227;3183855:231
110814.9045,1788877116.0941,6,480.81,905.92,1386.73,9.1,15793.1,40249.1,2372.0,3183768:13;3183852:218;3183853:217;3183854:227;3183855:231
110815.0139,1788877116.2034,6,480.81,907.11,1387.92,73.1,15796.4,40245.8,2372.0,3183768:13;3183852:218;3183853:217;3183854:227;3183855:232
110815.1233,1788877116.3129,6,480.81,907.30,1388.11,9.1,15823.7,40218.5,2372.0,3183768:13;3183852:218;3183853:217;3183854:227;3183855:232
110815.2328,1788877116.4223,6,480.81,909.48,1390.29,72.2,15829.8,40212.4,2372.0,3183768:13;3183852:219;3183853:218;3183854:228;3183855:232
110815.3435,1788877116.5330,6,480.81,909.11,1389.92,18.2,15832.7,40209.5,2372.0,3183768:13;3183852:219;3183853:217;3183854:228;3183855:232
110815.4532,1788877116.6427,6,480.81,910.82,1391.63,72.3,15790.6,40251.7,2372.0,3183768:13;3183852:219;3183853:218;3183854:228;3183855:233
110815.5638,1788877116.7533,6,480.81,910.89,1391.70,9.1,15792.1,40250.1,2372.0,3183768:13;3183852:219;3183853:218;3183854:228;3183855:233
110815.6738,1788877116.8634,6,480.81,910.95,1391.76,91.0,15801.8,40240.5,2372.0,3183768:13;3183852:219;3183853:218;3183854:228;3183855:233
110815.7838,1788877116.9734,6,480.81,910.95,1391.76,9.1,15802.4,40239.8,2372.0,3183768:13;3183852:219;3183853:218;3183854:228;3183855:233
110815.8934,1788877117.0830,6,480.81,911.76,1392.57,109.2,15793.1,40249.2,2372.0,3183768:13;3183852:220;3183853:218;3183854:229;3183855:233
110816.0035,1788877117.1930,6,480.81,911.60,1392.41,27.1,15756.8,40285.4,2372.0,3183768:13;3183852:220;3183853:217;3183854:229;3183855:233
110816.1141,1788877117.3037,6,480.81,912.11,1392.92,18.4,15757.1,40285.2,2372.0,3183768:13;3183852:220;3183853:217;3183854:229;3183855:233
110816.2233,1788877117.4128,6,480.81,912.11,1392.92,9.1,15757.1,40285.2,2372.0,3183768:13;3183852:220;3183853:217;3183854:229;3183855:233
110816.3330,1788877117.5226,6,480.81,912.61,1393.41,63.7,15763.1,40279.1,2372.0,3183768:13;3183852:221;3183853:217;3183854:229;3183855:233
110816.4431,1788877117.6326,6,480.81,912.43,1393.24,18.2,15801.6,40240.6,2372.0,3183768:13;3183852:220;3183853:217;3183854:229;3183855:233
110816.5536,1788877117.7431,6,480.81,915.11,1395.92,73.1,15802.9,40239.4,2372.0,3183768:13;3183852:221;3183853:218;3183854:229;3183855:234
110816.6630,1788877117.8525,6,480.81,915.29,1396.10,18.4,15803.1,40239.1,2372.0,3183768:13;3183852:221;3183853:218;3183854:229;3183855:234
110816.7716,1788877117.9611,6,480.81,917.61,1398.42,109.0,15814.2,40228.0,2372.0,3183768:13;3183852:223;3183853:218;3183854:229;3183855:235
110816.8819,1788877118.0714,6,480.81,918.09,1398.89,27.0,15822.6,40219.7,2372.0,3183768:13;3183852:223;3183853:218;3183854:229;3183855:235
110816.9927,1788877118.1823,6,480.81,920.36,1401.17,73.1,15823.6,40218.7,2372.0,3183768:13;3183852:223;3183853:219;3183854:230;3183855:235
110817.1020,1788877118.2915,6,480.81,920.20,1401.00,9.1,15839.8,40202.4,2372.0,3183768:13;3183852:223;3183853:220;3183854:230;3183855:235
110817.2119,1788877118.4014,6,480.81,921.86,1402.67,73.0,15866.6,40175.6,2372.0,3183768:13;3183852:223;3183853:220;3183854:231;3183855:235
110817.3213,1788877118.5109,6,480.81,922.11,1402.92,18.0,15867.4,40174.8,2372.0,3183768:13;3183852:223;3183853:220;3183854:231;3183855:235
110817.4324,1788877118.6219,6,480.81,922.83,1403.64,45.1,15867.3,40174.9,2372.0,3183768:13;3183852:223;3183853:220;3183854:231;3183855:236
110817.5432,1788877118.7328,6,480.81,922.79,1403.59,9.1,15859.7,40182.5,2372.0,3183768:13;3183852:223;3183853:221;3183854:231;3183855:236
110817.6533,1788877118.8429,6,480.81,924.38,1405.19,110.1,15860.1,40182.1,2372.0,3183768:13;3183852:224;3183853:221;3183854:231;3183855:236
110817.7624,1788877118.9519,6,480.81,924.38,1405.19,0.0,15852.0,40190.3,2372.0,3183768:13;3183852:224;3183853:221;3183854:231;3183855:236
110817.8721,1788877119.0616,6,480.81,926.62,1407.43,110.3,15851.3,40190.9,2372.0,3183768:13;3183852:224;3183853:221;3183854:231;3183855:237
110817.9810,1788877119.1705,6,480.81,927.05,1407.86,36.3,15850.9,40191.3,2372.0,3183768:13;3183852:224;3183853:221;3183854:231;3183855:238
110818.0912,1788877119.2808,6,480.81,928.31,1409.12,55.2,15851.2,40191.0,2372.0,3183768:13;3183852:225;3183853:222;3183854:231;3183855:238
110818.2002,1788877119.3898,6,480.81,928.48,1409.29,9.0,15851.1,40191.1,2372.0,3183768:13;3183852:225;3183853:222;3183854:231;3183855:238
110818.3115,1788877119.5011,6,480.81,929.16,1409.97,36.8,15850.5,40191.7,2372.0,3183768:13;3183852:225;3183853:222;3183854:231;3183855:238
110818.4202,1788877119.6097,6,480.81,929.16,1409.97,0.0,15850.5,40191.7,2372.0,3183768:13;3183852:225;3183853:222;3183854:231;3183855:238
110818.5312,1788877119.7207,6,480.81,929.97,1410.78,9.2,15850.8,40191.5,2372.0,3183768:13;3183852:225;3183853:223;3183854:232;3183855:238
110818.6399,1788877119.8294,6,480.81,930.22,1411.03,18.0,15850.8,40191.5,2372.0,3183768:13;3183852:225;3183853:223;3183854:232;3183855:238
110818.7512,1788877119.9407,6,480.81,931.43,1412.24,64.3,15851.7,40190.5,2372.0,3183768:13;3183852:225;3183853:223;3183854:233;3183855:238
110818.8607,1788877120.0503,6,480.81,931.88,1412.69,17.6,15851.7,40190.5,2372.0,3183768:13;3183852:225;3183853:223;3183854:233;3183855:238
110818.9743,1788877120.1638,6,480.81,932.76,1413.57,61.1,15852.3,40189.9,2372.0,3183768:13;3183852:225;3183853:222;3183854:234;3183855:238
110819.0891,1788877120.2787,6,480.81,932.76,1413.57,18.2,15852.3,40189.9,2372.0,3183768:13;3183852:225;3183853:222;3183854:234;3183855:238
110819.1984,1788877120.3880,6,480.81,933.34,1414.15,54.0,15852.8,40189.4,2372.0,3183768:13;3183852:225;3183853:223;3183854:234;3183855:238
110819.3098,1788877120.4993,6,480.81,933.34,1414.15,0.0,15852.8,40189.4,2372.0,3183768:13;3183852:225;3183853:223;3183854:234;3183855:238
110819.4186,1788877120.6082,6,480.81,933.99,1414.80,18.4,15852.8,40189.4,2372.0,3183768:13;3183852:226;3183853:223;3183854:234;3183855:239
110819.5274,1788877120.7169,6,480.81,934.12,1414.93,17.6,15835.0,40207.2,2372.0,3183768:13;3183852:226;3183853:223;3183854:234;3183855:239
110819.6415,1788877120.8310,6,480.81,935.38,1416.18,72.3,15835.4,40206.8,2372.0,3183768:13;3183852:226;3183853:223;3183854:234;3183855:240
110819.7521,1788877120.9416,6,480.81,935.38,1416.18,0.0,15847.4,40194.8,2372.0,3183768:13;3183852:226;3183853:223;3183854:234;3183855:240
110819.8616,1788877121.0512,6,480.81,937.88,1418.68,45.0,15903.3,40138.9,2372.0,3183768:13;3183852:226;3183853:223;3183854:234;3183855:242
110819.9727,1788877121.1622,6,480.81,936.64,1417.45,9.1,15905.4,40136.8,2372.0,3183768:13;3183852:226;3183853:223;3183854:234;3183855:240
110820.0820,1788877121.2716,6,480.81,937.64,1418.45,18.0,15931.5,40110.8,2372.0,3183768:13;3183852:226;3183853:223;3183854:235;3183855:241
110820.1932,1788877121.3827,6,480.81,937.64,1418.45,0.0,16009.8,40032.4,2372.0,3183768:13;3183852:226;3183853:223;3183854:235;3183855:241
110820.3036,1788877121.4931,6,480.81,937.82,1418.62,109.6,16025.3,40016.9,2372.0,3183768:13;3183852:227;3183853:223;3183854:234;3183855:241
110820.4130,1788877121.6025,6,480.81,937.82,1418.62,0.0,16065.2,39977.1,2372.0,3183768:13;3183852:227;3183853:223;3183854:234;3183855:241
110820.5233,1788877121.7128,6,480.93,944.83,1425.77,104.1,16077.2,39965.0,2372.0,3183768:13;3183852:227;3183853:223;3183854:235;3183855:247
110820.6391,1788877121.8286,6,480.93,945.33,1426.27,24.0,16078.0,39964.2,2372.0,3183768:13;3183852:227;3183853:223;3183854:235;3183855:247
110820.7641,1788877121.9536,6,480.93,947.14,1428.07,91.6,16080.5,39961.7,2372.0,3183768:13;3183852:228;3183853:224;3183854:235;3183855:247
110820.8729,1788877122.0624,6,480.93,947.50,1428.44,18.2,16040.8,40001.4,2372.0,3183768:13;3183852:228;3183853:224;3183854:235;3183855:248
110820.9824,1788877122.1719,6,480.93,948.27,1429.21,92.0,16039.7,40002.6,2372.0,3183768:13;3183852:228;3183853:224;3183854:235;3183855:248
110821.0910,1788877122.2805,6,480.93,948.65,1429.58,27.3,16039.7,40002.6,2372.0,3183768:13;3183852:228;3183853:224;3183854:236;3183855:248
110821.2009,1788877122.3904,6,480.93,952.25,1433.18,64.4,16006.6,40035.7,2372.0,3183768:13;3183852:228;3183853:225;3183854:239;3183855:248
110821.3095,1788877122.4990,6,480.93,952.38,1433.31,9.1,16006.7,40035.5,2372.0,3183768:13;3183852:228;3183853:225;3183854:239;3183855:248
110821.4192,1788877122.6088,6,480.93,953.08,1434.01,36.2,16010.8,40031.4,2372.0,3183768:13;3183852:229;3183853:225;3183854:239;3183855:248
110821.5302,1788877122.7197,6,480.93,953.84,1434.77,0.0,16011.2,40031.0,2372.0,3183768:13;3183852:229;3183853:225;3183854:239;3183855:248
110821.6419,1788877122.8315,6,480.93,954.08,1435.01,63.9,16004.1,40038.2,2372.0,3183768:13;3183852:229;3183853:225;3183854:239;3183855:248
110821.7513,1788877122.9409,6,480.93,953.93,1434.86,27.0,16001.1,40041.1,2372.0,3183768:13;3183852:229;3183853:225;3183854:239;3183855:248
110821.8624,1788877123.0519,6,480.93,955.99,1436.93,45.3,15987.2,40055.0,2372.0,3183768:13;3183852:229;3183853:226;3183854:239;3183855:249
110821.9728,1788877123.1624,6,480.93,955.99,1436.93,0.0,15991.1,40051.1,2372.0,3183768:13;3183852:229;3183853:226;3183854:239;3183855:249
110822.0825,1788877123.2721,6,480.93,955.95,1436.88,9.2,15991.1,40051.1,2372.0,3183768:13;3183852:229;3183853:226;3183854:239;3183855:249
110822.1912,1788877123.3807,6,480.93,955.95,1436.88,9.1,15991.1,40051.1,2372.0,3183768:13;3183852:229;3183853:226;3183854:239;3183855:249
110822.3014,1788877123.4909,6,480.93,957.35,1438.29,46.0,15991.1,40051.1,2372.0,3183768:13;3183852:229;3183853:226;3183854:240;3183855:249
110822.4102,1788877123.5997,6,480.93,957.48,1438.41,9.2,15991.0,40051.2,2372.0,3183768:13;3183852:229;3183853:226;3183854:240;3183855:249
110822.5187,1788877123.7083,6,480.93,958.89,1439.83,45.1,15991.0,40051.2,2372.0,3183768:13;3183852:229;3183853:227;3183854:241;3183855:249
110822.6299,1788877123.8194,6,480.93,958.68,1439.61,18.4,15991.0,40051.2,2372.0,3183768:13;3183852:229;3183853:227;3183854:241;3183855:249
110822.7386,1788877123.9282,6,480.93,960.88,1441.81,118.2,15991.5,40050.7,2372.0,3183768:13;3183852:230;3183853:227;3183854:241;3183855:250
110822.8487,1788877124.0382,6,480.93,960.88,1441.81,0.0,15982.6,40059.6,2372.0,3183768:13;3183852:230;3183853:227;3183854:241;3183855:250
110822.9588,1788877124.1483,6,480.93,961.53,1442.46,90.6,15980.5,40061.7,2372.0,3183768:13;3183852:231;3183853:228;3183854:240;3183855:250
110823.0692,1788877124.2587,6,480.93,961.89,1442.83,9.2,15980.5,40061.7,2372.0,3183768:13;3183852:231;3183853:228;3183854:241;3183855:250
110823.1780,1788877124.3676,6,480.93,963.83,1444.77,119.3,15988.1,40054.1,2372.0,3183768:13;3183852:231;3183853:228;3183854:241;3183855:250
110823.2870,1788877124.4766,6,480.93,964.20,1445.14,0.0,15988.1,40054.1,2372.0,3183768:13;3183852:231;3183853:228;3183854:241;3183855:250
110823.3967,1788877124.5862,6,480.93,964.80,1445.73,27.6,15988.6,40053.6,2372.0,3183768:13;3183852:232;3183853:228;3183854:242;3183855:250
110823.5055,1788877124.6950,6,480.93,965.33,1446.26,0.0,15988.6,40053.6,2372.0,3183768:13;3183852:232;3183853:228;3183854:242;3183855:251
110823.6159,1788877124.8054,6,480.93,965.14,1446.07,36.3,15988.6,40053.6,2372.0,3183768:13;3183852:232;3183853:228;3183854:241;3183855:251
110823.7265,1788877124.9161,6,480.93,965.26,1446.20,0.0,15984.3,40058.0,2372.0,3183768:13;3183852:232;3183853:228;3183854:241;3183855:251
110823.8351,1788877125.0246,6,480.93,965.56,1446.50,45.5,15974.8,40067.5,2372.0,3183768:13;3183852:232;3183853:229;3183854:241;3183855:251
110823.9453,1788877125.1349,6,480.93,966.16,1447.09,0.0,15974.3,40067.9,2372.0,3183768:13;3183852:232;3183853:229;3183854:242;3183855:251
110824.0565,1788877125.2461,6,480.93,967.91,1448.84,119.6,15975.3,40066.9,2372.0,3183768:13;3183852:233;3183853:229;3183854:242;3183855:251
110824.1652,1788877125.3547,6,480.93,967.99,1448.93,0.0,15975.3,40066.9,2372.0,3183768:13;3183852:233;3183853:229;3183854:242;3183855:251
110824.2743,1788877125.4638,6,480.93,968.79,1449.72,36.8,15972.8,40069.4,2372.0,3183768:13;3183852:233;3183853:229;3183854:243;3183855:251
110824.3832,1788877125.5727,6,480.93,968.79,1449.72,18.4,15973.5,40068.7,2372.0,3183768:13;3183852:233;3183853:229;3183854:243;3183855:251
110824.4918,1788877125.6813,6,480.93,969.36,1450.30,54.5,15974.0,40068.2,2372.0,3183768:13;3183852:233;3183853:229;3183854:243;3183855:252
110824.6021,1788877125.7916,6,480.93,969.99,1450.92,0.0,15974.8,40067.5,2372.0,3183768:13;3183852:233;3183853:229;3183854:243;3183855:252
110824.7128,1788877125.9024,6,480.93,971.96,1452.89,109.8,15975.1,40067.1,2372.0,3183768:13;3183852:233;3183853:230;3183854:243;3183855:252
110824.8221,1788877126.0116,6,480.93,972.57,1453.50,9.0,15975.2,40067.0,2372.0,3183768:13;3183852:233;3183853:230;3183854:243;3183855:253
110824.9327,1788877126.1222,6,480.93,973.59,1454.52,80.5,15956.3,40085.9,2372.0,3183768:13;3183852:233;3183853:231;3183854:243;3183855:253
110825.0444,1788877126.2339,6,480.93,974.43,1455.36,45.5,15959.6,40082.6,2372.0,3183768:13;3183852:234;3183853:231;3183854:244;3183855:253
110825.1544,1788877126.3439,6,480.93,974.96,1455.90,46.0,15959.6,40082.6,2372.0,3183768:13;3183852:234;3183853:231;3183854:243;3183855:253
110825.2633,1788877126.4528,6,480.93,974.96,1455.90,0.0,15957.4,40084.8,2372.0,3183768:13;3183852:234;3183853:231;3183854:243;3183855:253
110825.3726,1788877126.5622,6,480.93,976.62,1457.55,63.7,15957.5,40084.8,2372.0,3183768:13;3183852:235;3183853:232;3183854:243;3183855:253
110825.4823,1788877126.6718,6,480.93,976.95,1457.88,0.0,15957.5,40084.8,2372.0,3183768:13;3183852:235;3183853:232;3183854:244;3183855:253
110825.5928,1788877126.7824,6,480.93,977.80,1458.74,27.6,15957.4,40084.8,2372.0,3183768:13;3183852:235;3183853:232;3183854:244;3183855:253
110825.7018,1788877126.8914,6,480.93,977.80,1458.74,0.0,15957.4,40084.8,2372.0,3183768:13;3183852:235;3183853:232;3183854:244;3183855:253
110825.8125,1788877127.0021,6,480.93,981.33,1462.27,125.2,15948.8,40093.4,2372.0,3183768:13;3183852:235;3183853:233;3183854:247;3183855:254
110825.9242,1788877127.1138,6,480.93,982.08,1463.02,0.0,15949.0,40093.2,2372.0,3183768:13;3183852:235;3183853:233;3183854:247;3183855:254
110826.0339,1788877127.2234,6,480.93,983.66,1464.59,97.9,15948.8,40093.5,2372.0,3183768:13;3183852:236;3183853:233;3183854:248;3183855:254
110826.1457,1788877127.3353,6,480.93,983.66,1464.59,0.0,15948.7,40093.5,2372.0,3183768:13;3183852:236;3183853:233;3183854:248;3183855:254
110826.2542,1788877127.4438,6,480.93,984.27,1465.20,73.3,15948.7,40093.5,2372.0,3183768:13;3183852:236;3183853:233;3183854:248;3183855:255
110826.3633,1788877127.5529,6,480.93,984.27,1465.20,0.0,15948.7,40093.5,2372.0,3183768:13;3183852:236;3183853:233;3183854:248;3183855:255
110826.4748,1788877127.6643,6,480.93,986.04,1466.97,27.6,15944.9,40097.3,2372.0,3183768:13;3183852:237;3183853:233;3183854:248;3183855:255
110826.5837,1788877127.7733,6,480.93,986.66,1467.59,91.8,15944.9,40097.3,2372.0,3183768:13;3183852:237;3183853:232;3183854:249;3183855:256
110826.6927,1788877127.8823,6,480.93,987.25,1468.18,71.2,15945.1,40097.1,2372.0,3183768:13;3183852:237;3183853:233;3183854:249;3183855:256
110826.8050,1788877127.9946,6,480.93,988.66,1469.60,97.4,15946.1,40096.1,2372.0,3183768:13;3183852:237;3183853:233;3183854:249;3183855:257
110826.9180,1788877128.1076,6,480.93,992.12,1473.05,82.4,15983.5,40058.8,2372.0,3183768:13;3183852:237;3183853:234;3183854:249;3183855:259
110827.0271,1788877128.2167,6,480.93,994.45,1475.38,0.0,15983.2,40059.0,2372.0,3183768:13;3183852:237;3183853:234;3183854:249;3183855:261
110827.1391,1788877128.3286,6,480.93,992.52,1473.46,118.5,15981.5,40060.7,2372.0,3183768:13;3183852:237;3183853:234;3183854:249;3183855:260
110827.2487,1788877128.4382,6,480.93,992.91,1473.84,9.1,15981.5,40060.7,2372.0,3183768:13;3183852:238;3183853:234;3183854:249;3183855:260
110827.3590,1788877128.5486,6,480.93,993.83,1474.77,18.4,15981.8,40060.4,2372.0,3183768:13;3183852:238;3183853:234;3183854:249;3183855:260
110827.4684,1788877128.6579,6,480.93,993.83,1474.77,0.0,15980.2,40062.0,2372.0,3183768:13;3183852:238;3183853:234;3183854:249;3183855:260
110827.5775,1788877128.7670,6,480.93,994.44,1475.38,36.4,15980.3,40061.9,2372.0,3183768:13;3183852:238;3183853:234;3183854:250;3183855:260
110827.6875,1788877128.8770,6,480.93,994.67,1475.61,18.2,15981.5,40060.7,2372.0,3183768:13;3183852:238;3183853:234;3183854:250;3183855:260
110827.7970,1788877128.9866,6,480.93,999.84,1480.77,138.0,15979.6,40062.7,2372.0,3183768:13;3183852:238;3183853:234;3183854:251;3183855:263
110827.9059,1788877129.0955,6,480.93,1000.52,1481.45,26.6,15973.9,40068.4,2372.0,3183768:13;3183852:238;3183853:235;3183854:251;3183855:263
110828.0187,1788877129.2083,6,480.93,1001.20,1482.14,45.5,15965.7,40076.5,2372.0,3183768:13;3183852:239;3183853:234;3183854:252;3183855:264
110828.1287,1788877129.3182,6,480.93,1001.33,1482.26,9.1,15965.5,40076.7,2372.0,3183768:13;3183852:239;3183853:234;3183854:252;3183855:264
110828.2389,1788877129.4285,6,480.93,1002.84,1483.77,55.2,15965.7,40076.5,2372.0,3183768:13;3183852:239;3183853:235;3183854:252;3183855:264
110828.3474,1788877129.5369,6,480.93,1003.39,1484.32,18.2,15965.7,40076.5,2372.0,3183768:13;3183852:239;3183853:235;3183854:252;3183855:264
110828.4574,1788877129.6469,6,480.93,1001.56,1482.50,64.5,15962.7,40079.5,2372.0,3183768:13;3183852:237;3183853:235;3183854:252;3183855:265
110828.5660,1788877129.7556,6,480.93,1001.95,1482.89,9.2,15963.4,40078.8,2372.0,3183768:13;3183852:237;3183853:235;3183854:252;3183855:265
110828.6751,1788877129.8647,6,480.93,1002.73,1483.67,72.6,15963.7,40078.6,2372.0,3183768:13;3183852:237;3183853:236;3183854:252;3183855:265
110828.7860,1788877129.9756,6,480.93,1003.38,1484.31,18.0,15963.7,40078.6,2372.0,3183768:13;3183852:237;3183853:236;3183854:252;3183855:265
110828.8962,1788877130.0857,6,480.93,1005.42,1486.35,72.4,15922.2,40120.0,2372.0,3183768:13;3183852:238;3183853:237;3183854:252;3183855:266
110829.0070,1788877130.1965,6,480.93,1006.35,1487.29,9.1,15914.4,40127.9,2372.0,3183768:13;3183852:238;3183853:237;3183854:252;3183855:266
110829.1171,1788877130.3066,6,480.93,1006.02,1486.95,64.4,15915.1,40127.1,2372.0,3183768:13;3183852:238;3183853:237;3183854:252;3183855:266
110829.2259,1788877130.4155,6,480.93,1005.76,1486.69,0.0,15915.1,40127.1,2372.0,3183768:13;3183852:238;3183853:237;3183854:252;3183855:266
110829.3365,1788877130.5260,6,480.93,1006.35,1487.28,9.1,15913.6,40128.7,2372.0,3183768:13;3183852:238;3183853:237;3183854:252;3183855:266
110829.4471,1788877130.6366,6,480.93,1006.47,1487.41,0.0,15913.5,40128.7,2372.0,3183768:13;3183852:238;3183853:237;3183854:252;3183855:266
110829.5575,1788877130.7470,6,480.93,1006.94,1487.87,63.9,15913.8,40128.5,2372.0,3183768:13;3183852:238;3183853:237;3183854:253;3183855:266
110829.6671,1788877130.8566,6,480.93,1007.18,1488.12,8.9,15913.8,40128.5,2372.0,3183768:13;3183852:238;3183853:237;3183854:253;3183855:266
110829.7790,1788877130.9686,6,480.93,1008.46,1489.39,45.2,15914.5,40127.7,2372.0,3183768:13;3183852:239;3183853:237;3183854:253;3183855:267
110829.8897,1788877131.0792,6,480.93,1008.66,1489.59,9.2,15910.2,40132.0,2372.0,3183768:13;3183852:239;3183853:237;3183854:253;3183855:267
110829.9987,1788877131.1882,6,480.93,1010.23,1491.17,63.1,15891.4,40150.8,2372.0,3183768:13;3183852:239;3183853:238;3183854:253;3183855:267
110830.1095,1788877131.2991,6,480.93,1010.23,1491.17,0.0,15891.4,40150.8,2372.0,3183768:13;3183852:239;3183853:238;3183854:253;3183855:267
110830.2191,1788877131.4087,6,480.93,1010.86,1491.79,27.3,15886.4,40155.8,2372.0,3183768:13;3183852:239;3183853:238;3183854:254;3183855:268
110830.3290,1788877131.5185,6,480.93,1011.36,1492.30,9.1,15886.4,40155.8,2372.0,3183768:13;3183852:239;3183853:238;3183854:254;3183855:268
110830.4390,1788877131.6285,6,480.93,1012.83,1493.76,165.2,15886.4,40155.8,2372.0,3183768:13;3183852:240;3183853:238;3183854:255;3183855:267
110830.5482,1788877131.7377,6,480.93,1013.05,1493.98,36.4,15886.4,40155.8,2372.0,3183768:13;3183852:240;3183853:238;3183854:255;3183855:267
110830.6574,1788877131.8469,6,481.06,1015.38,1496.43,156.0,15881.8,40160.5,2372.0,3183768:13;3183852:240;3183853:239;3183854:255;3183855:268
110830.7664,1788877131.9559,6,481.06,1015.88,1496.94,36.8,15875.0,40167.2,2372.0,3183768:13;3183852:240;3183853:240;3183854:255;3183855:268
110830.8749,1788877132.0644,6,481.06,1016.91,1497.97,44.4,15867.7,40174.5,2372.0,3183768:13;3183852:240;3183853:240;3183854:255;3183855:268
110830.9875,1788877132.1770,6,481.06,1017.27,1498.33,0.0,15867.7,40174.5,2372.0,3183768:13;3183852:240;3183853:241;3183854:256;3183855:268
110831.0972,1788877132.2868,6,481.06,1019.21,1500.27,99.6,15867.6,40174.6,2372.0,3183768:13;3183852:241;3183853:242;3183854:257;3183855:268
110831.2077,1788877132.3973,6,481.06,1019.56,1500.62,18.2,15866.6,40175.6,2372.0,3183768:13;3183852:241;3183853:242;3183854:257;3183855:268
110831.3175,1788877132.5071,6,481.06,1020.92,1501.98,64.2,15864.7,40177.5,2372.0,3183768:13;3183852:241;3183853:242;3183854:257;3183855:268
110831.4266,1788877132.6161,6,481.06,1021.30,1502.36,0.0,15864.7,40177.5,2372.0,3183768:13;3183852:241;3183853:242;3183854:257;3183855:268
110831.5358,1788877132.7253,6,481.06,1022.54,1503.60,55.1,15864.7,40177.5,2372.0,3183768:13;3183852:241;3183853:242;3183854:258;3183855:268
110831.6446,1788877132.8342,6,481.06,1022.57,1503.63,18.4,15864.7,40177.5,2372.0,3183768:13;3183852:241;3183853:242;3183854:258;3183855:268
110831.7533,1788877132.9428,6,481.06,1028.55,1509.61,91.1,15869.4,40172.8,2372.0,3183768:13;3183852:242;3183853:243;3183854:262;3183855:269
110831.8629,1788877133.0525,6,481.06,1026.91,1507.97,9.2,15859.8,40182.4,2372.0,3183768:13;3183852:242;3183853:243;3183854:260;3183855:269
110831.9719,1788877133.1614,6,481.06,1028.98,1510.04,90.0,15859.8,40182.4,2372.0,3183768:13;3183852:242;3183853:243;3183854:261;3183855:270
110832.0831,1788877133.2727,6,481.06,1029.20,1510.25,8.8,15858.6,40183.6,2372.0,3183768:13;3183852:242;3183853:243;3183854:261;3183855:270
110832.1963,1788877133.3858,6,481.06,1030.03,1511.09,26.6,15858.6,40183.6,2372.0,3183768:13;3183852:242;3183853:244;3183854:261;3183855:270
110832.3088,1788877133.4984,6,481.06,1030.15,1511.21,0.0,15858.9,40183.4,2372.0,3183768:13;3183852:242;3183853:244;3183854:261;3183855:270
110832.4191,1788877133.6087,6,481.06,1036.38,1517.44,127.7,15865.1,40177.1,2372.0,3183768:13;3183852:243;3183853:244;3183854:261;3183855:276
110832.5287,1788877133.7183,6,481.06,1036.69,1517.75,9.1,15864.9,40177.3,2372.0,3183768:13;3183852:243;3183853:244;3183854:261;3183855:276
110832.6391,1788877133.8287,6,481.06,1037.80,1518.86,82.1,15865.7,40176.5,2372.0,3183768:13;3183852:243;3183853:244;3183854:261;3183855:276
110832.7486,1788877133.9382,6,481.06,1037.96,1519.02,8.9,15852.6,40189.6,2372.0,3183768:13;3183852:243;3183853:244;3183854:261;3183855:276
110832.8610,1788877134.0505,6,481.06,1036.66,1517.71,54.4,15840.2,40202.1,2372.0,3183768:13;3183852:241;3183853:244;3183854:261;3183855:277
110832.9715,1788877134.1610,6,481.06,1036.88,1517.93,0.0,15840.1,40202.1,2372.0,3183768:13;3183852:241;3183853:244;3183854:261;3183855:277
110833.0815,1788877134.2710,6,481.06,1037.49,1518.55,81.7,15839.8,40202.4,2372.0,3183768:13;3183852:242;3183853:244;3183854:262;3183855:277
110833.1917,1788877134.3812,6,481.06,1037.74,1518.80,9.2,15839.8,40202.4,2372.0,3183768:13;3183852:242;3183853:244;3183854:262;3183855:277
110833.3006,1788877134.4902,6,481.06,1037.11,1518.17,55.0,15840.7,40201.5,2372.0,3183768:13;3183852:242;3183853:242;3183854:263;3183855:277
110833.4097,1788877134.5992,6,481.06,1037.44,1518.50,27.4,15840.7,40201.5,2372.0,3183768:13;3183852:242;3183853:242;3183854:263;3183855:277
110833.5190,1788877134.7086,6,481.06,1037.92,1518.98,82.8,15841.0,40201.3,2372.0,3183768:13;3183852:242;3183853:242;3183854:264;3183855:277
110833.6277,1788877134.8172,6,481.06,1038.62,1519.68,36.0,15834.0,40208.2,2372.0,3183768:13;3183852:243;3183853:242;3183854:264;3183855:277
110833.7388,1788877134.9284,6,481.06,1039.79,1520.85,72.7,15827.2,40215.0,2372.0,3183768:13;3183852:243;3183853:242;3183854:264;3183855:277
110833.8488,1788877135.0384,6,481.06,1039.96,1521.02,9.2,15826.4,40215.8,2372.0,3183768:13;3183852:243;3183853:243;3183854:264;3183855:277
110833.9579,1788877135.1474,6,481.06,1040.75,1521.81,64.1,15825.8,40216.4,2372.0,3183768:13;3183852:243;3183853:243;3183854:265;3183855:278
110834.0671,1788877135.2566,6,481.06,1040.75,1521.81,0.0,15825.8,40216.4,2372.0,3183768:13;3183852:243;3183853:243;3183854:265;3183855:278
110834.1776,1788877135.3672,6,481.06,1041.95,1523.01,54.5,15825.8,40216.4,2372.0,3183768:13;3183852:243;3183853:243;3183854:265;3183855:278
110834.2881,1788877135.4776,6,481.06,1042.25,1523.31,0.0,15824.8,40217.4,2372.0,3183768:13;3183852:243;3183853:243;3183854:265;3183855:278
110834.3972,1788877135.5868,6,481.06,1044.14,1525.20,73.1,15825.6,40216.6,2372.0,3183768:13;3183852:243;3183853:244;3183854:266;3183855:279
110834.5065,1788877135.6960,6,481.06,1044.39,1525.45,18.0,15825.8,40216.4,2372.0,3183768:13;3183852:243;3183853:244;3183854:266;3183855:279
110834.6170,1788877135.8066,6,481.06,1045.79,1526.85,82.4,15828.5,40213.7,2372.0,3183768:13;3183852:244;3183853:245;3183854:266;3183855:278
110834.7265,1788877135.9161,6,481.06,1045.79,1526.85,0.0,15823.3,40218.9,2372.0,3183768:13;3183852:244;3183853:245;3183854:266;3183855:278
110834.8368,1788877136.0263,6,481.06,1047.01,1528.07,27.2,15823.3,40218.9,2372.0,3183768:13;3183852:245;3183853:245;3183854:266;3183855:279
110834.9470,1788877136.1366,6,481.06,1047.01,1528.07,0.0,15818.7,40223.5,2372.0,3183768:13;3183852:245;3183853:245;3183854:266;3183855:279
110835.0568,1788877136.2464,6,481.06,1047.24,1528.30,64.4,15819.2,40223.0,2372.0,3183768:13;3183852:245;3183853:245;3183854:266;3183855:279
110835.1656,1788877136.3551,6,481.06,1047.75,1528.80,0.0,15819.2,40223.0,2372.0,3183768:13;3183852:245;3183853:245;3183854:266;3183855:279
110835.2762,1788877136.4658,6,481.06,1048.06,1529.12,54.0,15819.2,40223.0,2372.0,3183768:13;3183852:245;3183853:245;3183854:266;3183855:279
110835.3876,1788877136.5771,6,481.06,1048.06,1529.12,0.0,15819.2,40223.0,2372.0,3183768:13;3183852:245;3183853:245;3183854:266;3183855:279
110835.4989,1788877136.6884,6,481.06,1048.88,1529.94,55.0,15819.4,40222.8,2372.0,3183768:13;3183852:245;3183853:246;3183854:266;3183855:279
110835.6081,1788877136.7977,6,481.06,1049.23,1530.29,9.1,15819.3,40222.9,2372.0,3183768:13;3183852:245;3183853:246;3183854:266;3183855:279
110835.7175,1788877136.9070,6,481.06,1050.24,1531.30,73.6,15821.0,40221.2,2372.0,3183768:13;3183852:245;3183853:246;3183854:266;3183855:280
110835.8262,1788877137.0157,6,481.06,1050.60,1531.66,36.0,15819.3,40222.9,2372.0,3183768:13;3183852:245;3183853:246;3183854:266;3183855:280
110835.9369,1788877137.1264,6,481.06,1051.89,1532.95,55.1,15815.8,40226.5,2372.0,3183768:13;3183852:246;3183853:246;3183854:266;3183855:280
110836.0459,1788877137.2354,6,481.06,1052.02,1533.08,9.1,15815.8,40226.5,2372.0,3183768:13;3183852:246;3183853:246;3183854:267;3183855:280
110836.1562,1788877137.3458,6,481.06,1053.57,1534.63,109.7,15816.5,40225.7,2372.0,3183768:13;3183852:246;3183853:247;3183854:267;3183855:281
110836.2655,1788877137.4550,6,481.06,1053.91,1534.96,27.3,15816.5,40225.7,2372.0,3183768:13;3183852:246;3183853:247;3183854:267;3183855:281
110836.3756,1788877137.5652,6,481.06,1056.02,1537.08,101.2,15817.2,40225.0,2372.0,3183768:13;3183852:246;3183853:248;3183854:267;3183855:282
110836.4844,1788877137.6740,6,481.06,1057.24,1538.30,36.5,15817.2,40225.0,2372.0,3183768:13;3183852:246;3183853:248;3183854:268;3183855:282
110836.5940,1788877137.7835,6,481.06,1061.29,1542.35,91.7,15820.7,40221.5,2372.0,3183768:13;3183852:247;3183853:249;3183854:271;3183855:282
110836.7030,1788877137.8926,6,481.18,1061.29,1542.47,0.0,15820.7,40221.5,2372.0,3183768:13;3183852:247;3183853:249;3183854:271;3183855:282
110836.8125,1788877138.0020,6,481.18,1063.07,1544.25,137.3,15820.7,40221.5,2372.0,3183768:13;3183852:247;3183853:250;3183854:271;3183855:282
110836.9217,1788877138.1112,6,481.18,1063.07,1544.25,0.0,15821.4,40220.8,2372.0,3183768:13;3183852:247;3183853:250;3183854:271;3183855:282
110837.0304,1788877138.2199,6,481.18,1066.27,1547.46,91.4,15828.3,40213.9,2372.0,3183768:13;3183852:248;3183853:250;3183854:273;3183855:283
110837.1399,1788877138.3294,6,481.18,1066.27,1547.46,0.0,15828.3,40213.9,2372.0,3183768:13;3183852:248;3183853:250;3183854:273;3183855:283
110837.2496,1788877138.4391,6,481.18,1066.86,1548.04,46.0,15828.3,40213.9,2372.0,3183768:13;3183852:248;3183853:250;3183854:273;3183855:283
110837.3583,1788877138.5479,6,481.18,1066.86,1548.04,0.0,15827.2,40215.0,2372.0,3183768:13;3183852:248;3183853:250;3183854:273;3183855:283
110837.4683,1788877138.6579,6,481.18,1067.42,1548.61,54.4,15826.7,40215.5,2372.0,3183768:13;3183852:248;3183853:251;3183854:273;3183855:283
110837.5785,1788877138.7681,6,481.18,1067.42,1548.61,0.0,15826.7,40215.5,2372.0,3183768:13;3183852:248;3183853:251;3183854:273;3183855:283
110837.6875,1788877138.8770,6,481.18,1068.49,1549.67,128.3,15826.2,40216.1,2372.0,3183768:13;3183852:248;3183853:252;3183854:273;3183855:283
110837.7965,1788877138.9861,6,481.18,1068.49,1549.68,9.1,15825.5,40216.7,2372.0,3183768:13;3183852:248;3183853:252;3183854:273;3183855:283
110837.9070,1788877139.0965,6,481.18,1069.95,1551.13,64.0,15824.8,40217.4,2372.0,3183768:13;3183852:249;3183853:252;3183854:274;3183855:283
110838.0165,1788877139.2060,6,481.18,1069.95,1551.13,0.0,15825.1,40217.1,2372.0,3183768:13;3183852:249;3183853:252;3183854:274;3183855:283
110838.1253,1788877139.3149,6,481.18,1071.08,1552.27,110.2,15825.3,40216.9,2372.0,3183768:13;3183852:249;3183853:252;3183854:274;3183855:283
110838.2342,1788877139.4238,6,481.18,1071.09,1552.27,18.2,15825.3,40216.9,2372.0,3183768:13;3183852:249;3183853:252;3183854:274;3183855:283
110838.3444,1788877139.5339,6,481.18,1073.05,1554.23,73.3,15825.3,40216.9,2372.0,3183768:13;3183852:249;3183853:253;3183854:274;3183855:284
110838.4534,1788877139.6429,6,481.18,1073.18,1554.36,9.2,15825.3,40216.9,2372.0,3183768:13;3183852:249;3183853:253;3183854:274;3183855:284
110838.5627,1788877139.7522,6,481.18,1074.66,1555.84,99.9,15823.8,40218.4,2372.0,3183768:13;3183852:250;3183853:251;3183854:274;3183855:286
110838.6728,1788877139.8623,6,481.18,1074.78,1555.96,18.4,15823.1,40219.2,2372.0,3183768:13;3183852:250;3183853:251;3183854:274;3183855:286
110838.7816,1788877139.9711,6,481.18,1076.32,1557.50,117.3,15824.0,40218.2,2372.0,3183768:13;3183852:250;3183853:252;3183854:275;3183855:286
110838.8924,1788877140.0820,6,481.18,1076.32,1557.50,0.0,15822.4,40219.8,2372.0,3183768:13;3183852:250;3183853:252;3183854:275;3183855:286
110839.0026,1788877140.1922,6,481.18,1078.91,1560.09,73.6,15822.8,40219.4,2372.0,3183768:13;3183852:250;3183853:253;3183854:276;3183855:287
110839.1115,1788877140.3010,6,481.18,1079.04,1560.22,9.0,15822.8,40219.4,2372.0,3183768:13;3183852:250;3183853:253;3183854:276;3183855:287
110839.2220,1788877140.4116,6,481.18,1080.16,1561.34,82.2,15822.1,40220.1,2372.0,3183768:13;3183852:250;3183853:253;3183854:276;3183855:288
110839.3314,1788877140.5210,6,481.18,1080.16,1561.34,0.0,15822.1,40220.1,2372.0,3183768:13;3183852:250;3183853:253;3183854:276;3183855:288
110839.4436,1788877140.6331,6,481.18,1081.08,1562.27,18.2,15822.1,40220.1,2372.0,3183768:13;3183852:251;3183853:253;3183854:276;3183855:288
110839.5530,1788877140.7425,6,481.18,1081.08,1562.27,0.0,15822.1,40220.1,2372.0,3183768:13;3183852:251;3183853:253;3183854:276;3183855:288
110839.6635,1788877140.8531,6,481.18,1083.23,1564.41,90.8,15822.4,40219.9,2372.0,3183768:13;3183852:251;3183853:254;3183854:277;3183855:288
110839.7738,1788877140.9633,6,481.18,1083.23,1564.41,0.0,15822.6,40219.6,2372.0,3183768:13;3183852:251;3183853:254;3183854:277;3183855:288
110839.8830,1788877141.0726,6,481.18,1084.34,1565.53,27.0,15820.5,40221.7,2372.0,3183768:13;3183852:251;3183853:254;3183854:277;3183855:289
110839.9943,1788877141.1838,6,481.18,1084.34,1565.53,0.0,15821.2,40221.0,2372.0,3183768:13;3183852:251;3183853:254;3183854:277;3183855:289
110840.1027,1788877141.2923,6,481.18,1085.33,1566.52,73.1,15822.0,40220.2,2372.0,3183768:13;3183852:251;3183853:255;3183854:278;3183855:289
110840.2122,1788877141.4018,6,481.18,1085.21,1566.39,18.4,15822.0,40220.2,2372.0,3183768:13;3183852:251;3183853:255;3183854:278;3183855:289
110840.3215,1788877141.5110,6,481.18,1087.34,1568.52,109.7,15822.1,40220.2,2372.0,3183768:13;3183852:252;3183853:255;3183854:278;3183855:289
110840.4311,1788877141.6206,6,481.18,1087.46,1568.65,9.1,15821.6,40220.6,2372.0,3183768:13;3183852:252;3183853:255;3183854:278;3183855:289
110840.5407,1788877141.7303,6,481.18,1088.99,1570.18,81.9,15822.8,40219.4,2372.0,3183768:13;3183852:252;3183853:256;3183854:279;3183855:289
110840.6505,1788877141.8401,6,481.18,1088.99,1570.18,9.1,15822.8,40219.4,2372.0,3183768:13;3183852:252;3183853:256;3183854:279;3183855:289
110840.7599,1788877141.9494,6,481.18,1093.20,1574.38,128.4,15830.0,40212.2,2372.0,3183768:13;3183852:252;3183853:256;3183854:282;3183855:290
110840.8689,1788877142.0584,6,481.18,1093.20,1574.38,0.0,15829.7,40212.5,2372.0,3183768:13;3183852:252;3183853:256;3183854:282;3183855:290
110840.9781,1788877142.1676,6,481.18,1094.64,1575.82,70.4,15826.4,40215.8,2372.0,3183768:13;3183852:253;3183853:257;3183854:282;3183855:290
110841.0917,1788877142.2812,6,481.18,1094.64,1575.82,0.0,15827.1,40215.1,2372.0,3183768:13;3183852:253;3183853:257;3183854:282;3183855:290
110841.2002,1788877142.3898,6,481.18,1096.00,1577.19,63.6,15828.8,40213.4,2372.0,3183768:13;3183852:254;3183853:258;3183854:282;3183855:290
110841.3104,1788877142.4999,6,481.18,1096.13,1577.31,0.0,15829.3,40212.9,2372.0,3183768:13;3183852:254;3183853:258;3183854:282;3183855:290
110841.4198,1788877142.6094,6,481.18,1097.08,1578.27,45.6,15829.9,40212.4,2372.0,3183768:13;3183852:254;3183853:258;3183854:282;3183855:290
110841.5294,1788877142.7189,6,481.18,1097.08,1578.27,0.0,15829.9,40212.4,2372.0,3183768:13;3183852:254;3183853:258;3183854:282;3183855:290
110841.6402,1788877142.8298,6,481.18,1098.51,1579.69,82.2,15830.1,40212.1,2372.0,3183768:13;3183852:254;3183853:258;3183854:283;3183855:291
110841.7497,1788877142.9392,6,481.18,1098.55,1579.73,26.9,15830.6,40211.6,2372.0,3183768:13;3183852:254;3183853:258;3183854:283;3183855:291
110841.8611,1788877143.0506,6,481.18,1100.60,1581.78,119.6,15830.4,40211.9,2372.0,3183768:13;3183852:254;3183853:259;3183854:283;3183855:291
110841.9698,1788877143.1593,6,481.18,1102.28,1583.46,137.9,15833.5,40208.7,2372.0,3183768:13;3183852:254;3183853:259;3183854:284;3183855:292
110842.0786,1788877143.2681,6,481.18,1103.93,1585.11,81.4,15837.7,40204.5,2372.0,3183768:13;3183852:255;3183853:259;3183854:284;3183855:293
110842.1893,1788877143.3788,6,481.18,1104.10,1585.29,9.0,15864.0,40178.2,2372.0,3183768:13;3183852:255;3183853:259;3183854:284;3183855:293
110842.2999,1788877143.4895,6,481.18,1106.38,1587.57,73.0,15864.4,40177.8,2372.0,3183768:13;3183852:255;3183853:260;3183854:285;3183855:293
110842.4096,1788877143.5991,6,481.18,1106.38,1587.57,0.0,15864.7,40177.5,2372.0,3183768:13;3183852:255;3183853:260;3183854:285;3183855:293
110842.5197,1788877143.7092,6,481.18,1107.75,1588.93,101.2,15867.9,40174.4,2372.0,3183768:13;3183852:256;3183853:260;3183854:285;3183855:294
110842.6286,1788877143.8181,6,481.18,1107.86,1589.04,0.0,15867.9,40174.4,2372.0,3183768:13;3183852:256;3183853:260;3183854:285;3183855:294
110842.7392,1788877143.9288,6,481.18,1109.12,1590.30,136.2,15864.5,40177.8,2372.0,3183768:13;3183852:254;3183853:260;3183854:285;3183855:297
110842.8494,1788877144.0389,6,481.18,1109.12,1590.30,0.0,15864.8,40177.5,2372.0,3183768:13;3183852:254;3183853:260;3183854:285;3183855:297
110842.9591,1788877144.1487,6,481.18,1109.75,1590.93,36.7,15864.5,40177.8,2372.0,3183768:13;3183852:254;3183853:260;3183854:285;3183855:297
110843.0683,1788877144.2578,6,481.18,1110.62,1591.80,27.3,15862.9,40179.4,2372.0,3183768:13;3183852:254;3183853:261;3183854:285;3183855:297
110843.1781,1788877144.3676,6,481.18,1112.13,1593.31,118.7,15863.6,40178.6,2372.0,3183768:13;3183852:255;3183853:261;3183854:286;3183855:298
110843.2876,1788877144.4772,6,481.18,1112.13,1593.31,0.0,15859.8,40182.4,2372.0,3183768:13;3183852:255;3183853:261;3183854:286;3183855:298
110843.3970,1788877144.5865,6,481.18,1113.71,1594.89,73.0,15866.5,40175.8,2372.0,3183768:13;3183852:255;3183853:261;3183854:286;3183855:299
110843.5065,1788877144.6960,6,481.18,1113.11,1594.30,36.4,15847.8,40194.4,2372.0,3183768:13;3183852:255;3183853:261;3183854:286;3183855:299
110843.6165,1788877144.8060,6,481.18,1114.80,1595.99,45.6,15847.8,40194.4,2372.0,3183768:13;3183852:255;3183853:262;3183854:286;3183855:299
110843.7260,1788877144.9155,6,481.18,1114.83,1596.01,9.1,15847.8,40194.4,2372.0,3183768:13;3183852:255;3183853:262;3183854:286;3183855:299
110843.8359,1788877145.0254,6,481.18,1115.72,1596.90,9.2,15848.0,40194.2,2372.0,3183768:13;3183852:255;3183853:262;3183854:286;3183855:299
110843.9450,1788877145.1346,6,481.18,1115.97,1597.15,9.1,15844.9,40197.3,2372.0,3183768:13;3183852:255;3183853:262;3183854:286;3183855:299
110844.0544,1788877145.2439,6,481.18,1116.29,1597.47,36.7,15845.1,40197.2,2372.0,3183768:13;3183852:256;3183853:262;3183854:286;3183855:299
110844.1636,1788877145.3532,6,481.18,1116.22,1597.40,0.0,15846.8,40195.4,2372.0,3183768:13;3183852:256;3183853:262;3183854:286;3183855:299
110844.2759,1788877145.4654,6,481.18,1117.83,1599.02,27.4,15852.7,40189.5,2372.0,3183768:13;3183852:256;3183853:262;3183854:287;3183855:300
110844.3853,1788877145.5748,6,481.18,1117.58,1598.77,27.3,15852.7,40189.5,2372.0,3183768:13;3183852:256;3183853:262;3183854:286;3183855:300
110844.4946,1788877145.6841,6,481.18,1118.91,1600.09,72.8,15852.9,40189.3,2372.0,3183768:13;3183852:256;3183853:263;3183854:287;3183855:300
110844.6045,1788877145.7940,6,481.18,1118.66,1599.84,0.0,15847.7,40194.5,2372.0,3183768:13;3183852:256;3183853:263;3183854:287;3183855:300
110844.7143,1788877145.9039,6,481.18,1120.54,1601.72,45.4,15847.7,40194.5,2372.0,3183768:13;3183852:256;3183853:263;3183854:288;3183855:300
110844.8246,1788877146.0141,6,481.18,1120.38,1601.57,36.7,15848.9,40193.3,2372.0,3183768:13;3183852:256;3183853:263;3183854:288;3183855:300
110844.9338,1788877146.1233,6,481.18,1120.03,1601.21,55.2,15848.9,40193.3,2372.0,3183768:13;3183852:256;3183853:263;3183854:287;3183855:300
110845.0426,1788877146.2321,6,481.18,1120.58,1601.77,72.9,15848.9,40193.3,2372.0,3183768:13;3183852:256;3183853:263;3183854:288;3183855:300
110845.1522,1788877146.3418,6,481.18,1121.83,1603.02,55.0,15849.2,40193.1,2372.0,3183768:13;3183852:256;3183853:264;3183854:288;3183855:301
110845.2615,1788877146.4510,6,481.18,1121.89,1603.07,9.0,15849.6,40192.6,2372.0,3183768:13;3183852:256;3183853:264;3183854:288;3183855:301
110845.3724,1788877146.5619,6,481.18,1123.03,1604.21,91.4,15849.4,40192.8,2372.0,3183768:13;3183852:257;3183853:264;3183854:288;3183855:301
110845.4817,1788877146.6713,6,481.18,1123.26,1604.45,36.5,15851.9,40190.4,2372.0,3183768:13;3183852:257;3183853:264;3183854:288;3183855:301
110845.5913,1788877146.7808,6,481.18,1126.49,1607.67,110.3,15856.8,40185.4,2372.0,3183768:13;3183852:258;3183853:265;3183854:289;3183855:302
110845.7004,1788877146.8900,6,481.18,1126.78,1607.96,27.0,15857.0,40185.2,2372.0,3183768:13;3183852:258;3183853:265;3183854:289;3183855:302
110845.8109,1788877147.0005,6,481.18,1129.18,1610.37,109.1,15860.7,40181.5,2372.0,3183768:13;3183852:258;3183853:266;3183854:289;3183855:303
110845.9209,1788877147.1105,6,481.18,1129.23,1610.41,18.2,15867.1,40175.1,2372.0,3183768:13;3183852:258;3183853:266;3183854:289;3183855:303
110846.0305,1788877147.2200,6,481.18,1130.50,1611.69,45.6,15911.0,40131.2,2372.0,3183768:13;3183852:258;3183853:266;3183854:290;3183855:303
110846.1401,1788877147.3296,6,481.18,1130.26,1611.45,17.7,15931.4,40110.8,2372.0,3183768:13;3183852:258;3183853:266;3183854:290;3183855:303
110846.2527,1788877147.4422,6,481.18,1130.81,1611.99,55.1,15933.3,40108.9,2372.0,3183768:13;3183852:258;3183853:266;3183854:291;3183855:303
110846.3617,1788877147.5513,6,481.18,1131.04,1612.23,27.5,16036.1,40006.2,2372.0,3183768:13;3183852:258;3183853:267;3183854:291;3183855:303
110846.4708,1788877147.6604,6,481.18,1132.31,1613.49,70.2,16036.2,40006.0,2372.0,3183768:13;3183852:258;3183853:267;3183854:291;3183855:303
110846.5846,1788877147.7741,6,481.18,1133.01,1614.19,8.6,16107.6,39934.7,2372.0,3183768:13;3183852:258;3183853:267;3183854:291;3183855:303
110846.7016,1788877147.8911,6,481.18,1134.63,1615.81,98.2,16107.4,39934.8,2372.0,3183768:13;3183852:258;3183853:268;3183854:292;3183855:304
110846.8136,1788877148.0031,6,481.18,1134.63,1615.81,0.0,16107.5,39934.7,2372.0,3183768:13;3183852:258;3183853:268;3183854:292;3183855:304
110846.9255,1788877148.1151,6,481.18,1136.18,1617.36,45.9,16099.6,39942.6,2372.0,3183768:13;3183852:258;3183853:269;3183854:292;3183855:304
110847.0344,1788877148.2239,6,481.18,1136.18,1617.36,0.0,16043.3,39998.9,2372.0,3183768:13;3183852:258;3183853:269;3183854:292;3183855:304
110847.1435,1788877148.3331,6,481.18,1136.60,1617.78,18.2,16043.0,39999.2,2372.0,3183768:13;3183852:259;3183853:269;3183854:292;3183855:304
110847.2535,1788877148.4431,6,481.18,1136.60,1617.78,0.0,16043.0,39999.2,2372.0,3183768:13;3183852:259;3183853:269;3183854:292;3183855:304
110847.3633,1788877148.5528,6,481.18,1137.79,1618.98,100.5,16043.0,39999.2,2372.0,3183768:13;3183852:259;3183853:269;3183854:292;3183855:304
110847.4728,1788877148.6623,6,481.18,1137.92,1619.10,0.0,16043.0,39999.2,2372.0,3183768:13;3183852:259;3183853:269;3183854:292;3183855:304
110847.5835,1788877148.7730,6,481.18,1139.61,1620.79,55.1,16043.0,39999.2,2372.0,3183768:13;3183852:259;3183853:269;3183854:293;3183855:305
110847.6924,1788877148.8820,6,481.18,1139.83,1621.02,9.0,16043.0,39999.2,2372.0,3183768:13;3183852:259;3183853:269;3183854:293;3183855:305
110847.8034,1788877148.9929,6,481.18,1141.12,1622.31,63.7,16085.8,39956.4,2372.0,3183768:13;3183852:259;3183853:270;3183854:294;3183855:305
110847.9134,1788877149.1029,6,481.18,1140.95,1622.13,9.2,16076.4,39965.8,2372.0,3183768:13;3183852:259;3183853:270;3183854:294;3183855:305
110848.0220,1788877149.2115,6,481.18,1141.73,1622.92,36.5,16076.4,39965.8,2372.0,3183768:13;3183852:259;3183853:270;3183854:294;3183855:306
110848.1315,1788877149.3210,6,481.18,1141.73,1622.92,0.0,16076.7,39965.5,2372.0,3183768:13;3183852:259;3183853:270;3183854:294;3183855:306
110848.2402,1788877149.4298,6,481.18,1142.36,1623.54,18.3,16072.9,39969.3,2372.0,3183768:13;3183852:259;3183853:270;3183854:294;3183855:306
110848.3492,1788877149.5388,6,481.18,1142.36,1623.54,0.0,16072.9,39969.3,2372.0,3183768:13;3183852:259;3183853:270;3183854:294;3183855:306
110848.4609,1788877149.6504,6,481.18,1146.01,1627.20,82.6,16074.0,39968.2,2372.0,3183768:13;3183852:260;3183853:270;3183854:297;3183855:306
110848.5698,1788877149.7594,6,481.18,1146.01,1627.20,8.6,16067.4,39974.9,2372.0,3183768:13;3183852:260;3183853:270;3183854:297;3183855:306
110848.6862,1788877149.8757,6,481.18,1147.14,1628.32,82.1,16060.5,39981.7,2372.0,3183768:13;3183852:261;3183853:270;3183854:297;3183855:306
110848.7953,1788877149.9848,6,481.31,1147.17,1628.48,9.0,16062.2,39980.0,2372.0,3183768:13;3183852:261;3183853:270;3183854:297;3183855:306
110848.9060,1788877150.0955,6,481.31,1145.26,1626.57,45.9,16048.8,39993.4,2372.0,3183768:13;3183852:258;3183853:270;3183854:297;3183855:307
110849.0149,1788877150.2044,6,481.31,1145.26,1626.57,9.1,16047.7,39994.6,2372.0,3183768:13;3183852:258;3183853:270;3183854:297;3183855:307
110849.1242,1788877150.3137,6,481.31,1149.28,1630.59,73.1,16032.1,40010.1,2372.0,3183768:13;3183852:259;3183853:271;3183854:300;3183855:307
110849.2336,1788877150.4231,6,481.31,1149.40,1630.71,9.2,16032.6,40009.6,2372.0,3183768:13;3183852:259;3183853:271;3183854:300;3183855:307
110849.3420,1788877150.5315,6,481.31,1150.23,1631.54,63.1,16034.1,40008.1,2372.0,3183768:13;3183852:259;3183853:271;3183854:300;3183855:307
110849.4529,1788877150.6424,6,481.31,1150.48,1631.79,9.2,16034.1,40008.1,2372.0,3183768:13;3183852:259;3183853:271;3183854:301;3183855:307
110849.5620,1788877150.7515,6,481.31,1152.86,1634.17,91.4,16033.9,40008.3,2372.0,3183768:13;3183852:259;3183853:272;3183854:301;3183855:308
110849.6713,1788877150.8608,6,481.31,1150.71,1632.02,27.0,16033.1,40009.1,2372.0,3183768:13;3183852:259;3183853:270;3183854:301;3183855:308
110849.7825,1788877150.9720,6,481.31,1151.71,1633.02,18.3,16034.0,40008.2,2372.0,3183768:13;3183852:259;3183853:270;3183854:301;3183855:308
110849.8915,1788877151.0811,6,481.31,1151.71,1633.02,0.0,16026.6,40015.6,2372.0,3183768:13;3183852:259;3183853:270;3183854:301;3183855:308
110850.0003,1788877151.1898,6,481.31,1153.50,1634.80,155.6,16025.9,40016.3,2372.0,3183768:13;3183852:260;3183853:270;3183854:301;3183855:309
110850.1096,1788877151.2991,6,481.31,1153.75,1635.05,9.2,16025.9,40016.3,2372.0,3183768:13;3183852:260;3183853:270;3183854:301;3183855:309
110850.2177,1788877151.4072,6,481.31,1155.49,1636.80,55.2,16025.9,40016.3,2372.0,3183768:13;3183852:261;3183853:270;3183854:301;3183855:310
110850.3263,1788877151.5158,6,481.31,1155.37,1636.68,18.4,16026.2,40016.0,2372.0,3183768:13;3183852:261;3183853:270;3183854:301;3183855:310
110850.4344,1788877151.6239,6,481.43,1169.61,1651.04,91.6,16030.4,40011.9,2372.0,3183768:13;3183852:262;3183853:272;3183854:303;3183855:320
110850.5437,1788877151.7332,6,481.93,1220.00,1701.94,182.8,16086.1,39956.1,2372.0,3183768:13;3183852:266;3183853:275;3183854:307;3183855:359
110850.6532,1788877151.8427,6,482.06,1221.96,1704.02,156.0,16084.6,39957.7,2372.0,3183768:13;3183852:266;3183853:276;3183854:308;3183855:360
110850.7626,1788877151.9522,6,482.31,1224.17,1706.48,100.1,16077.7,39964.5,2372.0,3183768:13;3183852:266;3183853:276;3183854:308;3183855:362
110850.8721,1788877152.0616,6,482.31,1225.22,1707.53,54.6,16076.5,39965.7,2372.0,3183768:13;3183852:266;3183853:277;3183854:309;3183855:362
110850.9825,1788877152.1721,6,482.31,1227.93,1710.24,45.5,16077.0,39965.2,2372.0,3183768:13;3183852:266;3183853:277;3183854:309;3183855:364
110851.0918,1788877152.2814,6,482.31,1228.66,1710.97,36.5,16077.0,39965.2,2372.0,3183768:13;3183852:266;3183853:277;3183854:309;3183855:365
110851.2014,1788877152.3910,6,482.31,1228.66,1710.97,0.0,16077.0,39965.3,2372.0,3183768:13;3183852:266;3183853:277;3183854:309;3183855:365
110851.3095,1788877152.4990,6,482.31,1229.92,1712.23,45.5,16077.0,39965.3,2372.0,3183768:13;3183852:266;3183853:277;3183854:309;3183855:365
110851.4197,1788877152.6092,6,482.31,1230.05,1712.36,0.0,16077.0,39965.3,2372.0,3183768:13;3183852:266;3183853:277;3183854:309;3183855:365
110851.5280,1788877152.7175,6,482.31,1230.58,1712.89,27.6,16079.0,39963.2,2372.0,3183768:13;3183852:266;3183853:277;3183854:309;3183855:365
110851.6368,1788877152.8263,6,482.31,1231.34,1713.64,9.2,16079.2,39963.0,2372.0,3183768:13;3183852:266;3183853:278;3183854:309;3183855:365
110851.7448,1788877152.9343,6,482.31,1232.12,1714.43,27.3,16079.2,39963.0,2372.0,3183768:13;3183852:267;3183853:278;3183854:309;3183855:365
110851.8555,1788877153.0450,6,482.31,1231.82,1714.13,18.2,16079.3,39962.9,2372.0,3183768:13;3183852:267;3183853:277;3183854:309;3183855:365
110851.9644,1788877153.1539,6,482.31,1231.97,1714.28,46.0,16079.8,39962.4,2372.0,3183768:13;3183852:267;3183853:278;3183854:309;3183855:365
110852.0736,1788877153.2631,6,482.31,1232.22,1714.53,9.1,16079.8,39962.4,2372.0,3183768:13;3183852:267;3183853:278;3183854:309;3183855:365
110852.1829,1788877153.3725,6,482.31,1233.29,1715.60,18.4,16078.3,39963.9,2372.0,3183768:13;3183852:267;3183853:278;3183854:310;3183855:366
110852.2918,1788877153.4813,6,482.31,1232.90,1715.21,18.3,16078.3,39963.9,2372.0,3183768:13;3183852:267;3183853:278;3183854:310;3183855:366
110852.4008,1788877153.5903,6,482.43,1237.53,1719.96,82.2,16080.3,39961.9,2372.0,3183768:13;3183852:268;3183853:279;3183854:310;3183855:368
110852.5103,1788877153.6998,6,482.56,1238.09,1720.65,109.2,16082.3,39960.0,2372.0,3183768:13;3183852:268;3183853:276;3183854:307;3183855:374
110852.6201,1788877153.8097,6,482.56,1240.79,1723.35,89.6,16083.4,39958.8,2372.0,3183768:13;3183852:266;3183853:277;3183854:307;3183855:378
110852.7316,1788877153.9212,6,482.56,1241.43,1723.99,18.4,16079.7,39962.5,2372.0,3183768:13;3183852:266;3183853:277;3183854:308;3183855:378
110852.8400,1788877154.0296,6,482.56,1242.31,1724.87,64.3,16078.9,39963.3,2372.0,3183768:13;3183852:266;3183853:277;3183854:308;3183855:378
110852.9491,1788877154.1386,6,482.56,1246.04,1728.60,128.4,16074.6,39967.7,2372.0,3183768:13;3183852:264;3183853:275;3183854:308;3183855:386
110853.0581,1788877154.2477,6,482.56,1247.59,1730.15,36.8,16074.8,39967.4,2372.0,3183768:13;3183852:265;3183853:276;3183854:308;3183855:386
110853.1668,1788877154.3563,6,482.56,1247.94,1730.50,36.8,16075.1,39967.2,2372.0,3183768:13;3183852:265;3183853:276;3183854:308;3183855:386
110853.2756,1788877154.4651,6,482.56,1249.56,1732.12,54.9,16076.3,39965.9,2372.0,3183768:13;3183852:266;3183853:277;3183854:309;3183855:386
110853.3850,1788877154.5746,6,482.56,1250.07,1732.62,9.0,16071.9,39970.3,2372.0,3183768:13;3183852:266;3183853:277;3183854:309;3183855:386
110853.4960,1788877154.6856,6,482.68,1250.96,1733.64,54.9,16068.0,39974.2,2372.0,3183768:13;3183852:266;3183853:277;3183854:307;3183855:388
110853.6051,1788877154.7947,6,482.68,1251.21,1733.89,18.0,16068.7,39973.6,2372.0,3183768:13;3183852:266;3183853:277;3183854:307;3183855:388
110853.7162,1788877154.9058,6,482.68,1251.39,1734.07,27.5,16069.1,39973.1,2372.0,3183768:13;3183852:266;3183853:278;3183854:307;3183855:388
110853.8253,1788877155.0149,6,482.68,1255.46,1738.15,73.6,16075.9,39966.3,2372.0,3183768:13;3183852:266;3183853:278;3183854:308;3183855:391
110853.9342,1788877155.1237,6,482.81,1255.48,1738.29,55.2,16113.5,39928.7,2372.0,3183768:13;3183852:264;3183853:279;3183854:308;3183855:392
110854.0430,1788877155.2326,6,482.81,1255.73,1738.54,9.2,16113.5,39928.7,2372.0,3183768:13;3183852:264;3183853:279;3183854:308;3183855:392
110854.1516,1788877155.3411,6,482.81,1256.64,1739.45,73.2,16114.3,39928.0,2372.0,3183768:13;3183852:265;3183853:278;3183854:309;3183855:392
110854.2621,1788877155.4516,6,482.81,1256.99,1739.80,18.1,16113.5,39928.7,2372.0,3183768:13;3183852:265;3183853:278;3183854:309;3183855:392
110854.3718,1788877155.5613,6,482.81,1257.29,1740.09,18.2,16113.5,39928.7,2372.0,3183768:13;3183852:265;3183853:279;3183854:309;3183855:392
110854.4819,1788877155.6714,6,482.81,1257.53,1740.34,18.4,16113.5,39928.7,2372.0,3183768:13;3183852:265;3183853:279;3183854:309;3183855:392
110854.5904,1788877155.7800,6,482.81,1258.36,1741.16,35.9,16113.8,39928.5,2372.0,3183768:13;3183852:265;3183853:279;3183854:310;3183855:392
110854.7018,1788877155.8913,6,482.81,1259.27,1742.08,46.0,16114.0,39928.3,2372.0,3183768:13;3183852:265;3183853:280;3183854:310;3183855:392
110854.8102,1788877155.9997,6,482.81,1263.45,1746.26,128.4,16103.4,39938.8,2372.0,3183768:13;3183852:266;3183853:278;3183854:309;3183855:398
110854.9192,1788877156.1088,6,482.81,1265.34,1748.15,55.4,16092.6,39949.6,2372.0,3183768:13;3183852:266;3183853:276;3183854:309;3183855:402
110855.0276,1788877156.2171,6,482.81,1265.85,1748.66,46.0,16092.8,39949.4,2372.0,3183768:13;3183852:266;3183853:276;3183854:309;3183855:402
110855.1363,1788877156.3259,6,482.81,1266.36,1749.17,9.1,16096.9,39945.4,2372.0,3183768:13;3183852:266;3183853:276;3183854:309;3183855:402
110855.2460,1788877156.4356,6,482.81,1266.53,1749.34,36.1,16097.1,39945.1,2372.0,3183768:13;3183852:266;3183853:277;3183854:309;3183855:402
110855.3568,1788877156.5463,6,482.81,1266.91,1749.72,18.4,16097.1,39945.1,2372.0,3183768:13;3183852:266;3183853:277;3183854:309;3183855:402
110855.4649,1788877156.6544,6,482.81,1267.16,1749.97,0.0,16097.1,39945.1,2372.0,3183768:13;3183852:266;3183853:277;3183854:309;3183855:402
110855.5751,1788877156.7646,6,482.81,1267.25,1750.06,18.2,16097.1,39945.1,2372.0,3183768:13;3183852:266;3183853:277;3183854:309;3183855:402
110855.6831,1788877156.8727,6,482.81,1267.62,1750.43,54.8,16099.0,39943.2,2372.0,3183768:13;3183852:267;3183853:277;3183854:309;3183855:402
110855.7928,1788877156.9823,6,482.81,1270.03,1752.84,72.5,16101.9,39940.3,2372.0,3183768:13;3183852:267;3183853:277;3183854:307;3183855:406
110855.9029,1788877157.0925,6,482.81,1275.29,1758.10,54.6,16099.9,39942.3,2372.0,3183768:13;3183852:268;3183853:277;3183854:307;3183855:410
110856.0131,1788877157.2026,6,482.81,1273.01,1755.82,46.0,16100.6,39941.6,2372.0,3183768:13;3183852:266;3183853:277;3183854:307;3183855:410
110856.1220,1788877157.3115,6,482.81,1273.73,1756.54,27.1,16104.3,39937.9,2372.0,3183768:13;3183852:266;3183853:278;3183854:308;3183855:410
110856.2327,1788877157.4222,6,482.81,1274.47,1757.28,27.6,16104.3,39938.0,2372.0,3183768:13;3183852:266;3183853:278;3183854:308;3183855:410
110856.3409,1788877157.5304,6,482.81,1276.47,1759.28,55.2,16103.9,39938.4,2372.0,3183768:13;3183852:266;3183853:279;3183854:309;3183855:410
110856.4496,1788877157.6391,6,482.81,1276.16,1758.96,27.5,16103.9,39938.4,2372.0,3183768:13;3183852:266;3183853:279;3183854:309;3183855:410
110856.5586,1788877157.7481,6,482.81,1277.25,1760.06,36.8,16103.9,39938.3,2372.0,3183768:13;3183852:266;3183853:279;3183854:309;3183855:410
110856.6674,1788877157.8570,6,482.81,1277.63,1760.44,9.1,16103.9,39938.3,2372.0,3183768:13;3183852:266;3183853:279;3183854:310;3183855:410
110856.7770,1788877157.9666,6,482.81,1278.29,1761.10,18.4,16104.2,39938.1,2372.0,3183768:13;3183852:266;3183853:279;3183854:310;3183855:410
110856.8859,1788877158.0754,6,482.81,1278.44,1761.25,26.8,16103.1,39939.2,2372.0,3183768:13;3183852:266;3183853:280;3183854:310;3183855:410
110856.9978,1788877158.1873,6,482.81,1278.14,1760.95,9.1,16102.4,39939.9,2372.0,3183768:13;3183852:266;3183853:280;3183854:309;3183855:410
110857.1071,1788877158.2966,6,482.81,1278.14,1760.95,0.0,16102.4,39939.9,2372.0,3183768:13;3183852:266;3183853:280;3183854:309;3183855:410
110857.2180,1788877158.4076,6,482.93,1279.14,1762.08,9.2,16102.3,39939.9,2372.0,3183768:13;3183852:267;3183853:280;3183854:310;3183855:410
110857.3268,1788877158.5163,6,482.93,1279.18,1762.11,27.6,16102.3,39939.9,2372.0,3183768:13;3183852:267;3183853:280;3183854:310;3183855:410
110857.4358,1788877158.6253,6,483.06,1306.33,1789.39,118.1,16105.3,39936.9,2372.0,3183768:13;3183852:267;3183853:280;3183854:318;3183855:429
110857.5459,1788877158.7354,6,483.81,1311.32,1795.13,402.3,16136.3,39905.9,2372.0,3183768:13;3183852:267;3183853:280;3183854:323;3183855:428
110857.6553,1788877158.8448,6,484.81,1329.82,1814.62,454.4,16143.4,39898.9,2372.0,3183768:13;3183852:268;3183853:279;3183854:336;3183855:434
110857.7676,1788877158.9571,6,485.68,1299.38,1785.06,466.9,16151.6,39890.6,2372.0,3183768:13;3183852:268;3183853:283;3183854:320;3183855:416
110857.8789,1788877159.0684,6,486.31,1294.74,1781.05,252.2,16193.3,39848.9,2372.0,3183768:13;3183852:266;3183853:283;3183854:323;3183855:411
110857.9899,1788877159.1794,6,486.68,1297.77,1784.46,181.7,16159.1,39883.1,2372.0,3183768:13;3183852:266;3183853:291;3183854:318;3183855:410
110858.1000,1788877159.2895,6,486.81,1289.65,1776.46,18.3,16148.0,39894.2,2372.0,3183768:13;3183852:266;3183853:283;3183854:318;3183855:410
110858.2092,1788877159.3987,6,486.81,1289.74,1776.55,9.0,16139.6,39902.6,2372.0,3183768:13;3183852:266;3183853:283;3183854:318;3183855:410
110858.3202,1788877159.5097,6,486.81,1294.12,1780.93,27.4,16147.6,39894.6,2372.0,3183768:13;3183852:266;3183853:287;3183854:318;3183855:410
110858.4298,1788877159.6193,6,486.81,1291.86,1778.67,45.3,16134.6,39907.7,2372.0,3183768:13;3183852:264;3183853:287;3183854:318;3183855:410
110858.5401,1788877159.7296,6,486.81,1292.24,1779.05,9.1,16133.9,39908.4,2372.0,3183768:13;3183852:265;3183853:287;3183854:318;3183855:410
110858.6504,1788877159.8399,6,486.81,1292.73,1779.54,18.3,16148.9,39893.4,2372.0,3183768:13;3183852:265;3183853:287;3183854:318;3183855:410
110858.7594,1788877159.9489,6,486.81,1309.62,1796.43,140.5,16162.3,39880.0,2372.0,3183768:13;3183852:269;3183853:289;3183854:326;3183855:413
110858.8746,1788877160.0641,6,487.18,1444.14,1931.33,1293.9,16257.0,39785.2,2372.0,3183768:13;3183852:272;3183853:305;3183854:374;3183855:480
110859.0046,1788877160.1941,6,488.18,1507.11,1995.29,1004.1,16342.2,39700.0,2372.0,3183768:13;3183852:269;3183853:313;3183854:351;3183855:561
110859.1401,1788877160.3296,6,488.31,1532.20,2020.51,770.5,16406.0,39636.2,2372.0,3183768:13;3183852:271;3183853:313;3183854:353;3183855:583
110859.3059,1788877160.4955,6,488.31,1668.11,2156.42,633.5,16671.4,39370.8,2372.0,3183768:13;3183852:235;3183853:273;3183854:407;3183855:740
110859.4454,1788877160.6349,6,488.31,1856.32,2344.63,607.9,16898.2,39144.0,2372.0,3183768:13;3183852:212;3183853:252;3183854:495;3183855:884
110859.5834,1788877160.7730,6,488.31,1894.81,2383.12,480.3,16923.9,39118.3,2372.0,3183768:13;3183852:212;3183853:256;3183854:495;3183855:919
110859.7189,1788877160.9084,6,488.43,1968.01,2456.45,479.7,16941.6,39100.6,2372.0,3183768:13;3183852:212;3183853:259;3183854:532;3183855:953
110859.8479,1788877161.0374,6,488.43,2052.43,2540.86,385.0,16995.8,39046.4,2372.0,3183768:13;3183852:205;3183853:254;3183854:569;3183855:1012
110859.9857,1788877161.1752,6,488.43,2140.82,2629.25,216.8,17083.0,38959.2,2372.0,3183768:13;3183852:205;3183853:253;3183854:617;3183855:1053
110860.1101,1788877161.2996,6,488.56,2256.64,2745.20,229.2,17134.0,38908.2,2372.0,3183768:13;3183852:206;3183853:253;3183854:691;3183855:1094
110860.2341,1788877161.4237,6,488.56,2312.90,2801.46,1135.0,17162.1,38880.1,2372.0,3183768:13;3183852:211;3183853:256;3183854:682;3183855:1151
110860.4045,1788877161.5940,6,488.56,2422.46,2911.02,428.3,17337.4,38704.9,2372.0,3183768:13;3183852:211;3183853:253;3183854:722;3183855:1223
110860.5370,1788877161.7265,6,488.56,2499.10,2987.66,341.6,17415.8,38626.4,2372.0,3183768:13;3183852:211;3183853:253;3183854:757;3183855:1266
110860.6655,1788877161.8551,6,488.56,2622.71,3111.27,323.6,17519.9,38522.3,2372.0,3183768:13;3183852:211;3183853:253;3183854:763;3183855:1383
110860.8113,1788877162.0008,6,488.56,2605.32,3093.88,346.6,17553.7,38488.5,2372.0,3183768:13;3183852:205;3183853:253;3183854:771;3183855:1363
110860.9433,1788877162.1328,6,488.56,2663.11,3151.66,214.4,17609.8,38432.5,2372.0,3183768:13;3183852:205;3183853:253;3183854:777;3183855:1414
110861.0692,1788877162.2588,6,488.56,2694.00,3182.56,201.7,17661.8,38380.4,2372.0,3183768:13;3183852:205;3183853:253;3183854:786;3183855:1437
110861.1930,1788877162.3825,6,488.56,2728.75,3217.30,194.6,17712.3,38330.0,2372.0,3183768:13;3183852:205;3183853:253;3183854:806;3183855:1451
110861.3163,1788877162.5058,6,488.56,2669.69,3158.25,206.3,17609.6,38432.6,2372.0,3183768:13;3183852:205;3183853:253;3183854:740;3183855:1458
110861.4373,1788877162.6269,6,488.56,2707.16,3195.72,197.6,17644.7,38397.5,2372.0,3183768:13;3183852:205;3183853:253;3183854:768;3183855:1468
110861.5536,1788877162.7431,6,488.56,2777.02,3265.58,222.1,17686.7,38355.5,2372.0,3183768:13;3183852:205;3183853:253;3183854:779;3183855:1526
110861.6707,1788877162.8602,6,488.56,2738.25,3226.81,200.9,17729.4,38312.9,2372.0,3183768:13;3183852:205;3183853:253;3183854:794;3183855:1472
110861.7851,1788877162.9747,6,488.56,2631.51,3120.07,209.7,17708.4,38333.8,2372.0,3183768:13;3183852:205;3183853:253;3183854:630;3183855:1530
110861.8995,1788877163.0890,6,488.56,2258.23,2746.79,163.0,17370.0,38672.2,2372.0,3183768:13;3183852:205;3183853:253;3183854:240;3183855:1547
110862.0100,1788877163.1995,6,488.56,2279.31,2767.87,98.3,17370.5,38671.7,2372.0,3183768:13;3183852:205;3183853:253;3183854:240;3183855:1568
110862.1218,1788877163.3114,6,488.56,2306.23,2794.79,100.4,17390.7,38651.5,2372.0,3183768:13;3183852:205;3183853:253;3183854:240;3183855:1595
110862.2314,1788877163.4210,6,488.56,2322.75,2811.31,109.0,17392.9,38649.3,2372.0,3183768:13;3183852:205;3183853:253;3183854:240;3183855:1611
110862.3415,1788877163.5311,6,488.56,2146.67,2635.23,133.6,17278.0,38764.2,2372.0,3183768:13;3183852:205;3183853:253;3183854:240;3183855:1435
110862.4540,1788877163.6435,6,488.56,2207.92,2696.48,98.9,17311.4,38730.8,2372.0,3183768:13;3183852:205;3183853:253;3183854:240;3183855:1496
110862.5650,1788877163.7545,6,488.56,2231.40,2719.96,99.3,17335.0,38707.2,2372.0,3183768:13;3183852:205;3183853:253;3183854:240;3183855:1520
110862.6759,1788877163.8655,6,488.56,2183.45,2672.01,118.0,17256.3,38785.9,2372.0,3183768:13;3183852:205;3183853:253;3183854:240;3183855:1472
110862.7859,1788877163.9755,6,488.56,1602.14,2090.70,136.5,16857.8,39184.4,2372.0,3183768:13;3183852:205;3183853:253;3183854:240;3183855:891
110862.8958,1788877164.0854,6,489.32,1121.97,1611.30,312.0,16432.5,39609.7,2372.0,3183768:13;3183852:196;3183853:244;3183854:215;3183855:454
110863.0048,1788877164.1943,6,489.32,1170.14,1659.47,109.7,16460.3,39581.9,2372.0,3183768:13;3183852:196;3183853:244;3183854:215;3183855:502
110863.1142,1788877164.3037,6,490.19,1549.55,2039.73,209.2,16606.5,39435.7,2372.0,3183768:13;3183852:193;3183853:206;3183854:206;3183855:931
110863.2241,1788877164.4136,6,610.44,1464.25,2074.69,250.8,16796.7,39245.5,2372.0,3183768:13;3183852:193;3183853:206;3183854:206;3183855:846
110863.3357,1788877164.5252,6,622.82,1555.99,2178.82,203.5,16955.7,39086.5,2372.0,3183768:13;3183852:193;3183853:206;3183854:206;3183855:938
110863.4488,1788877164.6384,6,662.02,1648.25,2310.27,233.9,17082.0,38960.2,2372.0,3183768:13;3183852:193;3183853:206;3183854:206;3183855:1030
110863.5599,1788877164.7494,6,588.79,1670.30,2259.09,210.5,17055.8,38986.5,2372.0,3183768:13;3183852:193;3183853:206;3183854:206;3183855:1052
110863.6691,1788877164.8586,6,588.13,1698.43,2286.56,155.7,17161.8,38880.4,2372.0,3183768:13;3183852:194;3183853:206;3183854:206;3183855:1080
110863.7783,1788877164.9679,6,588.13,1639.30,2227.43,99.4,17037.3,39004.9,2372.0,3183768:13;3183852:194;3183853:206;3183854:206;3183855:1021
110863.8891,1788877165.0787,6,588.13,1675.43,2263.55,106.4,17044.5,38997.7,2372.0,3183768:13;3183852:194;3183853:206;3183854:206;3183855:1057
110864.0018,1788877165.1913,6,588.13,1693.43,2281.56,90.6,17061.2,38981.0,2372.0,3183768:13;3183852:194;3183853:206;3183854:206;3183855:1075
110864.1121,1788877165.3017,6,588.13,1642.44,2230.57,99.9,17029.2,39013.0,2372.0,3183768:13;3183852:194;3183853:206;3183854:206;3183855:1024
110864.2222,1788877165.4117,6,588.14,1031.78,1619.92,146.9,16448.2,39594.1,2372.0,3183768:13;3183852:194;3183853:220;3183854:206;3183855:400
110864.3312,1788877165.5208,6,607.25,1041.11,1648.36,128.4,16506.1,39536.1,2372.0,3183768:13;3183852:194;3183853:230;3183854:206;3183855:400
110864.4402,1788877165.6298,6,671.15,1024.85,1696.00,118.7,16559.8,39482.5,2372.0,3183768:13;3183852:194;3183853:221;3183854:202;3183855:395
110864.5502,1788877165.7398,6,604.45,1024.85,1629.30,106.9,16669.6,39372.6,2372.0,3183768:13;3183852:194;3183853:221;3183854:202;3183855:395
110864.6620,1788877165.8516,6,673.21,909.14,1582.35,109.9,16626.7,39415.5,2372.0,3183768:13;3183852:194;3183853:205;3183854:202;3183855:296
110864.7712,1788877165.9607,6,706.34,914.29,1620.63,146.8,16644.4,39397.8,2372.0,3183768:13;3183852:194;3183853:205;3183854:204;3183855:298
110864.8803,1788877166.0698,6,702.80,914.29,1617.09,109.6,16306.3,39735.9,2372.0,3183768:13;3183852:194;3183853:205;3183854:204;3183855:298
110864.9897,1788877166.1792,6,710.42,914.29,1624.71,101.1,16282.7,39759.5,2372.0,3183768:13;3183852:194;3183853:205;3183854:204;3183855:298
110865.0984,1788877166.2880,6,725.30,914.29,1639.59,100.9,16283.5,39758.8,2372.0,3183768:13;3183852:194;3183853:205;3183854:204;3183855:298
110865.2075,1788877166.3970,6,746.92,914.29,1661.21,99.6,16307.3,39734.9,2372.0,3183768:13;3183852:194;3183853:205;3183854:204;3183855:298
110865.3180,1788877166.5075,6,765.80,914.29,1680.09,99.2,16331.2,39711.0,2372.0,3183768:13;3183852:194;3183853:205;3183854:204;3183855:298
110865.4288,1788877166.6183,6,825.30,914.29,1739.59,99.9,16355.2,39687.1,2372.0,3183768:13;3183852:194;3183853:205;3183854:204;3183855:298
110865.5389,1788877166.7285,6,827.09,914.29,1741.38,109.2,16387.1,39655.2,2372.0,3183768:13;3183852:194;3183853:205;3183854:204;3183855:298
110865.6487,1788877166.8382,6,851.46,914.29,1765.75,90.3,16394.1,39648.1,2372.0,3183768:13;3183852:194;3183853:205;3183854:204;3183855:298
110865.7595,1788877166.9490,6,868.59,914.29,1782.88,145.5,16417.9,39624.3,2372.0,3183768:13;3183852:194;3183853:205;3183854:204;3183855:298
110865.8695,1788877167.0590,6,845.36,914.29,1759.65,109.6,16358.8,39683.4,2372.0,3183768:13;3183852:194;3183853:205;3183854:204;3183855:298
110865.9789,1788877167.1684,6,845.36,914.29,1759.65,100.0,16350.0,39692.3,2372.0,3183768:13;3183852:194;3183853:205;3183854:204;3183855:298
110866.0889,1788877167.2785,6,845.36,914.29,1759.65,101.2,16349.1,39693.1,2372.0,3183768:13;3183852:194;3183853:205;3183854:204;3183855:298
110866.1976,1788877167.3872,6,845.36,914.29,1759.65,98.7,16348.1,39694.1,2372.0,3183768:13;3183852:194;3183853:205;3183854:204;3183855:298
110866.3092,1788877167.4987,6,845.36,914.29,1759.65,90.6,16347.3,39694.9,2372.0,3183768:13;3183852:194;3183853:205;3183854:204;3183855:298
110866.4194,1788877167.6089,6,845.36,914.29,1759.65,100.1,16346.5,39695.8,2372.0,3183768:13;3183852:194;3183853:205;3183854:204;3183855:298
110866.5293,1788877167.7188,6,845.36,914.29,1759.65,110.4,16345.8,39696.4,2372.0,3183768:13;3183852:194;3183853:205;3183854:204;3183855:298
110866.6380,1788877167.8275,6,845.36,914.29,1759.65,99.0,16344.8,39697.5,2372.0,3183768:13;3183852:194;3183853:205;3183854:204;3183855:298
110866.7491,1788877167.9387,6,845.36,914.29,1759.65,119.4,16363.6,39678.6,2372.0,3183768:13;3183852:194;3183853:205;3183854:204;3183855:298
110866.8580,1788877168.0476,6,845.36,914.29,1759.65,100.9,16390.1,39652.1,2372.0,3183768:13;3183852:194;3183853:205;3183854:204;3183855:298
110866.9671,1788877168.1566,6,845.36,914.29,1759.65,100.4,16388.8,39653.5,2372.0,3183768:13;3183852:194;3183853:205;3183854:204;3183855:298
110867.0766,1788877168.2661,6,845.36,914.29,1759.65,92.0,16388.0,39654.3,2372.0,3183768:13;3183852:194;3183853:205;3183854:204;3183855:298
110867.1854,1788877168.3749,6,845.36,914.29,1759.65,99.3,16387.2,39655.1,2372.0,3183768:13;3183852:194;3183853:205;3183854:204;3183855:298
110867.2963,1788877168.4858,6,845.36,914.29,1759.65,107.5,16386.2,39656.0,2372.0,3183768:13;3183852:194;3183853:205;3183854:204;3183855:298
110867.4079,1788877168.5974,6,845.36,914.29,1759.65,99.7,16385.4,39656.8,2372.0,3183768:13;3183852:194;3183853:205;3183854:204;3183855:298
110867.5181,1788877168.7077,6,845.36,914.29,1759.65,98.6,16384.0,39658.2,2372.0,3183768:13;3183852:194;3183853:205;3183854:204;3183855:298
110867.6301,1788877168.8196,6,845.36,914.29,1759.65,98.8,16384.2,39658.0,2372.0,3183768:13;3183852:194;3183853:205;3183854:204;3183855:298
110867.7411,1788877168.9307,6,845.36,914.29,1759.65,100.0,16384.1,39658.1,2372.0,3183768:13;3183852:194;3183853:205;3183854:204;3183855:298
110867.8511,1788877169.0407,6,845.36,914.29,1759.65,99.3,16379.9,39662.3,2372.0,3183768:13;3183852:194;3183853:205;3183854:204;3183855:298
110867.9618,1788877169.1514,6,845.36,914.29,1759.65,100.9,16387.7,39654.5,2372.0,3183768:13;3183852:194;3183853:205;3183854:204;3183855:298
110868.0709,1788877169.2604,6,845.36,914.29,1759.65,95.0,16387.1,39655.1,2372.0,3183768:13;3183852:194;3183853:205;3183854:204;3183855:298
110868.1868,1788877169.3763,6,845.36,914.29,1759.65,109.6,16386.3,39655.9,2372.0,3183768:13;3183852:194;3183853:205;3183854:204;3183855:298
110868.2962,1788877169.4857,6,845.36,914.29,1759.65,100.3,16385.5,39656.7,2372.0,3183768:13;3183852:194;3183853:205;3183854:204;3183855:298
110868.4058,1788877169.5954,6,845.36,914.29,1759.65,100.2,16384.3,39657.9,2372.0,3183768:13;3183852:194;3183853:205;3183854:204;3183855:298
110868.5156,1788877169.7052,6,845.36,914.29,1759.65,101.1,16383.5,39658.7,2372.0,3183768:13;3183852:194;3183853:205;3183854:204;3183855:298
110868.6244,1788877169.8139,6,845.36,914.29,1759.65,100.4,16382.7,39659.5,2372.0,3183768:13;3183852:194;3183853:205;3183854:204;3183855:298
110868.7339,1788877169.9235,6,845.36,914.29,1759.65,118.6,16382.4,39659.8,2372.0,3183768:13;3183852:194;3183853:205;3183854:204;3183855:298
110868.8436,1788877170.0331,6,845.36,914.29,1759.65,100.6,16382.4,39659.8,2372.0,3183768:13;3183852:194;3183853:205;3183854:204;3183855:298
110868.9528,1788877170.1424,6,845.36,914.29,1759.65,92.0,16380.8,39661.4,2372.0,3183768:13;3183852:194;3183853:205;3183854:204;3183855:298
110869.0615,1788877170.2510,6,845.36,914.29,1759.65,99.9,16379.3,39663.0,2372.0,3183768:13;3183852:194;3183853:205;3183854:204;3183855:298
110869.1717,1788877170.3612,6,845.36,914.29,1759.65,98.0,16378.9,39663.3,2372.0,3183768:13;3183852:194;3183853:205;3183854:204;3183855:298
110869.2839,1788877170.4734,6,845.73,914.29,1760.02,110.3,16378.9,39663.3,2372.0,3183768:13;3183852:194;3183853:205;3183854:204;3183855:298
110869.3926,1788877170.5822,6,851.48,914.29,1765.77,109.5,16386.5,39655.7,2372.0,3183768:13;3183852:194;3183853:205;3183854:204;3183855:298
110869.5022,1788877170.6918,6,865.86,914.29,1780.15,99.6,16398.8,39643.4,2372.0,3183768:13;3183852:194;3183853:205;3183854:204;3183855:298
110869.6128,1788877170.8023,6,880.48,914.29,1794.77,100.4,16415.0,39627.2,2372.0,3183768:13;3183852:194;3183853:205;3183854:204;3183855:298
110869.7224,1788877170.9119,6,880.48,914.29,1794.77,119.7,16413.5,39628.8,2372.0,3183768:13;3183852:194;3183853:205;3183854:204;3183855:298
110869.8309,1788877171.0205,6,884.73,914.29,1799.02,100.4,16413.6,39628.7,2372.0,3183768:13;3183852:194;3183853:205;3183854:204;3183855:298
110869.9406,1788877171.1301,6,900.98,914.29,1815.27,98.7,16423.1,39619.1,2372.0,3183768:13;3183852:194;3183853:205;3183854:204;3183855:298
110870.0520,1788877171.2416,6,916.11,914.29,1830.40,100.6,16431.0,39611.2,2372.0,3183768:13;3183852:194;3183853:205;3183854:204;3183855:298
110870.1615,1788877171.3511,6,916.11,914.29,1830.40,100.5,16438.5,39603.8,2372.0,3183768:13;3183852:194;3183853:205;3183854:204;3183855:298
110870.2708,1788877171.4603,6,916.11,914.29,1830.40,98.8,16438.1,39604.1,2372.0,3183768:13;3183852:194;3183853:205;3183854:204;3183855:298
110870.3820,1788877171.5716,6,916.11,914.29,1830.40,100.7,16437.3,39604.9,2372.0,3183768:13;3183852:194;3183853:205;3183854:204;3183855:298
110870.4913,1788877171.6809,6,916.11,914.29,1830.40,100.3,16437.2,39605.1,2372.0,3183768:13;3183852:194;3183853:205;3183854:204;3183855:298
110870.6011,1788877171.7906,6,916.11,914.29,1830.40,91.5,16434.5,39607.7,2372.0,3183768:13;3183852:194;3183853:205;3183854:204;3183855:298
110870.7103,1788877171.8998,6,916.11,914.29,1830.40,100.5,16433.3,39608.9,2372.0,3183768:13;3183852:194;3183853:205;3183854:204;3183855:298
110870.8198,1788877172.0093,6,916.11,914.29,1830.40,107.7,16425.1,39617.1,2372.0,3183768:13;3183852:194;3183853:205;3183854:204;3183855:298
110870.9312,1788877172.1208,6,916.11,914.29,1830.40,101.3,16422.2,39620.1,2372.0,3183768:13;3183852:194;3183853:205;3183854:204;3183855:298
110871.0398,1788877172.2293,6,916.11,914.29,1830.40,100.9,16421.3,39620.9,2372.0,3183768:13;3183852:194;3183853:205;3183854:204;3183855:298
110871.1488,1788877172.3384,6,916.11,914.29,1830.40,99.3,16420.8,39621.5,2372.0,3183768:13;3183852:194;3183853:205;3183854:204;3183855:298
110871.2596,1788877172.4492,6,916.11,914.29,1830.40,99.6,16403.7,39638.5,2372.0,3183768:13;3183852:194;3183853:205;3183854:204;3183855:298
110871.3701,1788877172.5596,6,916.11,914.29,1830.40,99.9,16403.7,39638.6,2372.0,3183768:13;3183852:194;3183853:205;3183854:204;3183855:298
110871.4802,1788877172.6697,6,916.11,914.29,1830.40,99.1,16403.3,39639.0,2372.0,3183768:13;3183852:194;3183853:205;3183854:204;3183855:298
110871.5911,1788877172.7807,6,916.11,914.29,1830.40,99.3,16402.5,39639.8,2372.0,3183768:13;3183852:194;3183853:205;3183854:204;3183855:298
110871.7019,1788877172.8915,6,916.11,914.29,1830.40,99.2,16401.4,39640.8,2372.0,3183768:13;3183852:194;3183853:205;3183854:204;3183855:298
110871.8128,1788877173.0023,6,916.11,914.29,1830.40,99.0,16363.8,39678.4,2372.0,3183768:13;3183852:194;3183853:205;3183854:204;3183855:298
110871.9240,1788877173.1135,6,916.11,914.29,1830.40,110.1,16364.7,39677.5,2372.0,3183768:13;3183852:194;3183853:205;3183854:204;3183855:298
110872.0329,1788877173.2224,6,916.11,914.29,1830.40,100.8,16408.6,39633.6,2372.0,3183768:13;3183852:194;3183853:205;3183854:204;3183855:298
110872.1420,1788877173.3315,6,916.11,914.29,1830.40,100.4,16411.2,39631.1,2372.0,3183768:13;3183852:194;3183853:205;3183854:204;3183855:298
110872.2516,1788877173.4411,6,916.11,914.29,1830.40,91.0,16407.9,39634.4,2372.0,3183768:13;3183852:194;3183853:205;3183854:204;3183855:298
110872.3614,1788877173.5510,6,916.11,914.29,1830.40,118.7,16405.8,39636.4,2372.0,3183768:13;3183852:194;3183853:205;3183854:204;3183855:298
110872.4709,1788877173.6604,6,916.11,914.29,1830.40,99.1,16405.8,39636.5,2372.0,3183768:13;3183852:194;3183853:205;3183854:204;3183855:298
110872.5819,1788877173.7714,6,916.11,914.29,1830.40,100.4,16405.0,39637.2,2372.0,3183768:13;3183852:194;3183853:205;3183854:204;3183855:298
110872.6914,1788877173.8809,6,916.11,914.29,1830.40,135.5,16402.4,39639.9,2372.0,3183768:13;3183852:194;3183853:205;3183854:204;3183855:298
110872.8020,1788877173.9916,6,916.11,914.29,1830.40,99.6,16401.1,39641.1,2372.0,3183768:13;3183852:194;3183853:205;3183854:204;3183855:298
110872.9124,1788877174.1019,6,916.11,914.29,1830.40,100.5,16391.8,39650.4,2372.0,3183768:13;3183852:194;3183853:205;3183854:204;3183855:298
110873.0219,1788877174.2114,6,916.11,914.29,1830.40,99.2,16391.1,39651.1,2372.0,3183768:13;3183852:194;3183853:205;3183854:204;3183855:298
110873.1328,1788877174.3223,6,916.11,914.29,1830.40,118.5,16390.3,39651.9,2372.0,3183768:13;3183852:194;3183853:205;3183854:204;3183855:298
110873.2425,1788877174.4320,6,916.11,914.29,1830.40,100.9,16386.4,39655.8,2372.0,3183768:13;3183852:194;3183853:205;3183854:204;3183855:298
110873.3515,1788877174.5410,6,916.11,914.29,1830.40,101.4,16386.7,39655.6,2372.0,3183768:13;3183852:194;3183853:205;3183854:204;3183855:298
110873.4600,1788877174.6495,6,881.54,914.29,1795.84,100.6,16355.2,39687.0,2372.0,3183768:13;3183852:194;3183853:205;3183854:204;3183855:298
110873.5693,1788877174.7588,6,881.54,914.29,1795.84,100.5,16356.2,39686.0,2372.0,3183768:13;3183852:194;3183853:205;3183854:204;3183855:298
110873.6787,1788877174.8683,6,881.54,914.29,1795.84,100.6,16348.1,39694.1,2372.0,3183768:13;3183852:194;3183853:205;3183854:204;3183855:298
110873.7881,1788877174.9777,6,881.54,914.29,1795.84,101.4,16346.2,39696.1,2372.0,3183768:13;3183852:194;3183853:205;3183854:204;3183855:298
110873.8966,1788877175.0861,6,881.54,914.29,1795.84,100.4,16333.5,39708.7,2372.0,3183768:13;3183852:194;3183853:205;3183854:204;3183855:298
110874.0062,1788877175.1958,6,881.54,914.29,1795.84,100.4,16333.5,39708.7,2372.0,3183768:13;3183852:194;3183853:205;3183854:204;3183855:298
110874.1158,1788877175.3053,6,881.54,914.29,1795.84,99.6,16333.5,39708.7,2372.0,3183768:13;3183852:194;3183853:205;3183854:204;3183855:298
110874.2263,1788877175.4158,6,881.54,914.29,1795.84,101.1,16327.6,39714.6,2372.0,3183768:13;3183852:194;3183853:205;3183854:204;3183855:298
110874.3349,1788877175.5245,6,881.54,914.29,1795.84,91.6,16328.1,39714.1,2372.0,3183768:13;3183852:194;3183853:205;3183854:204;3183855:298
110874.4441,1788877175.6337,6,881.54,914.29,1795.84,101.2,16328.1,39714.1,2372.0,3183768:13;3183852:194;3183853:205;3183854:204;3183855:298
110874.5528,1788877175.7423,6,881.54,914.29,1795.84,100.7,16328.1,39714.1,2372.0,3183768:13;3183852:194;3183853:205;3183854:204;3183855:298
110874.6621,1788877175.8516,6,881.54,914.29,1795.84,107.6,16324.3,39717.9,2372.0,3183768:13;3183852:194;3183853:205;3183854:204;3183855:298
110874.7738,1788877175.9633,6,881.54,914.29,1795.84,100.9,16329.4,39712.8,2372.0,3183768:13;3183852:194;3183853:205;3183854:204;3183855:298
110874.8826,1788877176.0721,6,881.54,914.29,1795.84,100.8,16305.0,39737.3,2372.0,3183768:13;3183852:194;3183853:205;3183854:204;3183855:298
110874.9918,1788877176.1813,6,881.54,914.29,1795.84,91.7,16304.9,39737.3,2372.0,3183768:13;3183852:194;3183853:205;3183854:204;3183855:298
110875.1007,1788877176.2903,6,881.54,914.29,1795.84,110.1,16305.1,39737.1,2372.0,3183768:13;3183852:194;3183853:205;3183854:204;3183855:298
110875.2098,1788877176.3993,6,881.54,914.29,1795.84,110.4,16305.8,39736.4,2372.0,3183768:13;3183852:194;3183853:205;3183854:204;3183855:298
110875.3185,1788877176.5080,6,881.54,914.29,1795.84,101.2,16307.1,39735.2,2372.0,3183768:13;3183852:194;3183853:205;3183854:204;3183855:298
110875.4272,1788877176.6168,6,881.54,914.29,1795.84,101.2,16307.5,39734.7,2372.0,3183768:13;3183852:194;3183853:205;3183854:204;3183855:298
110875.5359,1788877176.7255,6,881.54,914.29,1795.84,99.6,16309.5,39732.8,2372.0,3183768:13;3183852:194;3183853:205;3183854:204;3183855:298
110875.6465,1788877176.8360,6,881.54,914.29,1795.84,100.1,16309.5,39732.8,2372.0,3183768:13;3183852:194;3183853:205;3183854:204;3183855:298
110875.7563,1788877176.9458,6,881.54,914.29,1795.84,119.3,16230.9,39811.3,2372.0,3183768:13;3183852:194;3183853:205;3183854:204;3183855:298
110875.8654,1788877177.0549,6,881.54,914.29,1795.84,100.2,16225.6,39816.6,2372.0,3183768:13;3183852:194;3183853:205;3183854:204;3183855:298
110875.9752,1788877177.1647,6,881.54,914.29,1795.84,99.5,16222.7,39819.5,2372.0,3183768:13;3183852:194;3183853:205;3183854:204;3183855:298
110876.0858,1788877177.2753,6,881.54,914.29,1795.84,98.1,16223.5,39818.7,2372.0,3183768:13;3183852:194;3183853:205;3183854:204;3183855:298
110876.1978,1788877177.3874,6,881.54,914.29,1795.84,99.8,16227.0,39815.2,2372.0,3183768:13;3183852:194;3183853:205;3183854:204;3183855:298
110876.3082,1788877177.4978,6,881.54,914.29,1795.84,107.5,16227.0,39815.2,2372.0,3183768:13;3183852:194;3183853:205;3183854:204;3183855:298
110876.4198,1788877177.6093,6,881.54,914.29,1795.84,91.5,16227.8,39814.4,2372.0,3183768:13;3183852:194;3183853:205;3183854:204;3183855:298
110876.5290,1788877177.7186,6,881.54,914.29,1795.84,109.0,16228.5,39813.7,2372.0,3183768:13;3183852:194;3183853:205;3183854:204;3183855:298
110876.6390,1788877177.8286,6,881.54,914.29,1795.84,91.6,16268.8,39773.4,2372.0,3183768:13;3183852:194;3183853:205;3183854:204;3183855:298
110876.7483,1788877177.9379,6,881.54,914.29,1795.84,109.9,16271.2,39771.0,2372.0,3183768:13;3183852:194;3183853:205;3183854:204;3183855:298
110876.8576,1788877178.0471,6,881.54,914.29,1795.84,99.4,16263.4,39778.9,2372.0,3183768:13;3183852:194;3183853:205;3183854:204;3183855:298
110876.9682,1788877178.1578,6,881.54,914.29,1795.84,91.8,16263.4,39778.9,2372.0,3183768:13;3183852:194;3183853:205;3183854:204;3183855:298
110877.0771,1788877178.2666,6,881.54,914.29,1795.84,100.2,16263.4,39778.9,2372.0,3183768:13;3183852:194;3183853:205;3183854:204;3183855:298
110877.1869,1788877178.3764,6,881.54,914.29,1795.84,108.4,16263.4,39778.9,2372.0,3183768:13;3183852:194;3183853:205;3183854:204;3183855:298
110877.2977,1788877178.4872,6,881.54,914.29,1795.84,99.8,16224.1,39818.1,2372.0,3183768:13;3183852:194;3183853:205;3183854:204;3183855:298
110877.4078,1788877178.5973,6,881.54,914.29,1795.84,100.3,16224.1,39818.1,2372.0,3183768:13;3183852:194;3183853:205;3183854:204;3183855:298
110877.5175,1788877178.7070,6,881.54,914.29,1795.84,99.2,16224.1,39818.1,2372.0,3183768:13;3183852:194;3183853:205;3183854:204;3183855:298
110877.6284,1788877178.8180,6,881.54,914.29,1795.84,100.7,16224.1,39818.1,2372.0,3183768:13;3183852:194;3183853:205;3183854:204;3183855:298
110877.7377,1788877178.9272,6,881.54,914.29,1795.84,99.7,16224.1,39818.1,2372.0,3183768:13;3183852:194;3183853:205;3183854:204;3183855:298
110877.8481,1788877179.0376,6,881.54,914.29,1795.84,101.4,16209.1,39833.1,2372.0,3183768:13;3183852:194;3183853:205;3183854:204;3183855:298
110877.9565,1788877179.1460,6,881.54,914.29,1795.84,100.6,16209.1,39833.1,2372.0,3183768:13;3183852:194;3183853:205;3183854:204;3183855:298
110878.0659,1788877179.2555,6,881.54,914.29,1795.84,99.7,16209.1,39833.1,2372.0,3183768:13;3183852:194;3183853:205;3183854:204;3183855:298
110878.1762,1788877179.3657,6,881.54,914.29,1795.84,110.2,16210.7,39831.5,2372.0,3183768:13;3183852:194;3183853:205;3183854:204;3183855:298
110878.2851,1788877179.4747,6,881.54,914.29,1795.84,92.0,16210.7,39831.5,2372.0,3183768:13;3183852:194;3183853:205;3183854:204;3183855:298
110878.3938,1788877179.5833,6,851.62,914.29,1765.91,100.5,16210.5,39831.7,2372.0,3183768:13;3183852:194;3183853:205;3183854:204;3183855:298
110878.5033,1788877179.6928,6,809.80,914.29,1724.09,109.3,16187.5,39854.7,2372.0,3183768:13;3183852:194;3183853:205;3183854:204;3183855:298
110878.6131,1788877179.8027,6,809.46,906.79,1716.25,118.4,16181.8,39860.4,2372.0,3183768:13;3183852:194;3183853:203;3183854:201;3183855:295
110878.7230,1788877179.9125,6,809.46,898.89,1708.35,283.5,16172.6,39869.6,2372.0,3183768:13;3183852:193;3183853:201;3183854:201;3183855:290
110878.8323,1788877180.0218,5,809.46,296.97,1106.43,310.0,15912.4,40129.9,2372.0,3183768:13;3183853:0;3183854:0;3183855:284
