t_mono,t_wall,n_procs,client_rss_mb,workers_rss_mb,tree_rss_mb,tree_cpu_pct,sys_used_mb,sys_available_mb,swap_used_mb,net_recv_mb,net_sent_mb,disk_read_mb,workers
212.9166,1788885524.9400,2,22.96,12.25,35.21,0.0,1682.7,61570.8,0.0,6460.495,293.399,306.120,2875:12
213.0202,1788885525.0436,2,22.96,12.25,35.21,0.0,1683.1,61570.4,0.0,6460.495,293.399,306.120,2875:12
213.1238,1788885525.1472,2,22.96,12.25,35.21,0.0,1683.1,61570.4,0.0,6460.495,293.399,306.120,2875:12
213.2274,1788885525.2508,2,36.55,12.25,48.80,77.3,1694.1,61559.3,0.0,6460.495,293.399,306.120,2875:12
213.3308,1788885525.3542,2,60.25,12.25,72.50,1410.9,1693.9,61559.6,0.0,6460.495,293.399,306.120,2875:12
213.4365,1788885525.4599,2,71.91,12.25,84.16,96.5,1702.7,61550.8,0.0,6460.495,293.399,306.120,2875:12
213.5400,1788885525.5634,2,96.98,12.25,109.23,106.2,1718.5,61535.0,0.0,6460.495,293.399,306.120,2875:12
213.6436,1788885525.6670,2,115.18,12.25,127.43,96.6,1732.0,61521.5,0.0,6460.496,293.399,306.120,2875:12
213.7471,1788885525.7705,2,119.57,12.25,131.82,96.6,1732.0,61521.5,0.0,6460.496,293.399,306.120,2875:12
213.8507,1788885525.8740,2,171.49,12.25,183.74,96.6,1747.4,61506.1,0.0,6460.496,293.399,306.120,2875:12
213.9542,1788885525.9775,2,223.84,12.25,236.09,77.3,1764.4,61489.1,0.0,6460.640,293.402,306.120,2875:12
214.0577,1788885526.0810,10,231.04,260.49,491.53,18.8,1856.5,61397.0,0.0,6460.640,293.402,306.120,2875:12;2898:31;2899:31;2900:31;2901:31;2902:31;2903:31;2904:31;2905:31
214.1750,1788885526.1984,10,231.04,395.45,626.48,1324.5,1936.6,61316.9,0.0,6460.640,293.402,306.120,2875:12;2898:48;2899:48;2900:48;2901:48;2902:48;2903:47;2904:48;2905:48
214.3206,1788885526.3440,10,231.04,586.82,817.85,930.2,2033.9,61219.6,0.0,6460.640,293.402,306.120,2875:12;2898:72;2899:72;2900:72;2901:72;2902:72;2903:71;2904:72;2905:72
214.4280,1788885526.4514,10,231.04,739.97,971.01,792.1,2151.5,61102.0,0.0,6460.640,293.402,306.120,2875:12;2898:92;2899:91;2900:91;2901:92;2902:90;2903:89;2904:93;2905:91
214.5353,1788885526.5587,10,231.45,810.45,1041.90,792.3,2216.6,61036.8,0.0,6460.640,293.402,306.120,2875:12;2898:102;2899:98;2900:98;2901:102;2902:98;2903:98;2904:103;2905:99
214.6424,1788885526.6658,10,232.30,829.57,1061.88,76.6,2228.5,61024.9,0.0,6460.646,293.404,306.120,2875:12;2898:102;2899:102;2900:102;2901:102;2902:102;2903:102;2904:103;2905:102
214.7467,1788885526.7701,10,233.75,829.57,1063.33,19.2,2230.3,61023.2,0.0,6460.648,293.404,306.120,2875:12;2898:102;2899:102;2900:102;2901:102;2902:102;2903:102;2904:103;2905:102
214.8508,1788885526.8742,10,235.15,829.57,1064.73,9.6,2231.0,61022.5,0.0,6460.658,293.405,306.120,2875:12;2898:102;2899:102;2900:102;2901:102;2902:102;2903:102;2904:103;2905:102
214.9550,1788885526.9784,10,236.03,829.57,1065.60,19.2,2232.0,61021.5,0.0,6460.669,293.406,306.120,2875:12;2898:102;2899:102;2900:102;2901:102;2902:102;2903:102;2904:103;2905:102
215.0590,1788885527.0824,10,237.61,829.57,1067.18,9.6,2226.1,61027.4,0.0,6460.690,293.407,306.120,2875:12;2898:102;2899:102;2900:102;2901:102;2902:102;2903:102;2904:103;2905:102
215.1632,1788885527.1865,10,238.38,829.57,1067.95,9.6,2226.5,61027.0,0.0,6460.700,293.408,306.120,2875:12;2898:102;2899:102;2900:102;2901:102;2902:102;2903:102;2904:103;2905:102
215.2672,1788885527.2906,10,239.40,829.57,1068.97,38.4,2227.8,61025.7,0.0,6460.711,293.409,306.120,2875:12;2898:102;2899:102;2900:102;2901:102;2902:102;2903:102;2904:103;2905:102
215.3713,1788885527.3947,10,240.21,829.57,1069.79,9.6,2228.5,61024.9,0.0,6460.721,293.410,306.120,2875:12;2898:102;2899:102;2900:102;2901:102;2902:102;2903:102;2904:103;2905:102
215.4754,1788885527.4988,10,241.08,829.57,1070.66,19.2,2229.5,61024.0,0.0,6460.732,293.411,306.120,2875:12;2898:102;2899:102;2900:102;2901:102;2902:102;2903:102;2904:103;2905:102
215.5794,1788885527.6028,10,241.09,829.60,1070.68,0.0,2221.6,61031.8,0.0,6460.732,293.411,306.120,2875:12;2898:102;2899:102;2900:102;2901:102;2902:102;2903:102;2904:103;2905:102
215.6836,1788885527.7070,10,241.91,829.60,1071.51,9.6,2222.4,61031.1,0.0,6460.742,293.412,306.120,2875:12;2898:102;2899:102;2900:102;2901:102;2902:102;2903:102;2904:103;2905:102
215.7879,1788885527.8112,10,242.75,829.60,1072.35,9.6,2223.4,61030.1,0.0,6460.753,293.412,306.120,2875:12;2898:102;2899:102;2900:102;2901:102;2902:102;2903:102;2904:103;2905:102
215.8921,1788885527.9154,10,244.34,829.60,1073.93,19.2,2224.5,61029.0,0.0,6460.774,293.413,306.120,2875:12;2898:102;2899:102;2900:102;2901:102;2902:102;2903:102;2904:103;2905:102
215.9963,1788885528.0197,10,244.42,829.60,1074.02,9.6,2212.3,61041.2,0.0,6460.774,293.414,306.120,2875:12;2898:102;2899:102;2900:102;2901:102;2902:102;2903:102;2904:103;2905:102
216.1005,1788885528.1239,10,245.25,829.60,1074.85,9.6,2213.3,61040.2,0.0,6460.784,293.415,306.120,2875:12;2898:102;2899:102;2900:102;2901:102;2902:102;2903:102;2904:103;2905:102
216.2047,1788885528.2281,10,246.09,829.60,1075.69,9.6,2214.0,61039.5,0.0,6460.795,293.416,306.120,2875:12;2898:102;2899:102;2900:102;2901:102;2902:102;2903:102;2904:103;2905:102
216.3089,1788885528.3322,10,246.92,829.60,1076.52,19.2,2215.0,61038.5,0.0,6460.805,293.416,306.120,2875:12;2898:102;2899:102;2900:102;2901:102;2902:102;2903:102;2904:103;2905:102
216.4130,1788885528.4364,10,247.75,829.60,1077.35,48.0,2215.7,61037.7,0.0,6460.816,293.417,306.120,2875:12;2898:102;2899:102;2900:102;2901:102;2902:102;2903:102;2904:103;2905:102
216.5173,1788885528.5406,10,247.75,829.60,1077.35,0.0,2215.7,61037.7,0.0,6460.816,293.417,306.120,2875:12;2898:102;2899:102;2900:102;2901:102;2902:102;2903:102;2904:103;2905:102
216.6214,1788885528.6447,10,248.57,829.62,1078.19,9.6,2216.7,61036.8,0.0,6460.826,293.418,306.120,2875:12;2898:102;2899:102;2900:102;2901:102;2902:102;2903:102;2904:103;2905:102
216.7254,1788885528.7488,10,249.38,829.62,1079.01,9.6,2217.7,61035.8,0.0,6460.837,293.419,306.120,2875:12;2898:102;2899:102;2900:102;2901:102;2902:102;2903:102;2904:103;2905:102
216.8296,1788885528.8529,10,251.04,829.62,1080.66,19.2,2219.1,61034.3,0.0,6460.858,293.421,306.120,2875:12;2898:102;2899:102;2900:102;2901:102;2902:102;2903:102;2904:103;2905:102
216.9337,1788885528.9571,10,251.90,829.62,1081.52,9.6,2220.1,61033.4,0.0,6460.868,293.421,306.120,2875:12;2898:102;2899:102;2900:102;2901:102;2902:102;2903:102;2904:103;2905:102
217.0379,1788885529.0613,10,252.86,829.62,1082.48,28.8,2208.7,61044.8,0.0,6460.878,293.422,306.120,2875:12;2898:102;2899:102;2900:102;2901:102;2902:102;2903:102;2904:103;2905:102
217.1421,1788885529.1654,10,253.59,829.62,1083.21,0.0,2209.1,61044.4,0.0,6460.889,293.422,306.120,2875:12;2898:102;2899:102;2900:102;2901:102;2902:102;2903:102;2904:103;2905:102
217.2463,1788885529.2696,10,254.40,829.62,1084.03,9.6,2209.8,61043.6,0.0,6460.899,293.423,306.120,2875:12;2898:102;2899:102;2900:102;2901:102;2902:102;2903:102;2904:103;2905:102
217.3504,1788885529.3738,10,254.49,829.62,1084.12,19.2,2210.2,61043.3,0.0,6460.899,293.424,306.120,2875:12;2898:102;2899:102;2900:102;2901:102;2902:102;2903:102;2904:103;2905:102
217.4547,1788885529.4780,10,256.10,829.62,1085.72,28.8,2211.6,61041.9,0.0,6460.920,293.425,306.120,2875:12;2898:102;2899:102;2900:102;2901:102;2902:102;2903:102;2904:103;2905:102
217.5588,1788885529.5822,10,257.00,829.64,1086.64,19.2,2205.0,61048.5,0.0,6460.930,293.426,306.120,2875:12;2898:102;2899:102;2900:102;2901:102;2902:102;2903:102;2904:103;2905:102
217.6630,1788885529.6864,10,257.83,829.64,1087.47,19.2,2206.0,61047.5,0.0,6460.941,293.427,306.120,2875:12;2898:102;2899:102;2900:102;2901:102;2902:102;2903:102;2904:103;2905:102
217.7672,1788885529.7906,10,258.67,829.64,1088.31,19.2,2207.0,61046.5,0.0,6460.951,293.428,306.120,2875:12;2898:102;2899:102;2900:102;2901:102;2902:102;2903:102;2904:103;2905:102
217.8714,1788885529.8948,10,259.49,829.64,1089.14,9.6,2208.0,61045.5,0.0,6460.962,293.429,306.120,2875:12;2898:102;2899:102;2900:102;2901:102;2902:102;2903:102;2904:103;2905:102
217.9756,1788885529.9989,10,260.33,829.64,1089.98,9.6,2170.4,61083.1,0.0,6460.972,293.429,306.120,2875:12;2898:102;2899:102;2900:102;2901:102;2902:102;2903:102;2904:103;2905:102
218.0798,1788885530.1032,10,261.17,829.64,1090.81,28.8,2123.9,61129.5,0.0,6460.982,293.430,306.120,2875:12;2898:102;2899:102;2900:102;2901:102;2902:102;2903:102;2904:103;2905:102
218.1840,1788885530.2074,10,261.91,829.64,1091.55,9.6,2124.7,61128.8,0.0,6460.993,293.430,306.120,2875:12;2898:102;2899:102;2900:102;2901:102;2902:102;2903:102;2904:103;2905:102
218.2881,1788885530.3115,10,262.82,829.64,1092.46,19.2,2125.7,61127.8,0.0,6461.003,293.432,306.120,2875:12;2898:102;2899:102;2900:102;2901:102;2902:102;2903:102;2904:103;2905:102
218.3922,1788885530.4156,10,263.64,829.64,1093.29,9.6,2126.3,61127.2,0.0,6461.013,293.432,306.120,2875:12;2898:102;2899:102;2900:102;2901:102;2902:102;2903:102;2904:103;2905:102
218.4964,1788885530.5197,10,264.47,829.64,1094.12,9.6,2127.4,61126.1,0.0,6461.024,293.433,306.120,2875:12;2898:102;2899:102;2900:102;2901:102;2902:102;2903:102;2904:103;2905:102
218.6004,1788885530.6238,10,265.32,829.65,1094.97,19.2,2128.8,61124.6,0.0,6461.036,293.435,306.120,2875:12;2898:102;2899:102;2900:102;2901:102;2902:102;2903:102;2904:103;2905:102
218.7046,1788885530.7279,10,266.15,829.65,1095.80,19.2,2129.8,61123.7,0.0,6461.046,293.436,306.120,2875:12;2898:102;2899:102;2900:102;2901:102;2902:102;2903:102;2904:103;2905:102
218.8088,1788885530.8321,10,266.96,829.65,1096.61,9.6,2130.6,61122.9,0.0,6461.058,293.438,306.120,2875:12;2898:102;2899:102;2900:102;2901:102;2902:102;2903:102;2904:103;2905:102
218.9130,1788885530.9364,10,267.80,829.65,1097.45,9.6,2131.3,61122.2,0.0,6461.068,293.439,306.120,2875:12;2898:102;2899:102;2900:102;2901:102;2902:102;2903:102;2904:103;2905:102
219.0172,1788885531.0406,10,268.64,829.65,1098.29,9.6,2124.3,61129.2,0.0,6461.079,293.440,306.120,2875:12;2898:102;2899:102;2900:102;2901:102;2902:102;2903:102;2904:103;2905:102
219.1215,1788885531.1448,10,269.47,829.65,1099.12,9.6,2117.1,61136.4,0.0,6461.089,293.441,306.120,2875:12;2898:102;2899:102;2900:102;2901:102;2902:102;2903:102;2904:103;2905:102
219.2256,1788885531.2490,10,270.44,829.65,1100.09,48.0,2117.5,61136.0,0.0,6461.099,293.441,306.120,2875:12;2898:102;2899:102;2900:102;2901:102;2902:102;2903:102;2904:103;2905:102
219.3298,1788885531.3532,10,270.58,829.65,1100.23,19.2,2118.0,61135.5,0.0,6461.110,293.442,306.120,2875:12;2898:102;2899:102;2900:102;2901:102;2902:102;2903:102;2904:103;2905:102
219.4342,1788885531.4576,10,271.12,829.65,1100.78,19.2,2112.6,61140.9,0.0,6461.112,293.445,306.120,2875:12;2898:102;2899:102;2900:102;2901:102;2902:102;2903:102;2904:103;2905:102
219.5385,1788885531.5619,10,272.27,829.66,1101.92,9.6,2113.6,61139.9,0.0,6461.132,293.445,306.120,2875:12;2898:102;2899:102;2900:102;2901:102;2902:102;2903:102;2904:103;2905:102
219.6428,1788885531.6662,10,273.61,829.67,1103.28,38.4,2117.1,61136.4,0.0,6461.143,293.447,306.120,2875:12;2898:102;2899:102;2900:102;2901:102;2902:102;2903:102;2904:103;2905:102
219.7472,1788885531.7706,10,274.44,829.67,1104.11,9.6,2118.5,61134.9,0.0,6461.154,293.448,306.120,2875:12;2898:102;2899:102;2900:102;2901:102;2902:102;2903:102;2904:103;2905:102
219.8515,1788885531.8749,10,275.27,829.67,1104.94,9.6,2119.5,61134.0,0.0,6461.164,293.449,306.120,2875:12;2898:102;2899:102;2900:102;2901:102;2902:102;2903:102;2904:103;2905:102
219.9558,1788885531.9792,10,276.10,829.67,1105.77,19.2,2112.2,61141.2,0.0,6461.175,293.450,306.120,2875:12;2898:102;2899:102;2900:102;2901:102;2902:102;2903:102;2904:103;2905:102
220.0600,1788885532.0834,10,276.93,829.67,1106.60,9.6,2105.1,61148.4,0.0,6461.185,293.451,306.120,2875:12;2898:102;2899:102;2900:102;2901:102;2902:102;2903:102;2904:103;2905:102
220.1643,1788885532.1877,10,277.76,829.67,1107.43,9.6,2106.3,61147.1,0.0,6461.196,293.453,306.120,2875:12;2898:102;2899:102;2900:102;2901:102;2902:102;2903:102;2904:103;2905:102
220.2684,1788885532.2918,10,279.41,829.67,1109.08,19.2,2106.7,61146.8,0.0,6461.217,293.454,306.120,2875:12;2898:102;2899:102;2900:102;2901:102;2902:102;2903:102;2904:103;2905:102
220.3725,1788885532.3958,10,280.25,829.67,1109.92,9.6,2107.6,61145.8,0.0,6461.227,293.455,306.120,2875:12;2898:102;2899:102;2900:102;2901:102;2902:102;2903:102;2904:103;2905:102
220.4765,1788885532.4999,10,281.07,829.67,1110.73,9.6,2108.6,61144.8,0.0,6461.238,293.456,306.120,2875:12;2898:102;2899:102;2900:102;2901:102;2902:102;2903:102;2904:103;2905:102
220.5806,1788885532.6040,10,281.90,829.68,1111.58,28.8,2109.8,61143.6,0.0,6461.248,293.456,306.120,2875:12;2898:102;2899:102;2900:102;2901:102;2902:102;2903:102;2904:103;2905:102
220.6847,1788885532.7081,10,282.73,829.68,1112.41,9.6,2110.6,61142.9,0.0,6461.258,293.457,306.120,2875:12;2898:102;2899:102;2900:102;2901:102;2902:102;2903:102;2904:103;2905:102
220.7889,1788885532.8123,10,283.57,829.68,1113.24,9.6,2111.3,61142.1,0.0,6461.269,293.458,306.120,2875:12;2898:102;2899:102;2900:102;2901:102;2902:102;2903:102;2904:103;2905:102
220.8931,1788885532.9164,10,284.39,829.68,1114.07,9.6,2112.3,61141.2,0.0,6461.279,293.459,306.120,2875:12;2898:102;2899:102;2900:102;2901:102;2902:102;2903:102;2904:103;2905:102
220.9972,1788885533.0206,10,285.97,829.68,1115.65,19.2,2097.6,61155.9,0.0,6461.299,293.460,306.120,2875:12;2898:102;2899:102;2900:102;2901:102;2902:102;2903:102;2904:103;2905:102
221.1013,1788885533.1247,10,286.87,829.68,1116.55,28.8,2090.7,61162.8,0.0,6461.310,293.461,306.120,2875:12;2898:102;2899:102;2900:102;2901:102;2902:102;2903:102;2904:103;2905:102
221.2054,1788885533.2288,10,287.70,829.68,1117.38,9.6,2091.4,61162.0,0.0,6461.320,293.462,306.120,2875:12;2898:102;2899:102;2900:102;2901:102;2902:102;2903:102;2904:103;2905:102
221.3095,1788885533.3329,10,288.54,829.68,1118.21,9.6,2092.4,61161.0,0.0,6461.330,293.462,306.120,2875:12;2898:102;2899:102;2900:102;2901:102;2902:102;2903:102;2904:103;2905:102
221.4137,1788885533.4371,10,289.36,829.68,1119.04,9.6,2093.2,61160.3,0.0,6461.341,293.463,306.120,2875:12;2898:102;2899:102;2900:102;2901:102;2902:102;2903:102;2904:103;2905:102
221.5178,1788885533.5412,10,290.20,829.68,1119.87,9.6,2093.9,61159.6,0.0,6461.351,293.464,306.120,2875:12;2898:102;2899:102;2900:102;2901:102;2902:102;2903:102;2904:103;2905:102
221.6220,1788885533.6454,10,291.80,829.69,1121.49,28.8,2095.1,61158.3,0.0,6461.372,293.465,306.120,2875:12;2898:102;2899:102;2900:102;2901:102;2902:102;2903:102;2904:103;2905:102
221.7262,1788885533.7496,10,291.83,829.69,1121.52,67.2,2095.5,61158.0,0.0,6461.372,293.466,306.120,2875:12;2898:102;2899:102;2900:102;2901:102;2902:102;2903:102;2904:103;2905:102
221.8304,1788885533.8538,10,292.69,829.69,1122.38,9.6,2096.2,61157.3,0.0,6461.382,293.466,306.120,2875:12;2898:102;2899:102;2900:102;2901:102;2902:102;2903:102;2904:103;2905:102
221.9347,1788885533.9581,10,293.52,829.69,1123.21,9.6,2097.2,61156.3,0.0,6461.393,293.467,306.120,2875:12;2898:102;2899:102;2900:102;2901:102;2902:102;2903:102;2904:103;2905:102
222.0389,1788885534.0623,10,294.08,829.69,1123.77,38.4,2077.4,61176.1,0.0,6461.398,293.468,306.120,2875:12;2898:102;2899:102;2900:102;2901:102;2902:102;2903:102;2904:103;2905:102
222.1431,1788885534.1665,10,294.69,829.69,1124.38,105.6,2069.5,61184.0,0.0,6461.398,293.468,306.120,2875:12;2898:102;2899:102;2900:102;2901:102;2902:102;2903:102;2904:103;2905:102
222.2473,1788885534.2706,10,295.48,829.69,1125.17,105.6,2071.1,61182.4,0.0,6461.398,293.468,306.120,2875:12;2898:102;2899:102;2900:102;2901:102;2902:102;2903:102;2904:103;2905:102
222.3515,1788885534.3748,10,296.23,829.69,1125.93,96.0,2073.1,61180.4,0.0,6461.398,293.468,306.120,2875:12;2898:102;2899:102;2900:102;2901:102;2902:102;2903:102;2904:103;2905:102
222.4556,1788885534.4790,10,297.02,829.69,1126.71,105.6,2073.1,61180.4,0.0,6461.398,293.468,306.120,2875:12;2898:102;2899:102;2900:102;2901:102;2902:102;2903:102;2904:103;2905:102
222.5598,1788885534.5832,10,298.46,829.72,1128.19,105.6,2073.5,61179.9,0.0,6461.398,293.468,306.120,2875:12;2898:102;2899:102;2900:102;2901:102;2902:102;2903:102;2904:103;2905:102
222.6639,1788885534.6873,10,300.40,829.72,1130.12,96.0,2077.4,61176.0,0.0,6461.398,293.468,306.120,2875:12;2898:102;2899:102;2900:102;2901:102;2902:102;2903:102;2904:103;2905:102
222.7681,1788885534.7914,10,300.44,829.72,1130.16,105.6,2077.4,61176.0,0.0,6461.398,293.468,306.120,2875:12;2898:102;2899:102;2900:102;2901:102;2902:102;2903:102;2904:103;2905:102
222.8722,1788885534.8956,10,300.49,829.72,1130.21,95.9,2077.4,61176.0,0.0,6461.398,293.468,306.120,2875:12;2898:102;2899:102;2900:102;2901:102;2902:102;2903:102;2904:103;2905:102
222.9765,1788885534.9999,10,300.50,829.72,1130.23,95.9,2067.1,61186.4,0.0,6461.398,293.468,306.120,2875:12;2898:102;2899:102;2900:102;2901:102;2902:102;2903:102;2904:103;2905:102
223.0807,1788885535.1041,10,300.53,829.72,1130.25,105.6,2059.2,61194.2,0.0,6461.398,293.468,306.120,2875:12;2898:102;2899:102;2900:102;2901:102;2902:102;2903:102;2904:103;2905:102
223.1848,1788885535.2082,10,300.57,829.72,1130.29,96.2,2051.4,61202.1,0.0,6461.398,293.468,306.120,2875:12;2898:102;2899:102;2900:102;2901:102;2902:102;2903:102;2904:103;2905:102
223.2888,1788885535.3122,10,300.58,829.72,1130.30,115.4,2051.4,61202.1,0.0,6461.398,293.468,306.120,2875:12;2898:102;2899:102;2900:102;2901:102;2902:102;2903:102;2904:103;2905:102
223.3928,1788885535.4162,10,300.84,829.72,1130.57,105.6,2051.4,61202.1,0.0,6461.398,293.468,306.120,2875:12;2898:102;2899:102;2900:102;2901:102;2902:102;2903:102;2904:103;2905:102
223.4969,1788885535.5203,10,300.87,829.72,1130.59,105.6,2051.4,61202.1,0.0,6461.398,293.468,306.120,2875:12;2898:102;2899:102;2900:102;2901:102;2902:102;2903:102;2904:103;2905:102
223.6011,1788885535.6245,10,300.89,829.72,1130.62,96.0,2051.6,61201.9,0.0,6461.398,293.468,306.120,2875:12;2898:102;2899:102;2900:102;2901:102;2902:102;2903:102;2904:103;2905:102
223.7053,1788885535.7287,10,300.92,829.72,1130.64,96.0,2051.6,61201.9,0.0,6461.398,293.468,306.120,2875:12;2898:102;2899:102;2900:102;2901:102;2902:102;2903:102;2904:103;2905:102
223.8095,1788885535.8329,10,300.95,829.72,1130.67,105.6,2051.6,61201.9,0.0,6461.398,293.468,306.120,2875:12;2898:102;2899:102;2900:102;2901:102;2902:102;2903:102;2904:103;2905:102
223.9137,1788885535.9371,10,300.97,829.72,1130.70,96.0,2051.6,61201.9,0.0,6461.398,293.468,306.120,2875:12;2898:102;2899:102;2900:102;2901:102;2902:102;2903:102;2904:103;2905:102
224.0179,1788885536.0412,10,300.98,829.72,1130.70,105.6,2034.4,61219.0,0.0,6461.398,293.468,306.120,2875:12;2898:102;2899:102;2900:102;2901:102;2902:102;2903:102;2904:103;2905:102
224.1221,1788885536.1454,10,301.02,829.72,1130.74,96.1,2026.6,61226.9,0.0,6461.398,293.468,306.120,2875:12;2898:102;2899:102;2900:102;2901:102;2902:102;2903:102;2904:103;2905:102
224.2262,1788885536.2495,10,301.05,829.72,1130.77,96.0,2026.6,61226.9,0.0,6461.398,293.468,306.120,2875:12;2898:102;2899:102;2900:102;2901:102;2902:102;2903:102;2904:103;2905:102
224.3303,1788885536.3537,10,301.05,829.72,1130.78,105.6,2023.5,61230.0,0.0,6461.398,293.468,306.120,2875:12;2898:102;2899:102;2900:102;2901:102;2902:102;2903:102;2904:103;2905:102
224.4345,1788885536.4579,10,301.08,829.72,1130.80,96.0,2023.5,61230.0,0.0,6461.398,293.468,306.120,2875:12;2898:102;2899:102;2900:102;2901:102;2902:102;2903:102;2904:103;2905:102
224.5387,1788885536.5621,10,301.11,829.73,1130.84,105.6,2023.9,61229.6,0.0,6461.398,293.468,306.120,2875:12;2898:102;2899:102;2900:102;2901:102;2902:102;2903:102;2904:103;2905:102
224.6428,1788885536.6662,10,301.13,829.73,1130.86,96.0,2023.9,61229.6,0.0,6461.398,293.468,306.120,2875:12;2898:102;2899:102;2900:102;2901:102;2902:102;2903:102;2904:103;2905:102
224.7470,1788885536.7704,10,301.16,829.73,1130.89,105.7,2023.9,61229.6,0.0,6461.398,293.468,306.120,2875:12;2898:102;2899:102;2900:102;2901:102;2902:102;2903:102;2904:103;2905:102
224.8511,1788885536.8745,10,301.19,829.73,1130.92,96.1,2023.9,61229.6,0.0,6461.398,293.468,306.120,2875:12;2898:102;2899:102;2900:102;2901:102;2902:102;2903:102;2904:103;2905:102
224.9552,1788885536.9786,10,301.30,829.73,1131.03,96.1,2015.8,61237.6,0.0,6461.398,293.468,306.120,2875:12;2898:102;2899:102;2900:102;2901:102;2902:102;2903:102;2904:103;2905:102
225.0593,1788885537.0827,10,301.33,829.73,1131.06,105.6,2007.9,61245.5,0.0,6461.398,293.468,306.120,2875:12;2898:102;2899:102;2900:102;2901:102;2902:102;2903:102;2904:103;2905:102
225.1634,1788885537.1868,10,301.34,829.73,1131.07,96.1,2000.1,61253.4,0.0,6461.398,293.468,306.120,2875:12;2898:102;2899:102;2900:102;2901:102;2902:102;2903:102;2904:103;2905:102
225.2674,1788885537.2908,10,301.38,829.73,1131.11,105.6,2000.1,61253.4,0.0,6461.398,293.468,306.120,2875:12;2898:102;2899:102;2900:102;2901:102;2902:102;2903:102;2904:103;2905:102
225.3716,1788885537.3950,10,301.39,829.73,1131.12,96.1,2000.1,61253.4,0.0,6461.398,293.468,306.120,2875:12;2898:102;2899:102;2900:102;2901:102;2902:102;2903:102;2904:103;2905:102
225.4757,1788885537.4990,10,301.41,829.73,1131.14,96.1,2000.1,61253.4,0.0,6461.398,293.468,306.120,2875:12;2898:102;2899:102;2900:102;2901:102;2902:102;2903:102;2904:103;2905:102
225.5797,1788885537.6031,10,301.43,829.74,1131.17,115.2,2000.6,61252.9,0.0,6461.398,293.468,306.120,2875:12;2898:102;2899:102;2900:102;2901:102;2902:102;2903:102;2904:103;2905:102
225.6839,1788885537.7073,10,301.45,829.74,1131.19,105.6,2000.6,61252.9,0.0,6461.398,293.468,306.120,2875:12;2898:102;2899:102;2900:102;2901:102;2902:102;2903:102;2904:103;2905:102
225.7882,1788885537.8115,10,301.47,829.74,1131.21,105.6,2000.6,61252.9,0.0,6461.398,293.468,306.120,2875:12;2898:102;2899:102;2900:102;2901:102;2902:102;2903:102;2904:103;2905:102
225.8924,1788885537.9157,10,301.48,829.74,1131.23,96.0,2000.6,61252.9,0.0,6461.398,293.468,306.120,2875:12;2898:102;2899:102;2900:102;2901:102;2902:102;2903:102;2904:103;2905:102
225.9965,1788885538.0199,10,301.53,829.74,1131.27,105.6,1988.0,61265.4,0.0,6461.398,293.468,306.120,2875:12;2898:102;2899:102;2900:102;2901:102;2902:102;2903:102;2904:103;2905:102
226.1007,1788885538.1241,10,301.55,829.74,1131.29,96.0,1980.1,61273.3,0.0,6461.398,293.468,306.120,2875:12;2898:102;2899:102;2900:102;2901:102;2902:102;2903:102;2904:103;2905:102
226.2049,1788885538.2282,10,301.58,829.74,1131.32,105.6,1980.1,61273.3,0.0,6461.398,293.468,306.120,2875:12;2898:102;2899:102;2900:102;2901:102;2902:102;2903:102;2904:103;2905:102
226.3090,1788885538.3324,10,301.61,829.74,1131.35,105.6,1980.1,61273.3,0.0,6461.398,293.468,306.120,2875:12;2898:102;2899:102;2900:102;2901:102;2902:102;2903:102;2904:103;2905:102
226.4132,1788885538.4365,10,301.64,829.74,1131.39,96.0,1979.1,61274.4,0.0,6461.398,293.468,306.120,2875:12;2898:102;2899:102;2900:102;2901:102;2902:102;2903:102;2904:103;2905:102
226.5174,1788885538.5408,10,301.68,829.74,1131.42,105.6,1979.1,61274.4,0.0,6461.398,293.468,306.120,2875:12;2898:102;2899:102;2900:102;2901:102;2902:102;2903:102;2904:103;2905:102
226.6216,1788885538.6449,10,301.70,829.75,1131.45,105.6,1968.9,61284.6,0.0,6461.398,293.468,306.120,2875:12;2898:102;2899:102;2900:102;2901:102;2902:102;2903:102;2904:103;2905:102
226.7257,1788885538.7491,10,301.71,829.75,1131.46,124.8,1968.9,61284.6,0.0,6461.398,293.468,306.120,2875:12;2898:102;2899:102;2900:102;2901:102;2902:102;2903:102;2904:103;2905:102
226.8298,1788885538.8532,10,301.74,829.75,1131.49,96.0,1968.9,61284.6,0.0,6461.398,293.468,306.120,2875:12;2898:102;2899:102;2900:102;2901:102;2902:102;2903:102;2904:103;2905:102
226.9340,1788885538.9574,10,301.77,829.75,1131.52,105.6,1968.9,61284.6,0.0,6461.398,293.468,306.120,2875:12;2898:102;2899:102;2900:102;2901:102;2902:102;2903:102;2904:103;2905:102
227.0382,1788885539.0615,10,301.79,829.75,1131.54,105.6,1954.9,61298.6,0.0,6461.398,293.468,306.120,2875:12;2898:102;2899:102;2900:102;2901:102;2902:102;2903:102;2904:103;2905:102
227.1424,1788885539.1657,10,301.82,829.75,1131.57,96.0,1954.2,61299.3,0.0,6461.398,293.468,306.120,2875:12;2898:102;2899:102;2900:102;2901:102;2902:102;2903:102;2904:103;2905:102
227.2465,1788885539.2699,10,301.84,829.75,1131.59,105.6,1954.2,61299.3,0.0,6461.398,293.468,306.120,2875:12;2898:102;2899:102;2900:102;2901:102;2902:102;2903:102;2904:103;2905:102
227.3507,1788885539.3741,10,301.87,829.75,1131.62,96.0,1954.2,61299.3,0.0,6461.398,293.468,306.120,2875:12;2898:102;2899:102;2900:102;2901:102;2902:102;2903:102;2904:103;2905:102
227.4548,1788885539.4782,10,301.90,829.75,1131.65,105.6,1954.2,61299.3,0.0,6461.398,293.468,306.120,2875:12;2898:102;2899:102;2900:102;2901:102;2902:102;2903:102;2904:103;2905:102
227.5589,1788885539.5823,10,302.21,829.77,1131.99,115.2,1954.4,61299.1,0.0,6461.398,293.468,306.120,2875:12;2898:102;2899:102;2900:102;2901:102;2902:102;2903:102;2904:103;2905:102
227.6631,1788885539.6864,10,302.23,829.77,1132.00,105.6,1954.4,61299.1,0.0,6461.398,293.468,306.120,2875:12;2898:102;2899:102;2900:102;2901:102;2902:102;2903:102;2904:103;2905:102
227.7673,1788885539.7906,10,302.25,829.77,1132.02,115.2,1954.4,61299.1,0.0,6461.398,293.468,306.120,2875:12;2898:102;2899:102;2900:102;2901:102;2902:102;2903:102;2904:103;2905:102
227.8715,1788885539.8948,10,302.26,829.77,1132.04,96.0,1954.4,61299.1,0.0,6461.398,293.468,306.120,2875:12;2898:102;2899:102;2900:102;2901:102;2902:102;2903:102;2904:103;2905:102
227.9757,1788885539.9990,10,302.28,829.77,1132.05,105.5,1948.9,61304.5,0.0,6461.398,293.468,306.120,2875:12;2898:102;2899:102;2900:102;2901:102;2902:102;2903:102;2904:103;2905:102
228.0799,1788885540.1033,10,305.57,829.77,1135.34,96.0,1950.5,61302.9,0.0,6461.398,293.468,306.120,2875:12;2898:102;2899:102;2900:102;2901:102;2902:102;2903:102;2904:103;2905:102
228.1841,1788885540.2075,10,305.16,829.77,1134.94,96.0,1950.4,61303.1,0.0,6461.398,293.468,306.120,2875:12;2898:102;2899:102;2900:102;2901:102;2902:102;2903:102;2904:103;2905:102
228.2883,1788885540.3117,10,316.39,829.77,1146.16,96.0,1943.7,61309.7,0.0,6461.398,293.468,306.120,2875:12;2898:102;2899:102;2900:102;2901:102;2902:102;2903:102;2904:103;2905:102
228.3925,1788885540.4158,10,316.76,829.77,1146.53,105.6,1941.9,61311.6,0.0,6461.398,293.468,306.120,2875:12;2898:102;2899:102;2900:102;2901:102;2902:102;2903:102;2904:103;2905:102
228.4967,1788885540.5201,10,331.29,829.77,1161.07,105.6,1956.7,61296.8,0.0,6461.398,293.468,306.120,2875:12;2898:102;2899:102;2900:102;2901:102;2902:102;2903:102;2904:103;2905:102
228.6009,1788885540.6242,10,340.20,829.80,1170.00,96.0,1972.4,61281.0,0.0,6461.400,293.469,306.120,2875:12;2898:102;2899:102;2900:102;2901:102;2902:102;2903:102;2904:103;2905:102
228.7050,1788885540.7284,10,342.68,829.80,1172.48,105.5,1972.4,61281.0,0.0,6461.400,293.469,306.120,2875:12;2898:102;2899:102;2900:102;2901:102;2902:102;2903:102;2904:103;2905:102
228.8093,1788885540.8327,10,343.94,829.80,1173.74,95.9,1972.4,61281.0,0.0,6461.401,293.471,306.120,2875:12;2898:102;2899:102;2900:102;2901:102;2902:102;2903:102;2904:103;2905:102
228.9135,1788885540.9369,10,351.86,829.80,1181.66,96.0,1979.9,61273.5,0.0,6461.401,293.471,306.120,2875:12;2898:102;2899:102;2900:102;2901:102;2902:102;2903:102;2904:103;2905:102
229.0177,1788885541.0410,10,355.63,829.80,1185.43,96.0,1976.8,61276.6,0.0,6461.401,293.471,306.120,2875:12;2898:102;2899:102;2900:102;2901:102;2902:102;2903:102;2904:103;2905:102
229.1218,1788885541.1452,10,364.67,829.80,1194.47,115.3,1983.2,61270.2,0.0,6461.401,293.471,306.120,2875:12;2898:102;2899:102;2900:102;2901:102;2902:102;2903:102;2904:103;2905:102
229.2259,1788885541.2493,10,367.16,829.80,1196.96,96.0,1985.6,61267.8,0.0,6461.401,293.471,306.120,2875:12;2898:102;2899:102;2900:102;2901:102;2902:102;2903:102;2904:103;2905:102
229.3302,1788885541.3535,10,367.41,829.80,1197.21,105.5,1985.6,61267.8,0.0,6461.402,293.471,306.120,2875:12;2898:102;2899:102;2900:102;2901:102;2902:102;2903:102;2904:103;2905:102
229.4344,1788885541.4578,10,367.41,829.80,1197.21,95.9,1985.6,61267.8,0.0,6461.402,293.471,306.120,2875:12;2898:102;2899:102;2900:102;2901:102;2902:102;2903:102;2904:103;2905:102
229.5387,1788885541.5621,10,367.41,829.80,1197.21,95.8,1991.1,61262.4,0.0,6461.403,293.473,306.120,2875:12;2898:102;2899:102;2900:102;2901:102;2902:102;2903:102;2904:103;2905:102
229.6431,1788885541.6665,10,379.59,829.80,1209.39,105.5,2002.7,61250.8,0.0,6461.404,293.473,306.120,2875:12;2898:102;2899:102;2900:102;2901:102;2902:102;2903:102;2904:103;2905:102
229.7474,1788885541.7708,10,393.35,829.80,1223.15,95.8,2034.0,61219.5,0.0,6461.404,293.473,306.120,2875:12;2898:102;2899:102;2900:102;2901:102;2902:102;2903:102;2904:103;2905:102
229.8518,1788885541.8752,10,382.30,829.80,1212.11,96.1,2048.2,61205.3,0.0,6461.404,293.473,306.120,2875:12;2898:102;2899:102;2900:102;2901:102;2902:102;2903:102;2904:103;2905:102
229.9558,1788885541.9792,10,383.02,829.80,1212.82,105.4,2048.5,61205.0,0.0,6461.404,293.474,306.120,2875:12;2898:102;2899:102;2900:102;2901:102;2902:102;2903:102;2904:103;2905:102
230.0602,1788885542.0836,10,382.46,829.80,1212.26,95.9,2031.3,61222.2,0.0,6461.404,293.474,306.120,2875:12;2898:102;2899:102;2900:102;2901:102;2902:102;2903:102;2904:103;2905:102
230.1645,1788885542.1879,10,382.78,829.80,1212.58,105.4,2031.3,61222.2,0.0,6461.404,293.474,306.120,2875:12;2898:102;2899:102;2900:102;2901:102;2902:102;2903:102;2904:103;2905:102
230.2688,1788885542.2922,10,382.78,829.80,1212.58,95.9,2031.5,61222.0,0.0,6461.404,293.475,306.120,2875:12;2898:102;2899:102;2900:102;2901:102;2902:102;2903:102;2904:103;2905:102
230.3732,1788885542.3965,10,382.11,829.80,1211.91,95.9,2031.5,61222.0,0.0,6461.404,293.475,306.120,2875:12;2898:102;2899:102;2900:102;2901:102;2902:102;2903:102;2904:103;2905:102
230.4774,1788885542.5007,10,382.37,829.80,1212.17,105.5,2021.3,61232.2,0.0,6461.405,293.475,306.120,2875:12;2898:102;2899:102;2900:102;2901:102;2902:102;2903:102;2904:103;2905:102
230.5817,1788885542.6051,10,387.46,829.80,1217.26,105.5,2021.7,61231.8,0.0,6461.405,293.475,306.120,2875:12;2898:102;2899:102;2900:102;2901:102;2902:102;2903:102;2904:103;2905:102
230.6859,1788885542.7093,10,385.43,829.80,1215.23,105.5,2021.7,61231.8,0.0,6461.405,293.475,306.120,2875:12;2898:102;2899:102;2900:102;2901:102;2902:102;2903:102;2904:103;2905:102
230.7903,1788885542.8136,10,391.71,829.80,1221.51,95.9,2023.3,61230.2,0.0,6461.407,293.476,306.120,2875:12;2898:102;2899:102;2900:102;2901:102;2902:102;2903:102;2904:103;2905:102
230.8945,1788885542.9179,10,400.29,829.80,1230.09,105.5,2026.8,61226.7,0.0,6461.408,293.478,306.120,2875:12;2898:102;2899:102;2900:102;2901:102;2902:102;2903:102;2904:103;2905:102
230.9988,1788885543.0222,10,400.29,829.80,1230.09,95.9,2023.8,61229.7,0.0,6461.408,293.478,306.120,2875:12;2898:102;2899:102;2900:102;2901:102;2902:102;2903:102;2904:103;2905:102
231.1032,1788885543.1265,10,400.29,829.80,1230.09,105.4,2011.5,61242.0,0.0,6461.408,293.478,306.120,2875:12;2898:102;2899:102;2900:102;2901:102;2902:102;2903:102;2904:103;2905:102
231.2075,1788885543.2309,10,408.24,829.80,1238.04,105.5,2018.2,61235.3,0.0,6461.408,293.478,306.120,2875:12;2898:102;2899:102;2900:102;2901:102;2902:102;2903:102;2904:103;2905:102
231.3117,1788885543.3351,10,423.30,829.80,1253.10,105.5,2041.5,61212.0,0.0,6461.408,293.478,306.120,2875:12;2898:102;2899:102;2900:102;2901:102;2902:102;2903:102;2904:103;2905:102
231.4160,1788885543.4394,10,408.48,829.80,1238.28,95.9,2041.5,61212.0,0.0,6461.408,293.478,306.120,2875:12;2898:102;2899:102;2900:102;2901:102;2902:102;2903:102;2904:103;2905:102
231.5203,1788885543.5437,10,408.64,829.80,1238.45,95.8,2042.7,61210.8,0.0,6461.410,293.480,306.120,2875:12;2898:102;2899:102;2900:102;2901:102;2902:102;2903:102;2904:103;2905:102
231.6247,1788885543.6480,10,408.86,829.80,1238.66,105.4,2041.8,61211.7,0.0,6461.410,293.480,306.120,2875:12;2898:102;2899:102;2900:102;2901:102;2902:102;2903:102;2904:103;2905:102
231.7290,1788885543.7524,10,412.16,829.80,1241.96,105.4,2042.8,61210.6,0.0,6461.411,293.480,306.120,2875:12;2898:102;2899:102;2900:102;2901:102;2902:102;2903:102;2904:103;2905:102
231.8334,1788885543.8568,10,416.24,829.80,1246.04,105.4,2043.5,61210.0,0.0,6461.411,293.481,306.120,2875:12;2898:102;2899:102;2900:102;2901:102;2902:102;2903:102;2904:103;2905:102
231.9377,1788885543.9611,10,424.29,829.80,1254.09,105.5,2043.5,61210.0,0.0,6461.411,293.481,306.120,2875:12;2898:102;2899:102;2900:102;2901:102;2902:102;2903:102;2904:103;2905:102
232.0419,1788885544.0653,10,435.50,829.80,1265.30,95.9,2027.3,61226.2,0.0,6461.411,293.481,306.120,2875:12;2898:102;2899:102;2900:102;2901:102;2902:102;2903:102;2904:103;2905:102
232.1462,1788885544.1696,10,430.50,829.80,1260.30,115.1,2028.3,61225.2,0.0,6461.411,293.482,306.120,2875:12;2898:102;2899:102;2900:102;2901:102;2902:102;2903:102;2904:103;2905:102
232.2505,1788885544.2739,10,431.16,829.80,1260.96,96.0,2028.3,61225.2,0.0,6461.411,293.482,306.120,2875:12;2898:102;2899:102;2900:102;2901:102;2902:102;2903:102;2904:103;2905:102
232.3547,1788885544.3781,10,435.11,829.80,1264.91,95.9,2014.6,61238.8,0.0,6461.411,293.482,306.120,2875:12;2898:102;2899:102;2900:102;2901:102;2902:102;2903:102;2904:103;2905:102
232.4590,1788885544.4824,10,437.84,829.80,1267.64,105.5,2014.6,61238.8,0.0,6461.412,293.482,306.120,2875:12;2898:102;2899:102;2900:102;2901:102;2902:102;2903:102;2904:103;2905:102
232.5632,1788885544.5866,10,439.35,829.80,1269.16,115.2,2015.4,61238.1,0.0,6461.412,293.482,306.120,2875:12;2898:102;2899:102;2900:102;2901:102;2902:102;2903:102;2904:103;2905:102
232.6674,1788885544.6907,10,442.25,829.80,1272.06,96.0,2018.9,61234.6,0.0,6461.412,293.482,306.120,2875:12;2898:102;2899:102;2900:102;2901:102;2902:102;2903:102;2904:103;2905:102
232.7716,1788885544.7950,10,462.10,829.80,1291.90,105.5,2043.0,61210.5,0.0,6461.413,293.484,306.120,2875:12;2898:102;2899:102;2900:102;2901:102;2902:102;2903:102;2904:103;2905:102
232.8759,1788885544.8993,10,580.89,829.80,1410.70,105.5,2165.6,61087.9,0.0,6461.414,293.485,306.120,2875:12;2898:102;2899:102;2900:102;2901:102;2902:102;2903:102;2904:103;2905:102
232.9802,1788885545.0035,10,599.96,829.80,1429.77,188.2,2202.1,61051.4,0.0,6461.414,293.485,306.120,2875:12;2898:102;2899:102;2900:102;2901:102;2902:102;2903:102;2904:103;2905:102
233.0865,1788885545.1099,10,556.65,829.80,1386.45,172.3,2170.5,61083.0,0.0,6461.415,293.485,306.120,2875:12;2898:102;2899:102;2900:102;2901:102;2902:102;2903:102;2904:103;2905:102
233.1909,1788885545.2143,10,562.13,829.80,1391.93,95.8,2193.9,61059.6,0.0,6461.415,293.485,306.120,2875:12;2898:102;2899:102;2900:102;2901:102;2902:102;2903:102;2904:103;2905:102
233.2953,1788885545.3186,10,572.15,895.05,1467.20,211.0,2199.1,61054.4,0.0,6461.415,293.486,306.120,2875:12;2898:110;2899:110;2900:110;2901:111;2902:110;2903:111;2904:111;2905:110
233.3997,1788885545.4231,10,572.15,1255.79,1827.94,803.0,2279.6,60973.9,0.0,6461.417,293.487,306.120,2875:12;2898:157;2899:155;2900:152;2901:158;2902:156;2903:157;2904:156;2905:153
233.5071,1788885545.5305,10,572.55,1373.55,1946.10,889.8,2353.5,60900.0,0.0,6461.475,293.511,306.120,2875:12;2898:162;2899:161;2900:162;2901:189;2902:174;2903:190;2904:162;2905:161
233.6180,1788885545.6414,10,572.81,1694.68,2267.49,1265.6,2622.9,60630.6,0.0,6462.212,293.610,306.120,2875:12;2898:192;2899:202;2900:215;2901:217;2902:214;2903:234;2904:200;2905:209
233.7258,1788885545.7492,10,572.81,1799.72,2372.53,1417.4,2701.9,60551.6,0.0,6462.483,293.689,306.120,2875:12;2898:194;2899:224;2900:231;2901:228;2902:232;2903:242;2904:216;2905:221
233.8360,1788885545.8594,10,572.81,1831.07,2403.89,1458.8,2761.3,60492.2,0.0,6469.738,293.934,306.120,2875:12;2898:196;2899:230;2900:234;2901:236;2902:241;2903:239;2904:217;2905:226
233.9487,1788885545.9721,10,573.06,1844.80,2417.87,1416.3,2869.7,60383.8,0.0,6475.435,294.117,306.120,2875:12;2898:220;2899:214;2900:232;2901:241;2902:238;2903:233;2904:232;2905:222
234.0583,1788885546.0817,10,573.09,1934.94,2508.03,1151.2,2948.4,60305.1,0.0,6483.589,294.417,306.120,2875:12;2898:237;2899:227;2900:242;2901:242;2902:250;2903:246;2904:241;2905:237
234.1710,1788885546.1944,10,573.09,1991.06,2564.14,1188.2,3008.8,60244.7,0.0,6492.459,294.745,306.120,2875:12;2898:248;2899:233;2900:247;2901:253;2902:254;2903:253;2904:246;2905:246
234.2760,1788885546.2994,10,573.09,2047.91,2621.00,1057.0,3062.7,60190.8,0.0,6504.987,295.012,306.120,2875:12;2898:251;2899:242;2900:255;2901:263;2902:258;2903:258;2904:254;2905:254
234.3810,1788885546.4044,10,573.09,2079.58,2652.67,1211.3,3132.0,60121.5,0.0,6512.735,295.284,306.120,2875:12;2898:259;2899:244;2900:261;2901:273;2902:257;2903:254;2904:261;2905:258
234.4859,1788885546.5093,10,573.09,2119.94,2693.04,1297.6,3196.6,60056.9,0.0,6526.191,295.563,306.120,2875:12;2898:264;2899:249;2900:263;2901:275;2902:263;2903:260;2904:267;2905:266
234.5925,1788885546.6158,10,573.09,2169.60,2742.70,1135.3,3249.7,60003.7,0.0,6532.938,295.848,306.120,2875:12;2898:266;2899:259;2900:273;2901:280;2902:270;2903:263;2904:272;2905:274
234.6970,1788885546.7204,10,573.10,2239.33,2812.43,1231.1,3313.4,59940.0,0.0,6550.923,296.094,306.120,2875:12;2898:279;2899:268;2900:274;2901:285;2902:279;2903:276;2904:285;2905:280
234.8054,1788885546.8288,10,573.10,2257.95,2831.05,1050.9,3363.7,59889.8,0.0,6552.760,296.378,306.120,2875:12;2898:275;2899:267;2900:283;2901:295;2902:280;2903:277;2904:282;2905:287
234.9129,1788885546.9363,10,573.11,2328.57,2901.68,1116.4,3410.5,59843.0,0.0,6569.657,296.659,306.120,2875:12;2898:282;2899:274;2900:290;2901:307;2902:287;2903:286;2904:292;2905:299
235.0237,1788885547.0471,10,573.11,2379.61,2952.72,1237.4,3475.7,59777.7,0.0,6581.146,296.943,306.120,2875:12;2898:285;2899:282;2900:292;2901:313;2902:298;2903:287;2904:308;2905:302
235.1305,1788885547.1539,10,573.11,2468.43,3041.54,973.7,3523.4,59730.1,0.0,6601.846,297.253,306.120,2875:12;2898:296;2899:293;2900:310;2901:327;2902:302;2903:293;2904:317;2905:318
235.2442,1788885547.2675,10,573.11,2503.98,3077.09,1082.7,3587.7,59665.8,0.0,6614.677,297.559,306.120,2875:12;2898:306;2899:297;2900:305;2901:329;2902:312;2903:304;2904:320;2905:319
235.3513,1788885547.3747,10,573.11,2528.43,3101.54,1269.5,3647.0,59606.5,0.0,6626.576,297.866,306.120,2875:12;2898:312;2899:299;2900:307;2901:334;2902:312;2903:305;2904:323;2905:324
235.4584,1788885547.4818,10,573.11,2611.49,3184.60,839.4,3676.7,59576.8,0.0,6646.440,298.174,306.120,2875:12;2898:321;2899:314;2900:315;2901:345;2902:321;2903:315;2904:338;2905:330
235.5657,1788885547.5890,10,573.12,2612.38,3185.50,1087.3,3719.5,59534.0,0.0,6654.975,298.429,306.120,2875:12;2898:316;2899:311;2900:315;2901:347;2902:329;2903:316;2904:333;2905:334
235.6702,1788885547.6936,10,573.12,2705.97,3279.09,1059.8,3821.0,59432.5,0.0,6669.283,298.681,306.120,2875:12;2898:324;2899:320;2900:321;2901:387;2902:339;2903:318;2904:343;2905:341
235.7751,1788885547.7984,10,573.16,2795.85,3369.01,1505.0,3877.9,59375.6,0.0,6681.655,298.914,306.120,2875:12;2898:330;2899:320;2900:330;2901:378;2902:350;2903:383;2904:347;2905:345
235.8816,1788885547.9049,10,573.16,2840.35,3413.51,1275.6,3956.0,59297.4,0.0,6690.838,299.233,306.120,2875:12;2898:335;2899:324;2900:339;2901:428;2902:351;2903:336;2904:361;2905:353
235.9880,1788885548.0114,10,573.17,2882.09,3455.26,1306.2,4013.0,59240.4,0.0,6704.086,299.498,306.120,2875:12;2898:355;2899:336;2900:337;2901:433;2902:364;2903:344;2904:352;2905:349
236.1017,1788885548.1250,10,573.18,2911.02,3484.20,1088.0,3993.9,59259.6,0.0,6713.166,299.833,306.120,2875:12;2898:349;2899:341;2900:341;2901:436;2902:365;2903:355;2904:353;2905:360
236.2072,1788885548.2306,10,573.18,3014.04,3587.22,1352.6,4051.3,59202.2,0.0,6733.389,300.098,306.120,2875:12;2898:382;2899:351;2900:343;2901:445;2902:377;2903:382;2904:357;2905:365
236.3130,1788885548.3364,10,573.19,3092.34,3665.52,1444.1,4168.0,59085.5,0.0,6746.426,300.411,306.120,2875:12;2898:396;2899:359;2900:354;2901:451;2902:385;2903:380;2904:375;2905:380
236.4210,1788885548.4443,10,573.19,3166.50,3739.68,1491.4,4305.7,58947.8,0.0,6756.875,300.688,306.120,2875:12;2898:402;2899:360;2900:360;2901:454;2902:393;2903:399;2904:383;2905:403
236.5380,1788885548.5614,10,573.19,3248.25,3821.44,1412.9,4405.7,58847.8,0.0,6774.263,300.981,306.120,2875:12;2898:416;2899:374;2900:372;2901:500;2902:400;2903:381;2904:389;2905:405
236.6571,1788885548.6804,10,573.23,3196.21,3769.44,1481.4,4462.6,58790.9,0.0,6784.868,301.246,306.120,2875:12;2898:403;2899:380;2900:368;2901:458;2902:405;2903:371;2904:369;2905:430
236.7680,1788885548.7914,10,573.24,3291.13,3864.38,1323.8,4553.4,58700.1,0.0,6800.344,301.588,306.120,2875:12;2898:447;2899:380;2900:378;2901:473;2902:414;2903:375;2904:389;2905:422
236.8860,1788885548.9094,10,573.25,3601.97,4175.22,1530.0,4808.0,58445.5,0.0,6818.572,301.862,306.120,2875:12;2898:436;2899:401;2900:442;2901:522;2902:429;2903:434;2904:422;2905:505
237.0020,1788885549.0254,10,573.28,3645.04,4218.32,1521.2,4912.8,58340.7,0.0,6834.629,302.098,306.120,2875:12;2898:445;2899:469;2900:403;2901:493;2902:421;2903:418;2904:526;2905:458
237.1141,1788885549.1374,10,573.29,3581.93,4155.22,1515.6,4960.7,58292.8,0.0,6849.894,302.357,306.120,2875:12;2898:410;2899:438;2900:398;2901:484;2902:459;2903:424;2904:500;2905:458
237.2220,1788885549.2454,10,573.30,3617.41,4190.70,1508.6,5074.7,58178.8,0.0,6872.038,302.626,306.120,2875:12;2898:397;2899:409;2900:404;2901:495;2902:483;2903:430;2904:525;2905:461
237.3352,1788885549.3585,10,573.32,3556.53,4129.85,1518.5,5071.8,58181.7,0.0,6890.430,302.897,306.120,2875:12;2898:405;2899:421;2900:406;2901:483;2902:468;2903:429;2904:460;2905:472
237.4470,1788885549.4704,10,573.33,3757.41,4330.74,1561.9,5152.7,58100.7,0.0,6910.355,303.135,306.120,2875:12;2898:411;2899:420;2900:423;2901:491;2902:492;2903:449;2904:519;2905:540
237.5600,1788885549.5834,10,573.36,3675.02,4248.38,1432.7,5103.7,58149.8,0.0,6926.890,303.420,306.120,2875:12;2898:411;2899:426;2900:422;2901:476;2902:515;2903:452;2904:475;2905:486
237.6751,1788885549.6984,10,573.36,3763.98,4337.34,1539.1,5192.1,58061.4,0.0,6948.026,303.676,306.120,2875:12;2898:416;2899:450;2900:406;2901:478;2902:559;2903:466;2904:488;2905:490
237.7890,1788885549.8124,10,573.36,3749.04,4322.41,1376.0,5217.9,58035.6,0.0,6966.902,304.035,306.120,2875:12;2898:428;2899:438;2900:399;2901:490;2902:504;2903:465;2904:515;2905:500
237.8991,1788885549.9224,10,573.38,3921.52,4494.91,1540.8,5385.0,57868.4,0.0,6990.048,304.229,306.120,2875:12;2898:434;2899:438;2900:404;2901:567;2902:503;2903:530;2904:511;2905:522
238.0091,1788885550.0324,10,573.42,4175.86,4749.28,1487.5,5628.4,57625.0,0.0,7003.947,304.486,306.120,2875:12;2898:446;2899:429;2900:470;2901:740;2902:549;2903:480;2904:512;2905:538
238.1272,1788885550.1506,10,573.52,4295.57,4869.10,1566.7,5684.9,57568.6,0.0,7025.052,304.659,306.120,2875:12;2898:453;2899:466;2900:419;2901:715;2902:565;2903:615;2904:525;2905:527
238.2395,1788885550.2629,10,573.59,4224.16,4797.75,1479.5,5678.1,57575.3,0.0,7041.119,304.903,306.120,2875:12;2898:445;2899:457;2900:422;2901:774;2902:595;2903:448;2904:530;2905:539
238.3520,1788885550.3754,10,573.64,4297.50,4871.14,1534.8,5724.4,57529.1,0.0,7068.725,305.176,306.120,2875:12;2898:447;2899:473;2900:451;2901:831;2902:552;2903:435;2904:543;2905:553
238.4713,1788885550.4947,10,573.73,4282.98,4856.72,1449.9,5702.6,57550.9,0.0,7091.374,305.469,306.120,2875:12;2898:460;2899:478;2900:454;2901:775;2902:561;2903:449;2904:540;2905:553
238.5793,1788885550.6027,10,573.90,4431.53,5005.43,1547.5,5855.3,57398.2,0.0,7115.830,305.629,306.120,2875:12;2898:465;2899:489;2900:466;2901:817;2902:564;2903:445;2904:581;2905:592
238.6950,1788885550.7184,10,574.00,4526.44,5100.44,1433.5,5993.8,57259.6,0.0,7132.962,305.916,306.120,2875:12;2898:464;2899:469;2900:463;2901:951;2902:570;2903:453;2904:573;2905:572
238.8085,1788885550.8318,10,574.20,4591.15,5165.35,1419.9,6091.0,57162.5,0.0,7165.153,306.199,306.120,2875:12;2898:470;2899:477;2900:469;2901:904;2902:649;2903:461;2904:569;2905:580
238.9225,1788885550.9459,10,574.20,4703.98,5278.18,1470.9,6231.2,57022.3,0.0,7186.737,306.407,306.120,2875:12;2898:478;2899:536;2900:480;2901:902;2902:612;2903:464;2904:568;2905:651
239.0379,1788885551.0613,10,574.26,4889.82,5464.08,1565.3,6498.0,56755.5,0.0,7202.115,306.618,306.120,2875:12;2898:586;2899:530;2900:560;2901:919;2902:616;2903:481;2904:577;2905:608
239.1510,1788885551.1744,10,574.27,4657.02,5231.29,1474.7,6609.8,56643.6,0.0,7221.303,306.837,306.120,2875:12;2898:507;2899:487;2900:476;2901:927;2902:602;2903:478;2904:573;2905:595
239.2590,1788885551.2824,10,574.27,4808.46,5382.73,1284.2,6727.0,56526.5,0.0,7244.522,307.123,306.120,2875:12;2898:507;2899:496;2900:486;2901:942;2902:614;2903:486;2904:596;2905:669
239.3680,1788885551.3914,10,574.29,4759.95,5334.24,1488.1,6776.1,56477.4,0.0,7262.616,307.372,306.120,2875:12;2898:515;2899:498;2900:496;2901:933;2902:623;2903:469;2904:596;2905:618
239.4761,1788885551.4994,10,574.30,4954.79,5529.09,1549.9,6862.5,56391.0,0.0,7276.482,307.571,306.120,2875:12;2898:538;2899:558;2900:562;2901:943;2902:625;2903:453;2904:631;2905:632
239.5900,1788885551.6134,10,574.32,4902.63,5476.95,1520.1,6759.5,56494.0,0.0,7294.029,307.793,306.120,2875:12;2898:544;2899:516;2900:568;2901:939;2902:640;2903:456;2904:626;2905:601
239.7017,1788885551.7251,10,574.33,4927.31,5501.64,1482.2,6741.0,56512.5,0.0,7312.663,308.072,306.120,2875:12;2898:547;2899:518;2900:526;2901:924;2902:635;2903:465;2904:638;2905:663
239.8130,1788885551.8364,10,574.33,4956.83,5531.16,1267.0,6767.8,56485.7,0.0,7331.443,308.378,306.120,2875:12;2898:561;2899:531;2900:533;2901:924;2902:639;2903:472;2904:648;2905:636
239.9180,1788885551.9414,10,574.34,5059.92,5634.25,1432.9,6839.1,56414.4,0.0,7353.579,308.671,306.120,2875:12;2898:588;2899:535;2900:534;2901:928;2902:695;2903:475;2904:648;2905:644
240.0297,1788885552.0531,10,574.37,5156.69,5731.06,1437.0,6865.1,56388.4,0.0,7374.732,308.945,306.120,2875:12;2898:586;2899:562;2900:527;2901:931;2902:711;2903:485;2904:660;2905:682
240.1370,1788885552.1604,10,574.43,5134.04,5708.47,1458.3,6818.1,56435.4,0.0,7396.217,309.222,306.120,2875:12;2898:593;2899:560;2900:536;2901:936;2902:662;2903:466;2904:665;2905:704
240.2444,1788885552.2678,10,574.51,5137.17,5711.68,1326.7,6809.5,56444.0,0.0,7411.563,309.485,306.120,2875:12;2898:589;2899:564;2900:536;2901:938;2902:665;2903:474;2904:667;2905:693
240.3519,1788885552.3753,10,574.54,5276.32,5850.87,1439.1,6881.2,56372.3,0.0,7436.457,309.738,306.120,2875:12;2898:593;2899:615;2900:553;2901:949;2902:659;2903:483;2904:678;2905:733
240.4608,1788885552.4842,10,574.58,5193.18,5767.77,1340.1,6722.5,56531.0,0.0,7453.139,310.014,306.120,2875:12;2898:586;2899:560;2900:560;2901:952;2902:664;2903:485;2904:679;2905:696
240.5709,1788885552.5943,10,574.60,5508.99,6083.59,1440.0,6917.9,56335.6,0.0,7477.028,310.241,306.120,2875:12;2898:591;2899:569;2900:572;2901:958;2902:671;2903:491;2904:691;2905:955
240.6780,1788885552.7014,10,574.62,5674.73,6249.36,1513.6,7223.6,56029.8,0.0,7491.990,310.414,306.120,2875:12;2898:604;2899:572;2900:569;2901:931;2902:690;2903:505;2904:731;2905:1059
240.7893,1788885552.8127,10,574.72,5705.29,6280.01,1507.1,7322.0,55931.4,0.0,7507.776,310.591,306.120,2875:12;2898:639;2899:575;2900:580;2901:936;2902:676;2903:502;2904:719;2905:1067
240.8978,1788885552.9211,10,574.78,5550.39,6125.16,1398.1,7303.5,55950.0,0.0,7515.247,310.861,306.120,2875:12;2898:644;2899:575;2900:580;2901:926;2902:684;2903:479;2904:724;2905:927
241.0044,1788885553.0277,10,574.78,5629.28,6204.06,1261.5,7312.3,55941.1,0.0,7534.110,311.147,306.120,2875:12;2898:660;2899:587;2900:585;2901:940;2902:688;2903:485;2904:731;2905:942
241.1114,1788885553.1348,10,574.78,5738.18,6312.96,1310.8,7341.1,55912.4,0.0,7552.682,311.489,306.120,2875:12;2898:665;2899:595;2900:594;2901:946;2902:698;2903:487;2904:791;2905:951
241.2260,1788885553.2493,10,574.79,5735.70,6310.48,1272.3,7349.6,55903.9,0.0,7560.241,311.785,306.120,2875:12;2898:674;2899:602;2900:593;2901:949;2902:701;2903:493;2904:758;2905:952
241.3330,1788885553.3564,10,574.79,5906.67,6481.46,1304.7,7460.5,55793.0,0.0,7576.116,312.077,306.120,2875:12;2898:679;2899:604;2900:605;2901:951;2902:807;2903:518;2904:773;2905:956
241.4400,1788885553.4634,10,574.82,6019.05,6593.87,1551.5,7569.0,55684.5,0.0,7590.449,312.304,306.120,2875:12;2898:702;2899:632;2900:619;2901:958;2902:760;2903:528;2904:843;2905:964
241.5555,1788885553.5789,10,574.84,5966.04,6540.88,1467.3,7609.3,55644.1,0.0,7596.851,312.527,306.120,2875:12;2898:713;2899:634;2900:609;2901:968;2902:718;2903:516;2904:836;2905:960
241.6640,1788885553.6874,10,574.95,5981.54,6556.49,1362.0,7658.7,55594.7,0.0,7610.935,312.796,306.120,2875:12;2898:709;2899:686;2900:624;2901:976;2902:725;2903:517;2904:760;2905:971
241.7756,1788885553.7990,10,574.96,5976.61,6551.57,1391.2,7721.3,55532.1,0.0,7627.018,313.082,306.120,2875:12;2898:720;2899:657;2900:618;2901:980;2902:732;2903:520;2904:762;2905:976
241.8816,1788885553.9049,10,574.98,6007.57,6582.55,1261.4,7617.9,55635.5,0.0,7648.946,313.465,306.120,2875:12;2898:718;2899:667;2900:632;2901:985;2902:724;2903:513;2904:773;2905:984
241.9885,1788885554.0119,10,574.98,6136.05,6711.04,1435.0,7677.5,55576.0,0.0,7665.043,313.690,306.120,2875:12;2898:727;2899:666;2900:640;2901:1072;2902:729;2903:516;2904:776;2905:996
242.0977,1788885554.1211,10,574.99,6256.26,6831.25,1286.1,7787.6,55465.9,0.0,7679.310,313.998,306.120,2875:12;2898:737;2899:676;2900:645;2901:1097;2902:784;2903:524;2904:782;2905:999
242.2048,1788885554.2282,10,575.06,6087.09,6662.16,1270.9,7705.9,55547.6,0.0,7700.281,314.224,306.120,2875:12;2898:740;2899:652;2900:645;2901:1041;2902:733;2903:519;2904:760;2905:984
242.3118,1788885554.3352,10,575.06,6164.29,6739.36,859.2,7736.2,55517.3,0.0,7723.596,314.575,306.120,2875:12;2898:745;2899:663;2900:654;2901:1054;2902:748;2903:527;2904:769;2905:993
242.4175,1788885554.4409,10,575.06,6210.77,6785.84,1267.2,7760.8,55492.7,0.0,7740.661,314.892,306.120,2875:12;2898:746;2899:669;2900:664;2901:1059;2902:752;2903:532;2904:777;2905:1001
242.5258,1788885554.5491,10,575.06,6246.23,6821.29,954.0,7783.0,55470.5,0.0,7762.556,315.131,306.120,2875:12;2898:751;2899:670;2900:671;2901:1069;2902:752;2903:540;2904:778;2905:1003
242.6327,1788885554.6561,10,575.07,6288.96,6864.03,1102.6,7841.1,55412.3,0.0,7772.263,315.462,306.120,2875:12;2898:757;2899:676;2900:674;2901:1073;2902:760;2903:540;2904:785;2905:1012
242.7397,1788885554.7631,10,575.07,6317.09,6892.16,1065.9,7873.5,55380.0,0.0,7790.178,315.739,306.120,2875:12;2898:761;2899:677;2900:677;2901:1076;2902:766;2903:540;2904:791;2905:1017
242.8446,1788885554.8680,10,575.07,6379.29,6954.36,806.2,7882.4,55371.0,0.0,7804.184,316.033,306.120,2875:12;2898:765;2899:684;2900:686;2901:1090;2902:769;2903:552;2904:795;2905:1027
242.9514,1788885554.9748,10,575.07,6399.12,6974.20,1251.2,7916.7,55336.8,0.0,7832.657,316.306,306.120,2875:12;2898:766;2899:688;2900:694;2901:1088;2902:779;2903:551;2904:799;2905:1023
243.0586,1788885555.0820,10,575.08,6507.23,7082.31,1323.7,7976.0,55277.5,0.0,7859.235,316.644,306.120,2875:12;2898:779;2899:698;2900:707;2901:1103;2902:789;2903:576;2904:807;2905:1036
243.1704,1788885555.1938,10,575.09,6683.01,7258.09,1490.2,8101.3,55152.1,0.0,7873.215,316.855,306.120,2875:12;2898:792;2899:709;2900:703;2901:1132;2902:782;2903:577;2904:835;2905:1141
243.2777,1788885555.3011,10,575.09,6702.29,7277.38,1377.4,8171.3,55082.2,0.0,7887.165,317.184,306.120,2875:12;2898:793;2899:714;2900:717;2901:1212;2902:796;2903:585;2904:823;2905:1051
243.3845,1788885555.4078,10,575.11,6808.36,7383.47,1534.9,8227.7,55025.7,0.0,7912.607,317.419,306.120,2875:12;2898:814;2899:715;2900:720;2901:1208;2902:841;2903:644;2904:795;2905:1059
243.5020,1788885555.5254,10,575.14,6957.02,7532.15,1545.2,8509.8,54743.7,0.0,7922.437,317.634,306.120,2875:12;2898:845;2899:709;2900:763;2901:1228;2902:823;2903:672;2904:836;2905:1070
243.6220,1788885555.6454,10,575.18,6983.80,7558.98,1548.6,8638.7,54614.8,0.0,7936.834,317.901,306.120,2875:12;2898:853;2899:718;2900:772;2901:1228;2902:828;2903:680;2904:833;2905:1059
243.7300,1788885555.7534,10,575.26,7035.36,7610.62,1505.9,8774.1,54479.4,0.0,7953.759,318.211,306.120,2875:12;2898:842;2899:725;2900:784;2901:1211;2902:889;2903:668;2904:836;2905:1069
243.8400,1788885555.8634,10,575.33,7167.98,7743.30,1542.2,8846.2,54407.2,0.0,7967.896,318.514,306.120,2875:12;2898:850;2899:724;2900:790;2901:1279;2902:885;2903:709;2904:843;2905:1076
243.9540,1788885555.9774,10,575.41,7423.82,7999.23,1561.5,9023.0,54230.5,0.0,7982.209,318.771,306.120,2875:12;2898:856;2899:776;2900:785;2901:1292;2902:956;2903:773;2904:854;2905:1120
244.0642,1788885556.0876,10,575.54,7661.23,8236.77,1539.0,9246.5,54007.0,0.0,7997.082,318.998,306.120,2875:12;2898:962;2899:817;2900:791;2901:1267;2902:1074;2903:742;2904:858;2905:1139
244.1893,1788885556.2127,10,575.66,7880.43,8456.09,1550.5,9450.4,53803.1,0.0,8007.086,319.181,306.120,2875:12;2898:965;2899:751;2900:878;2901:1276;2902:1064;2903:870;2904:921;2905:1142
244.3046,1788885556.3279,10,575.84,7823.70,8399.55,1581.5,9298.1,53955.3,0.0,8017.525,319.362,306.120,2875:12;2898:933;2899:737;2900:930;2901:1309;2902:1055;2903:884;2904:896;2905:1066
244.4243,1788885556.4477,10,576.05,8107.95,8684.00,1518.4,9703.8,53549.6,0.0,8027.080,319.488,306.120,2875:12;2898:971;2899:749;2900:889;2901:1298;2902:1178;2903:903;2904:999;2905:1109
244.5390,1788885556.5624,10,576.39,8408.34,8984.73,1569.5,10010.6,53242.9,0.0,8037.560,319.617,306.120,2875:12;2898:1003;2899:755;2900:1014;2901:1341;2902:1237;2903:867;2904:962;2905:1218
244.6580,1788885556.6814,10,576.68,8668.16,9244.85,1559.1,10471.8,52781.7,0.0,8041.669,319.706,306.120,2875:12;2898:1129;2899:774;2900:858;2901:1372;2902:1340;2903:957;2904:946;2905:1280
244.7861,1788885556.8094,10,576.84,8514.33,9091.16,1553.4,10694.1,52559.3,0.0,8045.614,319.827,306.120,2875:12;2898:1141;2899:788;2900:850;2901:1302;2902:1266;2903:893;2904:1037;2905:1227
244.9286,1788885556.9520,10,576.97,8769.38,9346.34,1505.3,10850.7,52402.7,0.0,8048.506,319.970,306.120,2875:12;2898:1195;2899:819;2900:1005;2901:1323;2902:1320;2903:852;2904:1048;2905:1196
245.0451,1788885557.0684,10,577.08,9309.19,9886.27,1560.0,11124.5,52129.0,0.0,8057.845,320.078,306.120,2875:12;2898:1303;2899:827;2900:1233;2901:1298;2902:1400;2903:897;2904:1136;2905:1203
245.1666,1788885557.1899,10,577.20,9488.34,10065.55,1562.7,11383.0,51870.5,0.0,8062.187,320.184,306.120,2875:12;2898:1352;2899:853;2900:1190;2901:1313;2902:1475;2903:905;2904:1170;2905:1216
245.2791,1788885557.3024,10,577.32,9367.92,9945.24,1507.5,11567.9,51685.5,0.0,8069.497,320.294,306.120,2875:12;2898:1304;2899:878;2900:1235;2901:1278;2902:1410;2903:870;2904:1158;2905:1223
245.4005,1788885557.4239,10,577.42,9285.09,9862.51,1590.9,11571.3,51682.2,0.0,8073.878,320.449,306.120,2875:12;2898:1276;2899:870;2900:1260;2901:1201;2902:1274;2903:883;2904:1269;2905:1240
245.5356,1788885557.5590,10,577.56,9609.80,10187.36,1521.9,11800.1,51453.4,0.0,8080.825,320.544,306.120,2875:12;2898:1398;2899:937;2900:1323;2901:1202;2902:1249;2903:883;2904:1311;2905:1294
245.6501,1788885557.6734,10,577.68,10086.77,10664.44,1567.7,12226.8,51026.7,0.0,8084.098,320.636,306.120,2875:12;2898:1413;2899:984;2900:1301;2901:1229;2902:1299;2903:966;2904:1573;2905:1312
245.7840,1788885557.8074,10,577.75,10496.35,11074.11,1571.4,12634.3,50619.1,0.0,8092.915,320.704,306.120,2875:12;2898:1424;2899:1136;2900:1364;2901:1234;2902:1423;2903:944;2904:1567;2905:1392
245.9035,1788885557.9269,10,577.79,10863.23,11441.02,1573.4,12930.6,50322.9,0.0,8093.759,320.757,306.120,2875:12;2898:1514;2899:1197;2900:1505;2901:1305;2902:1442;2903:886;2904:1620;2905:1382
246.0190,1788885558.0424,10,577.84,11152.37,11730.21,1600.7,13364.5,49889.0,0.0,8102.557,320.844,306.120,2875:12;2898:1520;2899:1232;2900:1617;2901:1338;2902:1416;2903:947;2904:1680;2905:1390
246.1341,1788885558.1574,10,577.95,10992.30,11570.25,1512.0,13579.6,49673.9,0.0,8102.938,320.914,306.120,2875:12;2898:1521;2899:1119;2900:1586;2901:1269;2902:1433;2903:929;2904:1699;2905:1425
246.2561,1788885558.2794,10,578.16,11471.88,12050.03,1506.5,13951.0,49302.5,0.0,8106.193,321.019,306.120,2875:12;2898:1645;2899:1223;2900:1632;2901:1178;2902:1639;2903:961;2904:1723;2905:1459
246.3686,1788885558.3920,10,578.31,11863.08,12441.39,1600.7,14565.9,48687.6,0.0,8113.123,321.078,306.120,2875:12;2898:1785;2899:1403;2900:1565;2901:1209;2902:1585;2903:962;2904:1915;2905:1427
246.4841,1788885558.5074,10,578.41,11774.38,12352.78,1577.0,14680.7,48572.7,0.0,8118.494,321.177,306.120,2875:12;2898:1726;2899:1391;2900:1655;2901:1159;2902:1561;2903:964;2904:1912;2905:1393
246.5970,1788885558.6204,10,578.54,11825.89,12404.43,1589.2,14914.6,48338.9,0.0,8121.992,321.235,306.120,2875:12;2898:1706;2899:1425;2900:1650;2901:1165;2902:1498;2903:960;2904:2030;2905:1380
246.7150,1788885558.7384,10,578.87,11238.70,11817.57,1509.2,14568.6,48684.9,0.0,8134.546,321.350,306.120,2875:12;2898:1483;2899:1290;2900:1726;2901:1101;2902:1437;2903:978;2904:1794;2905:1417
246.8310,1788885558.8544,10,579.14,11147.97,11727.11,1541.9,14394.7,48858.8,0.0,8139.298,321.449,306.120,2875:12;2898:1416;2899:1184;2900:1659;2901:1180;2902:1413;2903:969;2904:1854;2905:1460
246.9454,1788885558.9688,10,579.59,10757.06,11336.65,1443.2,14337.1,48916.4,0.0,8147.201,321.519,306.120,2875:12;2898:1396;2899:1223;2900:1442;2901:1127;2902:1398;2903:968;2904:1751;2905:1439
247.0524,1788885559.0758,10,580.15,10644.08,11224.23,1427.6,14110.6,49142.9,0.0,8161.217,321.641,306.120,2875:12;2898:1339;2899:1299;2900:1414;2901:1112;2902:1356;2903:975;2904:1660;2905:1476
247.1687,1788885559.1921,10,581.00,10573.95,11154.95,1326.3,14088.2,49165.3,0.0,8168.530,321.768,306.120,2875:12;2898:1460;2899:1236;2900:1377;2901:1110;2902:1356;2903:973;2904:1628;2905:1423
247.2797,1788885559.3031,10,581.38,11005.28,11586.66,1445.3,14187.0,49066.5,0.0,8181.847,321.956,306.120,2875:12;2898:1445;2899:1246;2900:1416;2901:1140;2902:1353;2903:1017;2904:1737;2905:1638
247.4100,1788885559.4334,10,581.42,11648.31,12229.73,1607.5,14585.6,48667.9,0.0,8189.792,322.071,306.120,2875:12;2898:1511;2899:1319;2900:1463;2901:1221;2902:1418;2903:1221;2904:1796;2905:1686
247.5410,1788885559.5644,10,581.47,11922.43,12503.90,1578.0,14872.4,48381.1,0.0,8198.366,322.221,306.120,2875:12;2898:1446;2899:1415;2900:1568;2901:1260;2902:1444;2903:1228;2904:1820;2905:1730
247.6780,1788885559.7014,10,581.52,11931.30,12512.82,1540.9,15082.5,48170.9,0.0,8200.614,322.307,306.120,2875:12;2898:1495;2899:1375;2900:1582;2901:1291;2902:1427;2903:1178;2904:1815;2905:1757
247.7921,1788885559.8154,10,581.60,11829.88,12411.47,1588.4,14932.5,48321.0,0.0,8210.853,322.462,306.120,2875:12;2898:1553;2899:1313;2900:1542;2901:1268;2902:1358;2903:1212;2904:1835;2905:1738
247.9330,1788885559.9564,10,581.67,11966.86,12548.53,1550.4,14963.9,48289.6,0.0,8219.778,322.594,306.120,2875:12;2898:1543;2899:1362;2900:1542;2901:1356;2902:1450;2903:1192;2904:1875;2905:1636
248.0686,1788885560.0920,10,581.74,12348.75,12930.49,1627.9,14736.0,48517.5,0.0,8227.532,322.704,306.120,2875:12;2898:1558;2899:1395;2900:1549;2901:1421;2902:1460;2903:1224;2904:1971;2905:1759
248.1769,1788885560.2003,10,581.91,12601.74,13183.65,1525.8,14867.3,48386.2,0.0,8230.505,322.792,306.120,2875:12;2898:1557;2899:1484;2900:1559;2901:1446;2902:1461;2903:1212;2904:1984;2905:1888
248.3131,1788885560.3365,10,582.05,12373.31,12955.36,1558.7,14917.2,48336.3,0.0,8235.460,322.976,306.120,2875:12;2898:1545;2899:1465;2900:1510;2901:1396;2902:1441;2903:1265;2904:1976;2905:1763
248.4317,1788885560.4550,10,582.23,11841.58,12423.80,1509.3,14757.1,48496.4,0.0,8240.666,323.114,306.120,2875:12;2898:1525;2899:1485;2900:1467;2901:1340;2902:1385;2903:1268;2904:1831;2905:1528
248.5420,1788885560.5653,10,582.52,11852.04,12434.55,1354.9,14834.5,48418.9,0.0,8245.677,323.321,306.120,2875:12;2898:1525;2899:1462;2900:1471;2901:1318;2902:1388;2903:1180;2904:1839;2905:1657
248.6484,1788885560.6718,10,582.89,11700.51,12283.40,1445.7,14858.1,48395.4,0.0,8251.210,323.467,306.120,2875:12;2898:1509;2899:1443;2900:1455;2901:1307;2902:1377;2903:1088;2904:1845;2905:1665
248.7569,1788885560.7803,10,583.36,11662.72,12246.07,1300.2,14813.2,48440.3,0.0,8258.005,323.694,306.120,2875:12;2898:1502;2899:1410;2900:1467;2901:1308;2902:1354;2903:1124;2904:1848;2905:1636
248.8641,1788885560.8875,10,583.57,11656.11,12239.68,1117.8,14814.1,48439.3,0.0,8268.340,323.873,306.120,2875:12;2898:1509;2899:1422;2900:1466;2901:1310;2902:1353;2903:1128;2904:1844;2905:1612
248.9715,1788885560.9949,10,583.58,11716.76,12300.34,1010.7,14820.2,48433.3,0.0,8283.851,324.221,306.120,2875:12;2898:1517;2899:1430;2900:1476;2901:1310;2902:1355;2903:1136;2904:1858;2905:1623
249.0760,1788885561.0994,10,583.59,11742.73,12326.32,1382.2,14790.4,48463.1,0.0,8309.888,324.457,306.120,2875:12;2898:1526;2899:1434;2900:1481;2901:1317;2902:1356;2903:1135;2904:1863;2905:1620
249.1812,1788885561.2046,10,583.59,11821.30,12404.89,1014.9,14791.2,48462.2,0.0,8327.817,324.775,306.120,2875:12;2898:1529;2899:1441;2900:1490;2901:1331;2902:1374;2903:1143;2904:1873;2905:1628
249.2883,1788885561.3117,10,583.59,11869.75,12453.34,1273.9,14797.4,48456.1,0.0,8350.968,325.095,306.120,2875:12;2898:1543;2899:1439;2900:1496;2901:1328;2902:1380;2903:1141;2904:1894;2905:1636
249.4010,1788885561.4244,10,583.70,11949.47,12533.17,1283.4,14868.3,48385.2,0.0,8365.789,325.353,306.120,2875:12;2898:1543;2899:1445;2900:1502;2901:1394;2902:1402;2903:1148;2904:1864;2905:1639
249.5130,1788885561.5364,10,583.78,12032.11,12615.89,1275.1,14916.2,48337.3,0.0,8397.245,325.652,306.120,2875:12;2898:1555;2899:1462;2900:1502;2901:1457;2902:1418;2903:1149;2904:1831;2905:1646
249.6306,1788885561.6540,10,583.83,11985.65,12569.48,1244.8,15073.5,48179.9,0.0,8410.404,325.902,306.120,2875:12;2898:1590;2899:1426;2900:1514;2901:1414;2902:1416;2903:1134;2904:1833;2905:1646
249.7410,1788885561.7644,10,583.84,12122.62,12706.47,1302.9,15255.8,47997.6,0.0,8435.435,326.156,306.120,2875:12;2898:1542;2899:1490;2900:1566;2901:1352;2902:1505;2903:1144;2904:1851;2905:1659
249.8605,1788885561.8839,10,583.89,11935.13,12519.02,1369.0,15144.6,48108.9,0.0,8447.189,326.425,306.120,2875:12;2898:1549;2899:1436;2900:1509;2901:1352;2902:1461;2903:1140;2904:1822;2905:1655
249.9692,1788885561.9926,10,583.89,11960.48,12544.38,1311.4,15138.2,48115.2,0.0,8474.131,326.700,306.120,2875:12;2898:1562;2899:1448;2900:1517;2901:1346;2902:1446;2903:1141;2904:1833;2905:1656
250.0812,1788885562.1046,10,583.89,12006.38,12590.27,1111.9,15124.2,48129.3,0.0,8492.413,327.012,306.120,2875:12;2898:1562;2899:1452;2900:1524;2901:1349;2902:1465;2903:1152;2904:1826;2905:1665
250.1882,1788885562.2115,10,583.90,12031.53,12615.43,1454.0,15202.6,48050.9,0.0,8515.938,327.246,306.120,2875:12;2898:1568;2899:1458;2900:1504;2901:1347;2902:1494;2903:1147;2904:1836;2905:1666
250.2932,1788885562.3165,10,583.91,12138.80,12722.70,968.2,15202.8,48050.7,0.0,8529.015,327.545,306.120,2875:12;2898:1572;2899:1463;2900:1513;2901:1357;2902:1554;2903:1155;2904:1838;2905:1676
250.3996,1788885562.4230,10,583.93,12126.94,12710.88,1273.6,15212.9,48040.5,0.0,8562.637,327.793,306.120,2875:12;2898:1590;2899:1477;2900:1521;2901:1358;2902:1497;2903:1155;2904:1830;2905:1686
250.5114,1788885562.5348,10,583.93,12168.44,12752.37,1059.5,15211.7,48041.8,0.0,8575.987,328.139,306.120,2875:12;2898:1592;2899:1475;2900:1531;2901:1369;2902:1508;2903:1162;2904:1830;2905:1690
250.6191,1788885562.6425,10,583.95,12290.82,12874.78,1209.3,15281.9,47971.6,0.0,8607.488,328.383,306.120,2875:12;2898:1607;2899:1534;2900:1543;2901:1371;2902:1519;2903:1169;2904:1838;2905:1697
250.7327,1788885562.7561,10,583.96,12274.88,12858.84,1387.7,15236.8,48016.7,0.0,8621.958,328.706,306.120,2875:12;2898:1596;2899:1504;2900:1545;2901:1384;2902:1523;2903:1169;2904:1845;2905:1697
250.8397,1788885562.8631,10,583.96,12299.11,12883.07,1416.3,15238.3,48015.2,0.0,8639.308,328.949,306.120,2875:12;2898:1605;2899:1517;2900:1544;2901:1389;2902:1526;2903:1165;2904:1849;2905:1692
250.9480,1788885562.9714,10,584.02,12584.64,13168.66,1249.3,15268.1,47985.4,0.0,8652.187,329.250,306.120,2875:12;2898:1616;2899:1520;2900:1699;2901:1394;2902:1596;2903:1176;2904:1873;2905:1698
251.0581,1788885563.0815,10,584.12,12661.06,13245.19,1538.3,15257.1,47996.4,0.0,8668.847,329.435,306.120,2875:12;2898:1624;2899:1535;2900:1731;2901:1403;2902:1543;2903:1174;2904:1939;2905:1699
251.1715,1788885563.1949,10,584.28,12625.54,13209.82,1462.3,15027.4,48226.1,0.0,8676.210,329.645,306.120,2875:12;2898:1617;2899:1552;2900:1709;2901:1399;2902:1514;2903:1180;2904:1870;2905:1773
251.2775,1788885563.3009,10,584.36,12498.29,13082.64,1514.5,15042.0,48211.4,0.0,8686.296,329.902,306.120,2875:12;2898:1617;2899:1551;2900:1665;2901:1398;2902:1503;2903:1186;2904:1867;2905:1699
251.3860,1788885563.4094,10,584.52,12537.16,13121.68,1420.5,15067.4,48186.1,0.0,8693.410,330.182,306.120,2875:12;2898:1628;2899:1557;2900:1657;2901:1395;2902:1512;2903:1195;2904:1876;2905:1705
251.4940,1788885563.5174,10,584.53,12609.02,13193.54,1284.6,15100.2,48153.3,0.0,8708.344,330.508,306.120,2875:12;2898:1636;2899:1567;2900:1658;2901:1419;2902:1524;2903:1205;2904:1881;2905:1708
251.6033,1788885563.6267,10,584.57,12768.91,13353.48,1546.7,15225.9,48027.5,0.0,8721.732,330.754,306.120,2875:12;2898:1646;2899:1608;2900:1672;2901:1463;2902:1523;2903:1216;2904:1894;2905:1733
251.7130,1788885563.7364,10,584.57,12835.84,13420.42,1441.7,15241.3,48012.2,0.0,8731.018,331.022,306.120,2875:12;2898:1648;2899:1598;2900:1675;2901:1506;2902:1533;2903:1227;2904:1901;2905:1735
251.8230,1788885563.8464,10,584.58,12971.38,13555.96,1521.4,15372.9,47880.6,0.0,8745.650,331.314,306.120,2875:12;2898:1696;2899:1613;2900:1687;2901:1534;2902:1540;2903:1230;2904:1917;2905:1742
251.9386,1788885563.9620,10,584.62,12999.21,13583.83,1540.2,15483.2,47770.3,0.0,8751.439,331.517,306.120,2875:12;2898:1756;2899:1625;2900:1660;2901:1469;2902:1542;2903:1210;2904:1911;2905:1813
252.0593,1788885564.0827,10,584.66,13166.33,13750.99,1504.9,15653.8,47599.6,0.0,8767.501,331.791,306.120,2875:12;2898:1729;2899:1646;2900:1671;2901:1604;2902:1550;2903:1203;2904:1979;2905:1773
252.1767,1788885564.2001,10,584.66,13219.86,13804.52,1499.9,15701.5,47552.0,0.0,8775.163,332.021,306.120,2875:12;2898:1730;2899:1661;2900:1666;2901:1647;2902:1542;2903:1204;2904:1984;2905:1774
252.2840,1788885564.3074,10,584.74,13039.48,13624.22,1414.5,15597.3,47656.1,0.0,8792.466,332.269,306.120,2875:12;2898:1736;2899:1648;2900:1687;2901:1478;2902:1521;2903:1203;2904:1946;2905:1808
252.3970,1788885564.4204,10,584.84,13116.22,13701.06,1538.9,15646.8,47606.7,0.0,8809.151,332.460,306.120,2875:12;2898:1733;2899:1659;2900:1662;2901:1506;2902:1531;2903:1229;2904:1915;2905:1869
252.5115,1788885564.5349,10,585.04,13094.57,13679.60,1396.1,15652.5,47601.0,0.0,8832.004,332.754,306.120,2875:12;2898:1743;2899:1662;2900:1671;2901:1516;2902:1548;2903:1187;2904:1935;2905:1820
252.6289,1788885564.6523,10,585.14,13172.09,13757.23,1429.2,15708.9,47544.6,0.0,8847.991,333.023,306.120,2875:12;2898:1745;2899:1708;2900:1673;2901:1522;2902:1555;2903:1194;2904:1935;2905:1828
252.7380,1788885564.7614,10,585.14,13319.94,13905.09,1337.4,15825.0,47428.5,0.0,8878.456,333.334,306.120,2875:12;2898:1761;2899:1771;2900:1689;2901:1540;2902:1559;2903:1207;2904:1947;2905:1834
252.8553,1788885564.8786,10,585.15,13267.02,13852.17,1200.7,15786.9,47466.6,0.0,8896.015,333.642,306.120,2875:12;2898:1775;2899:1698;2900:1690;2901:1544;2902:1563;2903:1211;2904:1933;2905:1840
252.9653,1788885564.9887,10,585.16,13298.58,13883.74,1442.6,15907.4,47346.1,0.0,8920.466,333.884,306.120,2875:12;2898:1803;2899:1699;2900:1695;2901:1545;2902:1550;2903:1218;2904:1934;2905:1842
253.0725,1788885565.0959,10,585.17,13294.74,13879.91,1148.6,15744.9,47508.6,0.0,8945.702,334.206,306.120,2875:12;2898:1764;2899:1711;2900:1699;2901:1556;2902:1558;2903:1223;2904:1922;2905:1850
253.1790,1788885565.2024,10,585.17,13340.92,13926.09,1262.8,15781.0,47472.5,0.0,8972.434,334.455,306.120,2875:12;2898:1772;2899:1717;2900:1703;2901:1572;2902:1566;2903:1230;2904:1918;2905:1851
253.2883,1788885565.3117,10,585.18,13406.97,13992.15,972.0,15811.0,47442.5,0.0,8994.208,334.789,306.120,2875:12;2898:1781;2899:1721;2900:1714;2901:1575;2902:1576;2903:1236;2904:1929;2905:1863
253.3973,1788885565.4206,10,585.18,13391.16,13976.34,1176.5,15842.9,47410.5,0.0,9009.719,335.007,306.120,2875:12;2898:1776;2899:1718;2900:1701;2901:1573;2902:1580;2903:1234;2904:1932;2905:1865
253.5020,1788885565.5254,10,585.22,13497.59,14082.81,1102.0,15887.3,47366.2,0.0,9035.244,335.300,306.120,2875:12;2898:1780;2899:1723;2900:1747;2901:1599;2902:1588;2903:1243;2904:1932;2905:1873
253.6108,1788885565.6342,10,585.45,13865.31,14450.76,1527.9,16147.7,47105.8,0.0,9065.710,335.445,306.120,2875:12;2898:1862;2899:1773;2900:1829;2901:1687;2902:1598;2903:1295;2904:1943;2905:1865
253.7368,1788885565.7602,10,585.62,14176.75,14762.37,1555.8,16608.2,46645.2,0.0,9069.370,335.523,306.120,2875:12;2898:1813;2899:1807;2900:1922;2901:1687;2902:1699;2903:1345;2904:1943;2905:1948
253.8496,1788885565.8730,10,585.82,13955.86,14541.68,1533.0,16520.4,46733.1,0.0,9083.370,335.652,306.120,2875:12;2898:1832;2899:1742;2900:1920;2901:1710;2902:1591;2903:1298;2904:1949;2905:1903
253.9790,1788885566.0024,10,585.98,14076.47,14662.45,1482.2,16524.6,46728.9,0.0,9089.470,335.841,306.120,2875:12;2898:1831;2899:2028;2900:1861;2901:1665;2902:1628;2903:1254;2904:1958;2905:1839
254.0860,1788885566.1094,10,586.11,13802.29,14388.39,1490.2,16563.6,46689.9,0.0,9104.890,336.036,306.120,2875:12;2898:1803;2899:1761;2900:1834;2901:1641;2902:1755;2903:1240;2904:1941;2905:1815
254.1976,1788885566.2209,10,586.15,13851.15,14437.30,1390.1,16394.1,46859.4,0.0,9112.904,336.313,306.120,2875:12;2898:1807;2899:1757;2900:1850;2901:1647;2902:1754;2903:1248;2904:1952;2905:1823
254.3068,1788885566.3302,10,586.25,13712.02,14298.27,1406.4,16345.4,46908.0,0.0,9123.304,336.560,306.120,2875:12;2898:1788;2899:1797;2900:1836;2901:1629;2902:1646;2903:1248;2904:1936;2905:1820
254.4141,1788885566.4375,10,586.43,13797.88,14384.30,1307.4,16356.6,46896.8,0.0,9133.089,336.849,306.120,2875:12;2898:1798;2899:1837;2900:1855;2901:1634;2902:1647;2903:1250;2904:1946;2905:1819
254.5210,1788885566.5444,10,586.55,13839.74,14426.29,1395.3,16352.2,46901.3,0.0,9141.662,337.140,306.120,2875:12;2898:1802;2899:1821;2900:1864;2901:1654;2902:1658;2903:1253;2904:1943;2905:1832
254.6356,1788885566.6590,10,586.59,13897.01,14483.60,1438.9,16384.6,46868.9,0.0,9155.969,337.426,306.120,2875:12;2898:1818;2899:1829;2900:1870;2901:1653;2902:1661;2903:1265;2904:1952;2905:1837
254.7442,1788885566.7676,10,586.59,13967.93,14554.52,1321.6,16415.9,46837.5,0.0,9160.340,337.702,306.120,2875:12;2898:1816;2899:1838;2900:1876;2901:1662;2902:1663;2903:1299;2904:1958;2905:1843
254.8520,1788885566.8754,10,586.61,14034.73,14621.34,1501.2,16499.3,46754.2,0.0,9169.455,337.947,306.120,2875:12;2898:1819;2899:1840;2900:1885;2901:1668;2902:1676;2903:1292;2904:1996;2905:1848
254.9650,1788885566.9884,10,586.62,14221.03,14807.64,1482.1,16640.2,46613.3,0.0,9175.273,338.185,306.120,2875:12;2898:1915;2899:1851;2900:1893;2901:1677;2902:1694;2903:1299;2904:2002;2905:1877
255.0755,1788885567.0989,10,586.63,14239.15,14825.78,1473.6,16657.1,46596.4,0.0,9184.781,338.457,306.120,2875:12;2898:1894;2899:1849;2900:1896;2901:1682;2902:1700;2903:1353;2904:1987;2905:1864
255.1829,1788885567.2062,10,586.65,14229.89,14816.54,1461.8,16574.3,46679.2,0.0,9196.994,338.651,306.120,2875:12;2898:1882;2899:1856;2900:1917;2901:1688;2902:1740;2903:1327;2904:1957;2905:1850
255.2895,1788885567.3128,10,586.68,14181.50,14768.18,1343.8,16566.2,46687.3,0.0,9209.381,338.902,306.120,2875:12;2898:1855;2899:1864;2900:1924;2901:1679;2902:1706;2903:1331;2904:1962;2905:1848
255.3952,1788885567.4186,10,586.79,14439.89,15026.67,1416.3,16635.3,46618.2,0.0,9229.767,339.125,306.120,2875:12;2898:1885;2899:1866;2900:1926;2901:1685;2902:1817;2903:1338;2904:1977;2905:1933
255.5038,1788885567.5272,10,586.83,14278.69,14865.52,1401.1,16750.5,46503.0,0.0,9241.855,339.355,306.120,2875:12;2898:1910;2899:1847;2900:1941;2901:1688;2902:1725;2903:1346;2904:1972;2905:1838
255.6110,1788885567.6344,10,586.93,14258.85,14845.79,1270.1,16756.5,46497.0,0.0,9261.004,339.631,306.120,2875:12;2898:1997;2899:1815;2900:1949;2901:1690;2902:1649;2903:1349;2904:1975;2905:1823
255.7180,1788885567.7414,10,587.00,14229.97,14816.97,1470.6,16663.7,46589.7,0.0,9274.084,339.824,306.120,2875:12;2898:1919;2899:1802;2900:1932;2901:1669;2902:1767;2903:1335;2904:1967;2905:1827
255.8271,1788885567.8504,10,587.18,14218.87,14806.05,1310.9,16594.7,46658.8,0.0,9292.563,340.134,306.120,2875:12;2898:1941;2899:1807;2900:1942;2901:1679;2902:1670;2903:1338;2904:1975;2905:1854
255.9405,1788885567.9639,10,587.49,14313.55,14901.05,1414.1,16668.9,46584.6,0.0,9307.025,340.286,306.120,2875:12;2898:1935;2899:1812;2900:1950;2901:1686;2902:1721;2903:1365;2904:1981;2905:1852
256.0500,1788885568.0734,10,587.52,14396.39,14983.91,1092.0,16607.9,46645.6,0.0,9329.060,340.637,306.120,2875:12;2898:1956;2899:1826;2900:1961;2901:1692;2902:1746;2903:1335;2904:1997;2905:1872
256.1661,1788885568.1895,10,587.52,14385.42,14972.94,1192.5,16639.6,46613.8,0.0,9341.774,340.879,306.120,2875:12;2898:1963;2899:1826;2900:1954;2901:1690;2902:1741;2903:1336;2904:1994;2905:1868
256.2751,1788885568.2984,10,587.52,14521.85,15109.37,1069.4,16685.7,46567.8,0.0,9372.241,341.235,306.120,2875:12;2898:1976;2899:1840;2900:1979;2901:1707;2902:1759;2903:1349;2904:2016;2905:1884
256.3952,1788885568.4186,10,587.53,14487.23,15074.76,1079.2,16715.5,46537.9,0.0,9374.159,341.437,306.120,2875:12;2898:1978;2899:1832;2900:1974;2901:1708;2902:1753;2903:1351;2904:2003;2905:1877
256.5030,1788885568.5264,10,587.53,14653.55,15241.08,1108.1,16846.6,46406.8,0.0,9400.765,341.760,306.120,2875:12;2898:1979;2899:1851;2900:1987;2901:1725;2902:1760;2903:1356;2904:2021;2905:1963
256.6169,1788885568.6403,10,587.59,14599.29,15186.88,1182.2,16777.9,46475.6,0.0,9405.042,342.022,306.120,2875:12;2898:1989;2899:1844;2900:1988;2901:1724;2902:1760;2903:1338;2904:2014;2905:1929
256.7235,1788885568.7469,10,587.70,14802.25,15389.95,1257.7,16881.9,46371.5,0.0,9422.926,342.291,306.120,2875:12;2898:2002;2899:1851;2900:2030;2901:1727;2902:1782;2903:1352;2904:2081;2905:1965
256.8346,1788885568.8579,10,587.78,14926.68,15514.46,1540.4,17009.2,46244.3,0.0,9433.891,342.442,306.120,2875:12;2898:2006;2899:1848;2900:2200;2901:1742;2902:1780;2903:1351;2904:2022;2905:1966
256.9451,1788885568.9684,10,587.88,14792.86,15380.75,1350.6,16986.4,46267.1,0.0,9455.437,342.730,306.120,2875:12;2898:2005;2899:1853;2900:2058;2901:1733;2902:1769;2903:1363;2904:2026;2905:1973
257.0531,1788885569.0765,10,587.95,15166.39,15754.34,1551.5,17152.8,46100.7,0.0,9459.947,342.864,306.120,2875:12;2898:2023;2899:1934;2900:2058;2901:1813;2902:1824;2903:1400;2904:2110;2905:1993
257.1720,1788885569.1954,10,588.07,15195.64,15783.71,1534.4,17273.6,45979.9,0.0,9471.846,343.070,306.120,2875:12;2898:2029;2899:1897;2900:2066;2901:1928;2902:1780;2903:1432;2904:2083;2905:1969
257.2799,1788885569.3032,10,588.18,15100.08,15688.27,1494.7,17206.4,46047.1,0.0,9474.070,343.258,306.120,2875:12;2898:2035;2899:1841;2900:2081;2901:1904;2902:1801;2903:1363;2904:2086;2905:1978
257.3881,1788885569.4114,10,588.38,15006.18,15594.55,1498.4,17169.5,46083.9,0.0,9492.970,343.506,306.120,2875:12;2898:2053;2899:1848;2900:2076;2901:1792;2902:1820;2903:1375;2904:2061;2905:1969
257.5003,1788885569.5237,10,588.46,15096.06,15684.52,1260.5,17216.1,46037.4,0.0,9499.567,343.832,306.120,2875:12;2898:2062;2899:1852;2900:2083;2901:1810;2902:1836;2903:1383;2904:2077;2905:1981
257.6080,1788885569.6314,10,588.52,15160.15,15748.67,1247.3,17251.0,46002.5,0.0,9520.793,344.130,306.120,2875:12;2898:2069;2899:1863;2900:2089;2901:1826;2902:1847;2903:1390;2904:2081;2905:1982
257.7155,1788885569.7389,10,588.52,15188.70,15777.21,1213.6,17288.9,45964.6,0.0,9524.199,344.449,306.120,2875:12;2898:2080;2899:1865;2900:2094;2901:1821;2902:1849;2903:1393;2904:2085;2905:1990
257.8230,1788885569.8464,10,588.52,15258.49,15847.00,1319.0,17314.0,45939.5,0.0,9547.156,344.709,306.120,2875:12;2898:2091;2899:1872;2900:2094;2901:1831;2902:1858;2903:1404;2904:2098;2905:1998
257.9303,1788885569.9537,10,588.54,15265.49,15854.03,1109.9,17344.2,45909.3,0.0,9550.518,345.040,306.120,2875:12;2898:2089;2899:1876;2900:2100;2901:1830;2902:1856;2903:1407;2904:2099;2905:1997
258.0430,1788885570.0664,10,588.59,15343.02,15931.62,1178.1,17371.5,45882.0,0.0,9573.303,345.329,306.120,2875:12;2898:2104;2899:1881;2900:2113;2901:1841;2902:1868;2903:1412;2904:2114;2905:1999
258.1531,1788885570.1764,10,588.66,15381.79,15970.45,1397.7,17418.1,45835.4,0.0,9584.731,345.636,306.120,2875:12;2898:2102;2899:1880;2900:2148;2901:1843;2902:1862;2903:1414;2904:2112;2905:2007
258.2590,1788885570.2824,10,588.75,15462.57,16051.32,1233.4,17461.0,45792.4,0.0,9604.654,345.925,306.120,2875:12;2898:2119;2899:1889;2900:2176;2901:1845;2902:1868;2903:1419;2904:2123;2905:2011
258.3730,1788885570.3964,10,588.80,15499.00,16087.81,1442.3,17504.3,45749.2,0.0,9616.319,346.212,306.120,2875:12;2898:2128;2899:1894;2900:2171;2901:1844;2902:1869;2903:1430;2904:2131;2905:2019
258.4799,1788885570.5033,10,588.91,15536.37,16125.27,915.4,17512.4,45741.0,0.0,9620.152,346.495,306.120,2875:12;2898:2135;2899:1895;2900:2192;2901:1843;2902:1871;2903:1436;2904:2126;2905:2025
258.5870,1788885570.6104,10,588.95,15615.28,16204.23,1190.4,17548.4,45705.1,0.0,9648.949,346.773,306.120,2875:12;2898:2151;2899:1899;2900:2198;2901:1862;2902:1882;2903:1442;2904:2137;2905:2034
258.6947,1788885570.7180,10,588.95,15637.77,16226.72,979.5,17567.7,45685.8,0.0,9662.819,347.069,306.120,2875:12;2898:2144;2899:1908;2900:2213;2901:1854;2902:1878;2903:1450;2904:2135;2905:2043
258.8018,1788885570.8251,10,588.95,15672.65,16261.60,986.1,17595.6,45657.8,0.0,9682.542,347.325,306.120,2875:12;2898:2156;2899:1903;2900:2203;2901:1861;2902:1893;2903:1448;2904:2149;2905:2048
258.9090,1788885570.9324,10,589.01,16006.99,16596.00,1490.8,17846.8,45406.7,0.0,9693.513,347.535,306.120,2875:12;2898:2206;2899:1966;2900:2213;2901:1975;2902:1891;2903:1524;2904:2168;2905:2052
259.0262,1788885571.0496,10,589.05,16259.38,16848.43,1582.1,18091.5,45162.0,0.0,9700.023,347.725,306.120,2875:12;2898:2215;2899:1995;2900:2255;2901:1997;2902:1978;2903:1510;2904:2190;2905:2109
259.1450,1788885571.1684,10,589.06,16833.59,17422.64,1590.1,18489.1,44764.4,0.0,9714.440,347.856,306.120,2875:12;2898:2328;2899:2134;2900:2289;2901:2146;2902:2014;2903:1534;2904:2163;2905:2211
259.2658,1788885571.2892,10,589.11,17304.55,17893.66,1535.1,18921.8,44331.7,0.0,9717.970,347.994,306.120,2875:12;2898:2411;2899:2216;2900:2378;2901:2221;2902:2054;2903:1565;2904:2185;2905:2263
259.3803,1788885571.4037,10,589.12,17585.95,18175.07,1593.1,19412.1,43841.4,0.0,9726.943,348.108,306.120,2875:12;2898:2400;2899:2211;2900:2560;2901:2359;2902:2090;2903:1467;2904:2205;2905:2283
259.4987,1788885571.5221,10,589.12,17682.24,18271.36,1520.2,19732.8,43520.6,0.0,9736.645,348.325,306.120,2875:12;2898:2364;2899:2245;2900:2627;2901:2370;2902:2051;2903:1482;2904:2181;2905:2350
259.6042,1788885571.6276,10,589.15,17656.26,18245.41,1528.0,19846.8,43406.6,0.0,9754.332,348.517,306.120,2875:12;2898:2428;2899:2163;2900:2546;2901:2340;2902:2034;2903:1536;2904:2213;2905:2385
259.7253,1788885571.7487,10,589.17,17697.24,18286.41,1549.0,19986.8,43266.7,0.0,9766.320,348.698,306.120,2875:12;2898:2467;2899:2222;2900:2531;2901:2288;2902:2066;2903:1475;2904:2261;2905:2376
259.8580,1788885571.8814,10,589.29,17884.62,18473.91,1538.8,20166.5,43087.0,0.0,9780.800,348.882,306.120,2875:12;2898:2510;2899:2299;2900:2484;2901:2242;2902:2112;2903:1558;2904:2304;2905:2364
259.9896,1788885572.0130,10,589.30,18023.08,18612.38,1614.4,20241.3,43012.2,0.0,9784.578,348.986,306.120,2875:12;2898:2507;2899:2355;2900:2496;2901:2226;2902:2188;2903:1651;2904:2280;2905:2309
260.1072,1788885572.1305,10,589.33,18191.31,18780.64,1534.9,20452.3,42801.2,0.0,9801.075,349.194,306.120,2875:12;2898:2515;2899:2364;2900:2547;2901:2302;2902:2193;2903:1654;2904:2277;2905:2327
260.2401,1788885572.2634,10,589.34,18360.62,18949.96,1536.1,20614.8,42638.6,0.0,9809.618,349.338,306.120,2875:12;2898:2429;2899:2380;2900:2603;2901:2349;2902:2347;2903:1641;2904:2267;2905:2332
260.3525,1788885572.3759,10,589.36,18444.78,19034.13,1569.4,20611.5,42642.0,0.0,9823.586,349.498,306.120,2875:12;2898:2309;2899:2376;2900:2675;2901:2448;2902:2384;2903:1575;2904:2313;2905:2353
260.4791,1788885572.5025,10,589.38,18545.82,19135.19,1576.6,20758.0,42495.4,0.0,9835.399,349.651,306.120,2875:12;2898:2339;2899:2300;2900:2667;2901:2512;2902:2411;2903:1567;2904:2372;2905:2365
260.6015,1788885572.6249,10,589.43,18878.34,19467.77,1532.6,20880.5,42373.0,0.0,9847.957,349.807,306.120,2875:12;2898:2417;2899:2277;2900:2680;2901:2551;2902:2430;2903:1637;2904:2375;2905:2498
260.7381,1788885572.7614,10,589.44,19351.78,19941.22,1560.9,21252.9,42000.6,0.0,9864.144,349.991,306.120,2875:12;2898:2541;2899:2293;2900:2806;2901:2567;2902:2518;2903:1778;2904:2336;2905:2500
260.8712,1788885572.8946,10,589.45,19490.29,20079.73,1516.0,21397.4,41856.0,0.0,9878.448,350.095,306.120,2875:12;2898:2521;2899:2308;2900:2795;2901:2660;2902:2565;2903:1819;2904:2344;2905:2466
260.9811,1788885573.0044,10,589.46,19587.53,20176.98,1551.4,21553.0,41700.5,0.0,9887.450,350.181,306.120,2875:12;2898:2522;2899:2295;2900:2839;2901:2673;2902:2625;2903:1671;2904:2352;2905:2598
261.0914,1788885573.1148,10,589.50,19622.92,20212.42,1550.3,21816.6,41436.8,0.0,9896.836,350.335,306.120,2875:12;2898:2486;2899:2310;2900:2870;2901:2748;2902:2691;2903:1620;2904:2401;2905:2484
261.2059,1788885573.2293,10,589.52,19979.26,20568.78,1544.0,22232.6,41020.9,0.0,9914.457,350.480,306.120,2875:12;2898:2383;2899:2343;2900:2995;2901:3115;2902:2663;2903:1624;2904:2443;2905:2401
261.3251,1788885573.3485,10,589.54,19925.27,20514.80,1580.2,22101.5,41152.0,0.0,9922.592,350.615,306.120,2875:12;2898:2396;2899:2330;2900:3096;2901:3133;2902:2667;2903:1631;2904:2386;2905:2273
261.4387,1788885573.4621,10,589.55,19895.46,20485.01,1481.0,22183.5,41070.0,0.0,9943.266,350.781,306.120,2875:12;2898:2435;2899:2296;2900:3045;2901:3137;2902:2687;2903:1645;2904:2366;2905:2272
261.5472,1788885573.5705,10,589.56,20081.14,20670.70,1565.2,22425.7,40827.8,0.0,9950.431,350.912,306.120,2875:12;2898:2477;2899:2282;2900:3139;2901:3139;2902:2696;2903:1686;2904:2356;2905:2294
261.6571,1788885573.6804,10,589.62,20600.02,21189.63,1563.8,22854.3,40399.1,0.0,9967.759,351.077,306.120,2875:12;2898:2509;2899:2403;2900:3364;2901:3200;2902:2703;2903:1728;2904:2350;2905:2331
261.7719,1788885573.7953,10,589.64,20704.32,21293.95,1566.8,23146.9,40106.6,0.0,9974.855,351.158,306.120,2875:12;2898:2551;2899:2465;2900:3408;2901:3137;2902:2685;2903:1765;2904:2410;2905:2271
261.8911,1788885573.9144,10,589.66,20503.01,21092.67,1569.0,23281.4,39972.1,0.0,9984.164,351.230,306.120,2875:12;2898:2677;2899:2468;2900:3374;2901:2842;2902:2680;2903:1720;2904:2420;2905:2310
262.0104,1788885574.0338,10,589.71,20263.19,20852.90,1552.8,23451.2,39802.3,0.0,9999.791,351.384,306.120,2875:12;2898:2672;2899:2412;2900:3395;2901:2656;2902:2655;2903:1846;2904:2408;2905:2207
262.1290,1788885574.1524,10,589.88,20259.53,20849.41,1590.5,23353.1,39900.4,0.0,10004.588,351.487,306.120,2875:12;2898:2592;2899:2508;2900:3285;2901:2567;2902:2868;2903:1825;2904:2425;2905:2179
262.2460,1788885574.2694,10,590.01,19981.79,20571.80,1572.6,23089.4,40164.1,0.0,10018.017,351.565,306.120,2875:12;2898:2508;2899:2202;2900:3291;2901:2548;2902:2909;2903:1771;2904:2450;2905:2290
262.3656,1788885574.3890,10,590.09,19914.45,20504.54,1580.8,23229.1,40024.3,0.0,10027.792,351.668,306.120,2875:12;2898:2468;2899:2133;2900:3045;2901:2673;2902:2798;2903:1877;2904:2476;2905:2431
262.4880,1788885574.5114,10,590.21,19234.20,19824.41,1585.7,22901.7,40351.8,0.0,10038.861,351.744,306.120,2875:12;2898:2369;2899:2172;2900:2814;2901:2419;2902:2804;2903:1897;2904:2465;2905:2283
262.6146,1788885574.6380,10,590.43,19420.66,20011.09,1564.3,22916.8,40336.6,0.0,10049.675,351.836,306.120,2875:12;2898:2328;2899:2228;2900:3017;2901:2403;2902:2748;2903:1884;2904:2448;2905:2352
262.7333,1788885574.7567,10,590.54,19232.03,19822.57,1529.7,22704.9,40548.6,0.0,10060.003,351.957,306.120,2875:12;2898:2341;2899:2048;2900:2947;2901:2413;2902:2786;2903:1782;2904:2419;2905:2483
262.8531,1788885574.8765,10,590.76,18361.00,18951.75,1560.6,22266.9,40986.6,0.0,10067.618,352.021,306.120,2875:12;2898:2217;2899:2046;2900:2527;2901:2370;2902:2867;2903:1797;2904:2247;2905:2278
262.9673,1788885574.9906,10,591.03,18134.64,18725.67,1509.7,22083.1,41170.3,0.0,10079.368,352.084,306.120,2875:12;2898:2185;2899:2181;2900:2566;2901:2253;2902:2638;2903:1793;2904:2262;2905:2245
263.0781,1788885575.1014,10,591.39,18281.44,18872.83,1468.2,21925.6,41327.9,0.0,10084.217,352.191,306.120,2875:12;2898:2139;2899:2196;2900:2597;2901:2302;2902:2690;2903:1856;2904:2271;2905:2218
263.1927,1788885575.2161,10,591.71,18286.04,18877.75,1476.8,21710.6,41542.9,0.0,10092.400,352.244,306.120,2875:12;2898:2130;2899:2415;2900:2600;2901:2320;2902:2458;2903:1824;2904:2276;2905:2251
263.3003,1788885575.3237,10,592.01,18301.68,18893.70,1501.1,21954.9,41298.5,0.0,10095.435,352.246,306.120,2875:12;2898:2224;2899:2217;2900:2589;2901:2292;2902:2497;2903:1763;2904:2306;2905:2402
263.4087,1788885575.4321,10,592.47,18141.62,18734.09,1460.6,21943.0,41310.4,0.0,10097.556,352.264,306.120,2875:12;2898:2129;2899:2345;2900:2613;2901:2325;2902:2468;2903:1794;2904:2302;2905:2154
263.5164,1788885575.5398,10,592.98,17353.00,17945.98,1405.2,21484.1,41769.3,0.0,10099.709,352.285,306.120,2875:12;2898:1895;2899:1959;2900:2603;2901:2318;2902:2412;2903:1741;2904:2293;2905:2118
263.6260,1788885575.6494,10,593.46,17338.03,17931.49,1352.8,21319.7,41933.8,0.0,10100.143,352.361,306.120,2875:12;2898:1877;2899:1952;2900:2599;2901:2335;2902:2342;2903:1743;2904:2348;2905:2130
263.7332,1788885575.7566,10,593.48,17400.00,17993.48,1199.9,21346.8,41906.7,0.0,10101.722,352.642,306.120,2875:12;2898:1888;2899:1959;2900:2588;2901:2346;2902:2357;2903:1752;2904:2357;2905:2140
263.8390,1788885575.8624,10,593.50,17461.00,18054.50,1242.5,21357.3,41896.2,0.0,10115.378,352.897,306.120,2875:12;2898:1898;2899:1968;2900:2594;2901:2358;2902:2359;2903:1762;2904:2352;2905:2158
263.9460,1788885575.9694,10,593.50,17496.90,18090.40,1042.6,21370.8,41882.7,0.0,10119.720,353.217,306.120,2875:12;2898:1901;2899:1973;2900:2602;2901:2353;2902:2366;2903:1770;2904:2355;2905:2164
264.0534,1788885576.0768,10,593.51,17585.72,18179.23,1253.2,21381.9,41871.6,0.0,10129.256,353.455,306.120,2875:12;2898:1927;2899:1979;2900:2624;2901:2365;2902:2369;2903:1779;2904:2363;2905:2168
264.1604,1788885576.1838,10,593.51,17602.70,18196.21,1010.0,21397.6,41855.9,0.0,10132.537,353.762,306.120,2875:12;2898:1937;2899:1982;2900:2615;2901:2363;2902:2376;2903:1785;2904:2359;2905:2172
264.2651,1788885576.2884,10,593.51,17647.72,18241.23,1347.7,21417.4,41836.1,0.0,10145.145,354.054,306.120,2875:12;2898:1935;2899:1991;2900:2623;2901:2375;2902:2386;2903:1788;2904:2361;2905:2175
264.3724,1788885576.3957,10,593.51,17733.08,18326.59,953.2,21429.2,41824.2,0.0,10159.683,354.354,306.120,2875:12;2898:1946;2899:2004;2900:2642;2901:2386;2902:2390;2903:1799;2904:2367;2905:2187
264.4792,1788885576.5026,10,593.51,17750.05,18343.56,1112.8,21446.6,41806.9,0.0,10164.733,354.675,306.120,2875:12;2898:1947;2899:2009;2900:2646;2901:2383;2902:2399;2903:1798;2904:2365;2905:2191
264.5860,1788885576.6094,10,593.64,17830.55,18424.20,1321.6,21466.4,41787.1,0.0,10176.492,354.887,306.120,2875:12;2898:2020;2899:2009;2900:2649;2901:2387;2902:2402;2903:1784;2904:2372;2905:2195
264.6968,1788885576.7202,10,593.87,17672.33,18266.20,1221.2,21406.3,41847.2,0.0,10186.729,355.163,306.120,2875:12;2898:1965;2899:2009;2900:2624;2901:2386;2902:2403;2903:1698;2904:2377;2905:2199
264.8040,1788885576.8273,10,594.04,17627.80,18221.84,1420.0,21426.6,41826.8,0.0,10203.241,355.376,306.120,2875:12;2898:1963;2899:2017;2900:2619;2901:2349;2902:2401;2903:1704;2904:2371;2905:2191
264.9100,1788885576.9334,10,594.14,17703.84,18297.98,1232.9,21431.8,41821.7,0.0,10223.371,355.726,306.120,2875:12;2898:1969;2899:2030;2900:2626;2901:2360;2902:2408;2903:1712;2904:2386;2905:2200
265.0233,1788885577.0467,10,594.14,17745.68,18339.82,1341.4,21392.5,41861.0,0.0,10243.423,356.045,306.120,2875:12;2898:1975;2899:2036;2900:2629;2901:2370;2902:2411;2903:1719;2904:2390;2905:2202
265.1303,1788885577.1536,10,594.14,17779.91,18374.05,944.8,21386.2,41867.3,0.0,10255.146,356.404,306.120,2875:12;2898:1978;2899:2038;2900:2633;2901:2377;2902:2414;2903:1719;2904:2398;2905:2211
265.2380,1788885577.2614,10,594.14,17823.34,18417.48,1317.2,21392.2,41861.3,0.0,10277.583,356.689,306.120,2875:12;2898:1984;2899:2044;2900:2635;2901:2384;2902:2417;2903:1730;2904:2397;2905:2219
265.3449,1788885577.3683,10,594.15,17893.26,18487.41,1088.2,21406.8,41846.6,0.0,10290.416,356.989,306.120,2875:12;2898:1992;2899:2054;2900:2640;2901:2393;2902:2410;2903:1736;2904:2429;2905:2227
265.4529,1788885577.4763,10,594.19,18067.48,18661.68,1470.8,21436.8,41816.7,0.0,10310.084,357.259,306.120,2875:12;2898:2016;2899:2078;2900:2737;2901:2393;2902:2414;2903:1730;2904:2444;2905:2242
265.5744,1788885577.5978,10,594.30,18230.93,18825.23,1559.9,21510.4,41743.1,0.0,10314.670,357.448,306.120,2875:12;2898:2005;2899:2130;2900:2706;2901:2462;2902:2483;2903:1758;2904:2434;2905:2241
265.6820,1788885577.7054,10,594.31,18321.47,18915.78,1513.8,21507.9,41745.6,0.0,10320.851,357.731,306.120,2875:12;2898:2015;2899:2067;2900:2694;2901:2552;2902:2566;2903:1759;2904:2418;2905:2239
265.7904,1788885577.8138,10,594.41,18232.54,18826.95,1492.0,21503.1,41750.4,0.0,10336.413,357.910,306.120,2875:12;2898:2000;2899:2056;2900:2702;2901:2453;2902:2480;2903:1798;2904:2425;2905:2308
265.8975,1788885577.9209,10,594.62,18276.38,18871.00,1433.4,21485.4,41768.1,0.0,10340.586,358.125,306.120,2875:12;2898:2011;2899:2062;2900:2704;2901:2512;2902:2495;2903:1750;2904:2426;2905:2305
266.0030,1788885578.0264,10,594.73,18430.14,19024.87,1436.0,21495.3,41758.2,0.0,10346.470,358.362,306.120,2875:12;2898:2016;2899:2124;2900:2748;2901:2575;2902:2501;2903:1738;2904:2442;2905:2274
266.1138,1788885578.1371,10,594.77,18316.21,18910.98,1412.5,21437.9,41815.5,0.0,10364.229,358.568,306.120,2875:12;2898:2004;2899:2080;2900:2694;2901:2503;2902:2569;2903:1742;2904:2452;2905:2261
266.2225,1788885578.2459,10,594.92,18318.72,18913.64,1281.5,21426.6,41826.8,0.0,10378.819,358.875,306.120,2875:12;2898:2005;2899:2095;2900:2712;2901:2505;2902:2517;2903:1741;2904:2459;2905:2272
266.3294,1788885578.3528,10,594.92,18360.43,18955.35,1057.7,21449.8,41803.7,0.0,10390.284,359.153,306.120,2875:12;2898:2011;2899:2099;2900:2719;2901:2515;2902:2518;2903:1743;2904:2462;2905:2280
266.4362,1788885578.4596,10,594.93,18434.64,19029.57,1217.3,21461.5,41792.0,0.0,10414.603,359.398,306.120,2875:12;2898:2015;2899:2107;2900:2723;2901:2529;2902:2533;2903:1745;2904:2474;2905:2298
266.5444,1788885578.5678,10,594.98,18469.88,19064.86,886.3,21477.3,41776.2,0.0,10430.221,359.736,306.120,2875:12;2898:2024;2899:2113;2900:2727;2901:2529;2902:2531;2903:1756;2904:2480;2905:2299
266.6520,1788885578.6754,10,594.99,18503.61,19098.60,1226.7,21481.5,41771.9,0.0,10445.841,360.062,306.120,2875:12;2898:2026;2899:2121;2900:2730;2901:2537;2902:2536;2903:1757;2904:2480;2905:2304
266.7580,1788885578.7814,10,594.99,18575.14,19170.13,1111.7,21494.1,41759.4,0.0,10471.467,360.308,306.120,2875:12;2898:2033;2899:2125;2900:2741;2901:2544;2902:2550;2903:1764;2904:2488;2905:2319
266.8705,1788885578.8939,10,594.99,18609.80,19204.79,1107.0,21522.4,41731.1,0.0,10491.267,360.668,306.120,2875:12;2898:2045;2899:2128;2900:2738;2901:2549;2902:2553;2903:1771;2904:2493;2905:2322
266.9778,1788885579.0012,10,594.99,18628.54,19223.54,1220.8,21542.3,41711.2,0.0,10504.484,360.944,306.120,2875:12;2898:2042;2899:2133;2900:2738;2901:2552;2902:2555;2903:1772;2904:2494;2905:2331
267.0825,1788885579.1059,10,595.02,18765.12,19360.13,1305.2,21550.3,41703.1,0.0,10527.843,361.162,306.120,2875:12;2898:2052;2899:2165;2900:2779;2901:2554;2902:2562;2903:1781;2904:2494;2905:2366
267.1920,1788885579.2154,10,595.19,18793.57,19388.77,1404.2,21496.9,41756.6,0.0,10548.139,361.397,306.120,2875:12;2898:2059;2899:2193;2900:2784;2901:2563;2902:2561;2903:1777;2904:2483;2905:2361
267.2998,1788885579.3232,10,595.23,19007.60,19602.83,1320.0,21681.9,41571.6,0.0,10567.094,361.558,306.120,2875:12;2898:2038;2899:2256;2900:2772;2901:2570;2902:2565;2903:1851;2904:2489;2905:2454
267.4102,1788885579.4336,10,595.28,18869.05,19464.32,1271.0,21670.4,41583.1,0.0,10589.437,361.830,306.120,2875:12;2898:2047;2899:2212;2900:2738;2901:2582;2902:2574;2903:1814;2904:2477;2905:2412
267.5190,1788885579.5424,10,595.36,18879.25,19474.61,1150.5,21712.5,41541.0,0.0,10611.124,362.078,306.120,2875:12;2898:2032;2899:2216;2900:2738;2901:2588;2902:2575;2903:1807;2904:2476;2905:2434
267.6237,1788885579.6471,10,595.39,19095.63,19691.02,1140.0,21767.6,41485.9,0.0,10632.796,362.311,306.120,2875:12;2898:2047;2899:2226;2900:2748;2901:2695;2902:2634;2903:1813;2904:2485;2905:2435
267.7310,1788885579.7544,10,595.47,19188.52,19783.99,1543.4,21960.9,41292.6,0.0,10648.087,362.407,306.120,2875:12;2898:2164;2899:2281;2900:2745;2901:2624;2902:2593;2903:1848;2904:2473;2905:2448
267.8390,1788885579.8624,10,595.61,19265.79,19861.40,1402.2,21969.9,41283.6,0.0,10669.674,362.668,306.120,2875:12;2898:2051;2899:2374;2900:2743;2901:2637;2902:2678;2903:1868;2904:2454;2905:2448
267.9550,1788885579.9784,10,595.86,19225.12,19820.98,1475.5,21828.7,41424.8,0.0,10674.102,362.849,306.120,2875:12;2898:2065;2899:2298;2900:2743;2901:2663;2902:2607;2903:1868;2904:2428;2905:2540
268.0701,1788885580.0935,10,596.12,19252.38,19848.50,1502.2,21801.6,41451.8,0.0,10689.535,363.024,306.120,2875:12;2898:2098;2899:2283;2900:2734;2901:2662;2902:2611;2903:1896;2904:2425;2905:2531
268.1830,1788885580.2064,10,596.34,19374.98,19971.33,1388.9,21775.9,41477.6,0.0,10698.303,363.276,306.120,2875:12;2898:2082;2899:2288;2900:2737;2901:2710;2902:2620;2903:1901;2904:2422;2905:2603
268.2928,1788885580.3162,10,596.51,19417.90,20014.41,1503.6,21778.6,41474.8,0.0,10710.857,363.497,306.120,2875:12;2898:2092;2899:2295;2900:2743;2901:2764;2902:2638;2903:1892;2904:2405;2905:2577
268.4005,1788885580.4238,10,596.71,19365.71,19962.41,1356.4,21889.5,41364.0,0.0,10724.866,363.727,306.120,2875:12;2898:2058;2899:2303;2900:2748;2901:2720;2902:2653;2903:1896;2904:2412;2905:2563
268.5132,1788885580.5366,10,596.89,19505.32,20102.21,1381.1,22018.0,41235.5,0.0,10730.989,363.983,306.120,2875:12;2898:2067;2899:2309;2900:2743;2901:2798;2902:2662;2903:1898;2904:2406;2905:2611
268.6233,1788885580.6467,10,597.12,19456.09,20053.22,1411.3,21928.9,41324.5,0.0,10735.989,364.182,306.120,2875:12;2898:2067;2899:2314;2900:2736;2901:2772;2902:2669;2903:1905;2904:2406;2905:2575
268.7301,1788885580.7535,10,597.45,19527.89,20125.33,1319.0,21964.6,41288.8,0.0,10738.793,364.430,306.120,2875:12;2898:2073;2899:2320;2900:2734;2901:2766;2902:2678;2903:1906;2904:2416;2905:2622
268.8409,1788885580.8643,10,597.60,19534.11,20131.71,1382.0,21993.9,41259.5,0.0,10748.460,364.677,306.120,2875:12;2898:2075;2899:2315;2900:2735;2901:2778;2902:2668;2903:1908;2904:2415;2905:2627
268.9528,1788885580.9762,10,598.01,19564.50,20162.51,1428.5,22010.9,41242.6,0.0,10759.790,364.825,306.120,2875:12;2898:2074;2899:2318;2900:2735;2901:2800;2902:2678;2903:1907;2904:2414;2905:2626
269.0600,1788885581.0834,10,598.24,19594.09,20192.34,1049.2,22024.5,41229.0,0.0,10760.966,365.063,306.120,2875:12;2898:2083;2899:2327;2900:2733;2901:2820;2902:2683;2903:1903;2904:2411;2905:2622
269.1650,1788885581.1884,10,598.30,19710.05,20308.35,1202.5,22073.5,41179.9,0.0,10773.698,365.274,306.120,2875:12;2898:2087;2899:2340;2900:2760;2901:2845;2902:2691;2903:1905;2904:2437;2905:2633
269.2720,1788885581.2954,10,598.46,20030.61,20629.07,1454.7,22277.8,40975.7,0.0,10775.993,365.479,306.120,2875:12;2898:2074;2899:2357;2900:2961;2901:2854;2902:2701;2903:1943;2904:2500;2905:2628
269.3869,1788885581.4103,10,598.59,20695.05,21293.64,1539.3,22533.1,40720.4,0.0,10779.007,365.614,306.120,2875:12;2898:2115;2899:2559;2900:3017;2901:2874;2902:2726;2903:2103;2904:2641;2905:2647
269.5265,1788885581.5499,10,598.62,20540.70,21139.32,1552.5,22599.1,40654.3,0.0,10782.027,365.772,306.120,2875:12;2898:2060;2899:2532;2900:3072;2901:2877;2902:2707;2903:2063;2904:2552;2905:2665
269.6455,1788885581.6689,10,598.74,20593.73,21192.47,1527.5,22677.6,40575.9,0.0,10783.893,365.933,306.120,2875:12;2898:2064;2899:2509;2900:3060;2901:2919;2902:2737;2903:2015;2904:2615;2905:2663
269.7558,1788885581.7792,10,598.76,21129.01,21727.77,1570.0,23056.6,40196.9,0.0,10787.452,366.050,306.120,2875:12;2898:2068;2899:2612;2900:3084;2901:3016;2902:2764;2903:2138;2904:2682;2905:2753
269.8720,1788885581.8954,10,598.77,21450.00,22048.77,1551.1,23253.2,40000.3,0.0,10789.995,366.196,306.120,2875:12;2898:2095;2899:2668;2900:3085;2901:3042;2902:2788;2903:2169;2904:2733;2905:2858
269.9951,1788885582.0185,10,598.81,21673.48,22272.29,1576.8,23418.2,39835.2,0.0,10792.816,366.347,306.120,2875:12;2898:2149;2899:2695;2900:3141;2901:3051;2902:2807;2903:2139;2904:2783;2905:2895
270.1151,1788885582.1384,10,598.84,21866.98,22465.82,1559.6,23654.5,39598.9,0.0,10795.802,366.461,306.120,2875:12;2898:2152;2899:2693;2900:3179;2901:3072;2902:2811;2903:2185;2904:2787;2905:2976
270.2260,1788885582.2494,10,598.88,21712.75,22311.62,1542.2,23746.5,39507.0,0.0,10798.920,366.549,306.120,2875:12;2898:2065;2899:2630;2900:3150;2901:3123;2902:2830;2903:2225;2904:2703;2905:2974
270.3451,1788885582.3684,10,598.90,21989.99,22588.89,1563.9,23945.4,39308.1,0.0,10800.670,366.679,306.120,2875:12;2898:2065;2899:2772;2900:3205;2901:3180;2902:2878;2903:2228;2904:2735;2905:2914
270.4614,1788885582.4847,10,599.03,21917.22,22516.25,1515.2,24014.3,39239.2,0.0,10804.958,366.752,306.120,2875:12;2898:2076;2899:2647;2900:3184;2901:3214;2902:2876;2903:2210;2904:2849;2905:2848
270.5743,1788885582.5977,10,599.15,22574.65,23173.80,1533.9,24474.3,38779.2,0.0,10807.854,366.842,306.120,2875:12;2898:2076;2899:2676;2900:3204;2901:3390;2902:3142;2903:2369;2904:2874;2905:2831
270.6899,1788885582.7133,10,599.27,22704.75,23304.02,1578.5,24714.9,38538.6,0.0,10812.485,366.907,306.120,2875:12;2898:2073;2899:2747;2900:3260;2901:3560;2902:3045;2903:2323;2904:2803;2905:2881
270.8120,1788885582.8354,10,599.37,23114.96,23714.33,1588.9,25099.4,38154.1,0.0,10814.177,366.942,306.120,2875:12;2898:2162;2899:2855;2900:3307;2901:3570;2902:2981;2903:2421;2904:2867;2905:2939
270.9420,1788885582.9654,10,599.43,23530.84,24130.28,1594.5,25611.3,37642.1,0.0,10815.799,366.982,306.120,2875:12;2898:2184;2899:3051;2900:3369;2901:3595;2902:2967;2903:2342;2904:2894;2905:3116
271.0596,1788885583.0830,10,599.51,23477.00,24076.50,1569.6,25377.3,37876.2,0.0,10819.202,367.052,306.120,2875:12;2898:2130;2899:2986;2900:3231;2901:3612;2902:2929;2903:2339;2904:2988;2905:3249
271.1800,1788885583.2034,10,599.74,23616.28,24216.02,1519.4,25712.4,37541.1,0.0,10820.808,367.097,306.120,2875:12;2898:2063;2899:2919;2900:3286;2901:3590;2902:2977;2903:2322;2904:3142;2905:3305
271.2871,1788885583.3105,10,599.76,23316.25,23916.01,1550.2,25769.6,37483.9,0.0,10825.270,367.146,306.120,2875:12;2898:2112;2899:2889;2900:3284;2901:3564;2902:2721;2903:2406;2904:3043;2905:3286
271.3975,1788885583.4209,10,599.90,22744.77,23344.67,1529.7,25182.4,38071.1,0.0,10826.841,367.189,306.120,2875:12;2898:2061;2899:2739;2900:3008;2901:3677;2902:2679;2903:2182;2904:3058;2905:3329
271.5060,1788885583.5293,10,600.25,22694.29,23294.54,1493.1,25273.5,37979.9,0.0,10831.048,367.232,306.120,2875:12;2898:2008;2899:2684;2900:2983;2901:3746;2902:2642;2903:2171;2904:3046;2905:3402
271.6320,1788885583.6554,10,600.63,23026.81,23627.45,1499.9,25526.9,37726.5,0.0,10833.324,367.297,306.120,2875:12;2898:1996;2899:2863;2900:3005;2901:3884;2902:2621;2903:2291;2904:2996;2905:3359
271.7465,1788885583.7698,10,600.77,22062.28,22663.04,1413.8,25216.3,38037.2,0.0,10837.798,367.359,306.120,2875:12;2898:1990;2899:2882;2900:2990;2901:3461;2902:2556;2903:1973;2904:2847;2905:3352
271.8576,1788885583.8810,10,600.91,22242.38,22843.29,1456.6,25352.0,37901.4,0.0,10840.812,367.430,306.120,2875:12;2898:2031;2899:2889;2900:2992;2901:3580;2902:2576;2903:1937;2904:2855;2905:3369
271.9648,1788885583.9881,10,600.98,22432.14,23033.13,1501.2,25400.1,37853.4,0.0,10843.893,367.523,306.120,2875:12;2898:2065;2899:2890;2900:3000;2901:3532;2902:2564;2903:1944;2904:2875;2905:3550
272.0710,1788885584.0944,10,601.11,21942.25,22543.36,1477.0,25087.3,38166.2,0.0,10844.972,367.656,306.120,2875:12;2898:2209;2899:2873;2900:3004;2901:3327;2902:2556;2903:1903;2904:2888;2905:3171
272.1890,1788885584.2124,10,601.29,21609.11,22210.40,1511.2,24742.1,38511.3,0.0,10850.408,367.766,306.120,2875:12;2898:2163;2899:3050;2900:3076;2901:3158;2902:2553;2903:1882;2904:2886;2905:2829
272.2971,1788885584.3205,10,601.49,21306.77,21908.26,1475.4,24354.5,38899.0,0.0,10852.700,367.888,306.120,2875:12;2898:2107;2899:2832;2900:3131;2901:3059;2902:2563;2903:1855;2904:2900;2905:2848
272.4070,1788885584.4304,10,601.70,21061.00,21662.71,1353.3,24196.1,39057.3,0.0,10857.231,368.015,306.120,2875:12;2898:2166;2899:2836;2900:3157;2901:3035;2902:2558;2903:1838;2904:2900;2905:2559
272.5141,1788885584.5375,10,601.90,21016.04,21617.95,1110.8,24390.9,38862.5,0.0,10860.385,368.178,306.120,2875:12;2898:2312;2899:2724;2900:3097;2901:2891;2902:2683;2903:1831;2904:2908;2905:2557
272.6194,1788885584.6428,10,601.96,21230.64,21832.60,1013.8,24698.4,38555.1,0.0,10864.239,368.370,306.120,2875:12;2898:2191;2899:2735;2900:3097;2901:3019;2902:2860;2903:1839;2904:2910;2905:2568
272.7257,1788885584.7490,10,601.97,20583.09,21185.06,1126.7,24789.2,38464.3,0.0,10869.860,368.644,306.120,2875:12;2898:2100;2899:2604;2900:3032;2901:2909;2902:2592;2903:1841;2904:2920;2905:2573
272.8324,1788885584.8558,10,601.99,20726.20,21328.20,923.8,24842.2,38411.3,0.0,10874.911,368.857,306.120,2875:12;2898:2085;2899:2697;2900:2990;2901:2934;2902:2637;2903:1848;2904:2935;2905:2588
272.9398,1788885584.9631,10,602.05,20981.06,21583.11,1455.8,24769.8,38483.7,0.0,10879.918,369.086,306.120,2875:12;2898:2077;2899:2660;2900:2996;2901:3231;2902:2637;2903:1836;2904:2932;2905:2599
273.0478,1788885585.0712,10,602.09,20788.79,21390.89,1134.9,24503.7,38749.8,0.0,10883.766,369.319,306.120,2875:12;2898:2048;2899:2705;2900:2994;2901:3024;2902:2616;2903:1838;2904:2945;2905:2606
273.1550,1788885585.1784,10,602.18,20610.34,21212.52,1016.6,24508.3,38745.1,0.0,10891.398,369.563,306.120,2875:12;2898:2053;2899:2682;2900:2999;2901:2862;2902:2600;2903:1827;2904:2954;2905:2622
273.2663,1788885585.2896,10,602.20,20650.39,21252.60,598.1,24531.8,38721.6,0.0,10892.430,369.849,306.120,2875:12;2898:2060;2899:2685;2900:3004;2901:2860;2902:2604;2903:1834;2904:2960;2905:2631
273.3731,1788885585.3965,10,602.21,20680.29,21282.50,629.6,24551.7,38701.7,0.0,10899.614,370.056,306.120,2875:12;2898:2067;2899:2689;2900:3010;2901:2867;2902:2609;2903:1841;2904:2959;2905:2626
273.4777,1788885585.5011,10,602.21,20716.35,21318.56,473.4,24567.4,38686.1,0.0,10906.794,370.277,306.120,2875:12;2898:2075;2899:2691;2900:3017;2901:2871;2902:2613;2903:1845;2904:2963;2905:2628
273.5860,1788885585.6094,10,602.34,20950.56,21552.90,874.9,24694.6,38558.9,0.0,10912.853,370.478,306.120,2875:12;2898:2079;2899:2824;2900:3019;2901:2875;2902:2618;2903:1908;2904:2978;2905:2637
273.6944,1788885585.7177,10,602.38,21012.47,21614.85,1129.9,24707.5,38546.0,0.0,10918.811,370.647,306.120,2875:12;2898:2108;2899:2735;2900:3024;2901:2886;2902:2604;2903:1880;2904:3020;2905:2743
273.8014,1788885585.8248,10,602.45,20902.89,21505.34,810.2,24594.5,38659.0,0.0,10923.108,370.871,306.120,2875:12;2898:2100;2899:2741;2900:3025;2901:2893;2902:2609;2903:1849;2904:3000;2905:2674
273.9076,1788885585.9310,10,602.46,21011.87,21614.32,669.6,24678.2,38575.3,0.0,10932.689,371.060,306.120,2875:12;2898:2168;2899:2748;2900:3027;2901:2894;2902:2610;2903:1858;2904:3006;2905:2687
274.0150,1788885586.0384,10,602.55,21013.80,21616.35,641.6,24630.3,38623.1,0.0,10938.639,371.312,306.120,2875:12;2898:2146;2899:2760;2900:3031;2901:2908;2902:2616;2903:1854;2904:2988;2905:2699
274.1215,1788885586.1449,10,602.55,21062.29,21664.84,781.8,24630.6,38622.9,0.0,10947.454,371.519,306.120,2875:12;2898:2153;2899:2771;2900:3035;2901:2914;2902:2627;2903:1858;2904:2988;2905:2704
274.2285,1788885586.2518,10,602.55,21128.64,21731.19,810.1,24666.9,38586.6,0.0,10954.129,371.830,306.120,2875:12;2898:2179;2899:2776;2900:3042;2901:2921;2902:2631;2903:1866;2904:2989;2905:2713
274.3332,1788885586.3565,10,602.56,21233.36,21835.92,848.7,24690.9,38562.6,0.0,10959.120,372.116,306.120,2875:12;2898:2250;2899:2788;2900:3040;2901:2923;2902:2632;2903:1871;2904:2991;2905:2726
274.4430,1788885586.4664,10,602.61,21339.65,21942.26,1080.5,24627.7,38625.8,0.0,10966.658,372.352,306.120,2875:12;2898:2222;2899:2798;2900:3071;2901:2932;2902:2637;2903:1875;2904:3025;2905:2767
274.5520,1788885586.5754,10,602.78,21598.50,22201.28,1477.3,24798.1,38455.4,0.0,10973.744,372.548,306.120,2875:12;2898:2248;2899:2838;2900:3115;2901:2946;2902:2694;2903:1901;2904:3063;2905:2781
274.6698,1788885586.6932,10,602.92,21496.36,22099.29,1414.8,24746.0,38507.4,0.0,10976.245,372.778,306.120,2875:12;2898:2251;2899:2816;2900:3101;2901:2924;2902:2667;2903:1903;2904:3055;2905:2767
274.7767,1788885586.8001,10,602.95,21539.29,22142.24,1105.3,24887.9,38365.6,0.0,10986.199,373.007,306.120,2875:12;2898:2251;2899:2854;2900:3094;2901:2910;2902:2672;2903:1908;2904:3068;2905:2769
274.8835,1788885586.9069,10,602.95,21595.42,22198.36,1083.9,24871.6,38381.8,0.0,10995.393,373.343,306.120,2875:12;2898:2261;2899:2860;2900:3101;2901:2916;2902:2675;2903:1917;2904:3073;2905:2781
274.9904,1788885587.0138,10,602.95,21846.45,22449.40,894.6,25080.2,38173.3,0.0,11000.583,373.571,306.120,2875:12;2898:2294;2899:2864;2900:3099;2901:2922;2902:2682;2903:1921;2904:3072;2905:2981
275.0953,1788885587.1187,10,602.96,21583.77,22186.73,1061.5,24986.6,38266.9,0.0,11008.645,373.770,306.120,2875:12;2898:2261;2899:2872;2900:3065;2901:2921;2902:2688;2903:1901;2904:3071;2905:2794
275.1998,1788885587.2232,10,602.97,21626.91,22229.88,870.3,25013.1,38240.4,0.0,11015.816,374.052,306.120,2875:12;2898:2271;2899:2879;2900:3075;2901:2929;2902:2694;2903:1906;2904:3072;2905:2787
275.3044,1788885587.3278,10,602.97,21687.07,22290.04,772.7,25018.7,38234.8,0.0,11027.674,374.301,306.120,2875:12;2898:2280;2899:2894;2900:3088;2901:2932;2902:2702;2903:1911;2904:3073;2905:2795
275.4093,1788885587.4327,10,602.97,21726.65,22329.62,1054.8,25023.8,38229.7,0.0,11040.495,374.594,306.120,2875:12;2898:2285;2899:2897;2900:3093;2901:2939;2902:2703;2903:1919;2904:3074;2905:2804
275.5190,1788885587.5424,10,602.99,21968.12,22571.11,1364.6,25076.5,38177.0,0.0,11047.944,374.864,306.120,2875:12;2898:2292;2899:3006;2900:3091;2901:3012;2902:2738;2903:1927;2904:3075;2905:2816
275.6281,1788885587.6514,10,603.18,21845.71,22448.89,1314.1,25078.6,38174.9,0.0,11055.204,375.045,306.120,2875:12;2898:2295;2899:2909;2900:3103;2901:2975;2902:2739;2903:1918;2904:3076;2905:2818
275.7397,1788885587.7631,10,603.39,21937.50,22540.89,1079.7,25108.0,38145.5,0.0,11063.095,375.271,306.120,2875:12;2898:2301;2899:2965;2900:3100;2901:2990;2902:2749;2903:1921;2904:3081;2905:2818
275.8475,1788885587.8708,10,603.46,22029.62,22633.08,798.8,25139.1,38114.4,0.0,11073.235,375.527,306.120,2875:12;2898:2303;2899:2965;2900:3105;2901:2993;2902:2775;2903:1930;2904:3082;2905:2865
275.9537,1788885587.9771,10,603.60,22087.73,22691.33,1000.3,25218.4,38035.1,0.0,11081.894,375.745,306.120,2875:12;2898:2306;2899:2951;2900:3112;2901:2997;2902:2823;2903:1939;2904:3092;2905:2854
276.0584,1788885588.0818,10,603.77,22070.66,22674.44,841.4,25128.9,38124.5,0.0,11091.368,375.928,306.120,2875:12;2898:2309;2899:2955;2900:3120;2901:3003;2902:2773;2903:1945;2904:3097;2905:2855
276.1631,1788885588.1864,10,603.86,22184.13,22787.99,779.9,25086.0,38167.5,0.0,11100.201,376.090,306.120,2875:12;2898:2293;2899:2977;2900:3124;2901:3026;2902:2804;2903:1958;2904:3102;2905:2888
276.2710,1788885588.2944,10,604.14,22172.46,22776.61,1055.1,25065.7,38187.8,0.0,11110.575,376.243,306.120,2875:12;2898:2253;2899:2989;2900:3121;2901:3035;2902:2816;2903:1944;2904:3114;2905:2888
276.3778,1788885588.4012,10,604.15,22228.69,22832.84,794.1,25079.3,38174.2,0.0,11120.524,376.542,306.120,2875:12;2898:2261;2899:2999;2900:3131;2901:3041;2902:2823;2903:1952;2904:3113;2905:2896
276.4850,1788885588.5084,10,604.22,22407.25,23011.46,1322.4,25224.8,38028.6,0.0,11133.857,376.769,306.120,2875:12;2898:2309;2899:3007;2900:3147;2901:3107;2902:2834;2903:1964;2904:3114;2905:2913
276.5938,1788885588.6172,10,604.44,22491.36,23095.80,1493.6,25444.8,37808.7,0.0,11139.559,376.993,306.120,2875:12;2898:2384;2899:3009;2900:3133;2901:3073;2902:2835;2903:2002;2904:3131;2905:2912
276.7061,1788885588.7295,10,604.54,22566.64,23171.19,1454.0,25466.1,37787.4,0.0,11150.586,377.169,306.120,2875:12;2898:2362;2899:3015;2900:3125;2901:3061;2902:2903;2903:2057;2904:3165;2905:2867
276.8232,1788885588.8465,10,604.66,22718.28,23322.95,1461.9,25627.9,37625.6,0.0,11152.103,377.302,306.120,2875:12;2898:2408;2899:3010;2900:3175;2901:3070;2902:2905;2903:2019;2904:3177;2905:2943
276.9331,1788885588.9564,10,604.92,22655.98,23260.91,1430.6,25564.2,37689.2,0.0,11156.001,377.477,306.120,2875:12;2898:2429;2899:3012;2900:3190;2901:3057;2902:2841;2903:2031;2904:3185;2905:2900
277.0399,1788885589.0632,10,605.02,22593.52,23198.55,1189.2,25603.0,37650.5,0.0,11162.810,377.750,306.120,2875:12;2898:2443;2899:2996;2900:3155;2901:3059;2902:2838;2903:2042;2904:3194;2905:2855
277.1459,1788885589.1693,10,605.03,22660.88,23265.91,1010.6,25633.3,37620.2,0.0,11167.333,378.044,306.120,2875:12;2898:2447;2899:3005;2900:3181;2901:3064;2902:2841;2903:2045;2904:3198;2905:2867
277.2528,1788885589.2762,10,605.15,22706.80,23311.95,1146.1,25692.2,37561.3,0.0,11174.957,378.274,306.120,2875:12;2898:2443;2899:3006;2900:3171;2901:3072;2902:2847;2903:2059;2904:3211;2905:2885
277.3599,1788885589.3833,10,605.27,22745.45,23350.71,1215.0,25709.1,37544.4,0.0,11177.821,378.479,306.120,2875:12;2898:2447;2899:3029;2900:3174;2901:3072;2902:2850;2903:2053;2904:3214;2905:2894
277.4707,1788885589.4941,10,605.53,22821.95,23427.48,1220.2,25740.1,37513.4,0.0,11193.269,378.774,306.120,2875:12;2898:2450;2899:3020;2900:3185;2901:3072;2902:2880;2903:2071;2904:3230;2905:2902
277.5775,1788885589.6009,10,605.66,22812.72,23418.38,707.7,25755.4,37498.1,0.0,11196.359,379.001,306.120,2875:12;2898:2452;2899:3024;2900:3184;2901:3077;2902:2877;2903:2067;2904:3225;2905:2895
277.6820,1788885589.7054,10,605.66,22882.46,23488.12,691.5,25770.9,37482.6,0.0,11203.956,379.199,306.120,2875:12;2898:2470;2899:3027;2900:3186;2901:3085;2902:2883;2903:2084;2904:3236;2905:2899
277.7923,1788885589.8156,10,605.66,22891.05,23496.71,610.4,25779.3,37474.2,0.0,11205.417,379.410,306.120,2875:12;2898:2463;2899:3029;2900:3189;2901:3085;2902:2890;2903:2081;2904:3242;2905:2899
277.8968,1788885589.9201,10,605.68,22917.78,23523.45,906.3,25768.2,37485.3,0.0,11219.809,379.607,306.120,2875:12;2898:2465;2899:3032;2900:3195;2901:3088;2902:2892;2903:2084;2904:3241;2905:2907
278.0042,1788885590.0275,10,605.92,22935.25,23541.16,1242.0,25688.8,37564.7,0.0,11223.040,379.814,306.120,2875:12;2898:2455;2899:3079;2900:3225;2901:3080;2902:2923;2903:1991;2904:3269;2905:2902
278.1112,1788885590.1346,10,605.98,22961.83,23567.80,962.2,25687.6,37565.8,0.0,11236.764,380.009,306.120,2875:12;2898:2466;2899:3079;2900:3229;2901:3082;2902:2932;2903:1995;2904:3268;2905:2898
278.2182,1788885590.2416,10,606.01,22974.96,23580.97,683.1,25691.6,37561.9,0.0,11239.065,380.250,306.120,2875:12;2898:2468;2899:3080;2900:3230;2901:3085;2902:2931;2903:1992;2904:3270;2905:2907
278.3245,1788885590.3479,10,606.20,23242.04,23848.25,1255.2,25784.4,37469.1,0.0,11257.554,380.415,306.120,2875:12;2898:2474;2899:3189;2900:3240;2901:3113;2902:3011;2903:2008;2904:3288;2905:2908
278.4389,1788885590.4623,10,606.40,23533.31,24139.71,1457.0,25834.6,37418.9,0.0,11258.348,380.584,306.120,2875:12;2898:2479;2899:3332;2900:3254;2901:3121;2902:3017;2903:2019;2904:3305;2905:2994
278.5497,1788885590.5731,10,606.73,23224.88,23831.61,1438.3,25821.9,37431.6,0.0,11265.931,380.711,306.120,2875:12;2898:2448;2899:3194;2900:3278;2901:3109;2902:2975;2903:1983;2904:3329;2905:2897
278.6568,1788885590.6801,10,606.99,23297.30,23904.29,1384.5,25867.9,37385.5,0.0,11270.146,380.886,306.120,2875:12;2898:2436;2899:3214;2900:3302;2901:3110;2902:2994;2903:1982;2904:3358;2905:2890
278.7650,1788885590.7884,10,607.16,23233.83,23840.99,1266.1,25876.9,37376.6,0.0,11282.227,381.024,306.120,2875:12;2898:2431;2899:3231;2900:3293;2901:3098;2902:2976;2903:1983;2904:3346;2905:2864
278.8732,1788885590.8966,10,607.23,23273.37,23880.60,775.6,25885.5,37368.0,0.0,11289.435,381.298,306.120,2875:12;2898:2445;2899:3224;2900:3299;2901:3109;2902:2984;2903:1982;2904:3353;2905:2864
278.9802,1788885591.0035,10,607.23,23278.88,23886.11,604.7,25878.4,37375.1,0.0,11292.463,381.510,306.120,2875:12;2898:2444;2899:3226;2900:3295;2901:3113;2902:2991;2903:1986;2904:3346;2905:2865
279.0860,1788885591.1094,10,607.23,23345.35,23952.58,626.7,25882.2,37371.3,0.0,11301.993,381.740,306.120,2875:12;2898:2451;2899:3234;2900:3296;2901:3132;2902:3000;2903:1994;2904:3353;2905:2872
279.1910,1788885591.2144,10,607.34,23637.57,24244.91,1457.1,26113.4,37140.1,0.0,11303.088,381.875,306.120,2875:12;2898:2521;2899:3251;2900:3314;2901:3172;2902:3029;2903:2041;2904:3441;2905:2857
279.3010,1788885591.3244,10,607.39,24030.99,24638.38,1396.1,26265.0,36988.5,0.0,11306.099,381.975,306.120,2875:12;2898:2562;2899:3294;2900:3339;2901:3178;2902:3194;2903:2051;2904:3500;2905:2900
279.4210,1788885591.4444,10,607.41,24264.41,24871.82,1511.5,26463.1,36790.3,0.0,11308.231,382.115,306.120,2875:12;2898:2587;2899:3327;2900:3412;2901:3177;2902:3233;2903:2080;2904:3567;2905:2868
279.5324,1788885591.5558,10,607.45,24372.78,24980.23,1522.4,26483.1,36770.4,0.0,11312.542,382.242,306.120,2875:12;2898:2628;2899:3404;2900:3451;2901:3159;2902:3223;2903:2066;2904:3562;2905:2868
279.6400,1788885591.6634,10,607.60,24510.01,25117.61,1515.7,26660.8,36592.7,0.0,11315.366,382.415,306.120,2875:12;2898:2709;2899:3464;2900:3479;2901:3220;2902:3181;2903:2017;2904:3525;2905:2902
279.7534,1788885591.7768,10,607.61,24626.91,25234.52,1529.9,26635.8,36617.7,0.0,11318.619,382.551,306.120,2875:12;2898:2613;2899:3520;2900:3383;2901:3248;2902:3295;2903:2026;2904:3620;2905:2910
279.8672,1788885591.8906,10,607.64,24928.84,25536.48,1557.4,26972.5,36281.0,0.0,11322.006,382.683,306.120,2875:12;2898:2632;2899:3530;2900:3408;2901:3258;2902:3296;2903:2041;2904:3809;2905:2943
279.9875,1788885592.0108,10,607.66,25135.71,25743.38,1564.2,27069.2,36184.3,0.0,11324.123,382.778,306.120,2875:12;2898:2833;2899:3458;2900:3485;2901:3288;2902:3171;2903:2062;2904:3752;2905:3074
280.1035,1788885592.1269,10,607.67,25306.70,25914.37,1537.5,27108.4,36145.1,0.0,11326.773,382.909,306.120,2875:12;2898:2889;2899:3456;2900:3466;2901:3315;2902:3312;2903:2048;2904:3754;2905:3053
280.2250,1788885592.2484,10,607.71,25191.10,25798.81,1526.2,27223.4,36030.1,0.0,11332.137,383.063,306.120,2875:12;2898:2833;2899:3554;2900:3534;2901:3313;2902:3284;2903:1985;2904:3686;2905:2991
280.3631,1788885592.3864,10,607.75,25346.50,25954.25,1541.5,27437.0,35816.5,0.0,11335.391,383.178,306.120,2875:12;2898:2814;2899:3604;2900:3712;2901:3315;2902:3291;2903:2004;2904:3537;2905:3056
280.4867,1788885592.5101,10,607.80,25675.67,26283.46,1583.5,27691.3,35562.2,0.0,11337.179,383.230,306.120,2875:12;2898:2854;2899:3678;2900:3597;2901:3462;2902:3237;2903:2082;2904:3651;2905:3101
280.6052,1788885592.6286,10,607.88,25917.54,26525.43,1558.5,27880.1,35373.4,0.0,11338.363,383.317,306.120,2875:12;2898:2878;2899:3656;2900:3593;2901:3469;2902:3269;2903:2064;2904:3841;2905:3134
280.7182,1788885592.7416,10,607.94,25665.69,26273.63,1526.2,28129.9,35123.5,0.0,11340.096,383.383,306.120,2875:12;2898:2931;2899:3515;2900:3600;2901:3343;2902:3203;2903:2089;2904:3830;2905:3143
280.8381,1788885592.8614,10,608.02,25588.34,26196.36,1561.5,28346.0,34907.5,0.0,11342.948,383.458,306.120,2875:12;2898:2964;2899:3393;2900:3723;2901:3388;2902:3315;2903:2064;2904:3584;2905:3144
280.9545,1788885592.9779,10,608.08,25045.03,25653.11,1444.3,28021.9,35231.6,0.0,11343.183,383.539,306.120,2875:12;2898:2994;2899:3165;2900:3470;2901:3398;2902:3368;2903:2094;2904:3413;2905:3130
281.0630,1788885593.0864,10,608.17,25484.57,26092.74,1529.6,28120.8,35132.7,0.0,11346.103,383.634,306.120,2875:12;2898:2934;2899:3327;2900:3557;2901:3401;2902:3427;2903:2093;2904:3359;2905:3374
281.1750,1788885593.1984,10,608.19,25549.96,26158.16,1573.2,28216.8,35036.7,0.0,11349.165,383.678,306.120,2875:12;2898:2997;2899:3344;2900:3574;2901:3387;2902:3332;2903:2096;2904:3316;2905:3490
281.2858,1788885593.3092,10,608.24,25582.10,26190.34,1546.0,28338.1,34915.4,0.0,11349.178,383.716,306.120,2875:12;2898:3228;2899:3054;2900:3668;2901:3468;2902:3296;2903:2097;2904:3219;2905:3539
281.3930,1788885593.4163,10,608.30,25307.02,25915.32,1545.4,28531.9,34721.5,0.0,11351.860,383.765,306.120,2875:12;2898:3252;2899:3180;2900:3351;2901:3410;2902:3191;2903:2141;2904:3184;2905:3586
281.5177,1788885593.5411,10,608.35,25688.64,26296.99,1445.0,28742.4,34511.1,0.0,11355.247,383.835,306.120,2875:12;2898:3317;2899:3237;2900:3437;2901:3567;2902:3198;2903:2187;2904:3181;2905:3552
281.6323,1788885593.6557,10,608.50,24922.07,25530.57,1393.6,28349.1,34904.4,0.0,11355.463,383.892,306.120,2875:12;2898:3250;2899:3169;2900:3352;2901:3303;2902:3160;2903:2091;2904:3162;2905:3423
281.7470,1788885593.7704,10,608.68,25016.14,25624.82,1512.2,28090.4,35163.1,0.0,11358.176,383.908,306.120,2875:12;2898:3387;2899:3209;2900:3358;2901:3348;2902:3172;2903:2077;2904:3150;2905:3302
281.8625,1788885593.8859,10,608.75,25377.51,25986.26,1553.3,28247.6,35005.9,0.0,11358.379,383.956,306.120,2875:12;2898:3507;2899:3208;2900:3404;2901:3526;2902:3186;2903:2039;2904:3125;2905:3370
281.9808,1788885594.0042,10,608.85,25004.05,25612.90,1520.7,28295.0,34958.5,0.0,11361.032,383.993,306.120,2875:12;2898:3333;2899:3058;2900:3586;2901:3683;2902:3158;2903:2016;2904:3083;2905:3074
282.0940,1788885594.1174,10,608.89,24314.42,24923.31,1381.6,27900.0,35353.4,0.0,11361.506,384.109,306.120,2875:12;2898:3198;2899:3005;2900:3322;2901:3621;2902:3098;2903:1975;2904:3052;2905:3032
282.2011,1788885594.2244,10,608.92,24112.03,24720.95,1339.5,27782.9,35470.6,0.0,11367.787,384.272,306.120,2875:12;2898:3056;2899:3106;2900:3166;2901:3381;2902:3092;2903:1976;2904:3117;2905:3205
282.3342,1788885594.3575,10,608.98,23951.83,24560.81,1578.9,27482.5,35770.9,0.0,11370.720,384.404,306.120,2875:12;2898:2849;2899:3150;2900:3163;2901:3342;2902:3199;2903:1984;2904:3148;2905:3105
282.4500,1788885594.4734,10,609.03,24094.19,24703.22,1402.6,27340.4,35913.1,0.0,11373.927,384.521,306.120,2875:12;2898:2842;2899:3084;2900:3169;2901:3435;2902:3357;2903:1981;2904:3270;2905:2944
282.5655,1788885594.5888,10,609.31,23414.15,24023.46,1427.8,27112.7,36140.8,0.0,11377.010,384.676,306.120,2875:12;2898:2882;2899:2976;2900:3028;2901:3329;2902:3235;2903:1984;2904:3022;2905:2947
282.6858,1788885594.7092,10,609.35,23231.14,23840.49,786.8,27129.5,36124.0,0.0,11379.576,384.883,306.120,2875:12;2898:2737;2899:2962;2900:3014;2901:3329;2902:3231;2903:1992;2904:3009;2905:2945
282.7907,1788885594.8141,10,609.35,23282.11,23891.46,764.9,27137.5,36116.0,0.0,11386.048,385.145,306.120,2875:12;2898:2742;2899:2973;2900:3023;2901:3338;2902:3235;2903:1994;2904:3010;2905:2954
282.8953,1788885594.9187,10,609.36,23323.24,23932.61,583.4,27145.5,36108.0,0.0,11389.606,385.376,306.120,2875:12;2898:2747;2899:2975;2900:3032;2901:3368;2902:3235;2903:1981;2904:3012;2905:2961
282.9999,1788885595.0233,10,609.38,23253.48,23862.86,707.7,26943.5,36309.9,0.0,11397.214,385.615,306.120,2875:12;2898:2754;2899:2976;2900:3030;2901:3268;2902:3236;2903:1991;2904:3013;2905:2973
283.1045,1788885595.1278,10,609.41,23328.90,23938.31,781.7,26953.2,36300.3,0.0,11400.952,385.831,306.120,2875:12;2898:2740;2899:2976;2900:3043;2901:3296;2902:3256;2903:1991;2904:3037;2905:2978
283.2094,1788885595.2328,10,609.42,23554.08,24163.50,1124.4,26963.5,36290.0,0.0,11406.783,386.025,306.120,2875:12;2898:2746;2899:2997;2900:3049;2901:3301;2902:3347;2903:1985;2904:3129;2905:2987
283.3144,1788885595.3378,10,609.49,23421.49,24030.98,777.0,26922.7,36330.8,0.0,11410.437,386.268,306.120,2875:12;2898:2739;2899:2999;2900:3060;2901:3308;2902:3267;2903:1971;2904:3073;2905:2992
283.4212,1788885595.4445,10,609.50,23453.68,24063.18,742.0,26974.7,36278.8,0.0,11413.900,386.503,306.120,2875:12;2898:2740;2899:3002;2900:3071;2901:3326;2902:3269;2903:1956;2904:3075;2905:3003
283.5263,1788885595.5496,10,609.56,23531.76,24141.32,774.4,26994.7,36258.8,0.0,11422.302,386.701,306.120,2875:12;2898:2804;2899:3003;2900:3074;2901:3324;2902:3272;2903:1965;2904:3074;2905:3004
283.6309,1788885595.6542,10,609.72,23501.46,24111.18,430.4,27036.3,36217.2,0.0,11427.780,386.923,306.120,2875:12;2898:2737;2899:3004;2900:3090;2901:3327;2902:3269;2903:1971;2904:3074;2905:3017
283.7382,1788885595.7616,10,609.82,23645.38,24255.20,794.3,27128.2,36125.3,0.0,11435.934,387.112,306.120,2875:12;2898:2744;2899:3031;2900:3095;2901:3392;2902:3270;2903:2002;2904:3081;2905:3018
283.8464,1788885595.8698,10,609.84,23752.24,24362.08,1174.5,27280.0,35973.5,0.0,11440.185,387.303,306.120,2875:12;2898:2767;2899:3119;2900:3086;2901:3377;2902:3273;2903:2002;2904:3088;2905:3027
283.9536,1788885595.9770,10,609.84,23671.14,24280.98,915.7,27245.8,36007.7,0.0,11446.370,387.563,306.120,2875:12;2898:2756;2899:3044;2900:3096;2901:3371;2902:3256;2903:2013;2904:3095;2905:3028
284.0593,1788885596.0826,10,609.84,23729.26,24339.10,611.0,27231.4,36022.1,0.0,11451.381,387.864,306.120,2875:12;2898:2764;2899:3051;2900:3110;2901:3381;2902:3258;2903:2021;2904:3098;2905:3034
284.1640,1788885596.1874,10,609.84,23769.07,24378.91,840.3,27248.8,36004.6,0.0,11460.882,388.118,306.120,2875:12;2898:2770;2899:3058;2900:3117;2901:3391;2902:3261;2903:2027;2904:3099;2905:3034
284.2689,1788885596.2923,10,609.84,23820.38,24430.22,648.6,27253.1,36000.4,0.0,11468.859,388.378,306.120,2875:12;2898:2777;2899:3061;2900:3124;2901:3403;2902:3263;2903:2034;2904:3108;2905:3038
284.3736,1788885596.3969,10,609.84,24002.48,24612.32,754.1,27343.7,35909.8,0.0,11472.920,388.629,306.120,2875:12;2898:2832;2899:3066;2900:3141;2901:3492;2902:3266;2903:2043;2904:3109;2905:3040
284.4783,1788885596.5017,10,609.87,24182.78,24792.65,1185.1,27328.9,35924.6,0.0,11478.955,388.834,306.120,2875:12;2898:2867;2899:3123;2900:3124;2901:3445;2902:3269;2903:2052;2904:3115;2905:3175
284.5873,1788885596.6107,10,609.96,23964.09,24574.05,1372.2,27229.8,36023.7,0.0,11483.105,389.004,306.120,2875:12;2898:2814;2899:3117;2900:3129;2901:3349;2902:3270;2903:2050;2904:3118;2905:3104
284.6937,1788885596.7170,10,609.98,24005.81,24615.80,795.8,27185.1,36068.3,0.0,11488.659,389.192,306.120,2875:12;2898:2818;2899:3118;2900:3161;2901:3370;2902:3273;2903:2058;2904:3122;2905:3073
284.8010,1788885596.8244,10,609.99,24157.70,24767.68,1142.2,27203.7,36049.8,0.0,11494.854,389.470,306.120,2875:12;2898:2832;2899:3119;2900:3189;2901:3376;2902:3275;2903:2153;2904:3122;2905:3080
284.9119,1788885596.9353,10,610.02,24299.48,24909.50,1275.0,27265.8,35987.7,0.0,11498.565,389.643,306.120,2875:12;2898:2831;2899:3124;2900:3275;2901:3378;2902:3286;2903:2076;2904:3198;2905:3119
285.0175,1788885597.0409,10,610.04,24180.76,24790.80,884.6,27181.9,36071.5,0.0,11505.265,389.906,306.120,2875:12;2898:2835;2899:3128;2900:3194;2901:3390;2902:3293;2903:2084;2904:3116;2905:3129
285.1240,1788885597.1474,10,610.04,24208.57,24818.61,876.4,27188.1,36065.4,0.0,11515.752,390.180,306.120,2875:12;2898:2838;2899:3142;2900:3199;2901:3388;2902:3293;2903:2090;2904:3118;2905:3128
285.2310,1788885597.2544,10,610.04,24268.53,24878.57,635.6,27199.2,36054.3,0.0,11519.257,390.428,306.120,2875:12;2898:2846;2899:3151;2900:3209;2901:3402;2902:3298;2903:2096;2904:3119;2905:3135
285.3380,1788885597.3614,10,610.04,24294.11,24904.15,841.6,27212.6,36040.8,0.0,11529.314,390.646,306.120,2875:12;2898:2851;2899:3155;2900:3214;2901:3408;2902:3300;2903:2097;2904:3120;2905:3137
285.4426,1788885597.4659,10,610.04,24327.40,24937.45,601.8,27218.8,36034.6,0.0,11533.877,390.882,306.120,2875:12;2898:2854;2899:3157;2900:3229;2901:3407;2902:3304;2903:2100;2904:3121;2905:3143
285.5476,1788885597.5710,10,610.13,24410.40,25020.53,1110.7,27242.8,36010.6,0.0,11545.976,391.113,306.120,2875:12;2898:2859;2899:3187;2900:3235;2901:3420;2902:3306;2903:2107;2904:3136;2905:3148
285.6555,1788885597.6789,10,610.17,24525.00,25135.17,1082.2,27315.1,35938.4,0.0,11552.738,391.376,306.120,2875:12;2898:2951;2899:3181;2900:3242;2901:3402;2902:3310;2903:2094;2904:3146;2905:3188
285.7670,1788885597.7904,10,610.21,24526.71,25136.93,1503.5,27228.0,36025.4,0.0,11566.541,391.575,306.120,2875:12;2898:2986;2899:3207;2900:3223;2901:3402;2902:3312;2903:2098;2904:3155;2905:3132
285.8760,1788885597.8994,10,610.29,24429.15,25039.44,1196.6,27163.1,36090.4,0.0,11572.037,391.758,306.120,2875:12;2898:2936;2899:3210;2900:3223;2901:3326;2902:3318;2903:2107;2904:3151;2905:3147
285.9833,1788885598.0067,10,610.36,24475.96,25086.32,990.0,27119.5,36133.9,0.0,11584.775,391.981,306.120,2875:12;2898:2918;2899:3219;2900:3222;2901:3346;2902:3325;2903:2108;2904:3161;2905:3166
286.0903,1788885598.1137,10,610.36,24502.90,25113.27,644.5,27093.3,36160.2,0.0,11591.348,392.215,306.120,2875:12;2898:2917;2899:3223;2900:3228;2901:3348;2902:3324;2903:2117;2904:3169;2905:3164
286.1974,1788885598.2207,10,610.36,24527.16,25137.53,724.9,27095.7,36157.8,0.0,11600.014,392.402,306.120,2875:12;2898:2922;2899:3225;2900:3228;2901:3351;2902:3324;2903:2121;2904:3179;2905:3164
286.3020,1788885598.3254,10,610.36,24562.84,25173.21,560.8,27105.4,36148.0,0.0,11606.888,392.616,306.120,2875:12;2898:2925;2899:3228;2900:3233;2901:3348;2902:3329;2903:2127;2904:3191;2905:3169
286.4091,1788885598.4325,10,610.39,24659.29,25269.68,722.9,27121.8,36131.7,0.0,11619.198,392.794,306.120,2875:12;2898:2937;2899:3230;2900:3234;2901:3349;2902:3331;2903:2194;2904:3195;2905:3178
286.5158,1788885598.5391,10,610.42,24879.95,25490.38,1331.8,27311.7,35941.8,0.0,11628.403,392.945,306.120,2875:12;2898:3027;2899:3263;2900:3337;2901:3360;2902:3386;2903:2104;2904:3199;2905:3192
286.6224,1788885598.6458,10,610.58,24763.05,25373.63,1079.3,27154.0,36099.5,0.0,11628.998,393.113,306.120,2875:12;2898:2998;2899:3270;2900:3260;2901:3366;2902:3355;2903:2094;2904:3211;2905:3197
286.7289,1788885598.7523,10,610.64,24766.52,25377.16,1090.4,27136.5,36116.9,0.0,11641.353,393.370,306.120,2875:12;2898:2993;2899:3273;2900:3262;2901:3370;2902:3361;2903:2097;2904:3213;2905:3185
286.8359,1788885598.8593,10,610.64,24795.12,25405.77,831.7,27155.0,36098.4,0.0,11650.867,393.596,306.120,2875:12;2898:2999;2899:3272;2900:3258;2901:3375;2902:3358;2903:2100;2904:3223;2905:3198
286.9405,1788885598.9638,10,610.64,24838.13,25448.77,688.6,27159.9,36093.6,0.0,11663.347,393.858,306.120,2875:12;2898:3001;2899:3286;2900:3264;2901:3379;2902:3363;2903:2105;2904:3230;2905:3199
287.0451,1788885599.0684,10,610.65,25130.83,25741.48,1300.6,27350.2,35903.2,0.0,11671.893,394.057,306.120,2875:12;2898:3011;2899:3332;2900:3299;2901:3447;2902:3395;2903:2107;2904:3235;2905:3292
287.1540,1788885599.1774,10,610.69,25064.92,25675.61,1399.2,27458.0,35795.4,0.0,11681.297,394.212,306.120,2875:12;2898:3013;2899:3260;2900:3357;2901:3435;2902:3434;2903:2117;2904:3233;2905:3203
287.2663,1788885599.2897,10,610.86,25018.84,25629.71,1325.1,27506.0,35747.5,0.0,11691.713,394.435,306.120,2875:12;2898:3025;2899:3271;2900:3297;2901:3424;2902:3397;2903:2129;2904:3247;2905:3217
287.3739,1788885599.3973,10,610.86,24972.73,25583.59,959.0,27439.6,35813.8,0.0,11692.969,394.731,306.120,2875:12;2898:3025;2899:3279;2900:3306;2901:3426;2902:3328;2903:2124;2904:3251;2905:3221
287.4803,1788885599.5037,10,610.86,25093.47,25704.33,985.5,27479.6,35773.9,0.0,11712.721,394.936,306.120,2875:12;2898:3034;2899:3286;2900:3310;2901:3431;2902:3330;2903:2198;2904:3261;2905:3230
287.5878,1788885599.6112,10,610.89,25065.19,25676.08,914.6,27488.9,35764.6,0.0,11713.993,395.200,306.120,2875:12;2898:3038;2899:3288;2900:3318;2901:3432;2902:3342;2903:2139;2904:3264;2905:3232
287.6930,1788885599.7164,10,610.91,25114.05,25724.96,842.8,27434.9,35818.6,0.0,11736.606,395.371,306.120,2875:12;2898:3045;2899:3295;2900:3321;2901:3428;2902:3346;2903:2152;2904:3271;2905:3242
287.8020,1788885599.8253,10,610.93,25000.84,25611.77,905.4,27394.9,35858.6,0.0,11738.555,395.588,306.120,2875:12;2898:3042;2899:3297;2900:3319;2901:3323;2902:3347;2903:2152;2904:3268;2905:3240
287.9065,1788885599.9299,10,610.93,25090.44,25701.38,690.9,27412.1,35841.3,0.0,11763.028,395.867,306.120,2875:12;2898:3054;2899:3307;2900:3330;2901:3324;2902:3357;2903:2171;2904:3280;2905:3256
288.0139,1788885600.0373,10,610.94,25102.25,25713.19,761.6,27392.8,35860.7,0.0,11768.808,396.153,306.120,2875:12;2898:3052;2899:3312;2900:3336;2901:3328;2902:3359;2903:2165;2904:3282;2905:3255
288.1186,1788885600.1420,10,610.94,25128.23,25739.18,1039.8,27404.0,35849.5,0.0,11789.171,396.340,306.120,2875:12;2898:3052;2899:3315;2900:3333;2901:3330;2902:3367;2903:2173;2904:3282;2905:3263
288.2247,1788885600.2481,10,610.94,25207.70,25818.64,576.6,27404.0,35849.5,0.0,11802.155,396.638,306.120,2875:12;2898:3060;2899:3324;2900:3338;2901:3339;2902:3382;2903:2183;2904:3298;2905:3272
288.3323,1788885600.3557,10,610.94,25213.34,25824.28,1051.6,27418.2,35835.3,0.0,11815.362,396.890,306.120,2875:12;2898:3064;2899:3323;2900:3339;2901:3341;2902:3385;2903:2179;2904:3299;2905:3272
288.4375,1788885600.4609,10,610.94,25307.95,25918.89,551.5,27446.3,35807.1,0.0,11835.994,397.171,306.120,2875:12;2898:3070;2899:3333;2900:3354;2901:3358;2902:3393;2903:2191;2904:3312;2905:3284
288.5448,1788885600.5681,10,611.03,25581.67,26192.70,1503.1,27674.6,35578.9,0.0,11839.915,397.294,306.120,2875:12;2898:3104;2899:3373;2900:3340;2901:3429;2902:3407;2903:2220;2904:3393;2905:3304
288.6547,1788885600.6781,10,611.12,25716.83,26327.96,1360.2,27896.7,35356.7,0.0,11840.655,397.455,306.120,2875:12;2898:3093;2899:3378;2900:3345;2901:3394;2902:3410;2903:2246;2904:3553;2905:3286
288.7677,1788885600.7910,10,611.19,25530.46,26141.65,1541.7,27725.8,35527.6,0.0,11857.652,397.575,306.120,2875:12;2898:3080;2899:3366;2900:3338;2901:3381;2902:3424;2903:2230;2904:3428;2905:3271
288.8762,1788885600.8995,10,611.36,25181.77,25793.13,1264.2,27627.8,35625.7,0.0,11858.136,397.715,306.120,2875:12;2898:3072;2899:3325;2900:3327;2901:3356;2902:3395;2903:2193;2904:3260;2905:3242
288.9810,1788885601.0044,10,611.52,25146.93,25758.45,1374.6,27623.5,35629.9,0.0,11869.362,397.868,306.120,2875:12;2898:3077;2899:3312;2900:3303;2901:3362;2902:3387;2903:2220;2904:3236;2905:3237
289.0912,1788885601.1145,10,611.68,25029.94,25641.62,1381.4,27515.1,35738.3,0.0,11879.835,397.996,306.120,2875:12;2898:3073;2899:3291;2900:3299;2901:3351;2902:3377;2903:2203;2904:3209;2905:3216
289.1982,1788885601.2216,10,611.71,25084.66,25696.37,595.7,27480.0,35773.5,0.0,11886.408,398.120,306.120,2875:12;2898:3069;2899:3274;2900:3290;2901:3351;2902:3379;2903:2252;2904:3177;2905:3281
289.3080,1788885601.3314,10,611.84,25170.39,25782.23,1248.7,27416.5,35837.0,0.0,11903.257,398.296,306.120,2875:12;2898:3087;2899:3296;2900:3278;2901:3349;2902:3424;2903:2225;2904:3236;2905:3263
289.4228,1788885601.4462,10,611.91,25351.93,25963.84,1517.8,27532.8,35720.6,0.0,11905.828,398.334,306.120,2875:12;2898:3117;2899:3368;2900:3309;2901:3344;2902:3421;2903:2201;2904:3276;2905:3304
289.5397,1788885601.5631,10,612.09,25367.06,25979.15,1478.4,27522.2,35731.2,0.0,11908.562,398.378,306.120,2875:12;2898:3174;2899:3369;2900:3321;2901:3407;2902:3292;2903:2189;2904:3270;2905:3334
289.6558,1788885601.6792,10,612.27,25758.70,26370.98,1488.6,27653.9,35599.6,0.0,11908.670,398.416,306.120,2875:12;2898:3226;2899:3426;2900:3298;2901:3500;2902:3298;2903:2182;2904:3391;2905:3425
289.7691,1788885601.7925,10,612.32,25655.33,26267.64,1481.6,27673.5,35579.9,0.0,11909.355,398.551,306.120,2875:12;2898:3327;2899:3374;2900:3346;2901:3339;2902:3298;2903:2187;2904:3291;2905:3481
289.8890,1788885601.9124,10,612.34,25902.66,26515.00,1510.9,27738.5,35514.9,0.0,11915.308,398.661,306.120,2875:12;2898:3269;2899:3426;2900:3378;2901:3359;2902:3321;2903:2244;2904:3346;2905:3547
290.0260,1788885602.0494,10,612.37,26213.94,26826.30,1575.7,28051.9,35201.5,0.0,11917.275,398.831,306.120,2875:12;2898:3279;2899:3355;2900:3533;2901:3306;2902:3376;2903:2220;2904:3392;2905:3740
290.1642,1788885602.1876,10,612.38,26055.96,26668.34,1514.4,28207.6,35045.9,0.0,11921.120,399.006,306.120,2875:12;2898:3341;2899:3341;2900:3427;2901:3289;2902:3403;2903:2198;2904:3459;2905:3585
290.2851,1788885602.3084,10,612.38,25954.11,26566.49,1532.1,28168.7,35084.8,0.0,11923.396,399.176,306.120,2875:12;2898:3342;2899:3329;2900:3439;2901:3269;2902:3399;2903:2198;2904:3505;2905:3460
290.3940,1788885602.4174,10,612.40,25947.06,26559.46,1492.1,28179.7,35073.8,0.0,11931.796,399.427,306.120,2875:12;2898:3312;2899:3319;2900:3455;2901:3254;2902:3416;2903:2194;2904:3527;2905:3458
290.5040,1788885602.5274,10,612.40,25984.70,26597.10,1459.8,28022.9,35230.6,0.0,11935.853,399.648,306.120,2875:12;2898:3287;2899:3322;2900:3465;2901:3248;2902:3427;2903:2205;2904:3457;2905:3562
290.6180,1788885602.6414,10,612.49,25874.86,26487.35,1518.5,27794.7,35458.8,0.0,11942.918,399.817,306.120,2875:12;2898:3307;2899:3323;2900:3601;2901:3288;2902:3421;2903:2193;2904:3345;2905:3384
290.7327,1788885602.7561,10,612.50,26194.44,26806.93,1401.0,28029.2,35224.2,0.0,11947.463,400.099,306.120,2875:12;2898:3289;2899:3332;2900:3813;2901:3260;2902:3476;2903:2184;2904:3423;2905:3406
290.8561,1788885602.8794,10,612.50,26587.34,27199.84,1574.7,28370.2,34883.3,0.0,11953.844,400.227,306.120,2875:12;2898:3345;2899:3455;2900:3726;2901:3314;2902:3505;2903:2257;2904:3528;2905:3445
290.9993,1788885603.0226,10,612.52,26834.21,27446.72,1582.1,28567.7,34685.8,0.0,11962.489,400.409,306.120,2875:12;2898:3317;2899:3593;2900:3445;2901:3406;2902:3622;2903:2261;2904:3601;2905:3577
291.1293,1788885603.1526,10,612.52,27119.49,27732.01,1561.9,28946.4,34307.1,0.0,11971.212,400.555,306.120,2875:12;2898:3336;2899:3620;2900:3661;2901:3403;2902:3613;2903:2288;2904:3464;2905:3722
291.2553,1788885603.2787,10,612.54,27452.34,28064.88,1561.0,29414.1,33839.3,0.0,11975.114,400.669,306.120,2875:12;2898:3367;2899:3521;2900:3910;2901:3383;2902:3541;2903:2270;2904:3564;2905:3885
291.3915,1788885603.4149,10,612.68,27630.68,28243.36,1591.4,29669.9,33583.6,0.0,11982.317,400.799,306.120,2875:12;2898:3501;2899:3539;2900:3805;2901:3451;2902:3404;2903:2275;2904:3557;2905:4086
291.5100,1788885603.5334,10,612.69,27909.48,28522.18,1544.3,30160.1,33093.4,0.0,11988.646,400.915,306.120,2875:12;2898:3599;2899:3647;2900:3775;2901:3431;2902:3575;2903:2338;2904:3735;2905:3796
291.6338,1788885603.6572,10,612.70,28487.08,29099.77,1566.5,30638.3,32615.1,0.0,11993.813,401.022,306.120,2875:12;2898:3608;2899:3627;2900:3846;2901:3654;2902:3617;2903:2469;2904:3861;2905:3793
291.7581,1788885603.7814,10,612.73,27341.33,27954.06,1526.2,30576.4,32677.0,0.0,11999.647,401.118,306.120,2875:12;2898:3443;2899:3466;2900:3870;2901:3590;2902:3414;2903:2362;2904:3551;2905:3634
291.8821,1788885603.9054,10,612.77,27154.54,27767.31,1521.7,30408.1,32845.4,0.0,12001.221,401.183,306.120,2875:12;2898:3535;2899:3437;2900:3826;2901:3569;2902:3522;2903:2241;2904:3545;2905:3467
291.9927,1788885604.0160,10,612.80,27162.86,27775.66,1507.8,30348.9,32904.5,0.0,12004.979,401.218,306.120,2875:12;2898:3645;2899:3318;2900:3747;2901:3613;2902:3584;2903:2288;2904:3626;2905:3330
292.1021,1788885604.1254,10,612.85,27402.29,28015.14,1587.9,30302.2,32951.3,0.0,12005.118,401.268,306.120,2875:12;2898:3698;2899:3323;2900:3916;2901:3664;2902:3550;2903:2232;2904:3758;2905:3249
292.2141,1788885604.2374,10,612.91,28043.13,28656.04,1567.3,30937.2,32316.2,0.0,12007.895,401.300,306.120,2875:12;2898:3731;2899:3464;2900:4084;2901:3639;2902:3694;2903:2233;2904:3926;2905:3260
292.3356,1788885604.3590,10,612.97,27897.86,28510.83,1562.7,30923.8,32329.7,0.0,12008.053,401.356,306.120,2875:12;2898:3825;2899:3400;2900:3906;2901:3333;2902:3825;2903:2286;2904:3982;2905:3329
292.4677,1788885604.4911,10,613.06,27385.04,27998.09,1567.4,30604.7,32648.8,0.0,12009.654,401.390,306.120,2875:12;2898:3643;2899:3374;2900:3929;2901:3262;2902:3985;2903:2255;2904:3595;2905:3330
292.5923,1788885604.6157,10,613.25,25564.12,26177.37,1526.0,29445.6,33807.9,0.0,12011.089,401.424,306.120,2875:12;2898:3325;2899:3190;2900:3746;2901:3132;2902:3464;2903:2197;2904:3351;2905:3148
292.7168,1788885604.7401,10,613.31,25078.66,25691.97,1486.4,28852.5,34401.0,0.0,12012.973,401.436,306.120,2875:12;2898:3238;2899:3186;2900:3807;2901:3081;2902:3378;2903:2186;2904:3143;2905:3047
292.8335,1788885604.8569,10,613.40,24875.53,25488.93,1549.3,28700.3,34553.2,0.0,12014.879,401.462,306.120,2875:12;2898:3358;2899:3227;2900:3593;2901:3124;2902:3349;2903:2178;2904:3013;2905:3021
292.9456,1788885604.9690,10,613.50,25042.48,25655.98,1477.7,28829.9,34423.5,0.0,12015.223,401.471,306.120,2875:12;2898:3217;2899:3159;2900:3813;2901:3166;2902:3400;2903:2250;2904:3014;2905:3012
293.0600,1788885605.0834,10,613.61,25223.79,25837.40,1463.0,28872.9,34380.6,0.0,12016.798,401.481,306.120,2875:12;2898:3232;2899:3242;2900:3887;2901:3158;2902:3252;2903:2287;2904:3074;2905:3081
293.1745,1788885605.1979,10,613.77,25385.30,25999.07,1473.1,28685.9,34567.6,0.0,12016.815,401.489,306.120,2875:12;2898:3264;2899:3306;2900:3672;2901:3175;2902:3354;2903:2371;2904:3122;2905:3109
293.2889,1788885605.3123,10,613.95,25866.24,26480.19,1464.4,28700.1,34553.3,0.0,12016.815,401.489,306.120,2875:12;2898:3277;2899:3438;2900:3813;2901:3174;2902:3275;2903:2421;2904:3243;2905:3213
293.4001,1788885605.4234,10,614.06,24823.47,25437.53,1354.0,28270.5,34983.0,0.0,12016.815,401.489,306.120,2875:12;2898:3236;2899:3271;2900:3791;2901:3146;2902:3220;2903:2173;2904:3031;2905:2943
293.5058,1788885605.5292,10,614.16,24344.38,24958.55,1277.8,27847.5,35406.0,0.0,12017.115,401.544,306.120,2875:12;2898:3220;2899:3196;2900:3603;2901:3095;2902:3174;2903:2168;2904:2942;2905:2933
293.6140,1788885605.6374,10,614.48,24234.64,24849.13,1403.8,27803.6,35449.9,0.0,12017.711,401.643,306.120,2875:12;2898:3268;2899:3200;2900:3507;2901:3060;2902:3182;2903:2175;2904:2909;2905:2922
293.7219,1788885605.7452,10,614.54,23767.50,24382.04,1304.4,27845.2,35408.3,0.0,12018.568,401.836,306.120,2875:12;2898:3239;2899:3183;2900:3138;2901:3051;2902:3164;2903:2171;2904:2896;2905:2914
293.8297,1788885605.8531,10,614.59,23721.55,24336.14,1126.8,27850.3,35403.2,0.0,12025.016,401.986,306.120,2875:12;2898:3240;2899:3183;2900:3120;2901:3039;2902:3142;2903:2179;2904:2893;2905:2914
293.9370,1788885605.9604,10,614.62,23709.91,24324.53,1017.1,27863.0,35390.5,0.0,12029.072,402.276,306.120,2875:12;2898:3248;2899:3189;2900:3105;2901:3038;2902:3147;2903:2178;2904:2889;2905:2905
294.0420,1788885606.0654,10,614.64,23705.62,24320.26,1097.5,27794.1,35459.3,0.0,12032.883,402.500,306.120,2875:12;2898:3256;2899:3189;2900:3100;2901:3034;2902:3141;2903:2183;2904:2891;2905:2900
294.1468,1788885606.1702,10,614.64,23779.77,24394.41,748.1,27804.7,35448.8,0.0,12034.006,402.795,306.120,2875:12;2898:3270;2899:3194;2900:3113;2901:3043;2902:3147;2903:2197;2904:2897;2905:2908
294.2540,1788885606.2774,10,614.64,23836.85,24451.49,892.2,27813.1,35440.4,0.0,12041.133,403.014,306.120,2875:12;2898:3281;2899:3199;2900:3114;2901:3046;2902:3159;2903:2200;2904:2903;2905:2922
294.3690,1788885606.3924,10,614.64,23846.09,24460.73,845.7,27829.6,35423.9,0.0,12042.576,403.266,306.120,2875:12;2898:3283;2899:3201;2900:3119;2901:3045;2902:3153;2903:2206;2904:2899;2905:2929
294.4830,1788885606.5064,10,614.65,23888.47,24503.12,802.7,27833.6,35419.9,0.0,12049.360,403.492,306.120,2875:12;2898:3292;2899:3206;2900:3123;2901:3049;2902:3160;2903:2206;2904:2901;2905:2939
294.5889,1788885606.6123,10,614.72,23915.28,24530.00,677.1,27837.6,35415.9,0.0,12051.506,403.751,306.120,2875:12;2898:3300;2899:3207;2900:3134;2901:3052;2902:3159;2903:2208;2904:2906;2905:2937
294.6935,1788885606.7169,10,614.72,23942.67,24557.39,707.7,27857.6,35395.9,0.0,12061.090,403.917,306.120,2875:12;2898:3306;2899:3211;2900:3139;2901:3051;2902:3157;2903:2219;2904:2909;2905:2939
294.7981,1788885606.8214,10,614.72,23944.75,24559.48,477.9,27865.9,35387.5,0.0,12064.780,404.084,306.120,2875:12;2898:3310;2899:3211;2900:3136;2901:3054;2902:3160;2903:2214;2904:2910;2905:2938
294.9027,1788885606.9261,10,614.72,23988.17,24602.89,508.3,27870.0,35383.5,0.0,12078.033,404.270,306.120,2875:12;2898:3316;2899:3217;2900:3142;2901:3056;2902:3163;2903:2230;2904:2910;2905:2942
295.0090,1788885607.0323,10,614.72,24014.33,24629.05,439.7,27854.7,35398.8,0.0,12086.245,404.459,306.120,2875:12;2898:3322;2899:3215;2900:3145;2901:3059;2902:3169;2903:2228;2904:2918;2905:2946
295.1136,1788885607.1370,10,614.72,24024.25,24638.97,478.0,27813.9,35439.6,0.0,12093.421,404.605,306.120,2875:12;2898:3319;2899:3218;2900:3146;2901:3062;2902:3168;2903:2236;2904:2916;2905:2948
295.2182,1788885607.2416,10,614.72,24032.76,24647.48,401.8,27820.2,35433.3,0.0,12101.214,404.755,306.120,2875:12;2898:3323;2899:3221;2900:3149;2901:3061;2902:3167;2903:2236;2904:2918;2905:2946
295.3227,1788885607.3461,10,614.72,24050.85,24665.57,354.1,27832.5,35420.9,0.0,12110.775,404.889,306.120,2875:12;2898:3323;2899:3222;2900:3152;2901:3064;2902:3171;2903:2239;2904:2920;2905:2949
295.4273,1788885607.4507,10,614.72,24066.20,24680.93,143.5,27832.5,35420.9,0.0,12114.623,404.998,306.120,2875:12;2898:3325;2899:3225;2900:3155;2901:3064;2902:3171;2903:2241;2904:2923;2905:2951
295.5318,1788885607.5552,10,614.72,24076.93,24691.65,487.9,27836.5,35417.0,0.0,12126.461,405.140,306.120,2875:12;2898:3325;2899:3227;2900:3155;2901:3067;2902:3175;2903:2242;2904:2921;2905:2952
295.6364,1788885607.6598,10,614.79,24467.10,25081.89,1084.0,27941.3,35312.2,0.0,12130.937,405.231,306.120,2875:12;2898:3371;2899:3301;2900:3156;2901:3120;2902:3260;2903:2285;2904:2988;2905:2973
295.7448,1788885607.7682,10,614.87,24471.23,25086.10,1414.0,27632.2,35621.3,0.0,12131.017,405.249,306.120,2875:12;2898:3365;2899:3192;2900:3134;2901:3144;2902:3293;2903:2255;2904:3015;2905:3061
295.8522,1788885607.8756,10,614.98,24269.73,24884.72,1066.2,27524.8,35728.7,0.0,12131.332,405.358,306.120,2875:12;2898:3372;2899:3190;2900:3137;2901:3096;2902:3258;2903:2220;2904:3017;2905:2968
295.9580,1788885607.9814,10,615.02,24263.40,24878.42,1106.6,27521.9,35731.5,0.0,12140.676,405.566,306.120,2875:12;2898:3375;2899:3188;2900:3138;2901:3099;2902:3260;2903:2216;2904:3007;2905:2967
296.0627,1788885608.0860,10,615.02,24312.73,24927.75,621.4,27478.8,35774.7,0.0,12148.918,405.793,306.120,2875:12;2898:3383;2899:3192;2900:3146;2901:3106;2902:3269;2903:2224;2904:3009;2905:2972
296.1673,1788885608.1906,10,615.02,24335.85,24950.87,765.3,27490.7,35762.8,0.0,12155.720,406.054,306.120,2875:12;2898:3387;2899:3193;2900:3142;2901:3115;2902:3275;2903:2222;2904:3009;2905:2981
296.2718,1788885608.2952,10,615.02,24370.46,24985.48,636.9,27496.9,35756.6,0.0,12162.843,406.246,306.120,2875:12;2898:3395;2899:3196;2900:3145;2901:3122;2902:3278;2903:2227;2904:3011;2905:2985
296.3770,1788885608.4003,10,615.02,24394.37,25009.39,707.2,27505.1,35748.4,0.0,12170.551,406.456,306.120,2875:12;2898:3394;2899:3197;2900:3146;2901:3130;2902:3283;2903:2228;2904:3010;2905:2995
296.4816,1788885608.5050,10,615.02,24446.56,25061.59,703.4,27525.1,35728.4,0.0,12183.065,406.678,306.120,2875:12;2898:3404;2899:3201;2900:3152;2901:3141;2902:3284;2903:2243;2904:3013;2905:2997
296.5900,1788885608.6134,10,615.11,24867.33,25482.44,1372.8,27912.6,35340.9,0.0,12184.385,406.850,306.120,2875:12;2898:3449;2899:3324;2900:3207;2901:3146;2902:3291;2903:2317;2904:3121;2905:3000
296.6979,1788885608.7213,10,615.16,24568.15,25183.32,1501.8,27739.7,35513.8,0.0,12190.704,407.059,306.120,2875:12;2898:3395;2899:3261;2900:3168;2901:3155;2902:3294;2903:2231;2904:3056;2905:2995
296.8102,1788885608.8336,10,615.20,24691.84,25307.05,1296.3,27811.0,35442.5,0.0,12193.462,407.300,306.120,2875:12;2898:3397;2899:3273;2900:3175;2901:3153;2902:3300;2903:2236;2904:3063;2905:3083
296.9170,1788885608.9404,10,615.26,24630.97,25246.23,1071.3,27761.1,35492.3,0.0,12200.386,407.536,306.120,2875:12;2898:3380;2899:3282;2900:3182;2901:3164;2902:3277;2903:2241;2904:3065;2905:3028
297.0282,1788885609.0516,10,615.27,24640.87,25256.13,600.0,27768.8,35484.7,0.0,12204.350,407.740,306.120,2875:12;2898:3381;2899:3281;2900:3194;2901:3163;2902:3274;2903:2239;2904:3071;2905:3025
297.1330,1788885609.1564,10,615.27,24684.04,25299.30,541.5,27776.8,35476.7,0.0,12209.619,407.923,306.120,2875:12;2898:3395;2899:3280;2900:3197;2901:3164;2902:3278;2903:2245;2904:3084;2905:3028
297.2382,1788885609.2616,10,615.27,24689.81,25305.08,583.1,27783.1,35470.4,0.0,12213.404,408.081,306.120,2875:12;2898:3394;2899:3278;2900:3200;2901:3167;2902:3276;2903:2244;2904:3093;2905:3024
297.3428,1788885609.3662,10,615.27,24745.60,25360.86,520.6,27791.1,35462.4,0.0,12221.660,408.333,306.120,2875:12;2898:3399;2899:3284;2900:3210;2901:3176;2902:3281;2903:2255;2904:3100;2905:3028
297.4507,1788885609.4741,10,615.27,24743.22,25358.48,805.9,27799.2,35454.3,0.0,12224.255,408.510,306.120,2875:12;2898:3396;2899:3286;2900:3214;2901:3173;2902:3281;2903:2254;2904:3100;2905:3026
297.5573,1788885609.5807,10,615.34,24834.83,25450.18,827.8,27788.6,35464.8,0.0,12234.155,408.689,306.120,2875:12;2898:3405;2899:3292;2900:3237;2901:3176;2902:3288;2903:2267;2904:3128;2905:3029
297.6646,1788885609.6880,10,615.39,24838.65,25454.04,696.9,27723.5,35530.0,0.0,12237.952,408.844,306.120,2875:12;2898:3382;2899:3300;2900:3236;2901:3177;2902:3290;2903:2261;2904:3133;2905:3048
297.7694,1788885609.7927,10,615.42,24827.49,25442.91,560.4,27735.9,35517.6,0.0,12250.283,409.003,306.120,2875:12;2898:3335;2899:3303;2900:3241;2901:3194;2902:3286;2903:2265;2904:3154;2905:3038
297.8749,1788885609.8983,10,615.42,24839.72,25455.14,276.1,27740.4,35513.1,0.0,12253.598,409.146,306.120,2875:12;2898:3334;2899:3304;2900:3242;2901:3194;2902:3290;2903:2264;2904:3159;2905:3040
297.9796,1788885610.0030,10,615.43,25064.99,25680.42,822.3,27774.4,35479.0,0.0,12266.164,409.288,306.120,2875:12;2898:3341;2899:3323;2900:3250;2901:3278;2902:3349;2903:2275;2904:3170;2905:3068
298.0869,1788885610.1103,10,615.46,25177.11,25792.57,1383.9,27941.4,35312.1,0.0,12272.444,409.471,306.120,2875:12;2898:3329;2899:3409;2900:3311;2901:3301;2902:3328;2903:2277;2904:3174;2905:3035
298.1953,1788885610.2187,10,615.51,25020.78,25636.29,744.8,27895.4,35358.0,0.0,12277.739,409.644,306.120,2875:12;2898:3339;2899:3337;2900:3281;2901:3258;2902:3297;2903:2298;2904:3180;2905:3018
298.3028,1788885610.3262,10,615.51,25065.40,25680.91,837.2,27912.9,35340.5,0.0,12285.495,409.905,306.120,2875:12;2898:3346;2899:3336;2900:3291;2901:3244;2902:3302;2903:2325;2904:3186;2905:3024
298.4076,1788885610.4310,10,615.52,25070.98,25686.50,830.6,27915.8,35337.7,0.0,12296.126,410.135,306.120,2875:12;2898:3344;2899:3335;2900:3303;2901:3246;2902:3303;2903:2306;2904:3194;2905:3029
298.5122,1788885610.5356,10,615.52,25126.05,25741.57,674.6,27925.4,35328.1,0.0,12304.384,410.385,306.120,2875:12;2898:3351;2899:3336;2900:3311;2901:3251;2902:3312;2903:2307;2904:3209;2905:3036
298.6193,1788885610.6427,10,615.57,25125.17,25740.74,685.3,27927.9,35325.6,0.0,12311.272,410.582,306.120,2875:12;2898:3346;2899:3336;2900:3314;2901:3250;2902:3313;2903:2306;2904:3203;2905:3045
298.7240,1788885610.7474,10,615.57,25171.96,25787.54,602.0,27928.2,35325.2,0.0,12319.208,410.819,306.120,2875:12;2898:3359;2899:3337;2900:3321;2901:3257;2902:3315;2903:2309;2904:3212;2905:3048
298.8287,1788885610.8521,10,615.58,25530.13,26145.71,1193.4,28099.5,35154.0,0.0,12326.020,411.013,306.120,2875:12;2898:3357;2899:3368;2900:3324;2901:3299;2902:3320;2903:2489;2904:3302;2905:3058
298.9344,1788885610.9578,10,615.71,25440.04,26055.75,1351.9,28105.4,35148.1,0.0,12334.862,411.125,306.120,2875:12;2898:3408;2899:3357;2900:3326;2901:3300;2902:3319;2903:2450;2904:3208;2905:3060
299.0418,1788885611.0652,10,615.74,25323.51,25939.25,921.2,27972.6,35280.9,0.0,12339.461,411.335,306.120,2875:12;2898:3330;2899:3363;2900:3306;2901:3295;2902:3323;2903:2392;2904:3227;2905:3076
299.1468,1788885611.1702,10,615.76,25373.50,25989.26,984.5,27966.3,35287.2,0.0,12349.124,411.576,306.120,2875:12;2898:3330;2899:3365;2900:3328;2901:3299;2902:3327;2903:2403;2904:3227;2905:3082
299.2515,1788885611.2748,10,615.77,25476.03,26091.80,1023.1,27984.0,35269.5,0.0,12360.278,411.866,306.120,2875:12;2898:3375;2899:3366;2900:3334;2901:3298;2902:3334;2903:2410;2904:3257;2905:3089
299.3581,1788885611.3814,10,615.78,25541.89,26157.67,1020.0,28028.8,35224.7,0.0,12375.187,412.086,306.120,2875:12;2898:3419;2899:3367;2900:3338;2901:3310;2902:3336;2903:2409;2904:3245;2905:3106
299.4651,1788885611.4885,10,615.79,25516.57,26132.37,782.2,28011.3,35242.1,0.0,12378.808,412.358,306.120,2875:12;2898:3381;2899:3371;2900:3341;2901:3311;2902:3342;2903:2417;2904:3230;2905:3111
299.5697,1788885611.5931,10,615.79,25541.17,26156.96,926.3,28039.2,35214.2,0.0,12390.623,412.519,306.120,2875:12;2898:3383;2899:3369;2900:3340;2901:3318;2902:3346;2903:2428;2904:3232;2905:3113
299.6744,1788885611.6978,10,615.80,25568.50,26184.29,650.4,28051.2,35202.2,0.0,12393.845,412.801,306.120,2875:12;2898:3387;2899:3370;2900:3346;2901:3320;2902:3350;2903:2432;2904:3235;2905:3116
299.7790,1788885611.8024,10,615.80,25586.38,26202.18,870.5,28067.7,35185.7,0.0,12407.930,412.980,306.120,2875:12;2898:3394;2899:3369;2900:3346;2901:3318;2902:3348;2903:2440;2904:3243;2905:3116
299.8835,1788885611.9069,10,615.80,25643.11,26258.90,471.0,28075.7,35177.8,0.0,12419.386,413.230,306.120,2875:12;2898:3397;2899:3371;2900:3356;2901:3328;2902:3359;2903:2450;2904:3252;2905:3118
299.9898,1788885612.0132,10,615.80,25651.59,26267.39,754.9,28079.7,35173.8,0.0,12424.122,413.413,306.120,2875:12;2898:3400;2899:3372;2900:3351;2901:3327;2902:3357;2903:2459;2904:3255;2905:3120
300.0944,1788885612.1177,10,615.81,25684.87,26300.68,347.9,28010.1,35243.4,0.0,12435.199,413.554,306.120,2875:12;2898:3405;2899:3373;2900:3356;2901:3333;2902:3368;2903:2457;2904:3258;2905:3124
300.2007,1788885612.2241,10,615.83,26033.48,26649.31,1112.8,28199.4,35054.0,0.0,12437.249,413.624,306.120,2875:12;2898:3397;2899:3374;2900:3412;2901:3417;2902:3384;2903:2474;2904:3344;2905:3218
300.3080,1788885612.3314,10,615.87,26068.02,26683.89,1322.3,28361.7,34891.7,0.0,12443.637,413.717,306.120,2875:12;2898:3404;2899:3395;2900:3321;2901:3474;2902:3376;2903:2480;2904:3429;2905:3177
300.4205,1788885612.4439,10,615.94,25778.17,26394.11,899.8,28110.7,35142.8,0.0,12444.144,413.834,306.120,2875:12;2898:3398;2899:3400;2900:3348;2901:3372;2902:3373;2903:2487;2904:3334;2905:3055
300.5282,1788885612.5516,10,615.95,25732.55,26348.50,238.4,28017.1,35236.4,0.0,12450.275,413.891,306.120,2875:12;2898:3402;2899:3401;2900:3327;2901:3336;2902:3373;2903:2488;2904:3335;2905:3059
300.6327,1788885612.6561,10,616.03,25733.50,26349.53,201.0,28015.4,35238.0,0.0,12450.682,413.985,306.120,2875:12;2898:3400;2899:3402;2900:3328;2901:3333;2902:3375;2903:2487;2904:3336;2905:3059
300.7373,1788885612.7607,10,616.03,25751.85,26367.88,181.7,28015.8,35237.7,0.0,12456.617,414.011,306.120,2875:12;2898:3404;2899:3402;2900:3327;2901:3337;2902:3380;2903:2487;2904:3337;2905:3066
300.8418,1788885612.8652,10,616.03,25729.64,26345.67,114.9,28020.3,35233.2,0.0,12456.928,414.045,306.120,2875:12;2898:3400;2899:3403;2900:3327;2901:3332;2902:3375;2903:2487;2904:3336;2905:3057
300.9463,1788885612.9696,10,616.04,25879.86,26495.90,393.0,28065.8,35187.6,0.0,12463.033,414.148,306.120,2875:12;2898:3411;2899:3412;2900:3331;2901:3341;2902:3378;2903:2564;2904:3351;2905:3081
301.0540,1788885613.0774,10,616.06,26219.50,26835.56,1352.0,28397.0,34856.5,0.0,12463.644,414.241,306.120,2875:12;2898:3466;2899:3414;2900:3419;2901:3349;2902:3436;2903:2580;2904:3409;2905:3135
301.1615,1788885613.1849,10,616.18,25996.80,26612.98,1440.2,28261.8,34991.7,0.0,12463.993,414.324,306.120,2875:12;2898:3415;2899:3409;2900:3380;2901:3373;2902:3432;2903:2532;2904:3354;2905:3090
301.2740,1788885613.2974,10,616.27,25638.02,26254.29,1420.0,28074.9,35178.5,0.0,12464.295,414.414,306.120,2875:12;2898:3371;2899:3393;2900:3340;2901:3307;2902:3335;2903:2513;2904:3309;2905:3058
301.3904,1788885613.4138,10,616.32,25547.60,26163.91,911.2,27932.6,35320.9,0.0,12465.113,414.550,306.120,2875:12;2898:3362;2899:3389;2900:3324;2901:3307;2902:3312;2903:2495;2904:3293;2905:3053
301.4970,1788885613.5204,10,616.32,25614.32,26230.64,847.6,27935.3,35318.2,0.0,12469.015,414.893,306.120,2875:12;2898:3376;2899:3395;2900:3328;2901:3316;2902:3317;2903:2508;2904:3297;2905:3064
301.6017,1788885613.6251,10,616.37,25663.05,26279.43,946.0,27941.7,35311.7,0.0,12473.115,415.161,306.120,2875:12;2898:3378;2899:3407;2900:3335;2901:3326;2902:3317;2903:2521;2904:3302;2905:3064
301.7089,1788885613.7323,10,616.37,25723.34,26339.71,897.8,27965.9,35287.6,0.0,12480.647,415.432,306.120,2875:12;2898:3391;2899:3416;2900:3339;2901:3338;2902:3327;2903:2531;2904:3302;2905:3067
301.8156,1788885613.8390,10,616.37,25757.20,26373.57,796.0,27985.9,35267.6,0.0,12482.137,415.696,306.120,2875:12;2898:3389;2899:3425;2900:3342;2901:3349;2902:3328;2903:2535;2904:3304;2905:3072
301.9225,1788885613.9458,10,616.37,25765.66,26382.03,914.3,28002.1,35251.3,0.0,12489.651,415.908,306.120,2875:12;2898:3392;2899:3418;2900:3344;2901:3355;2902:3331;2903:2534;2904:3304;2905:3075
302.0273,1788885614.0506,10,616.38,25784.14,26400.52,485.5,28005.6,35247.9,0.0,12490.988,416.087,306.120,2875:12;2898:3399;2899:3416;2900:3346;2901:3352;2902:3331;2903:2543;2904:3306;2905:3078
302.1322,1788885614.1556,10,616.38,25793.28,26409.66,516.6,28013.9,35239.6,0.0,12497.120,416.227,306.120,2875:12;2898:3396;2899:3416;2900:3341;2901:3359;2902:3330;2903:2551;2904:3306;2905:3081
302.2368,1788885614.2601,10,616.38,25829.35,26445.73,375.3,28025.9,35227.6,0.0,12502.891,416.402,306.120,2875:12;2898:3398;2899:3419;2900:3346;2901:3361;2902:3338;2903:2558;2904:3309;2905:3088
302.3436,1788885614.3670,10,616.38,25821.93,26438.31,374.3,28033.8,35219.6,0.0,12504.933,416.499,306.120,2875:12;2898:3397;2899:3420;2900:3345;2901:3360;2902:3334;2903:2562;2904:3308;2905:3085
302.4505,1788885614.4739,10,616.38,25852.93,26469.31,248.1,28041.8,35211.7,0.0,12511.882,416.611,306.120,2875:12;2898:3403;2899:3423;2900:3345;2901:3365;2902:3342;2903:2562;2904:3308;2905:3091
302.5550,1788885614.5784,10,616.38,25859.45,26475.83,300.6,28048.5,35205.0,0.0,12512.348,416.738,306.120,2875:12;2898:3401;2899:3422;2900:3347;2901:3363;2902:3341;2903:2571;2904:3310;2905:3093
302.6618,1788885614.6852,10,616.38,25874.84,26491.22,252.5,28056.4,35197.0,0.0,12519.965,416.808,306.120,2875:12;2898:3405;2899:3422;2900:3347;2901:3363;2902:3344;2903:2572;2904:3311;2905:3099
302.7688,1788885614.7922,10,616.38,25881.54,26497.92,152.1,28068.4,35185.0,0.0,12521.019,416.909,306.120,2875:12;2898:3403;2899:3424;2900:3349;2901:3365;2902:3345;2903:2573;2904:3312;2905:3099
302.8740,1788885614.8973,10,616.38,25884.54,26500.92,304.9,28076.4,35177.0,0.0,12527.955,416.967,306.120,2875:12;2898:3407;2899:3424;2900:3347;2901:3363;2902:3344;2903:2576;2904:3312;2905:3099
302.9787,1788885615.0020,10,616.39,25912.06,26528.45,141.3,28065.1,35188.3,0.0,12529.738,417.065,306.120,2875:12;2898:3406;2899:3432;2900:3349;2901:3371;2902:3347;2903:2580;2904:3313;2905:3103
303.0850,1788885615.1083,10,616.39,25931.07,26547.46,448.1,28061.2,35192.3,0.0,12540.735,417.216,306.120,2875:12;2898:3412;2899:3435;2900:3349;2901:3375;2902:3346;2903:2586;2904:3313;2905:3102
303.1895,1788885615.2129,10,616.39,25962.30,26578.70,290.5,28069.0,35184.5,0.0,12551.929,417.360,306.120,2875:12;2898:3417;2899:3437;2900:3351;2901:3377;2902:3354;2903:2588;2904:3317;2905:3108
303.2966,1788885615.3199,10,616.41,26314.60,26931.01,1093.3,28312.3,34941.1,0.0,12562.164,417.475,306.132,2875:12;2898:3420;2899:3498;2900:3388;2901:3447;2902:3387;2903:2595;2904:3343;2905:3224
303.4148,1788885615.4381,10,616.53,26169.38,26785.91,1386.0,28079.6,35173.8,0.0,12563.792,417.535,306.483,2875:12;2898:3403;2899:3400;2900:3400;2901:3368;2902:3453;2903:2596;2904:3359;2905:3179
303.5234,1788885615.5468,10,616.63,26281.41,26898.04,1436.8,28110.6,35142.9,0.0,12563.862,417.584,306.483,2875:12;2898:3412;2899:3325;2900:3447;2901:3363;2902:3484;2903:2594;2904:3413;2905:3232
303.6315,1788885615.6549,10,616.83,26138.27,26755.11,1353.2,27953.2,35300.2,0.0,12566.267,417.673,306.483,2875:12;2898:3390;2899:3288;2900:3417;2901:3335;2902:3448;2903:2592;2904:3439;2905:3218
303.7406,1788885615.7640,10,616.93,26000.53,26617.46,1340.7,27872.7,35380.8,0.0,12571.078,417.723,306.483,2875:12;2898:3381;2899:3273;2900:3411;2901:3292;2902:3389;2903:2573;2904:3460;2905:3210
303.8474,1788885615.8708,10,617.06,25896.43,26513.49,1364.9,27839.1,35414.4,0.0,12577.032,417.791,306.483,2875:12;2898:3361;2899:3262;2900:3356;2901:3270;2902:3402;2903:2559;2904:3470;2905:3204
303.9612,1788885615.9846,10,617.16,25674.66,26291.82,1409.3,27675.3,35578.2,0.0,12578.559,417.862,306.483,2875:12;2898:3345;2899:3240;2900:3352;2901:3241;2902:3400;2903:2540;2904:3400;2905:3145
304.0715,1788885616.0949,10,617.27,25516.58,26133.86,1332.8,27536.4,35717.0,0.0,12583.987,417.911,306.483,2875:12;2898:3331;2899:3226;2900:3260;2901:3201;2902:3413;2903:2523;2904:3427;2905:3125
304.1773,1788885616.2007,10,617.38,25302.39,25919.78,1294.0,27391.8,35861.7,0.0,12586.297,418.001,306.483,2875:12;2898:3306;2899:3215;2900:3276;2901:3145;2902:3393;2903:2520;2904:3329;2905:3106
304.2874,1788885616.3108,10,617.48,24943.05,25560.53,1324.7,27093.0,36160.5,0.0,12590.527,418.051,306.483,2875:12;2898:3285;2899:3192;2900:3171;2901:3093;2902:3374;2903:2511;2904:3217;2905:3087
304.3951,1788885616.4184,10,617.61,24337.66,24955.27,1148.3,26609.2,36644.3,0.0,12595.306,418.119,306.483,2875:12;2898:3281;2899:3172;2900:3099;2901:3035;2902:3158;2903:2488;2904:3003;2905:3088
304.5012,1788885616.5246,10,617.63,24236.86,24854.49,476.2,26507.7,36745.8,0.0,12597.783,418.236,306.483,2875:12;2898:3279;2899:3170;2900:3088;2901:3022;2902:3154;2903:2487;2904:2931;2905:3094
304.6083,1788885616.6317,10,617.83,24246.68,24864.52,386.5,26515.9,36737.5,0.0,12606.243,418.345,306.483,2875:12;2898:3281;2899:3166;2900:3088;2901:3022;2902:3155;2903:2491;2904:2931;2905:3101
304.7140,1788885616.7374,10,617.83,24299.51,24917.34,401.6,26533.5,36720.0,0.0,12613.245,418.531,306.483,2875:12;2898:3293;2899:3170;2900:3088;2901:3026;2902:3163;2903:2500;2904:2931;2905:3117
304.8211,1788885616.8445,10,617.86,24856.85,25474.71,1280.7,26550.6,36702.9,0.0,12623.161,418.611,306.483,2875:12;2898:3380;2899:3232;2900:3114;2901:3084;2902:3255;2903:2637;2904:2968;2905:3175
304.9496,1788885616.9729,10,617.97,25491.46,26109.43,1571.2,27030.8,36222.7,0.0,12627.004,418.663,306.483,2875:12;2898:3393;2899:3279;2900:3181;2901:3118;2902:3392;2903:2838;2904:2980;2905:3299
305.0790,1788885617.1024,10,617.98,25801.12,26419.10,1556.6,27438.1,35815.4,0.0,12627.074,418.663,306.483,2875:12;2898:3376;2899:3261;2900:3177;2901:3142;2902:3485;2903:2904;2904:3042;2905:3402
305.2004,1788885617.2238,10,618.00,26189.12,26807.12,1523.4,27635.6,35617.9,0.0,12629.160,418.674,306.483,2875:12;2898:3434;2899:3355;2900:3192;2901:3233;2902:3427;2903:2910;2904:3034;2905:3592
305.3150,1788885617.3384,10,618.03,26199.40,26817.43,1519.2,27903.8,35349.7,0.0,12629.160,418.674,306.483,2875:12;2898:3444;2899:3292;2900:3271;2901:3227;2902:3428;2903:2853;2904:3051;2905:3621
305.4230,1788885617.4464,10,618.05,26504.29,27122.34,1506.6,28116.7,35136.8,0.0,12629.160,418.674,306.483,2875:12;2898:3433;2899:3332;2900:3355;2901:3284;2902:3491;2903:2744;2904:3200;2905:3653
305.5351,1788885617.5584,10,618.09,27054.54,27672.63,1527.8,28600.9,34652.6,0.0,12629.160,418.674,306.483,2875:12;2898:3520;2899:3454;2900:3538;2901:3303;2902:3529;2903:2888;2904:3190;2905:3620
305.6520,1788885617.6754,10,618.18,27071.05,27689.23,1525.3,28841.5,34411.9,0.0,12629.160,418.674,306.483,2875:12;2898:3472;2899:3411;2900:3530;2901:3343;2902:3553;2903:2894;2904:3242;2905:3613
305.7813,1788885617.8047,10,618.22,27414.56,28032.78,1570.0,29322.8,33930.6,0.0,12629.160,418.674,306.483,2875:12;2898:3612;2899:3439;2900:3509;2901:3416;2902:3535;2903:2977;2904:3349;2905:3565
305.9010,1788885617.9244,10,618.24,27586.82,28205.07,1571.7,29663.9,33589.6,0.0,12629.160,418.674,306.483,2875:12;2898:3501;2899:3565;2900:3534;2901:3512;2902:3612;2903:2995;2904:3373;2905:3483
306.0214,1788885618.0448,10,618.27,27949.25,28567.51,1532.9,29853.5,33399.9,0.0,12629.161,418.674,306.483,2875:12;2898:3462;2899:3632;2900:3756;2901:3555;2902:3709;2903:3007;2904:3373;2905:3443
306.1470,1788885618.1704,10,618.29,28047.84,28666.13,1530.1,30169.6,33083.9,0.0,12629.161,418.675,306.483,2875:12;2898:3573;2899:3633;2900:3443;2901:3860;2902:3661;2903:2985;2904:3421;2905:3459
306.2639,1788885618.2873,10,618.30,28610.45,29228.76,1562.6,30616.8,32636.7,0.0,12629.161,418.675,306.483,2875:12;2898:3651;2899:3651;2900:3332;2901:3911;2902:3676;2903:2981;2904:3552;2905:3845
306.3891,1788885618.4124,10,618.34,28385.17,29003.51,1560.9,30690.8,32562.7,0.0,12629.161,418.675,306.483,2875:12;2898:3502;2899:3755;2900:3345;2901:3629;2902:3727;2903:3002;2904:3567;2905:3846
306.5019,1788885618.5253,10,618.37,28593.67,29212.04,1495.2,30836.1,32417.3,0.0,12629.161,418.675,306.483,2875:12;2898:3618;2899:3876;2900:3303;2901:3569;2902:3761;2903:2977;2904:3652;2905:3824
306.6104,1788885618.6338,10,618.53,28204.38,28822.91,1531.5,30680.2,32573.2,0.0,12629.161,418.675,306.483,2875:12;2898:3586;2899:3774;2900:3302;2901:3566;2902:3861;2903:2929;2904:3649;2905:3524
306.7229,1788885618.7463,10,618.55,28359.96,28978.52,1555.1,30858.8,32394.7,0.0,12629.161,418.675,306.483,2875:12;2898:3622;2899:3897;2900:3301;2901:3606;2902:3842;2903:2943;2904:3716;2905:3421
306.8584,1788885618.8817,10,618.58,28667.26,29285.84,1542.9,31180.8,32072.7,0.0,12629.161,418.675,306.483,2875:12;2898:3656;2899:3902;2900:3347;2901:3548;2902:3916;2903:2952;2904:3721;2905:3612
306.9691,1788885618.9924,10,618.61,28545.93,29164.55,1547.7,31436.7,31816.8,0.0,12629.162,418.675,306.483,2875:12;2898:3615;2899:3852;2900:3381;2901:3551;2902:3996;2903:2690;2904:3854;2905:3596
307.0791,1788885619.1024,10,618.63,28310.41,28929.04,1546.4,31343.8,31909.7,0.0,12629.162,418.675,306.483,2875:12;2898:3402;2899:3943;2900:3425;2901:3604;2902:4011;2903:2655;2904:3813;2905:3445
307.1890,1788885619.2124,10,618.65,28352.94,28971.59,1571.1,31006.8,32246.7,0.0,12629.162,418.675,306.483,2875:12;2898:3452;2899:4072;2900:3442;2901:3658;2902:3888;2903:2666;2904:3739;2905:3423
307.3071,1788885619.3304,10,618.67,28588.29,29206.96,1536.6,31225.1,32028.4,0.0,12629.162,418.675,306.483,2875:12;2898:3394;2899:3982;2900:3429;2901:3764;2902:4055;2903:2580;2904:3818;2905:3553
307.4181,1788885619.4414,10,618.69,28717.15,29335.84,1524.9,31489.1,31764.3,0.0,12629.162,418.675,306.483,2875:12;2898:3389;2899:3887;2900:3438;2901:3685;2902:4164;2903:2634;2904:3923;2905:3584
307.5271,1788885619.5504,10,618.69,28891.67,29510.36,1573.4,31612.3,31641.2,0.0,12629.162,418.675,306.483,2875:12;2898:3445;2899:4042;2900:3534;2901:3646;2902:4249;2903:2567;2904:4028;2905:3369
307.6531,1788885619.6765,10,618.78,29351.77,29970.55,1568.3,31940.9,31312.6,0.0,12629.162,418.675,306.483,2875:12;2898:3474;2899:3760;2900:3546;2901:3770;2902:4561;2903:2569;2904:4165;2905:3495
307.7607,1788885619.7840,10,618.80,29010.83,29629.62,1498.4,32304.5,30949.0,0.0,12629.162,418.675,306.483,2875:12;2898:3479;2899:3750;2900:3574;2901:3746;2902:4630;2903:2554;2904:3859;2905:3408
307.8716,1788885619.8950,10,618.82,28451.12,29069.94,1507.7,32178.8,31074.6,0.0,12629.162,418.676,306.483,2875:12;2898:3407;2899:3757;2900:3647;2901:3581;2902:4292;2903:2497;2904:3923;2905:3336
307.9813,1788885620.0047,10,618.91,28169.98,28788.89,1488.2,31916.5,31337.0,0.0,12629.163,418.676,306.483,2875:12;2898:3618;2899:3864;2900:3645;2901:3428;2902:4231;2903:2461;2904:3780;2905:3129
308.1072,1788885620.1306,10,618.93,28731.95,29350.89,1538.4,32235.9,31017.5,0.0,12629.164,418.676,306.483,2875:12;2898:3715;2899:3988;2900:4023;2901:3401;2902:4227;2903:2463;2904:3771;2905:3131
308.2200,1788885620.2434,10,618.96,28776.26,29395.21,1536.6,32468.3,30785.2,0.0,12629.164,418.677,306.483,2875:12;2898:3832;2899:3973;2900:3958;2901:3345;2902:4376;2903:2480;2904:3661;2905:3139
308.3605,1788885620.3838,10,618.97,28705.52,29324.49,1558.8,32177.7,31075.8,0.0,12629.165,418.677,306.483,2875:12;2898:3430;2899:4167;2900:3799;2901:3455;2902:4408;2903:2530;2904:3765;2905:3139
308.5081,1788885620.5315,10,619.00,28738.41,29357.41,1534.1,32586.3,30667.1,0.0,12629.165,418.677,306.483,2875:12;2898:3429;2899:3991;2900:3800;2901:3437;2902:4413;2903:2637;2904:3790;2905:3229
308.6294,1788885620.6528,10,619.01,28986.52,29605.54,1574.2,32928.3,30325.1,0.0,12629.165,418.677,306.483,2875:12;2898:3530;2899:4133;2900:3824;2901:3492;2902:4455;2903:2522;2904:3823;2905:3195
308.7491,1788885620.7724,10,619.08,29399.02,30018.10,1553.3,33066.7,30186.7,0.0,12629.165,418.677,306.483,2875:12;2898:3677;2899:4163;2900:3951;2901:3421;2902:4348;2903:2546;2904:4076;2905:3205
308.8611,1788885620.8845,10,619.09,29050.79,29669.88,1548.8,32743.9,30509.6,0.0,12629.165,418.677,306.483,2875:12;2898:3583;2899:4027;2900:3972;2901:3632;2902:4432;2903:2558;2904:3624;2905:3211
308.9823,1788885621.0057,10,619.11,29190.16,29809.26,1552.6,32576.5,30677.0,0.0,12629.165,418.677,306.483,2875:12;2898:3595;2899:3745;2900:4116;2901:3736;2902:4626;2903:2649;2904:3500;2905:3211
309.0990,1788885621.1224,10,619.13,29066.83,29685.96,1559.7,32468.4,30785.1,0.0,12629.165,418.677,306.483,2875:12;2898:4037;2899:3763;2900:4070;2901:3439;2902:4253;2903:2598;2904:3642;2905:3254
309.2451,1788885621.2684,10,619.14,29951.44,30570.58,1591.0,32611.4,30642.1,0.0,12629.168,418.679,306.483,2875:12;2898:4231;2899:3871;2900:4212;2901:3576;2902:4235;2903:2695;2904:3737;2905:3382
309.3661,1788885621.3894,10,619.16,30285.27,30904.43,1568.9,33205.8,30047.7,0.0,12629.169,418.679,306.483,2875:12;2898:3889;2899:3900;2900:4162;2901:3692;2902:4144;2903:2736;2904:4086;2905:3665
309.4844,1788885621.5078,10,619.24,30399.62,31018.86,1552.1,33204.1,30049.4,0.0,12629.169,418.679,306.483,2875:12;2898:4015;2899:3969;2900:3939;2901:3727;2902:4078;2903:2655;2904:4016;2905:3987
309.6003,1788885621.6237,10,619.25,30196.25,30815.50,1573.1,33459.3,29794.2,0.0,12629.169,418.680,306.483,2875:12;2898:3867;2899:4074;2900:3658;2901:3956;2902:3972;2903:2616;2904:3873;2905:4168
309.7301,1788885621.7535,10,619.26,30711.18,31330.44,1601.3,33670.6,29582.9,0.0,12629.169,418.680,306.483,2875:12;2898:4203;2899:4211;2900:3674;2901:4033;2902:3967;2903:2600;2904:4067;2905:3945
309.8640,1788885621.8874,10,619.27,31065.94,31685.21,1561.3,34232.7,29020.8,0.0,12629.169,418.680,306.483,2875:12;2898:4170;2899:4441;2900:3760;2901:4100;2902:4071;2903:2461;2904:4204;2905:3846
309.9921,1788885622.0154,10,619.29,31433.07,32052.36,1582.2,34942.7,28310.8,0.0,12629.169,418.680,306.483,2875:12;2898:3847;2899:4639;2900:4318;2901:4093;2902:4159;2903:2456;2904:4409;2905:3499
310.1430,1788885622.1664,10,619.31,31833.04,32452.35,1597.2,35239.1,28014.4,0.0,12629.169,418.680,306.483,2875:12;2898:3762;2899:4690;2900:4812;2901:3798;2902:4108;2903:2447;2904:4642;2905:3562
310.2871,1788885622.3105,10,619.31,31977.20,32596.51,1585.1,35249.4,28004.1,0.0,12629.169,418.680,306.483,2875:12;2898:3477;2899:4868;2900:4924;2901:3637;2902:4241;2903:2507;2904:4755;2905:3557
310.4261,1788885622.4494,10,619.32,31188.07,31807.39,1576.3,34448.3,28805.2,0.0,12629.169,418.680,306.483,2875:12;2898:3396;2899:4476;2900:4949;2901:3379;2902:4239;2903:2573;2904:4866;2905:3297
310.5718,1788885622.5951,10,619.34,31124.22,31743.56,1578.2,34524.4,28729.1,0.0,12629.169,418.680,306.483,2875:12;2898:3228;2899:4282;2900:5019;2901:3406;2902:4316;2903:2630;2904:5046;2905:3187
310.7080,1788885622.7314,10,619.35,30520.49,31139.84,1568.5,34643.3,28610.2,0.0,12629.171,418.681,306.483,2875:12;2898:3105;2899:3912;2900:4916;2901:3481;2902:4432;2903:2543;2904:4978;2905:3141
310.8510,1788885622.8744,10,619.36,29579.72,30199.09,1570.3,33500.5,29753.0,0.0,12629.174,418.683,306.483,2875:12;2898:2907;2899:3911;2900:4612;2901:3507;2902:4401;2903:2557;2904:4388;2905:3283
310.9650,1788885622.9884,10,619.41,29452.88,30072.29,1554.9,33307.0,29946.4,0.0,12629.176,418.684,306.483,2875:12;2898:2942;2899:3814;2900:4480;2901:3607;2902:4553;2903:2575;2904:4295;2905:3175
311.0790,1788885623.1024,10,619.42,28788.65,29408.07,1526.2,32677.8,30575.7,0.0,12629.176,418.684,306.483,2875:12;2898:2971;2899:3835;2900:3966;2901:3669;2902:4477;2903:2582;2904:4224;2905:3052
311.1891,1788885623.2124,10,619.44,28688.86,29308.29,1595.2,32320.3,30933.2,0.0,12629.177,418.684,306.483,2875:12;2898:2954;2899:4077;2900:3510;2901:3848;2902:4499;2903:2591;2904:4106;2905:3092
311.3095,1788885623.3329,10,619.45,28368.39,28987.84,1562.2,32047.4,31206.1,0.0,12629.177,418.684,306.483,2875:12;2898:2986;2899:4094;2900:3569;2901:3630;2902:4503;2903:2574;2904:3635;2905:3365
311.4281,1788885623.4514,10,619.47,28235.94,28855.41,1531.5,31603.1,31650.4,0.0,12629.177,418.684,306.483,2875:12;2898:2857;2899:4218;2900:3611;2901:3704;2902:4322;2903:2532;2904:3432;2905:3547
311.5651,1788885623.5884,10,619.54,28505.32,29124.86,1600.4,31936.3,31317.2,0.0,12629.177,418.684,306.483,2875:12;2898:2869;2899:4204;2900:3685;2901:3667;2902:4259;2903:2501;2904:3584;2905:3724
311.6831,1788885623.7064,10,619.55,28932.68,29552.23,1546.3,32070.9,31182.6,0.0,12629.177,418.684,306.483,2875:12;2898:2903;2899:3873;2900:3888;2901:3684;2902:4253;2903:3015;2904:3573;2905:3733
311.7971,1788885623.8204,10,619.55,29107.67,29727.23,1586.0,32416.1,30837.4,0.0,12629.177,418.684,306.483,2875:12;2898:2926;2899:4006;2900:4080;2901:3671;2902:4086;2903:3374;2904:3138;2905:3813
311.9211,1788885623.9444,10,619.57,28328.19,28947.76,1573.7,32157.0,31096.5,0.0,12629.177,418.684,306.483,2875:12;2898:2949;2899:3831;2900:3723;2901:3792;2902:3868;2903:3479;2904:3029;2905:3644
312.0491,1788885624.0724,10,619.58,28410.55,29030.14,1586.5,32068.1,31185.3,0.0,12629.177,418.684,306.483,2875:12;2898:3042;2899:3930;2900:3924;2901:3892;2902:3768;2903:3532;2904:2944;2905:3366
312.1780,1788885624.2014,10,619.60,28576.31,29195.91,1563.5,32063.8,31189.7,0.0,12629.177,418.684,306.483,2875:12;2898:3185;2899:3801;2900:4033;2901:3820;2902:3790;2903:3545;2904:3066;2905:3325
312.2985,1788885624.3219,10,619.62,27972.54,28592.16,1580.0,31728.9,31524.6,0.0,12629.177,418.684,306.483,2875:12;2898:3305;2899:3807;2900:3878;2901:3849;2902:3809;2903:2763;2904:3210;2905:3340
312.4511,1788885624.4744,10,619.64,27359.63,27979.27,1575.8,31321.9,31931.6,0.0,12629.179,418.686,306.483,2875:12;2898:3189;2899:3584;2900:3784;2901:3894;2902:3923;2903:2408;2904:3314;2905:3252
312.5856,1788885624.6090,10,619.69,26744.38,27364.07,1526.3,30269.8,32983.7,0.0,12629.180,418.686,306.483,2875:12;2898:2564;2899:3945;2900:3125;2901:3785;2902:4260;2903:2424;2904:3291;2905:3340
312.7000,1788885624.7234,10,619.69,27460.54,28080.23,1588.6,30503.7,32749.8,0.0,12629.180,418.687,306.483,2875:12;2898:2651;2899:3983;2900:3022;2901:3927;2902:4654;2903:2404;2904:3323;2905:3484
312.8201,1788885624.8435,10,619.73,27020.04,27639.77,1570.7,30462.2,32791.3,0.0,12629.180,418.687,306.483,2875:12;2898:2613;2899:3976;2900:3084;2901:3877;2902:4579;2903:2414;2904:2922;2905:3544
312.9410,1788885624.9644,10,619.75,27047.42,27667.17,1536.8,30024.2,33229.2,0.0,12629.180,418.687,306.483,2875:12;2898:2627;2899:3825;2900:3229;2901:3966;2902:4333;2903:2416;2904:3046;2905:3593
313.0981,1788885625.1214,10,619.77,27209.94,27829.71,1588.2,30372.3,32881.1,0.0,12629.181,418.688,306.483,2875:12;2898:2902;2899:3597;2900:3038;2901:3902;2902:4457;2903:2581;2904:3113;2905:3608
313.2620,1788885625.2854,10,619.78,27597.39,28217.17,1520.4,30872.8,32380.7,0.0,12629.182,418.689,306.483,2875:12;2898:3237;2899:3654;2900:3089;2901:3781;2902:4546;2903:2776;2904:3101;2905:3400
313.3916,1788885625.4150,10,619.79,27542.41,28162.19,1559.6,30641.4,32612.1,0.0,12629.182,418.690,306.483,2875:12;2898:3407;2899:3781;2900:3156;2901:3992;2902:4451;2903:2807;2904:3130;2905:2806
313.5277,1788885625.5511,10,619.79,27635.46,28255.25,1521.4,30640.6,32612.9,0.0,12629.183,418.690,306.483,2875:12;2898:3355;2899:3988;2900:3159;2901:4116;2902:4207;2903:2483;2904:3272;2905:3043
313.6437,1788885625.6671,10,619.89,27146.17,27766.06,1427.3,30355.8,32897.7,0.0,12629.185,418.691,306.483,2875:12;2898:3315;2899:4017;2900:3192;2901:4176;2902:4130;2903:1958;2904:3265;2905:3080
313.7516,1788885625.7750,10,619.90,27466.41,28086.31,1596.7,30370.4,32883.1,0.0,12629.185,418.692,306.483,2875:12;2898:3118;2899:4190;2900:3302;2901:4246;2902:4177;2903:1968;2904:3111;2905:3343
313.8760,1788885625.8994,10,619.92,26327.20,26947.12,1535.5,30311.4,32942.0,0.0,12629.186,418.694,306.483,2875:12;2898:2888;2899:3792;2900:3417;2901:4322;2902:3530;2903:2054;2904:3085;2905:3226
313.9880,1788885626.0114,10,619.94,25570.71,26190.65,1506.2,29669.2,33584.3,0.0,12629.187,418.694,306.483,2875:12;2898:2471;2899:3643;2900:3332;2901:4360;2902:3646;2903:2026;2904:3025;2905:3056
314.1041,1788885626.1275,10,619.96,25611.16,26231.12,1582.4,29223.4,34030.1,0.0,12629.187,418.694,306.483,2875:12;2898:2447;2899:3843;2900:3544;2901:4388;2902:3434;2903:2061;2904:3216;2905:2667
314.2181,1788885626.2414,10,619.96,26107.16,26727.13,1513.1,29483.7,33769.8,0.0,12629.189,418.696,306.483,2875:12;2898:2368;2899:4030;2900:3520;2901:4380;2902:3517;2903:2043;2904:3554;2905:2682
314.3312,1788885626.3545,10,619.99,26046.38,26666.37,1568.2,29273.2,33980.2,0.0,12629.189,418.696,306.483,2875:12;2898:2456;2899:4062;2900:3555;2901:4335;2902:3652;2903:2008;2904:3639;2905:2328
314.4561,1788885626.4794,10,620.00,26117.43,26737.43,1543.6,29525.5,33728.0,0.0,12629.192,418.699,306.483,2875:12;2898:2461;2899:3841;2900:3301;2901:4685;2902:3733;2903:1979;2904:3753;2905:2353
314.6011,1788885626.6244,10,620.06,27006.55,27626.61,1567.7,29808.7,33444.8,0.0,12629.193,418.699,306.483,2875:12;2898:2722;2899:3952;2900:3407;2901:4755;2902:3903;2903:2026;2904:3678;2905:2551
314.7671,1788885626.7904,10,620.07,27297.09,27917.16,1532.8,30302.7,32950.8,0.0,12629.193,418.700,306.483,2875:12;2898:2674;2899:4274;2900:3503;2901:5046;2902:3707;2903:2016;2904:3568;2905:2497
314.9141,1788885626.9374,10,620.07,27349.44,27969.51,1572.5,30653.8,32599.7,0.0,12629.193,418.701,306.483,2875:12;2898:2282;2899:4516;2900:3446;2901:5006;2902:3800;2903:1981;2904:3550;2905:2756
315.0351,1788885627.0584,10,620.09,26736.21,27356.30,1540.4,30454.2,32799.2,0.0,12629.193,418.701,306.483,2875:12;2898:2329;2899:4149;2900:3480;2901:4818;2902:3872;2903:1979;2904:3255;2905:2842
315.1746,1788885627.1980,10,620.10,26437.21,27057.31,1536.5,30075.9,33177.6,0.0,12629.195,418.703,306.483,2875:12;2898:2315;2899:3932;2900:3538;2901:4458;2902:3837;2903:2064;2904:3295;2905:2986
315.2949,1788885627.3183,10,620.10,26405.20,27025.30,1531.0,30329.4,32924.1,0.0,12629.195,418.703,306.483,2875:12;2898:2323;2899:3691;2900:3616;2901:4452;2902:3918;2903:2149;2904:3276;2905:2966
315.4181,1788885627.4415,10,620.11,26452.03,27072.14,1524.3,30299.3,32954.2,0.0,12629.196,418.703,306.483,2875:12;2898:2360;2899:3800;2900:3717;2901:4225;2902:4035;2903:2359;2904:3259;2905:2684
315.5578,1788885627.5812,10,620.14,26819.31,27439.45,1584.2,31105.3,32148.2,0.0,12629.196,418.704,306.483,2875:12;2898:2353;2899:3552;2900:3731;2901:4786;2902:3994;2903:2285;2904:3564;2905:2542
315.7222,1788885627.7456,10,620.15,26929.55,27549.70,1554.9,30902.2,32351.3,0.0,12629.196,418.704,306.483,2875:12;2898:2311;2899:3688;2900:3766;2901:4878;2902:3903;2903:2224;2904:3545;2905:2603
315.8643,1788885627.8877,10,620.16,27168.30,27788.46,1536.6,30933.8,32319.7,0.0,12629.197,418.705,306.483,2875:12;2898:2384;2899:3928;2900:3777;2901:4819;2902:3685;2903:2247;2904:3569;2905:2746
315.9810,1788885628.0044,10,620.17,26392.83,27013.00,1553.4,30331.7,32921.8,0.0,12629.199,418.706,306.483,2875:12;2898:2357;2899:3763;2900:3779;2901:4817;2902:3723;2903:2006;2904:3183;2905:2752
316.0913,1788885628.1146,10,620.24,26121.31,26741.55,1526.6,29960.5,33292.9,0.0,12629.199,418.706,306.483,2875:12;2898:2267;2899:3652;2900:3756;2901:4894;2902:3606;2903:1927;2904:3219;2905:2789
316.2041,1788885628.2275,10,620.25,27048.96,27669.21,1532.2,30360.6,32892.9,0.0,12629.200,418.708,306.483,2875:12;2898:2316;2899:3677;2900:4072;2901:5090;2902:3626;2903:2074;2904:3364;2905:2818
316.3221,1788885628.3454,10,620.26,27059.60,27679.86,1602.2,30228.6,33024.9,0.0,12629.200,418.708,306.483,2875:12;2898:2457;2899:3993;2900:4121;2901:4723;2902:3750;2903:2184;2904:3010;2905:2809
316.4401,1788885628.4634,10,620.27,27193.89,27814.16,1571.4,30552.2,32701.3,0.0,12629.200,418.708,306.483,2875:12;2898:2490;2899:3851;2900:4287;2901:4476;2902:3848;2903:2243;2904:3067;2905:2919
316.5551,1788885628.5784,10,620.28,27112.06,27732.34,1564.6,30319.5,32933.9,0.0,12629.200,418.708,306.483,2875:12;2898:2636;2899:3910;2900:4468;2901:3826;2902:4002;2903:2251;2904:2794;2905:3213
316.6711,1788885628.6945,10,620.29,27326.70,27946.99,1592.4,30449.0,32804.5,0.0,12629.200,418.708,306.483,2875:12;2898:2634;2899:4037;2900:4462;2901:3949;2902:4112;2903:2225;2904:2807;2905:3088
316.8211,1788885628.8445,10,620.36,27325.45,27945.81,1570.8,30430.8,32822.7,0.0,12629.202,418.710,306.483,2875:12;2898:2970;2899:3814;2900:4087;2901:4108;2902:4208;2903:2375;2904:2789;2905:2962
316.9719,1788885628.9952,10,620.37,27765.78,28386.15,1586.2,30786.8,32466.7,0.0,12629.202,418.710,306.483,2875:12;2898:3263;2899:3804;2900:4108;2901:4168;2902:4342;2903:2194;2904:2921;2905:2954
317.1201,1788885629.1435,10,620.38,28742.64,29363.02,1550.9,31445.6,31807.8,0.0,12629.203,418.710,306.483,2875:12;2898:3297;2899:3772;2900:4143;2901:4203;2902:4563;2903:2293;2904:3012;2905:3447
317.2540,1788885629.2774,10,620.39,28297.73,28918.12,1542.1,31395.6,31857.9,0.0,12629.203,418.711,306.483,2875:12;2898:3373;2899:3853;2900:4175;2901:3963;2902:4390;2903:1902;2904:3049;2905:3581
317.3931,1788885629.4164,10,620.40,28529.06,29149.46,1611.3,31484.3,31769.2,0.0,12629.203,418.711,306.483,2875:12;2898:3397;2899:3544;2900:4388;2901:4018;2902:4369;2903:1963;2904:3247;2905:3592
317.5208,1788885629.5441,10,620.39,27736.43,28356.82,1585.6,30833.2,32420.3,0.0,12629.203,418.711,306.483,2875:12;2898:3397;2899:3306;2900:4449;2901:4092;2902:3775;2903:2238;2904:3345;2905:3122
317.6514,1788885629.6748,10,620.41,27098.46,27718.87,1575.3,30781.1,32472.4,0.0,12629.203,418.712,306.483,2875:12;2898:3132;2899:3181;2900:4565;2901:4079;2902:3678;2903:2211;2904:3277;2905:2964
317.7661,1788885629.7895,10,620.41,25329.59,25950.01,1573.3,29297.6,33955.9,0.0,12629.205,418.713,306.483,2875:12;2898:2607;2899:3243;2900:4294;2901:3736;2902:3650;2903:2125;2904:2566;2905:3096
317.9038,1788885629.9272,10,620.45,22921.51,23541.95,1574.5,27082.7,36170.8,0.0,12629.206,418.714,306.483,2875:12;2898:2446;2899:3358;2900:4107;2901:2665;2902:3765;2903:1843;2904:2275;2905:2450
318.0551,1788885630.0784,10,620.46,23235.89,23856.35,1580.6,27097.5,36156.0,0.0,12629.207,418.714,306.483,2875:12;2898:2424;2899:3698;2900:3994;2901:2518;2902:3648;2903:1907;2904:2508;2905:2525
318.1910,1788885630.2144,10,620.49,23025.82,23646.31,1566.7,27077.5,36176.0,0.0,12629.207,418.714,306.483,2875:12;2898:2518;2899:3673;2900:3949;2901:2477;2902:3668;2903:2002;2904:2239;2905:2487
318.3351,1788885630.3584,10,620.50,23707.87,24328.38,1588.3,27431.6,35821.9,0.0,12629.207,418.715,306.483,2875:12;2898:2841;2899:3530;2900:4056;2901:2484;2902:3772;2903:2067;2904:2373;2905:2574
318.4661,1788885630.4894,10,620.52,23498.88,24119.40,1603.7,27404.5,35848.9,0.0,12629.207,418.715,306.483,2875:12;2898:2902;2899:3431;2900:4081;2901:2527;2902:3718;2903:1808;2904:2450;2905:2570
318.6006,1788885630.6239,10,620.53,22315.10,22935.63,1549.2,26183.8,37069.6,0.0,12629.208,418.717,306.483,2875:12;2898:2559;2899:3526;2900:3907;2901:2568;2902:3687;2903:1262;2904:2543;2905:2250
318.7256,1788885630.7490,10,620.54,22182.70,22803.25,1591.5,26221.0,37032.5,0.0,12629.208,418.717,306.483,2875:12;2898:2833;2899:3410;2900:3951;2901:2552;2902:3413;2903:1001;2904:2336;2905:2674
318.8511,1788885630.8744,10,620.59,21436.51,22057.10,1483.4,25535.7,37717.8,0.0,12629.209,418.717,306.483,2875:12;2898:2848;2899:3481;2900:3436;2901:2360;2902:3380;2903:872;2904:2216;2905:2830
318.9696,1788885630.9930,10,620.61,20083.66,20704.26,1569.2,24326.7,38926.7,0.0,12629.209,418.718,306.483,2875:12;2898:2548;2899:2935;2900:3398;2901:2233;2902:3181;2903:855;2904:2093;2905:2827
319.0831,1788885631.1065,10,620.63,18932.80,19553.43,1590.8,22840.0,40413.5,0.0,12629.209,418.718,306.483,2875:12;2898:2181;2899:2832;2900:3544;2901:2466;2902:2863;2903:894;2904:2037;2905:2104
319.2093,1788885631.2327,10,620.64,18934.63,19555.28,1591.4,22572.9,40680.5,0.0,12629.209,418.718,306.483,2875:12;2898:2006;2899:2600;2900:3622;2901:2715;2902:2861;2903:888;2904:2149;2905:2082
319.3413,1788885631.3647,10,620.66,16579.47,17200.14,1573.2,20381.4,42872.0,0.0,12629.210,418.718,306.483,2875:12;2898:1802;2899:2617;2900:3448;2901:2717;2902:2295;2903:830;2904:1581;2905:1277
319.4841,1788885631.5075,10,620.70,15703.36,16324.05,1539.9,19882.6,43370.8,0.0,12629.210,418.718,306.483,2875:12;2898:1701;2899:2490;2900:3392;2901:2443;2902:2188;2903:758;2904:1503;2905:1216
319.5984,1788885631.6218,10,620.73,16340.85,16961.58,1554.6,20302.6,42950.9,0.0,12629.210,418.718,306.483,2875:12;2898:2020;2899:2791;2900:3284;2901:2384;2902:2206;2903:761;2904:1508;2905:1375
319.7144,1788885631.7378,10,620.76,14474.71,15095.48,1557.7,18888.4,44365.0,0.0,12629.210,418.718,306.483,2875:12;2898:1897;2899:2874;2900:2842;2901:2156;2902:1655;2903:726;2904:1082;2905:1231
319.8404,1788885631.8638,10,620.79,14515.16,15135.95,1538.8,18959.4,44294.1,0.0,12629.210,418.718,306.483,2875:12;2898:2095;2899:2857;2900:2345;2901:2031;2902:1853;2903:727;2904:1222;2905:1373
319.9596,1788885631.9830,10,620.80,15008.36,15629.16,1591.7,19086.0,44167.5,0.0,12629.210,418.718,306.483,2875:12;2898:2091;2899:2918;2900:2576;2901:2097;2902:1956;2903:713;2904:1283;2905:1361
320.0871,1788885632.1104,10,620.82,13522.36,14143.18,1567.1,17463.8,45789.6,0.0,12629.210,418.718,306.483,2875:12;2898:1741;2899:2261;2900:2008;2901:2227;2902:2036;2903:674;2904:1228;2905:1335
320.2222,1788885632.2456,10,620.84,13097.04,13717.89,1562.7,17013.2,46240.3,0.0,12629.210,418.718,306.483,2875:12;2898:1671;2899:2442;2900:2280;2901:2279;2902:2006;2903:641;2904:766;2905:1000
320.3391,1788885632.3624,10,620.86,11768.09,12388.95,1545.0,15454.2,47799.2,0.0,12629.210,418.718,306.483,2875:12;2898:1629;2899:1860;2900:1728;2901:2477;2902:1630;2903:610;2904:744;2905:1078
320.4792,1788885632.5026,10,620.88,11525.57,12146.46,1543.3,14940.6,48312.8,0.0,12629.210,418.718,306.483,2875:12;2898:929;2899:1970;2900:1871;2901:2248;2902:1923;2903:621;2904:747;2905:1204
320.6051,1788885632.6284,10,621.02,11221.44,11842.46,1546.8,14846.8,48406.6,0.0,12629.210,418.718,306.483,2875:12;2898:900;2899:1519;2900:1835;2901:2381;2902:1993;2903:586;2904:695;2905:1300
320.7302,1788885632.7536,10,621.03,11950.46,12571.49,1589.2,15040.3,48213.2,0.0,12629.210,418.718,306.483,2875:12;2898:1088;2899:1838;2900:1617;2901:2186;2902:2339;2903:617;2904:904;2905:1350
320.8681,1788885632.8914,10,621.04,11097.17,11718.20,1575.3,14339.2,48914.3,0.0,12629.210,418.718,306.483,2875:12;2898:1157;2899:1764;2900:1710;2901:1909;2902:1998;2903:685;2904:857;2905:1005
320.9887,1788885633.0120,10,621.04,11096.68,11717.72,1555.6,14606.8,48646.7,0.0,12629.210,418.718,306.483,2875:12;2898:1206;2899:1443;2900:1988;2901:1711;2902:2043;2903:727;2904:860;2905:1106
321.1095,1788885633.1329,10,621.06,9939.69,10560.75,1558.3,13379.5,49874.0,0.0,12629.210,418.718,306.483,2875:12;2898:1232;2899:1264;2900:1465;2901:1109;2902:2042;2903:786;2904:887;2905:1142
321.2271,1788885633.2504,10,621.07,9855.86,10476.93,1553.7,13250.5,50003.0,0.0,12629.210,418.718,306.483,2875:12;2898:848;2899:963;2900:1833;2901:1317;2902:2385;2903:784;2904:536;2905:1176
321.3476,1788885633.3710,10,626.86,9012.62,9639.48,1495.5,12614.7,50638.8,0.0,12629.210,418.718,306.483,2875:12;2898:954;2899:1280;2900:1483;2901:1488;2902:2165;2903:444;2904:494;2905:694
321.4709,1788885633.4943,10,621.09,9455.62,10076.71,1552.6,12717.5,50536.0,0.0,12629.210,418.718,306.483,2875:12;2898:1193;2899:1143;2900:1735;2901:1187;2902:2442;2903:409;2904:522;2905:813
321.5872,1788885633.6106,10,621.10,8262.35,8883.45,1284.8,11686.6,51566.8,0.0,12629.210,418.718,306.483,2875:12;2898:938;2899:1598;2900:1730;2901:386;2902:1797;2903:409;2904:550;2905:842
321.6955,1788885633.7188,10,621.11,6974.75,7595.85,1021.0,10313.0,52940.5,0.0,12629.210,418.718,306.483,2875:12;2898:521;2899:1282;2900:1627;2901:386;2902:1755;2903:409;2904:552;2905:430
321.8030,1788885633.8264,10,621.11,5255.90,5877.01,655.3,8766.1,54487.4,0.0,12629.210,418.718,306.483,2875:12;2898:521;2899:427;2900:955;2901:386;2902:1571;2903:388;2904:565;2905:430
321.9098,1788885633.9332,10,621.11,5118.66,5739.78,475.5,8496.4,54757.1,0.0,12629.210,418.718,306.483,2875:12;2898:521;2899:427;2900:794;2901:386;2902:1579;2903:388;2904:580;2905:430
322.0147,1788885634.0381,10,621.11,5073.54,5694.65,477.7,8401.6,54851.9,0.0,12629.210,418.718,306.483,2875:12;2898:490;2899:414;2900:398;2901:385;2902:1988;2903:382;2904:586;2905:417
322.1194,1788885634.1427,10,621.11,4549.74,5170.86,372.9,8154.8,55098.6,0.0,12629.210,418.718,306.483,2875:12;2898:490;2899:414;2900:398;2901:385;2902:1450;2903:382;2904:601;2905:417
322.2239,1788885634.2473,10,621.13,4603.61,5224.74,363.2,7949.3,55304.2,0.0,12629.210,418.718,306.483,2875:12;2898:485;2899:413;2900:387;2901:380;2902:1413;2903:369;2904:735;2905:409
322.3286,1788885634.3520,10,621.13,4819.62,5440.75,296.6,8244.5,55009.0,0.0,12629.210,418.718,306.483,2875:12;2898:485;2899:413;2900:387;2901:380;2902:1473;2903:369;2904:891;2905:409
322.4331,1788885634.4565,10,654.57,4458.36,5112.93,485.9,7871.9,55381.5,0.0,12629.210,418.718,306.483,2875:12;2898:485;2899:413;2900:387;2901:380;2902:1285;2903:369;2904:718;2905:409
322.5405,1788885634.5639,10,809.50,4465.22,5274.72,451.5,7750.1,55503.4,0.0,12629.210,418.718,306.483,2875:12;2898:485;2899:413;2900:387;2901:380;2902:1410;2903:369;2904:599;2905:409
322.6464,1788885634.6698,10,873.91,4018.47,4892.38,191.2,7357.8,55895.7,0.0,12629.210,418.718,306.483,2875:12;2898:485;2899:413;2900:387;2901:380;2902:964;2903:369;2904:599;2905:409
322.7510,1788885634.7744,10,705.02,3686.77,4391.79,262.8,7143.4,56110.1,0.0,12629.210,418.718,306.483,2875:12;2898:418;2899:403;2900:366;2901:358;2902:810;2903:325;2904:588;2905:406
322.8578,1788885634.8811,10,795.39,4347.07,5142.46,486.6,7780.1,55473.3,0.0,12629.210,418.718,306.483,2875:12;2898:418;2899:403;2900:366;2901:358;2902:1471;2903:325;2904:588;2905:406
322.9624,1788885634.9858,10,746.04,3283.38,4029.41,314.1,6783.6,56469.8,0.0,12629.210,418.718,306.483,2875:12;2898:419;2899:403;2900:366;2901:358;2902:391;2903:338;2904:590;2905:406
323.0675,1788885635.0909,10,739.27,3300.69,4039.96,95.6,6745.2,56508.3,0.0,12629.210,418.718,306.483,2875:12;2898:419;2899:403;2900:366;2901:358;2902:391;2903:356;2904:590;2905:406
323.1720,1788885635.1953,10,739.27,3314.53,4053.80,114.9,6745.2,56508.3,0.0,12629.210,418.718,306.483,2875:12;2898:419;2899:403;2900:366;2901:358;2902:391;2903:370;2904:590;2905:406
323.2764,1788885635.2998,10,739.27,3343.80,4083.07,105.3,6745.2,56508.3,0.0,12629.210,418.718,306.483,2875:12;2898:419;2899:403;2900:366;2901:358;2902:391;2903:399;2904:590;2905:406
323.3808,1788885635.4042,10,764.65,3314.63,4079.29,170.5,6788.2,56465.3,0.0,12629.210,418.718,306.483,2875:12;2898:417;2899:402;2900:365;2901:357;2902:391;2903:378;2904:589;2905:403
323.4865,1788885635.5098,10,895.93,3314.63,4210.56,95.7,6813.8,56439.7,0.0,12629.210,418.718,306.483,2875:12;2898:417;2899:402;2900:365;2901:357;2902:391;2903:378;2904:589;2905:403
323.5909,1788885635.6143,10,805.73,3314.63,4120.37,153.0,6822.5,56430.9,0.0,12629.210,418.718,306.483,2875:12;2898:417;2899:402;2900:365;2901:357;2902:391;2903:378;2904:589;2905:403
323.6956,1788885635.7190,10,805.71,3192.82,3998.54,172.3,6676.0,56577.5,0.0,12629.210,418.718,306.483,2875:12;2898:417;2899:402;2900:365;2901:357;2902:391;2903:358;2904:487;2905:403
323.8001,1788885635.8235,10,817.20,3421.82,4239.01,584.6,6786.3,56467.2,0.0,12629.210,418.719,306.483,2875:12;2898:438;2899:424;2900:388;2901:409;2902:424;2903:372;2904:530;2905:425
323.9062,1788885635.9296,10,849.14,3352.12,4201.26,191.3,6802.0,56451.5,0.0,12629.210,418.719,306.483,2875:12;2898:432;2899:416;2900:379;2901:396;2902:404;2903:372;2904:525;2905:417
324.0108,1788885636.0342,10,932.59,3305.96,4238.55,153.2,6788.0,56465.5,0.0,12629.210,418.719,306.483,2875:12;2898:432;2899:416;2900:379;2901:373;2902:404;2903:372;2904:502;2905:417
324.1153,1788885636.1387,10,1016.17,3305.96,4322.12,105.2,6772.7,56480.8,0.0,12629.210,418.719,306.483,2875:12;2898:432;2899:416;2900:379;2901:373;2902:404;2903:372;2904:502;2905:417
324.2199,1788885636.2432,10,1010.53,3305.96,4316.49,105.3,6811.8,56441.7,0.0,12629.210,418.719,306.483,2875:12;2898:432;2899:416;2900:379;2901:373;2902:404;2903:372;2904:502;2905:417
324.3243,1788885636.3477,10,1030.44,3305.96,4336.39,105.3,6803.9,56449.6,0.0,12629.210,418.719,306.483,2875:12;2898:432;2899:416;2900:379;2901:373;2902:404;2903:372;2904:502;2905:417
324.4288,1788885636.4522,10,990.64,3305.96,4296.59,105.3,6803.9,56449.6,0.0,12629.210,418.719,306.483,2875:12;2898:432;2899:416;2900:379;2901:373;2902:404;2903:372;2904:502;2905:417
324.5333,1788885636.5567,10,950.63,3305.96,4256.59,95.8,6811.1,56442.4,0.0,12629.210,418.719,306.483,2875:12;2898:432;2899:416;2900:379;2901:373;2902:404;2903:372;2904:502;2905:417
324.6377,1788885636.6611,10,960.61,3305.96,4266.57,172.2,6802.4,56451.1,0.0,12629.210,418.719,306.483,2875:12;2898:432;2899:416;2900:379;2901:373;2902:404;2903:372;2904:502;2905:417
324.7423,1788885636.7657,10,945.39,3305.96,4251.35,105.3,6585.6,56667.8,0.0,12663.417,452.925,306.483,2875:12;2898:432;2899:416;2900:379;2901:373;2902:404;2903:372;2904:502;2905:417
324.8468,1788885636.8702,10,987.01,3305.96,4292.96,95.7,6585.6,56667.8,0.0,12663.417,452.925,306.483,2875:12;2898:432;2899:416;2900:379;2901:373;2902:404;2903:372;2904:502;2905:417
324.9513,1788885636.9747,10,1039.18,3305.96,4345.14,114.9,6585.6,56667.8,0.0,12663.417,452.925,306.483,2875:12;2898:432;2899:416;2900:379;2901:373;2902:404;2903:372;2904:502;2905:417
325.0558,1788885637.0792,10,1005.04,3358.12,4363.16,224.5,6554.4,56699.0,0.0,12663.417,452.925,306.483,2875:12;2898:436;2899:422;2900:388;2901:380;2902:408;2903:383;2904:507;2905:421
325.1631,1788885637.1865,10,1038.49,3287.07,4325.56,438.2,6356.6,56896.9,0.0,12663.417,452.925,306.483,2875:12;2898:432;2899:415;2900:375;2901:367;2902:403;2903:372;2904:499;2905:413
325.2677,1788885637.2911,10,1062.38,3287.07,4349.45,114.8,6359.2,56894.3,0.0,12663.417,452.925,306.483,2875:12;2898:432;2899:415;2900:375;2901:367;2902:403;2903:372;2904:499;2905:413
325.3723,1788885637.3957,10,1097.95,3287.07,4385.02,114.8,6361.7,56891.8,0.0,12663.417,452.925,306.483,2875:12;2898:432;2899:415;2900:375;2901:367;2902:403;2903:372;2904:499;2905:413
325.4768,1788885637.5002,10,1108.54,3287.07,4395.61,105.3,6361.7,56891.8,0.0,12663.417,452.925,306.483,2875:12;2898:432;2899:415;2900:375;2901:367;2902:403;2903:372;2904:499;2905:413
325.5813,1788885637.6047,10,1074.14,3287.07,4361.21,114.8,6362.1,56891.3,0.0,12663.417,452.925,306.483,2875:12;2898:432;2899:415;2900:375;2901:367;2902:403;2903:372;2904:499;2905:413
325.6860,1788885637.7093,10,1052.94,3287.07,4340.01,95.7,6372.8,56880.6,0.0,12663.417,452.925,306.483,2875:12;2898:432;2899:415;2900:375;2901:367;2902:403;2903:372;2904:499;2905:413
325.7904,1788885637.8138,10,1062.63,3287.07,4349.70,153.0,6201.6,57051.9,0.0,12695.696,485.204,306.483,2875:12;2898:432;2899:415;2900:375;2901:367;2902:403;2903:372;2904:499;2905:413
325.8950,1788885637.9184,10,1120.34,3287.07,4407.41,134.0,6201.3,57052.1,0.0,12695.696,485.204,306.483,2875:12;2898:432;2899:415;2900:375;2901:367;2902:403;2903:372;2904:499;2905:413
325.9995,1788885638.0229,10,1162.50,3287.07,4449.56,105.1,6193.7,57059.8,0.0,12695.696,485.204,306.483,2875:12;2898:432;2899:415;2900:375;2901:367;2902:403;2903:372;2904:499;2905:413
326.1042,1788885638.1276,10,1137.41,3281.46,4418.87,458.8,6115.1,57138.4,0.0,12695.696,485.205,306.483,2875:12;2898:432;2899:414;2900:374;2901:366;2902:403;2903:372;2904:496;2905:414
326.2088,1788885638.2322,10,1163.42,3281.46,4444.88,114.8,6039.8,57213.7,0.0,12695.696,485.205,306.483,2875:12;2898:432;2899:414;2900:374;2901:366;2902:403;2903:372;2904:496;2905:414
326.3133,1788885638.3367,10,1197.03,3281.46,4478.49,105.3,6044.0,57209.4,0.0,12695.697,485.205,306.483,2875:12;2898:432;2899:414;2900:374;2901:366;2902:403;2903:372;2904:496;2905:414
326.4178,1788885638.4411,10,1217.62,3281.46,4499.09,105.3,6044.0,57209.4,0.0,12695.698,485.206,306.483,2875:12;2898:432;2899:414;2900:374;2901:366;2902:403;2903:372;2904:496;2905:414
326.5222,1788885638.5456,10,1188.53,3281.46,4469.99,105.3,6044.0,57209.4,0.0,12695.698,485.206,306.483,2875:12;2898:432;2899:414;2900:374;2901:366;2902:403;2903:372;2904:496;2905:414
326.6267,1788885638.6501,10,1177.79,3281.46,4459.25,114.8,6048.8,57204.7,0.0,12695.699,485.208,306.483,2875:12;2898:432;2899:414;2900:374;2901:366;2902:403;2903:372;2904:496;2905:414
326.7313,1788885638.7547,10,1187.32,3281.46,4468.78,95.7,5995.2,57258.3,0.0,12728.006,517.514,306.483,2875:12;2898:432;2899:414;2900:374;2901:366;2902:403;2903:372;2904:496;2905:414
326.8357,1788885638.8591,10,1243.35,3281.46,4524.81,114.8,6050.0,57203.5,0.0,12728.006,517.514,306.483,2875:12;2898:432;2899:414;2900:374;2901:366;2902:403;2903:372;2904:496;2905:414
326.9402,1788885638.9636,10,1286.63,3281.46,4568.09,95.6,6089.5,57164.0,0.0,12728.006,517.514,306.483,2875:12;2898:432;2899:414;2900:374;2901:366;2902:403;2903:372;2904:496;2905:414
327.0448,1788885639.0682,10,1254.75,3277.53,4532.28,381.4,6057.7,57195.8,0.0,12728.006,517.514,306.483,2875:12;2898:432;2899:414;2900:374;2901:365;2902:403;2903:372;2904:496;2905:410
327.1498,1788885639.1732,10,1304.00,3277.53,4581.53,95.4,6053.0,57200.4,0.0,12728.006,517.515,306.483,2875:12;2898:432;2899:414;2900:374;2901:365;2902:403;2903:372;2904:496;2905:410
327.2544,1788885639.2778,10,1322.37,3277.53,4599.90,105.1,6053.0,57200.4,0.0,12728.008,517.516,306.483,2875:12;2898:432;2899:414;2900:374;2901:365;2902:403;2903:372;2904:496;2905:410
327.3591,1788885639.3824,10,1275.22,3277.53,4552.75,95.7,6040.5,57213.0,0.0,12728.008,517.516,306.483,2875:12;2898:432;2899:414;2900:374;2901:365;2902:403;2903:372;2904:496;2905:410
327.4636,1788885639.4870,10,1289.04,3277.53,4566.57,124.2,6024.5,57229.0,0.0,12759.644,549.152,306.483,2875:12;2898:432;2899:414;2900:374;2901:365;2902:403;2903:372;2904:496;2905:410
327.5684,1788885639.5917,10,1335.57,3277.54,4613.10,133.8,6048.6,57204.9,0.0,12759.645,549.153,306.483,2875:12;2898:432;2899:414;2900:374;2901:365;2902:403;2903:372;2904:496;2905:410
327.6729,1788885639.6963,10,1390.34,3277.54,4667.87,95.7,6103.8,57149.6,0.0,12759.645,549.153,306.483,2875:12;2898:432;2899:414;2900:374;2901:365;2902:403;2903:372;2904:496;2905:410
327.7775,1788885639.8009,10,1375.99,3280.49,4656.48,122.2,6119.6,57133.8,0.0,12759.645,549.154,306.483,2875:12;2898:432;2899:414;2900:374;2901:365;2902:403;2903:373;2904:496;2905:413
327.8842,1788885639.9076,10,1409.93,3277.00,4686.93,257.3,6118.2,57135.2,0.0,12759.645,549.154,306.483,2875:12;2898:432;2899:414;2900:374;2901:365;2902:403;2903:372;2904:495;2905:410
327.9888,1788885640.0122,10,1406.81,3277.00,4683.81,95.4,6090.8,57162.7,0.0,12759.645,549.154,306.483,2875:12;2898:432;2899:414;2900:374;2901:365;2902:403;2903:372;2904:495;2905:410
328.0937,1788885640.1171,10,1424.15,3277.00,4701.15,105.2,6118.2,57135.3,0.0,12777.122,566.631,306.483,2875:12;2898:432;2899:414;2900:374;2901:365;2902:403;2903:372;2904:495;2905:410
328.1982,1788885640.2216,10,1443.25,3277.00,4720.25,105.3,6118.9,57134.6,0.0,12790.024,579.532,306.483,2875:12;2898:432;2899:414;2900:374;2901:365;2902:403;2903:372;2904:495;2905:410
328.3027,1788885640.3261,10,1498.57,3277.00,4775.57,105.3,6174.1,57079.4,0.0,12790.024,579.532,306.483,2875:12;2898:432;2899:414;2900:374;2901:365;2902:403;2903:372;2904:495;2905:410
328.4072,1788885640.4306,10,1488.63,3277.00,4765.63,95.7,6197.9,57055.6,0.0,12790.024,579.533,306.483,2875:12;2898:432;2899:414;2900:374;2901:365;2902:403;2903:372;2904:495;2905:410
328.5117,1788885640.5351,10,1513.11,3276.78,4789.88,210.6,6193.0,57060.5,0.0,12790.024,579.533,306.483,2875:12;2898:432;2899:414;2900:374;2901:365;2902:403;2903:372;2904:495;2905:410
328.6164,1788885640.6398,10,1533.52,3276.78,4810.30,105.0,6228.2,57025.3,0.0,12790.024,579.533,306.483,2875:12;2898:432;2899:414;2900:374;2901:365;2902:403;2903:372;2904:495;2905:410
328.7211,1788885640.7445,10,1547.88,3276.78,4824.66,105.3,6190.0,57063.5,0.0,12819.743,609.251,306.483,2875:12;2898:432;2899:414;2900:374;2901:365;2902:403;2903:372;2904:495;2905:410
328.8256,1788885640.8489,10,1601.30,3276.78,4878.07,133.9,6245.2,57008.3,0.0,12819.743,609.251,306.483,2875:12;2898:432;2899:414;2900:374;2901:365;2902:403;2903:372;2904:495;2905:410
328.9301,1788885640.9535,10,1597.18,3276.78,4873.95,95.6,6276.4,56977.1,0.0,12819.743,609.251,306.483,2875:12;2898:432;2899:414;2900:374;2901:365;2902:403;2903:372;2904:495;2905:410
329.0347,1788885641.0581,10,1597.23,3276.78,4874.00,95.5,6242.8,57010.7,0.0,12819.743,609.251,306.483,2875:12;2898:432;2899:414;2900:374;2901:365;2902:403;2903:372;2904:495;2905:410
329.1393,1788885641.1627,10,1597.23,3276.78,4874.00,105.4,6236.4,57017.1,0.0,12819.743,609.251,306.483,2875:12;2898:432;2899:414;2900:374;2901:365;2902:403;2903:372;2904:495;2905:410
329.2437,1788885641.2670,10,1597.23,3276.78,4874.01,95.7,6224.6,57028.9,0.0,12819.743,609.251,306.483,2875:12;2898:432;2899:414;2900:374;2901:365;2902:403;2903:372;2904:495;2905:410
329.3481,1788885641.3715,10,1597.23,3276.78,4874.01,105.3,6221.0,57032.5,0.0,12819.743,609.251,306.483,2875:12;2898:432;2899:414;2900:374;2901:365;2902:403;2903:372;2904:495;2905:410
329.4526,1788885641.4760,10,1597.23,3276.78,4874.01,105.3,6217.1,57036.4,0.0,12819.743,609.251,306.483,2875:12;2898:432;2899:414;2900:374;2901:365;2902:403;2903:372;2904:495;2905:410
329.5570,1788885641.5804,10,1597.23,3276.78,4874.01,124.6,6204.5,57048.9,0.0,12819.743,609.251,306.483,2875:12;2898:432;2899:414;2900:374;2901:365;2902:403;2903:372;2904:495;2905:410
329.6615,1788885641.6848,10,1597.23,3276.78,4874.01,105.4,6200.6,57052.9,0.0,12819.743,609.251,306.483,2875:12;2898:432;2899:414;2900:374;2901:365;2902:403;2903:372;2904:495;2905:410
329.7659,1788885641.7892,10,1597.23,3276.78,4874.01,95.8,6197.0,57056.5,0.0,12819.743,609.251,306.483,2875:12;2898:432;2899:414;2900:374;2901:365;2902:403;2903:372;2904:495;2905:410
329.8703,1788885641.8937,10,1597.25,3276.78,4874.02,105.3,6193.1,57060.4,0.0,12819.743,609.251,306.483,2875:12;2898:432;2899:414;2900:374;2901:365;2902:403;2903:372;2904:495;2905:410
329.9747,1788885641.9981,10,1597.25,3276.78,4874.03,95.8,6173.4,57080.1,0.0,12819.743,609.251,306.483,2875:12;2898:432;2899:414;2900:374;2901:365;2902:403;2903:372;2904:495;2905:410
330.0791,1788885642.1024,10,1597.25,3276.78,4874.03,95.7,6130.6,57122.9,0.0,12819.743,609.251,306.483,2875:12;2898:432;2899:414;2900:374;2901:365;2902:403;2903:372;2904:495;2905:410
330.1836,1788885642.2070,10,1597.25,3276.78,4874.03,105.3,6127.0,57126.5,0.0,12819.743,609.251,306.483,2875:12;2898:432;2899:414;2900:374;2901:365;2902:403;2903:372;2904:495;2905:410
330.2880,1788885642.3114,10,1597.25,3276.78,4874.03,95.8,6123.5,57130.0,0.0,12819.743,609.251,306.483,2875:12;2898:432;2899:414;2900:374;2901:365;2902:403;2903:372;2904:495;2905:410
330.3925,1788885642.4158,10,1597.25,3276.78,4874.03,105.4,6119.5,57134.0,0.0,12819.743,609.251,306.483,2875:12;2898:432;2899:414;2900:374;2901:365;2902:403;2903:372;2904:495;2905:410
330.4968,1788885642.5202,10,1597.25,3276.78,4874.03,105.4,6116.0,57137.5,0.0,12819.743,609.251,306.483,2875:12;2898:432;2899:414;2900:374;2901:365;2902:403;2903:372;2904:495;2905:410
330.6012,1788885642.6246,10,1597.25,3276.78,4874.03,115.0,6110.2,57143.3,0.0,12819.743,609.251,306.483,2875:12;2898:432;2899:414;2900:374;2901:365;2902:403;2903:372;2904:495;2905:410
330.7056,1788885642.7289,10,1597.25,3276.78,4874.03,95.8,6106.2,57147.3,0.0,12819.743,609.251,306.483,2875:12;2898:432;2899:414;2900:374;2901:365;2902:403;2903:372;2904:495;2905:410
330.8099,1788885642.8333,10,1597.25,3276.78,4874.03,95.8,6102.7,57150.8,0.0,12819.743,609.251,306.483,2875:12;2898:432;2899:414;2900:374;2901:365;2902:403;2903:372;2904:495;2905:410
330.9143,1788885642.9377,10,1597.25,3276.78,4874.03,105.3,6099.1,57154.4,0.0,12819.743,609.251,306.483,2875:12;2898:432;2899:414;2900:374;2901:365;2902:403;2903:372;2904:495;2905:410
331.0188,1788885643.0421,10,1597.25,3276.78,4874.03,105.3,6036.9,57216.5,0.0,12819.743,609.251,306.483,2875:12;2898:432;2899:414;2900:374;2901:365;2902:403;2903:372;2904:495;2905:410
331.1233,1788885643.1466,10,1597.25,3276.47,4873.72,105.3,6027.5,57225.9,0.0,12819.743,609.251,306.483,2875:12;2898:432;2899:414;2900:374;2901:365;2902:403;2903:372;2904:495;2905:410
331.2277,1788885643.2511,10,1597.25,3276.26,4873.51,105.3,6023.3,57230.1,0.0,12819.743,609.251,306.483,2875:12;2898:432;2899:414;2900:373;2901:365;2902:403;2903:372;2904:495;2905:410
331.3321,1788885643.3555,10,1597.25,3275.72,4872.98,95.8,6021.0,57232.5,0.0,12819.743,609.251,306.483,2875:12;2898:432;2899:414;2900:373;2901:365;2902:403;2903:372;2904:495;2905:410
331.4365,1788885643.4599,10,1597.26,3263.88,4861.13,105.4,6014.9,57238.6,0.0,12819.743,609.251,306.483,2875:12;2898:432;2899:414;2900:362;2901:365;2902:403;2903:372;2904:495;2905:410
331.5409,1788885643.5642,10,1597.26,3261.21,4858.47,94.8,6016.2,57237.3,0.0,12819.743,609.251,306.483,2875:12;2898:431;2899:414;2900:361;2901:364;2902:403;2903:372;2904:493;2905:410
331.6463,1788885643.6697,10,1597.26,3260.91,4858.17,124.4,6012.8,57240.7,0.0,12819.743,609.251,306.483,2875:12;2898:431;2899:414;2900:361;2901:364;2902:403;2903:372;2904:493;2905:410
331.7509,1788885643.7743,10,1597.26,3260.43,4857.69,105.3,6016.4,57237.1,0.0,12819.743,609.251,306.483,2875:12;2898:431;2899:414;2900:361;2901:364;2902:403;2903:372;2904:493;2905:410
331.8554,1788885643.8788,10,1597.26,3252.40,4849.66,95.7,5999.3,57254.2,0.0,12819.743,609.251,306.483,2875:12;2898:431;2899:413;2900:361;2901:364;2902:403;2903:372;2904:493;2905:403
331.9599,1788885643.9832,10,1597.26,3252.27,4849.53,95.7,5989.8,57263.6,0.0,12819.743,609.251,306.483,2875:12;2898:431;2899:413;2900:361;2901:364;2902:403;2903:372;2904:493;2905:403
332.0643,1788885644.0877,10,1597.27,3252.27,4849.53,105.4,5909.7,57343.8,0.0,12819.743,609.251,306.483,2875:12;2898:431;2899:413;2900:361;2901:364;2902:403;2903:372;2904:493;2905:403
332.1687,1788885644.1921,10,1597.27,3252.27,4849.53,95.9,5914.1,57339.4,0.0,12819.743,609.251,306.483,2875:12;2898:431;2899:413;2900:361;2901:364;2902:403;2903:372;2904:493;2905:403
332.2730,1788885644.2964,10,1597.27,3252.14,4849.41,105.5,5910.1,57343.4,0.0,12819.743,609.251,306.483,2875:12;2898:431;2899:413;2900:361;2901:364;2902:403;2903:372;2904:493;2905:403
332.3773,1788885644.4007,10,1597.27,3252.02,4849.28,105.4,5898.5,57355.0,0.0,12819.743,609.251,306.483,2875:12;2898:431;2899:413;2900:361;2901:364;2902:403;2903:372;2904:493;2905:403
332.4817,1788885644.5050,10,1597.27,3234.63,4831.89,95.8,5872.3,57381.2,0.0,12819.743,609.251,306.483,2875:12;2898:431;2899:413;2900:361;2901:364;2902:385;2903:372;2904:493;2905:403
332.5860,1788885644.6094,10,1597.27,3234.35,4831.62,143.8,5866.6,57386.8,0.0,12819.743,609.251,306.483,2875:12;2898:431;2899:413;2900:361;2901:364;2902:385;2903:372;2904:493;2905:403
332.6904,1788885644.7138,10,1597.27,3234.35,4831.62,115.1,5871.0,57382.5,0.0,12819.743,609.251,306.483,2875:12;2898:431;2899:413;2900:361;2901:364;2902:385;2903:372;2904:493;2905:403
332.7947,1788885644.8181,10,1597.27,3233.87,4831.14,105.4,5867.0,57386.5,0.0,12819.743,609.251,306.483,2875:12;2898:431;2899:413;2900:361;2901:364;2902:385;2903:372;2904:493;2905:403
332.8990,1788885644.9224,10,1597.27,3233.86,4831.12,105.5,5871.2,57382.3,0.0,12819.743,609.251,306.483,2875:12;2898:431;2899:413;2900:361;2901:364;2902:385;2903:372;2904:493;2905:403
333.0034,1788885645.0268,10,1597.27,3227.99,4825.25,95.8,5835.1,57418.3,0.0,12819.743,609.251,306.483,2875:12;2898:430;2899:413;2900:360;2901:364;2902:385;2903:372;2904:490;2905:402
333.1079,1788885645.1313,10,1597.27,3227.99,4825.25,95.8,5827.2,57426.3,0.0,12819.743,609.251,306.483,2875:12;2898:430;2899:413;2900:360;2901:364;2902:385;2903:372;2904:490;2905:402
333.2121,1788885645.2355,10,1597.27,3227.99,4825.25,105.6,5823.6,57429.8,0.0,12819.743,609.251,306.483,2875:12;2898:430;2899:413;2900:360;2901:364;2902:385;2903:372;2904:490;2905:402
333.3163,1788885645.3397,10,1597.27,3227.99,4825.25,96.1,5828.0,57425.5,0.0,12819.743,609.251,306.483,2875:12;2898:430;2899:413;2900:360;2901:364;2902:385;2903:372;2904:490;2905:402
333.4204,1788885645.4437,10,1597.27,3227.99,4825.25,96.0,5823.8,57429.6,0.0,12819.743,609.251,306.483,2875:12;2898:430;2899:413;2900:360;2901:364;2902:385;2903:372;2904:490;2905:402
333.5245,1788885645.5479,10,1597.27,3227.99,4825.25,105.6,5828.2,57425.3,0.0,12819.743,609.251,306.483,2875:12;2898:430;2899:413;2900:360;2901:364;2902:385;2903:372;2904:490;2905:402
333.6287,1788885645.6520,10,1597.27,3227.99,4825.25,115.1,5824.2,57429.3,0.0,12819.743,609.251,306.483,2875:12;2898:430;2899:413;2900:360;2901:364;2902:385;2903:372;2904:490;2905:402
333.7330,1788885645.7564,10,1597.27,3227.99,4825.25,105.5,5828.9,57424.5,0.0,12819.743,609.251,306.483,2875:12;2898:430;2899:413;2900:360;2901:364;2902:385;2903:372;2904:490;2905:402
333.8373,1788885645.8607,10,1597.27,3227.99,4825.25,105.5,5825.4,57428.1,0.0,12819.743,609.251,306.483,2875:12;2898:430;2899:413;2900:360;2901:364;2902:385;2903:372;2904:490;2905:402
333.9415,1788885645.9649,10,1597.27,3227.99,4825.25,96.0,5801.1,57452.4,0.0,12819.743,609.251,306.483,2875:12;2898:430;2899:413;2900:360;2901:364;2902:385;2903:372;2904:490;2905:402
334.0457,1788885646.0691,10,1597.27,3227.99,4825.26,95.9,5777.2,57476.3,0.0,12819.743,609.251,306.483,2875:12;2898:430;2899:413;2900:360;2901:364;2902:385;2903:372;2904:490;2905:402
334.1499,1788885646.1733,10,1597.27,3227.99,4825.26,105.7,5765.4,57488.0,0.0,12819.743,609.251,306.483,2875:12;2898:430;2899:413;2900:360;2901:364;2902:385;2903:372;2904:490;2905:402
334.2541,1788885646.2774,10,1597.27,3227.99,4825.26,96.0,5765.0,57488.4,0.0,12819.743,609.251,306.483,2875:12;2898:430;2899:413;2900:360;2901:364;2902:385;2903:372;2904:490;2905:402
334.3582,1788885646.3816,10,1597.27,3227.99,4825.26,105.6,5765.0,57488.4,0.0,12819.743,609.251,306.483,2875:12;2898:430;2899:413;2900:360;2901:364;2902:385;2903:372;2904:490;2905:402
334.4624,1788885646.4858,10,1597.27,3227.99,4825.26,96.0,5769.2,57484.3,0.0,12819.743,609.251,306.483,2875:12;2898:430;2899:413;2900:360;2901:364;2902:385;2903:372;2904:490;2905:402
334.5666,1788885646.5900,10,1597.27,3227.99,4825.26,134.4,5758.5,57495.0,0.0,12819.743,609.251,306.483,2875:12;2898:430;2899:413;2900:360;2901:364;2902:385;2903:372;2904:490;2905:402
334.6708,1788885646.6942,10,1597.27,3227.99,4825.26,96.1,5762.5,57491.0,0.0,12819.743,609.251,306.483,2875:12;2898:430;2899:413;2900:360;2901:364;2902:385;2903:372;2904:490;2905:402
334.7749,1788885646.7983,10,1597.29,3227.99,4825.27,96.0,5759.3,57494.2,0.0,12819.743,609.251,306.483,2875:12;2898:430;2899:413;2900:360;2901:364;2902:385;2903:372;2904:490;2905:402
334.8790,1788885646.9024,10,1597.29,3227.99,4825.27,96.0,5759.3,57494.2,0.0,12819.743,609.251,306.483,2875:12;2898:430;2899:413;2900:360;2901:364;2902:385;2903:372;2904:490;2905:402
334.9832,1788885647.0066,10,1597.29,3227.99,4825.27,105.5,5740.6,57512.9,0.0,12819.743,609.251,306.483,2875:12;2898:430;2899:413;2900:360;2901:364;2902:385;2903:372;2904:490;2905:402
335.0875,1788885647.1109,10,1597.29,3227.99,4825.28,96.0,5661.6,57591.9,0.0,12819.743,609.251,306.483,2875:12;2898:430;2899:413;2900:360;2901:364;2902:385;2903:372;2904:490;2905:402
335.1917,1788885647.2151,10,1597.29,3227.99,4825.28,105.6,5661.6,57591.9,0.0,12819.743,609.251,306.483,2875:12;2898:430;2899:413;2900:360;2901:364;2902:385;2903:372;2904:490;2905:402
335.2959,1788885647.3193,10,1597.29,3227.99,4825.28,96.0,5661.6,57591.9,0.0,12819.743,609.251,306.483,2875:12;2898:430;2899:413;2900:360;2901:364;2902:385;2903:372;2904:490;2905:402
335.4001,1788885647.4235,10,1597.43,3227.99,4825.41,105.5,5661.6,57591.9,0.0,12819.743,609.251,306.483,2875:12;2898:430;2899:413;2900:360;2901:364;2902:385;2903:372;2904:490;2905:402
335.5043,1788885647.5277,10,1597.43,3227.99,4825.41,96.0,5661.6,57591.9,0.0,12819.743,609.251,306.483,2875:12;2898:430;2899:413;2900:360;2901:364;2902:385;2903:372;2904:490;2905:402
335.6086,1788885647.6320,10,1597.43,3227.99,4825.42,134.2,5662.3,57591.2,0.0,12819.743,609.251,306.483,2875:12;2898:430;2899:413;2900:360;2901:364;2902:385;2903:372;2904:490;2905:402
335.7130,1788885647.7363,10,1597.43,3227.99,4825.42,95.8,5662.3,57591.2,0.0,12819.743,609.251,306.483,2875:12;2898:430;2899:413;2900:360;2901:364;2902:385;2903:372;2904:490;2905:402
335.8173,1788885647.8407,10,1597.43,3227.99,4825.42,105.5,5662.3,57591.2,0.0,12819.743,609.251,306.483,2875:12;2898:430;2899:413;2900:360;2901:364;2902:385;2903:372;2904:490;2905:402
335.9215,1788885647.9449,10,1597.43,3227.99,4825.42,95.9,5662.3,57591.2,0.0,12819.743,609.251,306.483,2875:12;2898:430;2899:413;2900:360;2901:364;2902:385;2903:372;2904:490;2905:402
336.0258,1788885648.0491,10,1597.57,3227.99,4825.55,105.5,5635.3,57618.2,0.0,12819.743,609.251,306.483,2875:12;2898:430;2899:413;2900:360;2901:364;2902:385;2903:372;2904:490;2905:402
336.1300,1788885648.1534,10,1597.57,3227.99,4825.56,95.9,5621.8,57631.7,0.0,12819.743,609.251,306.483,2875:12;2898:430;2899:413;2900:360;2901:364;2902:385;2903:372;2904:490;2905:402
336.2343,1788885648.2577,10,1597.57,3227.99,4825.56,95.9,5621.8,57631.7,0.0,12819.743,609.251,306.483,2875:12;2898:430;2899:413;2900:360;2901:364;2902:385;2903:372;2904:490;2905:402
336.3386,1788885648.3619,10,1597.57,3227.99,4825.56,105.5,5613.9,57639.5,0.0,12819.743,609.251,306.483,2875:12;2898:430;2899:413;2900:360;2901:364;2902:385;2903:372;2904:490;2905:402
336.4428,1788885648.4662,10,1597.57,3227.99,4825.56,95.9,5613.9,57639.5,0.0,12819.743,609.251,306.483,2875:12;2898:430;2899:413;2900:360;2901:364;2902:385;2903:372;2904:490;2905:402
336.5470,1788885648.5704,10,1597.57,3227.99,4825.56,123.4,5614.4,57639.1,0.0,12819.743,609.251,306.483,2875:12;2898:430;2899:413;2900:360;2901:364;2902:385;2903:372;2904:490;2905:402
336.6525,1788885648.6758,10,1597.57,3227.99,4825.56,105.4,5614.6,57638.8,0.0,12819.743,609.251,306.483,2875:12;2898:430;2899:413;2900:360;2901:364;2902:385;2903:372;2904:490;2905:402
336.7569,1788885648.7803,10,1597.57,3227.99,4825.56,105.4,5614.6,57638.8,0.0,12819.743,609.251,306.483,2875:12;2898:430;2899:413;2900:360;2901:364;2902:385;2903:372;2904:490;2905:402
336.8611,1788885648.8845,10,1597.57,3227.99,4825.56,95.9,5614.6,57638.8,0.0,12819.743,609.251,306.483,2875:12;2898:430;2899:413;2900:360;2901:364;2902:385;2903:372;2904:490;2905:402
336.9653,1788885648.9887,10,1639.98,3227.99,4867.97,115.1,5658.6,57594.8,0.0,12819.743,609.251,306.483,2875:12;2898:430;2899:413;2900:360;2901:364;2902:385;2903:372;2904:490;2905:402
337.0696,1788885649.0930,10,1684.96,3227.99,4912.95,86.4,5673.6,57579.9,0.0,12819.743,609.251,306.483,2875:12;2898:430;2899:413;2900:360;2901:364;2902:385;2903:372;2904:490;2905:402
337.1738,1788885649.1972,10,1729.83,3227.99,4957.82,105.5,5712.7,57540.8,0.0,12819.743,609.251,306.483,2875:12;2898:430;2899:413;2900:360;2901:364;2902:385;2903:372;2904:490;2905:402
337.2780,1788885649.3014,10,1774.80,3227.99,5002.79,96.0,5760.0,57493.4,0.0,12819.743,609.251,306.483,2875:12;2898:430;2899:413;2900:360;2901:364;2902:385;2903:372;2904:490;2905:402
337.3823,1788885649.4056,10,1810.99,3227.99,5038.98,105.6,5799.5,57454.0,0.0,12819.743,609.251,306.483,2875:12;2898:430;2899:413;2900:360;2901:364;2902:385;2903:372;2904:490;2905:402
337.4865,1788885649.5098,10,1810.99,3227.99,5038.98,95.9,5799.5,57454.0,0.0,12819.743,609.251,306.483,2875:12;2898:430;2899:413;2900:360;2901:364;2902:385;2903:372;2904:490;2905:402
337.5908,1788885649.6141,10,1810.99,3227.99,5038.98,124.5,5800.9,57452.6,0.0,12819.743,609.251,306.483,2875:12;2898:430;2899:413;2900:360;2901:364;2902:385;2903:372;2904:490;2905:402
337.6952,1788885649.7186,10,1810.99,3227.99,5038.98,95.8,5800.9,57452.6,0.0,12819.743,609.251,306.483,2875:12;2898:430;2899:413;2900:360;2901:364;2902:385;2903:372;2904:490;2905:402
337.7995,1788885649.8229,10,1810.99,3227.99,5038.98,105.5,5800.9,57452.6,0.0,12819.743,609.251,306.483,2875:12;2898:430;2899:413;2900:360;2901:364;2902:385;2903:372;2904:490;2905:402
337.9038,1788885649.9272,10,1810.99,3227.99,5038.98,95.9,5800.9,57452.6,0.0,12819.743,609.251,306.483,2875:12;2898:430;2899:413;2900:360;2901:364;2902:385;2903:372;2904:490;2905:402
338.0081,1788885650.0314,10,1810.99,3227.99,5038.98,105.5,5788.7,57464.8,0.0,12819.743,609.251,306.483,2875:12;2898:430;2899:413;2900:360;2901:364;2902:385;2903:372;2904:490;2905:402
338.1124,1788885650.1358,10,1811.00,3227.99,5038.98,95.9,5761.8,57491.7,0.0,12819.743,609.251,306.483,2875:12;2898:430;2899:413;2900:360;2901:364;2902:385;2903:372;2904:490;2905:402
338.2166,1788885650.2400,10,1811.00,3227.99,5038.98,105.5,5761.8,57491.7,0.0,12819.743,609.251,306.483,2875:12;2898:430;2899:413;2900:360;2901:364;2902:385;2903:372;2904:490;2905:402
338.3208,1788885650.3442,10,1811.00,3227.99,5038.98,95.9,5761.8,57491.7,0.0,12819.743,609.251,306.483,2875:12;2898:430;2899:413;2900:360;2901:364;2902:385;2903:372;2904:490;2905:402
338.4250,1788885650.4484,10,1811.00,3227.99,5038.98,105.6,5761.8,57491.7,0.0,12819.743,609.251,306.483,2875:12;2898:430;2899:413;2900:360;2901:364;2902:385;2903:372;2904:490;2905:402
338.5292,1788885650.5526,10,1846.40,3227.99,5074.39,96.0,5792.2,57461.3,0.0,12819.743,609.251,306.483,2875:12;2898:430;2899:413;2900:360;2901:364;2902:385;2903:372;2904:490;2905:402
338.6335,1788885650.6568,10,1887.83,3227.99,5115.82,134.2,5844.1,57409.4,0.0,12819.743,609.251,306.483,2875:12;2898:430;2899:413;2900:360;2901:364;2902:385;2903:372;2904:490;2905:402
338.7379,1788885650.7613,10,1895.37,3227.99,5123.36,95.9,5850.0,57403.5,0.0,12819.743,609.251,306.483,2875:12;2898:430;2899:413;2900:360;2901:364;2902:385;2903:372;2904:490;2905:402
338.8422,1788885650.8655,10,1895.37,3227.99,5123.36,95.9,5847.6,57405.8,0.0,12819.743,609.251,306.483,2875:12;2898:430;2899:413;2900:360;2901:364;2902:385;2903:372;2904:490;2905:402
338.9464,1788885650.9698,10,1895.37,3227.99,5123.36,105.5,5852.4,57401.1,0.0,12819.743,609.251,306.483,2875:12;2898:430;2899:413;2900:360;2901:364;2902:385;2903:372;2904:490;2905:402
339.0506,1788885651.0740,10,1895.37,3227.99,5123.36,95.9,5815.9,57437.6,0.0,12819.743,609.251,306.483,2875:12;2898:430;2899:413;2900:360;2901:364;2902:385;2903:372;2904:490;2905:402
339.1549,1788885651.1782,10,1895.37,3227.99,5123.36,105.5,5811.1,57442.3,0.0,12819.743,609.251,306.483,2875:12;2898:430;2899:413;2900:360;2901:364;2902:385;2903:372;2904:490;2905:402
339.2592,1788885651.2826,10,1895.37,3227.99,5123.36,96.0,5808.9,57444.6,0.0,12819.743,609.251,306.483,2875:12;2898:430;2899:413;2900:360;2901:364;2902:385;2903:372;2904:490;2905:402
339.3634,1788885651.3867,10,1895.37,3227.99,5123.36,105.6,5812.8,57440.6,0.0,12819.743,609.251,306.483,2875:12;2898:430;2899:413;2900:360;2901:364;2902:385;2903:372;2904:490;2905:402
339.4676,1788885651.4909,10,1895.37,3227.99,5123.36,95.9,5810.1,57443.4,0.0,12819.743,609.251,306.483,2875:12;2898:430;2899:413;2900:360;2901:364;2902:385;2903:372;2904:490;2905:402
339.5718,1788885651.5952,10,1895.37,3227.99,5123.36,134.2,5818.2,57435.2,0.0,12819.743,609.252,306.483,2875:12;2898:430;2899:413;2900:360;2901:364;2902:385;2903:372;2904:490;2905:402
339.6762,1788885651.6996,10,1895.37,3227.99,5123.36,95.9,5815.7,57437.8,0.0,12819.743,609.252,306.483,2875:12;2898:430;2899:413;2900:360;2901:364;2902:385;2903:372;2904:490;2905:402
339.7804,1788885651.8038,10,1895.37,3227.99,5123.36,95.9,5812.9,57440.6,0.0,12819.745,609.253,306.483,2875:12;2898:430;2899:413;2900:360;2901:364;2902:385;2903:372;2904:490;2905:402
339.8847,1788885651.9080,10,1895.37,3227.99,5123.36,115.1,5818.0,57435.4,0.0,12819.746,609.254,306.483,2875:12;2898:430;2899:413;2900:360;2901:364;2902:385;2903:372;2904:490;2905:402
339.9889,1788885652.0122,10,1895.37,3227.99,5123.36,96.0,5812.1,57441.4,0.0,12819.746,609.254,306.483,2875:12;2898:430;2899:413;2900:360;2901:364;2902:385;2903:372;2904:490;2905:402
340.0931,1788885652.1164,10,1895.37,3227.99,5123.36,96.0,5758.4,57495.1,0.0,12819.746,609.254,306.483,2875:12;2898:430;2899:413;2900:360;2901:364;2902:385;2903:372;2904:490;2905:402
340.1973,1788885652.2206,10,1895.37,3227.99,5123.36,105.6,5758.8,57494.7,0.0,12819.746,609.254,306.483,2875:12;2898:430;2899:413;2900:360;2901:364;2902:385;2903:372;2904:490;2905:402
340.3015,1788885652.3248,10,1895.37,3227.99,5123.36,96.0,5759.9,57493.5,0.0,12819.746,609.255,306.483,2875:12;2898:430;2899:413;2900:360;2901:364;2902:385;2903:372;2904:490;2905:402
340.4056,1788885652.4290,10,1895.37,3227.99,5123.36,96.0,5757.4,57496.1,0.0,12819.746,609.255,306.483,2875:12;2898:430;2899:413;2900:360;2901:364;2902:385;2903:372;2904:490;2905:402
340.5098,1788885652.5332,10,1895.37,3227.99,5123.36,105.5,5766.0,57487.5,0.0,12819.747,609.255,306.483,2875:12;2898:430;2899:413;2900:360;2901:364;2902:385;2903:372;2904:490;2905:402
340.6141,1788885652.6375,10,1895.37,3227.99,5123.36,115.0,5767.0,57486.5,0.0,12819.750,609.258,306.483,2875:12;2898:430;2899:413;2900:360;2901:364;2902:385;2903:372;2904:490;2905:402
340.7186,1788885652.7419,10,1895.37,3227.99,5123.36,105.3,5767.3,57486.2,0.0,12819.750,609.258,306.483,2875:12;2898:430;2899:413;2900:360;2901:364;2902:385;2903:372;2904:490;2905:402
340.8231,1788885652.8464,10,1895.37,3227.99,5123.36,95.7,5772.3,57481.1,0.0,12819.752,609.260,306.483,2875:12;2898:430;2899:413;2900:360;2901:364;2902:385;2903:372;2904:490;2905:402
340.9275,1788885652.9509,10,1895.37,3227.99,5123.36,105.4,5769.7,57483.8,0.0,12819.752,609.260,306.483,2875:12;2898:430;2899:413;2900:360;2901:364;2902:385;2903:372;2904:490;2905:402
341.0318,1788885653.0552,10,1895.37,3227.99,5123.36,95.8,5747.3,57506.2,0.0,12819.752,609.261,306.483,2875:12;2898:430;2899:413;2900:360;2901:364;2902:385;2903:372;2904:490;2905:402
341.1362,1788885653.1595,10,1895.37,3227.99,5123.36,95.8,5731.6,57521.9,0.0,12819.752,609.261,306.483,2875:12;2898:430;2899:413;2900:360;2901:364;2902:385;2903:372;2904:490;2905:402
341.2405,1788885653.2639,10,1895.37,3227.99,5123.36,114.9,5734.3,57519.2,0.0,12819.753,609.262,306.640,2875:12;2898:430;2899:413;2900:360;2901:364;2902:385;2903:372;2904:490;2905:402
341.3449,1788885653.3683,10,1895.37,3227.99,5123.36,95.8,5736.6,57516.8,0.0,12819.755,609.264,306.640,2875:12;2898:430;2899:413;2900:360;2901:364;2902:385;2903:372;2904:490;2905:402
341.4493,1788885653.4727,10,1895.37,3227.99,5123.36,105.4,5738.8,57514.7,0.0,12819.757,609.265,306.640,2875:12;2898:430;2899:413;2900:360;2901:364;2902:385;2903:372;2904:490;2905:402
341.5537,1788885653.5771,10,1895.37,3227.99,5123.36,134.2,5736.3,57517.2,0.0,12819.758,609.267,306.640,2875:12;2898:430;2899:413;2900:360;2901:364;2902:385;2903:372;2904:490;2905:402
341.6581,1788885653.6814,10,1895.37,3227.99,5123.36,105.4,5745.2,57508.3,0.0,12819.759,609.267,306.640,2875:12;2898:430;2899:413;2900:360;2901:364;2902:385;2903:372;2904:490;2905:402
341.7625,1788885653.7859,10,1895.38,3227.99,5123.36,105.5,5742.5,57511.0,0.0,12819.759,609.268,306.640,2875:12;2898:430;2899:413;2900:360;2901:364;2902:385;2903:372;2904:490;2905:402
341.8668,1788885653.8901,10,1895.38,3227.99,5123.36,105.5,5739.7,57513.8,0.0,12819.759,609.268,306.640,2875:12;2898:430;2899:413;2900:360;2901:364;2902:385;2903:372;2904:490;2905:402
341.9710,1788885653.9944,10,1895.38,3227.99,5123.36,105.5,5737.9,57515.5,0.0,12819.759,609.268,306.640,2875:12;2898:430;2899:413;2900:360;2901:364;2902:385;2903:372;2904:490;2905:402
342.0753,1788885654.0987,10,1895.38,3227.99,5123.37,96.0,5713.2,57540.3,0.0,12819.760,609.269,306.640,2875:12;2898:430;2899:413;2900:360;2901:364;2902:385;2903:372;2904:490;2905:402
342.1795,1788885654.2029,10,1895.38,3227.99,5123.37,105.5,5713.6,57539.9,0.0,12819.761,609.271,306.640,2875:12;2898:430;2899:413;2900:360;2901:364;2902:385;2903:372;2904:490;2905:402
342.2838,1788885654.3072,10,1895.38,3227.99,5123.37,95.8,5716.7,57536.8,0.0,12819.762,609.271,306.640,2875:12;2898:430;2899:413;2900:360;2901:364;2902:385;2903:372;2904:490;2905:402
342.3882,1788885654.4116,10,1895.38,3227.99,5123.37,95.8,5714.5,57539.0,0.0,12819.762,609.271,306.640,2875:12;2898:430;2899:413;2900:360;2901:364;2902:385;2903:372;2904:490;2905:402
342.4926,1788885654.5160,10,1895.38,3227.99,5123.37,105.4,5711.6,57541.9,0.0,12819.763,609.272,306.640,2875:12;2898:430;2899:413;2900:360;2901:364;2902:385;2903:372;2904:490;2905:402
342.5969,1788885654.6203,10,1895.38,3227.99,5123.37,124.7,5712.2,57541.3,0.0,12819.763,609.272,306.640,2875:12;2898:430;2899:413;2900:360;2901:364;2902:385;2903:372;2904:490;2905:402
342.7012,1788885654.7246,10,1895.38,3227.99,5123.37,95.9,5713.4,57540.1,0.0,12819.763,609.272,306.640,2875:12;2898:430;2899:413;2900:360;2901:364;2902:385;2903:372;2904:490;2905:402
342.8056,1788885654.8289,10,1895.38,3227.99,5123.37,115.0,5718.5,57535.0,0.0,12819.763,609.272,306.640,2875:12;2898:430;2899:413;2900:360;2901:364;2902:385;2903:372;2904:490;2905:402
342.9098,1788885654.9332,10,1895.38,3227.99,5123.37,96.0,5716.1,57537.3,0.0,12819.763,609.272,306.640,2875:12;2898:430;2899:413;2900:360;2901:364;2902:385;2903:372;2904:490;2905:402
343.0140,1788885655.0374,10,1895.38,3227.99,5123.37,95.9,5688.4,57565.1,0.0,12819.763,609.273,306.640,2875:12;2898:430;2899:413;2900:360;2901:364;2902:385;2903:372;2904:490;2905:402
343.1183,1788885655.1417,10,1895.38,3227.99,5123.37,105.6,5660.7,57592.7,0.0,12819.763,609.273,306.640,2875:12;2898:430;2899:413;2900:360;2901:364;2902:385;2903:372;2904:490;2905:402
343.2225,1788885655.2459,10,1895.38,3227.99,5123.37,96.0,5658.4,57595.1,0.0,12819.763,609.273,306.640,2875:12;2898:430;2899:413;2900:360;2901:364;2902:385;2903:372;2904:490;2905:402
343.3266,1788885655.3500,10,1895.38,3227.99,5123.37,96.0,5655.6,57597.9,0.0,12819.763,609.273,306.640,2875:12;2898:430;2899:413;2900:360;2901:364;2902:385;2903:372;2904:490;2905:402
343.4308,1788885655.4542,10,1895.38,3227.99,5123.37,115.2,5653.2,57600.2,0.0,12819.764,609.273,306.640,2875:12;2898:430;2899:413;2900:360;2901:364;2902:385;2903:372;2904:490;2905:402
343.5349,1788885655.5583,10,1895.38,3227.99,5123.37,96.0,5650.3,57603.2,0.0,12819.764,609.273,306.640,2875:12;2898:430;2899:413;2900:360;2901:364;2902:385;2903:372;2904:490;2905:402
343.6392,1788885655.6625,10,1895.38,3227.99,5123.37,124.7,5647.9,57605.6,0.0,12819.764,609.273,306.640,2875:12;2898:430;2899:413;2900:360;2901:364;2902:385;2903:372;2904:490;2905:402
343.7435,1788885655.7669,10,1895.38,3227.99,5123.37,105.4,5647.9,57605.6,0.0,12819.764,609.273,306.640,2875:12;2898:430;2899:413;2900:360;2901:364;2902:385;2903:372;2904:490;2905:402
343.8478,1788885655.8712,10,1895.38,3227.99,5123.37,95.9,5649.1,57604.4,0.0,12819.764,609.273,306.640,2875:12;2898:430;2899:413;2900:360;2901:364;2902:385;2903:372;2904:490;2905:402
343.9521,1788885655.9755,10,1895.38,3227.99,5123.37,115.1,5654.6,57598.8,0.0,12819.764,609.273,306.640,2875:12;2898:430;2899:413;2900:360;2901:364;2902:385;2903:372;2904:490;2905:402
344.0563,1788885656.0797,10,1895.38,3227.99,5123.37,96.0,5634.1,57619.4,0.0,12819.764,609.273,306.640,2875:12;2898:430;2899:413;2900:360;2901:364;2902:385;2903:372;2904:490;2905:402
344.1605,1788885656.1839,10,1895.38,3227.99,5123.37,95.9,5630.7,57622.8,0.0,12819.764,609.273,306.640,2875:12;2898:430;2899:413;2900:360;2901:364;2902:385;2903:372;2904:490;2905:402
344.2648,1788885656.2881,10,1895.38,3227.99,5123.37,105.6,5629.9,57623.6,0.0,12819.764,609.273,306.640,2875:12;2898:430;2899:413;2900:360;2901:364;2902:385;2903:372;2904:490;2905:402
344.3689,1788885656.3923,10,1895.38,3227.99,5123.37,105.5,5632.3,57621.2,0.0,12819.764,609.273,306.640,2875:12;2898:430;2899:413;2900:360;2901:364;2902:385;2903:372;2904:490;2905:402
344.4733,1788885656.4967,10,1895.38,3227.99,5123.37,95.9,5629.5,57624.0,0.0,12819.765,609.274,306.640,2875:12;2898:430;2899:413;2900:360;2901:364;2902:385;2903:372;2904:490;2905:402
344.5776,1788885656.6010,10,1895.38,3227.99,5123.37,124.7,5630.4,57623.1,0.0,12819.765,609.274,306.640,2875:12;2898:430;2899:413;2900:360;2901:364;2902:385;2903:372;2904:490;2905:402
344.6818,1788885656.7052,10,1895.38,3227.99,5123.37,95.9,5628.0,57625.5,0.0,12819.767,609.276,306.640,2875:12;2898:430;2899:413;2900:360;2901:364;2902:385;2903:372;2904:490;2905:402
344.7861,1788885656.8095,10,1895.38,3227.99,5123.37,105.6,5625.3,57628.2,0.0,12819.767,609.276,306.640,2875:12;2898:430;2899:413;2900:360;2901:364;2902:385;2903:372;2904:490;2905:402
344.8903,1788885656.9137,10,1895.38,3227.99,5123.37,105.6,5630.4,57623.1,0.0,12819.767,609.276,306.640,2875:12;2898:430;2899:413;2900:360;2901:364;2902:385;2903:372;2904:490;2905:402
344.9944,1788885657.0178,10,1751.38,3227.99,4979.37,95.9,5617.2,57636.3,0.0,12819.767,609.276,306.640,2875:12;2898:430;2899:413;2900:360;2901:364;2902:385;2903:372;2904:490;2905:402
345.0987,1788885657.1221,10,1598.85,3227.99,4826.84,95.9,5441.6,57811.9,0.0,12819.767,609.276,306.640,2875:12;2898:430;2899:413;2900:360;2901:364;2902:385;2903:372;2904:490;2905:402
345.2030,1788885657.2264,10,1598.85,3227.99,4826.84,105.5,5441.8,57811.6,0.0,12819.767,609.276,306.640,2875:12;2898:430;2899:413;2900:360;2901:364;2902:385;2903:372;2904:490;2905:402
345.3073,1788885657.3306,10,1598.85,3227.99,4826.84,105.4,5446.0,57807.4,0.0,12819.769,609.278,306.640,2875:12;2898:430;2899:413;2900:360;2901:364;2902:385;2903:372;2904:490;2905:402
345.4117,1788885657.4351,10,1598.85,3227.99,4826.84,105.4,5446.0,57807.4,0.0,12819.769,609.278,306.640,2875:12;2898:430;2899:413;2900:360;2901:364;2902:385;2903:372;2904:490;2905:402
345.5160,1788885657.5394,10,1598.85,3227.99,4826.84,95.8,5448.5,57804.9,0.0,12819.769,609.278,306.640,2875:12;2898:430;2899:413;2900:360;2901:364;2902:385;2903:372;2904:490;2905:402
345.6204,1788885657.6438,10,1598.86,3227.99,4826.84,124.5,5448.5,57804.9,0.0,12819.769,609.279,306.640,2875:12;2898:430;2899:413;2900:360;2901:364;2902:385;2903:372;2904:490;2905:402
345.7249,1788885657.7482,10,1598.86,3227.99,4826.84,95.8,5448.5,57804.9,0.0,12819.769,609.279,306.640,2875:12;2898:430;2899:413;2900:360;2901:364;2902:385;2903:372;2904:490;2905:402
345.8292,1788885657.8525,10,1598.86,3227.99,4826.84,95.9,5448.5,57804.9,0.0,12819.770,609.279,306.640,2875:12;2898:430;2899:413;2900:360;2901:364;2902:385;2903:372;2904:490;2905:402
345.9335,1788885657.9568,10,1598.86,3227.99,4826.84,105.4,5449.0,57804.4,0.0,12819.770,609.280,306.640,2875:12;2898:430;2899:413;2900:360;2901:364;2902:385;2903:372;2904:490;2905:402
346.0378,1788885658.0612,10,1598.86,3227.99,4826.85,95.8,5409.0,57844.5,0.0,12819.770,609.280,306.640,2875:12;2898:430;2899:413;2900:360;2901:364;2902:385;2903:372;2904:490;2905:402
346.1422,1788885658.1656,10,1598.86,3227.99,4826.85,105.5,5401.5,57852.0,0.0,12819.770,609.280,306.640,2875:12;2898:430;2899:413;2900:360;2901:364;2902:385;2903:372;2904:490;2905:402
346.2465,1788885658.2699,10,1598.86,3227.99,4826.85,96.0,5401.5,57852.0,0.0,12819.770,609.280,306.640,2875:12;2898:430;2899:413;2900:360;2901:364;2902:385;2903:372;2904:490;2905:402
346.3507,1788885658.3740,10,1598.86,3227.99,4826.85,105.5,5400.6,57852.9,0.0,12819.770,609.280,306.640,2875:12;2898:430;2899:413;2900:360;2901:364;2902:385;2903:372;2904:490;2905:402
346.4549,1788885658.4783,10,1598.86,3227.99,4826.85,96.0,5400.3,57853.1,0.0,12819.770,609.280,306.640,2875:12;2898:430;2899:413;2900:360;2901:364;2902:385;2903:372;2904:490;2905:402
346.5592,1788885658.5825,10,1598.86,3227.99,4826.85,115.2,5401.3,57852.2,0.0,12819.770,609.280,306.640,2875:12;2898:430;2899:413;2900:360;2901:364;2902:385;2903:372;2904:490;2905:402
346.6633,1788885658.6867,10,1598.86,3227.99,4826.85,96.0,5401.3,57852.2,0.0,12819.770,609.280,306.640,2875:12;2898:430;2899:413;2900:360;2901:364;2902:385;2903:372;2904:490;2905:402
346.7674,1788885658.7908,10,1598.86,3227.99,4826.85,105.6,5401.3,57852.2,0.0,12819.770,609.280,306.640,2875:12;2898:430;2899:413;2900:360;2901:364;2902:385;2903:372;2904:490;2905:402
346.8716,1788885658.8950,10,1598.86,3227.99,4826.85,96.0,5401.3,57852.2,0.0,12819.770,609.280,306.640,2875:12;2898:430;2899:413;2900:360;2901:364;2902:385;2903:372;2904:490;2905:402
346.9757,1788885658.9991,10,1598.86,3227.99,4826.85,105.6,5401.3,57852.2,0.0,12819.770,609.280,306.640,2875:12;2898:430;2899:413;2900:360;2901:364;2902:385;2903:372;2904:490;2905:402
347.0799,1788885659.1033,10,1598.86,3227.99,4826.85,95.9,5385.6,57867.9,0.0,12819.770,609.280,306.640,2875:12;2898:430;2899:413;2900:360;2901:364;2902:385;2903:372;2904:490;2905:402
347.1841,1788885659.2075,10,1598.86,3227.99,4826.85,96.0,5377.7,57875.8,0.0,12819.770,609.280,306.640,2875:12;2898:430;2899:413;2900:360;2901:364;2902:385;2903:372;2904:490;2905:402
347.2883,1788885659.3117,10,1598.86,3227.99,4826.85,105.6,5377.7,57875.8,0.0,12819.770,609.280,306.640,2875:12;2898:430;2899:413;2900:360;2901:364;2902:385;2903:372;2904:490;2905:402
347.3925,1788885659.4158,10,1598.86,3227.99,4826.85,95.9,5377.7,57875.8,0.0,12819.770,609.280,306.640,2875:12;2898:430;2899:413;2900:360;2901:364;2902:385;2903:372;2904:490;2905:402
347.4967,1788885659.5201,10,1598.88,3227.99,4826.87,105.5,5377.7,57875.8,0.0,12819.770,609.280,306.640,2875:12;2898:430;2899:413;2900:360;2901:364;2902:385;2903:372;2904:490;2905:402
347.6009,1788885659.6243,10,1598.88,3227.99,4826.87,124.6,5374.1,57879.3,0.0,12819.770,609.280,306.640,2875:12;2898:430;2899:413;2900:360;2901:364;2902:385;2903:372;2904:490;2905:402
347.7053,1788885659.7287,10,1598.88,3227.99,4826.87,105.5,5374.1,57879.3,0.0,12819.770,609.280,306.640,2875:12;2898:430;2899:413;2900:360;2901:364;2902:385;2903:372;2904:490;2905:402
347.8096,1788885659.8330,10,1598.88,3227.99,4826.87,105.5,5374.1,57879.3,0.0,12819.770,609.280,306.640,2875:12;2898:430;2899:413;2900:360;2901:364;2902:385;2903:372;2904:490;2905:402
347.9138,1788885659.9372,10,1598.88,3227.99,4826.87,105.4,5374.6,57878.9,0.0,12819.770,609.280,306.640,2875:12;2898:430;2899:413;2900:360;2901:364;2902:385;2903:372;2904:490;2905:402
348.0182,1788885660.0416,10,1598.88,3227.99,4826.87,95.8,5362.0,57891.4,0.0,12819.772,609.281,306.640,2875:12;2898:430;2899:413;2900:360;2901:364;2902:385;2903:372;2904:490;2905:402
348.1225,1788885660.1459,10,1598.89,3227.99,4826.88,96.0,5353.9,57899.6,0.0,12819.772,609.281,306.640,2875:12;2898:430;2899:413;2900:360;2901:364;2902:385;2903:372;2904:490;2905:402
348.2267,1788885660.2501,10,1598.89,3227.99,4826.88,105.6,5353.9,57899.6,0.0,12819.773,609.283,306.640,2875:12;2898:430;2899:413;2900:360;2901:364;2902:385;2903:372;2904:490;2905:402
348.3309,1788885660.3543,10,1598.89,3227.99,4826.88,96.0,5353.9,57899.6,0.0,12819.773,609.283,306.640,2875:12;2898:430;2899:413;2900:360;2901:364;2902:385;2903:372;2904:490;2905:402
348.4351,1788885660.4584,10,1598.89,3227.99,4826.88,105.6,5353.9,57899.6,0.0,12819.773,609.283,306.640,2875:12;2898:430;2899:413;2900:360;2901:364;2902:385;2903:372;2904:490;2905:402
348.5392,1788885660.5626,10,1598.89,3227.99,4826.88,115.2,5353.9,57899.6,0.0,12819.773,609.283,306.640,2875:12;2898:430;2899:413;2900:360;2901:364;2902:385;2903:372;2904:490;2905:402
348.6434,1788885660.6667,10,1598.89,3227.99,4826.88,124.7,5353.8,57899.6,0.0,12819.773,609.283,306.640,2875:12;2898:430;2899:413;2900:360;2901:364;2902:385;2903:372;2904:490;2905:402
348.7477,1788885660.7711,10,1598.89,3227.99,4826.88,95.9,5353.8,57899.6,0.0,12819.774,609.283,306.640,2875:12;2898:430;2899:413;2900:360;2901:364;2902:385;2903:372;2904:490;2905:402
348.8520,1788885660.8754,10,1598.89,3227.99,4826.88,105.5,5356.7,57896.8,0.0,12819.775,609.285,306.640,2875:12;2898:430;2899:413;2900:360;2901:364;2902:385;2903:372;2904:490;2905:402
348.9562,1788885660.9796,10,1598.89,3227.99,4826.88,95.9,5356.9,57896.6,0.0,12819.775,609.285,306.640,2875:12;2898:430;2899:413;2900:360;2901:364;2902:385;2903:372;2904:490;2905:402
349.0604,1788885661.0838,10,1598.89,3227.99,4826.88,95.9,5337.0,57916.4,0.0,12819.776,609.285,306.640,2875:12;2898:430;2899:413;2900:360;2901:364;2902:385;2903:372;2904:490;2905:402
349.1647,1788885661.1881,10,1598.89,3227.99,4826.88,105.6,5336.2,57917.3,0.0,12819.776,609.286,306.640,2875:12;2898:430;2899:413;2900:360;2901:364;2902:385;2903:372;2904:490;2905:402
349.2689,1788885661.2923,10,1598.89,3227.99,4826.88,96.0,5335.8,57917.7,0.0,12819.776,609.286,306.640,2875:12;2898:430;2899:413;2900:360;2901:364;2902:385;2903:372;2904:490;2905:402
349.3730,1788885661.3964,10,1598.89,3227.99,4826.88,105.6,5335.8,57917.7,0.0,12819.776,609.286,306.640,2875:12;2898:430;2899:413;2900:360;2901:364;2902:385;2903:372;2904:490;2905:402
349.4773,1788885661.5006,10,1598.89,3227.99,4826.88,95.9,5335.8,57917.7,0.0,12819.776,609.286,306.640,2875:12;2898:430;2899:413;2900:360;2901:364;2902:385;2903:372;2904:490;2905:402
349.5815,1788885661.6049,10,1598.89,3227.99,4826.88,105.4,5336.7,57916.7,0.0,12819.777,609.287,306.640,2875:12;2898:430;2899:413;2900:360;2901:364;2902:385;2903:372;2904:490;2905:402
349.6859,1788885661.7093,10,1598.89,3227.99,4826.88,95.8,5336.3,57917.1,0.0,12819.779,609.288,306.640,2875:12;2898:430;2899:413;2900:360;2901:364;2902:385;2903:372;2904:490;2905:402
349.7904,1788885661.8137,10,1598.89,3227.99,4826.88,105.4,5336.3,57917.1,0.0,12819.779,609.288,306.640,2875:12;2898:430;2899:413;2900:360;2901:364;2902:385;2903:372;2904:490;2905:402
349.8947,1788885661.9181,10,1598.89,3227.99,4826.88,95.8,5336.3,57917.1,0.0,12819.780,609.290,306.640,2875:12;2898:430;2899:413;2900:360;2901:364;2902:385;2903:372;2904:490;2905:402
349.9990,1788885662.0224,10,1598.89,3227.99,4826.88,105.5,5335.9,57917.5,0.0,12819.780,609.290,306.640,2875:12;2898:430;2899:413;2900:360;2901:364;2902:385;2903:372;2904:490;2905:402
350.1033,1788885662.1267,10,1598.89,3227.99,4826.88,95.9,5323.2,57930.3,0.0,12819.780,609.290,306.640,2875:12;2898:430;2899:413;2900:360;2901:364;2902:385;2903:372;2904:490;2905:402
350.2076,1788885662.2310,10,1598.89,3227.99,4826.88,105.5,5323.2,57930.3,0.0,12819.780,609.290,306.640,2875:12;2898:430;2899:413;2900:360;2901:364;2902:385;2903:372;2904:490;2905:402
350.3118,1788885662.3352,10,1598.89,3227.99,4826.88,95.9,5323.2,57930.3,0.0,12819.780,609.290,306.640,2875:12;2898:430;2899:413;2900:360;2901:364;2902:385;2903:372;2904:490;2905:402
350.4160,1788885662.4394,10,1598.89,3227.99,4826.88,95.9,5323.2,57930.3,0.0,12819.780,609.290,306.640,2875:12;2898:430;2899:413;2900:360;2901:364;2902:385;2903:372;2904:490;2905:402
350.5203,1788885662.5437,10,1598.89,3227.99,4826.88,113.3,5324.6,57928.9,0.0,12819.781,609.291,306.640,2875:12;2898:430;2899:413;2900:360;2901:364;2902:385;2903:372;2904:490;2905:402
350.6261,1788885662.6495,10,1598.89,3227.99,4826.88,124.6,5318.5,57934.9,0.0,12819.782,609.292,306.640,2875:12;2898:430;2899:413;2900:360;2901:364;2902:385;2903:372;2904:490;2905:402
350.7305,1788885662.7539,10,1598.89,3227.99,4826.88,95.8,5312.5,57941.0,0.0,12819.783,609.292,306.640,2875:12;2898:430;2899:413;2900:360;2901:364;2902:385;2903:372;2904:490;2905:402
350.8349,1788885662.8583,10,1598.89,3227.99,4826.88,105.4,5312.5,57941.0,0.0,12819.783,609.293,306.640,2875:12;2898:430;2899:413;2900:360;2901:364;2902:385;2903:372;2904:490;2905:402
350.9393,1788885662.9626,10,1598.89,3227.99,4826.88,105.5,5312.5,57941.0,0.0,12819.783,609.293,306.640,2875:12;2898:430;2899:413;2900:360;2901:364;2902:385;2903:372;2904:490;2905:402
351.0435,1788885663.0669,10,1598.90,3227.99,4826.89,95.9,5298.9,57954.6,0.0,12819.783,609.293,306.640,2875:12;2898:430;2899:413;2900:360;2901:364;2902:385;2903:372;2904:490;2905:402
351.1478,1788885663.1711,10,1598.90,3227.99,4826.89,105.5,5298.9,57954.6,0.0,12819.783,609.293,306.640,2875:12;2898:430;2899:413;2900:360;2901:364;2902:385;2903:372;2904:490;2905:402
351.2520,1788885663.2754,10,1598.90,3227.99,4826.89,95.9,5298.9,57954.6,0.0,12819.783,609.293,306.640,2875:12;2898:430;2899:413;2900:360;2901:364;2902:385;2903:372;2904:490;2905:402
351.3563,1788885663.3796,10,1598.90,3227.99,4826.89,105.6,5295.9,57957.6,0.0,12819.783,609.293,306.640,2875:12;2898:430;2899:413;2900:360;2901:364;2902:385;2903:372;2904:490;2905:402
351.4605,1788885663.4838,10,1598.90,3227.99,4826.89,95.9,5295.9,57957.6,0.0,12819.783,609.293,306.640,2875:12;2898:430;2899:413;2900:360;2901:364;2902:385;2903:372;2904:490;2905:402
351.5647,1788885663.5881,10,1598.90,3227.99,4826.89,124.7,5296.1,57957.4,0.0,12819.783,609.293,306.640,2875:12;2898:430;2899:413;2900:360;2901:364;2902:385;2903:372;2904:490;2905:402
351.6690,1788885663.6924,10,1598.90,3227.99,4826.89,95.9,5296.1,57957.4,0.0,12819.783,609.293,306.640,2875:12;2898:430;2899:413;2900:360;2901:364;2902:385;2903:372;2904:490;2905:402
351.7733,1788885663.7967,10,1598.90,3227.99,4826.89,105.5,5296.1,57957.4,0.0,12819.783,609.293,306.640,2875:12;2898:430;2899:413;2900:360;2901:364;2902:385;2903:372;2904:490;2905:402
351.8776,1788885663.9010,10,1598.90,3227.99,4826.89,95.9,5296.3,57957.1,0.0,12819.783,609.293,306.640,2875:12;2898:430;2899:413;2900:360;2901:364;2902:385;2903:372;2904:490;2905:402
351.9818,1788885664.0052,10,1598.90,3227.99,4826.89,105.5,5289.1,57964.4,0.0,12819.784,609.294,306.640,2875:12;2898:430;2899:413;2900:360;2901:364;2902:385;2903:372;2904:490;2905:402
352.0861,1788885664.1095,10,1598.90,3227.99,4826.89,95.9,5275.1,57978.4,0.0,12819.785,609.295,306.640,2875:12;2898:430;2899:413;2900:360;2901:364;2902:385;2903:372;2904:490;2905:402
352.1903,1788885664.2137,10,1598.90,3227.99,4826.89,96.1,5275.1,57978.4,0.0,12819.785,609.295,306.640,2875:12;2898:430;2899:413;2900:360;2901:364;2902:385;2903:372;2904:490;2905:402
352.2944,1788885664.3178,10,1580.93,3227.99,4808.92,105.5,5248.3,58005.2,0.0,12819.786,609.296,306.640,2875:12;2898:430;2899:413;2900:360;2901:364;2902:385;2903:372;2904:490;2905:402
352.3987,1788885664.4221,10,1291.92,3227.99,4519.91,105.5,4957.5,58295.9,0.0,12819.786,609.296,306.640,2875:12;2898:430;2899:413;2900:360;2901:364;2902:385;2903:372;2904:490;2905:402
352.5030,1788885664.5264,10,960.94,3227.99,4188.93,124.7,4626.9,58626.6,0.0,12819.787,609.296,306.640,2875:12;2898:430;2899:413;2900:360;2901:364;2902:385;2903:372;2904:490;2905:402
352.6074,1788885664.6308,10,932.28,2988.10,3920.38,440.9,4296.8,58956.7,0.0,12819.797,609.313,306.640,2875:12;2898:402;2899:357;2900:333;2901:340;2902:369;2903:350;2904:444;2905:379
352.7143,1788885664.7376,10,932.28,1861.67,2793.95,776.4,3782.7,59470.8,0.0,12819.797,609.313,306.640,2875:12;2898:397;2899:0;2900:0;2901:335;2902:0;2903:329;2904:410;2905:378
352.8211,1788885664.8445,4,932.28,12.25,944.53,201.8,2048.1,61205.3,0.0,12819.797,609.313,306.640,2875:12;2904:0;2905:0
