t_mono,t_wall,n_procs,client_rss_mb,workers_rss_mb,tree_rss_mb,tree_cpu_pct,sys_used_mb,sys_available_mb,swap_used_mb,net_recv_mb,net_sent_mb,disk_read_mb,workers
111416.1515,1788877717.3410,2,24.12,13.00,37.12,0.0,14022.8,42019.4,2374.5,7146.612,3184.605,70609.709,3197630:13
111416.2609,1788877717.4505,2,24.12,13.00,37.12,0.0,14023.0,42019.2,2374.5,7146.616,3184.606,70609.709,3197630:13
111416.3721,1788877717.5616,2,24.12,13.00,37.12,0.0,14023.0,42019.2,2374.5,7146.616,3184.606,70609.709,3197630:13
111416.4820,1788877717.6716,2,45.75,13.00,58.75,353.6,14037.1,42005.2,2374.5,7146.622,3184.608,70609.709,3197630:13
111416.6040,1788877717.7936,2,61.96,13.00,74.96,753.1,14048.1,41994.1,2374.5,7146.622,3184.608,70609.709,3197630:13
111416.7152,1788877717.9047,2,82.49,13.00,95.49,100.2,14051.9,41990.3,2374.5,7146.633,3184.610,70609.709,3197630:13
111416.8247,1788877718.0142,2,107.82,13.00,120.82,101.2,14075.1,41967.2,2374.5,7146.633,3184.610,70609.709,3197630:13
111416.9334,1788877718.1229,2,112.78,13.00,125.78,100.1,14061.9,41980.4,2374.5,7146.634,3184.611,70609.709,3197630:13
111417.0436,1788877718.2332,2,152.81,13.00,165.81,108.1,14076.0,41966.2,2374.5,7146.634,3184.611,70609.709,3197630:13
111417.1569,1788877718.3465,10,194.56,104.25,298.81,41.3,14122.9,41919.3,2374.5,7146.789,3184.615,70609.709,3197630:13;3197661:12;3197662:12;3197663:11;3197664:12;3197665:11;3197666:12;3197667:11;3197668:11
111417.2773,1788877718.4668,10,194.56,261.03,455.59,818.7,14187.9,41854.3,2374.5,7146.789,3184.615,70609.709,3197630:13;3197661:31;3197662:31;3197663:30;3197664:31;3197665:31;3197666:31;3197667:31;3197668:31
111417.4101,1788877718.5996,10,194.56,364.39,558.95,1259.6,14244.8,41797.5,2374.5,7146.812,3184.616,70609.709,3197630:13;3197661:44;3197662:45;3197663:40;3197664:44;3197665:44;3197666:44;3197667:46;3197668:44
111417.6946,1788877718.8841,10,194.56,411.71,606.27,1036.5,14261.6,41780.6,2374.5,7146.813,3184.617,70609.709,3197630:13;3197661:51;3197662:54;3197663:45;3197664:49;3197665:48;3197666:49;3197667:54;3197668:49
111417.8371,1788877719.0266,10,194.56,501.16,695.73,766.9,14291.9,41750.3,2374.5,7146.813,3184.617,70609.709,3197630:13;3197661:62;3197662:62;3197663:56;3197664:61;3197665:61;3197666:61;3197667:64;3197668:61
111417.9996,1788877719.1892,10,194.56,554.82,749.38,819.6,14334.4,41707.8,2374.5,7146.826,3184.617,70609.709,3197630:13;3197661:70;3197662:69;3197663:64;3197664:67;3197665:67;3197666:67;3197667:71;3197668:67
111418.1485,1788877719.3381,10,194.56,615.35,809.91,798.1,14375.0,41667.2,2374.5,7146.827,3184.618,70609.709,3197630:13;3197661:77;3197662:74;3197663:72;3197664:75;3197665:75;3197666:75;3197667:79;3197668:75
111418.3141,1788877719.5036,10,194.56,670.13,864.69,807.4,14427.4,41614.8,2374.5,7146.827,3184.618,70609.709,3197630:13;3197661:85;3197662:80;3197663:79;3197664:82;3197665:82;3197666:81;3197667:86;3197668:82
111418.4759,1788877719.6655,10,194.56,723.43,917.99,787.8,14480.6,41561.6,2374.5,7146.827,3184.618,70609.709,3197630:13;3197661:90;3197662:87;3197663:87;3197664:89;3197665:89;3197666:88;3197667:91;3197668:89
111418.6437,1788877719.8332,10,194.56,738.68,933.24,810.5,14508.4,41533.8,2374.5,7146.840,3184.618,70609.713,3197630:13;3197661:91;3197662:90;3197663:90;3197664:91;3197665:91;3197666:90;3197667:92;3197668:90
111418.8223,1788877720.0119,10,195.44,754.93,950.37,813.5,14504.5,41537.7,2374.5,7146.840,3184.618,70609.713,3197630:13;3197661:96;3197662:90;3197663:91;3197664:92;3197665:93;3197666:92;3197667:96;3197668:92
111418.9870,1788877720.1766,10,195.44,774.18,969.62,325.1,14513.3,41529.0,2374.5,7146.840,3184.618,70609.713,3197630:13;3197661:96;3197662:93;3197663:95;3197664:96;3197665:96;3197666:95;3197667:96;3197668:95
111419.1120,1788877720.3015,10,196.31,776.68,972.99,49.8,14513.5,41528.8,2374.5,7146.846,3184.621,70609.713,3197630:13;3197661:96;3197662:95;3197663:95;3197664:96;3197665:96;3197666:95;3197667:96;3197668:95
111419.2318,1788877720.4214,10,197.81,776.68,974.49,17.1,14513.5,41528.8,2374.5,7146.847,3184.621,70609.713,3197630:13;3197661:96;3197662:95;3197663:95;3197664:96;3197665:96;3197666:95;3197667:96;3197668:95
111419.3486,1788877720.5381,10,197.81,776.68,974.49,17.4,14513.5,41528.8,2374.5,7146.862,3184.622,70609.713,3197630:13;3197661:96;3197662:95;3197663:95;3197664:96;3197665:96;3197666:95;3197667:96;3197668:95
111419.4632,1788877720.6528,10,197.81,776.68,974.49,0.0,14513.5,41528.8,2374.5,7146.862,3184.622,70609.713,3197630:13;3197661:96;3197662:95;3197663:95;3197664:96;3197665:96;3197666:95;3197667:96;3197668:95
111419.5808,1788877720.7703,10,197.81,776.68,974.49,0.0,14513.5,41528.8,2374.5,7146.862,3184.622,70609.713,3197630:13;3197661:96;3197662:95;3197663:95;3197664:96;3197665:96;3197666:95;3197667:96;3197668:95
111419.6932,1788877720.8827,10,197.81,776.68,974.49,0.0,14513.5,41528.8,2374.5,7146.874,3184.623,70609.713,3197630:13;3197661:96;3197662:95;3197663:95;3197664:96;3197665:96;3197666:95;3197667:96;3197668:95
111419.8058,1788877720.9953,10,197.81,776.68,974.49,0.0,14506.9,41535.3,2374.5,7146.874,3184.623,70609.713,3197630:13;3197661:96;3197662:95;3197663:95;3197664:96;3197665:96;3197666:95;3197667:96;3197668:95
111419.9166,1788877721.1061,10,197.94,776.80,974.74,0.0,14502.9,41539.3,2374.5,7146.874,3184.623,70609.713,3197630:13;3197661:96;3197662:95;3197663:95;3197664:96;3197665:96;3197666:95;3197667:96;3197668:95
111420.0276,1788877721.2171,10,197.94,776.80,974.74,27.2,14503.1,41539.1,2374.5,7146.874,3184.623,70609.713,3197630:13;3197661:96;3197662:95;3197663:95;3197664:96;3197665:96;3197666:95;3197667:96;3197668:95
111420.1378,1788877721.3274,10,197.94,776.80,974.74,0.0,14503.1,41539.1,2374.5,7146.874,3184.623,70609.713,3197630:13;3197661:96;3197662:95;3197663:95;3197664:96;3197665:96;3197666:95;3197667:96;3197668:95
111420.2486,1788877721.4381,10,212.46,776.80,989.26,36.3,14516.9,41525.3,2374.5,7146.999,3184.625,70609.713,3197630:13;3197661:96;3197662:95;3197663:95;3197664:96;3197665:96;3197666:95;3197667:96;3197668:95
111420.3586,1788877721.5481,10,223.89,776.80,1000.69,91.1,14528.5,41513.7,2374.5,7146.999,3184.625,70609.713,3197630:13;3197661:96;3197662:95;3197663:95;3197664:96;3197665:96;3197666:95;3197667:96;3197668:95
111420.4683,1788877721.6578,10,227.64,776.80,1004.44,109.4,14532.2,41510.0,2374.5,7146.999,3184.625,70609.713,3197630:13;3197661:96;3197662:95;3197663:95;3197664:96;3197665:96;3197666:95;3197667:96;3197668:95
111420.5788,1788877721.7684,10,227.76,776.80,1004.57,0.0,14533.9,41508.3,2374.5,7146.999,3184.626,70609.713,3197630:13;3197661:96;3197662:95;3197663:95;3197664:96;3197665:96;3197666:95;3197667:96;3197668:95
111420.6888,1788877721.8783,10,227.76,776.80,1004.57,18.2,14533.9,41508.3,2374.5,7147.000,3184.626,70609.713,3197630:13;3197661:96;3197662:95;3197663:95;3197664:96;3197665:96;3197666:95;3197667:96;3197668:95
111420.7984,1788877721.9879,10,227.76,776.80,1004.57,0.0,14534.1,41508.1,2374.5,7147.000,3184.626,70609.713,3197630:13;3197661:96;3197662:95;3197663:95;3197664:96;3197665:96;3197666:95;3197667:96;3197668:95
111420.9084,1788877722.0979,10,227.76,776.80,1004.57,9.2,14517.4,41524.8,2374.5,7147.000,3184.626,70609.713,3197630:13;3197661:96;3197662:95;3197663:95;3197664:96;3197665:96;3197666:95;3197667:96;3197668:95
111421.0180,1788877722.2075,10,227.76,776.80,1004.57,0.0,14517.4,41524.8,2374.5,7147.000,3184.629,70609.713,3197630:13;3197661:96;3197662:95;3197663:95;3197664:96;3197665:96;3197666:95;3197667:96;3197668:95
111421.1280,1788877722.3176,10,227.76,776.80,1004.57,9.0,14517.4,41524.8,2374.5,7147.006,3184.635,70609.713,3197630:13;3197661:96;3197662:95;3197663:95;3197664:96;3197665:96;3197666:95;3197667:96;3197668:95
111421.2379,1788877722.4274,10,227.89,776.80,1004.69,0.0,14517.4,41524.8,2374.5,7147.006,3184.635,70609.713,3197630:13;3197661:96;3197662:95;3197663:95;3197664:96;3197665:96;3197666:95;3197667:96;3197668:95
111421.3480,1788877722.5376,10,227.89,776.80,1004.69,0.0,14517.4,41524.9,2374.5,7147.010,3184.638,70609.713,3197630:13;3197661:96;3197662:95;3197663:95;3197664:96;3197665:96;3197666:95;3197667:96;3197668:95
111421.4582,1788877722.6477,10,227.89,776.80,1004.69,9.1,14517.4,41524.9,2374.5,7147.010,3184.638,70609.713,3197630:13;3197661:96;3197662:95;3197663:95;3197664:96;3197665:96;3197666:95;3197667:96;3197668:95
111421.5673,1788877722.7569,10,227.89,776.80,1004.69,9.2,14517.4,41524.9,2374.5,7147.018,3184.656,70609.713,3197630:13;3197661:96;3197662:95;3197663:95;3197664:96;3197665:96;3197666:95;3197667:96;3197668:95
111421.6765,1788877722.8660,10,227.89,776.80,1004.69,18.2,14517.4,41524.9,2374.5,7147.018,3184.656,70609.713,3197630:13;3197661:96;3197662:95;3197663:95;3197664:96;3197665:96;3197666:95;3197667:96;3197668:95
111421.7863,1788877722.9758,10,246.50,776.80,1023.30,62.8,14540.5,41501.7,2374.5,7147.131,3184.657,70609.713,3197630:13;3197661:96;3197662:95;3197663:95;3197664:96;3197665:96;3197666:95;3197667:96;3197668:95
111421.8977,1788877723.0873,10,246.87,776.80,1023.68,108.8,14531.7,41510.6,2374.5,7147.131,3184.657,70609.713,3197630:13;3197661:96;3197662:95;3197663:95;3197664:96;3197665:96;3197666:95;3197667:96;3197668:95
111422.0090,1788877723.1986,10,247.37,776.80,1024.18,35.5,14531.9,41510.3,2374.5,7147.132,3184.658,70609.713,3197630:13;3197661:96;3197662:95;3197663:95;3197664:96;3197665:96;3197666:95;3197667:96;3197668:95
111422.1207,1788877723.3102,10,247.37,776.80,1024.18,0.0,14531.9,41510.3,2374.5,7147.132,3184.658,70609.713,3197630:13;3197661:96;3197662:95;3197663:95;3197664:96;3197665:96;3197666:95;3197667:96;3197668:95
111422.2323,1788877723.4218,10,247.37,776.80,1024.18,0.0,14531.9,41510.3,2374.5,7147.132,3184.658,70609.713,3197630:13;3197661:96;3197662:95;3197663:95;3197664:96;3197665:96;3197666:95;3197667:96;3197668:95
111422.3417,1788877723.5312,10,247.37,776.80,1024.18,9.1,14531.9,41510.3,2374.5,7147.132,3184.658,70609.713,3197630:13;3197661:96;3197662:95;3197663:95;3197664:96;3197665:96;3197666:95;3197667:96;3197668:95
111422.4511,1788877723.6406,10,247.37,776.80,1024.18,9.0,14531.9,41510.3,2374.5,7147.132,3184.658,70609.713,3197630:13;3197661:96;3197662:95;3197663:95;3197664:96;3197665:96;3197666:95;3197667:96;3197668:95
111422.5619,1788877723.7515,10,247.37,776.80,1024.18,0.0,14531.9,41510.3,2374.5,7147.132,3184.658,70609.713,3197630:13;3197661:96;3197662:95;3197663:95;3197664:96;3197665:96;3197666:95;3197667:96;3197668:95
111422.6725,1788877723.8620,10,259.47,776.80,1036.28,70.5,14531.9,41510.3,2374.5,7147.211,3184.659,70609.721,3197630:13;3197661:96;3197662:95;3197663:95;3197664:96;3197665:96;3197666:95;3197667:96;3197668:95
111422.7860,1788877723.9756,10,259.47,776.80,1036.28,100.3,14531.9,41510.3,2374.5,7147.211,3184.659,70609.721,3197630:13;3197661:96;3197662:95;3197663:95;3197664:96;3197665:96;3197666:95;3197667:96;3197668:95
111422.8954,1788877724.0849,10,259.72,776.80,1036.53,54.5,14527.7,41514.6,2374.5,7147.212,3184.661,70609.721,3197630:13;3197661:96;3197662:95;3197663:95;3197664:96;3197665:96;3197666:95;3197667:96;3197668:95
111423.0068,1788877724.1963,10,259.72,776.80,1036.53,18.0,14527.9,41514.3,2374.5,7147.216,3184.661,70609.721,3197630:13;3197661:96;3197662:95;3197663:95;3197664:96;3197665:96;3197666:95;3197667:96;3197668:95
111423.1165,1788877724.3060,10,262.10,776.80,1038.90,63.8,14527.9,41514.3,2374.5,7147.218,3184.661,70609.721,3197630:13;3197661:96;3197662:95;3197663:95;3197664:96;3197665:96;3197666:95;3197667:96;3197668:95
111423.2266,1788877724.4162,10,262.47,776.80,1039.28,99.5,14527.9,41514.3,2374.5,7147.218,3184.661,70609.721,3197630:13;3197661:96;3197662:95;3197663:95;3197664:96;3197665:96;3197666:95;3197667:96;3197668:95
111423.3368,1788877724.5263,10,262.47,776.80,1039.28,100.7,14527.9,41514.3,2374.5,7147.218,3184.661,70609.721,3197630:13;3197661:96;3197662:95;3197663:95;3197664:96;3197665:96;3197666:95;3197667:96;3197668:95
111423.4461,1788877724.6356,10,265.54,776.80,1042.35,99.2,14527.9,41514.3,2374.5,7147.218,3184.661,70609.721,3197630:13;3197661:96;3197662:95;3197663:95;3197664:96;3197665:96;3197666:95;3197667:96;3197668:95
111423.5569,1788877724.7464,10,268.54,776.80,1045.35,99.5,14528.9,41513.3,2374.5,7147.218,3184.661,70609.721,3197630:13;3197661:96;3197662:95;3197663:95;3197664:96;3197665:96;3197666:95;3197667:96;3197668:95
111423.6674,1788877724.8570,10,273.67,776.80,1050.47,97.9,14535.8,41506.5,2374.5,7147.218,3184.662,70609.721,3197630:13;3197661:96;3197662:95;3197663:95;3197664:96;3197665:96;3197666:95;3197667:96;3197668:95
111423.7799,1788877724.9694,10,275.29,776.80,1052.10,115.9,14535.8,41506.5,2374.5,7147.218,3184.662,70609.721,3197630:13;3197661:96;3197662:95;3197663:95;3197664:96;3197665:96;3197666:95;3197667:96;3197668:95
111423.8922,1788877725.0817,10,280.71,776.80,1057.52,99.3,14543.6,41498.6,2374.5,7147.218,3184.662,70609.721,3197630:13;3197661:96;3197662:95;3197663:95;3197664:96;3197665:96;3197666:95;3197667:96;3197668:95
111424.0028,1788877725.1923,10,285.48,776.80,1062.29,100.5,14547.6,41494.6,2374.5,7147.218,3184.662,70609.721,3197630:13;3197661:96;3197662:95;3197663:95;3197664:96;3197665:96;3197666:95;3197667:96;3197668:95
111424.1122,1788877725.3017,10,286.32,776.80,1063.12,98.9,14545.6,41496.7,2374.5,7147.218,3184.662,70609.721,3197630:13;3197661:96;3197662:95;3197663:95;3197664:96;3197665:96;3197666:95;3197667:96;3197668:95
111424.2234,1788877725.4129,10,286.32,776.80,1063.12,101.0,14545.6,41496.7,2374.5,7147.218,3184.662,70609.721,3197630:13;3197661:96;3197662:95;3197663:95;3197664:96;3197665:96;3197666:95;3197667:96;3197668:95
111424.3324,1788877725.5219,10,288.08,776.80,1064.88,99.2,14545.6,41496.7,2374.5,7147.218,3184.662,70609.721,3197630:13;3197661:96;3197662:95;3197663:95;3197664:96;3197665:96;3197666:95;3197667:96;3197668:95
111424.4436,1788877725.6332,10,304.33,776.80,1081.13,100.0,14561.8,41480.4,2374.5,7147.218,3184.662,70609.721,3197630:13;3197661:96;3197662:95;3197663:95;3197664:96;3197665:96;3197666:95;3197667:96;3197668:95
111424.5532,1788877725.7427,10,297.16,776.80,1073.96,107.6,14563.8,41478.5,2374.5,7147.218,3184.662,70609.721,3197630:13;3197661:96;3197662:95;3197663:95;3197664:96;3197665:96;3197666:95;3197667:96;3197668:95
111424.6648,1788877725.8543,10,300.16,776.80,1076.96,118.5,14563.8,41478.5,2374.5,7147.218,3184.662,70609.721,3197630:13;3197661:96;3197662:95;3197663:95;3197664:96;3197665:96;3197666:95;3197667:96;3197668:95
111424.7745,1788877725.9641,10,308.20,776.80,1085.01,100.0,14565.5,41476.7,2374.5,7147.218,3184.662,70609.721,3197630:13;3197661:96;3197662:95;3197663:95;3197664:96;3197665:96;3197666:95;3197667:96;3197668:95
111424.8844,1788877726.0740,10,303.62,776.80,1080.42,109.6,14558.2,41484.1,2374.5,7147.218,3184.662,70609.721,3197630:13;3197661:96;3197662:95;3197663:95;3197664:96;3197665:96;3197666:95;3197667:96;3197668:95
111424.9942,1788877726.1837,10,364.72,776.80,1141.52,126.0,14645.6,41396.6,2374.5,7147.218,3184.662,70609.721,3197630:13;3197661:96;3197662:95;3197663:95;3197664:96;3197665:96;3197666:95;3197667:96;3197668:95
111425.1051,1788877726.2946,10,348.12,776.80,1124.92,173.4,14647.4,41394.9,2374.5,7147.218,3184.662,70609.721,3197630:13;3197661:96;3197662:95;3197663:95;3197664:96;3197665:96;3197666:95;3197667:96;3197668:95
111425.2147,1788877726.4042,10,344.77,982.95,1327.71,666.5,14708.7,41333.5,2374.5,7147.219,3184.662,70609.725,3197630:13;3197661:114;3197662:117;3197663:128;3197664:127;3197665:127;3197666:118;3197667:121;3197668:118
111425.3352,1788877726.5248,10,344.77,1122.70,1467.46,800.2,14766.5,41275.7,2374.5,7147.221,3184.673,70609.725,3197630:13;3197661:138;3197662:138;3197663:140;3197664:138;3197665:139;3197666:139;3197667:140;3197668:138
111425.4697,1788877726.6592,10,344.89,1244.95,1589.84,1033.9,14792.3,41249.9,2374.5,7147.249,3184.750,70609.729,3197630:13;3197661:149;3197662:151;3197663:157;3197664:159;3197665:158;3197666:152;3197667:159;3197668:147
111425.6340,1788877726.8236,10,345.62,1302.07,1647.70,1352.7,14829.8,41212.4,2374.5,7147.275,3184.830,70609.729,3197630:13;3197661:158;3197662:159;3197663:167;3197664:162;3197665:163;3197666:160;3197667:163;3197668:158
111425.8038,1788877726.9933,10,345.62,1328.68,1674.31,1100.8,14875.3,41166.9,2374.5,7147.382,3184.866,70609.729,3197630:13;3197661:163;3197662:162;3197663:175;3197664:162;3197665:164;3197666:163;3197667:163;3197668:163
111425.9317,1788877727.1213,10,345.62,1390.25,1735.87,971.9,14966.8,41075.4,2374.5,7148.547,3184.948,70609.729,3197630:13;3197661:179;3197662:163;3197663:182;3197664:165;3197665:170;3197666:167;3197667:181;3197668:170
111426.0984,1788877727.2880,10,345.62,1440.36,1785.99,1307.8,15112.0,40930.3,2374.5,7149.717,3184.980,70609.729,3197630:13;3197661:182;3197662:175;3197663:183;3197664:177;3197665:179;3197666:177;3197667:176;3197668:179
111426.2804,1788877727.4699,10,345.62,1450.82,1796.45,1405.9,15135.0,40907.2,2374.5,7150.012,3184.991,70609.729,3197630:13;3197661:178;3197662:180;3197663:185;3197664:178;3197665:179;3197666:179;3197667:179;3197668:179
111426.4668,1788877727.6563,10,345.62,1456.12,1801.75,1362.7,15155.7,40886.5,2374.5,7150.149,3185.000,70609.729,3197630:13;3197661:178;3197662:179;3197663:170;3197664:182;3197665:184;3197666:188;3197667:177;3197668:184
111426.6275,1788877727.8171,10,345.62,1458.20,1803.82,1175.0,15158.6,40883.6,2374.5,7150.469,3185.010,70609.729,3197630:13;3197661:171;3197662:177;3197663:170;3197664:185;3197665:182;3197666:193;3197667:184;3197668:184
111426.7951,1788877727.9846,10,345.62,1427.11,1772.74,1158.8,15151.2,40891.0,2374.5,7150.501,3185.013,70609.729,3197630:13;3197661:171;3197662:184;3197663:170;3197664:185;3197665:170;3197666:198;3197667:168;3197668:169
111426.9456,1788877728.1352,10,345.75,1403.67,1749.42,397.4,15158.8,40883.4,2374.5,7150.519,3185.017,70609.729,3197630:13;3197661:171;3197662:167;3197663:170;3197664:169;3197665:170;3197666:191;3197667:168;3197668:185
111427.0716,1788877728.2612,10,345.75,1419.87,1765.62,74.7,15158.8,40883.4,2374.5,7150.953,3185.043,70609.729,3197630:13;3197661:171;3197662:183;3197663:170;3197664:169;3197665:170;3197666:191;3197667:168;3197668:185
111427.1920,1788877728.3815,10,345.75,1420.12,1765.87,8.3,15158.8,40883.4,2374.5,7151.140,3185.059,70609.729,3197630:13;3197661:171;3197662:183;3197663:170;3197664:169;3197665:170;3197666:191;3197667:168;3197668:185
111427.3118,1788877728.5014,10,345.75,1423.66,1769.41,42.4,15190.4,40851.8,2374.5,7151.379,3185.090,70609.729,3197630:13;3197661:171;3197662:183;3197663:170;3197664:169;3197665:170;3197666:195;3197667:168;3197668:185
111427.4300,1788877728.6195,10,345.75,1423.79,1769.54,0.0,15189.9,40852.3,2374.5,7151.773,3185.127,70609.729,3197630:13;3197661:171;3197662:183;3197663:170;3197664:169;3197665:170;3197666:195;3197667:168;3197668:185
111427.5443,1788877728.7339,10,345.75,1424.98,1770.73,97.2,15190.2,40852.1,2374.5,7151.884,3185.164,70609.729,3197630:13;3197661:171;3197662:183;3197663:170;3197664:169;3197665:170;3197666:196;3197667:168;3197668:185
111427.6574,1788877728.8470,10,345.75,1426.25,1772.00,0.0,15190.2,40852.1,2374.5,7152.444,3185.179,70609.729,3197630:13;3197661:171;3197662:183;3197663:170;3197664:169;3197665:170;3197666:196;3197667:168;3197668:186
111427.7698,1788877728.9593,10,345.75,1426.38,1772.13,0.0,15190.0,40852.2,2374.5,7152.548,3185.191,70609.729,3197630:13;3197661:171;3197662:183;3197663:170;3197664:169;3197665:170;3197666:196;3197667:168;3197668:186
111427.8808,1788877729.0703,10,345.75,1426.38,1772.13,0.0,15182.9,40859.3,2374.5,7152.548,3185.193,70609.729,3197630:13;3197661:171;3197662:183;3197663:170;3197664:169;3197665:170;3197666:196;3197667:168;3197668:186
111427.9908,1788877729.1803,10,345.75,1426.38,1772.13,9.1,15182.9,40859.3,2374.5,7152.725,3185.198,70609.729,3197630:13;3197661:171;3197662:183;3197663:170;3197664:169;3197665:170;3197666:196;3197667:168;3197668:186
111428.1002,1788877729.2898,10,345.75,1426.55,1772.30,27.3,15186.5,40855.7,2374.5,7152.915,3185.204,70609.729,3197630:13;3197661:171;3197662:183;3197663:170;3197664:169;3197665:170;3197666:196;3197667:168;3197668:186
111428.2103,1788877729.3998,10,345.75,1426.55,1772.30,0.0,15186.6,40855.6,2374.5,7153.258,3185.211,70609.729,3197630:13;3197661:171;3197662:183;3197663:170;3197664:169;3197665:170;3197666:196;3197667:168;3197668:186
111428.3202,1788877729.5097,10,345.75,1426.91,1772.66,9.0,15186.6,40855.6,2374.5,7153.547,3185.217,70609.729,3197630:13;3197661:171;3197662:183;3197663:170;3197664:169;3197665:170;3197666:197;3197667:168;3197668:186
111428.4307,1788877729.6203,10,345.75,1426.87,1772.62,18.3,15186.6,40855.6,2374.5,7153.991,3185.226,70609.729,3197630:13;3197661:171;3197662:183;3197663:170;3197664:169;3197665:170;3197666:197;3197667:168;3197668:186
111428.5402,1788877729.7297,10,345.75,1427.24,1772.99,0.0,15186.6,40855.6,2374.5,7154.118,3185.232,70609.729,3197630:13;3197661:171;3197662:183;3197663:170;3197664:169;3197665:170;3197666:197;3197667:168;3197668:186
111428.6499,1788877729.8394,10,345.75,1427.49,1773.24,9.1,15186.6,40855.6,2374.5,7154.475,3185.240,70609.729,3197630:13;3197661:171;3197662:183;3197663:170;3197664:169;3197665:170;3197666:197;3197667:168;3197668:186
111428.7598,1788877729.9493,10,345.75,1427.74,1773.49,0.0,15186.6,40855.6,2374.5,7154.621,3185.245,70609.736,3197630:13;3197661:171;3197662:183;3197663:170;3197664:169;3197665:170;3197666:197;3197667:168;3197668:186
111428.8704,1788877730.0599,10,345.75,1427.74,1773.49,27.3,15180.1,40862.1,2374.5,7154.729,3185.249,70609.736,3197630:13;3197661:171;3197662:183;3197663:170;3197664:169;3197665:170;3197666:197;3197667:168;3197668:186
111428.9802,1788877730.1698,10,345.75,1428.12,1773.88,45.6,15180.4,40861.9,2374.5,7155.077,3185.257,70609.736,3197630:13;3197661:171;3197662:183;3197663:170;3197664:169;3197665:170;3197666:198;3197667:168;3197668:186
111429.0897,1788877730.2792,10,345.75,1428.16,1773.91,18.0,15180.4,40861.9,2374.5,7155.271,3185.261,70609.736,3197630:13;3197661:171;3197662:183;3197663:170;3197664:169;3197665:170;3197666:198;3197667:168;3197668:186
111429.2008,1788877730.3904,10,345.75,1428.16,1773.91,18.2,15180.4,40861.9,2374.5,7155.655,3185.274,70609.736,3197630:13;3197661:171;3197662:183;3197663:170;3197664:169;3197665:170;3197666:198;3197667:168;3197668:186
111429.3103,1788877730.4998,10,345.75,1499.67,1845.42,313.2,15183.5,40858.7,2374.5,7155.902,3185.277,70609.736,3197630:13;3197661:171;3197662:183;3197663:170;3197664:190;3197665:195;3197666:198;3197667:193;3197668:186
111429.4222,1788877730.6118,10,345.75,1515.92,1861.67,217.7,15184.3,40858.0,2374.5,7155.979,3185.369,70609.736,3197630:13;3197661:171;3197662:183;3197663:170;3197664:199;3197665:199;3197666:198;3197667:197;3197668:186
111429.5326,1788877730.7222,10,345.75,1588.13,1933.88,457.4,15195.3,40846.9,2374.5,7156.181,3185.375,70609.736,3197630:13;3197661:192;3197662:195;3197663:192;3197664:199;3197665:199;3197666:204;3197667:197;3197668:198
111429.6440,1788877730.8336,10,345.75,1607.91,1953.66,251.0,15202.7,40839.5,2374.5,7156.300,3185.479,70609.736,3197630:13;3197661:200;3197662:197;3197663:198;3197664:199;3197665:199;3197666:204;3197667:197;3197668:201
111429.7579,1788877730.9474,10,345.75,1614.23,1959.98,134.7,15204.9,40837.3,2374.5,7156.786,3185.544,70609.736,3197630:13;3197661:200;3197662:198;3197663:198;3197664:202;3197665:200;3197666:205;3197667:198;3197668:201
111429.8673,1788877731.0569,10,345.75,1618.69,1964.44,72.6,15207.2,40835.1,2374.5,7157.312,3185.567,70609.736,3197630:13;3197661:200;3197662:198;3197663:198;3197664:204;3197665:201;3197666:205;3197667:200;3197668:201
111429.9775,1788877731.1670,10,345.75,1620.91,1966.66,72.2,15208.1,40834.1,2374.5,7157.833,3185.627,70609.736,3197630:13;3197661:200;3197662:198;3197663:198;3197664:205;3197665:201;3197666:205;3197667:200;3197668:201
111430.0880,1788877731.2776,10,345.75,1626.59,1972.34,109.3,15211.1,40831.1,2374.5,7158.548,3185.679,70609.736,3197630:13;3197661:201;3197662:198;3197663:198;3197664:206;3197665:201;3197666:206;3197667:202;3197668:202
111430.1979,1788877731.3874,10,345.75,1633.74,1979.49,146.2,15213.6,40828.6,2374.5,7159.818,3185.743,70609.736,3197630:13;3197661:203;3197662:199;3197663:198;3197664:209;3197665:201;3197666:206;3197667:204;3197668:203
111430.3072,1788877731.4967,10,345.75,1637.16,1982.91,72.6,15217.5,40824.7,2374.5,7161.145,3185.796,70609.736,3197630:13;3197661:204;3197662:199;3197663:198;3197664:209;3197665:202;3197666:206;3197667:204;3197668:203
111430.4179,1788877731.6074,10,345.75,1642.47,1988.22,154.6,15221.2,40821.0,2374.5,7161.885,3185.826,70609.736,3197630:13;3197661:204;3197662:199;3197663:198;3197664:210;3197665:206;3197666:206;3197667:204;3197668:203
111430.5277,1788877731.7172,10,345.75,1649.54,1995.29,99.8,15222.6,40819.6,2374.5,7162.528,3185.858,70609.736,3197630:13;3197661:204;3197662:199;3197663:199;3197664:210;3197665:208;3197666:207;3197667:205;3197668:204
111430.6379,1788877731.8275,10,345.75,1656.98,2002.73,152.5,15222.8,40819.4,2374.5,7163.168,3185.899,70609.736,3197630:13;3197661:205;3197662:200;3197663:200;3197664:212;3197665:210;3197666:209;3197667:205;3197668:205
111430.7494,1788877731.9390,10,345.75,1663.48,2009.23,73.0,15224.6,40817.7,2374.5,7163.826,3185.936,70609.736,3197630:13;3197661:207;3197662:200;3197663:200;3197664:212;3197665:211;3197666:209;3197667:205;3197668:208
111430.8591,1788877732.0486,10,345.75,1671.14,2016.89,123.2,15227.3,40815.0,2374.5,7164.527,3185.973,70609.736,3197630:13;3197661:208;3197662:200;3197663:200;3197664:213;3197665:213;3197666:209;3197667:208;3197668:208
111430.9728,1788877732.1623,10,345.75,1670.95,2016.70,45.5,15221.5,40820.8,2374.5,7165.344,3186.002,70609.736,3197630:13;3197661:208;3197662:200;3197663:200;3197664:214;3197665:212;3197666:209;3197667:208;3197668:208
111431.0824,1788877732.2720,10,345.75,1671.77,2017.52,18.4,15221.1,40821.1,2374.5,7165.991,3186.024,70609.736,3197630:13;3197661:208;3197662:200;3197663:200;3197664:214;3197665:213;3197666:209;3197667:208;3197668:208
111431.1915,1788877732.3810,10,345.75,1672.38,2018.13,54.1,15221.4,40820.9,2374.5,7166.667,3186.053,70609.736,3197630:13;3197661:208;3197662:200;3197663:200;3197664:214;3197665:213;3197666:209;3197667:208;3197668:208
111431.3026,1788877732.4921,10,345.75,1675.83,2021.58,82.2,15222.8,40819.4,2374.5,7167.298,3186.087,70609.736,3197630:13;3197661:208;3197662:202;3197663:201;3197664:214;3197665:213;3197666:209;3197667:208;3197668:208
111431.4119,1788877732.6014,10,345.75,1679.44,2025.19,81.3,15225.5,40816.7,2374.5,7168.059,3186.116,70609.736,3197630:13;3197661:208;3197662:203;3197663:202;3197664:214;3197665:214;3197666:209;3197667:209;3197668:208
111431.5240,1788877732.7135,10,345.75,1679.85,2025.60,44.9,15225.8,40816.4,2374.5,7168.869,3186.148,70609.736,3197630:13;3197661:208;3197662:203;3197663:202;3197664:214;3197665:214;3197666:209;3197667:209;3197668:208
111431.6342,1788877732.8237,10,345.75,1681.26,2027.01,18.0,15226.5,40815.7,2374.5,7170.134,3186.188,70609.736,3197630:13;3197661:208;3197662:203;3197663:202;3197664:214;3197665:214;3197666:209;3197667:209;3197668:208
111431.7451,1788877732.9346,10,345.75,1682.21,2027.96,72.2,15226.8,40815.4,2374.5,7170.791,3186.207,70609.740,3197630:13;3197661:208;3197662:204;3197663:203;3197664:214;3197665:213;3197666:209;3197667:210;3197668:209
111431.8562,1788877733.0457,10,345.75,1685.64,2031.39,82.0,15230.0,40812.2,2374.5,7171.311,3186.240,70609.740,3197630:13;3197661:209;3197662:204;3197663:205;3197664:214;3197665:214;3197666:210;3197667:209;3197668:209
111431.9656,1788877733.1552,10,345.75,1686.20,2031.95,81.0,15227.4,40814.8,2374.5,7171.954,3186.267,70609.740,3197630:13;3197661:209;3197662:204;3197663:206;3197664:214;3197665:214;3197666:209;3197667:209;3197668:209
111432.0768,1788877733.2663,10,345.75,1687.65,2033.40,73.0,15229.6,40812.6,2374.5,7172.674,3186.300,70609.740,3197630:13;3197661:209;3197662:204;3197663:206;3197664:214;3197665:214;3197666:209;3197667:210;3197668:209
111432.1875,1788877733.3770,10,345.75,1688.41,2034.16,45.4,15229.6,40812.6,2374.5,7173.129,3186.318,70609.740,3197630:13;3197661:209;3197662:204;3197663:206;3197664:214;3197665:214;3197666:209;3197667:210;3197668:209
111432.2967,1788877733.4862,10,345.75,1692.04,2037.79,54.8,15230.1,40812.1,2374.5,7173.997,3186.355,70609.740,3197630:13;3197661:209;3197662:204;3197663:208;3197664:214;3197665:214;3197666:209;3197667:210;3197668:210
111432.4062,1788877733.5957,10,345.75,1692.57,2038.32,9.1,15230.1,40812.1,2374.5,7174.624,3186.373,70609.740,3197630:13;3197661:209;3197662:204;3197663:208;3197664:214;3197665:215;3197666:209;3197667:210;3197668:211
111432.5163,1788877733.7058,10,345.75,1693.32,2039.07,63.9,15230.6,40811.6,2374.5,7175.180,3186.402,70609.740,3197630:13;3197661:209;3197662:204;3197663:208;3197664:214;3197665:215;3197666:210;3197667:210;3197668:211
111432.6259,1788877733.8154,10,345.75,1694.05,2039.80,45.7,15232.1,40810.2,2374.5,7175.770,3186.422,70609.740,3197630:13;3197661:209;3197662:204;3197663:208;3197664:214;3197665:215;3197666:210;3197667:210;3197668:211
111432.7350,1788877733.9245,10,345.75,1695.28,2041.03,36.4,15232.3,40809.9,2374.5,7176.654,3186.449,70609.740,3197630:13;3197661:209;3197662:205;3197663:208;3197664:214;3197665:215;3197666:210;3197667:210;3197668:211
111432.8446,1788877734.0341,10,345.75,1696.19,2041.94,55.0,15231.2,40811.1,2374.5,7177.063,3186.468,70609.740,3197630:13;3197661:209;3197662:205;3197663:208;3197664:214;3197665:216;3197666:210;3197667:210;3197668:211
111432.9537,1788877734.1433,10,345.75,1696.35,2042.10,45.5,15227.0,40815.2,2374.5,7177.632,3186.502,70609.740,3197630:13;3197661:209;3197662:205;3197663:208;3197664:214;3197665:216;3197666:210;3197667:210;3197668:212
111433.0649,1788877734.2544,10,345.75,1698.72,2044.47,144.2,15234.4,40807.9,2374.5,7178.177,3186.527,70609.740,3197630:13;3197661:209;3197662:206;3197663:210;3197664:214;3197665:216;3197666:210;3197667:210;3197668:212
111433.1745,1788877734.3640,10,345.75,1702.69,2048.44,54.6,15236.6,40805.6,2374.5,7178.805,3186.559,70609.740,3197630:13;3197661:209;3197662:207;3197663:210;3197664:214;3197665:217;3197666:210;3197667:209;3197668:213
111433.2847,1788877734.4742,10,345.75,1705.60,2051.35,98.7,15238.1,40804.2,2374.5,7179.405,3186.587,70609.740,3197630:13;3197661:209;3197662:207;3197663:210;3197664:215;3197665:217;3197666:210;3197667:210;3197668:214
111433.3962,1788877734.5857,10,345.75,1710.11,2055.86,163.8,15237.9,40804.3,2374.5,7180.031,3186.629,70609.740,3197630:13;3197661:211;3197662:207;3197663:211;3197664:216;3197665:217;3197666:210;3197667:210;3197668:214
111433.5061,1788877734.6956,10,345.75,1711.52,2057.27,82.5,15241.1,40801.1,2374.5,7180.558,3186.651,70609.740,3197630:13;3197661:212;3197662:207;3197663:212;3197664:216;3197665:217;3197666:210;3197667:210;3197668:215
111433.6150,1788877734.8046,10,345.75,1714.58,2060.33,109.2,15243.1,40799.1,2374.5,7181.265,3186.688,70609.740,3197630:13;3197661:212;3197662:208;3197663:212;3197664:216;3197665:217;3197666:210;3197667:210;3197668:216
111433.7256,1788877734.9151,10,345.75,1715.46,2061.21,118.3,15245.6,40796.7,2374.5,7181.867,3186.724,70609.740,3197630:13;3197661:212;3197662:208;3197663:212;3197664:216;3197665:217;3197666:210;3197667:210;3197668:218
111433.8349,1788877735.0244,10,345.75,1719.84,2065.59,108.8,15243.8,40798.5,2374.5,7182.590,3186.756,70609.740,3197630:13;3197661:213;3197662:208;3197663:213;3197664:216;3197665:217;3197666:211;3197667:210;3197668:220
111433.9453,1788877735.1348,10,345.75,1721.28,2067.03,136.1,15246.1,40796.1,2374.5,7183.126,3186.795,70609.740,3197630:13;3197661:213;3197662:208;3197663:213;3197664:216;3197665:217;3197666:211;3197667:210;3197668:221
111434.0554,1788877735.2449,10,345.75,1724.17,2069.92,63.6,15246.3,40795.9,2374.5,7183.818,3186.829,70609.740,3197630:13;3197661:214;3197662:208;3197663:213;3197664:216;3197665:217;3197666:212;3197667:210;3197668:222
111434.1667,1788877735.3562,10,345.75,1727.21,2072.96,80.4,15246.8,40795.4,2374.5,7184.260,3186.855,70609.740,3197630:13;3197661:214;3197662:208;3197663:213;3197664:216;3197665:217;3197666:213;3197667:210;3197668:223
111434.2779,1788877735.4674,10,345.75,1729.78,2075.53,108.3,15247.6,40794.6,2374.5,7184.769,3186.885,70609.740,3197630:13;3197661:214;3197662:209;3197663:213;3197664:216;3197665:217;3197666:213;3197667:210;3197668:224
111434.3885,1788877735.5780,10,345.75,1731.45,2077.20,91.4,15248.3,40793.9,2374.5,7185.345,3186.916,70609.740,3197630:13;3197661:214;3197662:210;3197663:213;3197664:217;3197665:217;3197666:213;3197667:210;3197668:224
111434.4975,1788877735.6871,10,345.75,1733.14,2078.89,72.8,15248.3,40793.9,2374.5,7186.144,3186.951,70609.740,3197630:13;3197661:214;3197662:211;3197663:213;3197664:217;3197665:217;3197666:213;3197667:210;3197668:225
111434.6080,1788877735.7975,10,345.75,1733.38,2079.12,100.3,15248.8,40793.4,2374.5,7186.636,3186.978,70609.740,3197630:13;3197661:215;3197662:211;3197663:213;3197664:217;3197665:218;3197666:213;3197667:210;3197668:224
111434.7170,1788877735.9065,10,345.75,1734.52,2080.27,54.6,15249.5,40792.7,2374.5,7187.299,3187.006,70609.740,3197630:13;3197661:215;3197662:212;3197663:213;3197664:217;3197665:218;3197666:213;3197667:210;3197668:225
111434.8272,1788877736.0168,10,345.75,1736.11,2081.86,108.0,15253.7,40788.5,2374.5,7187.712,3187.032,70609.748,3197630:13;3197661:215;3197662:212;3197663:213;3197664:217;3197665:218;3197666:213;3197667:210;3197668:226
111434.9383,1788877736.1278,10,345.75,1737.84,2083.59,54.5,15249.3,40793.0,2374.5,7188.772,3187.068,70609.748,3197630:13;3197661:215;3197662:212;3197663:213;3197664:217;3197665:218;3197666:213;3197667:211;3197668:226
111435.0488,1788877736.2383,10,345.75,1738.50,2084.25,35.2,15249.3,40793.0,2374.5,7189.287,3187.088,70609.748,3197630:13;3197661:216;3197662:212;3197663:213;3197664:217;3197665:218;3197666:213;3197667:211;3197668:226
111435.1618,1788877736.3514,10,345.75,1740.00,2085.75,45.4,15250.0,40792.2,2374.5,7189.953,3187.105,70609.748,3197630:13;3197661:216;3197662:212;3197663:213;3197664:217;3197665:218;3197666:214;3197667:211;3197668:227
111435.2718,1788877736.4613,10,345.75,1741.85,2087.60,73.3,15251.2,40791.0,2374.5,7190.312,3187.127,70609.748,3197630:13;3197661:216;3197662:212;3197663:214;3197664:217;3197665:218;3197666:214;3197667:211;3197668:227
111435.3812,1788877736.5707,10,345.75,1745.82,2091.57,162.8,15253.4,40788.8,2374.5,7191.084,3187.163,70609.748,3197630:13;3197661:216;3197662:213;3197663:214;3197664:218;3197665:218;3197666:214;3197667:212;3197668:229
111435.4917,1788877736.6812,10,345.88,1746.68,2092.55,99.6,15253.8,40788.4,2374.5,7191.645,3187.189,70609.748,3197630:13;3197661:217;3197662:213;3197663:214;3197664:218;3197665:218;3197666:214;3197667:213;3197668:228
111435.6018,1788877736.7914,10,345.88,1753.03,2098.90,145.6,15257.3,40784.9,2374.5,7192.682,3187.240,70609.748,3197630:13;3197661:218;3197662:213;3197663:214;3197664:218;3197665:219;3197666:214;3197667:214;3197668:231
111435.7121,1788877736.9016,10,345.88,1754.80,2100.68,72.2,15261.5,40780.7,2374.5,7193.221,3187.264,70609.748,3197630:13;3197661:219;3197662:214;3197663:214;3197664:218;3197665:219;3197666:214;3197667:214;3197668:232
111435.8228,1788877737.0124,10,345.88,1758.89,2104.77,197.2,15258.3,40783.9,2374.5,7194.050,3187.310,70609.748,3197630:13;3197661:219;3197662:215;3197663:214;3197664:218;3197665:219;3197666:214;3197667:214;3197668:233
111435.9353,1788877737.1249,10,345.88,1760.37,2106.25,97.9,15259.0,40783.3,2374.5,7194.539,3187.350,70609.748,3197630:13;3197661:219;3197662:215;3197663:215;3197664:218;3197665:219;3197666:214;3197667:213;3197668:234
111436.0463,1788877737.2358,10,345.88,1762.73,2108.61,98.7,15259.7,40782.5,2374.5,7195.520,3187.386,70609.748,3197630:13;3197661:220;3197662:215;3197663:215;3197664:218;3197665:219;3197666:214;3197667:213;3197668:235
111436.1578,1788877737.3474,10,345.88,1763.80,2109.68,27.6,15259.7,40782.5,2374.5,7195.966,3187.411,70609.748,3197630:13;3197661:220;3197662:215;3197663:215;3197664:218;3197665:220;3197666:214;3197667:214;3197668:235
111436.2669,1788877737.4565,10,345.88,1769.41,2115.28,191.1,15263.9,40778.3,2374.5,7196.795,3187.463,70609.748,3197630:13;3197661:220;3197662:217;3197663:216;3197664:218;3197665:220;3197666:216;3197667:214;3197668:237
111436.3769,1788877737.5664,10,345.88,1770.72,2116.59,18.3,15264.1,40778.1,2374.5,7197.293,3187.484,70609.748,3197630:13;3197661:220;3197662:217;3197663:216;3197664:218;3197665:220;3197666:216;3197667:214;3197668:237
111436.4864,1788877737.6759,10,345.88,1775.89,2121.76,117.9,15266.3,40775.9,2374.5,7198.195,3187.524,70609.748,3197630:13;3197661:221;3197662:217;3197663:216;3197664:218;3197665:220;3197666:215;3197667:216;3197668:240
111436.5971,1788877737.7866,10,345.88,1776.57,2122.45,72.5,15267.6,40774.6,2374.5,7198.621,3187.547,70609.748,3197630:13;3197661:221;3197662:217;3197663:216;3197664:218;3197665:220;3197666:215;3197667:216;3197668:240
111436.7069,1788877737.8964,10,345.88,1778.05,2123.93,82.1,15272.0,40770.2,2374.5,7199.575,3187.586,70609.748,3197630:13;3197661:221;3197662:218;3197663:217;3197664:218;3197665:220;3197666:215;3197667:217;3197668:239
111436.8165,1788877738.0060,10,345.88,1778.98,2124.85,27.0,15271.6,40770.7,2374.5,7200.028,3187.605,70609.748,3197630:13;3197661:221;3197662:218;3197663:217;3197664:218;3197665:220;3197666:215;3197667:217;3197668:239
111436.9279,1788877738.1174,10,346.00,1781.11,2127.11,90.3,15271.7,40770.5,2374.5,7200.922,3187.649,70609.748,3197630:13;3197661:222;3197662:218;3197663:217;3197664:218;3197665:221;3197666:215;3197667:217;3197668:240
111437.0384,1788877738.2279,10,346.00,1782.23,2128.23,27.3,15271.7,40770.5,2374.5,7201.356,3187.667,70609.748,3197630:13;3197661:222;3197662:218;3197663:218;3197664:218;3197665:221;3197666:215;3197667:217;3197668:240
111437.1485,1788877738.3381,10,346.00,1786.77,2132.77,170.3,15273.9,40768.3,2374.5,7202.347,3187.710,70609.748,3197630:13;3197661:222;3197662:219;3197663:218;3197664:218;3197665:221;3197666:216;3197667:217;3197668:242
111437.2599,1788877738.4494,10,346.00,1788.65,2134.65,54.1,15275.9,40766.4,2374.5,7202.806,3187.731,70609.748,3197630:13;3197661:222;3197662:220;3197663:218;3197664:218;3197665:221;3197666:216;3197667:217;3197668:243
111437.3705,1788877738.5600,10,346.00,1790.93,2136.93,109.6,15277.1,40765.2,2374.5,7203.696,3187.771,70609.748,3197630:13;3197661:222;3197662:220;3197663:219;3197664:218;3197665:221;3197666:216;3197667:218;3197668:244
111437.4799,1788877738.6695,10,346.00,1792.77,2138.77,80.4,15278.3,40763.9,2374.5,7203.874,3187.791,70609.748,3197630:13;3197661:222;3197662:220;3197663:219;3197664:218;3197665:221;3197666:217;3197667:218;3197668:245
111437.5921,1788877738.7816,10,346.00,1796.65,2142.65,135.4,15279.8,40762.4,2374.5,7205.036,3187.835,70609.748,3197630:13;3197661:222;3197662:220;3197663:219;3197664:218;3197665:221;3197666:218;3197667:218;3197668:247
111437.7026,1788877738.8921,10,346.00,1797.73,2143.73,81.1,15282.8,40759.5,2374.5,7205.444,3187.859,70609.748,3197630:13;3197661:223;3197662:220;3197663:219;3197664:218;3197665:221;3197666:218;3197667:219;3197668:246
111437.8133,1788877739.0028,10,346.00,1798.95,2144.95,81.6,15280.1,40762.1,2374.5,7206.441,3187.895,70609.748,3197630:13;3197661:223;3197662:221;3197663:219;3197664:218;3197665:221;3197666:218;3197667:220;3197668:247
111437.9244,1788877739.1139,10,346.00,1800.38,2146.38,27.3,15275.6,40766.6,2374.5,7206.834,3187.911,70609.748,3197630:13;3197661:223;3197662:221;3197663:219;3197664:218;3197665:221;3197666:218;3197667:220;3197668:247
111438.0334,1788877739.2229,10,346.00,1801.06,2147.06,18.1,15276.1,40766.1,2374.5,7207.827,3187.946,70609.748,3197630:13;3197661:223;3197662:221;3197663:219;3197664:218;3197665:221;3197666:218;3197667:220;3197668:247
111438.1455,1788877739.3350,10,346.00,1801.47,2147.47,18.0,15276.9,40765.4,2374.5,7208.103,3187.962,70609.748,3197630:13;3197661:223;3197662:221;3197663:219;3197664:218;3197665:221;3197666:218;3197667:220;3197668:248
111438.2553,1788877739.4448,10,346.00,1803.41,2149.41,35.6,15279.3,40763.0,2374.5,7209.039,3187.999,70609.748,3197630:13;3197661:223;3197662:221;3197663:220;3197664:218;3197665:221;3197666:218;3197667:221;3197668:247
111438.3679,1788877739.5575,10,346.00,1804.55,2150.55,72.8,15280.7,40761.5,2374.5,7209.326,3188.010,70609.748,3197630:13;3197661:224;3197662:221;3197663:220;3197664:218;3197665:221;3197666:218;3197667:222;3197668:247
111438.4770,1788877739.6665,10,346.00,1805.11,2151.11,72.8,15282.9,40759.3,2374.5,7210.321,3188.045,70609.748,3197630:13;3197661:224;3197662:221;3197663:220;3197664:218;3197665:221;3197666:218;3197667:222;3197668:247
111438.5876,1788877739.7771,10,346.00,1805.40,2151.40,18.2,15282.9,40759.3,2374.5,7210.690,3188.055,70609.748,3197630:13;3197661:224;3197662:221;3197663:221;3197664:218;3197665:221;3197666:218;3197667:222;3197668:247
111438.6973,1788877739.8868,10,346.00,1806.69,2152.69,54.5,15283.4,40758.8,2374.5,7211.666,3188.084,70609.748,3197630:13;3197661:225;3197662:221;3197663:221;3197664:218;3197665:221;3197666:218;3197667:222;3197668:247
111438.8089,1788877739.9984,10,346.00,1806.69,2152.69,0.0,15283.4,40758.8,2374.5,7212.005,3188.096,70609.748,3197630:13;3197661:225;3197662:221;3197663:221;3197664:218;3197665:221;3197666:218;3197667:222;3197668:247
111438.9204,1788877740.1099,10,346.00,1807.91,2153.91,54.0,15279.2,40763.0,2374.5,7213.074,3188.133,70609.748,3197630:13;3197661:225;3197662:222;3197663:221;3197664:218;3197665:221;3197666:218;3197667:223;3197668:247
111439.0316,1788877740.2211,10,346.00,1808.07,2154.07,18.2,15279.7,40762.5,2374.5,7213.393,3188.144,70609.748,3197630:13;3197661:225;3197662:222;3197663:221;3197664:218;3197665:221;3197666:218;3197667:223;3197668:247
111439.1416,1788877740.3311,10,346.00,1806.06,2152.06,54.5,15285.2,40757.1,2374.5,7214.395,3188.176,70609.748,3197630:13;3197661:225;3197662:222;3197663:220;3197664:218;3197665:220;3197666:219;3197667:223;3197668:245
111439.2529,1788877740.4424,10,346.00,1804.83,2150.83,44.4,15282.1,40760.1,2374.5,7214.556,3188.186,70609.748,3197630:13;3197661:225;3197662:222;3197663:220;3197664:218;3197665:220;3197666:219;3197667:223;3197668:245
111439.3650,1788877740.5546,10,346.00,1806.77,2152.77,154.3,15283.0,40759.2,2374.5,7215.563,3188.238,70609.748,3197630:13;3197661:225;3197662:222;3197663:220;3197664:219;3197665:220;3197666:219;3197667:224;3197668:244
111439.4753,1788877740.6649,10,346.00,1807.12,2153.12,0.0,15282.8,40759.4,2374.5,7215.821,3188.249,70609.748,3197630:13;3197661:225;3197662:222;3197663:220;3197664:219;3197665:220;3197666:219;3197667:224;3197668:244
111439.5846,1788877740.7742,10,346.00,1809.97,2155.97,109.2,15284.6,40757.7,2374.5,7217.008,3188.301,70609.748,3197630:13;3197661:225;3197662:223;3197663:220;3197664:219;3197665:222;3197666:219;3197667:224;3197668:244
111439.6948,1788877740.8843,10,346.00,1808.93,2154.93,18.0,15284.5,40757.7,2374.5,7217.412,3188.316,70609.748,3197630:13;3197661:225;3197662:223;3197663:220;3197664:219;3197665:222;3197666:219;3197667:224;3197668:243
111439.8059,1788877740.9954,10,346.00,1811.27,2157.27,81.1,15285.0,40757.2,2374.5,7218.568,3188.361,70609.748,3197630:13;3197661:225;3197662:223;3197663:220;3197664:219;3197665:223;3197666:219;3197667:225;3197668:243
111439.9164,1788877741.1059,10,346.00,1811.85,2157.85,45.6,15285.0,40757.2,2374.5,7218.795,3188.374,70609.748,3197630:13;3197661:226;3197662:223;3197663:220;3197664:219;3197665:223;3197666:219;3197667:225;3197668:243
111440.0257,1788877741.2152,10,346.00,1815.98,2161.98,91.0,15287.9,40754.3,2374.5,7219.915,3188.411,70609.748,3197630:13;3197661:226;3197662:223;3197663:220;3197664:222;3197665:224;3197666:220;3197667:225;3197668:243
111440.1363,1788877741.3258,10,346.00,1816.14,2162.14,9.1,15288.1,40754.1,2374.5,7220.148,3188.418,70609.748,3197630:13;3197661:226;3197662:223;3197663:220;3197664:222;3197665:224;3197666:220;3197667:225;3197668:243
111440.2453,1788877741.4348,10,346.00,1817.36,2163.36,27.0,15289.1,40753.1,2374.5,7221.317,3188.458,70609.748,3197630:13;3197661:226;3197662:223;3197663:220;3197664:222;3197665:224;3197666:220;3197667:225;3197668:244
111440.3574,1788877741.5470,10,346.00,1817.32,2163.32,9.1,15289.4,40752.9,2374.5,7221.563,3188.466,70609.748,3197630:13;3197661:226;3197662:223;3197663:220;3197664:222;3197665:224;3197666:220;3197667:225;3197668:244
111440.4667,1788877741.6563,10,346.00,1819.37,2165.37,117.5,15291.1,40751.1,2374.5,7222.678,3188.515,70609.748,3197630:13;3197661:226;3197662:223;3197663:220;3197664:223;3197665:224;3197666:220;3197667:226;3197668:244
111440.5773,1788877741.7668,10,346.00,1819.37,2165.37,0.0,15291.1,40751.1,2374.5,7222.898,3188.524,70609.748,3197630:13;3197661:226;3197662:223;3197663:220;3197664:223;3197665:224;3197666:220;3197667:226;3197668:244
111440.6867,1788877741.8763,10,346.00,1820.12,2166.12,18.2,15291.3,40750.9,2374.5,7223.562,3188.557,70609.748,3197630:13;3197661:226;3197662:223;3197663:220;3197664:223;3197665:224;3197666:220;3197667:226;3197668:244
111440.7969,1788877741.9865,10,346.00,1820.52,2166.52,18.0,15290.6,40751.6,2374.5,7224.089,3188.574,70609.748,3197630:13;3197661:226;3197662:223;3197663:220;3197664:223;3197665:224;3197666:220;3197667:226;3197668:244
111440.9079,1788877742.0974,10,346.00,1820.43,2166.43,99.8,15292.0,40750.2,2374.5,7225.040,3188.614,70609.748,3197630:13;3197661:226;3197662:223;3197663:220;3197664:224;3197665:224;3197666:221;3197667:226;3197668:243
111441.0179,1788877742.2074,10,346.00,1820.37,2166.37,18.2,15292.1,40750.1,2374.5,7225.225,3188.624,70609.748,3197630:13;3197661:226;3197662:223;3197663:220;3197664:224;3197665:224;3197666:221;3197667:226;3197668:243
111441.1273,1788877742.3169,10,346.00,1821.76,2167.76,91.0,15292.3,40749.9,2374.5,7226.339,3188.664,70609.748,3197630:13;3197661:227;3197662:223;3197663:220;3197664:225;3197665:224;3197666:221;3197667:226;3197668:242
111441.2375,1788877742.4271,10,346.12,1822.11,2168.24,18.4,15293.8,40748.4,2374.5,7226.555,3188.673,70609.748,3197630:13;3197661:227;3197662:223;3197663:220;3197664:225;3197665:224;3197666:221;3197667:226;3197668:243
111441.3463,1788877742.5359,10,346.12,1825.82,2171.94,126.9,15296.5,40745.8,2374.5,7227.689,3188.721,70609.748,3197630:13;3197661:227;3197662:223;3197663:222;3197664:225;3197665:225;3197666:221;3197667:227;3197668:243
111441.4571,1788877742.6466,10,346.12,1826.17,2172.29,18.0,15297.4,40744.8,2374.5,7227.911,3188.730,70609.748,3197630:13;3197661:227;3197662:223;3197663:222;3197664:226;3197665:225;3197666:221;3197667:227;3197668:243
111441.5680,1788877742.7576,10,346.12,1826.91,2173.03,71.3,15298.2,40744.0,2374.5,7229.135,3188.774,70609.748,3197630:13;3197661:227;3197662:223;3197663:222;3197664:226;3197665:225;3197666:221;3197667:227;3197668:243
111441.6802,1788877742.8698,10,346.12,1829.00,2175.13,35.6,15300.6,40741.6,2374.5,7229.311,3188.789,70609.748,3197630:13;3197661:227;3197662:224;3197663:222;3197664:226;3197665:225;3197666:221;3197667:228;3197668:243
111441.7926,1788877742.9822,10,346.12,1831.28,2177.41,81.6,15300.9,40741.3,2374.5,7230.615,3188.840,70609.748,3197630:13;3197661:227;3197662:224;3197663:222;3197664:226;3197665:226;3197666:221;3197667:228;3197668:243
111441.9028,1788877743.0923,10,346.12,1831.44,2177.56,27.6,15297.1,40745.1,2374.5,7230.764,3188.849,70609.748,3197630:13;3197661:227;3197662:224;3197663:222;3197664:226;3197665:227;3197666:221;3197667:228;3197668:243
111442.0117,1788877743.2013,10,346.12,1833.30,2179.43,118.3,15302.5,40739.8,2374.5,7232.064,3188.899,70609.748,3197630:13;3197661:227;3197662:224;3197663:222;3197664:227;3197665:227;3197666:222;3197667:229;3197668:243
111442.1219,1788877743.3114,10,346.12,1833.11,2179.23,18.0,15302.4,40739.8,2374.5,7232.231,3188.909,70609.748,3197630:13;3197661:227;3197662:224;3197663:222;3197664:227;3197665:227;3197666:222;3197667:228;3197668:243
111442.2333,1788877743.4228,10,346.25,1838.02,2184.27,145.5,15304.0,40738.3,2374.5,7233.525,3188.962,70609.748,3197630:13;3197661:228;3197662:224;3197663:223;3197664:227;3197665:227;3197666:223;3197667:228;3197668:245
111442.3441,1788877743.5336,10,346.25,1838.25,2184.50,36.0,15304.0,40738.3,2374.5,7233.689,3188.972,70609.748,3197630:13;3197661:228;3197662:224;3197663:222;3197664:227;3197665:227;3197666:223;3197667:228;3197668:245
111442.4549,1788877743.6444,10,346.25,1840.30,2186.55,89.7,15305.4,40736.8,2374.5,7234.996,3189.034,70609.748,3197630:13;3197661:228;3197662:224;3197663:223;3197664:228;3197665:227;3197666:223;3197667:228;3197668:246
111442.5663,1788877743.7558,10,346.25,1840.43,2186.68,36.4,15305.7,40736.5,2374.5,7235.135,3189.040,70609.748,3197630:13;3197661:228;3197662:224;3197663:223;3197664:228;3197665:227;3197666:223;3197667:228;3197668:246
111442.6768,1788877743.8664,10,346.25,1842.89,2189.14,135.5,15304.7,40737.5,2374.5,7236.508,3189.107,70609.748,3197630:13;3197661:228;3197662:224;3197663:223;3197664:229;3197665:227;3197666:223;3197667:230;3197668:245
111442.7872,1788877743.9767,10,346.25,1843.47,2189.72,27.3,15305.4,40736.8,2374.5,7236.630,3189.115,70609.748,3197630:13;3197661:228;3197662:224;3197663:223;3197664:229;3197665:228;3197666:223;3197667:230;3197668:245
111442.8966,1788877744.0861,10,346.25,1849.25,2195.50,181.4,15307.3,40734.9,2374.5,7238.070,3189.177,70609.748,3197630:13;3197661:228;3197662:225;3197663:224;3197664:231;3197665:228;3197666:225;3197667:230;3197668:246
111443.0074,1788877744.1970,10,346.25,1849.40,2195.65,18.0,15308.3,40733.9,2374.5,7238.189,3189.186,70609.748,3197630:13;3197661:228;3197662:225;3197663:224;3197664:231;3197665:228;3197666:225;3197667:230;3197668:246
111443.1178,1788877744.3073,10,346.25,1857.06,2203.31,236.5,15320.8,40721.4,2374.5,7239.436,3189.249,70609.748,3197630:13;3197661:228;3197662:225;3197663:224;3197664:236;3197665:230;3197666:225;3197667:230;3197668:247
111443.2278,1788877744.4173,10,346.25,1857.18,2203.43,9.1,15321.2,40721.1,2374.5,7239.638,3189.258,70609.748,3197630:13;3197661:228;3197662:225;3197663:224;3197664:236;3197665:230;3197666:225;3197667:230;3197668:247
111443.3378,1788877744.5273,10,346.25,1859.66,2205.91,116.7,15322.1,40720.1,2374.5,7240.871,3189.308,70609.748,3197630:13;3197661:228;3197662:225;3197663:224;3197664:237;3197665:230;3197666:225;3197667:230;3197668:248
111443.4493,1788877744.6389,10,346.25,1859.85,2206.10,0.0,15322.7,40719.5,2374.5,7240.957,3189.313,70609.893,3197630:13;3197661:228;3197662:225;3197663:224;3197664:237;3197665:230;3197666:225;3197667:230;3197668:248
111443.5602,1788877744.7498,10,346.25,1863.55,2209.80,190.5,15336.7,40705.5,2374.5,7242.238,3189.374,70609.947,3197630:13;3197661:228;3197662:226;3197663:224;3197664:240;3197665:231;3197666:224;3197667:230;3197668:248
111443.6706,1788877744.8601,10,346.25,1863.55,2209.80,0.0,15336.4,40705.8,2374.5,7242.293,3189.376,70609.947,3197630:13;3197661:228;3197662:226;3197663:224;3197664:240;3197665:231;3197666:224;3197667:230;3197668:248
111443.7829,1788877744.9724,10,346.25,1865.64,2211.89,80.0,15337.9,40704.4,2374.5,7243.645,3189.426,70609.947,3197630:13;3197661:228;3197662:225;3197663:224;3197664:240;3197665:231;3197666:225;3197667:230;3197668:249
111443.8952,1788877745.0847,10,346.25,1865.64,2211.89,27.3,15335.7,40706.5,2374.5,7243.674,3189.428,70609.947,3197630:13;3197661:228;3197662:225;3197663:224;3197664:240;3197665:231;3197666:225;3197667:230;3197668:249
111444.0044,1788877745.1940,10,346.38,1871.15,2217.53,145.8,15341.9,40700.3,2374.5,7244.958,3189.476,70609.947,3197630:13;3197661:228;3197662:225;3197663:224;3197664:240;3197665:236;3197666:224;3197667:230;3197668:250
111444.1153,1788877745.3049,10,346.38,1871.15,2217.53,0.0,15342.1,40700.1,2374.5,7244.984,3189.478,70609.947,3197630:13;3197661:228;3197662:225;3197663:224;3197664:240;3197665:236;3197666:224;3197667:230;3197668:250
111444.2248,1788877745.4143,10,346.38,1872.66,2219.04,63.5,15343.1,40699.1,2374.5,7246.358,3189.527,70609.947,3197630:13;3197661:228;3197662:226;3197663:224;3197664:240;3197665:236;3197666:225;3197667:230;3197668:250
111444.3358,1788877745.5254,10,346.38,1872.66,2219.04,9.0,15343.1,40699.1,2374.5,7246.358,3189.529,70609.947,3197630:13;3197661:228;3197662:226;3197663:224;3197664:240;3197665:236;3197666:225;3197667:230;3197668:250
111444.4459,1788877745.6355,10,346.38,1883.25,2229.62,226.7,15369.9,40672.3,2374.5,7247.701,3189.571,70609.947,3197630:13;3197661:225;3197662:230;3197663:224;3197664:247;3197665:244;3197666:225;3197667:230;3197668:245
111444.5568,1788877745.7463,10,346.38,1883.25,2229.62,0.0,15370.1,40672.1,2374.5,7247.714,3189.573,70609.947,3197630:13;3197661:225;3197662:230;3197663:224;3197664:247;3197665:244;3197666:225;3197667:230;3197668:245
111444.6672,1788877745.8568,10,346.38,1886.43,2232.80,108.1,15370.9,40671.4,2374.5,7249.020,3189.632,70609.947,3197630:13;3197661:225;3197662:231;3197663:224;3197664:247;3197665:245;3197666:225;3197667:231;3197668:245
111444.7778,1788877745.9674,10,346.38,1886.43,2232.80,0.0,15370.9,40671.4,2374.5,7249.020,3189.633,70609.947,3197630:13;3197661:225;3197662:231;3197663:224;3197664:247;3197665:245;3197666:225;3197667:231;3197668:245
111444.8892,1788877746.0787,10,346.38,1890.85,2237.22,127.4,15369.6,40672.6,2374.5,7250.376,3189.686,70609.947,3197630:13;3197661:225;3197662:232;3197663:224;3197664:247;3197665:249;3197666:226;3197667:230;3197668:245
111444.9992,1788877746.1888,10,346.38,1888.74,2235.12,18.2,15370.1,40672.1,2374.5,7250.376,3189.688,70609.947,3197630:13;3197661:225;3197662:232;3197663:224;3197664:247;3197665:247;3197666:226;3197667:230;3197668:244
111445.1090,1788877746.2985,10,346.38,1890.35,2236.73,72.6,15363.4,40678.8,2374.5,7251.738,3189.734,70609.947,3197630:13;3197661:225;3197662:232;3197663:224;3197664:247;3197665:249;3197666:226;3197667:230;3197668:244
111445.2196,1788877746.4091,10,346.38,1890.48,2236.85,0.0,15363.1,40679.1,2374.5,7251.738,3189.736,70609.947,3197630:13;3197661:225;3197662:232;3197663:224;3197664:247;3197665:249;3197666:226;3197667:230;3197668:244
111445.3285,1788877746.5180,10,346.38,1893.82,2240.20,108.0,15365.8,40676.4,2374.5,7252.965,3189.784,70609.947,3197630:13;3197661:226;3197662:234;3197663:224;3197664:247;3197665:250;3197666:226;3197667:230;3197668:245
111445.4398,1788877746.6294,10,346.38,1893.82,2240.20,18.4,15365.8,40676.4,2374.5,7252.965,3189.788,70609.947,3197630:13;3197661:226;3197662:234;3197663:224;3197664:247;3197665:250;3197666:226;3197667:230;3197668:245
111445.5489,1788877746.7385,10,346.38,1894.80,2241.17,35.7,15365.8,40676.4,2374.5,7254.416,3189.832,70609.947,3197630:13;3197661:226;3197662:234;3197663:224;3197664:247;3197665:250;3197666:226;3197667:230;3197668:245
111445.6608,1788877746.8503,10,346.38,1894.80,2241.17,0.0,15365.8,40676.4,2374.5,7254.416,3189.834,70609.947,3197630:13;3197661:226;3197662:234;3197663:224;3197664:247;3197665:250;3197666:226;3197667:230;3197668:245
111445.7698,1788877746.9594,10,346.38,1897.87,2244.25,145.9,15366.8,40675.5,2374.5,7255.726,3189.894,70609.947,3197630:13;3197661:226;3197662:235;3197663:225;3197664:247;3197665:250;3197666:227;3197667:230;3197668:246
111445.8795,1788877747.0691,10,346.38,1897.87,2244.25,0.0,15363.6,40678.7,2374.5,7255.727,3189.895,70609.947,3197630:13;3197661:226;3197662:235;3197663:225;3197664:247;3197665:250;3197666:227;3197667:230;3197668:246
111445.9896,1788877747.1792,10,346.38,1902.47,2248.85,99.9,15366.3,40676.0,2374.5,7257.058,3189.949,70609.947,3197630:13;3197661:226;3197662:235;3197663:228;3197664:247;3197665:250;3197666:227;3197667:230;3197668:247
111446.1001,1788877747.2896,10,346.38,1899.49,2245.87,27.0,15368.2,40674.0,2374.5,7257.058,3189.952,70609.947,3197630:13;3197661:226;3197662:235;3197663:226;3197664:247;3197665:250;3197666:227;3197667:230;3197668:245
111446.2105,1788877747.4000,10,346.38,1901.86,2248.23,173.1,15368.3,40673.9,2374.5,7258.290,3190.013,70609.947,3197630:13;3197661:226;3197662:235;3197663:227;3197664:247;3197665:250;3197666:227;3197667:230;3197668:246
111446.3200,1788877747.5095,10,346.38,1901.86,2248.23,0.0,15368.5,40673.7,2374.5,7258.290,3190.014,70609.947,3197630:13;3197661:226;3197662:235;3197663:227;3197664:247;3197665:250;3197666:227;3197667:230;3197668:246
111446.4297,1788877747.6192,10,346.38,1908.43,2254.81,256.0,15376.4,40665.8,2374.5,7259.481,3190.089,70609.947,3197630:13;3197661:227;3197662:235;3197663:232;3197664:247;3197665:250;3197666:227;3197667:230;3197668:247
111446.5390,1788877747.7285,10,346.38,1908.18,2254.56,0.0,15376.4,40665.8,2374.5,7259.481,3190.091,70609.947,3197630:13;3197661:227;3197662:235;3197663:232;3197664:247;3197665:250;3197666:227;3197667:230;3197668:247
111446.6485,1788877747.8381,10,346.50,1914.94,2261.44,362.7,15380.0,40662.2,2374.5,7260.784,3190.181,70609.947,3197630:13;3197661:227;3197662:235;3197663:236;3197664:247;3197665:250;3197666:228;3197667:230;3197668:249
111446.7602,1788877747.9497,10,346.50,1914.69,2261.19,8.9,15380.0,40662.2,2374.5,7260.784,3190.187,70609.947,3197630:13;3197661:227;3197662:235;3197663:236;3197664:247;3197665:250;3197666:228;3197667:230;3197668:249
111446.8708,1788877748.0603,10,346.50,1918.66,2265.16,183.3,15379.7,40662.6,2374.5,7262.320,3190.256,70609.947,3197630:13;3197661:228;3197662:235;3197663:236;3197664:247;3197665:250;3197666:228;3197667:230;3197668:251
111446.9812,1788877748.1707,10,346.50,1918.66,2265.16,18.2,15379.7,40662.6,2374.5,7262.320,3190.259,70609.955,3197630:13;3197661:228;3197662:235;3197663:236;3197664:247;3197665:250;3197666:228;3197667:230;3197668:251
111447.0902,1788877748.2797,10,346.50,1921.60,2268.10,109.6,15380.4,40661.9,2374.5,7263.841,3190.312,70609.955,3197630:13;3197661:228;3197662:235;3197663:237;3197664:247;3197665:250;3197666:229;3197667:230;3197668:251
111447.1997,1788877748.3893,10,346.50,1921.60,2268.10,0.0,15380.4,40661.9,2374.5,7263.841,3190.315,70609.955,3197630:13;3197661:228;3197662:235;3197663:237;3197664:247;3197665:250;3197666:229;3197667:230;3197668:251
111447.3090,1788877748.4986,10,346.50,1924.86,2271.36,173.5,15385.3,40657.0,2374.5,7265.201,3190.381,70609.955,3197630:13;3197661:227;3197662:235;3197663:240;3197664:247;3197665:250;3197666:230;3197667:231;3197668:252
111447.4196,1788877748.6091,10,346.50,1924.86,2271.36,0.0,15385.3,40657.0,2374.5,7265.202,3190.382,70609.955,3197630:13;3197661:227;3197662:235;3197663:240;3197664:247;3197665:250;3197666:230;3197667:231;3197668:252
111447.5306,1788877748.7201,10,346.50,1928.46,2274.96,155.3,15391.9,40650.3,2374.5,7266.362,3190.436,70609.955,3197630:13;3197661:228;3197662:236;3197663:240;3197664:247;3197665:251;3197666:230;3197667:231;3197668:252
111447.6400,1788877748.8296,10,346.50,1928.46,2274.96,0.0,15392.4,40649.8,2374.5,7266.367,3190.437,70609.955,3197630:13;3197661:228;3197662:236;3197663:240;3197664:247;3197665:251;3197666:230;3197667:231;3197668:252
111447.7489,1788877748.9384,10,346.50,1932.05,2278.55,191.2,15397.4,40644.9,2374.5,7267.890,3190.503,70609.955,3197630:13;3197661:229;3197662:236;3197663:242;3197664:247;3197665:252;3197666:230;3197667:230;3197668:253
111447.8598,1788877749.0493,10,346.50,1932.05,2278.55,9.1,15393.8,40648.4,2374.5,7267.890,3190.503,70609.955,3197630:13;3197661:229;3197662:236;3197663:242;3197664:247;3197665:252;3197666:230;3197667:230;3197668:253
111447.9688,1788877749.1583,10,346.50,1934.78,2281.28,91.7,15392.3,40649.9,2374.5,7269.200,3190.564,70609.955,3197630:13;3197661:229;3197662:237;3197663:242;3197664:247;3197665:252;3197666:231;3197667:231;3197668:254
111448.0779,1788877749.2674,10,346.50,1934.10,2280.60,9.1,15393.1,40649.2,2374.5,7269.200,3190.566,70609.955,3197630:13;3197661:229;3197662:237;3197663:242;3197664:247;3197665:252;3197666:231;3197667:231;3197668:254
111448.1874,1788877749.3770,10,346.50,1936.01,2282.51,110.1,15395.2,40647.0,2374.5,7270.515,3190.618,70609.955,3197630:13;3197661:229;3197662:237;3197663:243;3197664:248;3197665:251;3197666:231;3197667:231;3197668:254
111448.2967,1788877749.4862,10,346.50,1936.01,2282.51,0.0,15395.2,40647.0,2374.5,7270.515,3190.618,70609.955,3197630:13;3197661:229;3197662:237;3197663:243;3197664:248;3197665:251;3197666:231;3197667:231;3197668:254
111448.4083,1788877749.5979,10,346.50,1937.36,2283.86,91.0,15396.5,40645.7,2374.5,7271.890,3190.672,70609.955,3197630:13;3197661:230;3197662:236;3197663:243;3197664:248;3197665:252;3197666:231;3197667:231;3197668:254
111448.5183,1788877749.7078,10,346.50,1940.35,2286.85,174.2,15399.3,40643.0,2374.5,7272.963,3190.715,70609.955,3197630:13;3197661:230;3197662:237;3197663:244;3197664:249;3197665:252;3197666:231;3197667:230;3197668:255
111448.6275,1788877749.8170,10,346.50,1943.08,2289.58,125.6,15403.0,40639.2,2374.5,7274.286,3190.767,70609.955,3197630:13;3197661:231;3197662:236;3197663:244;3197664:249;3197665:252;3197666:231;3197667:230;3197668:257
111448.7393,1788877749.9289,10,346.50,1943.08,2289.58,0.0,15403.2,40639.0,2374.5,7274.286,3190.769,70609.955,3197630:13;3197661:231;3197662:236;3197663:244;3197664:249;3197665:252;3197666:231;3197667:230;3197668:257
111448.8487,1788877750.0383,10,346.50,1944.65,2291.15,119.1,15401.9,40640.3,2374.5,7275.646,3190.820,70609.955,3197630:13;3197661:231;3197662:237;3197663:244;3197664:249;3197665:252;3197666:231;3197667:231;3197668:257
111448.9579,1788877750.1474,10,346.50,1944.65,2291.15,0.0,15401.9,40640.4,2374.5,7275.646,3190.820,70609.955,3197630:13;3197661:231;3197662:237;3197663:244;3197664:249;3197665:252;3197666:231;3197667:231;3197668:257
111449.0682,1788877750.2577,10,346.50,1946.10,2292.60,100.5,15403.6,40638.6,2374.5,7277.019,3190.874,70609.955,3197630:13;3197661:231;3197662:237;3197663:244;3197664:249;3197665:252;3197666:232;3197667:231;3197668:258
111449.1786,1788877750.3681,10,346.50,1946.10,2292.60,0.0,15403.6,40638.7,2374.5,7277.019,3190.874,70609.955,3197630:13;3197661:231;3197662:237;3197663:244;3197664:249;3197665:252;3197666:232;3197667:231;3197668:258
111449.2890,1788877750.4785,10,346.50,1950.63,2297.13,155.5,15407.0,40635.2,2374.5,7278.439,3190.934,70609.955,3197630:13;3197661:232;3197662:237;3197663:246;3197664:249;3197665:252;3197666:232;3197667:230;3197668:258
111449.3986,1788877750.5881,10,346.50,1950.63,2297.13,0.0,15407.0,40635.2,2374.5,7278.439,3190.935,70609.955,3197630:13;3197661:232;3197662:237;3197663:246;3197664:249;3197665:252;3197666:232;3197667:230;3197668:258
111449.5076,1788877750.6972,10,346.50,1954.70,2301.20,126.0,15409.0,40633.3,2374.5,7279.975,3190.986,70609.955,3197630:13;3197661:233;3197662:237;3197663:248;3197664:250;3197665:252;3197666:232;3197667:231;3197668:259
111449.6190,1788877750.8085,10,346.50,1953.73,2300.23,63.6,15413.8,40628.4,2374.5,7280.174,3191.000,70609.955,3197630:13;3197661:233;3197662:237;3197663:248;3197664:250;3197665:252;3197666:233;3197667:230;3197668:258
111449.7292,1788877750.9187,10,346.50,1954.92,2301.42,63.9,15414.1,40628.1,2374.5,7281.554,3191.043,70609.955,3197630:13;3197661:234;3197662:237;3197663:248;3197664:250;3197665:252;3197666:233;3197667:230;3197668:258
111449.8387,1788877751.0282,10,346.50,1954.92,2301.42,0.0,15414.0,40628.2,2374.5,7281.554,3191.044,70609.955,3197630:13;3197661:234;3197662:237;3197663:248;3197664:250;3197665:252;3197666:233;3197667:230;3197668:258
111449.9500,1788877751.1396,10,346.50,1956.25,2302.75,106.8,15405.4,40636.8,2374.5,7282.952,3191.094,70609.955,3197630:13;3197661:232;3197662:237;3197663:250;3197664:250;3197665:252;3197666:234;3197667:230;3197668:258
111450.0617,1788877751.2512,10,346.50,1956.25,2302.75,0.0,15405.9,40636.4,2374.5,7282.952,3191.096,70609.955,3197630:13;3197661:232;3197662:237;3197663:250;3197664:250;3197665:252;3197666:234;3197667:230;3197668:258
111450.1729,1788877751.3624,10,346.50,1956.93,2303.43,63.8,15406.8,40635.4,2374.5,7284.344,3191.142,70609.955,3197630:13;3197661:232;3197662:237;3197663:250;3197664:250;3197665:252;3197666:234;3197667:230;3197668:258
111450.2825,1788877751.4721,10,346.50,1956.93,2303.43,8.9,15406.8,40635.4,2374.5,7284.344,3191.142,70609.955,3197630:13;3197661:232;3197662:237;3197663:250;3197664:250;3197665:252;3197666:234;3197667:230;3197668:258
111450.3946,1788877751.5841,10,346.50,1958.49,2304.99,45.4,15406.8,40635.4,2374.5,7285.606,3191.187,70609.955,3197630:13;3197661:232;3197662:237;3197663:250;3197664:250;3197665:252;3197666:235;3197667:230;3197668:258
111450.5046,1788877751.6941,10,346.50,1958.74,2305.24,0.0,15406.8,40635.4,2374.5,7285.717,3191.191,70609.955,3197630:13;3197661:232;3197662:237;3197663:250;3197664:250;3197665:252;3197666:235;3197667:230;3197668:258
111450.6150,1788877751.8046,10,346.50,1959.73,2306.23,72.8,15405.8,40636.5,2374.5,7286.919,3191.233,70609.955,3197630:13;3197661:232;3197662:237;3197663:253;3197664:250;3197665:252;3197666:235;3197667:230;3197668:257
111450.7246,1788877751.9142,10,346.50,1959.73,2306.23,0.0,15406.0,40636.2,2374.5,7287.106,3191.237,70609.955,3197630:13;3197661:232;3197662:237;3197663:253;3197664:250;3197665:252;3197666:235;3197667:230;3197668:257
111450.8349,1788877752.0245,10,346.50,1959.93,2306.43,27.3,15407.0,40635.2,2374.5,7288.375,3191.274,70609.955,3197630:13;3197661:232;3197662:237;3197663:253;3197664:250;3197665:252;3197666:235;3197667:230;3197668:257
111450.9462,1788877752.1357,10,346.50,1961.95,2308.45,26.1,15405.8,40636.4,2374.5,7288.580,3191.283,70609.955,3197630:13;3197661:233;3197662:237;3197663:253;3197664:250;3197665:252;3197666:235;3197667:231;3197668:258
111451.0594,1788877752.2489,10,346.50,1963.45,2309.95,82.2,15408.6,40633.6,2374.5,7289.707,3191.327,70609.955,3197630:13;3197661:230;3197662:237;3197663:256;3197664:250;3197665:252;3197666:235;3197667:231;3197668:258
111451.1686,1788877752.3581,10,346.50,1963.83,2310.33,9.1,15408.7,40633.6,2374.5,7289.943,3191.332,70609.955,3197630:13;3197661:231;3197662:237;3197663:256;3197664:250;3197665:252;3197666:235;3197667:231;3197668:258
111451.2790,1788877752.4686,10,346.50,1966.32,2312.82,109.4,15416.5,40625.7,2374.5,7291.083,3191.378,70609.955,3197630:13;3197661:231;3197662:237;3197663:256;3197664:253;3197665:252;3197666:236;3197667:231;3197668:258
111451.3900,1788877752.5795,10,346.50,1966.69,2313.19,26.7,15416.8,40625.4,2374.5,7291.279,3191.387,70609.955,3197630:13;3197661:231;3197662:237;3197663:256;3197664:253;3197665:252;3197666:236;3197667:231;3197668:258
111451.5004,1788877752.6899,10,346.50,1968.61,2315.11,89.9,15416.7,40625.6,2374.5,7292.459,3191.431,70609.955,3197630:13;3197661:231;3197662:237;3197663:256;3197664:253;3197665:254;3197666:236;3197667:231;3197668:258
111451.6120,1788877752.8016,10,346.50,1968.72,2315.22,0.0,15417.4,40624.8,2374.5,7292.647,3191.439,70609.955,3197630:13;3197661:231;3197662:237;3197663:256;3197664:253;3197665:254;3197666:236;3197667:231;3197668:258
111451.7223,1788877752.9119,10,346.50,1970.64,2317.14,72.1,15422.3,40619.9,2374.5,7293.724,3191.474,70609.955,3197630:13;3197661:231;3197662:238;3197663:256;3197664:253;3197665:255;3197666:236;3197667:230;3197668:258
111451.8333,1788877753.0228,10,346.50,1971.64,2318.14,8.9,15423.3,40618.9,2374.5,7294.009,3191.481,70609.955,3197630:13;3197661:231;3197662:238;3197663:257;3197664:253;3197665:255;3197666:236;3197667:230;3197668:259
111451.9455,1788877753.1351,10,346.50,1971.94,2318.44,109.3,15425.9,40616.3,2374.5,7295.140,3191.520,70609.955,3197630:13;3197661:232;3197662:237;3197663:258;3197664:253;3197665:255;3197666:236;3197667:230;3197668:258
111452.0549,1788877753.2444,10,346.50,1971.79,2318.29,9.0,15426.2,40616.1,2374.5,7295.350,3191.529,70609.955,3197630:13;3197661:232;3197662:237;3197663:258;3197664:253;3197665:255;3197666:236;3197667:230;3197668:258
111452.1663,1788877753.3558,10,346.50,1973.34,2319.84,128.0,15427.2,40615.0,2374.5,7296.429,3191.569,70609.955,3197630:13;3197661:231;3197662:237;3197663:259;3197664:254;3197665:256;3197666:236;3197667:230;3197668:258
111452.2755,1788877753.4651,10,346.50,1974.72,2321.22,18.2,15427.4,40614.8,2374.5,7296.752,3191.578,70609.955,3197630:13;3197661:231;3197662:237;3197663:259;3197664:254;3197665:256;3197666:236;3197667:231;3197668:258
111452.3856,1788877753.5751,10,346.50,1975.54,2322.04,82.2,15427.7,40614.5,2374.5,7297.912,3191.625,70609.955,3197630:13;3197661:231;3197662:238;3197663:259;3197664:255;3197665:256;3197666:236;3197667:230;3197668:258
111452.4948,1788877753.6843,10,346.50,1975.64,2322.14,9.1,15427.7,40614.5,2374.5,7298.250,3191.632,70609.955,3197630:13;3197661:231;3197662:238;3197663:259;3197664:255;3197665:256;3197666:236;3197667:230;3197668:258
111452.6044,1788877753.7940,10,346.50,1976.77,2323.27,63.7,15429.1,40613.1,2374.5,7299.407,3191.671,70609.955,3197630:13;3197661:231;3197662:239;3197663:260;3197664:255;3197665:256;3197666:236;3197667:229;3197668:258
111452.7149,1788877753.9044,10,346.50,1977.50,2324.00,53.4,15429.3,40612.9,2374.5,7299.819,3191.684,70609.955,3197630:13;3197661:231;3197662:239;3197663:260;3197664:255;3197665:256;3197666:236;3197667:229;3197668:258
111452.8267,1788877754.0163,10,346.50,1979.57,2326.07,100.1,15426.9,40615.3,2374.5,7300.901,3191.722,70609.955,3197630:13;3197661:231;3197662:239;3197663:260;3197664:257;3197665:256;3197666:237;3197667:229;3197668:258
111452.9364,1788877754.1259,10,346.50,1979.20,2325.70,18.2,15426.9,40615.3,2374.5,7301.154,3191.731,70609.955,3197630:13;3197661:232;3197662:239;3197663:260;3197664:257;3197665:256;3197666:237;3197667:229;3197668:258
111453.0462,1788877754.2358,10,346.50,1980.59,2327.09,61.4,15427.2,40615.0,2374.5,7302.216,3191.766,70609.955,3197630:13;3197661:232;3197662:239;3197663:260;3197664:257;3197665:256;3197666:237;3197667:229;3197668:259
111453.1604,1788877754.3499,10,346.50,1980.91,2327.41,45.7,15427.4,40614.8,2374.5,7302.422,3191.777,70609.955,3197630:13;3197661:232;3197662:239;3197663:260;3197664:257;3197665:256;3197666:237;3197667:229;3197668:259
111453.2700,1788877754.4596,10,346.50,1983.50,2330.00,82.2,15431.2,40611.0,2374.5,7303.468,3191.816,70609.955,3197630:13;3197661:233;3197662:238;3197663:260;3197664:257;3197665:259;3197666:237;3197667:229;3197668:258
111453.3794,1788877754.5690,10,346.50,1984.44,2330.94,18.0,15431.2,40611.0,2374.5,7303.739,3191.827,70609.955,3197630:13;3197661:233;3197662:239;3197663:260;3197664:257;3197665:259;3197666:237;3197667:229;3197668:258
111453.4899,1788877754.6794,10,346.50,1986.02,2332.52,64.1,15432.4,40609.8,2374.5,7304.786,3191.864,70609.955,3197630:13;3197661:233;3197662:239;3197663:260;3197664:257;3197665:260;3197666:237;3197667:230;3197668:258
111453.5989,1788877754.7884,10,346.50,1992.23,2338.73,36.4,15436.4,40605.9,2374.5,7305.153,3191.873,70609.955,3197630:13;3197661:233;3197662:240;3197663:265;3197664:257;3197665:260;3197666:237;3197667:229;3197668:258
111453.7094,1788877754.8990,10,346.50,1989.83,2336.33,63.1,15447.7,40594.6,2374.5,7306.142,3191.904,70609.955,3197630:13;3197661:233;3197662:238;3197663:263;3197664:260;3197665:260;3197666:237;3197667:230;3197668:256
111453.8200,1788877755.0096,10,346.50,1989.57,2336.07,9.0,15447.7,40594.6,2374.5,7306.376,3191.914,70609.955,3197630:13;3197661:233;3197662:237;3197663:263;3197664:260;3197665:260;3197666:237;3197667:230;3197668:256
111453.9305,1788877755.1201,10,346.50,1989.99,2336.49,17.9,15444.2,40598.1,2374.5,7307.455,3191.944,70609.955,3197630:13;3197661:233;3197662:238;3197663:263;3197664:260;3197665:260;3197666:237;3197667:230;3197668:256
111454.0419,1788877755.2314,10,346.50,1990.43,2336.93,27.0,15444.2,40598.1,2374.5,7307.781,3191.956,70609.955,3197630:13;3197661:233;3197662:238;3197663:263;3197664:260;3197665:260;3197666:237;3197667:230;3197668:256
111454.1528,1788877755.3423,10,346.50,1990.92,2337.42,9.1,15445.2,40597.1,2374.5,7308.804,3191.980,70609.955,3197630:13;3197661:233;3197662:238;3197663:263;3197664:260;3197665:260;3197666:237;3197667:230;3197668:256
111454.2624,1788877755.4519,10,346.50,1996.21,2342.71,53.7,15448.6,40593.6,2374.5,7309.143,3191.992,70609.955,3197630:13;3197661:234;3197662:238;3197663:268;3197664:260;3197665:260;3197666:237;3197667:230;3197668:256
111454.3749,1788877755.5645,10,346.50,1993.87,2340.37,36.2,15445.8,40596.5,2374.5,7310.106,3192.019,70609.955,3197630:13;3197661:233;3197662:238;3197663:268;3197664:260;3197665:260;3197666:237;3197667:231;3197668:255
111454.4843,1788877755.6739,10,346.50,1994.32,2340.82,9.0,15445.8,40596.5,2374.5,7310.434,3192.030,70609.955,3197630:13;3197661:233;3197662:238;3197663:268;3197664:260;3197665:260;3197666:238;3197667:231;3197668:255
111454.5951,1788877755.7846,10,346.50,1995.78,2342.28,55.0,15445.8,40596.5,2374.5,7311.395,3192.064,70609.955,3197630:13;3197661:233;3197662:239;3197663:268;3197664:260;3197665:260;3197666:238;3197667:230;3197668:255
111454.7040,1788877755.8936,10,346.50,1996.16,2342.66,8.9,15445.8,40596.5,2374.5,7311.766,3192.076,70609.955,3197630:13;3197661:234;3197662:239;3197663:268;3197664:260;3197665:260;3197666:238;3197667:231;3197668:255
111454.8165,1788877756.0060,10,346.50,1997.10,2343.60,90.2,15449.1,40593.1,2374.5,7312.703,3192.110,70609.955,3197630:13;3197661:234;3197662:238;3197663:268;3197664:263;3197665:260;3197666:238;3197667:230;3197668:254
111454.9273,1788877756.1169,10,346.50,1997.17,2343.67,45.1,15449.1,40593.1,2374.5,7313.105,3192.122,70609.955,3197630:13;3197661:234;3197662:238;3197663:268;3197664:263;3197665:260;3197666:238;3197667:230;3197668:254
111455.0380,1788877756.2276,10,346.62,1998.64,2345.27,89.2,15458.4,40583.8,2374.5,7314.002,3192.156,70609.955,3197630:13;3197661:233;3197662:237;3197663:268;3197664:263;3197665:262;3197666:238;3197667:231;3197668:254
111455.1494,1788877756.3389,10,346.62,1998.75,2345.37,45.0,15458.4,40583.8,2374.5,7314.577,3192.174,70609.955,3197630:13;3197661:233;3197662:237;3197663:268;3197664:263;3197665:262;3197666:238;3197667:231;3197668:254
111455.2606,1788877756.4502,10,346.62,1999.96,2346.59,18.2,15458.7,40583.5,2374.5,7315.547,3192.211,70609.955,3197630:13;3197661:234;3197662:237;3197663:268;3197664:263;3197665:262;3197666:238;3197667:231;3197668:254
111455.3697,1788877756.5593,10,346.62,1999.96,2346.59,18.0,15458.7,40583.5,2374.5,7316.040,3192.226,70609.955,3197630:13;3197661:234;3197662:237;3197663:268;3197664:263;3197665:262;3197666:238;3197667:231;3197668:254
111455.4813,1788877756.6708,10,346.62,2000.02,2346.65,27.0,15460.6,40581.6,2374.5,7316.958,3192.255,70609.955,3197630:13;3197661:233;3197662:238;3197663:268;3197664:263;3197665:262;3197666:238;3197667:232;3197668:254
111455.5927,1788877756.7823,10,346.62,1999.75,2346.38,18.0,15460.6,40581.6,2374.5,7317.441,3192.269,70609.963,3197630:13;3197661:233;3197662:238;3197663:268;3197664:263;3197665:262;3197666:238;3197667:232;3197668:253
111455.7036,1788877756.8932,10,346.62,2000.50,2347.13,9.1,15460.6,40581.6,2374.5,7318.343,3192.295,70609.963,3197630:13;3197661:233;3197662:238;3197663:268;3197664:263;3197665:262;3197666:239;3197667:232;3197668:254
111455.8132,1788877757.0028,10,346.62,2001.56,2348.18,9.1,15460.6,40581.6,2374.5,7318.692,3192.307,70609.963,3197630:13;3197661:233;3197662:238;3197663:268;3197664:263;3197665:262;3197666:239;3197667:232;3197668:254
111455.9233,1788877757.1129,10,346.62,2001.38,2348.00,45.6,15460.3,40581.9,2374.5,7319.612,3192.331,70609.963,3197630:13;3197661:233;3197662:238;3197663:268;3197664:263;3197665:262;3197666:239;3197667:232;3197668:254
111456.0329,1788877757.2224,10,346.62,2001.85,2348.48,17.8,15460.3,40581.9,2374.5,7320.108,3192.347,70609.963,3197630:13;3197661:233;3197662:238;3197663:268;3197664:263;3197665:262;3197666:239;3197667:232;3197668:253
111456.1452,1788877757.3347,10,346.62,2002.02,2348.64,18.2,15460.3,40581.9,2374.5,7320.996,3192.377,70609.963,3197630:13;3197661:234;3197662:238;3197663:268;3197664:263;3197665:262;3197666:239;3197667:232;3197668:253
111456.2551,1788877757.4446,10,346.62,2002.07,2348.70,17.9,15460.3,40581.9,2374.5,7321.508,3192.393,70609.963,3197630:13;3197661:234;3197662:238;3197663:268;3197664:263;3197665:262;3197666:239;3197667:232;3197668:253
111456.3662,1788877757.5558,10,346.62,2002.93,2349.55,27.5,15460.3,40581.9,2374.5,7322.400,3192.423,70609.963,3197630:13;3197661:234;3197662:239;3197663:268;3197664:263;3197665:262;3197666:239;3197667:232;3197668:254
111456.4753,1788877757.6649,10,346.62,2002.48,2349.11,18.2,15460.3,40581.9,2374.5,7322.936,3192.438,70609.963,3197630:13;3197661:233;3197662:239;3197663:268;3197664:263;3197665:262;3197666:239;3197667:232;3197668:254
111456.5858,1788877757.7753,10,346.62,2003.66,2350.29,27.0,15460.3,40581.9,2374.5,7323.843,3192.472,70609.963,3197630:13;3197661:234;3197662:239;3197663:268;3197664:263;3197665:262;3197666:239;3197667:232;3197668:254
111456.6968,1788877757.8863,10,346.62,2003.57,2350.20,18.2,15460.1,40582.1,2374.5,7324.359,3192.489,70609.963,3197630:13;3197661:235;3197662:238;3197663:268;3197664:263;3197665:262;3197666:239;3197667:232;3197668:254
111456.8064,1788877757.9960,10,346.62,2007.08,2353.71,118.0,15474.7,40567.5,2374.5,7325.220,3192.527,70609.963,3197630:13;3197661:235;3197662:238;3197663:268;3197664:266;3197665:263;3197666:240;3197667:232;3197668:253
111456.9169,1788877758.1064,10,346.75,2007.57,2354.32,36.6,15465.0,40577.2,2374.5,7325.870,3192.547,70609.963,3197630:13;3197661:235;3197662:237;3197663:271;3197664:266;3197665:263;3197666:240;3197667:232;3197668:252
111457.0261,1788877758.2156,10,346.75,2007.92,2354.67,36.4,15461.4,40580.8,2374.5,7326.709,3192.578,70609.963,3197630:13;3197661:235;3197662:237;3197663:271;3197664:266;3197665:263;3197666:240;3197667:232;3197668:252
111457.1363,1788877758.3258,10,346.75,2008.92,2355.67,18.2,15461.6,40580.6,2374.5,7327.164,3192.595,70609.963,3197630:13;3197661:235;3197662:237;3197663:271;3197664:266;3197665:263;3197666:240;3197667:233;3197668:252
111457.2466,1788877758.4362,10,346.75,2009.23,2355.98,9.1,15462.4,40579.9,2374.5,7327.989,3192.613,70609.963,3197630:13;3197661:235;3197662:237;3197663:271;3197664:266;3197665:263;3197666:240;3197667:233;3197668:252
111457.3562,1788877758.5457,10,346.75,2009.36,2356.11,8.9,15462.6,40579.6,2374.5,7328.452,3192.624,70609.963,3197630:13;3197661:235;3197662:237;3197663:271;3197664:266;3197665:263;3197666:240;3197667:233;3197668:252
111457.4686,1788877758.6582,10,346.75,2011.34,2358.09,108.2,15468.6,40573.7,2374.5,7329.234,3192.653,70609.963,3197630:13;3197661:233;3197662:237;3197663:271;3197664:266;3197665:266;3197666:241;3197667:233;3197668:252
111457.5789,1788877758.7685,10,346.75,2011.66,2358.41,36.4,15468.6,40573.7,2374.5,7329.757,3192.667,70609.963,3197630:13;3197661:233;3197662:237;3197663:271;3197664:266;3197665:266;3197666:241;3197667:233;3197668:252
111457.6890,1788877758.8786,10,346.75,2012.36,2359.11,0.0,15472.4,40569.8,2374.5,7330.582,3192.691,70609.963,3197630:13;3197661:233;3197662:237;3197663:271;3197664:266;3197665:266;3197666:241;3197667:233;3197668:253
111457.7999,1788877758.9895,10,346.75,2012.98,2359.73,9.0,15472.6,40569.6,2374.5,7331.081,3192.708,70609.963,3197630:13;3197661:233;3197662:237;3197663:271;3197664:266;3197665:266;3197666:241;3197667:233;3197668:253
111457.9117,1788877759.1013,10,346.75,2013.55,2360.30,63.7,15470.3,40571.9,2374.5,7331.911,3192.732,70609.963,3197630:13;3197661:234;3197662:237;3197663:271;3197664:266;3197665:266;3197666:241;3197667:233;3197668:253
111458.0210,1788877759.2106,10,346.75,2015.14,2361.89,71.9,15470.8,40571.4,2374.5,7332.531,3192.753,70609.963,3197630:13;3197661:234;3197662:238;3197663:271;3197664:266;3197665:266;3197666:241;3197667:233;3197668:253
111458.1325,1788877759.3220,10,346.75,2016.82,2363.57,45.8,15472.0,40570.2,2374.5,7333.318,3192.778,70609.963,3197630:13;3197661:235;3197662:238;3197663:271;3197664:266;3197665:266;3197666:241;3197667:233;3197668:253
111458.2418,1788877759.4314,10,346.75,2017.02,2363.77,9.0,15478.6,40563.6,2374.5,7333.870,3192.794,70609.963,3197630:13;3197661:235;3197662:238;3197663:271;3197664:266;3197665:266;3197666:241;3197667:233;3197668:254
111458.3523,1788877759.5418,10,346.75,2018.02,2364.77,55.0,15483.7,40558.5,2374.5,7334.684,3192.824,70609.963,3197630:13;3197661:233;3197662:238;3197663:271;3197664:269;3197665:266;3197666:241;3197667:233;3197668:254
111458.4618,1788877759.6513,10,346.75,2017.68,2364.43,44.9,15484.1,40558.1,2374.5,7335.263,3192.845,70610.014,3197630:13;3197661:233;3197662:238;3197663:271;3197664:269;3197665:266;3197666:241;3197667:233;3197668:254
111458.5730,1788877759.7625,10,346.75,2018.59,2365.34,27.0,15484.1,40558.1,2374.5,7336.089,3192.873,70610.014,3197630:13;3197661:234;3197662:238;3197663:271;3197664:269;3197665:266;3197666:242;3197667:233;3197668:254
111458.6842,1788877759.8737,10,346.75,2019.09,2365.84,27.3,15485.9,40556.4,2374.5,7336.667,3192.894,70610.014,3197630:13;3197661:234;3197662:238;3197663:271;3197664:269;3197665:266;3197666:242;3197667:233;3197668:254
111458.7937,1788877759.9833,10,346.75,2019.38,2366.12,27.6,15485.9,40556.4,2374.5,7337.423,3192.923,70610.014,3197630:13;3197661:234;3197662:238;3197663:271;3197664:269;3197665:266;3197666:242;3197667:233;3197668:254
111458.9030,1788877760.0926,10,346.75,2023.61,2370.36,90.4,15495.1,40547.2,2374.5,7338.066,3192.952,70610.014,3197630:13;3197661:233;3197662:238;3197663:277;3197664:269;3197665:266;3197666:242;3197667:233;3197668:254
111459.0141,1788877760.2036,10,346.88,2021.51,2368.38,62.8,15496.5,40545.7,2374.5,7338.861,3192.978,70610.014,3197630:13;3197661:230;3197662:238;3197663:277;3197664:269;3197665:266;3197666:242;3197667:233;3197668:254
111459.1249,1788877760.3145,10,346.88,2022.39,2369.27,36.3,15499.2,40543.0,2374.5,7339.496,3193.002,70610.014,3197630:13;3197661:230;3197662:238;3197663:277;3197664:269;3197665:266;3197666:242;3197667:234;3197668:254
111459.2352,1788877760.4247,10,346.88,2023.12,2370.00,36.0,15499.5,40542.8,2374.5,7340.247,3193.028,70610.014,3197630:13;3197661:231;3197662:238;3197663:277;3197664:269;3197665:266;3197666:242;3197667:233;3197668:254
111459.3465,1788877760.5360,10,346.88,2023.71,2370.58,9.1,15499.5,40542.8,2374.5,7340.902,3193.046,70610.014,3197630:13;3197661:231;3197662:238;3197663:277;3197664:269;3197665:266;3197666:243;3197667:233;3197668:254
111459.4559,1788877760.6454,10,346.88,2023.83,2370.71,27.5,15499.5,40542.8,2374.5,7341.664,3193.067,70610.014,3197630:13;3197661:231;3197662:238;3197663:277;3197664:269;3197665:266;3197666:243;3197667:233;3197668:254
111459.5650,1788877760.7546,10,346.88,2025.43,2372.30,36.4,15499.5,40542.8,2374.5,7342.260,3193.086,70610.014,3197630:13;3197661:231;3197662:238;3197663:277;3197664:269;3197665:266;3197666:243;3197667:234;3197668:254
111459.6752,1788877760.8647,10,346.88,2025.83,2372.71,45.2,15499.5,40542.8,2374.5,7343.045,3193.114,70610.014,3197630:13;3197661:232;3197662:238;3197663:277;3197664:269;3197665:266;3197666:243;3197667:234;3197668:254
111459.7854,1788877760.9749,10,346.88,2027.07,2373.95,64.2,15500.2,40542.0,2374.5,7343.657,3193.138,70610.014,3197630:13;3197661:232;3197662:238;3197663:277;3197664:270;3197665:266;3197666:244;3197667:233;3197668:254
111459.8947,1788877761.0842,10,346.88,2027.76,2374.64,27.1,15494.7,40547.5,2374.5,7344.391,3193.165,70610.014,3197630:13;3197661:233;3197662:238;3197663:277;3197664:270;3197665:266;3197666:244;3197667:233;3197668:254
111460.0055,1788877761.1951,10,346.88,2026.96,2373.83,72.8,15497.3,40544.9,2374.5,7345.076,3193.186,70610.014,3197630:13;3197661:232;3197662:238;3197663:277;3197664:270;3197665:267;3197666:243;3197667:233;3197668:253
111460.1152,1788877761.3048,10,346.88,2026.91,2373.79,9.0,15497.3,40544.9,2374.5,7345.848,3193.212,70610.014,3197630:13;3197661:232;3197662:238;3197663:277;3197664:270;3197665:267;3197666:243;3197667:233;3197668:253
111460.2269,1788877761.4164,10,346.88,2029.39,2376.27,100.3,15502.9,40539.3,2374.5,7346.485,3193.237,70610.014,3197630:13;3197661:232;3197662:239;3197663:277;3197664:273;3197665:267;3197666:243;3197667:234;3197668:251
111460.3362,1788877761.5257,10,346.88,2030.57,2377.45,27.0,15502.7,40539.5,2374.5,7347.223,3193.261,70610.014,3197630:13;3197661:233;3197662:239;3197663:277;3197664:273;3197665:267;3197666:244;3197667:234;3197668:251
111460.4472,1788877761.6367,10,346.88,2031.59,2378.46,46.0,15503.5,40538.8,2374.5,7347.965,3193.284,70610.014,3197630:13;3197661:233;3197662:239;3197663:277;3197664:273;3197665:267;3197666:244;3197667:234;3197668:252
111460.5566,1788877761.7462,10,346.88,2031.71,2378.59,9.2,15503.7,40538.5,2374.5,7348.718,3193.309,70610.014,3197630:13;3197661:233;3197662:239;3197663:277;3197664:273;3197665:267;3197666:244;3197667:234;3197668:252
111460.6656,1788877761.8551,10,346.88,2032.30,2379.18,9.1,15503.7,40538.5,2374.5,7349.302,3193.330,70610.014,3197630:13;3197661:233;3197662:239;3197663:277;3197664:273;3197665:267;3197666:244;3197667:234;3197668:252
111460.7753,1788877761.9648,10,346.88,2032.50,2379.38,45.0,15504.2,40538.1,2374.5,7350.025,3193.354,70610.014,3197630:13;3197661:233;3197662:239;3197663:277;3197664:273;3197665:267;3197666:244;3197667:234;3197668:252
111460.8864,1788877762.0759,10,346.88,2032.88,2379.76,18.0,15501.7,40540.5,2374.5,7350.678,3193.373,70610.014,3197630:13;3197661:233;3197662:239;3197663:277;3197664:273;3197665:267;3197666:244;3197667:234;3197668:252
111460.9976,1788877762.1872,10,346.88,2033.42,2380.30,18.1,15500.9,40541.4,2374.5,7351.372,3193.393,70610.014,3197630:13;3197661:233;3197662:239;3197663:277;3197664:273;3197665:267;3197666:245;3197667:234;3197668:252
111461.1075,1788877762.2971,10,346.88,2034.33,2381.20,36.5,15500.9,40541.4,2374.5,7351.992,3193.410,70610.014,3197630:13;3197661:234;3197662:239;3197663:277;3197664:273;3197665:267;3197666:245;3197667:234;3197668:252
111461.2171,1788877762.4066,10,346.88,2034.33,2381.21,27.3,15501.4,40540.9,2374.5,7352.694,3193.431,70610.014,3197630:13;3197661:234;3197662:239;3197663:277;3197664:273;3197665:267;3197666:245;3197667:234;3197668:252
111461.3274,1788877762.5170,10,346.88,2035.07,2381.95,27.3,15502.1,40540.1,2374.5,7353.375,3193.451,70610.014,3197630:13;3197661:235;3197662:239;3197663:277;3197664:273;3197665:267;3197666:245;3197667:234;3197668:252
111461.4376,1788877762.6271,10,346.88,2036.50,2383.38,35.9,15503.3,40538.9,2374.5,7354.614,3193.492,70610.014,3197630:13;3197661:235;3197662:239;3197663:277;3197664:273;3197665:268;3197666:245;3197667:234;3197668:252
111461.5490,1788877762.7385,10,346.88,2039.27,2386.14,135.5,15508.6,40533.6,2374.5,7356.014,3193.542,70610.014,3197630:13;3197661:234;3197662:239;3197663:280;3197664:273;3197665:271;3197666:246;3197667:234;3197668:251
111461.6610,1788877762.8505,10,346.88,2039.86,2386.74,27.1,15512.1,40530.2,2374.5,7356.699,3193.562,70610.014,3197630:13;3197661:234;3197662:239;3197663:280;3197664:274;3197665:271;3197666:246;3197667:233;3197668:250
111461.7706,1788877762.9601,10,346.88,2040.01,2386.88,54.6,15512.3,40529.9,2374.5,7357.370,3193.583,70610.014,3197630:13;3197661:234;3197662:240;3197663:280;3197664:274;3197665:271;3197666:246;3197667:233;3197668:250
111461.8802,1788877763.0698,10,346.88,2040.70,2387.57,9.0,15512.1,40530.1,2374.5,7358.075,3193.604,70610.014,3197630:13;3197661:234;3197662:240;3197663:280;3197664:274;3197665:271;3197666:246;3197667:233;3197668:250
111461.9910,1788877763.1805,10,346.88,2042.38,2389.25,82.0,15508.7,40533.6,2374.5,7358.939,3193.634,70610.014,3197630:13;3197661:235;3197662:240;3197663:280;3197664:274;3197665:271;3197666:246;3197667:233;3197668:251
111462.1004,1788877763.2899,10,346.88,2042.35,2389.22,35.9,15508.7,40533.5,2374.5,7359.617,3193.650,70610.014,3197630:13;3197661:235;3197662:240;3197663:280;3197664:274;3197665:271;3197666:246;3197667:233;3197668:251
111462.2122,1788877763.4017,10,346.88,2042.62,2389.50,27.0,15508.3,40533.9,2374.5,7360.420,3193.678,70610.014,3197630:13;3197661:235;3197662:240;3197663:280;3197664:274;3197665:271;3197666:246;3197667:233;3197668:251
111462.3236,1788877763.5131,10,346.88,2042.93,2389.80,9.1,15508.3,40533.9,2374.5,7361.090,3193.702,70610.014,3197630:13;3197661:235;3197662:240;3197663:280;3197664:274;3197665:271;3197666:246;3197667:233;3197668:251
111462.4333,1788877763.6228,10,346.88,2044.07,2390.95,55.0,15508.8,40533.4,2374.5,7361.761,3193.726,70610.014,3197630:13;3197661:236;3197662:240;3197663:280;3197664:274;3197665:271;3197666:246;3197667:234;3197668:251
111462.5425,1788877763.7321,10,346.88,2045.02,2391.89,45.5,15508.8,40533.4,2374.5,7362.298,3193.750,70610.014,3197630:13;3197661:236;3197662:240;3197663:280;3197664:274;3197665:271;3197666:246;3197667:234;3197668:252
111462.6528,1788877763.8423,10,346.88,2046.02,2392.90,52.2,15508.8,40533.4,2374.5,7363.106,3193.774,70610.014,3197630:13;3197661:236;3197662:240;3197663:280;3197664:274;3197665:271;3197666:246;3197667:234;3197668:252
111462.7673,1788877763.9568,10,346.88,2046.33,2393.21,18.0,15508.8,40533.4,2374.5,7363.715,3193.796,70610.014,3197630:13;3197661:237;3197662:240;3197663:280;3197664:274;3197665:271;3197666:246;3197667:234;3197668:251
111462.8783,1788877764.0678,10,346.88,2046.21,2393.08,36.4,15506.7,40535.5,2374.5,7364.528,3193.819,70610.014,3197630:13;3197661:236;3197662:240;3197663:280;3197664:274;3197665:271;3197666:246;3197667:234;3197668:252
111462.9882,1788877764.1778,10,346.88,2046.04,2392.92,18.4,15506.1,40536.2,2374.5,7365.127,3193.840,70610.014,3197630:13;3197661:236;3197662:240;3197663:280;3197664:274;3197665:271;3197666:247;3197667:234;3197668:252
111463.0973,1788877764.2869,10,346.88,2047.03,2393.91,73.1,15507.2,40535.0,2374.5,7365.942,3193.869,70610.014,3197630:13;3197661:236;3197662:239;3197663:280;3197664:274;3197665:274;3197666:247;3197667:234;3197668:251
111463.2068,1788877764.3964,10,346.88,2047.08,2393.95,18.0,15507.1,40535.1,2374.5,7366.546,3193.892,70610.014,3197630:13;3197661:236;3197662:239;3197663:280;3197664:274;3197665:274;3197666:247;3197667:234;3197668:251
111463.3178,1788877764.5073,10,346.88,2047.57,2394.45,27.0,15507.8,40534.4,2374.5,7367.358,3193.918,70610.014,3197630:13;3197661:236;3197662:239;3197663:280;3197664:274;3197665:274;3197666:247;3197667:234;3197668:251
111463.4292,1788877764.6187,10,346.88,2048.93,2395.81,62.5,15512.3,40529.9,2374.5,7368.270,3193.951,70610.014,3197630:13;3197661:236;3197662:239;3197663:280;3197664:277;3197665:274;3197666:247;3197667:234;3197668:249
111463.5409,1788877764.7305,10,346.88,2049.68,2396.55,9.1,15512.3,40529.9,2374.5,7369.113,3193.979,70610.014,3197630:13;3197661:236;3197662:239;3197663:280;3197664:277;3197665:274;3197666:247;3197667:234;3197668:249
111463.6506,1788877764.8402,10,346.88,2050.43,2397.30,9.2,15512.3,40529.9,2374.5,7369.697,3193.998,70610.014,3197630:13;3197661:237;3197662:239;3197663:280;3197664:277;3197665:274;3197666:248;3197667:234;3197668:249
111463.7596,1788877764.9492,10,346.88,2051.27,2398.15,100.1,15512.6,40529.7,2374.5,7370.395,3194.027,70610.014,3197630:13;3197661:237;3197662:239;3197663:280;3197664:277;3197665:274;3197666:248;3197667:235;3197668:249
111463.8695,1788877765.0591,10,346.88,2051.46,2398.33,18.0,15510.5,40531.7,2374.5,7370.962,3194.045,70610.014,3197630:13;3197661:237;3197662:239;3197663:280;3197664:277;3197665:274;3197666:248;3197667:235;3197668:249
111463.9807,1788877765.1702,10,346.88,2051.49,2398.36,45.4,15511.9,40530.3,2374.5,7371.833,3194.073,70610.014,3197630:13;3197661:237;3197662:239;3197663:280;3197664:277;3197665:274;3197666:248;3197667:234;3197668:249
111464.0914,1788877765.2810,10,346.88,2051.62,2398.50,0.0,15511.9,40530.3,2374.5,7372.414,3194.093,70610.014,3197630:13;3197661:237;3197662:239;3197663:280;3197664:277;3197665:274;3197666:248;3197667:234;3197668:249
111464.2004,1788877765.3899,10,346.88,2052.72,2399.60,18.0,15512.2,40530.0,2374.5,7373.198,3194.117,70610.014,3197630:13;3197661:237;3197662:240;3197663:280;3197664:277;3197665:274;3197666:248;3197667:234;3197668:250
111464.3112,1788877765.5008,10,346.88,2054.10,2400.98,45.0,15512.9,40529.3,2374.5,7373.732,3194.138,70610.014,3197630:13;3197661:237;3197662:240;3197663:280;3197664:277;3197665:274;3197666:248;3197667:234;3197668:250
111464.4225,1788877765.6121,10,346.88,2055.71,2402.58,62.8,15513.9,40528.3,2374.5,7374.545,3194.169,70610.014,3197630:13;3197661:238;3197662:240;3197663:280;3197664:277;3197665:274;3197666:248;3197667:235;3197668:251
111464.5348,1788877765.7243,10,346.88,2056.13,2403.00,18.0,15513.9,40528.3,2374.5,7375.071,3194.180,70610.014,3197630:13;3197661:238;3197662:240;3197663:280;3197664:277;3197665:274;3197666:248;3197667:235;3197668:251
111464.6448,1788877765.8343,10,346.88,2057.89,2404.76,81.0,15516.3,40525.9,2374.5,7375.880,3194.209,70610.014,3197630:13;3197661:239;3197662:240;3197663:283;3197664:277;3197665:274;3197666:248;3197667:236;3197668:248
111464.7564,1788877765.9459,10,347.00,2058.32,2405.32,54.0,15520.2,40522.1,2374.5,7376.373,3194.227,70610.014,3197630:13;3197661:239;3197662:240;3197663:283;3197664:277;3197665:276;3197666:248;3197667:235;3197668:247
111464.8669,1788877766.0565,10,347.00,2059.23,2406.23,54.8,15518.9,40523.3,2374.5,7377.830,3194.268,70610.014,3197630:13;3197661:238;3197662:241;3197663:283;3197664:277;3197665:276;3197666:248;3197667:235;3197668:248
111464.9765,1788877766.1660,10,347.00,2059.53,2406.53,27.3,15518.9,40523.3,2374.5,7378.299,3194.284,70610.014,3197630:13;3197661:239;3197662:241;3197663:283;3197664:277;3197665:276;3197666:248;3197667:235;3197668:248
111465.0864,1788877766.2760,10,347.00,2062.75,2409.75,117.8,15515.2,40527.0,2374.5,7379.159,3194.313,70610.014,3197630:13;3197661:239;3197662:241;3197663:286;3197664:280;3197665:276;3197666:249;3197667:235;3197668:244
111465.1967,1788877766.3863,10,347.00,2064.19,2411.19,72.7,15515.2,40527.0,2374.5,7379.555,3194.335,70610.014,3197630:13;3197661:239;3197662:241;3197663:286;3197664:280;3197665:277;3197666:249;3197667:235;3197668:244
111465.3068,1788877766.4963,10,347.00,2072.51,2419.51,91.2,15518.4,40523.8,2374.5,7380.386,3194.371,70610.037,3197630:13;3197661:238;3197662:242;3197663:286;3197664:280;3197665:284;3197666:249;3197667:235;3197668:245
111465.4166,1788877766.6061,10,347.12,2065.85,2412.97,27.6,15518.2,40524.0,2374.5,7380.884,3194.393,70610.037,3197630:13;3197661:237;3197662:240;3197663:286;3197664:280;3197665:280;3197666:249;3197667:235;3197668:245
111465.5255,1788877766.7150,10,347.12,2067.05,2414.18,45.9,15518.2,40524.0,2374.5,7381.760,3194.426,70610.037,3197630:13;3197661:237;3197662:241;3197663:286;3197664:280;3197665:280;3197666:249;3197667:235;3197668:246
111465.6350,1788877766.8246,10,347.12,2067.20,2414.32,27.6,15518.5,40523.7,2374.5,7382.286,3194.448,70610.037,3197630:13;3197661:237;3197662:241;3197663:286;3197664:280;3197665:280;3197666:249;3197667:235;3197668:246
111465.7439,1788877766.9334,10,347.12,2069.63,2416.76,136.9,15524.2,40518.0,2374.5,7383.177,3194.484,70610.037,3197630:13;3197661:235;3197662:241;3197663:286;3197664:284;3197665:280;3197666:249;3197667:235;3197668:247
111465.8539,1788877767.0435,10,347.12,2070.45,2417.58,27.3,15523.7,40518.5,2374.5,7383.722,3194.506,70610.037,3197630:13;3197661:235;3197662:241;3197663:286;3197664:284;3197665:280;3197666:249;3197667:235;3197668:247
111465.9630,1788877767.1526,10,347.12,2071.49,2418.62,64.3,15523.0,40519.2,2374.5,7384.591,3194.540,70610.037,3197630:13;3197661:235;3197662:240;3197663:286;3197664:284;3197665:280;3197666:249;3197667:236;3197668:248
111466.0720,1788877767.2615,10,347.12,2071.72,2418.85,27.6,15523.0,40519.2,2374.5,7385.173,3194.561,70610.037,3197630:13;3197661:236;3197662:240;3197663:286;3197664:284;3197665:280;3197666:249;3197667:236;3197668:248
111466.1811,1788877767.3706,10,347.12,2072.89,2420.01,63.9,15523.0,40519.2,2374.5,7386.024,3194.591,70610.037,3197630:13;3197661:236;3197662:240;3197663:286;3197664:284;3197665:280;3197666:249;3197667:236;3197668:249
111466.2904,1788877767.4799,10,347.12,2073.29,2420.41,36.5,15523.3,40519.0,2374.5,7386.594,3194.610,70610.041,3197630:13;3197661:236;3197662:240;3197663:286;3197664:284;3197665:280;3197666:249;3197667:236;3197668:249
111466.4001,1788877767.5896,10,347.12,2075.01,2422.13,54.4,15524.7,40517.5,2374.5,7387.346,3194.636,70610.041,3197630:13;3197661:237;3197662:240;3197663:286;3197664:284;3197665:280;3197666:249;3197667:236;3197668:249
111466.5100,1788877767.6996,10,347.12,2075.13,2422.26,9.2,15524.7,40517.5,2374.5,7387.933,3194.653,70610.041,3197630:13;3197661:237;3197662:240;3197663:286;3197664:284;3197665:280;3197666:249;3197667:236;3197668:249
111466.6194,1788877767.8089,10,347.12,2075.17,2422.29,63.0,15524.4,40517.9,2374.5,7388.709,3194.676,70610.041,3197630:13;3197661:237;3197662:241;3197663:286;3197664:284;3197665:280;3197666:249;3197667:236;3197668:249
111466.7301,1788877767.9196,10,347.12,2077.27,2424.39,45.0,15525.7,40516.5,2374.5,7389.280,3194.694,70610.041,3197630:13;3197661:236;3197662:241;3197663:288;3197664:284;3197665:280;3197666:249;3197667:236;3197668:249
111466.8410,1788877768.0305,10,347.12,2077.56,2424.68,54.2,15520.9,40521.3,2374.5,7390.086,3194.723,70610.041,3197630:13;3197661:236;3197662:241;3197663:288;3197664:284;3197665:280;3197666:249;3197667:236;3197668:249
111466.9515,1788877768.1410,10,347.12,2079.60,2426.73,80.6,15517.3,40524.9,2374.5,7390.956,3194.752,70610.041,3197630:13;3197661:234;3197662:241;3197663:291;3197664:284;3197665:280;3197666:250;3197667:237;3197668:249
111467.0633,1788877768.2528,10,347.12,2079.69,2426.81,63.1,15518.5,40523.7,2374.5,7392.341,3194.800,70610.041,3197630:13;3197661:233;3197662:241;3197663:291;3197664:284;3197665:280;3197666:250;3197667:237;3197668:250
111467.1739,1788877768.3634,10,347.12,2080.06,2427.19,9.2,15518.5,40523.7,2374.5,7392.907,3194.818,70610.041,3197630:13;3197661:233;3197662:241;3197663:291;3197664:284;3197665:280;3197666:250;3197667:237;3197668:250
111467.2828,1788877768.4723,10,347.12,2080.80,2427.92,63.7,15519.3,40522.9,2374.5,7393.655,3194.854,70610.041,3197630:13;3197661:234;3197662:242;3197663:291;3197664:284;3197665:280;3197666:251;3197667:236;3197668:250
111467.3929,1788877768.5824,10,347.12,2080.92,2428.05,0.0,15519.3,40522.9,2374.5,7394.209,3194.870,70610.041,3197630:13;3197661:234;3197662:242;3197663:291;3197664:284;3197665:280;3197666:251;3197667:236;3197668:250
111467.5028,1788877768.6924,10,347.12,2082.13,2429.26,63.7,15519.3,40522.9,2374.5,7394.954,3194.901,70610.041,3197630:13;3197661:234;3197662:242;3197663:291;3197664:284;3197665:280;3197666:251;3197667:236;3197668:251
111467.6127,1788877768.8022,10,347.12,2082.38,2429.51,0.0,15519.3,40522.9,2374.5,7395.484,3194.919,70610.041,3197630:13;3197661:234;3197662:242;3197663:291;3197664:284;3197665:280;3197666:251;3197667:236;3197668:251
111467.7239,1788877768.9134,10,347.12,2083.73,2430.86,63.7,15520.0,40522.2,2374.5,7396.228,3194.948,70610.041,3197630:13;3197661:234;3197662:242;3197663:291;3197664:284;3197665:280;3197666:251;3197667:237;3197668:251
111467.8339,1788877769.0234,10,347.12,2085.46,2432.59,82.5,15530.6,40511.6,2374.5,7396.764,3194.969,70610.041,3197630:13;3197661:232;3197662:242;3197663:291;3197664:287;3197665:283;3197666:251;3197667:236;3197668:250
111467.9430,1788877769.1325,10,347.12,2086.36,2433.48,82.5,15530.6,40511.6,2374.5,7397.580,3194.999,70610.041,3197630:13;3197661:232;3197662:242;3197663:291;3197664:287;3197665:283;3197666:251;3197667:236;3197668:251
111468.0525,1788877769.2421,10,347.12,2086.82,2433.95,44.7,15530.6,40511.6,2374.5,7398.120,3195.017,70610.041,3197630:13;3197661:232;3197662:242;3197663:291;3197664:287;3197665:283;3197666:251;3197667:236;3197668:251
111468.1640,1788877769.3536,10,347.12,2088.73,2435.86,63.6,15530.6,40511.6,2374.5,7398.993,3195.049,70610.041,3197630:13;3197661:233;3197662:243;3197663:291;3197664:287;3197665:283;3197666:251;3197667:237;3197668:251
111468.2744,1788877769.4640,10,347.12,2091.19,2438.32,91.5,15536.5,40505.7,2374.5,7399.532,3195.071,70610.041,3197630:13;3197661:233;3197662:242;3197663:292;3197664:287;3197665:287;3197666:251;3197667:237;3197668:250
111468.3835,1788877769.5731,10,347.12,2093.90,2441.03,63.8,15536.5,40505.7,2374.5,7400.499,3195.103,70610.041,3197630:13;3197661:233;3197662:242;3197663:293;3197664:287;3197665:287;3197666:251;3197667:237;3197668:250
111468.4935,1788877769.6830,10,347.12,2094.84,2441.96,18.0,15536.7,40505.5,2374.5,7401.026,3195.123,70610.041,3197630:13;3197661:234;3197662:243;3197663:293;3197664:287;3197665:287;3197666:251;3197667:237;3197668:250
111468.6048,1788877769.7944,10,347.12,2096.07,2443.19,108.9,15538.0,40504.2,2374.5,7401.851,3195.152,70610.041,3197630:13;3197661:232;3197662:243;3197663:296;3197664:287;3197665:287;3197666:251;3197667:237;3197668:250
111468.7148,1788877769.9043,10,347.12,2097.95,2445.07,72.6,15538.3,40503.9,2374.5,7403.089,3195.199,70610.041,3197630:13;3197661:232;3197662:243;3197663:296;3197664:290;3197665:287;3197666:251;3197667:236;3197668:250
111468.8254,1788877770.0149,10,347.12,2099.25,2446.38,71.2,15538.3,40503.9,2374.5,7404.460,3195.248,70610.041,3197630:13;3197661:233;3197662:243;3197663:296;3197664:290;3197665:287;3197666:252;3197667:236;3197668:250
111468.9377,1788877770.1272,10,347.12,2099.83,2446.96,63.8,15538.3,40503.9,2374.5,7404.944,3195.268,70610.041,3197630:13;3197661:234;3197662:244;3197663:296;3197664:290;3197665:287;3197666:252;3197667:236;3197668:250
111469.0470,1788877770.2365,10,347.12,2102.37,2449.50,109.2,15542.5,40499.8,2374.5,7406.005,3195.302,70610.041,3197630:13;3197661:233;3197662:243;3197663:296;3197664:293;3197665:287;3197666:252;3197667:236;3197668:250
111469.1570,1788877770.3465,10,347.12,2103.21,2450.34,45.2,15543.7,40498.6,2374.5,7406.497,3195.322,70610.041,3197630:13;3197661:234;3197662:243;3197663:296;3197664:293;3197665:287;3197666:252;3197667:236;3197668:250
111469.2677,1788877770.4572,10,347.12,2104.51,2451.64,99.4,15544.4,40497.8,2374.5,7407.363,3195.360,70610.041,3197630:13;3197661:235;3197662:243;3197663:296;3197664:293;3197665:287;3197666:252;3197667:237;3197668:250
111469.3786,1788877770.5682,10,347.12,2104.77,2451.89,35.6,15544.4,40497.8,2374.5,7407.846,3195.382,70610.041,3197630:13;3197661:235;3197662:243;3197663:296;3197664:293;3197665:287;3197666:252;3197667:237;3197668:250
111469.4904,1788877770.6799,10,347.12,2105.54,2452.66,18.2,15544.4,40497.8,2374.5,7408.813,3195.411,70610.041,3197630:13;3197661:235;3197662:243;3197663:296;3197664:293;3197665:287;3197666:252;3197667:237;3197668:251
111469.5997,1788877770.7893,10,347.12,2107.14,2454.27,73.3,15544.6,40497.6,2374.5,7409.257,3195.434,70610.041,3197630:13;3197661:236;3197662:244;3197663:296;3197664:293;3197665:287;3197666:253;3197667:237;3197668:250
111469.7089,1788877770.8985,10,347.12,2108.78,2455.90,45.1,15544.9,40497.3,2374.5,7410.329,3195.468,70610.041,3197630:13;3197661:236;3197662:244;3197663:296;3197664:293;3197665:287;3197666:253;3197667:237;3197668:250
111469.8206,1788877771.0101,10,347.12,2109.68,2456.80,0.0,15545.9,40496.3,2374.5,7410.792,3195.485,70610.041,3197630:13;3197661:237;3197662:244;3197663:296;3197664:293;3197665:287;3197666:253;3197667:237;3197668:251
111469.9320,1788877771.1216,10,347.12,2112.96,2460.08,99.9,15544.2,40498.0,2374.5,7411.687,3195.520,70610.041,3197630:13;3197661:238;3197662:245;3197663:296;3197664:293;3197665:289;3197666:254;3197667:236;3197668:251
111470.0422,1788877771.2317,10,347.12,2113.33,2460.46,54.6,15544.5,40497.8,2374.5,7412.022,3195.536,70610.041,3197630:13;3197661:238;3197662:245;3197663:296;3197664:293;3197665:289;3197666:254;3197667:237;3197668:251
111470.1520,1788877771.3416,10,347.12,2117.12,2464.25,163.2,15549.4,40492.9,2374.5,7412.994,3195.576,70610.041,3197630:13;3197661:237;3197662:245;3197663:299;3197664:293;3197665:292;3197666:254;3197667:236;3197668:248
111470.2621,1788877771.4516,10,347.12,2117.44,2464.57,9.0,15549.9,40492.4,2374.5,7413.415,3195.592,70610.041,3197630:13;3197661:237;3197662:245;3197663:299;3197664:293;3197665:292;3197666:254;3197667:237;3197668:248
111470.3730,1788877771.5626,10,347.12,2117.20,2464.32,18.2,15549.9,40492.4,2374.5,7414.364,3195.616,70610.041,3197630:13;3197661:237;3197662:245;3197663:299;3197664:293;3197665:292;3197666:254;3197667:237;3197668:248
111470.4831,1788877771.6727,10,347.12,2117.53,2464.66,17.8,15550.1,40492.1,2374.5,7414.801,3195.625,70610.041,3197630:13;3197661:237;3197662:245;3197663:299;3197664:293;3197665:292;3197666:255;3197667:237;3197668:248
111470.5950,1788877771.7846,10,347.12,2119.79,2466.91,63.5,15550.4,40491.9,2374.5,7415.807,3195.670,70610.041,3197630:13;3197661:239;3197662:245;3197663:299;3197664:293;3197665:292;3197666:254;3197667:236;3197668:249
111470.7052,1788877771.8947,10,347.12,2120.28,2467.41,9.1,15550.4,40491.9,2374.5,7416.203,3195.684,70610.041,3197630:13;3197661:239;3197662:245;3197663:299;3197664:293;3197665:292;3197666:254;3197667:236;3197668:249
111470.8147,1788877772.0042,10,347.12,2123.52,2470.64,126.5,15559.4,40482.8,2374.5,7417.116,3195.716,70610.041,3197630:13;3197661:239;3197662:245;3197663:299;3197664:296;3197665:292;3197666:253;3197667:237;3197668:249
111470.9252,1788877772.1148,10,347.12,2125.85,2472.97,91.0,15572.5,40469.7,2374.5,7417.477,3195.730,70610.041,3197630:13;3197661:238;3197662:245;3197663:301;3197664:296;3197665:295;3197666:253;3197667:237;3197668:247
111471.0349,1788877772.2244,10,347.12,2127.13,2474.25,81.9,15566.7,40475.6,2374.5,7418.377,3195.759,70610.041,3197630:13;3197661:238;3197662:246;3197663:301;3197664:296;3197665:295;3197666:253;3197667:238;3197668:248
111471.1452,1788877772.3347,10,347.12,2127.62,2474.75,18.1,15566.4,40475.8,2374.5,7418.791,3195.776,70610.041,3197630:13;3197661:238;3197662:246;3197663:301;3197664:296;3197665:295;3197666:253;3197667:238;3197668:248
111471.2555,1788877772.4451,10,347.12,2130.29,2477.41,155.2,15573.8,40468.4,2374.5,7419.750,3195.818,70610.041,3197630:13;3197661:238;3197662:243;3197663:304;3197664:299;3197665:295;3197666:254;3197667:238;3197668:246
111471.3649,1788877772.5544,10,347.12,2130.22,2477.35,27.3,15573.9,40468.3,2374.5,7420.108,3195.832,70610.049,3197630:13;3197661:239;3197662:243;3197663:304;3197664:299;3197665:295;3197666:254;3197667:238;3197668:246
111471.4751,1788877772.6647,10,347.12,2132.74,2479.86,71.8,15573.9,40468.3,2374.5,7421.067,3195.864,70610.049,3197630:13;3197661:239;3197662:244;3197663:304;3197664:299;3197665:295;3197666:255;3197667:239;3197668:246
111471.5865,1788877772.7760,10,347.12,2131.93,2479.06,73.4,15576.8,40465.4,2374.5,7421.449,3195.881,70610.049,3197630:13;3197661:239;3197662:244;3197663:304;3197664:299;3197665:298;3197666:255;3197667:238;3197668:243
111471.6954,1788877772.8850,10,347.25,2134.49,2481.74,118.8,15581.5,40460.7,2374.5,7422.485,3195.921,70610.049,3197630:13;3197661:237;3197662:244;3197663:307;3197664:299;3197665:298;3197666:254;3197667:239;3197668:244
111471.8051,1788877772.9946,10,347.25,2134.49,2481.74,18.2,15581.5,40460.7,2374.5,7422.887,3195.935,70610.049,3197630:13;3197661:237;3197662:244;3197663:307;3197664:299;3197665:298;3197666:254;3197667:239;3197668:244
111471.9142,1788877773.1037,10,347.25,2137.86,2485.11,91.2,15582.9,40459.3,2374.5,7423.803,3195.966,70610.049,3197630:13;3197661:238;3197662:244;3197663:307;3197664:300;3197665:298;3197666:255;3197667:239;3197668:244
111472.0239,1788877773.2135,10,347.25,2137.66,2484.91,63.0,15583.2,40459.1,2374.5,7424.168,3195.981,70610.049,3197630:13;3197661:237;3197662:244;3197663:307;3197664:301;3197665:298;3197666:254;3197667:240;3197668:244
111472.1352,1788877773.3247,10,347.25,2139.38,2486.62,91.2,15591.9,40450.3,2374.5,7425.148,3196.016,70610.049,3197630:13;3197661:237;3197662:243;3197663:307;3197664:304;3197665:298;3197666:254;3197667:240;3197668:244
111472.2445,1788877773.4341,10,347.25,2139.90,2487.15,27.6,15591.9,40450.3,2374.5,7425.571,3196.029,70610.049,3197630:13;3197661:237;3197662:243;3197663:307;3197664:304;3197665:298;3197666:254;3197667:240;3197668:244
111472.3534,1788877773.5430,10,347.25,2141.80,2489.05,36.0,15591.9,40450.3,2374.5,7426.525,3196.055,70610.049,3197630:13;3197661:237;3197662:244;3197663:307;3197664:304;3197665:298;3197666:255;3197667:240;3197668:244
111472.4656,1788877773.6552,10,347.25,2142.32,2489.57,62.4,15592.2,40450.0,2374.5,7426.937,3196.070,70610.049,3197630:13;3197661:237;3197662:243;3197663:307;3197664:304;3197665:298;3197666:255;3197667:240;3197668:244
111472.5762,1788877773.7658,10,347.25,2145.10,2492.35,109.1,15599.9,40442.3,2374.5,7427.949,3196.105,70610.049,3197630:13;3197661:238;3197662:243;3197663:307;3197664:304;3197665:301;3197666:253;3197667:241;3197668:245
111472.6863,1788877773.8758,10,347.25,2145.85,2493.10,63.4,15601.9,40440.3,2374.5,7428.234,3196.119,70610.049,3197630:13;3197661:237;3197662:243;3197663:310;3197664:304;3197665:301;3197666:252;3197667:240;3197668:245
111472.7967,1788877773.9862,10,347.25,2148.30,2495.55,116.2,15606.6,40435.6,2374.5,7429.412,3196.160,70610.049,3197630:13;3197661:236;3197662:244;3197663:310;3197664:307;3197665:301;3197666:252;3197667:240;3197668:245
111472.9087,1788877774.0982,10,347.25,2148.80,2496.05,9.1,15606.1,40436.1,2374.5,7429.799,3196.173,70610.049,3197630:13;3197661:236;3197662:244;3197663:310;3197664:307;3197665:301;3197666:253;3197667:240;3197668:245
111473.0182,1788877774.2077,10,347.25,2149.16,2496.41,64.0,15606.4,40435.9,2374.5,7430.762,3196.207,70610.049,3197630:13;3197661:237;3197662:244;3197663:310;3197664:307;3197665:301;3197666:253;3197667:239;3197668:245
111473.1277,1788877774.3172,10,347.25,2149.42,2496.67,18.2,15606.6,40435.6,2374.5,7431.139,3196.218,70610.049,3197630:13;3197661:237;3197662:244;3197663:310;3197664:307;3197665:301;3197666:253;3197667:239;3197668:245
111473.2376,1788877774.4271,10,347.25,2149.97,2497.22,81.2,15614.5,40427.7,2374.5,7432.122,3196.255,70610.049,3197630:13;3197661:237;3197662:244;3197663:310;3197664:307;3197665:301;3197666:253;3197667:240;3197668:245
111473.3481,1788877774.5377,10,347.25,2150.88,2498.12,45.7,15612.2,40430.0,2374.5,7432.471,3196.268,70610.049,3197630:13;3197661:236;3197662:244;3197663:310;3197664:307;3197665:304;3197666:252;3197667:240;3197668:246
111473.4575,1788877774.6470,10,347.38,2152.66,2500.04,62.4,15609.1,40433.1,2374.5,7433.549,3196.313,70610.049,3197630:13;3197661:235;3197662:244;3197663:313;3197664:307;3197665:304;3197666:251;3197667:239;3197668:246
111473.5699,1788877774.7594,10,347.38,2153.10,2500.48,36.5,15609.1,40433.1,2374.5,7433.854,3196.323,70610.049,3197630:13;3197661:235;3197662:244;3197663:313;3197664:307;3197665:304;3197666:251;3197667:239;3197668:246
111473.6790,1788877774.8685,10,347.38,2154.70,2502.07,27.3,15609.1,40433.1,2374.5,7434.826,3196.354,70610.049,3197630:13;3197661:236;3197662:244;3197663:313;3197664:307;3197665:304;3197666:252;3197667:240;3197668:246
111473.7891,1788877774.9787,10,347.38,2154.97,2502.34,27.3,15609.1,40433.1,2374.5,7435.170,3196.361,70610.049,3197630:13;3197661:236;3197662:244;3197663:313;3197664:307;3197665:304;3197666:252;3197667:240;3197668:246
111473.8994,1788877775.0889,10,347.38,2156.66,2504.03,100.0,15612.5,40429.7,2374.5,7436.174,3196.398,70610.049,3197630:13;3197661:234;3197662:244;3197663:313;3197664:310;3197665:304;3197666:252;3197667:240;3197668:246
111474.0093,1788877775.1988,10,347.38,2156.66,2504.03,18.2,15612.8,40429.5,2374.5,7436.469,3196.412,70610.049,3197630:13;3197661:234;3197662:244;3197663:313;3197664:310;3197665:304;3197666:252;3197667:240;3197668:247
111474.1195,1788877775.3090,10,347.38,2159.17,2506.55,90.1,15616.1,40426.1,2374.5,7437.594,3196.456,70610.049,3197630:13;3197661:234;3197662:244;3197663:313;3197664:310;3197665:307;3197666:251;3197667:240;3197668:246
111474.2302,1788877775.4198,10,347.50,2161.56,2509.06,73.6,15624.3,40418.0,2374.5,7437.896,3196.470,70610.049,3197630:13;3197661:234;3197662:245;3197663:316;3197664:310;3197665:307;3197666:250;3197667:240;3197668:246
111474.3390,1788877775.5286,10,347.50,2164.31,2511.81,119.1,15631.1,40411.1,2374.5,7438.949,3196.508,70610.049,3197630:13;3197661:234;3197662:244;3197663:316;3197664:314;3197665:307;3197666:250;3197667:240;3197668:246
111474.4486,1788877775.6382,10,347.50,2164.64,2512.14,0.0,15631.1,40411.1,2374.5,7439.263,3196.520,70610.049,3197630:13;3197661:234;3197662:244;3197663:316;3197664:314;3197665:307;3197666:250;3197667:240;3197668:246
111474.5580,1788877775.7475,10,347.50,2166.76,2514.26,99.5,15631.4,40410.8,2374.5,7440.345,3196.557,70610.049,3197630:13;3197661:235;3197662:244;3197663:316;3197664:314;3197665:307;3197666:251;3197667:241;3197668:246
111474.6682,1788877775.8578,10,347.50,2167.21,2514.71,27.3,15631.6,40410.6,2374.5,7440.680,3196.569,70610.049,3197630:13;3197661:235;3197662:244;3197663:316;3197664:314;3197665:307;3197666:251;3197667:241;3197668:246
111474.7782,1788877775.9678,10,347.50,2169.11,2516.61,63.9,15631.6,40410.6,2374.5,7441.689,3196.598,70610.049,3197630:13;3197661:236;3197662:244;3197663:316;3197664:314;3197665:307;3197666:251;3197667:241;3197668:247
111474.8878,1788877776.0773,10,347.50,2169.60,2517.10,18.2,15630.9,40411.4,2374.5,7442.058,3196.609,70610.049,3197630:13;3197661:236;3197662:244;3197663:316;3197664:314;3197665:307;3197666:251;3197667:241;3197668:247
111474.9976,1788877776.1871,10,347.62,2173.10,2520.73,118.3,15633.2,40409.1,2374.5,7443.013,3196.649,70610.049,3197630:13;3197661:237;3197662:244;3197663:319;3197664:314;3197665:311;3197666:251;3197667:240;3197668:244
111475.1074,1788877776.2970,10,347.62,2173.76,2521.38,82.2,15633.3,40408.9,2374.5,7443.382,3196.665,70610.049,3197630:13;3197661:235;3197662:244;3197663:319;3197664:317;3197665:311;3197666:251;3197667:241;3197668:244
111475.2168,1788877776.4063,10,347.62,2177.23,2524.85,109.3,15630.4,40411.8,2374.5,7444.414,3196.701,70610.049,3197630:13;3197661:235;3197662:244;3197663:319;3197664:317;3197665:314;3197666:251;3197667:241;3197668:244
111475.3272,1788877776.5168,10,347.62,2178.01,2525.63,26.7,15630.4,40411.8,2374.5,7444.732,3196.713,70610.049,3197630:13;3197661:235;3197662:244;3197663:319;3197664:317;3197665:314;3197666:251;3197667:241;3197668:244
111475.4390,1788877776.6286,10,347.62,2182.82,2530.45,163.2,15633.7,40408.5,2374.5,7445.662,3196.752,70610.049,3197630:13;3197661:236;3197662:244;3197663:323;3197664:317;3197665:314;3197666:250;3197667:241;3197668:245
111475.5491,1788877776.7387,10,347.62,2181.96,2529.59,46.0,15633.7,40408.5,2374.5,7445.997,3196.766,70610.049,3197630:13;3197661:236;3197662:244;3197663:323;3197664:317;3197665:314;3197666:249;3197667:241;3197668:245
111475.6581,1788877776.8477,10,347.62,2183.71,2531.34,100.5,15639.4,40402.8,2374.5,7447.055,3196.809,70610.049,3197630:13;3197661:234;3197662:244;3197663:323;3197664:320;3197665:317;3197666:247;3197667:241;3197668:245
111475.7685,1788877776.9580,10,347.62,2184.59,2532.21,27.2,15639.4,40402.8,2374.5,7447.409,3196.824,70610.049,3197630:13;3197661:235;3197662:244;3197663:323;3197664:320;3197665:317;3197666:247;3197667:241;3197668:245
111475.8779,1788877777.0675,10,347.62,2188.34,2535.97,99.8,15637.0,40405.2,2374.5,7448.403,3196.862,70610.049,3197630:13;3197661:235;3197662:244;3197663:326;3197664:320;3197665:317;3197666:247;3197667:241;3197668:246
111475.9884,1788877777.1779,10,347.62,2188.25,2535.87,27.3,15637.0,40405.2,2374.5,7448.717,3196.872,70610.049,3197630:13;3197661:235;3197662:244;3197663:326;3197664:320;3197665:317;3197666:247;3197667:241;3197668:246
111476.0987,1788877777.2882,10,347.62,2189.96,2537.59,82.3,15637.5,40404.8,2374.5,7449.714,3196.909,70610.049,3197630:13;3197661:236;3197662:244;3197663:326;3197664:320;3197665:317;3197666:247;3197667:241;3197668:246
111476.2085,1788877777.3980,10,347.62,2190.47,2538.09,18.2,15637.5,40404.8,2374.5,7450.062,3196.922,70610.049,3197630:13;3197661:236;3197662:244;3197663:326;3197664:320;3197665:317;3197666:247;3197667:242;3197668:246
111476.3181,1788877777.5077,10,347.62,2193.75,2541.38,136.1,15649.2,40393.0,2374.5,7451.171,3196.964,70610.049,3197630:13;3197661:236;3197662:244;3197663:326;3197664:323;3197665:317;3197666:246;3197667:242;3197668:246
111476.4282,1788877777.6177,10,347.62,2192.75,2540.38,64.3,15653.8,40388.4,2374.5,7451.518,3196.982,70610.049,3197630:13;3197661:235;3197662:244;3197663:326;3197664:323;3197665:320;3197666:245;3197667:242;3197668:246
111476.5371,1788877777.7267,10,347.62,2194.00,2541.62,62.3,15650.2,40392.0,2374.5,7452.671,3197.022,70610.049,3197630:13;3197661:234;3197662:244;3197663:329;3197664:323;3197665:320;3197666:244;3197667:242;3197668:246
111476.6498,1788877777.8393,10,347.62,2194.45,2542.07,45.6,15650.2,40392.0,2374.5,7453.004,3197.037,70610.049,3197630:13;3197661:234;3197662:244;3197663:329;3197664:323;3197665:320;3197666:244;3197667:242;3197668:246
111476.7590,1788877777.9486,10,347.62,2195.64,2543.27,9.0,15650.2,40392.0,2374.5,7454.111,3197.071,70610.049,3197630:13;3197661:235;3197662:244;3197663:329;3197664:323;3197665:320;3197666:244;3197667:243;3197668:246
111476.8710,1788877778.0605,10,347.62,2198.88,2546.51,145.6,15649.1,40393.1,2374.5,7455.451,3197.122,70610.049,3197630:13;3197661:235;3197662:244;3197663:329;3197664:323;3197665:320;3197666:245;3197667:243;3197668:247
111476.9809,1788877778.1704,10,347.62,2201.36,2548.99,82.1,15653.8,40388.4,2374.5,7456.690,3197.171,70610.049,3197630:13;3197661:235;3197662:245;3197663:329;3197664:327;3197665:320;3197666:245;3197667:241;3197668:247
111477.0905,1788877778.2800,10,347.62,2202.44,2550.07,107.7,15657.1,40385.1,2374.5,7457.020,3197.186,70610.049,3197630:13;3197661:236;3197662:245;3197663:329;3197664:327;3197665:323;3197666:245;3197667:239;3197668:247
111477.2022,1788877778.3917,10,347.62,2205.61,2553.23,118.3,15657.9,40384.4,2374.5,7458.149,3197.239,70610.049,3197630:13;3197661:237;3197662:245;3197663:329;3197664:327;3197665:323;3197666:245;3197667:239;3197668:248
111477.3129,1788877778.5025,10,347.62,2205.61,2553.23,0.0,15657.9,40384.4,2374.5,7458.448,3197.249,70610.049,3197630:13;3197661:237;3197662:245;3197663:329;3197664:327;3197665:323;3197666:245;3197667:239;3197668:248
111477.4219,1788877778.6114,10,347.62,2208.34,2555.97,100.1,15658.1,40384.1,2374.5,7459.473,3197.290,70610.049,3197630:13;3197661:238;3197662:245;3197663:332;3197664:327;3197665:323;3197666:245;3197667:240;3197668:246
111477.5323,1788877778.7218,10,347.62,2208.57,2556.20,44.9,15658.3,40383.9,2374.5,7459.771,3197.303,70610.049,3197630:13;3197661:238;3197662:245;3197663:332;3197664:327;3197665:323;3197666:246;3197667:240;3197668:246
111477.6434,1788877778.8329,10,347.62,2212.35,2559.98,126.9,15662.7,40379.5,2374.5,7460.844,3197.350,70610.049,3197630:13;3197661:237;3197662:245;3197663:332;3197664:330;3197665:323;3197666:245;3197667:241;3197668:247
111477.7536,1788877778.9431,10,347.62,2214.28,2561.91,45.6,15666.6,40375.6,2374.5,7461.147,3197.363,70610.049,3197630:13;3197661:235;3197662:245;3197663:332;3197664:330;3197665:326;3197666:245;3197667:241;3197668:247
111477.8629,1788877779.0525,10,347.62,2217.17,2564.79,136.3,15667.4,40374.8,2374.5,7462.151,3197.411,70610.049,3197630:13;3197661:237;3197662:246;3197663:332;3197664:330;3197665:326;3197666:246;3197667:241;3197668:247
111477.9732,1788877779.1627,10,347.62,2218.09,2565.71,54.8,15667.9,40374.4,2374.5,7462.419,3197.429,70610.049,3197630:13;3197661:237;3197662:246;3197663:332;3197664:330;3197665:326;3197666:246;3197667:241;3197668:247
111478.0824,1788877779.2720,10,347.62,2220.16,2567.79,137.1,15674.0,40368.2,2374.5,7463.508,3197.505,70610.049,3197630:13;3197661:237;3197662:245;3197663:335;3197664:330;3197665:326;3197666:244;3197667:241;3197668:249
111478.1921,1788877779.3816,10,347.62,2222.28,2569.90,63.1,15674.2,40368.0,2374.5,7464.316,3197.546,70610.049,3197630:13;3197661:238;3197662:246;3197663:335;3197664:330;3197665:326;3197666:244;3197667:241;3197668:249
111478.3027,1788877779.4922,10,347.62,2224.68,2572.31,81.0,15675.2,40367.0,2374.5,7465.695,3197.588,70610.049,3197630:13;3197661:237;3197662:246;3197663:335;3197664:330;3197665:326;3197666:245;3197667:241;3197668:250
111478.4148,1788877779.6043,10,347.62,2224.08,2571.71,63.4,15681.6,40360.6,2374.5,7465.950,3197.599,70610.049,3197630:13;3197661:237;3197662:246;3197663:335;3197664:333;3197665:326;3197666:245;3197667:242;3197668:247
111478.5241,1788877779.7136,10,347.62,2227.39,2575.02,127.7,15682.1,40360.1,2374.5,7467.089,3197.647,70610.049,3197630:13;3197661:238;3197662:246;3197663:335;3197664:333;3197665:329;3197666:244;3197667:241;3197668:248
111478.6337,1788877779.8232,10,347.62,2227.79,2575.42,9.1,15682.1,40360.1,2374.5,7467.394,3197.660,70610.049,3197630:13;3197661:238;3197662:246;3197663:335;3197664:333;3197665:329;3197666:244;3197667:242;3197668:248
111478.7440,1788877779.9336,10,347.62,2231.84,2579.47,127.4,15714.3,40327.9,2374.5,7468.462,3197.707,70610.049,3197630:13;3197661:238;3197662:247;3197663:338;3197664:333;3197665:329;3197666:244;3197667:240;3197668:250
111478.8536,1788877780.0432,10,347.62,2231.86,2579.48,9.1,15714.3,40327.9,2374.5,7468.755,3197.720,70610.049,3197630:13;3197661:238;3197662:246;3197663:338;3197664:333;3197665:329;3197666:244;3197667:240;3197668:250
111478.9630,1788877780.1525,10,347.62,2233.57,2581.19,100.0,15713.7,40328.5,2374.5,7469.828,3197.762,70610.049,3197630:13;3197661:239;3197662:247;3197663:338;3197664:333;3197665:329;3197666:245;3197667:240;3197668:250
111479.0731,1788877780.2626,10,347.62,2233.62,2581.25,27.4,15713.7,40328.5,2374.5,7470.119,3197.779,70610.049,3197630:13;3197661:239;3197662:247;3197663:338;3197664:333;3197665:329;3197666:245;3197667:240;3197668:250
111479.1827,1788877780.3722,10,347.62,2237.07,2584.69,127.8,15713.7,40328.5,2374.5,7471.195,3197.831,70610.049,3197630:13;3197661:240;3197662:247;3197663:338;3197664:333;3197665:329;3197666:245;3197667:240;3197668:251
111479.2919,1788877780.4814,10,347.62,2237.70,2585.32,36.0,15713.7,40328.5,2374.5,7471.516,3197.843,70610.049,3197630:13;3197661:241;3197662:247;3197663:338;3197664:333;3197665:329;3197666:245;3197667:240;3197668:251
111479.4035,1788877780.5931,10,347.62,2245.36,2592.98,98.9,15706.1,40336.1,2374.5,7472.634,3197.883,70610.049,3197630:13;3197661:242;3197662:248;3197663:338;3197664:337;3197665:329;3197666:245;3197667:240;3197668:252
111479.5148,1788877780.7043,10,347.62,2241.72,2589.35,27.0,15710.5,40331.7,2374.5,7472.899,3197.894,70610.049,3197630:13;3197661:240;3197662:248;3197663:338;3197664:336;3197665:329;3197666:245;3197667:240;3197668:251
111479.6261,1788877780.8156,10,347.62,2243.98,2591.60,144.6,15700.8,40341.4,2374.5,7473.956,3197.937,70610.049,3197630:13;3197661:240;3197662:248;3197663:338;3197664:336;3197665:333;3197666:244;3197667:240;3197668:252
111479.7366,1788877780.9261,10,347.62,2244.29,2591.92,27.4,15700.8,40341.4,2374.5,7474.212,3197.946,70610.049,3197630:13;3197661:240;3197662:248;3197663:338;3197664:336;3197665:333;3197666:244;3197667:240;3197668:252
111479.8458,1788877781.0354,10,347.62,2250.55,2598.18,198.8,15709.7,40332.5,2374.5,7475.236,3197.994,70610.049,3197630:13;3197661:240;3197662:247;3197663:343;3197664:339;3197665:333;3197666:244;3197667:240;3197668:251
111479.9565,1788877781.1460,10,347.75,2252.46,2600.21,90.9,15712.6,40329.6,2374.5,7475.441,3198.004,70610.049,3197630:13;3197661:240;3197662:247;3197663:343;3197664:339;3197665:336;3197666:243;3197667:241;3197668:251
111480.0665,1788877781.2560,10,347.75,2255.63,2603.38,173.3,15720.3,40322.0,2374.5,7476.616,3198.052,70610.049,3197630:13;3197661:239;3197662:247;3197663:346;3197664:339;3197665:336;3197666:242;3197667:241;3197668:252
111480.1766,1788877781.3661,10,347.75,2255.10,2602.85,36.6,15720.5,40321.7,2374.5,7476.854,3198.069,70610.049,3197630:13;3197661:239;3197662:247;3197663:346;3197664:339;3197665:336;3197666:241;3197667:241;3197668:252
111480.2855,1788877781.4751,10,347.75,2258.71,2606.46,136.7,15720.5,40321.7,2374.5,7478.074,3198.115,70610.049,3197630:13;3197661:240;3197662:247;3197663:346;3197664:340;3197665:336;3197666:242;3197667:242;3197668:253
111480.3957,1788877781.5852,10,347.75,2259.03,2606.78,45.5,15719.6,40322.6,2374.5,7478.310,3198.129,70610.049,3197630:13;3197661:240;3197662:247;3197663:346;3197664:340;3197665:336;3197666:242;3197667:242;3197668:253
111480.5055,1788877781.6950,10,347.75,2263.57,2611.32,190.3,15723.3,40318.9,2374.5,7479.403,3198.181,70610.049,3197630:13;3197661:241;3197662:247;3197663:346;3197664:343;3197665:337;3197666:243;3197667:242;3197668:252
111480.6157,1788877781.8053,10,347.75,2264.52,2612.27,45.0,15723.6,40318.7,2374.5,7479.660,3198.195,70610.049,3197630:13;3197661:241;3197662:247;3197663:346;3197664:343;3197665:338;3197666:243;3197667:241;3197668:252
111480.7267,1788877781.9162,10,347.75,2267.62,2615.37,182.6,15725.2,40317.0,2374.5,7480.827,3198.244,70610.049,3197630:13;3197661:239;3197662:246;3197663:349;3197664:343;3197665:342;3197666:241;3197667:241;3197668:253
111480.8363,1788877782.0258,10,347.75,2267.91,2615.66,27.6,15725.2,40317.0,2374.5,7481.081,3198.256,70610.049,3197630:13;3197661:240;3197662:246;3197663:349;3197664:343;3197665:342;3197666:241;3197667:241;3197668:253
111480.9452,1788877782.1347,10,347.75,2273.69,2621.44,172.9,15730.0,40312.2,2374.5,7482.195,3198.303,70610.049,3197630:13;3197661:240;3197662:246;3197663:352;3197664:345;3197665:342;3197666:240;3197667:241;3197668:254
111481.0553,1788877782.2449,10,347.75,2275.08,2622.83,200.0,15718.2,40324.0,2374.5,7483.275,3198.355,70610.049,3197630:13;3197661:239;3197662:246;3197663:352;3197664:348;3197665:342;3197666:241;3197667:241;3197668:253
111481.1652,1788877782.3548,10,347.88,2279.54,2627.42,172.9,15724.5,40317.7,2374.5,7484.633,3198.407,70610.049,3197630:13;3197661:240;3197662:246;3197663:352;3197664:348;3197665:342;3197666:242;3197667:242;3197668:255
111481.2752,1788877782.4647,10,348.12,2282.93,2631.05,144.5,15746.0,40296.2,2374.5,7484.887,3198.421,70610.049,3197630:13;3197661:239;3197662:244;3197663:352;3197664:348;3197665:342;3197666:242;3197667:249;3197668:254
111481.3862,1788877782.5757,10,348.12,2284.58,2632.71,143.1,15746.0,40296.2,2374.5,7486.119,3198.475,70610.049,3197630:13;3197661:240;3197662:244;3197663:352;3197664:348;3197665:342;3197666:242;3197667:249;3197668:254
111481.4981,1788877782.6876,10,348.12,2284.96,2633.09,0.0,15746.2,40296.0,2374.5,7486.369,3198.487,70610.049,3197630:13;3197661:240;3197662:244;3197663:352;3197664:348;3197665:342;3197666:242;3197667:249;3197668:254
111481.6069,1788877782.7964,10,348.12,2285.43,2633.55,63.8,15746.2,40296.0,2374.5,7487.502,3198.529,70610.049,3197630:13;3197661:241;3197662:244;3197663:352;3197664:348;3197665:342;3197666:242;3197667:249;3197668:254
111481.7169,1788877782.9065,10,348.12,2288.93,2637.05,109.2,15747.2,40295.0,2374.5,7488.477,3198.563,70610.049,3197630:13;3197661:240;3197662:244;3197663:352;3197664:348;3197665:342;3197666:241;3197667:253;3197668:255
111481.8264,1788877783.0159,10,348.12,2290.71,2638.84,91.0,15748.0,40294.3,2374.5,7489.786,3198.607,70610.049,3197630:13;3197661:241;3197662:245;3197663:352;3197664:348;3197665:342;3197666:241;3197667:253;3197668:255
111481.9370,1788877783.1265,10,348.12,2291.65,2639.78,35.7,15747.8,40294.4,2374.5,7490.265,3198.619,70610.049,3197630:13;3197661:242;3197662:244;3197663:352;3197664:348;3197665:342;3197666:241;3197667:253;3197668:256
111482.0486,1788877783.2382,10,348.12,2294.38,2642.50,208.0,15756.3,40285.9,2374.5,7491.412,3198.681,70610.049,3197630:13;3197661:242;3197662:244;3197663:352;3197664:348;3197665:342;3197666:241;3197667:257;3197668:256
111482.1589,1788877783.3485,10,348.12,2294.41,2642.54,18.2,15756.3,40285.9,2374.5,7491.623,3198.691,70610.049,3197630:13;3197661:242;3197662:244;3197663:352;3197664:348;3197665:342;3197666:241;3197667:257;3197668:256
111482.2687,1788877783.4582,10,348.12,2297.41,2645.53,154.7,15757.0,40285.2,2374.5,7492.654,3198.732,70610.049,3197630:13;3197661:241;3197662:245;3197663:352;3197664:348;3197665:342;3197666:240;3197667:260;3197668:256
111482.3784,1788877783.5679,10,348.12,2297.34,2645.46,18.4,15757.0,40285.2,2374.5,7492.829,3198.742,70610.049,3197630:13;3197661:241;3197662:244;3197663:352;3197664:348;3197665:342;3197666:240;3197667:260;3197668:257
111482.4873,1788877783.6768,10,348.12,2302.98,2651.11,245.4,15751.8,40290.4,2374.5,7493.933,3198.795,70610.049,3197630:13;3197661:239;3197662:245;3197663:352;3197664:348;3197665:345;3197666:239;3197667:266;3197668:256
111482.5977,1788877783.7872,10,348.12,2303.77,2651.89,27.4,15752.1,40290.1,2374.5,7494.171,3198.807,70610.049,3197630:13;3197661:239;3197662:245;3197663:352;3197664:348;3197665:345;3197666:239;3197667:266;3197668:256
111482.7069,1788877783.8965,10,348.12,2305.56,2653.69,135.9,15752.1,40290.1,2374.5,7495.269,3198.856,70610.049,3197630:13;3197661:240;3197662:245;3197663:352;3197664:348;3197665:345;3197666:239;3197667:266;3197668:257
111482.8174,1788877784.0069,10,348.12,2305.81,2653.93,9.1,15752.3,40289.9,2374.5,7495.514,3198.865,70610.049,3197630:13;3197661:240;3197662:245;3197663:352;3197664:348;3197665:345;3197666:239;3197667:266;3197668:257
111482.9276,1788877784.1171,10,348.12,2307.37,2655.49,117.2,15751.8,40290.5,2374.5,7496.707,3198.919,70610.049,3197630:13;3197661:241;3197662:245;3197663:352;3197664:348;3197665:345;3197666:239;3197667:266;3197668:258
111483.0383,1788877784.2279,10,348.25,2308.14,2656.39,73.4,15752.0,40290.2,2374.5,7496.938,3198.929,70610.049,3197630:13;3197661:241;3197662:246;3197663:352;3197664:348;3197665:345;3197666:239;3197667:266;3197668:258
111483.1474,1788877784.3369,10,348.25,2309.97,2658.22,108.0,15752.3,40289.9,2374.5,7498.191,3198.982,70610.049,3197630:13;3197661:242;3197662:246;3197663:352;3197664:348;3197665:345;3197666:239;3197667:266;3197668:259
111483.2596,1788877784.4492,10,348.25,2310.47,2658.72,8.9,15752.3,40289.9,2374.5,7498.420,3198.992,70610.049,3197630:13;3197661:242;3197662:246;3197663:352;3197664:348;3197665:345;3197666:239;3197667:266;3197668:259
111483.3707,1788877784.5602,10,348.25,2314.41,2662.66,198.6,15758.7,40283.6,2374.5,7499.416,3199.042,70610.049,3197630:13;3197661:241;3197662:246;3197663:352;3197664:348;3197665:345;3197666:239;3197667:270;3197668:261
111483.4813,1788877784.6708,10,348.25,2314.91,2663.16,18.0,15758.7,40283.6,2374.5,7499.541,3199.047,70610.049,3197630:13;3197661:241;3197662:246;3197663:352;3197664:348;3197665:345;3197666:239;3197667:270;3197668:261
111483.5920,1788877784.7816,10,348.25,2315.91,2664.16,54.6,15758.7,40283.6,2374.5,7500.497,3199.077,70610.049,3197630:13;3197661:242;3197662:246;3197663:352;3197664:348;3197665:345;3197666:239;3197667:270;3197668:261
111483.7025,1788877784.8920,10,348.25,2315.75,2664.00,27.0,15758.7,40283.6,2374.5,7500.590,3199.085,70610.049,3197630:13;3197661:242;3197662:246;3197663:352;3197664:348;3197665:345;3197666:239;3197667:270;3197668:261
111483.8135,1788877785.0031,10,348.25,2320.53,2668.78,210.1,15765.0,40277.2,2374.5,7501.679,3199.139,70610.049,3197630:13;3197661:241;3197662:247;3197663:352;3197664:348;3197665:345;3197666:238;3197667:273;3197668:264
111483.9231,1788877785.1126,10,348.25,2320.34,2668.59,54.0,15768.1,40274.1,2374.5,7501.770,3199.146,70610.049,3197630:13;3197661:240;3197662:246;3197663:352;3197664:348;3197665:345;3197666:237;3197667:276;3197668:263
111484.0342,1788877785.2238,10,348.25,2325.23,2673.48,217.4,15764.9,40277.3,2374.5,7502.820,3199.202,70610.049,3197630:13;3197661:241;3197662:246;3197663:352;3197664:348;3197665:345;3197666:238;3197667:277;3197668:265
111484.1451,1788877785.3346,10,348.38,2324.76,2673.14,54.8,15765.3,40276.9,2374.5,7502.944,3199.210,70610.049,3197630:13;3197661:241;3197662:246;3197663:352;3197664:348;3197665:345;3197666:238;3197667:277;3197668:264
111484.2540,1788877785.4436,10,348.38,2328.09,2676.46,91.4,15769.6,40272.6,2374.5,7504.207,3199.263,70610.049,3197630:13;3197661:242;3197662:247;3197663:352;3197664:348;3197665:345;3197666:237;3197667:280;3197668:265
111484.3636,1788877785.5532,10,348.38,2328.11,2676.49,18.0,15769.6,40272.6,2374.5,7504.283,3199.272,70610.049,3197630:13;3197661:242;3197662:247;3197663:352;3197664:348;3197665:345;3197666:237;3197667:280;3197668:265
111484.4745,1788877785.6640,10,348.38,2331.42,2679.79,126.9,15775.1,40267.1,2374.5,7505.297,3199.310,70610.049,3197630:13;3197661:241;3197662:247;3197663:352;3197664:348;3197665:345;3197666:236;3197667:283;3197668:267
111484.5849,1788877785.7744,10,348.38,2331.50,2679.88,9.1,15775.1,40267.1,2374.5,7505.367,3199.315,70610.049,3197630:13;3197661:241;3197662:247;3197663:352;3197664:348;3197665:345;3197666:236;3197667:283;3197668:267
111484.6938,1788877785.8833,10,348.38,2338.71,2687.08,225.3,15776.8,40265.4,2374.5,7506.501,3199.363,70610.049,3197630:13;3197661:242;3197662:247;3197663:352;3197664:348;3197665:345;3197666:236;3197667:285;3197668:270
111484.8059,1788877785.9955,10,348.50,2338.71,2687.21,180.8,15786.4,40255.8,2374.5,7506.608,3199.380,70610.049,3197630:13;3197661:240;3197662:247;3197663:352;3197664:348;3197665:348;3197666:235;3197667:286;3197668:270
111484.9154,1788877786.1049,10,348.50,2342.21,2690.71,226.3,15786.7,40255.5,2374.5,7507.869,3199.435,70610.049,3197630:13;3197661:241;3197662:247;3197663:352;3197664:348;3197665:348;3197666:235;3197667:288;3197668:270
111485.0257,1788877786.2152,10,348.50,2342.46,2690.96,18.2,15786.7,40255.5,2374.5,7508.025,3199.442,70610.049,3197630:13;3197661:241;3197662:247;3197663:352;3197664:348;3197665:348;3197666:235;3197667:288;3197668:270
111485.1350,1788877786.3245,10,348.50,2344.73,2693.23,54.7,15787.5,40254.7,2374.5,7509.234,3199.483,70610.049,3197630:13;3197661:241;3197662:248;3197663:352;3197664:348;3197665:348;3197666:236;3197667:288;3197668:272
111485.2448,1788877786.4343,10,348.50,2348.00,2696.50,99.4,15788.5,40253.8,2374.5,7509.901,3199.514,70610.049,3197630:13;3197661:242;3197662:248;3197663:352;3197664:348;3197665:348;3197666:236;3197667:288;3197668:274
111485.3553,1788877786.5448,10,348.62,2356.58,2705.20,172.2,15794.8,40247.4,2374.5,7511.266,3199.570,70610.049,3197630:13;3197661:242;3197662:248;3197663:352;3197664:348;3197665:348;3197666:236;3197667:298;3197668:272
111485.4660,1788877786.6556,10,348.62,2352.06,2700.68,117.0,15795.7,40246.6,2374.5,7512.298,3199.618,70610.049,3197630:13;3197661:241;3197662:248;3197663:352;3197664:348;3197665:348;3197666:234;3197667:295;3197668:273
111485.5768,1788877786.7663,10,348.62,2356.29,2704.91,163.8,15808.2,40234.0,2374.5,7513.696,3199.669,70610.068,3197630:13;3197661:240;3197662:246;3197663:352;3197664:348;3197665:348;3197666:235;3197667:302;3197668:273
111485.6865,1788877786.8761,10,348.62,2356.66,2705.29,0.0,15816.2,40226.0,2374.5,7513.799,3199.676,70610.068,3197630:13;3197661:240;3197662:246;3197663:352;3197664:348;3197665:348;3197666:235;3197667:302;3197668:273
111485.7968,1788877786.9864,10,348.75,2359.72,2708.47,145.7,15823.8,40218.5,2374.5,7515.205,3199.737,70610.068,3197630:13;3197661:239;3197662:246;3197663:352;3197664:348;3197665:348;3197666:235;3197667:305;3197668:274
111485.9066,1788877787.0961,10,348.75,2360.19,2708.94,9.2,15824.0,40218.2,2374.5,7515.338,3199.744,70610.068,3197630:13;3197661:239;3197662:246;3197663:352;3197664:348;3197665:348;3197666:235;3197667:305;3197668:274
111486.0154,1788877787.2049,10,348.75,2363.09,2711.84,155.8,15834.6,40207.6,2374.5,7516.612,3199.785,70610.068,3197630:13;3197661:239;3197662:246;3197663:351;3197664:348;3197665:348;3197666:235;3197667:309;3197668:273
111486.1247,1788877787.3142,10,348.75,2363.34,2712.09,0.0,15834.6,40207.6,2374.5,7516.738,3199.790,70610.068,3197630:13;3197661:239;3197662:246;3197663:351;3197664:348;3197665:348;3197666:235;3197667:309;3197668:274
111486.2355,1788877787.4250,10,348.75,2365.13,2713.88,72.5,15835.1,40207.1,2374.5,7518.069,3199.840,70610.068,3197630:13;3197661:239;3197662:246;3197663:351;3197664:348;3197665:348;3197666:235;3197667:309;3197668:274
111486.3459,1788877787.5354,10,348.75,2365.38,2714.13,18.0,15835.1,40207.1,2374.5,7518.175,3199.845,70610.068,3197630:13;3197661:240;3197662:246;3197663:351;3197664:348;3197665:348;3197666:235;3197667:309;3197668:275
111486.4566,1788877787.6462,10,348.75,2368.36,2717.11,118.0,15840.8,40201.4,2374.5,7519.428,3199.897,70610.068,3197630:13;3197661:241;3197662:247;3197663:351;3197664:348;3197665:348;3197666:235;3197667:310;3197668:275
111486.5670,1788877787.7566,10,348.75,2369.45,2718.20,27.2,15841.1,40201.1,2374.5,7519.638,3199.911,70610.068,3197630:13;3197661:241;3197662:247;3197663:351;3197664:348;3197665:348;3197666:235;3197667:311;3197668:275
111486.6770,1788877787.8665,10,348.75,2372.05,2720.80,127.1,15842.9,40199.4,2374.5,7520.832,3199.957,70610.068,3197630:13;3197661:239;3197662:247;3197663:351;3197664:348;3197665:348;3197666:236;3197667:314;3197668:276
111486.7873,1788877787.9769,10,348.75,2372.61,2721.36,45.5,15843.1,40199.1,2374.5,7521.250,3199.974,70610.068,3197630:13;3197661:239;3197662:247;3197663:351;3197664:348;3197665:348;3197666:236;3197667:314;3197668:276
111486.8972,1788877788.0867,10,348.75,2374.82,2723.57,109.2,15843.5,40198.7,2374.5,7522.637,3200.023,70610.068,3197630:13;3197661:237;3197662:248;3197663:351;3197664:348;3197665:348;3197666:236;3197667:317;3197668:276
111487.0071,1788877788.1966,10,348.75,2374.95,2723.70,18.4,15843.5,40198.7,2374.5,7522.754,3200.028,70610.068,3197630:13;3197661:237;3197662:248;3197663:351;3197664:348;3197665:348;3197666:236;3197667:317;3197668:276
111487.1164,1788877788.3059,10,348.75,2377.22,2725.97,80.7,15844.5,40197.8,2374.5,7523.969,3200.076,70610.068,3197630:13;3197661:237;3197662:248;3197663:351;3197664:348;3197665:348;3197666:237;3197667:318;3197668:277
111487.2279,1788877788.4174,10,348.75,2377.59,2726.34,18.0,15844.5,40197.8,2374.5,7524.080,3200.083,70610.068,3197630:13;3197661:237;3197662:248;3197663:351;3197664:348;3197665:348;3197666:237;3197667:318;3197668:277
111487.3387,1788877788.5283,10,348.75,2380.99,2729.74,89.3,15849.4,40192.8,2374.5,7525.366,3200.128,70610.068,3197630:13;3197661:238;3197662:248;3197663:351;3197664:348;3197665:348;3197666:238;3197667:318;3197668:279
111487.4506,1788877788.6401,10,348.75,2382.81,2731.56,36.3,15849.4,40192.8,2374.5,7525.872,3200.149,70610.068,3197630:13;3197661:238;3197662:249;3197663:351;3197664:348;3197665:348;3197666:238;3197667:318;3197668:279
111487.5605,1788877788.7501,10,348.75,2384.20,2732.95,90.0,15850.6,40191.6,2374.5,7527.143,3200.184,70610.068,3197630:13;3197661:239;3197662:249;3197663:351;3197664:348;3197665:348;3197666:239;3197667:318;3197668:280
111487.6719,1788877788.8614,10,348.75,2384.20,2732.95,0.0,15850.5,40191.7,2374.5,7527.143,3200.185,70610.072,3197630:13;3197661:239;3197662:249;3197663:351;3197664:348;3197665:348;3197666:239;3197667:318;3197668:280
111487.7849,1788877788.9744,10,348.88,2392.16,2741.04,225.6,15859.5,40182.7,2374.5,7528.557,3200.248,70610.072,3197630:13;3197661:239;3197662:248;3197663:351;3197664:348;3197665:348;3197666:237;3197667:327;3197668:280
111487.8956,1788877789.0852,10,348.88,2386.71,2735.59,26.9,15849.8,40192.4,2374.5,7528.570,3200.251,70610.072,3197630:13;3197661:238;3197662:248;3197663:351;3197664:348;3197665:348;3197666:236;3197667:324;3197668:280
111488.0073,1788877789.1968,10,348.88,2389.44,2738.31,81.7,15849.6,40192.6,2374.5,7529.948,3200.299,70610.072,3197630:13;3197661:240;3197662:249;3197663:351;3197664:348;3197665:348;3197666:236;3197667:324;3197668:280
111488.1172,1788877789.3068,10,348.88,2389.33,2738.21,0.0,15849.9,40192.4,2374.5,7529.948,3200.301,70610.072,3197630:13;3197661:240;3197662:249;3197663:351;3197664:348;3197665:348;3197666:236;3197667:324;3197668:280
111488.2263,1788877789.4158,10,348.88,2388.96,2737.84,45.5,15850.1,40192.1,2374.5,7531.373,3200.344,70610.072,3197630:13;3197661:240;3197662:249;3197663:351;3197664:348;3197665:348;3197666:236;3197667:324;3197668:280
111488.3369,1788877789.5264,10,348.88,2388.96,2737.84,9.1,15850.1,40192.1,2374.5,7531.373,3200.345,70610.072,3197630:13;3197661:240;3197662:249;3197663:351;3197664:348;3197665:348;3197666:236;3197667:324;3197668:280
111488.4465,1788877789.6360,10,348.88,2389.86,2738.74,53.8,15850.7,40191.5,2374.5,7532.690,3200.388,70610.072,3197630:13;3197661:239;3197662:249;3197663:351;3197664:348;3197665:348;3197666:237;3197667:324;3197668:281
111488.5586,1788877789.7481,10,348.88,2389.86,2738.74,0.0,15850.7,40191.5,2374.5,7532.690,3200.388,70610.072,3197630:13;3197661:239;3197662:249;3197663:351;3197664:348;3197665:348;3197666:237;3197667:324;3197668:281
111488.6689,1788877789.8585,10,348.88,2392.61,2741.48,89.5,15851.9,40190.3,2374.5,7534.019,3200.429,70610.072,3197630:13;3197661:241;3197662:249;3197663:351;3197664:348;3197665:348;3197666:237;3197667:324;3197668:281
111488.7808,1788877789.9704,10,348.88,2392.61,2741.48,9.0,15852.4,40189.8,2374.5,7534.019,3200.431,70610.072,3197630:13;3197661:241;3197662:249;3197663:351;3197664:348;3197665:348;3197666:237;3197667:324;3197668:281
111488.8924,1788877790.0820,10,348.88,2395.14,2744.02,109.4,15857.8,40184.5,2374.5,7535.327,3200.470,70610.072,3197630:13;3197661:241;3197662:249;3197663:351;3197664:348;3197665:348;3197666:238;3197667:328;3197668:279
111489.0019,1788877790.1914,10,348.88,2395.66,2744.53,18.2,15857.8,40184.5,2374.5,7535.510,3200.475,70610.072,3197630:13;3197661:241;3197662:249;3197663:351;3197664:348;3197665:348;3197666:238;3197667:328;3197668:280
111489.1119,1788877790.3014,10,348.88,2396.75,2745.63,44.8,15857.6,40184.6,2374.5,7536.746,3200.515,70610.072,3197630:13;3197661:241;3197662:249;3197663:351;3197664:348;3197665:348;3197666:238;3197667:328;3197668:280
111489.2239,1788877790.4135,10,348.88,2396.75,2745.63,0.0,15857.6,40184.6,2374.5,7536.746,3200.515,70610.072,3197630:13;3197661:241;3197662:249;3197663:351;3197664:348;3197665:348;3197666:238;3197667:328;3197668:280
111489.3332,1788877790.5228,10,348.88,2402.49,2751.36,109.0,15862.6,40179.6,2374.5,7538.032,3200.563,70610.072,3197630:13;3197661:242;3197662:249;3197663:351;3197664:348;3197665:348;3197666:238;3197667:332;3197668:280
111489.4437,1788877790.6333,10,348.88,2397.95,2746.83,0.0,15860.7,40181.6,2374.5,7538.220,3200.569,70610.072,3197630:13;3197661:239;3197662:249;3197663:351;3197664:348;3197665:348;3197666:238;3197667:330;3197668:280
111489.5555,1788877790.7451,10,349.00,2404.91,2753.91,216.2,15865.8,40176.5,2374.5,7539.488,3200.614,70610.072,3197630:13;3197661:240;3197662:248;3197663:354;3197664:348;3197665:348;3197666:235;3197667:341;3197668:277
111489.6664,1788877790.8560,10,349.00,2401.36,2750.36,35.7,15864.9,40177.3,2374.5,7539.825,3200.619,70610.072,3197630:13;3197661:240;3197662:248;3197663:354;3197664:348;3197665:348;3197666:235;3197667:337;3197668:277
111489.7784,1788877790.9679,10,349.00,2402.21,2751.21,36.0,15864.9,40177.3,2374.5,7540.854,3200.646,70610.072,3197630:13;3197661:240;3197662:249;3197663:354;3197664:348;3197665:348;3197666:235;3197667:337;3197668:278
111489.8892,1788877791.0787,10,349.00,2402.49,2751.49,9.2,15864.8,40177.4,2374.5,7540.993,3200.649,70610.072,3197630:13;3197661:240;3197662:249;3197663:354;3197664:348;3197665:348;3197666:235;3197667:337;3197668:278
111489.9984,1788877791.1879,10,349.12,2403.89,2753.02,137.1,15860.6,40181.6,2374.5,7542.157,3200.688,70610.072,3197630:13;3197661:241;3197662:248;3197663:354;3197664:348;3197665:348;3197666:236;3197667:340;3197668:276
111490.1083,1788877791.2978,10,349.12,2403.89,2753.02,0.0,15860.6,40181.6,2374.5,7542.157,3200.688,70610.072,3197630:13;3197661:241;3197662:248;3197663:354;3197664:348;3197665:348;3197666:236;3197667:340;3197668:276
111490.2175,1788877791.4070,10,349.12,2404.28,2753.40,45.1,15860.6,40181.6,2374.5,7543.553,3200.728,70610.072,3197630:13;3197661:241;3197662:248;3197663:354;3197664:348;3197665:348;3197666:236;3197667:340;3197668:276
111490.3285,1788877791.5180,10,349.12,2404.69,2753.82,9.0,15860.8,40181.4,2374.5,7543.746,3200.731,70610.072,3197630:13;3197661:241;3197662:248;3197663:354;3197664:348;3197665:348;3197666:236;3197667:340;3197668:276
111490.4386,1788877791.6282,10,349.38,2408.13,2757.51,155.8,15873.6,40168.6,2374.5,7544.866,3200.770,70610.072,3197630:13;3197661:241;3197662:247;3197663:354;3197664:348;3197665:348;3197666:236;3197667:346;3197668:274
111490.5483,1788877791.7379,10,349.38,2409.52,2758.89,9.0,15873.8,40168.4,2374.5,7545.042,3200.774,70610.072,3197630:13;3197661:241;3197662:248;3197663:354;3197664:348;3197665:348;3197666:236;3197667:347;3197668:274
111490.6603,1788877791.8498,10,349.62,2411.40,2761.02,151.8,15885.8,40156.4,2374.5,7546.196,3200.810,70610.072,3197630:13;3197661:239;3197662:246;3197663:354;3197664:348;3197665:348;3197666:237;3197667:353;3197668:273
111490.7716,1788877791.9612,10,349.62,2411.43,2761.05,35.9,15885.8,40156.4,2374.5,7546.597,3200.826,70610.080,3197630:13;3197661:239;3197662:246;3197663:354;3197664:348;3197665:348;3197666:237;3197667:353;3197668:273
111490.8836,1788877792.0731,10,349.62,2414.15,2763.78,145.1,15886.2,40156.0,2374.5,7547.775,3200.873,70610.080,3197630:13;3197661:239;3197662:245;3197663:354;3197664:348;3197665:348;3197666:238;3197667:357;3197668:272
111490.9935,1788877792.1830,10,349.62,2414.91,2764.54,36.4,15873.7,40168.6,2374.5,7548.004,3200.881,70610.080,3197630:13;3197661:239;3197662:246;3197663:354;3197664:348;3197665:348;3197666:238;3197667:357;3197668:273
111491.1039,1788877792.2934,10,349.62,2417.61,2767.23,180.0,15887.6,40154.6,2374.5,7549.155,3200.926,70610.080,3197630:13;3197661:237;3197662:246;3197663:354;3197664:348;3197665:348;3197666:236;3197667:362;3197668:273
111491.2153,1788877792.4048,10,349.62,2417.46,2767.08,8.9,15887.6,40154.6,2374.5,7549.452,3200.935,70610.080,3197630:13;3197661:237;3197662:246;3197663:354;3197664:348;3197665:348;3197666:236;3197667:362;3197668:273
111491.3271,1788877792.5166,10,349.62,2418.51,2768.13,36.4,15887.6,40154.6,2374.5,7550.543,3200.971,70610.080,3197630:13;3197661:237;3197662:246;3197663:354;3197664:348;3197665:348;3197666:236;3197667:362;3197668:274
111491.4365,1788877792.6260,10,349.62,2419.17,2768.80,18.2,15887.6,40154.6,2374.5,7550.844,3200.980,70610.080,3197630:13;3197661:237;3197662:246;3197663:354;3197664:348;3197665:348;3197666:237;3197667:362;3197668:274
111491.5468,1788877792.7364,10,349.62,2420.75,2770.37,45.5,15887.6,40154.6,2374.5,7551.957,3201.015,70610.080,3197630:13;3197661:237;3197662:247;3197663:354;3197664:348;3197665:348;3197666:237;3197667:362;3197668:274
111491.6565,1788877792.8460,10,349.62,2421.00,2770.63,9.2,15886.8,40155.4,2374.5,7552.164,3201.021,70610.080,3197630:13;3197661:237;3197662:247;3197663:354;3197664:348;3197665:348;3197666:237;3197667:362;3197668:274
111491.7656,1788877792.9551,10,349.75,2421.87,2771.62,152.5,15901.3,40141.0,2374.5,7553.291,3201.065,70610.080,3197630:13;3197661:236;3197662:247;3197663:354;3197664:350;3197665:348;3197666:237;3197667:362;3197668:273
111491.8771,1788877793.0666,10,349.75,2421.46,2771.21,45.4,15900.6,40141.6,2374.5,7553.720,3201.079,70610.080,3197630:13;3197661:237;3197662:247;3197663:354;3197664:350;3197665:348;3197666:237;3197667:362;3197668:273
111491.9873,1788877793.1768,10,349.75,2422.28,2772.03,54.7,15900.8,40141.4,2374.5,7554.843,3201.125,70610.080,3197630:13;3197661:237;3197662:247;3197663:354;3197664:350;3197665:348;3197666:237;3197667:362;3197668:273
111492.0967,1788877793.2862,10,349.75,2421.97,2771.72,18.0,15900.8,40141.4,2374.5,7555.184,3201.134,70610.080,3197630:13;3197661:237;3197662:247;3197663:354;3197664:350;3197665:348;3197666:237;3197667:362;3197668:273
111492.2082,1788877793.3977,10,349.75,2423.85,2773.60,36.4,15900.8,40141.4,2374.5,7556.162,3201.168,70610.080,3197630:13;3197661:239;3197662:247;3197663:354;3197664:350;3197665:348;3197666:237;3197667:362;3197668:273
111492.3176,1788877793.5071,10,349.75,2424.32,2774.07,0.0,15900.8,40141.4,2374.5,7556.426,3201.174,70610.080,3197630:13;3197661:239;3197662:247;3197663:354;3197664:350;3197665:348;3197666:237;3197667:362;3197668:273
111492.4268,1788877793.6164,10,349.75,2426.22,2775.97,90.0,15901.5,40140.8,2374.5,7557.524,3201.211,70610.080,3197630:13;3197661:239;3197662:248;3197663:354;3197664:350;3197665:348;3197666:238;3197667:366;3197668:271
111492.5378,1788877793.7273,10,349.75,2426.79,2776.54,27.4,15901.5,40140.8,2374.5,7557.725,3201.220,70610.080,3197630:13;3197661:239;3197662:248;3197663:354;3197664:350;3197665:348;3197666:238;3197667:366;3197668:272
111492.6472,1788877793.8367,10,349.75,2428.24,2777.99,91.7,15904.1,40138.2,2374.5,7558.849,3201.256,70610.080,3197630:13;3197661:239;3197662:248;3197663:354;3197664:350;3197665:350;3197666:236;3197667:366;3197668:272
111492.7564,1788877793.9459,10,349.75,2428.99,2778.74,18.2,15904.1,40138.2,2374.5,7559.071,3201.268,70610.080,3197630:13;3197661:239;3197662:248;3197663:354;3197664:350;3197665:350;3197666:236;3197667:366;3197668:272
111492.8662,1788877794.0558,10,349.75,2430.48,2780.23,73.1,15904.0,40138.2,2374.5,7560.169,3201.307,70610.080,3197630:13;3197661:239;3197662:248;3197663:354;3197664:350;3197665:350;3197666:237;3197667:366;3197668:273
111492.9757,1788877794.1653,10,349.75,2431.17,2780.92,45.6,15904.3,40137.9,2374.5,7560.410,3201.316,70610.080,3197630:13;3197661:239;3197662:248;3197663:354;3197664:350;3197665:350;3197666:237;3197667:366;3197668:273
111493.0856,1788877794.2752,10,349.75,2431.67,2781.42,89.7,15904.6,40137.6,2374.5,7561.503,3201.356,70610.084,3197630:13;3197661:239;3197662:248;3197663:354;3197664:350;3197665:350;3197666:237;3197667:366;3197668:273
111493.1971,1788877794.3866,10,349.75,2431.80,2781.55,0.0,15904.9,40137.3,2374.5,7561.712,3201.361,70610.084,3197630:13;3197661:239;3197662:248;3197663:354;3197664:350;3197665:350;3197666:237;3197667:366;3197668:273
111493.3066,1788877794.4962,10,349.75,2433.41,2783.16,143.4,15903.7,40138.5,2374.5,7562.621,3201.403,70610.084,3197630:13;3197661:239;3197662:246;3197663:357;3197664:350;3197665:350;3197666:237;3197667:366;3197668:274
111493.4186,1788877794.6082,10,349.75,2435.11,2784.86,54.5,15896.6,40145.7,2374.5,7562.953,3201.419,70610.084,3197630:13;3197661:240;3197662:246;3197663:357;3197664:350;3197665:350;3197666:238;3197667:366;3197668:275
111493.5285,1788877794.7180,10,349.75,2437.46,2787.21,81.9,15899.3,40143.0,2374.5,7564.049,3201.462,70610.084,3197630:13;3197661:238;3197662:247;3197663:357;3197664:353;3197665:350;3197666:238;3197667:367;3197668:275
111493.6382,1788877794.8278,10,349.75,2437.59,2787.34,8.9,15896.6,40145.7,2374.5,7564.373,3201.472,70610.084,3197630:13;3197661:238;3197662:247;3197663:357;3197664:353;3197665:350;3197666:238;3197667:367;3197668:275
111493.7508,1788877794.9403,10,349.88,2438.43,2788.30,54.0,15904.9,40137.3,2374.5,7565.456,3201.506,70610.084,3197630:13;3197661:236;3197662:247;3197663:357;3197664:353;3197665:350;3197666:238;3197667:370;3197668:274
111493.8615,1788877795.0510,10,349.88,2438.05,2787.92,9.0,15903.2,40139.0,2374.5,7565.773,3201.518,70610.084,3197630:13;3197661:236;3197662:247;3197663:357;3197664:353;3197665:350;3197666:238;3197667:369;3197668:274
111493.9735,1788877795.1630,10,349.88,2440.07,2789.94,54.6,15901.6,40140.6,2374.5,7566.783,3201.541,70610.084,3197630:13;3197661:237;3197662:247;3197663:357;3197664:353;3197665:350;3197666:239;3197667:369;3197668:275
111494.0830,1788877795.2726,10,349.88,2440.45,2790.32,36.4,15901.5,40140.8,2374.5,7567.072,3201.549,70610.084,3197630:13;3197661:237;3197662:247;3197663:357;3197664:353;3197665:350;3197666:239;3197667:369;3197668:275
111494.1927,1788877795.3823,10,349.88,2440.68,2790.55,110.1,15909.9,40132.3,2374.5,7568.017,3201.581,70610.084,3197630:13;3197661:237;3197662:248;3197663:357;3197664:353;3197665:353;3197666:238;3197667:369;3197668:272
111494.3018,1788877795.4913,10,349.88,2441.85,2791.73,35.9,15910.2,40132.0,2374.5,7568.309,3201.595,70610.084,3197630:13;3197661:237;3197662:248;3197663:357;3197664:353;3197665:353;3197666:239;3197667:369;3197668:272
111494.4132,1788877795.6028,10,349.88,2443.56,2793.44,63.7,15910.2,40132.0,2374.5,7569.338,3201.632,70610.084,3197630:13;3197661:237;3197662:248;3197663:357;3197664:353;3197665:353;3197666:240;3197667:369;3197668:273
111494.5233,1788877795.7128,10,349.88,2450.11,2799.98,62.8,15917.0,40125.2,2374.5,7569.637,3201.648,70610.084,3197630:13;3197661:237;3197662:249;3197663:363;3197664:353;3197665:353;3197666:239;3197667:369;3197668:273
111494.6345,1788877795.8241,10,349.88,2447.29,2797.16,82.1,15926.9,40115.3,2374.5,7570.683,3201.680,70610.084,3197630:13;3197661:237;3197662:247;3197663:360;3197664:353;3197665:353;3197666:240;3197667:373;3197668:271
111494.7441,1788877795.9337,10,349.88,2447.71,2797.58,18.2,15926.9,40115.3,2374.5,7571.148,3201.696,70610.092,3197630:13;3197661:237;3197662:247;3197663:360;3197664:353;3197665:353;3197666:240;3197667:373;3197668:271
111494.8542,1788877796.0438,10,350.00,2449.73,2799.73,72.2,15925.2,40117.0,2374.5,7572.112,3201.720,70610.092,3197630:13;3197661:237;3197662:247;3197663:360;3197664:356;3197665:353;3197666:240;3197667:373;3197668:270
111494.9649,1788877796.1544,10,350.00,2450.02,2800.02,54.5,15925.6,40116.6,2374.5,7572.476,3201.734,70610.092,3197630:13;3197661:237;3197662:247;3197663:360;3197664:356;3197665:353;3197666:240;3197667:373;3197668:271
111495.0752,1788877796.2647,10,350.00,2450.40,2800.40,80.8,15925.2,40117.1,2374.5,7573.473,3201.773,70610.092,3197630:13;3197661:237;3197662:247;3197663:360;3197664:356;3197665:353;3197666:240;3197667:373;3197668:271
111495.1864,1788877796.3760,10,350.00,2450.09,2800.09,27.5,15925.4,40116.8,2374.5,7573.813,3201.786,70610.092,3197630:13;3197661:237;3197662:247;3197663:360;3197664:356;3197665:353;3197666:240;3197667:373;3197668:271
111495.2957,1788877796.4852,10,350.00,2450.52,2800.52,55.2,15926.9,40115.4,2374.5,7574.836,3201.827,70610.092,3197630:13;3197661:237;3197662:247;3197663:360;3197664:356;3197665:353;3197666:240;3197667:373;3197668:271
111495.4046,1788877796.5941,10,350.00,2451.05,2801.05,27.3,15927.3,40114.9,2374.5,7575.463,3201.850,70610.092,3197630:13;3197661:237;3197662:247;3197663:360;3197664:356;3197665:353;3197666:240;3197667:373;3197668:272
111495.5153,1788877796.7048,10,350.00,2452.18,2802.18,71.8,15926.8,40115.5,2374.5,7576.493,3201.882,70610.092,3197630:13;3197661:238;3197662:247;3197663:360;3197664:356;3197665:353;3197666:240;3197667:373;3197668:272
111495.6265,1788877796.8161,10,350.00,2452.92,2802.92,36.0,15926.8,40115.5,2374.5,7576.914,3201.899,70610.092,3197630:13;3197661:238;3197662:247;3197663:360;3197664:356;3197665:353;3197666:241;3197667:373;3197668:273
111495.7377,1788877796.9273,10,350.00,2454.93,2804.93,173.2,15930.7,40111.5,2374.5,7577.855,3201.935,70610.092,3197630:13;3197661:238;3197662:247;3197663:360;3197664:356;3197665:356;3197666:239;3197667:372;3197668:274
111495.8478,1788877797.0373,10,350.00,2461.09,2811.09,54.0,15932.2,40110.1,2374.5,7578.272,3201.951,70610.092,3197630:13;3197661:238;3197662:247;3197663:360;3197664:363;3197665:356;3197666:238;3197667:372;3197668:275
111495.9588,1788877797.1483,10,350.12,2458.03,2808.15,118.7,15937.8,40104.4,2374.5,7579.271,3201.992,70610.092,3197630:13;3197661:238;3197662:247;3197663:362;3197664:358;3197665:356;3197666:238;3197667:372;3197668:274
111496.0684,1788877797.2579,10,350.12,2461.86,2811.99,54.0,15930.4,40111.8,2374.5,7579.751,3202.004,70610.092,3197630:13;3197661:238;3197662:247;3197663:362;3197664:358;3197665:356;3197666:238;3197667:376;3197668:274
111496.1801,1788877797.3696,10,350.12,2459.29,2809.41,72.8,15933.0,40109.2,2374.5,7580.677,3202.035,70610.092,3197630:13;3197661:237;3197662:247;3197663:362;3197664:358;3197665:356;3197666:238;3197667:375;3197668:273
111496.2890,1788877797.4786,10,350.12,2460.24,2810.37,36.4,15933.0,40109.2,2374.5,7581.154,3202.053,70610.092,3197630:13;3197661:237;3197662:247;3197663:362;3197664:358;3197665:356;3197666:238;3197667:375;3197668:274
111496.3986,1788877797.5881,10,350.25,2461.08,2811.33,91.4,15942.9,40099.3,2374.5,7582.106,3202.086,70610.092,3197630:13;3197661:238;3197662:246;3197663:362;3197664:358;3197665:359;3197666:239;3197667:375;3197668:272
111496.5079,1788877797.6974,10,350.25,2462.14,2812.39,36.7,15942.9,40099.3,2374.5,7582.699,3202.104,70610.092,3197630:13;3197661:238;3197662:247;3197663:362;3197664:358;3197665:359;3197666:239;3197667:375;3197668:272
111496.6171,1788877797.8066,10,350.25,2462.96,2813.21,63.2,15942.9,40099.3,2374.5,7583.658,3202.137,70610.092,3197630:13;3197661:238;3197662:247;3197663:362;3197664:358;3197665:359;3197666:239;3197667:375;3197668:272
111496.7281,1788877797.9176,10,350.25,2463.46,2813.71,35.7,15942.9,40099.3,2374.5,7584.139,3202.151,70610.092,3197630:13;3197661:238;3197662:247;3197663:362;3197664:358;3197665:359;3197666:239;3197667:375;3197668:272
111496.8397,1788877798.0292,10,350.25,2464.56,2814.81,27.4,15942.9,40099.3,2374.5,7585.075,3202.182,70610.092,3197630:13;3197661:238;3197662:247;3197663:362;3197664:358;3197665:359;3197666:240;3197667:375;3197668:273
111496.9490,1788877798.1386,10,350.25,2465.05,2815.30,17.8,15943.5,40098.8,2374.5,7585.464,3202.195,70610.092,3197630:13;3197661:239;3197662:247;3197663:362;3197664:358;3197665:359;3197666:240;3197667:375;3197668:273
111497.0608,1788877798.2504,10,350.38,2468.04,2818.41,174.2,15947.1,40095.1,2374.5,7586.333,3202.234,70610.092,3197630:13;3197661:238;3197662:247;3197663:364;3197664:358;3197665:359;3197666:240;3197667:375;3197668:273
111497.1698,1788877798.3593,10,350.38,2478.95,2829.32,98.3,15957.8,40084.5,2374.5,7586.800,3202.249,70610.092,3197630:13;3197661:239;3197662:247;3197663:364;3197664:365;3197665:359;3197666:240;3197667:380;3197668:271
111497.2817,1788877798.4713,10,350.38,2471.57,2821.95,100.4,15955.4,40086.8,2374.5,7587.665,3202.282,70610.092,3197630:13;3197661:239;3197662:247;3197663:364;3197664:361;3197665:359;3197666:240;3197667:379;3197668:270
111497.3910,1788877798.5805,10,350.38,2472.41,2822.79,45.5,15959.9,40082.3,2374.5,7588.111,3202.298,70610.092,3197630:13;3197661:239;3197662:248;3197663:364;3197664:361;3197665:359;3197666:240;3197667:379;3197668:270
111497.5007,1788877798.6902,10,350.50,2473.20,2823.70,108.4,15964.2,40078.0,2374.5,7588.978,3202.329,70610.092,3197630:13;3197661:239;3197662:248;3197663:364;3197664:363;3197665:359;3197666:238;3197667:378;3197668:271
111497.6115,1788877798.8010,10,350.50,2474.54,2825.04,64.2,15963.6,40078.6,2374.5,7589.392,3202.347,70610.092,3197630:13;3197661:240;3197662:248;3197663:364;3197664:363;3197665:359;3197666:239;3197667:378;3197668:272
111497.7208,1788877798.9103,10,350.50,2475.12,2825.62,63.9,15963.6,40078.6,2374.5,7590.337,3202.379,70610.092,3197630:13;3197661:240;3197662:248;3197663:364;3197664:363;3197665:359;3197666:239;3197667:378;3197668:272
111497.8304,1788877799.0199,10,350.50,2476.06,2826.56,8.9,15963.6,40078.6,2374.5,7590.752,3202.394,70610.092,3197630:13;3197661:240;3197662:248;3197663:364;3197664:363;3197665:359;3197666:240;3197667:378;3197668:272
111497.9423,1788877799.1319,10,350.50,2476.78,2827.28,27.4,15961.0,40081.2,2374.5,7591.670,3202.416,70610.092,3197630:13;3197661:240;3197662:248;3197663:364;3197664:363;3197665:359;3197666:240;3197667:378;3197668:273
111498.0514,1788877799.2409,10,350.50,2484.88,2835.38,53.9,15963.0,40079.2,2374.5,7592.288,3202.433,70610.092,3197630:13;3197661:240;3197662:248;3197663:364;3197664:363;3197665:366;3197666:240;3197667:378;3197668:273
111498.1632,1788877799.3527,10,350.50,2478.81,2829.31,72.7,15960.8,40081.4,2374.5,7593.200,3202.464,70610.092,3197630:13;3197661:240;3197662:247;3197663:364;3197664:363;3197665:362;3197666:240;3197667:378;3197668:272
111498.2730,1788877799.4626,10,350.50,2480.03,2830.53,54.6,15960.8,40081.4,2374.5,7593.631,3202.480,70610.092,3197630:13;3197661:240;3197662:247;3197663:364;3197664:363;3197665:362;3197666:241;3197667:378;3197668:272
111498.3829,1788877799.5724,10,350.50,2481.07,2831.57,27.0,15960.8,40081.4,2374.5,7594.424,3202.506,70610.092,3197630:13;3197661:240;3197662:247;3197663:364;3197664:363;3197665:362;3197666:241;3197667:378;3197668:272
111498.4943,1788877799.6839,10,350.50,2483.01,2833.51,153.1,15963.2,40079.0,2374.5,7595.812,3202.549,70610.092,3197630:13;3197661:240;3197662:248;3197663:367;3197664:363;3197665:362;3197666:239;3197667:378;3197668:272
111498.6050,1788877799.7946,10,350.62,2484.14,2834.77,73.4,15959.7,40082.5,2374.5,7596.682,3202.576,70610.092,3197630:13;3197661:240;3197662:248;3197663:367;3197664:363;3197665:365;3197666:237;3197667:378;3197668:272
111498.7143,1788877799.9039,10,350.62,2489.57,2840.19,63.3,15953.3,40088.9,2374.5,7597.122,3202.597,70610.092,3197630:13;3197661:241;3197662:248;3197663:367;3197664:369;3197665:365;3197666:236;3197667:378;3197668:272
111498.8250,1788877800.0145,10,350.62,2485.68,2836.30,36.4,15950.2,40092.0,2374.5,7597.958,3202.627,70610.092,3197630:13;3197661:241;3197662:248;3197663:367;3197664:365;3197665:365;3197666:236;3197667:378;3197668:272
111498.9349,1788877800.1244,10,350.62,2485.89,2836.52,26.7,15949.9,40092.3,2374.5,7598.398,3202.642,70610.092,3197630:13;3197661:241;3197662:248;3197663:367;3197664:365;3197665:365;3197666:236;3197667:378;3197668:273
111499.0470,1788877800.2365,10,350.75,2488.40,2839.15,91.6,15952.0,40090.2,2374.5,7599.203,3202.667,70610.092,3197630:13;3197661:241;3197662:248;3197663:371;3197664:365;3197665:365;3197666:235;3197667:378;3197668:273
111499.1560,1788877800.3456,10,350.75,2489.45,2840.20,27.3,15954.2,40088.0,2374.5,7599.669,3202.680,70610.146,3197630:13;3197661:241;3197662:248;3197663:371;3197664:365;3197665:365;3197666:235;3197667:378;3197668:273
111499.2657,1788877800.4552,10,350.75,2490.08,2840.83,35.2,15954.1,40088.1,2374.5,7600.563,3202.712,70610.150,3197630:13;3197661:242;3197662:248;3197663:371;3197664:365;3197665:365;3197666:235;3197667:378;3197668:273
111499.3816,1788877800.5711,10,350.75,2491.01,2841.76,53.9,15954.6,40087.6,2374.5,7601.075,3202.728,70610.150,3197630:13;3197661:243;3197662:248;3197663:371;3197664:365;3197665:365;3197666:236;3197667:378;3197668:273
111499.4915,1788877800.6810,10,350.75,2491.23,2841.98,53.8,15955.1,40087.1,2374.5,7601.884,3202.755,70610.150,3197630:13;3197661:243;3197662:249;3197663:371;3197664:365;3197665:365;3197666:236;3197667:378;3197668:272
111499.6031,1788877800.7927,10,350.75,2491.08,2841.83,18.2,15955.1,40087.1,2374.5,7602.698,3202.785,70610.150,3197630:13;3197661:243;3197662:249;3197663:371;3197664:365;3197665:365;3197666:235;3197667:378;3197668:272
111499.7130,1788877800.9026,10,350.75,2491.62,2842.37,18.2,15955.1,40087.1,2374.5,7603.471,3202.805,70610.150,3197630:13;3197661:243;3197662:249;3197663:371;3197664:365;3197665:365;3197666:235;3197667:378;3197668:273
111499.8226,1788877801.0121,10,350.75,2492.18,2842.93,118.3,15957.2,40085.1,2374.5,7603.971,3202.824,70610.150,3197630:13;3197661:241;3197662:248;3197663:371;3197664:365;3197665:365;3197666:235;3197667:381;3197668:273
111499.9326,1788877801.1221,10,350.75,2494.00,2844.75,54.7,15958.5,40083.7,2374.5,7604.787,3202.850,70610.150,3197630:13;3197661:241;3197662:247;3197663:371;3197664:365;3197665:368;3197666:235;3197667:381;3197668:272
111500.0421,1788877801.2316,10,350.75,2494.92,2845.67,18.1,15958.5,40083.7,2374.5,7605.292,3202.868,70610.150,3197630:13;3197661:241;3197662:247;3197663:371;3197664:365;3197665:368;3197666:236;3197667:381;3197668:272
111500.1527,1788877801.3423,10,350.75,2496.19,2846.94,54.8,15970.0,40072.2,2374.5,7606.031,3202.888,70610.150,3197630:13;3197661:239;3197662:247;3197663:374;3197664:365;3197665:368;3197666:236;3197667:381;3197668:272
111500.2626,1788877801.4521,10,350.75,2497.27,2848.02,54.7,15970.0,40072.2,2374.5,7606.545,3202.906,70610.150,3197630:13;3197661:240;3197662:248;3197663:374;3197664:365;3197665:368;3197666:237;3197667:381;3197668:272
111500.3723,1788877801.5618,10,350.75,2497.92,2848.67,9.1,15970.0,40072.2,2374.5,7607.310,3202.933,70610.150,3197630:13;3197661:240;3197662:248;3197663:374;3197664:365;3197665:368;3197666:237;3197667:381;3197668:272
111500.4821,1788877801.6717,10,350.88,2499.80,2850.68,45.5,15970.0,40072.2,2374.5,7607.827,3202.948,70610.150,3197630:13;3197661:240;3197662:248;3197663:374;3197664:366;3197665:368;3197666:238;3197667:381;3197668:272
111500.5917,1788877801.7813,10,350.88,2500.23,2851.11,54.2,15970.0,40072.2,2374.5,7608.617,3202.974,70610.150,3197630:13;3197661:240;3197662:248;3197663:374;3197664:366;3197665:368;3197666:239;3197667:381;3197668:272
111500.7026,1788877801.8921,10,350.88,2501.36,2852.23,36.3,15970.0,40072.2,2374.5,7609.211,3202.991,70610.150,3197630:13;3197661:240;3197662:248;3197663:374;3197664:366;3197665:368;3197666:239;3197667:381;3197668:272
111500.8126,1788877802.0022,10,350.88,2503.18,2854.05,45.5,15970.0,40072.2,2374.5,7610.319,3203.027,70610.150,3197630:13;3197661:240;3197662:249;3197663:374;3197664:366;3197665:368;3197666:240;3197667:381;3197668:272
111500.9228,1788877802.1123,10,350.88,2505.75,2856.63,191.1,15974.6,40067.6,2374.5,7611.523,3203.069,70610.150,3197630:13;3197661:240;3197662:248;3197663:374;3197664:369;3197665:368;3197666:239;3197667:384;3197668:272
111501.0324,1788877802.2219,10,351.00,2505.61,2856.61,117.0,15979.9,40062.4,2374.5,7612.313,3203.096,70610.150,3197630:13;3197661:240;3197662:247;3197663:374;3197664:369;3197665:371;3197666:238;3197667:384;3197668:271
111501.1435,1788877802.3331,10,351.00,2506.15,2857.15,36.4,15980.2,40062.0,2374.5,7612.934,3203.122,70610.150,3197630:13;3197661:241;3197662:247;3197663:374;3197664:369;3197665:371;3197666:238;3197667:384;3197668:271
111501.2536,1788877802.4431,10,351.00,2506.38,2857.38,81.5,15982.7,40059.5,2374.5,7613.737,3203.152,70610.150,3197630:13;3197661:238;3197662:247;3197663:374;3197664:369;3197665:371;3197666:238;3197667:387;3197668:271
111501.3642,1788877802.5538,10,351.00,2508.81,2859.81,127.7,15982.8,40059.5,2374.5,7614.313,3203.168,70610.150,3197630:13;3197661:238;3197662:247;3197663:377;3197664:372;3197665:371;3197666:235;3197667:387;3197668:269
111501.4735,1788877802.6630,10,351.00,2509.87,2860.87,18.4,15982.7,40059.6,2374.5,7615.099,3203.192,70610.150,3197630:13;3197661:238;3197662:247;3197663:377;3197664:372;3197665:371;3197666:236;3197667:387;3197668:269
111501.5826,1788877802.7722,10,351.00,2510.91,2861.91,18.4,15982.7,40059.6,2374.5,7615.671,3203.206,70610.150,3197630:13;3197661:238;3197662:247;3197663:377;3197664:372;3197665:371;3197666:236;3197667:387;3197668:269
111501.6918,1788877802.8814,10,351.12,2512.86,2863.99,99.7,15981.7,40060.6,2374.5,7616.448,3203.229,70610.150,3197630:13;3197661:238;3197662:247;3197663:377;3197664:375;3197665:371;3197666:235;3197667:387;3197668:270
111501.8022,1788877802.9917,10,351.12,2512.75,2863.88,27.0,15981.7,40060.6,2374.5,7616.931,3203.246,70610.150,3197630:13;3197661:238;3197662:247;3197663:377;3197664:375;3197665:371;3197666:235;3197667:387;3197668:270
111501.9130,1788877803.1026,10,351.12,2513.84,2864.97,81.2,15981.9,40060.3,2374.5,7617.716,3203.273,70610.150,3197630:13;3197661:238;3197662:247;3197663:377;3197664:375;3197665:371;3197666:235;3197667:387;3197668:270
111502.0234,1788877803.2129,10,351.12,2514.44,2865.56,36.7,15981.9,40060.3,2374.5,7618.383,3203.292,70610.150,3197630:13;3197661:238;3197662:247;3197663:377;3197664:375;3197665:371;3197666:235;3197667:387;3197668:270
111502.1328,1788877803.3224,10,351.12,2515.13,2866.25,36.5,15981.9,40060.3,2374.5,7619.199,3203.323,70610.150,3197630:13;3197661:239;3197662:247;3197663:377;3197664:375;3197665:371;3197666:235;3197667:387;3197668:271
111502.2422,1788877803.4317,10,351.12,2515.43,2866.55,18.0,15981.9,40060.3,2374.5,7619.777,3203.339,70610.150,3197630:13;3197661:239;3197662:247;3197663:377;3197664:375;3197665:371;3197666:235;3197667:387;3197668:271
111502.3545,1788877803.5440,10,351.38,2517.11,2868.48,81.5,15982.2,40060.0,2374.5,7620.561,3203.362,70610.150,3197630:13;3197661:239;3197662:247;3197663:377;3197664:377;3197665:371;3197666:235;3197667:387;3197668:272
111502.4639,1788877803.6534,10,351.38,2518.14,2869.52,72.8,15982.2,40060.0,2374.5,7621.095,3203.384,70610.150,3197630:13;3197661:239;3197662:247;3197663:377;3197664:377;3197665:371;3197666:235;3197667:387;3197668:272
111502.5743,1788877803.7638,10,351.50,2520.04,2871.54,54.0,15979.9,40062.3,2374.5,7621.870,3203.412,70610.150,3197630:13;3197661:240;3197662:248;3197663:377;3197664:377;3197665:371;3197666:235;3197667:387;3197668:272
111502.6847,1788877803.8742,10,351.50,2520.36,2871.86,18.2,15979.9,40062.3,2374.5,7622.466,3203.431,70610.150,3197630:13;3197661:240;3197662:247;3197663:377;3197664:377;3197665:371;3197666:236;3197667:387;3197668:272
111502.7948,1788877803.9843,10,351.50,2521.42,2872.92,36.4,15979.9,40062.3,2374.5,7623.255,3203.465,70610.150,3197630:13;3197661:240;3197662:248;3197663:377;3197664:377;3197665:371;3197666:236;3197667:387;3197668:273
111502.9050,1788877804.0946,10,351.50,2522.14,2873.64,45.1,15979.4,40062.9,2374.5,7624.485,3203.502,70610.150,3197630:13;3197661:240;3197662:248;3197663:377;3197664:377;3197665:371;3197666:236;3197667:387;3197668:273
111503.0160,1788877804.2056,10,351.50,2522.06,2873.56,45.5,15979.6,40062.6,2374.5,7625.237,3203.527,70610.150,3197630:13;3197661:240;3197662:248;3197663:377;3197664:377;3197665:371;3197666:235;3197667:387;3197668:273
111503.1250,1788877804.3146,10,351.50,2522.61,2874.11,91.0,15986.9,40055.3,2374.5,7625.825,3203.544,70610.150,3197630:13;3197661:240;3197662:248;3197663:377;3197664:377;3197665:374;3197666:235;3197667:387;3197668:272
111503.2351,1788877804.4246,10,351.50,2523.83,2875.33,128.0,15992.6,40049.6,2374.5,7626.606,3203.572,70610.150,3197630:13;3197661:240;3197662:248;3197663:377;3197664:377;3197665:374;3197666:235;3197667:390;3197668:270
111503.3442,1788877804.5337,10,351.50,2525.22,2876.72,81.4,16000.4,40041.8,2374.5,7627.159,3203.597,70610.150,3197630:13;3197661:241;3197662:248;3197663:380;3197664:377;3197665:374;3197666:235;3197667:390;3197668:268
111503.4550,1788877804.6445,10,351.50,2526.45,2877.95,35.9,16001.7,40040.6,2374.5,7627.895,3203.619,70610.150,3197630:13;3197661:241;3197662:248;3197663:380;3197664:377;3197665:374;3197666:236;3197667:390;3197668:268
111503.5667,1788877804.7562,10,351.50,2529.92,2881.42,154.0,16013.7,40028.6,2374.5,7628.444,3203.640,70610.150,3197630:13;3197661:241;3197662:248;3197663:380;3197664:377;3197665:377;3197666:236;3197667:390;3197668:268
111503.6768,1788877804.8664,10,351.50,2531.38,2882.88,98.1,16013.7,40028.6,2374.5,7629.172,3203.672,70610.150,3197630:13;3197661:242;3197662:248;3197663:380;3197664:377;3197665:377;3197666:236;3197667:390;3197668:268
111503.7893,1788877804.9789,10,351.50,2537.70,2889.20,63.3,16018.2,40024.0,2374.5,7630.118,3203.698,70610.150,3197630:13;3197661:242;3197662:248;3197663:387;3197664:377;3197665:377;3197666:236;3197667:390;3197668:267
111503.9000,1788877805.0896,10,351.50,2532.76,2884.26,36.5,16015.2,40027.0,2374.5,7630.808,3203.723,70610.150,3197630:13;3197661:242;3197662:248;3197663:382;3197664:377;3197665:377;3197666:236;3197667:390;3197668:266
111504.0092,1788877805.1988,10,351.50,2533.63,2885.13,9.1,16016.2,40026.0,2374.5,7631.448,3203.738,70610.150,3197630:13;3197661:242;3197662:249;3197663:382;3197664:377;3197665:377;3197666:237;3197667:390;3197668:267
111504.1198,1788877805.3094,10,351.50,2533.91,2885.41,27.0,16016.4,40025.8,2374.5,7632.172,3203.758,70610.150,3197630:13;3197661:243;3197662:249;3197663:382;3197664:377;3197665:377;3197666:237;3197667:390;3197668:266
111504.2310,1788877805.4206,10,351.75,2540.03,2891.78,126.0,16020.8,40021.4,2374.5,7632.886,3203.786,70610.150,3197630:13;3197661:243;3197662:249;3197663:382;3197664:385;3197665:377;3197666:236;3197667:390;3197668:264
111504.3420,1788877805.5316,10,351.75,2536.84,2888.59,100.7,16020.4,40021.9,2374.5,7633.561,3203.819,70610.150,3197630:13;3197661:243;3197662:249;3197663:382;3197664:381;3197665:377;3197666:237;3197667:390;3197668:265
111504.4510,1788877805.6406,10,351.75,2538.39,2890.14,128.3,16026.2,40016.1,2374.5,7634.393,3203.848,70610.150,3197630:13;3197661:243;3197662:249;3197663:382;3197664:383;3197665:377;3197666:236;3197667:390;3197668:265
111504.5609,1788877805.7504,10,351.75,2540.10,2891.85,64.0,16026.1,40016.1,2374.5,7635.104,3203.876,70610.150,3197630:13;3197661:243;3197662:250;3197663:382;3197664:383;3197665:377;3197666:236;3197667:390;3197668:266
111504.6698,1788877805.8593,10,351.75,2541.00,2892.75,18.0,16026.9,40015.4,2374.5,7635.820,3203.904,70610.150,3197630:13;3197661:244;3197662:250;3197663:382;3197664:383;3197665:377;3197666:236;3197667:390;3197668:266
111504.7807,1788877805.9702,10,351.75,2542.10,2893.85,54.6,16027.9,40014.4,2374.5,7636.998,3203.945,70610.150,3197630:13;3197661:243;3197662:250;3197663:382;3197664:383;3197665:377;3197666:237;3197667:390;3197668:267
111504.8905,1788877806.0801,10,351.75,2543.34,2895.09,53.7,16026.7,40015.5,2374.5,7638.369,3203.990,70610.150,3197630:13;3197661:243;3197662:250;3197663:382;3197664:383;3197665:377;3197666:237;3197667:390;3197668:267
111505.0024,1788877806.1919,10,351.75,2543.27,2895.02,27.4,16026.6,40015.6,2374.5,7639.020,3204.009,70610.154,3197630:13;3197661:244;3197662:250;3197663:382;3197664:383;3197665:377;3197666:237;3197667:390;3197668:267
111505.1117,1788877806.3012,10,351.75,2544.20,2895.95,63.8,16026.6,40015.6,2374.5,7639.731,3204.037,70610.154,3197630:13;3197661:244;3197662:250;3197663:382;3197664:383;3197665:377;3197666:238;3197667:390;3197668:267
111505.2214,1788877806.4110,10,351.75,2545.08,2896.83,27.3,16026.9,40015.4,2374.5,7640.418,3204.059,70610.154,3197630:13;3197661:244;3197662:250;3197663:382;3197664:383;3197665:377;3197666:238;3197667:390;3197668:267
111505.3320,1788877806.5216,10,351.75,2546.24,2897.99,54.4,16027.1,40015.1,2374.5,7641.595,3204.098,70610.154,3197630:13;3197661:244;3197662:251;3197663:382;3197664:383;3197665:377;3197666:238;3197667:390;3197668:268
111505.4423,1788877806.6318,10,351.75,2546.59,2898.34,63.8,16031.8,40010.4,2374.5,7642.267,3204.117,70610.154,3197630:13;3197661:244;3197662:250;3197663:382;3197664:384;3197665:377;3197666:238;3197667:390;3197668:268
111505.5522,1788877806.7417,10,351.75,2547.12,2898.87,35.5,16031.8,40010.4,2374.5,7643.042,3204.144,70610.154,3197630:13;3197661:244;3197662:251;3197663:382;3197664:384;3197665:377;3197666:238;3197667:390;3197668:268
111505.6652,1788877806.8547,10,351.75,2547.97,2899.72,72.2,16040.0,40002.2,2374.5,7643.688,3204.168,70610.154,3197630:13;3197661:242;3197662:251;3197663:381;3197664:384;3197665:377;3197666:238;3197667:393;3197668:268
111505.7765,1788877806.9660,10,351.75,2548.94,2900.69,26.8,16040.0,40002.2,2374.5,7644.507,3204.188,70610.154,3197630:13;3197661:243;3197662:251;3197663:381;3197664:384;3197665:377;3197666:238;3197667:393;3197668:268
111505.8877,1788877807.0772,10,351.75,2548.73,2900.48,45.0,16039.2,40003.0,2374.5,7645.109,3204.208,70610.154,3197630:13;3197661:243;3197662:251;3197663:381;3197664:384;3197665:377;3197666:238;3197667:393;3197668:268
111505.9983,1788877807.1879,10,351.75,2548.96,2900.71,27.0,16039.2,40003.0,2374.5,7646.046,3204.230,70610.154,3197630:13;3197661:243;3197662:251;3197663:381;3197664:384;3197665:377;3197666:238;3197667:393;3197668:268
111506.1109,1788877807.3004,10,351.75,2549.21,2900.96,18.0,16039.2,40003.0,2374.5,7646.616,3204.247,70610.154,3197630:13;3197661:243;3197662:251;3197663:381;3197664:384;3197665:377;3197666:238;3197667:393;3197668:268
111506.2210,1788877807.4105,10,351.75,2550.92,2902.67,54.7,16039.7,40002.5,2374.5,7647.338,3204.271,70610.154,3197630:13;3197661:243;3197662:252;3197663:381;3197664:384;3197665:377;3197666:239;3197667:393;3197668:269
111506.3308,1788877807.5203,10,351.75,2551.61,2903.36,81.9,16046.1,39996.1,2374.5,7647.916,3204.290,70610.154,3197630:13;3197661:243;3197662:252;3197663:384;3197664:384;3197665:377;3197666:239;3197667:393;3197668:266
111506.4407,1788877807.6302,10,351.75,2557.32,2909.07,125.4,16052.5,39989.8,2374.5,7648.722,3204.316,70610.154,3197630:13;3197661:241;3197662:252;3197663:384;3197664:384;3197665:381;3197666:239;3197667:396;3197668:266
111506.5520,1788877807.7416,10,351.75,2555.52,2907.27,127.2,16049.8,39992.5,2374.5,7649.334,3204.339,70610.154,3197630:13;3197661:239;3197662:249;3197663:388;3197664:384;3197665:380;3197666:239;3197667:397;3197668:266
111506.6625,1788877807.8520,10,351.75,2557.45,2909.20,63.1,16050.2,39992.0,2374.5,7650.109,3204.366,70610.154,3197630:13;3197661:239;3197662:249;3197663:388;3197664:384;3197665:381;3197666:240;3197667:397;3197668:267
111506.7746,1788877807.9642,10,351.75,2556.86,2908.61,62.2,16047.4,39994.9,2374.5,7650.650,3204.387,70610.154,3197630:13;3197661:239;3197662:249;3197663:388;3197664:384;3197665:383;3197666:240;3197667:397;3197668:264
111506.8863,1788877808.0759,10,351.75,2558.03,2909.78,63.2,16045.2,39997.0,2374.5,7651.711,3204.426,70610.154,3197630:13;3197661:239;3197662:249;3197663:388;3197664:384;3197665:383;3197666:240;3197667:397;3197668:265
111506.9961,1788877808.1856,10,351.75,2567.62,2919.37,163.8,16052.5,39989.7,2374.5,7652.718,3204.459,70610.154,3197630:13;3197661:240;3197662:249;3197663:394;3197664:384;3197665:383;3197666:240;3197667:400;3197668:265
111507.1059,1788877808.2955,10,351.88,2563.62,2915.50,182.3,16054.6,39987.6,2374.5,7653.861,3204.499,70610.154,3197630:13;3197661:240;3197662:247;3197663:391;3197664:384;3197665:386;3197666:240;3197667:400;3197668:262
111507.2168,1788877808.4064,10,351.88,2564.04,2915.92,26.7,16054.9,39987.4,2374.5,7654.333,3204.519,70610.154,3197630:13;3197661:240;3197662:247;3197663:391;3197664:384;3197665:386;3197666:240;3197667:400;3197668:262
111507.3286,1788877808.5181,10,351.88,2565.14,2917.01,63.3,16055.1,39987.1,2374.5,7655.164,3204.551,70610.154,3197630:13;3197661:241;3197662:248;3197663:391;3197664:384;3197665:386;3197666:240;3197667:400;3197668:262
111507.4391,1788877808.6286,10,351.88,2565.42,2917.29,26.7,16055.1,39987.1,2374.5,7655.709,3204.571,70610.154,3197630:13;3197661:241;3197662:248;3197663:391;3197664:384;3197665:386;3197666:240;3197667:400;3197668:262
111507.5520,1788877808.7415,10,351.88,2567.69,2919.57,81.9,16056.0,39986.2,2374.5,7656.683,3204.603,70610.154,3197630:13;3197661:241;3197662:249;3197663:391;3197664:386;3197665:386;3197666:239;3197667:400;3197668:263
111507.6615,1788877808.8511,10,351.88,2567.95,2919.82,18.0,16056.0,39986.2,2374.5,7657.031,3204.617,70610.154,3197630:13;3197661:241;3197662:249;3197663:391;3197664:386;3197665:386;3197666:239;3197667:400;3197668:263
111507.7727,1788877808.9623,10,351.88,2574.00,2925.88,53.9,16060.4,39981.8,2374.5,7658.118,3204.660,70610.154,3197630:13;3197661:242;3197662:249;3197663:391;3197664:391;3197665:386;3197666:239;3197667:400;3197668:263
111507.8840,1788877809.0735,10,351.88,2571.62,2923.49,153.7,16054.3,39987.9,2374.5,7658.544,3204.676,70610.154,3197630:13;3197661:242;3197662:248;3197663:391;3197664:389;3197665:386;3197666:238;3197667:403;3197668:263
111507.9943,1788877809.1838,10,351.88,2573.26,2925.14,54.5,16055.3,39986.9,2374.5,7659.558,3204.719,70610.154,3197630:13;3197661:242;3197662:248;3197663:391;3197664:389;3197665:386;3197666:239;3197667:403;3197668:263
111508.1047,1788877809.2943,10,351.88,2572.76,2924.64,26.7,16056.1,39986.2,2374.5,7659.938,3204.730,70610.154,3197630:13;3197661:242;3197662:247;3197663:391;3197664:389;3197665:386;3197666:239;3197667:403;3197668:263
111508.2170,1788877809.4066,10,351.88,2573.32,2925.20,18.0,16056.1,39986.2,2374.5,7660.961,3204.758,70610.154,3197630:13;3197661:242;3197662:247;3197663:391;3197664:389;3197665:386;3197666:239;3197667:403;3197668:264
111508.3285,1788877809.5181,10,351.88,2573.65,2925.53,9.1,16056.1,39986.2,2374.5,7661.319,3204.771,70610.154,3197630:13;3197661:242;3197662:248;3197663:391;3197664:389;3197665:386;3197666:239;3197667:403;3197668:264
111508.4380,1788877809.6275,10,351.88,2575.10,2926.98,72.0,16056.3,39985.9,2374.5,7662.288,3204.803,70610.154,3197630:13;3197661:242;3197662:248;3197663:391;3197664:389;3197665:386;3197666:239;3197667:403;3197668:264
111508.5490,1788877809.7386,10,352.12,2576.92,2929.04,45.6,16053.1,39989.1,2374.5,7662.626,3204.817,70610.154,3197630:13;3197661:242;3197662:248;3197663:393;3197664:389;3197665:386;3197666:238;3197667:403;3197668:265
111508.6589,1788877809.8484,10,352.25,2578.39,2930.64,127.9,16059.7,39982.5,2374.5,7663.639,3204.856,70610.154,3197630:13;3197661:243;3197662:248;3197663:393;3197664:389;3197665:388;3197666:238;3197667:403;3197668:263
111508.7683,1788877809.9579,10,352.25,2579.43,2931.68,62.6,16060.2,39982.0,2374.5,7664.009,3204.872,70610.154,3197630:13;3197661:243;3197662:249;3197663:393;3197664:389;3197665:388;3197666:238;3197667:403;3197668:263
111508.8805,1788877810.0700,10,352.25,2584.89,2937.14,108.1,16055.6,39986.7,2374.5,7664.980,3204.902,70610.154,3197630:13;3197661:243;3197662:247;3197663:397;3197664:389;3197665:388;3197666:239;3197667:407;3197668:262
111508.9912,1788877810.1808,10,352.25,2582.32,2934.57,45.6,16054.5,39987.8,2374.5,7665.325,3204.916,70610.201,3197630:13;3197661:243;3197662:248;3197663:397;3197664:388;3197665:388;3197666:239;3197667:404;3197668:262
111509.1007,1788877810.2902,10,352.25,2586.04,2938.29,234.8,16058.0,39984.2,2374.5,7666.428,3204.964,70610.275,3197630:13;3197661:241;3197662:248;3197663:398;3197664:392;3197665:388;3197666:239;3197667:404;3197668:262
111509.2115,1788877810.4010,10,352.25,2586.67,2938.92,18.0,16058.0,39984.2,2374.5,7666.749,3204.977,70610.275,3197630:13;3197661:241;3197662:249;3197663:398;3197664:392;3197665:388;3197666:239;3197667:404;3197668:263
111509.3230,1788877810.5126,10,352.38,2588.81,2941.18,124.1,16064.9,39977.3,2374.5,7667.940,3205.018,70610.275,3197630:13;3197661:242;3197662:249;3197663:398;3197664:392;3197665:391;3197666:239;3197667:404;3197668:260
111509.4356,1788877810.6251,10,352.38,2590.08,2942.45,44.5,16074.2,39968.0,2374.5,7668.204,3205.028,70610.275,3197630:13;3197661:242;3197662:249;3197663:398;3197664:394;3197665:391;3197666:239;3197667:404;3197668:260
111509.5482,1788877810.7377,10,352.38,2594.99,2947.37,99.4,16083.1,39959.1,2374.5,7669.549,3205.071,70610.275,3197630:13;3197661:241;3197662:249;3197663:398;3197664:394;3197665:391;3197666:239;3197667:410;3197668:261
111509.6585,1788877810.8480,10,352.38,2592.89,2945.26,26.9,16080.5,39961.7,2374.5,7669.776,3205.077,70610.275,3197630:13;3197661:241;3197662:249;3197663:398;3197664:394;3197665:391;3197666:239;3197667:407;3197668:261
111509.7702,1788877810.9598,10,352.38,2592.53,2944.91,27.3,16080.5,39961.7,2374.5,7671.013,3205.112,70610.275,3197630:13;3197661:241;3197662:249;3197663:398;3197664:394;3197665:391;3197666:239;3197667:407;3197668:261
111509.8804,1788877811.0700,10,352.38,2592.91,2945.29,0.0,16079.1,39963.2,2374.5,7671.127,3205.118,70610.275,3197630:13;3197661:241;3197662:249;3197663:398;3197664:394;3197665:391;3197666:239;3197667:407;3197668:261
111509.9906,1788877811.1801,10,352.50,2595.90,2948.40,153.4,16082.6,39959.7,2374.5,7672.323,3205.158,70610.275,3197630:13;3197661:241;3197662:248;3197663:398;3197664:394;3197665:394;3197666:239;3197667:407;3197668:260
111510.1012,1788877811.2907,10,352.50,2596.87,2949.37,54.7,16082.9,39959.3,2374.5,7672.686,3205.175,70610.275,3197630:13;3197661:242;3197662:249;3197663:398;3197664:394;3197665:394;3197666:239;3197667:407;3197668:260
111510.2106,1788877811.4002,10,352.50,2598.13,2950.63,45.5,16082.9,39959.3,2374.5,7673.757,3205.205,70610.275,3197630:13;3197661:242;3197662:249;3197663:398;3197664:394;3197665:394;3197666:239;3197667:407;3197668:261
111510.3203,1788877811.5098,10,352.50,2598.45,2950.95,27.4,16081.4,39960.9,2374.5,7673.960,3205.213,70610.275,3197630:13;3197661:242;3197662:250;3197663:398;3197664:394;3197665:394;3197666:239;3197667:407;3197668:261
111510.4302,1788877811.6198,10,352.50,2599.32,2951.82,27.3,16082.3,39959.9,2374.5,7675.195,3205.250,70610.275,3197630:13;3197661:242;3197662:250;3197663:398;3197664:394;3197665:394;3197666:239;3197667:407;3197668:261
111510.5399,1788877811.7294,10,352.50,2599.59,2952.09,9.0,16082.6,39959.6,2374.5,7675.410,3205.259,70610.479,3197630:13;3197661:242;3197662:250;3197663:398;3197664:394;3197665:394;3197666:239;3197667:407;3197668:261
111510.6508,1788877811.8404,10,352.62,2602.00,2954.63,127.8,16090.8,39951.4,2374.5,7676.539,3205.290,70610.479,3197630:13;3197661:243;3197662:250;3197663:401;3197664:394;3197665:394;3197666:239;3197667:407;3197668:259
111510.7602,1788877811.9497,10,352.62,2601.92,2954.55,18.0,16090.6,39951.6,2374.5,7676.715,3205.296,70610.479,3197630:13;3197661:243;3197662:250;3197663:401;3197664:394;3197665:394;3197666:239;3197667:407;3197668:259
111510.8718,1788877812.0613,10,352.62,2603.53,2956.15,91.3,16092.4,39949.9,2374.5,7677.879,3205.333,70610.479,3197630:13;3197661:242;3197662:251;3197663:401;3197664:394;3197665:394;3197666:240;3197667:410;3197668:258
111510.9811,1788877812.1706,10,352.62,2603.79,2956.41,9.1,16091.9,39950.3,2374.5,7678.065,3205.339,70610.479,3197630:13;3197661:242;3197662:251;3197663:401;3197664:394;3197665:395;3197666:240;3197667:410;3197668:258
111511.0909,1788877812.2804,10,352.62,2606.48,2959.10,89.6,16095.8,39946.5,2374.5,7679.061,3205.373,70610.479,3197630:13;3197661:243;3197662:251;3197663:404;3197664:394;3197665:395;3197666:239;3197667:410;3197668:258
111511.2027,1788877812.3922,10,352.62,2605.63,2958.26,36.1,16095.7,39946.5,2374.5,7679.204,3205.382,70610.479,3197630:13;3197661:242;3197662:251;3197663:404;3197664:394;3197665:395;3197666:239;3197667:410;3197668:258
111511.3129,1788877812.5024,10,352.62,2607.62,2960.24,126.6,16100.2,39942.1,2374.5,7680.439,3205.421,70610.479,3197630:13;3197661:243;3197662:250;3197663:404;3197664:397;3197665:394;3197666:240;3197667:410;3197668:258
111511.4235,1788877812.6130,10,352.75,2607.97,2960.72,72.5,16098.5,39943.7,2374.5,7680.607,3205.429,70610.479,3197630:13;3197661:242;3197662:249;3197663:403;3197664:397;3197665:397;3197666:240;3197667:410;3197668:256
111511.5339,1788877812.7234,10,352.75,2609.29,2962.04,91.0,16098.5,39943.7,2374.5,7681.775,3205.469,70610.479,3197630:13;3197661:243;3197662:249;3197663:403;3197664:397;3197665:397;3197666:240;3197667:410;3197668:256
111511.6440,1788877812.8336,10,352.75,2609.29,2962.04,0.0,16098.5,39943.7,2374.5,7681.943,3205.474,70610.479,3197630:13;3197661:243;3197662:249;3197663:403;3197664:397;3197665:397;3197666:240;3197667:410;3197668:256
111511.7548,1788877812.9443,10,352.88,2612.14,2965.01,109.5,16102.8,39939.4,2374.5,7683.131,3205.512,70610.479,3197630:13;3197661:242;3197662:249;3197663:403;3197664:397;3197665:397;3197666:240;3197667:413;3197668:257
111511.8648,1788877813.0543,10,352.88,2612.52,2965.39,18.0,16100.8,39941.5,2374.5,7683.278,3205.520,70610.479,3197630:13;3197661:242;3197662:249;3197663:403;3197664:397;3197665:397;3197666:240;3197667:413;3197668:257
111511.9760,1788877813.1655,10,353.00,2615.15,2968.15,210.7,16094.5,39947.7,2374.5,7684.384,3205.564,70610.479,3197630:13;3197661:242;3197662:250;3197663:403;3197664:399;3197665:400;3197666:241;3197667:413;3197668:255
111512.0853,1788877813.2748,10,353.00,2616.13,2969.13,91.6,16095.1,39947.1,2374.5,7685.038,3205.586,70610.479,3197630:13;3197661:242;3197662:250;3197663:404;3197664:399;3197665:400;3197666:241;3197667:413;3197668:255
111512.1942,1788877813.3838,10,353.00,2618.78,2971.78,109.2,16108.2,39934.1,2374.5,7686.146,3205.620,70610.479,3197630:13;3197661:241;3197662:250;3197663:408;3197664:399;3197665:400;3197666:241;3197667:413;3197668:255
111512.3049,1788877813.4944,10,353.00,2618.82,2971.82,54.6,16106.0,39936.3,2374.5,7686.268,3205.630,70610.479,3197630:13;3197661:241;3197662:250;3197663:408;3197664:401;3197665:400;3197666:239;3197667:413;3197668:255
111512.4140,1788877813.6035,10,353.30,2621.03,2974.33,173.1,16108.6,39933.6,2374.5,7687.463,3205.677,70610.479,3197630:13;3197661:241;3197662:249;3197663:408;3197664:401;3197665:400;3197666:240;3197667:415;3197668:254
111512.5238,1788877813.7134,10,353.55,2616.41,2969.96,179.6,16106.3,39936.0,2374.5,7687.579,3205.686,70610.479,3197630:13;3197661:241;3197662:249;3197663:406;3197664:400;3197665:399;3197666:240;3197667:414;3197668:255
111512.6351,1788877813.8247,10,353.55,2617.43,2970.98,45.5,16106.3,39936.0,2374.5,7688.869,3205.725,70610.479,3197630:13;3197661:241;3197662:249;3197663:406;3197664:400;3197665:399;3197666:240;3197667:414;3197668:255
111512.7448,1788877813.9344,10,353.55,2617.56,2971.11,9.1,16106.3,39936.0,2374.5,7689.021,3205.731,70610.479,3197630:13;3197661:241;3197662:249;3197663:406;3197664:400;3197665:399;3197666:240;3197667:414;3197668:255
111512.8543,1788877814.0438,10,353.55,2620.31,2973.86,63.7,16106.3,39936.0,2374.5,7690.246,3205.773,70610.479,3197630:13;3197661:242;3197662:250;3197663:406;3197664:400;3197665:399;3197666:240;3197667:414;3197668:256
111512.9642,1788877814.1537,10,353.55,2620.31,2973.86,17.8,16106.0,39936.2,2374.5,7690.384,3205.779,70610.479,3197630:13;3197661:242;3197662:250;3197663:406;3197664:400;3197665:399;3197666:240;3197667:414;3197668:256
111513.0769,1788877814.2664,10,353.55,2622.13,2975.68,143.9,16106.5,39935.7,2374.5,7691.566,3205.826,70610.479,3197630:13;3197661:242;3197662:251;3197663:406;3197664:400;3197665:399;3197666:240;3197667:414;3197668:256
111513.1877,1788877814.3772,10,353.55,2622.38,2975.93,0.0,16106.5,39935.7,2374.5,7691.672,3205.831,70610.479,3197630:13;3197661:242;3197662:252;3197663:406;3197664:400;3197665:399;3197666:240;3197667:414;3197668:256
111513.2988,1788877814.4883,10,353.55,2623.90,2977.45,99.2,16108.4,39933.8,2374.5,7692.912,3205.867,70610.479,3197630:13;3197661:243;3197662:252;3197663:406;3197664:399;3197665:399;3197666:240;3197667:414;3197668:257
111513.4090,1788877814.5986,10,353.55,2623.82,2977.38,18.2,16108.7,39933.6,2374.5,7692.996,3205.874,70610.479,3197630:13;3197661:243;3197662:252;3197663:406;3197664:399;3197665:399;3197666:240;3197667:414;3197668:257
111513.5191,1788877814.7086,10,353.55,2627.19,2980.74,180.0,16113.7,39928.6,2374.5,7694.237,3205.929,70610.479,3197630:13;3197661:243;3197662:253;3197663:408;3197664:399;3197665:399;3197666:240;3197667:414;3197668:258
111513.6298,1788877814.8193,10,353.55,2627.13,2980.68,0.0,16113.7,39928.6,2374.5,7694.316,3205.933,70610.479,3197630:13;3197661:243;3197662:253;3197663:408;3197664:399;3197665:399;3197666:240;3197667:414;3197668:258
111513.7390,1788877814.9285,10,353.55,2627.54,2981.09,44.0,16113.7,39928.6,2374.5,7695.662,3205.975,70610.479,3197630:13;3197661:244;3197662:253;3197663:408;3197664:399;3197665:399;3197666:240;3197667:414;3197668:259
111513.8530,1788877815.0426,10,353.55,2627.67,2981.22,8.9,16113.7,39928.6,2374.5,7695.718,3205.978,70610.479,3197630:13;3197661:244;3197662:253;3197663:408;3197664:399;3197665:399;3197666:240;3197667:414;3197668:259
111513.9653,1788877815.1548,10,353.55,2629.09,2982.64,99.2,16113.5,39928.7,2374.5,7697.006,3206.016,70610.479,3197630:13;3197661:244;3197662:254;3197663:408;3197664:399;3197665:399;3197666:241;3197667:414;3197668:258
111514.0760,1788877815.2656,10,353.55,2629.09,2982.64,0.0,16117.0,39925.2,2374.5,7697.019,3206.016,70610.893,3197630:13;3197661:244;3197662:254;3197663:408;3197664:399;3197665:399;3197666:241;3197667:414;3197668:258
111514.1868,1788877815.3763,10,353.55,2629.57,2983.12,45.1,16153.2,39889.0,2374.5,7698.263,3206.058,70610.893,3197630:13;3197661:244;3197662:254;3197663:408;3197664:399;3197665:399;3197666:241;3197667:414;3197668:259
111514.2976,1788877815.4871,10,353.55,2629.57,2983.12,0.0,16146.0,39896.2,2374.5,7698.267,3206.062,70613.588,3197630:13;3197661:244;3197662:254;3197663:408;3197664:399;3197665:399;3197666:241;3197667:414;3197668:259
111514.4078,1788877815.5974,10,353.55,2631.03,2984.58,45.3,16209.4,39832.8,2374.5,7700.100,3206.686,70616.369,3197630:13;3197661:244;3197662:255;3197663:408;3197664:399;3197665:399;3197666:241;3197667:414;3197668:259
111514.5183,1788877815.7078,10,353.55,2631.03,2984.58,0.0,16249.1,39793.1,2374.5,7700.100,3206.689,70617.939,3197630:13;3197661:244;3197662:255;3197663:408;3197664:399;3197665:399;3197666:241;3197667:414;3197668:259
111514.6288,1788877815.8183,10,353.55,2633.79,2987.34,123.4,16326.5,39715.7,2374.5,7701.226,3207.061,70619.729,3197630:13;3197661:248;3197662:255;3197663:408;3197664:399;3197665:399;3197666:241;3197667:414;3197668:257
111514.7424,1788877815.9320,10,353.55,2634.52,2988.07,17.3,16483.1,39559.2,2374.5,7701.564,3207.109,70619.846,3197630:13;3197661:248;3197662:255;3197663:408;3197664:399;3197665:399;3197666:242;3197667:414;3197668:257
111514.8588,1788877816.0483,10,353.55,2635.18,2988.73,86.3,16573.1,39469.2,2374.5,7702.506,3207.347,70619.854,3197630:13;3197661:248;3197662:255;3197663:408;3197664:399;3197665:399;3197666:242;3197667:414;3197668:257
111514.9737,1788877816.1633,10,353.55,2636.10,2989.65,65.0,16746.5,39295.7,2374.5,7702.852,3207.363,70619.854,3197630:13;3197661:248;3197662:255;3197663:408;3197664:399;3197665:399;3197666:243;3197667:414;3197668:257
111515.0983,1788877816.2878,10,353.80,2637.91,2991.71,104.4,16707.8,39334.4,2374.5,7703.725,3207.391,70619.904,3197630:13;3197661:248;3197662:255;3197663:410;3197664:399;3197665:399;3197666:241;3197667:414;3197668:259
111515.2118,1788877816.4014,10,353.80,2637.63,2991.43,27.2,16757.4,39284.8,2374.5,7704.193,3207.404,70619.904,3197630:13;3197661:248;3197662:255;3197663:410;3197664:399;3197665:399;3197666:241;3197667:414;3197668:259
111515.3219,1788877816.5114,10,353.93,2638.81,2992.74,99.6,16781.1,39261.1,2374.5,7705.122,3207.433,70619.904,3197630:13;3197661:252;3197662:255;3197663:410;3197664:399;3197665:398;3197666:239;3197667:414;3197668:259
111515.4323,1788877816.6218,10,353.93,2639.34,2993.26,36.3,16818.8,39223.4,2374.5,7705.492,3207.447,70619.904,3197630:13;3197661:252;3197662:255;3197663:410;3197664:399;3197665:398;3197666:239;3197667:414;3197668:259
111515.5428,1788877816.7323,10,353.93,2639.87,2993.79,81.2,16850.8,39191.5,2374.5,7706.420,3207.480,70619.912,3197630:13;3197661:252;3197662:255;3197663:410;3197664:399;3197665:398;3197666:240;3197667:414;3197668:259
111515.6535,1788877816.8430,10,353.93,2640.42,2994.35,54.5,16904.7,39137.5,2374.5,7706.837,3207.495,70619.912,3197630:13;3197661:252;3197662:255;3197663:410;3197664:399;3197665:398;3197666:240;3197667:414;3197668:259
111515.7637,1788877816.9532,10,353.93,2641.18,2995.11,54.4,16930.3,39111.9,2374.5,7707.742,3207.528,70619.912,3197630:13;3197661:252;3197662:255;3197663:410;3197664:399;3197665:398;3197666:240;3197667:414;3197668:259
111515.8743,1788877817.0639,10,353.93,2646.15,3000.08,54.0,16928.0,39114.2,2374.5,7708.254,3207.544,70619.912,3197630:13;3197661:256;3197662:256;3197663:410;3197664:399;3197665:398;3197666:241;3197667:414;3197668:260
111515.9852,1788877817.1747,10,353.93,2642.81,2996.73,100.1,16923.9,39118.4,2374.5,7709.169,3207.581,70619.912,3197630:13;3197661:256;3197662:254;3197663:410;3197664:398;3197665:398;3197666:241;3197667:414;3197668:259
111516.0949,1788877817.2844,10,353.93,2643.57,2997.49,44.9,16923.9,39118.4,2374.5,7709.666,3207.598,70619.912,3197630:13;3197661:256;3197662:255;3197663:410;3197664:398;3197665:398;3197666:241;3197667:414;3197668:259
111516.2064,1788877817.3960,10,353.93,2643.82,2997.75,0.0,16923.9,39118.4,2374.5,7710.547,3207.625,70619.912,3197630:13;3197661:256;3197662:255;3197663:410;3197664:398;3197665:398;3197666:241;3197667:414;3197668:259
111516.3175,1788877817.5070,10,353.93,2644.09,2998.02,9.0,16924.1,39118.1,2374.5,7711.082,3207.648,70619.912,3197630:13;3197661:256;3197662:255;3197663:410;3197664:398;3197665:398;3197666:241;3197667:414;3197668:259
111516.4284,1788877817.6179,10,354.05,2645.77,2999.82,115.9,16956.1,39086.2,2374.5,7712.057,3207.680,70620.240,3197630:13;3197661:259;3197662:256;3197663:410;3197664:398;3197665:398;3197666:241;3197667:414;3197668:257
111516.5404,1788877817.7300,10,354.05,2646.12,3000.17,72.4,16951.6,39090.6,2374.5,7713.293,3207.723,70620.342,3197630:13;3197661:259;3197662:257;3197663:410;3197664:398;3197665:398;3197666:241;3197667:414;3197668:256
111516.6510,1788877817.8406,10,354.05,2646.70,3000.75,36.0,16937.0,39105.2,2374.5,7714.067,3207.751,70620.342,3197630:13;3197661:259;3197662:257;3197663:410;3197664:398;3197665:398;3197666:241;3197667:414;3197668:256
111516.7624,1788877817.9519,10,354.18,2648.27,3002.45,153.4,16935.7,39106.5,2374.5,7714.605,3207.772,70620.416,3197630:13;3197661:262;3197662:257;3197663:410;3197664:398;3197665:398;3197666:242;3197667:414;3197668:255
111516.8727,1788877818.0622,10,354.18,2648.83,3003.00,54.0,16929.1,39113.1,2374.5,7715.364,3207.802,70620.416,3197630:13;3197661:261;3197662:257;3197663:410;3197664:398;3197665:398;3197666:242;3197667:414;3197668:256
111516.9841,1788877818.1736,10,354.18,2649.59,3003.77,36.3,16922.3,39119.9,2374.5,7716.008,3207.822,70620.416,3197630:13;3197661:261;3197662:257;3197663:410;3197664:398;3197665:398;3197666:242;3197667:414;3197668:256
111517.0940,1788877818.2836,10,354.18,2651.15,3005.32,116.5,16928.0,39114.2,2374.5,7716.725,3207.850,70620.416,3197630:13;3197661:265;3197662:258;3197663:410;3197664:398;3197665:398;3197666:243;3197667:413;3197668:254
111517.2058,1788877818.3954,10,354.18,2652.99,3007.17,90.8,16925.8,39116.4,2374.5,7717.313,3207.867,70620.416,3197630:13;3197661:268;3197662:258;3197663:410;3197664:398;3197665:398;3197666:243;3197667:413;3197668:252
111517.3157,1788877818.5052,10,354.18,2653.73,3007.91,17.9,16926.2,39116.0,2374.5,7718.071,3207.889,70620.416,3197630:13;3197661:268;3197662:258;3197663:410;3197664:398;3197665:398;3197666:243;3197667:413;3197668:253
111517.4275,1788877818.6170,10,354.18,2654.07,3008.25,18.0,16941.9,39100.3,2374.5,7718.716,3207.910,70620.416,3197630:13;3197661:268;3197662:258;3197663:410;3197664:398;3197665:398;3197666:243;3197667:413;3197668:253
111517.5387,1788877818.7282,10,354.18,2655.48,3009.66,63.1,16932.7,39109.5,2374.5,7719.359,3207.932,70620.416,3197630:13;3197661:268;3197662:258;3197663:410;3197664:398;3197665:398;3197666:243;3197667:413;3197668:254
111517.6493,1788877818.8389,10,354.18,2655.81,3009.99,36.1,16933.4,39108.9,2374.5,7719.977,3207.946,70620.416,3197630:13;3197661:269;3197662:258;3197663:409;3197664:398;3197665:398;3197666:243;3197667:413;3197668:254
111517.7598,1788877818.9493,10,354.18,2657.11,3011.29,72.2,16915.5,39126.7,2374.5,7720.690,3207.963,70620.416,3197630:13;3197661:269;3197662:258;3197663:409;3197664:400;3197665:398;3197666:242;3197667:413;3197668:254
111517.8704,1788877819.0599,10,354.30,2667.02,3021.32,150.9,16918.4,39123.9,2374.5,7721.382,3207.986,70620.416,3197630:13;3197661:272;3197662:258;3197663:410;3197664:400;3197665:398;3197666:242;3197667:421;3197668:252
111517.9837,1788877819.1733,10,354.30,2660.32,3014.62,195.2,16917.2,39125.1,2374.5,7721.936,3208.010,70620.416,3197630:13;3197661:272;3197662:258;3197663:412;3197664:400;3197665:397;3197666:241;3197667:416;3197668:251
111518.0959,1788877819.2854,10,354.43,2662.45,3016.87,126.9,16920.2,39122.1,2374.5,7722.770,3208.035,70620.416,3197630:13;3197661:275;3197662:256;3197663:412;3197664:400;3197665:397;3197666:242;3197667:416;3197668:252
111518.2063,1788877819.3958,10,354.43,2663.04,3017.46,35.7,16920.4,39121.8,2374.5,7723.384,3208.059,70620.416,3197630:13;3197661:275;3197662:256;3197663:412;3197664:400;3197665:397;3197666:242;3197667:416;3197668:252
111518.3181,1788877819.5077,10,354.43,2663.95,3018.38,62.9,16920.4,39121.8,2374.5,7724.098,3208.082,70620.416,3197630:13;3197661:275;3197662:257;3197663:412;3197664:400;3197665:397;3197666:242;3197667:416;3197668:253
111518.4295,1788877819.6190,10,354.93,2647.57,3002.50,243.9,16920.7,39121.5,2374.5,7724.636,3208.100,70620.416,3197630:13;3197661:276;3197662:245;3197663:409;3197664:398;3197665:396;3197666:242;3197667:416;3197668:253
111518.5401,1788877819.7297,10,354.93,2648.97,3003.89,63.7,16920.7,39121.5,2374.5,7725.322,3208.122,70620.416,3197630:13;3197661:276;3197662:245;3197663:409;3197664:398;3197665:396;3197666:242;3197667:416;3197668:255
111518.6503,1788877819.8398,10,354.93,2650.12,3005.05,45.0,16920.7,39121.5,2374.5,7725.901,3208.141,70620.416,3197630:13;3197661:277;3197662:245;3197663:409;3197664:398;3197665:396;3197666:243;3197667:416;3197668:255
111518.7614,1788877819.9509,10,354.93,2650.29,3005.21,18.1,16920.7,39121.5,2374.5,7726.704,3208.158,70620.416,3197630:13;3197661:277;3197662:245;3197663:409;3197664:398;3197665:396;3197666:243;3197667:416;3197668:255
111518.8721,1788877820.0617,10,354.93,2650.02,3004.94,36.0,16920.3,39121.9,2374.5,7727.265,3208.173,70620.416,3197630:13;3197661:277;3197662:245;3197663:409;3197664:398;3197665:396;3197666:243;3197667:416;3197668:255
111518.9825,1788877820.1721,10,355.05,2650.55,3005.61,45.4,16919.8,39122.4,2374.5,7728.069,3208.200,70620.416,3197630:13;3197661:277;3197662:245;3197663:409;3197664:398;3197665:396;3197666:243;3197667:416;3197668:255
111519.0938,1788877820.2834,10,355.05,2650.68,3005.73,8.9,16919.3,39122.9,2374.5,7728.603,3208.216,70620.416,3197630:13;3197661:277;3197662:245;3197663:409;3197664:398;3197665:396;3197666:243;3197667:416;3197668:255
111519.2051,1788877820.3947,10,355.18,2652.03,3007.20,63.0,16914.5,39127.7,2374.5,7729.463,3208.236,70620.416,3197630:13;3197661:277;3197662:247;3197663:408;3197664:398;3197665:396;3197666:244;3197667:416;3197668:254
111519.3162,1788877820.5058,10,355.30,2648.78,3004.08,297.2,16903.7,39138.5,2374.5,7730.264,3208.253,70620.416,3197630:13;3197661:277;3197662:249;3197663:409;3197664:395;3197665:395;3197666:243;3197667:414;3197668:255
111519.4273,1788877820.6168,10,355.30,2648.69,3003.99,81.2,16903.0,39139.3,2374.5,7731.549,3208.286,70620.416,3197630:13;3197661:277;3197662:249;3197663:408;3197664:395;3197665:395;3197666:243;3197667:414;3197668:256
111519.5380,1788877820.7276,10,355.30,2648.94,3004.24,9.1,16903.0,39139.3,2374.5,7732.025,3208.295,70620.416,3197630:13;3197661:277;3197662:249;3197663:408;3197664:395;3197665:395;3197666:243;3197667:414;3197668:256
111519.6485,1788877820.8380,10,355.30,2649.41,3004.71,27.0,16903.2,39139.0,2374.5,7732.824,3208.318,70620.416,3197630:13;3197661:277;3197662:248;3197663:408;3197664:395;3197665:395;3197666:243;3197667:414;3197668:256
111519.7595,1788877820.9491,10,355.30,2649.24,3004.54,45.5,16905.6,39136.6,2374.5,7733.279,3208.329,70620.416,3197630:13;3197661:277;3197662:249;3197663:408;3197664:395;3197665:394;3197666:244;3197667:414;3197668:256
111519.8694,1788877821.0589,10,355.68,2643.64,2999.31,298.8,16895.6,39146.6,2374.5,7734.276,3208.360,70620.416,3197630:13;3197661:277;3197662:252;3197663:406;3197664:394;3197665:391;3197666:242;3197667:413;3197668:256
111519.9799,1788877821.1694,10,355.68,2644.15,2999.83,45.5,16895.6,39146.6,2374.5,7734.731,3208.372,70620.416,3197630:13;3197661:278;3197662:252;3197663:406;3197664:393;3197665:391;3197666:242;3197667:413;3197668:256
111520.0896,1788877821.2791,10,355.68,2644.41,3000.09,90.1,16890.7,39151.5,2374.5,7735.515,3208.393,70620.416,3197630:13;3197661:279;3197662:253;3197663:406;3197664:393;3197665:391;3197666:242;3197667:412;3197668:255
111520.2006,1788877821.3901,10,355.68,2644.86,3000.54,17.8,16890.8,39151.4,2374.5,7735.919,3208.407,70620.416,3197630:13;3197661:279;3197662:253;3197663:406;3197664:393;3197665:391;3197666:243;3197667:412;3197668:255
111520.3127,1788877821.5022,10,355.68,2645.40,3001.08,44.5,16890.8,39151.4,2374.5,7736.788,3208.433,70620.416,3197630:13;3197661:279;3197662:253;3197663:406;3197664:393;3197665:391;3197666:243;3197667:412;3197668:255
111520.4250,1788877821.6145,10,355.68,2646.02,3001.70,53.7,16888.2,39154.0,2374.5,7737.155,3208.443,70620.416,3197630:13;3197661:279;3197662:254;3197663:406;3197664:393;3197665:391;3197666:243;3197667:412;3197668:255
111520.5385,1788877821.7280,10,355.68,2655.68,3011.36,104.5,16888.3,39153.9,2374.5,7738.049,3208.465,70620.416,3197630:13;3197661:288;3197662:253;3197663:406;3197664:393;3197665:391;3197666:243;3197667:412;3197668:256
111520.6515,1788877821.8411,10,356.18,2795.50,3151.67,562.1,17104.8,38937.4,2374.5,7738.355,3208.472,70620.416,3197630:13;3197661:275;3197662:251;3197663:610;3197664:375;3197665:377;3197666:242;3197667:403;3197668:251
111520.7655,1788877821.9550,10,356.30,2887.63,3243.93,207.6,17173.3,38869.0,2374.5,7739.346,3208.497,70620.416,3197630:13;3197661:276;3197662:251;3197663:700;3197664:377;3197665:377;3197666:241;3197667:403;3197668:251
111520.8762,1788877822.0658,10,356.30,2930.21,3286.51,105.8,17199.5,38842.8,2374.5,7739.591,3208.503,70620.416,3197630:13;3197661:276;3197662:251;3197663:743;3197664:377;3197665:377;3197666:241;3197667:403;3197668:251
111520.9900,1788877822.1795,10,356.30,2929.46,3285.76,133.3,17238.9,38803.3,2374.5,7740.721,3208.529,70620.416,3197630:13;3197661:276;3197662:252;3197663:742;3197664:377;3197665:377;3197666:241;3197667:403;3197668:251
111521.1022,1788877822.2917,10,356.30,2578.50,2934.80,63.1,17024.9,39017.3,2374.5,7740.901,3208.534,70620.416,3197630:13;3197661:276;3197662:252;3197663:391;3197664:377;3197665:377;3197666:241;3197667:403;3197668:251
111521.2130,1788877822.4025,10,356.30,2654.25,3010.55,656.2,16977.2,39065.0,2374.5,7741.936,3208.555,70620.416,3197630:13;3197661:276;3197662:252;3197663:460;3197664:376;3197665:377;3197666:248;3197667:402;3197668:251
111521.3262,1788877822.5158,10,356.43,2801.54,3157.97,926.6,17149.5,38892.7,2374.5,7742.024,3208.557,70620.416,3197630:13;3197661:270;3197662:243;3197663:534;3197664:362;3197665:508;3197666:240;3197667:384;3197668:248
111521.4440,1788877822.6336,10,356.43,3050.15,3406.57,244.4,17409.3,38632.9,2374.5,7743.211,3208.578,70620.416,3197630:13;3197661:263;3197662:238;3197663:678;3197664:341;3197665:667;3197666:237;3197667:365;3197668:247
111521.5582,1788877822.7478,10,356.43,3239.60,3596.03,969.0,17452.5,38589.8,2374.5,7743.554,3208.583,70620.416,3197630:13;3197661:263;3197662:238;3197663:727;3197664:341;3197665:751;3197666:240;3197667:420;3197668:247
111521.6877,1788877822.8772,10,356.68,3272.68,3629.36,446.6,17553.8,38488.4,2374.5,7744.143,3208.604,70620.416,3197630:13;3197661:262;3197662:238;3197663:756;3197664:325;3197665:773;3197666:237;3197667:419;3197668:250
111521.8080,1788877822.9976,10,356.68,3303.46,3660.13,210.4,17579.6,38462.6,2374.5,7744.435,3208.613,70620.541,3197630:13;3197661:262;3197662:238;3197663:770;3197664:325;3197665:789;3197666:237;3197667:419;3197668:250
111521.9269,1788877823.1165,10,356.68,3463.57,3820.25,889.1,17721.8,38320.5,2374.5,7744.761,3208.622,70620.541,3197630:13;3197661:265;3197662:239;3197663:711;3197664:342;3197665:818;3197666:248;3197667:571;3197668:257
111522.1225,1788877823.3121,10,356.68,3462.99,3819.67,1107.9,17723.5,38318.7,2374.5,7744.875,3208.628,70620.541,3197630:13;3197661:262;3197662:238;3197663:731;3197664:333;3197665:786;3197666:248;3197667:600;3197668:250
111522.3167,1788877823.5062,10,356.68,3511.79,3868.46,898.7,17781.2,38261.0,2374.5,7745.693,3208.639,70620.541,3197630:13;3197661:270;3197662:248;3197663:733;3197664:337;3197665:789;3197666:241;3197667:631;3197668:251
111522.5141,1788877823.7036,10,356.68,3553.73,3910.40,625.2,17810.8,38231.4,2374.5,7746.368,3208.648,70620.541,3197630:13;3197661:262;3197662:240;3197663:736;3197664:347;3197665:806;3197666:241;3197667:659;3197668:251
111522.6609,1788877823.8505,10,356.68,3654.02,4010.70,1089.1,17827.0,38215.2,2374.5,7746.371,3208.649,70620.604,3197630:13;3197661:263;3197662:240;3197663:763;3197664:368;3197665:810;3197666:241;3197667:706;3197668:251
111522.8428,1788877824.0323,10,356.68,3661.98,4018.65,965.7,17871.8,38170.4,2374.5,7746.374,3208.649,70620.604,3197630:13;3197661:263;3197662:240;3197663:773;3197664:367;3197665:814;3197666:241;3197667:700;3197668:251
111522.9845,1788877824.1740,10,356.68,3664.99,4021.67,468.8,17910.3,38131.9,2374.5,7746.729,3209.073,70620.604,3197630:13;3197661:263;3197662:240;3197663:738;3197664:367;3197665:833;3197666:241;3197667:719;3197668:251
111523.1268,1788877824.3163,10,356.68,3408.35,3765.02,497.2,17690.9,38351.3,2374.5,7746.734,3209.274,70620.604,3197630:13;3197661:263;3197662:240;3197663:462;3197664:367;3197665:845;3197666:241;3197667:727;3197668:251
111523.2613,1788877824.4508,10,356.80,3294.05,3650.86,951.5,17595.3,38447.0,2374.5,7746.738,3209.369,70620.604,3197630:13;3197661:262;3197662:240;3197663:367;3197664:382;3197665:789;3197666:242;3197667:749;3197668:250
111523.4241,1788877824.6137,10,356.80,3218.03,3574.83,1338.9,17498.3,38543.9,2374.5,7746.738,3209.369,70620.604,3197630:13;3197661:262;3197662:240;3197663:368;3197664:424;3197665:707;3197666:243;3197667:712;3197668:249
111523.6002,1788877824.7898,10,356.80,3110.46,3467.27,827.6,17382.6,38659.6,2374.5,7746.738,3209.369,70620.604,3197630:13;3197661:262;3197662:240;3197663:368;3197664:439;3197665:556;3197666:243;3197667:741;3197668:249
111523.7529,1788877824.9424,10,356.80,3241.24,3598.04,815.2,17491.1,38551.2,2374.5,7746.738,3209.369,70620.604,3197630:13;3197661:262;3197662:240;3197663:389;3197664:536;3197665:550;3197666:243;3197667:758;3197668:249
111523.9113,1788877825.1009,10,356.80,3223.58,3580.38,766.0,17541.0,38501.2,2374.5,7746.738,3209.369,70620.604,3197630:13;3197661:250;3197662:230;3197663:354;3197664:631;3197665:499;3197666:237;3197667:763;3197668:246
111524.0474,1788877825.2369,10,356.80,3279.58,3636.38,401.3,17619.6,38422.7,2374.5,7746.740,3209.370,70620.604,3197630:13;3197661:250;3197662:230;3197663:356;3197664:655;3197665:538;3197666:237;3197667:753;3197668:246
111524.1875,1788877825.3770,10,356.80,3168.48,3525.28,610.1,17554.4,38487.8,2374.5,7746.740,3209.370,70620.604,3197630:13;3197661:250;3197662:230;3197663:376;3197664:695;3197665:583;3197666:237;3197667:537;3197668:246
111524.3402,1788877825.5297,10,358.10,3268.45,3626.55,1162.8,17506.8,38535.4,2374.5,7746.740,3209.371,70620.604,3197630:13;3197661:250;3197662:230;3197663:425;3197664:732;3197665:587;3197666:237;3197667:549;3197668:246
111524.5023,1788877825.6919,10,358.10,3499.26,3857.36,752.2,17850.5,38191.7,2374.5,7746.740,3209.372,70620.604,3197630:13;3197661:239;3197662:227;3197663:516;3197664:804;3197665:602;3197666:231;3197667:634;3197668:235
111524.6576,1788877825.8471,10,358.10,3612.11,3970.21,422.0,17939.6,38102.6,2374.5,7746.752,3209.375,70620.713,3197630:13;3197661:239;3197662:227;3197663:558;3197664:844;3197665:610;3197666:231;3197667:656;3197668:235
111524.8008,1788877825.9904,10,358.10,3680.79,4038.89,448.6,17964.8,38077.5,2374.5,7746.752,3209.375,70620.721,3197630:13;3197661:239;3197662:227;3197663:602;3197664:852;3197665:582;3197666:231;3197667:700;3197668:235
111524.9484,1788877826.1379,10,358.10,3761.81,4119.91,542.1,18010.8,38031.5,2374.5,7746.754,3209.375,70620.721,3197630:13;3197661:239;3197662:227;3197663:636;3197664:856;3197665:560;3197666:231;3197667:765;3197668:235
111525.0985,1788877826.2880,10,358.10,3811.78,4169.88,473.4,18068.5,37973.7,2374.5,7746.765,3209.377,70620.721,3197630:13;3197661:239;3197662:227;3197663:665;3197664:861;3197665:565;3197666:231;3197667:777;3197668:235
111525.2478,1788877826.4373,10,358.10,3729.07,4087.17,457.1,18093.1,37949.1,2374.5,7746.765,3209.377,70620.721,3197630:13;3197661:237;3197662:224;3197663:694;3197664:750;3197665:571;3197666:227;3197667:785;3197668:228
111525.3973,1788877826.5868,10,358.10,3711.52,4069.62,416.9,18087.8,37954.4,2374.5,7746.772,3209.378,70620.721,3197630:13;3197661:237;3197662:224;3197663:701;3197664:756;3197665:523;3197666:227;3197667:803;3197668:228
111525.5377,1788877826.7272,10,358.10,3529.34,3887.45,420.5,18025.9,38016.3,2374.5,7746.778,3209.379,70620.721,3197630:13;3197661:237;3197662:224;3197663:704;3197664:767;3197665:318;3197666:227;3197667:811;3197668:228
111525.6780,1788877826.8676,10,358.10,3472.49,3830.59,315.6,17998.6,38043.6,2374.5,7746.778,3209.379,70620.721,3197630:13;3197661:237;3197662:224;3197663:712;3197664:773;3197665:239;3197666:227;3197667:819;3197668:228
111525.8170,1788877827.0065,10,358.10,3424.76,3782.86,321.9,17953.0,38089.2,2374.5,7746.779,3209.380,70620.721,3197630:13;3197661:237;3197662:224;3197663:657;3197664:781;3197665:239;3197666:227;3197667:819;3197668:228
111525.9577,1788877827.1472,10,358.10,3541.66,3899.76,424.4,18031.1,38011.1,2374.5,7746.780,3209.381,70620.721,3197630:13;3197661:237;3197662:224;3197663:682;3197664:911;3197665:239;3197666:227;3197667:782;3197668:228
111526.1087,1788877827.2982,10,358.10,3266.34,3624.44,408.8,17873.1,38169.1,2374.5,7746.794,3209.381,70620.721,3197630:13;3197661:237;3197662:224;3197663:688;3197664:612;3197665:239;3197666:227;3197667:799;3197668:228
111526.2555,1788877827.4450,10,358.10,3323.83,3681.93,307.0,17928.0,38114.2,2374.5,7746.794,3209.382,70620.721,3197630:13;3197661:237;3197662:224;3197663:694;3197664:655;3197665:239;3197666:227;3197667:807;3197668:228
111526.3950,1788877827.5845,10,358.10,3296.38,3654.48,328.0,17893.9,38148.4,2374.5,7746.802,3209.383,70620.721,3197630:13;3197661:237;3197662:224;3197663:702;3197664:612;3197665:239;3197666:227;3197667:815;3197668:228
111526.5407,1788877827.7302,10,358.10,3277.11,3635.21,325.6,17852.9,38189.3,2374.5,7746.807,3209.389,70620.721,3197630:13;3197661:237;3197662:224;3197663:670;3197664:615;3197665:239;3197666:227;3197667:824;3197668:228
111526.6797,1788877827.8692,10,358.10,2832.57,3190.67,305.2,17510.4,38531.8,2374.5,7747.384,3209.957,70620.779,3197630:13;3197661:237;3197662:224;3197663:248;3197664:638;3197665:239;3197666:227;3197667:778;3197668:228
111526.8201,1788877828.0097,10,358.10,2544.12,2902.23,219.2,17236.8,38805.5,2374.5,7747.385,3209.958,70620.779,3197630:13;3197661:237;3197662:224;3197663:248;3197664:646;3197665:239;3197666:227;3197667:483;3197668:228
111526.9467,1788877828.1363,10,358.10,2559.90,2918.00,232.5,17228.5,38813.8,2374.5,7747.394,3210.280,70620.779,3197630:13;3197661:237;3197662:224;3197663:248;3197664:660;3197665:239;3197666:227;3197667:485;3197668:228
111527.0707,1788877828.2603,10,358.93,2534.49,2893.43,250.5,17150.5,38891.7,2374.5,7747.400,3210.493,70620.779,3197630:13;3197661:227;3197662:222;3197663:229;3197664:640;3197665:221;3197666:226;3197667:529;3197668:228
111527.1900,1788877828.3796,10,358.93,2654.82,3013.75,195.5,17236.9,38805.3,2374.5,7747.403,3210.555,70620.779,3197630:13;3197661:227;3197662:222;3197663:229;3197664:653;3197665:221;3197666:226;3197667:636;3197668:228
111527.3075,1788877828.4970,10,459.18,2245.64,2704.82,296.3,17299.0,38743.2,2374.5,7747.412,3210.555,70620.779,3197630:13;3197661:227;3197662:222;3197663:229;3197664:459;3197665:221;3197666:226;3197667:420;3197668:228
111527.4256,1788877828.6152,10,545.26,2008.12,2553.38,129.8,17120.3,38921.9,2374.5,7747.412,3210.557,70620.779,3197630:13;3197661:227;3197662:222;3197663:229;3197664:222;3197665:221;3197666:226;3197667:420;3197668:228
111527.5409,1788877828.7305,10,583.16,2008.12,2591.28,97.8,17120.5,38921.7,2374.5,7747.413,3210.557,70620.779,3197630:13;3197661:227;3197662:222;3197663:229;3197664:222;3197665:221;3197666:226;3197667:420;3197668:228
111527.6537,1788877828.8433,10,495.83,2025.79,2521.62,309.3,17018.9,39023.3,2374.5,7747.413,3210.557,70620.779,3197630:13;3197661:227;3197662:222;3197663:247;3197664:222;3197665:222;3197666:226;3197667:420;3197668:228
111527.7666,1788877828.9561,10,506.94,2056.91,2563.85,223.0,17131.7,38910.5,2374.5,7747.416,3210.557,70620.779,3197630:13;3197661:227;3197662:222;3197663:289;3197664:218;3197665:218;3197666:226;3197667:417;3197668:228
111527.8788,1788877829.0683,10,494.72,2020.17,2514.89,151.8,17192.9,38849.3,2374.5,7747.416,3210.558,70620.779,3197630:13;3197661:227;3197662:222;3197663:252;3197664:218;3197665:218;3197666:226;3197667:417;3197668:228
111527.9904,1788877829.1799,10,659.67,2020.17,2679.84,127.4,17271.9,38770.3,2374.5,7747.416,3210.558,70620.779,3197630:13;3197661:227;3197662:222;3197663:252;3197664:218;3197665:218;3197666:226;3197667:417;3197668:228
111528.1001,1788877829.2897,10,617.95,1903.71,2521.66,144.7,17329.6,38712.6,2374.5,7747.416,3210.558,70620.779,3197630:13;3197661:227;3197662:222;3197663:235;3197664:218;3197665:218;3197666:226;3197667:317;3197668:228
111528.2107,1788877829.4002,10,589.61,1914.72,2504.33,208.4,17265.3,38776.9,2374.5,7747.429,3210.558,70620.779,3197630:13;3197661:228;3197662:223;3197663:237;3197664:220;3197665:220;3197666:227;3197667:319;3197668:228
111528.3212,1788877829.5107,10,598.66,1914.72,2513.38,118.1,17217.5,38824.7,2374.5,7779.117,3242.245,70620.779,3197630:13;3197661:228;3197662:223;3197663:237;3197664:220;3197665:220;3197666:227;3197667:319;3197668:228
111528.4312,1788877829.6207,10,653.91,1914.72,2568.63,99.7,17218.0,38824.2,2374.5,7779.120,3242.246,70620.779,3197630:13;3197661:228;3197662:223;3197663:237;3197664:220;3197665:220;3197666:227;3197667:319;3197668:228
111528.5415,1788877829.7311,10,701.03,1914.72,2615.75,99.7,17233.5,38808.7,2374.5,7779.120,3242.246,70620.779,3197630:13;3197661:228;3197662:223;3197663:237;3197664:220;3197665:220;3197666:227;3197667:319;3197668:228
111528.6519,1788877829.8415,10,679.72,1912.41,2592.13,126.3,17196.6,38845.6,2374.5,7781.189,3244.315,70620.779,3197630:13;3197661:227;3197662:223;3197663:237;3197664:220;3197665:219;3197666:227;3197667:319;3197668:228
111528.7644,1788877829.9540,10,677.64,1912.41,2590.05,98.2,17040.0,39002.3,2374.5,7781.203,3244.317,70620.779,3197630:13;3197661:227;3197662:223;3197663:237;3197664:220;3197665:219;3197666:227;3197667:319;3197668:228
111528.8747,1788877830.0642,10,678.84,1912.41,2591.25,100.1,17030.2,39012.0,2374.5,7781.204,3244.317,70620.779,3197630:13;3197661:227;3197662:223;3197663:237;3197664:220;3197665:219;3197666:227;3197667:319;3197668:228
111528.9846,1788877830.1741,10,678.84,1912.41,2591.25,127.0,17030.5,39011.8,2374.5,7781.204,3244.317,70620.779,3197630:13;3197661:227;3197662:223;3197663:237;3197664:220;3197665:219;3197666:227;3197667:319;3197668:228
111529.0949,1788877830.2844,10,678.84,1912.41,2591.25,100.1,17030.2,39012.0,2374.5,7781.204,3244.319,70620.779,3197630:13;3197661:227;3197662:223;3197663:237;3197664:220;3197665:219;3197666:227;3197667:319;3197668:228
111529.2048,1788877830.3943,10,665.88,1912.41,2578.29,108.9,17030.1,39012.1,2374.5,7781.205,3244.319,70620.779,3197630:13;3197661:227;3197662:223;3197663:237;3197664:220;3197665:219;3197666:227;3197667:319;3197668:228
111529.3153,1788877830.5049,10,572.50,1886.42,2458.92,299.9,16786.5,39255.7,2374.5,7781.235,3244.347,70620.779,3197630:13;3197661:226;3197662:222;3197663:229;3197664:215;3197665:216;3197666:226;3197667:313;3197668:227
111529.4284,1788877830.6180,10,572.50,1857.93,2430.43,763.9,16768.8,39273.4,2374.5,7781.235,3244.347,70620.779,3197630:13;3197661:226;3197662:222;3197663:223;3197664:213;3197665:214;3197666:226;3197667:295;3197668:227
111529.5426,1788877830.7321,7,572.50,13.00,585.50,181.2,15691.7,40350.5,2374.5,7781.240,3244.362,70620.779,3197630:13;3197667:0;3197668:0
