t_mono,t_wall,n_procs,client_rss_mb,workers_rss_mb,tree_rss_mb,tree_cpu_pct,sys_used_mb,sys_available_mb,swap_used_mb,net_recv_mb,net_sent_mb,disk_read_mb,workers
42.7647,1788885354.7880,2,23.00,12.23,35.23,0.0,1078.2,62175.3,0.0,154.418,0.472,302.499,1766:12
42.8682,1788885354.8916,2,23.00,12.23,35.23,0.0,1078.3,62175.2,0.0,154.418,0.472,302.499,1766:12
42.9718,1788885354.9952,2,23.23,12.23,35.46,0.0,1078.3,62175.2,0.0,154.418,0.472,302.499,1766:12
43.0754,1788885355.0988,2,36.56,12.23,48.79,106.3,1082.0,62171.4,0.0,154.418,0.472,302.499,1766:12
43.1788,1788885355.2022,2,39.50,12.23,51.73,96.7,1085.6,62167.9,0.0,154.418,0.472,302.554,1766:12
43.2830,1788885355.3064,2,52.35,12.23,64.58,395.1,1087.2,62166.3,0.0,154.418,0.472,302.698,1766:12
43.3913,1788885355.4147,2,55.56,12.23,67.79,1119.3,1090.7,62162.8,0.0,154.418,0.472,302.698,1766:12
43.4947,1788885355.5181,2,60.80,12.23,73.03,106.4,1096.1,62157.4,0.0,154.418,0.472,302.698,1766:12
43.5981,1788885355.6215,2,64.54,12.23,76.76,77.2,1095.4,62158.1,0.0,154.418,0.472,304.374,1766:12
43.7017,1788885355.7251,2,72.25,12.23,84.48,96.6,1102.8,62150.6,0.0,154.418,0.472,304.374,1766:12
43.8053,1788885355.8286,2,75.27,12.23,87.50,96.6,1102.9,62150.6,0.0,154.418,0.472,304.456,1766:12
43.9088,1788885355.9322,2,77.26,12.23,89.49,96.6,1105.8,62147.7,0.0,154.418,0.472,304.456,1766:12
44.0123,1788885356.0357,2,78.89,12.23,91.12,77.3,1105.2,62148.3,0.0,154.418,0.472,305.335,1766:12
44.1158,1788885356.1391,2,90.95,12.23,103.18,96.7,1110.8,62142.7,0.0,154.418,0.472,305.390,1766:12
44.2192,1788885356.2426,2,99.55,12.23,111.77,106.3,1122.1,62131.4,0.0,154.418,0.472,305.390,1766:12
44.3226,1788885356.3460,2,100.39,12.23,112.62,96.7,1121.7,62131.8,0.0,154.418,0.472,305.390,1766:12
44.4261,1788885356.4495,2,110.24,12.23,122.46,106.3,1133.0,62120.4,0.0,154.418,0.472,305.390,1766:12
44.5296,1788885356.5529,2,110.82,12.23,123.05,96.7,1132.7,62120.8,0.0,154.418,0.472,305.390,1766:12
44.6330,1788885356.6564,2,111.45,12.23,123.68,96.7,1132.8,62120.7,0.0,154.418,0.472,305.511,1766:12
44.7365,1788885356.7598,2,113.04,12.23,125.26,106.4,1132.4,62121.1,0.0,154.418,0.472,305.511,1766:12
44.8399,1788885356.8633,2,115.49,12.23,127.72,96.7,1132.3,62121.2,0.0,154.418,0.472,305.511,1766:12
44.9433,1788885356.9667,2,117.68,12.23,129.90,96.7,1135.7,62117.7,0.0,154.418,0.472,305.585,1766:12
45.0467,1788885357.0701,2,120.14,12.23,132.37,87.0,1137.1,62116.4,0.0,154.418,0.472,305.585,1766:12
45.1501,1788885357.1735,2,130.76,12.23,142.99,106.3,1150.0,62103.4,0.0,154.418,0.472,305.585,1766:12
45.2536,1788885357.2769,2,129.64,12.23,141.86,106.4,1150.1,62103.4,0.0,154.418,0.472,305.585,1766:12
45.3569,1788885357.3803,2,131.11,12.23,143.33,87.1,1150.1,62103.4,0.0,154.418,0.472,305.585,1766:12
45.4603,1788885357.4837,2,131.94,12.23,144.17,106.3,1150.1,62103.4,0.0,154.418,0.472,305.585,1766:12
45.5637,1788885357.5871,2,138.58,12.23,150.81,96.7,1149.1,62104.4,0.0,154.418,0.472,305.585,1766:12
45.6671,1788885357.6905,2,144.73,12.23,156.95,106.3,1150.7,62102.8,0.0,154.418,0.472,305.585,1766:12
45.7706,1788885357.7940,2,174.29,12.23,186.52,96.7,1159.8,62093.7,0.0,154.418,0.472,305.585,1766:12
45.8741,1788885357.8975,2,180.76,12.23,192.98,96.6,1159.4,62094.1,0.0,154.418,0.472,305.776,1766:12
45.9776,1788885358.0009,2,183.98,12.23,196.21,96.7,1162.7,62090.7,0.0,154.418,0.472,305.776,1766:12
46.0810,1788885358.1044,2,185.04,12.23,197.26,38.6,1162.6,62090.9,0.0,154.424,0.474,305.776,1766:12
46.1845,1788885358.2079,2,185.04,12.23,197.26,0.0,1162.6,62090.9,0.0,154.555,0.475,305.776,1766:12
46.2879,1788885358.3113,6,238.33,102.04,340.37,48.2,1219.5,62034.0,0.0,154.563,0.475,305.780,1766:12;1792:22;1793:22;1794:23;1795:22
46.4000,1788885358.4234,6,238.33,203.66,441.99,739.4,1262.4,61991.1,0.0,154.563,0.475,305.780,1766:12;1792:48;1793:48;1794:48;1795:48
46.5180,1788885358.5413,6,238.33,266.09,504.42,1103.8,1291.0,61962.5,0.0,154.563,0.475,305.780,1766:12;1792:64;1793:63;1794:63;1795:64
46.6219,1788885358.6453,6,238.33,343.77,582.10,423.3,1359.7,61893.8,0.0,154.563,0.475,305.780,1766:12;1792:83;1793:82;1794:83;1795:83
46.7258,1788885358.7492,6,238.33,397.44,635.77,394.8,1418.8,61834.6,0.0,154.563,0.475,305.780,1766:12;1792:96;1793:96;1794:96;1795:96
46.8297,1788885358.8531,6,242.41,420.22,662.62,221.3,1431.0,61822.5,0.0,154.564,0.476,305.780,1766:12;1792:102;1793:102;1794:102;1795:102
46.9337,1788885358.9571,6,242.41,420.22,662.62,9.6,1431.0,61822.5,0.0,154.570,0.477,305.780,1766:12;1792:102;1793:102;1794:102;1795:102
47.0375,1788885359.0609,6,243.08,420.22,663.30,48.2,1430.8,61822.6,0.0,154.570,0.478,305.780,1766:12;1792:102;1793:102;1794:102;1795:102
47.1413,1788885359.1647,6,243.81,420.22,664.03,19.2,1430.8,61822.7,0.0,154.581,0.479,305.800,1766:12;1792:102;1793:102;1794:102;1795:102
47.2453,1788885359.2686,6,244.61,420.22,664.83,9.6,1430.8,61822.7,0.0,154.591,0.480,305.800,1766:12;1792:102;1793:102;1794:102;1795:102
47.3492,1788885359.3726,6,245.43,420.22,665.65,9.6,1430.8,61822.7,0.0,154.602,0.480,305.800,1766:12;1792:102;1793:102;1794:102;1795:102
47.4532,1788885359.4765,6,246.23,420.22,666.45,9.6,1430.8,61822.7,0.0,154.612,0.481,305.800,1766:12;1792:102;1793:102;1794:102;1795:102
47.5571,1788885359.5804,6,247.06,420.22,667.28,9.6,1430.8,61822.7,0.0,154.623,0.482,305.800,1766:12;1792:102;1793:102;1794:102;1795:102
47.6610,1788885359.6844,6,247.88,420.22,668.09,19.2,1431.8,61821.7,0.0,154.633,0.483,305.800,1766:12;1792:102;1793:102;1794:102;1795:102
47.7649,1788885359.7883,6,248.70,420.22,668.92,9.6,1432.8,61820.7,0.0,154.644,0.484,305.800,1766:12;1792:102;1793:102;1794:102;1795:102
47.8689,1788885359.8923,6,249.52,420.23,669.76,9.6,1433.5,61820.0,0.0,154.654,0.484,305.800,1766:12;1792:102;1793:102;1794:102;1795:102
47.9730,1788885359.9964,6,251.14,420.23,671.38,19.2,1434.7,61818.7,0.0,154.675,0.486,305.800,1766:12;1792:102;1793:102;1794:102;1795:102
48.0769,1788885360.1003,6,251.96,420.23,672.20,9.6,1434.5,61818.9,0.0,154.686,0.487,305.800,1766:12;1792:102;1793:102;1794:102;1795:102
48.1808,1788885360.2042,6,252.77,420.23,673.00,9.6,1435.5,61817.9,0.0,154.696,0.488,305.800,1766:12;1792:102;1793:102;1794:102;1795:102
48.2847,1788885360.3081,6,253.59,420.23,673.82,19.2,1436.3,61817.2,0.0,154.707,0.488,305.800,1766:12;1792:102;1793:102;1794:102;1795:102
48.3886,1788885360.4120,6,254.40,420.23,674.63,9.6,1437.2,61816.2,0.0,154.717,0.489,305.800,1766:12;1792:102;1793:102;1794:102;1795:102
48.4925,1788885360.5159,6,255.50,420.23,675.74,19.3,1438.0,61815.5,0.0,154.738,0.490,305.800,1766:12;1792:102;1793:102;1794:102;1795:102
48.5964,1788885360.6198,6,256.99,420.23,677.23,28.9,1439.5,61814.0,0.0,154.749,0.491,305.800,1766:12;1792:102;1793:102;1794:102;1795:102
48.7003,1788885360.7237,6,256.84,420.23,677.07,38.5,1439.7,61813.8,0.0,154.749,0.492,305.800,1766:12;1792:102;1793:102;1794:102;1795:102
48.8043,1788885360.8277,6,257.58,420.24,677.82,9.6,1440.4,61813.0,0.0,154.759,0.492,305.800,1766:12;1792:102;1793:102;1794:102;1795:102
48.9082,1788885360.9315,6,258.40,420.24,678.64,9.6,1441.2,61812.3,0.0,154.770,0.493,305.800,1766:12;1792:102;1793:102;1794:102;1795:102
49.0119,1788885361.0353,6,259.21,420.24,679.45,9.6,1440.0,61813.5,0.0,154.780,0.494,305.800,1766:12;1792:102;1793:102;1794:102;1795:102
49.1158,1788885361.1391,6,260.02,420.24,680.26,9.6,1440.6,61812.9,0.0,154.791,0.495,305.800,1766:12;1792:102;1793:102;1794:102;1795:102
49.2195,1788885361.2429,6,260.83,420.24,681.07,9.6,1441.3,61812.1,0.0,154.801,0.496,305.800,1766:12;1792:102;1793:102;1794:102;1795:102
49.3232,1788885361.3466,6,261.65,420.24,681.89,9.6,1442.1,61811.4,0.0,154.812,0.497,305.800,1766:12;1792:102;1793:102;1794:102;1795:102
49.4272,1788885361.4506,6,262.47,420.24,682.71,19.2,1442.6,61810.9,0.0,154.822,0.497,305.800,1766:12;1792:102;1793:102;1794:102;1795:102
49.5312,1788885361.5545,6,263.27,420.24,683.52,9.6,1443.6,61809.9,0.0,154.832,0.498,305.800,1766:12;1792:102;1793:102;1794:102;1795:102
49.6351,1788885361.6585,6,264.09,420.24,684.33,9.6,1444.5,61808.9,0.0,154.843,0.499,305.800,1766:12;1792:102;1793:102;1794:102;1795:102
49.7391,1788885361.7625,6,264.90,420.24,685.14,9.6,1445.3,61808.2,0.0,154.853,0.500,305.800,1766:12;1792:102;1793:102;1794:102;1795:102
49.8431,1788885361.8665,6,265.71,420.25,685.96,9.6,1446.3,61807.2,0.0,154.864,0.501,305.800,1766:12;1792:102;1793:102;1794:102;1795:102
49.9472,1788885361.9706,6,266.53,420.25,686.78,19.2,1447.0,61806.5,0.0,154.874,0.501,305.800,1766:12;1792:102;1793:102;1794:102;1795:102
50.0512,1788885362.0746,6,267.34,420.25,687.59,9.6,1445.7,61807.7,0.0,154.884,0.502,305.800,1766:12;1792:102;1793:102;1794:102;1795:102
50.1552,1788885362.1785,6,268.15,420.25,688.40,19.2,1446.7,61806.8,0.0,154.895,0.503,305.800,1766:12;1792:102;1793:102;1794:102;1795:102
50.2591,1788885362.2825,6,268.97,420.25,689.22,19.2,1447.5,61806.0,0.0,154.905,0.504,305.800,1766:12;1792:102;1793:102;1794:102;1795:102
50.3631,1788885362.3865,6,269.79,420.25,690.04,9.6,1448.2,61805.3,0.0,154.915,0.505,305.800,1766:12;1792:102;1793:102;1794:102;1795:102
50.4671,1788885362.4905,6,270.59,420.25,690.84,9.6,1448.7,61804.8,0.0,154.926,0.505,305.800,1766:12;1792:102;1793:102;1794:102;1795:102
50.5711,1788885362.5945,6,271.41,420.25,691.66,9.6,1449.7,61803.8,0.0,154.936,0.506,305.800,1766:12;1792:102;1793:102;1794:102;1795:102
50.6750,1788885362.6984,6,272.95,420.25,693.20,28.8,1451.1,61802.4,0.0,154.957,0.507,305.800,1766:12;1792:102;1793:102;1794:102;1795:102
50.7790,1788885362.8024,6,273.81,420.25,694.06,9.6,1452.2,61801.3,0.0,154.967,0.508,305.800,1766:12;1792:102;1793:102;1794:102;1795:102
50.8829,1788885362.9063,6,274.67,420.25,694.93,19.2,1453.1,61800.4,0.0,154.978,0.509,305.800,1766:12;1792:102;1793:102;1794:102;1795:102
50.9869,1788885363.0103,6,275.48,420.25,695.73,9.6,1453.9,61799.6,0.0,154.988,0.510,305.800,1766:12;1792:102;1793:102;1794:102;1795:102
51.0908,1788885363.1142,6,276.29,420.25,696.54,9.6,1453.1,61800.4,0.0,154.998,0.511,305.800,1766:12;1792:102;1793:102;1794:102;1795:102
51.1948,1788885363.2182,6,277.10,420.25,697.36,9.6,1453.8,61799.7,0.0,155.009,0.511,305.800,1766:12;1792:102;1793:102;1794:102;1795:102
51.2987,1788885363.3220,6,277.89,420.25,698.14,38.5,1454.2,61799.3,0.0,155.019,0.511,305.800,1766:12;1792:102;1793:102;1794:102;1795:102
51.4027,1788885363.4260,6,277.92,420.25,698.18,48.1,1454.6,61798.9,0.0,155.019,0.512,305.800,1766:12;1792:102;1793:102;1794:102;1795:102
51.5067,1788885363.5300,6,278.73,420.25,698.98,9.6,1455.1,61798.4,0.0,155.029,0.513,305.800,1766:12;1792:102;1793:102;1794:102;1795:102
51.6106,1788885363.6340,6,279.55,420.25,699.80,9.6,1456.0,61797.4,0.0,155.040,0.514,305.800,1766:12;1792:102;1793:102;1794:102;1795:102
51.7146,1788885363.7380,6,280.36,420.25,700.61,9.6,1457.0,61796.5,0.0,155.060,0.514,305.800,1766:12;1792:102;1793:102;1794:102;1795:102
51.8186,1788885363.8419,6,281.17,420.26,701.43,19.2,1457.8,61795.7,0.0,155.060,0.515,305.800,1766:12;1792:102;1793:102;1794:102;1795:102
51.9226,1788885363.9460,6,281.99,420.26,702.25,9.6,1458.7,61794.7,0.0,155.071,0.516,305.800,1766:12;1792:102;1793:102;1794:102;1795:102
52.0267,1788885364.0500,6,282.80,420.26,703.05,19.2,1457.9,61795.5,0.0,155.081,0.517,305.800,1766:12;1792:102;1793:102;1794:102;1795:102
52.1307,1788885364.1541,6,283.61,420.26,703.87,9.6,1458.7,61794.8,0.0,155.091,0.517,305.800,1766:12;1792:102;1793:102;1794:102;1795:102
52.2346,1788885364.2580,6,285.19,420.26,705.45,9.6,1460.1,61793.4,0.0,155.112,0.518,305.800,1766:12;1792:102;1793:102;1794:102;1795:102
52.3385,1788885364.3618,6,286.06,420.26,706.32,19.2,1461.1,61792.3,0.0,155.122,0.520,305.800,1766:12;1792:102;1793:102;1794:102;1795:102
52.4424,1788885364.4657,6,286.86,420.26,707.12,9.6,1461.6,61791.8,0.0,155.133,0.521,305.800,1766:12;1792:102;1793:102;1794:102;1795:102
52.5463,1788885364.5697,6,287.64,420.26,707.90,9.6,1463.4,61790.1,0.0,155.143,0.521,305.800,1766:12;1792:102;1793:102;1794:102;1795:102
52.6503,1788885364.6737,6,288.49,420.26,708.75,19.2,1464.6,61788.9,0.0,155.154,0.523,305.800,1766:12;1792:102;1793:102;1794:102;1795:102
52.7544,1788885364.7778,6,289.30,420.26,709.56,19.2,1465.3,61788.2,0.0,155.166,0.524,305.800,1766:12;1792:102;1793:102;1794:102;1795:102
52.8584,1788885364.8817,6,290.12,420.27,710.38,19.2,1466.3,61787.2,0.0,155.177,0.527,305.800,1766:12;1792:102;1793:102;1794:102;1795:102
52.9623,1788885364.9857,6,290.92,420.27,711.19,9.6,1467.0,61786.5,0.0,155.188,0.527,305.800,1766:12;1792:102;1793:102;1794:102;1795:102
53.0663,1788885365.0897,6,291.74,420.27,712.00,9.6,1466.4,61787.1,0.0,155.198,0.528,305.800,1766:12;1792:102;1793:102;1794:102;1795:102
53.1702,1788885365.1936,6,293.30,420.27,713.57,19.2,1467.8,61785.7,0.0,155.219,0.529,305.800,1766:12;1792:102;1793:102;1794:102;1795:102
53.2742,1788885365.2976,6,294.18,420.27,714.45,19.2,1468.9,61784.6,0.0,155.229,0.531,305.800,1766:12;1792:102;1793:102;1794:102;1795:102
53.3781,1788885365.4015,6,294.98,420.27,715.25,19.2,1470.6,61782.9,0.0,155.239,0.532,305.800,1766:12;1792:102;1793:102;1794:102;1795:102
53.4820,1788885365.5054,6,295.80,420.27,716.07,9.6,1471.3,61782.1,0.0,155.250,0.532,305.800,1766:12;1792:102;1793:102;1794:102;1795:102
53.5859,1788885365.6093,6,296.61,420.27,716.88,9.6,1482.6,61770.9,0.0,155.262,0.535,305.800,1766:12;1792:102;1793:102;1794:102;1795:102
53.6900,1788885365.7133,6,297.43,420.27,717.70,9.6,1483.3,61770.1,0.0,155.273,0.536,305.800,1766:12;1792:102;1793:102;1794:102;1795:102
53.7940,1788885365.8174,6,298.24,420.29,718.53,19.2,1485.2,61768.2,0.0,155.283,0.536,305.800,1766:12;1792:102;1793:102;1794:102;1795:102
53.8981,1788885365.9215,6,299.05,420.29,719.34,9.6,1486.0,61767.5,0.0,155.294,0.538,305.800,1766:12;1792:102;1793:102;1794:102;1795:102
54.0022,1788885366.0255,6,299.79,420.29,720.08,48.0,1486.7,61766.7,0.0,155.304,0.538,305.800,1766:12;1792:102;1793:102;1794:102;1795:102
54.1063,1788885366.1297,6,299.86,420.29,720.15,57.7,1486.0,61767.5,0.0,155.304,0.539,305.800,1766:12;1792:102;1793:102;1794:102;1795:102
54.2103,1788885366.2337,6,300.74,420.29,721.03,9.6,1486.9,61766.5,0.0,155.319,0.541,305.800,1766:12;1792:102;1793:102;1794:102;1795:102
54.3143,1788885366.3377,6,301.24,420.29,721.53,38.5,1486.9,61766.5,0.0,155.320,0.541,305.800,1766:12;1792:102;1793:102;1794:102;1795:102
54.4183,1788885366.4417,6,301.75,420.29,722.04,96.1,1486.6,61766.8,0.0,155.321,0.541,305.800,1766:12;1792:102;1793:102;1794:102;1795:102
54.5224,1788885366.5457,6,302.43,420.29,722.71,96.1,1488.2,61765.3,0.0,155.321,0.541,305.800,1766:12;1792:102;1793:102;1794:102;1795:102
54.6264,1788885366.6497,6,303.09,420.29,723.38,105.9,1488.2,61765.3,0.0,155.321,0.541,305.800,1766:12;1792:102;1793:102;1794:102;1795:102
54.7302,1788885366.7536,6,303.82,420.29,724.11,96.2,1490.2,61763.3,0.0,155.321,0.541,305.800,1766:12;1792:102;1793:102;1794:102;1795:102
54.8342,1788885366.8576,6,306.78,420.31,727.09,96.2,1494.1,61759.3,0.0,155.321,0.541,305.800,1766:12;1792:102;1793:102;1794:102;1795:102
54.9382,1788885366.9616,6,307.10,420.31,727.41,105.7,1494.1,61759.3,0.0,155.321,0.541,305.800,1766:12;1792:102;1793:102;1794:102;1795:102
55.0422,1788885367.0656,6,307.14,420.31,727.45,96.2,1493.5,61760.0,0.0,155.321,0.541,305.800,1766:12;1792:102;1793:102;1794:102;1795:102
55.1462,1788885367.1696,6,307.20,420.31,727.51,105.8,1492.4,61761.1,0.0,155.321,0.541,305.800,1766:12;1792:102;1793:102;1794:102;1795:102
55.2502,1788885367.2736,6,307.21,420.31,727.52,96.3,1492.4,61761.1,0.0,155.321,0.541,305.800,1766:12;1792:102;1793:102;1794:102;1795:102
55.3540,1788885367.3774,6,307.22,420.31,727.54,96.3,1492.4,61761.1,0.0,155.321,0.541,305.800,1766:12;1792:102;1793:102;1794:102;1795:102
55.4579,1788885367.4813,6,307.25,420.31,727.56,105.9,1492.4,61761.1,0.0,155.321,0.541,305.800,1766:12;1792:102;1793:102;1794:102;1795:102
55.5617,1788885367.5851,6,307.30,420.31,727.61,105.8,1492.4,61761.1,0.0,155.321,0.541,305.800,1766:12;1792:102;1793:102;1794:102;1795:102
55.6657,1788885367.6891,6,307.54,420.31,727.85,105.9,1492.4,61761.1,0.0,155.321,0.541,305.800,1766:12;1792:102;1793:102;1794:102;1795:102
55.7696,1788885367.7930,6,307.57,420.31,727.88,96.2,1492.4,61761.1,0.0,155.321,0.541,305.800,1766:12;1792:102;1793:102;1794:102;1795:102
55.8736,1788885367.8970,6,307.59,420.31,727.91,96.1,1492.4,61761.1,0.0,155.321,0.541,305.800,1766:12;1792:102;1793:102;1794:102;1795:102
55.9777,1788885368.0010,6,307.61,420.31,727.93,105.7,1492.4,61761.1,0.0,155.321,0.541,305.800,1766:12;1792:102;1793:102;1794:102;1795:102
56.0817,1788885368.1050,6,307.62,420.31,727.94,96.1,1491.5,61761.9,0.0,155.321,0.541,305.800,1766:12;1792:102;1793:102;1794:102;1795:102
56.1857,1788885368.2090,6,307.65,420.31,727.96,105.9,1491.5,61761.9,0.0,155.321,0.541,305.800,1766:12;1792:102;1793:102;1794:102;1795:102
56.2895,1788885368.3129,6,307.68,420.31,727.99,96.3,1491.5,61761.9,0.0,155.321,0.541,305.800,1766:12;1792:102;1793:102;1794:102;1795:102
56.3934,1788885368.4168,6,307.70,420.31,728.02,96.4,1491.5,61761.9,0.0,155.321,0.541,305.800,1766:12;1792:102;1793:102;1794:102;1795:102
56.4971,1788885368.5205,6,307.71,420.31,728.03,106.0,1491.5,61761.9,0.0,155.321,0.541,305.800,1766:12;1792:102;1793:102;1794:102;1795:102
56.6008,1788885368.6242,6,307.73,420.31,728.05,96.3,1491.5,61761.9,0.0,155.321,0.541,305.800,1766:12;1792:102;1793:102;1794:102;1795:102
56.7047,1788885368.7281,6,307.77,420.31,728.08,105.9,1491.5,61761.9,0.0,155.321,0.541,305.800,1766:12;1792:102;1793:102;1794:102;1795:102
56.8086,1788885368.8320,6,307.79,420.31,728.11,105.8,1491.5,61761.9,0.0,155.321,0.541,305.800,1766:12;1792:102;1793:102;1794:102;1795:102
56.9126,1788885368.9360,6,307.81,420.31,728.12,96.2,1491.5,61761.9,0.0,155.321,0.541,305.800,1766:12;1792:102;1793:102;1794:102;1795:102
57.0165,1788885369.0399,6,307.85,420.31,728.16,115.5,1490.0,61763.5,0.0,155.321,0.541,305.800,1766:12;1792:102;1793:102;1794:102;1795:102
57.1204,1788885369.1437,6,307.88,420.31,728.20,96.3,1490.0,61763.5,0.0,155.321,0.541,305.800,1766:12;1792:102;1793:102;1794:102;1795:102
57.2242,1788885369.2476,6,307.89,420.31,728.21,105.9,1490.0,61763.5,0.0,155.321,0.541,305.800,1766:12;1792:102;1793:102;1794:102;1795:102
57.3281,1788885369.3515,6,308.01,420.31,728.32,96.2,1490.0,61763.5,0.0,155.321,0.541,305.800,1766:12;1792:102;1793:102;1794:102;1795:102
57.4320,1788885369.4554,6,308.05,420.31,728.37,96.3,1490.0,61763.5,0.0,155.321,0.541,305.800,1766:12;1792:102;1793:102;1794:102;1795:102
57.5359,1788885369.5593,6,308.06,420.31,728.37,105.9,1490.0,61763.5,0.0,155.321,0.541,305.800,1766:12;1792:102;1793:102;1794:102;1795:102
57.6399,1788885369.6632,6,308.07,420.31,728.39,96.2,1490.0,61763.5,0.0,155.321,0.541,305.800,1766:12;1792:102;1793:102;1794:102;1795:102
57.7438,1788885369.7672,6,308.09,420.31,728.40,105.8,1490.0,61763.5,0.0,155.321,0.541,305.800,1766:12;1792:102;1793:102;1794:102;1795:102
57.8478,1788885369.8712,6,308.12,420.32,728.45,105.8,1490.0,61763.5,0.0,155.321,0.541,305.800,1766:12;1792:102;1793:102;1794:102;1795:102
57.9518,1788885369.9752,6,308.13,420.32,728.45,96.2,1490.0,61763.5,0.0,155.321,0.541,305.800,1766:12;1792:102;1793:102;1794:102;1795:102
58.0558,1788885370.0792,6,308.15,420.32,728.47,106.0,1488.6,61764.9,0.0,155.321,0.541,305.800,1766:12;1792:102;1793:102;1794:102;1795:102
58.1596,1788885370.1829,6,308.17,420.32,728.49,96.3,1488.6,61764.9,0.0,155.321,0.541,305.800,1766:12;1792:102;1793:102;1794:102;1795:102
58.2634,1788885370.2868,6,308.21,420.32,728.53,115.5,1488.6,61764.9,0.0,155.321,0.541,305.800,1766:12;1792:102;1793:102;1794:102;1795:102
58.3673,1788885370.3906,6,308.24,420.32,728.56,96.3,1488.6,61764.9,0.0,155.321,0.541,305.800,1766:12;1792:102;1793:102;1794:102;1795:102
58.4711,1788885370.4945,6,308.25,420.32,728.58,96.2,1488.6,61764.9,0.0,155.321,0.541,305.800,1766:12;1792:102;1793:102;1794:102;1795:102
58.5750,1788885370.5984,6,308.28,420.32,728.60,105.9,1488.6,61764.9,0.0,155.321,0.541,305.800,1766:12;1792:102;1793:102;1794:102;1795:102
58.6789,1788885370.7023,6,308.30,420.32,728.62,96.3,1488.6,61764.9,0.0,155.321,0.541,305.800,1766:12;1792:102;1793:102;1794:102;1795:102
58.7828,1788885370.8062,6,308.33,420.33,728.66,105.8,1488.6,61764.9,0.0,155.321,0.541,305.800,1766:12;1792:102;1793:102;1794:102;1795:102
58.8867,1788885370.9101,6,308.35,420.33,728.68,105.8,1488.6,61764.9,0.0,155.321,0.541,305.800,1766:12;1792:102;1793:102;1794:102;1795:102
58.9907,1788885371.0141,6,308.38,420.33,728.71,96.3,1488.6,61764.9,0.0,155.321,0.541,305.800,1766:12;1792:102;1793:102;1794:102;1795:102
59.0946,1788885371.1180,6,308.40,420.33,728.73,105.9,1487.4,61766.1,0.0,155.321,0.541,305.800,1766:12;1792:102;1793:102;1794:102;1795:102
59.1984,1788885371.2218,6,308.43,420.33,728.76,96.3,1487.4,61766.1,0.0,155.321,0.541,305.800,1766:12;1792:102;1793:102;1794:102;1795:102
59.3023,1788885371.3257,6,308.46,420.33,728.80,96.2,1487.4,61766.1,0.0,155.321,0.541,305.800,1766:12;1792:102;1793:102;1794:102;1795:102
59.4063,1788885371.4297,6,308.49,420.33,728.82,105.8,1487.4,61766.1,0.0,155.321,0.541,305.800,1766:12;1792:102;1793:102;1794:102;1795:102
59.5102,1788885371.5336,6,308.52,420.33,728.85,96.2,1487.4,61766.1,0.0,155.321,0.541,305.800,1766:12;1792:102;1793:102;1794:102;1795:102
59.6142,1788885371.6375,6,308.54,420.33,728.87,105.8,1487.4,61766.1,0.0,155.321,0.541,305.800,1766:12;1792:102;1793:102;1794:102;1795:102
59.7181,1788885371.7415,6,308.56,420.33,728.89,96.2,1487.4,61766.1,0.0,155.321,0.541,305.800,1766:12;1792:102;1793:102;1794:102;1795:102
59.8221,1788885371.8454,6,308.61,420.33,728.94,96.2,1487.4,61766.1,0.0,155.321,0.541,305.800,1766:12;1792:102;1793:102;1794:102;1795:102
59.9261,1788885371.9494,6,308.91,420.33,729.24,105.8,1487.4,61766.1,0.0,155.321,0.541,305.800,1766:12;1792:102;1793:102;1794:102;1795:102
60.0300,1788885372.0534,6,308.91,420.33,729.25,96.3,1486.4,61767.0,0.0,155.321,0.541,305.800,1766:12;1792:102;1793:102;1794:102;1795:102
60.1339,1788885372.1573,6,308.93,420.33,729.27,105.9,1486.4,61767.0,0.0,155.321,0.541,305.800,1766:12;1792:102;1793:102;1794:102;1795:102
60.2377,1788885372.2611,6,308.95,420.33,729.29,96.3,1486.4,61767.0,0.0,155.321,0.541,305.800,1766:12;1792:102;1793:102;1794:102;1795:102
60.3416,1788885372.3649,6,308.99,420.33,729.32,96.3,1486.4,61767.0,0.0,155.321,0.541,305.800,1766:12;1792:102;1793:102;1794:102;1795:102
60.4454,1788885372.4688,6,312.97,420.33,733.30,96.3,1493.9,61759.5,0.0,155.321,0.541,305.800,1766:12;1792:102;1793:102;1794:102;1795:102
60.5493,1788885372.5727,6,315.16,420.33,735.50,115.5,1493.9,61759.5,0.0,155.321,0.541,305.800,1766:12;1792:102;1793:102;1794:102;1795:102
60.6533,1788885372.6767,6,323.38,420.33,743.71,86.6,1501.4,61752.0,0.0,155.321,0.541,305.800,1766:12;1792:102;1793:102;1794:102;1795:102
60.7573,1788885372.7806,6,325.29,420.33,745.62,105.8,1502.2,61751.2,0.0,155.321,0.541,305.800,1766:12;1792:102;1793:102;1794:102;1795:102
60.8612,1788885372.8846,6,339.20,420.34,759.54,105.8,1516.8,61736.7,0.0,155.321,0.541,305.800,1766:12;1792:102;1793:102;1794:102;1795:102
60.9652,1788885372.9886,6,347.91,420.34,768.25,96.2,1524.7,61728.8,0.0,155.321,0.541,305.800,1766:12;1792:102;1793:102;1794:102;1795:102
61.0692,1788885373.0925,6,349.90,420.34,770.24,105.8,1526.3,61727.2,0.0,155.321,0.541,305.800,1766:12;1792:102;1793:102;1794:102;1795:102
61.1731,1788885373.1965,6,351.73,420.34,772.07,96.2,1527.9,61725.6,0.0,155.321,0.541,305.800,1766:12;1792:102;1793:102;1794:102;1795:102
61.2771,1788885373.3004,6,359.55,420.34,779.89,96.3,1535.4,61718.1,0.0,155.321,0.541,305.800,1766:12;1792:102;1793:102;1794:102;1795:102
61.3809,1788885373.4043,6,362.94,420.34,783.28,96.3,1538.9,61714.6,0.0,155.321,0.541,305.800,1766:12;1792:102;1793:102;1794:102;1795:102
61.4848,1788885373.5082,6,372.59,420.34,792.93,105.9,1548.8,61704.7,0.0,155.321,0.541,305.800,1766:12;1792:102;1793:102;1794:102;1795:102
61.5887,1788885373.6121,6,373.06,420.34,793.40,105.8,1548.8,61704.7,0.0,155.321,0.541,305.800,1766:12;1792:102;1793:102;1794:102;1795:102
61.6927,1788885373.7161,6,373.42,420.34,793.76,96.2,1549.6,61703.9,0.0,155.321,0.541,305.800,1766:12;1792:102;1793:102;1794:102;1795:102
61.7967,1788885373.8201,6,373.42,420.34,793.76,96.1,1549.6,61703.9,0.0,155.321,0.541,305.800,1766:12;1792:102;1793:102;1794:102;1795:102
61.9007,1788885373.9241,6,373.42,420.34,793.76,105.8,1549.6,61703.9,0.0,155.321,0.541,305.800,1766:12;1792:102;1793:102;1794:102;1795:102
62.0047,1788885374.0281,6,388.01,420.34,808.35,96.2,1563.5,61689.9,0.0,155.321,0.541,305.800,1766:12;1792:102;1793:102;1794:102;1795:102
62.1086,1788885374.1320,6,401.52,420.34,821.86,105.9,1577.0,61676.4,0.0,155.321,0.541,305.800,1766:12;1792:102;1793:102;1794:102;1795:102
62.2125,1788885374.2359,6,390.91,420.34,811.25,96.2,1577.0,61676.4,0.0,155.321,0.541,305.800,1766:12;1792:102;1793:102;1794:102;1795:102
62.3165,1788885374.3399,6,386.55,420.34,806.89,96.2,1577.0,61676.4,0.0,155.321,0.541,305.800,1766:12;1792:102;1793:102;1794:102;1795:102
62.4204,1788885374.4438,6,390.55,420.34,810.89,96.1,1577.0,61676.4,0.0,155.321,0.541,305.800,1766:12;1792:102;1793:102;1794:102;1795:102
62.5245,1788885374.5479,6,390.55,420.34,810.89,105.8,1577.0,61676.4,0.0,155.321,0.541,305.800,1766:12;1792:102;1793:102;1794:102;1795:102
62.6284,1788885374.6518,6,391.39,420.34,811.73,96.2,1577.0,61676.4,0.0,155.321,0.541,305.800,1766:12;1792:102;1793:102;1794:102;1795:102
62.7323,1788885374.7557,6,388.77,420.34,809.11,105.9,1577.0,61676.4,0.0,155.321,0.541,305.800,1766:12;1792:102;1793:102;1794:102;1795:102
62.8363,1788885374.8596,6,389.63,420.34,809.97,96.2,1577.0,61676.4,0.0,155.321,0.541,305.800,1766:12;1792:102;1793:102;1794:102;1795:102
62.9402,1788885374.9636,6,394.83,420.34,815.17,105.8,1577.0,61676.4,0.0,155.321,0.541,305.800,1766:12;1792:102;1793:102;1794:102;1795:102
63.0442,1788885375.0676,6,392.84,420.34,813.18,96.2,1576.2,61677.3,0.0,155.321,0.541,305.800,1766:12;1792:102;1793:102;1794:102;1795:102
63.1481,1788885375.1715,6,399.21,420.34,819.55,96.2,1579.7,61673.7,0.0,155.321,0.541,305.800,1766:12;1792:102;1793:102;1794:102;1795:102
63.2521,1788885375.2755,6,404.47,420.34,824.81,105.7,1579.7,61673.7,0.0,155.321,0.541,305.800,1766:12;1792:102;1793:102;1794:102;1795:102
63.3562,1788885375.3796,6,404.47,420.34,824.81,96.2,1579.7,61673.7,0.0,155.321,0.541,305.800,1766:12;1792:102;1793:102;1794:102;1795:102
63.4602,1788885375.4836,6,404.70,420.34,825.04,96.2,1579.7,61673.7,0.0,155.321,0.541,305.800,1766:12;1792:102;1793:102;1794:102;1795:102
63.5642,1788885375.5875,6,415.79,420.34,836.13,115.4,1595.1,61658.3,0.0,155.321,0.541,305.800,1766:12;1792:102;1793:102;1794:102;1795:102
63.6681,1788885375.6915,6,408.27,420.34,828.61,96.2,1595.1,61658.3,0.0,155.321,0.541,305.800,1766:12;1792:102;1793:102;1794:102;1795:102
63.7721,1788885375.7955,6,408.55,420.34,828.89,115.4,1595.1,61658.3,0.0,155.321,0.541,305.800,1766:12;1792:102;1793:102;1794:102;1795:102
63.8762,1788885375.8996,6,423.18,420.34,843.52,86.4,1599.1,61654.4,0.0,155.321,0.541,305.800,1766:12;1792:102;1793:102;1794:102;1795:102
63.9803,1788885376.0037,6,438.29,420.34,858.62,105.7,1614.5,61639.0,0.0,155.321,0.541,305.800,1766:12;1792:102;1793:102;1794:102;1795:102
64.0843,1788885376.1077,6,423.93,420.34,844.27,96.2,1609.8,61643.7,0.0,155.321,0.541,305.800,1766:12;1792:102;1793:102;1794:102;1795:102
64.1883,1788885376.2117,6,423.93,420.34,844.27,105.9,1609.8,61643.7,0.0,155.321,0.541,305.800,1766:12;1792:102;1793:102;1794:102;1795:102
64.2921,1788885376.3155,6,424.54,420.34,844.88,96.2,1609.8,61643.7,0.0,155.321,0.541,305.800,1766:12;1792:102;1793:102;1794:102;1795:102
64.3960,1788885376.4194,6,427.00,420.34,847.34,96.2,1609.8,61643.7,0.0,155.321,0.541,305.800,1766:12;1792:102;1793:102;1794:102;1795:102
64.5000,1788885376.5234,6,431.72,420.34,852.06,105.8,1609.8,61643.7,0.0,155.321,0.541,305.800,1766:12;1792:102;1793:102;1794:102;1795:102
64.6039,1788885376.6273,6,437.34,420.34,857.68,105.9,1609.8,61643.7,0.0,155.321,0.541,305.800,1766:12;1792:102;1793:102;1794:102;1795:102
64.7078,1788885376.7312,6,441.30,420.34,861.64,96.3,1609.8,61643.7,0.0,155.321,0.541,305.800,1766:12;1792:102;1793:102;1794:102;1795:102
64.8116,1788885376.8350,6,442.82,420.35,863.17,96.2,1611.4,61642.1,0.0,155.321,0.541,305.800,1766:12;1792:102;1793:102;1794:102;1795:102
64.9155,1788885376.9389,6,445.64,420.35,865.99,105.8,1617.3,61636.2,0.0,155.321,0.541,305.800,1766:12;1792:102;1793:102;1794:102;1795:102
65.0195,1788885377.0429,6,447.31,420.35,867.66,96.3,1616.3,61637.1,0.0,155.321,0.541,305.800,1766:12;1792:102;1793:102;1794:102;1795:102
65.1234,1788885377.1468,6,498.68,420.35,919.03,105.8,1665.2,61588.3,0.0,155.321,0.541,305.800,1766:12;1792:102;1793:102;1794:102;1795:102
65.2274,1788885377.2508,6,598.96,420.35,1019.31,125.1,1782.4,61471.1,0.0,155.321,0.541,305.800,1766:12;1792:102;1793:102;1794:102;1795:102
65.3314,1788885377.3547,6,551.42,420.35,971.77,216.5,1809.8,61443.6,0.0,155.321,0.541,305.800,1766:12;1792:102;1793:102;1794:102;1795:102
65.4380,1788885377.4614,6,574.01,420.35,994.36,103.3,1856.8,61396.7,0.0,155.321,0.541,305.800,1766:12;1792:102;1793:102;1794:102;1795:102
65.5445,1788885377.5679,6,578.91,420.35,999.25,95.5,1856.8,61396.7,0.0,155.321,0.541,305.800,1766:12;1792:102;1793:102;1794:102;1795:102
65.6488,1788885377.6722,6,587.58,503.72,1091.30,297.8,1884.7,61368.7,0.0,155.321,0.541,305.800,1766:12;1792:123;1793:123;1794:123;1795:123
65.7529,1788885377.7763,6,587.78,658.61,1246.39,415.8,1907.8,61345.6,0.0,155.321,0.541,305.800,1766:12;1792:161;1793:161;1794:162;1795:162
65.8589,1788885377.8823,6,588.05,835.87,1423.93,709.4,2009.8,61243.7,0.0,155.580,0.692,305.804,1766:12;1792:205;1793:214;1794:202;1795:203
65.9630,1788885377.9864,6,588.05,917.30,1505.36,450.5,2062.0,61191.5,0.0,156.658,0.770,305.804,1766:12;1792:227;1793:230;1794:230;1795:218
66.0674,1788885378.0908,6,588.05,995.75,1583.81,871.6,2168.0,61085.4,0.0,157.371,1.017,305.804,1766:12;1792:247;1793:260;1794:244;1795:233
66.1720,1788885378.1954,6,588.05,1087.57,1675.62,947.5,2249.5,61003.9,0.0,171.598,1.359,305.804,1766:12;1792:275;1793:284;1794:262;1795:255
66.2786,1788885378.3020,6,588.06,1109.32,1697.38,987.2,2337.4,60916.1,0.0,178.810,1.578,305.804,1766:12;1792:266;1793:302;1794:264;1795:265
66.3830,1788885378.4064,6,588.06,1167.54,1755.59,933.8,2393.6,60859.9,0.0,192.327,1.835,305.804,1766:12;1792:286;1793:313;1794:276;1795:280
66.4899,1788885378.5133,6,588.06,1197.13,1785.19,839.9,2438.0,60815.5,0.0,200.087,2.101,305.804,1766:12;1792:289;1793:322;1794:292;1795:281
66.5946,1788885378.6180,6,588.06,1236.20,1824.26,804.6,2490.5,60763.0,0.0,211.410,2.332,305.804,1766:12;1792:299;1793:333;1794:304;1795:288
66.6990,1788885378.7223,6,588.06,1262.63,1850.69,855.0,2533.2,60720.3,0.0,222.872,2.590,305.804,1766:12;1792:306;1793:340;1794:309;1795:296
66.8040,1788885378.8274,6,588.06,1385.47,1973.53,1118.3,2601.2,60652.3,0.0,237.973,2.840,305.804,1766:12;1792:324;1793:376;1794:343;1795:331
66.9106,1788885378.9340,6,588.06,1420.95,2009.00,1475.6,2721.6,60531.9,0.0,244.754,3.027,305.804,1766:12;1792:345;1793:379;1794:356;1795:328
67.0225,1788885379.0459,6,588.06,1445.81,2033.87,1320.3,2748.7,60504.8,0.0,253.073,3.245,305.804,1766:12;1792:364;1793:399;1794:350;1795:321
67.1283,1788885379.1517,6,588.07,1483.75,2071.82,1254.0,2768.1,60485.4,0.0,266.821,3.477,305.804,1766:12;1792:363;1793:394;1794:381;1795:333
67.2365,1788885379.2599,6,588.07,1485.06,2073.12,760.2,2816.1,60437.4,0.0,272.102,3.690,305.804,1766:12;1792:370;1793:401;1794:369;1795:333
67.3428,1788885379.3662,6,588.07,1549.66,2137.72,790.9,2874.5,60378.9,0.0,286.680,4.022,305.804,1766:12;1792:379;1793:420;1794:385;1795:354
67.4475,1788885379.4708,6,588.07,1575.96,2164.03,1150.4,2928.6,60324.9,0.0,303.423,4.236,305.804,1766:12;1792:385;1793:430;1794:394;1795:355
67.5538,1788885379.5771,6,588.07,1647.95,2236.02,812.8,2964.5,60289.0,0.0,321.960,4.589,305.804,1766:12;1792:399;1793:448;1794:410;1795:379
67.6595,1788885379.6829,6,588.07,1696.94,2285.00,942.5,2994.2,60259.3,0.0,337.033,4.832,305.804,1766:12;1792:406;1793:475;1794:427;1795:377
67.7644,1788885379.7877,6,588.07,1731.32,2319.39,1004.8,3040.3,60213.2,0.0,346.095,5.067,305.804,1766:12;1792:418;1793:483;1794:430;1795:389
67.8711,1788885379.8944,6,588.07,1758.79,2346.86,776.7,3063.1,60190.4,0.0,357.879,5.311,305.804,1766:12;1792:429;1793:500;1794:437;1795:381
67.9780,1788885380.0014,6,588.12,1777.96,2366.09,678.5,3088.6,60164.8,0.0,371.570,5.533,305.804,1766:12;1792:436;1793:499;1794:436;1795:396
68.0824,1788885380.1058,6,588.13,1844.39,2432.52,825.6,3137.4,60116.0,0.0,383.220,5.803,305.804,1766:12;1792:457;1793:517;1794:455;1795:403
68.1891,1788885380.2125,6,588.13,1894.70,2482.83,1054.2,3171.7,60081.8,0.0,396.377,6.033,305.804,1766:12;1792:462;1793:527;1794:454;1795:438
68.2932,1788885380.3166,6,588.14,1937.38,2525.51,928.5,3211.7,60041.8,0.0,411.541,6.355,305.804,1766:12;1792:480;1793:533;1794:467;1795:446
68.4000,1788885380.4234,6,588.15,2047.29,2635.43,1246.7,3316.1,59937.4,0.0,427.910,6.547,305.804,1766:12;1792:481;1793:534;1794:558;1795:462
68.5069,1788885380.5303,6,588.16,2161.55,2749.71,1209.6,3465.7,59787.7,0.0,438.661,6.857,305.804,1766:12;1792:521;1793:551;1794:604;1795:474
68.6154,1788885380.6388,6,588.16,2303.16,2891.32,1476.2,3752.5,59501.0,0.0,452.567,7.047,305.804,1766:12;1792:566;1793:573;1794:672;1795:480
68.7226,1788885380.7459,6,588.25,2266.68,2854.93,1409.1,3801.4,59452.1,0.0,460.506,7.257,305.804,1766:12;1792:614;1793:569;1794:576;1795:496
68.8280,1788885380.8513,6,588.26,2375.86,2964.11,1306.8,3913.7,59339.8,0.0,472.541,7.497,305.804,1766:12;1792:660;1793:589;1794:597;1795:517
68.9401,1788885380.9634,6,588.27,2302.09,2890.36,1282.4,3785.2,59468.3,0.0,479.496,7.756,305.804,1766:12;1792:596;1793:575;1794:586;1795:533
69.0528,1788885381.0762,6,588.28,2350.90,2939.18,1254.9,3899.2,59354.3,0.0,488.605,7.989,305.804,1766:12;1792:591;1793:638;1794:573;1795:536
69.1600,1788885381.1834,6,588.33,2418.29,3006.62,1359.2,3930.9,59322.6,0.0,505.403,8.256,305.804,1766:12;1792:676;1793:593;1794:573;1795:564
69.2750,1788885381.2984,6,588.34,2459.55,3047.90,1364.2,3971.9,59281.6,0.0,520.092,8.525,305.804,1766:12;1792:706;1793:596;1794:576;1795:569
69.3866,1788885381.4100,6,588.35,2606.36,3194.70,1370.7,4073.4,59180.1,0.0,535.366,8.761,305.804,1766:12;1792:765;1793:602;1794:605;1795:622
69.4960,1788885381.5194,6,588.36,2753.27,3341.63,1430.2,4308.3,58945.2,0.0,548.188,8.969,305.804,1766:12;1792:774;1793:608;1794:719;1795:639
69.6060,1788885381.6294,6,588.42,2696.35,3284.77,1312.6,4317.9,58935.6,0.0,569.995,9.240,305.804,1766:12;1792:795;1793:631;1794:690;1795:568
69.7210,1788885381.7444,6,588.45,2670.09,3258.54,1363.9,4413.1,58840.4,0.0,585.226,9.435,305.804,1766:12;1792:746;1793:637;1794:658;1795:618
69.8380,1788885381.8614,6,588.53,2807.41,3395.94,1352.2,4540.3,58713.1,0.0,598.886,9.680,305.804,1766:12;1792:739;1793:664;1794:668;1795:723
69.9450,1788885381.9684,6,588.54,2882.77,3471.30,1460.0,4679.4,58574.1,0.0,617.398,9.877,305.804,1766:12;1792:753;1793:727;1794:737;1795:653
70.0535,1788885382.0769,6,588.55,2780.37,3368.93,1361.5,4708.3,58545.2,0.0,636.706,10.096,305.804,1766:12;1792:719;1793:750;1794:663;1795:637
70.1622,1788885382.1856,6,588.56,2747.63,3336.19,1097.2,4683.4,58570.1,0.0,655.015,10.342,305.804,1766:12;1792:706;1793:744;1794:666;1795:619
70.2666,1788885382.2900,6,588.64,2775.06,3363.70,1354.0,4663.4,58590.1,0.0,680.022,10.595,305.804,1766:12;1792:712;1793:737;1794:679;1795:635
70.3723,1788885382.3957,6,588.67,2902.06,3490.73,1196.9,4796.6,58456.9,0.0,703.654,10.828,305.804,1766:12;1792:723;1793:815;1794:695;1795:656
70.4785,1788885382.5019,6,588.68,2879.75,3468.42,944.0,4784.6,58468.9,0.0,723.923,11.063,305.804,1766:12;1792:730;1793:829;1794:694;1795:614
70.5835,1788885382.6069,6,588.68,2951.75,3540.44,1276.8,4901.1,58352.4,0.0,743.341,11.268,305.804,1766:12;1792:732;1793:879;1794:720;1795:608
70.6891,1788885382.7125,6,588.71,2917.08,3505.79,1024.8,4997.9,58255.6,0.0,752.139,11.448,305.804,1766:12;1792:764;1793:816;1794:728;1795:597
70.7944,1788885382.8178,6,588.71,2942.96,3531.67,836.0,5110.4,58143.1,0.0,774.257,11.688,305.804,1766:12;1792:750;1793:834;1794:717;1795:630
70.9009,1788885382.9243,6,588.71,2947.45,3536.16,1018.2,5114.7,58138.7,0.0,785.410,11.935,305.804,1766:12;1792:751;1793:839;1794:719;1795:626
71.0068,1788885383.0302,6,588.71,3012.27,3600.98,1043.2,5112.6,58140.8,0.0,810.707,12.198,305.804,1766:12;1792:767;1793:858;1794:724;1795:651
71.1124,1788885383.1358,6,588.72,3104.58,3693.30,762.0,5103.6,58149.9,0.0,823.947,12.428,305.804,1766:12;1792:774;1793:853;1794:745;1795:721
71.2188,1788885383.2422,6,588.73,3094.78,3683.51,1005.1,5131.8,58121.7,0.0,847.024,12.685,305.804,1766:12;1792:786;1793:859;1794:752;1795:685
71.3252,1788885383.3486,6,588.73,3115.38,3704.10,738.1,5130.0,58123.4,0.0,861.328,12.927,305.804,1766:12;1792:790;1793:868;1794:752;1795:693
71.4306,1788885383.4540,6,588.73,3175.12,3763.84,671.1,5137.7,58115.8,0.0,883.948,13.162,305.804,1766:12;1792:813;1793:883;1794:764;1795:703
71.5382,1788885383.5615,6,588.73,3179.71,3768.44,984.6,5146.2,58107.3,0.0,897.999,13.372,305.804,1766:12;1792:802;1793:892;1794:765;1795:709
71.6449,1788885383.6683,6,588.73,3270.89,3859.62,911.7,5147.8,58105.7,0.0,924.486,13.660,305.804,1766:12;1792:824;1793:915;1794:784;1795:736
71.7512,1788885383.7746,6,588.73,3258.39,3847.12,1044.5,5162.2,58091.3,0.0,943.771,13.843,305.804,1766:12;1792:823;1793:930;1794:780;1795:714
71.8553,1788885383.8787,6,588.73,3324.79,3913.52,895.2,5180.9,58072.5,0.0,968.388,14.163,305.804,1766:12;1792:837;1793:944;1794:791;1795:741
71.9628,1788885383.9862,6,588.73,3348.53,3937.26,1196.8,5204.8,58048.6,0.0,991.682,14.366,305.804,1766:12;1792:843;1793:962;1794:800;1795:732
72.0670,1788885384.0904,6,588.73,3402.58,3991.31,829.2,5202.7,58050.8,0.0,1004.930,14.664,305.804,1766:12;1792:847;1793:981;1794:812;1795:750
72.1734,1788885384.1967,6,588.73,3450.73,4039.46,1323.4,5230.9,58022.6,0.0,1041.087,14.887,305.804,1766:12;1792:862;1793:995;1794:817;1795:765
72.2845,1788885384.3079,6,588.74,3488.37,4077.11,1353.8,5252.1,58001.3,0.0,1055.647,15.154,305.804,1766:12;1792:877;1793:1000;1794:840;1795:760
72.3921,1788885384.4154,6,588.74,3624.04,4212.78,1207.6,5304.0,57949.5,0.0,1076.341,15.457,305.804,1766:12;1792:885;1793:1028;1794:884;1795:814
72.5004,1788885384.5237,6,588.76,3612.05,4200.81,1369.8,5281.6,57971.8,0.0,1095.523,15.714,305.804,1766:12;1792:892;1793:1031;1794:888;1795:789
72.6070,1788885384.6304,6,588.77,3737.17,4325.94,1415.1,5364.2,57889.2,0.0,1115.540,15.938,305.804,1766:12;1792:905;1793:1093;1794:925;1795:803
72.7170,1788885384.7404,6,588.77,3848.64,4437.41,1402.9,5600.8,57652.7,0.0,1134.381,16.172,305.804,1766:12;1792:915;1793:1200;1794:917;1795:804
72.8280,1788885384.8514,6,588.78,3949.22,4538.00,1436.1,5633.9,57619.6,0.0,1150.147,16.404,305.804,1766:12;1792:921;1793:1262;1794:941;1795:814
72.9402,1788885384.9635,6,588.79,3840.91,4429.71,1358.2,5592.0,57661.5,0.0,1168.854,16.688,305.804,1766:12;1792:948;1793:1135;1794:935;1795:811
73.0520,1788885385.0754,6,588.80,4041.87,4630.67,1428.4,5703.4,57550.1,0.0,1186.283,16.932,305.804,1766:12;1792:1079;1793:1155;1794:939;1795:856
73.1600,1788885385.1834,6,588.87,4090.09,4678.96,1542.9,5879.6,57373.9,0.0,1201.432,17.107,305.804,1766:12;1792:1082;1793:1154;1794:995;1795:847
73.2722,1788885385.2956,6,588.88,4098.89,4687.77,1428.9,5874.2,57379.3,0.0,1209.277,17.341,305.804,1766:12;1792:1074;1793:1173;1794:1008;1795:832
73.3808,1788885385.4041,6,588.89,4125.30,4714.19,1471.9,5894.2,57359.3,0.0,1224.964,17.537,305.804,1766:12;1792:1018;1793:1250;1794:1011;1795:834
73.4912,1788885385.5146,6,588.90,4162.07,4750.97,1431.1,5890.3,57363.2,0.0,1238.294,17.779,305.804,1766:12;1792:1025;1793:1256;1794:1003;1795:866
73.5986,1788885385.6220,6,588.91,4169.18,4758.09,1451.0,6019.1,57234.3,0.0,1249.185,18.011,305.804,1766:12;1792:1028;1793:1276;1794:1000;1795:852
73.7056,1788885385.7290,6,588.91,4211.91,4800.83,1441.5,6006.8,57246.6,0.0,1265.664,18.270,305.804,1766:12;1792:1038;1793:1296;1794:995;1795:870
73.8122,1788885385.8356,6,588.92,4286.04,4874.96,1416.3,6074.9,57178.6,0.0,1281.326,18.532,305.804,1766:12;1792:1109;1793:1288;1794:1013;1795:864
73.9176,1788885385.9410,6,588.93,4330.72,4919.65,1460.3,6081.0,57172.5,0.0,1297.343,18.776,305.804,1766:12;1792:1111;1793:1306;1794:1024;1795:878
74.0246,1788885386.0480,6,588.94,4456.15,5045.09,1410.7,6174.7,57078.8,0.0,1310.288,19.032,305.804,1766:12;1792:1080;1793:1351;1794:1121;1795:891
74.1325,1788885386.1558,6,588.94,4533.80,5122.74,1393.8,6218.7,57034.8,0.0,1330.782,19.314,305.804,1766:12;1792:1107;1793:1367;1794:1142;1795:906
74.2532,1788885386.2766,6,588.95,4475.81,5064.76,1426.3,6314.3,56939.2,0.0,1342.703,19.579,305.804,1766:12;1792:1122;1793:1344;1794:1088;1795:910
74.3620,1788885386.3854,6,588.96,4546.64,5135.61,1367.2,6371.3,56882.1,0.0,1355.565,19.864,305.804,1766:12;1792:1123;1793:1349;1794:1107;1795:956
74.4710,1788885386.4944,6,588.96,4655.32,5244.29,1456.4,6538.6,56714.9,0.0,1366.566,20.036,305.804,1766:12;1792:1107;1793:1362;1794:1139;1795:1035
74.5833,1788885386.6067,6,588.97,4759.70,5348.67,1381.3,6543.5,56710.0,0.0,1379.408,20.356,305.804,1766:12;1792:1130;1793:1377;1794:1178;1795:1062
74.6906,1788885386.7140,6,589.01,4669.82,5258.84,1479.4,6544.2,56709.2,0.0,1388.638,20.580,305.804,1766:12;1792:1134;1793:1378;1794:1163;1795:983
74.7991,1788885386.8225,6,589.09,4933.81,5522.90,1457.3,6760.7,56492.7,0.0,1399.482,20.829,305.804,1766:12;1792:1136;1793:1573;1794:1216;1795:997
74.9061,1788885386.9295,6,589.14,4953.96,5543.10,1417.3,6848.7,56404.8,0.0,1411.010,21.064,305.804,1766:12;1792:1148;1793:1462;1794:1321;1795:1011
75.0183,1788885387.0417,6,589.23,4857.33,5446.57,1468.7,6716.4,56537.1,0.0,1417.018,21.312,305.804,1766:12;1792:1160;1793:1432;1794:1231;1795:1022
75.1247,1788885387.1481,6,589.31,5288.88,5878.19,1401.9,6989.1,56264.4,0.0,1429.898,21.527,305.804,1766:12;1792:1183;1793:1594;1794:1469;1795:1031
75.2336,1788885387.2570,6,589.39,5313.43,5902.82,1368.5,7005.8,56247.6,0.0,1436.282,21.795,305.804,1766:12;1792:1175;1793:1520;1794:1544;1795:1063
75.3413,1788885387.3646,6,589.48,5481.66,6071.14,1560.1,7304.3,55949.2,0.0,1450.602,21.971,305.804,1766:12;1792:1229;1793:1615;1794:1510;1795:1115
75.4533,1788885387.4766,6,589.63,5623.09,6212.72,1413.8,7472.5,55781.0,0.0,1455.565,22.099,305.804,1766:12;1792:1200;1793:1581;1794:1731;1795:1099
75.5601,1788885387.5834,6,589.75,6186.13,6775.88,1411.5,7976.1,55277.4,0.0,1466.217,22.276,305.804,1766:12;1792:1265;1793:1780;1794:1893;1795:1236
75.6700,1788885387.6933,6,589.91,6343.87,6933.79,1500.9,8289.4,54964.1,0.0,1471.091,22.361,305.804,1766:12;1792:1409;1793:1820;1794:1832;1795:1271
75.7854,1788885387.8087,6,590.22,6384.75,6974.97,1326.3,8389.7,54863.8,0.0,1474.654,22.494,305.804,1766:12;1792:1499;1793:1913;1794:1687;1795:1274
75.8932,1788885387.9166,6,590.49,6278.41,6868.90,1440.9,8419.6,54833.8,0.0,1485.999,22.580,305.804,1766:12;1792:1319;1793:2019;1794:1772;1795:1156
76.0019,1788885388.0252,6,590.77,7082.46,7673.23,1407.2,9052.9,54200.6,0.0,1486.247,22.612,305.804,1766:12;1792:1564;1793:2340;1794:1870;1795:1296
76.1181,1788885388.1415,6,591.02,6865.90,7456.92,1455.5,9265.1,53988.3,0.0,1497.905,22.704,305.804,1766:12;1792:1588;1793:1972;1794:1836;1795:1458
76.2332,1788885388.2566,6,591.38,7122.71,7714.09,1408.0,9348.6,53904.9,0.0,1498.204,22.745,305.804,1766:12;1792:1625;1793:1953;1794:1885;1795:1648
76.3424,1788885388.3657,6,591.82,7637.12,8228.94,1385.8,9709.0,53544.5,0.0,1500.775,22.798,305.804,1766:12;1792:1903;1793:2071;1794:1975;1795:1676
76.4519,1788885388.4753,6,592.26,7414.80,8007.06,1424.8,9859.5,53394.0,0.0,1509.658,22.836,305.804,1766:12;1792:1697;1793:2135;1794:2041;1795:1529
76.5584,1788885388.5818,6,592.98,7729.25,8322.23,1161.5,10200.8,53052.6,0.0,1509.970,22.910,305.804,1766:12;1792:1861;1793:2204;1794:2078;1795:1574
76.6644,1788885388.6878,6,593.73,7904.98,8498.71,1278.0,10448.2,52805.3,0.0,1520.203,22.937,305.804,1766:12;1792:1912;1793:2181;1794:2150;1795:1650
76.7714,1788885388.7947,6,594.58,8195.59,8790.17,1174.9,10741.3,52512.1,0.0,1520.472,22.966,305.804,1766:12;1792:1943;1793:2330;1794:2228;1795:1682
76.8778,1788885388.9012,6,595.14,8381.02,8976.16,699.5,10833.9,52419.6,0.0,1531.656,23.099,305.804,1766:12;1792:2060;1793:2365;1794:2268;1795:1676
76.9836,1788885389.0070,6,595.19,8429.63,9024.82,1045.1,10895.1,52358.3,0.0,1532.836,23.323,305.804,1766:12;1792:2074;1793:2375;1794:2276;1795:1692
77.0880,1788885389.1114,6,595.19,8550.01,9145.20,914.1,10939.2,52314.2,0.0,1546.569,23.603,305.804,1766:12;1792:2104;1793:2407;1794:2318;1795:1708
77.2005,1788885389.2239,6,595.25,8738.17,9333.42,1364.0,11045.8,52207.7,0.0,1551.225,23.792,305.804,1766:12;1792:2129;1793:2499;1794:2321;1795:1776
77.3082,1788885389.3315,6,595.26,8651.28,9246.54,997.1,11137.4,52116.1,0.0,1556.542,24.013,305.804,1766:12;1792:2127;1793:2470;1794:2308;1795:1733
77.4144,1788885389.4378,6,595.26,8694.84,9290.09,887.1,11145.4,52108.1,0.0,1563.304,24.298,305.804,1766:12;1792:2136;1793:2472;1794:2327;1795:1748
77.5190,1788885389.5424,6,595.26,8744.86,9340.11,1098.7,11167.9,52085.6,0.0,1566.539,24.556,305.804,1766:12;1792:2142;1793:2485;1794:2351;1795:1755
77.6249,1788885389.6482,6,595.26,8805.73,9400.98,1223.3,11193.4,52060.1,0.0,1572.573,24.851,305.804,1766:12;1792:2161;1793:2497;1794:2370;1795:1765
77.7301,1788885389.7534,6,595.26,8849.89,9445.15,1065.6,11199.7,52053.8,0.0,1578.669,25.102,305.804,1766:12;1792:2160;1793:2517;1794:2379;1795:1782
77.8350,1788885389.8584,6,595.27,8958.07,9553.34,1211.2,11243.9,52009.5,0.0,1586.382,25.348,305.804,1766:12;1792:2183;1793:2600;1794:2370;1795:1793
77.9491,1788885389.9724,6,595.28,9055.72,9651.00,1108.6,11362.2,51891.2,0.0,1589.492,25.560,305.804,1766:12;1792:2180;1793:2540;1794:2527;1795:1796
78.0582,1788885390.0816,6,595.28,8925.85,9521.13,1119.8,11443.2,51810.3,0.0,1599.439,25.784,305.804,1766:12;1792:2170;1793:2551;1794:2390;1795:1802
78.1626,1788885390.1860,6,595.29,8974.96,9570.24,1240.4,11470.7,51782.7,0.0,1615.929,26.085,305.804,1766:12;1792:2188;1793:2555;1794:2405;1795:1815
78.2690,1788885390.2924,6,595.36,9049.95,9645.30,1240.0,11507.2,51746.3,0.0,1633.944,26.351,305.804,1766:12;1792:2211;1793:2575;1794:2425;1795:1826
78.3750,1788885390.3984,6,595.36,9112.63,9707.99,1085.4,11521.3,51732.2,0.0,1654.589,26.676,305.804,1766:12;1792:2226;1793:2590;1794:2446;1795:1838
78.4816,1788885390.5049,6,595.36,9130.23,9725.59,1152.9,11529.3,51724.1,0.0,1671.462,26.914,305.804,1766:12;1792:2234;1793:2596;1794:2443;1795:1846
78.5880,1788885390.6114,6,595.36,9190.74,9786.10,611.5,11537.3,51716.2,0.0,1678.542,27.206,305.804,1766:12;1792:2251;1793:2613;1794:2459;1795:1855
78.6946,1788885390.7179,6,595.36,9213.04,9808.40,1138.8,11555.0,51698.5,0.0,1698.210,27.414,305.804,1766:12;1792:2260;1793:2620;1794:2460;1795:1861
78.7987,1788885390.8221,6,595.40,9244.50,9839.90,507.9,11555.5,51698.0,0.0,1704.638,27.670,305.804,1766:12;1792:2261;1793:2631;1794:2470;1795:1871
78.9032,1788885390.9266,6,595.40,9274.00,9869.41,939.1,11566.0,51687.5,0.0,1722.291,27.894,305.804,1766:12;1792:2268;1793:2638;1794:2475;1795:1880
79.0098,1788885391.0332,6,595.40,9309.36,9904.77,507.7,11577.5,51675.9,0.0,1730.349,28.124,305.804,1766:12;1792:2278;1793:2652;1794:2483;1795:1884
79.1140,1788885391.1374,6,595.40,9337.62,9933.02,901.6,11593.9,51659.6,0.0,1748.615,28.337,305.804,1766:12;1792:2287;1793:2657;1794:2490;1795:1891
79.2183,1788885391.2416,6,595.41,9374.70,9970.11,470.4,11592.6,51660.9,0.0,1755.188,28.550,305.804,1766:12;1792:2301;1793:2670;1794:2486;1795:1905
79.3224,1788885391.3458,6,595.41,9414.76,10010.17,660.9,11596.9,51656.5,0.0,1767.181,28.767,305.804,1766:12;1792:2317;1793:2682;1794:2501;1795:1903
79.4269,1788885391.4502,6,595.43,9582.67,10178.11,785.4,11729.1,51524.3,0.0,1781.459,28.995,305.804,1766:12;1792:2312;1793:2694;1794:2645;1795:1919
79.5383,1788885391.5617,6,595.45,9997.09,10592.54,1461.0,11915.0,51338.5,0.0,1795.217,29.099,305.804,1766:12;1792:2339;1793:2774;1794:2839;1795:2032
79.6505,1788885391.6739,6,595.50,9805.79,10401.29,1328.6,11951.2,51302.2,0.0,1801.763,29.295,305.804,1766:12;1792:2457;1793:2792;1794:2531;1795:2013
79.7620,1788885391.7854,6,595.57,10265.98,10861.55,1368.1,12269.4,50984.1,0.0,1809.833,29.452,305.804,1766:12;1792:2636;1793:2883;1794:2553;1795:2182
79.8780,1788885391.9014,6,595.71,10027.99,10623.70,1383.1,12430.9,50822.6,0.0,1812.523,29.632,305.804,1766:12;1792:2360;1793:2775;1794:2566;1795:2314
79.9842,1788885392.0076,6,595.78,9736.22,10332.00,1013.3,12349.9,50903.6,0.0,1819.383,29.859,305.804,1766:12;1792:2336;1793:2735;1794:2567;1795:2087
80.0908,1788885392.1142,6,595.78,9814.81,10410.59,948.2,12360.0,50893.5,0.0,1825.357,30.156,305.804,1766:12;1792:2350;1793:2755;1794:2580;1795:2117
80.1980,1788885392.2214,6,595.78,9871.97,10467.75,1026.3,12371.8,50881.6,0.0,1829.988,30.420,305.804,1766:12;1792:2364;1793:2774;1794:2606;1795:2116
80.3049,1788885392.3283,6,595.78,9919.54,10515.32,1078.4,12388.2,50865.3,0.0,1835.942,30.703,305.804,1766:12;1792:2384;1793:2782;1794:2618;1795:2123
80.4121,1788885392.4355,6,595.78,9977.39,10573.18,911.1,12396.2,50857.3,0.0,1843.612,31.020,305.804,1766:12;1792:2395;1793:2795;1794:2637;1795:2137
80.5185,1788885392.5419,6,595.79,10026.63,10622.42,1023.9,12416.2,50837.3,0.0,1848.120,31.310,305.804,1766:12;1792:2413;1793:2802;1794:2644;1795:2154
80.6237,1788885392.6471,6,595.80,10117.68,10713.48,955.7,12434.1,50819.4,0.0,1854.948,31.567,305.804,1766:12;1792:2458;1793:2812;1794:2670;1795:2167
80.7316,1788885392.7550,6,595.80,10139.16,10734.96,1042.5,12474.1,50779.4,0.0,1859.047,31.807,305.804,1766:12;1792:2436;1793:2827;1794:2675;1795:2188
80.8383,1788885392.8617,6,595.80,10194.70,10790.50,930.0,12494.3,50759.2,0.0,1866.564,32.095,305.804,1766:12;1792:2452;1793:2843;1794:2691;1795:2197
80.9447,1788885392.9681,6,595.81,10249.98,10845.79,1047.0,12515.2,50738.3,0.0,1872.813,32.394,305.804,1766:12;1792:2465;1793:2852;1794:2715;1795:2205
81.0500,1788885393.0734,6,595.84,10320.05,10915.89,1131.9,12617.6,50635.9,0.0,1883.047,32.631,305.804,1766:12;1792:2480;1793:2869;1794:2750;1795:2209
81.1590,1788885393.1823,6,595.90,10357.60,10953.50,885.1,12684.6,50568.8,0.0,1890.866,32.874,305.804,1766:12;1792:2495;1793:2877;1794:2743;1795:2231
81.2633,1788885393.2867,6,595.90,10409.50,11005.41,729.1,12695.5,50557.9,0.0,1897.562,33.161,305.804,1766:12;1792:2508;1793:2889;1794:2756;1795:2244
81.3675,1788885393.3909,6,595.90,10449.51,11045.41,822.0,12704.2,50549.3,0.0,1909.230,33.415,305.804,1766:12;1792:2522;1793:2896;1794:2767;1795:2252
81.4721,1788885393.4955,6,595.90,10491.36,11087.26,905.2,12717.6,50535.9,0.0,1916.581,33.689,305.804,1766:12;1792:2531;1793:2909;1794:2775;1795:2265
81.5784,1788885393.6018,6,595.90,10533.19,11129.09,779.4,12718.0,50535.5,0.0,1930.363,34.004,305.804,1766:12;1792:2544;1793:2914;1794:2790;1795:2273
81.6834,1788885393.7068,6,595.91,10571.90,11167.81,1006.1,12750.6,50502.8,0.0,1942.371,34.249,305.804,1766:12;1792:2566;1793:2927;1794:2794;1795:2273
81.7878,1788885393.8111,6,595.93,10630.36,11226.29,716.9,12754.7,50498.8,0.0,1947.049,34.538,305.804,1766:12;1792:2590;1793:2940;1794:2803;1795:2285
81.8925,1788885393.9159,6,595.96,10952.20,11548.16,1271.6,12980.2,50273.3,0.0,1965.575,34.750,305.804,1766:12;1792:2689;1793:3048;1794:2903;1795:2300
82.0073,1788885394.0307,6,595.98,10926.41,11522.39,1438.9,13037.8,50215.7,0.0,1971.764,34.926,305.804,1766:12;1792:2679;1793:3073;1794:2882;1795:2280
82.1171,1788885394.1404,6,596.00,10900.80,11496.80,1317.0,12939.1,50314.3,0.0,1979.113,35.232,305.804,1766:12;1792:2628;1793:3072;1794:2892;1795:2296
82.2246,1788885394.2480,6,596.02,10884.43,11480.45,1339.4,12972.7,50280.8,0.0,1990.361,35.463,305.804,1766:12;1792:2651;1793:3014;1794:2901;1795:2307
82.3320,1788885394.3554,6,596.02,10884.32,11480.34,1146.4,12957.0,50296.4,0.0,1996.425,35.761,305.804,1766:12;1792:2644;1793:3044;1794:2870;1795:2313
82.4410,1788885394.4644,6,596.02,10946.18,11542.20,1351.1,13072.0,50181.4,0.0,2008.042,36.045,305.804,1766:12;1792:2674;1793:3048;1794:2891;1795:2321
82.5477,1788885394.5711,6,596.04,11056.32,11652.36,1008.3,13150.1,50103.4,0.0,2016.344,36.337,305.804,1766:12;1792:2693;1793:3124;1794:2899;1795:2327
82.6539,1788885394.6773,6,596.07,11106.79,11702.86,1099.1,13251.7,50001.8,0.0,2024.287,36.601,305.804,1766:12;1792:2710;1793:3134;1794:2914;1795:2337
82.7608,1788885394.7841,6,596.10,11233.20,11829.29,1303.4,13325.8,49927.7,0.0,2034.260,36.868,305.804,1766:12;1792:2784;1793:3107;1794:2986;1795:2344
82.8670,1788885394.8904,6,596.20,11248.40,11844.60,1017.2,13305.4,49948.1,0.0,2037.706,37.170,305.804,1766:12;1792:2800;1793:3116;1794:2973;1795:2348
82.9730,1788885394.9964,6,596.36,11289.91,11886.27,1333.3,13410.8,49842.7,0.0,2049.833,37.399,305.804,1766:12;1792:2832;1793:3135;1794:2957;1795:2354
83.0796,1788885395.1030,6,596.63,11476.45,12073.07,1178.6,13559.8,49693.7,0.0,2053.791,37.692,305.804,1766:12;1792:2941;1793:3148;1794:3001;1795:2374
83.1873,1788885395.2107,6,596.70,11930.50,12527.20,1547.3,13991.9,49261.6,0.0,2062.234,37.839,305.804,1766:12;1792:3020;1793:3247;1794:3080;1795:2570
83.3010,1788885395.3244,6,596.72,12249.52,12846.24,1467.2,14439.0,48814.4,0.0,2067.159,37.971,305.804,1766:12;1792:3087;1793:3320;1794:3147;1795:2682
83.4071,1788885395.4305,6,596.73,12457.27,13054.00,1434.1,14669.3,48584.2,0.0,2078.485,38.179,305.804,1766:12;1792:3196;1793:3430;1794:3182;1795:2637
83.5171,1788885395.5404,6,596.74,12490.60,13087.34,1390.0,14724.5,48529.0,0.0,2080.806,38.259,305.804,1766:12;1792:3241;1793:3387;1794:3368;1795:2483
83.6245,1788885395.6479,6,596.77,12822.14,13418.91,1256.6,15044.5,48209.0,0.0,2082.460,38.390,305.804,1766:12;1792:3284;1793:3550;1794:3520;1795:2456
83.7362,1788885395.7596,6,596.91,12932.27,13529.18,1500.8,15280.9,47972.6,0.0,2088.018,38.458,305.804,1766:12;1792:3491;1793:3323;1794:3482;1795:2624
83.8548,1788885395.8782,6,597.02,13557.44,14154.46,1519.9,15570.7,47682.8,0.0,2088.087,38.482,305.804,1766:12;1792:3743;1793:3454;1794:3519;1795:2829
83.9636,1788885395.9870,6,597.07,13239.54,13836.61,1416.1,15810.2,47443.3,0.0,2088.331,38.520,305.804,1766:12;1792:3714;1793:3290;1794:3627;1795:2596
84.0701,1788885396.0934,6,597.17,13454.67,14051.84,1434.3,15842.7,47410.7,0.0,2088.552,38.551,305.804,1766:12;1792:3778;1793:3428;1794:3694;1795:2543
84.1774,1788885396.2008,6,597.47,13374.14,13971.61,1386.3,16027.8,47225.7,0.0,2088.608,38.579,305.804,1766:12;1792:3819;1793:3204;1794:3764;1795:2575
84.2900,1788885396.3134,6,597.60,13796.84,14394.43,1336.1,16222.1,47031.3,0.0,2088.662,38.600,305.804,1766:12;1792:3821;1793:3347;1794:3979;1795:2637
84.4057,1788885396.4291,6,597.73,14020.36,14618.09,1338.7,16757.5,46496.0,0.0,2088.782,38.632,305.804,1766:12;1792:3799;1793:3278;1794:4095;1795:2835
84.5197,1788885396.5431,6,597.77,14360.32,14958.08,1444.8,16730.7,46522.8,0.0,2088.830,38.634,305.804,1766:12;1792:3903;1793:3340;1794:4220;1795:2885
84.6366,1788885396.6600,6,597.84,13935.47,14533.31,1020.3,16697.5,46556.0,0.0,2088.830,38.634,305.804,1766:12;1792:3614;1793:3390;1794:3999;1795:2920
84.7431,1788885396.7664,6,597.90,14428.75,15026.65,1449.1,17138.1,46115.3,0.0,2088.830,38.634,305.804,1766:12;1792:3554;1793:3828;1794:4168;1795:2866
84.8592,1788885396.8826,6,598.02,14580.09,15178.11,1405.4,17303.7,45949.8,0.0,2088.830,38.634,305.804,1766:12;1792:3677;1793:3876;1794:4215;1795:2799
84.9690,1788885396.9924,6,598.17,13892.00,14490.17,1403.6,17103.9,46149.5,0.0,2088.830,38.642,305.804,1766:12;1792:3326;1793:4025;1794:3912;1795:2617
85.0749,1788885397.0983,6,598.23,14076.47,14674.71,790.2,17214.1,46039.4,0.0,2089.398,38.700,305.804,1766:12;1792:3330;1793:4152;1794:3907;1795:2676
85.1804,1788885397.2038,6,598.33,13935.99,14534.32,1266.1,16816.8,46436.7,0.0,2092.328,38.908,305.804,1766:12;1792:3285;1793:4493;1794:3655;1795:2491
85.2950,1788885397.3184,6,598.36,13911.98,14510.34,1526.6,16755.2,46498.3,0.0,2100.041,39.021,305.804,1766:12;1792:3232;1793:4543;1794:3693;1795:2432
85.4018,1788885397.4252,6,598.36,13919.43,14517.79,1035.4,16783.6,46469.9,0.0,2100.855,39.253,305.804,1766:12;1792:3247;1793:4610;1794:3625;1795:2425
85.5081,1788885397.5314,6,598.45,13104.54,13702.99,952.9,16455.6,46797.9,0.0,2110.760,39.404,305.804,1766:12;1792:3131;1793:3968;1794:3637;1795:2356
85.6164,1788885397.6398,6,598.65,13207.82,13806.46,1323.8,16288.0,46965.5,0.0,2111.617,39.571,305.804,1766:12;1792:3135;1793:4051;1794:3640;1795:2369
85.7226,1788885397.7460,6,598.89,13070.89,13669.78,1242.0,16226.7,47026.8,0.0,2119.919,39.743,305.804,1766:12;1792:3119;1793:4030;1794:3590;1795:2319
85.8280,1788885397.8514,6,599.12,12733.46,13332.59,1025.6,16068.2,47185.3,0.0,2123.248,39.908,305.804,1766:12;1792:3107;1793:3720;1794:3586;1795:2309
85.9343,1788885397.9577,6,599.23,12648.07,13247.30,526.1,16005.5,47248.0,0.0,2126.054,40.106,305.804,1766:12;1792:3118;1793:3613;1794:3598;1795:2307
86.0386,1788885398.0620,6,599.23,12703.21,13302.45,1084.5,15985.3,47268.2,0.0,2135.781,40.354,305.804,1766:12;1792:3119;1793:3642;1794:3611;1795:2318
86.1428,1788885398.1662,6,599.29,12722.56,13321.85,885.5,15825.5,47427.9,0.0,2144.672,40.614,305.804,1766:12;1792:3133;1793:3656;1794:3587;1795:2334
86.2492,1788885398.2726,6,599.50,12721.39,13320.90,1309.2,15787.2,47466.3,0.0,2156.405,40.836,305.804,1766:12;1792:3141;1793:3667;1794:3568;1795:2333
86.3536,1788885398.3770,6,599.64,12684.64,13284.28,1101.4,15642.0,47611.5,0.0,2169.187,41.085,305.804,1766:12;1792:3137;1793:3688;1794:3503;1795:2344
86.4600,1788885398.4834,6,599.79,12702.70,13302.48,1125.8,15660.8,47592.7,0.0,2177.992,41.278,305.804,1766:12;1792:3134;1793:3687;1794:3543;1795:2326
86.5656,1788885398.5890,6,600.00,12566.89,13166.90,968.3,15672.9,47580.6,0.0,2193.425,41.568,305.804,1766:12;1792:3146;1793:3681;1794:3398;1795:2330
86.6722,1788885398.6955,6,600.00,12621.63,13221.63,749.1,15688.9,47564.6,0.0,2201.156,41.802,305.804,1766:12;1792:3156;1793:3695;1794:3417;1795:2341
86.7774,1788885398.8008,6,600.02,12657.78,13257.80,1015.5,15708.9,47544.6,0.0,2210.065,42.070,305.804,1766:12;1792:3162;1793:3712;1794:3427;1795:2344
86.8817,1788885398.9051,6,600.02,12693.34,13293.37,787.3,15708.9,47544.6,0.0,2219.771,42.255,305.804,1766:12;1792:3171;1793:3721;1794:3437;1795:2352
86.9874,1788885399.0108,6,600.07,12706.95,13307.02,497.0,15703.5,47550.0,0.0,2226.137,42.449,305.804,1766:12;1792:3176;1793:3723;1794:3438;1795:2357
87.0941,1788885399.1174,6,600.07,12725.62,13325.69,920.0,15707.1,47546.4,0.0,2243.907,42.671,305.804,1766:12;1792:3171;1793:3747;1794:3447;1795:2349
87.1982,1788885399.2216,6,600.07,12774.15,13374.22,646.8,15710.7,47542.8,0.0,2253.415,42.976,305.804,1766:12;1792:3180;1793:3775;1794:3447;1795:2360
87.3060,1788885399.3294,6,600.09,13274.79,13874.88,1437.3,15868.6,47384.9,0.0,2273.137,43.134,305.804,1766:12;1792:3235;1793:3857;1794:3570;1795:2600
87.4191,1788885399.4425,6,600.14,13225.80,13825.94,1438.2,16010.6,47242.9,0.0,2279.621,43.275,305.804,1766:12;1792:3277;1793:3809;1794:3663;1795:2465
87.5269,1788885399.5502,6,600.21,13083.23,13683.45,1424.9,16040.6,47212.9,0.0,2284.147,43.420,305.804,1766:12;1792:3114;1793:3799;1794:3561;1795:2597
87.6328,1788885399.6562,6,600.50,12921.99,13522.49,1385.1,15969.4,47284.1,0.0,2298.371,43.622,305.804,1766:12;1792:3136;1793:3811;1794:3588;1795:2374
87.7404,1788885399.7638,6,600.68,12973.05,13573.73,1129.0,15955.2,47298.3,0.0,2306.337,43.867,305.804,1766:12;1792:3205;1793:3822;1794:3558;1795:2376
87.8467,1788885399.8701,6,600.89,13105.68,13706.57,1307.5,16061.2,47192.3,0.0,2319.203,44.058,305.804,1766:12;1792:3273;1793:3843;1794:3584;1795:2394
87.9537,1788885399.9771,6,601.11,13120.79,13721.89,1193.6,16113.6,47139.8,0.0,2325.960,44.338,305.804,1766:12;1792:3291;1793:3827;1794:3586;1795:2405
88.0602,1788885400.0836,6,601.37,13106.61,13707.98,1106.7,16081.5,47172.0,0.0,2336.701,44.536,305.804,1766:12;1792:3206;1793:3818;1794:3658;1795:2413
88.1668,1788885400.1902,6,601.56,13014.99,13616.55,956.9,16066.1,47187.4,0.0,2341.646,44.737,305.804,1766:12;1792:3150;1793:3811;1794:3640;1795:2402
88.2724,1788885400.2958,6,601.60,13084.48,13686.08,769.5,16070.8,47182.7,0.0,2351.197,45.003,305.804,1766:12;1792:3165;1793:3831;1794:3663;1795:2413
88.3790,1788885400.4024,6,601.67,13064.23,13665.90,1100.9,16070.8,47182.7,0.0,2357.537,45.184,305.804,1766:12;1792:3166;1793:3822;1794:3649;1795:2414
88.4850,1788885400.5084,6,601.74,13154.17,13755.91,817.4,16076.3,47177.2,0.0,2364.195,45.488,305.804,1766:12;1792:3192;1793:3851;1794:3669;1795:2430
88.5975,1788885400.6209,6,601.76,13357.70,13959.46,1387.0,16307.5,46946.0,0.0,2372.977,45.678,305.804,1766:12;1792:3179;1793:4039;1794:3682;1795:2446
88.7050,1788885400.7284,6,601.77,13387.56,13989.33,1392.1,16354.3,46899.2,0.0,2373.907,45.903,305.804,1766:12;1792:3197;1793:4055;1794:3680;1795:2443
88.8119,1788885400.8352,6,601.84,13333.46,13935.30,1277.4,16122.2,47131.3,0.0,2383.110,46.156,305.804,1766:12;1792:3170;1793:3992;1794:3708;1795:2452
88.9182,1788885400.9416,6,601.85,13330.95,13932.80,1021.8,16134.1,47119.4,0.0,2385.823,46.380,305.804,1766:12;1792:3184;1793:4002;1794:3689;1795:2444
89.0250,1788885401.0483,6,601.85,13405.62,14007.46,1254.2,16150.6,47102.8,0.0,2401.299,46.664,305.804,1766:12;1792:3203;1793:4013;1794:3716;1795:2462
89.1414,1788885401.1648,6,601.85,13547.51,14149.36,1236.9,16181.0,47072.5,0.0,2415.568,46.911,305.804,1766:12;1792:3213;1793:4042;1794:3799;1795:2482
89.2464,1788885401.2698,6,601.86,13563.02,14164.89,1430.3,16268.9,46984.6,0.0,2423.925,47.174,305.804,1766:12;1792:3214;1793:4024;1794:3828;1795:2486
89.3527,1788885401.3761,6,601.87,13634.41,14236.28,1089.1,16292.0,46961.4,0.0,2432.533,47.473,305.804,1766:12;1792:3231;1793:4046;1794:3840;1795:2505
89.4600,1788885401.4834,6,601.87,13706.13,14308.00,1433.7,16353.0,46900.5,0.0,2447.753,47.700,305.804,1766:12;1792:3245;1793:4087;1794:3855;1795:2507
89.5734,1788885401.5968,6,601.88,13755.75,14357.63,1273.1,16388.8,46864.7,0.0,2453.833,47.986,305.804,1766:12;1792:3253;1793:4064;1794:3880;1795:2546
89.6799,1788885401.7033,6,601.91,13797.99,14399.90,1242.2,16474.5,46778.9,0.0,2464.035,48.222,305.804,1766:12;1792:3262;1793:4068;1794:3902;1795:2554
89.7851,1788885401.8085,6,602.05,13856.89,14458.95,1350.8,16555.0,46698.5,0.0,2476.581,48.452,305.804,1766:12;1792:3264;1793:4056;1794:3930;1795:2595
89.8920,1788885401.9154,6,602.10,13927.59,14529.69,1223.5,16602.5,46650.9,0.0,2484.429,48.668,305.804,1766:12;1792:3275;1793:4083;1794:3969;1795:2589
89.9988,1788885402.0222,6,602.28,14174.69,14776.97,1253.8,16751.2,46502.2,0.0,2494.033,48.859,305.804,1766:12;1792:3292;1793:4124;1794:4077;1795:2669
90.1057,1788885402.1291,6,602.39,13877.79,14480.18,1284.2,16595.0,46658.5,0.0,2505.819,49.039,305.804,1766:12;1792:3295;1793:4027;1794:3928;1795:2615
90.2100,1788885402.2333,6,602.39,13957.31,14559.71,818.2,16614.6,46638.8,0.0,2516.371,49.315,305.804,1766:12;1792:3314;1793:4050;1794:3945;1795:2635
90.3166,1788885402.3399,6,602.40,13982.95,14585.35,1080.0,16623.3,46630.1,0.0,2525.957,49.587,305.804,1766:12;1792:3319;1793:4057;1794:3955;1795:2641
90.4230,1788885402.4464,6,602.40,14053.65,14656.05,856.6,16628.2,46625.2,0.0,2546.701,49.839,305.804,1766:12;1792:3336;1793:4065;1794:3972;1795:2668
90.5316,1788885402.5550,6,602.40,14057.23,14659.64,1063.2,16646.4,46607.1,0.0,2550.108,50.079,305.804,1766:12;1792:3329;1793:4075;1794:3982;1795:2660
90.6357,1788885402.6591,6,602.40,14128.68,14731.08,763.8,16658.0,46595.5,0.0,2562.955,50.331,305.804,1766:12;1792:3344;1793:4087;1794:3998;1795:2688
90.7420,1788885402.7654,6,602.40,14123.57,14725.97,987.6,16667.9,46585.6,0.0,2573.802,50.588,305.804,1766:12;1792:3350;1793:4097;1794:3994;1795:2670
90.8460,1788885402.8694,6,602.42,14167.58,14770.00,816.5,16677.4,46576.1,0.0,2583.536,50.869,305.804,1766:12;1792:3358;1793:4100;1794:4011;1795:2687
90.9509,1788885402.9743,6,602.42,14219.60,14822.02,908.1,16681.9,46571.6,0.0,2599.857,51.115,305.804,1766:12;1792:3369;1793:4108;1794:4023;1795:2708
91.0580,1788885403.0814,6,602.49,14646.59,15249.09,1482.4,16988.1,46265.3,0.0,2608.353,51.249,305.804,1766:12;1792:3636;1793:4123;1794:4055;1795:2820
91.1722,1788885403.1956,6,602.70,14889.97,15492.67,1465.8,17291.5,45962.0,0.0,2613.145,51.310,305.804,1766:12;1792:3691;1793:4196;1794:4117;1795:2873
91.2819,1788885403.3052,6,602.79,15014.32,15617.11,1445.1,17200.3,46053.1,0.0,2616.021,51.404,305.804,1766:12;1792:3679;1793:4195;1794:4135;1795:2993
91.3894,1788885403.4128,6,602.84,15007.27,15610.10,1387.5,17420.4,45833.1,0.0,2622.458,51.559,305.804,1766:12;1792:3521;1793:4258;1794:4152;1795:3064
91.4985,1788885403.5219,6,602.88,15122.26,15725.13,1429.7,17595.9,45657.6,0.0,2626.116,51.745,305.804,1766:12;1792:3506;1793:4282;1794:4190;1795:3131
91.6130,1788885403.6363,6,602.96,15350.02,15952.98,1506.8,17893.1,45360.4,0.0,2643.954,51.920,305.804,1766:12;1792:3580;1793:4398;1794:4247;1795:3113
91.7267,1788885403.7501,6,603.05,15431.81,16034.86,1434.4,17971.9,45281.6,0.0,2645.580,52.089,305.804,1766:12;1792:3611;1793:4397;1794:4279;1795:3133
91.8380,1788885403.8614,6,603.15,15673.59,16276.73,1469.4,17963.3,45290.2,0.0,2655.945,52.238,305.804,1766:12;1792:3699;1793:4439;1794:4282;1795:3241
91.9459,1788885403.9693,6,603.18,15876.64,16479.83,1497.0,18117.8,45135.7,0.0,2663.534,52.386,305.804,1766:12;1792:3736;1793:4450;1794:4285;1795:3393
92.0530,1788885404.0764,6,603.22,16043.34,16646.56,1440.9,18347.2,44906.3,0.0,2669.254,52.524,305.804,1766:12;1792:3787;1793:4473;1794:4343;1795:3428
92.1641,1788885404.1874,6,603.27,15991.38,16594.65,1473.8,18305.9,44947.6,0.0,2679.760,52.711,305.804,1766:12;1792:3808;1793:4513;1794:4350;1795:3308
92.2704,1788885404.2938,6,603.30,16075.37,16678.67,1444.6,18344.3,44909.2,0.0,2687.003,52.826,305.804,1766:12;1792:3956;1793:4521;1794:4323;1795:3262
92.3782,1788885404.4016,6,603.31,16280.03,16883.34,1402.9,18535.4,44718.1,0.0,2692.773,53.007,305.804,1766:12;1792:4098;1793:4576;1794:4373;1795:3220
92.4859,1788885404.5093,6,603.38,16328.23,16931.61,1460.2,18547.0,44706.4,0.0,2700.805,53.159,305.804,1766:12;1792:4198;1793:4562;1794:4405;1795:3152
92.6009,1788885404.6243,6,603.47,16865.72,17469.19,1448.2,18905.1,44348.4,0.0,2703.286,53.210,305.804,1766:12;1792:4141;1793:4629;1794:4858;1795:3225
92.7111,1788885404.7344,6,603.53,17118.52,17722.05,1522.0,19047.6,44205.8,0.0,2711.445,53.305,305.804,1766:12;1792:4191;1793:4709;1794:4970;1795:3236
92.8326,1788885404.8560,6,603.71,17285.63,17889.34,1501.5,19639.6,43613.9,0.0,2711.579,53.321,305.804,1766:12;1792:4183;1793:4994;1794:4819;1795:3278
92.9415,1788885404.9649,6,603.76,17473.52,18077.29,1491.9,20041.6,43211.8,0.0,2715.302,53.398,305.804,1766:12;1792:4188;1793:5045;1794:4908;1795:3320
93.0565,1788885405.0799,6,603.80,17460.76,18064.55,1554.9,20036.1,43217.4,0.0,2722.732,53.434,305.804,1766:12;1792:4223;1793:4902;1794:4825;1795:3498
93.1671,1788885405.1905,6,603.83,17562.44,18166.27,1468.0,20027.6,43225.9,0.0,2725.945,53.525,305.804,1766:12;1792:4225;1793:5019;1794:4768;1795:3539
93.2810,1788885405.3044,6,603.94,17116.55,17720.48,1514.3,20010.0,43243.4,0.0,2736.209,53.567,305.804,1766:12;1792:4148;1793:5118;1794:4733;1795:3106
93.3893,1788885405.4127,6,604.25,17008.93,17613.18,1198.1,19834.1,43419.3,0.0,2738.263,53.655,305.804,1766:12;1792:4000;1793:5111;1794:4738;1795:3147
93.4950,1788885405.5184,6,604.46,16627.35,17231.81,1337.4,19383.0,43870.4,0.0,2744.755,53.721,305.804,1766:12;1792:3756;1793:5369;1794:4354;1795:3136
93.6024,1788885405.6258,6,604.50,16874.07,17478.57,1306.8,19577.3,43676.2,0.0,2752.878,53.871,305.804,1766:12;1792:3793;1793:5569;1794:4415;1795:3085
93.7101,1788885405.7334,6,604.53,16975.10,17579.63,1488.0,19629.8,43623.7,0.0,2762.416,54.016,305.804,1766:12;1792:3783;1793:5653;1794:4442;1795:3084
93.8201,1788885405.8435,6,604.70,17030.83,17635.52,1422.8,19679.9,43573.6,0.0,2772.842,54.193,305.804,1766:12;1792:3727;1793:5709;1794:4474;1795:3109
93.9280,1788885405.9514,6,604.71,16998.34,17603.05,1231.8,19596.5,43656.9,0.0,2785.547,54.377,305.804,1766:12;1792:3761;1793:5775;1794:4390;1795:3060
94.0353,1788885406.0587,6,604.79,16845.59,17450.38,1185.3,19541.3,43712.2,0.0,2796.817,54.534,305.804,1766:12;1792:3728;1793:5632;1794:4456;1795:3018
94.1460,1788885406.1694,6,604.82,17284.47,17889.29,1472.8,19927.9,43325.5,0.0,2805.598,54.681,305.804,1766:12;1792:3786;1793:5781;1794:4643;1795:3063
94.2559,1788885406.2792,6,604.86,17239.35,17844.20,1428.8,20088.3,43165.2,0.0,2806.974,54.780,305.804,1766:12;1792:3749;1793:5873;1794:4565;1795:3039
94.3630,1788885406.3864,6,604.87,16586.56,17191.43,1332.0,19536.4,43717.1,0.0,2823.322,55.006,305.804,1766:12;1792:3734;1793:5312;1794:4526;1795:3002
94.4695,1788885406.4928,6,604.89,16002.37,16607.26,1285.6,19445.6,43807.9,0.0,2833.965,55.228,305.804,1766:12;1792:3652;1793:5039;1794:4345;1795:2954
94.5753,1788885406.5987,6,604.91,15794.11,16399.02,1013.3,19338.9,43914.6,0.0,2846.828,55.481,305.804,1766:12;1792:3658;1793:4896;1794:4309;1795:2919
94.6819,1788885406.7053,6,604.93,15953.67,16558.60,1011.4,19397.6,43855.8,0.0,2859.882,55.689,305.804,1766:12;1792:3660;1793:4911;1794:4452;1795:2919
94.7865,1788885406.8099,6,605.04,16012.60,16617.64,1110.8,19245.9,44007.6,0.0,2866.367,55.891,305.804,1766:12;1792:3778;1793:4915;1794:4364;1795:2943
94.8929,1788885406.9163,6,605.17,15841.70,16446.86,1286.1,19210.8,44042.7,0.0,2881.368,56.052,305.804,1766:12;1792:3676;1793:4901;1794:4357;1795:2896
94.9994,1788885407.0228,6,605.36,15879.00,16484.37,1260.9,19191.2,44062.3,0.0,2890.093,56.261,305.804,1766:12;1792:3678;1793:4901;1794:4390;1795:2898
95.1058,1788885407.1291,6,605.56,15814.21,16419.77,1220.1,19089.0,44164.5,0.0,2906.197,56.460,305.804,1766:12;1792:3677;1793:4908;1794:4328;1795:2889
95.2130,1788885407.2364,6,605.78,15855.06,16460.84,1137.0,19077.8,44175.7,0.0,2918.742,56.676,305.804,1766:12;1792:3674;1793:4894;1794:4394;1795:2880
95.3197,1788885407.3431,6,605.99,15886.35,16492.34,1357.5,19062.6,44190.9,0.0,2942.475,56.856,305.804,1766:12;1792:3676;1793:4905;1794:4423;1795:2870
95.4261,1788885407.4495,6,606.16,15821.82,16427.99,1120.7,19025.2,44228.3,0.0,2945.780,57.051,305.804,1766:12;1792:3672;1793:4890;1794:4402;1795:2846
95.5303,1788885407.5537,6,606.18,15923.20,16529.38,851.8,18954.4,44299.1,0.0,2961.305,57.247,305.804,1766:12;1792:3694;1793:4948;1794:4411;1795:2857
95.6348,1788885407.6581,6,606.20,16223.41,16829.61,1140.8,19173.9,44079.6,0.0,2977.496,57.496,305.804,1766:12;1792:3697;1793:5229;1794:4422;1795:2863
95.7416,1788885407.7649,6,606.23,15977.52,16583.75,1160.4,18888.9,44364.6,0.0,2998.303,57.666,305.804,1766:12;1792:3707;1793:4916;1794:4466;1795:2876
95.8540,1788885407.8774,6,606.33,16060.84,16667.18,1338.6,18929.6,44323.9,0.0,3017.013,57.867,305.804,1766:12;1792:3776;1793:4910;1794:4448;1795:2914
95.9606,1788885407.9839,6,606.35,16036.20,16642.54,1341.9,19066.3,44187.2,0.0,3027.874,58.033,305.804,1766:12;1792:3755;1793:4923;1794:4438;1795:2907
96.0671,1788885408.0905,6,606.36,16014.39,16620.75,1048.4,18888.9,44364.6,0.0,3032.253,58.277,305.804,1766:12;1792:3766;1793:4922;1794:4432;1795:2882
96.1733,1788885408.1967,6,606.43,16039.19,16645.62,1148.7,18948.8,44304.7,0.0,3055.384,58.438,305.804,1766:12;1792:3749;1793:4923;1794:4453;1795:2902
96.2827,1788885408.3061,6,606.55,16063.72,16670.28,1012.4,18973.4,44280.1,0.0,3060.742,58.696,305.804,1766:12;1792:3758;1793:4945;1794:4448;1795:2901
96.3900,1788885408.4134,6,606.68,16114.34,16721.02,1299.6,18985.2,44268.2,0.0,3088.015,58.887,305.804,1766:12;1792:3769;1793:4970;1794:4457;1795:2906
96.4967,1788885408.5201,6,606.82,16130.88,16737.70,936.8,19001.3,44252.2,0.0,3089.712,59.100,305.804,1766:12;1792:3769;1793:4994;1794:4449;1795:2907
96.6031,1788885408.6265,6,607.00,16205.68,16812.68,1280.3,19019.5,44233.9,0.0,3120.112,59.310,305.804,1766:12;1792:3804;1793:5008;1794:4469;1795:2912
96.7140,1788885408.7374,6,607.14,16480.27,17087.41,1452.7,19186.2,44067.3,0.0,3122.550,59.410,305.804,1766:12;1792:3870;1793:5034;1794:4597;1795:2968
96.8221,1788885408.8454,6,607.39,16337.10,16944.49,1366.4,19131.7,44121.8,0.0,3140.750,59.591,305.804,1766:12;1792:3812;1793:5103;1794:4519;1795:2891
96.9304,1788885408.9538,6,607.65,16337.71,16945.37,1421.5,19222.1,44031.4,0.0,3156.003,59.701,305.804,1766:12;1792:3809;1793:5101;1794:4529;1795:2886
97.0365,1788885409.0599,6,607.71,16384.06,16991.77,734.7,19217.2,44036.3,0.0,3175.063,59.950,305.804,1766:12;1792:3815;1793:5101;1794:4549;1795:2907
97.1429,1788885409.1662,6,607.77,16449.24,17057.02,1134.5,19223.3,44030.2,0.0,3201.174,60.195,305.804,1766:12;1792:3851;1793:5112;1794:4561;1795:2913
97.2503,1788885409.2737,6,607.84,16473.96,17081.80,1221.8,19242.0,44011.4,0.0,3216.681,60.448,305.804,1766:12;1792:3856;1793:5128;1794:4561;1795:2916
97.3567,1788885409.3801,6,607.91,16502.81,17110.73,738.7,19250.1,44003.4,0.0,3230.760,60.655,305.804,1766:12;1792:3870;1793:5139;1794:4567;1795:2915
97.4637,1788885409.4871,6,607.91,16537.76,17145.68,974.7,19258.6,43994.9,0.0,3259.127,60.901,305.804,1766:12;1792:3874;1793:5141;1794:4578;1795:2932
97.5681,1788885409.5915,6,607.91,16554.82,17162.74,966.4,19267.1,43986.4,0.0,3272.069,61.141,305.804,1766:12;1792:3875;1793:5163;1794:4577;1795:2928
97.6739,1788885409.6973,6,607.91,16631.75,17239.67,733.5,19283.1,43970.4,0.0,3301.534,61.387,305.804,1766:12;1792:3890;1793:5187;1794:4594;1795:2949
97.7831,1788885409.8064,6,608.00,16736.87,17344.87,1277.9,19334.2,43919.3,0.0,3315.033,61.570,305.804,1766:12;1792:3942;1793:5202;1794:4610;1795:2970
97.8959,1788885409.9193,6,608.02,16831.18,17439.19,1293.8,19455.2,43798.3,0.0,3330.034,61.731,305.804,1766:12;1792:3976;1793:5291;1794:4604;1795:2948
98.0024,1788885410.0258,6,608.03,16968.54,17576.57,1190.1,19616.4,43637.1,0.0,3350.145,61.934,305.804,1766:12;1792:4042;1793:5364;1794:4598;1795:2953
98.1095,1788885410.1329,6,608.05,16893.54,17501.59,1349.3,19617.5,43636.0,0.0,3367.137,62.094,305.804,1766:12;1792:4026;1793:5250;1794:4622;1795:2984
98.2179,1788885410.2412,6,608.08,17018.42,17626.50,1451.7,19724.5,43528.9,0.0,3381.171,62.242,305.804,1766:12;1792:4004;1793:5262;1794:4582;1795:3159
98.3251,1788885410.3484,6,608.14,16924.07,17532.20,1328.6,19827.5,43426.0,0.0,3398.409,62.443,305.804,1766:12;1792:3990;1793:5301;1794:4544;1795:3077
98.4362,1788885410.4595,6,608.29,16916.68,17524.97,1188.2,19724.3,43529.2,0.0,3408.982,62.715,305.804,1766:12;1792:4027;1793:5293;1794:4535;1795:3050
98.5430,1788885410.5664,6,608.46,16960.72,17569.18,1292.5,19720.5,43533.0,0.0,3433.192,62.908,305.804,1766:12;1792:4009;1793:5327;1794:4543;1795:3070
98.6544,1788885410.6778,6,608.46,16998.16,17606.62,942.3,19727.7,43525.8,0.0,3445.832,63.201,305.804,1766:12;1792:4020;1793:5340;1794:4548;1795:3078
98.7610,1788885410.7844,6,608.46,17063.79,17672.25,1168.0,19739.5,43514.0,0.0,3464.369,63.437,305.804,1766:12;1792:4031;1793:5366;1794:4569;1795:3086
98.8665,1788885410.8899,6,608.54,17096.00,17704.54,976.3,19751.9,43501.6,0.0,3477.671,63.690,305.804,1766:12;1792:4029;1793:5385;1794:4568;1795:3101
98.9723,1788885410.9957,6,608.61,17157.73,17766.33,1147.2,19767.2,43486.3,0.0,3489.901,63.956,305.804,1766:12;1792:4052;1793:5417;1794:4576;1795:3100
99.0785,1788885411.1018,6,608.69,17155.28,17763.96,1277.9,19743.9,43509.6,0.0,3495.715,64.194,305.804,1766:12;1792:4053;1793:5418;1794:4582;1795:3091
99.1849,1788885411.2083,6,608.78,17236.74,17845.52,702.0,19746.0,43507.5,0.0,3508.714,64.417,305.804,1766:12;1792:4109;1793:5405;1794:4606;1795:3104
99.2928,1788885411.3162,6,609.00,17420.51,18029.51,1216.8,19857.1,43396.4,0.0,3518.369,64.613,305.804,1766:12;1792:4130;1793:5546;1794:4619;1795:3113
99.4010,1788885411.4244,6,609.05,17516.82,18125.86,1444.0,20004.1,43249.4,0.0,3530.818,64.770,305.804,1766:12;1792:4136;1793:5608;1794:4617;1795:3144
99.5076,1788885411.5310,6,609.07,17599.16,18208.23,1310.0,19964.1,43289.4,0.0,3535.453,64.950,305.804,1766:12;1792:4100;1793:5740;1794:4613;1795:3133
99.6130,1788885411.6364,6,609.16,17468.93,18078.09,1414.1,19971.1,43282.4,0.0,3556.868,65.140,305.804,1766:12;1792:4116;1793:5599;1794:4635;1795:3107
99.7226,1788885411.7460,6,609.43,17652.29,18261.71,1420.4,20133.5,43120.0,0.0,3565.419,65.301,305.804,1766:12;1792:4196;1793:5663;1794:4646;1795:3135
99.8310,1788885411.8544,6,609.46,17648.06,18257.53,1190.4,20169.5,43083.9,0.0,3577.692,65.481,305.804,1766:12;1792:4193;1793:5671;1794:4616;1795:3155
99.9376,1788885411.9610,6,609.54,17693.21,18302.75,1227.9,20272.2,42981.3,0.0,3581.074,65.672,305.804,1766:12;1792:4191;1793:5722;1794:4603;1795:3165
100.0450,1788885412.0684,6,609.55,17750.00,18359.55,990.2,20231.5,43022.0,0.0,3603.505,65.926,305.804,1766:12;1792:4190;1793:5683;1794:4677;1795:3187
100.1588,1788885412.1822,6,609.55,17671.31,18280.86,1104.3,20323.2,42930.2,0.0,3610.009,66.083,305.804,1766:12;1792:4188;1793:5690;1794:4604;1795:3178
100.2652,1788885412.2886,6,609.55,17727.04,18336.59,756.8,20340.3,42913.1,0.0,3621.451,66.349,305.804,1766:12;1792:4195;1793:5707;1794:4614;1795:3199
100.3694,1788885412.3928,6,609.57,17769.77,18379.33,1079.3,20352.3,42901.2,0.0,3645.717,66.561,305.804,1766:12;1792:4202;1793:5719;1794:4624;1795:3212
100.4740,1788885412.4974,6,609.57,17799.91,18409.48,687.0,20361.9,42891.6,0.0,3658.681,66.840,305.804,1766:12;1792:4216;1793:5719;1794:4629;1795:3224
100.5806,1788885412.6040,6,609.57,17861.24,18470.81,836.4,20375.0,42878.4,0.0,3684.224,67.051,305.804,1766:12;1792:4224;1793:5738;1794:4645;1795:3242
100.6870,1788885412.7104,6,609.57,17876.91,18486.47,968.2,20391.8,42861.7,0.0,3699.034,67.286,305.804,1766:12;1792:4234;1793:5741;1794:4640;1795:3249
100.7934,1788885412.8168,6,609.62,17903.38,18513.01,947.6,20416.0,42837.5,0.0,3713.140,67.528,305.804,1766:12;1792:4233;1793:5757;1794:4647;1795:3255
100.8976,1788885412.9210,6,609.69,17953.77,18563.46,1088.2,20439.9,42813.6,0.0,3734.562,67.729,305.804,1766:12;1792:4237;1793:5785;1794:4651;1795:3269
101.0024,1788885413.0258,6,609.73,18008.86,18618.58,667.9,20442.4,42811.1,0.0,3755.241,67.933,305.804,1766:12;1792:4250;1793:5798;1794:4668;1795:3280
101.1119,1788885413.1353,6,609.73,18015.72,18625.45,591.4,20458.9,42794.6,0.0,3772.595,68.142,305.804,1766:12;1792:4243;1793:5803;1794:4672;1795:3286
101.2166,1788885413.2399,6,609.73,18057.19,18666.92,725.9,20464.2,42789.3,0.0,3797.282,68.352,305.804,1766:12;1792:4254;1793:5810;1794:4683;1795:3298
101.3213,1788885413.3447,6,609.73,18070.37,18680.09,672.0,20475.3,42778.2,0.0,3807.392,68.565,305.804,1766:12;1792:4256;1793:5812;1794:4686;1795:3304
101.4254,1788885413.4488,6,609.73,18109.84,18719.57,653.1,20487.1,42766.4,0.0,3827.620,68.757,305.804,1766:12;1792:4274;1793:5814;1794:4696;1795:3313
101.5295,1788885413.5529,6,609.73,18120.31,18730.04,769.5,20487.6,42765.9,0.0,3843.673,68.994,305.804,1766:12;1792:4268;1793:5820;1794:4701;1795:3319
101.6350,1788885413.6584,6,609.73,18158.20,18767.93,571.2,20497.2,42756.3,0.0,3865.564,69.201,305.804,1766:12;1792:4282;1793:5828;1794:4704;1795:3332
101.7419,1788885413.7653,6,609.80,18486.29,19096.09,1380.6,20676.5,42577.0,0.0,3880.288,69.359,305.804,1766:12;1792:4353;1793:5887;1794:4743;1795:3490
101.8540,1788885413.8774,6,609.89,18500.60,19110.48,1470.7,20920.6,42332.9,0.0,3896.831,69.514,305.804,1766:12;1792:4315;1793:5854;1794:4745;1795:3574
101.9652,1788885413.9885,6,610.05,18306.05,18916.10,974.1,20718.4,42535.1,0.0,3899.951,69.698,305.804,1766:12;1792:4247;1793:5855;1794:4732;1795:3460
102.0716,1788885414.0950,6,610.34,18349.96,18960.30,1118.0,20704.8,42548.7,0.0,3925.983,69.842,305.804,1766:12;1792:4248;1793:5869;1794:4739;1795:3482
102.1806,1788885414.2040,6,610.35,18359.87,18970.22,698.9,20711.0,42542.5,0.0,3929.322,70.047,305.804,1766:12;1792:4248;1793:5870;1794:4739;1795:3490
102.2848,1788885414.3082,6,610.38,18580.16,19190.54,967.8,20917.1,42336.4,0.0,3948.295,70.299,305.804,1766:12;1792:4269;1793:5927;1794:4856;1795:3516
102.3916,1788885414.4149,6,610.50,18670.21,19280.71,1491.0,20948.5,42305.0,0.0,3958.481,70.396,305.804,1766:12;1792:4256;1793:6037;1794:4815;1795:3550
102.4986,1788885414.5220,6,610.64,19009.44,19620.09,1483.2,21279.0,41974.4,0.0,3960.908,70.495,305.804,1766:12;1792:4342;1793:6142;1794:4853;1795:3661
102.6067,1788885414.6301,6,610.80,18825.29,19436.09,1371.4,21035.3,42218.2,0.0,3963.520,70.609,305.804,1766:12;1792:4329;1793:5996;1794:4893;1795:3595
102.7141,1788885414.7374,6,610.93,19074.94,19685.87,1416.8,21201.5,42052.0,0.0,3966.070,70.762,305.804,1766:12;1792:4380;1793:6022;1794:4853;1795:3808
102.8240,1788885414.8474,6,611.12,19448.67,20059.80,1411.0,21578.3,41675.2,0.0,3967.583,70.840,305.804,1766:12;1792:4487;1793:6041;1794:4988;1795:3921
102.9316,1788885414.9549,6,611.27,19462.62,20073.89,1377.2,21862.2,41391.3,0.0,3969.220,70.948,305.804,1766:12;1792:4492;1793:6070;1794:4924;1795:3965
103.0393,1788885415.0627,6,611.38,19705.80,20317.18,1375.9,22213.9,41039.6,0.0,3970.435,71.027,305.804,1766:12;1792:4515;1793:6171;1794:4912;1795:4096
103.1537,1788885415.1771,6,611.52,20084.32,20695.84,1414.2,22432.8,40820.7,0.0,3970.792,71.105,305.804,1766:12;1792:4707;1793:6414;1794:4830;1795:4122
103.2670,1788885415.2903,6,611.61,20347.41,20959.02,1441.9,22695.9,40557.6,0.0,3973.016,71.122,305.804,1766:12;1792:4875;1793:6474;1794:4815;1795:4172
103.3780,1788885415.4014,6,611.69,20653.81,21265.50,1297.5,23050.6,40202.8,0.0,3973.218,71.168,305.804,1766:12;1792:4848;1793:6608;1794:4859;1795:4326
103.4861,1788885415.5095,6,611.76,20844.53,21456.29,1288.0,23265.1,39988.3,0.0,3975.560,71.186,305.804,1766:12;1792:4854;1793:6788;1794:5046;1795:4144
103.5940,1788885415.6174,6,611.89,20823.58,21435.46,1348.2,23513.0,39740.5,0.0,3975.758,71.232,305.804,1766:12;1792:4875;1793:6886;1794:5065;1795:3984
103.7022,1788885415.7255,6,612.03,20623.10,21235.12,1140.8,23452.9,39800.6,0.0,3977.829,71.250,305.804,1766:12;1792:4773;1793:7112;1794:4917;1795:3809
103.8101,1788885415.8334,6,612.13,21072.48,21684.61,1502.6,23556.1,39697.4,0.0,3980.129,71.297,305.804,1766:12;1792:4893;1793:7401;1794:4942;1795:3825
103.9194,1788885415.9428,6,612.18,21065.64,21677.82,1389.0,23754.0,39499.5,0.0,3980.278,71.315,305.804,1766:12;1792:5005;1793:7276;1794:5044;1795:3727
104.0273,1788885416.0507,6,612.42,20432.73,21045.14,1271.1,23142.6,40110.8,0.0,3982.895,71.366,305.804,1766:12;1792:4351;1793:7151;1794:5236;1795:3683
104.1355,1788885416.1589,6,612.51,20804.77,21417.28,1440.2,23327.0,39926.4,0.0,3983.090,71.413,305.804,1766:12;1792:4437;1793:7157;1794:5380;1795:3819
104.2407,1788885416.2641,6,612.56,20745.83,21358.39,1405.7,23324.1,39929.4,0.0,3985.247,71.427,305.804,1766:12;1792:4465;1793:7187;1794:5249;1795:3833
104.3508,1788885416.3741,6,612.57,20234.58,20847.15,774.5,23133.8,40119.6,0.0,3985.598,71.432,305.804,1766:12;1792:4486;1793:7157;1794:4880;1795:3700
104.4550,1788885416.4784,6,612.66,20037.46,20650.12,779.1,23201.8,40051.7,0.0,3986.589,71.483,305.804,1766:12;1792:4430;1793:6965;1794:4930;1795:3701
104.5604,1788885416.5838,6,612.90,19911.48,20524.38,980.3,23073.8,40179.7,0.0,3988.305,71.496,305.804,1766:12;1792:4428;1793:6814;1794:4910;1795:3747
104.6658,1788885416.6891,6,613.02,20011.49,20624.51,1038.8,23275.5,39978.0,0.0,3988.512,71.540,305.804,1766:12;1792:4629;1793:6658;1794:4908;1795:3804
104.7704,1788885416.7938,6,613.15,19627.38,20240.53,1307.1,23025.8,40227.7,0.0,3991.226,71.548,305.804,1766:12;1792:4768;1793:5910;1794:4928;1795:4010
104.8786,1788885416.9020,6,613.35,19635.42,20248.77,1359.8,23039.8,40213.7,0.0,3991.226,71.548,305.804,1766:12;1792:4706;1793:6109;1794:4942;1795:3865
104.9889,1788885417.0123,6,613.46,19970.86,20584.32,1385.0,23290.3,39963.2,0.0,3991.226,71.557,305.804,1766:12;1792:4543;1793:6732;1794:4846;1795:3837
105.0971,1788885417.1205,6,613.54,20330.83,20944.36,1375.0,23617.2,39636.3,0.0,3991.424,71.597,305.804,1766:12;1792:4646;1793:6781;1794:4943;1795:3949
105.2040,1788885417.2274,6,613.73,19833.73,20447.46,1230.5,23103.1,40150.4,0.0,3991.829,71.671,305.804,1766:12;1792:4563;1793:6628;1794:4869;1795:3761
105.3106,1788885417.3339,6,613.79,19333.21,19947.00,1205.9,22925.8,40327.6,0.0,3992.543,71.841,305.804,1766:12;1792:4237;1793:6560;1794:4784;1795:3739
105.4179,1788885417.4413,6,613.86,19281.63,19895.49,1198.0,23035.8,40217.6,0.0,3997.792,72.059,305.804,1766:12;1792:4344;1793:6459;1794:4760;1795:3706
105.5235,1788885417.5469,6,613.86,19505.68,20119.54,857.8,23393.6,39859.9,0.0,3999.747,72.289,305.804,1766:12;1792:4242;1793:6643;1794:4894;1795:3715
105.6284,1788885417.6518,6,613.86,19341.00,19954.86,848.4,23700.7,39552.8,0.0,4004.370,72.502,305.804,1766:12;1792:4251;1793:6503;1794:4850;1795:3726
105.7332,1788885417.7565,6,613.86,19424.60,20038.46,850.0,23580.3,39673.2,0.0,4007.196,72.796,305.804,1766:12;1792:4146;1793:6694;1794:4834;1795:3739
105.8382,1788885417.8615,6,613.91,19249.18,19863.09,937.5,23615.9,39637.6,0.0,4013.401,73.017,305.804,1766:12;1792:4162;1793:6478;1794:4849;1795:3748
105.9424,1788885417.9658,6,613.91,19463.34,20077.25,708.4,23631.5,39622.0,0.0,4014.463,73.267,305.804,1766:12;1792:4174;1793:6676;1794:4843;1795:3759
106.0468,1788885418.0702,6,613.94,19311.34,19925.27,789.3,23795.6,39457.9,0.0,4019.222,73.468,305.804,1766:12;1792:4187;1793:6474;1794:4863;1795:3775
106.1533,1788885418.1767,6,613.94,19520.11,20134.05,709.5,23968.0,39285.5,0.0,4021.420,73.718,305.804,1766:12;1792:4187;1793:6658;1794:4878;1795:3785
106.2575,1788885418.2809,6,613.96,19591.58,20205.54,855.1,24200.8,39052.7,0.0,4025.553,73.943,305.804,1766:12;1792:4198;1793:6694;1794:4890;1795:3797
106.3641,1788885418.3874,6,613.98,19581.52,20195.50,862.5,24168.7,39084.7,0.0,4030.970,74.173,305.804,1766:12;1792:4216;1793:6643;1794:4906;1795:3805
106.4709,1788885418.4943,6,613.98,19808.27,20422.26,775.3,24253.8,38999.6,0.0,4037.003,74.413,305.804,1766:12;1792:4229;1793:6842;1794:4914;1795:3810
106.5750,1788885418.5984,6,613.98,19530.11,20144.10,726.2,24133.4,39120.1,0.0,4045.732,74.674,305.804,1766:12;1792:4235;1793:6526;1794:4935;1795:3821
106.6814,1788885418.7047,6,613.98,19598.27,20212.26,756.6,24149.6,39103.9,0.0,4053.180,74.960,305.804,1766:12;1792:4250;1793:6549;1794:4953;1795:3835
106.7855,1788885418.8089,6,614.04,19683.52,20297.56,572.2,24179.9,39073.6,0.0,4060.810,75.182,305.804,1766:12;1792:4254;1793:6612;1794:4960;1795:3844
106.8924,1788885418.9158,6,614.05,19916.13,20530.18,827.1,24393.9,38859.6,0.0,4069.641,75.397,305.804,1766:12;1792:4261;1793:6820;1794:4977;1795:3847
106.9988,1788885419.0222,6,614.08,19578.82,20192.90,1034.1,24019.3,39234.2,0.0,4081.333,75.582,305.804,1766:12;1792:4269;1793:6456;1794:4985;1795:3856
107.1029,1788885419.1263,6,614.09,19798.80,20412.88,614.7,24217.8,39035.6,0.0,4086.174,75.817,305.804,1766:12;1792:4274;1793:6650;1794:5004;1795:3859
107.2070,1788885419.2304,6,614.09,19564.67,20178.75,682.4,24330.3,38923.2,0.0,4099.695,76.073,305.804,1766:12;1792:4283;1793:6387;1794:5016;1795:3867
107.3111,1788885419.3345,6,614.11,19756.97,20371.08,1006.6,24408.9,38844.6,0.0,4107.743,76.268,305.804,1766:12;1792:4370;1793:6542;1794:5045;1795:3787
107.4155,1788885419.4389,6,614.13,19829.94,20444.07,1296.6,24416.6,38836.9,0.0,4114.852,76.450,305.804,1766:12;1792:4374;1793:6448;1794:5124;1795:3872
107.5222,1788885419.5456,6,614.21,19747.12,20361.34,982.6,24329.2,38924.3,0.0,4118.210,76.680,305.804,1766:12;1792:4334;1793:6456;1794:5139;1795:3806
107.6268,1788885419.6501,6,614.26,19816.81,20431.07,996.4,24281.6,38971.9,0.0,4123.917,76.880,305.804,1766:12;1792:4331;1793:6542;1794:5091;1795:3841
107.7312,1788885419.7546,6,614.27,19877.98,20492.25,873.9,24419.9,38833.6,0.0,4127.473,77.089,305.804,1766:12;1792:4339;1793:6557;1794:5119;1795:3851
107.8378,1788885419.8612,6,614.40,19816.05,20430.45,891.8,24430.6,38822.9,0.0,4132.693,77.305,305.804,1766:12;1792:4324;1793:6493;1794:5119;1795:3869
107.9440,1788885419.9674,6,614.40,19872.93,20487.32,739.5,24434.5,38818.9,0.0,4135.008,77.641,305.804,1766:12;1792:4341;1793:6502;1794:5134;1795:3883
108.0482,1788885420.0716,6,614.40,20016.38,20630.79,973.5,24439.6,38813.9,0.0,4142.033,77.879,305.804,1766:12;1792:4357;1793:6525;1794:5178;1795:3944
108.1543,1788885420.1777,6,614.53,19995.14,20609.67,889.1,24256.5,38997.0,0.0,4148.425,78.106,305.804,1766:12;1792:4363;1793:6520;1794:5185;1795:3915
108.2586,1788885420.2820,6,614.61,20029.34,20643.95,958.5,24156.6,39096.9,0.0,4151.390,78.351,305.804,1766:12;1792:4373;1793:6532;1794:5187;1795:3925
108.3639,1788885420.3873,6,614.75,20271.69,20886.45,1162.2,24270.2,38983.2,0.0,4157.235,78.500,305.804,1766:12;1792:4432;1793:6532;1794:5253;1795:4042
108.4719,1788885420.4953,6,614.88,20270.20,20885.07,1460.4,24381.1,38872.4,0.0,4160.233,78.660,305.804,1766:12;1792:4459;1793:6385;1794:5400;1795:4014
108.5785,1788885420.6019,6,615.02,20096.81,20711.83,1377.2,24237.2,39016.3,0.0,4163.935,78.792,305.804,1766:12;1792:4418;1793:6302;1794:5348;1795:4017
108.6849,1788885420.7083,6,615.20,19966.84,20582.04,1197.1,24169.7,39083.8,0.0,4174.995,78.981,305.804,1766:12;1792:4425;1793:6152;1794:5325;1795:4053
108.7989,1788885420.8223,6,615.61,20058.20,20673.80,1195.4,24146.7,39106.8,0.0,4178.002,79.118,305.804,1766:12;1792:4426;1793:6217;1794:5358;1795:4045
108.9051,1788885420.9285,6,615.62,20173.40,20789.02,647.0,24238.9,39014.5,0.0,4183.647,79.362,305.804,1766:12;1792:4518;1793:6228;1794:5367;1795:4049
109.0118,1788885421.0352,6,615.64,20094.31,20709.95,1226.9,24285.4,38968.1,0.0,4192.303,79.550,305.804,1766:12;1792:4452;1793:6236;1794:5338;1795:4056
109.1167,1788885421.1401,6,615.74,20144.87,20760.61,888.7,24282.5,38971.0,0.0,4195.986,79.808,305.804,1766:12;1792:4458;1793:6269;1794:5348;1795:4057
109.2213,1788885421.2446,6,615.93,20150.42,20766.35,1070.5,24349.7,38903.7,0.0,4211.285,79.977,305.804,1766:12;1792:4480;1793:6237;1794:5365;1795:4057
109.3290,1788885421.3524,6,615.97,20178.72,20794.69,798.2,24358.0,38895.4,0.0,4219.354,80.179,305.804,1766:12;1792:4493;1793:6243;1794:5374;1795:4057
109.4354,1788885421.4588,6,615.97,20229.46,20845.43,689.1,24366.0,38887.5,0.0,4230.485,80.467,305.804,1766:12;1792:4502;1793:6261;1794:5380;1795:4075
109.5400,1788885421.5633,6,615.97,20251.37,20867.34,737.5,24368.0,38885.4,0.0,4236.104,80.670,305.804,1766:12;1792:4510;1793:6268;1794:5392;1795:4069
109.6455,1788885421.6689,6,615.98,20325.00,20940.98,822.4,24373.1,38880.4,0.0,4241.382,80.888,305.804,1766:12;1792:4513;1793:6296;1794:5398;1795:4106
109.7512,1788885421.7746,6,616.00,20499.29,21115.28,1350.3,24345.0,38908.5,0.0,4250.654,81.116,305.804,1766:12;1792:4526;1793:6366;1794:5408;1795:4187
109.8650,1788885421.8884,6,616.11,20594.46,21210.57,1194.6,24422.4,38831.0,0.0,4266.734,81.378,305.804,1766:12;1792:4546;1793:6429;1794:5410;1795:4197
109.9744,1788885421.9978,6,616.23,20493.23,21109.46,1212.4,24400.2,38853.3,0.0,4279.072,81.583,305.804,1766:12;1792:4533;1793:6386;1794:5420;1795:4142
110.0849,1788885422.1083,6,616.36,20479.34,21095.70,1315.4,24351.9,38901.6,0.0,4292.380,81.775,305.804,1766:12;1792:4526;1793:6386;1794:5427;1795:4128
110.1932,1788885422.2165,6,616.37,20486.07,21102.44,983.0,24358.6,38894.9,0.0,4296.625,82.039,305.804,1766:12;1792:4531;1793:6381;1794:5428;1795:4134
110.2974,1788885422.3208,6,616.38,20536.14,21152.52,1005.1,24377.2,38876.2,0.0,4310.466,82.286,305.804,1766:12;1792:4544;1793:6389;1794:5438;1795:4153
110.4019,1788885422.4253,6,616.51,20638.87,21255.38,1107.7,24475.4,38778.1,0.0,4322.833,82.487,305.804,1766:12;1792:4557;1793:6412;1794:5485;1795:4173
110.5087,1788885422.5321,6,616.66,20646.21,21262.87,1139.2,24511.8,38741.7,0.0,4331.979,82.698,305.804,1766:12;1792:4564;1793:6411;1794:5492;1795:4167
110.6157,1788885422.6391,6,616.70,20675.79,21292.49,732.1,24522.8,38730.7,0.0,4343.634,82.931,305.804,1766:12;1792:4569;1793:6420;1794:5505;1795:4169
110.7222,1788885422.7455,6,616.70,20694.23,21310.93,871.2,24543.4,38710.1,0.0,4362.600,83.081,305.804,1766:12;1792:4578;1793:6428;1794:5503;1795:4173
110.8265,1788885422.8499,6,616.80,20717.18,21333.97,378.5,24548.0,38705.5,0.0,4375.897,83.296,305.804,1766:12;1792:4591;1793:6431;1794:5506;1795:4177
110.9331,1788885422.9564,6,616.80,20852.73,21469.53,803.8,24588.3,38665.1,0.0,4397.148,83.502,305.804,1766:12;1792:4621;1793:6517;1794:5508;1795:4194
111.0410,1788885423.0644,6,616.87,21054.60,21671.47,1446.5,24591.0,38662.5,0.0,4408.273,83.563,305.804,1766:12;1792:4712;1793:6465;1794:5539;1795:4327
111.1510,1788885423.1744,6,616.91,21073.21,21690.12,835.0,24552.0,38701.5,0.0,4419.009,83.821,305.804,1766:12;1792:4653;1793:6583;1794:5604;1795:4221
111.2650,1788885423.2884,6,617.07,21012.25,21629.32,1284.4,24555.9,38697.6,0.0,4431.752,83.976,305.804,1766:12;1792:4657;1793:6499;1794:5626;1795:4218
111.3746,1788885423.3980,6,617.14,21081.41,21698.54,1144.4,24626.1,38627.4,0.0,4433.570,84.218,305.804,1766:12;1792:4615;1793:6507;1794:5700;1795:4247
111.4790,1788885423.5024,6,617.16,21128.85,21746.01,1210.9,24808.8,38444.7,0.0,4446.392,84.402,305.804,1766:12;1792:4588;1793:6522;1794:5749;1795:4257
111.5857,1788885423.6091,6,617.28,21047.12,21664.40,818.3,24646.3,38607.2,0.0,4448.013,84.645,305.804,1766:12;1792:4589;1793:6533;1794:5654;1795:4260
111.6921,1788885423.7155,6,617.36,21102.94,21720.30,976.6,24625.8,38627.7,0.0,4460.929,84.841,305.804,1766:12;1792:4598;1793:6543;1794:5686;1795:4263
111.7963,1788885423.8197,6,617.51,21199.75,21817.26,656.5,24635.4,38618.0,0.0,4466.195,85.110,305.804,1766:12;1792:4613;1793:6557;1794:5746;1795:4272
111.9034,1788885423.9268,6,617.55,21225.88,21843.44,1081.0,24674.5,38579.0,0.0,4476.673,85.312,305.804,1766:12;1792:4611;1793:6570;1794:5757;1795:4275
112.0096,1788885424.0329,6,617.79,21295.62,21913.40,876.7,24635.0,38618.5,0.0,4478.505,85.531,305.804,1766:12;1792:4620;1793:6569;1794:5818;1795:4277
112.1154,1788885424.1388,6,617.93,21314.53,21932.46,1111.5,24504.9,38748.6,0.0,4491.110,85.694,305.804,1766:12;1792:4620;1793:6593;1794:5816;1795:4274
112.2211,1788885424.2445,6,618.16,21277.06,21895.22,926.9,24516.7,38736.7,0.0,4493.974,85.873,305.804,1766:12;1792:4615;1793:6499;1794:5879;1795:4273
112.3253,1788885424.3487,6,618.19,21319.18,21937.37,844.8,24557.6,38695.9,0.0,4507.270,86.074,305.804,1766:12;1792:4622;1793:6512;1794:5901;1795:4272
112.4295,1788885424.4528,6,618.19,21366.13,21984.32,546.8,24578.0,38675.5,0.0,4517.371,86.323,305.804,1766:12;1792:4630;1793:6522;1794:5917;1795:4285
112.5337,1788885424.5571,6,618.20,21376.02,21994.21,536.7,24586.9,38666.5,0.0,4521.092,86.496,305.804,1766:12;1792:4630;1793:6511;1794:5932;1795:4291
112.6380,1788885424.6614,6,618.24,21388.71,22006.95,874.2,24613.6,38639.9,0.0,4531.136,86.664,305.804,1766:12;1792:4631;1793:6517;1794:5939;1795:4290
112.7421,1788885424.7655,6,618.32,21440.10,22058.42,614.4,24626.8,38626.7,0.0,4538.786,86.884,305.804,1766:12;1792:4634;1793:6513;1794:5979;1795:4301
112.8463,1788885424.8697,6,618.48,21552.02,22170.50,775.8,24745.8,38507.6,0.0,4550.105,87.007,305.804,1766:12;1792:4641;1793:6518;1794:5989;1795:4392
112.9510,1788885424.9744,6,618.78,21540.00,22158.78,1206.5,24623.4,38630.1,0.0,4559.375,87.166,305.804,1766:12;1792:4632;1793:6536;1794:6018;1795:4341
113.0589,1788885425.0823,6,618.94,21946.69,22565.63,1441.5,24833.1,38420.4,0.0,4562.302,87.233,305.804,1766:12;1792:4702;1793:6666;1794:6138;1795:4429
113.1677,1788885425.1911,6,619.19,21830.73,22449.93,1341.8,24875.9,38377.6,0.0,4562.597,87.297,305.804,1766:12;1792:4625;1793:6693;1794:6117;1795:4383
113.2749,1788885425.2983,6,619.34,22043.18,22662.51,1266.7,24932.2,38321.3,0.0,4565.458,87.337,305.804,1766:12;1792:4565;1793:6747;1794:6274;1795:4446
113.3809,1788885425.4043,6,619.60,21979.02,22598.61,1198.7,24763.8,38489.7,0.0,4567.562,87.382,305.804,1766:12;1792:4543;1793:6645;1794:6368;1795:4411
113.4875,1788885425.5109,6,619.84,22328.60,22948.44,1392.3,25081.8,38171.6,0.0,4568.402,87.383,305.804,1766:12;1792:4619;1793:6779;1794:6486;1795:4432
113.5955,1788885425.6189,6,620.09,22552.30,23172.39,1388.5,25156.1,38097.4,0.0,4568.402,87.383,305.804,1766:12;1792:4629;1793:6933;1794:6464;1795:4514
113.7026,1788885425.7260,6,620.18,22554.95,23175.13,1314.5,25463.8,37789.6,0.0,4568.402,87.383,305.804,1766:12;1792:4587;1793:6954;1794:6552;1795:4449
113.8099,1788885425.8333,6,620.56,22473.97,23094.53,1193.2,25455.7,37797.8,0.0,4568.402,87.383,305.804,1766:12;1792:4624;1793:6852;1794:6568;1795:4418
113.9164,1788885425.9398,6,620.59,22654.37,23274.95,1361.8,25675.7,37577.7,0.0,4568.402,87.389,305.804,1766:12;1792:4542;1793:6843;1794:6747;1795:4510
114.0239,1788885426.0473,6,620.61,22832.16,23452.77,1361.6,25716.3,37537.2,0.0,4569.114,87.416,305.804,1766:12;1792:4627;1793:6964;1794:6651;1795:4579
114.1330,1788885426.1564,6,620.62,23353.32,23973.94,1501.4,25899.6,37353.9,0.0,4571.169,87.440,305.804,1766:12;1792:4810;1793:7131;1794:6647;1795:4754
114.2468,1788885426.2701,6,620.63,23019.34,23639.97,1423.7,25989.5,37264.0,0.0,4571.490,87.482,305.804,1766:12;1792:4710;1793:6841;1794:6672;1795:4784
114.3541,1788885426.3774,6,620.64,22968.90,23589.54,1195.0,26177.8,37075.7,0.0,4574.189,87.499,305.804,1766:12;1792:4504;1793:6770;1794:6636;1795:5046
114.4585,1788885426.4819,6,620.65,23096.12,23716.78,1099.4,26093.2,37160.3,0.0,4574.397,87.548,305.804,1766:12;1792:4478;1793:7048;1794:6630;1795:4927
114.5652,1788885426.5886,6,620.68,22862.56,23483.23,1062.4,26035.6,37217.9,0.0,4577.307,87.608,305.804,1766:12;1792:4392;1793:7236;1794:6639;1795:4583
114.6725,1788885426.6959,6,620.69,23027.91,23648.60,991.1,25806.4,37447.1,0.0,4580.059,87.697,305.804,1766:12;1792:4399;1793:7176;1794:6857;1795:4584
114.7790,1788885426.8024,6,620.74,23285.50,23906.24,1455.1,26182.8,37070.7,0.0,4580.255,87.751,305.804,1766:12;1792:4392;1793:7329;1794:6934;1795:4618
114.8850,1788885426.9084,6,620.76,23370.87,23991.63,1482.5,26686.9,36566.5,0.0,4580.679,87.851,305.804,1766:12;1792:4441;1793:7145;1794:7102;1795:4670
114.9991,1788885427.0224,6,620.82,22807.16,23427.99,1393.4,26201.2,37052.3,0.0,4583.655,87.976,305.804,1766:12;1792:4330;1793:7274;1794:6582;1795:4609
115.1084,1788885427.1318,6,620.84,22815.86,23436.70,1344.9,26292.6,36960.9,0.0,4587.448,88.108,305.804,1766:12;1792:4334;1793:6956;1794:6813;1795:4701
115.2166,1788885427.2400,6,620.84,23157.21,23778.06,1256.2,26633.5,36619.9,0.0,4590.797,88.254,305.804,1766:12;1792:4320;1793:7204;1794:6732;1795:4889
115.3255,1788885427.3489,6,620.86,22216.62,22837.48,1369.3,26229.6,37023.9,0.0,4596.760,88.437,305.804,1766:12;1792:4304;1793:6839;1794:6207;1795:4853
115.4337,1788885427.4571,6,620.90,21893.54,22514.44,1366.5,26176.7,37076.7,0.0,4601.316,88.653,305.804,1766:12;1792:4275;1793:6475;1794:6179;1795:4952
115.5423,1788885427.5657,6,620.95,21926.26,22547.21,1272.7,25963.1,37290.4,0.0,4605.733,88.869,305.804,1766:12;1792:4281;1793:6549;1794:6369;1795:4715
115.6488,1788885427.6722,6,621.04,21564.33,22185.37,1077.9,25948.3,37305.2,0.0,4609.237,89.063,305.804,1766:12;1792:4283;1793:6273;1794:6176;1795:4820
115.7563,1788885427.7797,6,621.16,21528.90,22150.06,1026.5,25973.0,37280.5,0.0,4618.480,89.174,305.804,1766:12;1792:4282;1793:6268;1794:6132;1795:4833
115.8605,1788885427.8839,6,621.26,21552.12,22173.38,417.1,25985.2,37268.3,0.0,4619.492,89.355,305.804,1766:12;1792:4283;1793:6274;1794:6134;1795:4849
115.9660,1788885427.9894,6,621.29,21693.25,22314.54,760.7,26001.3,37252.1,0.0,4627.542,89.587,305.804,1766:12;1792:4303;1793:6294;1794:6187;1795:4897
116.0730,1788885428.0964,6,621.29,21776.47,22397.76,1093.4,26087.8,37165.7,0.0,4629.113,89.849,305.804,1766:12;1792:4279;1793:6316;1794:6258;1795:4911
116.1777,1788885428.2011,6,621.30,21829.43,22450.72,1091.6,26064.1,37189.3,0.0,4637.347,90.057,305.804,1766:12;1792:4275;1793:6326;1794:6290;1795:4925
116.2852,1788885428.3086,6,621.34,21943.50,22564.83,910.6,26085.2,37168.2,0.0,4638.867,90.345,305.804,1766:12;1792:4263;1793:6474;1794:6249;1795:4945
116.3916,1788885428.4150,6,621.45,21927.71,22549.17,1216.0,25871.2,37382.2,0.0,4645.159,90.536,305.804,1766:12;1792:4279;1793:6510;1794:6243;1795:4883
116.4975,1788885428.5209,6,621.46,22156.30,22777.76,689.8,26041.9,37211.6,0.0,4648.269,90.813,305.804,1766:12;1792:4288;1793:6693;1794:6258;1795:4905
116.6018,1788885428.6252,6,621.47,21720.25,22341.72,982.7,26045.1,37208.4,0.0,4655.911,91.059,305.804,1766:12;1792:4299;1793:6351;1794:6147;1795:4912
116.7079,1788885428.7313,6,621.52,21755.19,22376.71,944.7,26028.0,37225.5,0.0,4661.795,91.273,305.804,1766:12;1792:4301;1793:6356;1794:6157;1795:4929
116.8149,1788885428.8383,6,621.64,21794.19,22415.83,783.5,26048.0,37205.4,0.0,4666.958,91.540,305.804,1766:12;1792:4308;1793:6357;1794:6161;1795:4957
116.9192,1788885428.9426,6,621.66,21894.87,22516.54,714.5,26060.0,37193.4,0.0,4674.269,91.747,305.804,1766:12;1792:4314;1793:6369;1794:6222;1795:4978
117.0242,1788885429.0476,6,621.68,21979.57,22601.25,813.2,26054.2,37199.2,0.0,4682.480,91.932,305.804,1766:12;1792:4339;1793:6382;1794:6225;1795:5021
117.1321,1788885429.1554,6,621.68,22553.26,23174.95,1390.1,26447.1,36806.3,0.0,4686.364,92.075,305.804,1766:12;1792:4542;1793:6668;1794:6332;1795:4999
117.2416,1788885429.2650,6,621.86,22382.19,23004.05,1370.1,26327.8,36925.6,0.0,4689.326,92.202,305.804,1766:12;1792:4424;1793:6592;1794:6418;1795:4936
117.3482,1788885429.3715,6,622.01,22134.23,22756.24,1121.6,26172.8,37080.7,0.0,4692.174,92.335,305.804,1766:12;1792:4396;1793:6519;1794:6291;1795:4916
117.4530,1788885429.4763,6,622.06,22067.42,22689.48,738.8,26096.3,37157.2,0.0,4695.794,92.486,305.804,1766:12;1792:4402;1793:6422;1794:6300;1795:4930
117.5572,1788885429.5806,6,622.06,22113.98,22736.05,421.4,26103.5,37150.0,0.0,4704.919,92.651,305.804,1766:12;1792:4413;1793:6432;1794:6319;1795:4937
117.6617,1788885429.6850,6,622.06,22131.77,22753.84,431.7,26113.8,37139.6,0.0,4705.716,92.858,305.804,1766:12;1792:4421;1793:6431;1794:6317;1795:4950
117.7658,1788885429.7892,6,622.06,22172.49,22794.55,489.6,26127.4,37126.1,0.0,4718.664,92.996,305.804,1766:12;1792:4426;1793:6444;1794:6333;1795:4958
117.8700,1788885429.8934,6,622.18,22189.73,22811.91,405.1,26135.6,37117.9,0.0,4719.496,93.184,305.804,1766:12;1792:4437;1793:6447;1794:6329;1795:4964
117.9764,1788885429.9998,6,622.18,22217.47,22839.64,335.5,26156.3,37097.1,0.0,4726.733,93.324,305.804,1766:12;1792:4440;1793:6449;1794:6338;1795:4977
118.0805,1788885430.1039,6,622.18,22320.93,22943.12,527.3,26179.2,37074.3,0.0,4730.617,93.444,305.804,1766:12;1792:4491;1793:6445;1794:6386;1795:4986
118.1868,1788885430.2102,6,622.20,22670.20,23292.40,909.2,26295.1,36958.4,0.0,4735.915,93.542,305.804,1766:12;1792:4519;1793:6466;1794:6378;1795:5295
118.2938,1788885430.3171,6,622.25,22420.41,23042.66,794.4,26168.4,37085.1,0.0,4739.517,93.673,305.804,1766:12;1792:4522;1793:6471;1794:6342;1795:5073
118.3992,1788885430.4225,6,622.26,22408.71,23030.97,662.8,26149.0,37104.5,0.0,4742.981,93.860,305.804,1766:12;1792:4508;1793:6477;1794:6343;1795:5068
118.5033,1788885430.5267,6,622.29,22619.53,23241.81,910.7,26258.7,36994.8,0.0,4746.171,94.031,305.804,1766:12;1792:4569;1793:6544;1794:6381;1795:5112
118.6104,1788885430.6338,6,622.35,22685.68,23308.03,1375.9,26377.7,36875.8,0.0,4749.193,94.138,305.804,1766:12;1792:4666;1793:6527;1794:6330;1795:5151
118.7176,1788885430.7410,6,622.50,22559.45,23181.95,1098.2,26103.1,37150.3,0.0,4752.547,94.301,305.804,1766:12;1792:4641;1793:6427;1794:6311;1795:5168
118.8241,1788885430.8475,6,622.68,22518.95,23141.63,756.8,26091.9,37161.5,0.0,4753.110,94.444,305.804,1766:12;1792:4625;1793:6440;1794:6299;1795:5143
118.9283,1788885430.9517,6,622.68,22549.68,23172.36,422.6,26092.2,37161.3,0.0,4756.259,94.591,305.804,1766:12;1792:4634;1793:6441;1794:6305;1795:5157
119.0348,1788885431.0582,6,622.68,22579.36,23202.04,403.0,26070.2,37183.3,0.0,4756.985,94.768,305.804,1766:12;1792:4647;1793:6447;1794:6304;1795:5170
119.1389,1788885431.1623,6,622.68,22598.95,23221.63,346.0,26067.8,37185.7,0.0,4760.862,94.886,305.804,1766:12;1792:4650;1793:6444;1794:6303;1795:5189
119.2430,1788885431.2664,6,622.71,22599.57,23222.28,259.3,26069.7,37183.8,0.0,4761.168,94.947,305.804,1766:12;1792:4649;1793:6450;1794:6310;1795:5178
119.3472,1788885431.3705,6,622.72,22780.34,23403.06,517.5,26176.0,37077.5,0.0,4764.231,95.023,305.804,1766:12;1792:4669;1793:6544;1794:6355;1795:5200
119.4515,1788885431.4749,6,622.74,22899.80,23522.54,992.7,26321.8,36931.7,0.0,4771.934,95.071,305.804,1766:12;1792:4655;1793:6490;1794:6574;1795:5168
119.5565,1788885431.5799,6,622.79,22565.30,23188.09,431.0,26095.8,37157.7,0.0,4772.214,95.142,305.804,1766:12;1792:4656;1793:6388;1794:6392;1795:5116
119.6607,1788885431.6841,6,622.79,22579.65,23202.44,134.2,26100.7,37152.8,0.0,4777.418,95.163,305.804,1766:12;1792:4663;1793:6391;1794:6395;1795:5119
119.7651,1788885431.7885,6,622.79,22576.29,23199.09,96.0,26101.2,37152.2,0.0,4777.691,95.232,305.804,1766:12;1792:4662;1793:6388;1794:6394;1795:5120
119.8692,1788885431.8926,6,622.86,22583.27,23206.13,249.6,26114.5,37139.0,0.0,4783.101,95.282,305.804,1766:12;1792:4663;1793:6389;1794:6394;1795:5126
119.9733,1788885431.9967,6,622.86,22602.27,23225.13,160.2,26123.1,37130.4,0.0,4786.732,95.373,305.804,1766:12;1792:4668;1793:6391;1794:6396;1795:5135
120.0797,1788885432.1031,6,622.86,22616.75,23239.61,200.8,26089.9,37163.6,0.0,4791.423,95.489,305.804,1766:12;1792:4674;1793:6392;1794:6398;1795:5140
120.1841,1788885432.2074,6,622.86,22635.93,23258.79,160.4,26094.3,37159.2,0.0,4798.189,95.516,305.804,1766:12;1792:4683;1793:6395;1794:6401;1795:5145
120.2904,1788885432.3138,6,622.86,22620.99,23243.85,67.0,26098.4,37155.1,0.0,4798.286,95.530,305.804,1766:12;1792:4675;1793:6393;1794:6398;1795:5142
120.3945,1788885432.4179,6,622.86,22634.84,23257.70,48.0,26098.4,37155.1,0.0,4799.012,95.607,305.804,1766:12;1792:4680;1793:6394;1794:6400;1795:5148
120.4987,1788885432.5221,6,622.86,22633.63,23256.49,230.6,26095.6,37157.8,0.0,4802.599,95.640,305.804,1766:12;1792:4681;1793:6393;1794:6400;1795:5148
120.6028,1788885432.6261,6,622.86,22649.11,23271.97,76.8,26095.6,37157.8,0.0,4802.911,95.716,305.804,1766:12;1792:4686;1793:6394;1794:6402;1795:5154
120.7068,1788885432.7302,6,622.86,22649.66,23272.52,211.5,26101.6,37151.8,0.0,4809.621,95.758,305.804,1766:12;1792:4687;1793:6395;1794:6402;1795:5154
120.8109,1788885432.8343,6,622.86,22665.21,23288.07,76.8,26101.9,37151.6,0.0,4809.934,95.834,305.804,1766:12;1792:4692;1793:6396;1794:6404;1795:5160
120.9149,1788885432.9383,6,622.86,22680.39,23303.26,96.0,26101.9,37151.6,0.0,4816.847,95.867,305.804,1766:12;1792:4701;1793:6397;1794:6406;1795:5165
121.0191,1788885433.0424,6,622.86,22683.09,23305.95,153.9,26070.1,37183.3,0.0,4817.178,95.953,305.804,1766:12;1792:4699;1793:6398;1794:6406;1795:5168
121.1230,1788885433.1464,6,622.86,22682.70,23305.57,173.0,26070.1,37183.3,0.0,4824.834,95.994,305.804,1766:12;1792:4699;1793:6397;1794:6410;1795:5164
121.2271,1788885433.2504,6,622.86,22688.81,23311.67,67.4,26070.1,37183.3,0.0,4825.146,96.073,305.804,1766:12;1792:4701;1793:6399;1794:6407;1795:5170
121.3310,1788885433.3544,6,622.87,22738.72,23361.59,143.9,26083.9,37169.5,0.0,4830.944,96.095,305.804,1766:12;1792:4724;1793:6398;1794:6407;1795:5197
121.4355,1788885433.4589,6,622.91,23020.61,23643.52,1123.1,26300.7,36952.7,0.0,4831.944,96.114,305.804,1766:12;1792:4833;1793:6494;1794:6423;1795:5259
121.5419,1788885433.5653,6,623.03,22939.18,23562.21,1094.1,26080.4,37173.1,0.0,4832.233,96.199,305.804,1766:12;1792:4808;1793:6441;1794:6425;1795:5254
121.6467,1788885433.6701,6,623.12,22872.18,23495.30,809.9,25999.5,37253.9,0.0,4832.921,96.290,305.804,1766:12;1792:4866;1793:6430;1794:6407;1795:5157
121.7529,1788885433.7763,6,623.23,22862.21,23485.43,529.4,25984.7,37268.8,0.0,4833.291,96.408,305.804,1766:12;1792:4863;1793:6429;1794:6405;1795:5153
121.8585,1788885433.8819,6,623.29,22892.49,23515.78,431.7,25991.9,37261.6,0.0,4834.535,96.528,305.804,1766:12;1792:4865;1793:6437;1794:6416;1795:5163
121.9627,1788885433.9861,6,623.29,22935.50,23558.79,452.0,26007.0,37246.5,0.0,4841.668,96.727,305.804,1766:12;1792:4871;1793:6453;1794:6423;1795:5176
122.0692,1788885434.0926,6,623.29,22947.86,23571.15,545.0,26011.9,37241.6,0.0,4842.366,96.881,305.804,1766:12;1792:4867;1793:6455;1794:6432;1795:5182
122.1735,1788885434.1969,6,623.29,22985.26,23608.55,396.1,26015.9,37237.6,0.0,4843.232,97.084,305.804,1766:12;1792:4870;1793:6470;1794:6437;1795:5195
122.2797,1788885434.3031,6,623.29,23004.42,23627.71,651.6,26032.0,37221.4,0.0,4851.248,97.229,305.804,1766:12;1792:4871;1793:6478;1794:6438;1795:5205
122.3839,1788885434.4072,6,623.29,23015.46,23638.75,396.5,26032.3,37221.2,0.0,4851.775,97.390,305.804,1766:12;1792:4874;1793:6476;1794:6439;1795:5214
122.4898,1788885434.5132,6,623.29,23010.62,23633.91,220.8,26032.3,37221.2,0.0,4858.789,97.430,305.804,1766:12;1792:4875;1793:6478;1794:6438;1795:5207
122.5939,1788885434.6173,6,623.29,23014.23,23637.52,67.2,26032.2,37221.2,0.0,4859.062,97.493,305.804,1766:12;1792:4879;1793:6476;1794:6441;1795:5206
122.6980,1788885434.7214,6,623.29,23024.80,23648.09,134.4,26040.8,37212.7,0.0,4864.503,97.548,305.804,1766:12;1792:4879;1793:6482;1794:6442;1795:5208
122.8022,1788885434.8255,6,623.33,23029.54,23652.88,144.0,26048.8,37204.7,0.0,4867.098,97.609,305.804,1766:12;1792:4882;1793:6478;1794:6445;1795:5212
122.9062,1788885434.9296,6,623.33,23047.54,23670.88,230.4,26049.0,37204.5,0.0,4874.024,97.678,305.804,1766:12;1792:4881;1793:6490;1794:6446;1795:5218
123.0104,1788885435.0338,6,623.33,23051.46,23674.79,96.0,26027.7,37225.7,0.0,4874.344,97.766,305.804,1766:12;1792:4884;1793:6486;1794:6449;1795:5220
123.1145,1788885435.1379,6,623.33,23065.98,23689.31,172.8,26018.3,37235.2,0.0,4881.120,97.802,305.804,1766:12;1792:4886;1793:6494;1794:6450;1795:5223
123.2187,1788885435.2421,6,623.33,23052.29,23675.62,38.4,26026.5,37226.9,0.0,4881.121,97.811,305.804,1766:12;1792:4885;1793:6486;1794:6450;1795:5219
123.3760,1788885435.3994,6,623.34,23067.63,23690.97,189.0,26030.8,37222.7,0.0,4888.245,97.930,305.804,1766:12;1792:4890;1793:6490;1794:6450;1795:5226
123.4814,1788885435.5048,6,623.34,23071.64,23694.98,19.2,26030.8,37222.7,0.0,4888.348,97.958,305.804,1766:12;1792:4890;1793:6492;1794:6454;1795:5225
123.5855,1788885435.6089,6,623.34,23104.64,23727.98,115.2,26030.8,37222.7,0.0,4896.561,98.044,305.804,1766:12;1792:4898;1793:6498;1794:6455;1795:5242
123.6898,1788885435.7131,6,623.34,23097.64,23720.98,218.2,26042.8,37210.7,0.0,4897.499,98.117,305.804,1766:12;1792:4895;1793:6498;1794:6457;1795:5235
123.7952,1788885435.8186,6,623.34,23106.22,23729.56,182.4,26043.5,37210.0,0.0,4904.057,98.175,305.804,1766:12;1792:4893;1793:6505;1794:6456;1795:5240
123.8993,1788885435.9226,6,623.34,23101.00,23724.34,86.4,26043.5,37210.0,0.0,4904.358,98.229,305.804,1766:12;1792:4897;1793:6498;1794:6459;1795:5235
124.0034,1788885436.0268,6,623.34,23285.68,23909.02,393.8,26134.1,37119.4,0.0,4911.739,98.286,305.804,1766:12;1792:4915;1793:6540;1794:6567;1795:5251
124.1104,1788885436.1338,6,623.43,23408.06,24031.48,1303.5,26024.2,37229.3,0.0,4911.739,98.286,305.804,1766:12;1792:4975;1793:6576;1794:6526;1795:5318
124.2167,1788885436.2401,6,623.65,23060.89,23684.54,1170.8,25721.1,37532.4,0.0,4911.740,98.303,305.804,1766:12;1792:4928;1793:6449;1794:6411;1795:5260
124.3208,1788885436.3442,6,623.65,23023.17,23646.82,297.6,25632.0,37621.4,0.0,4912.205,98.389,305.804,1766:12;1792:4934;1793:6395;1794:6419;1795:5263
124.4250,1788885436.4484,6,623.65,23044.96,23668.61,259.2,25637.3,37616.2,0.0,4913.069,98.489,305.804,1766:12;1792:4939;1793:6401;1794:6423;1795:5270
124.5291,1788885436.5525,6,623.65,23051.99,23675.64,374.4,25646.3,37607.2,0.0,4913.625,98.607,305.804,1766:12;1792:4947;1793:6398;1794:6422;1795:5273
124.6333,1788885436.6567,6,623.65,23076.30,23699.95,316.9,25650.3,37603.2,0.0,4914.537,98.732,305.804,1766:12;1792:4956;1793:6401;1794:6427;1795:5280
124.7374,1788885436.7608,6,623.65,23101.61,23725.26,374.6,25658.3,37595.2,0.0,4915.098,98.847,305.804,1766:12;1792:4965;1793:6406;1794:6435;1795:5284
124.8415,1788885436.8649,6,623.73,23122.49,23746.23,336.1,25670.3,37583.2,0.0,4915.774,98.980,305.804,1766:12;1792:4972;1793:6411;1794:6439;1795:5287
124.9456,1788885436.9690,6,623.73,23141.90,23765.64,326.4,25682.3,37571.2,0.0,4916.205,99.088,305.804,1766:12;1792:4980;1793:6420;1794:6440;1795:5290
125.0497,1788885437.0731,6,623.73,23152.49,23776.22,355.6,25666.0,37587.5,0.0,4916.620,99.193,305.804,1766:12;1792:4983;1793:6419;1794:6445;1795:5293
125.1538,1788885437.1772,6,623.77,23154.61,23778.38,153.6,25677.1,37576.4,0.0,4916.691,99.233,305.804,1766:12;1792:4981;1793:6422;1794:6445;1795:5294
125.2579,1788885437.2813,6,623.77,23170.50,23794.27,182.4,25677.1,37576.4,0.0,4917.037,99.321,305.804,1766:12;1792:4986;1793:6426;1794:6449;1795:5298
125.3621,1788885437.3854,6,623.77,23173.05,23796.82,230.6,25685.5,37568.0,0.0,4923.432,99.361,305.804,1766:12;1792:4987;1793:6426;1794:6449;1795:5298
125.4662,1788885437.4895,6,623.77,23188.14,23811.91,48.0,25685.5,37568.0,0.0,4923.747,99.438,305.804,1766:12;1792:4991;1793:6430;1794:6453;1795:5302
125.5703,1788885437.5937,6,623.77,23206.53,23830.30,169.6,25689.4,37564.1,0.0,4930.901,99.471,305.804,1766:12;1792:4994;1793:6440;1794:6456;1795:5304
125.6767,1788885437.7001,6,623.77,23189.11,23812.88,57.5,25701.4,37552.1,0.0,4930.901,99.480,305.804,1766:12;1792:4993;1793:6430;1794:6453;1795:5300
125.7809,1788885437.8042,6,623.77,23205.82,23829.59,86.4,25701.4,37552.1,0.0,4932.099,99.563,305.804,1766:12;1792:4998;1793:6434;1794:6457;1795:5304
125.8849,1788885437.9083,6,623.77,23208.43,23832.20,230.5,25705.4,37548.1,0.0,4937.521,99.611,305.804,1766:12;1792:4997;1793:6434;1794:6461;1795:5304
125.9890,1788885438.0124,6,623.77,23224.11,23847.88,192.0,25703.4,37550.1,0.0,4941.913,99.697,305.804,1766:12;1792:5002;1793:6438;1794:6461;1795:5310
126.0931,1788885438.1165,6,623.77,23234.68,23858.45,153.6,25674.8,37578.7,0.0,4944.666,99.778,305.804,1766:12;1792:5007;1793:6440;1794:6463;1795:5312
126.1973,1788885438.2207,6,623.77,23263.04,23886.80,150.9,25676.9,37576.6,0.0,4951.768,99.817,305.804,1766:12;1792:5014;1793:6453;1794:6466;1795:5318
126.3036,1788885438.3270,6,623.77,23243.31,23867.08,122.6,25682.4,37571.0,0.0,4951.905,99.866,305.804,1766:12;1792:5010;1793:6442;1794:6465;1795:5314
126.4093,1788885438.4327,6,623.77,23262.51,23886.28,201.6,25690.3,37563.1,0.0,4958.276,99.941,305.804,1766:12;1792:5013;1793:6449;1794:6470;1795:5318
126.5135,1788885438.5369,6,623.77,23267.42,23891.19,122.2,25698.3,37555.1,0.0,4959.247,100.020,305.804,1766:12;1792:5016;1793:6450;1794:6471;1795:5318
126.6200,1788885438.6433,6,623.77,23270.58,23894.35,163.2,25702.3,37551.2,0.0,4965.979,100.066,305.804,1766:12;1792:5019;1793:6452;1794:6469;1795:5318
126.7240,1788885438.7474,6,623.77,23284.47,23908.24,105.6,25701.2,37552.2,0.0,4966.731,100.148,305.804,1766:12;1792:5023;1793:6454;1794:6473;1795:5322
126.8281,1788885438.8515,6,623.77,23283.25,23907.02,230.4,25716.3,37537.2,0.0,4973.657,100.190,305.804,1766:12;1792:5021;1793:6454;1794:6473;1795:5322
126.9323,1788885438.9557,6,623.77,23299.25,23923.02,67.2,25716.3,37537.2,0.0,4973.972,100.267,305.804,1766:12;1792:5026;1793:6458;1794:6477;1795:5326
127.0364,1788885439.0598,6,623.77,23293.93,23917.70,220.8,25655.7,37597.8,0.0,4980.926,100.312,305.804,1766:12;1792:5025;1793:6457;1794:6475;1795:5324
127.1405,1788885439.1639,6,623.77,23309.99,23933.76,67.2,25641.3,37612.2,0.0,4981.241,100.389,305.804,1766:12;1792:5030;1793:6461;1794:6478;1795:5328
127.2447,1788885439.2680,6,623.77,23545.64,24169.42,392.1,25782.1,37471.4,0.0,4988.252,100.416,305.804,1766:12;1792:5145;1793:6470;1794:6538;1795:5380
127.3493,1788885439.3727,6,623.93,23566.10,24190.02,1343.0,25670.3,37583.2,0.0,4988.254,100.417,305.804,1766:12;1792:5113;1793:6617;1794:6454;1795:5370
127.4553,1788885439.4787,6,624.13,23396.35,24020.48,1302.6,25624.0,37629.5,0.0,4988.254,100.417,305.804,1766:12;1792:5127;1793:6507;1794:6411;1795:5339
127.5620,1788885439.5853,6,624.30,23236.44,23860.74,1181.7,25478.4,37775.1,0.0,4988.254,100.417,305.804,1766:12;1792:5143;1793:6389;1794:6361;1795:5331
127.6695,1788885439.6929,6,624.52,23110.02,23734.54,1142.0,25440.7,37812.8,0.0,4988.254,100.417,305.804,1766:12;1792:5124;1793:6380;1794:6278;1795:5316
127.7761,1788885439.7994,6,624.80,22712.33,23337.13,916.1,25130.7,38122.8,0.0,4988.254,100.417,305.804,1766:12;1792:4926;1793:6264;1794:6202;1795:5307
127.8832,1788885439.9066,6,624.82,22688.65,23313.46,297.0,25113.8,38139.6,0.0,4988.740,100.538,305.804,1766:12;1792:4902;1793:6274;1794:6199;1795:5302
127.9874,1788885440.0108,6,624.82,22707.52,23332.33,346.0,25086.2,38167.2,0.0,4989.164,100.638,305.804,1766:12;1792:4907;1793:6278;1794:6200;1795:5310
128.0914,1788885440.1148,6,624.82,22723.45,23348.26,288.4,25069.1,38184.4,0.0,4989.727,100.745,305.804,1766:12;1792:4917;1793:6280;1794:6206;1795:5308
128.1954,1788885440.2188,6,624.82,22742.19,23367.01,336.2,25077.3,38176.2,0.0,4990.184,100.866,305.804,1766:12;1792:4920;1793:6286;1794:6212;1795:5312
128.2995,1788885440.3229,6,624.82,22749.23,23374.05,288.4,25089.3,38164.2,0.0,4990.450,100.941,305.804,1766:12;1792:4920;1793:6288;1794:6212;1795:5316
128.4035,1788885440.4269,6,624.82,22773.29,23398.11,259.6,25093.3,38160.2,0.0,4991.135,101.040,305.804,1766:12;1792:4933;1793:6292;1794:6216;1795:5320
128.5076,1788885440.5310,6,624.82,22779.33,23404.15,317.2,25109.3,38144.2,0.0,4991.565,101.138,305.804,1766:12;1792:4930;1793:6294;1794:6218;1795:5324
128.6117,1788885440.6350,6,624.82,22804.63,23429.45,192.0,25113.3,38140.2,0.0,4992.249,101.235,305.804,1766:12;1792:4941;1793:6301;1794:6222;1795:5328
128.7158,1788885440.7392,6,624.82,22807.33,23432.14,374.5,25117.3,38136.2,0.0,4992.791,101.336,305.804,1766:12;1792:4937;1793:6304;1794:6225;1795:5329
128.8199,1788885440.8433,6,624.88,22827.52,23452.39,211.2,25117.3,38136.2,0.0,4993.490,101.421,305.804,1766:12;1792:4941;1793:6305;1794:6229;1795:5340
128.9240,1788885440.9474,6,624.88,22825.92,23450.80,163.2,25125.3,38128.2,0.0,4993.543,101.452,305.804,1766:12;1792:4944;1793:6303;1794:6232;1795:5335
129.0282,1788885441.0516,6,624.88,22842.09,23466.97,182.4,25101.3,38152.2,0.0,4993.939,101.559,305.804,1766:12;1792:4949;1793:6306;1794:6236;1795:5339
129.1324,1788885441.1557,6,624.88,22844.86,23469.75,278.6,25093.2,38160.3,0.0,5002.360,101.603,305.804,1766:12;1792:4950;1793:6307;1794:6236;1795:5339
129.2364,1788885441.2598,6,624.88,22860.19,23485.07,48.0,25093.2,38160.3,0.0,5002.681,101.681,305.804,1766:12;1792:4955;1793:6310;1794:6240;1795:5343
129.3405,1788885441.3639,6,624.89,22858.86,23483.75,182.4,25105.2,38148.3,0.0,5002.770,101.700,305.804,1766:12;1792:4954;1793:6311;1794:6238;1795:5343
129.4446,1788885441.4680,6,624.89,22867.68,23492.57,48.0,25105.2,38148.3,0.0,5002.947,101.745,305.804,1766:12;1792:4958;1793:6312;1794:6240;1795:5345
129.5488,1788885441.5721,6,624.89,22885.10,23509.98,226.2,25105.1,38148.4,0.0,5010.023,101.812,305.804,1766:12;1792:4964;1793:6313;1794:6246;1795:5351
129.6551,1788885441.6785,6,624.89,22890.86,23515.75,95.8,25109.1,38144.4,0.0,5010.344,101.898,305.804,1766:12;1792:4965;1793:6317;1794:6246;1795:5351
129.7593,1788885441.7827,6,624.89,22912.26,23537.15,131.8,25117.1,38136.4,0.0,5017.748,101.932,305.804,1766:12;1792:4970;1793:6321;1794:6250;1795:5359
129.8657,1788885441.8891,6,624.89,22915.02,23539.91,229.9,25129.1,38124.4,0.0,5019.564,102.033,305.804,1766:12;1792:4970;1793:6327;1794:6250;1795:5355
129.9698,1788885441.9932,6,624.89,22908.96,23533.85,124.8,25129.2,38124.3,0.0,5020.637,102.050,305.804,1766:12;1792:4970;1793:6321;1794:6250;1795:5355
130.0739,1788885442.0973,6,624.89,22925.16,23550.04,57.6,25089.5,38163.9,0.0,5020.958,102.131,305.804,1766:12;1792:4975;1793:6325;1794:6254;1795:5359
130.1780,1788885442.2014,6,624.89,22924.96,23549.85,240.1,25100.6,38152.9,0.0,5029.422,102.180,305.804,1766:12;1792:4976;1793:6323;1794:6254;1795:5359
130.2821,1788885442.3054,6,624.89,22941.38,23566.27,66.7,25100.6,38152.9,0.0,5030.176,102.262,305.804,1766:12;1792:4982;1793:6327;1794:6258;1795:5363
130.3868,1788885442.4102,6,624.89,22941.03,23565.91,240.0,25108.8,38144.7,0.0,5036.976,102.304,305.804,1766:12;1792:4980;1793:6327;1794:6258;1795:5363
130.4909,1788885442.5143,6,624.89,22957.73,23582.61,57.2,25108.8,38144.7,0.0,5038.216,102.389,305.804,1766:12;1792:4985;1793:6331;1794:6262;1795:5367
130.5958,1788885442.6192,6,624.89,22957.18,23582.07,240.0,25120.8,38132.7,0.0,5045.667,102.435,305.804,1766:12;1792:4985;1793:6331;1794:6262;1795:5367
130.6999,1788885442.7233,6,624.89,22973.37,23598.26,67.2,25120.8,38132.7,0.0,5045.987,102.515,305.804,1766:12;1792:4990;1793:6335;1794:6266;1795:5371
130.8040,1788885442.8274,6,624.92,22964.76,23589.68,249.6,25120.9,38132.6,0.0,5054.463,102.561,305.804,1766:12;1792:4988;1793:6333;1794:6263;1795:5368
130.9082,1788885442.9315,6,624.92,22980.44,23605.36,57.6,25120.9,38132.6,0.0,5054.777,102.637,305.804,1766:12;1792:4994;1793:6336;1794:6267;1795:5371
131.0123,1788885443.0357,6,624.93,23020.43,23645.36,67.0,25101.5,38152.0,0.0,5056.860,102.647,305.804,1766:12;1792:5003;1793:6336;1794:6282;1795:5387
131.1191,1788885443.1425,6,624.94,23530.10,24155.04,1065.9,25365.7,37887.8,0.0,5061.321,102.663,305.804,1766:12;1792:5163;1793:6486;1794:6416;1795:5453
131.2269,1788885443.2503,6,625.06,23777.26,24402.32,1436.7,25771.8,37481.7,0.0,5061.321,102.663,305.804,1766:12;1792:5196;1793:6625;1794:6395;1795:5548
131.3334,1788885443.3568,6,625.08,23727.80,24352.88,1244.6,25974.6,37278.8,0.0,5061.321,102.663,305.804,1766:12;1792:5281;1793:6442;1794:6399;1795:5593
131.4402,1788885443.4636,6,625.14,23917.59,24542.72,1128.6,26016.5,37237.0,0.0,5061.321,102.663,305.804,1766:12;1792:5282;1793:6603;1794:6413;1795:5606
131.5445,1788885443.5679,6,625.15,24328.64,24953.79,707.2,26320.3,36933.2,0.0,5061.321,102.663,305.804,1766:12;1792:5678;1793:6609;1794:6407;1795:5622
131.6511,1788885443.6744,6,625.23,24443.75,25068.98,1440.5,26536.5,36717.0,0.0,5061.321,102.663,305.804,1766:12;1792:5631;1793:6362;1794:6521;1795:5917
131.7564,1788885443.7798,6,625.31,24391.71,25017.02,1378.7,26847.9,36405.6,0.0,5061.321,102.663,305.804,1766:12;1792:5501;1793:6318;1794:6740;1795:5821
131.8641,1788885443.8874,6,625.49,24066.76,24692.25,1354.5,26547.3,36706.2,0.0,5061.321,102.663,305.804,1766:12;1792:5462;1793:6347;1794:6515;1795:5731
131.9752,1788885443.9986,6,625.60,23928.36,24553.96,1314.1,26596.9,36656.5,0.0,5061.321,102.663,305.804,1766:12;1792:5480;1793:6339;1794:6524;1795:5573
132.0808,1788885444.1042,6,625.71,22960.96,23586.67,1243.1,25725.3,37528.2,0.0,5061.321,102.663,305.804,1766:12;1792:5037;1793:6272;1794:6254;1795:5386
132.1871,1788885444.2105,6,625.80,22591.88,23217.68,1238.5,25353.4,37900.0,0.0,5061.321,102.663,305.804,1766:12;1792:4851;1793:6217;1794:6157;1795:5354
132.2943,1788885444.3177,6,625.88,22181.32,22807.20,742.6,24980.4,38273.1,0.0,5061.501,102.684,305.804,1766:12;1792:4809;1793:5984;1794:6109;1795:5267
132.3984,1788885444.4218,6,625.89,22191.80,22817.69,211.2,24979.5,38274.0,0.0,5061.742,102.758,305.804,1766:12;1792:4811;1793:5987;1794:6112;1795:5269
132.5025,1788885444.5259,6,625.89,22193.40,22819.29,38.4,24979.5,38274.0,0.0,5061.940,102.766,305.804,1766:12;1792:4811;1793:5989;1794:6112;1795:5269
132.6070,1788885444.6304,6,625.94,22335.62,22961.57,392.9,24997.6,38255.9,0.0,5064.732,102.823,305.804,1766:12;1792:4838;1793:6023;1794:6152;1795:5310
132.7136,1788885444.7369,6,625.96,22788.07,23414.03,1408.9,24967.4,38286.1,0.0,5064.732,102.823,305.804,1766:12;1792:4996;1793:6154;1794:6274;1795:5353
132.8202,1788885444.8435,6,626.11,22927.41,23553.52,1154.1,25238.1,38015.4,0.0,5064.732,102.823,305.804,1766:12;1792:5169;1793:6155;1794:6201;1795:5390
132.9261,1788885444.9494,6,626.13,23913.14,24539.27,1518.3,25810.7,37442.8,0.0,5064.732,102.823,305.804,1766:12;1792:5400;1793:6498;1794:6367;1795:5636
133.0346,1788885445.0579,6,626.14,24429.31,25055.45,1479.7,26316.4,36937.0,0.0,5064.732,102.823,305.804,1766:12;1792:5454;1793:6776;1794:6341;1795:5846
133.1523,1788885445.1757,6,626.15,24125.11,24751.26,1343.6,26590.9,36662.6,0.0,5064.732,102.823,305.804,1766:12;1792:5427;1793:6635;1794:6204;1795:5847
133.2611,1788885445.2845,6,626.17,23856.22,24482.39,1329.4,26748.5,36504.9,0.0,5064.734,102.825,305.804,1766:12;1792:5180;1793:6571;1794:6326;1795:5767
133.3701,1788885445.3934,6,626.18,24192.77,24818.94,1362.6,26893.1,36360.4,0.0,5064.734,102.825,305.804,1766:12;1792:5404;1793:6643;1794:6555;1795:5578
133.4810,1788885445.5044,6,626.19,24634.05,25260.24,1500.2,27532.5,35721.0,0.0,5064.734,102.825,305.804,1766:12;1792:5451;1793:6898;1794:6743;1795:5530
133.5934,1788885445.6168,6,626.22,24026.00,24652.22,1473.8,27093.2,36160.3,0.0,5064.734,102.825,305.804,1766:12;1792:5208;1793:6739;1794:6732;1795:5335
133.7017,1788885445.7251,6,626.25,22967.29,23593.54,1364.8,26337.9,36915.6,0.0,5064.742,102.841,305.804,1766:12;1792:4971;1793:6243;1794:6594;1795:5148
133.8088,1788885445.8322,6,626.35,22122.33,22748.68,851.6,25577.3,37676.1,0.0,5065.415,102.945,305.804,1766:12;1792:4928;1793:6043;1794:6194;1795:4945
133.9131,1788885445.9365,6,626.35,22115.46,22741.81,336.0,25473.2,37780.3,0.0,5066.138,103.049,305.804,1766:12;1792:4935;1793:6053;1794:6173;1795:4943
134.0172,1788885446.0406,6,626.35,22130.54,22756.89,326.4,25473.7,37779.8,0.0,5066.853,103.148,305.804,1766:12;1792:4936;1793:6057;1794:6176;1795:4950
134.1214,1788885446.1448,6,626.35,22148.16,22774.51,374.8,25479.8,37773.7,0.0,5068.132,103.271,305.804,1766:12;1792:4942;1793:6061;1794:6180;1795:4953
134.2255,1788885446.2488,6,626.35,22173.25,22799.60,374.7,25486.8,37766.7,0.0,5068.701,103.383,305.804,1766:12;1792:4953;1793:6064;1794:6185;1795:4959
134.3295,1788885446.3529,6,626.35,22189.58,22815.93,326.6,25506.8,37746.7,0.0,5069.166,103.504,305.804,1766:12;1792:4959;1793:6067;1794:6188;1795:4963
134.4336,1788885446.4570,6,626.35,22208.71,22835.07,297.8,25514.8,37738.7,0.0,5069.575,103.610,305.804,1766:12;1792:4963;1793:6070;1794:6193;1795:4970
134.5377,1788885446.5611,6,626.35,22221.81,22848.16,374.8,25526.8,37726.7,0.0,5070.084,103.707,305.804,1766:12;1792:4970;1793:6071;1794:6193;1795:4975
134.6418,1788885446.6652,6,626.36,22231.91,22858.27,211.2,25531.0,37722.5,0.0,5070.425,103.770,305.804,1766:12;1792:4968;1793:6079;1794:6197;1795:4976
134.7459,1788885446.7693,6,626.36,22248.29,22874.65,240.0,25531.0,37722.5,0.0,5071.013,103.867,305.804,1766:12;1792:4973;1793:6083;1794:6200;1795:4980
134.8500,1788885446.8734,6,626.36,22263.40,22889.76,307.5,25543.7,37709.7,0.0,5081.229,103.911,305.804,1766:12;1792:4977;1793:6090;1794:6201;1795:4983
134.9541,1788885446.9775,6,626.36,22264.77,22891.13,105.6,25547.7,37705.7,0.0,5081.511,103.985,305.804,1766:12;1792:4978;1793:6087;1794:6204;1795:4984
135.0582,1788885447.0816,6,626.36,22267.82,22894.18,57.6,25506.8,37746.6,0.0,5085.648,104.010,305.804,1766:12;1792:4978;1793:6088;1794:6204;1795:4985
135.1624,1788885447.1858,6,626.36,22280.35,22906.71,288.0,25511.2,37742.2,0.0,5092.518,104.119,305.804,1766:12;1792:4983;1793:6091;1794:6206;1795:4988
135.2665,1788885447.2899,6,626.36,22299.56,22925.92,144.0,25511.4,37742.0,0.0,5103.151,104.157,305.804,1766:12;1792:4986;1793:6095;1794:6211;1795:4995
135.3707,1788885447.3940,6,626.36,22296.38,22922.75,182.4,25515.4,37738.0,0.0,5103.466,104.242,305.804,1766:12;1792:4987;1793:6095;1794:6210;1795:4992
135.4747,1788885447.4981,6,626.36,22303.96,22930.32,211.2,25531.4,37722.0,0.0,5113.742,104.291,305.804,1766:12;1792:4988;1793:6098;1794:6214;1795:4992
135.5789,1788885447.6023,6,626.36,22302.03,22928.39,38.4,25531.4,37722.0,0.0,5113.775,104.301,305.804,1766:12;1792:4988;1793:6098;1794:6212;1795:4992
135.6829,1788885447.7063,6,626.36,22336.31,22962.68,124.1,25531.4,37722.0,0.0,5124.261,104.406,305.804,1766:12;1792:5000;1793:6108;1794:6216;1795:5001
135.7880,1788885447.8113,6,626.36,22323.25,22949.61,201.2,25533.8,37719.7,0.0,5124.464,104.467,305.804,1766:12;1792:4998;1793:6103;1794:6212;1795:4998
135.8921,1788885447.9155,6,626.36,22329.42,22955.78,28.8,25533.8,37719.7,0.0,5125.848,104.499,305.804,1766:12;1792:4999;1793:6103;1794:6214;1795:5000
135.9962,1788885448.0196,6,626.36,22330.19,22956.55,307.5,25511.2,37742.2,0.0,5134.618,104.545,305.804,1766:12;1792:5000;1793:6103;1794:6215;1795:5000
136.1003,1788885448.1236,6,626.36,22346.51,22972.87,76.8,25486.5,37766.9,0.0,5134.936,104.620,305.804,1766:12;1792:5005;1793:6107;1794:6218;1795:5004
136.2043,1788885448.2277,6,626.36,22346.19,22972.55,317.2,25491.7,37761.8,0.0,5144.588,104.674,305.804,1766:12;1792:5004;1793:6107;1794:6219;1795:5004
136.3083,1788885448.3317,6,626.36,22362.51,22988.87,57.6,25491.2,37762.3,0.0,5144.903,104.748,305.804,1766:12;1792:5009;1793:6111;1794:6222;1795:5008
136.4123,1788885448.4357,6,626.36,22370.32,22996.68,19.2,25492.3,37761.2,0.0,5152.262,104.775,305.804,1766:12;1792:5011;1793:6116;1794:6223;1795:5009
136.5163,1788885448.5397,6,626.36,22360.27,22986.64,288.4,25498.2,37755.3,0.0,5154.956,104.805,305.804,1766:12;1792:5008;1793:6111;1794:6221;1795:5008
136.6204,1788885448.6438,6,626.36,22381.63,23008.00,57.6,25498.2,37755.3,0.0,5158.093,104.892,305.804,1766:12;1792:5017;1793:6116;1794:6224;1795:5012
136.7246,1788885448.7480,6,626.36,22369.13,22995.49,259.6,25498.1,37755.4,0.0,5164.681,104.935,305.804,1766:12;1792:5011;1793:6113;1794:6223;1795:5010
136.8287,1788885448.8521,6,626.39,22400.83,23027.22,115.1,25518.3,37735.2,0.0,5169.162,105.023,305.804,1766:12;1792:5029;1793:6117;1794:6228;1795:5015
136.9330,1788885448.9564,6,626.42,22768.50,23394.92,962.2,25762.5,37491.0,0.0,5175.108,105.038,305.804,1766:12;1792:5103;1793:6214;1794:6304;1795:5135
137.0391,1788885449.0625,6,626.55,22444.96,23071.51,1007.9,25296.0,37957.5,0.0,5175.376,105.065,305.804,1766:12;1792:5025;1793:6135;1794:6242;1795:5032
137.1432,1788885449.1666,6,626.55,22469.96,23096.51,422.4,25304.6,37948.9,0.0,5175.937,105.193,305.804,1766:12;1792:5031;1793:6142;1794:6246;1795:5039
137.2474,1788885449.2708,6,626.55,22493.50,23120.04,326.7,25308.6,37944.9,0.0,5176.512,105.312,305.804,1766:12;1792:5042;1793:6146;1794:6254;1795:5039
137.3514,1788885449.3748,6,626.55,22512.12,23138.68,345.9,25316.6,37936.9,0.0,5176.842,105.420,305.804,1766:12;1792:5046;1793:6147;1794:6261;1795:5046
137.4556,1788885449.4789,6,626.55,22539.99,23166.54,422.4,25320.6,37932.9,0.0,5177.251,105.544,305.804,1766:12;1792:5059;1793:6156;1794:6262;1795:5051
137.5597,1788885449.5831,6,626.55,22559.12,23185.68,336.1,25340.6,37912.9,0.0,5177.882,105.664,305.804,1766:12;1792:5065;1793:6159;1794:6266;1795:5058
137.6638,1788885449.6872,6,626.55,22567.43,23193.98,278.7,25344.6,37908.9,0.0,5178.238,105.768,305.804,1766:12;1792:5065;1793:6163;1794:6272;1795:5056
137.7679,1788885449.7912,6,626.55,22591.90,23218.45,317.2,25360.6,37892.9,0.0,5178.814,105.868,305.804,1766:12;1792:5069;1793:6167;1794:6282;1795:5063
137.8719,1788885449.8953,6,626.58,22616.79,23243.37,374.7,25372.6,37880.9,0.0,5179.447,105.979,305.804,1766:12;1792:5077;1793:6178;1794:6284;1795:5065
137.9760,1788885449.9994,6,626.58,22615.96,23242.54,76.8,25354.9,37898.6,0.0,5179.722,106.008,305.804,1766:12;1792:5077;1793:6179;1794:6282;1795:5065
138.0801,1788885450.1035,6,626.58,22628.45,23255.03,211.2,25352.7,37900.8,0.0,5180.160,106.100,305.804,1766:12;1792:5082;1793:6179;1794:6286;1795:5068
138.1843,1788885450.2077,6,626.58,22644.67,23271.25,240.0,25357.2,37896.3,0.0,5191.325,106.151,305.804,1766:12;1792:5087;1793:6188;1794:6290;1795:5067
138.2885,1788885450.3118,6,626.59,22628.13,23254.71,57.7,25361.2,37892.3,0.0,5191.325,106.158,305.804,1766:12;1792:5083;1793:6180;1794:6286;1795:5067
138.3924,1788885450.4158,6,626.59,22644.45,23271.03,76.8,25361.4,37892.0,0.0,5191.642,106.234,305.804,1766:12;1792:5088;1793:6183;1794:6290;1795:5070
138.4964,1788885450.5198,6,626.59,22642.13,23268.71,293.3,25377.4,37876.0,0.0,5202.751,106.289,305.804,1766:12;1792:5087;1793:6182;1794:6290;1795:5071
138.6022,1788885450.6256,6,626.59,22658.45,23285.03,57.6,25377.4,37876.0,0.0,5203.067,106.364,305.804,1766:12;1792:5092;1793:6185;1794:6294;1795:5074
138.7063,1788885450.7297,6,626.59,22660.34,23286.93,269.0,25389.8,37863.7,0.0,5214.536,106.413,305.804,1766:12;1792:5091;1793:6186;1794:6294;1795:5077
138.8104,1788885450.8338,6,626.63,22674.99,23301.62,76.8,25389.8,37863.7,0.0,5215.411,106.490,305.804,1766:12;1792:5096;1793:6190;1794:6298;1795:5078
138.9148,1788885450.9382,6,626.63,22676.26,23302.89,268.8,25402.4,37851.1,0.0,5226.678,106.541,305.804,1766:12;1792:5097;1793:6190;1794:6298;1795:5079
139.0189,1788885451.0423,6,626.63,22681.59,23308.21,57.6,25353.3,37900.2,0.0,5226.986,106.565,305.804,1766:12;1792:5097;1793:6193;1794:6300;1795:5079
139.1230,1788885451.1464,6,626.63,22701.01,23327.64,124.8,25356.9,37896.6,0.0,5234.846,106.650,305.804,1766:12;1792:5104;1793:6201;1794:6303;1795:5081
139.2271,1788885451.2505,6,626.63,22707.60,23334.23,153.8,25353.3,37900.1,0.0,5239.139,106.742,305.804,1766:12;1792:5107;1793:6197;1794:6306;1795:5084
139.3311,1788885451.3545,6,626.63,22710.83,23337.46,57.7,25353.3,37900.1,0.0,5241.066,106.760,305.804,1766:12;1792:5109;1793:6198;1794:6306;1795:5085
139.4351,1788885451.4585,6,626.63,22710.00,23336.63,201.6,25365.7,37887.7,0.0,5250.496,106.805,305.804,1766:12;1792:5111;1793:6198;1794:6306;1795:5083
139.5393,1788885451.5626,6,626.63,22728.45,23355.08,48.0,25365.7,37887.7,0.0,5254.263,106.883,305.804,1766:12;1792:5116;1793:6202;1794:6311;1795:5087
139.6433,1788885451.6667,6,626.63,22724.48,23351.11,249.6,25366.3,37887.2,0.0,5261.359,106.921,305.804,1766:12;1792:5113;1793:6202;1794:6310;1795:5087
139.7475,1788885451.7708,6,626.63,22740.80,23367.43,86.4,25366.3,37887.2,0.0,5261.675,106.996,305.804,1766:12;1792:5118;1793:6205;1794:6315;1795:5090
139.8515,1788885451.8749,6,626.65,22748.20,23374.85,38.4,25366.3,37887.2,0.0,5267.172,107.015,305.804,1766:12;1792:5118;1793:6211;1794:6316;1795:5091
139.9556,1788885451.9790,6,626.65,22741.45,23368.10,172.8,25369.3,37884.2,0.0,5272.682,107.043,305.804,1766:12;1792:5118;1793:6206;1794:6314;1795:5091
140.0598,1788885452.0831,6,626.65,22772.55,23399.20,105.1,25321.5,37932.0,0.0,5282.864,107.130,305.804,1766:12;1792:5122;1793:6214;1794:6327;1795:5096
140.1646,1788885452.1880,6,626.65,22755.16,23381.81,225.1,25304.4,37949.1,0.0,5283.963,107.173,305.804,1766:12;1792:5128;1793:6206;1794:6317;1795:5092
140.2710,1788885452.2944,6,626.65,22763.67,23390.32,76.8,25304.4,37949.1,0.0,5284.856,107.242,305.804,1766:12;1792:5125;1793:6210;1794:6321;1795:5095
140.3751,1788885452.3985,6,626.66,23071.25,23697.91,522.2,25516.0,37737.4,0.0,5296.037,107.283,305.804,1766:12;1792:5242;1793:6269;1794:6385;1795:5163
140.4848,1788885452.5082,6,626.75,22846.61,23473.36,985.6,25122.7,38130.8,0.0,5296.037,107.300,305.804,1766:12;1792:5147;1793:6229;1794:6346;1795:5112
140.5898,1788885452.6131,6,626.76,22866.13,23492.89,336.0,25122.1,38131.3,0.0,5296.577,107.383,305.804,1766:12;1792:5157;1793:6233;1794:6347;1795:5117
140.6939,1788885452.7173,6,626.76,22890.72,23517.48,316.8,25134.4,38119.1,0.0,5296.961,107.504,305.804,1766:12;1792:5159;1793:6241;1794:6354;1795:5124
140.7980,1788885452.8214,6,626.78,22904.36,23531.13,278.4,25146.9,38106.6,0.0,5297.720,107.625,305.804,1766:12;1792:5169;1793:6239;1794:6355;1795:5128
140.9022,1788885452.9256,6,626.78,22925.42,23552.20,288.0,25150.9,38102.6,0.0,5298.732,107.748,305.804,1766:12;1792:5175;1793:6245;1794:6361;1795:5132
141.0064,1788885453.0298,6,626.78,22944.86,23571.63,324.9,25164.5,38089.0,0.0,5299.485,107.847,305.804,1766:12;1792:5181;1793:6249;1794:6366;1795:5136
141.1112,1788885453.1346,6,626.78,22977.73,23604.51,338.8,25168.5,38085.0,0.0,5300.094,107.939,305.804,1766:12;1792:5192;1793:6253;1794:6372;1795:5148
141.2175,1788885453.2409,6,626.78,22989.78,23616.55,373.1,25180.5,38073.0,0.0,5300.563,108.068,305.804,1766:12;1792:5197;1793:6255;1794:6373;1795:5152
141.3218,1788885453.3452,6,626.78,23003.13,23629.91,268.8,25184.5,38069.0,0.0,5301.096,108.172,305.804,1766:12;1792:5200;1793:6260;1794:6377;1795:5154
141.4260,1788885453.4494,6,626.79,23008.44,23635.23,297.6,25196.5,38057.0,0.0,5301.246,108.231,305.804,1766:12;1792:5204;1793:6261;1794:6379;1795:5152
141.5302,1788885453.5536,6,626.79,23024.88,23651.66,172.8,25196.5,38057.0,0.0,5301.592,108.317,305.804,1766:12;1792:5210;1793:6264;1794:6383;1795:5156
141.6344,1788885453.6577,6,626.79,23028.21,23654.99,275.5,25205.6,38047.9,0.0,5311.679,108.372,305.804,1766:12;1792:5210;1793:6265;1794:6385;1795:5156
141.7398,1788885453.7631,6,626.79,23042.74,23669.53,229.9,25226.1,38027.4,0.0,5311.865,108.459,305.804,1766:12;1792:5216;1793:6267;1794:6387;1795:5160
141.8440,1788885453.8673,6,626.79,23060.33,23687.12,95.3,25227.1,38026.3,0.0,5313.413,108.539,305.804,1766:12;1792:5222;1793:6271;1794:6391;1795:5164
141.9487,1788885453.9721,6,626.79,23056.86,23683.65,288.0,25232.8,38020.7,0.0,5322.691,108.591,305.804,1766:12;1792:5220;1793:6271;1794:6389;1795:5164
142.0529,1788885454.0762,6,626.79,23073.18,23699.97,57.6,25218.0,38035.5,0.0,5323.006,108.666,305.804,1766:12;1792:5226;1793:6274;1794:6393;1795:5168
142.1570,1788885454.1803,6,626.79,23096.80,23723.59,201.6,25226.2,38027.2,0.0,5332.527,108.707,305.804,1766:12;1792:5234;1793:6275;1794:6398;1795:5177
142.2611,1788885454.2845,6,626.79,23082.55,23709.35,86.4,25242.2,38011.2,0.0,5332.668,108.752,305.804,1766:12;1792:5228;1793:6277;1794:6395;1795:5170
142.3652,1788885454.3886,6,626.79,23100.66,23727.46,56.8,25242.5,38011.0,0.0,5341.924,108.819,305.804,1766:12;1792:5234;1793:6279;1794:6400;1795:5175
142.4712,1788885454.4946,6,626.79,23088.87,23715.66,230.0,25249.5,38004.0,0.0,5343.966,108.844,305.804,1766:12;1792:5232;1793:6277;1794:6397;1795:5170
142.5753,1788885454.5987,6,626.79,23105.19,23731.98,67.2,25249.7,38003.8,0.0,5344.281,108.915,305.804,1766:12;1792:5238;1793:6280;1794:6401;1795:5174
142.6795,1788885454.7028,6,626.79,23113.22,23740.01,48.0,25249.7,38003.8,0.0,5350.902,108.945,305.804,1766:12;1792:5239;1793:6281;1794:6404;1795:5176
142.7836,1788885454.8070,6,626.79,23109.21,23736.00,268.8,25261.7,37991.8,0.0,5354.161,108.972,305.804,1766:12;1792:5238;1793:6281;1794:6401;1795:5176
142.8877,1788885454.9111,6,626.79,23125.52,23752.32,76.8,25261.7,37991.8,0.0,5354.485,109.047,305.804,1766:12;1792:5244;1793:6284;1794:6405;1795:5180
142.9919,1788885455.0152,6,626.79,23134.13,23760.93,240.0,25251.2,38002.3,0.0,5364.625,109.094,305.804,1766:12;1792:5249;1793:6289;1794:6405;1795:5178
143.0960,1788885455.1194,6,626.79,23141.29,23768.08,86.4,25235.2,38018.3,0.0,5364.941,109.173,305.804,1766:12;1792:5250;1793:6288;1794:6409;1795:5182
143.2001,1788885455.2234,6,626.79,23156.27,23783.07,220.8,25235.7,38017.8,0.0,5375.355,109.218,305.804,1766:12;1792:5256;1793:6291;1794:6407;1795:5189
143.3042,1788885455.3275,6,626.79,23153.56,23780.36,76.8,25245.8,38007.7,0.0,5375.671,109.302,305.804,1766:12;1792:5254;1793:6291;1794:6411;1795:5186
143.4082,1788885455.4316,6,626.79,23145.43,23772.23,211.2,25245.8,38007.7,0.0,5385.875,109.360,305.804,1766:12;1792:5250;1793:6289;1794:6410;1795:5184
143.5124,1788885455.5358,6,626.79,23161.62,23788.41,67.2,25245.8,38007.7,0.0,5386.528,109.437,305.804,1766:12;1792:5256;1793:6292;1794:6413;1795:5188
143.6165,1788885455.6399,6,626.80,23410.94,24037.73,467.0,25412.5,37840.9,0.0,5397.362,109.478,305.804,1766:12;1792:5348;1793:6383;1794:6462;1795:5205
143.7218,1788885455.7452,6,626.87,23344.87,23971.74,983.4,25178.2,38075.2,0.0,5397.387,109.497,305.804,1766:12;1792:5310;1793:6314;1794:6433;1795:5275
143.8262,1788885455.8496,6,626.90,23273.67,23900.57,460.8,25097.9,38155.5,0.0,5397.856,109.601,305.804,1766:12;1792:5296;1793:6321;1794:6439;1795:5206
143.9304,1788885455.9538,6,626.90,23291.70,23918.60,297.6,25121.5,38132.0,0.0,5398.112,109.704,305.804,1766:12;1792:5300;1793:6325;1794:6443;1795:5212
144.0345,1788885456.0579,6,626.90,23306.27,23933.18,124.8,25114.7,38138.8,0.0,5398.403,109.768,305.804,1766:12;1792:5303;1793:6332;1794:6445;1795:5213
144.1387,1788885456.1621,6,626.90,23320.96,23947.87,336.0,25127.6,38125.9,0.0,5398.770,109.865,305.804,1766:12;1792:5307;1793:6333;1794:6449;1795:5219
144.2428,1788885456.2662,6,626.90,23352.74,23979.64,355.2,25133.3,38120.2,0.0,5399.325,109.981,305.804,1766:12;1792:5316;1793:6341;1794:6455;1795:5229
144.3470,1788885456.3704,6,626.91,23364.35,23991.26,323.6,25141.5,38111.9,0.0,5399.942,110.088,305.804,1766:12;1792:5312;1793:6350;1794:6462;1795:5229
144.4523,1788885456.4757,6,626.91,23389.96,24016.86,296.9,25149.8,38103.7,0.0,5400.750,110.199,305.804,1766:12;1792:5318;1793:6353;1794:6467;1795:5240
144.5566,1788885456.5799,6,626.91,23404.54,24031.45,404.8,25158.0,38095.4,0.0,5401.114,110.321,305.804,1766:12;1792:5324;1793:6351;1794:6472;1795:5246
144.6629,1788885456.6863,6,626.91,23422.99,24049.91,287.6,25167.5,38086.0,0.0,5401.399,110.421,305.804,1766:12;1792:5332;1793:6354;1794:6473;1795:5252
144.7670,1788885456.7903,6,626.91,23431.10,24058.02,250.0,25167.3,38086.1,0.0,5401.802,110.528,305.804,1766:12;1792:5333;1793:6358;1794:6478;1795:5250
144.8710,1788885456.8944,6,626.98,23433.47,24060.45,307.6,25183.2,38070.3,0.0,5412.394,110.580,305.804,1766:12;1792:5334;1793:6360;1794:6479;1795:5248
144.9750,1788885456.9984,6,626.98,23449.79,24076.77,57.6,25183.2,38070.3,0.0,5412.709,110.655,305.804,1766:12;1792:5338;1793:6364;1794:6484;1795:5252
145.0792,1788885457.1025,6,626.98,23459.12,24086.10,278.7,25195.4,38058.1,0.0,5423.077,110.699,305.804,1766:12;1792:5341;1793:6368;1794:6485;1795:5252
145.1832,1788885457.2066,6,626.98,23467.89,24094.87,96.0,25199.7,38053.8,0.0,5423.391,110.777,305.804,1766:12;1792:5342;1793:6368;1794:6490;1795:5256
145.2873,1788885457.3107,6,626.98,23462.95,24089.93,201.6,25207.7,38045.8,0.0,5424.751,110.802,305.804,1766:12;1792:5342;1793:6366;1794:6487;1795:5256
145.3914,1788885457.4148,6,626.98,23466.64,24093.61,9.6,25207.7,38045.8,0.0,5424.873,110.822,305.804,1766:12;1792:5343;1793:6368;1794:6487;1795:5256
145.4956,1788885457.5190,6,626.98,23501.85,24128.83,197.8,25207.9,38045.6,0.0,5435.714,110.920,305.804,1766:12;1792:5352;1793:6378;1794:6496;1795:5263
145.6018,1788885457.6252,6,626.98,23495.32,24122.29,162.9,25224.4,38029.1,0.0,5436.029,111.006,305.804,1766:12;1792:5349;1793:6374;1794:6498;1795:5262
145.7059,1788885457.7293,6,626.98,23497.07,24124.05,211.3,25236.4,38017.1,0.0,5438.703,111.034,305.804,1766:12;1792:5350;1793:6374;1794:6499;1795:5262
145.8100,1788885457.8334,6,627.00,23513.39,24140.39,86.4,25236.6,38016.8,0.0,5439.017,111.109,305.804,1766:12;1792:5354;1793:6378;1794:6504;1795:5266
145.9141,1788885457.9375,6,627.00,23520.50,24147.50,240.0,25244.6,38008.8,0.0,5449.038,111.159,305.804,1766:12;1792:5355;1793:6378;1794:6505;1795:5271
146.0183,1788885458.0417,6,627.00,23531.33,24158.33,76.8,25248.3,38005.2,0.0,5449.353,111.240,305.804,1766:12;1792:5358;1793:6382;1794:6510;1795:5270
146.1224,1788885458.1458,6,627.00,23552.30,24179.29,226.9,25241.8,38011.7,0.0,5460.534,111.281,305.804,1766:12;1792:5366;1793:6384;1794:6512;1795:5278
146.2282,1788885458.2516,6,627.00,23543.55,24170.55,115.2,25246.1,38007.4,0.0,5460.816,111.362,305.804,1766:12;1792:5362;1793:6382;1794:6514;1795:5274
146.3323,1788885458.3557,6,627.00,23566.14,24193.14,226.3,25250.4,38003.0,0.0,5471.823,111.416,305.804,1766:12;1792:5365;1793:6391;1794:6516;1795:5281
146.4385,1788885458.4619,6,627.00,23556.07,24183.07,84.9,25268.5,37985.0,0.0,5472.133,111.487,305.804,1766:12;1792:5366;1793:6386;1794:6517;1795:5276
146.5442,1788885458.5676,6,627.00,23582.89,24209.89,192.1,25271.1,37982.4,0.0,5482.105,111.541,305.804,1766:12;1792:5373;1793:6395;1794:6518;1795:5284
146.6483,1788885458.6717,6,627.00,23557.20,24184.20,105.6,25271.6,37981.8,0.0,5482.406,111.574,305.804,1766:12;1792:5362;1793:6389;1794:6518;1795:5275
146.7524,1788885458.7758,6,627.00,23612.17,24239.18,115.1,25309.4,37944.1,0.0,5485.251,111.638,305.804,1766:12;1792:5367;1793:6391;1794:6565;1795:5276
146.8567,1788885458.8801,6,627.03,23821.79,24448.81,919.0,25442.7,37810.8,0.0,5492.314,111.666,305.804,1766:12;1792:5460;1793:6449;1794:6466;1795:5435
146.9661,1788885458.9895,6,627.10,23507.68,24134.78,812.1,25224.8,38028.7,0.0,5492.530,111.692,305.804,1766:12;1792:5387;1793:6411;1794:6375;1795:5322
147.0702,1788885459.0936,6,627.10,23529.73,24156.83,403.6,25271.9,37981.6,0.0,5493.213,111.821,305.804,1766:12;1792:5393;1793:6416;1794:6379;1795:5330
147.1742,1788885459.1976,6,627.10,23559.98,24187.07,288.1,25279.8,37973.7,0.0,5493.728,111.947,305.804,1766:12;1792:5399;1793:6422;1794:6388;1795:5340
147.2784,1788885459.3018,6,627.10,23580.82,24207.91,336.4,25297.8,37955.7,0.0,5494.149,112.066,305.804,1766:12;1792:5407;1793:6428;1794:6387;1795:5347
147.3825,1788885459.4059,6,627.10,23597.70,24224.80,326.4,25314.0,37939.4,0.0,5494.747,112.167,305.804,1766:12;1792:5407;1793:6437;1794:6391;1795:5351
147.4865,1788885459.5099,6,627.10,23623.07,24250.17,307.6,25322.0,37931.4,0.0,5495.490,112.283,305.804,1766:12;1792:5417;1793:6440;1794:6397;1795:5357
147.5906,1788885459.6140,6,627.10,23652.29,24279.39,317.2,25338.0,37915.4,0.0,5495.976,112.409,305.804,1766:12;1792:5423;1793:6446;1794:6406;1795:5365
147.6946,1788885459.7180,6,627.10,23657.43,24284.53,394.0,25350.3,37903.2,0.0,5496.466,112.533,305.804,1766:12;1792:5419;1793:6450;1794:6404;1795:5372
147.7986,1788885459.8220,6,627.11,23691.85,24318.95,336.1,25363.8,37889.7,0.0,5497.085,112.636,305.804,1766:12;1792:5430;1793:6464;1794:6409;1795:5377
147.9028,1788885459.9261,6,627.11,23682.38,24309.49,153.6,25363.9,37889.6,0.0,5497.359,112.684,305.804,1766:12;1792:5432;1793:6453;1794:6411;1795:5374
148.0069,1788885460.0302,6,627.11,23702.59,24329.70,336.0,25389.3,37864.2,0.0,5507.954,112.791,305.804,1766:12;1792:5437;1793:6461;1794:6418;1795:5374
148.1110,1788885460.1344,6,627.11,23705.76,24332.86,57.6,25390.0,37863.5,0.0,5508.231,112.860,305.804,1766:12;1792:5442;1793:6460;1794:6414;1795:5378
148.2150,1788885460.2384,6,627.11,23703.53,24330.63,259.4,25398.2,37855.3,0.0,5517.677,112.924,305.804,1766:12;1792:5440;1793:6460;1794:6415;1795:5376
148.3191,1788885460.3425,6,627.11,23716.73,24343.84,57.6,25398.4,37855.1,0.0,5517.973,112.967,305.804,1766:12;1792:5444;1793:6463;1794:6418;1795:5380
148.4233,1788885460.4467,6,627.11,23724.48,24351.59,28.8,25398.4,37855.1,0.0,5519.799,113.009,305.804,1766:12;1792:5447;1793:6464;1794:6419;1795:5382
148.5276,1788885460.5510,6,627.11,23723.82,24350.93,201.6,25409.8,37843.7,0.0,5527.589,113.057,305.804,1766:12;1792:5447;1793:6464;1794:6419;1795:5382
148.6317,1788885460.6551,6,627.11,23763.64,24390.75,141.0,25410.4,37843.1,0.0,5537.243,113.161,305.804,1766:12;1792:5466;1793:6472;1794:6427;1795:5387
148.7383,1788885460.7617,6,627.11,23743.65,24370.76,191.7,25422.7,37830.8,0.0,5537.337,113.193,305.804,1766:12;1792:5453;1793:6468;1794:6425;1795:5386
148.8424,1788885460.8658,6,627.11,23785.72,24412.83,122.6,25423.5,37830.0,0.0,5548.277,113.285,305.804,1766:12;1792:5469;1793:6477;1794:6434;1795:5394
148.9487,1788885460.9721,6,627.11,23763.17,24390.28,209.0,25432.7,37820.8,0.0,5549.060,113.342,305.804,1766:12;1792:5461;1793:6474;1794:6427;1795:5390
149.0540,1788885461.0774,6,627.11,23797.78,24424.89,124.4,25425.1,37828.4,0.0,5559.016,113.414,305.804,1766:12;1792:5476;1793:6483;1794:6436;1795:5391
149.1582,1788885461.1816,6,627.11,23783.38,24410.49,201.9,25441.3,37812.1,0.0,5559.333,113.491,305.804,1766:12;1792:5469;1793:6480;1794:6432;1795:5390
149.2623,1788885461.2856,6,627.11,23809.77,24436.88,182.4,25441.7,37811.7,0.0,5569.696,113.546,305.804,1766:12;1792:5483;1793:6484;1794:6438;1795:5393
149.3664,1788885461.3898,6,627.11,23804.91,24432.02,115.3,25449.9,37803.6,0.0,5570.019,113.632,305.804,1766:12;1792:5477;1793:6484;1794:6436;1795:5396
149.4704,1788885461.4938,6,627.11,23819.93,24447.04,67.3,25449.9,37803.6,0.0,5578.756,113.661,305.804,1766:12;1792:5489;1793:6485;1794:6438;1795:5396
149.5745,1788885461.5979,6,627.11,23811.07,24438.18,259.2,25466.1,37787.3,0.0,5581.521,113.720,305.804,1766:12;1792:5483;1793:6482;1794:6437;1795:5397
149.6786,1788885461.7020,6,627.11,23842.00,24469.11,86.4,25466.1,37787.3,0.0,5592.575,113.795,305.804,1766:12;1792:5493;1793:6490;1794:6443;1795:5403
149.7827,1788885461.8061,6,627.12,23809.73,24436.86,240.0,25466.6,37786.9,0.0,5592.577,113.812,305.804,1766:12;1792:5478;1793:6484;1794:6438;1795:5397
149.8869,1788885461.9102,6,627.12,23826.05,24453.18,67.2,25466.6,37786.9,0.0,5592.893,113.887,305.804,1766:12;1792:5484;1793:6488;1794:6441;1795:5400
149.9909,1788885462.0143,6,627.12,24075.03,24702.15,449.9,25639.7,37613.8,0.0,5603.695,113.922,305.804,1766:12;1792:5528;1793:6559;1794:6504;1795:5471
150.0955,1788885462.1189,6,627.19,24007.90,24635.09,1147.2,25692.7,37560.8,0.0,5603.695,113.926,305.804,1766:12;1792:5533;1793:6497;1794:6477;1795:5489
150.2020,1788885462.2254,6,627.27,23759.77,24387.04,737.6,25631.6,37621.9,0.0,5604.318,114.026,305.804,1766:12;1792:5485;1793:6412;1794:6387;1795:5464
150.3061,1788885462.3295,6,627.27,23763.80,24391.07,394.1,25644.4,37609.0,0.0,5604.734,114.132,305.804,1766:12;1792:5487;1793:6413;1794:6387;1795:5464
150.4102,1788885462.4335,6,627.27,23783.96,24411.23,269.2,25652.4,37601.0,0.0,5605.175,114.250,305.804,1766:12;1792:5487;1793:6422;1794:6393;1795:5470
150.5142,1788885462.5376,6,627.27,23801.10,24428.38,326.9,25668.7,37584.8,0.0,5605.630,114.357,305.804,1766:12;1792:5494;1793:6422;1794:6397;1795:5476
150.6183,1788885462.6416,6,627.27,23831.04,24458.31,336.0,25680.9,37572.6,0.0,5606.048,114.484,305.804,1766:12;1792:5507;1793:6424;1794:6403;1795:5484
150.7224,1788885462.7458,6,627.27,23852.21,24479.48,355.7,25696.9,37556.6,0.0,5606.489,114.595,305.804,1766:12;1792:5520;1793:6431;1794:6405;1795:5484
150.8264,1788885462.8498,6,627.27,23864.72,24492.00,326.8,25705.4,37548.1,0.0,5607.048,114.727,305.804,1766:12;1792:5516;1793:6432;1794:6413;1795:5492
150.9305,1788885462.9539,6,627.27,23879.41,24506.68,288.2,25711.2,37542.2,0.0,5607.919,114.840,305.804,1766:12;1792:5520;1793:6437;1794:6414;1795:5495
151.0346,1788885463.0580,6,627.28,23889.72,24517.00,192.0,25733.8,37519.7,0.0,5608.010,114.875,305.804,1766:12;1792:5523;1793:6438;1794:6420;1795:5497
151.1387,1788885463.1621,6,627.28,23906.34,24533.62,192.2,25733.0,37520.4,0.0,5608.362,114.963,305.804,1766:12;1792:5526;1793:6441;1794:6426;1795:5501
151.2427,1788885463.2661,6,627.28,23913.24,24540.52,297.8,25752.0,37501.4,0.0,5619.548,115.007,305.804,1766:12;1792:5527;1793:6440;1794:6432;1795:5502
151.3468,1788885463.3702,6,627.29,23920.82,24548.11,86.4,25756.0,37497.4,0.0,5620.137,115.075,305.804,1766:12;1792:5531;1793:6443;1794:6430;1795:5505
151.4510,1788885463.4743,6,627.29,23933.05,24560.34,211.4,25760.3,37493.2,0.0,5630.040,115.130,305.804,1766:12;1792:5533;1793:6442;1794:6441;1795:5505
151.5550,1788885463.5784,6,627.29,23935.18,24562.46,105.6,25764.3,37489.2,0.0,5630.350,115.199,305.804,1766:12;1792:5533;1793:6445;1794:6437;1795:5509
151.6591,1788885463.6825,6,627.29,23962.39,24589.68,201.8,25768.5,37484.9,0.0,5640.542,115.249,305.804,1766:12;1792:5540;1793:6446;1794:6448;1795:5517
151.7632,1788885463.7865,6,627.29,23952.98,24580.27,134.4,25776.4,37477.1,0.0,5640.836,115.324,305.804,1766:12;1792:5537;1793:6449;1794:6442;1795:5513
151.8673,1788885463.8907,6,627.28,23976.15,24603.43,192.1,25780.8,37472.7,0.0,5650.980,115.375,305.804,1766:12;1792:5541;1793:6450;1794:6456;1795:5516
151.9713,1788885463.9947,6,627.28,23973.07,24600.35,172.9,25797.0,37456.5,0.0,5651.296,115.458,305.804,1766:12;1792:5541;1793:6453;1794:6450;1795:5517
152.0755,1788885464.0989,6,627.28,24003.28,24630.56,124.8,25790.0,37463.4,0.0,5660.980,115.490,305.804,1766:12;1792:5548;1793:6456;1794:6463;1795:5524
152.1796,1788885464.2029,6,627.28,23973.66,24600.94,153.8,25796.5,37457.0,0.0,5661.220,115.507,305.804,1766:12;1792:5541;1793:6450;1794:6452;1795:5519
152.2836,1788885464.3070,6,627.28,23998.89,24626.17,96.0,25796.5,37457.0,0.0,5667.696,115.603,305.804,1766:12;1792:5546;1793:6459;1794:6459;1795:5523
152.3877,1788885464.4111,6,627.28,23990.28,24617.56,220.8,25816.5,37437.0,0.0,5671.183,115.639,305.804,1766:12;1792:5545;1793:6455;1794:6457;1795:5521
152.4918,1788885464.5152,6,627.28,24028.28,24655.56,163.2,25818.1,37435.4,0.0,5681.354,115.743,305.804,1766:12;1792:5550;1793:6458;1794:6476;1795:5532
152.5959,1788885464.6193,6,627.28,24019.26,24646.54,211.5,25824.1,37429.4,0.0,5681.676,115.832,305.804,1766:12;1792:5551;1793:6461;1794:6467;1795:5529
152.6999,1788885464.7233,6,627.28,24027.39,24654.67,230.7,25844.1,37409.4,0.0,5692.091,115.876,305.804,1766:12;1792:5555;1793:6460;1794:6467;1795:5533
152.8039,1788885464.8273,6,627.28,24033.95,24661.23,105.6,25844.1,37409.4,0.0,5692.408,115.951,305.804,1766:12;1792:5553;1793:6463;1794:6473;1795:5533
152.9080,1788885464.9313,6,627.28,24038.23,24665.52,269.1,25844.1,37409.4,0.0,5703.054,116.002,305.804,1766:12;1792:5559;1793:6462;1794:6469;1795:5537
153.0120,1788885465.0354,6,627.28,24029.47,24656.75,38.4,25826.1,37427.4,0.0,5703.119,116.021,305.804,1766:12;1792:5552;1793:6463;1794:6470;1795:5531
153.1162,1788885465.1395,6,627.28,24092.74,24720.02,192.0,25849.0,37404.5,0.0,5713.361,116.115,305.804,1766:12;1792:5572;1793:6476;1794:6486;1795:5546
153.2211,1788885465.2444,6,627.34,24395.24,25022.57,1070.1,26107.7,37145.8,0.0,5713.361,116.115,305.804,1766:12;1792:5665;1793:6472;1794:6549;1795:5697
153.3283,1788885465.3516,6,627.39,23980.05,24607.45,952.9,25959.6,37293.9,0.0,5713.854,116.221,305.804,1766:12;1792:5614;1793:6405;1794:6404;1795:5545
153.4328,1788885465.4562,6,627.39,24020.47,24647.86,354.8,25985.2,37268.2,0.0,5714.524,116.318,305.804,1766:12;1792:5623;1793:6418;1794:6408;1795:5560
153.5371,1788885465.5605,6,627.39,24025.82,24653.21,307.4,25989.2,37264.2,0.0,5714.974,116.423,305.804,1766:12;1792:5630;1793:6418;1794:6408;1795:5558
153.6412,1788885465.6646,6,627.39,24049.52,24676.91,307.2,25997.2,37256.2,0.0,5715.847,116.558,305.804,1766:12;1792:5633;1793:6424;1794:6414;1795:5567
153.7454,1788885465.7688,6,627.40,24066.69,24694.09,288.0,25997.4,37256.0,0.0,5716.189,116.653,305.804,1766:12;1792:5631;1793:6427;1794:6418;1795:5579
153.8495,1788885465.8729,6,627.40,24081.40,24708.80,326.4,26009.4,37244.0,0.0,5716.907,116.766,305.804,1766:12;1792:5632;1793:6435;1794:6424;1795:5578
153.9537,1788885465.9770,6,627.40,24090.26,24717.66,307.5,26017.7,37235.8,0.0,5717.389,116.881,305.804,1766:12;1792:5634;1793:6432;1794:6428;1795:5584
154.0577,1788885466.0811,6,627.40,24116.42,24743.82,346.1,26004.6,37248.8,0.0,5718.009,117.005,305.804,1766:12;1792:5645;1793:6437;1794:6430;1795:5593
154.1617,1788885466.1851,6,627.40,24129.92,24757.32,249.9,26023.1,37230.3,0.0,5718.330,117.077,305.804,1766:12;1792:5652;1793:6441;1794:6434;1795:5592
154.2658,1788885466.2892,6,627.41,24140.00,24767.41,249.6,26024.0,37229.5,0.0,5718.788,117.185,305.804,1766:12;1792:5648;1793:6445;1794:6438;1795:5597
154.3699,1788885466.3933,6,627.41,24142.70,24770.11,201.6,26035.1,37218.4,0.0,5727.664,117.230,305.804,1766:12;1792:5649;1793:6445;1794:6438;1795:5598
154.4740,1788885466.4974,6,627.41,24158.73,24786.14,57.6,26039.1,37214.4,0.0,5727.977,117.307,305.804,1766:12;1792:5653;1793:6449;1794:6442;1795:5603
154.5782,1788885466.6016,6,627.41,24168.89,24796.30,240.0,26055.6,37197.9,0.0,5738.665,117.356,305.804,1766:12;1792:5653;1793:6453;1794:6446;1795:5604
154.6823,1788885466.7057,6,627.41,24166.21,24793.62,57.2,26055.6,37197.9,0.0,5738.964,117.383,305.804,1766:12;1792:5655;1793:6451;1794:6442;1795:5606
154.7871,1788885466.8105,6,627.41,24182.51,24809.92,67.2,26060.1,37193.4,0.0,5745.202,117.459,305.804,1766:12;1792:5658;1793:6457;1794:6447;1795:5609
154.8913,1788885466.9147,6,627.41,24191.40,24818.81,307.6,26064.3,37189.2,0.0,5748.664,117.556,305.804,1766:12;1792:5661;1793:6457;1794:6448;1795:5613
154.9954,1788885467.0188,6,627.41,24200.59,24828.00,220.4,26076.8,37176.7,0.0,5759.283,117.599,305.804,1766:12;1792:5659;1793:6462;1794:6453;1795:5614
155.0998,1788885467.1231,6,627.41,24210.39,24837.80,105.6,26084.8,37168.7,0.0,5759.603,117.682,305.804,1766:12;1792:5663;1793:6461;1794:6452;1795:5622
155.2039,1788885467.2273,6,627.41,24207.04,24834.45,278.6,26078.9,37174.6,0.0,5770.964,117.733,305.804,1766:12;1792:5663;1793:6461;1794:6452;1795:5618
155.3080,1788885467.3314,6,627.41,24230.83,24858.24,76.6,26079.1,37174.4,0.0,5773.303,117.815,305.804,1766:12;1792:5667;1793:6465;1794:6457;1795:5630
155.4125,1788885467.4359,6,627.41,24225.11,24852.52,259.2,26099.1,37154.4,0.0,5782.294,117.854,305.804,1766:12;1792:5667;1793:6465;1794:6456;1795:5624
155.5166,1788885467.5400,6,627.41,24264.26,24891.67,124.8,26099.1,37154.4,0.0,5792.042,117.955,305.804,1766:12;1792:5676;1793:6473;1794:6463;1795:5640
155.6208,1788885467.6441,6,627.41,24241.30,24868.71,211.2,26103.3,37150.2,0.0,5794.227,117.976,305.804,1766:12;1792:5669;1793:6469;1794:6460;1795:5630
155.7249,1788885467.7483,6,627.41,24257.68,24885.09,67.2,26103.3,37150.2,0.0,5794.655,118.051,305.804,1766:12;1792:5673;1793:6473;1794:6464;1795:5635
155.8291,1788885467.8524,6,627.43,24253.81,24881.24,269.0,26105.6,37147.9,0.0,5805.574,118.099,305.804,1766:12;1792:5673;1793:6471;1794:6464;1795:5633
155.9332,1788885467.9565,6,627.43,24270.13,24897.56,86.4,26105.6,37147.9,0.0,5805.889,118.174,305.804,1766:12;1792:5677;1793:6475;1794:6468;1795:5638
156.0373,1788885468.0606,6,627.43,24264.27,24891.70,230.4,26090.8,37162.7,0.0,5816.915,118.225,305.804,1766:12;1792:5675;1793:6474;1794:6466;1795:5636
156.1414,1788885468.1648,6,627.43,24280.59,24908.02,67.2,26090.8,37162.7,0.0,5817.229,118.299,305.804,1766:12;1792:5679;1793:6478;1794:6470;1795:5641
156.2455,1788885468.2689,6,627.43,24365.12,24992.55,306.4,26142.1,37111.4,0.0,5828.447,118.331,305.804,1766:12;1792:5685;1793:6494;1794:6493;1795:5681
156.3540,1788885468.3774,6,627.49,24464.97,25092.46,1070.6,26152.2,37101.3,0.0,5828.447,118.331,305.804,1766:12;1792:5764;1793:6509;1794:6513;1795:5667
156.4608,1788885468.4842,6,627.52,24200.97,24828.48,555.2,25984.7,37268.8,0.0,5828.836,118.442,305.804,1766:12;1792:5704;1793:6422;1794:6389;1795:5675
156.5650,1788885468.5884,6,627.52,24211.13,24838.65,240.1,26008.1,37245.4,0.0,5829.334,118.533,305.804,1766:12;1792:5706;1793:6423;1794:6390;1795:5681
156.6691,1788885468.6925,6,627.52,24229.34,24856.86,278.5,26022.8,37230.7,0.0,5829.827,118.595,305.804,1766:12;1792:5706;1793:6425;1794:6399;1795:5687
156.7732,1788885468.7966,6,627.52,24243.74,24871.25,259.2,26023.0,37230.5,0.0,5830.346,118.714,305.804,1766:12;1792:5714;1793:6431;1794:6396;1795:5692
156.8774,1788885468.9007,6,627.54,24282.76,24910.29,345.7,26035.5,37218.0,0.0,5831.215,118.812,305.804,1766:12;1792:5722;1793:6439;1794:6403;1795:5707
156.9815,1788885469.0049,6,627.54,24287.69,24915.22,358.3,26049.2,37204.3,0.0,5831.595,118.927,305.804,1766:12;1792:5725;1793:6440;1794:6401;1795:5710
157.0878,1788885469.1111,6,627.54,24301.02,24928.56,249.2,26057.9,37195.5,0.0,5832.007,119.019,305.804,1766:12;1792:5726;1793:6445;1794:6405;1795:5713
157.1918,1788885469.2152,6,627.54,24323.17,24950.71,306.1,26057.9,37195.5,0.0,5832.554,119.147,305.804,1766:12;1792:5734;1793:6449;1794:6409;1795:5720
157.2964,1788885469.3197,6,627.54,24324.83,24952.36,228.0,26058.2,37195.3,0.0,5833.309,119.217,305.804,1766:12;1792:5731;1793:6451;1794:6410;1795:5721
157.4017,1788885469.4251,6,627.55,24346.35,24973.90,258.8,26069.6,37183.8,0.0,5833.654,119.284,305.804,1766:12;1792:5737;1793:6454;1794:6415;1795:5728
157.5059,1788885469.5293,6,627.55,24363.23,24990.78,192.0,26069.6,37183.8,0.0,5834.001,119.370,305.804,1766:12;1792:5741;1793:6458;1794:6418;1795:5734
157.6100,1788885469.6334,6,627.55,24373.25,25000.79,96.1,26069.6,37183.8,0.0,5841.631,119.412,305.804,1766:12;1792:5743;1793:6460;1794:6419;1795:5740
157.7140,1788885469.7374,6,627.55,24379.32,25006.86,320.3,26079.0,37174.4,0.0,5846.365,119.509,305.804,1766:12;1792:5745;1793:6466;1794:6419;1795:5736
157.8205,1788885469.8438,6,627.55,24392.15,25019.70,143.8,26079.0,37174.4,0.0,5846.793,119.591,305.804,1766:12;1792:5749;1793:6467;1794:6422;1795:5742
157.9246,1788885469.9480,6,627.55,24409.45,25037.00,240.0,26085.9,37167.6,0.0,5856.918,119.635,305.804,1766:12;1792:5753;1793:6475;1794:6423;1795:5747
158.0288,1788885470.0522,6,627.55,24410.21,25037.76,134.4,26094.3,37159.1,0.0,5857.233,119.717,305.804,1766:12;1792:5753;1793:6471;1794:6426;1795:5748
158.1330,1788885470.1563,6,627.55,24434.67,25062.21,220.8,26095.0,37158.5,0.0,5867.970,119.754,305.804,1766:12;1792:5759;1793:6479;1794:6428;1795:5756
158.2371,1788885470.2605,6,627.55,24419.26,25046.80,144.2,26103.3,37150.2,0.0,5868.148,119.812,305.804,1766:12;1792:5757;1793:6472;1794:6427;1795:5751
158.3411,1788885470.3645,6,627.55,24438.59,25066.14,134.5,26103.5,37150.0,0.0,5876.854,119.877,305.804,1766:12;1792:5760;1793:6477;1794:6429;1795:5761
158.4452,1788885470.4686,6,627.55,24439.11,25066.66,182.4,26124.7,37128.8,0.0,5878.951,119.950,305.804,1766:12;1792:5762;1793:6476;1794:6431;1795:5758
158.5493,1788885470.5727,6,627.55,24452.91,25080.46,153.6,26128.6,37124.9,0.0,5885.822,120.001,305.804,1766:12;1792:5762;1793:6484;1794:6431;1795:5763
158.6534,1788885470.6768,6,627.55,24456.73,25084.28,172.8,26136.9,37116.6,0.0,5888.451,120.085,305.804,1766:12;1792:5766;1793:6483;1794:6434;1795:5762
158.7575,1788885470.7809,6,627.55,24465.27,25092.82,57.6,26141.1,37112.4,0.0,5894.018,120.114,305.804,1766:12;1792:5768;1793:6484;1794:6435;1795:5767
158.8618,1788885470.8852,6,627.60,24477.38,25104.97,268.8,26161.1,37092.4,0.0,5898.686,120.207,305.804,1766:12;1792:5770;1793:6484;1794:6438;1795:5773
158.9660,1788885470.9893,6,627.60,24484.20,25111.80,163.2,26156.3,37097.2,0.0,5903.416,120.244,305.804,1766:12;1792:5773;1793:6491;1794:6437;1795:5771
159.0702,1788885471.0935,6,627.60,24492.85,25120.45,96.0,26156.5,37097.0,0.0,5903.731,120.322,305.804,1766:12;1792:5774;1793:6491;1794:6440;1795:5776
159.1743,1788885471.1976,6,627.60,24485.16,25112.75,249.6,26160.0,37093.5,0.0,5915.224,120.377,305.804,1766:12;1792:5770;1793:6492;1794:6439;1795:5771
159.2784,1788885471.3018,6,627.60,24498.57,25126.17,57.6,26160.0,37093.5,0.0,5915.539,120.451,305.804,1766:12;1792:5774;1793:6494;1794:6442;1795:5777
159.3826,1788885471.4060,6,627.60,24606.46,25234.07,120.9,26236.0,37017.4,0.0,5921.700,120.477,305.804,1766:12;1792:5779;1793:6495;1794:6478;1795:5842
159.4904,1788885471.5138,6,627.64,24859.91,25487.55,1058.9,26419.8,36833.7,0.0,5924.930,120.504,305.804,1766:12;1792:5843;1793:6579;1794:6535;1795:5890
159.5960,1788885471.6193,6,627.70,24612.22,25239.91,1157.8,26458.6,36794.8,0.0,5925.315,120.585,305.804,1766:12;1792:5789;1793:6589;1794:6414;1795:5808
159.7004,1788885471.7238,6,627.70,24437.52,25065.22,454.8,26326.4,36927.1,0.0,5925.698,120.685,305.804,1766:12;1792:5791;1793:6412;1794:6414;1795:5808
159.8059,1788885471.8293,6,627.70,24454.93,25082.62,268.4,26332.1,36921.4,0.0,5926.110,120.794,305.804,1766:12;1792:5799;1793:6412;1794:6418;1795:5814
159.9103,1788885471.9337,6,627.70,24482.89,25110.59,287.6,26338.6,36914.9,0.0,5927.159,120.941,305.804,1766:12;1792:5809;1793:6414;1794:6426;1795:5823
160.0144,1788885472.0378,6,627.70,24502.21,25129.91,355.3,26321.0,36932.4,0.0,5927.546,121.039,305.804,1766:12;1792:5819;1793:6419;1794:6430;1795:5822
160.1186,1788885472.1420,6,627.70,24520.10,25147.79,355.1,26329.0,36924.5,0.0,5927.931,121.129,305.804,1766:12;1792:5823;1793:6422;1794:6438;1795:5825
160.2228,1788885472.2461,6,627.70,24544.50,25172.20,249.6,26335.6,36917.8,0.0,5929.307,121.219,305.804,1766:12;1792:5833;1793:6429;1794:6442;1795:5828
160.3269,1788885472.3503,6,627.70,24556.19,25183.89,364.8,26335.9,36917.6,0.0,5929.709,121.341,305.804,1766:12;1792:5834;1793:6435;1794:6446;1795:5829
160.4310,1788885472.4544,6,627.70,24560.97,25188.67,288.3,26355.8,36897.6,0.0,5930.095,121.401,305.804,1766:12;1792:5837;1793:6433;1794:6445;1795:5834
160.5351,1788885472.5584,6,627.70,24577.84,25205.55,153.6,26357.5,36895.9,0.0,5930.486,121.502,305.804,1766:12;1792:5842;1793:6437;1794:6449;1795:5837
160.6392,1788885472.6626,6,627.70,24582.77,25210.47,297.6,26371.2,36882.3,0.0,5941.295,121.555,305.804,1766:12;1792:5842;1793:6441;1794:6449;1795:5838
160.7434,1788885472.7668,6,627.70,24593.93,25221.64,76.6,26375.6,36877.9,0.0,5941.715,121.634,305.804,1766:12;1792:5846;1793:6441;1794:6453;1795:5841
160.8477,1788885472.8711,6,627.70,24603.97,25231.67,249.6,26394.4,36859.1,0.0,5952.043,121.684,305.804,1766:12;1792:5847;1793:6446;1794:6459;1795:5840
160.9519,1788885472.9753,6,627.70,24610.54,25238.24,76.8,26393.2,36860.2,0.0,5952.360,121.763,305.804,1766:12;1792:5853;1793:6445;1794:6457;1795:5843
161.0560,1788885473.0793,6,627.70,24625.66,25253.36,188.5,26391.8,36861.7,0.0,5963.280,121.812,305.804,1766:12;1792:5856;1793:6455;1794:6458;1795:5845
161.1624,1788885473.1858,6,627.70,24628.72,25256.43,124.6,26391.4,36862.1,0.0,5963.597,121.899,305.804,1766:12;1792:5859;1793:6449;1794:6461;1795:5847
161.2665,1788885473.2898,6,627.71,24637.84,25265.55,230.4,26399.6,36853.8,0.0,5975.190,121.948,305.804,1766:12;1792:5860;1793:6453;1794:6467;1795:5846
161.3706,1788885473.3940,6,627.71,24644.96,25272.66,57.6,26407.9,36845.6,0.0,5975.500,122.027,305.804,1766:12;1792:5865;1793:6453;1794:6466;1795:5849
161.4747,1788885473.4981,6,627.71,24662.73,25290.44,211.3,26416.7,36836.7,0.0,5986.401,122.072,305.804,1766:12;1792:5869;1793:6462;1794:6471;1795:5848
161.5788,1788885473.6022,6,627.71,24647.88,25275.59,153.6,26425.0,36828.5,0.0,5986.698,122.106,305.804,1766:12;1792:5863;1793:6457;1794:6466;1795:5850
161.6829,1788885473.7063,6,627.71,24682.38,25310.09,226.1,26431.5,36822.0,0.0,6000.411,122.208,305.804,1766:12;1792:5873;1793:6465;1794:6474;1795:5858
161.7893,1788885473.8127,6,627.75,24660.59,25288.34,153.2,26448.0,36805.5,0.0,6000.412,122.219,305.804,1766:12;1792:5869;1793:6458;1794:6469;1795:5852
161.8934,1788885473.9168,6,627.75,24686.48,25314.23,86.4,26455.5,36798.0,0.0,6005.236,122.306,305.804,1766:12;1792:5881;1793:6462;1794:6475;1795:5855
161.9976,1788885474.0210,6,627.75,24676.69,25304.44,220.8,26450.3,36803.1,0.0,6014.898,122.361,305.804,1766:12;1792:5875;1793:6462;1794:6471;1795:5856
162.1017,1788885474.1251,6,627.75,24693.53,25321.28,57.6,26441.5,36811.9,0.0,6015.886,122.430,305.804,1766:12;1792:5881;1793:6465;1794:6476;1795:5859
162.2058,1788885474.2292,6,627.75,24691.13,25318.88,326.7,26456.3,36797.2,0.0,6030.160,122.496,305.804,1766:12;1792:5881;1793:6466;1794:6475;1795:5857
162.3100,1788885474.3333,6,627.75,24714.23,25341.98,86.4,26456.5,36797.0,0.0,6035.102,122.580,305.866,1766:12;1792:5889;1793:6471;1794:6483;1795:5860
162.4140,1788885474.4374,6,627.75,24703.30,25331.05,250.0,26458.3,36795.2,0.0,6044.096,122.637,305.866,1766:12;1792:5885;1793:6467;1794:6480;1795:5859
162.5181,1788885474.5415,6,627.75,24797.72,25425.47,134.4,26526.4,36727.1,0.0,6049.821,122.715,305.866,1766:12;1792:5896;1793:6472;1794:6556;1795:5862
162.6224,1788885474.6458,6,627.78,24897.33,25525.11,1023.5,26629.4,36624.1,0.0,6057.890,122.741,305.866,1766:12;1792:5956;1793:6524;1794:6489;1795:5917
162.7289,1788885474.7523,6,627.93,24744.42,25372.35,1246.3,26391.3,36862.1,0.0,6057.890,122.741,305.866,1766:12;1792:5912;1793:6486;1794:6432;1795:5902
162.8349,1788885474.8582,6,628.00,24607.21,25235.21,537.2,26458.2,36795.3,0.0,6058.224,122.804,305.866,1766:12;1792:5916;1793:6377;1794:6421;1795:5882
162.9390,1788885474.9624,6,628.00,24634.43,25262.43,316.8,26458.4,36795.1,0.0,6058.834,122.939,305.866,1766:12;1792:5925;1793:6383;1794:6425;1795:5889
163.0432,1788885475.0666,6,628.00,24641.59,25269.58,259.3,26474.1,36779.4,0.0,6059.295,122.974,305.866,1766:12;1792:5928;1793:6383;1794:6427;1795:5892
163.1473,1788885475.1707,6,628.00,24675.27,25303.26,336.0,26482.3,36771.1,0.0,6060.256,123.127,305.866,1766:12;1792:5938;1793:6391;1794:6433;1795:5901
163.2514,1788885475.2748,6,628.00,24702.69,25330.69,336.0,26494.3,36759.1,0.0,6060.727,123.226,305.866,1766:12;1792:5947;1793:6401;1794:6441;1795:5902
163.3555,1788885475.3789,6,628.00,24708.36,25336.36,297.6,26506.6,36746.9,0.0,6061.133,123.324,305.866,1766:12;1792:5948;1793:6401;1794:6441;1795:5906
163.4597,1788885475.4830,6,628.00,24717.98,25345.98,230.4,26522.6,36730.9,0.0,6061.597,123.428,305.866,1766:12;1792:5950;1793:6401;1794:6441;1795:5914
163.5638,1788885475.5872,6,628.00,24737.94,25365.94,307.2,26530.6,36722.9,0.0,6061.933,123.540,305.866,1766:12;1792:5958;1793:6407;1794:6445;1795:5916
163.6680,1788885475.6914,6,628.00,24768.84,25396.84,364.8,26531.1,36722.4,0.0,6062.489,123.662,305.866,1766:12;1792:5969;1793:6415;1794:6450;1795:5923
163.7722,1788885475.7955,6,628.02,24764.50,25392.53,240.0,26543.9,36709.6,0.0,6062.575,123.693,305.866,1766:12;1792:5964;1793:6415;1794:6452;1795:5921
163.8764,1788885475.8997,6,628.03,24781.28,25409.31,172.8,26544.3,36709.2,0.0,6062.908,123.775,305.866,1766:12;1792:5969;1793:6419;1794:6456;1795:5925
163.9805,1788885476.0039,6,628.03,24787.25,25415.27,144.0,26547.1,36706.3,0.0,6071.930,123.821,305.866,1766:12;1792:5971;1793:6421;1794:6456;1795:5926
164.0847,1788885476.1080,6,628.03,24799.92,25427.95,172.8,26551.7,36701.8,0.0,6073.511,123.906,305.866,1766:12;1792:5976;1793:6423;1794:6460;1795:5929
164.1888,1788885476.2122,6,628.03,24814.12,25442.14,134.4,26563.9,36689.6,0.0,6081.842,123.949,305.866,1766:12;1792:5977;1793:6425;1794:6466;1795:5934
164.2929,1788885476.3163,6,628.03,24815.93,25443.96,163.2,26571.9,36681.6,0.0,6083.239,124.019,305.866,1766:12;1792:5982;1793:6425;1794:6464;1795:5933
164.3970,1788885476.4204,6,628.03,24835.08,25463.11,105.5,26571.9,36681.6,0.0,6092.385,124.073,305.866,1766:12;1792:5985;1793:6429;1794:6470;1795:5939
164.5014,1788885476.5248,6,628.03,24833.98,25462.01,221.0,26579.9,36673.6,0.0,6094.302,124.165,305.866,1766:12;1792:5986;1793:6431;1794:6468;1795:5937
164.6054,1788885476.6288,6,628.03,24849.04,25477.06,182.4,26588.2,36665.3,0.0,6103.900,124.209,305.866,1766:12;1792:5987;1793:6436;1794:6468;1795:5946
164.7096,1788885476.7329,6,628.03,24838.71,25466.73,76.8,26592.2,36661.3,0.0,6104.441,124.231,305.866,1766:12;1792:5988;1793:6431;1794:6470;1795:5937
164.8137,1788885476.8370,6,628.04,24851.55,25479.59,115.2,26596.4,36657.1,0.0,6107.265,124.308,305.866,1766:12;1792:5991;1793:6435;1794:6471;1795:5942
164.9177,1788885476.9411,6,628.04,24860.24,25488.28,296.6,26600.4,36653.1,0.0,6115.049,124.403,305.866,1766:12;1792:5996;1793:6435;1794:6474;1795:5943
165.0223,1788885477.0457,6,628.04,24883.05,25511.09,103.7,26590.3,36663.2,0.0,6123.854,124.457,305.866,1766:12;1792:6001;1793:6439;1794:6480;1795:5950
165.1286,1788885477.1520,6,628.04,24873.90,25501.94,152.0,26596.1,36657.4,0.0,6125.497,124.521,305.866,1766:12;1792:6001;1793:6439;1794:6477;1795:5945
165.2337,1788885477.2570,6,628.04,24896.22,25524.26,66.1,26596.4,36657.0,0.0,6132.031,124.570,305.866,1766:12;1792:6010;1793:6441;1794:6481;1795:5951
165.3399,1788885477.3632,6,628.04,24884.00,25512.04,239.5,26606.4,36647.1,0.0,6135.867,124.614,305.866,1766:12;1792:6001;1793:6443;1794:6481;1795:5947
165.4440,1788885477.4674,6,628.04,24914.50,25542.54,94.5,26606.7,36646.8,0.0,6144.955,124.705,305.866,1766:12;1792:6013;1793:6448;1794:6487;1795:5955
165.5502,1788885477.5736,6,628.04,24894.77,25522.82,210.8,26626.9,36626.6,0.0,6146.523,124.726,305.866,1766:12;1792:6005;1793:6445;1794:6481;1795:5951
165.6543,1788885477.6777,6,628.04,24914.68,25542.73,66.9,26626.9,36626.6,0.0,6150.532,124.815,305.866,1766:12;1792:6011;1793:6450;1794:6486;1795:5956
165.7588,1788885477.7822,6,628.04,24904.43,25532.48,220.8,26628.7,36624.7,0.0,6158.649,124.862,305.866,1766:12;1792:6008;1793:6446;1794:6484;1795:5954
165.8630,1788885477.8863,6,628.04,24927.83,25555.87,86.4,26628.7,36624.7,0.0,6163.656,124.956,305.866,1766:12;1792:6014;1793:6453;1794:6490;1795:5959
165.9672,1788885477.9906,6,628.07,25192.90,25820.97,875.2,26846.2,36407.3,0.0,6169.874,124.981,305.866,1766:12;1792:6058;1793:6558;1794:6531;1795:6033
166.0768,1788885478.1002,6,628.29,25036.68,25664.97,1393.4,26746.1,36507.3,0.0,6169.874,124.981,305.866,1766:12;1792:6045;1793:6557;1794:6424;1795:5999
166.1831,1788885478.2065,6,628.45,24942.27,25570.71,1284.3,26618.7,36634.8,0.0,6169.874,124.981,305.866,1766:12;1792:6105;1793:6428;1794:6358;1795:6039
166.2905,1788885478.3139,6,628.57,24808.44,25437.02,1321.5,26624.9,36628.6,0.0,6169.874,124.981,305.866,1766:12;1792:6085;1793:6416;1794:6313;1795:5982
166.3970,1788885478.4204,6,628.71,24688.64,25317.35,1256.2,26645.8,36607.7,0.0,6169.875,124.981,305.866,1766:12;1792:5957;1793:6465;1794:6275;1795:5979
166.5037,1788885478.5271,6,628.80,24425.64,25054.45,1091.2,26388.7,36864.7,0.0,6169.875,124.981,305.866,1766:12;1792:5940;1793:6454;1794:6160;1795:5859
166.6130,1788885478.6364,6,628.94,24058.86,24687.80,1272.5,26143.4,37110.1,0.0,6169.875,124.981,305.866,1766:12;1792:5822;1793:6454;1794:6020;1795:5751
166.7178,1788885478.7412,6,629.04,23591.59,24220.62,851.0,25748.0,37505.5,0.0,6169.875,124.981,305.866,1766:12;1792:5738;1793:6222;1794:5926;1795:5693
166.8242,1788885478.8475,6,629.27,23116.83,23746.10,581.6,25327.3,37926.2,0.0,6170.046,125.001,305.866,1766:12;1792:5684;1793:5921;1794:5873;1795:5627
166.9284,1788885478.9518,6,629.27,23139.06,23768.32,383.7,25327.3,37926.2,0.0,6170.573,125.128,305.866,1766:12;1792:5688;1793:5925;1794:5881;1795:5633
167.0326,1788885479.0560,6,629.27,23153.05,23782.32,288.4,25296.5,37957.0,0.0,6170.939,125.217,305.866,1766:12;1792:5692;1793:5931;1794:5885;1795:5633
167.1367,1788885479.1600,6,629.27,23180.35,23809.61,278.8,25289.9,37963.6,0.0,6172.012,125.344,305.866,1766:12;1792:5699;1793:5933;1794:5895;1795:5641
167.2407,1788885479.2641,6,629.27,23200.85,23830.12,298.0,25297.9,37955.6,0.0,6172.601,125.448,305.866,1766:12;1792:5703;1793:5940;1794:5901;1795:5645
167.3448,1788885479.3682,6,629.27,23217.16,23846.43,259.6,25306.5,37947.0,0.0,6173.350,125.557,305.866,1766:12;1792:5706;1793:5945;1794:5905;1795:5649
167.4488,1788885479.4722,6,629.27,23238.85,23868.12,336.5,25322.5,37931.0,0.0,6173.796,125.656,305.866,1766:12;1792:5711;1793:5949;1794:5910;1795:5656
167.5528,1788885479.5762,6,629.27,23263.66,23892.93,278.4,25326.6,37926.9,0.0,6174.301,125.774,305.866,1766:12;1792:5716;1793:5962;1794:5917;1795:5657
167.6569,1788885479.6803,6,629.27,23287.89,23917.16,346.0,25331.0,37922.5,0.0,6174.709,125.878,305.866,1766:12;1792:5721;1793:5960;1794:5927;1795:5667
167.7610,1788885479.7844,6,629.28,23284.04,23913.32,326.4,25346.6,37906.9,0.0,6174.909,125.952,305.866,1766:12;1792:5721;1793:5960;1794:5923;1795:5668
167.8652,1788885479.8885,6,629.35,23294.37,23923.71,201.6,25347.1,37906.4,0.0,6175.300,126.053,305.866,1766:12;1792:5724;1793:5964;1794:5928;1795:5666
167.9693,1788885479.9927,6,629.35,23296.62,23925.96,268.8,25360.3,37893.2,0.0,6184.260,126.099,305.866,1766:12;1792:5725;1793:5964;1794:5930;1795:5666
168.0734,1788885480.0968,6,629.35,23312.94,23942.29,48.0,25314.1,37939.3,0.0,6184.583,126.177,305.866,1766:12;1792:5728;1793:5968;1794:5935;1795:5670
168.1775,1788885480.2008,6,629.35,23310.62,23939.96,264.5,25331.9,37921.6,0.0,6194.493,126.226,305.866,1766:12;1792:5727;1793:5968;1794:5934;1795:5670
168.2833,1788885480.3067,6,629.35,23326.94,23956.29,76.8,25331.5,37921.9,0.0,6194.809,126.302,305.866,1766:12;1792:5730;1793:5972;1794:5939;1795:5674
168.3874,1788885480.4108,6,629.35,23333.48,23962.83,249.6,25339.8,37913.7,0.0,6205.381,126.348,305.866,1766:12;1792:5731;1793:5972;1794:5942;1795:5677
168.4915,1788885480.5149,6,629.35,23342.94,23972.29,67.2,25339.8,37913.7,0.0,6205.698,126.427,305.866,1766:12;1792:5734;1793:5976;1794:5943;1795:5678
168.5956,1788885480.6190,6,629.35,23344.63,23973.98,249.6,25360.0,37893.5,0.0,6215.629,126.473,305.866,1766:12;1792:5735;1793:5976;1794:5944;1795:5678
168.6997,1788885480.7231,6,629.35,23360.95,23990.30,57.6,25360.0,37893.5,0.0,6216.004,126.548,305.866,1766:12;1792:5738;1793:5980;1794:5949;1795:5682
168.8038,1788885480.8272,6,629.37,23362.73,23992.09,269.0,25376.7,37876.7,0.0,6226.133,126.598,305.866,1766:12;1792:5739;1793:5980;1794:5950;1795:5682
168.9079,1788885480.9313,6,629.37,23379.05,24008.41,76.8,25376.7,37876.7,0.0,6226.449,126.673,305.866,1766:12;1792:5742;1793:5984;1794:5955;1795:5686
169.0119,1788885481.0353,6,629.37,23376.88,24006.25,249.8,25364.4,37889.1,0.0,6236.299,126.721,305.866,1766:12;1792:5741;1793:5984;1794:5954;1795:5686
169.1160,1788885481.1394,6,629.37,23393.20,24022.57,67.2,25341.2,37912.3,0.0,6236.615,126.796,305.866,1766:12;1792:5744;1793:5988;1794:5959;1795:5690
169.2200,1788885481.2434,6,629.37,23392.85,24022.22,240.1,25339.3,37914.2,0.0,6245.723,126.843,305.866,1766:12;1792:5745;1793:5988;1794:5958;1795:5690
169.3241,1788885481.3475,6,629.37,23403.57,24032.95,28.8,25338.7,37914.8,0.0,6245.935,126.894,305.866,1766:12;1792:5745;1793:5992;1794:5963;1795:5692
169.4282,1788885481.4516,6,629.37,23429.23,24058.60,182.4,25349.3,37904.2,0.0,6256.043,126.957,305.866,1766:12;1792:5749;1793:6002;1794:5968;1795:5699
169.5323,1788885481.5557,6,629.37,23418.67,24048.04,76.8,25357.5,37896.0,0.0,6256.314,127.002,305.866,1766:12;1792:5750;1793:5992;1794:5967;1795:5697
169.6365,1788885481.6599,6,629.37,23432.86,24062.23,94.3,25357.5,37896.0,0.0,6262.931,127.066,305.866,1766:12;1792:5752;1793:5997;1794:5972;1795:5699
169.7425,1788885481.7659,6,629.37,23422.66,24052.04,182.2,25352.0,37901.4,0.0,6266.570,127.106,305.866,1766:12;1792:5753;1793:5993;1794:5967;1795:5698
169.8467,1788885481.8701,6,629.37,23449.90,24079.27,103.4,25343.7,37909.8,0.0,6276.112,127.199,305.866,1766:12;1792:5759;1793:6000;1794:5976;1795:5703
169.9536,1788885481.9770,6,629.38,23969.02,24598.40,1024.8,25610.3,37643.2,0.0,6276.725,127.201,305.866,1766:12;1792:5905;1793:6078;1794:6098;1795:5875
170.0631,1788885482.0864,6,629.42,24084.36,24713.79,1446.1,25777.0,37476.5,0.0,6276.725,127.201,305.866,1766:12;1792:5910;1793:6110;1794:6166;1795:5886
170.1700,1788885482.1934,6,629.46,24326.48,24955.93,1256.4,26112.0,37141.5,0.0,6276.725,127.201,305.866,1766:12;1792:5888;1793:6177;1794:6299;1795:5951
170.2748,1788885482.2982,6,629.46,24679.00,25308.46,1307.0,26401.4,36852.0,0.0,6276.725,127.201,305.866,1766:12;1792:6040;1793:6238;1794:6305;1795:6084
170.3821,1788885482.4054,6,629.48,25147.18,25776.66,1300.4,27013.2,36240.3,0.0,6276.725,127.201,305.866,1766:12;1792:6153;1793:6302;1794:6346;1795:6334
170.4907,1788885482.5141,6,629.48,25280.29,25909.77,1262.6,27221.1,36032.4,0.0,6276.725,127.201,305.866,1766:12;1792:6181;1793:6340;1794:6420;1795:6327
170.5966,1788885482.6200,6,629.52,25470.80,26100.32,1133.8,27429.2,35824.2,0.0,6276.725,127.201,305.866,1766:12;1792:6359;1793:6452;1794:6414;1795:6235
170.7026,1788885482.7260,6,629.55,25386.73,26016.28,1148.3,27636.4,35617.1,0.0,6276.725,127.201,305.866,1766:12;1792:6301;1793:6575;1794:6506;1795:5992
170.8086,1788885482.8320,6,629.58,26089.12,26718.70,1459.6,28043.6,35209.9,0.0,6276.725,127.201,305.866,1766:12;1792:6919;1793:6672;1794:6573;1795:5912
170.9171,1788885482.9404,6,629.60,26442.07,27071.67,1444.1,28492.7,34760.8,0.0,6276.725,127.201,305.866,1766:12;1792:6945;1793:6766;1794:6803;1795:5916
171.0244,1788885483.0478,6,629.63,25805.29,26434.92,1213.4,28569.0,34684.5,0.0,6276.725,127.201,305.866,1766:12;1792:6742;1793:6174;1794:6859;1795:6018
171.1349,1788885483.1583,6,629.65,25971.58,26601.23,1104.4,28732.4,34521.0,0.0,6276.725,127.201,305.866,1766:12;1792:6693;1793:6140;1794:6839;1795:6287
171.2436,1788885483.2670,6,629.68,25999.55,26629.24,1460.5,28771.1,34482.3,0.0,6276.725,127.201,305.866,1766:12;1792:6709;1793:6086;1794:6806;1795:6386
171.3700,1788885483.3934,6,629.84,25991.61,26621.45,1407.1,28956.6,34296.9,0.0,6276.725,127.201,305.866,1766:12;1792:6668;1793:6147;1794:6876;1795:6288
171.4851,1788885483.5084,6,629.87,26122.27,26752.14,1388.4,29215.5,34038.0,0.0,6276.725,127.201,305.866,1766:12;1792:6505;1793:6357;1794:7059;1795:6189
171.5941,1788885483.6174,6,629.91,26033.21,26663.13,1396.2,29235.9,34017.6,0.0,6276.725,127.201,305.866,1766:12;1792:6376;1793:6400;1794:6992;1795:6252
171.7093,1788885483.7327,6,629.93,26284.16,26914.09,1376.9,29142.7,34110.7,0.0,6276.725,127.201,305.866,1766:12;1792:6583;1793:6375;1794:7045;1795:6269
171.8169,1788885483.8403,6,629.89,26465.89,27095.79,1374.9,29392.2,33861.2,0.0,6276.725,127.201,305.866,1766:12;1792:6448;1793:6619;1794:7104;1795:6283
171.9271,1788885483.9504,6,629.91,26979.50,27609.41,1389.9,29907.1,33346.4,0.0,6276.727,127.202,305.866,1766:12;1792:6647;1793:6590;1794:7420;1795:6310
172.0366,1788885484.0599,6,629.93,26686.46,27316.38,1361.1,30305.3,32948.1,0.0,6276.727,127.202,305.866,1766:12;1792:6453;1793:6634;1794:7251;1795:6336
172.1420,1788885484.1654,6,629.93,26604.47,27234.40,1337.4,30513.6,32739.8,0.0,6276.727,127.202,305.866,1766:12;1792:6581;1793:6593;1794:7087;1795:6332
172.2513,1788885484.2747,6,629.94,26916.22,27546.16,1403.9,30467.2,32786.3,0.0,6276.727,127.202,305.866,1766:12;1792:6672;1793:6608;1794:7305;1795:6319
172.3589,1788885484.3823,6,629.95,26762.20,27392.14,1307.1,30553.0,32700.4,0.0,6276.727,127.202,305.866,1766:12;1792:6421;1793:6584;1794:7440;1795:6306
172.4737,1788885484.4971,6,629.96,26907.82,27537.78,907.0,30756.3,32497.1,0.0,6276.727,127.202,305.866,1766:12;1792:6355;1793:6666;1794:7633;1795:6241
172.5781,1788885484.6015,6,629.98,26801.80,27431.78,915.8,30795.7,32457.8,0.0,6276.727,127.202,305.866,1766:12;1792:6246;1793:6708;1794:7687;1795:6148
172.6855,1788885484.7089,6,629.98,26906.28,27536.26,1139.6,30860.4,32393.1,0.0,6276.727,127.202,305.866,1766:12;1792:6250;1793:6771;1794:7712;1795:6161
172.7925,1788885484.8159,6,630.01,26787.73,27417.74,486.8,30775.1,32478.4,0.0,6276.727,127.202,305.866,1766:12;1792:6229;1793:6683;1794:7724;1795:6140
172.8993,1788885484.9227,6,630.04,26153.11,26783.15,631.3,30460.7,32792.7,0.0,6276.727,127.202,305.866,1766:12;1792:6200;1793:6611;1794:7258;1795:6072
173.0036,1788885485.0270,6,630.07,25960.30,26590.38,813.9,30093.6,33159.9,0.0,6276.727,127.202,305.866,1766:12;1792:6192;1793:6409;1794:7289;1795:6057
173.1110,1788885485.1343,6,630.11,26309.52,26939.62,1200.8,30318.2,32935.3,0.0,6276.727,127.202,305.866,1766:12;1792:6201;1793:6373;1794:7646;1795:6077
173.2165,1788885485.2399,6,630.14,26046.63,26676.77,1036.7,30140.4,33113.0,0.0,6276.727,127.202,305.866,1766:12;1792:6212;1793:6374;1794:7586;1795:5863
173.3236,1788885485.3470,6,630.16,26772.26,27402.42,1233.2,30628.8,32624.7,0.0,6276.727,127.202,305.866,1766:12;1792:6174;1793:6299;1794:8447;1795:5839
173.4279,1788885485.4513,6,630.17,26358.64,26988.82,1024.6,30331.6,32921.9,0.0,6276.727,127.202,305.866,1766:12;1792:6289;1793:6269;1794:8122;1795:5666
173.5324,1788885485.5558,6,630.20,26946.09,27576.29,1402.2,30844.0,32409.5,0.0,6276.727,127.202,305.866,1766:12;1792:6428;1793:6400;1794:8249;1795:5857
173.6440,1788885485.6674,6,630.21,26612.26,27242.47,1238.8,31211.3,32042.2,0.0,6276.728,127.203,305.866,1766:12;1792:6633;1793:6185;1794:8126;1795:5656
173.7522,1788885485.7756,6,630.23,27341.53,27971.76,1455.6,31540.2,31713.3,0.0,6276.732,127.205,306.116,1766:12;1792:6893;1793:6520;1794:8175;1795:5741
173.8589,1788885485.8823,6,630.35,27357.54,27987.89,1374.0,31800.0,31453.5,0.0,6276.732,127.205,306.116,1766:12;1792:6926;1793:6301;1794:8247;1795:5871
173.9738,1788885485.9972,6,630.35,26745.19,27375.54,1385.8,31394.2,31859.3,0.0,6276.732,127.205,306.116,1766:12;1792:6268;1793:6337;1794:8259;1795:5869
174.0835,1788885486.1069,6,630.37,27083.33,27713.70,1336.2,31245.1,32008.4,0.0,6276.732,127.205,306.116,1766:12;1792:6318;1793:6374;1794:8403;1795:5976
174.1944,1788885486.2178,6,630.38,27140.35,27770.73,1350.3,31509.9,31743.6,0.0,6276.732,127.205,306.116,1766:12;1792:6702;1793:6399;1794:8093;1795:5934
174.3071,1788885486.3304,6,630.41,27396.12,28026.54,1475.2,31592.4,31661.1,0.0,6276.732,127.205,306.116,1766:12;1792:6734;1793:6466;1794:8249;1795:5935
174.4208,1788885486.4442,6,630.43,26514.35,27144.78,1409.0,31172.0,32081.5,0.0,6276.732,127.205,306.116,1766:12;1792:6281;1793:6413;1794:7949;1795:5859
174.5341,1788885486.5574,6,630.45,26572.75,27203.20,1502.8,31410.2,31843.2,0.0,6276.732,127.205,306.116,1766:12;1792:5912;1793:6421;1794:8492;1795:5736
174.6530,1788885486.6764,6,630.45,27079.46,27709.91,1548.0,32162.0,31091.5,0.0,6276.732,127.205,306.116,1766:12;1792:6088;1793:6611;1794:8673;1795:5696
174.7701,1788885486.7935,6,630.48,27515.36,28145.84,1551.6,32537.5,30716.0,0.0,6276.732,127.205,306.116,1766:12;1792:5791;1793:6666;1794:8643;1795:6403
174.8963,1788885486.9196,6,630.48,28271.09,28901.57,1542.5,33160.2,30093.2,0.0,6276.732,127.205,306.116,1766:12;1792:6017;1793:6836;1794:8694;1795:6711
175.0201,1788885487.0434,6,630.49,28189.13,28819.62,1551.6,32943.5,30310.0,0.0,6276.732,127.205,306.116,1766:12;1792:5928;1793:6730;1794:8816;1795:6703
175.1491,1788885487.1724,6,630.50,27540.40,28170.90,1480.4,32160.7,31092.8,0.0,6276.732,127.205,306.116,1766:12;1792:5944;1793:6745;1794:8634;1795:6205
175.2658,1788885487.2892,6,630.51,27470.93,28101.44,1516.4,32074.7,31178.8,0.0,6276.732,127.205,306.116,1766:12;1792:5417;1793:8121;1794:8040;1795:5880
175.3847,1788885487.4081,6,630.52,26737.86,27368.38,1528.3,31626.3,31627.2,0.0,6276.732,127.205,306.116,1766:12;1792:5392;1793:8469;1794:7714;1795:5151
175.5021,1788885487.5254,6,630.52,25461.37,26091.89,1524.7,30058.6,33194.9,0.0,6276.732,127.205,306.116,1766:12;1792:5132;1793:8675;1794:6463;1795:5179
175.6161,1788885487.6395,6,630.54,25246.82,25877.36,1521.3,29731.4,33522.1,0.0,6276.732,127.205,306.116,1766:12;1792:5332;1793:8724;1794:6131;1795:5048
175.7441,1788885487.7674,6,630.55,24553.65,25184.21,1499.4,29332.4,33921.1,0.0,6276.732,127.205,306.116,1766:12;1792:5455;1793:8245;1794:5847;1795:4994
175.8571,1788885487.8804,6,630.61,24842.14,25472.75,1504.4,29269.4,33984.1,0.0,6276.736,127.207,306.116,1766:12;1792:5777;1793:8268;1794:5801;1795:4984
175.9710,1788885487.9944,6,630.62,23609.40,24240.02,1408.5,27789.1,35464.3,0.0,6276.736,127.208,306.116,1766:12;1792:5394;1793:7421;1794:5733;1795:5050
176.0783,1788885488.1017,6,630.63,23151.04,23781.67,1308.5,27594.3,35659.2,0.0,6276.736,127.208,306.116,1766:12;1792:5473;1793:7249;1794:5434;1795:4984
176.1831,1788885488.2064,6,630.65,23847.99,24478.64,1424.0,27617.1,35636.4,0.0,6276.736,127.208,306.116,1766:12;1792:5307;1793:8113;1794:5469;1795:4947
176.2935,1788885488.3169,6,630.66,23839.74,24470.40,1479.6,27942.3,35311.2,0.0,6276.736,127.208,306.116,1766:12;1792:5160;1793:8034;1794:5641;1795:4992
176.4020,1788885488.4254,6,630.67,24036.88,24667.55,1352.2,27701.1,35552.3,0.0,6276.736,127.208,306.116,1766:12;1792:5279;1793:8134;1794:5656;1795:4956
176.5088,1788885488.5322,6,630.68,24188.11,24818.79,1437.6,27944.1,35309.4,0.0,6276.736,127.208,306.116,1766:12;1792:5375;1793:7876;1794:6039;1795:4887
176.6159,1788885488.6393,6,630.69,24637.79,25268.48,1432.7,28379.2,34874.3,0.0,6276.736,127.208,306.116,1766:12;1792:5937;1793:7773;1794:6110;1795:4805
176.7250,1788885488.7483,6,630.70,23524.95,24155.65,1436.9,27461.0,35792.5,0.0,6276.736,127.208,306.116,1766:12;1792:6027;1793:6422;1794:6298;1795:4765
176.8321,1788885488.8554,6,630.73,22155.89,22786.62,1322.5,26315.3,36938.2,0.0,6276.736,127.208,306.116,1766:12;1792:5519;1793:5813;1794:6050;1795:4762
176.9450,1788885488.9684,6,630.79,22223.20,22853.99,1258.8,26630.9,36622.5,0.0,6276.736,127.208,306.116,1766:12;1792:5376;1793:5890;1794:6257;1795:4688
177.0521,1788885489.0755,6,630.81,21987.57,22618.38,1366.3,26522.7,36730.8,0.0,6276.736,127.208,306.116,1766:12;1792:5032;1793:5715;1794:6516;1795:4712
177.1683,1788885489.1917,6,630.82,22236.63,22867.45,1533.5,26313.1,36940.3,0.0,6276.736,127.208,306.116,1766:12;1792:4751;1793:5927;1794:6630;1795:4916
177.2800,1788885489.3034,6,630.83,21892.86,22523.69,1549.7,26113.7,37139.7,0.0,6276.736,127.208,306.116,1766:12;1792:4341;1793:5951;1794:6594;1795:4994
177.3881,1788885489.4114,6,630.84,22258.21,22889.05,1507.6,26510.2,36743.3,0.0,6276.736,127.208,306.116,1766:12;1792:4455;1793:6252;1794:6316;1795:5223
177.5049,1788885489.5283,6,630.85,23052.17,23683.02,1569.4,27486.4,35767.1,0.0,6276.736,127.208,306.116,1766:12;1792:4777;1793:6263;1794:6517;1795:5482
177.6210,1788885489.6444,6,630.85,24236.74,24867.59,1592.5,28271.1,34982.4,0.0,6276.736,127.208,306.116,1766:12;1792:5225;1793:6486;1794:6693;1795:5821
177.7360,1788885489.7594,6,630.86,23962.53,24593.39,1514.3,28280.0,34973.5,0.0,6276.736,127.208,306.116,1766:12;1792:4793;1793:6487;1794:6779;1795:5891
177.8501,1788885489.8734,6,630.94,23592.17,24223.11,1497.4,28086.1,35167.4,0.0,6276.736,127.208,306.116,1766:12;1792:4763;1793:6235;1794:6770;1795:5813
177.9716,1788885489.9950,6,630.94,23702.40,24333.34,1505.6,27957.5,35295.9,0.0,6276.736,127.208,306.116,1766:12;1792:4725;1793:6372;1794:7368;1795:5226
178.0786,1788885490.1020,6,630.95,21845.09,22476.03,1366.8,25963.8,37289.7,0.0,6276.736,127.208,306.116,1766:12;1792:3972;1793:6311;1794:7681;1795:3868
178.1829,1788885490.2063,6,630.96,18663.91,19294.87,1074.1,23243.2,40010.3,0.0,6276.736,127.208,306.116,1766:12;1792:3169;1793:4707;1794:7321;1795:3455
178.2971,1788885490.3205,6,630.98,19270.16,19901.14,1317.0,23538.3,39715.1,0.0,6276.736,127.208,306.116,1766:12;1792:3154;1793:4789;1794:7898;1795:3417
178.4070,1788885490.4304,6,631.00,19538.88,20169.88,1534.8,24046.3,39207.2,0.0,6276.737,127.208,306.116,1766:12;1792:3135;1793:4876;1794:8176;1795:3340
178.5251,1788885490.5485,6,631.01,19299.94,19930.95,1191.4,23664.7,39588.8,0.0,6276.737,127.208,306.116,1766:12;1792:3087;1793:4641;1794:8250;1795:3311
178.6314,1788885490.6548,6,631.02,18406.11,19037.12,939.1,23151.9,40101.6,0.0,6276.738,127.209,306.116,1766:12;1792:3086;1793:3900;1794:8102;1795:3306
178.7357,1788885490.7590,6,631.04,17618.36,18249.39,953.9,22687.1,40566.4,0.0,6276.738,127.209,306.116,1766:12;1792:3092;1793:3571;1794:7636;1795:3307
178.8416,1788885490.8650,6,631.08,17848.32,18479.40,1417.0,22650.6,40602.9,0.0,6276.739,127.211,306.116,1766:12;1792:3103;1793:3648;1794:7768;1795:3317
178.9534,1788885490.9768,6,631.08,18144.32,18775.40,1463.5,22977.9,40275.6,0.0,6276.740,127.211,306.116,1766:12;1792:3225;1793:4134;1794:7458;1795:3315
179.0670,1788885491.0903,6,631.09,18461.89,19092.98,1484.2,23111.1,40142.3,0.0,6276.740,127.211,306.116,1766:12;1792:3163;1793:4265;1794:7731;1795:3290
179.1801,1788885491.2035,6,631.10,19291.57,19922.67,1519.4,24074.3,39179.2,0.0,6276.766,127.229,306.116,1766:12;1792:3453;1793:4672;1794:7734;1795:3420
179.2948,1788885491.3182,6,631.12,18057.94,18689.06,1427.5,23167.8,40085.7,0.0,6277.037,127.280,306.116,1766:12;1792:3483;1793:3971;1794:6978;1795:3614
179.4083,1788885491.4317,6,631.13,17735.28,18366.41,1427.9,22440.7,40812.8,0.0,6277.161,127.348,306.116,1766:12;1792:3547;1793:4128;1794:6346;1795:3702
179.5171,1788885491.5404,6,631.14,16553.06,17184.20,1359.2,21480.2,41773.3,0.0,6278.705,127.373,306.116,1766:12;1792:2968;1793:3820;1794:6107;1795:3646
179.6320,1788885491.6554,6,631.16,15777.86,16409.02,1521.6,20636.9,42616.5,0.0,6281.066,127.414,306.116,1766:12;1792:2702;1793:4123;1794:6083;1795:2857
179.7413,1788885491.7647,6,631.17,15551.67,16182.84,1356.5,20481.6,42771.9,0.0,6282.195,127.473,306.116,1766:12;1792:2668;1793:3914;1794:6113;1795:2844
179.8458,1788885491.8691,6,631.20,13792.80,14424.00,1005.9,18981.1,44272.3,0.0,6285.565,127.534,306.116,1766:12;1792:2668;1793:3285;1794:5015;1795:2813
179.9500,1788885491.9734,6,631.20,12271.57,12902.77,586.5,17696.0,45557.5,0.0,6291.429,127.581,306.116,1766:12;1792:2665;1793:2867;1794:3898;1795:2830
180.0558,1788885492.0792,6,631.34,11806.66,12438.00,1115.5,16648.6,46604.8,0.0,6292.654,127.584,306.116,1766:12;1792:2663;1793:2520;1794:3772;1795:2838
180.1664,1788885492.1898,6,631.35,11940.27,12571.62,1184.6,16509.2,46744.3,0.0,6294.698,127.596,306.116,1766:12;1792:2648;1793:2581;1794:3824;1795:2875
180.2707,1788885492.2941,6,631.42,11857.75,12489.17,1228.9,16532.2,46721.3,0.0,6294.698,127.596,306.116,1766:12;1792:2642;1793:2711;1794:3520;1795:2972
180.3791,1788885492.4024,6,631.46,11843.30,12474.77,1303.7,16358.7,46894.8,0.0,6294.698,127.596,306.116,1766:12;1792:2721;1793:2749;1794:3336;1795:3025
180.4898,1788885492.5132,6,631.48,12236.12,12867.60,1434.5,16334.5,46918.9,0.0,6294.698,127.596,306.116,1766:12;1792:2817;1793:2713;1794:3525;1795:3168
180.6026,1788885492.6260,6,631.48,12009.24,12640.72,1343.0,16196.4,47057.1,0.0,6294.698,127.596,306.116,1766:12;1792:2832;1793:2754;1794:3216;1795:3196
180.7083,1788885492.7317,6,631.50,12343.85,12975.35,1422.4,16303.7,46949.8,0.0,6294.698,127.596,306.116,1766:12;1792:2918;1793:2900;1794:3273;1795:3241
180.8170,1788885492.8404,6,631.52,12099.17,12730.70,1406.4,16242.1,47011.3,0.0,6294.698,127.596,306.116,1766:12;1792:3178;1793:2840;1794:2993;1795:3076
180.9268,1788885492.9502,6,631.54,12225.38,12856.92,1377.1,16108.5,47145.0,0.0,6294.698,127.596,306.116,1766:12;1792:3322;1793:2955;1794:2977;1795:2959
181.0358,1788885493.0591,6,631.55,12899.86,13531.41,1432.7,16220.0,47033.5,0.0,6294.698,127.596,306.116,1766:12;1792:3254;1793:3218;1794:3493;1795:2923
181.1411,1788885493.1644,6,631.55,13399.30,14030.86,1448.1,16678.9,46574.6,0.0,6294.698,127.596,306.116,1766:12;1792:3255;1793:3492;1794:3648;1795:2991
181.2541,1788885493.2774,6,631.56,13618.40,14249.96,1497.9,17141.9,46111.6,0.0,6294.698,127.596,306.116,1766:12;1792:3477;1793:3617;1794:3544;1795:2968
181.3703,1788885493.3937,6,631.56,13827.05,14458.61,1450.9,17174.6,46078.8,0.0,6294.698,127.596,306.116,1766:12;1792:3393;1793:3454;1794:3885;1795:3083
181.4821,1788885493.5054,6,631.57,14837.86,15469.43,1491.8,17916.0,45337.5,0.0,6294.698,127.596,306.116,1766:12;1792:3956;1793:3746;1794:3972;1795:3152
181.5971,1788885493.6204,6,631.58,14655.82,15287.41,1537.2,18142.8,45110.7,0.0,6294.698,127.596,306.116,1766:12;1792:3829;1793:3816;1794:3776;1795:3223
181.7122,1788885493.7356,6,631.59,14751.26,15382.85,1505.7,18300.0,44953.5,0.0,6294.698,127.596,306.116,1766:12;1792:3871;1793:3947;1794:3774;1795:3147
181.8200,1788885493.8434,6,631.59,14514.85,15146.44,1518.1,18474.2,44779.3,0.0,6294.698,127.596,306.116,1766:12;1792:3768;1793:4121;1794:3778;1795:2836
181.9381,1788885493.9614,6,631.60,14515.11,15146.71,1427.3,18583.0,44670.5,0.0,6294.698,127.596,306.116,1766:12;1792:3606;1793:4182;1794:3650;1795:3066
182.0500,1788885494.0734,6,631.61,13444.06,14075.67,1419.3,17939.9,45313.6,0.0,6294.698,127.596,306.116,1766:12;1792:2845;1793:4116;1794:3327;1795:3144
182.1597,1788885494.1831,6,631.63,13344.41,13976.04,1231.3,17979.7,45273.8,0.0,6294.698,127.596,306.116,1766:12;1792:1989;1793:4381;1794:3399;1795:3564
182.2668,1788885494.2901,6,631.64,13658.40,14290.05,1084.9,18063.6,45189.9,0.0,6294.698,127.596,306.116,1766:12;1792:1942;1793:4465;1794:3481;1795:3758
182.3742,1788885494.3975,6,631.65,13680.13,14311.79,1494.2,17634.2,45619.2,0.0,6294.698,127.596,306.116,1766:12;1792:1844;1793:4991;1794:3767;1795:3066
182.4821,1788885494.5054,6,631.66,13919.39,14551.05,1509.3,17812.7,45440.8,0.0,6294.698,127.596,306.116,1766:12;1792:1724;1793:5509;1794:3717;1795:2957
182.5961,1788885494.6194,6,631.66,14591.02,15222.69,1566.5,18501.5,44752.0,0.0,6294.698,127.596,306.116,1766:12;1792:1839;1793:5849;1794:4397;1795:2493
182.7131,1788885494.7364,6,631.67,14740.36,15372.03,1525.9,18588.1,44665.4,0.0,6294.698,127.596,306.116,1766:12;1792:1932;1793:5916;1794:4742;1795:2138
182.8260,1788885494.8494,6,631.68,14461.75,15093.43,1521.9,18823.0,44430.5,0.0,6294.698,127.596,306.116,1766:12;1792:1983;1793:5830;1794:4522;1795:2114
182.9383,1788885494.9616,6,631.70,13782.37,14414.07,1464.5,18108.6,45144.9,0.0,6294.698,127.596,306.116,1766:12;1792:1908;1793:5480;1794:4183;1795:2199
183.0511,1788885495.0745,6,631.71,13141.88,13773.59,1520.2,17079.3,46174.1,0.0,6294.698,127.596,306.116,1766:12;1792:1837;1793:5502;1794:3451;1795:2340
183.1700,1788885495.1934,6,631.72,13082.57,13714.29,1468.8,16731.0,46522.5,0.0,6294.698,127.596,306.116,1766:12;1792:2174;1793:5114;1794:3373;1795:2410
183.2810,1788885495.3044,6,631.72,12390.71,13022.44,1296.9,16162.6,47090.9,0.0,6294.698,127.596,306.116,1766:12;1792:2422;1793:4678;1794:2955;1795:2324
183.3891,1788885495.4125,6,631.75,12405.73,13037.47,1383.4,16107.7,47145.8,0.0,6294.698,127.596,306.116,1766:12;1792:2412;1793:4787;1794:3009;1795:2185
183.5051,1788885495.5285,6,631.77,11990.58,12622.34,1459.7,15845.0,47408.4,0.0,6294.698,127.596,306.116,1766:12;1792:2128;1793:4966;1794:2664;1795:2220
183.6161,1788885495.6395,6,631.77,11192.33,11824.11,1433.4,15143.6,48109.8,0.0,6294.698,127.596,306.116,1766:12;1792:1729;1793:5277;1794:1868;1795:2305
183.7231,1788885495.7464,6,631.78,11519.77,12151.55,1430.3,15332.2,47921.3,0.0,6294.698,127.596,306.116,1766:12;1792:1652;1793:5264;1794:2057;1795:2534
183.8316,1788885495.8550,6,631.82,10978.96,11610.79,1439.1,14806.1,48447.3,0.0,6294.698,127.596,306.116,1766:12;1792:1542;1793:4556;1794:2391;1795:2477
183.9384,1788885495.9618,6,631.83,10403.02,11034.85,651.1,14332.2,48921.3,0.0,6294.698,127.596,306.116,1766:12;1792:1500;1793:4313;1794:2061;1795:2517
184.0426,1788885496.0660,6,631.84,8574.20,9206.04,966.2,12549.9,50703.6,0.0,6294.698,127.596,306.116,1766:12;1792:1527;1793:2807;1794:1426;1795:2803
184.1520,1788885496.1754,6,631.85,8219.55,8851.39,1479.3,12037.5,51216.0,0.0,6294.698,127.596,306.116,1766:12;1792:1553;1793:2446;1794:1459;1795:2750
184.2600,1788885496.2834,6,631.86,8563.04,9194.89,1522.4,12552.0,50701.5,0.0,6294.698,127.596,306.116,1766:12;1792:1900;1793:2622;1794:1138;1795:2890
184.3770,1788885496.4004,6,631.86,9347.36,9979.22,1554.5,13264.2,49989.3,0.0,6294.698,127.596,306.116,1766:12;1792:2262;1793:3055;1794:1262;1795:2756
184.4919,1788885496.5153,6,631.91,8933.12,9565.03,1532.7,13088.3,50165.1,0.0,6294.698,127.596,306.116,1766:12;1792:2303;1793:2576;1794:1105;1795:2937
184.6045,1788885496.6278,6,631.92,7736.38,8368.30,1474.3,11986.9,51266.5,0.0,6294.698,127.597,306.116,1766:12;1792:1791;1793:2152;1794:1269;1795:2512
184.7161,1788885496.7394,6,631.93,6359.07,6991.00,1464.0,10471.0,52782.5,0.0,6294.700,127.598,306.116,1766:12;1792:1328;1793:503;1794:1291;1795:3225
184.8233,1788885496.8467,6,631.94,5390.64,6022.59,1042.2,9643.2,53610.3,0.0,6294.700,127.598,306.116,1766:12;1792:427;1793:406;1794:1024;1795:3522
184.9278,1788885496.9512,6,631.95,4587.54,5219.48,742.4,8939.9,54313.6,0.0,6294.701,127.599,306.116,1766:12;1792:406;1793:406;1794:1005;1795:2758
185.0358,1788885497.0592,6,631.95,4224.48,4856.43,669.8,8411.8,54841.7,0.0,6294.701,127.599,306.116,1766:12;1792:384;1793:406;1794:885;1795:2537
185.1400,1788885497.1634,6,631.95,2762.78,3394.73,441.6,6964.7,56288.7,0.0,6294.701,127.599,306.116,1766:12;1792:354;1793:385;1794:883;1795:1129
185.2442,1788885497.2676,6,631.95,1743.29,2375.25,201.6,5965.0,57288.4,0.0,6294.701,127.600,306.116,1766:12;1792:354;1793:385;1794:635;1795:358
185.3483,1788885497.3717,6,632.02,1726.29,2358.31,220.8,5847.7,57405.7,0.0,6294.701,127.600,306.116,1766:12;1792:354;1793:404;1794:598;1795:358
185.4525,1788885497.4759,6,632.02,1915.56,2547.58,192.0,5871.0,57382.4,0.0,6294.702,127.600,306.116,1766:12;1792:354;1793:409;1794:783;1795:358
185.5567,1788885497.5800,6,632.02,1944.85,2576.87,307.0,5982.5,57271.0,0.0,6294.702,127.600,306.116,1766:12;1792:354;1793:431;1794:790;1795:358
185.6609,1788885497.6843,6,783.27,1751.26,2534.53,297.5,5979.3,57274.1,0.0,6294.703,127.602,306.116,1766:12;1792:354;1793:443;1794:584;1795:358
185.7651,1788885497.7885,6,808.28,1780.25,2588.54,182.4,5972.6,57280.8,0.0,6294.704,127.602,306.116,1766:12;1792:354;1793:472;1794:584;1795:358
185.8693,1788885497.8927,6,942.89,1780.25,2723.14,182.2,5992.0,57261.5,0.0,6294.706,127.603,306.116,1766:12;1792:354;1793:472;1794:584;1795:358
185.9736,1788885497.9970,6,800.61,1630.04,2430.66,287.7,5886.3,57367.2,0.0,6294.707,127.604,306.116,1766:12;1792:343;1793:417;1794:517;1795:341
186.0778,1788885498.1012,6,782.42,1630.04,2412.46,96.1,5862.7,57390.7,0.0,6294.707,127.604,306.116,1766:12;1792:343;1793:417;1794:517;1795:341
186.1819,1788885498.2053,6,782.10,1630.04,2412.14,115.3,5750.3,57503.1,0.0,6294.708,127.604,306.116,1766:12;1792:343;1793:417;1794:517;1795:341
186.2860,1788885498.3094,6,746.53,1630.04,2376.57,96.1,5844.2,57409.2,0.0,6294.708,127.605,306.116,1766:12;1792:343;1793:417;1794:517;1795:341
186.3900,1788885498.4134,6,862.28,1630.04,2492.32,192.2,5956.1,57297.3,0.0,6294.708,127.605,306.116,1766:12;1792:343;1793:417;1794:517;1795:341
186.4941,1788885498.5175,6,797.49,1508.23,2305.73,134.6,5751.8,57501.6,0.0,6294.708,127.605,306.116,1766:12;1792:343;1793:398;1794:414;1795:341
186.5981,1788885498.6215,6,819.57,1693.57,2513.14,444.1,5709.1,57544.3,0.0,6294.709,127.605,306.116,1766:12;1792:394;1793:453;1794:470;1795:364
186.7042,1788885498.7276,6,861.64,1624.09,2485.73,140.6,5666.9,57586.6,0.0,6294.709,127.605,306.116,1766:12;1792:362;1793:453;1794:435;1795:361
186.8109,1788885498.8343,6,922.91,1589.54,2512.44,140.6,5719.5,57534.0,0.0,6294.709,127.605,306.116,1766:12;1792:362;1793:419;1794:435;1795:361
186.9176,1788885498.9410,6,951.09,1589.54,2540.63,105.2,5670.2,57583.3,0.0,6294.709,127.605,306.116,1766:12;1792:362;1793:419;1794:435;1795:361
187.0218,1788885499.0452,6,972.24,1589.54,2561.78,105.5,5646.8,57606.7,0.0,6294.709,127.605,306.116,1766:12;1792:362;1793:419;1794:435;1795:361
187.1261,1788885499.1494,6,937.26,1589.54,2526.80,96.1,5646.4,57607.1,0.0,6294.709,127.605,306.116,1766:12;1792:362;1793:419;1794:435;1795:361
187.2301,1788885499.2535,6,916.22,1589.54,2505.76,105.7,5681.1,57572.3,0.0,6294.709,127.605,306.116,1766:12;1792:362;1793:419;1794:435;1795:361
187.3342,1788885499.3576,6,901.05,1589.54,2490.59,105.7,5480.4,57773.1,0.0,6328.342,161.238,306.116,1766:12;1792:362;1793:419;1794:435;1795:361
187.4382,1788885499.4616,6,945.98,1589.54,2535.52,96.1,5480.4,57773.1,0.0,6328.342,161.238,306.116,1766:12;1792:362;1793:419;1794:435;1795:361
187.5422,1788885499.5656,6,987.90,1589.54,2577.43,96.1,5480.4,57773.1,0.0,6328.342,161.238,306.116,1766:12;1792:362;1793:419;1794:435;1795:361
187.6463,1788885499.6697,6,954.38,1589.54,2543.91,113.4,5480.8,57772.6,0.0,6328.342,161.239,306.116,1766:12;1792:362;1793:419;1794:435;1795:361
187.7524,1788885499.7758,6,954.38,1701.02,2655.40,277.5,5489.1,57764.3,0.0,6328.342,161.239,306.116,1766:12;1792:397;1793:439;1794:459;1795:394
187.8567,1788885499.8801,6,997.37,1608.52,2605.89,254.3,5482.2,57771.2,0.0,6328.342,161.239,306.116,1766:12;1792:361;1793:445;1794:431;1795:359
187.9632,1788885499.9865,6,1047.02,1579.04,2626.06,114.8,5477.4,57776.0,0.0,6328.342,161.239,306.116,1766:12;1792:361;1793:416;1794:431;1795:359
188.0673,1788885500.0907,6,1030.54,1579.04,2609.57,105.7,5477.4,57776.0,0.0,6328.342,161.239,306.116,1766:12;1792:361;1793:416;1794:431;1795:359
188.1716,1788885500.1950,6,1015.30,1579.04,2594.34,95.9,5469.6,57783.9,0.0,6328.342,161.239,306.116,1766:12;1792:361;1793:416;1794:431;1795:359
188.2757,1788885500.2990,6,1001.01,1579.04,2580.05,105.8,5448.1,57805.4,0.0,6328.342,161.239,306.116,1766:12;1792:361;1793:416;1794:431;1795:359
188.3797,1788885500.4031,6,1015.06,1579.04,2594.10,105.7,5343.5,57910.0,0.0,6359.518,192.415,306.116,1766:12;1792:361;1793:416;1794:431;1795:359
188.4837,1788885500.5071,6,1072.43,1579.04,2651.46,96.2,5343.5,57910.0,0.0,6359.518,192.415,306.116,1766:12;1792:361;1793:416;1794:431;1795:359
188.5877,1788885500.6111,6,1102.30,1579.04,2681.34,115.3,5366.7,57886.7,0.0,6359.518,192.415,306.116,1766:12;1792:361;1793:416;1794:431;1795:359
188.6917,1788885500.7151,6,1071.18,1600.07,2671.25,153.6,5389.0,57864.5,0.0,6359.519,192.415,306.116,1766:12;1792:365;1793:420;1794:438;1795:365
188.7960,1788885500.8194,6,1098.60,1575.82,2674.43,316.7,5456.2,57797.2,0.0,6359.519,192.415,306.116,1766:12;1792:358;1793:416;1794:431;1795:359
188.9002,1788885500.9236,6,1130.53,1575.82,2706.35,96.1,5448.5,57805.0,0.0,6359.519,192.415,306.116,1766:12;1792:358;1793:416;1794:431;1795:359
189.0042,1788885501.0276,6,1143.10,1575.82,2718.92,96.0,5432.7,57820.7,0.0,6359.519,192.415,306.116,1766:12;1792:358;1793:416;1794:431;1795:359
189.1086,1788885501.1320,6,1095.75,1575.82,2671.57,95.9,5395.0,57858.5,0.0,6359.519,192.415,306.116,1766:12;1792:358;1793:416;1794:431;1795:359
189.2126,1788885501.2360,6,1103.74,1575.82,2679.57,115.4,5227.1,58026.4,0.0,6390.569,223.466,306.116,1766:12;1792:358;1793:416;1794:431;1795:359
189.3166,1788885501.3400,6,1158.04,1575.82,2733.86,105.8,5258.3,57995.2,0.0,6390.569,223.466,306.116,1766:12;1792:358;1793:416;1794:431;1795:359
189.4205,1788885501.4439,6,1213.39,1575.82,2789.21,96.2,5317.7,57935.8,0.0,6390.569,223.466,306.116,1766:12;1792:358;1793:416;1794:431;1795:359
189.5245,1788885501.5479,6,1187.13,1607.78,2794.91,150.5,5333.3,57920.2,0.0,6390.570,223.466,306.116,1766:12;1792:369;1793:422;1794:442;1795:363
189.6312,1788885501.6546,6,1228.34,1575.36,2803.70,210.5,5351.6,57901.9,0.0,6390.570,223.466,306.116,1766:12;1792:358;1793:416;1794:431;1795:359
189.7354,1788885501.7588,6,1220.60,1575.36,2795.96,105.6,5351.6,57901.9,0.0,6390.570,223.466,306.116,1766:12;1792:358;1793:416;1794:431;1795:359
189.8395,1788885501.8629,6,1224.45,1575.36,2799.81,124.8,5320.0,57933.5,0.0,6390.570,223.466,306.116,1766:12;1792:358;1793:416;1794:431;1795:359
189.9437,1788885501.9671,6,1224.05,1575.36,2799.42,105.7,5304.9,57948.6,0.0,6421.806,254.703,306.116,1766:12;1792:358;1793:416;1794:431;1795:359
190.0477,1788885502.0711,6,1279.85,1575.36,2855.21,105.8,5310.1,57943.4,0.0,6421.806,254.703,306.116,1766:12;1792:358;1793:416;1794:431;1795:359
190.1521,1788885502.1754,6,1334.66,1575.36,2910.03,86.3,5364.5,57888.9,0.0,6421.806,254.703,306.116,1766:12;1792:358;1793:416;1794:431;1795:359
190.2560,1788885502.2793,6,1304.07,1573.29,2877.36,201.7,5346.3,57907.1,0.0,6421.807,254.703,306.116,1766:12;1792:358;1793:416;1794:429;1795:359
190.3601,1788885502.3835,6,1319.34,1573.29,2892.63,96.1,5369.7,57883.8,0.0,6421.807,254.703,306.116,1766:12;1792:358;1793:416;1794:429;1795:359
190.4641,1788885502.4875,6,1340.64,1573.29,2913.93,105.7,5349.0,57904.5,0.0,6451.319,284.215,306.116,1766:12;1792:358;1793:416;1794:429;1795:359
190.5682,1788885502.5915,6,1381.12,1573.29,2954.42,105.8,5379.9,57873.5,0.0,6451.319,284.215,306.116,1766:12;1792:358;1793:416;1794:429;1795:359
190.6721,1788885502.6955,6,1434.26,1573.29,3007.55,96.2,5443.1,57810.4,0.0,6451.319,284.215,306.116,1766:12;1792:358;1793:416;1794:429;1795:359
190.7762,1788885502.7995,6,1415.03,1573.29,2988.32,151.5,5451.5,57802.0,0.0,6451.319,284.216,306.116,1766:12;1792:358;1793:416;1794:429;1795:359
190.8818,1788885502.9052,6,1444.08,1573.29,3017.38,115.4,5474.2,57779.3,0.0,6460.471,293.367,306.116,1766:12;1792:358;1793:416;1794:429;1795:359
190.9858,1788885503.0092,6,1445.26,1573.29,3018.55,86.3,5426.1,57827.4,0.0,6460.472,293.368,306.116,1766:12;1792:358;1793:416;1794:429;1795:359
191.0902,1788885503.1136,6,1443.64,1573.29,3016.93,115.3,5400.7,57852.8,0.0,6460.472,293.368,306.116,1766:12;1792:358;1793:416;1794:429;1795:359
191.1942,1788885503.2176,6,1443.64,1573.29,3016.93,96.2,5397.1,57856.4,0.0,6460.472,293.368,306.116,1766:12;1792:358;1793:416;1794:429;1795:359
191.2981,1788885503.3214,6,1443.64,1573.29,3016.93,96.2,5393.2,57860.3,0.0,6460.472,293.368,306.116,1766:12;1792:358;1793:416;1794:429;1795:359
191.4019,1788885503.4253,6,1443.64,1573.29,3016.93,105.9,5389.6,57863.9,0.0,6460.472,293.368,306.116,1766:12;1792:358;1793:416;1794:429;1795:359
191.5058,1788885503.5292,6,1443.64,1573.29,3016.93,105.9,5387.6,57865.8,0.0,6460.472,293.368,306.116,1766:12;1792:358;1793:416;1794:429;1795:359
191.6097,1788885503.6330,6,1443.64,1573.29,3016.93,105.8,5389.6,57863.9,0.0,6460.472,293.368,306.116,1766:12;1792:358;1793:416;1794:429;1795:359
191.7136,1788885503.7370,6,1443.64,1573.29,3016.93,105.8,5401.8,57851.6,0.0,6460.472,293.368,306.116,1766:12;1792:358;1793:416;1794:429;1795:359
191.8177,1788885503.8410,6,1443.64,1573.29,3016.93,115.3,5390.3,57863.2,0.0,6460.472,293.368,306.116,1766:12;1792:358;1793:416;1794:429;1795:359
191.9217,1788885503.9451,6,1443.64,1573.29,3016.93,96.1,5394.2,57859.3,0.0,6460.472,293.368,306.116,1766:12;1792:358;1793:416;1794:429;1795:359
192.0258,1788885504.0491,6,1443.64,1573.29,3016.93,105.6,5351.6,57901.9,0.0,6460.472,293.368,306.116,1766:12;1792:358;1793:416;1794:429;1795:359
192.1299,1788885504.1533,6,1443.64,1573.29,3016.93,96.2,5345.1,57908.4,0.0,6460.472,293.368,306.116,1766:12;1792:358;1793:416;1794:429;1795:359
192.2338,1788885504.2572,6,1443.64,1573.29,3016.93,105.9,5347.1,57906.4,0.0,6460.472,293.368,306.116,1766:12;1792:358;1793:416;1794:429;1795:359
192.3377,1788885504.3611,6,1443.64,1573.29,3016.93,96.2,5327.6,57925.9,0.0,6460.472,293.368,306.116,1766:12;1792:358;1793:416;1794:429;1795:359
192.4417,1788885504.4651,6,1443.64,1573.29,3016.93,96.2,5323.9,57929.6,0.0,6460.472,293.368,306.116,1766:12;1792:358;1793:416;1794:429;1795:359
192.5457,1788885504.5691,6,1443.64,1573.29,3016.93,105.8,5320.3,57933.2,0.0,6460.472,293.368,306.116,1766:12;1792:358;1793:416;1794:429;1795:359
192.6496,1788885504.6730,6,1443.64,1573.29,3016.93,105.9,5324.7,57928.8,0.0,6460.472,293.368,306.116,1766:12;1792:358;1793:416;1794:429;1795:359
192.7535,1788885504.7769,6,1443.64,1573.29,3016.93,96.3,5320.7,57932.8,0.0,6460.472,293.368,306.116,1766:12;1792:358;1793:416;1794:429;1795:359
192.8574,1788885504.8808,6,1443.64,1573.29,3016.93,105.9,5324.8,57928.7,0.0,6460.472,293.368,306.116,1766:12;1792:358;1793:416;1794:429;1795:359
192.9613,1788885504.9847,6,1443.64,1573.29,3016.94,105.9,5321.3,57932.2,0.0,6460.472,293.368,306.116,1766:12;1792:358;1793:416;1794:429;1795:359
193.0652,1788885505.0886,6,1443.64,1573.29,3016.94,96.2,5290.7,57962.8,0.0,6460.472,293.368,306.116,1766:12;1792:358;1793:416;1794:429;1795:359
193.1691,1788885505.1925,6,1443.64,1573.29,3016.94,96.2,5279.3,57974.2,0.0,6460.472,293.368,306.116,1766:12;1792:358;1793:416;1794:429;1795:359
193.2731,1788885505.2965,6,1443.64,1573.29,3016.94,105.9,5278.5,57975.0,0.0,6460.472,293.368,306.116,1766:12;1792:358;1793:416;1794:429;1795:359
193.3770,1788885505.4003,6,1443.64,1573.29,3016.94,96.2,5278.9,57974.6,0.0,6460.472,293.368,306.116,1766:12;1792:358;1793:416;1794:429;1795:359
193.4809,1788885505.5043,6,1443.64,1573.29,3016.94,96.2,5283.0,57970.4,0.0,6460.472,293.368,306.116,1766:12;1792:358;1793:416;1794:429;1795:359
193.5848,1788885505.6082,6,1443.64,1573.29,3016.94,105.8,5279.1,57974.4,0.0,6460.472,293.368,306.116,1766:12;1792:358;1793:416;1794:429;1795:359
193.6887,1788885505.7121,6,1443.64,1573.29,3016.94,96.2,5283.4,57970.0,0.0,6460.472,293.368,306.116,1766:12;1792:358;1793:416;1794:429;1795:359
193.7927,1788885505.8161,6,1443.64,1573.29,3016.94,105.8,5270.1,57983.3,0.0,6460.472,293.368,306.116,1766:12;1792:358;1793:416;1794:429;1795:359
193.8967,1788885505.9201,6,1443.64,1573.29,3016.94,105.8,5274.3,57979.2,0.0,6460.472,293.368,306.116,1766:12;1792:358;1793:416;1794:429;1795:359
194.0007,1788885506.0241,6,1443.64,1573.29,3016.94,105.6,5244.6,58008.9,0.0,6460.472,293.368,306.116,1766:12;1792:358;1793:416;1794:429;1795:359
194.1049,1788885506.1283,6,1443.64,1573.29,3016.94,96.2,5225.6,58027.9,0.0,6460.472,293.368,306.116,1766:12;1792:358;1793:416;1794:429;1795:359
194.2088,1788885506.2322,6,1443.64,1573.29,3016.94,115.4,5220.1,58033.4,0.0,6460.472,293.368,306.116,1766:12;1792:358;1793:416;1794:429;1795:359
194.3128,1788885506.3361,6,1443.65,1573.29,3016.94,96.2,5224.4,58029.0,0.0,6460.472,293.368,306.116,1766:12;1792:358;1793:416;1794:429;1795:359
194.4167,1788885506.4401,6,1443.65,1573.29,3016.94,96.2,5220.7,58032.8,0.0,6460.472,293.368,306.116,1766:12;1792:358;1793:416;1794:429;1795:359
194.5207,1788885506.5441,6,1443.65,1573.29,3016.94,96.2,5217.1,58036.3,0.0,6460.472,293.368,306.116,1766:12;1792:358;1793:416;1794:429;1795:359
194.6246,1788885506.6480,6,1443.65,1573.29,3016.94,115.4,5221.5,58032.0,0.0,6460.472,293.368,306.116,1766:12;1792:358;1793:416;1794:429;1795:359
194.7286,1788885506.7519,6,1443.65,1572.61,3016.26,105.9,5217.8,58035.7,0.0,6460.472,293.368,306.116,1766:12;1792:358;1793:416;1794:428;1795:359
194.8325,1788885506.8559,6,1443.65,1572.61,3016.26,105.9,5213.6,58039.9,0.0,6460.472,293.368,306.116,1766:12;1792:358;1793:416;1794:428;1795:359
194.9364,1788885506.9597,6,1443.65,1572.61,3016.26,96.3,5209.9,58043.6,0.0,6460.472,293.368,306.116,1766:12;1792:358;1793:416;1794:428;1795:359
195.0402,1788885507.0636,6,1443.65,1572.26,3015.91,105.7,5153.8,58099.7,0.0,6460.472,293.368,306.116,1766:12;1792:358;1793:416;1794:428;1795:359
195.1443,1788885507.1677,6,1443.65,1572.26,3015.91,96.2,5150.2,58103.2,0.0,6460.472,293.368,306.116,1766:12;1792:358;1793:416;1794:428;1795:359
195.2482,1788885507.2716,6,1443.65,1572.26,3015.91,96.2,5141.6,58111.9,0.0,6460.472,293.368,306.116,1766:12;1792:358;1793:416;1794:428;1795:359
195.3521,1788885507.3755,6,1443.65,1560.35,3004.00,105.9,5134.9,58118.5,0.0,6460.472,293.368,306.116,1766:12;1792:358;1793:404;1794:427;1795:359
195.4560,1788885507.4794,6,1443.65,1560.35,3004.00,96.3,5139.1,58114.4,0.0,6460.472,293.368,306.116,1766:12;1792:358;1793:404;1794:427;1795:359
195.5599,1788885507.5833,6,1443.65,1560.35,3004.00,105.9,5135.5,58117.9,0.0,6460.472,293.368,306.116,1766:12;1792:358;1793:404;1794:427;1795:359
195.6638,1788885507.6872,6,1443.65,1560.35,3004.00,105.8,5139.9,58113.6,0.0,6460.472,293.368,306.116,1766:12;1792:358;1793:404;1794:427;1795:359
195.7678,1788885507.7911,6,1443.65,1560.35,3004.00,96.2,5136.7,58116.7,0.0,6460.472,293.368,306.116,1766:12;1792:358;1793:404;1794:427;1795:359
195.8717,1788885507.8951,6,1443.65,1560.35,3004.00,96.1,5125.4,58128.0,0.0,6460.472,293.368,306.116,1766:12;1792:358;1793:404;1794:427;1795:359
195.9758,1788885507.9992,6,1443.65,1560.35,3004.00,96.2,5113.6,58139.8,0.0,6460.472,293.368,306.116,1766:12;1792:358;1793:404;1794:427;1795:359
196.0798,1788885508.1032,6,1443.66,1560.35,3004.00,105.6,5071.6,58181.9,0.0,6460.472,293.368,306.116,1766:12;1792:358;1793:404;1794:427;1795:359
196.1839,1788885508.2073,6,1443.66,1560.35,3004.00,96.2,5071.2,58182.3,0.0,6460.472,293.368,306.116,1766:12;1792:358;1793:404;1794:427;1795:359
196.2879,1788885508.3113,6,1443.66,1560.35,3004.01,96.2,5063.3,58190.1,0.0,6460.472,293.368,306.116,1766:12;1792:358;1793:404;1794:427;1795:359
196.3918,1788885508.4152,6,1443.66,1560.35,3004.01,105.8,5060.9,58192.6,0.0,6460.472,293.368,306.116,1766:12;1792:358;1793:404;1794:427;1795:359
196.4958,1788885508.5192,6,1443.66,1560.35,3004.01,96.2,5060.9,58192.6,0.0,6460.472,293.368,306.116,1766:12;1792:358;1793:404;1794:427;1795:359
196.5998,1788885508.6232,6,1443.81,1560.35,3004.16,105.8,5060.5,58193.0,0.0,6460.472,293.368,306.116,1766:12;1792:358;1793:404;1794:427;1795:359
196.7038,1788885508.7271,6,1443.81,1560.35,3004.16,96.2,5060.5,58193.0,0.0,6460.472,293.368,306.116,1766:12;1792:358;1793:404;1794:427;1795:359
196.8077,1788885508.8311,6,1443.81,1560.35,3004.16,134.5,5060.5,58193.0,0.0,6460.472,293.368,306.116,1766:12;1792:358;1793:404;1794:427;1795:359
196.9119,1788885508.9352,6,1443.81,1560.35,3004.16,96.1,5060.5,58193.0,0.0,6460.472,293.368,306.116,1766:12;1792:358;1793:404;1794:427;1795:359
197.0159,1788885509.0392,6,1443.81,1560.35,3004.16,96.0,4966.7,58286.8,0.0,6460.472,293.368,306.116,1766:12;1792:358;1793:404;1794:427;1795:359
197.1201,1788885509.1434,6,1443.95,1560.35,3004.29,105.8,4942.7,58310.8,0.0,6460.472,293.368,306.116,1766:12;1792:358;1793:404;1794:427;1795:359
197.2240,1788885509.2474,6,1443.95,1560.35,3004.29,96.2,4942.7,58310.8,0.0,6460.472,293.368,306.116,1766:12;1792:358;1793:404;1794:427;1795:359
197.3280,1788885509.3514,6,1443.95,1560.35,3004.29,105.8,4942.7,58310.8,0.0,6460.472,293.368,306.116,1766:12;1792:358;1793:404;1794:427;1795:359
197.4320,1788885509.4554,6,1443.95,1560.35,3004.29,96.2,4942.7,58310.8,0.0,6460.472,293.368,306.116,1766:12;1792:358;1793:404;1794:427;1795:359
197.5360,1788885509.5594,6,1443.95,1560.35,3004.29,96.2,4942.7,58310.8,0.0,6460.472,293.368,306.116,1766:12;1792:358;1793:404;1794:427;1795:359
197.6399,1788885509.6633,6,1443.95,1560.35,3004.29,105.8,4942.7,58310.8,0.0,6460.472,293.368,306.116,1766:12;1792:358;1793:404;1794:427;1795:359
197.7439,1788885509.7673,6,1443.95,1560.35,3004.29,96.2,4942.7,58310.8,0.0,6460.472,293.368,306.116,1766:12;1792:358;1793:404;1794:427;1795:359
197.8479,1788885509.8712,6,1449.43,1560.35,3009.78,125.0,4942.5,58311.0,0.0,6460.472,293.368,306.116,1766:12;1792:358;1793:404;1794:427;1795:359
197.9518,1788885509.9752,6,1495.42,1560.35,3055.77,96.2,4989.8,58263.6,0.0,6460.472,293.368,306.116,1766:12;1792:358;1793:404;1794:427;1795:359
198.0558,1788885510.0792,6,1540.90,1560.35,3101.25,96.0,4987.5,58265.9,0.0,6460.472,293.368,306.116,1766:12;1792:358;1793:404;1794:427;1795:359
198.1599,1788885510.1833,6,1586.67,1560.35,3147.02,96.2,5027.0,58226.5,0.0,6460.472,293.368,306.116,1766:12;1792:358;1793:404;1794:427;1795:359
198.2639,1788885510.2872,6,1628.54,1560.35,3188.89,105.8,5066.1,58187.4,0.0,6460.472,293.368,306.116,1766:12;1792:358;1793:404;1794:427;1795:359
198.3678,1788885510.3912,6,1628.54,1560.35,3188.89,96.2,5066.1,58187.4,0.0,6460.472,293.368,306.116,1766:12;1792:358;1793:404;1794:427;1795:359
198.4718,1788885510.4952,6,1628.54,1560.35,3188.89,105.9,5066.1,58187.4,0.0,6460.472,293.368,306.116,1766:12;1792:358;1793:404;1794:427;1795:359
198.5757,1788885510.5991,6,1628.54,1560.35,3188.89,96.2,5066.1,58187.4,0.0,6460.472,293.368,306.116,1766:12;1792:358;1793:404;1794:427;1795:359
198.6797,1788885510.7031,6,1628.54,1560.35,3188.89,96.2,5066.1,58187.4,0.0,6460.472,293.368,306.116,1766:12;1792:358;1793:404;1794:427;1795:359
198.7837,1788885510.8070,6,1628.54,1560.35,3188.89,125.0,5060.8,58192.6,0.0,6460.472,293.368,306.116,1766:12;1792:358;1793:404;1794:427;1795:359
198.8877,1788885510.9111,6,1628.54,1560.35,3188.89,96.1,5060.6,58192.9,0.0,6460.472,293.368,306.116,1766:12;1792:358;1793:404;1794:427;1795:359
198.9917,1788885511.0151,6,1628.54,1560.35,3188.89,105.6,5020.7,58232.7,0.0,6460.472,293.368,306.116,1766:12;1792:358;1793:404;1794:427;1795:359
199.0959,1788885511.1193,6,1628.54,1560.35,3188.89,96.2,5006.2,58247.2,0.0,6460.472,293.368,306.116,1766:12;1792:358;1793:404;1794:427;1795:359
199.1999,1788885511.2232,6,1658.41,1560.35,3218.75,105.8,5028.8,58224.7,0.0,6460.472,293.368,306.116,1766:12;1792:358;1793:404;1794:427;1795:359
199.3038,1788885511.3272,6,1702.84,1560.35,3263.19,96.2,5076.1,58177.4,0.0,6460.472,293.368,306.116,1766:12;1792:358;1793:404;1794:427;1795:359
199.4078,1788885511.4311,6,1713.45,1560.35,3273.80,105.8,5082.0,58171.5,0.0,6460.472,293.368,306.116,1766:12;1792:358;1793:404;1794:427;1795:359
199.5117,1788885511.5351,6,1713.45,1560.35,3273.80,96.2,5078.2,58175.3,0.0,6460.472,293.368,306.116,1766:12;1792:358;1793:404;1794:427;1795:359
199.6156,1788885511.6390,6,1713.45,1560.35,3273.80,105.8,5083.3,58170.1,0.0,6460.472,293.368,306.116,1766:12;1792:358;1793:404;1794:427;1795:359
199.7196,1788885511.7430,6,1713.45,1560.35,3273.80,96.3,5081.0,58172.5,0.0,6460.472,293.368,306.116,1766:12;1792:358;1793:404;1794:427;1795:359
199.8235,1788885511.8469,6,1713.45,1560.35,3273.80,125.0,5070.3,58183.2,0.0,6460.472,293.368,306.116,1766:12;1792:358;1793:404;1794:427;1795:359
199.9274,1788885511.9508,6,1713.45,1560.35,3273.80,105.9,5075.6,58177.9,0.0,6460.472,293.368,306.116,1766:12;1792:358;1793:404;1794:427;1795:359
200.0313,1788885512.0547,6,1713.45,1560.35,3273.80,96.1,5041.7,58211.8,0.0,6460.472,293.368,306.116,1766:12;1792:358;1793:404;1794:427;1795:359
200.1355,1788885512.1589,6,1713.45,1560.35,3273.80,105.9,5029.8,58223.7,0.0,6460.472,293.368,306.116,1766:12;1792:358;1793:404;1794:427;1795:359
200.2393,1788885512.2627,6,1713.45,1560.35,3273.80,96.3,5015.4,58238.1,0.0,6460.472,293.368,306.116,1766:12;1792:358;1793:404;1794:427;1795:359
200.3432,1788885512.3666,6,1713.45,1560.35,3273.80,96.3,5003.4,58250.1,0.0,6460.472,293.368,306.116,1766:12;1792:358;1793:404;1794:427;1795:359
200.4470,1788885512.4704,6,1713.45,1560.35,3273.80,106.0,5000.6,58252.9,0.0,6460.472,293.368,306.116,1766:12;1792:358;1793:404;1794:427;1795:359
200.5508,1788885512.5742,6,1713.45,1560.35,3273.80,105.9,5006.1,58247.3,0.0,6460.472,293.368,306.116,1766:12;1792:358;1793:404;1794:427;1795:359
200.6546,1788885512.6780,6,1713.45,1560.35,3273.80,96.2,5003.6,58249.9,0.0,6460.472,293.368,306.116,1766:12;1792:358;1793:404;1794:427;1795:359
200.7586,1788885512.7819,6,1713.45,1560.35,3273.80,105.9,5000.8,58252.7,0.0,6460.472,293.368,306.116,1766:12;1792:358;1793:404;1794:427;1795:359
200.8624,1788885512.8858,6,1713.45,1560.35,3273.80,115.3,5006.7,58246.7,0.0,6460.472,293.368,306.116,1766:12;1792:358;1793:404;1794:427;1795:359
200.9666,1788885512.9899,6,1712.73,1560.35,3273.08,96.1,4994.5,58259.0,0.0,6460.472,293.368,306.116,1766:12;1792:358;1793:404;1794:427;1795:359
201.0706,1788885513.0940,6,1712.73,1560.35,3273.08,125.0,4928.4,58325.1,0.0,6460.472,293.368,306.116,1766:12;1792:358;1793:404;1794:427;1795:359
201.1746,1788885513.1980,6,1712.73,1560.35,3273.08,96.2,4928.4,58325.1,0.0,6460.472,293.368,306.116,1766:12;1792:358;1793:404;1794:427;1795:359
201.2785,1788885513.3019,6,1712.73,1560.35,3273.08,96.2,4930.0,58323.5,0.0,6460.472,293.368,306.116,1766:12;1792:358;1793:404;1794:427;1795:359
201.3825,1788885513.4059,6,1712.73,1560.35,3273.08,105.8,4935.1,58318.4,0.0,6460.472,293.368,306.116,1766:12;1792:358;1793:404;1794:427;1795:359
201.4864,1788885513.5098,6,1712.73,1560.35,3273.08,96.3,4932.7,58320.7,0.0,6460.472,293.368,306.116,1766:12;1792:358;1793:404;1794:427;1795:359
201.5903,1788885513.6137,6,1712.73,1560.35,3273.08,105.8,4929.8,58323.7,0.0,6460.472,293.368,306.116,1766:12;1792:358;1793:404;1794:427;1795:359
201.6943,1788885513.7177,6,1712.73,1560.35,3273.08,96.2,4927.4,58326.1,0.0,6460.472,293.368,306.116,1766:12;1792:358;1793:404;1794:427;1795:359
201.7983,1788885513.8217,6,1712.73,1560.35,3273.08,105.7,4900.8,58352.7,0.0,6460.472,293.368,306.116,1766:12;1792:358;1793:404;1794:427;1795:359
201.9023,1788885513.9257,6,1712.74,1560.35,3273.09,96.1,4898.0,58355.5,0.0,6460.472,293.368,306.116,1766:12;1792:358;1793:404;1794:427;1795:359
202.0063,1788885514.0297,6,1712.74,1560.35,3273.09,115.4,4877.6,58375.9,0.0,6460.472,293.368,306.116,1766:12;1792:358;1793:404;1794:427;1795:359
202.1103,1788885514.1337,6,1712.74,1560.35,3273.09,105.8,4856.9,58396.6,0.0,6460.472,293.368,306.116,1766:12;1792:358;1793:404;1794:427;1795:359
202.2142,1788885514.2376,6,1712.74,1560.35,3273.09,96.2,4858.4,58395.0,0.0,6460.472,293.368,306.116,1766:12;1792:358;1793:404;1794:427;1795:359
202.3182,1788885514.3416,6,1712.74,1560.35,3273.09,105.8,4863.6,58389.9,0.0,6460.472,293.368,306.116,1766:12;1792:358;1793:404;1794:427;1795:359
202.4222,1788885514.4456,6,1712.74,1560.35,3273.09,96.1,4861.2,58392.3,0.0,6460.472,293.368,306.116,1766:12;1792:358;1793:404;1794:427;1795:359
202.5262,1788885514.5496,6,1712.74,1560.35,3273.09,105.8,4858.4,58395.0,0.0,6460.472,293.368,306.116,1766:12;1792:358;1793:404;1794:427;1795:359
202.6301,1788885514.6535,6,1712.74,1560.35,3273.09,96.2,4863.8,58389.7,0.0,6460.472,293.368,306.116,1766:12;1792:358;1793:404;1794:427;1795:359
202.7340,1788885514.7574,6,1712.74,1560.35,3273.09,96.2,4853.5,58400.0,0.0,6460.472,293.368,306.116,1766:12;1792:358;1793:404;1794:427;1795:359
202.8379,1788885514.8613,6,1712.74,1560.35,3273.09,115.5,4842.3,58411.2,0.0,6460.472,293.368,306.116,1766:12;1792:358;1793:404;1794:427;1795:359
202.9418,1788885514.9651,6,1712.74,1560.35,3273.09,96.3,4840.0,58413.5,0.0,6460.472,293.368,306.116,1766:12;1792:358;1793:404;1794:427;1795:359
203.0457,1788885515.0690,6,1712.74,1560.35,3273.09,96.2,4816.2,58437.3,0.0,6460.472,293.368,306.116,1766:12;1792:358;1793:404;1794:427;1795:359
203.1496,1788885515.1730,6,1712.74,1560.35,3273.09,106.0,4808.8,58444.6,0.0,6460.472,293.368,306.116,1766:12;1792:358;1793:404;1794:427;1795:359
203.2534,1788885515.2768,6,1712.74,1560.35,3273.09,96.2,4806.1,58447.4,0.0,6460.472,293.368,306.116,1766:12;1792:358;1793:404;1794:427;1795:359
203.3574,1788885515.3807,6,1712.75,1560.35,3273.09,105.9,4806.5,58447.0,0.0,6460.472,293.368,306.116,1766:12;1792:358;1793:404;1794:427;1795:359
203.4612,1788885515.4846,6,1712.75,1560.35,3273.09,96.2,4807.7,58445.8,0.0,6460.472,293.368,306.116,1766:12;1792:358;1793:404;1794:427;1795:359
203.5651,1788885515.5884,6,1712.75,1560.35,3273.09,96.3,4813.2,58440.3,0.0,6460.472,293.368,306.116,1766:12;1792:358;1793:404;1794:427;1795:359
203.6690,1788885515.6923,6,1712.75,1560.35,3273.09,105.8,4810.2,58443.3,0.0,6460.472,293.368,306.116,1766:12;1792:358;1793:404;1794:427;1795:359
203.7729,1788885515.7963,6,1712.75,1560.35,3273.09,96.3,4743.3,58510.2,0.0,6460.472,293.368,306.116,1766:12;1792:358;1793:404;1794:427;1795:359
203.8768,1788885515.9002,6,1712.75,1560.35,3273.09,115.3,4729.3,58524.1,0.0,6460.472,293.368,306.116,1766:12;1792:358;1793:404;1794:427;1795:359
203.9809,1788885516.0043,6,1712.75,1560.35,3273.09,96.1,4728.9,58524.6,0.0,6460.472,293.368,306.116,1766:12;1792:358;1793:404;1794:427;1795:359
204.0849,1788885516.1083,6,1712.75,1560.35,3273.09,96.2,4692.6,58560.9,0.0,6460.472,293.368,306.116,1766:12;1792:358;1793:404;1794:427;1795:359
204.1889,1788885516.2123,6,1712.75,1560.35,3273.09,96.2,4690.2,58563.3,0.0,6460.472,293.368,306.116,1766:12;1792:358;1793:404;1794:427;1795:359
204.2928,1788885516.3162,6,1712.75,1560.35,3273.09,115.5,4686.0,58567.5,0.0,6460.472,293.368,306.116,1766:12;1792:358;1793:404;1794:427;1795:359
204.3968,1788885516.4201,6,1712.75,1560.35,3273.09,96.2,4683.6,58569.9,0.0,6460.472,293.368,306.116,1766:12;1792:358;1793:404;1794:427;1795:359
204.5007,1788885516.5241,6,1712.75,1560.35,3273.09,96.2,4681.2,58572.3,0.0,6460.472,293.368,306.116,1766:12;1792:358;1793:404;1794:427;1795:359
204.6046,1788885516.6280,6,1712.75,1560.35,3273.09,105.9,4686.1,58567.3,0.0,6460.472,293.368,306.116,1766:12;1792:358;1793:404;1794:427;1795:359
204.7085,1788885516.7319,6,1712.75,1560.35,3273.09,96.3,4684.2,58569.3,0.0,6460.472,293.368,306.116,1766:12;1792:358;1793:404;1794:427;1795:359
204.8124,1788885516.8358,6,1712.75,1560.35,3273.10,105.8,4681.5,58572.0,0.0,6460.472,293.368,306.116,1766:12;1792:358;1793:404;1794:427;1795:359
204.9163,1788885516.9397,6,1712.75,1560.35,3273.10,105.9,4687.0,58566.4,0.0,6460.472,293.368,306.116,1766:12;1792:358;1793:404;1794:427;1795:359
205.0202,1788885517.0436,6,1712.75,1560.35,3273.10,96.2,4617.4,58636.1,0.0,6460.472,293.368,306.116,1766:12;1792:358;1793:404;1794:427;1795:359
205.1241,1788885517.1475,6,1614.80,1560.35,3175.15,105.8,4606.7,58646.8,0.0,6460.472,293.368,306.116,1766:12;1792:358;1793:404;1794:427;1795:359
205.2281,1788885517.2515,6,1445.89,1560.35,3006.24,96.2,4606.7,58646.8,0.0,6460.472,293.368,306.116,1766:12;1792:358;1793:404;1794:427;1795:359
205.3321,1788885517.3555,6,1445.89,1560.35,3006.24,96.2,4606.7,58646.8,0.0,6460.472,293.368,306.116,1766:12;1792:358;1793:404;1794:427;1795:359
205.4361,1788885517.4594,6,1449.94,1560.35,3010.29,105.8,4606.7,58646.8,0.0,6460.472,293.368,306.116,1766:12;1792:358;1793:404;1794:427;1795:359
205.5400,1788885517.5634,6,1449.94,1560.35,3010.29,96.2,4606.7,58646.8,0.0,6460.472,293.368,306.116,1766:12;1792:358;1793:404;1794:427;1795:359
205.6439,1788885517.6673,6,1449.94,1560.35,3010.29,105.8,4607.2,58646.3,0.0,6460.472,293.368,306.116,1766:12;1792:358;1793:404;1794:427;1795:359
205.7479,1788885517.7713,6,1449.94,1560.35,3010.29,105.8,4607.2,58646.3,0.0,6460.474,293.370,306.116,1766:12;1792:358;1793:404;1794:427;1795:359
205.8519,1788885517.8753,6,1449.94,1560.35,3010.29,105.7,4594.2,58659.3,0.0,6460.474,293.370,306.116,1766:12;1792:358;1793:404;1794:427;1795:359
205.9560,1788885517.9794,6,1449.94,1560.35,3010.29,115.3,4593.8,58659.7,0.0,6460.475,293.371,306.116,1766:12;1792:358;1793:404;1794:427;1795:359
206.0601,1788885518.0835,6,1449.94,1560.35,3010.29,96.0,4562.6,58690.9,0.0,6460.475,293.371,306.116,1766:12;1792:358;1793:404;1794:427;1795:359
206.1643,1788885518.1877,6,1449.94,1560.35,3010.29,96.2,4559.1,58694.4,0.0,6460.475,293.371,306.116,1766:12;1792:358;1793:404;1794:427;1795:359
206.2683,1788885518.2916,6,1449.94,1560.35,3010.29,105.8,4559.1,58694.4,0.0,6460.475,293.371,306.116,1766:12;1792:358;1793:404;1794:427;1795:359
206.3722,1788885518.3956,6,1449.94,1560.35,3010.29,96.2,4559.1,58694.4,0.0,6460.475,293.371,306.116,1766:12;1792:358;1793:404;1794:427;1795:359
206.4762,1788885518.4996,6,1449.94,1560.35,3010.29,105.8,4559.1,58694.4,0.0,6460.475,293.372,306.116,1766:12;1792:358;1793:404;1794:427;1795:359
206.5802,1788885518.6036,6,1449.94,1560.35,3010.29,96.0,4560.5,58692.9,0.0,6460.476,293.373,306.116,1766:12;1792:358;1793:404;1794:427;1795:359
206.6843,1788885518.7077,6,1449.94,1560.35,3010.29,105.7,4561.0,58692.5,0.0,6460.479,293.375,306.116,1766:12;1792:358;1793:404;1794:427;1795:359
206.7885,1788885518.8119,6,1449.94,1560.35,3010.29,105.6,4555.7,58697.8,0.0,6460.479,293.375,306.116,1766:12;1792:358;1793:404;1794:427;1795:359
206.8926,1788885518.9160,6,1449.94,1560.35,3010.29,105.7,4556.3,58697.1,0.0,6460.480,293.377,306.116,1766:12;1792:358;1793:404;1794:427;1795:359
206.9967,1788885519.0201,6,1449.94,1560.35,3010.29,96.1,4540.3,58713.2,0.0,6460.481,293.377,306.116,1766:12;1792:358;1793:404;1794:427;1795:359
207.1007,1788885519.1241,6,1449.94,1560.35,3010.29,96.1,4520.3,58733.2,0.0,6460.481,293.378,306.116,1766:12;1792:358;1793:404;1794:427;1795:359
207.2048,1788885519.2281,6,1449.94,1560.35,3010.29,105.7,4520.3,58733.2,0.0,6460.481,293.378,306.116,1766:12;1792:358;1793:404;1794:427;1795:359
207.3088,1788885519.3322,6,1445.91,1560.35,3006.26,96.1,4514.1,58739.4,0.0,6460.481,293.378,306.116,1766:12;1792:358;1793:404;1794:427;1795:359
207.4129,1788885519.4362,6,1445.91,1560.35,3006.26,105.7,4503.0,58750.5,0.0,6460.482,293.379,306.116,1766:12;1792:358;1793:404;1794:427;1795:359
207.5170,1788885519.5404,6,1449.96,1560.35,3010.30,96.0,4495.2,58758.3,0.0,6460.483,293.380,306.116,1766:12;1792:358;1793:404;1794:427;1795:359
207.6212,1788885519.6446,6,1449.96,1560.35,3010.30,96.1,4496.2,58757.3,0.0,6460.483,293.380,306.116,1766:12;1792:358;1793:404;1794:427;1795:359
207.7253,1788885519.7486,6,1449.96,1560.35,3010.30,105.6,4497.8,58755.6,0.0,6460.484,293.381,306.116,1766:12;1792:358;1793:404;1794:427;1795:359
207.8294,1788885519.8528,6,1449.96,1560.35,3010.30,115.2,4498.3,58755.2,0.0,6460.484,293.381,306.116,1766:12;1792:358;1793:404;1794:427;1795:359
207.9336,1788885519.9570,6,1449.96,1560.35,3010.30,115.3,4498.3,58755.2,0.0,6460.484,293.381,306.116,1766:12;1792:358;1793:404;1794:427;1795:359
208.0376,1788885520.0610,6,1449.96,1560.35,3010.30,96.2,4474.3,58779.1,0.0,6460.484,293.381,306.116,1766:12;1792:358;1793:404;1794:427;1795:359
208.1416,1788885520.1650,6,1449.96,1560.35,3010.30,105.8,4469.4,58784.1,0.0,6460.484,293.382,306.116,1766:12;1792:358;1793:404;1794:427;1795:359
208.2455,1788885520.2689,6,1449.96,1560.35,3010.30,96.2,4469.4,58784.1,0.0,6460.484,293.382,306.116,1766:12;1792:358;1793:404;1794:427;1795:359
208.3495,1788885520.3729,6,1449.96,1560.35,3010.30,96.1,4451.1,58802.4,0.0,6460.485,293.382,306.116,1766:12;1792:358;1793:404;1794:427;1795:359
208.4536,1788885520.4770,6,1449.96,1560.35,3010.30,105.7,4451.1,58802.4,0.0,6460.485,293.382,306.116,1766:12;1792:358;1793:404;1794:427;1795:359
208.5577,1788885520.5811,6,1449.96,1560.35,3010.30,96.2,4451.1,58802.4,0.0,6460.485,293.382,306.116,1766:12;1792:358;1793:404;1794:427;1795:359
208.6616,1788885520.6850,6,1449.96,1560.35,3010.30,105.8,4451.1,58802.4,0.0,6460.485,293.382,306.116,1766:12;1792:358;1793:404;1794:427;1795:359
208.7656,1788885520.7890,6,1449.96,1560.35,3010.30,96.2,4451.1,58802.4,0.0,6460.485,293.382,306.116,1766:12;1792:358;1793:404;1794:427;1795:359
208.8695,1788885520.8929,6,1449.96,1560.35,3010.30,134.6,4451.0,58802.4,0.0,6460.485,293.382,306.116,1766:12;1792:358;1793:404;1794:427;1795:359
208.9735,1788885520.9969,6,1449.96,1560.35,3010.30,96.1,4447.3,58806.2,0.0,6460.485,293.382,306.116,1766:12;1792:358;1793:404;1794:427;1795:359
209.0775,1788885521.1009,6,1449.96,1560.35,3010.30,96.2,4436.6,58816.9,0.0,6460.485,293.382,306.116,1766:12;1792:358;1793:404;1794:427;1795:359
209.1815,1788885521.2049,6,1449.96,1560.35,3010.30,105.7,4405.3,58848.1,0.0,6460.485,293.382,306.116,1766:12;1792:358;1793:404;1794:427;1795:359
209.2855,1788885521.3089,6,1445.92,1560.35,3006.27,96.1,4401.0,58852.5,0.0,6460.485,293.382,306.116,1766:12;1792:358;1793:404;1794:427;1795:359
209.3896,1788885521.4130,6,1445.92,1560.35,3006.27,105.8,4401.0,58852.5,0.0,6460.485,293.382,306.116,1766:12;1792:358;1793:404;1794:427;1795:359
209.4936,1788885521.5170,6,1449.96,1560.35,3010.31,96.1,4401.0,58852.5,0.0,6460.485,293.382,306.116,1766:12;1792:358;1793:404;1794:427;1795:359
209.5976,1788885521.6210,6,1449.96,1560.35,3010.31,96.1,4401.0,58852.5,0.0,6460.485,293.382,306.116,1766:12;1792:358;1793:404;1794:427;1795:359
209.7017,1788885521.7251,6,1449.96,1560.35,3010.31,105.8,4401.0,58852.5,0.0,6460.485,293.382,306.116,1766:12;1792:358;1793:404;1794:427;1795:359
209.8057,1788885521.8291,6,1449.96,1560.35,3010.31,96.1,4401.2,58852.3,0.0,6460.485,293.382,306.116,1766:12;1792:358;1793:404;1794:427;1795:359
209.9097,1788885521.9331,6,1449.97,1560.35,3010.32,105.8,4401.2,58852.3,0.0,6460.485,293.382,306.116,1766:12;1792:358;1793:404;1794:427;1795:359
210.0137,1788885522.0371,6,1449.97,1560.35,3010.32,96.1,4382.9,58870.6,0.0,6460.485,293.382,306.116,1766:12;1792:358;1793:404;1794:427;1795:359
210.1177,1788885522.1411,6,1449.97,1560.35,3010.32,96.3,4372.2,58881.3,0.0,6460.485,293.382,306.116,1766:12;1792:358;1793:404;1794:427;1795:359
210.2216,1788885522.2449,6,1449.97,1560.35,3010.32,105.8,4364.3,58889.1,0.0,6460.485,293.382,306.116,1766:12;1792:358;1793:404;1794:427;1795:359
210.3255,1788885522.3489,6,1449.97,1560.35,3010.32,106.0,4364.3,58889.1,0.0,6460.485,293.382,306.116,1766:12;1792:358;1793:404;1794:427;1795:359
210.4292,1788885522.4526,6,1449.97,1560.35,3010.32,96.4,4361.8,58891.6,0.0,6460.485,293.382,306.116,1766:12;1792:358;1793:404;1794:427;1795:359
210.5330,1788885522.5564,6,1449.97,1560.35,3010.32,106.0,4354.0,58899.5,0.0,6460.485,293.382,306.116,1766:12;1792:358;1793:404;1794:427;1795:359
210.6367,1788885522.6601,6,1449.97,1560.35,3010.32,96.2,4354.0,58899.5,0.0,6460.485,293.382,306.116,1766:12;1792:358;1793:404;1794:427;1795:359
210.7407,1788885522.7640,6,1449.97,1560.35,3010.32,105.9,4354.0,58899.5,0.0,6460.485,293.382,306.116,1766:12;1792:358;1793:404;1794:427;1795:359
210.8446,1788885522.8680,6,1449.97,1560.35,3010.32,115.3,4346.8,58906.7,0.0,6460.485,293.382,306.116,1766:12;1792:358;1793:404;1794:427;1795:359
210.9487,1788885522.9720,6,1449.98,1560.35,3010.32,96.2,4346.8,58906.7,0.0,6460.485,293.382,306.116,1766:12;1792:358;1793:404;1794:427;1795:359
211.0526,1788885523.0760,6,1449.98,1560.35,3010.32,105.9,4321.2,58932.3,0.0,6460.485,293.382,306.116,1766:12;1792:358;1793:404;1794:427;1795:359
211.1565,1788885523.1799,6,1449.98,1560.35,3010.32,96.2,4320.8,58932.7,0.0,6460.485,293.382,306.116,1766:12;1792:358;1793:404;1794:427;1795:359
211.2604,1788885523.2837,6,1449.98,1560.35,3010.33,105.9,4312.9,58940.5,0.0,6460.485,293.382,306.116,1766:12;1792:358;1793:404;1794:427;1795:359
211.3642,1788885523.3876,6,1449.98,1560.35,3010.33,96.3,4312.9,58940.5,0.0,6460.485,293.382,306.116,1766:12;1792:358;1793:404;1794:427;1795:359
211.4680,1788885523.4914,6,1449.98,1560.35,3010.33,105.9,4312.9,58940.5,0.0,6460.485,293.382,306.116,1766:12;1792:358;1793:404;1794:427;1795:359
211.5719,1788885523.5953,6,1356.50,1560.35,2916.85,96.1,4219.0,59034.5,0.0,6460.485,293.382,306.116,1766:12;1792:358;1793:404;1794:427;1795:359
211.6760,1788885523.6994,6,1016.25,1560.35,2576.59,96.2,3877.3,59376.2,0.0,6460.485,293.382,306.116,1766:12;1792:358;1793:404;1794:427;1795:359
211.7800,1788885523.8034,6,882.92,1463.78,2346.70,268.8,3653.7,59599.7,0.0,6460.495,293.398,306.116,1766:12;1792:337;1793:380;1794:409;1795:326
211.8842,1788885523.9076,6,882.92,1064.49,1947.41,384.4,3342.7,59910.8,0.0,6460.495,293.398,306.120,1766:12;1792:331;1793:356;1794:365;1795:0
