t_mono,t_wall,n_procs,client_rss_mb,workers_rss_mb,tree_rss_mb,tree_cpu_pct,sys_used_mb,sys_available_mb,swap_used_mb,net_recv_mb,net_sent_mb,disk_read_mb,workers
52.7655,1788882917.8203,2,22.93,12.29,35.21,0.0,1084.0,62169.5,0.0,154.470,0.477,303.339,1838:12
52.8692,1788882917.9240,2,22.93,12.29,35.21,0.0,1083.8,62169.7,0.0,154.470,0.477,303.339,1838:12
52.9726,1788882918.0274,2,22.93,12.29,35.22,0.0,1083.6,62169.9,0.0,154.470,0.477,303.339,1838:12
53.0756,1788882918.1304,2,36.54,12.29,48.83,106.8,1092.7,62160.7,0.0,154.470,0.477,303.339,1838:12
53.1786,1788882918.2335,2,39.54,12.29,51.83,97.1,1097.1,62156.4,0.0,154.470,0.477,303.394,1838:12
53.2820,1788882918.3368,2,53.58,12.29,65.87,435.5,1098.3,62155.2,0.0,154.470,0.477,303.538,1838:12
53.3897,1788882918.4445,2,56.34,12.29,68.63,1085.8,1098.1,62155.4,0.0,154.470,0.477,303.538,1838:12
53.4927,1788882918.5475,2,62.58,12.29,74.87,106.8,1101.7,62151.8,0.0,154.470,0.477,303.538,1838:12
53.5956,1788882918.6504,2,66.50,12.29,78.79,77.7,1104.3,62149.1,0.0,154.470,0.477,305.214,1838:12
53.6985,1788882918.7533,2,74.24,12.29,86.53,106.9,1111.4,62142.0,0.0,154.470,0.477,305.214,1838:12
53.8015,1788882918.8563,2,76.21,12.29,88.50,87.4,1111.1,62142.4,0.0,154.470,0.477,305.296,1838:12
53.9044,1788882918.9592,2,78.79,12.29,91.08,106.7,1115.0,62138.4,0.0,154.470,0.477,305.296,1838:12
54.0075,1788882919.0623,2,83.29,12.29,95.58,77.6,1113.9,62139.5,0.0,154.470,0.477,306.179,1838:12
54.1105,1788882919.1653,2,100.22,12.29,112.51,106.7,1129.1,62124.4,0.0,154.470,0.477,306.229,1838:12
54.2136,1788882919.2684,2,101.25,12.29,113.54,106.8,1129.3,62124.2,0.0,154.470,0.477,306.229,1838:12
54.3166,1788882919.3714,2,102.71,12.29,115.00,97.1,1128.9,62124.6,0.0,154.470,0.477,306.229,1838:12
54.4195,1788882919.4743,2,111.66,12.29,123.95,97.1,1141.1,62112.3,0.0,154.470,0.477,306.229,1838:12
54.5226,1788882919.5774,2,112.38,12.29,124.67,97.1,1141.0,62112.5,0.0,154.470,0.477,306.229,1838:12
54.6256,1788882919.6804,2,113.61,12.29,125.89,106.8,1140.7,62112.8,0.0,154.470,0.477,306.351,1838:12
54.7285,1788882919.7834,2,115.34,12.29,127.62,97.1,1140.7,62112.8,0.0,154.470,0.477,306.351,1838:12
54.8316,1788882919.8864,2,118.95,12.29,131.24,97.1,1144.2,62109.3,0.0,154.470,0.477,306.351,1838:12
54.9345,1788882919.9893,2,120.46,12.29,132.75,106.8,1144.7,62108.7,0.0,154.470,0.477,306.425,1838:12
55.0375,1788882920.0923,2,123.01,12.29,135.30,97.1,1145.9,62107.6,0.0,154.470,0.477,306.425,1838:12
55.1405,1788882920.1953,2,131.30,12.29,143.59,97.1,1157.4,62096.1,0.0,154.470,0.477,306.425,1838:12
55.2435,1788882920.2983,2,131.52,12.29,143.81,97.1,1157.8,62095.7,0.0,154.470,0.477,306.425,1838:12
55.3464,1788882920.4013,2,133.21,12.29,145.50,97.1,1158.2,62095.3,0.0,154.470,0.477,306.425,1838:12
55.4494,1788882920.5042,2,133.73,12.29,146.02,97.1,1157.9,62095.6,0.0,154.470,0.477,306.425,1838:12
55.5523,1788882920.6071,2,145.19,12.29,157.48,106.5,1159.0,62094.4,0.0,154.470,0.477,306.425,1838:12
55.6556,1788882920.7104,2,158.98,12.29,171.27,106.6,1164.4,62089.0,0.0,154.470,0.477,306.425,1838:12
55.7588,1788882920.8136,2,181.68,12.29,193.97,87.4,1167.6,62085.9,0.0,154.470,0.477,306.589,1838:12
55.8618,1788882920.9166,2,184.32,12.29,196.61,106.7,1169.2,62084.3,0.0,154.470,0.477,306.616,1838:12
55.9648,1788882921.0197,2,186.54,12.29,198.83,58.2,1170.3,62083.1,0.0,154.476,0.479,306.616,1838:12
56.0679,1788882921.1227,2,186.54,12.29,198.83,0.0,1170.3,62083.1,0.0,154.519,0.479,306.616,1838:12
56.1711,1788882921.2259,6,239.25,101.59,340.84,37.7,1225.9,62027.6,0.0,154.615,0.480,306.620,1838:12;1861:22;1862:22;1863:22;1864:22
56.2880,1788882921.3428,6,239.25,208.23,447.47,769.8,1270.5,61983.0,0.0,154.615,0.480,306.620,1838:12;1861:49;1862:49;1863:49;1864:49
56.4201,1788882921.4750,6,239.25,288.50,527.74,1001.4,1308.1,61945.3,0.0,154.615,0.480,306.620,1838:12;1861:69;1862:68;1863:70;1864:69
56.5270,1788882921.5819,6,239.25,365.25,604.50,393.2,1372.8,61880.6,0.0,154.615,0.480,306.620,1838:12;1861:88;1862:88;1863:89;1864:88
56.6339,1788882921.6887,6,239.25,409.11,648.35,402.2,1424.9,61828.6,0.0,154.615,0.480,306.620,1838:12;1861:99;1862:99;1863:99;1864:99
56.7408,1788882921.7956,6,243.26,426.69,669.95,96.0,1427.5,61826.0,0.0,154.616,0.481,306.620,1838:12;1861:104;1862:104;1863:104;1864:104
56.8446,1788882921.8994,6,243.28,426.69,669.97,29.0,1427.5,61826.0,0.0,154.622,0.482,306.620,1838:12;1861:104;1862:104;1863:104;1864:104
56.9482,1788882922.0030,6,244.07,426.69,670.76,48.4,1426.4,61827.1,0.0,154.622,0.483,306.620,1838:12;1861:104;1862:104;1863:104;1864:104
57.0516,1788882922.1064,6,244.80,426.69,671.49,9.7,1426.4,61827.1,0.0,154.633,0.484,306.640,1838:12;1861:104;1862:104;1863:104;1864:104
57.1549,1788882922.2097,6,245.60,426.69,672.29,9.7,1426.4,61827.1,0.0,154.643,0.485,306.640,1838:12;1861:104;1862:104;1863:104;1864:104
57.2582,1788882922.3130,6,246.42,426.69,673.11,9.7,1426.4,61827.1,0.0,154.654,0.485,306.640,1838:12;1861:104;1862:104;1863:104;1864:104
57.3614,1788882922.4162,6,247.22,426.69,673.91,9.7,1426.6,61826.9,0.0,154.664,0.486,306.640,1838:12;1861:104;1862:104;1863:104;1864:104
57.4647,1788882922.5195,6,248.05,426.69,674.74,29.1,1428.1,61825.4,0.0,154.675,0.487,306.640,1838:12;1861:104;1862:104;1863:104;1864:104
57.5679,1788882922.6227,6,248.87,426.69,675.56,9.7,1430.1,61823.4,0.0,154.685,0.488,306.640,1838:12;1861:104;1862:104;1863:104;1864:104
57.6712,1788882922.7260,6,249.70,426.71,676.40,29.1,1428.2,61825.3,0.0,154.696,0.489,306.640,1838:12;1861:104;1862:104;1863:104;1864:104
57.7745,1788882922.8293,6,250.51,426.71,677.21,9.7,1428.2,61825.3,0.0,154.706,0.490,306.640,1838:12;1861:104;1862:104;1863:104;1864:104
57.8777,1788882922.9325,6,251.32,426.71,678.03,9.7,1432.1,61821.4,0.0,154.717,0.490,306.640,1838:12;1861:104;1862:104;1863:104;1864:104
57.9810,1788882923.0358,6,251.32,426.71,678.03,0.0,1430.3,61823.1,0.0,154.717,0.490,306.640,1838:12;1861:104;1862:104;1863:104;1864:104
58.0843,1788882923.1391,6,252.13,426.71,678.84,9.7,1430.3,61823.1,0.0,154.728,0.491,306.640,1838:12;1861:104;1862:104;1863:104;1864:104
58.1875,1788882923.2423,6,252.95,426.71,679.66,9.7,1430.3,61823.1,0.0,154.738,0.492,306.640,1838:12;1861:104;1862:104;1863:104;1864:104
58.2908,1788882923.3456,6,253.76,426.71,680.46,9.7,1430.3,61823.1,0.0,154.748,0.493,306.640,1838:12;1861:104;1862:104;1863:104;1864:104
58.3940,1788882923.4488,6,254.58,426.71,681.29,9.7,1430.3,61823.1,0.0,154.759,0.493,306.640,1838:12;1861:104;1862:104;1863:104;1864:104
58.4973,1788882923.5521,6,255.39,426.71,682.09,9.7,1438.2,61815.3,0.0,154.769,0.494,306.640,1838:12;1861:104;1862:104;1863:104;1864:104
58.6005,1788882923.6553,6,256.20,426.71,682.91,9.7,1438.2,61815.3,0.0,154.780,0.495,306.640,1838:12;1861:104;1862:104;1863:104;1864:104
58.7037,1788882923.7585,6,257.01,426.72,683.73,9.7,1438.2,61815.3,0.0,154.790,0.496,306.640,1838:12;1861:104;1862:104;1863:104;1864:104
58.8071,1788882923.8619,6,257.82,426.72,684.54,48.2,1438.2,61815.3,0.0,154.801,0.497,306.640,1838:12;1861:104;1862:104;1863:104;1864:104
58.9109,1788882923.9657,6,258.57,426.72,685.29,9.7,1438.2,61815.3,0.0,154.811,0.497,306.640,1838:12;1861:104;1862:104;1863:104;1864:104
59.0145,1788882924.0693,6,259.39,426.72,686.11,9.7,1436.6,61816.8,0.0,154.822,0.498,306.640,1838:12;1861:104;1862:104;1863:104;1864:104
59.1178,1788882924.1726,6,260.20,426.72,686.92,9.7,1433.6,61819.9,0.0,154.832,0.499,306.640,1838:12;1861:104;1862:104;1863:104;1864:104
59.2211,1788882924.2759,6,261.01,426.72,687.73,9.7,1433.6,61819.9,0.0,154.843,0.500,306.640,1838:12;1861:104;1862:104;1863:104;1864:104
59.3244,1788882924.3792,6,261.82,426.72,688.54,19.4,1433.6,61819.9,0.0,154.853,0.501,306.640,1838:12;1861:104;1862:104;1863:104;1864:104
59.4276,1788882924.4825,6,262.64,426.72,689.36,9.7,1433.8,61819.6,0.0,154.864,0.501,306.640,1838:12;1861:104;1862:104;1863:104;1864:104
59.5309,1788882924.5857,6,263.45,426.72,690.18,9.7,1435.6,61817.9,0.0,154.874,0.502,306.640,1838:12;1861:104;1862:104;1863:104;1864:104
59.6342,1788882924.6890,6,264.26,426.72,690.98,19.4,1435.6,61817.9,0.0,154.884,0.503,306.640,1838:12;1861:104;1862:104;1863:104;1864:104
59.7375,1788882924.7923,6,265.08,426.73,691.81,9.7,1436.3,61817.2,0.0,154.895,0.504,306.640,1838:12;1861:104;1862:104;1863:104;1864:104
59.8408,1788882924.8956,6,266.65,426.73,693.38,9.7,1438.0,61815.5,0.0,154.915,0.505,306.640,1838:12;1861:104;1862:104;1863:104;1864:104
59.9440,1788882924.9988,6,267.47,426.73,694.20,9.7,1438.4,61815.1,0.0,154.926,0.506,306.640,1838:12;1861:104;1862:104;1863:104;1864:104
60.0473,1788882925.1021,6,268.33,426.73,695.05,19.4,1438.1,61815.4,0.0,154.936,0.507,306.640,1838:12;1861:104;1862:104;1863:104;1864:104
60.1506,1788882925.2054,6,269.14,426.73,695.87,9.7,1439.8,61813.6,0.0,154.947,0.508,306.640,1838:12;1861:104;1862:104;1863:104;1864:104
60.2539,1788882925.3087,6,269.91,426.73,696.64,0.0,1439.8,61813.6,0.0,154.957,0.508,306.640,1838:12;1861:104;1862:104;1863:104;1864:104
60.3592,1788882925.4140,6,270.73,426.73,697.46,19.4,1437.8,61815.7,0.0,154.967,0.509,306.640,1838:12;1861:104;1862:104;1863:104;1864:104
60.4625,1788882925.5173,6,271.58,426.73,698.30,9.7,1439.8,61813.6,0.0,154.978,0.511,306.640,1838:12;1861:104;1862:104;1863:104;1864:104
60.5658,1788882925.6206,6,272.39,426.73,699.12,9.7,1439.8,61813.6,0.0,154.988,0.511,306.640,1838:12;1861:104;1862:104;1863:104;1864:104
60.6690,1788882925.7238,6,273.21,426.73,699.94,29.1,1440.6,61812.9,0.0,154.998,0.512,306.640,1838:12;1861:104;1862:104;1863:104;1864:104
60.7724,1788882925.8272,6,274.01,426.73,700.74,9.7,1442.3,61811.2,0.0,155.009,0.513,306.640,1838:12;1861:104;1862:104;1863:104;1864:104
60.8757,1788882925.9305,6,274.84,426.73,701.57,9.7,1442.3,61811.2,0.0,155.019,0.514,306.640,1838:12;1861:104;1862:104;1863:104;1864:104
60.9790,1788882926.0338,6,275.66,426.73,702.38,19.4,1441.8,61811.6,0.0,155.030,0.514,306.640,1838:12;1861:104;1862:104;1863:104;1864:104
61.0822,1788882926.1370,6,276.46,426.73,703.19,9.7,1442.6,61810.9,0.0,155.040,0.515,306.640,1838:12;1861:104;1862:104;1863:104;1864:104
61.1855,1788882926.2403,6,277.27,426.73,704.00,9.7,1444.3,61809.2,0.0,155.050,0.516,306.640,1838:12;1861:104;1862:104;1863:104;1864:104
61.2887,1788882926.3435,6,278.86,426.73,705.58,19.4,1444.7,61808.8,0.0,155.071,0.517,306.640,1838:12;1861:104;1862:104;1863:104;1864:104
61.3920,1788882926.4468,6,278.91,426.73,705.63,57.8,1445.0,61808.4,0.0,155.071,0.518,306.640,1838:12;1861:104;1862:104;1863:104;1864:104
61.4958,1788882926.5506,6,279.71,426.73,706.44,9.7,1446.8,61806.7,0.0,155.081,0.518,306.640,1838:12;1861:104;1862:104;1863:104;1864:104
61.5994,1788882926.6542,6,280.54,426.73,707.26,9.7,1446.8,61806.7,0.0,155.092,0.519,306.640,1838:12;1861:104;1862:104;1863:104;1864:104
61.7028,1788882926.7576,6,281.34,426.73,708.07,9.7,1447.5,61806.0,0.0,155.102,0.520,306.640,1838:12;1861:104;1862:104;1863:104;1864:104
61.8061,1788882926.8609,6,282.16,426.73,708.89,19.4,1449.2,61804.3,0.0,155.112,0.521,306.640,1838:12;1861:104;1862:104;1863:104;1864:104
61.9094,1788882926.9642,6,282.97,426.73,709.70,9.7,1449.2,61804.3,0.0,155.123,0.521,306.640,1838:12;1861:104;1862:104;1863:104;1864:104
62.0127,1788882927.0675,6,283.78,426.73,710.51,19.4,1449.0,61804.5,0.0,155.133,0.522,306.640,1838:12;1861:104;1862:104;1863:104;1864:104
62.1159,1788882927.1707,6,284.60,426.73,711.33,9.7,1448.9,61804.5,0.0,155.143,0.523,306.640,1838:12;1861:104;1862:104;1863:104;1864:104
62.2192,1788882927.2741,6,285.41,426.73,712.14,9.7,1450.7,61802.8,0.0,155.154,0.524,306.640,1838:12;1861:104;1862:104;1863:104;1864:104
62.3225,1788882927.3773,6,286.95,426.73,713.68,9.7,1451.1,61802.4,0.0,155.174,0.525,306.640,1838:12;1861:104;1862:104;1863:104;1864:104
62.4257,1788882927.4805,6,287.85,426.73,714.58,19.4,1453.1,61800.4,0.0,155.185,0.526,306.640,1838:12;1861:104;1862:104;1863:104;1864:104
62.5290,1788882927.5838,6,287.85,426.73,714.58,0.0,1453.6,61799.9,0.0,155.185,0.526,306.640,1838:12;1861:104;1862:104;1863:104;1864:104
62.6322,1788882927.6871,6,288.66,426.73,715.39,9.7,1453.6,61799.9,0.0,155.195,0.527,306.640,1838:12;1861:104;1862:104;1863:104;1864:104
62.7355,1788882927.7903,6,290.21,426.73,716.95,9.7,1453.7,61799.8,0.0,155.216,0.528,306.640,1838:12;1861:104;1862:104;1863:104;1864:104
62.8388,1788882927.8936,6,291.10,426.73,717.84,19.4,1453.9,61799.6,0.0,155.226,0.529,306.640,1838:12;1861:104;1862:104;1863:104;1864:104
62.9421,1788882927.9969,6,291.91,426.73,718.64,9.7,1454.6,61798.9,0.0,155.237,0.530,306.640,1838:12;1861:104;1862:104;1863:104;1864:104
63.0454,1788882928.1002,6,292.72,426.73,719.45,9.7,1455.3,61798.1,0.0,155.247,0.531,306.640,1838:12;1861:104;1862:104;1863:104;1864:104
63.1486,1788882928.2034,6,293.53,426.73,720.27,9.7,1456.5,61797.0,0.0,155.257,0.532,306.640,1838:12;1861:104;1862:104;1863:104;1864:104
63.2519,1788882928.3067,6,294.35,426.73,721.09,19.4,1456.5,61797.0,0.0,155.267,0.532,306.640,1838:12;1861:104;1862:104;1863:104;1864:104
63.3552,1788882928.4100,6,296.06,426.73,722.80,9.7,1458.8,61794.7,0.0,155.288,0.533,306.640,1838:12;1861:104;1862:104;1863:104;1864:104
63.4585,1788882928.5133,6,296.79,426.73,723.52,29.0,1458.9,61794.5,0.0,155.298,0.535,306.640,1838:12;1861:104;1862:104;1863:104;1864:104
63.5617,1788882928.6165,6,297.60,426.73,724.33,9.7,1459.7,61793.8,0.0,155.309,0.536,306.640,1838:12;1861:104;1862:104;1863:104;1864:104
63.6650,1788882928.7198,6,298.42,426.73,725.15,9.7,1461.4,61792.1,0.0,155.319,0.536,306.640,1838:12;1861:104;1862:104;1863:104;1864:104
63.7683,1788882928.8231,6,299.22,426.73,725.96,19.4,1461.4,61792.1,0.0,155.329,0.537,306.640,1838:12;1861:104;1862:104;1863:104;1864:104
63.8715,1788882928.9263,6,300.04,426.73,726.77,9.7,1462.1,61791.3,0.0,155.340,0.538,306.640,1838:12;1861:104;1862:104;1863:104;1864:104
63.9748,1788882929.0296,6,300.78,426.73,727.51,48.1,1462.5,61790.9,0.0,155.350,0.538,306.640,1838:12;1861:104;1862:104;1863:104;1864:104
64.0788,1788882929.1336,6,300.84,426.73,727.58,28.9,1461.2,61792.2,0.0,155.360,0.539,306.640,1838:12;1861:104;1862:104;1863:104;1864:104
64.1826,1788882929.2374,6,301.73,426.73,728.46,9.7,1462.9,61790.5,0.0,155.365,0.540,306.640,1838:12;1861:104;1862:104;1863:104;1864:104
64.2861,1788882929.3409,6,302.37,426.73,729.10,87.0,1462.9,61790.5,0.0,155.366,0.540,306.640,1838:12;1861:104;1862:104;1863:104;1864:104
64.3895,1788882929.4443,6,302.99,426.73,729.72,96.8,1462.9,61790.5,0.0,155.366,0.540,306.640,1838:12;1861:104;1862:104;1863:104;1864:104
64.4928,1788882929.5476,6,303.67,426.73,730.41,106.5,1463.3,61790.1,0.0,155.366,0.540,306.640,1838:12;1861:104;1862:104;1863:104;1864:104
64.5961,1788882929.6509,6,304.35,426.73,731.08,96.8,1464.5,61788.9,0.0,155.366,0.540,306.640,1838:12;1861:104;1862:104;1863:104;1864:104
64.6994,1788882929.7542,6,305.03,426.75,731.78,96.8,1466.5,61787.0,0.0,155.366,0.540,306.640,1838:12;1861:104;1862:104;1863:104;1864:104
64.8027,1788882929.8575,6,307.92,426.75,734.67,106.5,1466.5,61787.0,0.0,155.366,0.540,306.640,1838:12;1861:104;1862:104;1863:104;1864:104
64.9059,1788882929.9607,6,307.97,426.75,734.72,106.5,1470.4,61783.0,0.0,155.366,0.540,306.640,1838:12;1861:104;1862:104;1863:104;1864:104
65.0092,1788882930.0640,6,308.02,426.75,734.78,96.8,1470.2,61783.3,0.0,155.366,0.540,306.640,1838:12;1861:104;1862:104;1863:104;1864:104
65.1125,1788882930.1673,6,308.07,426.75,734.83,96.8,1470.0,61783.5,0.0,155.366,0.540,306.640,1838:12;1861:104;1862:104;1863:104;1864:104
65.2157,1788882930.2705,6,308.08,426.75,734.83,106.5,1468.1,61785.3,0.0,155.366,0.540,306.640,1838:12;1861:104;1862:104;1863:104;1864:104
65.3190,1788882930.3738,6,308.09,426.75,734.84,96.9,1468.1,61785.3,0.0,155.366,0.540,306.640,1838:12;1861:104;1862:104;1863:104;1864:104
65.4223,1788882930.4771,6,308.14,426.75,734.89,96.9,1468.1,61785.3,0.0,155.366,0.540,306.640,1838:12;1861:104;1862:104;1863:104;1864:104
65.5255,1788882930.5803,6,308.16,426.75,734.91,106.5,1468.1,61785.3,0.0,155.366,0.540,306.640,1838:12;1861:104;1862:104;1863:104;1864:104
65.6287,1788882930.6836,6,308.43,426.75,735.18,96.8,1468.1,61785.3,0.0,155.366,0.540,306.640,1838:12;1861:104;1862:104;1863:104;1864:104
65.7320,1788882930.7868,6,308.45,426.76,735.21,106.5,1468.1,61785.4,0.0,155.366,0.540,306.640,1838:12;1861:104;1862:104;1863:104;1864:104
65.8353,1788882930.8901,6,308.48,426.76,735.23,106.5,1468.1,61785.4,0.0,155.366,0.540,306.640,1838:12;1861:104;1862:104;1863:104;1864:104
65.9386,1788882930.9934,6,308.50,426.76,735.25,96.8,1468.1,61785.4,0.0,155.366,0.540,306.640,1838:12;1861:104;1862:104;1863:104;1864:104
66.0418,1788882931.0966,6,308.52,426.76,735.27,96.8,1468.1,61785.4,0.0,155.366,0.540,306.640,1838:12;1861:104;1862:104;1863:104;1864:104
66.1452,1788882931.2000,6,308.54,426.76,735.30,106.5,1466.7,61786.8,0.0,155.366,0.540,306.640,1838:12;1861:104;1862:104;1863:104;1864:104
66.2484,1788882931.3033,6,308.57,426.76,735.32,96.8,1466.7,61786.8,0.0,155.366,0.540,306.640,1838:12;1861:104;1862:104;1863:104;1864:104
66.3517,1788882931.4065,6,308.59,426.76,735.34,96.8,1466.7,61786.8,0.0,155.366,0.540,306.640,1838:12;1861:104;1862:104;1863:104;1864:104
66.4550,1788882931.5098,6,308.60,426.76,735.36,106.5,1466.7,61786.8,0.0,155.366,0.540,306.640,1838:12;1861:104;1862:104;1863:104;1864:104
66.5583,1788882931.6131,6,308.62,426.76,735.38,96.8,1466.7,61786.8,0.0,155.366,0.540,306.640,1838:12;1861:104;1862:104;1863:104;1864:104
66.6615,1788882931.7163,6,308.65,426.76,735.41,106.5,1463.1,61790.4,0.0,155.366,0.540,306.640,1838:12;1861:104;1862:104;1863:104;1864:104
66.7648,1788882931.8196,6,308.66,426.76,735.42,96.8,1463.3,61790.1,0.0,155.366,0.540,306.640,1838:12;1861:104;1862:104;1863:104;1864:104
66.8681,1788882931.9229,6,308.69,426.76,735.45,96.9,1463.3,61790.1,0.0,155.366,0.540,306.640,1838:12;1861:104;1862:104;1863:104;1864:104
66.9713,1788882932.0261,6,308.74,426.76,735.50,96.8,1463.3,61790.1,0.0,155.366,0.540,306.640,1838:12;1861:104;1862:104;1863:104;1864:104
67.0746,1788882932.1294,6,308.77,426.76,735.52,106.4,1462.1,61791.4,0.0,155.366,0.540,306.640,1838:12;1861:104;1862:104;1863:104;1864:104
67.1780,1788882932.2328,6,308.87,426.76,735.62,96.8,1462.1,61791.4,0.0,155.366,0.540,306.640,1838:12;1861:104;1862:104;1863:104;1864:104
67.2813,1788882932.3361,6,308.89,426.76,735.65,96.8,1462.1,61791.4,0.0,155.366,0.540,306.640,1838:12;1861:104;1862:104;1863:104;1864:104
67.3846,1788882932.4394,6,308.93,426.76,735.68,106.5,1462.1,61791.4,0.0,155.366,0.540,306.640,1838:12;1861:104;1862:104;1863:104;1864:104
67.4878,1788882932.5427,6,308.94,426.76,735.70,96.8,1462.1,61791.4,0.0,155.366,0.540,306.640,1838:12;1861:104;1862:104;1863:104;1864:104
67.5912,1788882932.6460,6,308.95,426.76,735.71,96.8,1462.1,61791.4,0.0,155.366,0.540,306.640,1838:12;1861:104;1862:104;1863:104;1864:104
67.6944,1788882932.7492,6,308.96,426.76,735.72,106.5,1462.1,61791.4,0.0,155.366,0.540,306.640,1838:12;1861:104;1862:104;1863:104;1864:104
67.7977,1788882932.8525,6,308.99,426.76,735.75,96.8,1462.1,61791.4,0.0,155.366,0.540,306.640,1838:12;1861:104;1862:104;1863:104;1864:104
67.9010,1788882932.9558,6,309.02,426.76,735.77,96.8,1462.1,61791.4,0.0,155.366,0.540,306.640,1838:12;1861:104;1862:104;1863:104;1864:104
68.0043,1788882933.0591,6,309.02,426.76,735.77,106.5,1462.1,61791.4,0.0,155.366,0.540,306.640,1838:12;1861:104;1862:104;1863:104;1864:104
68.1076,1788882933.1624,6,309.05,426.76,735.81,96.8,1462.1,61791.4,0.0,155.366,0.540,306.640,1838:12;1861:104;1862:104;1863:104;1864:104
68.2109,1788882933.2657,6,309.08,426.76,735.84,96.8,1462.1,61791.4,0.0,155.366,0.540,306.640,1838:12;1861:104;1862:104;1863:104;1864:104
68.3141,1788882933.3690,6,309.11,426.76,735.87,106.5,1461.1,61792.4,0.0,155.366,0.540,306.640,1838:12;1861:104;1862:104;1863:104;1864:104
68.4174,1788882933.4723,6,309.14,426.76,735.89,96.8,1461.1,61792.4,0.0,155.366,0.540,306.640,1838:12;1861:104;1862:104;1863:104;1864:104
68.5207,1788882933.5756,6,309.15,426.76,735.91,106.5,1461.1,61792.4,0.0,155.366,0.540,306.640,1838:12;1861:104;1862:104;1863:104;1864:104
68.6240,1788882933.6788,6,309.18,426.76,735.93,106.5,1461.1,61792.4,0.0,155.366,0.540,306.640,1838:12;1861:104;1862:104;1863:104;1864:104
68.7273,1788882933.7821,6,309.21,426.76,735.97,106.5,1461.1,61792.4,0.0,155.366,0.540,306.640,1838:12;1861:104;1862:104;1863:104;1864:104
68.8306,1788882933.8854,6,309.22,426.76,735.98,96.8,1461.1,61792.4,0.0,155.366,0.540,306.640,1838:12;1861:104;1862:104;1863:104;1864:104
68.9339,1788882933.9887,6,309.25,426.76,736.00,116.2,1461.1,61792.4,0.0,155.366,0.540,306.640,1838:12;1861:104;1862:104;1863:104;1864:104
69.0372,1788882934.0920,6,309.28,426.76,736.04,96.8,1461.1,61792.4,0.0,155.366,0.540,306.640,1838:12;1861:104;1862:104;1863:104;1864:104
69.1405,1788882934.1953,6,309.30,426.76,736.06,96.8,1461.1,61792.4,0.0,155.366,0.540,306.640,1838:12;1861:104;1862:104;1863:104;1864:104
69.2438,1788882934.2986,6,309.33,426.76,736.09,106.5,1461.1,61792.4,0.0,155.366,0.540,306.640,1838:12;1861:104;1862:104;1863:104;1864:104
69.3470,1788882934.4018,6,309.36,426.76,736.12,96.9,1461.1,61792.4,0.0,155.366,0.540,306.640,1838:12;1861:104;1862:104;1863:104;1864:104
69.4503,1788882934.5051,6,309.39,426.76,736.15,106.5,1461.1,61792.4,0.0,155.366,0.540,306.640,1838:12;1861:104;1862:104;1863:104;1864:104
69.5536,1788882934.6084,6,309.41,426.76,736.16,106.5,1461.1,61792.4,0.0,155.366,0.540,306.640,1838:12;1861:104;1862:104;1863:104;1864:104
69.6568,1788882934.7117,6,309.43,426.76,736.19,96.8,1460.3,61793.2,0.0,155.366,0.540,306.640,1838:12;1861:104;1862:104;1863:104;1864:104
69.7602,1788882934.8150,6,309.47,426.76,736.23,96.8,1460.2,61793.2,0.0,155.366,0.540,306.640,1838:12;1861:104;1862:104;1863:104;1864:104
69.8635,1788882934.9183,6,309.78,426.76,736.54,106.5,1460.2,61793.2,0.0,155.366,0.540,306.640,1838:12;1861:104;1862:104;1863:104;1864:104
69.9668,1788882935.0216,6,309.79,426.76,736.55,96.8,1460.2,61793.2,0.0,155.366,0.540,306.640,1838:12;1861:104;1862:104;1863:104;1864:104
70.0701,1788882935.1249,6,309.80,426.76,736.56,96.8,1459.5,61794.0,0.0,155.366,0.540,306.640,1838:12;1861:104;1862:104;1863:104;1864:104
70.1734,1788882935.2282,6,309.82,426.76,736.58,106.5,1459.2,61794.3,0.0,155.366,0.540,306.640,1838:12;1861:104;1862:104;1863:104;1864:104
70.2767,1788882935.3315,6,309.84,426.76,736.60,96.8,1459.2,61794.3,0.0,155.366,0.540,306.640,1838:12;1861:104;1862:104;1863:104;1864:104
70.3800,1788882935.4348,6,311.97,426.76,738.73,96.8,1459.2,61794.3,0.0,155.366,0.540,306.640,1838:12;1861:104;1862:104;1863:104;1864:104
70.4834,1788882935.5382,6,314.14,426.76,740.90,105.8,1462.7,61790.8,0.0,155.366,0.540,306.640,1838:12;1861:104;1862:104;1863:104;1864:104
70.5874,1788882935.6422,6,323.37,426.76,750.13,96.3,1470.2,61783.3,0.0,155.366,0.540,306.640,1838:12;1861:104;1862:104;1863:104;1864:104
70.6912,1788882935.7460,6,325.88,426.77,752.65,105.8,1474.1,61779.4,0.0,155.366,0.540,306.640,1838:12;1861:104;1862:104;1863:104;1864:104
70.7952,1788882935.8500,6,336.11,426.77,762.88,105.8,1485.6,61767.9,0.0,155.366,0.540,306.640,1838:12;1861:104;1862:104;1863:104;1864:104
70.8992,1788882935.9540,6,340.10,426.77,766.88,96.1,1493.4,61760.0,0.0,155.366,0.540,306.640,1838:12;1861:104;1862:104;1863:104;1864:104
71.0032,1788882936.0580,6,354.10,426.77,780.88,96.3,1500.1,61753.3,0.0,155.366,0.540,306.640,1838:12;1861:104;1862:104;1863:104;1864:104
71.1071,1788882936.1619,6,354.10,426.77,780.88,105.8,1499.1,61754.3,0.0,155.366,0.540,306.640,1838:12;1861:104;1862:104;1863:104;1864:104
71.2110,1788882936.2659,6,366.66,426.77,793.43,105.9,1513.7,61739.7,0.0,155.366,0.541,306.640,1838:12;1861:104;1862:104;1863:104;1864:104
71.3149,1788882936.3697,6,379.76,426.77,806.53,96.4,1529.1,61724.3,0.0,155.367,0.541,306.640,1838:12;1861:104;1862:104;1863:104;1864:104
71.4186,1788882936.4734,6,408.52,426.77,835.30,106.1,1560.7,61692.8,0.0,155.367,0.541,306.640,1838:12;1861:104;1862:104;1863:104;1864:104
71.5224,1788882936.5772,6,408.78,426.77,835.55,106.1,1560.7,61692.8,0.0,155.367,0.541,306.640,1838:12;1861:104;1862:104;1863:104;1864:104
71.6260,1788882936.6808,6,408.78,426.77,835.55,96.2,1560.7,61692.8,0.0,155.367,0.541,306.640,1838:12;1861:104;1862:104;1863:104;1864:104
71.7300,1788882936.7848,6,408.78,426.78,835.56,105.7,1560.7,61692.8,0.0,155.367,0.541,306.640,1838:12;1861:104;1862:104;1863:104;1864:104
71.8341,1788882936.8889,6,430.67,426.78,857.45,86.6,1577.6,61675.8,0.0,155.367,0.541,306.640,1838:12;1861:104;1862:104;1863:104;1864:104
71.9380,1788882936.9928,6,452.57,426.78,879.35,105.9,1600.5,61652.9,0.0,155.367,0.541,306.640,1838:12;1861:104;1862:104;1863:104;1864:104
72.0419,1788882937.0967,6,476.70,426.78,903.47,96.3,1626.8,61626.7,0.0,155.367,0.541,306.640,1838:12;1861:104;1862:104;1863:104;1864:104
72.1457,1788882937.2005,6,502.04,426.78,928.81,96.3,1651.5,61602.0,0.0,155.367,0.541,306.640,1838:12;1861:104;1862:104;1863:104;1864:104
72.2495,1788882937.3043,6,515.56,426.78,942.34,105.9,1660.9,61592.5,0.0,155.367,0.541,306.640,1838:12;1861:104;1862:104;1863:104;1864:104
72.3534,1788882937.4082,6,534.60,426.78,961.38,106.0,1677.5,61576.0,0.0,155.367,0.541,306.640,1838:12;1861:104;1862:104;1863:104;1864:104
72.4572,1788882937.5120,6,555.02,426.78,981.80,96.4,1698.8,61554.7,0.0,155.367,0.541,306.640,1838:12;1861:104;1862:104;1863:104;1864:104
72.5609,1788882937.6157,6,575.27,426.78,1002.05,96.5,1721.7,61531.8,0.0,155.367,0.541,306.640,1838:12;1861:104;1862:104;1863:104;1864:104
72.6646,1788882937.7194,6,595.49,426.78,1022.27,106.1,1745.0,61508.5,0.0,155.367,0.541,306.640,1838:12;1861:104;1862:104;1863:104;1864:104
72.7683,1788882937.8231,6,619.28,426.78,1046.05,96.4,1765.1,61488.4,0.0,155.367,0.542,306.640,1838:12;1861:104;1862:104;1863:104;1864:104
72.8721,1788882937.9269,6,641.20,426.78,1067.98,105.8,1789.9,61463.5,0.0,155.367,0.542,306.640,1838:12;1861:104;1862:104;1863:104;1864:104
72.9760,1788882938.0308,6,664.07,426.78,1090.85,96.2,1805.7,61447.8,0.0,155.367,0.542,306.640,1838:12;1861:104;1862:104;1863:104;1864:104
73.0799,1788882938.1347,6,667.54,426.78,1094.31,105.8,1813.7,61439.8,0.0,155.367,0.542,306.640,1838:12;1861:104;1862:104;1863:104;1864:104
73.1839,1788882938.2387,6,667.54,426.78,1094.31,96.2,1813.7,61439.8,0.0,155.367,0.542,306.640,1838:12;1861:104;1862:104;1863:104;1864:104
73.2879,1788882938.3427,6,667.54,426.78,1094.31,96.2,1813.7,61439.8,0.0,155.367,0.542,306.640,1838:12;1861:104;1862:104;1863:104;1864:104
73.3919,1788882938.4467,6,667.54,426.78,1094.31,105.8,1813.7,61439.8,0.0,155.367,0.542,306.640,1838:12;1861:104;1862:104;1863:104;1864:104
73.4958,1788882938.5506,6,667.54,426.78,1094.31,96.2,1813.7,61439.8,0.0,155.367,0.542,306.640,1838:12;1861:104;1862:104;1863:104;1864:104
73.5997,1788882938.6545,6,667.54,426.78,1094.31,105.9,1813.7,61439.8,0.0,155.367,0.542,306.640,1838:12;1861:104;1862:104;1863:104;1864:104
73.7036,1788882938.7584,6,668.53,426.79,1095.31,96.3,1813.7,61439.8,0.0,155.367,0.542,306.640,1838:12;1861:104;1862:104;1863:104;1864:104
73.8074,1788882938.8623,6,681.46,426.79,1108.24,96.4,1822.0,61431.5,0.0,155.367,0.542,306.640,1838:12;1861:104;1862:104;1863:104;1864:104
73.9112,1788882938.9660,6,692.19,426.79,1118.97,96.6,1833.4,61420.1,0.0,155.367,0.542,306.640,1838:12;1861:104;1862:104;1863:104;1864:104
74.0147,1788882939.0695,6,702.88,426.79,1129.67,106.4,1842.8,61410.7,0.0,155.367,0.542,306.640,1838:12;1861:104;1862:104;1863:104;1864:104
74.1180,1788882939.1728,6,712.55,426.79,1139.33,96.8,1856.6,61396.9,0.0,155.367,0.542,306.640,1838:12;1861:104;1862:104;1863:104;1864:104
74.2213,1788882939.2762,6,713.63,426.79,1140.42,116.1,1856.6,61396.9,0.0,155.367,0.542,306.640,1838:12;1861:104;1862:104;1863:104;1864:104
74.3247,1788882939.3795,6,722.54,426.79,1149.32,96.5,1864.1,61389.4,0.0,155.367,0.542,306.640,1838:12;1861:104;1862:104;1863:104;1864:104
74.4283,1788882939.4832,6,732.73,426.79,1159.52,106.3,1879.5,61374.0,0.0,155.367,0.542,306.640,1838:12;1861:104;1862:104;1863:104;1864:104
74.5318,1788882939.5866,6,741.98,426.79,1168.77,96.8,1883.5,61370.0,0.0,155.367,0.542,306.640,1838:12;1861:104;1862:104;1863:104;1864:104
74.6352,1788882939.6900,6,750.00,426.79,1176.79,96.8,1890.6,61362.9,0.0,155.367,0.542,306.640,1838:12;1861:104;1862:104;1863:104;1864:104
74.7385,1788882939.7933,6,760.09,426.79,1186.89,106.5,1899.9,61353.5,0.0,155.367,0.542,306.640,1838:12;1861:104;1862:104;1863:104;1864:104
74.8418,1788882939.8966,6,769.30,426.79,1196.09,96.8,1913.8,61339.7,0.0,155.367,0.542,306.640,1838:12;1861:104;1862:104;1863:104;1864:104
74.9450,1788882939.9999,6,777.61,426.79,1204.40,96.5,1921.2,61332.2,0.0,155.367,0.542,306.640,1838:12;1861:104;1862:104;1863:104;1864:104
75.0487,1788882940.1035,6,785.54,426.79,1212.33,106.3,1926.8,61326.7,0.0,155.367,0.542,306.640,1838:12;1861:104;1862:104;1863:104;1864:104
75.1522,1788882940.2070,6,786.63,426.79,1213.42,105.8,1926.8,61326.7,0.0,155.367,0.542,306.640,1838:12;1861:104;1862:104;1863:104;1864:104
75.2562,1788882940.3110,6,786.63,426.79,1213.42,96.2,1926.8,61326.7,0.0,155.367,0.542,306.640,1838:12;1861:104;1862:104;1863:104;1864:104
75.3602,1788882940.4150,6,786.63,426.79,1213.42,105.8,1926.8,61326.7,0.0,155.367,0.542,306.640,1838:12;1861:104;1862:104;1863:104;1864:104
75.4642,1788882940.5190,6,786.63,426.79,1213.42,96.2,1926.8,61326.7,0.0,155.367,0.542,306.640,1838:12;1861:104;1862:104;1863:104;1864:104
75.5681,1788882940.6229,6,786.63,426.79,1213.42,105.8,1926.8,61326.7,0.0,155.367,0.542,306.640,1838:12;1861:104;1862:104;1863:104;1864:104
75.6720,1788882940.7268,6,786.63,426.79,1213.42,96.2,1926.8,61326.7,0.0,155.367,0.542,306.640,1838:12;1861:104;1862:104;1863:104;1864:104
75.7760,1788882940.8308,6,786.63,426.79,1213.42,96.2,1926.8,61326.7,0.0,155.367,0.542,306.640,1838:12;1861:104;1862:104;1863:104;1864:104
75.8799,1788882940.9347,6,809.36,426.79,1236.15,105.8,1950.0,61303.4,0.0,155.367,0.542,306.640,1838:12;1861:104;1862:104;1863:104;1864:104
75.9839,1788882941.0387,6,806.64,426.79,1233.43,96.3,1950.0,61303.4,0.0,155.367,0.542,306.640,1838:12;1861:104;1862:104;1863:104;1864:104
76.0877,1788882941.1425,6,814.24,426.79,1241.03,96.3,1954.6,61298.8,0.0,155.367,0.542,306.640,1838:12;1861:104;1862:104;1863:104;1864:104
76.1916,1788882941.2464,6,823.15,426.79,1249.94,106.1,1962.7,61290.7,0.0,155.367,0.542,306.640,1838:12;1861:104;1862:104;1863:104;1864:104
76.2952,1788882941.3501,6,823.15,426.79,1249.94,96.5,1963.1,61290.4,0.0,155.367,0.542,306.640,1838:12;1861:104;1862:104;1863:104;1864:104
76.3989,1788882941.4537,6,805.98,426.79,1232.78,106.1,1946.1,61307.4,0.0,155.367,0.542,306.640,1838:12;1861:104;1862:104;1863:104;1864:104
76.5025,1788882941.5573,6,831.23,426.79,1258.02,106.1,1976.1,61277.4,0.0,155.367,0.542,306.640,1838:12;1861:104;1862:104;1863:104;1864:104
76.6062,1788882941.6610,6,837.73,426.79,1264.53,96.4,1984.4,61269.1,0.0,155.367,0.542,306.640,1838:12;1861:104;1862:104;1863:104;1864:104
76.7099,1788882941.7647,6,833.08,426.81,1259.89,96.5,1991.9,61261.6,0.0,155.367,0.542,306.640,1838:12;1861:104;1862:104;1863:104;1864:104
76.8136,1788882941.8684,6,832.11,426.81,1258.92,106.0,1992.1,61261.4,0.0,155.367,0.542,306.640,1838:12;1861:104;1862:104;1863:104;1864:104
76.9173,1788882941.9721,6,829.74,426.81,1256.55,96.4,1992.1,61261.4,0.0,155.367,0.542,306.640,1838:12;1861:104;1862:104;1863:104;1864:104
77.0211,1788882942.0759,6,850.98,426.81,1277.79,96.3,1992.3,61261.2,0.0,155.367,0.542,306.640,1838:12;1861:104;1862:104;1863:104;1864:104
77.1249,1788882942.1797,6,862.12,426.81,1288.93,96.3,2007.3,61246.2,0.0,155.367,0.542,306.640,1838:12;1861:104;1862:104;1863:104;1864:104
77.2288,1788882942.2836,6,875.47,426.81,1302.28,106.0,2015.2,61238.3,0.0,155.367,0.542,306.640,1838:12;1861:104;1862:104;1863:104;1864:104
77.3325,1788882942.3873,6,887.77,426.81,1314.58,96.5,2028.6,61224.9,0.0,155.367,0.542,306.640,1838:12;1861:104;1862:104;1863:104;1864:104
77.4361,1788882942.4910,6,899.42,426.81,1326.23,96.5,2044.6,61208.9,0.0,155.367,0.542,306.640,1838:12;1861:104;1862:104;1863:104;1864:104
77.5398,1788882942.5946,6,913.79,426.81,1340.59,115.9,2053.7,61199.8,0.0,155.367,0.542,306.640,1838:12;1861:104;1862:104;1863:104;1864:104
77.6434,1788882942.6982,6,922.41,426.81,1349.21,96.5,2069.5,61184.0,0.0,155.367,0.542,306.640,1838:12;1861:104;1862:104;1863:104;1864:104
77.7470,1788882942.8018,6,889.49,426.81,1316.30,105.9,2069.7,61183.8,0.0,155.367,0.542,306.640,1838:12;1861:104;1862:104;1863:104;1864:104
77.8510,1788882942.9058,6,901.37,426.81,1328.18,105.8,2069.7,61183.8,0.0,155.367,0.542,306.640,1838:12;1861:104;1862:104;1863:104;1864:104
77.9549,1788882943.0097,6,909.58,426.81,1336.39,105.9,2069.7,61183.8,0.0,155.367,0.542,306.640,1838:12;1861:104;1862:104;1863:104;1864:104
78.0587,1788882943.1135,6,915.70,426.81,1342.51,96.3,2069.7,61183.7,0.0,155.367,0.542,306.640,1838:12;1861:104;1862:104;1863:104;1864:104
78.1626,1788882943.2174,6,915.86,426.81,1342.66,105.9,2069.7,61183.7,0.0,155.367,0.542,306.640,1838:12;1861:104;1862:104;1863:104;1864:104
78.2665,1788882943.3213,6,920.10,426.81,1346.91,106.0,2069.7,61183.7,0.0,155.367,0.542,306.640,1838:12;1861:104;1862:104;1863:104;1864:104
78.3703,1788882943.4251,6,920.24,426.81,1347.05,96.3,2069.7,61183.7,0.0,155.367,0.542,306.640,1838:12;1861:104;1862:104;1863:104;1864:104
78.4742,1788882943.5290,6,920.24,426.81,1347.05,105.8,2069.7,61183.7,0.0,155.367,0.542,306.640,1838:12;1861:104;1862:104;1863:104;1864:104
78.5782,1788882943.6330,6,920.24,426.81,1347.05,96.2,2069.7,61183.7,0.0,155.367,0.542,306.640,1838:12;1861:104;1862:104;1863:104;1864:104
78.6821,1788882943.7369,6,920.24,426.81,1347.05,105.8,2069.7,61183.7,0.0,155.367,0.542,306.640,1838:12;1861:104;1862:104;1863:104;1864:104
78.7860,1788882943.8408,6,920.24,426.81,1347.05,96.2,2069.7,61183.7,0.0,155.367,0.542,306.640,1838:12;1861:104;1862:104;1863:104;1864:104
78.8900,1788882943.9448,6,920.24,426.81,1347.05,96.2,2069.7,61183.7,0.0,155.367,0.542,306.640,1838:12;1861:104;1862:104;1863:104;1864:104
78.9940,1788882944.0488,6,920.24,426.81,1347.05,105.8,2069.7,61183.7,0.0,155.367,0.542,306.640,1838:12;1861:104;1862:104;1863:104;1864:104
79.0979,1788882944.1527,6,920.24,426.81,1347.05,105.8,2069.7,61183.7,0.0,155.367,0.542,306.640,1838:12;1861:104;1862:104;1863:104;1864:104
79.2019,1788882944.2567,6,920.24,426.81,1347.05,105.8,2069.7,61183.7,0.0,155.367,0.542,306.640,1838:12;1861:104;1862:104;1863:104;1864:104
79.3058,1788882944.3606,6,920.24,426.81,1347.05,96.3,2069.7,61183.7,0.0,155.367,0.542,306.640,1838:12;1861:104;1862:104;1863:104;1864:104
79.4097,1788882944.4645,6,922.98,426.81,1349.79,105.9,2069.7,61183.7,0.0,155.367,0.542,306.640,1838:12;1861:104;1862:104;1863:104;1864:104
79.5135,1788882944.5684,6,925.08,426.81,1351.89,106.0,2069.7,61183.7,0.0,155.367,0.542,306.640,1838:12;1861:104;1862:104;1863:104;1864:104
79.6173,1788882944.6721,6,927.09,426.81,1353.90,96.4,2069.7,61183.7,0.0,155.367,0.542,306.640,1838:12;1861:104;1862:104;1863:104;1864:104
79.7211,1788882944.7759,6,925.18,426.82,1352.00,96.4,2070.5,61182.9,0.0,155.367,0.542,306.640,1838:12;1861:104;1862:104;1863:104;1864:104
79.8248,1788882944.8796,6,928.95,426.82,1355.76,106.0,2072.1,61181.4,0.0,155.367,0.542,306.640,1838:12;1861:104;1862:104;1863:104;1864:104
79.9285,1788882944.9834,6,931.81,426.82,1358.62,96.4,2074.1,61179.4,0.0,155.367,0.542,306.640,1838:12;1861:104;1862:104;1863:104;1864:104
80.0323,1788882945.0872,6,934.70,426.82,1361.51,106.0,2075.0,61178.5,0.0,155.367,0.542,306.640,1838:12;1861:104;1862:104;1863:104;1864:104
80.1361,1788882945.1909,6,950.56,426.82,1377.38,105.9,2091.5,61161.9,0.0,155.367,0.542,306.640,1838:12;1861:104;1862:104;1863:104;1864:104
80.2399,1788882945.2948,6,959.14,426.82,1385.96,96.3,2099.0,61154.4,0.0,155.367,0.542,306.640,1838:12;1861:104;1862:104;1863:104;1864:104
80.3438,1788882945.3986,6,926.66,426.82,1353.48,96.3,2102.6,61150.9,0.0,155.367,0.542,306.640,1838:12;1861:104;1862:104;1863:104;1864:104
80.4477,1788882945.5025,6,935.41,426.82,1362.23,96.3,2102.6,61150.9,0.0,155.367,0.542,306.640,1838:12;1861:104;1862:104;1863:104;1864:104
80.5516,1788882945.6064,6,945.72,426.82,1372.54,105.8,2102.6,61150.9,0.0,155.367,0.542,306.640,1838:12;1861:104;1862:104;1863:104;1864:104
80.6555,1788882945.7103,6,946.29,426.82,1373.11,96.3,2102.6,61150.9,0.0,155.367,0.542,306.640,1838:12;1861:104;1862:104;1863:104;1864:104
80.7594,1788882945.8142,6,948.24,426.82,1375.05,96.4,2102.6,61150.9,0.0,155.367,0.542,306.640,1838:12;1861:104;1862:104;1863:104;1864:104
80.8630,1788882945.9178,6,953.68,426.82,1380.50,106.3,2102.6,61150.9,0.0,155.367,0.542,306.640,1838:12;1861:104;1862:104;1863:104;1864:104
80.9665,1788882946.0213,6,954.66,426.82,1381.47,115.9,2102.6,61150.9,0.0,155.367,0.542,306.640,1838:12;1861:104;1862:104;1863:104;1864:104
81.0702,1788882946.1250,6,951.47,426.82,1378.29,96.3,2102.7,61150.8,0.0,155.367,0.542,306.640,1838:12;1861:104;1862:104;1863:104;1864:104
81.1740,1788882946.2288,6,965.96,426.82,1392.78,96.3,2107.9,61145.6,0.0,155.367,0.542,306.640,1838:12;1861:104;1862:104;1863:104;1864:104
81.2778,1788882946.3327,6,984.51,426.82,1411.32,96.4,2127.6,61125.9,0.0,155.367,0.542,306.640,1838:12;1861:104;1862:104;1863:104;1864:104
81.3816,1788882946.4364,6,996.45,426.82,1423.26,96.4,2143.0,61110.5,0.0,155.367,0.542,306.640,1838:12;1861:104;1862:104;1863:104;1864:104
81.4853,1788882946.5401,6,1010.52,426.82,1437.34,106.0,2166.6,61086.8,0.0,155.367,0.542,306.640,1838:12;1861:104;1862:104;1863:104;1864:104
81.5891,1788882946.6439,6,992.36,426.82,1419.18,105.9,2166.6,61086.8,0.0,155.367,0.542,306.640,1838:12;1861:104;1862:104;1863:104;1864:104
81.6929,1788882946.7477,6,1013.13,426.82,1439.95,96.3,2166.6,61086.8,0.0,155.367,0.542,306.640,1838:12;1861:104;1862:104;1863:104;1864:104
81.7968,1788882946.8516,6,1029.30,426.82,1456.11,105.8,2170.2,61083.3,0.0,155.367,0.542,306.640,1838:12;1861:104;1862:104;1863:104;1864:104
81.9008,1788882946.9556,6,1029.30,426.82,1456.11,105.8,2170.2,61083.3,0.0,155.367,0.542,306.640,1838:12;1861:104;1862:104;1863:104;1864:104
82.0047,1788882947.0595,6,1029.30,426.82,1456.11,105.8,2170.4,61083.1,0.0,155.367,0.542,306.640,1838:12;1861:104;1862:104;1863:104;1864:104
82.1087,1788882947.1635,6,1029.30,426.82,1456.11,96.2,2170.4,61083.1,0.0,155.368,0.542,306.640,1838:12;1861:104;1862:104;1863:104;1864:104
82.2127,1788882947.2675,6,1029.30,426.82,1456.12,96.2,2170.4,61083.1,0.0,155.368,0.542,306.640,1838:12;1861:104;1862:104;1863:104;1864:104
82.3167,1788882947.3715,6,1029.30,426.82,1456.12,105.8,2170.4,61083.1,0.0,155.368,0.542,306.640,1838:12;1861:104;1862:104;1863:104;1864:104
82.4206,1788882947.4754,6,1029.30,426.82,1456.12,96.2,2170.4,61083.1,0.0,155.368,0.542,306.640,1838:12;1861:104;1862:104;1863:104;1864:104
82.5246,1788882947.5794,6,1029.30,426.82,1456.12,105.8,2170.4,61083.1,0.0,155.368,0.542,306.640,1838:12;1861:104;1862:104;1863:104;1864:104
82.6286,1788882947.6834,6,1029.30,426.82,1456.12,96.2,2170.4,61083.1,0.0,155.368,0.542,306.640,1838:12;1861:104;1862:104;1863:104;1864:104
82.7325,1788882947.7873,6,1029.30,426.82,1456.12,96.2,2170.4,61083.1,0.0,155.368,0.542,306.640,1838:12;1861:104;1862:104;1863:104;1864:104
82.8365,1788882947.8913,6,1029.30,426.82,1456.12,105.9,2170.4,61083.1,0.0,155.368,0.542,306.640,1838:12;1861:104;1862:104;1863:104;1864:104
82.9404,1788882947.9952,6,1029.30,426.82,1456.12,96.3,2170.4,61083.1,0.0,155.368,0.542,306.640,1838:12;1861:104;1862:104;1863:104;1864:104
83.0443,1788882948.0991,6,1029.30,426.82,1456.12,105.9,2170.4,61083.1,0.0,155.368,0.542,306.640,1838:12;1861:104;1862:104;1863:104;1864:104
83.1481,1788882948.2029,6,1035.59,426.82,1462.40,86.8,2181.8,61071.6,0.0,155.368,0.542,306.640,1838:12;1861:104;1862:104;1863:104;1864:104
83.2518,1788882948.3066,6,1056.68,426.82,1483.50,106.0,2205.5,61048.0,0.0,155.368,0.542,306.640,1838:12;1861:104;1862:104;1863:104;1864:104
83.3556,1788882948.4104,6,1074.07,426.82,1500.89,105.9,2220.9,61032.6,0.0,155.368,0.542,306.640,1838:12;1861:104;1862:104;1863:104;1864:104
83.4595,1788882948.5143,6,1090.60,426.82,1517.41,96.3,2236.7,61016.8,0.0,155.368,0.542,306.640,1838:12;1861:104;1862:104;1863:104;1864:104
83.5633,1788882948.6181,6,1118.71,426.82,1545.53,105.9,2260.4,60993.1,0.0,155.368,0.542,306.640,1838:12;1861:104;1862:104;1863:104;1864:104
83.6672,1788882948.7220,6,1141.10,426.82,1567.92,86.6,2291.5,60962.0,0.0,155.368,0.542,306.640,1838:12;1861:104;1862:104;1863:104;1864:104
83.7711,1788882948.8259,6,1153.13,426.82,1579.95,105.9,2293.1,60960.4,0.0,155.368,0.542,306.640,1838:12;1861:104;1862:104;1863:104;1864:104
83.8749,1788882948.9297,6,1158.22,426.82,1585.04,96.2,2322.6,60930.8,0.0,155.368,0.542,306.640,1838:12;1861:104;1862:104;1863:104;1864:104
83.9789,1788882949.0337,6,1163.21,426.82,1590.02,105.8,2322.6,60930.8,0.0,155.368,0.542,306.640,1838:12;1861:104;1862:104;1863:104;1864:104
84.0828,1788882949.1376,6,1175.88,426.82,1602.70,106.1,2322.9,60930.5,0.0,155.368,0.542,306.640,1838:12;1861:104;1862:104;1863:104;1864:104
84.1866,1788882949.2414,6,1184.11,426.82,1610.93,86.8,2324.5,60929.0,0.0,155.368,0.542,306.640,1838:12;1861:104;1862:104;1863:104;1864:104
84.2903,1788882949.3451,6,1195.55,426.82,1622.37,106.0,2337.9,60915.5,0.0,155.368,0.542,306.640,1838:12;1861:104;1862:104;1863:104;1864:104
84.3940,1788882949.4488,6,1202.92,426.82,1629.73,96.4,2345.8,60907.7,0.0,155.368,0.542,306.640,1838:12;1861:104;1862:104;1863:104;1864:104
84.4977,1788882949.5525,6,1218.82,426.82,1645.64,96.4,2363.2,60890.3,0.0,155.368,0.542,306.640,1838:12;1861:104;1862:104;1863:104;1864:104
84.6014,1788882949.6563,6,1231.45,426.82,1658.27,106.0,2378.6,60874.9,0.0,155.368,0.542,306.640,1838:12;1861:104;1862:104;1863:104;1864:104
84.7052,1788882949.7600,6,1239.60,426.82,1666.42,96.4,2380.1,60873.3,0.0,155.368,0.542,306.640,1838:12;1861:104;1862:104;1863:104;1864:104
84.8089,1788882949.8637,6,1248.09,426.82,1674.91,106.1,2394.0,60859.5,0.0,155.368,0.542,306.640,1838:12;1861:104;1862:104;1863:104;1864:104
84.9126,1788882949.9674,6,1256.54,426.82,1683.36,106.0,2401.8,60851.6,0.0,155.368,0.542,306.640,1838:12;1861:104;1862:104;1863:104;1864:104
85.0164,1788882950.0712,6,1267.56,426.82,1694.38,96.4,2409.4,60844.1,0.0,155.368,0.542,306.640,1838:12;1861:104;1862:104;1863:104;1864:104
85.1201,1788882950.1749,6,1278.89,426.82,1705.71,96.3,2425.2,60828.3,0.0,155.368,0.542,306.640,1838:12;1861:104;1862:104;1863:104;1864:104
85.2239,1788882950.2787,6,1293.66,426.82,1720.48,105.9,2441.0,60812.5,0.0,155.368,0.542,306.640,1838:12;1861:104;1862:104;1863:104;1864:104
85.3278,1788882950.3826,6,1301.96,426.82,1728.77,96.4,2441.8,60811.7,0.0,155.368,0.542,306.640,1838:12;1861:104;1862:104;1863:104;1864:104
85.4315,1788882950.4863,6,1310.33,426.82,1737.14,106.1,2456.4,60797.1,0.0,155.368,0.542,306.640,1838:12;1861:104;1862:104;1863:104;1864:104
85.5351,1788882950.5899,6,1310.59,426.82,1737.41,96.2,2456.4,60797.1,0.0,155.368,0.542,306.640,1838:12;1861:104;1862:104;1863:104;1864:104
85.6390,1788882950.6938,6,1310.59,426.82,1737.41,106.0,2456.4,60797.1,0.0,155.368,0.542,306.640,1838:12;1861:104;1862:104;1863:104;1864:104
85.7428,1788882950.7977,6,1310.59,426.82,1737.41,105.8,2456.4,60797.1,0.0,155.368,0.542,306.640,1838:12;1861:104;1862:104;1863:104;1864:104
85.8468,1788882950.9016,6,1310.59,426.82,1737.41,96.2,2456.4,60797.1,0.0,155.368,0.542,306.640,1838:12;1861:104;1862:104;1863:104;1864:104
85.9508,1788882951.0056,6,1310.59,426.82,1737.41,105.8,2456.4,60797.1,0.0,155.368,0.542,306.640,1838:12;1861:104;1862:104;1863:104;1864:104
86.0547,1788882951.1095,6,1310.59,426.82,1737.41,96.3,2456.6,60796.9,0.0,155.368,0.542,306.640,1838:12;1861:104;1862:104;1863:104;1864:104
86.1586,1788882951.2134,6,1310.59,426.82,1737.41,105.8,2456.6,60796.9,0.0,155.368,0.542,306.640,1838:12;1861:104;1862:104;1863:104;1864:104
86.2625,1788882951.3173,6,1310.59,426.82,1737.41,96.2,2456.6,60796.9,0.0,155.368,0.542,306.640,1838:12;1861:104;1862:104;1863:104;1864:104
86.3665,1788882951.4213,6,1310.59,426.82,1737.41,96.2,2456.6,60796.9,0.0,155.368,0.542,306.640,1838:12;1861:104;1862:104;1863:104;1864:104
86.4704,1788882951.5252,6,1310.59,426.82,1737.41,105.8,2456.6,60796.9,0.0,155.368,0.542,306.640,1838:12;1861:104;1862:104;1863:104;1864:104
86.5744,1788882951.6292,6,1310.59,426.82,1737.41,96.2,2456.6,60796.9,0.0,155.368,0.542,306.640,1838:12;1861:104;1862:104;1863:104;1864:104
86.6783,1788882951.7332,6,1310.59,426.82,1737.41,105.9,2456.6,60796.9,0.0,155.368,0.542,306.640,1838:12;1861:104;1862:104;1863:104;1864:104
86.7822,1788882951.8371,6,1310.59,426.82,1737.41,96.2,2456.6,60796.9,0.0,155.368,0.542,306.640,1838:12;1861:104;1862:104;1863:104;1864:104
86.8862,1788882951.9410,6,1310.59,426.82,1737.41,105.9,2456.6,60796.9,0.0,155.368,0.542,306.640,1838:12;1861:104;1862:104;1863:104;1864:104
86.9900,1788882952.0448,6,1310.59,426.82,1737.41,96.4,2456.6,60796.9,0.0,155.368,0.542,306.640,1838:12;1861:104;1862:104;1863:104;1864:104
87.0938,1788882952.1486,6,1310.59,426.82,1737.41,96.4,2456.6,60796.9,0.0,155.368,0.542,306.640,1838:12;1861:104;1862:104;1863:104;1864:104
87.1975,1788882952.2523,6,1313.04,426.82,1739.86,106.0,2456.6,60796.9,0.0,155.368,0.542,306.640,1838:12;1861:104;1862:104;1863:104;1864:104
87.3013,1788882952.3561,6,1321.05,426.82,1747.87,96.4,2463.3,60790.2,0.0,155.368,0.542,306.640,1838:12;1861:104;1862:104;1863:104;1864:104
87.4050,1788882952.4598,6,1329.16,426.82,1755.98,96.4,2471.2,60782.3,0.0,155.368,0.542,306.640,1838:12;1861:104;1862:104;1863:104;1864:104
87.5087,1788882952.5635,6,1337.21,426.82,1764.03,96.5,2479.1,60774.4,0.0,155.368,0.542,306.640,1838:12;1861:104;1862:104;1863:104;1864:104
87.6123,1788882952.6671,6,1161.26,426.82,1588.07,105.9,2479.1,60774.4,0.0,155.368,0.542,306.640,1838:12;1861:104;1862:104;1863:104;1864:104
87.7162,1788882952.7710,6,1141.50,426.84,1568.34,134.6,2479.1,60774.4,0.0,155.368,0.542,306.640,1838:12;1861:104;1862:104;1863:104;1864:104
87.8201,1788882952.8749,6,1124.90,426.84,1551.74,105.9,2479.1,60774.4,0.0,155.368,0.542,306.640,1838:12;1861:104;1862:104;1863:104;1864:104
87.9240,1788882952.9788,6,1134.89,426.84,1561.73,96.3,2479.1,60774.4,0.0,155.368,0.542,306.640,1838:12;1861:104;1862:104;1863:104;1864:104
88.0278,1788882953.0826,6,1156.50,426.84,1583.34,105.9,2479.2,60774.3,0.0,155.368,0.542,306.640,1838:12;1861:104;1862:104;1863:104;1864:104
88.1318,1788882953.1866,6,1142.38,426.84,1569.22,96.2,2479.2,60774.3,0.0,155.368,0.542,306.640,1838:12;1861:104;1862:104;1863:104;1864:104
88.2357,1788882953.2905,6,1149.88,426.84,1576.72,96.3,2479.2,60774.3,0.0,155.368,0.542,306.640,1838:12;1861:104;1862:104;1863:104;1864:104
88.3395,1788882953.3943,6,1172.13,426.84,1598.97,105.8,2479.2,60774.3,0.0,155.368,0.542,306.640,1838:12;1861:104;1862:104;1863:104;1864:104
88.4435,1788882953.4983,6,1136.51,426.84,1563.35,96.2,2479.2,60774.3,0.0,155.368,0.542,306.640,1838:12;1861:104;1862:104;1863:104;1864:104
88.5475,1788882953.6023,6,1139.51,426.84,1566.35,96.2,2479.2,60774.3,0.0,155.368,0.542,306.640,1838:12;1861:104;1862:104;1863:104;1864:104
88.6514,1788882953.7062,6,1148.36,426.84,1575.20,96.3,2479.2,60774.3,0.0,155.368,0.542,306.640,1838:12;1861:104;1862:104;1863:104;1864:104
88.7552,1788882953.8100,6,1143.00,426.84,1569.84,106.0,2479.2,60774.3,0.0,155.368,0.542,306.640,1838:12;1861:104;1862:104;1863:104;1864:104
88.8589,1788882953.9137,6,1150.73,426.84,1577.57,96.5,2479.2,60774.3,0.0,155.368,0.542,306.640,1838:12;1861:104;1862:104;1863:104;1864:104
88.9626,1788882954.0174,6,1158.02,426.84,1584.86,106.0,2496.2,60757.3,0.0,155.368,0.542,306.640,1838:12;1861:104;1862:104;1863:104;1864:104
89.0664,1788882954.1212,6,1166.10,426.84,1592.94,96.3,2496.2,60757.3,0.0,155.368,0.542,306.640,1838:12;1861:104;1862:104;1863:104;1864:104
89.1703,1788882954.2251,6,1176.72,426.84,1603.56,105.9,2511.6,60741.9,0.0,155.368,0.542,306.640,1838:12;1861:104;1862:104;1863:104;1864:104
89.2741,1788882954.3289,6,1180.34,426.84,1607.18,96.3,2511.6,60741.9,0.0,155.368,0.542,306.640,1838:12;1861:104;1862:104;1863:104;1864:104
89.3780,1788882954.4328,6,1193.73,426.84,1620.57,106.0,2526.9,60726.5,0.0,155.368,0.542,306.640,1838:12;1861:104;1862:104;1863:104;1864:104
89.4817,1788882954.5365,6,1197.39,426.84,1624.23,96.4,2526.9,60726.5,0.0,155.368,0.542,306.640,1838:12;1861:104;1862:104;1863:104;1864:104
89.5855,1788882954.6403,6,1201.01,426.84,1627.85,96.4,2528.5,60725.0,0.0,155.368,0.542,306.640,1838:12;1861:104;1862:104;1863:104;1864:104
89.6892,1788882954.7440,6,1204.55,426.84,1631.39,106.1,2534.4,60719.0,0.0,155.368,0.542,306.640,1838:12;1861:104;1862:104;1863:104;1864:104
89.7929,1788882954.8477,6,1226.78,426.84,1653.62,96.4,2558.1,60695.4,0.0,155.368,0.542,306.640,1838:12;1861:104;1862:104;1863:104;1864:104
89.8966,1788882954.9515,6,1228.98,426.84,1655.82,106.0,2575.1,60678.4,0.0,155.368,0.542,306.640,1838:12;1861:104;1862:104;1863:104;1864:104
90.0004,1788882955.0552,6,1233.33,426.84,1660.17,96.4,2575.1,60678.4,0.0,155.368,0.542,306.640,1838:12;1861:104;1862:104;1863:104;1864:104
90.1041,1788882955.1589,6,1118.82,426.84,1545.66,105.9,2544.3,60709.2,0.0,155.368,0.542,306.640,1838:12;1861:104;1862:104;1863:104;1864:104
90.2080,1788882955.2628,6,1121.07,426.84,1547.91,96.4,2544.3,60709.2,0.0,155.368,0.542,306.640,1838:12;1861:104;1862:104;1863:104;1864:104
90.3118,1788882955.3666,6,1131.28,426.84,1558.12,96.3,2544.3,60709.2,0.0,155.368,0.542,306.640,1838:12;1861:104;1862:104;1863:104;1864:104
90.4156,1788882955.4704,6,1141.28,426.84,1568.12,96.3,2544.3,60709.2,0.0,155.368,0.542,306.640,1838:12;1861:104;1862:104;1863:104;1864:104
90.5195,1788882955.5743,6,1137.90,426.84,1564.74,106.0,2544.3,60709.2,0.0,155.368,0.542,306.640,1838:12;1861:104;1862:104;1863:104;1864:104
90.6232,1788882955.6780,6,1137.90,426.84,1564.74,96.5,2544.3,60709.2,0.0,155.368,0.542,306.640,1838:12;1861:104;1862:104;1863:104;1864:104
90.7268,1788882955.7816,6,1103.50,426.85,1530.35,105.9,2544.0,60709.5,0.0,155.368,0.542,306.640,1838:12;1861:104;1862:104;1863:104;1864:104
90.8308,1788882955.8856,6,1103.50,426.85,1530.35,96.2,2544.0,60709.5,0.0,155.368,0.542,306.640,1838:12;1861:104;1862:104;1863:104;1864:104
90.9347,1788882955.9895,6,1072.20,426.85,1499.05,96.3,2544.0,60709.5,0.0,155.368,0.542,306.640,1838:12;1861:104;1862:104;1863:104;1864:104
91.0386,1788882956.0934,6,1084.77,426.85,1511.61,105.9,2544.0,60709.5,0.0,155.368,0.542,306.640,1838:12;1861:104;1862:104;1863:104;1864:104
91.1425,1788882956.1974,6,1086.79,426.85,1513.63,96.4,2544.0,60709.5,0.0,155.368,0.542,306.640,1838:12;1861:104;1862:104;1863:104;1864:104
91.2463,1788882956.3011,6,1092.19,426.85,1519.04,105.9,2544.0,60709.5,0.0,155.368,0.542,306.640,1838:12;1861:104;1862:104;1863:104;1864:104
91.3502,1788882956.4050,6,1096.56,426.85,1523.41,105.9,2544.0,60709.5,0.0,155.368,0.542,306.640,1838:12;1861:104;1862:104;1863:104;1864:104
91.4540,1788882956.5088,6,1093.58,426.85,1520.43,96.3,2544.0,60709.5,0.0,155.368,0.542,306.640,1838:12;1861:104;1862:104;1863:104;1864:104
91.5578,1788882956.6126,6,1096.00,426.85,1522.85,86.8,2544.0,60709.5,0.0,155.368,0.542,306.640,1838:12;1861:104;1862:104;1863:104;1864:104
91.6615,1788882956.7163,6,1098.73,426.85,1525.57,115.7,2544.0,60709.5,0.0,155.368,0.542,306.640,1838:12;1861:104;1862:104;1863:104;1864:104
91.7652,1788882956.8200,6,1098.78,426.85,1525.63,96.4,2544.0,60709.5,0.0,155.368,0.542,306.640,1838:12;1861:104;1862:104;1863:104;1864:104
91.8690,1788882956.9238,6,1098.45,426.85,1525.30,106.0,2544.0,60709.5,0.0,155.368,0.542,306.640,1838:12;1861:104;1862:104;1863:104;1864:104
91.9727,1788882957.0275,6,1103.14,426.85,1529.98,86.7,2544.0,60709.5,0.0,155.368,0.542,306.640,1838:12;1861:104;1862:104;1863:104;1864:104
92.0765,1788882957.1313,6,1104.46,426.85,1531.31,106.0,2544.0,60709.5,0.0,155.368,0.542,306.640,1838:12;1861:104;1862:104;1863:104;1864:104
92.1803,1788882957.2351,6,1106.52,426.85,1533.36,106.0,2544.0,60709.5,0.0,155.368,0.542,306.640,1838:12;1861:104;1862:104;1863:104;1864:104
92.2841,1788882957.3389,6,1108.74,426.85,1535.59,105.9,2536.3,60717.1,0.0,155.368,0.542,306.640,1838:12;1861:104;1862:104;1863:104;1864:104
92.3879,1788882957.4427,6,1114.33,426.85,1541.18,96.3,2536.3,60717.1,0.0,155.368,0.542,306.640,1838:12;1861:104;1862:104;1863:104;1864:104
92.4918,1788882957.5466,6,1106.57,426.85,1533.41,96.2,2536.3,60717.1,0.0,155.368,0.543,306.640,1838:12;1861:104;1862:104;1863:104;1864:104
92.5958,1788882957.6506,6,1089.29,426.85,1516.13,105.9,2536.3,60717.1,0.0,155.370,0.544,306.640,1838:12;1861:104;1862:104;1863:104;1864:104
92.6997,1788882957.7545,6,1096.78,426.85,1523.63,105.9,2536.3,60717.1,0.0,155.370,0.544,306.640,1838:12;1861:104;1862:104;1863:104;1864:104
92.8035,1788882957.8583,6,1107.02,426.85,1533.87,105.8,2536.3,60717.1,0.0,155.371,0.545,306.640,1838:12;1861:104;1862:104;1863:104;1864:104
92.9075,1788882957.9623,6,1107.58,426.85,1534.43,96.4,2536.3,60717.1,0.0,155.371,0.545,306.640,1838:12;1861:104;1862:104;1863:104;1864:104
93.0112,1788882958.0660,6,1108.27,426.85,1535.12,106.3,2530.4,60723.0,0.0,155.371,0.545,306.640,1838:12;1861:104;1862:104;1863:104;1864:104
93.1146,1788882958.1694,6,1107.99,426.85,1534.84,96.7,2530.0,60723.4,0.0,155.371,0.546,306.640,1838:12;1861:104;1862:104;1863:104;1864:104
93.2179,1788882958.2727,6,1107.97,426.85,1534.82,105.9,2530.0,60723.4,0.0,155.371,0.546,306.640,1838:12;1861:104;1862:104;1863:104;1864:104
93.3218,1788882958.3767,6,1107.97,426.85,1534.82,96.3,2530.0,60723.4,0.0,155.371,0.546,306.640,1838:12;1861:104;1862:104;1863:104;1864:104
93.4257,1788882958.4805,6,1107.97,426.85,1534.82,96.1,2532.4,60721.1,0.0,155.373,0.548,306.640,1838:12;1861:104;1862:104;1863:104;1864:104
93.5298,1788882958.5846,6,1107.97,426.85,1534.82,105.7,2532.4,60721.1,0.0,155.373,0.548,306.640,1838:12;1861:104;1862:104;1863:104;1864:104
93.6338,1788882958.6886,6,1107.97,426.85,1534.82,95.9,2541.4,60712.1,0.0,155.373,0.548,306.640,1838:12;1861:104;1862:104;1863:104;1864:104
93.7381,1788882958.7930,6,1107.97,426.85,1534.82,115.2,2553.3,60700.2,0.0,155.374,0.548,306.640,1838:12;1861:104;1862:104;1863:104;1864:104
93.8423,1788882958.8971,6,1107.97,426.85,1534.82,96.0,2560.0,60693.5,0.0,155.374,0.549,306.640,1838:12;1861:104;1862:104;1863:104;1864:104
93.9464,1788882959.0012,6,1107.97,426.85,1534.82,96.1,2559.9,60693.6,0.0,155.374,0.549,306.640,1838:12;1861:104;1862:104;1863:104;1864:104
94.0505,1788882959.1053,6,1107.97,426.85,1534.82,105.8,2552.1,60701.4,0.0,155.374,0.549,306.640,1838:12;1861:104;1862:104;1863:104;1864:104
94.1544,1788882959.2092,6,1107.97,426.85,1534.82,96.2,2543.0,60710.4,0.0,155.374,0.549,306.702,1838:12;1861:104;1862:104;1863:104;1864:104
94.2583,1788882959.3131,6,1107.97,426.85,1534.82,105.8,2542.9,60710.6,0.0,155.374,0.549,306.702,1838:12;1861:104;1862:104;1863:104;1864:104
94.3623,1788882959.4171,6,1107.97,426.85,1534.82,96.3,2541.0,60712.5,0.0,155.374,0.550,306.702,1838:12;1861:104;1862:104;1863:104;1864:104
94.4661,1788882959.5209,6,1092.75,426.85,1519.61,96.3,2524.4,60729.0,0.0,155.374,0.550,306.702,1838:12;1861:104;1862:104;1863:104;1864:104
94.5699,1788882959.6247,6,1104.89,426.85,1531.74,96.2,2505.5,60748.0,0.0,155.374,0.550,306.702,1838:12;1861:104;1862:104;1863:104;1864:104
94.6739,1788882959.7287,6,1107.39,426.86,1534.25,115.5,2505.5,60748.0,0.0,155.374,0.550,306.702,1838:12;1861:104;1862:104;1863:104;1864:104
94.7777,1788882959.8325,6,1109.89,426.86,1536.75,115.6,2505.5,60748.0,0.0,155.374,0.550,306.702,1838:12;1861:104;1862:104;1863:104;1864:104
94.8815,1788882959.9363,6,1114.90,426.86,1541.76,96.3,2505.5,60748.0,0.0,155.374,0.550,306.702,1838:12;1861:104;1862:104;1863:104;1864:104
94.9853,1788882960.0401,6,1124.90,426.86,1551.76,96.3,2497.3,60756.1,0.0,155.374,0.550,306.702,1838:12;1861:104;1862:104;1863:104;1864:104
95.0892,1788882960.1440,6,1073.46,426.86,1500.32,105.9,2470.6,60782.9,0.0,155.374,0.550,306.702,1838:12;1861:104;1862:104;1863:104;1864:104
95.1931,1788882960.2479,6,1081.75,426.86,1508.61,96.3,2470.6,60782.9,0.0,155.374,0.550,306.702,1838:12;1861:104;1862:104;1863:104;1864:104
95.2969,1788882960.3518,6,1087.94,426.86,1514.80,105.9,2470.6,60782.9,0.0,155.374,0.550,306.702,1838:12;1861:104;1862:104;1863:104;1864:104
95.4009,1788882960.4557,6,1094.96,426.86,1521.82,96.3,2470.6,60782.9,0.0,155.374,0.550,306.702,1838:12;1861:104;1862:104;1863:104;1864:104
95.5047,1788882960.5596,6,1101.96,426.86,1528.82,96.3,2470.6,60782.9,0.0,155.374,0.550,306.702,1838:12;1861:104;1862:104;1863:104;1864:104
95.6086,1788882960.6634,6,1102.47,426.86,1529.33,105.9,2470.6,60782.9,0.0,155.374,0.550,306.702,1838:12;1861:104;1862:104;1863:104;1864:104
95.7125,1788882960.7673,6,1113.99,426.86,1540.85,105.9,2467.0,60786.5,0.0,155.374,0.550,306.702,1838:12;1861:104;1862:104;1863:104;1864:104
95.8164,1788882960.8712,6,1127.00,426.86,1553.86,86.6,2467.0,60786.5,0.0,155.374,0.550,306.702,1838:12;1861:104;1862:104;1863:104;1864:104
95.9203,1788882960.9751,6,1127.52,426.86,1554.38,105.9,2467.0,60786.5,0.0,155.374,0.550,306.702,1838:12;1861:104;1862:104;1863:104;1864:104
96.0241,1788882961.0789,6,1127.52,426.86,1554.38,96.3,2466.8,60786.7,0.0,155.374,0.550,306.702,1838:12;1861:104;1862:104;1863:104;1864:104
96.1279,1788882961.1828,6,1149.05,426.86,1575.91,96.2,2458.9,60794.5,0.0,155.374,0.550,306.702,1838:12;1861:104;1862:104;1863:104;1864:104
96.2319,1788882961.2867,6,1129.30,426.86,1556.16,105.9,2458.9,60794.5,0.0,155.374,0.550,306.702,1838:12;1861:104;1862:104;1863:104;1864:104
96.3358,1788882961.3906,6,1131.67,426.86,1558.53,96.2,2458.9,60794.5,0.0,155.374,0.550,306.702,1838:12;1861:104;1862:104;1863:104;1864:104
96.4398,1788882961.4946,6,1131.67,426.86,1558.53,105.9,2458.9,60794.5,0.0,155.374,0.550,306.702,1838:12;1861:104;1862:104;1863:104;1864:104
96.5437,1788882961.5985,6,1131.67,426.86,1558.53,96.2,2458.9,60794.5,0.0,155.374,0.550,306.702,1838:12;1861:104;1862:104;1863:104;1864:104
96.6476,1788882961.7024,6,1131.67,426.86,1558.53,96.2,2458.9,60794.5,0.0,155.374,0.550,306.702,1838:12;1861:104;1862:104;1863:104;1864:104
96.7516,1788882961.8064,6,1131.67,426.86,1558.53,105.8,2458.9,60794.5,0.0,155.374,0.550,306.702,1838:12;1861:104;1862:104;1863:104;1864:104
96.8556,1788882961.9104,6,1131.67,426.86,1558.53,96.2,2458.9,60794.5,0.0,155.374,0.550,306.702,1838:12;1861:104;1862:104;1863:104;1864:104
96.9596,1788882962.0144,6,1131.67,426.86,1558.53,115.4,2458.9,60794.5,0.0,155.374,0.550,306.702,1838:12;1861:104;1862:104;1863:104;1864:104
97.0636,1788882962.1184,6,1131.67,426.86,1558.53,96.2,2451.5,60801.9,0.0,155.374,0.550,306.702,1838:12;1861:104;1862:104;1863:104;1864:104
97.1676,1788882962.2224,6,1131.67,426.86,1558.54,96.2,2451.5,60801.9,0.0,155.374,0.550,306.702,1838:12;1861:104;1862:104;1863:104;1864:104
97.2715,1788882962.3263,6,1131.67,426.86,1558.54,105.8,2451.5,60801.9,0.0,155.374,0.550,306.702,1838:12;1861:104;1862:104;1863:104;1864:104
97.3755,1788882962.4303,6,1131.67,426.86,1558.54,96.3,2451.5,60801.9,0.0,155.374,0.550,306.702,1838:12;1861:104;1862:104;1863:104;1864:104
97.4794,1788882962.5342,6,1131.67,426.86,1558.54,105.9,2451.5,60801.9,0.0,155.374,0.550,306.702,1838:12;1861:104;1862:104;1863:104;1864:104
97.5833,1788882962.6381,6,1131.68,426.86,1558.54,96.3,2451.5,60801.9,0.0,155.374,0.550,306.702,1838:12;1861:104;1862:104;1863:104;1864:104
97.6870,1788882962.7418,6,1131.68,426.86,1558.54,96.3,2448.2,60805.3,0.0,155.374,0.550,306.702,1838:12;1861:104;1862:104;1863:104;1864:104
97.7909,1788882962.8457,6,1131.68,426.86,1558.54,106.0,2448.2,60805.3,0.0,155.374,0.550,306.702,1838:12;1861:104;1862:104;1863:104;1864:104
97.8947,1788882962.9495,6,1131.68,426.86,1558.54,96.4,2448.2,60805.3,0.0,155.374,0.550,306.702,1838:12;1861:104;1862:104;1863:104;1864:104
97.9984,1788882963.0532,6,1140.06,426.86,1566.93,106.0,2448.2,60805.3,0.0,155.374,0.550,306.702,1838:12;1861:104;1862:104;1863:104;1864:104
98.1022,1788882963.1570,6,1146.92,426.86,1573.79,106.0,2441.7,60811.7,0.0,155.374,0.550,306.702,1838:12;1861:104;1862:104;1863:104;1864:104
98.2059,1788882963.2607,6,1157.59,426.86,1584.46,96.4,2441.7,60811.7,0.0,155.374,0.550,306.702,1838:12;1861:104;1862:104;1863:104;1864:104
98.3096,1788882963.3644,6,1165.53,426.86,1592.39,96.4,2441.7,60811.7,0.0,155.374,0.550,306.702,1838:12;1861:104;1862:104;1863:104;1864:104
98.4134,1788882963.4682,6,1176.59,426.86,1603.45,106.1,2441.7,60811.7,0.0,155.374,0.550,306.702,1838:12;1861:104;1862:104;1863:104;1864:104
98.5171,1788882963.5719,6,1188.70,426.86,1615.56,96.4,2441.7,60811.7,0.0,155.374,0.550,306.702,1838:12;1861:104;1862:104;1863:104;1864:104
98.6208,1788882963.6756,6,1195.69,426.86,1622.55,96.4,2441.7,60811.7,0.0,155.374,0.550,306.702,1838:12;1861:104;1862:104;1863:104;1864:104
98.7245,1788882963.7793,6,1203.88,426.87,1630.75,96.4,2441.7,60811.7,0.0,155.374,0.550,306.702,1838:12;1861:104;1862:104;1863:104;1864:104
98.8282,1788882963.8830,6,1210.88,426.87,1637.75,106.0,2441.7,60811.7,0.0,155.374,0.550,306.702,1838:12;1861:104;1862:104;1863:104;1864:104
98.9320,1788882963.9868,6,1226.25,426.87,1653.12,96.4,2441.7,60811.7,0.0,155.374,0.550,306.702,1838:12;1861:104;1862:104;1863:104;1864:104
99.0357,1788882964.0906,6,1232.99,426.87,1659.86,106.1,2441.7,60811.7,0.0,155.374,0.550,306.702,1838:12;1861:104;1862:104;1863:104;1864:104
99.1395,1788882964.1943,6,1242.99,426.87,1669.86,96.3,2459.4,60794.1,0.0,155.374,0.550,306.702,1838:12;1861:104;1862:104;1863:104;1864:104
99.2433,1788882964.2981,6,1243.61,426.87,1670.48,96.4,2459.4,60794.1,0.0,155.374,0.550,306.702,1838:12;1861:104;1862:104;1863:104;1864:104
99.3471,1788882964.4019,6,1243.61,426.87,1670.48,105.9,2459.4,60794.1,0.0,155.374,0.550,306.702,1838:12;1861:104;1862:104;1863:104;1864:104
99.4509,1788882964.5057,6,1167.22,426.87,1594.09,96.2,2459.4,60794.1,0.0,155.374,0.550,306.702,1838:12;1861:104;1862:104;1863:104;1864:104
99.5549,1788882964.6097,6,1173.61,426.87,1600.47,105.8,2459.4,60794.1,0.0,155.374,0.550,306.702,1838:12;1861:104;1862:104;1863:104;1864:104
99.6588,1788882964.7136,6,1159.91,426.87,1586.77,96.3,2456.5,60797.0,0.0,155.374,0.550,306.702,1838:12;1861:104;1862:104;1863:104;1864:104
99.7627,1788882964.8175,6,1167.61,426.87,1594.48,96.3,2456.5,60797.0,0.0,155.374,0.550,306.702,1838:12;1861:104;1862:104;1863:104;1864:104
99.8666,1788882964.9214,6,1177.61,426.87,1604.48,105.9,2456.5,60797.0,0.0,155.374,0.550,306.702,1838:12;1861:104;1862:104;1863:104;1864:104
99.9704,1788882965.0252,6,1210.61,426.87,1637.48,96.2,2451.7,60801.8,0.0,155.374,0.550,306.702,1838:12;1861:104;1862:104;1863:104;1864:104
100.0744,1788882965.1292,6,1235.62,426.87,1662.49,105.9,2451.8,60801.7,0.0,155.374,0.550,306.702,1838:12;1861:104;1862:104;1863:104;1864:104
100.1783,1788882965.2331,6,1175.14,426.87,1602.02,105.8,2451.8,60801.7,0.0,155.374,0.550,306.702,1838:12;1861:104;1862:104;1863:104;1864:104
100.2822,1788882965.3370,6,1183.11,426.87,1609.98,86.7,2451.8,60801.7,0.0,155.374,0.550,306.702,1838:12;1861:104;1862:104;1863:104;1864:104
100.3860,1788882965.4408,6,1193.59,426.87,1620.46,115.5,2451.8,60801.7,0.0,155.374,0.550,306.702,1838:12;1861:104;1862:104;1863:104;1864:104
100.4899,1788882965.5447,6,1194.38,426.87,1621.25,106.0,2451.8,60801.7,0.0,155.374,0.550,306.702,1838:12;1861:104;1862:104;1863:104;1864:104
100.5936,1788882965.6484,6,1212.36,426.87,1639.23,86.7,2451.8,60801.7,0.0,155.374,0.550,306.702,1838:12;1861:104;1862:104;1863:104;1864:104
100.6975,1788882965.7523,6,1213.13,426.88,1640.01,115.6,2451.8,60801.7,0.0,155.374,0.550,306.702,1838:12;1861:104;1862:104;1863:104;1864:104
100.8013,1788882965.8561,6,1213.84,426.88,1640.72,96.4,2451.8,60801.7,0.0,155.374,0.550,306.702,1838:12;1861:104;1862:104;1863:104;1864:104
100.9050,1788882965.9598,6,1214.50,426.88,1641.38,96.4,2451.8,60801.7,0.0,155.374,0.550,306.702,1838:12;1861:104;1862:104;1863:104;1864:104
101.0087,1788882966.0635,6,1217.55,426.88,1644.43,106.1,2447.3,60806.2,0.0,155.374,0.550,306.702,1838:12;1861:104;1862:104;1863:104;1864:104
101.1125,1788882966.1673,6,1218.97,426.88,1645.84,96.4,2447.3,60806.2,0.0,155.374,0.550,306.702,1838:12;1861:104;1862:104;1863:104;1864:104
101.2162,1788882966.2710,6,1220.39,426.88,1647.27,106.0,2447.3,60806.2,0.0,155.374,0.550,306.702,1838:12;1861:104;1862:104;1863:104;1864:104
101.3199,1788882966.3747,6,1221.80,426.88,1648.68,106.1,2447.3,60806.2,0.0,155.374,0.550,306.702,1838:12;1861:104;1862:104;1863:104;1864:104
101.4235,1788882966.4783,6,1223.36,426.88,1650.23,96.5,2447.3,60806.2,0.0,155.374,0.550,306.702,1838:12;1861:104;1862:104;1863:104;1864:104
101.5272,1788882966.5820,6,1317.29,426.88,1744.17,96.3,2506.1,60747.4,0.0,155.374,0.550,306.702,1838:12;1861:104;1862:104;1863:104;1864:104
101.6309,1788882966.6858,6,1324.16,426.88,1751.04,115.9,2511.2,60742.3,0.0,155.374,0.550,306.702,1838:12;1861:104;1862:104;1863:104;1864:104
101.7345,1788882966.7893,6,1329.82,426.88,1756.70,96.7,2516.1,60737.3,0.0,155.374,0.550,306.702,1838:12;1861:104;1862:104;1863:104;1864:104
101.8379,1788882966.8927,6,1370.90,426.88,1797.78,105.9,2533.7,60719.8,0.0,155.374,0.550,306.702,1838:12;1861:104;1862:104;1863:104;1864:104
101.9418,1788882966.9966,6,1380.92,426.88,1807.80,96.4,2541.6,60711.9,0.0,155.374,0.550,306.702,1838:12;1861:104;1862:104;1863:104;1864:104
102.0455,1788882967.1003,6,1276.96,426.88,1703.84,105.8,2482.8,60770.6,0.0,155.374,0.550,306.702,1838:12;1861:104;1862:104;1863:104;1864:104
102.1495,1788882967.2043,6,1276.96,426.88,1703.84,96.2,2482.8,60770.6,0.0,155.374,0.550,306.702,1838:12;1861:104;1862:104;1863:104;1864:104
102.2534,1788882967.3083,6,1276.96,426.88,1703.84,105.8,2482.8,60770.6,0.0,155.374,0.550,306.702,1838:12;1861:104;1862:104;1863:104;1864:104
102.3574,1788882967.4122,6,1276.97,426.88,1703.85,96.3,2482.8,60770.6,0.0,155.374,0.550,306.702,1838:12;1861:104;1862:104;1863:104;1864:104
102.4612,1788882967.5160,6,1276.97,426.88,1703.85,106.0,2482.8,60770.6,0.0,155.374,0.550,306.702,1838:12;1861:104;1862:104;1863:104;1864:104
102.5650,1788882967.6198,6,1308.97,426.88,1735.85,96.3,2482.8,60770.6,0.0,155.374,0.550,306.702,1838:12;1861:104;1862:104;1863:104;1864:104
102.6689,1788882967.7237,6,1308.97,426.88,1735.85,96.2,2482.8,60770.6,0.0,155.374,0.550,306.702,1838:12;1861:104;1862:104;1863:104;1864:104
102.7728,1788882967.8276,6,1308.97,426.88,1735.85,106.0,2482.8,60770.6,0.0,155.374,0.550,306.702,1838:12;1861:104;1862:104;1863:104;1864:104
102.8766,1788882967.9315,6,1372.98,426.88,1799.86,105.8,2529.8,60723.7,0.0,155.374,0.550,306.702,1838:12;1861:104;1862:104;1863:104;1864:104
102.9806,1788882968.0354,6,1340.97,426.88,1767.85,96.3,2529.8,60723.7,0.0,155.374,0.550,306.702,1838:12;1861:104;1862:104;1863:104;1864:104
103.0845,1788882968.1393,6,1340.97,426.88,1767.85,96.3,2529.8,60723.7,0.0,155.374,0.550,306.702,1838:12;1861:104;1862:104;1863:104;1864:104
103.1884,1788882968.2432,6,1340.98,426.88,1767.86,105.9,2529.8,60723.7,0.0,155.374,0.550,306.702,1838:12;1861:104;1862:104;1863:104;1864:104
103.2922,1788882968.3470,6,1343.77,426.88,1770.65,96.3,2529.8,60723.7,0.0,155.374,0.550,306.702,1838:12;1861:104;1862:104;1863:104;1864:104
103.3961,1788882968.4509,6,1348.82,426.88,1775.70,105.9,2529.8,60723.7,0.0,155.374,0.550,306.702,1838:12;1861:104;1862:104;1863:104;1864:104
103.5000,1788882968.5548,6,1353.73,426.88,1780.61,105.9,2529.8,60723.7,0.0,155.374,0.550,306.702,1838:12;1861:104;1862:104;1863:104;1864:104
103.6038,1788882968.6587,6,1481.77,426.88,1908.65,105.8,2647.4,60606.1,0.0,155.374,0.550,306.702,1838:12;1861:104;1862:104;1863:104;1864:104
103.7078,1788882968.7626,6,1421.93,426.88,1848.80,96.3,2645.2,60608.3,0.0,155.374,0.550,306.702,1838:12;1861:104;1862:104;1863:104;1864:104
103.8117,1788882968.8665,6,1426.81,426.88,1853.69,96.3,2645.2,60608.3,0.0,155.374,0.550,306.702,1838:12;1861:104;1862:104;1863:104;1864:104
103.9155,1788882968.9703,6,1432.07,426.88,1858.95,96.4,2645.2,60608.3,0.0,155.374,0.550,306.702,1838:12;1861:104;1862:104;1863:104;1864:104
104.0193,1788882969.0741,6,1466.91,426.88,1893.79,106.0,2645.5,60608.0,0.0,155.374,0.550,306.702,1838:12;1861:104;1862:104;1863:104;1864:104
104.1230,1788882969.1778,6,1473.64,426.88,1900.52,96.4,2645.5,60608.0,0.0,155.374,0.550,306.702,1838:12;1861:104;1862:104;1863:104;1864:104
104.2268,1788882969.2816,6,1480.58,426.88,1907.46,106.0,2645.5,60608.0,0.0,155.374,0.550,306.702,1838:12;1861:104;1862:104;1863:104;1864:104
104.3306,1788882969.3854,6,1487.22,426.88,1914.10,96.4,2653.0,60600.5,0.0,155.374,0.550,306.702,1838:12;1861:104;1862:104;1863:104;1864:104
104.4344,1788882969.4892,6,1493.77,426.88,1920.65,96.3,2660.9,60592.6,0.0,155.374,0.550,306.702,1838:12;1861:104;1862:104;1863:104;1864:104
104.5382,1788882969.5930,6,1500.57,426.88,1927.45,106.0,2668.8,60584.7,0.0,155.374,0.550,306.702,1838:12;1861:104;1862:104;1863:104;1864:104
104.6419,1788882969.6967,6,1506.79,426.88,1933.67,105.9,2676.6,60576.8,0.0,155.374,0.550,306.702,1838:12;1861:104;1862:104;1863:104;1864:104
104.7457,1788882969.8006,6,1513.50,426.88,1940.39,96.3,2676.4,60577.1,0.0,155.374,0.550,306.702,1838:12;1861:104;1862:104;1863:104;1864:104
104.8496,1788882969.9044,6,1519.88,426.88,1946.76,96.3,2684.3,60569.2,0.0,155.374,0.550,306.702,1838:12;1861:104;1862:104;1863:104;1864:104
104.9535,1788882970.0083,6,1522.65,426.88,1949.54,105.8,2684.6,60568.9,0.0,155.374,0.550,306.702,1838:12;1861:104;1862:104;1863:104;1864:104
105.0574,1788882970.1122,6,1522.65,426.88,1949.54,96.3,2684.6,60568.9,0.0,155.374,0.550,306.702,1838:12;1861:104;1862:104;1863:104;1864:104
105.1612,1788882970.2160,6,1522.66,426.88,1949.54,96.2,2684.6,60568.9,0.0,155.374,0.550,306.702,1838:12;1861:104;1862:104;1863:104;1864:104
105.2652,1788882970.3200,6,1522.66,426.88,1949.54,115.4,2684.6,60568.9,0.0,155.374,0.550,306.702,1838:12;1861:104;1862:104;1863:104;1864:104
105.3692,1788882970.4240,6,1522.66,426.88,1949.54,96.2,2684.6,60568.9,0.0,155.374,0.550,306.702,1838:12;1861:104;1862:104;1863:104;1864:104
105.4731,1788882970.5279,6,1522.66,426.88,1949.54,105.8,2684.6,60568.9,0.0,155.374,0.550,306.702,1838:12;1861:104;1862:104;1863:104;1864:104
105.5771,1788882970.6319,6,1522.66,426.88,1949.54,96.2,2684.6,60568.9,0.0,155.374,0.550,306.702,1838:12;1861:104;1862:104;1863:104;1864:104
105.6810,1788882970.7358,6,1522.66,426.88,1949.54,96.2,2682.8,60570.7,0.0,155.374,0.550,306.702,1838:12;1861:104;1862:104;1863:104;1864:104
105.7850,1788882970.8398,6,1522.66,426.88,1949.54,115.4,2682.8,60570.7,0.0,155.374,0.550,306.702,1838:12;1861:104;1862:104;1863:104;1864:104
105.8889,1788882970.9437,6,1522.66,426.88,1949.54,96.2,2682.8,60570.7,0.0,155.374,0.550,306.702,1838:12;1861:104;1862:104;1863:104;1864:104
105.9929,1788882971.0477,6,1522.66,426.88,1949.54,105.8,2682.8,60570.7,0.0,155.374,0.550,306.702,1838:12;1861:104;1862:104;1863:104;1864:104
106.0968,1788882971.1516,6,1522.66,426.88,1949.54,96.2,2682.8,60570.7,0.0,155.374,0.550,306.702,1838:12;1861:104;1862:104;1863:104;1864:104
106.2008,1788882971.2556,6,1522.66,426.88,1949.54,96.3,2682.8,60570.7,0.0,155.374,0.550,306.702,1838:12;1861:104;1862:104;1863:104;1864:104
106.3047,1788882971.3595,6,1522.66,426.88,1949.54,105.9,2682.8,60570.7,0.0,155.374,0.550,306.702,1838:12;1861:104;1862:104;1863:104;1864:104
106.4085,1788882971.4633,6,1522.66,426.88,1949.54,96.3,2682.8,60570.7,0.0,155.374,0.550,306.702,1838:12;1861:104;1862:104;1863:104;1864:104
106.5124,1788882971.5672,6,1522.66,426.88,1949.54,106.0,2682.8,60570.7,0.0,155.374,0.550,306.702,1838:12;1861:104;1862:104;1863:104;1864:104
106.6163,1788882971.6711,6,1522.66,426.88,1949.54,96.3,2682.8,60570.7,0.0,155.374,0.550,306.702,1838:12;1861:104;1862:104;1863:104;1864:104
106.7200,1788882971.7749,6,1522.66,426.89,1949.55,96.4,2682.8,60570.7,0.0,155.374,0.550,306.702,1838:12;1861:104;1862:104;1863:104;1864:104
106.8238,1788882971.8786,6,1522.66,426.89,1949.55,106.0,2682.8,60570.7,0.0,155.374,0.550,306.702,1838:12;1861:104;1862:104;1863:104;1864:104
106.9276,1788882971.9824,6,1579.76,426.89,2006.65,96.4,2745.5,60508.0,0.0,155.374,0.550,306.702,1838:12;1861:104;1862:104;1863:104;1864:104
107.0314,1788882972.0862,6,1782.14,426.89,2209.03,96.3,2949.2,60304.2,0.0,155.374,0.550,306.702,1838:12;1861:104;1862:104;1863:104;1864:104
107.1352,1788882972.1900,6,1782.15,426.89,2209.04,105.8,2949.2,60304.2,0.0,155.374,0.550,306.702,1838:12;1861:104;1862:104;1863:104;1864:104
107.2392,1788882972.2940,6,1658.23,426.89,2085.12,105.9,2949.2,60304.2,0.0,155.374,0.550,306.702,1838:12;1861:104;1862:104;1863:104;1864:104
107.3431,1788882972.3979,6,1659.79,426.89,2086.67,96.2,2949.2,60304.2,0.0,155.374,0.550,306.702,1838:12;1861:104;1862:104;1863:104;1864:104
107.4470,1788882972.5018,6,1659.79,426.89,2086.67,105.9,2949.2,60304.2,0.0,155.374,0.550,306.702,1838:12;1861:104;1862:104;1863:104;1864:104
107.5509,1788882972.6058,6,1655.85,426.89,2082.73,96.2,2949.2,60304.2,0.0,155.374,0.550,306.702,1838:12;1861:104;1862:104;1863:104;1864:104
107.6549,1788882972.7097,6,1399.84,426.89,1826.73,96.3,2932.1,60321.3,0.0,155.374,0.550,306.702,1838:12;1861:104;1862:104;1863:104;1864:104
107.7587,1788882972.8136,6,1399.84,426.89,1826.73,106.3,2932.1,60321.3,0.0,155.374,0.550,306.702,1838:12;1861:104;1862:104;1863:104;1864:104
107.8623,1788882972.9171,6,1399.84,426.89,1826.73,96.7,2932.1,60321.3,0.0,155.374,0.550,306.702,1838:12;1861:104;1862:104;1863:104;1864:104
107.9657,1788882973.0205,6,1399.84,426.89,1826.73,106.5,2924.4,60329.1,0.0,155.374,0.550,306.702,1838:12;1861:104;1862:104;1863:104;1864:104
108.0690,1788882973.1238,6,1398.87,426.89,1825.76,96.8,2922.4,60331.1,0.0,155.374,0.550,306.702,1838:12;1861:104;1862:104;1863:104;1864:104
108.1722,1788882973.2270,6,1398.87,426.89,1825.76,96.8,2922.4,60331.1,0.0,155.374,0.550,306.702,1838:12;1861:104;1862:104;1863:104;1864:104
108.2755,1788882973.3303,6,1398.89,426.89,1825.78,106.5,2922.4,60331.1,0.0,155.374,0.550,306.702,1838:12;1861:104;1862:104;1863:104;1864:104
108.3788,1788882973.4336,6,1398.90,426.89,1825.79,106.5,2922.4,60331.1,0.0,155.374,0.550,306.702,1838:12;1861:104;1862:104;1863:104;1864:104
108.4820,1788882973.5369,6,1398.90,426.89,1825.79,106.6,2922.4,60331.1,0.0,155.374,0.550,306.702,1838:12;1861:104;1862:104;1863:104;1864:104
108.5853,1788882973.6401,6,1398.90,426.89,1825.79,106.5,2922.4,60331.1,0.0,155.374,0.550,306.702,1838:12;1861:104;1862:104;1863:104;1864:104
108.6886,1788882973.7434,6,1398.90,426.89,1825.79,96.8,2922.4,60331.1,0.0,155.374,0.550,306.702,1838:12;1861:104;1862:104;1863:104;1864:104
108.7918,1788882973.8466,6,1398.90,426.89,1825.79,96.9,2922.4,60331.1,0.0,155.374,0.550,306.702,1838:12;1861:104;1862:104;1863:104;1864:104
108.8951,1788882973.9499,6,1398.90,426.89,1825.79,106.5,2922.4,60331.1,0.0,155.374,0.550,306.702,1838:12;1861:104;1862:104;1863:104;1864:104
108.9984,1788882974.0532,6,1398.90,426.89,1825.79,96.8,2914.5,60339.0,0.0,155.374,0.550,306.702,1838:12;1861:104;1862:104;1863:104;1864:104
109.1016,1788882974.1564,6,1398.90,426.89,1825.79,96.8,2914.5,60339.0,0.0,155.374,0.550,306.702,1838:12;1861:104;1862:104;1863:104;1864:104
109.2048,1788882974.2596,6,1398.91,426.89,1825.80,106.5,2914.5,60339.0,0.0,155.374,0.550,306.702,1838:12;1861:104;1862:104;1863:104;1864:104
109.3081,1788882974.3629,6,1398.91,426.89,1825.80,96.8,2914.5,60339.0,0.0,155.374,0.550,306.702,1838:12;1861:104;1862:104;1863:104;1864:104
109.4114,1788882974.4662,6,1398.91,426.89,1825.80,96.8,2914.5,60339.0,0.0,155.374,0.550,306.702,1838:12;1861:104;1862:104;1863:104;1864:104
109.5147,1788882974.5695,6,1398.91,426.89,1825.80,106.6,2914.5,60339.0,0.0,155.374,0.550,306.702,1838:12;1861:104;1862:104;1863:104;1864:104
109.6179,1788882974.6727,6,1398.91,426.89,1825.80,96.8,2914.5,60339.0,0.0,155.374,0.550,306.702,1838:12;1861:104;1862:104;1863:104;1864:104
109.7212,1788882974.7760,6,1398.91,426.89,1825.80,96.8,2913.0,60340.5,0.0,155.374,0.550,306.702,1838:12;1861:104;1862:104;1863:104;1864:104
109.8244,1788882974.8792,6,1398.91,426.89,1825.80,106.5,2913.0,60340.5,0.0,155.374,0.550,306.702,1838:12;1861:104;1862:104;1863:104;1864:104
109.9277,1788882974.9825,6,1398.91,426.89,1825.80,96.9,2913.0,60340.5,0.0,155.374,0.550,306.702,1838:12;1861:104;1862:104;1863:104;1864:104
110.0309,1788882975.0857,6,1398.91,426.89,1825.80,96.9,2904.9,60348.6,0.0,155.374,0.550,306.702,1838:12;1861:104;1862:104;1863:104;1864:104
110.1342,1788882975.1890,6,1398.91,426.89,1825.80,106.5,2904.9,60348.6,0.0,155.374,0.550,306.702,1838:12;1861:104;1862:104;1863:104;1864:104
110.2374,1788882975.2922,6,1398.91,426.89,1825.80,96.8,2904.9,60348.6,0.0,155.374,0.550,306.702,1838:12;1861:104;1862:104;1863:104;1864:104
110.3407,1788882975.3955,6,1398.91,426.89,1825.80,96.9,2904.9,60348.6,0.0,155.374,0.550,306.702,1838:12;1861:104;1862:104;1863:104;1864:104
110.4440,1788882975.4988,6,1398.91,426.89,1825.80,106.5,2904.9,60348.6,0.0,155.374,0.550,306.702,1838:12;1861:104;1862:104;1863:104;1864:104
110.5472,1788882975.6020,6,1398.91,426.89,1825.80,96.8,2904.9,60348.6,0.0,155.374,0.550,306.702,1838:12;1861:104;1862:104;1863:104;1864:104
110.6505,1788882975.7053,6,1398.91,426.89,1825.80,96.8,2904.9,60348.6,0.0,155.374,0.550,306.702,1838:12;1861:104;1862:104;1863:104;1864:104
110.7537,1788882975.8085,6,1398.91,426.89,1825.80,106.5,2904.9,60348.6,0.0,155.374,0.550,306.702,1838:12;1861:104;1862:104;1863:104;1864:104
110.8570,1788882975.9118,6,1398.91,426.89,1825.80,96.8,2904.9,60348.6,0.0,155.374,0.550,306.702,1838:12;1861:104;1862:104;1863:104;1864:104
110.9603,1788882976.0151,6,1398.91,426.89,1825.80,96.9,2897.2,60356.2,0.0,155.374,0.550,306.702,1838:12;1861:104;1862:104;1863:104;1864:104
111.0635,1788882976.1183,6,1398.91,426.89,1825.80,106.5,2897.2,60356.2,0.0,155.374,0.550,306.702,1838:12;1861:104;1862:104;1863:104;1864:104
111.1668,1788882976.2216,6,1400.84,426.89,1827.73,96.8,2897.2,60356.2,0.0,155.374,0.550,306.702,1838:12;1861:104;1862:104;1863:104;1864:104
111.2700,1788882976.3248,6,1408.24,426.89,1835.14,96.9,2897.2,60356.2,0.0,155.374,0.550,306.702,1838:12;1861:104;1862:104;1863:104;1864:104
111.3733,1788882976.4281,6,1411.51,426.89,1838.40,96.8,2897.2,60356.2,0.0,155.374,0.550,306.702,1838:12;1861:104;1862:104;1863:104;1864:104
111.4766,1788882976.5314,6,1414.66,426.89,1841.55,106.5,2897.2,60356.2,0.0,155.374,0.550,306.702,1838:12;1861:104;1862:104;1863:104;1864:104
111.5798,1788882976.6346,6,1418.40,426.89,1845.29,96.9,2897.2,60356.2,0.0,155.374,0.550,306.702,1838:12;1861:104;1862:104;1863:104;1864:104
111.6831,1788882976.7379,6,1424.18,426.90,1851.08,96.9,2895.9,60357.5,0.0,155.374,0.550,306.702,1838:12;1861:104;1862:104;1863:104;1864:104
111.7863,1788882976.8411,6,1430.36,426.90,1857.25,96.9,2895.8,60357.7,0.0,155.374,0.550,306.702,1838:12;1861:104;1862:104;1863:104;1864:104
111.8895,1788882976.9443,6,1436.00,426.90,1862.89,106.5,2899.3,60354.1,0.0,155.374,0.550,306.702,1838:12;1861:104;1862:104;1863:104;1864:104
111.9928,1788882977.0476,6,1440.64,426.90,1867.54,96.8,2904.1,60349.4,0.0,155.374,0.550,306.702,1838:12;1861:104;1862:104;1863:104;1864:104
112.0960,1788882977.1509,6,1446.73,426.90,1873.63,106.6,2910.0,60343.5,0.0,155.374,0.550,306.702,1838:12;1861:104;1862:104;1863:104;1864:104
112.1993,1788882977.2541,6,1452.94,426.90,1879.84,96.9,2917.9,60335.6,0.0,155.374,0.550,306.702,1838:12;1861:104;1862:104;1863:104;1864:104
112.3026,1788882977.3574,6,1459.09,426.90,1885.99,96.8,2917.9,60335.6,0.0,155.374,0.550,306.702,1838:12;1861:104;1862:104;1863:104;1864:104
112.4058,1788882977.4606,6,1462.87,426.90,1889.77,106.5,2917.9,60335.6,0.0,155.374,0.550,306.702,1838:12;1861:104;1862:104;1863:104;1864:104
112.5091,1788882977.5639,6,1466.92,426.90,1893.82,106.5,2925.8,60327.7,0.0,155.374,0.550,306.702,1838:12;1861:104;1862:104;1863:104;1864:104
112.6124,1788882977.6672,6,1472.45,426.90,1899.35,96.8,2933.7,60319.8,0.0,155.374,0.550,306.702,1838:12;1861:104;1862:104;1863:104;1864:104
112.7156,1788882977.7704,6,1477.70,426.90,1904.59,106.5,2933.7,60319.8,0.0,155.374,0.550,306.702,1838:12;1861:104;1862:104;1863:104;1864:104
112.8189,1788882977.8737,6,1483.80,426.90,1910.70,96.8,2941.6,60311.9,0.0,155.374,0.550,306.702,1838:12;1861:104;1862:104;1863:104;1864:104
112.9222,1788882977.9770,6,1488.52,426.90,1915.42,96.8,2949.5,60304.0,0.0,155.374,0.550,306.702,1838:12;1861:104;1862:104;1863:104;1864:104
113.0255,1788882978.0803,6,1494.61,426.90,1921.50,96.8,2950.5,60303.0,0.0,155.374,0.550,306.702,1838:12;1861:104;1862:104;1863:104;1864:104
113.1287,1788882978.1835,6,1499.25,426.90,1926.15,106.5,2956.4,60297.1,0.0,155.374,0.550,306.702,1838:12;1861:104;1862:104;1863:104;1864:104
113.2320,1788882978.2868,6,1505.36,426.90,1932.25,106.6,2964.3,60289.2,0.0,155.374,0.550,306.702,1838:12;1861:104;1862:104;1863:104;1864:104
113.3352,1788882978.3900,6,1511.52,426.90,1938.41,96.8,2972.2,60281.3,0.0,155.374,0.550,306.702,1838:12;1861:104;1862:104;1863:104;1864:104
113.4385,1788882978.4933,6,1516.78,426.90,1943.68,96.8,2972.2,60281.3,0.0,155.374,0.550,306.702,1838:12;1861:104;1862:104;1863:104;1864:104
113.5418,1788882978.5966,6,1520.35,426.90,1947.25,96.8,2980.1,60273.4,0.0,155.374,0.550,306.702,1838:12;1861:104;1862:104;1863:104;1864:104
113.6451,1788882978.6999,6,1523.87,426.90,1950.77,96.9,2980.1,60273.4,0.0,155.374,0.550,306.702,1838:12;1861:104;1862:104;1863:104;1864:104
113.7483,1788882978.8031,6,1527.65,426.90,1954.55,106.5,2986.8,60266.7,0.0,155.374,0.550,306.702,1838:12;1861:104;1862:104;1863:104;1864:104
113.8516,1788882978.9064,6,1533.70,426.90,1960.59,96.8,2994.7,60258.8,0.0,155.374,0.550,306.702,1838:12;1861:104;1862:104;1863:104;1864:104
113.9548,1788882979.0096,6,1539.78,426.90,1966.68,106.6,2994.7,60258.8,0.0,155.374,0.550,306.702,1838:12;1861:104;1862:104;1863:104;1864:104
114.0580,1788882979.1128,6,1545.14,426.90,1972.04,96.9,2994.4,60259.0,0.0,155.374,0.550,306.702,1838:12;1861:104;1862:104;1863:104;1864:104
114.1613,1788882979.2161,6,1549.75,426.90,1976.65,96.8,3002.3,60251.1,0.0,155.374,0.550,306.702,1838:12;1861:104;1862:104;1863:104;1864:104
114.2646,1788882979.3194,6,1555.96,426.90,1982.86,106.5,3002.3,60251.1,0.0,155.374,0.550,306.702,1838:12;1861:104;1862:104;1863:104;1864:104
114.3678,1788882979.4226,6,1560.85,426.90,1987.75,96.9,3010.2,60243.3,0.0,155.374,0.550,306.702,1838:12;1861:104;1862:104;1863:104;1864:104
114.4711,1788882979.5259,6,1566.98,426.90,1993.88,96.8,3018.1,60235.4,0.0,155.374,0.550,306.702,1838:12;1861:104;1862:104;1863:104;1864:104
114.5744,1788882979.6292,6,1573.15,426.90,2000.05,96.8,3026.0,60227.5,0.0,155.374,0.550,306.702,1838:12;1861:104;1862:104;1863:104;1864:104
114.6776,1788882979.7324,6,1576.68,426.90,2003.57,106.5,3026.0,60227.5,0.0,155.374,0.550,306.702,1838:12;1861:104;1862:104;1863:104;1864:104
114.7809,1788882979.8357,6,1583.85,426.90,2010.75,106.5,3033.5,60220.0,0.0,155.374,0.550,306.702,1838:12;1861:104;1862:104;1863:104;1864:104
114.8841,1788882979.9390,6,1591.40,426.90,2018.30,96.9,3041.4,60212.1,0.0,155.374,0.550,306.702,1838:12;1861:104;1862:104;1863:104;1864:104
114.9874,1788882980.0422,6,1598.91,426.90,2025.81,96.8,3049.4,60204.0,0.0,155.374,0.550,306.702,1838:12;1861:104;1862:104;1863:104;1864:104
115.0906,1788882980.1454,6,1606.45,426.90,2033.35,106.6,3056.2,60197.3,0.0,155.374,0.550,306.702,1838:12;1861:104;1862:104;1863:104;1864:104
115.1938,1788882980.2486,6,1614.00,426.90,2040.90,96.8,3064.0,60189.4,0.0,155.374,0.550,306.702,1838:12;1861:104;1862:104;1863:104;1864:104
115.2971,1788882980.3519,6,1621.54,426.90,2048.43,96.8,3071.9,60181.5,0.0,155.374,0.550,306.702,1838:12;1861:104;1862:104;1863:104;1864:104
115.4004,1788882980.4552,6,1629.07,426.90,2055.97,96.8,3079.8,60173.6,0.0,155.374,0.550,306.702,1838:12;1861:104;1862:104;1863:104;1864:104
115.5036,1788882980.5584,6,1636.62,426.90,2063.52,106.5,3087.7,60165.8,0.0,155.374,0.550,306.702,1838:12;1861:104;1862:104;1863:104;1864:104
115.6069,1788882980.6617,6,1644.18,426.90,2071.08,96.9,3087.7,60165.7,0.0,155.374,0.550,306.702,1838:12;1861:104;1862:104;1863:104;1864:104
115.7102,1788882980.7650,6,1654.18,426.90,2081.08,116.2,3094.6,60158.9,0.0,155.374,0.550,306.702,1838:12;1861:104;1862:104;1863:104;1864:104
115.8135,1788882980.8683,6,1682.43,426.90,2109.33,96.6,3125.8,60127.7,0.0,155.374,0.550,306.702,1838:12;1861:104;1862:104;1863:104;1864:104
115.9170,1788882980.9718,6,1681.22,426.90,2108.12,96.6,3125.8,60127.7,0.0,155.374,0.550,306.702,1838:12;1861:104;1862:104;1863:104;1864:104
116.0206,1788882981.0754,6,1702.59,426.90,2129.48,96.3,3157.1,60096.4,0.0,155.374,0.550,306.702,1838:12;1861:104;1862:104;1863:104;1864:104
116.1244,1788882981.1792,6,1709.75,426.90,2136.64,115.6,3157.1,60096.4,0.0,155.374,0.550,306.702,1838:12;1861:104;1862:104;1863:104;1864:104
116.2283,1788882981.2831,6,1715.43,426.90,2142.33,96.2,3157.1,60096.4,0.0,155.374,0.550,306.702,1838:12;1861:104;1862:104;1863:104;1864:104
116.3322,1788882981.3870,6,1683.87,426.90,2110.77,96.3,3157.1,60096.4,0.0,155.374,0.550,306.702,1838:12;1861:104;1862:104;1863:104;1864:104
116.4360,1788882981.4908,6,1686.93,426.90,2113.82,96.5,3157.1,60096.4,0.0,155.374,0.550,306.702,1838:12;1861:104;1862:104;1863:104;1864:104
116.5396,1788882981.5944,6,1687.93,426.90,2114.83,96.6,3157.1,60096.4,0.0,155.374,0.550,306.702,1838:12;1861:104;1862:104;1863:104;1864:104
116.6431,1788882981.6979,6,1688.00,426.90,2114.90,106.4,3157.1,60096.4,0.0,155.374,0.550,306.702,1838:12;1861:104;1862:104;1863:104;1864:104
116.7465,1788882981.8013,6,1688.42,426.90,2115.32,116.2,3157.1,60096.4,0.0,155.374,0.550,306.702,1838:12;1861:104;1862:104;1863:104;1864:104
116.8498,1788882981.9046,6,1693.78,426.90,2120.68,96.8,3157.1,60096.4,0.0,155.374,0.550,306.702,1838:12;1861:104;1862:104;1863:104;1864:104
116.9530,1788882982.0078,6,1699.14,426.90,2126.04,106.6,3157.1,60096.4,0.0,155.374,0.550,306.702,1838:12;1861:104;1862:104;1863:104;1864:104
117.0563,1788882982.1111,6,1701.80,426.90,2128.70,106.5,3157.1,60096.4,0.0,155.374,0.550,306.702,1838:12;1861:104;1862:104;1863:104;1864:104
117.1596,1788882982.2144,6,1705.95,426.90,2132.85,96.8,3157.1,60096.4,0.0,155.374,0.550,306.702,1838:12;1861:104;1862:104;1863:104;1864:104
117.2628,1788882982.3176,6,1710.72,426.90,2137.62,96.9,3157.1,60096.4,0.0,155.374,0.550,306.702,1838:12;1861:104;1862:104;1863:104;1864:104
117.3661,1788882982.4209,6,1715.66,426.90,2142.56,106.6,3157.1,60096.4,0.0,155.374,0.550,306.702,1838:12;1861:104;1862:104;1863:104;1864:104
117.4694,1788882982.5242,6,1720.60,426.90,2147.50,96.8,3158.7,60094.8,0.0,155.374,0.550,306.702,1838:12;1861:104;1862:104;1863:104;1864:104
117.5726,1788882982.6274,6,1725.57,426.90,2152.47,106.6,3164.6,60088.9,0.0,155.374,0.550,306.702,1838:12;1861:104;1862:104;1863:104;1864:104
117.6758,1788882982.7307,6,1729.24,426.90,2156.14,96.8,3164.6,60088.8,0.0,155.374,0.550,306.702,1838:12;1861:104;1862:104;1863:104;1864:104
117.7791,1788882982.8339,6,1730.90,426.90,2157.80,106.6,3164.6,60088.8,0.0,155.374,0.550,306.702,1838:12;1861:104;1862:104;1863:104;1864:104
117.8824,1788882982.9372,6,1734.00,426.90,2160.90,96.9,3164.6,60088.8,0.0,155.374,0.550,306.702,1838:12;1861:104;1862:104;1863:104;1864:104
117.9856,1788882983.0404,6,1735.70,426.90,2162.59,96.9,3166.2,60087.3,0.0,155.374,0.550,306.702,1838:12;1861:104;1862:104;1863:104;1864:104
118.0888,1788882983.1436,6,1689.76,426.90,2116.66,106.0,3166.2,60087.2,0.0,155.374,0.550,306.702,1838:12;1861:104;1862:104;1863:104;1864:104
118.1927,1788882983.2475,6,1825.36,426.90,2252.26,96.3,3260.1,59993.3,0.0,155.374,0.550,306.702,1838:12;1861:104;1862:104;1863:104;1864:104
118.2965,1788882983.3513,6,1986.55,426.90,2413.45,96.3,3417.2,59836.3,0.0,155.374,0.550,306.702,1838:12;1861:104;1862:104;1863:104;1864:104
118.4004,1788882983.4552,6,2150.27,426.90,2577.17,105.9,3582.5,59671.0,0.0,155.374,0.550,306.702,1838:12;1861:104;1862:104;1863:104;1864:104
118.5042,1788882983.5590,6,2206.15,426.90,2633.05,105.9,3645.2,59608.3,0.0,155.374,0.550,306.702,1838:12;1861:104;1862:104;1863:104;1864:104
118.6081,1788882983.6629,6,2276.70,426.90,2703.60,105.8,3707.9,59545.6,0.0,155.374,0.550,306.702,1838:12;1861:104;1862:104;1863:104;1864:104
118.7120,1788882983.7668,6,2296.55,426.90,2723.45,105.8,3773.2,59480.3,0.0,155.374,0.550,306.702,1838:12;1861:104;1862:104;1863:104;1864:104
118.8160,1788882983.8708,6,2402.65,426.90,2829.55,86.6,3878.9,59374.6,0.0,155.374,0.550,306.702,1838:12;1861:104;1862:104;1863:104;1864:104
118.9199,1788882983.9747,6,2511.96,426.90,2938.86,105.9,3989.4,59264.1,0.0,155.374,0.550,306.702,1838:12;1861:104;1862:104;1863:104;1864:104
119.0238,1788882984.0786,6,2621.24,426.90,3048.14,96.2,4098.3,59155.2,0.0,155.374,0.550,306.702,1838:12;1861:104;1862:104;1863:104;1864:104
119.1277,1788882984.1825,6,2748.63,426.90,3175.53,105.9,4232.0,59021.5,0.0,155.374,0.550,306.702,1838:12;1861:104;1862:104;1863:104;1864:104
119.2316,1788882984.2864,6,2959.32,426.90,3386.22,105.9,4444.7,58808.8,0.0,155.374,0.550,306.702,1838:12;1861:104;1862:104;1863:104;1864:104
119.3354,1788882984.3902,6,3167.25,426.90,3594.15,96.4,4650.6,58602.9,0.0,155.374,0.550,306.702,1838:12;1861:104;1862:104;1863:104;1864:104
119.4392,1788882984.4940,6,3182.85,426.90,3609.75,202.5,4670.6,58582.9,0.0,155.374,0.550,306.702,1838:12;1861:104;1862:104;1863:104;1864:104
119.5428,1788882984.5977,6,3223.50,426.90,3650.39,317.9,4711.9,58541.5,0.0,155.374,0.550,306.702,1838:12;1861:104;1862:104;1863:104;1864:104
119.6467,1788882984.7015,6,2360.88,426.90,2787.77,163.6,4275.2,58978.2,0.0,155.374,0.550,306.702,1838:12;1861:104;1862:104;1863:104;1864:104
119.7506,1788882984.8054,6,2833.22,426.90,3260.12,345.7,4755.3,58498.1,0.0,155.374,0.550,306.702,1838:12;1861:104;1862:104;1863:104;1864:104
119.8548,1788882984.9096,6,2861.74,426.90,3288.64,192.2,4787.3,58466.2,0.0,155.374,0.550,306.702,1838:12;1861:104;1862:104;1863:104;1864:104
119.9588,1788882985.0136,6,2800.86,426.90,3227.75,105.8,4857.9,58395.6,0.0,155.374,0.550,306.702,1838:12;1861:104;1862:104;1863:104;1864:104
120.0627,1788882985.1175,6,2860.20,426.90,3287.09,96.3,4857.9,58395.6,0.0,155.374,0.550,306.702,1838:12;1861:104;1862:104;1863:104;1864:104
120.1666,1788882985.2214,6,2940.62,426.90,3367.52,96.3,4904.9,58348.6,0.0,155.374,0.550,306.702,1838:12;1861:104;1862:104;1863:104;1864:104
120.2704,1788882985.3252,6,3021.35,426.90,3448.25,106.0,4983.4,58270.1,0.0,155.374,0.550,306.702,1838:12;1861:104;1862:104;1863:104;1864:104
120.3742,1788882985.4290,6,3101.98,426.90,3528.88,106.0,5022.8,58230.6,0.0,155.374,0.550,306.702,1838:12;1861:104;1862:104;1863:104;1864:104
120.4779,1788882985.5328,6,3182.43,426.90,3609.33,96.4,5109.2,58144.2,0.0,155.374,0.550,306.702,1838:12;1861:104;1862:104;1863:104;1864:104
120.5817,1788882985.6365,6,3266.45,426.90,3693.34,106.1,5190.9,58062.6,0.0,155.374,0.550,306.702,1838:12;1861:104;1862:104;1863:104;1864:104
120.6854,1788882985.7402,6,3343.38,426.90,3770.28,96.3,5269.0,57984.5,0.0,155.374,0.550,306.702,1838:12;1861:104;1862:104;1863:104;1864:104
120.7892,1788882985.8440,6,3015.73,426.90,3442.63,106.0,5121.1,58132.4,0.0,155.374,0.550,306.702,1838:12;1861:104;1862:104;1863:104;1864:104
120.8929,1788882985.9477,6,3181.61,426.90,3608.50,96.3,5121.1,58132.4,0.0,155.374,0.550,306.702,1838:12;1861:104;1862:104;1863:104;1864:104
120.9967,1788882986.0516,6,3265.68,426.90,3692.58,96.4,5174.4,58079.1,0.0,155.374,0.550,306.702,1838:12;1861:104;1862:104;1863:104;1864:104
121.1005,1788882986.1553,6,3298.32,426.90,3725.22,106.0,5205.5,58047.9,0.0,155.374,0.550,306.702,1838:12;1861:104;1862:104;1863:104;1864:104
121.2043,1788882986.2591,6,3237.32,426.90,3664.21,96.3,5213.4,58040.1,0.0,155.374,0.550,306.702,1838:12;1861:104;1862:104;1863:104;1864:104
121.3082,1788882986.3630,6,3249.42,426.90,3676.32,105.8,5213.4,58040.1,0.0,155.374,0.550,306.702,1838:12;1861:104;1862:104;1863:104;1864:104
121.4121,1788882986.4669,6,3260.75,426.90,3687.65,96.3,5213.4,58040.1,0.0,155.374,0.550,306.702,1838:12;1861:104;1862:104;1863:104;1864:104
121.5160,1788882986.5708,6,3269.77,426.90,3696.67,105.9,5213.4,58040.1,0.0,155.374,0.550,306.702,1838:12;1861:104;1862:104;1863:104;1864:104
121.6198,1788882986.6747,6,3279.22,426.90,3706.12,96.3,5213.4,58040.1,0.0,155.374,0.550,306.702,1838:12;1861:104;1862:104;1863:104;1864:104
121.7237,1788882986.7785,6,3290.01,426.90,3716.91,96.3,5213.4,58040.1,0.0,155.374,0.550,306.702,1838:12;1861:104;1862:104;1863:104;1864:104
121.8276,1788882986.8824,6,3296.61,426.90,3723.51,96.3,5213.4,58040.1,0.0,155.374,0.550,306.702,1838:12;1861:104;1862:104;1863:104;1864:104
121.9314,1788882986.9862,6,3315.28,426.90,3742.18,105.9,5221.3,58032.2,0.0,155.374,0.550,306.702,1838:12;1861:104;1862:104;1863:104;1864:104
122.0353,1788882987.0901,6,3317.71,426.90,3744.61,96.3,5207.9,58045.6,0.0,155.374,0.550,306.702,1838:12;1861:104;1862:104;1863:104;1864:104
122.1391,1788882987.1939,6,3319.97,426.90,3746.87,105.9,5211.5,58042.0,0.0,155.374,0.550,306.702,1838:12;1861:104;1862:104;1863:104;1864:104
122.2429,1788882987.2977,6,3324.47,426.90,3751.37,105.9,5219.3,58034.1,0.0,155.374,0.550,306.702,1838:12;1861:104;1862:104;1863:104;1864:104
122.3468,1788882987.4016,6,3324.47,426.90,3751.37,96.4,5219.3,58034.1,0.0,155.374,0.550,306.702,1838:12;1861:104;1862:104;1863:104;1864:104
122.4506,1788882987.5054,6,3325.44,426.90,3752.34,96.4,5219.3,58034.1,0.0,155.374,0.550,306.702,1838:12;1861:104;1862:104;1863:104;1864:104
122.5544,1788882987.6092,6,3326.20,426.90,3753.10,106.0,5219.3,58034.1,0.0,155.374,0.550,306.702,1838:12;1861:104;1862:104;1863:104;1864:104
122.6582,1788882987.7130,6,3327.02,426.90,3753.91,105.6,5219.3,58034.1,0.0,155.374,0.550,306.702,1838:12;1861:104;1862:104;1863:104;1864:104
122.7624,1788882987.8172,6,3345.58,426.90,3772.48,96.2,5242.6,58010.9,0.0,155.374,0.550,306.702,1838:12;1861:104;1862:104;1863:104;1864:104
122.8664,1788882987.9212,6,3349.55,426.90,3776.45,105.8,5239.9,58013.6,0.0,155.374,0.550,306.702,1838:12;1861:104;1862:104;1863:104;1864:104
122.9703,1788882988.0251,6,3314.05,426.90,3740.95,96.3,5239.9,58013.6,0.0,155.374,0.550,306.702,1838:12;1861:104;1862:104;1863:104;1864:104
123.0740,1788882988.1288,6,3287.79,426.90,3714.68,106.0,5224.2,58029.3,0.0,155.374,0.550,306.702,1838:12;1861:104;1862:104;1863:104;1864:104
123.1778,1788882988.2326,6,3312.22,426.90,3739.12,96.3,5224.2,58029.3,0.0,155.374,0.550,306.702,1838:12;1861:104;1862:104;1863:104;1864:104
123.2816,1788882988.3364,6,3330.84,426.90,3757.74,96.3,5224.2,58029.3,0.0,155.374,0.550,306.702,1838:12;1861:104;1862:104;1863:104;1864:104
123.3854,1788882988.4403,6,3354.86,426.90,3781.76,96.3,5227.7,58025.8,0.0,155.374,0.550,306.702,1838:12;1861:104;1862:104;1863:104;1864:104
123.4892,1788882988.5440,6,3375.26,426.90,3802.16,106.0,5247.1,58006.4,0.0,155.374,0.550,306.702,1838:12;1861:104;1862:104;1863:104;1864:104
123.5929,1788882988.6478,6,3392.93,426.90,3819.83,96.3,5266.4,57987.1,0.0,155.374,0.550,306.702,1838:12;1861:104;1862:104;1863:104;1864:104
123.6968,1788882988.7516,6,3402.89,426.90,3829.79,106.0,5274.2,57979.2,0.0,155.374,0.550,306.702,1838:12;1861:104;1862:104;1863:104;1864:104
123.8006,1788882988.8554,6,3411.75,426.90,3838.65,96.3,5290.0,57963.4,0.0,155.374,0.550,306.702,1838:12;1861:104;1862:104;1863:104;1864:104
123.9044,1788882988.9592,6,3420.20,426.90,3847.09,105.9,5291.2,57962.3,0.0,155.374,0.550,306.702,1838:12;1861:104;1862:104;1863:104;1864:104
124.0083,1788882989.0631,6,3429.64,426.90,3856.54,96.3,5286.2,57967.3,0.0,155.374,0.550,306.702,1838:12;1861:104;1862:104;1863:104;1864:104
124.1121,1788882989.1669,6,3427.33,426.90,3854.23,96.3,5282.9,57970.5,0.0,155.374,0.550,306.702,1838:12;1861:104;1862:104;1863:104;1864:104
124.2159,1788882989.2707,6,3407.37,615.20,4022.57,442.3,5322.9,57930.5,0.0,155.374,0.550,306.702,1838:12;1861:151;1862:151;1863:151;1864:151
124.3199,1788882989.3747,6,3407.67,704.43,4112.09,411.0,5353.0,57900.4,0.0,155.374,0.550,306.706,1838:12;1861:173;1862:173;1863:173;1864:173
124.4246,1788882989.4794,6,3407.82,1713.70,5121.52,813.8,6287.3,56966.2,0.0,155.496,0.612,306.706,1838:12;1861:415;1862:412;1863:436;1864:438
124.5320,1788882989.5869,6,3407.77,1826.02,5233.79,872.9,6445.8,56807.6,0.0,156.191,0.706,306.706,1838:12;1861:446;1862:434;1863:469;1864:465
124.6369,1788882989.6917,6,3407.77,1987.37,5395.14,891.2,6604.5,56649.0,0.0,156.581,0.707,306.706,1838:12;1861:508;1862:435;1863:538;1864:494
124.7438,1788882989.7986,6,3407.77,2206.12,5613.89,1106.3,6839.4,56414.1,0.0,157.338,0.982,306.706,1838:12;1861:523;1862:461;1863:561;1864:649
124.8494,1788882989.9042,6,3407.77,2247.31,5655.08,1070.3,6931.3,56322.2,0.0,174.541,1.254,306.706,1838:12;1861:539;1862:482;1863:554;1864:659
124.9560,1788882990.0108,6,3407.77,2251.96,5659.73,688.3,6982.0,56271.4,0.0,184.940,1.433,306.706,1838:12;1861:549;1862:472;1863:575;1864:644
125.0605,1788882990.1153,6,3407.77,2295.45,5703.22,492.6,6998.7,56254.8,0.0,193.642,1.659,306.706,1838:12;1861:553;1862:486;1863:574;1864:671
125.1662,1788882990.2211,6,3407.77,2324.70,5732.48,976.2,7052.6,56200.8,0.0,211.223,1.844,306.706,1838:12;1861:571;1862:498;1863:581;1864:663
125.2727,1788882990.3276,6,3407.77,2375.57,5783.34,698.9,7084.6,56168.9,0.0,222.015,2.109,306.706,1838:12;1861:566;1862:510;1863:600;1864:688
125.3786,1788882990.4334,6,3407.77,2403.75,5811.53,755.5,7118.9,56134.6,0.0,239.346,2.302,306.706,1838:12;1861:592;1862:510;1863:610;1864:679
125.4842,1788882990.5390,6,3407.77,2433.32,5841.09,508.2,7151.1,56102.4,0.0,241.226,2.504,306.706,1838:12;1861:582;1862:534;1863:610;1864:695
125.5885,1788882990.6433,6,3407.77,2479.14,5886.91,931.4,7188.2,56065.3,0.0,261.180,2.712,306.706,1838:12;1861:599;1862:544;1863:626;1864:698
125.6950,1788882990.7498,6,3407.77,2503.78,5911.55,411.2,7224.9,56028.6,0.0,265.620,2.929,306.706,1838:12;1861:598;1862:542;1863:638;1864:713
125.7993,1788882990.8541,6,3407.77,2557.91,5965.68,732.4,7249.2,56004.2,0.0,289.367,3.116,306.706,1838:12;1861:620;1862:556;1863:642;1864:727
125.9061,1788882990.9609,6,3407.77,2542.76,5950.53,733.5,7303.7,55949.8,0.0,294.650,3.286,306.706,1838:12;1861:604;1862:564;1863:642;1864:720
126.0126,1788882991.0674,6,3407.77,2605.05,6012.82,461.7,7299.8,55953.7,0.0,301.537,3.519,306.706,1838:12;1861:618;1862:567;1863:667;1864:741
126.1184,1788882991.1732,6,3407.77,2630.09,6037.86,786.4,7324.0,55929.5,0.0,320.393,3.699,306.706,1838:12;1861:620;1862:591;1863:665;1864:741
126.2226,1788882991.2774,6,3407.78,2675.27,6083.05,778.7,7368.0,55885.5,0.0,333.711,3.999,306.706,1838:12;1861:634;1862:601;1863:678;1864:750
126.3300,1788882991.3849,6,3407.78,2734.12,6141.90,1014.8,7414.2,55839.3,0.0,360.290,4.238,306.706,1838:12;1861:648;1862:629;1863:696;1864:749
126.4378,1788882991.4926,6,3407.78,2779.40,6187.18,848.0,7452.5,55800.9,0.0,373.584,4.485,306.706,1838:12;1861:643;1862:635;1863:710;1864:780
126.5463,1788882991.6011,6,3407.78,2797.96,6205.75,929.1,7492.4,55761.0,0.0,391.738,4.719,306.706,1838:12;1861:669;1862:645;1863:709;1864:763
126.6528,1788882991.7076,6,3407.78,2831.60,6239.38,638.8,7527.1,55726.4,0.0,415.109,4.980,306.706,1838:12;1861:647;1862:654;1863:734;1864:784
126.7592,1788882991.8141,6,3407.78,2839.95,6247.73,1051.9,7550.3,55703.2,0.0,431.146,5.210,306.706,1838:12;1861:661;1862:676;1863:723;1864:767
126.8635,1788882991.9183,6,3407.78,2865.42,6273.20,757.4,7559.1,55694.4,0.0,447.185,5.438,306.706,1838:12;1861:655;1862:676;1863:739;1864:783
126.9679,1788882992.0227,6,3407.79,2942.61,6350.40,1080.8,7554.9,55698.6,0.0,477.540,5.611,306.706,1838:12;1861:656;1862:701;1863:758;1864:815
127.0749,1788882992.1297,6,3407.84,3271.51,6679.35,1356.8,7926.5,55327.0,0.0,493.405,5.799,306.706,1838:12;1861:680;1862:777;1863:764;1864:1038
127.1890,1788882992.2439,6,3407.98,3404.82,6812.81,1476.3,8102.3,55151.2,0.0,506.036,5.946,306.706,1838:12;1861:666;1862:943;1863:719;1864:1064
127.3080,1788882992.3629,6,3408.02,3429.07,6837.10,1426.8,8260.1,54993.4,0.0,515.432,6.149,306.706,1838:12;1861:786;1862:927;1863:734;1864:969
127.4367,1788882992.4915,6,3408.04,3752.67,7160.71,1569.1,8495.6,54757.8,0.0,520.287,6.362,306.706,1838:12;1861:897;1862:988;1863:836;1864:1020
127.5546,1788882992.6094,6,3408.05,3671.54,7079.59,1520.2,8804.2,54449.3,0.0,538.204,6.544,306.706,1838:12;1861:826;1862:947;1863:919;1864:968
127.6726,1788882992.7274,6,3408.05,3846.15,7254.20,1519.5,9041.3,54212.2,0.0,545.338,6.714,306.706,1838:12;1861:890;1862:976;1863:940;1864:1028
127.7845,1788882992.8393,6,3408.05,3891.93,7299.99,1491.1,9222.4,54031.0,0.0,558.936,6.944,306.706,1838:12;1861:954;1862:887;1863:910;1864:1128
127.8953,1788882992.9501,6,3408.05,3939.07,7347.12,1428.3,9222.8,54030.6,0.0,568.372,7.162,306.706,1838:12;1861:973;1862:917;1863:901;1864:1137
128.0018,1788882993.0567,6,3408.06,3905.21,7313.27,1033.3,9231.3,54022.2,0.0,582.042,7.438,306.706,1838:12;1861:949;1862:926;1863:912;1864:1106
128.1083,1788882993.1631,6,3408.10,3957.27,7365.37,1043.8,9259.0,53994.5,0.0,593.760,7.712,306.706,1838:12;1861:974;1862:941;1863:910;1864:1119
128.2125,1788882993.2673,6,3408.11,4008.75,7416.86,1035.4,9307.1,53946.4,0.0,599.705,7.949,306.706,1838:12;1861:974;1862:949;1863:921;1864:1153
128.3190,1788882993.3738,6,3408.12,4075.21,7483.33,1162.8,9358.4,53895.1,0.0,617.687,8.200,306.706,1838:12;1861:996;1862:962;1863:937;1864:1168
128.4256,1788882993.4804,6,3408.15,4176.93,7585.08,1094.9,9490.8,53762.7,0.0,627.354,8.416,306.706,1838:12;1861:995;1862:984;1863:965;1864:1220
128.5316,1788882993.5864,6,3408.17,4302.34,7710.51,1080.2,9545.6,53707.8,0.0,638.305,8.643,306.706,1838:12;1861:1005;1862:978;1863:1072;1864:1235
128.6380,1788882993.6928,6,3408.17,4392.24,7800.41,957.6,9650.8,53602.7,0.0,643.813,8.903,306.706,1838:12;1861:1012;1862:993;1863:1025;1864:1350
128.7422,1788882993.7970,6,3408.27,4326.45,7734.72,846.8,9775.1,53478.4,0.0,657.195,9.076,306.706,1838:12;1861:986;1862:1000;1863:1028;1864:1300
128.8487,1788882993.9035,6,3408.33,4636.82,8045.16,1327.5,9964.3,53289.2,0.0,664.082,9.248,306.706,1838:12;1861:975;1862:1011;1863:1258;1864:1382
128.9560,1788882994.0108,6,3408.45,4406.50,7814.95,1062.9,9973.9,53279.6,0.0,669.606,9.444,306.706,1838:12;1861:982;1862:1027;1863:1044;1864:1342
129.0689,1788882994.1237,6,3408.45,4583.59,7992.04,1375.3,9983.9,53269.6,0.0,680.347,9.713,306.706,1838:12;1861:1047;1862:1063;1863:1058;1864:1403
129.1749,1788882994.2297,6,3408.45,4614.39,8022.84,789.8,10161.0,53092.5,0.0,687.490,9.930,306.706,1838:12;1861:1035;1862:1080;1863:1075;1864:1412
129.2812,1788882994.3360,6,3408.45,4623.08,8031.54,572.3,10169.0,53084.5,0.0,692.058,10.116,306.706,1838:12;1861:1048;1862:1068;1863:1076;1864:1418
129.3858,1788882994.4406,6,3408.45,4673.41,8081.87,836.0,10180.9,53072.5,0.0,700.594,10.342,306.706,1838:12;1861:1049;1862:1086;1863:1091;1864:1435
129.4899,1788882994.5447,6,3408.45,4723.61,8132.07,604.6,10192.9,53060.5,0.0,707.609,10.576,306.706,1838:12;1861:1059;1862:1110;1863:1105;1864:1437
129.5941,1788882994.6489,6,3408.45,4744.32,8152.78,1035.0,10221.7,53031.8,0.0,720.462,10.813,306.706,1838:12;1861:1066;1862:1116;1863:1105;1864:1444
129.6994,1788882994.7542,6,3408.45,4784.32,8192.77,599.9,10233.7,53019.8,0.0,725.028,11.019,306.706,1838:12;1861:1075;1862:1125;1863:1118;1864:1454
129.8047,1788882994.8595,6,3408.68,4912.48,8321.15,1019.1,10239.3,53014.2,0.0,736.036,11.278,306.706,1838:12;1861:1139;1862:1143;1863:1137;1864:1482
129.9095,1788882994.9643,6,3408.91,5106.46,8515.37,1117.2,10394.0,52859.4,0.0,750.903,11.486,306.706,1838:12;1861:1198;1862:1164;1863:1152;1864:1580
130.0164,1788882995.0712,6,3409.26,5183.68,8592.94,1150.0,10524.7,52728.7,0.0,760.135,11.710,306.706,1838:12;1861:1331;1862:1161;1863:1168;1864:1512
130.1232,1788882995.1780,6,3409.62,5201.84,8611.46,820.4,10553.3,52700.2,0.0,768.067,11.880,306.706,1838:12;1861:1254;1862:1170;1863:1172;1864:1593
130.2277,1788882995.2825,6,3409.93,5377.37,8787.30,879.3,10611.2,52642.3,0.0,774.507,12.133,306.706,1838:12;1861:1264;1862:1238;1863:1185;1864:1679
130.3330,1788882995.3879,6,3410.18,5624.90,9035.07,1281.6,10838.3,52415.1,0.0,788.045,12.279,306.706,1838:12;1861:1357;1862:1307;1863:1204;1864:1744
130.4434,1788882995.4983,6,3410.43,5744.15,9154.58,1299.3,10858.9,52394.6,0.0,793.431,12.512,306.706,1838:12;1861:1468;1862:1219;1863:1203;1864:1842
130.5494,1788882995.6042,6,3410.64,5760.31,9170.95,984.2,10980.5,52273.0,0.0,804.733,12.723,306.706,1838:12;1861:1398;1862:1237;1863:1214;1864:1899
130.6553,1788882995.7101,6,3410.89,5647.54,9058.43,1064.7,10931.9,52321.6,0.0,813.677,12.918,306.706,1838:12;1861:1404;1862:1210;1863:1213;1864:1808
130.7603,1788882995.8151,6,3411.04,5809.70,9220.75,761.5,10981.0,52272.5,0.0,823.612,13.150,306.706,1838:12;1861:1419;1862:1319;1863:1231;1864:1829
130.8654,1788882995.9202,6,3411.34,5871.67,9283.01,1255.5,11065.8,52187.6,0.0,838.132,13.334,306.706,1838:12;1861:1449;1862:1292;1863:1240;1864:1879
130.9706,1788882996.0254,6,3411.84,5914.92,9326.76,878.6,11118.4,52135.1,0.0,848.588,13.565,306.706,1838:12;1861:1460;1862:1268;1863:1247;1864:1928
131.0763,1788882996.1311,6,3412.12,5965.03,9377.15,993.5,11083.0,52170.5,0.0,872.586,13.795,306.706,1838:12;1861:1470;1862:1284;1863:1277;1864:1922
131.1821,1788882996.2370,6,3412.66,6002.42,9415.08,929.1,11144.3,52109.2,0.0,881.200,13.952,306.706,1838:12;1861:1477;1862:1256;1863:1249;1864:2009
131.2877,1788882996.3426,6,3412.84,6063.20,9476.04,808.4,11233.6,52019.8,0.0,891.053,14.224,306.706,1838:12;1861:1480;1862:1278;1863:1265;1864:2028
131.3950,1788882996.4499,6,3413.18,6117.14,9530.33,942.0,11278.0,51975.5,0.0,908.655,14.460,306.706,1838:12;1861:1520;1862:1260;1863:1296;1864:2028
131.5045,1788882996.5593,6,3413.34,6320.13,9733.46,1423.9,11531.1,51722.4,0.0,920.348,14.636,306.706,1838:12;1861:1495;1862:1240;1863:1471;1864:2102
131.6120,1788882996.6668,6,3413.44,6160.73,9574.18,1078.1,11650.8,51602.7,0.0,931.409,14.854,306.706,1838:12;1861:1507;1862:1251;1863:1284;1864:2107
131.7186,1788882996.7734,6,3413.45,6394.88,9808.34,1200.5,11734.9,51518.6,0.0,949.505,15.121,306.706,1838:12;1861:1525;1862:1321;1863:1310;1864:2227
131.8250,1788882996.8798,6,3413.53,6298.91,9712.45,1138.7,11719.5,51534.0,0.0,959.645,15.345,306.706,1838:12;1861:1474;1862:1249;1863:1329;1864:2234
131.9315,1788882996.9863,6,3413.76,6385.79,9799.54,970.0,11794.0,51459.4,0.0,969.197,15.628,306.706,1838:12;1861:1482;1862:1313;1863:1353;1864:2225
132.0364,1788882997.0912,6,3414.04,6073.96,9488.00,905.5,11675.3,51578.1,0.0,977.395,15.788,306.706,1838:12;1861:1449;1862:1198;1863:1354;1864:2061
132.1414,1788882997.1962,6,3414.29,6135.22,9549.51,800.3,11688.1,51565.3,0.0,985.507,16.049,306.706,1838:12;1861:1460;1862:1218;1863:1372;1864:2072
132.2478,1788882997.3026,6,3414.55,6473.84,9888.39,1330.0,11759.2,51494.3,0.0,994.521,16.214,306.706,1838:12;1861:1457;1862:1514;1863:1391;1864:2099
132.3529,1788882997.4077,6,3414.84,6444.29,9859.13,817.6,11799.2,51454.2,0.0,1002.276,16.424,306.706,1838:12;1861:1467;1862:1440;1863:1407;1864:2118
132.4593,1788882997.5141,6,3415.07,6602.21,10017.28,1203.6,11859.3,51394.2,0.0,1009.834,16.576,306.706,1838:12;1861:1486;1862:1544;1863:1431;1864:2129
132.5658,1788882997.6206,6,3415.32,6674.70,10090.03,1132.6,12106.8,51146.7,0.0,1010.595,16.777,306.706,1838:12;1861:1466;1862:1602;1863:1447;1864:2147
132.6736,1788882997.7284,6,3415.66,6746.06,10161.72,1042.1,12209.7,51043.8,0.0,1011.379,16.953,306.706,1838:12;1861:1464;1862:1668;1863:1448;1864:2154
132.7787,1788882997.8336,6,3415.84,6724.00,10139.84,782.0,12223.7,51029.8,0.0,1012.028,17.167,306.706,1838:12;1861:1480;1862:1611;1863:1464;1864:2157
132.8838,1788882997.9386,6,3416.33,6809.07,10225.40,950.2,12227.7,51025.8,0.0,1016.014,17.363,306.706,1838:12;1861:1493;1862:1650;1863:1489;1864:2165
132.9890,1788882998.0438,6,3416.65,6958.23,10374.88,809.2,12243.7,51009.7,0.0,1016.721,17.553,306.706,1838:12;1861:1503;1862:1766;1863:1495;1864:2182
133.0940,1788882998.1489,6,3416.86,6923.54,10340.39,809.9,12231.5,51022.0,0.0,1020.436,17.734,306.706,1838:12;1861:1518;1862:1752;1863:1467;1864:2174
133.2000,1788882998.2549,6,3417.14,7126.04,10543.18,1104.7,12381.5,50872.0,0.0,1023.419,17.928,306.706,1838:12;1861:1567;1862:1766;1863:1494;1864:2288
133.3130,1788882998.3679,6,3417.26,7449.85,10867.11,1503.9,12646.6,50606.9,0.0,1027.836,18.030,306.706,1838:12;1861:1650;1862:1919;1863:1460;1864:2409
133.4211,1788882998.4759,6,3417.43,7561.71,10979.14,1423.9,12995.0,50258.5,0.0,1030.411,18.166,306.706,1838:12;1861:1710;1862:1927;1863:1465;1864:2447
133.5315,1788882998.5863,6,3417.67,7477.80,10895.48,1396.8,13090.7,50162.8,0.0,1032.974,18.295,306.706,1838:12;1861:1606;1862:1926;1863:1426;1864:2507
133.6398,1788882998.6946,6,3417.84,7528.52,10946.36,1392.0,13046.9,50206.6,0.0,1035.853,18.447,306.706,1838:12;1861:1587;1862:2048;1863:1366;1864:2515
133.7494,1788882998.8042,6,3418.15,7265.48,10683.63,1166.8,12900.9,50352.6,0.0,1040.278,18.626,306.706,1838:12;1861:1546;1862:2008;1863:1402;1864:2297
133.8555,1788882998.9103,6,3418.81,7413.89,10832.70,1176.9,12914.4,50339.1,0.0,1044.140,18.854,306.706,1838:12;1861:1554;1862:2066;1863:1467;1864:2315
133.9609,1788882999.0157,6,3419.17,7623.63,11042.80,1141.2,12980.0,50273.5,0.0,1049.014,19.069,306.706,1838:12;1861:1596;1862:2146;1863:1538;1864:2330
134.0669,1788882999.1217,6,3419.43,7817.22,11236.65,1337.3,13140.7,50112.8,0.0,1053.922,19.255,306.706,1838:12;1861:1625;1862:2251;1863:1575;1864:2354
134.1720,1788882999.2269,6,3419.71,7858.01,11277.72,1234.2,13222.2,50031.2,0.0,1057.012,19.449,306.706,1838:12;1861:1624;1862:2290;1863:1566;1864:2366
134.2790,1788882999.3339,6,3419.84,8031.89,11451.73,1415.3,13405.2,49848.3,0.0,1063.532,19.574,306.706,1838:12;1861:1552;1862:2414;1863:1708;1864:2347
134.3854,1788882999.4402,6,3420.39,8038.85,11459.24,1192.3,13612.0,49641.5,0.0,1071.965,19.772,306.706,1838:12;1861:1559;1862:2411;1863:1745;1864:2311
134.4918,1788882999.5466,6,3420.89,7867.07,11287.96,936.4,13597.4,49656.0,0.0,1074.598,19.897,306.706,1838:12;1861:1448;1862:2388;1863:1717;1864:2302
134.5974,1788882999.6522,6,3421.36,7424.98,10846.34,833.6,13426.3,49827.2,0.0,1077.672,20.053,306.706,1838:12;1861:1378;1862:2311;1863:1485;1864:2240
134.7032,1788882999.7580,6,3421.65,7705.35,11127.00,937.0,13527.9,49725.6,0.0,1080.948,20.152,306.706,1838:12;1861:1628;1862:2325;1863:1493;1864:2247
134.8099,1788882999.8647,6,3422.15,7779.16,11201.30,1213.6,13727.0,49526.5,0.0,1082.450,20.280,306.706,1838:12;1861:1490;1862:2406;1863:1613;1864:2258
134.9162,1788882999.9710,6,3422.84,7987.61,11410.44,1261.4,13860.1,49393.4,0.0,1084.353,20.395,306.706,1838:12;1861:1501;1862:2526;1863:1683;1864:2266
135.0240,1788883000.0788,6,3423.65,8085.10,11508.75,1033.9,14052.3,49201.2,0.0,1087.903,20.498,306.706,1838:12;1861:1509;1862:2547;1863:1738;1864:2279
135.1303,1788883000.1852,6,3424.88,7898.58,11323.46,1022.8,14091.3,49162.2,0.0,1088.117,20.528,306.706,1838:12;1861:1350;1862:2539;1863:1702;1864:2296
135.2358,1788883000.2906,6,3426.35,7837.62,11263.97,890.6,14009.1,49244.4,0.0,1089.020,20.566,306.706,1838:12;1861:1234;1862:2496;1863:1727;1864:2369
135.3414,1788883000.3962,6,3427.61,8132.89,11560.50,1105.6,14094.9,49158.6,0.0,1091.060,20.584,306.706,1838:12;1861:1418;1862:2511;1863:1743;1864:2448
135.4483,1788883000.5031,6,3428.62,8111.40,11540.02,1225.5,14205.7,49047.8,0.0,1091.263,20.629,306.706,1838:12;1861:1354;1862:2487;1863:1761;1864:2497
135.5542,1788883000.6090,6,3429.74,8280.93,11710.68,1023.3,14293.1,48960.4,0.0,1094.817,20.647,306.706,1838:12;1861:1429;1862:2504;1863:1754;1864:2582
135.6598,1788883000.7146,6,3430.96,8367.08,11798.04,793.4,14336.9,48916.6,0.0,1095.016,20.695,306.706,1838:12;1861:1535;1862:2519;1863:1779;1864:2522
135.7656,1788883000.8205,6,3432.26,8149.62,11581.89,880.2,14326.5,48927.0,0.0,1098.303,20.705,306.706,1838:12;1861:1522;1862:2453;1863:1805;1864:2358
135.8713,1788883000.9261,6,3433.47,8216.75,11650.21,808.5,14445.3,48808.1,0.0,1098.303,20.705,306.706,1838:12;1861:1604;1862:2505;1863:1820;1864:2275
135.9776,1788883001.0324,6,3434.35,8511.10,11945.45,1167.6,14638.6,48614.9,0.0,1098.303,20.705,306.706,1838:12;1861:1674;1862:2644;1863:1821;1864:2360
136.0847,1788883001.1395,6,3435.12,8315.33,11750.45,1263.4,14660.9,48592.6,0.0,1098.303,20.705,306.706,1838:12;1861:1618;1862:2626;1863:1812;1864:2247
136.1907,1788883001.2456,6,3435.99,8452.20,11888.18,1179.0,14955.6,48297.9,0.0,1098.303,20.705,306.706,1838:12;1861:1759;1862:2694;1863:1757;1864:2230
136.2968,1788883001.3516,6,3437.21,8347.51,11784.72,856.1,14911.7,48341.7,0.0,1098.303,20.705,306.706,1838:12;1861:1692;1862:2617;1863:1834;1864:2192
136.4030,1788883001.4578,6,3438.73,8080.11,11518.84,1098.6,14897.8,48355.6,0.0,1098.303,20.705,306.706,1838:12;1861:1720;1862:2529;1863:1760;1864:2059
136.5096,1788883001.5644,6,3439.80,8143.08,11582.89,1143.5,15108.2,48145.2,0.0,1098.303,20.705,306.706,1838:12;1861:1748;1862:2530;1863:1821;1864:2032
136.6153,1788883001.6701,6,3440.80,8049.53,11490.32,784.9,14987.2,48266.2,0.0,1098.303,20.705,306.706,1838:12;1861:1811;1862:2509;1863:1618;1864:2100
136.7212,1788883001.7760,6,3441.57,7995.73,11437.30,817.8,15077.6,48175.9,0.0,1098.303,20.705,306.706,1838:12;1861:1713;1862:2425;1863:1692;1864:2153
136.8263,1788883001.8811,6,3442.30,8144.90,11587.20,659.0,15061.0,48192.5,0.0,1098.303,20.741,306.706,1838:12;1861:1898;1862:2449;1863:1715;1864:2070
136.9343,1788883001.9891,6,3443.23,8107.97,11551.21,688.3,15059.8,48193.6,0.0,1098.673,20.754,306.706,1838:12;1861:1854;1862:2456;1863:1714;1864:2072
137.0400,1788883002.0948,6,3443.64,8276.36,11720.00,998.5,14919.4,48334.0,0.0,1099.295,20.922,306.706,1838:12;1861:1941;1862:2459;1863:1716;1864:2148
137.1463,1788883002.2011,6,3444.14,8350.22,11794.36,1140.5,15043.1,48210.4,0.0,1109.030,21.054,306.706,1838:12;1861:1918;1862:2471;1863:1706;1864:2244
137.2525,1788883002.3073,6,3444.69,8335.52,11780.21,928.4,14953.2,48300.2,0.0,1109.766,21.203,306.706,1838:12;1861:1911;1862:2480;1863:1675;1864:2257
137.3578,1788883002.4126,6,3445.20,8471.50,11916.70,974.9,14986.5,48267.0,0.0,1118.074,21.326,306.706,1838:12;1861:1939;1862:2498;1863:1667;1864:2356
137.4635,1788883002.5183,6,3445.66,8490.92,11936.59,865.3,15002.6,48250.9,0.0,1120.643,21.496,306.706,1838:12;1861:1957;1862:2514;1863:1702;1864:2306
137.5699,1788883002.6247,6,3446.30,8527.09,11973.39,872.2,15024.3,48229.2,0.0,1124.515,21.624,306.706,1838:12;1861:1972;1862:2513;1863:1700;1864:2330
137.6752,1788883002.7300,6,3446.55,8524.07,11970.62,955.7,15049.0,48204.4,0.0,1134.281,21.795,306.706,1838:12;1861:1994;1862:2501;1863:1712;1864:2305
137.7810,1788883002.8358,6,3447.15,8512.14,11959.30,687.8,15061.1,48192.4,0.0,1134.916,21.931,306.706,1838:12;1861:2006;1862:2478;1863:1725;1864:2291
137.8856,1788883002.9404,6,3447.72,8613.97,12061.70,990.1,14978.6,48274.9,0.0,1145.404,22.078,306.706,1838:12;1861:2025;1862:2488;1863:1769;1864:2320
137.9908,1788883003.0456,6,3448.50,8642.26,12090.76,812.2,15002.3,48251.2,0.0,1146.432,22.187,306.706,1838:12;1861:2032;1862:2498;1863:1769;1864:2331
138.0964,1788883003.1513,6,3449.27,8686.11,12135.37,821.3,15011.3,48242.2,0.0,1149.711,22.303,306.706,1838:12;1861:2035;1862:2513;1863:1783;1864:2342
138.2013,1788883003.2562,6,3449.90,8985.66,12435.55,957.4,15054.0,48199.5,0.0,1151.604,22.460,306.706,1838:12;1861:2046;1862:2632;1863:1933;1864:2362
138.3080,1788883003.3628,6,3450.20,8855.82,12306.03,713.5,14980.8,48272.6,0.0,1161.931,22.596,306.706,1838:12;1861:2053;1862:2612;1863:1816;1864:2362
138.4145,1788883003.4693,6,3450.20,8884.63,12334.83,684.8,14994.0,48259.5,0.0,1165.485,22.830,306.706,1838:12;1861:2052;1862:2626;1863:1826;1864:2368
138.5209,1788883003.5757,6,3450.20,8920.68,12370.88,643.2,15005.3,48248.2,0.0,1175.116,23.065,306.706,1838:12;1861:2060;1862:2635;1863:1834;1864:2380
138.6250,1788883003.6798,6,3450.20,8956.11,12406.31,595.2,15014.1,48239.4,0.0,1185.786,23.283,306.706,1838:12;1861:2057;1862:2655;1863:1845;1864:2387
138.7291,1788883003.7839,6,3450.21,9000.86,12451.07,546.7,15019.4,48234.1,0.0,1193.438,23.534,306.706,1838:12;1861:2068;1862:2665;1863:1848;1864:2407
138.8334,1788883003.8882,6,3450.21,9203.32,12653.53,880.4,15051.6,48201.9,0.0,1205.281,23.665,306.706,1838:12;1861:2263;1862:2658;1863:1860;1864:2410
138.9379,1788883003.9927,6,3450.38,9043.53,12493.91,1103.1,15121.6,48131.9,0.0,1216.173,23.899,306.706,1838:12;1861:2093;1862:2669;1863:1868;1864:2401
139.0451,1788883004.0999,6,3450.39,9243.05,12693.44,657.4,15171.3,48082.2,0.0,1223.770,24.078,306.706,1838:12;1861:2108;1862:2673;1863:2027;1864:2423
139.1516,1788883004.2064,6,3450.50,9230.27,12680.76,1282.9,15350.4,47903.1,0.0,1236.937,24.282,306.706,1838:12;1861:2114;1862:2688;1863:2003;1864:2414
139.2566,1788883004.3114,6,3450.51,9239.38,12689.89,593.1,15410.4,47843.0,0.0,1239.182,24.493,306.706,1838:12;1861:2126;1862:2702;1863:2013;1864:2386
139.3630,1788883004.4178,6,3450.52,9184.35,12634.87,708.5,15412.6,47840.9,0.0,1252.800,24.750,306.706,1838:12;1861:2113;1862:2710;1863:1958;1864:2391
139.4673,1788883004.5221,6,3450.52,9206.11,12656.62,507.6,15420.3,47833.2,0.0,1254.486,24.941,306.706,1838:12;1861:2123;1862:2705;1863:1967;1864:2399
139.5717,1788883004.6265,6,3450.52,9249.16,12699.68,611.7,15424.1,47829.4,0.0,1264.326,25.135,306.706,1838:12;1861:2128;1862:2719;1863:1974;1864:2415
139.6779,1788883004.7327,6,3450.52,9270.22,12720.74,604.0,15424.5,47829.0,0.0,1265.720,25.345,306.706,1838:12;1861:2130;1862:2730;1863:1980;1864:2418
139.7844,1788883004.8392,6,3450.54,9341.64,12792.18,844.4,15428.4,47825.0,0.0,1286.685,25.651,306.706,1838:12;1861:2141;1862:2748;1863:2002;1864:2439
139.8943,1788883004.9491,6,3450.54,9332.07,12782.60,866.1,15434.2,47819.3,0.0,1289.975,25.783,306.706,1838:12;1861:2144;1862:2745;1863:2003;1864:2428
139.9991,1788883005.0539,6,3450.54,9379.91,12830.45,537.6,15429.5,47824.0,0.0,1294.764,26.094,306.706,1838:12;1861:2155;1862:2761;1863:2015;1864:2437
140.1033,1788883005.1581,6,3450.54,9412.01,12862.55,900.6,15423.2,47830.2,0.0,1313.178,26.304,306.706,1838:12;1861:2160;1862:2770;1863:2023;1864:2447
140.2076,1788883005.2624,6,3450.54,9462.73,12913.26,480.0,15424.2,47829.3,0.0,1316.192,26.591,306.706,1838:12;1861:2173;1862:2783;1863:2035;1864:2460
140.3120,1788883005.3669,6,3450.54,9504.86,12955.39,803.6,15433.5,47819.9,0.0,1335.333,26.791,306.706,1838:12;1861:2177;1862:2803;1863:2040;1864:2472
140.4216,1788883005.4764,6,3450.54,9512.70,12963.23,498.2,15448.4,47805.1,0.0,1338.519,27.009,306.706,1838:12;1861:2183;1862:2803;1863:2047;1864:2467
140.5260,1788883005.5808,6,3450.54,9555.01,13005.54,768.0,15450.1,47803.4,0.0,1355.507,27.268,306.706,1838:12;1861:2188;1862:2820;1863:2057;1864:2478
140.6366,1788883005.6914,6,3450.57,9746.61,13197.18,1340.3,15455.2,47798.2,0.0,1365.747,27.422,306.706,1838:12;1861:2190;1862:2905;1863:2077;1864:2563
140.7439,1788883005.7987,6,3450.62,9618.60,13069.22,1069.7,15576.8,47676.6,0.0,1374.160,27.682,306.706,1838:12;1861:2202;1862:2832;1863:2072;1864:2500
140.8489,1788883005.9037,6,3450.69,9720.55,13171.24,1237.6,15608.6,47644.9,0.0,1390.124,27.973,306.706,1838:12;1861:2217;1862:2890;1863:2089;1864:2512
140.9649,1788883006.0197,6,3450.76,9790.93,13241.70,1156.6,15615.7,47637.8,0.0,1397.047,28.254,306.706,1838:12;1861:2232;1862:2933;1863:2099;1864:2515
141.0692,1788883006.1240,6,3450.92,9897.02,13347.95,1175.8,15610.8,47642.6,0.0,1407.651,28.557,306.706,1838:12;1861:2245;1862:2996;1863:2111;1864:2533
141.1751,1788883006.2299,6,3451.00,9938.39,13389.39,1238.4,15623.8,47629.7,0.0,1420.116,28.853,306.706,1838:12;1861:2262;1862:2994;1863:2129;1864:2541
141.2814,1788883006.3362,6,3451.05,9931.02,13382.07,1032.1,15636.7,47616.8,0.0,1430.043,29.194,306.706,1838:12;1861:2283;1862:2947;1863:2139;1864:2549
141.3879,1788883006.4427,6,3451.09,9973.29,13424.38,1160.3,15638.7,47614.8,0.0,1442.701,29.465,306.706,1838:12;1861:2290;1862:2960;1863:2152;1864:2559
141.4929,1788883006.5477,6,3451.16,10021.14,13472.30,885.3,15647.3,47606.2,0.0,1446.846,29.640,306.706,1838:12;1861:2299;1862:2977;1863:2163;1864:2569
141.5992,1788883006.6540,6,3451.34,10068.15,13519.49,1134.2,15699.5,47553.9,0.0,1463.136,29.917,306.706,1838:12;1861:2333;1862:2971;1863:2176;1864:2576
141.7059,1788883006.7607,6,3451.57,10177.88,13629.45,926.2,15760.9,47492.6,0.0,1469.331,30.130,306.706,1838:12;1861:2407;1862:2979;1863:2186;1864:2594
141.8130,1788883006.8678,6,3451.74,10276.52,13728.27,983.1,15863.8,47389.7,0.0,1473.742,30.324,306.706,1838:12;1861:2353;1862:3141;1863:2190;1864:2579
141.9180,1788883006.9729,6,3451.76,10520.49,13972.25,1217.2,15946.1,47307.4,0.0,1484.112,30.509,306.706,1838:12;1861:2446;1862:3067;1863:2212;1864:2783
142.0301,1788883007.0849,6,3451.84,10451.10,13902.94,1329.6,15900.9,47352.5,0.0,1485.673,30.749,306.706,1838:12;1861:2398;1862:3188;1863:2243;1864:2611
142.1406,1788883007.1954,6,3451.89,10901.73,14353.61,1351.7,16152.2,47101.3,0.0,1488.245,30.926,306.706,1838:12;1861:2571;1862:3149;1863:2476;1864:2693
142.2571,1788883007.3119,6,3452.13,10538.44,13990.57,1419.5,15960.6,47292.9,0.0,1490.990,31.048,306.706,1838:12;1861:2544;1862:3099;1863:2231;1864:2652
142.3682,1788883007.4230,6,3452.55,10536.87,13989.42,1285.6,16014.4,47239.1,0.0,1494.311,31.210,306.706,1838:12;1861:2458;1862:3112;1863:2284;1864:2670
142.4779,1788883007.5327,6,3453.25,10745.48,14198.73,1174.7,16105.1,47148.3,0.0,1496.443,31.333,306.706,1838:12;1861:2490;1862:3146;1863:2362;1864:2734
142.5844,1788883007.6392,6,3454.27,10857.44,14311.71,1247.6,16308.8,46944.7,0.0,1497.658,31.390,306.706,1838:12;1861:2565;1862:3083;1863:2425;1864:2772
142.6901,1788883007.7449,6,3454.93,11089.06,14543.99,1178.0,16538.9,46714.6,0.0,1498.104,31.501,306.706,1838:12;1861:2612;1862:3125;1863:2430;1864:2910
142.7963,1788883007.8511,6,3455.85,11111.55,14567.40,1010.5,16698.0,46555.5,0.0,1498.503,31.606,306.706,1838:12;1861:2710;1862:3143;1863:2413;1864:2834
142.9031,1788883007.9579,6,3457.02,11124.07,14581.09,1174.3,16864.8,46388.6,0.0,1498.592,31.634,306.706,1838:12;1861:2656;1862:3125;1863:2451;1864:2879
143.0096,1788883008.0644,6,3457.96,11338.21,14796.18,1094.3,17050.0,46203.5,0.0,1499.350,31.725,306.706,1838:12;1861:2746;1862:3162;1863:2495;1864:2923
143.1165,1788883008.1713,6,3459.16,11382.33,14841.49,1129.8,17262.8,45990.6,0.0,1499.739,31.818,306.706,1838:12;1861:2668;1862:3168;1863:2558;1864:2976
143.2226,1788883008.2774,6,3460.05,11196.54,14656.59,766.0,17188.5,46065.0,0.0,1500.090,31.903,306.706,1838:12;1861:2557;1862:3185;1863:2610;1864:2834
143.3283,1788883008.3831,6,3460.79,11032.68,14493.47,874.3,17149.8,46103.6,0.0,1500.445,31.939,306.706,1838:12;1861:2560;1862:3193;1863:2420;1864:2847
143.4334,1788883008.4882,6,3461.99,10988.77,14450.76,920.7,17221.8,46031.7,0.0,1500.660,32.001,306.706,1838:12;1861:2611;1862:3189;1863:2315;1864:2862
143.5388,1788883008.5936,6,3462.97,10947.31,14410.28,627.5,17208.6,46044.8,0.0,1500.660,32.001,306.706,1838:12;1861:2551;1862:3193;1863:2320;1864:2871
143.6439,1788883008.6987,6,3463.61,10988.14,14451.75,571.3,17244.1,46009.4,0.0,1500.660,32.001,306.706,1838:12;1861:2557;1862:3202;1863:2331;1864:2885
143.7490,1788883008.8038,6,3464.28,11072.75,14537.04,574.2,17304.1,45949.4,0.0,1500.660,32.033,306.706,1838:12;1861:2570;1862:3224;1863:2361;1864:2905
143.8552,1788883008.9100,6,3464.32,11128.04,14592.37,287.8,17338.3,45915.1,0.0,1501.260,32.122,306.706,1838:12;1861:2580;1862:3236;1863:2374;1864:2926
143.9594,1788883009.0142,6,3464.32,11185.98,14650.31,795.5,17418.4,45835.1,0.0,1510.782,32.352,306.706,1838:12;1861:2593;1862:3257;1863:2386;1864:2938
144.0637,1788883009.1185,6,3464.32,11220.51,14684.83,898.6,17442.9,45810.6,0.0,1532.372,32.536,306.706,1838:12;1861:2603;1862:3252;1863:2398;1864:2955
144.1708,1788883009.2256,6,3464.32,11230.70,14695.02,446.6,17447.0,45806.5,0.0,1539.100,32.721,306.706,1838:12;1861:2608;1862:3265;1863:2400;1864:2945
144.2759,1788883009.3307,6,3464.32,11292.81,14757.13,921.6,17460.4,45793.1,0.0,1560.209,32.992,306.706,1838:12;1861:2615;1862:3278;1863:2418;1864:2969
144.3823,1788883009.4371,6,3464.32,11323.63,14787.95,776.1,17473.2,45780.2,0.0,1572.336,33.195,306.706,1838:12;1861:2618;1862:3294;1863:2427;1864:2972
144.4865,1788883009.5413,6,3464.32,11363.54,14827.86,474.7,17479.7,45773.8,0.0,1576.646,33.404,306.706,1838:12;1861:2627;1862:3296;1863:2434;1864:2993
144.5920,1788883009.6468,6,3464.32,11383.04,14847.37,986.8,17482.5,45770.9,0.0,1595.261,33.649,306.706,1838:12;1861:2639;1862:3301;1863:2444;1864:2988
144.6962,1788883009.7510,6,3464.36,11418.03,14882.39,812.2,17489.6,45763.9,0.0,1604.042,33.866,306.706,1838:12;1861:2648;1862:3314;1863:2447;1864:2997
144.8040,1788883009.8588,6,3464.36,11461.45,14925.81,714.0,17500.7,45752.8,0.0,1622.258,34.044,306.706,1838:12;1861:2658;1862:3326;1863:2457;1864:3008
144.9167,1788883009.9715,6,3464.36,11504.04,14968.40,674.5,17504.4,45749.1,0.0,1625.536,34.295,306.706,1838:12;1861:2667;1862:3328;1863:2472;1864:3025
145.0219,1788883010.0767,6,3464.36,11523.36,14987.72,442.0,17511.5,45742.0,0.0,1640.418,34.466,306.706,1838:12;1861:2672;1862:3339;1863:2471;1864:3028
145.1282,1788883010.1831,6,3464.37,11546.21,15010.58,702.4,17512.7,45740.8,0.0,1647.276,34.674,306.706,1838:12;1861:2675;1862:3347;1863:2477;1864:3035
145.2351,1788883010.2899,6,3464.37,11580.95,15045.32,942.1,17521.0,45732.5,0.0,1661.931,34.927,306.706,1838:12;1861:2683;1862:3353;1863:2492;1864:3041
145.3409,1788883010.3957,6,3464.41,11627.65,15092.05,799.8,17527.8,45725.7,0.0,1668.773,35.113,306.706,1838:12;1861:2695;1862:3365;1863:2504;1864:3051
145.4459,1788883010.5008,6,3464.66,11708.47,15173.13,924.9,17550.2,45703.3,0.0,1702.491,35.403,306.706,1838:12;1861:2710;1862:3380;1863:2521;1864:3085
145.5595,1788883010.6143,6,3464.88,11716.21,15181.09,911.9,17560.9,45692.6,0.0,1706.776,35.629,306.706,1838:12;1861:2710;1862:3385;1863:2516;1864:3093
145.6662,1788883010.7210,6,3465.33,11803.95,15269.28,655.5,17601.6,45651.8,0.0,1732.389,35.857,306.706,1838:12;1861:2722;1862:3396;1863:2530;1864:3144
145.7729,1788883010.8277,6,3465.45,11799.83,15265.28,1127.4,17577.6,45675.9,0.0,1747.092,36.045,306.706,1838:12;1861:2720;1862:3394;1863:2528;1864:3146
145.8793,1788883010.9342,6,3465.79,11847.45,15313.25,694.5,17616.5,45637.0,0.0,1760.370,36.300,306.706,1838:12;1861:2730;1862:3411;1863:2538;1864:3155
145.9870,1788883011.0418,6,3465.80,12021.01,15486.81,927.0,17673.7,45579.8,0.0,1780.681,36.475,306.706,1838:12;1861:2840;1862:3461;1863:2545;1864:3162
146.0990,1788883011.1539,6,3465.93,12400.16,15866.10,1463.6,17868.2,45385.3,0.0,1794.838,36.655,306.706,1838:12;1861:2748;1862:3684;1863:2659;1864:3297
146.2141,1788883011.2689,6,3466.09,12289.25,15755.34,1335.1,17922.6,45330.9,0.0,1802.945,36.786,306.706,1838:12;1861:2754;1862:3669;1863:2539;1864:3315
146.3249,1788883011.3797,6,3466.64,12064.64,15531.28,1096.3,17904.7,45348.8,0.0,1819.713,36.985,306.706,1838:12;1861:2763;1862:3541;1863:2542;1864:3207
146.4316,1788883011.4864,6,3466.84,12235.95,15702.79,1082.6,17940.3,45313.2,0.0,1831.817,37.145,306.706,1838:12;1861:2840;1862:3615;1863:2557;1864:3212
146.5380,1788883011.5929,6,3467.05,12244.49,15711.54,973.8,18114.1,45139.4,0.0,1849.825,37.383,306.706,1838:12;1861:2775;1862:3621;1863:2606;1864:3230
146.6446,1788883011.6994,6,3467.31,12253.85,15721.16,1186.2,18151.6,45101.9,0.0,1864.783,37.604,306.706,1838:12;1861:2787;1862:3593;1863:2630;1864:3232
146.7498,1788883011.8046,6,3467.67,12319.02,15786.68,906.7,18196.2,45057.2,0.0,1876.589,37.748,306.706,1838:12;1861:2793;1862:3564;1863:2709;1864:3240
146.8547,1788883011.9095,6,3467.87,12301.59,15769.46,1108.5,18154.4,45099.1,0.0,1902.729,37.977,306.706,1838:12;1861:2801;1862:3583;1863:2658;1864:3247
146.9601,1788883012.0149,6,3468.30,12408.32,15876.62,759.8,18198.7,45054.7,0.0,1904.675,38.110,306.706,1838:12;1861:2813;1862:3599;1863:2724;1864:3261
147.0669,1788883012.1217,6,3468.66,12462.44,15931.10,992.8,18241.0,45012.5,0.0,1919.723,38.301,306.706,1838:12;1861:2816;1862:3610;1863:2764;1864:3259
147.1714,1788883012.2262,6,3469.74,12473.71,15943.45,799.5,18154.9,45098.5,0.0,1920.282,38.397,306.706,1838:12;1861:2797;1862:3591;1863:2806;1864:3267
147.2765,1788883012.3313,6,3470.12,12574.73,16044.85,898.7,18212.3,45041.2,0.0,1949.457,38.719,306.706,1838:12;1861:2803;1862:3608;1863:2862;1864:3290
147.3880,1788883012.4429,6,3470.35,13024.38,16494.73,1359.4,18387.6,44865.9,0.0,1949.822,38.805,306.706,1838:12;1861:2913;1862:3708;1863:2954;1864:3437
147.4980,1788883012.5528,6,3470.92,12707.93,16178.86,1238.4,18416.7,44836.8,0.0,1963.104,38.920,306.706,1838:12;1861:2832;1862:3656;1863:2896;1864:3311
147.6057,1788883012.6606,6,3471.65,12707.29,16178.94,1173.7,18494.7,44758.8,0.0,1965.221,38.996,306.706,1838:12;1861:2792;1862:3707;1863:2819;1864:3377
147.7114,1788883012.7662,6,3472.56,12650.67,16123.23,913.3,18639.4,44614.1,0.0,1973.793,39.139,306.706,1838:12;1861:2781;1862:3702;1863:2749;1864:3406
147.8189,1788883012.8737,6,3472.64,12686.61,16159.25,650.6,18676.8,44576.7,0.0,1981.466,39.258,306.706,1838:12;1861:2798;1862:3682;1863:2766;1864:3428
147.9231,1788883012.9779,6,3472.64,12744.71,16217.35,691.2,18710.6,44542.9,0.0,1983.817,39.542,306.706,1838:12;1861:2808;1862:3699;1863:2777;1864:3448
148.0272,1788883013.0820,6,3472.64,12794.33,16266.98,824.1,18741.1,44512.3,0.0,2001.129,39.740,306.706,1838:12;1861:2817;1862:3710;1863:2792;1864:3463
148.1317,1788883013.1865,6,3472.64,12821.07,16293.72,412.0,18741.9,44511.6,0.0,2007.100,39.979,306.706,1838:12;1861:2821;1862:3722;1863:2804;1864:3462
148.2359,1788883013.2907,6,3472.64,12870.47,16343.11,796.3,18750.0,44503.4,0.0,2020.605,40.195,306.706,1838:12;1861:2825;1862:3724;1863:2814;1864:3495
148.3402,1788883013.3950,6,3472.64,12912.30,16384.95,546.8,18758.4,44495.1,0.0,2032.139,40.464,306.706,1838:12;1861:2832;1862:3733;1863:2828;1864:3507
148.4444,1788883013.4992,6,3472.65,13143.94,16616.59,964.1,18877.1,44376.4,0.0,2044.193,40.694,306.706,1838:12;1861:2874;1862:3742;1863:2909;1864:3607
148.5526,1788883013.6074,6,3472.74,13154.46,16627.20,968.8,18798.6,44454.8,0.0,2052.554,40.836,306.706,1838:12;1861:2896;1862:3756;1863:2930;1864:3561
148.6576,1788883013.7124,6,3472.78,13075.61,16548.39,729.6,18856.2,44397.2,0.0,2056.154,41.027,306.706,1838:12;1861:2874;1862:3764;1863:2864;1864:3561
148.7617,1788883013.8165,6,3472.81,13245.13,16717.94,997.7,18922.5,44331.0,0.0,2059.949,41.248,306.706,1838:12;1861:2885;1862:3827;1863:2943;1864:3578
148.8682,1788883013.9231,6,3473.26,13175.81,16649.07,820.4,18872.9,44380.5,0.0,2060.719,41.432,306.706,1838:12;1861:2915;1862:3775;1863:2887;1864:3586
148.9743,1788883014.0291,6,3473.95,13237.41,16711.37,1020.3,18917.5,44336.0,0.0,2064.031,41.520,306.706,1838:12;1861:2960;1862:3786;1863:2894;1864:3585
149.0810,1788883014.1359,6,3474.55,13322.30,16796.86,977.6,18969.7,44283.8,0.0,2065.533,41.724,306.706,1838:12;1861:2970;1862:3798;1863:2941;1864:3601
149.1873,1788883014.2421,6,3475.10,13286.21,16761.30,865.8,19003.4,44250.1,0.0,2072.249,41.898,306.706,1838:12;1861:2932;1862:3814;1863:2927;1864:3601
149.2924,1788883014.3472,6,3475.52,13524.25,16999.78,1092.7,19055.9,44197.6,0.0,2075.342,42.071,306.706,1838:12;1861:2944;1862:3860;1863:2937;1864:3771
149.3976,1788883014.4524,6,3476.14,13394.46,16870.60,1160.1,18966.3,44287.2,0.0,2081.272,42.246,306.706,1838:12;1861:2947;1862:3837;1863:2952;1864:3646
149.5038,1788883014.5586,6,3476.57,13432.75,16909.32,783.4,18977.9,44275.6,0.0,2085.201,42.472,306.706,1838:12;1861:2958;1862:3842;1863:2961;1864:3659
149.6098,1788883014.6646,6,3477.18,13494.20,16971.38,653.7,19004.3,44249.2,0.0,2088.476,42.713,306.706,1838:12;1861:2960;1862:3870;1863:2980;1864:3672
149.7153,1788883014.7701,6,3477.54,13715.43,17192.96,1185.1,19162.6,44090.9,0.0,2100.526,42.840,306.706,1838:12;1861:3017;1862:3949;1863:3068;1864:3669
149.8197,1788883014.8745,6,3477.86,13664.49,17142.36,979.6,19255.9,43997.6,0.0,2105.039,43.107,306.706,1838:12;1861:2964;1862:3924;1863:3080;1864:3684
149.9262,1788883014.9811,6,3478.05,13638.38,17116.43,857.4,19294.8,43958.7,0.0,2115.603,43.278,306.706,1838:12;1861:2970;1862:3933;1863:3008;1864:3715
150.0308,1788883015.0857,6,3478.18,13731.81,17209.99,1206.7,19492.5,43761.0,0.0,2116.340,43.456,306.706,1838:12;1861:2978;1862:3967;1863:3019;1864:3755
150.1353,1788883015.1901,6,3478.36,13789.98,17268.35,914.1,19459.7,43793.8,0.0,2123.430,43.636,306.706,1838:12;1861:3001;1862:3953;1863:3009;1864:3814
150.2427,1788883015.2975,6,3478.99,13750.79,17229.78,1273.6,19399.9,43853.6,0.0,2124.512,43.719,306.706,1838:12;1861:3009;1862:3962;1863:3004;1864:3764
150.3487,1788883015.4035,6,3479.60,13790.23,17269.83,938.8,19121.1,44132.4,0.0,2126.782,43.898,306.706,1838:12;1861:3016;1862:3951;1863:3005;1864:3806
150.4552,1788883015.5100,6,3479.98,13750.57,17230.55,889.5,19182.2,44071.3,0.0,2133.524,43.967,306.706,1838:12;1861:3019;1862:3963;1863:3001;1864:3754
150.5596,1788883015.6144,6,3480.20,13661.07,17141.27,684.8,19073.4,44180.1,0.0,2137.620,44.227,306.706,1838:12;1861:3036;1862:3980;1863:3013;1864:3620
150.6648,1788883015.7196,6,3480.66,13698.24,17178.90,957.5,19106.3,44147.1,0.0,2148.390,44.377,306.706,1838:12;1861:3043;1862:3994;1863:3020;1864:3629
150.7703,1788883015.8251,6,3480.97,13763.54,17244.50,464.3,19119.3,44134.2,0.0,2149.324,44.606,306.706,1838:12;1861:3052;1862:4014;1863:3034;1864:3651
150.8759,1788883015.9307,6,3481.39,13784.33,17265.72,954.9,19145.4,44108.1,0.0,2162.445,44.700,306.706,1838:12;1861:3058;1862:4020;1863:3033;1864:3661
150.9817,1788883016.0365,6,3481.56,13834.10,17315.66,517.6,19157.6,44095.9,0.0,2163.443,44.945,306.706,1838:12;1861:3067;1862:4032;1863:3043;1864:3680
151.0858,1788883016.1406,6,3481.56,13858.15,17339.71,652.8,19175.0,44078.5,0.0,2177.384,45.123,306.706,1838:12;1861:3076;1862:4032;1863:3052;1864:3686
151.1899,1788883016.2448,6,3481.57,13878.27,17359.83,461.7,19180.8,44072.7,0.0,2184.654,45.301,306.706,1838:12;1861:3074;1862:4040;1863:3054;1864:3698
151.2962,1788883016.3510,6,3481.59,13921.82,17403.41,508.1,19202.7,44050.8,0.0,2190.253,45.538,306.706,1838:12;1861:3088;1862:4050;1863:3068;1864:3703
151.4004,1788883016.4552,6,3481.59,13940.56,17422.14,1208.9,19225.7,44027.8,0.0,2214.758,45.735,306.706,1838:12;1861:3096;1862:4052;1863:3073;1864:3707
151.5046,1788883016.5594,6,3481.59,13997.38,17478.96,547.0,19232.1,44021.4,0.0,2224.359,46.030,306.706,1838:12;1861:3114;1862:4067;1863:3085;1864:3719
151.6089,1788883016.6637,6,3481.59,14006.93,17488.52,1035.0,19246.6,44006.9,0.0,2248.782,46.205,306.706,1838:12;1861:3119;1862:4063;1863:3090;1864:3722
151.7132,1788883016.7680,6,3481.63,14049.07,17530.70,334.4,19252.5,44000.9,0.0,2251.723,46.436,306.706,1838:12;1861:3129;1862:4074;1863:3103;1864:3731
151.8181,1788883016.8729,6,3481.66,14252.36,17734.02,1111.9,19356.5,43896.9,0.0,2271.070,46.614,306.706,1838:12;1861:3245;1862:4078;1863:3179;1864:3739
151.9270,1788883016.9818,6,3481.87,14215.59,17697.46,1219.9,19448.3,43805.2,0.0,2279.510,46.825,306.706,1838:12;1861:3227;1862:4090;1863:3131;1864:3756
152.0340,1788883017.0889,6,3482.21,14281.93,17764.14,1006.0,19440.3,43813.2,0.0,2298.098,47.054,306.706,1838:12;1861:3242;1862:4080;1863:3120;1864:3827
152.1409,1788883017.1957,6,3482.49,14262.42,17744.91,1200.4,19482.2,43771.2,0.0,2299.082,47.244,306.706,1838:12;1861:3225;1862:4090;1863:3145;1864:3790
152.2475,1788883017.3023,6,3482.98,14248.88,17731.86,952.5,19525.0,43728.5,0.0,2305.388,47.434,306.706,1838:12;1861:3207;1862:4097;1863:3149;1864:3784
152.3539,1788883017.4087,6,3483.28,14297.55,17780.83,1173.3,19557.0,43696.5,0.0,2321.231,47.629,306.706,1838:12;1861:3219;1862:4099;1863:3165;1864:3802
152.4609,1788883017.5157,6,3483.83,14366.28,17850.11,773.9,19606.8,43646.7,0.0,2326.245,47.878,306.706,1838:12;1861:3243;1862:4110;1863:3182;1864:3819
152.5669,1788883017.6217,6,3484.30,14419.59,17903.89,1387.8,19655.8,43597.7,0.0,2343.410,47.987,306.706,1838:12;1861:3249;1862:4112;1863:3196;1864:3851
152.6728,1788883017.7276,6,3484.78,14487.38,17972.16,848.0,19700.8,43552.7,0.0,2344.641,48.237,306.706,1838:12;1861:3262;1862:4123;1863:3205;1864:3885
152.7776,1788883017.8324,6,3485.09,14664.93,18150.02,1053.4,19815.5,43438.0,0.0,2357.336,48.345,306.706,1838:12;1861:3311;1862:4197;1863:3233;1864:3912
152.8829,1788883017.9377,6,3485.21,14684.79,18170.00,798.2,20025.8,43227.7,0.0,2358.328,48.495,306.706,1838:12;1861:3334;1862:4177;1863:3240;1864:3922
152.9896,1788883018.0444,6,3485.32,14765.95,18251.27,1096.4,20011.7,43241.8,0.0,2376.151,48.669,306.706,1838:12;1861:3381;1862:4140;1863:3260;1864:3973
153.0970,1788883018.1518,6,3485.36,14938.02,18423.37,1450.2,20100.5,43152.9,0.0,2377.546,48.843,306.706,1838:12;1861:3344;1862:4237;1863:3307;1864:4038
153.2101,1788883018.2649,6,3485.57,14922.67,18408.24,1257.4,20183.9,43069.5,0.0,2391.687,49.045,306.706,1838:12;1861:3373;1862:4280;1863:3259;1864:3999
153.3253,1788883018.3801,6,3485.70,14889.67,18375.37,1285.3,20350.7,42902.8,0.0,2392.396,49.286,306.706,1838:12;1861:3347;1862:4320;1863:3266;1864:3944
153.4307,1788883018.4856,6,3485.94,14947.35,18433.29,1022.5,20395.7,42857.8,0.0,2406.041,49.491,306.706,1838:12;1861:3359;1862:4302;1863:3279;1864:3995
153.5375,1788883018.5923,6,3486.38,14973.01,18459.39,1095.6,20369.4,42884.1,0.0,2407.140,49.619,306.706,1838:12;1861:3397;1862:4234;1863:3281;1864:4049
153.6423,1788883018.6971,6,3486.75,15095.64,18582.39,1166.9,20406.4,42847.1,0.0,2420.062,49.832,306.706,1838:12;1861:3452;1862:4251;1863:3291;1864:4089
153.7478,1788883018.8026,6,3487.38,15095.36,18582.73,1129.3,20358.7,42894.7,0.0,2421.680,49.945,306.706,1838:12;1861:3514;1862:4268;1863:3298;1864:4002
153.8541,1788883018.9090,6,3487.81,15008.59,18496.39,966.7,20286.2,42967.2,0.0,2426.046,50.180,306.706,1838:12;1861:3415;1862:4288;1863:3311;1864:3982
153.9596,1788883019.0144,6,3488.31,14908.79,18397.10,1333.1,20229.7,43023.8,0.0,2437.640,50.329,306.706,1838:12;1861:3390;1862:4305;1863:3319;1864:3883
154.0662,1788883019.1210,6,3489.02,15001.22,18490.23,951.5,20255.1,42998.4,0.0,2439.657,50.559,306.706,1838:12;1861:3443;1862:4321;1863:3328;1864:3897
154.1724,1788883019.2272,6,3489.48,15015.58,18505.06,993.2,20285.0,42968.5,0.0,2453.681,50.750,306.706,1838:12;1861:3420;1862:4334;1863:3333;1864:3916
154.2780,1788883019.3328,6,3489.90,15077.86,18567.76,919.6,20319.3,42934.2,0.0,2454.653,50.877,306.706,1838:12;1861:3435;1862:4353;1863:3351;1864:3926
154.3822,1788883019.4370,6,3489.90,15104.86,18594.76,710.7,20345.3,42908.2,0.0,2469.352,51.022,306.706,1838:12;1861:3445;1862:4353;1863:3360;1864:3934
154.4877,1788883019.5425,6,3489.90,15151.05,18640.95,677.3,20366.1,42887.4,0.0,2483.101,51.226,306.706,1838:12;1861:3453;1862:4376;1863:3366;1864:3944
154.5927,1788883019.6475,6,3489.90,15195.97,18685.87,852.3,20389.9,42863.6,0.0,2495.809,51.527,306.706,1838:12;1861:3465;1862:4385;1863:3381;1864:3953
154.6970,1788883019.7518,6,3489.96,15216.09,18706.05,747.2,20411.8,42841.7,0.0,2519.893,51.726,306.706,1838:12;1861:3474;1862:4389;1863:3384;1864:3956
154.8014,1788883019.8562,6,3489.96,15235.92,18725.89,700.1,20416.9,42836.5,0.0,2531.304,51.941,306.706,1838:12;1861:3480;1862:4397;1863:3386;1864:3960
154.9056,1788883019.9604,6,3489.96,15282.73,18772.70,740.0,20432.2,42821.3,0.0,2556.251,52.195,306.706,1838:12;1861:3493;1862:4404;1863:3404;1864:3970
155.0127,1788883020.0675,6,3489.97,15673.33,19163.30,1315.5,20452.5,42801.0,0.0,2566.556,52.436,306.706,1838:12;1861:3670;1862:4419;1863:3479;1864:4093
155.1268,1788883020.1816,6,3490.26,15608.04,19098.30,1314.6,20722.3,42531.2,0.0,2586.602,52.579,306.706,1838:12;1861:3607;1862:4416;1863:3513;1864:4060
155.2325,1788883020.2873,6,3490.52,15462.96,18953.48,1174.2,20717.5,42535.9,0.0,2600.761,52.828,306.706,1838:12;1861:3599;1862:4376;1863:3454;1864:4021
155.3389,1788883020.3937,6,3490.88,15558.23,19049.11,985.1,20783.1,42470.3,0.0,2614.044,53.019,306.706,1838:12;1861:3641;1862:4381;1863:3483;1864:4040
155.4453,1788883020.5001,6,3491.24,15527.54,19018.77,1272.9,20728.9,42524.6,0.0,2630.784,53.192,306.706,1838:12;1861:3573;1862:4387;1863:3519;1864:4036
155.5505,1788883020.6053,6,3491.66,15637.64,19129.30,1048.0,20802.2,42451.2,0.0,2643.128,53.420,306.706,1838:12;1861:3597;1862:4400;1863:3577;1864:4052
155.6624,1788883020.7172,6,3492.39,15641.38,19133.77,892.9,20760.7,42492.8,0.0,2657.734,53.499,306.706,1838:12;1861:3617;1862:4400;1863:3544;1864:4068
155.7687,1788883020.8235,6,3492.65,15626.22,19118.87,1204.8,20744.5,42509.0,0.0,2658.582,53.753,306.706,1838:12;1861:3635;1862:4410;1863:3489;1864:4080
155.8741,1788883020.9289,6,3493.31,15705.34,19198.65,799.7,20767.0,42486.5,0.0,2673.866,53.939,306.706,1838:12;1861:3641;1862:4419;1863:3531;1864:4102
155.9804,1788883021.0352,6,3493.44,15758.34,19251.78,927.7,20799.6,42453.8,0.0,2689.254,54.165,306.706,1838:12;1861:3659;1862:4427;1863:3544;1864:4116
156.0860,1788883021.1409,6,3493.65,15765.08,19258.73,974.1,20818.0,42435.5,0.0,2699.911,54.378,306.706,1838:12;1861:3663;1862:4426;1863:3547;1864:4117
156.1929,1788883021.2478,6,3494.04,15842.42,19336.45,741.6,20876.4,42377.0,0.0,2718.180,54.572,306.706,1838:12;1861:3670;1862:4479;1863:3561;1864:4120
156.2994,1788883021.3542,6,3494.22,16074.29,19568.51,1144.5,20902.7,42350.8,0.0,2729.212,54.759,306.706,1838:12;1861:3711;1862:4652;1863:3555;1864:4143
156.4080,1788883021.4629,6,3494.41,16044.67,19539.08,1228.7,21169.4,42084.0,0.0,2744.064,54.936,306.706,1838:12;1861:3697;1862:4574;1863:3593;1864:4169
156.5159,1788883021.5708,6,3494.70,16139.56,19634.26,1324.9,21428.2,41825.3,0.0,2757.384,55.140,306.706,1838:12;1861:3701;1862:4633;1863:3570;1864:4223
156.6230,1788883021.6778,6,3495.19,16127.01,19622.20,977.5,21497.4,41756.1,0.0,2771.999,55.309,306.706,1838:12;1861:3709;1862:4577;1863:3608;1864:4221
156.7308,1788883021.7856,6,3495.53,16390.01,19885.54,1440.9,21774.5,41478.9,0.0,2782.697,55.440,306.706,1838:12;1861:3774;1862:4674;1863:3700;1864:4229
156.8460,1788883021.9008,6,3495.87,16237.53,19733.40,1273.9,21923.2,41330.3,0.0,2784.621,55.600,306.706,1838:12;1861:3721;1862:4657;1863:3596;1864:4251
156.9606,1788883022.0154,6,3496.21,16345.41,19841.62,905.9,22030.0,41223.5,0.0,2792.578,55.770,306.706,1838:12;1861:3707;1862:4726;1863:3616;1864:4284
157.0655,1788883022.1203,6,3496.21,16335.66,19831.88,861.2,22061.3,41192.2,0.0,2797.683,55.946,306.706,1838:12;1861:3721;1862:4683;1863:3624;1864:4295
157.1700,1788883022.2248,6,3496.21,16359.64,19855.86,786.8,22088.1,41165.4,0.0,2810.201,56.215,306.706,1838:12;1861:3730;1862:4690;1863:3631;1864:4296
157.2742,1788883022.3290,6,3496.21,16401.95,19898.16,710.4,22098.7,41154.8,0.0,2822.222,56.454,306.706,1838:12;1861:3736;1862:4708;1863:3640;1864:4306
157.3784,1788883022.4332,6,3496.45,16464.41,19960.85,916.7,22114.7,41138.8,0.0,2831.049,56.696,306.706,1838:12;1861:3741;1862:4716;1863:3674;1864:4320
157.4856,1788883022.5404,6,3496.62,16489.63,19986.25,618.4,22139.7,41113.7,0.0,2839.920,56.839,306.706,1838:12;1861:3755;1862:4724;1863:3678;1864:4321
157.5904,1788883022.6452,6,3496.77,16494.65,19991.41,967.9,22100.7,41152.7,0.0,2848.801,57.069,306.706,1838:12;1861:3763;1862:4730;1863:3691;1864:4298
157.6947,1788883022.7495,6,3497.11,16569.32,20066.43,814.0,22151.0,41102.4,0.0,2864.486,57.299,306.706,1838:12;1861:3776;1862:4733;1863:3696;1864:4352
157.7995,1788883022.8543,6,3497.26,16574.35,20071.61,773.6,22167.3,41086.2,0.0,2871.184,57.530,306.706,1838:12;1861:3781;1862:4746;1863:3702;1864:4333
157.9038,1788883022.9587,6,3497.48,16634.91,20132.40,966.9,22197.1,41056.4,0.0,2892.496,57.764,306.706,1838:12;1861:3794;1862:4766;1863:3710;1864:4352
158.0107,1788883023.0655,6,3497.72,16672.77,20170.49,760.3,22201.4,41052.1,0.0,2894.013,57.986,306.706,1838:12;1861:3803;1862:4770;1863:3715;1864:4373
158.1172,1788883023.1720,6,3498.00,16719.64,20217.64,638.9,22212.4,41041.1,0.0,2907.173,58.201,306.706,1838:12;1861:3811;1862:4775;1863:3728;1864:4393
158.2236,1788883023.2784,6,3498.33,16736.32,20234.65,907.4,22218.7,41034.8,0.0,2917.074,58.356,306.706,1838:12;1861:3818;1862:4773;1863:3725;1864:4408
158.3280,1788883023.3829,6,3498.66,16792.55,20291.21,570.9,22238.8,41014.7,0.0,2918.667,58.619,306.706,1838:12;1861:3828;1862:4785;1863:3737;1864:4430
158.4353,1788883023.4901,6,3499.51,16945.80,20445.31,1246.2,22335.5,40917.9,0.0,2937.581,58.764,306.706,1838:12;1861:3842;1862:4799;1863:3807;1864:4485
158.5428,1788883023.5976,6,3499.88,16979.29,20479.17,1329.7,22233.7,41019.8,0.0,2939.162,58.903,306.706,1838:12;1861:3840;1862:4881;1863:3741;1864:4504
158.6495,1788883023.7043,6,3500.41,16954.58,20454.99,1307.7,22105.8,41147.7,0.0,2949.492,58.980,306.706,1838:12;1861:3825;1862:4879;1863:3726;1864:4512
158.7558,1788883023.8106,6,3501.07,16828.95,20330.03,913.2,22088.1,41165.4,0.0,2950.035,59.115,306.706,1838:12;1861:3769;1862:4835;1863:3732;1864:4481
158.8620,1788883023.9168,6,3501.73,16777.20,20278.93,1030.2,22137.5,41116.0,0.0,2958.879,59.182,306.706,1838:12;1861:3776;1862:4838;1863:3667;1864:4484
158.9667,1788883024.0215,6,3501.95,16850.45,20352.41,374.0,22140.0,41113.5,0.0,2959.473,59.318,306.706,1838:12;1861:3794;1862:4856;1863:3683;1864:4505
159.0708,1788883024.1257,6,3501.97,16876.92,20378.89,794.4,22155.2,41098.3,0.0,2970.496,59.495,306.706,1838:12;1861:3798;1862:4867;1863:3689;1864:4511
159.1753,1788883024.2301,6,3501.97,16904.84,20406.82,334.0,22156.8,41096.7,0.0,2975.441,59.699,306.706,1838:12;1861:3806;1862:4872;1863:3695;1864:4520
159.2803,1788883024.3351,6,3502.21,16942.75,20444.96,861.0,22172.3,41081.2,0.0,2988.643,59.898,306.706,1838:12;1861:3811;1862:4885;1863:3707;1864:4528
159.3863,1788883024.4411,6,3502.37,17249.30,20751.67,1294.7,22449.8,40803.7,0.0,2994.941,60.026,306.706,1838:12;1861:3886;1862:4982;1863:3827;1864:4542
159.4973,1788883024.5521,6,3502.75,17096.69,20599.44,1160.3,22580.4,40673.1,0.0,2995.449,60.134,306.706,1838:12;1861:3817;1862:4925;1863:3764;1864:4578
159.6030,1788883024.6579,6,3503.21,17150.03,20653.25,945.9,22653.1,40600.4,0.0,2999.920,60.276,306.706,1838:12;1861:3835;1862:4958;1863:3820;1864:4525
159.7092,1788883024.7640,6,3503.97,17247.64,20751.62,900.5,22716.1,40537.4,0.0,3002.158,60.413,306.706,1838:12;1861:3853;1862:4991;1863:3837;1864:4554
159.8159,1788883024.8707,6,3504.69,17299.15,20803.84,944.5,22790.6,40462.9,0.0,3002.978,60.570,306.706,1838:12;1861:3902;1862:4943;1863:3916;1864:4525
159.9217,1788883024.9765,6,3505.32,17241.66,20746.97,842.9,22746.7,40506.8,0.0,3007.342,60.726,306.706,1838:12;1861:3880;1862:4945;1863:3904;1864:4500
160.0259,1788883025.0807,6,3505.61,17266.09,20771.70,998.4,22671.9,40581.6,0.0,3010.394,60.942,306.706,1838:12;1861:3891;1862:4959;1863:3886;1864:4517
160.1311,1788883025.1860,6,3505.82,17325.53,20831.35,804.8,22690.5,40562.9,0.0,3016.505,61.223,306.706,1838:12;1861:3907;1862:4968;1863:3901;1864:4538
160.2354,1788883025.2902,6,3506.08,17358.85,20864.93,968.6,22711.8,40541.7,0.0,3023.922,61.398,306.706,1838:12;1861:3911;1862:4980;1863:3905;1864:4550
160.3408,1788883025.3956,6,3506.43,17399.04,20905.47,837.0,22726.7,40526.8,0.0,3030.355,61.684,306.706,1838:12;1861:3924;1862:4993;1863:3913;1864:4556
160.4473,1788883025.5021,6,3506.43,17442.96,20949.39,606.4,22732.9,40520.6,0.0,3041.309,61.897,306.706,1838:12;1861:3934;1862:5005;1863:3927;1864:4564
160.5529,1788883025.6077,6,3506.43,17479.70,20986.13,679.4,22746.3,40507.2,0.0,3044.721,62.091,306.706,1838:12;1861:3940;1862:5012;1863:3941;1864:4574
160.6571,1788883025.7119,6,3506.45,17515.84,21022.29,938.9,22752.4,40501.1,0.0,3053.949,62.316,306.706,1838:12;1861:3947;1862:5027;1863:3942;1864:4587
160.7619,1788883025.8167,6,3506.49,17559.44,21065.93,544.4,22757.0,40496.5,0.0,3058.245,62.573,306.706,1838:12;1861:3952;1862:5034;1863:3958;1864:4604
160.8683,1788883025.9231,6,3506.49,17580.99,21087.48,447.9,22757.7,40495.7,0.0,3064.821,62.777,306.706,1838:12;1861:3959;1862:5038;1863:3964;1864:4607
160.9733,1788883026.0281,6,3506.50,17753.72,21260.22,1143.9,22877.4,40376.0,0.0,3073.425,62.974,306.706,1838:12;1861:4017;1862:5052;1863:4054;1864:4618
161.0800,1788883026.1348,6,3506.59,17868.56,21375.15,1226.3,23126.0,40127.5,0.0,3080.100,63.183,306.706,1838:12;1861:4073;1862:5080;1863:4025;1864:4679
161.1868,1788883026.2416,6,3506.77,17820.80,21327.57,1420.6,23091.0,40162.5,0.0,3097.707,63.315,306.706,1838:12;1861:4021;1862:5140;1863:4012;1864:4635
161.2939,1788883026.3487,6,3507.04,17819.01,21326.05,1295.6,23230.6,40022.9,0.0,3103.593,63.510,306.706,1838:12;1861:4060;1862:5063;1863:4039;1864:4644
161.4008,1788883026.4556,6,3507.55,17903.57,21411.13,1181.1,23221.4,40032.1,0.0,3115.479,63.683,306.706,1838:12;1861:4114;1862:5076;1863:4061;1864:4640
161.5059,1788883026.5607,6,3508.20,17916.91,21425.11,1231.2,23200.9,40052.6,0.0,3125.264,63.872,306.706,1838:12;1861:4162;1862:5052;1863:4050;1864:4640
161.6123,1788883026.6671,6,3508.73,18021.28,21530.01,923.8,23259.6,39993.8,0.0,3135.632,64.097,306.706,1838:12;1861:4237;1862:5068;1863:4062;1864:4641
161.7185,1788883026.7733,6,3509.39,17997.71,21507.10,1227.6,23294.0,39959.5,0.0,3144.948,64.249,306.706,1838:12;1861:4195;1862:5075;1863:4069;1864:4647
161.8236,1788883026.8784,6,3510.13,18090.16,21600.29,1031.9,23340.9,39912.6,0.0,3156.502,64.464,306.706,1838:12;1861:4248;1862:5082;1863:4099;1864:4649
161.9302,1788883026.9850,6,3510.59,18131.78,21642.37,1279.5,23380.1,39873.4,0.0,3169.753,64.629,306.706,1838:12;1861:4280;1862:5056;1863:4130;1864:4652
162.0367,1788883027.0915,6,3511.39,18092.85,21604.24,916.3,23314.8,39938.7,0.0,3179.876,64.762,306.706,1838:12;1861:4254;1862:5057;1863:4116;1864:4654
162.1434,1788883027.1982,6,3512.05,18126.02,21638.07,1080.9,23332.0,39921.5,0.0,3195.180,64.898,306.706,1838:12;1861:4257;1862:5073;1863:4122;1864:4662
162.2499,1788883027.3047,6,3512.79,18171.20,21683.99,701.5,23355.3,39898.2,0.0,3197.914,65.011,306.706,1838:12;1861:4260;1862:5099;1863:4141;1864:4660
162.3560,1788883027.4109,6,3513.56,18171.93,21685.49,942.0,23366.9,39886.6,0.0,3219.334,65.142,306.706,1838:12;1861:4280;1862:5138;1863:4075;1864:4667
162.4625,1788883027.5174,6,3514.03,18247.12,21761.15,1162.0,23572.5,39681.0,0.0,3219.842,65.189,306.706,1838:12;1861:4317;1862:5132;1863:4111;1864:4676
162.5693,1788883027.6241,6,3514.16,18401.70,21915.86,862.9,23726.3,39527.2,0.0,3225.955,65.397,306.706,1838:12;1861:4270;1862:5289;1863:4146;1864:4685
162.6747,1788883027.7295,6,3514.45,18144.79,21659.24,1354.2,23756.8,39496.7,0.0,3247.283,65.527,306.706,1838:12;1861:4255;1862:5117;1863:4069;1864:4692
162.7794,1788883027.8342,6,3514.70,18158.36,21673.06,785.1,23718.1,39535.3,0.0,3255.446,65.737,306.706,1838:12;1861:4268;1862:5106;1863:4071;1864:4702
162.8860,1788883027.9409,6,3515.05,18178.66,21693.71,1095.2,23754.8,39498.7,0.0,3273.838,65.925,306.706,1838:12;1861:4275;1862:5120;1863:4058;1864:4714
162.9986,1788883028.0534,6,3515.05,18221.68,21736.73,845.4,23751.3,39502.2,0.0,3286.054,66.173,306.706,1838:12;1861:4290;1862:5132;1863:4067;1864:4720
163.1037,1788883028.1585,6,3515.05,18268.57,21783.63,589.8,23759.1,39494.3,0.0,3297.728,66.381,306.706,1838:12;1861:4297;1862:5148;1863:4075;1864:4736
163.2107,1788883028.2655,6,3515.05,18299.62,21814.68,718.1,23764.9,39488.6,0.0,3304.863,66.646,306.706,1838:12;1861:4302;1862:5157;1863:4088;1864:4740
163.3180,1788883028.3728,6,3515.05,18337.05,21852.10,850.1,23771.9,39481.6,0.0,3322.620,66.896,306.706,1838:12;1861:4312;1862:5164;1863:4093;1864:4756
163.4245,1788883028.4793,6,3515.10,18616.10,22131.20,1426.6,23884.1,39369.4,0.0,3334.599,67.055,306.706,1838:12;1861:4349;1862:5260;1863:4106;1864:4889
163.5310,1788883028.5859,6,3515.14,18475.61,21990.75,1062.2,23792.8,39460.7,0.0,3335.615,67.294,306.706,1838:12;1861:4337;1862:5227;1863:4117;1864:4781
163.6360,1788883028.6909,6,3515.20,18548.20,22063.40,1291.4,23781.2,39472.3,0.0,3353.443,67.486,306.706,1838:12;1861:4343;1862:5282;1863:4109;1864:4802
163.7424,1788883028.7972,6,3515.31,18559.14,22074.45,1101.9,23745.1,39508.4,0.0,3360.497,67.768,306.706,1838:12;1861:4383;1862:5222;1863:4119;1864:4823
163.8486,1788883028.9034,6,3515.58,18586.51,22102.09,1096.5,23810.4,39443.0,0.0,3377.152,67.952,306.706,1838:12;1861:4384;1862:5215;1863:4124;1864:4851
163.9543,1788883029.0091,6,3515.86,18589.32,22105.18,1043.2,23829.3,39424.2,0.0,3389.220,68.191,306.706,1838:12;1861:4435;1862:5229;1863:4134;1864:4779
164.0608,1788883029.1156,6,3516.19,18585.30,22101.49,1101.0,23875.5,39378.0,0.0,3404.981,68.349,306.706,1838:12;1861:4406;1862:5238;1863:4137;1864:4792
164.1661,1788883029.2209,6,3516.52,18629.46,22145.99,923.5,23880.4,39373.0,0.0,3415.341,68.567,306.706,1838:12;1861:4417;1862:5251;1863:4151;1864:4799
164.2711,1788883029.3259,6,3517.00,18665.31,22182.31,1028.8,23883.0,39370.5,0.0,3434.810,68.704,306.706,1838:12;1861:4434;1862:5256;1863:4151;1864:4811
164.3771,1788883029.4319,6,3517.53,18764.41,22281.94,986.7,23947.3,39306.2,0.0,3443.756,68.885,306.706,1838:12;1861:4464;1862:5276;1863:4175;1864:4837
164.4825,1788883029.5373,6,3517.87,19096.54,22614.41,1375.8,24231.0,39022.5,0.0,3460.064,69.013,306.706,1838:12;1861:4555;1862:5289;1863:4276;1864:4963
164.5920,1788883029.6468,6,3518.22,18962.56,22480.79,1217.1,24213.0,39040.5,0.0,3468.610,69.130,306.706,1838:12;1861:4469;1862:5273;1863:4254;1864:4953
164.6986,1788883029.7534,6,3518.95,18921.50,22440.45,1296.2,24255.8,38997.7,0.0,3479.318,69.222,306.706,1838:12;1861:4533;1862:5266;1863:4174;1864:4935
164.8042,1788883029.8590,6,3519.75,18875.68,22395.42,876.5,24164.8,39088.6,0.0,3484.317,69.356,306.706,1838:12;1861:4488;1862:5205;1863:4163;1864:5007
164.9102,1788883029.9650,6,3520.45,18799.84,22320.29,1022.0,24184.2,39069.3,0.0,3494.232,69.449,306.706,1838:12;1861:4503;1862:5208;1863:4166;1864:4910
165.0159,1788883030.0707,6,3521.21,18839.47,22360.69,746.2,24198.5,39055.0,0.0,3494.738,69.561,306.706,1838:12;1861:4514;1862:5226;1863:4167;1864:4920
165.1217,1788883030.1765,6,3521.82,18868.95,22390.76,988.2,24237.4,39016.1,0.0,3508.047,69.672,306.706,1838:12;1861:4499;1862:5240;1863:4187;1864:4930
165.2280,1788883030.2828,6,3522.12,18918.23,22440.35,592.7,24247.2,39006.3,0.0,3511.757,69.794,306.706,1838:12;1861:4499;1862:5256;1863:4201;1864:4951
165.3324,1788883030.3872,6,3522.23,18965.71,22487.94,1024.4,24273.9,38979.6,0.0,3526.232,70.039,306.706,1838:12;1861:4507;1862:5267;1863:4213;1864:4966
165.4378,1788883030.4926,6,3522.53,19012.38,22534.90,689.5,24303.2,38950.3,0.0,3533.819,70.234,306.706,1838:12;1861:4512;1862:5267;1863:4227;1864:4994
165.5424,1788883030.5972,6,3522.73,19111.49,22634.22,626.9,24359.0,38894.5,0.0,3548.794,70.506,306.706,1838:12;1861:4529;1862:5282;1863:4232;1864:5056
165.6478,1788883030.7026,6,3523.07,19329.15,22852.21,1344.7,24567.2,38686.2,0.0,3554.814,70.639,306.706,1838:12;1861:4557;1862:5386;1863:4273;1864:5102
165.7532,1788883030.8080,6,3523.32,19417.39,22940.71,1278.8,24730.1,38523.4,0.0,3560.453,70.822,306.706,1838:12;1861:4579;1862:5418;1863:4326;1864:5082
165.8598,1788883030.9146,6,3523.60,19207.35,22730.95,1193.2,24547.8,38705.7,0.0,3561.423,70.985,306.706,1838:12;1861:4579;1862:5329;1863:4259;1864:5028
165.9644,1788883031.0192,6,3524.48,19241.98,22766.46,1118.7,24610.7,38642.8,0.0,3566.639,71.100,306.706,1838:12;1861:4590;1862:5309;1863:4297;1864:5034
166.0708,1788883031.1257,6,3525.21,19156.75,22681.96,1038.7,24359.4,38894.1,0.0,3567.273,71.184,306.706,1838:12;1861:4633;1862:5224;1863:4272;1864:5015
166.1778,1788883031.2326,6,3526.15,19241.79,22767.94,1000.3,24389.2,38864.3,0.0,3568.685,71.313,306.706,1838:12;1861:4683;1862:5241;1863:4285;1864:5021
166.2835,1788883031.3383,6,3526.60,19240.41,22767.00,782.3,24298.2,38955.3,0.0,3572.697,71.438,306.706,1838:12;1861:4697;1862:5208;1863:4292;1864:5031
166.3883,1788883031.4432,6,3527.16,19303.41,22830.57,762.5,24337.3,38916.2,0.0,3576.325,71.591,306.706,1838:12;1861:4710;1862:5252;1863:4299;1864:5030
166.4948,1788883031.5496,6,3527.55,19324.34,22851.89,714.4,24369.9,38883.6,0.0,3580.075,71.712,306.706,1838:12;1861:4721;1862:5252;1863:4308;1864:5031
166.6011,1788883031.6559,6,3527.91,19376.48,22904.39,842.7,24385.7,38867.8,0.0,3583.167,71.854,306.706,1838:12;1861:4745;1862:5274;1863:4322;1864:5023
166.7080,1788883031.7628,6,3528.23,19429.58,22957.81,823.6,24421.0,38832.4,0.0,3585.582,72.054,306.706,1838:12;1861:4766;1862:5287;1863:4333;1864:5032
166.8133,1788883031.8681,6,3528.31,19477.12,23005.43,815.5,24446.5,38807.0,0.0,3593.757,72.284,306.706,1838:12;1861:4781;1862:5307;1863:4341;1864:5037
166.9176,1788883031.9724,6,3528.50,19447.40,22975.90,755.5,24422.6,38830.8,0.0,3598.775,72.497,306.706,1838:12;1861:4761;1862:5286;1863:4346;1864:5042
167.0221,1788883032.0769,6,3528.68,19485.11,23013.80,785.1,24434.5,38818.9,0.0,3604.342,72.716,306.706,1838:12;1861:4769;1862:5297;1863:4356;1864:5051
167.1266,1788883032.1814,6,3528.86,19894.17,23423.03,1061.4,24902.0,38351.5,0.0,3609.164,72.849,306.706,1838:12;1861:4776;1862:5306;1863:4475;1864:5325
167.2354,1788883032.2902,6,3529.09,19738.10,23267.20,1428.7,24957.8,38295.6,0.0,3616.531,72.948,306.706,1838:12;1861:4735;1862:5436;1863:4438;1864:5118
167.3430,1788883032.3979,6,3529.47,19879.89,23409.36,1056.0,25038.6,38214.9,0.0,3617.572,73.107,306.706,1838:12;1861:4750;1862:5476;1863:4464;1864:5177
167.4495,1788883032.5043,6,3530.21,19623.55,23153.77,994.6,24926.4,38327.1,0.0,3624.491,73.214,306.706,1838:12;1861:4759;1862:5418;1863:4356;1864:5078
167.5550,1788883032.6098,6,3530.68,19682.98,23213.66,832.3,24947.1,38306.4,0.0,3627.179,73.359,306.706,1838:12;1861:4765;1862:5460;1863:4363;1864:5082
167.6608,1788883032.7156,6,3531.81,19697.73,23229.55,1034.3,24981.2,38272.3,0.0,3633.101,73.473,306.706,1838:12;1861:4772;1862:5459;1863:4371;1864:5083
167.7660,1788883032.8208,6,3532.24,19716.54,23248.78,502.7,24943.4,38310.1,0.0,3634.246,73.641,306.706,1838:12;1861:4810;1862:5410;1863:4390;1864:5095
167.8717,1788883032.9265,6,3532.58,19739.79,23272.37,946.5,24915.9,38337.6,0.0,3641.853,73.758,306.706,1838:12;1861:4790;1862:5433;1863:4403;1864:5102
167.9783,1788883033.0331,6,3532.96,19750.45,23283.41,924.4,24946.1,38307.4,0.0,3643.488,73.928,306.706,1838:12;1861:4776;1862:5444;1863:4405;1864:5114
168.0857,1788883033.1405,6,3533.43,19814.07,23347.49,951.7,24979.8,38273.7,0.0,3655.664,74.110,306.706,1838:12;1861:4803;1862:5452;1863:4419;1864:5128
168.1925,1788883033.2473,6,3533.82,19854.29,23388.11,968.9,24996.3,38257.2,0.0,3656.920,74.316,306.706,1838:12;1861:4810;1862:5468;1863:4425;1864:5139
168.2988,1788883033.3536,6,3534.28,19917.06,23451.34,835.2,25022.9,38230.6,0.0,3668.404,74.517,306.706,1838:12;1861:4830;1862:5480;1863:4442;1864:5152
168.4115,1788883033.4663,6,3534.68,19918.76,23453.44,692.1,25033.3,38220.1,0.0,3669.592,74.576,306.706,1838:12;1861:4829;1862:5493;1863:4436;1864:5149
168.5168,1788883033.5716,6,3535.07,19994.38,23529.45,680.8,25055.4,38198.1,0.0,3677.843,74.826,306.706,1838:12;1861:4859;1862:5510;1863:4452;1864:5161
168.6228,1788883033.6776,6,3535.56,20038.35,23573.91,1081.3,25093.9,38159.6,0.0,3682.796,74.967,306.706,1838:12;1861:4908;1862:5524;1863:4426;1864:5168
168.7290,1788883033.7839,6,3535.98,20101.56,23637.54,582.8,25110.4,38143.1,0.0,3683.742,75.171,306.706,1838:12;1861:4930;1862:5536;1863:4437;1864:5186
168.8355,1788883033.8903,6,3536.26,20087.64,23623.91,1158.5,25341.9,37911.6,0.0,3695.674,75.323,306.706,1838:12;1861:4882;1862:5540;1863:4463;1864:5191
168.9407,1788883033.9955,6,3536.72,20156.65,23693.38,1194.5,25542.8,37710.7,0.0,3698.801,75.388,306.706,1838:12;1861:4928;1862:5579;1863:4444;1864:5194
169.0462,1788883034.1010,6,3537.04,20313.98,23851.02,1254.2,25493.2,37760.3,0.0,3701.894,75.552,306.706,1838:12;1861:5094;1862:5543;1863:4453;1864:5212
169.1514,1788883034.2063,6,3537.54,20190.03,23727.57,858.2,25517.5,37736.0,0.0,3710.514,75.663,306.706,1838:12;1861:5040;1862:5512;1863:4416;1864:5211
169.2564,1788883034.3112,6,3538.64,20240.22,23778.86,870.9,25550.5,37703.0,0.0,3710.909,75.794,306.706,1838:12;1861:5075;1862:5518;1863:4421;1864:5214
169.3620,1788883034.4168,6,3539.18,20207.47,23746.66,824.6,25587.9,37665.6,0.0,3716.961,75.860,306.706,1838:12;1861:5049;1862:5524;1863:4384;1864:5238
169.4661,1788883034.5209,6,3539.53,20120.16,23659.69,642.0,25537.4,37716.0,0.0,3717.673,76.039,306.706,1838:12;1861:4978;1862:5525;1863:4391;1864:5213
169.5705,1788883034.6253,6,3539.82,20158.38,23698.20,801.3,25547.0,37706.4,0.0,3724.765,76.135,306.706,1838:12;1861:5002;1862:5530;1863:4397;1864:5217
169.6754,1788883034.7302,6,3540.19,20199.75,23739.94,627.1,25570.6,37682.8,0.0,3725.441,76.324,306.706,1838:12;1861:5015;1862:5534;1863:4408;1864:5231
169.7807,1788883034.8355,6,3540.24,20220.56,23760.80,585.0,25590.8,37662.7,0.0,3732.514,76.464,306.706,1838:12;1861:5029;1862:5537;1863:4410;1864:5231
169.8848,1788883034.9396,6,3540.24,20257.47,23797.71,345.3,25591.6,37661.9,0.0,3733.516,76.700,306.706,1838:12;1861:5042;1862:5538;1863:4420;1864:5245
169.9890,1788883035.0439,6,3540.24,20278.57,23818.80,758.4,25591.2,37662.3,0.0,3749.629,76.821,306.706,1838:12;1861:5048;1862:5545;1863:4425;1864:5248
170.0932,1788883035.1480,6,3540.24,20310.40,23850.64,374.5,25596.3,37657.2,0.0,3750.714,77.060,306.706,1838:12;1861:5058;1862:5546;1863:4437;1864:5257
170.1980,1788883035.2529,6,3540.25,20436.69,23976.94,944.9,25644.4,37609.1,0.0,3764.210,77.201,306.706,1838:12;1861:5077;1862:5582;1863:4475;1864:5290
170.3098,1788883035.3646,6,3540.32,20665.43,24205.75,1133.1,25848.0,37405.5,0.0,3764.829,77.336,306.706,1838:12;1861:5076;1862:5787;1863:4452;1864:5339
170.4163,1788883035.4711,6,3540.66,20562.93,24103.59,1082.8,25760.1,37493.3,0.0,3770.671,77.442,306.706,1838:12;1861:5091;1862:5785;1863:4475;1864:5200
170.5213,1788883035.5761,6,3541.08,20483.27,24024.35,941.3,25803.2,37450.2,0.0,3771.525,77.597,306.706,1838:12;1861:5095;1862:5716;1863:4497;1864:5164
170.6270,1788883035.6819,6,3541.61,20451.12,23992.73,959.4,25832.9,37420.6,0.0,3778.503,77.709,306.706,1838:12;1861:5114;1862:5650;1863:4508;1864:5167
170.7387,1788883035.7935,6,3542.34,20359.78,23902.11,804.4,25837.2,37416.3,0.0,3778.809,77.756,306.706,1838:12;1861:5083;1862:5654;1863:4444;1864:5166
170.8435,1788883035.8983,6,3543.23,20410.10,23953.34,932.0,25852.1,37401.4,0.0,3785.599,77.825,306.706,1838:12;1861:5088;1862:5683;1863:4450;1864:5176
170.9500,1788883036.0048,6,3544.20,20472.65,24016.85,719.8,25863.3,37390.2,0.0,3785.912,77.911,306.706,1838:12;1861:5093;1862:5729;1863:4458;1864:5180
171.0554,1788883036.1102,6,3544.76,20494.56,24039.32,780.7,25865.9,37387.5,0.0,3789.958,77.937,306.706,1838:12;1861:5103;1862:5732;1863:4466;1864:5181
171.1617,1788883036.2165,6,3545.62,20438.72,23984.34,689.0,25793.8,37459.7,0.0,3790.260,77.942,306.706,1838:12;1861:5104;1862:5669;1863:4475;1864:5179
171.2676,1788883036.3224,6,3546.06,20442.15,23988.21,722.9,25805.0,37448.5,0.0,3796.563,78.042,306.706,1838:12;1861:5109;1862:5635;1863:4494;1864:5192
171.3744,1788883036.4292,6,3546.64,20457.18,24003.82,801.1,25821.5,37432.0,0.0,3797.028,78.060,306.706,1838:12;1861:5110;1862:5636;1863:4511;1864:5187
171.4791,1788883036.5339,6,3546.93,20508.79,24055.72,528.6,25834.4,37419.1,0.0,3804.283,78.197,306.706,1838:12;1861:5134;1862:5654;1863:4507;1864:5202
171.5851,1788883036.6399,6,3546.93,20497.67,24044.60,338.3,25834.8,37418.7,0.0,3805.170,78.239,306.706,1838:12;1861:5129;1862:5654;1863:4507;1864:5196
171.6914,1788883036.7462,6,3546.97,20544.70,24091.67,599.6,25856.1,37397.4,0.0,3815.429,78.502,306.706,1838:12;1861:5143;1862:5664;1863:4520;1864:5205
171.7964,1788883036.8512,6,3546.97,20567.48,24114.46,624.0,25863.6,37389.8,0.0,3820.590,78.688,306.706,1838:12;1861:5150;1862:5671;1863:4528;1864:5207
171.9006,1788883036.9554,6,3546.97,20592.60,24139.57,187.6,25863.6,37389.8,0.0,3826.688,78.848,306.706,1838:12;1861:5154;1862:5675;1863:4537;1864:5215
172.0076,1788883037.0624,6,3547.00,20844.21,24391.21,1350.7,25921.1,37332.4,0.0,3835.398,78.964,306.706,1838:12;1861:5260;1862:5682;1863:4621;1864:5269
172.1150,1788883037.1699,6,3547.49,20882.48,24429.98,1267.3,26090.8,37162.7,0.0,3836.180,79.089,306.706,1838:12;1861:5149;1862:5690;1863:4628;1864:5403
172.2219,1788883037.2767,6,3548.16,20719.29,24267.45,859.7,26008.1,37245.4,0.0,3841.596,79.227,306.706,1838:12;1861:5074;1862:5681;1863:4652;1864:5300
172.3278,1788883037.3826,6,3548.54,20703.16,24251.70,914.6,26038.4,37215.1,0.0,3843.604,79.282,306.706,1838:12;1861:5079;1862:5680;1863:4599;1864:5333
172.4327,1788883037.4875,6,3548.88,20662.13,24211.01,611.6,26055.1,37198.4,0.0,3847.166,79.451,306.706,1838:12;1861:5090;1862:5691;1863:4607;1864:5262
172.5374,1788883037.5922,6,3549.15,20686.34,24235.50,708.4,26061.0,37192.5,0.0,3851.360,79.574,306.706,1838:12;1861:5095;1862:5697;1863:4613;1864:5269
172.6418,1788883037.6966,6,3549.34,20720.15,24269.49,344.2,26063.0,37190.4,0.0,3852.059,79.736,306.706,1838:12;1861:5101;1862:5707;1863:4625;1864:5275
172.7464,1788883037.8012,6,3549.52,20734.39,24283.92,632.5,26071.3,37182.2,0.0,3859.548,79.875,306.706,1838:12;1861:5105;1862:5713;1863:4627;1864:5277
172.8507,1788883037.9055,6,3549.80,20755.94,24305.74,587.7,26073.5,37180.0,0.0,3860.263,80.043,306.706,1838:12;1861:5109;1862:5719;1863:4636;1864:5279
172.9563,1788883038.0111,6,3550.03,20771.66,24321.69,652.0,26080.0,37173.5,0.0,3867.194,80.111,306.706,1838:12;1861:5109;1862:5719;1863:4641;1864:5290
173.0623,1788883038.1171,6,3550.14,20797.66,24347.80,330.9,26084.2,37169.3,0.0,3867.682,80.193,306.706,1838:12;1861:5115;1862:5721;1863:4647;1864:5303
173.1680,1788883038.2228,6,3550.40,20818.02,24368.42,541.0,26093.9,37159.5,0.0,3869.637,80.281,306.706,1838:12;1861:5116;1862:5726;1863:4649;1864:5314
173.2735,1788883038.3283,6,3550.46,20825.05,24375.51,603.3,26110.5,37143.0,0.0,3875.991,80.408,306.706,1838:12;1861:5120;1862:5729;1863:4641;1864:5323
173.3776,1788883038.4324,6,3550.46,20854.98,24405.45,335.3,26114.5,37139.0,0.0,3877.615,80.540,306.706,1838:12;1861:5125;1862:5733;1863:4652;1864:5332
173.4821,1788883038.5369,6,3550.46,20876.36,24426.82,393.3,26115.0,37138.5,0.0,3883.785,80.683,306.706,1838:12;1861:5128;1862:5737;1863:4660;1864:5339
173.5863,1788883038.6411,6,3550.46,20893.18,24443.64,251.1,26125.7,37127.8,0.0,3890.139,80.808,306.706,1838:12;1861:5133;1862:5744;1863:4663;1864:5341
173.6942,1788883038.7490,6,3550.52,20901.89,24452.42,469.1,26127.6,37125.8,0.0,3892.090,80.899,306.706,1838:12;1861:5134;1862:5743;1863:4668;1864:5345
173.7983,1788883038.8531,6,3550.52,20929.21,24479.73,307.1,26131.3,37122.1,0.0,3893.040,81.064,306.706,1838:12;1861:5141;1862:5749;1863:4674;1864:5353
173.9025,1788883038.9573,6,3550.53,21299.97,24850.50,1039.7,26363.4,36890.1,0.0,3900.399,81.173,306.706,1838:12;1861:5243;1862:5893;1863:4754;1864:5398
174.0098,1788883039.0646,6,3551.09,21048.98,24600.07,1084.8,26191.5,37062.0,0.0,3900.746,81.247,306.706,1838:12;1861:5116;1862:5785;1863:4718;1864:5418
174.1164,1788883039.1713,6,3551.46,21001.46,24552.93,911.4,26201.5,37051.9,0.0,3901.097,81.335,306.706,1838:12;1861:5185;1862:5755;1863:4652;1864:5397
174.2217,1788883039.2765,6,3551.87,20970.37,24522.24,641.8,26205.0,37048.4,0.0,3901.463,81.417,306.706,1838:12;1861:5149;1862:5756;1863:4654;1864:5399
174.3278,1788883039.3826,6,3552.55,20970.28,24522.83,622.6,26216.4,37037.0,0.0,3901.465,81.430,306.706,1838:12;1861:5189;1862:5757;1863:4654;1864:5359
174.4337,1788883039.4885,6,3553.19,20959.43,24512.62,586.4,26225.8,37027.7,0.0,3902.243,81.505,306.706,1838:12;1861:5157;1862:5768;1863:4659;1864:5362
174.5394,1788883039.5942,6,3553.66,20967.17,24520.83,655.5,26235.1,37018.3,0.0,3915.026,81.565,306.706,1838:12;1861:5152;1862:5783;1863:4657;1864:5362
174.6447,1788883039.6995,6,3553.98,20955.57,24509.55,454.2,26243.1,37010.4,0.0,3928.486,81.683,306.706,1838:12;1861:5156;1862:5754;1863:4665;1864:5367
174.7502,1788883039.8050,6,3554.25,20950.97,24505.22,335.9,26243.5,37010.0,0.0,3929.831,81.701,306.706,1838:12;1861:5156;1862:5755;1863:4661;1864:5366
174.8544,1788883039.9092,6,3554.25,20970.12,24524.37,134.4,26243.5,37010.0,0.0,3934.726,81.791,306.706,1838:12;1861:5163;1862:5759;1863:4667;1864:5369
174.9585,1788883040.0133,6,3554.25,20974.36,24528.61,172.8,26243.7,37009.8,0.0,3943.549,81.866,306.706,1838:12;1861:5164;1862:5761;1863:4667;1864:5369
175.0626,1788883040.1174,6,3554.25,20987.20,24541.45,182.4,26234.7,37018.7,0.0,3955.042,81.957,306.706,1838:12;1861:5164;1862:5763;1863:4673;1864:5374
175.1667,1788883040.2215,6,3554.25,21002.01,24556.26,182.2,26232.3,37021.1,0.0,3959.748,82.049,306.706,1838:12;1861:5171;1862:5767;1863:4676;1864:5375
175.2709,1788883040.3257,6,3554.25,21003.33,24557.58,250.0,26236.1,37017.4,0.0,3971.674,82.114,306.706,1838:12;1861:5168;1862:5769;1863:4677;1864:5376
175.3750,1788883040.4298,6,3554.25,21016.61,24570.86,163.2,26236.3,37017.2,0.0,3978.818,82.213,306.706,1838:12;1861:5170;1862:5771;1863:4683;1864:5380
175.4791,1788883040.5340,6,3554.25,21014.97,24569.22,173.0,26236.5,37017.0,0.0,3984.935,82.244,306.706,1838:12;1861:5170;1862:5771;1863:4683;1864:5378
175.5831,1788883040.6379,6,3554.25,21031.42,24585.67,144.0,26236.5,37017.0,0.0,3990.548,82.335,306.706,1838:12;1861:5174;1862:5775;1863:4688;1864:5381
175.6873,1788883040.7421,6,3554.35,21041.79,24596.14,182.6,26236.5,37017.0,0.0,3997.194,82.414,306.706,1838:12;1861:5178;1862:5775;1863:4691;1864:5385
175.7913,1788883040.8461,6,3554.35,21047.28,24601.63,57.6,26236.5,37017.0,0.0,4002.040,82.455,306.706,1838:12;1861:5178;1862:5779;1863:4692;1864:5385
175.8956,1788883040.9505,6,3554.35,21065.61,24619.96,325.6,26236.5,37017.0,0.0,4013.258,82.570,306.706,1838:12;1861:5185;1862:5783;1863:4696;1864:5389
175.9998,1788883041.0546,6,3554.35,21059.15,24613.50,221.1,26205.4,37048.1,0.0,4021.762,82.623,306.706,1838:12;1861:5181;1862:5785;1863:4694;1864:5387
176.1039,1788883041.1587,6,3554.35,21155.75,24710.10,222.8,26267.5,36986.0,0.0,4034.715,82.724,306.706,1838:12;1861:5222;1862:5799;1863:4705;1864:5417
176.2121,1788883041.2669,6,3554.64,21548.11,25102.76,1094.7,26474.8,36778.6,0.0,4034.715,82.724,306.706,1838:12;1861:5319;1862:5843;1863:4794;1864:5580
176.3190,1788883041.3739,6,3555.65,21105.16,24660.81,1028.3,26238.1,37015.4,0.0,4034.715,82.724,306.706,1838:12;1861:5236;1862:5808;1863:4659;1864:5390
176.4247,1788883041.4795,6,3556.74,21181.68,24738.42,712.5,26282.2,36971.2,0.0,4034.715,82.724,306.706,1838:12;1861:5205;1862:5853;1863:4659;1864:5451
176.5298,1788883041.5846,6,3557.48,21083.23,24640.71,551.5,26287.3,36966.1,0.0,4034.715,82.724,306.706,1838:12;1861:5204;1862:5817;1863:4660;1864:5390
176.6351,1788883041.6899,6,3557.67,21117.12,24674.79,287.4,26301.5,36952.0,0.0,4035.009,82.763,306.706,1838:12;1861:5212;1862:5829;1863:4667;1864:5397
176.7393,1788883041.7941,6,3557.79,21152.86,24710.64,336.2,26328.0,36925.4,0.0,4035.602,82.850,306.706,1838:12;1861:5220;1862:5838;1863:4678;1864:5404
176.8434,1788883041.8982,6,3557.79,21192.10,24749.89,345.2,26351.1,36902.4,0.0,4038.595,83.011,306.706,1838:12;1861:5229;1862:5846;1863:4691;1864:5414
176.9478,1788883042.0026,6,3557.79,21201.59,24759.38,441.2,26349.2,36904.3,0.0,4049.036,83.136,306.706,1838:12;1861:5233;1862:5846;1863:4694;1864:5416
177.0519,1788883042.1067,6,3557.79,21219.85,24777.64,441.6,26355.2,36898.3,0.0,4055.745,83.255,306.706,1838:12;1861:5237;1862:5854;1863:4696;1864:5421
177.1561,1788883042.2109,6,3557.79,21251.19,24808.98,547.1,26364.1,36889.4,0.0,4061.919,83.424,306.706,1838:12;1861:5245;1862:5861;1863:4706;1864:5426
177.2603,1788883042.3151,6,3557.79,21281.70,24839.49,511.2,26367.1,36886.4,0.0,4074.157,83.555,306.706,1838:12;1861:5252;1862:5870;1863:4717;1864:5431
177.3664,1788883042.4212,6,3557.79,21303.70,24861.49,286.7,26367.9,36885.6,0.0,4075.183,83.712,306.706,1838:12;1861:5259;1862:5872;1863:4720;1864:5440
177.4705,1788883042.5253,6,3557.79,21305.77,24863.55,301.8,26368.5,36885.0,0.0,4085.215,83.779,306.706,1838:12;1861:5257;1862:5877;1863:4721;1864:5438
177.5768,1788883042.6316,6,3557.79,21328.28,24886.07,349.8,26373.0,36880.5,0.0,4086.901,83.914,306.706,1838:12;1861:5265;1862:5880;1863:4726;1864:5445
177.6823,1788883042.7371,6,3557.79,21360.66,24918.45,480.0,26377.2,36876.3,0.0,4099.697,84.059,306.706,1838:12;1861:5274;1862:5891;1863:4735;1864:5449
177.7865,1788883042.8413,6,3557.79,21379.91,24937.70,307.4,26378.1,36875.3,0.0,4100.939,84.211,306.706,1838:12;1861:5281;1862:5892;1863:4741;1864:5454
177.8906,1788883042.9454,6,3557.79,21383.16,24940.95,537.3,26382.9,36870.6,0.0,4112.850,84.302,306.706,1838:12;1861:5280;1862:5890;1863:4745;1864:5456
177.9948,1788883043.0496,6,3557.79,21395.74,24953.53,460.8,26380.3,36873.2,0.0,4118.114,84.437,306.706,1838:12;1861:5286;1862:5894;1863:4744;1864:5459
178.0990,1788883043.1538,6,3557.79,21392.18,24949.97,182.4,26381.2,36872.2,0.0,4125.749,84.488,306.706,1838:12;1861:5285;1862:5894;1863:4743;1864:5458
178.2031,1788883043.2579,6,3557.79,21407.86,24965.65,67.2,26381.2,36872.2,0.0,4128.910,84.558,306.706,1838:12;1861:5289;1862:5898;1863:4746;1864:5462
178.3072,1788883043.3620,6,3557.79,21404.83,24962.62,297.6,26387.7,36865.8,0.0,4139.731,84.608,306.706,1838:12;1861:5286;1862:5898;1863:4747;1864:5462
178.4114,1788883043.4662,6,3557.79,21419.93,24977.72,115.2,26387.7,36865.8,0.0,4143.961,84.694,306.706,1838:12;1861:5291;1862:5902;1863:4750;1864:5464
178.5155,1788883043.5703,6,3557.79,21413.58,24971.37,153.6,26387.7,36865.8,0.0,4152.459,84.733,306.706,1838:12;1861:5291;1862:5898;1863:4749;1864:5463
178.6196,1788883043.6744,6,3557.79,21432.57,24990.36,86.4,26391.2,36862.2,0.0,4155.679,84.813,306.706,1838:12;1861:5298;1862:5902;1863:4753;1864:5467
178.7238,1788883043.7786,6,3557.85,21708.74,25266.59,758.2,26666.8,36586.7,0.0,4165.869,84.848,306.706,1838:12;1861:5426;1862:5923;1863:4850;1864:5497
178.8296,1788883043.8844,6,3558.43,21490.39,25048.82,960.2,26408.1,36845.4,0.0,4165.869,84.848,306.706,1838:12;1861:5274;1862:5946;1863:4795;1864:5463
178.9358,1788883043.9906,6,3559.00,21453.62,25012.63,656.7,26315.7,36937.8,0.0,4165.870,84.849,306.706,1838:12;1861:5275;1862:5934;1863:4768;1864:5464
179.0406,1788883044.0954,6,3559.36,21446.64,25006.00,302.4,26325.8,36927.7,0.0,4166.170,84.878,306.706,1838:12;1861:5283;1862:5904;1863:4776;1864:5471
179.1467,1788883044.2015,6,3559.36,21459.05,25018.41,287.3,26359.5,36894.0,0.0,4166.657,84.971,306.706,1838:12;1861:5285;1862:5908;1863:4778;1864:5475
179.2508,1788883044.3056,6,3559.36,21477.06,25036.43,220.8,26367.5,36886.0,0.0,4167.301,85.064,306.706,1838:12;1861:5291;1862:5912;1863:4782;1864:5479
179.3549,1788883044.4097,6,3559.36,21492.42,25051.79,105.6,26367.5,36886.0,0.0,4167.615,85.129,306.706,1838:12;1861:5296;1862:5916;1863:4786;1864:5482
179.4591,1788883044.5139,6,3559.36,21495.05,25054.41,182.4,26368.2,36885.3,0.0,4168.016,85.162,306.706,1838:12;1861:5297;1862:5916;1863:4786;1864:5483
179.5633,1788883044.6181,6,3559.36,21520.00,25079.36,225.6,26372.2,36881.3,0.0,4168.633,85.249,306.706,1838:12;1861:5301;1862:5922;1863:4792;1864:5492
179.6699,1788883044.7247,6,3559.43,21530.89,25090.32,162.5,26376.2,36877.3,0.0,4169.100,85.333,306.706,1838:12;1861:5307;1862:5924;1863:4797;1864:5491
179.7743,1788883044.8291,6,3559.43,21559.09,25118.52,293.5,26385.7,36867.7,0.0,4169.636,85.430,306.706,1838:12;1861:5313;1862:5930;1863:4802;1864:5502
179.8802,1788883044.9350,6,3559.43,21557.78,25117.21,248.8,26389.9,36863.6,0.0,4169.981,85.521,306.706,1838:12;1861:5316;1862:5930;1863:4800;1864:5499
179.9844,1788883045.0393,6,3559.43,21574.19,25133.62,268.8,26390.6,36862.9,0.0,4170.356,85.615,306.706,1838:12;1861:5320;1862:5934;1863:4804;1864:5503
180.0886,1788883045.1434,6,3559.43,21577.42,25136.85,201.6,26394.7,36858.8,0.0,4170.462,85.645,306.706,1838:12;1861:5319;1862:5934;1863:4806;1864:5505
180.1929,1788883045.2477,6,3559.43,21580.58,25140.01,259.0,26394.7,36858.8,0.0,4170.786,85.727,306.706,1838:12;1861:5321;1862:5937;1863:4807;1864:5504
180.2972,1788883045.3520,6,3559.43,21600.91,25160.34,253.8,26396.5,36857.0,0.0,4171.178,85.807,306.706,1838:12;1861:5324;1862:5941;1863:4811;1864:5513
180.4037,1788883045.4585,6,3559.46,21604.36,25163.82,114.8,26403.6,36849.9,0.0,4171.289,85.835,306.706,1838:12;1861:5330;1862:5943;1863:4811;1864:5508
180.5080,1788883045.5628,6,3559.46,21620.72,25180.18,172.8,26408.5,36844.9,0.0,4171.591,85.933,306.706,1838:12;1861:5334;1862:5947;1863:4815;1864:5512
180.6122,1788883045.6670,6,3559.46,21630.25,25189.71,188.4,26422.4,36831.1,0.0,4182.365,85.985,306.706,1838:12;1861:5334;1862:5953;1863:4815;1864:5516
180.7185,1788883045.7733,6,3559.48,21629.57,25189.05,96.0,26427.3,36826.2,0.0,4182.602,86.032,306.706,1838:12;1861:5337;1862:5949;1863:4815;1864:5516
180.8226,1788883045.8774,6,3559.48,21634.68,25194.16,268.8,26427.8,36825.7,0.0,4193.897,86.123,306.706,1838:12;1861:5336;1862:5951;1863:4819;1864:5516
180.9268,1788883045.9816,6,3559.48,21651.00,25210.48,67.2,26427.8,36825.7,0.0,4194.212,86.198,306.706,1838:12;1861:5340;1862:5955;1863:4823;1864:5520
181.0310,1788883046.0858,6,3559.48,21654.17,25213.65,220.8,26425.7,36827.8,0.0,4203.688,86.251,306.706,1838:12;1861:5342;1862:5955;1863:4825;1864:5520
181.1352,1788883046.1900,6,3559.48,21669.00,25228.48,105.2,26426.0,36827.5,0.0,4204.003,86.327,306.706,1838:12;1861:5346;1862:5959;1863:4827;1864:5524
181.2398,1788883046.2946,6,3559.48,21678.69,25238.17,134.2,26426.4,36827.1,0.0,4215.283,86.372,306.706,1838:12;1861:5347;1862:5960;1863:4831;1864:5528
181.3441,1788883046.3989,6,3559.48,21682.50,25241.98,201.6,26427.2,36826.3,0.0,4215.592,86.449,306.706,1838:12;1861:5350;1862:5961;1863:4831;1864:5528
181.4482,1788883046.5030,6,3559.48,21691.27,25250.75,47.5,26427.2,36826.3,0.0,4224.323,86.487,306.706,1838:12;1861:5353;1862:5963;1863:4831;1864:5532
181.5537,1788883046.6085,6,3559.48,21684.68,25244.16,249.1,26431.2,36822.3,0.0,4226.546,86.510,306.706,1838:12;1861:5352;1862:5961;1863:4831;1864:5528
181.6579,1788883046.7127,6,3559.50,21710.93,25270.43,122.8,26431.4,36822.0,0.0,4236.078,86.618,306.706,1838:12;1861:5359;1862:5968;1863:4837;1864:5535
181.7639,1788883046.8187,6,3559.50,21700.68,25260.18,230.0,26435.4,36818.1,0.0,4236.945,86.637,306.706,1838:12;1861:5356;1862:5965;1863:4835;1864:5532
181.8681,1788883046.9229,6,3559.50,21717.00,25276.50,86.4,26435.4,36818.1,0.0,4237.970,86.717,306.706,1838:12;1861:5360;1862:5969;1863:4839;1864:5536
181.9722,1788883047.0270,6,3559.50,21716.68,25276.18,240.1,26447.7,36805.8,0.0,4248.814,86.773,306.706,1838:12;1861:5360;1862:5969;1863:4839;1864:5536
182.0763,1788883047.1311,6,3559.50,21733.00,25292.50,67.2,26432.5,36820.9,0.0,4249.130,86.847,306.706,1838:12;1861:5364;1862:5973;1863:4843;1864:5540
182.1804,1788883047.2352,6,3559.50,21732.68,25292.18,259.2,26430.9,36822.6,0.0,4258.484,86.901,306.706,1838:12;1861:5364;1862:5973;1863:4843;1864:5540
182.2845,1788883047.3393,6,3559.50,21749.00,25308.50,57.6,26430.9,36822.6,0.0,4258.799,86.975,306.706,1838:12;1861:5368;1862:5977;1863:4847;1864:5544
182.3886,1788883047.4434,6,3559.50,21744.08,25303.58,230.3,26430.9,36822.6,0.0,4268.045,87.022,306.706,1838:12;1861:5366;1862:5975;1863:4844;1864:5547
182.4929,1788883047.5477,6,3559.50,21759.21,25318.71,86.4,26430.9,36822.6,0.0,4268.360,87.100,306.706,1838:12;1861:5371;1862:5979;1863:4849;1864:5548
182.5970,1788883047.6518,6,3559.50,21871.07,25430.57,272.6,26532.2,36721.3,0.0,4279.253,87.134,306.706,1838:12;1861:5472;1862:5986;1863:4848;1864:5553
182.7036,1788883047.7585,6,3559.68,22118.67,25678.35,922.3,26747.6,36505.9,0.0,4279.253,87.134,306.706,1838:12;1861:5368;1862:6056;1863:4988;1864:5694
182.8086,1788883047.8635,6,3560.30,21843.03,25403.33,766.7,26485.8,36767.7,0.0,4279.253,87.134,306.706,1838:12;1861:5402;1862:5983;1863:4852;1864:5594
182.9144,1788883047.9692,6,3560.73,21799.97,25360.70,441.1,26533.8,36719.6,0.0,4279.267,87.155,306.706,1838:12;1861:5384;1862:5990;1863:4852;1864:5561
183.0185,1788883048.0733,6,3560.73,21819.71,25380.45,201.6,26556.9,36696.6,0.0,4279.675,87.244,306.706,1838:12;1861:5390;1862:5997;1863:4855;1864:5565
183.1226,1788883048.1774,6,3560.73,21818.68,25379.41,268.8,26576.2,36677.3,0.0,4279.878,87.263,306.706,1838:12;1861:5390;1862:5994;1863:4857;1864:5565
183.2267,1788883048.2816,6,3560.74,21836.68,25397.42,307.2,26576.5,36677.0,0.0,4280.335,87.358,306.706,1838:12;1861:5396;1862:5998;1863:4861;1864:5569
183.3309,1788883048.3858,6,3560.74,21854.68,25415.42,326.0,26576.5,36677.0,0.0,4280.793,87.452,306.706,1838:12;1861:5402;1862:6002;1863:4865;1864:5573
183.4352,1788883048.4900,6,3560.74,21872.10,25432.84,192.0,26576.5,36677.0,0.0,4281.167,87.536,306.706,1838:12;1861:5411;1862:6007;1863:4865;1864:5577
183.5394,1788883048.5943,6,3560.74,21892.30,25453.04,316.8,26580.7,36672.8,0.0,4281.553,87.630,306.706,1838:12;1861:5414;1862:6013;1863:4869;1864:5584
183.6436,1788883048.6985,6,3560.74,21910.41,25471.15,153.6,26580.7,36672.8,0.0,4282.013,87.714,306.706,1838:12;1861:5420;1862:6017;1863:4874;1864:5586
183.7479,1788883048.8027,6,3560.79,21917.36,25478.14,278.4,26585.4,36668.0,0.0,4282.379,87.807,306.706,1838:12;1861:5424;1862:6016;1863:4876;1864:5589
183.8520,1788883048.9068,6,3560.79,21929.51,25490.29,297.6,26585.7,36667.8,0.0,4282.929,87.885,306.706,1838:12;1861:5428;1862:6020;1863:4880;1864:5589
183.9562,1788883049.0110,6,3560.79,21929.37,25490.16,211.2,26589.7,36663.8,0.0,4283.054,87.922,306.706,1838:12;1861:5429;1862:6020;1863:4877;1864:5591
184.0604,1788883049.1152,6,3560.79,21940.69,25501.47,259.2,26541.7,36711.8,0.0,4283.362,88.015,306.706,1838:12;1861:5431;1862:6023;1863:4880;1864:5595
184.1645,1788883049.2193,6,3560.79,21974.94,25535.72,153.6,26545.2,36708.3,0.0,4283.735,88.093,306.706,1838:12;1861:5443;1862:6033;1863:4885;1864:5601
184.2687,1788883049.3235,6,3560.80,21966.30,25527.10,182.4,26554.5,36699.0,0.0,4283.746,88.112,306.706,1838:12;1861:5439;1862:6029;1863:4886;1864:5600
184.3729,1788883049.4277,6,3560.80,21982.32,25543.12,180.9,26564.1,36689.4,0.0,4284.071,88.183,306.706,1838:12;1861:5444;1862:6032;1863:4889;1864:5604
184.4780,1788883049.5328,6,3560.80,22005.02,25565.82,84.6,26580.1,36673.4,0.0,4292.940,88.225,306.706,1838:12;1861:5455;1862:6038;1863:4893;1864:5606
184.5847,1788883049.6395,6,3560.80,21986.43,25547.23,235.6,26589.1,36664.4,0.0,4293.551,88.255,306.706,1838:12;1861:5446;1862:6033;1863:4891;1864:5604
184.6908,1788883049.7456,6,3560.85,22003.80,25564.65,66.3,26589.1,36664.4,0.0,4298.450,88.338,306.706,1838:12;1861:5452;1862:6038;1863:4891;1864:5610
184.7962,1788883049.8510,6,3560.85,21999.38,25560.23,220.8,26593.5,36660.0,0.0,4303.408,88.377,306.706,1838:12;1861:5452;1862:6037;1863:4890;1864:5608
184.9004,1788883049.9552,6,3560.85,22018.68,25579.53,67.2,26593.5,36660.0,0.0,4303.814,88.453,306.706,1838:12;1861:5457;1862:6041;1863:4896;1864:5612
185.0046,1788883050.0594,6,3560.85,22015.38,25576.23,297.3,26603.1,36650.4,0.0,4312.619,88.505,306.706,1838:12;1861:5456;1862:6041;1863:4894;1864:5612
185.1089,1788883050.1637,6,3560.85,22031.70,25592.55,67.2,26603.1,36650.4,0.0,4312.928,88.577,306.706,1838:12;1861:5461;1862:6045;1863:4897;1864:5616
185.2130,1788883050.2678,6,3560.86,22033.38,25594.24,326.7,26614.9,36638.6,0.0,4322.573,88.625,306.706,1838:12;1861:5462;1862:6045;1863:4898;1864:5616
185.3171,1788883050.3719,6,3560.86,22049.70,25610.55,67.2,26614.9,36638.6,0.0,4322.887,88.699,306.706,1838:12;1861:5467;1862:6049;1863:4901;1864:5620
185.4212,1788883050.4760,6,3560.86,22049.38,25610.24,336.0,26623.4,36630.1,0.0,4333.311,88.753,306.706,1838:12;1861:5468;1862:6049;1863:4900;1864:5620
185.5253,1788883050.5801,6,3560.86,22065.70,25626.55,86.4,26623.6,36629.9,0.0,4333.625,88.828,306.706,1838:12;1861:5473;1862:6053;1863:4903;1864:5624
185.6293,1788883050.6841,6,3560.86,22065.38,25626.24,355.5,26624.1,36629.4,0.0,4344.156,88.879,306.706,1838:12;1861:5474;1862:6053;1863:4902;1864:5624
185.7334,1788883050.7882,6,3560.86,22081.71,25642.57,86.4,26624.3,36629.2,0.0,4344.476,88.957,306.706,1838:12;1861:5479;1862:6057;1863:4905;1864:5628
185.8374,1788883050.8923,6,3560.86,22092.38,25653.24,249.6,26631.6,36621.9,0.0,4355.515,89.004,306.706,1838:12;1861:5482;1862:6060;1863:4906;1864:5632
185.9416,1788883050.9964,6,3560.86,22091.32,25652.18,105.6,26635.8,36617.7,0.0,4355.822,89.068,306.706,1838:12;1861:5483;1862:6058;1863:4909;1864:5628
186.0456,1788883051.1004,6,3560.86,22104.88,25665.74,57.6,26634.4,36619.1,0.0,4365.415,89.121,306.706,1838:12;1861:5486;1862:6061;1863:4913;1864:5633
186.1496,1788883051.2044,6,3560.86,22100.83,25661.69,297.8,26636.3,36617.2,0.0,4366.870,89.165,306.706,1838:12;1861:5484;1862:6061;1863:4912;1864:5632
186.2537,1788883051.3085,6,3560.86,22123.05,25683.91,240.0,26638.5,36615.0,0.0,4377.392,89.253,306.706,1838:12;1861:5494;1862:6067;1863:4911;1864:5638
186.3578,1788883051.4126,6,3560.86,22119.77,25680.63,201.6,26639.0,36614.5,0.0,4377.707,89.340,306.706,1838:12;1861:5491;1862:6065;1863:4914;1864:5637
186.4620,1788883051.5168,6,3560.86,22327.10,25887.96,400.8,26830.8,36422.7,0.0,4388.320,89.377,306.706,1838:12;1861:5571;1862:6104;1863:4982;1864:5658
186.5697,1788883051.6245,6,3561.32,22240.76,25802.07,1065.8,26793.8,36459.7,0.0,4388.320,89.377,306.706,1838:12;1861:5521;1862:6105;1863:4945;1864:5658
186.6755,1788883051.7303,6,3562.38,22227.95,25790.32,900.1,26816.4,36437.1,0.0,4388.320,89.377,306.706,1838:12;1861:5580;1862:6080;1863:4920;1864:5637
186.7809,1788883051.8357,6,3563.84,22188.48,25752.32,840.1,26852.8,36400.7,0.0,4388.320,89.377,306.706,1838:12;1861:5506;1862:6091;1863:4924;1864:5655
186.8870,1788883051.9419,6,3564.86,22257.64,25822.50,896.9,26927.8,36325.6,0.0,4388.320,89.377,306.706,1838:12;1861:5513;1862:6117;1863:4930;1864:5685
186.9929,1788883052.0477,6,3565.67,22278.85,25844.52,835.0,26952.8,36300.7,0.0,4388.320,89.377,306.706,1838:12;1861:5514;1862:6126;1863:4938;1864:5688
187.0982,1788883052.1530,6,3566.34,22291.13,25857.47,691.4,26966.2,36287.3,0.0,4388.320,89.377,306.706,1838:12;1861:5515;1862:6132;1863:4941;1864:5691
187.2039,1788883052.2587,6,3566.93,22223.37,25790.29,816.5,26917.9,36335.6,0.0,4388.320,89.377,306.706,1838:12;1861:5515;1862:6096;1863:4942;1864:5657
187.3090,1788883052.3638,6,3567.28,22226.27,25793.55,582.8,26928.1,36325.4,0.0,4388.320,89.377,306.706,1838:12;1861:5516;1862:6099;1863:4942;1864:5658
187.4137,1788883052.4685,6,3567.64,22227.73,25795.36,477.1,26932.5,36321.0,0.0,4388.320,89.377,306.706,1838:12;1861:5516;1862:6101;1863:4942;1864:5656
187.5185,1788883052.5733,6,3567.86,22228.30,25796.16,229.9,26933.0,36320.5,0.0,4388.320,89.377,306.706,1838:12;1861:5516;1862:6102;1863:4942;1864:5656
187.6229,1788883052.6777,6,3567.95,22249.59,25817.54,182.4,26939.3,36314.1,0.0,4388.343,89.403,306.706,1838:12;1861:5521;1862:6104;1863:4952;1864:5660
187.7271,1788883052.7819,6,3567.97,22270.53,25838.50,367.6,26962.4,36291.1,0.0,4389.012,89.504,306.706,1838:12;1861:5526;1862:6111;1863:4959;1864:5663
187.8335,1788883052.8883,6,3567.97,22271.94,25839.91,133.7,26968.1,36285.3,0.0,4389.308,89.542,306.706,1838:12;1861:5526;1862:6109;1863:4959;1864:5666
187.9379,1788883052.9927,6,3567.97,22294.92,25862.89,355.2,26977.1,36276.4,0.0,4389.784,89.670,306.706,1838:12;1861:5531;1862:6116;1863:4966;1864:5670
188.0421,1788883053.0969,6,3567.97,22300.22,25868.19,278.4,26980.8,36272.7,0.0,4389.878,89.711,306.706,1838:12;1861:5531;1862:6117;1863:4968;1864:5672
188.1463,1788883053.2011,6,3567.97,22316.98,25884.95,268.8,26989.0,36264.4,0.0,4390.273,89.808,306.706,1838:12;1861:5536;1862:6121;1863:4972;1864:5676
188.2504,1788883053.3052,6,3567.97,22327.36,25895.32,76.8,26989.3,36264.2,0.0,4390.582,89.869,306.706,1838:12;1861:5535;1862:6124;1863:4978;1864:5678
188.3545,1788883053.4093,6,3567.97,22332.23,25900.20,192.0,26993.3,36260.2,0.0,4390.993,89.907,306.706,1838:12;1861:5539;1862:6125;1863:4978;1864:5678
188.4586,1788883053.5135,6,3567.97,22348.23,25916.20,297.6,26997.3,36256.2,0.0,4391.500,90.003,306.706,1838:12;1861:5543;1862:6127;1863:4984;1864:5682
188.5628,1788883053.6176,6,3567.97,22362.75,25930.72,96.0,26997.3,36256.2,0.0,4391.814,90.079,306.706,1838:12;1861:5547;1862:6130;1863:4990;1864:5684
188.6669,1788883053.7217,6,3567.97,22364.23,25932.20,249.1,27005.3,36248.2,0.0,4391.917,90.098,306.706,1838:12;1861:5547;1862:6131;1863:4988;1864:5686
188.7714,1788883053.8262,6,3567.97,22380.86,25948.83,96.0,27005.3,36248.2,0.0,4392.254,90.176,306.706,1838:12;1861:5551;1862:6134;1863:4996;1864:5688
188.8756,1788883053.9304,6,3567.97,22378.52,25946.49,249.9,27009.3,36244.2,0.0,4392.316,90.195,306.706,1838:12;1861:5549;1862:6135;1863:4994;1864:5688
188.9796,1788883054.0344,6,3567.97,22391.84,25959.80,230.4,27009.3,36244.2,0.0,4392.710,90.283,306.706,1838:12;1861:5552;1862:6138;1863:5000;1864:5690
189.0838,1788883054.1386,6,3567.97,22402.49,25970.46,124.8,27011.0,36242.5,0.0,4393.022,90.365,306.706,1838:12;1861:5555;1862:6141;1863:5002;1864:5692
189.1880,1788883054.2428,6,3567.98,22415.69,25983.67,278.4,27032.5,36220.9,0.0,4393.489,90.405,306.706,1838:12;1861:5559;1862:6144;1863:5005;1864:5695
189.2922,1788883054.3470,6,3567.98,22428.41,25996.39,192.0,27040.7,36212.8,0.0,4393.901,90.518,306.706,1838:12;1861:5561;1862:6148;1863:5010;1864:5697
189.3964,1788883054.4512,6,3567.98,22431.84,25999.82,249.6,27053.6,36199.9,0.0,4401.015,90.568,306.706,1838:12;1861:5561;1862:6148;1863:5011;1864:5699
189.5006,1788883054.5554,6,3567.98,22444.26,26012.24,57.6,27055.9,36197.6,0.0,4401.330,90.648,306.706,1838:12;1861:5563;1862:6152;1863:5016;1864:5701
189.6047,1788883054.6595,6,3567.98,22448.75,26016.73,192.0,27063.3,36190.2,0.0,4408.275,90.690,306.706,1838:12;1861:5563;1862:6152;1863:5018;1864:5703
189.7089,1788883054.7637,6,3567.98,22460.77,26028.75,115.2,27067.6,36185.9,0.0,4408.590,90.772,306.706,1838:12;1861:5567;1862:6154;1863:5022;1864:5705
189.8130,1788883054.8679,6,3567.98,22464.88,26032.86,240.0,27071.6,36181.9,0.0,4416.350,90.819,306.706,1838:12;1861:5569;1862:6154;1863:5024;1864:5705
189.9172,1788883054.9720,6,3567.98,22476.70,26044.68,67.2,27071.8,36181.6,0.0,4416.664,90.897,306.706,1838:12;1861:5571;1862:6158;1863:5028;1864:5707
190.0213,1788883055.0761,6,3567.98,22485.96,26053.94,115.2,27066.1,36187.4,0.0,4424.408,90.935,306.706,1838:12;1861:5573;1862:6163;1863:5030;1864:5708
190.1255,1788883055.1803,6,3567.98,22481.81,26049.79,144.0,27083.3,36170.2,0.0,4424.537,90.953,306.706,1838:12;1861:5575;1862:6158;1863:5027;1864:5709
190.2297,1788883055.2845,6,3567.98,22492.75,26060.73,75.2,27084.1,36169.4,0.0,4431.335,91.065,306.706,1838:12;1861:5575;1862:6162;1863:5032;1864:5711
190.3363,1788883055.3911,6,3567.98,22497.90,26065.88,210.6,27099.7,36153.8,0.0,4433.003,91.102,306.706,1838:12;1861:5575;1862:6162;1863:5035;1864:5713
190.4405,1788883055.4953,6,3567.98,22514.59,26082.57,178.7,27117.4,36136.1,0.0,4441.199,91.208,306.706,1838:12;1861:5579;1862:6167;1863:5042;1864:5715
190.5470,1788883055.6019,6,3567.98,22513.90,26081.88,133.4,27130.9,36122.6,0.0,4441.387,91.231,306.706,1838:12;1861:5581;1862:6166;1863:5039;1864:5715
190.6517,1788883055.7065,6,3567.98,22524.64,26092.62,96.0,27131.5,36122.0,0.0,4443.330,91.304,306.706,1838:12;1861:5581;1862:6170;1863:5044;1864:5717
190.7558,1788883055.8106,6,3567.98,22527.88,26095.86,201.6,27143.2,36110.3,0.0,4449.251,91.351,306.706,1838:12;1861:5583;1862:6170;1863:5043;1864:5719
190.8600,1788883055.9148,6,3567.98,22540.70,26108.68,76.8,27143.2,36110.3,0.0,4450.226,91.430,306.706,1838:12;1861:5585;1862:6174;1863:5048;1864:5721
190.9641,1788883056.0189,6,3567.98,22543.88,26111.86,230.4,27128.8,36124.7,0.0,4456.060,91.479,306.706,1838:12;1861:5587;1862:6174;1863:5049;1864:5721
191.0683,1788883056.1231,6,3567.98,22556.55,26124.54,96.0,27118.6,36134.9,0.0,4458.479,91.562,306.706,1838:12;1861:5589;1862:6178;1863:5054;1864:5723
191.1724,1788883056.2272,6,3567.98,22562.90,26130.89,278.4,27118.2,36135.3,0.0,4462.615,91.674,306.706,1838:12;1861:5589;1862:6179;1863:5056;1864:5726
191.2766,1788883056.3314,6,3567.99,22745.65,26313.64,350.3,27288.5,35965.0,0.0,4468.670,91.696,306.706,1838:12;1861:5635;1862:6224;1863:5113;1864:5762
191.3856,1788883056.4404,6,3568.27,22549.55,26117.82,982.4,27076.2,36177.3,0.0,4468.670,91.696,306.706,1838:12;1861:5607;1862:6157;1863:5069;1864:5704
191.4911,1788883056.5459,6,3568.79,22482.50,26051.29,720.3,26934.0,36319.4,0.0,4468.670,91.696,306.706,1838:12;1861:5572;1862:6156;1863:5045;1864:5698
191.5967,1788883056.6515,6,3568.87,22502.58,26071.45,258.9,26954.3,36299.2,0.0,4468.700,91.726,306.706,1838:12;1861:5578;1862:6162;1863:5046;1864:5704
191.7008,1788883056.7556,6,3568.87,22524.21,26093.08,259.2,26979.2,36274.2,0.0,4469.522,91.834,306.706,1838:12;1861:5584;1862:6167;1863:5051;1864:5710
191.8049,1788883056.8597,6,3568.87,22521.27,26090.14,134.4,26986.5,36267.0,0.0,4469.737,91.856,306.706,1838:12;1861:5584;1862:6164;1863:5051;1864:5710
191.9090,1788883056.9638,6,3568.87,22541.34,26110.21,211.2,26990.5,36263.0,0.0,4470.549,91.936,306.706,1838:12;1861:5592;1862:6170;1863:5055;1864:5712
192.0131,1788883057.0679,6,3568.87,22558.13,26127.00,278.5,26999.0,36254.5,0.0,4470.977,92.032,306.706,1838:12;1861:5598;1862:6174;1863:5058;1864:5716
192.1172,1788883057.1720,6,3568.87,22572.75,26141.62,124.8,27003.0,36250.5,0.0,4471.368,92.116,306.706,1838:12;1861:5601;1862:6176;1863:5063;1864:5720
192.2213,1788883057.2761,6,3568.87,22571.12,26139.99,163.0,27011.0,36242.5,0.0,4471.851,92.157,306.706,1838:12;1861:5600;1862:6176;1863:5062;1864:5720
192.3257,1788883057.3805,6,3568.87,22586.83,26155.70,249.5,27014.9,36238.5,0.0,4472.261,92.243,306.706,1838:12;1861:5606;1862:6178;1863:5066;1864:5724
192.4299,1788883057.4847,6,3568.87,22603.27,26172.14,220.8,27030.9,36222.5,0.0,4472.702,92.332,306.706,1838:12;1861:5612;1862:6182;1863:5069;1864:5728
192.5340,1788883057.5889,6,3568.87,22622.09,26190.96,230.4,27030.9,36222.5,0.0,4472.942,92.426,306.706,1838:12;1861:5618;1862:6186;1863:5073;1864:5733
192.6382,1788883057.6930,6,3568.87,22629.64,26198.51,211.2,27038.9,36214.5,0.0,4473.383,92.515,306.706,1838:12;1861:5620;1862:6188;1863:5075;1864:5734
192.7424,1788883057.7972,6,3568.89,22643.57,26212.45,172.2,27039.7,36213.8,0.0,4473.723,92.588,306.706,1838:12;1861:5627;1862:6193;1863:5076;1864:5736
192.8468,1788883057.9016,6,3568.89,22644.04,26212.92,144.2,27039.9,36213.6,0.0,4473.887,92.635,306.706,1838:12;1861:5627;1862:6192;1863:5078;1864:5735
192.9508,1788883058.0056,6,3569.02,22669.86,26238.88,307.2,27063.4,36190.1,0.0,4474.177,92.726,306.706,1838:12;1861:5633;1862:6195;1863:5081;1864:5749
193.0550,1788883058.1098,6,3569.02,22682.80,26251.82,182.4,27068.5,36185.0,0.0,4474.572,92.832,306.706,1838:12;1861:5638;1862:6198;1863:5084;1864:5750
193.1592,1788883058.2140,6,3569.02,22687.51,26256.53,192.0,27079.9,36173.6,0.0,4482.137,92.875,306.706,1838:12;1861:5642;1862:6199;1863:5085;1864:5750
193.2634,1788883058.3182,6,3569.02,22700.99,26270.01,115.2,27086.5,36166.9,0.0,4482.460,92.958,306.706,1838:12;1861:5644;1862:6202;1863:5088;1864:5754
193.3676,1788883058.4224,6,3569.02,22703.71,26272.73,230.4,27094.8,36158.7,0.0,4490.566,92.999,306.706,1838:12;1861:5646;1862:6201;1863:5089;1864:5755
193.4717,1788883058.5265,6,3569.02,22716.99,26286.01,76.8,27103.0,36150.4,0.0,4490.878,93.078,306.706,1838:12;1861:5650;1862:6204;1863:5092;1864:5758
193.5759,1788883058.6307,6,3569.02,22728.41,26297.44,76.8,27107.0,36146.4,0.0,4498.386,93.111,306.706,1838:12;1861:5655;1862:6207;1863:5095;1864:5760
193.6800,1788883058.7348,6,3568.98,22722.27,26291.25,211.2,27111.0,36142.4,0.0,4498.555,93.141,306.706,1838:12;1861:5651;1862:6205;1863:5095;1864:5760
193.7841,1788883058.8389,6,3568.98,22738.40,26307.38,144.0,27111.3,36142.2,0.0,4504.888,93.226,306.706,1838:12;1861:5657;1862:6209;1863:5095;1864:5765
193.8882,1788883058.9430,6,3568.98,22741.86,26310.84,142.1,27131.5,36121.9,0.0,4506.688,93.275,306.706,1838:12;1861:5658;1862:6209;1863:5097;1864:5766
193.9942,1788883059.0490,6,3568.98,22754.67,26323.64,47.8,27131.5,36121.9,0.0,4512.137,93.345,306.706,1838:12;1861:5664;1862:6212;1863:5101;1864:5766
194.0985,1788883059.1533,6,3568.98,22760.49,26329.47,218.5,27131.5,36121.9,0.0,4513.857,93.399,306.706,1838:12;1861:5665;1862:6213;1863:5101;1864:5770
194.2037,1788883059.2585,6,3568.98,22769.76,26338.74,67.2,27123.8,36129.7,0.0,4518.080,93.459,306.706,1838:12;1861:5668;1862:6216;1863:5104;1864:5770
194.3081,1788883059.3629,6,3568.98,22771.85,26340.82,201.1,27144.4,36109.0,0.0,4520.109,93.502,306.706,1838:12;1861:5668;1862:6215;1863:5105;1864:5772
194.4126,1788883059.4674,6,3568.98,22786.35,26355.32,57.0,27147.9,36105.5,0.0,4522.908,93.570,306.706,1838:12;1861:5672;1862:6219;1863:5109;1864:5774
194.5180,1788883059.5729,6,3568.98,22786.70,26355.68,210.7,27152.1,36101.3,0.0,4525.902,93.606,306.706,1838:12;1861:5673;1862:6219;1863:5107;1864:5776
194.6222,1788883059.6770,6,3568.98,22810.70,26379.68,153.6,27152.6,36100.9,0.0,4532.309,93.699,306.706,1838:12;1861:5682;1862:6225;1863:5111;1864:5781
194.7264,1788883059.7812,6,3568.98,22811.46,26380.44,159.8,27168.9,36084.6,0.0,4532.616,93.778,306.706,1838:12;1861:5684;1862:6223;1863:5110;1864:5782
194.8328,1788883059.8876,6,3568.98,22821.11,26390.09,122.5,27168.9,36084.6,0.0,4538.758,93.819,306.706,1838:12;1861:5685;1862:6226;1863:5112;1864:5786
194.9392,1788883059.9940,6,3568.98,22816.98,26385.96,134.1,27168.9,36084.6,0.0,4539.006,93.893,306.706,1838:12;1861:5685;1862:6228;1863:5112;1864:5780
195.0433,1788883060.0981,6,3568.98,22820.56,26389.54,28.8,27168.5,36085.0,0.0,4539.395,93.909,306.706,1838:12;1861:5685;1862:6228;1863:5114;1864:5782
195.1474,1788883060.2022,6,3568.99,23247.31,26816.30,599.8,27640.5,35613.0,0.0,4544.954,93.936,306.706,1838:12;1861:5824;1862:6252;1863:5222;1864:5938
195.2525,1788883060.3073,6,3569.60,22895.86,26465.46,1076.8,27322.6,35930.9,0.0,4544.954,93.936,306.706,1838:12;1861:5688;1862:6263;1863:5119;1864:5813
195.3586,1788883060.4134,6,3570.41,22925.19,26495.60,850.1,27344.8,35908.7,0.0,4544.954,93.936,306.706,1838:12;1861:5682;1862:6224;1863:5148;1864:5859
195.4644,1788883060.5192,6,3571.34,22851.85,26423.20,841.4,27272.2,35981.2,0.0,4544.954,93.936,306.706,1838:12;1861:5720;1862:6224;1863:5115;1864:5781
195.5700,1788883060.6248,6,3572.14,22821.03,26393.17,621.1,27209.1,36044.4,0.0,4544.954,93.936,306.706,1838:12;1861:5684;1862:6225;1863:5116;1864:5784
195.6746,1788883060.7294,6,3572.76,22831.40,26404.16,440.6,27215.5,36038.0,0.0,4544.954,93.938,306.706,1838:12;1861:5686;1862:6225;1863:5120;1864:5788
195.7789,1788883060.8338,6,3572.84,22843.18,26416.01,134.5,27225.6,36027.9,0.0,4545.003,93.947,306.706,1838:12;1861:5688;1862:6227;1863:5125;1864:5791
195.8830,1788883060.9378,6,3572.84,22855.89,26428.73,172.8,27246.1,36007.4,0.0,4545.374,94.003,306.706,1838:12;1861:5692;1862:6229;1863:5129;1864:5793
195.9871,1788883061.0419,6,3572.84,22868.62,26441.46,105.6,27250.5,36003.0,0.0,4545.757,94.058,306.706,1838:12;1861:5696;1862:6230;1863:5134;1864:5795
196.0913,1788883061.1461,6,3572.84,22882.44,26455.27,144.0,27254.5,35999.0,0.0,4546.053,94.117,306.706,1838:12;1861:5700;1862:6233;1863:5137;1864:5800
196.1954,1788883061.2502,6,3572.84,22892.50,26465.34,134.4,27258.5,35995.0,0.0,4546.369,94.170,306.706,1838:12;1861:5703;1862:6236;1863:5142;1864:5799
196.2995,1788883061.3544,6,3572.84,22903.27,26476.10,67.2,27255.6,35997.9,0.0,4546.610,94.221,306.706,1838:12;1861:5705;1862:6234;1863:5147;1864:5804
196.4041,1788883061.4589,6,3572.84,22899.61,26472.44,105.4,27263.6,35989.9,0.0,4546.623,94.232,306.706,1838:12;1861:5706;1862:6235;1863:5145;1864:5801
196.5082,1788883061.5631,6,3572.84,22911.61,26484.44,144.0,27263.6,35989.9,0.0,4546.868,94.289,306.706,1838:12;1861:5710;1862:6237;1863:5149;1864:5803
196.6124,1788883061.6672,6,3572.84,22925.31,26498.14,67.2,27263.6,35989.9,0.0,4547.104,94.336,306.706,1838:12;1861:5712;1862:6238;1863:5154;1864:5808
196.7165,1788883061.7713,6,3572.86,22934.00,26506.85,153.4,27271.6,35981.9,0.0,4547.344,94.391,306.706,1838:12;1861:5714;1862:6242;1863:5158;1864:5807
196.8210,1788883061.8758,6,3572.86,22939.04,26511.89,96.0,27271.8,35981.7,0.0,4547.545,94.446,306.706,1838:12;1861:5717;1862:6241;1863:5160;1864:5809
196.9251,1788883061.9799,6,3572.86,22944.86,26517.72,124.8,27272.3,35981.2,0.0,4547.783,94.474,306.706,1838:12;1861:5720;1862:6241;1863:5161;1864:5811
197.0293,1788883062.0841,6,3572.86,22956.04,26528.91,153.6,27289.4,35964.1,0.0,4547.918,94.519,306.706,1838:12;1861:5725;1862:6242;1863:5165;1864:5811
197.1334,1788883062.1882,6,3572.87,22965.49,26538.36,115.2,27296.8,35956.7,0.0,4548.171,94.573,306.706,1838:12;1861:5727;1862:6244;1863:5168;1864:5815
197.2375,1788883062.2923,6,3572.87,22969.92,26542.79,124.8,27306.9,35946.6,0.0,4551.281,94.615,306.706,1838:12;1861:5728;1862:6244;1863:5170;1864:5816
197.3416,1788883062.3964,6,3572.87,22980.78,26553.64,56.4,27315.1,35938.4,0.0,4554.621,94.653,306.706,1838:12;1861:5729;1862:6248;1863:5175;1864:5815
197.4482,1788883062.5030,6,3572.87,22986.25,26559.11,105.4,27319.1,35934.4,0.0,4554.817,94.704,306.706,1838:12;1861:5733;1862:6248;1863:5176;1864:5818
197.5523,1788883062.6071,6,3572.87,22990.27,26563.14,105.6,27324.8,35928.6,0.0,4557.864,94.725,306.706,1838:12;1861:5735;1862:6248;1863:5177;1864:5817
197.6565,1788883062.7113,6,3572.91,22997.98,26570.89,57.6,27324.8,35928.6,0.0,4558.061,94.769,306.706,1838:12;1861:5736;1862:6250;1863:5180;1864:5820
197.7605,1788883062.8153,6,3572.91,23003.72,26576.63,75.4,27333.3,35920.1,0.0,4561.517,94.792,306.706,1838:12;1861:5739;1862:6250;1863:5183;1864:5819
197.8668,1788883062.9216,6,3572.91,23011.42,26584.33,105.6,27333.6,35919.9,0.0,4561.724,94.842,306.706,1838:12;1861:5741;1862:6252;1863:5185;1864:5821
197.9709,1788883063.0257,6,3572.91,23016.78,26589.69,105.6,27341.6,35911.9,0.0,4564.483,94.878,306.706,1838:12;1861:5743;1862:6250;1863:5188;1864:5824
198.0750,1788883063.1298,6,3572.91,23023.28,26596.19,94.4,27341.8,35911.7,0.0,4566.876,94.916,306.706,1838:12;1861:5745;1862:6252;1863:5191;1864:5823
198.1813,1788883063.2361,6,3572.91,23028.98,26601.89,57.6,27341.8,35911.7,0.0,4567.071,94.964,306.706,1838:12;1861:5746;1862:6254;1863:5192;1864:5826
198.2853,1788883063.3402,6,3572.91,23034.27,26607.18,76.8,27349.6,35903.9,0.0,4569.334,94.982,306.706,1838:12;1861:5749;1862:6254;1863:5193;1864:5825
198.3894,1788883063.4442,6,3572.91,23040.33,26613.25,57.6,27349.8,35903.7,0.0,4569.535,95.026,306.706,1838:12;1861:5749;1862:6256;1863:5196;1864:5828
198.4935,1788883063.5483,6,3572.91,23044.52,26617.44,96.0,27361.8,35891.7,0.0,4571.987,95.045,306.706,1838:12;1861:5753;1862:6255;1863:5197;1864:5827
198.5976,1788883063.6524,6,3572.91,23051.90,26624.82,38.4,27361.8,35891.7,0.0,4572.186,95.089,306.706,1838:12;1861:5754;1862:6256;1863:5200;1864:5830
198.7016,1788883063.7564,6,3572.93,23053.52,26626.45,105.6,27362.5,35890.9,0.0,4574.645,95.109,306.706,1838:12;1861:5755;1862:6256;1863:5201;1864:5829
198.8057,1788883063.8605,6,3572.93,23193.43,26766.37,143.9,27525.9,35727.6,0.0,4574.888,95.154,306.706,1838:12;1861:5755;1862:6258;1863:5264;1864:5904
198.9102,1788883063.9650,6,3573.39,23337.00,26910.39,972.5,27754.2,35499.2,0.0,4577.151,95.161,306.706,1838:12;1861:5817;1862:6298;1863:5289;1864:5921
199.0161,1788883064.0709,6,3574.38,23137.44,26711.82,879.7,27570.4,35683.1,0.0,4577.152,95.162,306.706,1838:12;1861:5763;1862:6283;1863:5246;1864:5833
199.1218,1788883064.1766,6,3575.29,23076.98,26652.27,620.1,27536.4,35717.1,0.0,4577.152,95.162,306.706,1838:12;1861:5765;1862:6253;1863:5214;1864:5833
199.2265,1788883064.2814,6,3575.64,23085.41,26661.05,391.9,27542.7,35710.7,0.0,4577.152,95.162,306.706,1838:12;1861:5765;1862:6253;1863:5222;1864:5833
199.3310,1788883064.3858,6,3575.70,23132.95,26708.64,282.5,27581.3,35672.2,0.0,4577.588,95.283,306.706,1838:12;1861:5778;1862:6261;1863:5238;1864:5844
199.4374,1788883064.4922,6,3575.70,23129.52,26705.21,220.4,27595.8,35657.7,0.0,4577.854,95.337,306.706,1838:12;1861:5773;1862:6264;1863:5238;1864:5842
199.5419,1788883064.5967,6,3575.70,23140.42,26716.12,249.1,27612.3,35641.2,0.0,4577.942,95.384,306.706,1838:12;1861:5777;1862:6265;1863:5240;1864:5846
199.6460,1788883064.7008,6,3575.70,23160.85,26736.54,211.2,27616.5,35637.0,0.0,4578.907,95.462,306.706,1838:12;1861:5781;1862:6269;1863:5250;1864:5849
199.7502,1788883064.8050,6,3575.79,23173.64,26749.43,268.5,27624.5,35629.0,0.0,4579.244,95.544,306.706,1838:12;1861:5785;1862:6271;1863:5254;1864:5851
199.8545,1788883064.9093,6,3575.79,23188.89,26764.69,307.1,27632.5,35621.0,0.0,4579.600,95.631,306.706,1838:12;1861:5789;1862:6273;1863:5261;1864:5853
199.9587,1788883065.0135,6,3575.79,23209.04,26784.84,316.6,27652.5,35601.0,0.0,4579.947,95.720,306.706,1838:12;1861:5793;1862:6277;1863:5267;1864:5860
200.0629,1788883065.1177,6,3575.79,23218.76,26794.55,76.8,27652.5,35601.0,0.0,4580.207,95.774,306.706,1838:12;1861:5797;1862:6280;1863:5268;1864:5861
200.1671,1788883065.2219,6,3575.80,23224.55,26800.34,240.0,27664.8,35588.7,0.0,4580.310,95.808,306.706,1838:12;1861:5797;1862:6281;1863:5270;1864:5864
200.2713,1788883065.3261,6,3575.80,23236.95,26812.74,288.0,27672.8,35580.7,0.0,4580.903,95.893,306.706,1838:12;1861:5801;1862:6282;1863:5276;1864:5866
200.3755,1788883065.4303,6,3575.80,23255.01,26830.80,268.8,27675.5,35578.0,0.0,4581.254,95.973,306.706,1838:12;1861:5805;1862:6284;1863:5286;1864:5868
200.4797,1788883065.5345,6,3575.80,23280.59,26856.39,345.6,27681.5,35572.0,0.0,4581.835,96.077,306.706,1838:12;1861:5809;1862:6293;1863:5289;1864:5877
200.5838,1788883065.6386,6,3575.80,23272.59,26848.40,9.6,27682.6,35570.9,0.0,4581.835,96.077,306.706,1838:12;1861:5807;1862:6290;1863:5286;1864:5877
200.6878,1788883065.7426,6,3575.80,23297.20,26873.00,268.8,27698.8,35554.7,0.0,4584.385,96.191,306.706,1838:12;1861:5811;1862:6295;1863:5293;1864:5885
200.7919,1788883065.8467,6,3575.80,23289.36,26865.16,134.4,27712.8,35540.7,0.0,4584.387,96.203,306.706,1838:12;1861:5811;1862:6292;1863:5290;1864:5884
200.8961,1788883065.9509,6,3575.80,23305.62,26881.43,76.8,27712.8,35540.7,0.0,4584.680,96.269,306.706,1838:12;1861:5815;1862:6296;1863:5294;1864:5889
201.0002,1788883066.0550,6,3575.80,23311.61,26887.41,141.3,27716.2,35537.2,0.0,4595.817,96.313,306.706,1838:12;1861:5818;1862:6296;1863:5294;1864:5892
201.1066,1788883066.1614,6,3575.80,23321.62,26897.43,153.4,27723.7,35529.8,0.0,4600.370,96.406,306.706,1838:12;1861:5819;1862:6298;1863:5298;1864:5895
201.2107,1788883066.2655,6,3575.80,23321.36,26897.16,297.4,27730.5,35522.9,0.0,4612.097,96.455,306.706,1838:12;1861:5819;1862:6298;1863:5298;1864:5894
201.3149,1788883066.3698,6,3575.80,23337.62,26913.43,67.2,27730.3,35523.2,0.0,4612.390,96.521,306.706,1838:12;1861:5823;1862:6302;1863:5302;1864:5899
201.4191,1788883066.4739,6,3575.80,23344.40,26920.20,141.3,27734.4,35519.0,0.0,4625.830,96.577,306.706,1838:12;1861:5824;1862:6305;1863:5302;1864:5902
201.5255,1788883066.5803,6,3575.80,23361.18,26936.98,201.1,27747.5,35506.0,0.0,4630.972,96.668,306.706,1838:12;1861:5828;1862:6306;1863:5310;1864:5905
201.6296,1788883066.6844,6,3575.80,23355.36,26931.16,201.6,27756.5,35497.0,0.0,4640.676,96.717,306.706,1838:12;1861:5825;1862:6306;1863:5306;1864:5906
201.7337,1788883066.7885,6,3575.82,23372.57,26948.38,249.6,27760.7,35492.7,0.0,4646.802,96.809,306.706,1838:12;1861:5829;1862:6308;1863:5310;1864:5913
201.8379,1788883066.8927,6,3575.82,23386.74,26962.55,134.5,27764.7,35488.7,0.0,4649.706,96.889,306.706,1838:12;1861:5833;1862:6311;1863:5314;1864:5917
201.9419,1788883066.9967,6,3575.82,23400.35,26976.17,163.2,27775.9,35477.5,0.0,4662.466,96.947,306.706,1838:12;1861:5837;1862:6315;1863:5314;1864:5923
202.0460,1788883067.1008,6,3575.82,23406.19,26982.01,192.2,27756.8,35496.7,0.0,4666.970,97.039,306.706,1838:12;1861:5840;1862:6314;1863:5319;1864:5921
202.1501,1788883067.2049,6,3575.82,23403.36,26979.18,211.3,27760.8,35492.7,0.0,4676.186,97.086,306.706,1838:12;1861:5837;1862:6314;1863:5318;1864:5922
202.2542,1788883067.3090,6,3575.82,23417.75,26993.57,220.9,27760.8,35492.7,0.0,4678.770,97.171,306.706,1838:12;1861:5839;1862:6316;1863:5322;1864:5929
202.3582,1788883067.4130,6,3575.82,23444.41,27020.23,172.8,27763.2,35490.3,0.0,4685.325,97.265,306.706,1838:12;1861:5859;1862:6319;1863:5327;1864:5928
202.4625,1788883067.5173,6,3575.97,23535.85,27111.82,703.6,27968.8,35284.6,0.0,4691.300,97.283,306.706,1838:12;1861:5851;1862:6379;1863:5352;1864:5942
202.5693,1788883067.6241,6,3576.72,23579.87,27156.59,1073.3,28148.7,35104.8,0.0,4691.300,97.283,306.706,1838:12;1861:5849;1862:6323;1863:5428;1864:5967
202.6754,1788883067.7302,6,3577.61,23477.94,27055.55,834.2,28047.3,35206.2,0.0,4691.300,97.283,306.706,1838:12;1861:5854;1862:6312;1863:5396;1864:5904
202.7808,1788883067.8356,6,3578.34,23449.36,27027.70,701.8,28006.2,35247.3,0.0,4691.300,97.283,306.706,1838:12;1861:5857;1862:6312;1863:5359;1864:5909
202.8863,1788883067.9411,6,3578.50,23470.81,27049.31,144.0,28011.7,35241.8,0.0,4691.380,97.306,306.706,1838:12;1861:5862;1862:6317;1863:5364;1864:5915
202.9904,1788883068.0452,6,3578.50,23489.56,27068.06,384.0,28046.9,35206.5,0.0,4691.816,97.412,306.706,1838:12;1861:5866;1862:6321;1863:5368;1864:5922
203.0946,1788883068.1494,6,3578.50,23509.89,27088.38,211.2,28051.1,35202.4,0.0,4692.180,97.501,306.706,1838:12;1861:5870;1862:6324;1863:5374;1864:5929
203.1987,1788883068.2535,6,3578.50,23526.34,27104.83,169.8,28052.0,35201.5,0.0,4693.102,97.580,306.706,1838:12;1861:5875;1862:6328;1863:5374;1864:5938
203.3049,1788883068.3597,6,3578.50,23540.46,27118.96,207.0,28056.2,35197.3,0.0,4693.511,97.661,306.706,1838:12;1861:5882;1862:6330;1863:5376;1864:5941
203.4113,1788883068.4661,6,3578.50,23545.35,27123.85,268.2,28064.2,35189.3,0.0,4693.827,97.729,306.706,1838:12;1861:5882;1862:6332;1863:5378;1864:5941
203.5154,1788883068.5702,6,3578.50,23552.92,27131.42,240.0,28068.2,35185.3,0.0,4694.394,97.787,306.706,1838:12;1861:5880;1862:6335;1863:5380;1864:5946
203.6195,1788883068.6743,6,3578.50,23568.92,27147.42,288.2,28076.2,35177.3,0.0,4694.862,97.881,306.706,1838:12;1861:5884;1862:6337;1863:5384;1864:5952
203.7236,1788883068.7784,6,3578.55,23589.04,27167.59,278.4,28081.8,35171.7,0.0,4695.239,97.968,306.706,1838:12;1861:5891;1862:6340;1863:5386;1864:5959
203.8278,1788883068.8826,6,3578.55,23601.52,27180.08,105.6,28081.9,35171.6,0.0,4695.554,98.048,306.706,1838:12;1861:5892;1862:6344;1863:5390;1864:5963
203.9319,1788883068.9867,6,3578.55,23599.89,27178.45,278.6,28089.9,35163.6,0.0,4695.633,98.069,306.706,1838:12;1861:5892;1862:6343;1863:5390;1864:5962
204.0360,1788883069.0908,6,3578.55,23621.32,27199.87,230.5,28085.2,35168.3,0.0,4696.017,98.153,306.706,1838:12;1861:5901;1862:6346;1863:5392;1864:5970
204.1401,1788883069.1950,6,3578.56,23632.05,27210.61,153.6,28087.6,35165.9,0.0,4696.391,98.239,306.706,1838:12;1861:5898;1862:6351;1863:5398;1864:5973
204.2443,1788883069.2991,6,3578.56,23639.08,27217.64,268.8,28093.5,35160.0,0.0,4696.437,98.268,306.706,1838:12;1861:5900;1862:6353;1863:5399;1864:5975
204.3485,1788883069.4033,6,3578.56,23655.43,27233.99,192.0,28101.2,35152.3,0.0,4696.986,98.367,306.706,1838:12;1861:5903;1862:6357;1863:5402;1864:5981
204.4527,1788883069.5075,6,3578.56,23651.14,27229.71,258.8,28130.1,35123.3,0.0,4705.717,98.414,306.706,1838:12;1861:5902;1862:6355;1863:5401;1864:5981
204.5569,1788883069.6117,6,3578.56,23667.46,27246.02,86.4,28130.1,35123.3,0.0,4706.029,98.488,306.706,1838:12;1861:5905;1862:6359;1863:5404;1864:5987
204.6610,1788883069.7158,6,3578.56,23669.02,27247.58,211.0,28130.6,35122.9,0.0,4715.598,98.536,306.706,1838:12;1861:5906;1862:6359;1863:5404;1864:5987
204.7653,1788883069.8201,6,3578.56,23683.50,27262.06,86.4,28130.6,35122.9,0.0,4715.871,98.599,306.706,1838:12;1861:5909;1862:6363;1863:5406;1864:5993
204.8694,1788883069.9242,6,3578.56,23685.02,27263.59,211.2,28138.9,35114.6,0.0,4724.629,98.644,306.706,1838:12;1861:5910;1862:6363;1863:5406;1864:5993
204.9736,1788883070.0284,6,3578.56,23702.84,27281.40,115.2,28139.1,35114.4,0.0,4726.962,98.724,306.706,1838:12;1861:5913;1862:6367;1863:5411;1864:5999
205.0777,1788883070.1325,6,3578.56,23701.18,27279.74,278.4,28137.2,35116.3,0.0,4736.858,98.785,306.706,1838:12;1861:5914;1862:6365;1863:5411;1864:5999
205.1819,1788883070.2367,6,3578.56,23717.50,27296.06,57.6,28137.2,35116.3,0.0,4737.178,98.859,306.706,1838:12;1861:5917;1862:6369;1863:5414;1864:6005
205.2859,1788883070.3407,6,3578.56,23719.18,27297.74,259.4,28155.4,35098.1,0.0,4747.319,98.914,306.706,1838:12;1861:5918;1862:6369;1863:5415;1864:6005
205.3900,1788883070.4448,6,3578.56,23735.50,27314.06,57.6,28155.4,35098.1,0.0,4747.631,98.988,306.706,1838:12;1861:5921;1862:6373;1863:5418;1864:6011
205.4941,1788883070.5489,6,3578.56,23733.18,27311.74,268.9,28167.3,35086.2,0.0,4757.445,99.040,306.706,1838:12;1861:5920;1862:6373;1863:5417;1864:6011
205.5982,1788883070.6530,6,3578.56,23749.50,27328.06,86.4,28167.3,35086.2,0.0,4757.758,99.115,306.706,1838:12;1861:5923;1862:6377;1863:5420;1864:6017
205.7022,1788883070.7570,6,3578.62,23755.46,27334.08,249.6,28167.8,35085.7,0.0,4766.830,99.157,306.706,1838:12;1861:5927;1862:6378;1863:5420;1864:6017
205.8063,1788883070.8611,6,3578.62,23763.50,27342.12,86.4,28171.8,35081.7,0.0,4767.698,99.240,306.706,1838:12;1861:5927;1862:6379;1863:5424;1864:6021
205.9104,1788883070.9653,6,3578.62,23765.18,27343.80,220.8,28183.8,35069.7,0.0,4777.162,99.292,306.706,1838:12;1861:5928;1862:6379;1863:5425;1864:6021
206.0146,1788883071.0694,6,3578.62,23784.94,27363.56,85.3,28183.8,35069.7,0.0,4784.633,99.388,306.706,1838:12;1861:5931;1862:6383;1863:5428;1864:6031
206.1207,1788883071.1755,6,3578.62,23772.97,27351.59,248.5,28187.5,35066.0,0.0,4787.469,99.414,306.706,1838:12;1861:5928;1862:6381;1863:5426;1864:6026
206.2248,1788883071.2796,6,3578.62,23789.29,27367.91,67.2,28187.5,35066.0,0.0,4787.782,99.489,306.706,1838:12;1861:5932;1862:6384;1863:5429;1864:6032
206.3289,1788883071.3837,6,3578.62,24167.88,27746.50,545.0,28555.8,34697.7,0.0,4797.725,99.523,306.706,1838:12;1861:6063;1862:6413;1863:5500;1864:6179
206.4336,1788883071.4884,6,3579.29,23886.35,27465.63,1103.6,28233.4,35020.1,0.0,4797.725,99.524,306.706,1838:12;1861:5958;1862:6408;1863:5417;1864:6091
206.5398,1788883071.5946,6,3580.23,23790.38,27370.61,859.9,28137.0,35116.5,0.0,4797.726,99.525,306.706,1838:12;1861:5939;1862:6381;1863:5429;1864:6030
206.6455,1788883071.7003,6,3581.18,23867.88,27449.05,790.0,28208.8,35044.7,0.0,4797.726,99.525,306.706,1838:12;1861:5943;1862:6382;1863:5465;1864:6066
206.7505,1788883071.8053,6,3581.96,23792.71,27374.68,690.9,28220.6,35032.9,0.0,4797.726,99.525,306.706,1838:12;1861:5942;1862:6383;1863:5426;1864:6029
206.8562,1788883071.9110,6,3582.80,23796.54,27379.34,723.9,28231.9,35021.5,0.0,4797.726,99.525,306.706,1838:12;1861:5943;1862:6385;1863:5426;1864:6031
206.9612,1788883072.0160,6,3583.23,23797.77,27381.00,372.2,28229.9,35023.5,0.0,4797.726,99.525,306.706,1838:12;1861:5943;1862:6385;1863:5427;1864:6030
207.0658,1788883072.1207,6,3583.61,23822.59,27406.20,326.4,28246.4,35007.1,0.0,4797.752,99.552,306.706,1838:12;1861:5948;1862:6392;1863:5435;1864:6036
207.1700,1788883072.2248,6,3583.61,23839.98,27423.58,191.8,28261.0,34992.5,0.0,4798.209,99.660,306.706,1838:12;1861:5951;1862:6397;1863:5440;1864:6039
207.2743,1788883072.3291,6,3583.61,23841.04,27424.64,192.0,28284.2,34969.3,0.0,4798.476,99.679,306.706,1838:12;1861:5952;1862:6396;1863:5441;1864:6040
207.3785,1788883072.4333,6,3583.61,23858.79,27442.40,240.0,28293.2,34960.3,0.0,4798.696,99.772,306.706,1838:12;1861:5954;1862:6402;1863:5447;1864:6044
207.4827,1788883072.5375,6,3583.61,23881.39,27465.00,197.7,28297.9,34955.6,0.0,4799.287,99.857,306.706,1838:12;1861:5958;1862:6406;1863:5456;1864:6049
207.5892,1788883072.6441,6,3583.61,23891.52,27475.12,290.2,28305.9,34947.6,0.0,4799.727,99.962,306.706,1838:12;1861:5962;1862:6406;1863:5459;1864:6052
207.6959,1788883072.7507,6,3583.68,23905.30,27488.98,354.3,28322.2,34931.3,0.0,4799.981,100.063,306.706,1838:12;1861:5966;1862:6410;1863:5463;1864:6054
207.8000,1788883072.8548,6,3583.68,23922.28,27505.96,230.4,28330.7,34922.8,0.0,4800.625,100.162,306.706,1838:12;1861:5968;1862:6414;1863:5470;1864:6058
207.9042,1788883072.9590,6,3583.68,23944.20,27527.88,240.0,28334.7,34918.8,0.0,4801.123,100.254,306.706,1838:12;1861:5972;1862:6421;1863:5475;1864:6064
208.0083,1788883073.0632,6,3583.68,23955.42,27539.10,134.4,28343.4,34910.1,0.0,4801.494,100.344,306.706,1838:12;1861:5975;1862:6422;1863:5480;1864:6066
208.1125,1788883073.1673,6,3583.68,23952.29,27535.97,172.8,28345.1,34908.4,0.0,4801.795,100.363,306.706,1838:12;1861:5974;1862:6422;1863:5479;1864:6064
208.2167,1788883073.2715,6,3583.68,23966.45,27550.13,67.2,28345.1,34908.4,0.0,4802.102,100.432,306.706,1838:12;1861:5978;1862:6426;1863:5485;1864:6066
208.3207,1788883073.3755,6,3583.68,23962.52,27546.20,96.0,28345.9,34907.6,0.0,4802.275,100.443,306.706,1838:12;1861:5978;1862:6424;1863:5483;1864:6066
208.4249,1788883073.4797,6,3583.68,23981.37,27565.05,169.7,28349.4,34904.1,0.0,4802.847,100.517,306.706,1838:12;1861:5980;1862:6429;1863:5489;1864:6071
208.5313,1788883073.5861,6,3583.69,23991.32,27575.02,172.4,28372.7,34880.8,0.0,4802.994,100.538,306.706,1838:12;1861:5986;1862:6431;1863:5489;1864:6073
208.6354,1788883073.6902,6,3583.69,24014.83,27598.52,235.5,28392.3,34861.2,0.0,4811.515,100.659,306.706,1838:12;1861:5994;1862:6435;1863:5496;1864:6078
208.7419,1788883073.7967,6,3583.71,24016.50,27600.21,197.8,28404.5,34849.0,0.0,4811.953,100.708,306.706,1838:12;1861:5994;1862:6436;1863:5495;1864:6079
208.8477,1788883073.9025,6,3583.71,24028.23,27611.95,201.6,28408.7,34844.8,0.0,4812.074,100.765,306.706,1838:12;1861:6000;1862:6437;1863:5501;1864:6079
208.9519,1788883074.0067,6,3583.71,24022.06,27605.77,134.4,28416.7,34836.7,0.0,4812.337,100.818,306.706,1838:12;1861:5999;1862:6437;1863:5493;1864:6080
209.0560,1788883074.1109,6,3583.71,24037.05,27620.76,105.5,28417.0,34836.5,0.0,4817.330,100.890,306.706,1838:12;1861:6002;1862:6441;1863:5497;1864:6084
209.1605,1788883074.2153,6,3583.71,24033.85,27617.56,163.2,28425.0,34828.5,0.0,4819.442,100.916,306.706,1838:12;1861:6001;1862:6441;1863:5497;1864:6083
209.2647,1788883074.3195,6,3583.71,24049.84,27633.55,67.2,28425.0,34828.5,0.0,4819.870,100.997,306.706,1838:12;1861:6006;1862:6445;1863:5501;1864:6086
209.3688,1788883074.4236,6,3583.71,24051.85,27635.56,249.6,28437.2,34816.2,0.0,4827.108,101.043,306.706,1838:12;1861:6007;1862:6445;1863:5501;1864:6087
209.4729,1788883074.5277,6,3583.71,24071.02,27654.73,124.8,28437.2,34816.2,0.0,4828.508,101.132,306.706,1838:12;1861:6013;1862:6449;1863:5505;1864:6092
209.5770,1788883074.6319,6,3583.71,24073.37,27657.08,134.4,28441.2,34812.2,0.0,4830.154,101.170,306.706,1838:12;1861:6016;1862:6449;1863:5506;1864:6091
209.6812,1788883074.7360,6,3583.73,24086.03,27669.75,86.4,28445.2,34808.2,0.0,4832.060,101.244,306.706,1838:12;1861:6018;1862:6453;1863:5509;1864:6094
209.7854,1788883074.8402,6,3583.73,24086.25,27669.98,259.2,28453.5,34800.0,0.0,4838.896,101.294,306.706,1838:12;1861:6019;1862:6453;1863:5507;1864:6095
209.8895,1788883074.9443,6,3583.73,24107.41,27691.14,192.2,28457.5,34796.0,0.0,4846.186,101.404,306.706,1838:12;1861:6026;1862:6458;1863:5513;1864:6098
209.9936,1788883075.0484,6,3583.73,24115.97,27699.70,115.2,28455.9,34797.6,0.0,4846.505,101.492,306.706,1838:12;1861:6028;1862:6461;1863:5515;1864:6100
210.0977,1788883075.1525,6,3583.73,24117.85,27701.57,249.6,28471.2,34782.2,0.0,4854.801,101.541,306.706,1838:12;1861:6029;1862:6461;1863:5515;1864:6101
210.2018,1788883075.2566,6,3583.73,24134.03,27717.76,67.2,28471.2,34782.2,0.0,4855.122,101.622,306.706,1838:12;1861:6034;1862:6465;1863:5519;1864:6104
210.3060,1788883075.3608,6,3583.73,24122.94,27706.67,249.6,28471.7,34781.8,0.0,4863.521,101.668,306.706,1838:12;1861:6030;1862:6462;1863:5516;1864:6102
210.4101,1788883075.4649,6,3583.73,24138.60,27722.33,57.6,28471.7,34781.8,0.0,4863.833,101.744,306.706,1838:12;1861:6035;1862:6466;1863:5520;1864:6106
210.5142,1788883075.5690,6,3583.73,24239.00,27822.73,305.9,28599.0,34654.5,0.0,4870.323,101.777,306.706,1838:12;1861:6055;1862:6475;1863:5567;1864:6129
210.6188,1788883075.6736,6,3584.21,24227.77,27811.98,1026.0,28643.0,34610.5,0.0,4870.323,101.777,306.706,1838:12;1861:6028;1862:6460;1863:5617;1864:6110
210.7252,1788883075.7800,6,3585.04,24140.57,27725.61,739.6,28598.6,34654.9,0.0,4870.323,101.777,306.706,1838:12;1861:6010;1862:6460;1863:5556;1864:6102
210.8307,1788883075.8855,6,3585.43,24141.41,27726.84,421.6,28627.0,34626.5,0.0,4870.629,101.800,306.706,1838:12;1861:6014;1862:6467;1863:5537;1864:6111
210.9348,1788883075.9896,6,3585.43,24155.55,27740.98,374.4,28660.7,34592.8,0.0,4870.765,101.910,306.706,1838:12;1861:6016;1862:6469;1863:5541;1864:6117
211.0390,1788883076.0938,6,3585.43,24171.55,27756.98,268.8,28673.1,34580.4,0.0,4871.160,102.010,306.706,1838:12;1861:6020;1862:6473;1863:5545;1864:6121
211.1432,1788883076.1980,6,3585.43,24187.55,27772.98,268.8,28685.3,34568.2,0.0,4871.547,102.106,306.706,1838:12;1861:6024;1862:6475;1863:5549;1864:6127
211.2473,1788883076.3021,6,3585.43,24210.59,27796.02,307.6,28689.3,34564.2,0.0,4871.954,102.200,306.706,1838:12;1861:6028;1862:6481;1863:5554;1864:6135
211.3514,1788883076.4062,6,3585.43,24229.47,27814.90,124.8,28693.3,34560.2,0.0,4872.609,102.289,306.706,1838:12;1861:6035;1862:6485;1863:5558;1864:6140
211.4555,1788883076.5103,6,3585.43,24235.66,27821.09,220.8,28709.3,34544.2,0.0,4873.008,102.387,306.706,1838:12;1861:6034;1862:6484;1863:5561;1864:6145
211.5597,1788883076.6145,6,3585.43,24245.99,27831.42,268.8,28713.3,34540.2,0.0,4873.698,102.444,306.706,1838:12;1861:6036;1862:6487;1863:5564;1864:6147
211.6639,1788883076.7187,6,3585.50,24251.89,27837.39,220.9,28729.3,34524.2,0.0,4873.854,102.507,306.706,1838:12;1861:6038;1862:6489;1863:5563;1864:6149
211.7679,1788883076.8227,6,3585.50,24267.96,27853.46,259.2,28733.3,34520.2,0.0,4874.269,102.607,306.706,1838:12;1861:6042;1862:6491;1863:5567;1864:6155
211.8721,1788883076.9269,6,3585.50,24286.06,27871.56,172.8,28733.3,34520.2,0.0,4874.706,102.689,306.706,1838:12;1861:6047;1862:6493;1863:5571;1864:6162
211.9763,1788883077.0311,6,3585.50,24290.72,27876.22,220.9,28731.8,34521.7,0.0,4875.075,102.780,306.706,1838:12;1861:6046;1862:6496;1863:5573;1864:6163
212.0804,1788883077.1352,6,3585.51,24302.39,27887.90,268.8,28749.1,34504.4,0.0,4875.127,102.804,306.706,1838:12;1861:6049;1862:6498;1863:5576;1864:6167
212.1845,1788883077.2393,6,3585.51,24318.62,27904.13,144.0,28758.5,34495.0,0.0,4875.482,102.896,306.706,1838:12;1861:6052;1862:6501;1863:5580;1864:6173
212.2887,1788883077.3435,6,3585.51,24321.31,27906.82,115.2,28769.6,34483.8,0.0,4882.631,102.929,306.706,1838:12;1861:6053;1862:6502;1863:5581;1864:6173
212.3928,1788883077.4476,6,3585.51,24330.49,27916.00,96.0,28772.0,34481.5,0.0,4883.365,102.990,306.706,1838:12;1861:6056;1862:6503;1863:5584;1864:6175
212.4970,1788883077.5518,6,3585.51,24334.57,27920.08,259.1,28789.7,34463.8,0.0,4889.485,103.050,306.706,1838:12;1861:6055;1862:6506;1863:5584;1864:6177
212.6012,1788883077.6560,6,3585.51,24350.48,27936.00,124.8,28789.7,34463.8,0.0,4891.157,103.131,306.706,1838:12;1861:6058;1862:6509;1863:5588;1864:6183
212.7053,1788883077.7601,6,3585.56,24352.66,27938.22,268.9,28789.7,34463.8,0.0,4897.463,103.172,306.706,1838:12;1861:6059;1862:6510;1863:5588;1864:6183
212.8094,1788883077.8642,6,3585.56,24368.97,27954.54,57.6,28789.7,34463.8,0.0,4898.172,103.254,306.706,1838:12;1861:6062;1862:6514;1863:5592;1864:6189
212.9135,1788883077.9684,6,3585.56,24364.66,27950.22,230.4,28802.0,34451.5,0.0,4905.806,103.295,306.706,1838:12;1861:6063;1862:6510;1863:5590;1864:6189
213.0177,1788883078.0725,6,3585.56,24380.59,27966.16,96.0,28802.0,34451.5,0.0,4906.125,103.375,306.706,1838:12;1861:6066;1862:6513;1863:5594;1864:6195
213.1219,1788883078.1767,6,3585.56,24383.09,27968.65,182.4,28810.0,34443.5,0.0,4912.980,103.414,306.706,1838:12;1861:6067;1862:6514;1863:5594;1864:6196
213.2260,1788883078.2808,6,3585.56,24396.77,27982.34,153.6,28810.0,34443.5,0.0,4913.603,103.483,306.706,1838:12;1861:6070;1862:6518;1863:5598;1864:6199
213.3302,1788883078.3850,6,3585.56,24398.23,27983.79,239.9,28818.4,34435.1,0.0,4921.486,103.541,306.706,1838:12;1861:6070;1862:6518;1863:5598;1864:6199
213.4344,1788883078.4892,6,3585.56,24412.46,27998.02,57.6,28818.7,34434.8,0.0,4921.773,103.615,306.706,1838:12;1861:6072;1862:6521;1863:5602;1864:6205
213.5384,1788883078.5932,6,3585.56,24412.23,27997.79,201.6,28830.7,34422.8,0.0,4927.365,103.653,306.706,1838:12;1861:6072;1862:6520;1863:5602;1864:6205
213.6425,1788883078.6973,6,3585.56,24426.66,28012.22,76.8,28830.7,34422.8,0.0,4927.652,103.728,306.706,1838:12;1861:6074;1862:6523;1863:5606;1864:6211
213.7465,1788883078.8013,6,3585.61,24430.82,28016.43,259.4,28842.7,34410.8,0.0,4934.720,103.772,306.706,1838:12;1861:6075;1862:6524;1863:5606;1864:6213
213.8506,1788883078.9055,6,3585.61,24446.28,28031.89,96.0,28842.7,34410.8,0.0,4936.061,103.859,306.706,1838:12;1861:6080;1862:6527;1863:5610;1864:6217
213.9547,1788883079.0096,6,3585.61,24438.02,28023.62,220.8,28843.1,34410.4,0.0,4942.343,103.900,306.706,1838:12;1861:6078;1862:6526;1863:5608;1864:6213
214.0589,1788883079.1137,6,3585.61,24452.90,28038.51,67.2,28840.5,34412.9,0.0,4942.656,103.976,306.706,1838:12;1861:6082;1862:6528;1863:5612;1864:6219
214.1630,1788883079.2178,6,3585.61,24732.59,28318.20,441.1,29113.9,34139.6,0.0,4948.737,103.996,306.706,1838:12;1861:6109;1862:6662;1863:5681;1864:6269
214.2699,1788883079.3247,6,3585.96,24718.04,28304.00,1145.9,29261.3,33992.2,0.0,4948.737,103.996,306.706,1838:12;1861:6166;1862:6524;1863:5703;1864:6313
214.3764,1788883079.4312,6,3586.77,24461.64,28048.41,792.2,29233.2,34020.3,0.0,4948.737,103.996,306.706,1838:12;1861:6096;1862:6526;1863:5641;1864:6186
214.4823,1788883079.5371,6,3587.66,24475.94,28063.60,693.5,29247.3,34006.2,0.0,4948.738,103.997,306.706,1838:12;1861:6107;1862:6526;1863:5642;1864:6189
214.5874,1788883079.6422,6,3588.02,24502.75,28090.77,393.6,29262.8,33990.7,0.0,4948.758,104.021,306.706,1838:12;1861:6111;1862:6533;1863:5652;1864:6195
214.6915,1788883079.7463,6,3588.11,24525.84,28113.95,355.2,29300.2,33953.3,0.0,4949.162,104.122,306.706,1838:12;1861:6115;1862:6535;1863:5664;1864:6199
214.7957,1788883079.8505,6,3588.11,24550.24,28138.34,151.0,29305.5,33948.0,0.0,4949.805,104.195,306.706,1838:12;1861:6122;1862:6541;1863:5669;1864:6207
214.9020,1788883079.9568,6,3588.11,24535.61,28123.72,153.2,29309.5,33944.0,0.0,4949.810,104.211,306.706,1838:12;1861:6119;1862:6539;1863:5664;1864:6201
215.0062,1788883080.0610,6,3588.11,24556.64,28144.75,220.8,29315.7,33937.8,0.0,4950.824,104.290,306.706,1838:12;1861:6121;1862:6544;1863:5675;1864:6205
215.1104,1788883080.1652,6,3588.11,24576.48,28164.59,220.8,29324.0,33929.5,0.0,4951.205,104.372,306.706,1838:12;1861:6129;1862:6546;1863:5682;1864:6207
215.2145,1788883080.2693,6,3588.11,24593.63,28181.74,329.6,29336.7,33916.8,0.0,4951.567,104.461,306.706,1838:12;1861:6132;1862:6550;1863:5688;1864:6211
215.3209,1788883080.3757,6,3588.11,24610.33,28198.43,287.2,29344.7,33908.8,0.0,4951.935,104.546,306.706,1838:12;1861:6136;1862:6553;1863:5694;1864:6215
215.4251,1788883080.4799,6,3588.11,24630.14,28218.24,179.2,29348.7,33904.8,0.0,4952.385,104.623,306.706,1838:12;1861:6138;1862:6559;1863:5699;1864:6222
215.5314,1788883080.5862,6,3588.11,24645.68,28233.79,310.6,29367.9,33885.5,0.0,4952.755,104.712,306.706,1838:12;1861:6139;1862:6563;1863:5707;1864:6224
215.6377,1788883080.6925,6,3588.11,24650.02,28238.12,281.6,29372.3,33881.1,0.0,4953.104,104.796,306.706,1838:12;1861:6147;1862:6563;1863:5704;1864:6224
215.7442,1788883080.7990,6,3588.13,24670.52,28258.65,301.1,29377.1,33876.4,0.0,4953.484,104.877,306.706,1838:12;1861:6150;1862:6564;1863:5716;1864:6228
215.8505,1788883080.9053,6,3588.13,24663.91,28252.04,182.1,29387.0,33866.5,0.0,4953.543,104.905,306.706,1838:12;1861:6148;1862:6565;1863:5710;1864:6229
215.9545,1788883081.0094,6,3588.13,24686.08,28274.21,249.6,29404.2,33849.3,0.0,4959.768,105.022,306.706,1838:12;1861:6152;1862:6570;1863:5719;1864:6232
216.0587,1788883081.1135,6,3588.13,24696.32,28284.45,259.2,29404.9,33848.6,0.0,4968.131,105.123,306.706,1838:12;1861:6153;1862:6573;1863:5722;1864:6236
216.1629,1788883081.2177,6,3588.13,24699.60,28287.73,153.6,29404.7,33848.8,0.0,4978.919,105.179,306.706,1838:12;1861:6155;1862:6573;1863:5722;1864:6237
216.2671,1788883081.3219,6,3588.13,24708.95,28297.08,153.6,29407.9,33845.6,0.0,4981.295,105.244,306.706,1838:12;1861:6157;1862:6574;1863:5728;1864:6238
216.3712,1788883081.4260,6,3588.13,24717.54,28305.67,38.4,29408.4,33845.1,0.0,4988.430,105.286,306.706,1838:12;1861:6159;1862:6579;1863:5729;1864:6239
216.4755,1788883081.5303,6,3588.13,24724.96,28313.10,307.2,29426.8,33826.7,0.0,4995.236,105.367,306.706,1838:12;1861:6161;1862:6578;1863:5732;1864:6242
216.5797,1788883081.6345,6,3588.13,24741.86,28330.00,150.7,29426.8,33826.7,0.0,5008.557,105.445,306.706,1838:12;1861:6165;1862:6583;1863:5735;1864:6246
216.6861,1788883081.7409,6,3588.15,24747.28,28335.43,182.0,29431.0,33822.4,0.0,5010.209,105.525,306.706,1838:12;1861:6166;1862:6583;1863:5740;1864:6246
216.7902,1788883081.8450,6,3588.15,24756.28,28344.43,178.6,29439.0,33814.4,0.0,5022.398,105.576,306.706,1838:12;1861:6168;1862:6584;1863:5741;1864:6251
216.8968,1788883081.9516,6,3588.15,24771.92,28360.07,172.3,29443.0,33810.4,0.0,5029.429,105.669,306.706,1838:12;1861:6171;1862:6588;1863:5752;1864:6248
217.0010,1788883082.0558,6,3588.15,24771.35,28359.50,230.4,29439.2,33814.3,0.0,5036.408,105.745,306.706,1838:12;1861:6168;1862:6591;1863:5752;1864:6249
217.1051,1788883082.1599,6,3588.15,24783.84,28371.99,76.8,29411.6,33841.9,0.0,5047.935,105.819,306.706,1838:12;1861:6173;1862:6591;1863:5754;1864:6254
217.2095,1788883082.2643,6,3588.15,24792.80,28380.96,220.4,29423.6,33829.9,0.0,5050.329,105.905,306.706,1838:12;1861:6176;1862:6593;1863:5758;1864:6254
217.3136,1788883082.3684,6,3588.15,24793.52,28381.67,95.9,29423.6,33829.9,0.0,5058.413,105.941,306.706,1838:12;1861:6176;1862:6593;1863:5757;1864:6255
217.4180,1788883082.4728,6,3588.15,24806.34,28394.49,220.8,29435.8,33817.7,0.0,5062.790,106.026,306.706,1838:12;1861:6177;1862:6597;1863:5762;1864:6258
217.5221,1788883082.5769,6,3588.15,24816.36,28404.52,95.1,29435.8,33817.7,0.0,5074.825,106.087,306.706,1838:12;1861:6183;1862:6596;1863:5763;1864:6263
217.6272,1788883082.6820,6,3588.15,24873.73,28461.88,297.1,29499.6,33753.9,0.0,5081.767,106.190,306.706,1838:12;1861:6183;1862:6616;1863:5802;1864:6260
217.7316,1788883082.7864,6,3588.43,24988.46,28576.89,734.7,29456.9,33796.6,0.0,5087.884,106.206,306.706,1838:12;1861:6243;1862:6627;1863:5788;1864:6318
217.8378,1788883082.8926,6,3589.30,24859.18,28448.48,1102.2,29371.2,33882.3,0.0,5087.884,106.206,306.706,1838:12;1861:6183;1862:6598;1863:5804;1864:6261
217.9440,1788883082.9988,6,3590.35,24889.29,28479.64,849.7,29353.7,33899.8,0.0,5087.884,106.206,306.706,1838:12;1861:6190;1862:6609;1863:5815;1864:6263
218.0498,1788883083.1046,6,3591.34,24864.55,28455.89,714.6,29303.5,33950.0,0.0,5087.887,106.208,306.706,1838:12;1861:6202;1862:6601;1863:5779;1864:6270
218.1548,1788883083.2096,6,3591.59,24888.82,28480.41,210.9,29325.9,33927.6,0.0,5087.907,106.233,306.706,1838:12;1861:6207;1862:6609;1863:5785;1864:6276
218.2590,1788883083.3138,6,3591.59,24913.75,28505.34,282.5,29364.3,33889.2,0.0,5088.735,106.332,306.706,1838:12;1861:6213;1862:6613;1863:5792;1864:6283
218.3654,1788883083.4202,6,3591.59,24917.35,28508.94,172.3,29378.7,33874.8,0.0,5089.067,106.398,306.706,1838:12;1861:6215;1862:6611;1863:5796;1864:6284
218.4696,1788883083.5245,6,3591.59,24921.44,28513.04,220.8,29391.1,33862.4,0.0,5089.608,106.440,306.706,1838:12;1861:6213;1862:6615;1863:5798;1864:6284
218.5738,1788883083.6286,6,3591.59,24937.44,28529.04,278.4,29403.1,33850.4,0.0,5090.015,106.534,306.706,1838:12;1861:6217;1862:6619;1863:5802;1864:6288
218.6780,1788883083.7328,6,3591.66,24955.95,28547.61,297.6,29411.4,33842.1,0.0,5090.397,106.624,306.706,1838:12;1861:6222;1862:6624;1863:5806;1864:6292
218.7821,1788883083.8369,6,3591.66,24977.76,28569.42,259.2,29415.4,33838.1,0.0,5090.781,106.714,306.706,1838:12;1861:6228;1862:6628;1863:5812;1864:6297
218.8862,1788883083.9410,6,3591.66,24989.62,28581.29,153.6,29419.8,33833.6,0.0,5091.176,106.797,306.706,1838:12;1861:6229;1862:6628;1863:5817;1864:6303
218.9904,1788883084.0452,6,3591.66,25002.16,28593.82,249.6,29431.8,33821.6,0.0,5091.517,106.888,306.706,1838:12;1861:6233;1862:6632;1863:5821;1864:6304
219.0946,1788883084.1494,6,3591.66,25003.86,28595.52,230.4,29447.5,33805.9,0.0,5091.595,106.908,306.706,1838:12;1861:6233;1862:6633;1863:5822;1864:6304
219.1987,1788883084.2535,6,3591.66,25020.90,28612.56,268.8,29455.9,33797.6,0.0,5092.013,106.999,306.706,1838:12;1861:6237;1862:6638;1863:5826;1864:6308
219.3029,1788883084.3577,6,3591.66,25026.96,28618.62,249.6,29456.3,33797.2,0.0,5092.401,107.094,306.706,1838:12;1861:6238;1862:6637;1863:5829;1864:6310
219.4070,1788883084.4618,6,3591.66,25056.40,28648.06,114.0,29456.7,33796.8,0.0,5093.166,107.172,306.706,1838:12;1861:6245;1862:6644;1863:5838;1864:6318
219.5125,1788883084.5674,6,3591.67,25050.72,28642.39,191.6,29467.5,33786.0,0.0,5093.193,107.194,306.706,1838:12;1861:6243;1862:6643;1863:5838;1864:6315
219.6167,1788883084.6715,6,3591.67,25067.07,28658.73,163.1,29473.1,33780.3,0.0,5094.216,107.284,306.706,1838:12;1861:6246;1862:6647;1863:5843;1864:6319
219.7210,1788883084.7758,6,3591.69,25067.45,28659.14,278.6,29500.4,33753.0,0.0,5103.927,107.335,306.706,1838:12;1861:6247;1862:6647;1863:5843;1864:6319
219.8251,1788883084.8799,6,3591.69,25081.75,28673.45,67.2,29500.4,33753.0,0.0,5104.198,107.397,306.706,1838:12;1861:6250;1862:6649;1863:5848;1864:6323
219.9291,1788883084.9839,6,3591.69,25083.45,28675.14,297.6,29508.7,33744.8,0.0,5115.187,107.466,306.706,1838:12;1861:6251;1862:6649;1863:5849;1864:6323
220.0332,1788883085.0881,6,3591.69,25099.77,28691.46,76.8,29508.7,33744.8,0.0,5115.497,107.540,306.706,1838:12;1861:6254;1862:6653;1863:5854;1864:6327
220.1373,1788883085.1921,6,3591.70,25115.53,28707.22,163.2,29511.1,33742.4,0.0,5125.460,107.582,306.706,1838:12;1861:6258;1862:6655;1863:5860;1864:6330
220.2414,1788883085.2962,6,3591.70,25115.77,28707.46,201.9,29531.6,33721.8,0.0,5125.771,107.673,306.706,1838:12;1861:6258;1862:6657;1863:5858;1864:6331
220.3454,1788883085.4002,6,3591.70,25116.19,28707.88,19.2,29531.6,33721.8,0.0,5126.653,107.677,306.706,1838:12;1861:6258;1862:6657;1863:5858;1864:6331
220.4494,1788883085.5042,6,3591.70,25118.89,28710.59,230.5,29531.6,33721.8,0.0,5135.530,107.736,306.706,1838:12;1861:6259;1862:6657;1863:5860;1864:6331
220.5535,1788883085.6083,6,3591.70,25146.20,28737.90,162.8,29535.7,33717.7,0.0,5145.777,107.841,306.706,1838:12;1861:6267;1862:6660;1863:5868;1864:6338
220.6579,1788883085.7127,6,3591.71,25133.45,28725.17,163.2,29557.3,33696.2,0.0,5145.827,107.857,306.706,1838:12;1861:6263;1862:6661;1863:5863;1864:6335
220.7620,1788883085.8168,6,3591.73,25150.91,28742.64,95.9,29557.5,33695.9,0.0,5149.351,107.946,306.706,1838:12;1861:6266;1862:6666;1863:5868;1864:6339
220.8665,1788883085.9213,6,3591.73,25150.26,28742.00,163.2,29562.3,33691.2,0.0,5155.512,107.980,306.706,1838:12;1861:6267;1862:6663;1863:5870;1864:6339
220.9705,1788883086.0253,6,3591.73,25164.28,28756.01,57.3,29566.0,33687.5,0.0,5159.145,108.041,306.706,1838:12;1861:6269;1862:6667;1863:5873;1864:6343
221.0753,1788883086.1301,6,3591.73,25162.26,28754.00,201.6,29572.4,33681.0,0.0,5162.083,108.070,306.706,1838:12;1861:6269;1862:6667;1863:5872;1864:6343
221.1794,1788883086.2343,6,3591.74,25180.65,28772.39,172.8,29576.4,33677.0,0.0,5165.897,108.155,306.706,1838:12;1861:6273;1862:6671;1863:5878;1864:6347
221.2836,1788883086.3384,6,3591.74,25183.45,28775.19,259.2,29588.4,33665.1,0.0,5175.964,108.232,306.706,1838:12;1861:6275;1862:6671;1863:5879;1864:6347
221.3877,1788883086.4425,6,3591.74,25199.77,28791.50,76.8,29588.4,33665.1,0.0,5176.275,108.305,306.706,1838:12;1861:6278;1862:6675;1863:5884;1864:6351
221.4918,1788883086.5466,6,3591.74,25189.35,28781.09,307.2,29588.7,33664.8,0.0,5185.562,108.357,306.706,1838:12;1861:6275;1862:6673;1863:5879;1864:6350
221.5960,1788883086.6508,6,3591.74,25202.47,28794.21,47.0,29588.7,33664.8,0.0,5185.865,108.408,306.706,1838:12;1861:6279;1862:6674;1863:5883;1864:6354
221.7027,1788883086.7576,6,3591.74,25287.75,28879.49,344.4,29627.5,33626.0,0.0,5196.187,108.470,306.706,1838:12;1861:6280;1862:6710;1863:5919;1864:6366
221.8104,1788883086.8652,6,3592.10,25279.25,28871.35,1003.0,29608.1,33645.4,0.0,5196.190,108.472,306.706,1838:12;1861:6355;1862:6672;1863:5882;1864:6357
221.9168,1788883086.9716,6,3593.19,25292.75,28885.94,920.9,29674.5,33579.0,0.0,5196.190,108.472,306.706,1838:12;1861:6317;1862:6677;1863:5886;1864:6401
222.0221,1788883087.0769,6,3594.35,25236.93,28831.28,814.2,29590.4,33663.1,0.0,5196.190,108.472,306.706,1838:12;1861:6286;1862:6682;1863:5888;1864:6368
222.1277,1788883087.1825,6,3596.41,25247.51,28843.92,852.9,29604.7,33648.7,0.0,5196.190,108.472,306.706,1838:12;1861:6289;1862:6684;1863:5892;1864:6370
222.2333,1788883087.2881,6,3597.29,25269.34,28866.63,862.5,29631.6,33621.9,0.0,5196.190,108.472,306.706,1838:12;1861:6297;1862:6680;1863:5900;1864:6380
222.3387,1788883087.3935,6,3598.01,25287.93,28885.95,868.4,29650.0,33603.5,0.0,5196.190,108.472,306.706,1838:12;1861:6307;1862:6681;1863:5905;1864:6382
222.4447,1788883087.4995,6,3598.70,25296.84,28895.54,766.8,29663.8,33589.7,0.0,5196.190,108.472,306.706,1838:12;1861:6308;1862:6682;1863:5911;1864:6383
222.5503,1788883087.6051,6,3599.34,25299.23,28898.56,600.3,29671.0,33582.5,0.0,5196.190,108.472,306.706,1838:12;1861:6307;1862:6682;1863:5914;1864:6384
222.6553,1788883087.7101,6,3599.75,25316.13,28915.88,402.6,29682.4,33571.1,0.0,5196.190,108.483,306.706,1838:12;1861:6309;1862:6686;1863:5918;1864:6391
222.7594,1788883087.8142,6,3599.82,25327.51,28927.32,201.6,29697.3,33556.2,0.0,5196.441,108.535,306.706,1838:12;1861:6311;1862:6688;1863:5921;1864:6395
222.8636,1788883087.9184,6,3599.82,25326.44,28926.26,38.4,29703.1,33550.4,0.0,5196.441,108.542,306.706,1838:12;1861:6311;1862:6688;1863:5922;1864:6393
222.9675,1788883088.0223,6,3599.82,25336.65,28936.46,115.2,29707.1,33546.4,0.0,5196.688,108.595,306.706,1838:12;1861:6313;1862:6688;1863:5926;1864:6398
223.0716,1788883088.1264,6,3599.82,25347.78,28947.60,144.0,29714.4,33539.1,0.0,5196.926,108.651,306.706,1838:12;1861:6315;1862:6690;1863:5930;1864:6400
223.1757,1788883088.2305,6,3599.82,25356.07,28955.89,57.6,29714.5,33538.9,0.0,5197.138,108.698,306.706,1838:12;1861:6317;1862:6691;1863:5931;1864:6404
223.2798,1788883088.3346,6,3599.82,25360.44,28960.26,86.4,29718.5,33534.9,0.0,5197.203,108.710,306.706,1838:12;1861:6317;1862:6692;1863:5934;1864:6405
223.3839,1788883088.4387,6,3599.82,25372.44,28972.26,134.4,29726.5,33526.9,0.0,5197.572,108.767,306.706,1838:12;1861:6319;1862:6694;1863:5938;1864:6409
223.4880,1788883088.5428,6,3599.82,25381.89,28981.71,94.4,29730.5,33522.9,0.0,5197.933,108.820,306.706,1838:12;1861:6323;1862:6694;1863:5942;1864:6411
223.5942,1788883088.6490,6,3599.82,25386.41,28986.23,48.0,29730.5,33522.9,0.0,5198.100,108.860,306.706,1838:12;1861:6323;1862:6695;1863:5942;1864:6414
223.6982,1788883088.7531,6,3599.87,25394.46,28994.33,142.1,29738.5,33514.9,0.0,5198.303,108.888,306.706,1838:12;1861:6323;1862:6696;1863:5946;1864:6417
223.8042,1788883088.8590,6,3599.87,25404.44,29004.31,95.7,29742.5,33510.9,0.0,5198.467,108.937,306.706,1838:12;1861:6325;1862:6698;1863:5950;1864:6419
223.9083,1788883088.9631,6,3599.87,25408.82,29008.69,134.4,29742.5,33510.9,0.0,5198.703,108.993,306.706,1838:12;1861:6327;1862:6698;1863:5951;1864:6420
224.0123,1788883089.0671,6,3599.88,25417.29,29017.16,103.7,29744.1,33509.4,0.0,5198.945,109.039,306.706,1838:12;1861:6330;1862:6700;1863:5951;1864:6424
224.1185,1788883089.1733,6,3599.88,25426.70,29026.58,76.8,29754.7,33498.8,0.0,5198.966,109.058,306.706,1838:12;1861:6331;1862:6701;1863:5958;1864:6425
224.2226,1788883089.2774,6,3599.88,25434.90,29034.78,125.1,29763.0,33490.5,0.0,5199.237,109.128,306.706,1838:12;1861:6333;1862:6702;1863:5960;1864:6428
224.3265,1788883089.3813,6,3599.88,25438.72,29038.60,105.6,29781.1,33472.4,0.0,5202.803,109.150,306.706,1838:12;1861:6333;1862:6703;1863:5962;1864:6429
224.4305,1788883089.4854,6,3599.88,25446.90,29046.78,38.4,29781.1,33472.4,0.0,5202.999,109.194,306.706,1838:12;1861:6335;1862:6704;1863:5964;1864:6432
224.5345,1788883089.5893,6,3599.88,25450.72,29050.60,105.6,29789.1,33464.4,0.0,5206.422,109.217,306.706,1838:12;1861:6335;1862:6705;1863:5966;1864:6433
224.6386,1788883089.6934,6,3599.88,25461.00,29060.88,115.3,29789.4,33464.1,0.0,5206.654,109.270,306.706,1838:12;1861:6337;1862:6705;1863:5969;1864:6439
224.7425,1788883089.7973,6,3599.88,25468.42,29068.30,67.4,29797.6,33455.9,0.0,5206.851,109.318,306.706,1838:12;1861:6339;1862:6706;1863:5971;1864:6440
224.8464,1788883089.9012,6,3599.88,25472.64,29072.52,57.6,29797.6,33455.9,0.0,5209.162,109.333,306.706,1838:12;1861:6340;1862:6707;1863:5974;1864:6439
224.9503,1788883090.0051,6,3599.88,25477.82,29077.70,96.1,29797.6,33455.9,0.0,5209.754,109.382,306.706,1838:12;1861:6341;1862:6708;1863:5975;1864:6442
225.0543,1788883090.1091,6,3599.88,25479.33,29079.21,48.0,29801.6,33451.9,0.0,5211.171,109.390,306.706,1838:12;1861:6341;1862:6708;1863:5976;1864:6442
225.1584,1788883090.2132,6,3599.88,25486.82,29086.70,86.4,29817.8,33435.6,0.0,5212.722,109.431,306.706,1838:12;1861:6341;1862:6710;1863:5978;1864:6445
225.2624,1788883090.3172,6,3599.88,25495.47,29095.35,86.4,29817.8,33435.6,0.0,5215.181,109.461,306.706,1838:12;1861:6343;1862:6712;1863:5982;1864:6447
225.3664,1788883090.4212,6,3599.88,25501.21,29101.09,67.2,29817.8,33435.6,0.0,5215.378,109.509,306.706,1838:12;1861:6345;1862:6712;1863:5982;1864:6450
225.4704,1788883090.5252,6,3599.88,25501.86,29101.74,19.2,29821.8,33431.6,0.0,5217.491,109.518,306.706,1838:12;1861:6345;1862:6714;1863:5982;1864:6450
225.5745,1788883090.6293,6,3599.88,25509.07,29108.95,105.8,29833.8,33419.6,0.0,5217.882,109.545,306.706,1838:12;1861:6347;1862:6711;1863:5986;1864:6453
225.6784,1788883090.7332,6,3599.88,25514.83,29114.71,67.2,29833.8,33419.6,0.0,5219.449,109.581,306.706,1838:12;1861:6347;1862:6712;1863:5988;1864:6455
225.7825,1788883090.8373,6,3599.88,25515.52,29115.40,76.8,29837.8,33415.6,0.0,5220.380,109.601,306.706,1838:12;1861:6347;1862:6713;1863:5990;1864:6453
225.8865,1788883090.9413,6,3599.88,25522.42,29122.30,38.4,29837.8,33415.6,0.0,5221.286,109.640,306.706,1838:12;1861:6349;1862:6714;1863:5991;1864:6456
225.9904,1788883091.0452,6,3599.88,25520.05,29119.93,105.8,29837.8,33415.6,0.0,5223.106,109.657,306.706,1838:12;1861:6347;1862:6714;1863:5991;1864:6456
226.0944,1788883091.1492,6,3599.88,25527.56,29127.44,67.2,29838.6,33414.9,0.0,5223.306,109.701,306.706,1838:12;1861:6349;1862:6715;1863:5992;1864:6459
226.1983,1788883091.2531,6,3599.93,25631.13,29231.06,333.5,29963.7,33289.8,0.0,5225.611,109.710,306.706,1838:12;1861:6347;1862:6717;1863:6011;1864:6544
226.3036,1788883091.3584,6,3600.47,25486.41,29086.88,797.7,29903.4,33350.0,0.0,5225.611,109.710,306.706,1838:12;1861:6336;1862:6712;1863:5976;1864:6450
226.4087,1788883091.4635,6,3601.12,25493.48,29094.60,629.6,29914.1,33339.4,0.0,5225.611,109.710,306.706,1838:12;1861:6337;1862:6712;1863:5983;1864:6450
226.5135,1788883091.5683,6,3601.21,25512.01,29113.21,134.4,29923.7,33329.8,0.0,5225.630,109.729,306.706,1838:12;1861:6342;1862:6715;1863:5989;1864:6453
226.6176,1788883091.6724,6,3601.21,25522.13,29123.34,192.0,29942.0,33311.5,0.0,5225.929,109.804,306.706,1838:12;1861:6346;1862:6715;1863:5994;1864:6455
226.7217,1788883091.7765,6,3601.29,25534.13,29135.43,172.8,29946.2,33307.3,0.0,5226.173,109.861,306.706,1838:12;1861:6350;1862:6717;1863:5998;1864:6457
226.8258,1788883091.8806,6,3601.29,25540.91,29142.20,48.0,29946.2,33307.3,0.0,5226.370,109.904,306.706,1838:12;1861:6354;1862:6719;1863:5998;1864:6458
226.9298,1788883091.9846,6,3601.29,25546.67,29147.96,134.5,29950.2,33303.3,0.0,5226.457,109.924,306.706,1838:12;1861:6354;1862:6719;1863:6002;1864:6459
227.0339,1788883092.0887,6,3601.29,25558.39,29159.68,96.0,29958.9,33294.5,0.0,5226.699,109.973,306.706,1838:12;1861:6358;1862:6721;1863:6006;1864:6461
227.1380,1788883092.1928,6,3601.30,25569.02,29170.32,153.6,29962.9,33290.5,0.0,5227.234,110.041,306.706,1838:12;1861:6362;1862:6723;1863:6008;1864:6463
227.2425,1788883092.2973,6,3601.30,25578.71,29180.00,134.0,29966.9,33286.5,0.0,5227.375,110.094,306.706,1838:12;1861:6366;1862:6723;1863:6012;1864:6465
227.3466,1788883092.4014,6,3601.30,25590.13,29191.43,124.8,29974.9,33278.5,0.0,5227.620,110.143,306.706,1838:12;1861:6370;1862:6725;1863:6016;1864:6467
227.4507,1788883092.5055,6,3601.30,25600.48,29201.78,115.2,29979.2,33274.3,0.0,5227.862,110.199,306.706,1838:12;1861:6374;1862:6727;1863:6018;1864:6469
227.5548,1788883092.6096,6,3601.30,25608.41,29209.70,153.6,29979.2,33274.3,0.0,5228.105,110.253,306.706,1838:12;1861:6377;1862:6730;1863:6020;1864:6470
227.6590,1788883092.7138,6,3601.32,25610.54,29211.86,96.0,29980.9,33272.6,0.0,5228.334,110.300,306.706,1838:12;1861:6379;1862:6729;1863:6020;1864:6470
227.7631,1788883092.8179,6,3601.32,25623.48,29224.80,96.0,29994.4,33259.1,0.0,5228.360,110.317,306.706,1838:12;1861:6381;1862:6731;1863:6027;1864:6473
227.8672,1788883092.9220,6,3601.32,25632.53,29233.86,134.6,30000.9,33252.6,0.0,5228.605,110.378,306.706,1838:12;1861:6385;1862:6732;1863:6029;1864:6474
227.9712,1788883093.0260,6,3601.32,25641.15,29242.48,96.0,30003.2,33250.3,0.0,5231.694,110.439,306.706,1838:12;1861:6389;1862:6734;1863:6030;1864:6476
228.0753,1788883093.1301,6,3601.32,25644.23,29245.56,48.0,30003.0,33250.5,0.0,5233.373,110.450,306.706,1838:12;1861:6390;1862:6734;1863:6031;1864:6476
228.1792,1788883093.2340,6,3601.32,25650.71,29252.04,134.6,30007.7,33245.8,0.0,5234.567,110.502,306.706,1838:12;1861:6393;1862:6733;1863:6035;1864:6478
228.2833,1788883093.3381,6,3601.32,25660.72,29262.04,86.4,30015.7,33237.8,0.0,5237.060,110.560,306.706,1838:12;1861:6397;1862:6735;1863:6037;1864:6480
228.3873,1788883093.4421,6,3601.32,25667.50,29268.82,105.7,30019.4,33234.1,0.0,5239.385,110.587,306.706,1838:12;1861:6397;1862:6737;1863:6041;1864:6481
228.4914,1788883093.5462,6,3601.32,25672.14,29273.46,28.8,30019.4,33234.1,0.0,5239.456,110.611,306.706,1838:12;1861:6399;1862:6737;1863:6043;1864:6482
228.5953,1788883093.6501,6,3601.32,25680.02,29281.35,115.3,30027.4,33226.1,0.0,5242.033,110.658,306.706,1838:12;1861:6401;1862:6739;1863:6045;1864:6483
228.6993,1788883093.7541,6,3601.38,25687.03,29288.41,48.0,30027.4,33226.1,0.0,5243.243,110.700,306.706,1838:12;1861:6405;1862:6741;1863:6045;1864:6484
228.8033,1788883093.8581,6,3601.38,25687.50,29288.88,105.8,30039.6,33213.8,0.0,5244.896,110.717,306.706,1838:12;1861:6405;1862:6739;1863:6047;1864:6485
228.9073,1788883093.9621,6,3601.38,25695.02,29296.39,28.8,30039.9,33213.6,0.0,5245.767,110.764,306.706,1838:12;1861:6409;1862:6740;1863:6048;1864:6486
229.0112,1788883094.0660,6,3601.38,25699.50,29300.88,96.1,30036.2,33217.3,0.0,5247.504,110.781,306.706,1838:12;1861:6409;1862:6741;1863:6051;1864:6487
229.1152,1788883094.1700,6,3601.38,25707.35,29308.72,48.0,30035.9,33217.6,0.0,5247.698,110.825,306.706,1838:12;1861:6413;1862:6742;1863:6052;1864:6488
229.2191,1788883094.2739,6,3601.38,25711.50,29312.88,86.5,30055.9,33197.6,0.0,5250.680,110.849,306.706,1838:12;1861:6413;1862:6743;1863:6055;1864:6489
229.3231,1788883094.3779,6,3601.38,25719.09,29320.46,48.0,30055.9,33197.6,0.0,5250.874,110.892,306.706,1838:12;1861:6417;1862:6744;1863:6056;1864:6490
229.4270,1788883094.4818,6,3601.38,25717.18,29318.56,105.7,30055.9,33197.6,0.0,5253.243,110.913,306.706,1838:12;1861:6417;1862:6743;1863:6055;1864:6490
229.5309,1788883094.5857,6,3601.38,25725.41,29326.79,57.6,30055.9,33197.6,0.0,5254.778,110.961,306.706,1838:12;1861:6422;1862:6745;1863:6056;1864:6490
229.6349,1788883094.6897,6,3601.55,25883.18,29484.74,613.7,30169.7,33083.7,0.0,5255.786,110.966,306.706,1838:12;1861:6529;1862:6746;1863:6091;1864:6506
229.7412,1788883094.7960,6,3602.50,25724.68,29327.18,935.3,30042.9,33210.5,0.0,5255.786,110.966,306.706,1838:12;1861:6419;1862:6743;1863:6061;1864:6490
229.8469,1788883094.9017,6,3603.59,25740.98,29344.56,840.6,30062.4,33191.1,0.0,5255.786,110.966,306.706,1838:12;1861:6420;1862:6744;1863:6073;1864:6492
229.9528,1788883095.0076,6,3604.30,25756.19,29360.49,773.8,30080.7,33172.8,0.0,5255.786,110.966,306.706,1838:12;1861:6424;1862:6746;1863:6081;1864:6492
230.0588,1788883095.1137,6,3604.88,25778.88,29383.76,828.0,30105.5,33148.0,0.0,5255.787,110.968,306.706,1838:12;1861:6427;1862:6748;1863:6091;1864:6500
230.1648,1788883095.2196,6,3605.39,25794.83,29400.22,562.1,30123.9,33129.6,0.0,5255.787,110.968,306.706,1838:12;1861:6429;1862:6750;1863:6101;1864:6503
230.2698,1788883095.3246,6,3605.70,25836.26,29441.96,412.8,30156.9,33096.6,0.0,5255.827,111.000,306.706,1838:12;1861:6439;1862:6761;1863:6109;1864:6515
230.3739,1788883095.4287,6,3605.70,25868.34,29474.03,336.0,30198.6,33054.9,0.0,5256.326,111.118,306.706,1838:12;1861:6443;1862:6770;1863:6116;1864:6526
230.4782,1788883095.5330,6,3605.70,25879.70,29485.39,192.0,30203.8,33049.6,0.0,5256.722,111.212,306.706,1838:12;1861:6450;1862:6770;1863:6121;1864:6526
230.5823,1788883095.6371,6,3605.70,25882.57,29488.27,278.4,30211.4,33042.1,0.0,5257.037,111.294,306.706,1838:12;1861:6451;1862:6773;1863:6118;1864:6528
230.6865,1788883095.7413,6,3605.73,25882.54,29488.27,240.0,30228.7,33024.8,0.0,5257.111,111.324,306.706,1838:12;1861:6451;1862:6773;1863:6117;1864:6529
230.7906,1788883095.8454,6,3605.73,25900.25,29505.98,245.2,30232.3,33021.2,0.0,5257.688,111.419,306.706,1838:12;1861:6455;1862:6775;1863:6121;1864:6536
230.8969,1788883095.9517,6,3605.73,25925.51,29531.25,150.4,30232.9,33020.6,0.0,5258.318,111.503,306.706,1838:12;1861:6464;1862:6784;1863:6124;1864:6541
231.0032,1788883096.0580,6,3605.73,25916.01,29521.75,124.7,30249.1,33004.3,0.0,5258.366,111.528,306.706,1838:12;1861:6459;1862:6779;1863:6125;1864:6540
231.1073,1788883096.1621,6,3605.73,25935.44,29541.17,249.6,30249.1,33004.3,0.0,5259.124,111.610,306.706,1838:12;1861:6463;1862:6787;1863:6127;1864:6546
231.2115,1788883096.2663,6,3605.74,25952.80,29558.54,227.5,30253.1,33000.3,0.0,5259.526,111.700,306.706,1838:12;1861:6467;1862:6790;1863:6130;1864:6552
231.3173,1788883096.3721,6,3605.74,25962.27,29568.00,141.9,30261.1,32992.3,0.0,5259.840,111.783,306.706,1838:12;1861:6471;1862:6791;1863:6132;1864:6556
231.4229,1788883096.4777,6,3605.74,25962.55,29568.29,249.3,30273.1,32980.3,0.0,5260.043,111.805,306.706,1838:12;1861:6471;1862:6791;1863:6133;1864:6555
231.5270,1788883096.5819,6,3605.74,25971.01,29576.75,278.4,30277.1,32976.3,0.0,5260.502,111.899,306.706,1838:12;1861:6471;1862:6794;1863:6134;1864:6559
231.6312,1788883096.6860,6,3605.75,25977.14,29582.89,295.5,30279.5,32974.0,0.0,5260.897,111.980,306.706,1838:12;1861:6471;1862:6794;1863:6134;1864:6566
231.7362,1788883096.7910,6,3605.75,25991.94,29597.69,144.0,30297.0,32956.5,0.0,5261.202,112.010,306.706,1838:12;1861:6475;1862:6803;1863:6138;1864:6563
231.8403,1788883096.8951,6,3605.75,26009.25,29615.00,182.4,30311.4,32942.1,0.0,5266.624,112.117,306.706,1838:12;1861:6480;1862:6808;1863:6142;1864:6567
231.9444,1788883096.9992,6,3605.75,26023.30,29629.05,220.8,30344.1,32909.3,0.0,5269.793,112.211,306.706,1838:12;1861:6484;1862:6814;1863:6145;1864:6568
232.0485,1788883097.1033,6,3605.75,26034.53,29640.28,201.6,30352.1,32901.3,0.0,5277.746,112.265,306.706,1838:12;1861:6485;1862:6817;1863:6148;1864:6572
232.1527,1788883097.2075,6,3605.75,26041.28,29647.03,144.0,30360.1,32893.3,0.0,5278.059,112.351,306.706,1838:12;1861:6488;1862:6818;1863:6149;1864:6574
232.2569,1788883097.3117,6,3605.75,26045.40,29651.15,76.8,30360.1,32893.3,0.0,5278.119,112.359,306.706,1838:12;1861:6489;1862:6818;1863:6151;1864:6575
232.3610,1788883097.4158,6,3605.75,26057.19,29662.94,163.2,30368.1,32885.3,0.0,5278.437,112.446,306.706,1838:12;1861:6492;1862:6822;1863:6153;1864:6578
232.4651,1788883097.5199,6,3605.75,26070.04,29675.79,153.6,30368.1,32885.3,0.0,5284.593,112.472,306.706,1838:12;1861:6494;1862:6826;1863:6157;1864:6581
232.5693,1788883097.6241,6,3605.75,26059.02,29664.77,115.2,30380.6,32872.9,0.0,5285.281,112.496,306.706,1838:12;1861:6494;1862:6822;1863:6152;1864:6579
232.6735,1788883097.7283,6,3605.75,26080.29,29686.04,172.8,30380.9,32872.6,0.0,5291.163,112.591,306.706,1838:12;1861:6497;1862:6834;1863:6154;1864:6582
232.7776,1788883097.8324,6,3605.75,26084.39,29690.14,192.0,30394.6,32858.9,0.0,5292.651,112.664,306.706,1838:12;1861:6498;1862:6833;1863:6157;1864:6584
232.8817,1788883097.9365,6,3605.75,26095.89,29701.64,124.8,30400.1,32853.4,0.0,5298.849,112.721,306.706,1838:12;1861:6503;1862:6834;1863:6160;1864:6587
232.9859,1788883098.0407,6,3605.75,26106.48,29712.23,182.4,30408.1,32845.4,0.0,5299.169,112.797,306.706,1838:12;1861:6504;1862:6839;1863:6161;1864:6590
233.0900,1788883098.1449,6,3605.75,26111.70,29717.45,134.4,30416.1,32837.4,0.0,5304.731,112.841,306.706,1838:12;1861:6505;1862:6838;1863:6162;1864:6594
233.1943,1788883098.2491,6,3605.75,26122.75,29728.50,134.4,30424.1,32829.4,0.0,5305.409,112.925,306.706,1838:12;1861:6508;1862:6843;1863:6165;1864:6594
233.2984,1788883098.3532,6,3605.75,26133.93,29739.68,124.8,30424.1,32829.4,0.0,5311.433,112.957,306.706,1838:12;1861:6510;1862:6850;1863:6163;1864:6599
233.4026,1788883098.4574,6,3605.75,26135.67,29741.43,144.0,30436.1,32817.4,0.0,5311.746,113.044,306.706,1838:12;1861:6512;1862:6850;1863:6166;1864:6597
233.5067,1788883098.5615,6,3605.75,26143.11,29748.86,104.1,30436.1,32817.4,0.0,5318.119,113.077,306.706,1838:12;1861:6513;1862:6853;1863:6167;1864:6598
233.6126,1788883098.6674,6,3605.75,26145.26,29751.02,177.8,30436.3,32817.2,0.0,5319.784,113.155,306.706,1838:12;1861:6516;1862:6850;1863:6167;1864:6600
233.7195,1788883098.7743,6,3605.75,26203.68,29809.43,225.1,30474.1,32779.4,0.0,5325.944,113.200,306.706,1838:12;1861:6517;1862:6875;1863:6172;1864:6627
233.8261,1788883098.8809,6,3605.86,26451.61,30057.48,1026.7,30882.7,32370.8,0.0,5325.944,113.200,306.706,1838:12;1861:6594;1862:6934;1863:6224;1864:6688
233.9323,1788883098.9871,6,3606.70,26174.28,29780.98,816.1,30575.3,32678.2,0.0,5325.944,113.200,306.706,1838:12;1861:6521;1862:6840;1863:6173;1864:6628
234.0374,1788883099.0922,6,3607.46,26200.28,29807.74,807.5,30598.6,32654.9,0.0,5325.944,113.200,306.706,1838:12;1861:6523;1862:6837;1863:6174;1864:6655
234.1427,1788883099.1975,6,3607.96,26193.38,29801.34,599.6,30587.0,32666.5,0.0,5325.970,113.224,306.706,1838:12;1861:6525;1862:6841;1863:6184;1864:6631
234.2477,1788883099.3025,6,3608.04,26213.38,29821.41,278.4,30604.0,32649.5,0.0,5326.373,113.319,306.706,1838:12;1861:6529;1862:6845;1863:6190;1864:6637
234.3518,1788883099.4067,6,3608.04,26230.16,29838.20,277.1,30645.8,32607.7,0.0,5326.784,113.412,306.706,1838:12;1861:6533;1862:6848;1863:6194;1864:6643
234.4568,1788883099.5116,6,3608.04,26235.43,29843.46,220.1,30645.8,32607.7,0.0,5326.878,113.454,306.706,1838:12;1861:6533;1862:6851;1863:6197;1864:6643
234.5610,1788883099.6158,6,3608.04,26251.16,29859.20,268.8,30649.8,32603.7,0.0,5327.284,113.547,306.706,1838:12;1861:6537;1862:6853;1863:6203;1864:6646
234.6652,1788883099.7200,6,3608.13,26273.16,29881.29,197.6,30654.4,32599.1,0.0,5327.654,113.631,306.706,1838:12;1861:6542;1862:6856;1863:6210;1864:6653
234.7714,1788883099.8262,6,3608.14,26279.65,29887.79,172.8,30664.7,32588.8,0.0,5327.943,113.707,306.706,1838:12;1861:6543;1862:6857;1863:6212;1864:6654
234.8756,1788883099.9304,6,3608.14,26283.43,29891.57,240.0,30681.4,32572.1,0.0,5328.270,113.740,306.706,1838:12;1861:6545;1862:6859;1863:6213;1864:6655
234.9797,1788883100.0345,6,3608.14,26306.92,29915.06,297.6,30685.4,32568.1,0.0,5328.651,113.830,306.706,1838:12;1861:6552;1862:6861;1863:6224;1864:6659
235.0838,1788883100.1386,6,3608.14,26330.28,29938.42,278.6,30693.4,32560.1,0.0,5329.228,113.922,306.706,1838:12;1861:6556;1862:6866;1863:6231;1864:6665
235.1879,1788883100.2427,6,3608.14,26346.94,29955.08,249.8,30709.4,32544.1,0.0,5329.621,114.014,306.706,1838:12;1861:6558;1862:6869;1863:6237;1864:6670
235.2919,1788883100.3467,6,3608.14,26359.95,29968.09,240.2,30709.4,32544.1,0.0,5330.017,114.107,306.706,1838:12;1861:6564;1862:6872;1863:6241;1864:6671
235.3960,1788883100.4508,6,3608.14,26339.96,29948.10,240.3,30709.4,32544.1,0.0,5330.155,114.128,306.706,1838:12;1861:6558;1862:6870;1863:6233;1864:6667
235.5000,1788883100.5548,6,3608.15,26362.14,29970.29,355.5,30734.8,32518.7,0.0,5330.427,114.226,306.706,1838:12;1861:6564;1862:6875;1863:6237;1864:6674
235.6042,1788883100.6590,6,3608.15,26367.59,29975.73,76.8,30734.9,32518.5,0.0,5330.754,114.263,306.706,1838:12;1861:6564;1862:6876;1863:6239;1864:6676
235.7082,1788883100.7630,6,3608.20,26398.87,30007.07,182.4,30757.1,32496.4,0.0,5337.839,114.358,306.706,1838:12;1861:6574;1862:6883;1863:6248;1864:6682
235.8123,1788883100.8672,6,3608.20,26378.73,29986.93,220.8,30765.5,32488.0,0.0,5337.840,114.375,306.706,1838:12;1861:6568;1862:6879;1863:6241;1864:6678
235.9164,1788883100.9712,6,3608.20,26394.91,30003.11,57.6,30765.5,32488.0,0.0,5338.156,114.452,306.706,1838:12;1861:6572;1862:6884;1863:6245;1864:6682
236.0203,1788883101.0751,6,3608.20,26394.73,30002.93,220.9,30772.9,32480.6,0.0,5344.975,114.497,306.706,1838:12;1861:6572;1862:6885;1863:6245;1864:6680
236.1245,1788883101.1793,6,3608.20,26417.61,30025.81,86.4,30773.2,32480.3,0.0,5347.859,114.584,306.706,1838:12;1861:6576;1862:6896;1863:6249;1864:6684
236.2286,1788883101.2834,6,3608.20,26412.73,30020.93,230.6,30778.4,32475.1,0.0,5351.116,114.614,306.706,1838:12;1861:6576;1862:6891;1863:6249;1864:6684
236.3327,1788883101.3875,6,3608.20,26428.72,30036.92,67.2,30778.4,32475.1,0.0,5351.430,114.691,306.706,1838:12;1861:6580;1862:6896;1863:6253;1864:6688
236.4367,1788883101.4915,6,3608.20,26428.73,30036.93,278.7,30794.4,32459.1,0.0,5357.318,114.734,306.706,1838:12;1861:6580;1862:6895;1863:6253;1864:6688
236.5408,1788883101.5956,6,3608.20,26444.59,30052.79,67.2,30794.4,32459.1,0.0,5357.633,114.810,306.706,1838:12;1861:6584;1862:6900;1863:6257;1864:6692
236.6448,1788883101.6996,6,3608.20,26442.73,30050.93,259.3,30794.4,32459.1,0.0,5363.418,114.850,306.706,1838:12;1861:6582;1862:6899;1863:6257;1864:6692
236.7489,1788883101.8037,6,3608.20,26442.74,30050.94,9.6,30794.4,32459.1,0.0,5363.418,114.850,306.706,1838:12;1861:6582;1862:6899;1863:6257;1864:6692
236.8529,1788883101.9077,6,3608.20,26459.02,30067.23,76.8,30794.4,32459.1,0.0,5364.387,114.929,306.706,1838:12;1861:6586;1862:6904;1863:6261;1864:6696
236.9570,1788883102.0118,6,3608.20,26460.20,30068.40,192.0,30806.6,32446.8,0.0,5370.835,114.970,306.706,1838:12;1861:6586;1862:6903;1863:6262;1864:6696
237.0612,1788883102.1160,6,3608.20,26474.86,30083.07,86.4,30810.9,32442.6,0.0,5371.150,115.048,306.706,1838:12;1861:6590;1862:6908;1863:6265;1864:6700
237.1653,1788883102.2202,6,3608.21,26475.34,30083.55,172.8,30814.9,32438.6,0.0,5377.702,115.087,306.706,1838:12;1861:6590;1862:6907;1863:6265;1864:6700
237.2695,1788883102.3243,6,3608.21,26482.38,30090.59,57.6,30815.1,32438.4,0.0,5377.911,115.127,306.706,1838:12;1861:6592;1862:6909;1863:6267;1864:6702
237.3736,1788883102.4284,6,3608.21,26510.91,30119.12,240.0,30819.1,32434.4,0.0,5385.240,115.198,306.706,1838:12;1861:6601;1862:6915;1863:6277;1864:6706
237.4777,1788883102.5325,6,3608.21,26498.15,30106.36,86.4,30827.1,32426.4,0.0,5385.378,115.242,306.706,1838:12;1861:6594;1862:6914;1863:6271;1864:6706
237.5817,1788883102.6365,6,3608.21,26517.74,30125.95,144.0,30827.1,32426.4,0.0,5391.297,115.306,306.706,1838:12;1861:6600;1862:6922;1863:6274;1864:6710
237.6859,1788883102.7407,6,3608.23,26502.25,30110.47,134.4,30828.1,32425.4,0.0,5391.997,115.333,306.706,1838:12;1861:6597;1862:6915;1863:6272;1864:6706
237.7900,1788883102.8448,6,3608.23,26516.72,30124.95,86.4,30828.1,32425.4,0.0,5392.996,115.406,306.706,1838:12;1861:6600;1862:6918;1863:6277;1864:6709
237.8942,1788883102.9490,6,3608.24,26636.62,30244.87,416.1,31020.4,32233.0,0.0,5398.454,115.427,306.706,1838:12;1861:6634;1862:6967;1863:6297;1864:6726
238.0000,1788883103.0548,6,3608.61,26619.23,30227.84,1049.9,31183.4,32070.1,0.0,5398.455,115.429,306.706,1838:12;1861:6595;1862:6971;1863:6298;1864:6743
238.1058,1788883103.1606,6,3609.50,26555.41,30164.91,849.7,31113.7,32139.8,0.0,5398.455,115.429,306.706,1838:12;1861:6607;1862:6949;1863:6275;1864:6712
238.2117,1788883103.2665,6,3610.29,26658.16,30268.45,877.8,31198.6,32054.8,0.0,5398.455,115.429,306.706,1838:12;1861:6655;1862:6958;1863:6282;1864:6751
238.3176,1788883103.3724,6,3611.16,26677.21,30288.36,1058.9,31213.9,32039.6,0.0,5398.456,115.429,306.706,1838:12;1861:6623;1862:6981;1863:6294;1864:6767
238.4234,1788883103.4782,6,3612.24,26651.42,30263.66,842.6,31188.7,32064.8,0.0,5398.456,115.429,306.706,1838:12;1861:6639;1862:6955;1863:6310;1864:6735
238.5290,1788883103.5838,6,3612.80,26695.60,30308.40,816.5,31237.7,32015.8,0.0,5398.456,115.429,306.706,1838:12;1861:6648;1862:6963;1863:6325;1864:6747
238.6346,1788883103.6895,6,3613.38,26738.36,30351.74,791.6,31286.4,31967.1,0.0,5398.457,115.431,306.706,1838:12;1861:6659;1862:6972;1863:6337;1864:6758
238.7405,1788883103.7953,6,3614.23,26756.07,30370.29,822.8,31311.8,31941.7,0.0,5398.457,115.431,306.706,1838:12;1861:6660;1862:6976;1863:6343;1864:6765
238.8463,1788883103.9012,6,3614.72,26777.89,30392.61,708.0,31333.9,31919.6,0.0,5398.458,115.431,306.706,1838:12;1861:6663;1862:6985;1863:6346;1864:6772
238.9520,1788883104.0068,6,3614.98,26796.75,30411.73,510.3,31354.0,31899.5,0.0,5398.458,115.434,306.706,1838:12;1861:6665;1862:6991;1863:6350;1864:6780
239.0580,1788883104.1128,6,3614.98,26820.34,30435.32,57.4,31368.0,31885.5,0.0,5398.646,115.460,306.706,1838:12;1861:6672;1862:6995;1863:6355;1864:6786
239.1622,1788883104.2170,6,3614.99,26838.14,30453.13,412.8,31411.1,31842.3,0.0,5399.243,115.573,306.706,1838:12;1861:6672;1862:7004;1863:6361;1864:6790
239.2664,1788883104.3212,6,3614.99,26845.59,30460.57,76.8,31411.8,31841.7,0.0,5399.535,115.614,306.706,1838:12;1861:6676;1862:7001;1863:6363;1864:6794
239.3704,1788883104.4252,6,3614.99,26852.20,30467.18,220.8,31417.8,31835.7,0.0,5400.070,115.672,306.706,1838:12;1861:6676;1862:7004;1863:6367;1864:6794
239.4746,1788883104.5295,6,3614.99,26870.19,30485.18,287.9,31417.8,31835.7,0.0,5400.536,115.765,306.706,1838:12;1861:6680;1862:7008;1863:6373;1864:6798
239.5789,1788883104.6337,6,3614.99,26898.07,30513.06,268.8,31421.8,31831.7,0.0,5401.732,115.852,306.706,1838:12;1861:6689;1862:7014;1863:6381;1864:6802
239.6830,1788883104.7378,6,3615.03,26913.29,30528.32,197.7,31421.8,31831.7,0.0,5402.287,115.937,306.706,1838:12;1861:6690;1862:7015;1863:6387;1864:6809
239.7895,1788883104.8443,6,3615.03,26916.56,30531.59,206.2,31425.5,31828.0,0.0,5402.685,116.015,306.706,1838:12;1861:6691;1862:7017;1863:6386;1864:6810
239.8962,1788883104.9510,6,3615.03,26932.55,30547.58,310.1,31430.2,31823.3,0.0,5403.047,116.109,306.706,1838:12;1861:6693;1862:7021;1863:6392;1864:6814
240.0026,1788883105.0574,6,3615.03,26934.27,30549.30,287.5,31430.2,31823.3,0.0,5403.173,116.142,306.706,1838:12;1861:6694;1862:7020;1863:6395;1864:6814
240.1068,1788883105.1616,6,3615.03,26950.71,30565.74,297.6,31437.7,31815.8,0.0,5403.559,116.235,306.706,1838:12;1861:6698;1862:7024;1863:6399;1864:6818
240.2109,1788883105.2658,6,3615.03,26957.10,30572.13,249.6,31437.9,31815.6,0.0,5403.953,116.328,306.706,1838:12;1861:6699;1862:7025;1863:6403;1864:6818
240.3152,1788883105.3700,6,3615.03,26972.25,30587.28,274.5,31440.9,31812.6,0.0,5404.808,116.408,306.706,1838:12;1861:6709;1862:7027;1863:6406;1864:6818
240.4208,1788883105.4756,6,3615.04,26978.48,30593.51,144.0,31446.3,31807.1,0.0,5405.134,116.445,306.706,1838:12;1861:6703;1862:7029;1863:6409;1864:6824
240.5249,1788883105.5797,6,3615.04,27004.02,30619.06,144.0,31458.9,31794.6,0.0,5412.213,116.563,306.706,1838:12;1861:6708;1862:7033;1863:6414;1864:6837
240.6291,1788883105.6839,6,3615.04,27000.36,30615.40,288.0,31473.0,31780.5,0.0,5415.541,116.615,306.706,1838:12;1861:6709;1862:7033;1863:6411;1864:6835
240.7333,1788883105.7881,6,3615.06,27026.36,30641.41,230.4,31477.7,31775.7,0.0,5425.922,116.714,306.706,1838:12;1861:6713;1862:7041;1863:6418;1864:6842
240.8374,1788883105.8922,6,3615.06,27019.78,30634.84,144.1,31482.4,31771.0,0.0,5426.726,116.763,306.706,1838:12;1861:6715;1862:7037;1863:6417;1864:6839
240.9414,1788883105.9963,6,3615.06,27040.46,30655.52,96.0,31482.5,31771.0,0.0,5435.979,116.848,306.706,1838:12;1861:6717;1862:7044;1863:6422;1864:6845
241.0458,1788883106.1006,6,3615.06,27035.78,30650.84,192.0,31486.5,31767.0,0.0,5437.476,116.896,306.706,1838:12;1861:6717;1862:7039;1863:6423;1864:6845
241.1498,1788883106.2046,6,3615.06,27046.82,30661.89,57.6,31486.5,31767.0,0.0,5437.849,116.936,306.706,1838:12;1861:6720;1862:7043;1863:6423;1864:6848
241.2539,1788883106.3087,6,3615.06,27044.21,30659.28,268.8,31490.5,31763.0,0.0,5446.340,116.998,306.706,1838:12;1861:6717;1862:7043;1863:6422;1864:6849
241.3580,1788883106.4128,6,3615.06,27057.85,30672.91,134.3,31490.5,31763.0,0.0,5449.753,117.080,306.706,1838:12;1861:6721;1862:7047;1863:6423;1864:6855
241.4624,1788883106.5172,6,3615.06,27062.35,30677.41,278.4,31502.5,31751.0,0.0,5458.575,117.145,306.706,1838:12;1861:6721;1862:7047;1863:6427;1864:6854
241.5665,1788883106.6213,6,3615.06,27093.86,30708.93,134.4,31502.5,31751.0,0.0,5468.123,117.249,306.706,1838:12;1861:6730;1862:7051;1863:6434;1864:6866
241.6707,1788883106.7255,6,3615.11,27082.38,30697.49,307.2,31506.7,31746.8,0.0,5469.045,117.291,306.706,1838:12;1861:6725;1862:7049;1863:6433;1864:6863
241.7749,1788883106.8297,6,3615.11,27113.93,30729.04,192.1,31507.1,31746.4,0.0,5478.718,117.385,306.706,1838:12;1861:6733;1862:7058;1863:6436;1864:6874
241.8790,1788883106.9338,6,3615.11,27102.23,30717.34,172.8,31519.1,31734.4,0.0,5478.930,117.429,306.706,1838:12;1861:6731;1862:7053;1863:6435;1864:6870
241.9831,1788883107.0379,6,3615.11,27119.62,30734.73,86.4,31516.5,31737.0,0.0,5487.694,117.516,306.706,1838:12;1861:6733;1862:7057;1863:6439;1864:6878
242.0873,1788883107.1421,6,3615.11,27105.09,30720.20,230.5,31521.2,31732.2,0.0,5489.068,117.541,306.706,1838:12;1861:6729;1862:7057;1863:6436;1864:6871
242.1913,1788883107.2462,6,3615.11,27121.41,30736.52,67.2,31521.2,31732.2,0.0,5489.424,117.616,306.706,1838:12;1861:6733;1862:7061;1863:6439;1864:6877
242.2954,1788883107.3502,6,3615.11,27119.16,30734.28,268.8,31521.5,31732.0,0.0,5498.773,117.673,306.706,1838:12;1861:6733;1862:7059;1863:6439;1864:6876
242.3996,1788883107.4544,6,3615.11,27140.78,30755.89,96.0,31521.5,31732.0,0.0,5499.900,117.753,306.706,1838:12;1861:6739;1862:7063;1863:6445;1864:6882
242.5041,1788883107.5589,6,3615.19,27520.18,31135.37,872.8,31906.3,31347.2,0.0,5509.228,117.784,306.706,1838:12;1861:6786;1862:7157;1863:6552;1864:7013
242.6131,1788883107.6680,6,3615.80,27191.67,30807.47,965.4,31619.1,31634.3,0.0,5509.228,117.784,306.706,1838:12;1861:6739;1862:7098;1863:6484;1864:6859
242.7183,1788883107.7732,6,3616.24,27182.56,30798.80,713.3,31651.6,31601.9,0.0,5509.228,117.784,306.706,1838:12;1861:6741;1862:7096;1863:6475;1864:6858
242.8235,1788883107.8783,6,3616.36,27159.77,30776.14,335.1,31657.2,31596.3,0.0,5509.228,117.784,306.706,1838:12;1861:6734;1862:7092;1863:6466;1864:6855
242.9278,1788883107.9826,6,3616.37,27159.84,30776.21,134.5,31658.3,31595.2,0.0,5509.228,117.784,306.706,1838:12;1861:6734;1862:7092;1863:6466;1864:6855
243.0318,1788883108.0866,6,3616.48,27123.78,30740.27,246.9,31574.5,31679.0,0.0,5509.228,117.784,306.706,1838:12;1861:6735;1862:7055;1863:6466;1864:6856
243.1374,1788883108.1922,6,3616.90,27143.63,30760.53,506.3,31590.8,31662.6,0.0,5509.228,117.784,306.706,1838:12;1861:6741;1862:7064;1863:6467;1864:6860
243.2418,1788883108.2967,6,3617.21,27167.28,30784.50,295.0,31614.4,31639.1,0.0,5509.235,117.799,306.706,1838:12;1861:6748;1862:7064;1863:6477;1864:6867
243.3470,1788883108.4018,6,3617.21,27185.61,30802.82,192.0,31628.5,31625.0,0.0,5509.631,117.905,306.706,1838:12;1861:6751;1862:7069;1863:6482;1864:6870
243.4511,1788883108.5059,6,3617.21,27206.62,30823.83,307.2,31649.8,31603.7,0.0,5510.073,117.971,306.706,1838:12;1861:6761;1862:7071;1863:6488;1864:6874
243.5552,1788883108.6100,6,3617.21,27199.32,30816.54,211.2,31663.6,31589.9,0.0,5510.156,118.012,306.706,1838:12;1861:6756;1862:7072;1863:6487;1864:6873
243.6594,1788883108.7142,6,3617.28,27223.98,30841.26,160.1,31665.6,31587.9,0.0,5510.730,118.095,306.706,1838:12;1861:6758;1862:7077;1863:6499;1864:6879
243.7657,1788883108.8206,6,3617.29,27235.23,30852.52,229.9,31679.6,31573.9,0.0,5511.175,118.181,306.706,1838:12;1861:6765;1862:7079;1863:6498;1864:6880
243.8699,1788883108.9247,6,3617.29,27234.79,30852.07,187.7,31694.3,31559.2,0.0,5511.870,118.210,306.706,1838:12;1861:6764;1862:7081;1863:6498;1864:6881
243.9768,1788883109.0316,6,3617.29,27247.33,30864.61,229.9,31708.7,31544.8,0.0,5512.427,118.298,306.706,1838:12;1861:6766;1862:7084;1863:6501;1864:6885
244.0809,1788883109.1357,6,3617.29,27261.33,30878.61,278.4,31716.3,31537.2,0.0,5513.023,118.392,306.706,1838:12;1861:6770;1862:7086;1863:6507;1864:6887
244.1851,1788883109.2399,6,3617.29,27288.34,30905.63,150.8,31724.3,31529.2,0.0,5513.485,118.474,306.706,1838:12;1861:6777;1862:7090;1863:6515;1864:6894
244.2915,1788883109.3463,6,3617.29,27291.60,30908.89,153.3,31728.3,31525.2,0.0,5513.838,118.542,306.706,1838:12;1861:6777;1862:7091;1863:6518;1864:6892
244.3956,1788883109.4504,6,3617.29,27295.33,30912.62,182.4,31736.3,31517.2,0.0,5513.907,118.579,306.706,1838:12;1861:6778;1862:7094;1863:6517;1864:6895
244.4997,1788883109.5546,6,3617.29,27308.48,30925.77,268.8,31736.3,31517.2,0.0,5514.440,118.669,306.706,1838:12;1861:6780;1862:7098;1863:6522;1864:6896
244.6039,1788883109.6587,6,3617.29,27330.22,30947.51,122.2,31736.3,31517.2,0.0,5514.817,118.750,306.706,1838:12;1861:6790;1862:7101;1863:6525;1864:6902
244.7104,1788883109.7652,6,3617.30,27327.03,30944.33,249.2,31754.8,31498.7,0.0,5514.908,118.776,306.706,1838:12;1861:6785;1862:7101;1863:6527;1864:6901
244.8146,1788883109.8694,6,3617.30,27343.36,30960.66,192.0,31762.7,31490.8,0.0,5515.211,118.870,306.706,1838:12;1861:6789;1862:7104;1863:6533;1864:6905
244.9187,1788883109.9735,6,3617.30,27366.65,30983.95,182.4,31783.3,31470.2,0.0,5524.957,118.905,306.706,1838:12;1861:6798;1862:7108;1863:6538;1864:6910
245.0228,1788883110.0776,6,3617.30,27356.89,30974.18,326.4,31813.9,31439.6,0.0,5525.271,119.002,306.706,1838:12;1861:6793;1862:7109;1863:6537;1864:6905
245.1270,1788883110.1818,6,3617.30,27375.36,30992.66,105.6,31813.7,31439.8,0.0,5525.583,119.079,306.706,1838:12;1861:6797;1862:7112;1863:6543;1864:6911
245.2310,1788883110.2859,6,3617.30,27397.62,31014.92,86.4,31813.7,31439.8,0.0,5535.174,119.112,306.706,1838:12;1861:6802;1862:7118;1863:6548;1864:6918
245.3352,1788883110.3900,6,3617.30,27382.88,31000.18,153.6,31822.3,31431.2,0.0,5536.139,119.135,306.706,1838:12;1861:6801;1862:7111;1863:6547;1864:6911
245.4393,1788883110.4941,6,3617.30,27414.78,31032.07,172.8,31826.6,31426.8,0.0,5545.536,119.230,306.706,1838:12;1861:6807;1862:7119;1863:6556;1864:6921
245.5435,1788883110.5983,6,3617.30,27393.05,31010.34,182.7,31830.6,31422.8,0.0,5545.537,119.246,306.706,1838:12;1861:6801;1862:7115;1863:6549;1864:6915
245.6475,1788883110.7023,6,3617.30,27412.89,31030.19,76.8,31830.6,31422.8,0.0,5546.427,119.322,306.706,1838:12;1861:6805;1862:7120;1863:6555;1864:6921
245.7516,1788883110.8064,6,3617.30,27409.52,31026.82,288.0,31847.3,31406.2,0.0,5556.923,119.369,306.706,1838:12;1861:6805;1862:7119;1863:6553;1864:6920
245.8558,1788883110.9106,6,3617.30,27438.39,31055.68,153.1,31847.6,31405.9,0.0,5566.792,119.473,306.706,1838:12;1861:6813;1862:7125;1863:6564;1864:6924
245.9603,1788883111.0151,6,3617.30,27443.37,31060.67,307.2,31863.8,31389.7,0.0,5567.109,119.558,306.706,1838:12;1861:6813;1862:7126;1863:6565;1864:6927
246.0644,1788883111.1192,6,3617.30,27462.77,31080.07,115.2,31864.5,31388.9,0.0,5576.332,119.587,306.706,1838:12;1861:6818;1862:7130;1863:6571;1864:6931
246.1686,1788883111.2234,6,3617.30,27443.97,31061.27,134.4,31872.8,31380.7,0.0,5577.221,119.605,306.706,1838:12;1861:6813;1862:7125;1863:6567;1864:6927
246.2727,1788883111.3275,6,3617.30,27459.48,31076.79,86.4,31872.8,31380.7,0.0,5579.745,119.686,306.706,1838:12;1861:6818;1862:7128;1863:6571;1864:6930
246.3770,1788883111.4318,6,3617.30,27453.07,31070.37,249.6,31878.8,31374.7,0.0,5587.646,119.729,306.706,1838:12;1861:6815;1862:7129;1863:6567;1864:6929
246.4812,1788883111.5360,6,3617.30,27471.68,31088.98,76.6,31878.8,31374.7,0.0,5590.682,119.812,306.706,1838:12;1861:6820;1862:7132;1863:6574;1864:6933
246.5856,1788883111.6405,6,3617.30,27465.16,31082.46,278.4,31879.2,31374.3,0.0,5598.319,119.849,306.706,1838:12;1861:6819;1862:7131;1863:6572;1864:6931
246.6898,1788883111.7446,6,3617.35,27491.55,31108.90,134.4,31879.2,31374.3,0.0,5602.724,119.936,306.706,1838:12;1861:6824;1862:7136;1863:6581;1864:6939
246.7939,1788883111.8488,6,3617.40,27844.91,31462.31,935.0,32370.0,30883.5,0.0,5609.274,119.956,306.706,1838:12;1861:6951;1862:7214;1863:6663;1864:7004
246.9000,1788883111.9548,6,3618.13,27663.90,31282.03,978.2,32158.3,31095.2,0.0,5609.274,119.956,306.706,1838:12;1861:6880;1862:7182;1863:6613;1864:6976
247.0063,1788883112.0612,6,3619.09,27550.98,31170.07,731.1,32071.1,31182.4,0.0,5609.274,119.956,306.706,1838:12;1861:6877;1862:7143;1863:6586;1864:6933
247.1115,1788883112.1663,6,3619.52,27510.45,31129.96,544.1,32063.8,31189.7,0.0,5609.274,119.956,306.706,1838:12;1861:6877;1862:7108;1863:6580;1864:6933
247.2163,1788883112.2712,6,3619.64,27523.80,31143.44,326.2,32072.8,31180.7,0.0,5609.274,119.956,306.706,1838:12;1861:6879;1862:7117;1863:6580;1864:6935
247.3204,1788883112.3753,6,3620.01,27518.91,31138.92,706.7,32058.6,31194.9,0.0,5609.274,119.956,306.706,1838:12;1861:6881;1862:7093;1863:6586;1864:6945
247.4254,1788883112.4802,6,3620.45,27701.74,31322.19,799.9,32199.2,31054.3,0.0,5609.274,119.956,306.706,1838:12;1861:6881;1862:7246;1863:6600;1864:6962
247.5316,1788883112.5864,6,3620.63,27582.10,31202.73,526.5,32257.5,30995.9,0.0,5609.274,119.956,306.706,1838:12;1861:6852;1862:7149;1863:6601;1864:6968
247.6359,1788883112.6907,6,3620.85,27592.94,31213.79,386.6,32306.5,30946.9,0.0,5609.274,119.956,306.706,1838:12;1861:6863;1862:7147;1863:6603;1864:6968
247.7422,1788883112.7970,6,3621.36,27566.41,31187.77,555.8,32365.7,30887.8,0.0,5609.274,119.956,306.706,1838:12;1861:6833;1862:7146;1863:6607;1864:6969
247.8483,1788883112.9031,6,3621.78,27582.63,31204.41,399.9,32377.9,30875.6,0.0,5609.274,119.956,306.706,1838:12;1861:6844;1862:7149;1863:6608;1864:6969
247.9532,1788883113.0080,6,3622.05,27590.04,31212.09,345.3,32347.7,30905.8,0.0,5609.274,119.956,306.706,1838:12;1861:6847;1862:7154;1863:6608;1864:6969
248.0574,1788883113.1122,6,3622.06,27593.26,31215.32,144.0,32347.1,30906.4,0.0,5609.274,119.956,306.706,1838:12;1861:6847;1862:7157;1863:6608;1864:6969
248.1615,1788883113.2163,6,3622.08,27596.46,31218.54,134.4,32351.6,30901.8,0.0,5609.274,119.956,306.706,1838:12;1861:6847;1862:7160;1863:6608;1864:6969
248.2657,1788883113.3205,6,3622.09,27600.46,31222.54,124.9,32357.7,30895.8,0.0,5609.274,119.956,306.706,1838:12;1861:6847;1862:7164;1863:6608;1864:6969
248.3697,1788883113.4245,6,3622.09,27604.14,31226.23,134.6,32362.1,30891.3,0.0,5609.274,119.956,306.706,1838:12;1861:6847;1862:7168;1863:6608;1864:6969
248.4738,1788883113.5286,6,3622.09,27640.94,31263.03,124.9,32402.6,30850.9,0.0,5609.276,119.957,306.706,1838:12;1861:6847;1862:7205;1863:6608;1864:6969
248.5778,1788883113.6326,6,3622.09,27560.40,31182.49,163.3,32417.8,30835.7,0.0,5609.276,119.957,306.706,1838:12;1861:6847;1862:7124;1863:6608;1864:6969
248.6819,1788883113.7367,6,3622.22,27556.41,31178.62,170.3,32419.0,30834.5,0.0,5609.276,119.957,306.706,1838:12;1861:6847;1862:7120;1863:6608;1864:6969
248.7878,1788883113.8426,6,3622.22,27555.15,31177.37,124.7,32419.6,30833.9,0.0,5609.276,119.957,306.706,1838:12;1861:6847;1862:7119;1863:6608;1864:6969
248.8918,1788883113.9466,6,3622.23,27553.86,31176.09,115.4,32419.6,30833.8,0.0,5609.276,119.957,306.706,1838:12;1861:6847;1862:7117;1863:6608;1864:6969
248.9957,1788883114.0505,6,3622.23,27550.61,31172.85,134.7,32420.1,30833.4,0.0,5609.276,119.957,306.706,1838:12;1861:6847;1862:7114;1863:6608;1864:6969
249.0996,1788883114.1544,6,3622.24,27550.53,31172.77,115.4,32397.0,30856.4,0.0,5609.276,119.957,306.706,1838:12;1861:6847;1862:7114;1863:6608;1864:6969
249.2036,1788883114.2584,6,3622.30,27550.38,31172.67,144.1,32397.3,30856.1,0.0,5609.276,119.957,306.706,1838:12;1861:6847;1862:7114;1863:6608;1864:6969
249.3077,1788883114.3625,6,3622.30,27549.66,31171.96,134.5,32397.2,30856.2,0.0,5609.276,119.957,306.706,1838:12;1861:6847;1862:7113;1863:6608;1864:6969
249.4118,1788883114.4666,6,3622.30,27548.32,31170.62,115.3,32398.1,30855.4,0.0,5609.276,119.957,306.706,1838:12;1861:6847;1862:7112;1863:6608;1864:6969
249.5157,1788883114.5705,6,3622.64,27552.51,31175.15,391.0,32407.9,30845.6,0.0,5609.276,119.957,306.706,1838:12;1861:6848;1862:7115;1863:6608;1864:6969
249.6209,1788883114.6757,6,3623.02,27563.40,31186.42,677.8,32348.6,30904.9,0.0,5609.276,119.957,306.706,1838:12;1861:6850;1862:7123;1863:6609;1864:6969
249.7254,1788883114.7802,6,3623.18,27562.22,31185.40,200.7,32352.1,30901.4,0.0,5609.276,119.957,306.706,1838:12;1861:6850;1862:7121;1863:6609;1864:6970
249.8300,1788883114.8849,6,3623.61,27565.82,31189.43,379.1,32353.0,30900.5,0.0,5609.276,119.957,306.706,1838:12;1861:6850;1862:7124;1863:6609;1864:6970
249.9357,1788883114.9905,6,3623.80,27564.05,31187.85,209.3,32353.0,30900.5,0.0,5609.276,119.957,306.706,1838:12;1861:6850;1862:7123;1863:6609;1864:6970
250.0408,1788883115.0956,6,3624.36,27563.78,31188.14,440.5,32332.2,30921.3,0.0,5609.276,119.957,306.706,1838:12;1861:6850;1862:7122;1863:6609;1864:6971
250.1451,1788883115.1999,6,3624.59,27563.82,31188.40,276.8,32333.6,30919.9,0.0,5609.276,119.957,306.706,1838:12;1861:6850;1862:7121;1863:6610;1864:6971
250.2498,1788883115.3046,6,3624.89,27588.49,31213.38,259.2,32349.2,30904.3,0.0,5609.297,119.982,306.706,1838:12;1861:6856;1862:7126;1863:6617;1864:6977
250.3540,1788883115.4088,6,3624.89,27609.57,31234.46,320.2,32370.6,30882.9,0.0,5609.697,120.075,306.706,1838:12;1861:6861;1862:7130;1863:6623;1864:6982
250.4604,1788883115.5152,6,3624.89,27608.49,31233.38,76.8,32371.4,30882.1,0.0,5609.801,120.094,306.706,1838:12;1861:6860;1862:7130;1863:6623;1864:6983
250.5645,1788883115.6193,6,3624.89,27624.54,31249.42,326.4,32383.4,30870.1,0.0,5610.083,120.170,306.706,1838:12;1861:6864;1862:7134;1863:6629;1864:6985
250.6687,1788883115.7235,6,3625.00,27636.54,31261.54,297.8,32391.6,30861.8,0.0,5610.549,120.258,306.706,1838:12;1861:6866;1862:7138;1863:6631;1864:6989
250.7728,1788883115.8276,6,3625.00,27661.39,31286.39,207.6,32391.6,30861.8,0.0,5610.915,120.329,306.706,1838:12;1861:6873;1862:7142;1863:6640;1864:6994
250.8790,1788883115.9338,6,3625.00,27654.54,31279.54,134.2,32395.6,30857.8,0.0,5611.045,120.342,306.706,1838:12;1861:6870;1862:7142;1863:6637;1864:6993
250.9831,1788883116.0380,6,3625.00,27672.54,31297.54,307.3,32411.9,30841.6,0.0,5611.990,120.429,306.706,1838:12;1861:6874;1862:7146;1863:6643;1864:6997
251.0872,1788883116.1420,6,3625.00,27692.89,31317.89,278.4,32375.4,30878.1,0.0,5612.345,120.505,306.706,1838:12;1861:6881;1862:7148;1863:6650;1864:7002
251.1914,1788883116.2462,6,3625.00,27706.44,31331.43,134.4,32375.4,30878.1,0.0,5612.832,120.581,306.706,1838:12;1861:6881;1862:7154;1863:6654;1864:7005
251.2954,1788883116.3502,6,3625.00,27704.54,31329.54,192.0,32387.6,30865.8,0.0,5613.169,120.600,306.706,1838:12;1861:6880;1862:7154;1863:6653;1864:7005
251.3996,1788883116.4544,6,3625.00,27718.40,31343.40,201.6,32391.6,30861.8,0.0,5614.270,120.682,306.706,1838:12;1861:6884;1862:7156;1863:6657;1864:7009
251.5037,1788883116.5585,6,3625.00,27738.01,31363.01,115.2,32395.6,30857.8,0.0,5614.615,120.754,306.706,1838:12;1861:6889;1862:7160;1863:6663;1864:7014
251.6078,1788883116.6626,6,3625.00,27741.83,31366.83,230.4,32395.9,30857.6,0.0,5614.971,120.830,306.706,1838:12;1861:6888;1862:7162;1863:6665;1864:7015
251.7119,1788883116.7667,6,3625.00,27744.85,31369.84,278.8,32401.6,30851.9,0.0,5615.225,120.873,306.706,1838:12;1861:6888;1862:7163;1863:6666;1864:7015
251.8159,1788883116.8708,6,3625.00,27763.19,31388.19,201.1,32403.8,30849.7,0.0,5619.592,120.990,306.706,1838:12;1861:6893;1862:7167;1863:6670;1864:7021
251.9205,1788883116.9753,6,3625.00,27763.36,31388.35,259.2,32432.0,30821.4,0.0,5629.231,121.033,306.706,1838:12;1861:6895;1862:7167;1863:6670;1864:7019
252.0246,1788883117.0794,6,3625.00,27784.20,31409.20,115.2,32424.4,30829.1,0.0,5635.098,121.114,306.706,1838:12;1861:6900;1862:7172;1863:6674;1864:7026
252.1288,1788883117.1836,6,3625.00,27779.34,31404.34,307.2,32420.5,30832.9,0.0,5643.257,121.153,306.706,1838:12;1861:6899;1862:7171;1863:6674;1864:7023
252.2329,1788883117.2878,6,3625.00,27802.45,31427.45,144.0,32427.9,30825.5,0.0,5655.166,121.258,306.706,1838:12;1861:6907;1862:7177;1863:6679;1864:7027
252.3371,1788883117.3919,6,3625.00,27813.60,31438.60,240.2,32436.3,30817.1,0.0,5657.892,121.341,306.706,1838:12;1861:6910;1862:7179;1863:6682;1864:7031
252.4412,1788883117.4960,6,3625.00,27821.49,31446.49,230.8,32435.9,30817.5,0.0,5671.174,121.386,306.706,1838:12;1861:6913;1862:7181;1863:6685;1864:7031
252.5452,1788883117.6000,6,3625.00,27829.60,31454.60,163.3,32440.3,30813.2,0.0,5671.468,121.462,306.706,1838:12;1861:6914;1862:7183;1863:6686;1864:7035
252.6492,1788883117.7040,6,3625.00,27833.70,31458.70,240.1,32450.5,30803.0,0.0,5686.093,121.512,306.706,1838:12;1861:6915;1862:7186;1863:6686;1864:7035
252.7534,1788883117.8082,6,3625.05,27849.96,31475.01,182.4,32454.7,30798.7,0.0,5691.175,121.598,306.706,1838:12;1861:6920;1862:7188;1863:6688;1864:7042
252.8575,1788883117.9123,6,3625.05,27843.34,31468.39,240.0,32462.7,30790.7,0.0,5697.916,121.632,306.706,1838:12;1861:6919;1862:7185;1863:6688;1864:7039
252.9617,1788883118.0165,6,3625.05,27861.50,31486.55,134.4,32467.0,30786.5,0.0,5702.020,121.711,306.706,1838:12;1861:6924;1862:7189;1863:6692;1864:7045
253.0658,1788883118.1206,6,3625.05,27866.58,31491.63,220.8,32459.7,30793.7,0.0,5711.332,121.779,306.706,1838:12;1861:6926;1862:7191;1863:6692;1864:7045
253.1699,1788883118.2247,6,3625.05,27875.29,31500.34,220.8,32460.0,30793.5,0.0,5722.054,121.868,306.706,1838:12;1861:6928;1862:7193;1863:6695;1864:7047
253.2740,1788883118.3288,6,3625.05,27890.53,31515.57,105.7,32464.2,30789.2,0.0,5722.677,121.937,306.706,1838:12;1861:6932;1862:7197;1863:6698;1864:7051
253.3780,1788883118.4328,6,3625.05,27891.75,31516.79,192.1,32468.2,30785.2,0.0,5734.104,121.985,306.706,1838:12;1861:6932;1862:7195;1863:6702;1864:7051
253.4822,1788883118.5370,6,3625.05,28001.25,31626.30,260.8,32565.0,30688.5,0.0,5742.677,122.079,306.706,1838:12;1861:6955;1862:7234;1863:6702;1864:7097
253.5899,1788883118.6447,6,3625.19,28187.77,31812.95,917.0,32656.0,30597.5,0.0,5745.969,122.085,306.706,1838:12;1861:7003;1862:7251;1863:6843;1864:7078
253.6955,1788883118.7503,6,3625.50,28000.85,31626.36,850.4,32624.5,30629.0,0.0,5745.969,122.085,306.706,1838:12;1861:7003;1862:7171;1863:6736;1864:7078
253.8014,1788883118.8562,6,3626.05,27889.84,31515.89,726.8,32634.5,30619.0,0.0,5745.969,122.085,306.706,1838:12;1861:6904;1862:7172;1863:6725;1864:7077
253.9057,1788883118.9605,6,3626.37,27887.68,31514.05,528.3,32639.8,30613.7,0.0,5745.969,122.085,306.706,1838:12;1861:6903;1862:7172;1863:6726;1864:7074
254.0119,1788883119.0667,6,3626.40,27873.92,31500.32,159.9,32630.5,30622.9,0.0,5745.969,122.085,306.706,1838:12;1861:6903;1862:7172;1863:6718;1864:7069
254.1182,1788883119.1730,6,3626.42,27873.71,31500.13,131.7,32631.3,30622.2,0.0,5745.969,122.085,306.706,1838:12;1861:6903;1862:7172;1863:6718;1864:7069
254.2245,1788883119.2793,6,3626.43,27873.00,31499.43,141.1,32631.6,30621.9,0.0,5745.969,122.085,306.706,1838:12;1861:6903;1862:7172;1863:6718;1864:7068
254.3307,1788883119.3855,6,3626.79,27829.80,31456.59,444.9,32531.8,30721.7,0.0,5745.969,122.085,306.706,1838:12;1861:6903;1862:7172;1863:6718;1864:7024
254.4362,1788883119.4910,6,3627.06,27853.44,31480.50,305.3,32547.4,30706.1,0.0,5746.003,122.116,306.706,1838:12;1861:6909;1862:7177;1863:6726;1864:7029
254.5409,1788883119.5957,6,3627.14,27864.12,31491.27,307.2,32555.4,30698.0,0.0,5746.387,122.174,306.706,1838:12;1861:6913;1862:7180;1863:6728;1864:7031
254.6451,1788883119.6999,6,3627.14,27874.40,31501.54,249.6,32569.5,30684.0,0.0,5746.940,122.248,306.706,1838:12;1861:6913;1862:7181;1863:6733;1864:7035
254.7492,1788883119.8040,6,3627.26,27889.12,31516.38,259.2,32573.4,30680.1,0.0,5747.255,122.318,306.706,1838:12;1861:6918;1862:7183;1863:6738;1864:7037
254.8534,1788883119.9082,6,3627.26,27907.46,31534.72,326.4,32585.9,30667.5,0.0,5747.611,122.403,306.706,1838:12;1861:6923;1862:7187;1863:6744;1864:7041
254.9575,1788883120.0123,6,3627.26,27927.78,31555.04,240.0,32589.9,30663.5,0.0,5748.510,122.483,306.706,1838:12;1861:6927;1862:7189;1863:6753;1864:7046
255.0617,1788883120.1165,6,3627.26,27934.85,31562.11,144.0,32589.9,30663.5,0.0,5748.802,122.549,306.706,1838:12;1861:6929;1862:7192;1863:6756;1864:7045
255.1658,1788883120.2206,6,3627.26,27938.11,31565.38,172.8,32601.9,30651.5,0.0,5749.225,122.576,306.706,1838:12;1861:6929;1862:7193;1863:6756;1864:7047
255.2700,1788883120.3248,6,3627.26,27954.11,31581.38,249.6,32609.9,30643.5,0.0,5750.545,122.665,306.706,1838:12;1861:6933;1862:7195;1863:6762;1864:7051
255.3742,1788883120.4290,6,3627.26,27972.55,31599.81,201.6,32614.2,30639.3,0.0,5751.722,122.748,306.706,1838:12;1861:6939;1862:7198;1863:6768;1864:7055
255.4783,1788883120.5331,6,3627.26,27991.33,31618.59,288.0,32626.2,30627.3,0.0,5752.209,122.826,306.706,1838:12;1861:6944;1862:7199;1863:6776;1864:7060
255.5825,1788883120.6373,6,3627.26,27996.36,31623.62,144.0,32630.2,30623.3,0.0,5752.411,122.883,306.706,1838:12;1861:6943;1862:7204;1863:6776;1864:7060
255.6866,1788883120.7414,6,3627.29,27993.16,31620.45,269.0,32630.4,30623.0,0.0,5752.567,122.923,306.706,1838:12;1861:6943;1862:7202;1863:6776;1864:7059
255.7906,1788883120.8454,6,3627.29,28013.57,31640.86,326.5,32648.8,30604.6,0.0,5753.613,123.027,306.706,1838:12;1861:6948;1862:7207;1863:6782;1864:7065
255.8947,1788883120.9496,6,3627.29,28015.90,31643.19,96.0,32648.8,30604.6,0.0,5753.906,123.036,306.706,1838:12;1861:6948;1862:7207;1863:6784;1864:7065
255.9989,1788883121.0537,6,3627.29,28032.11,31659.40,143.4,32653.9,30599.6,0.0,5763.349,123.158,306.706,1838:12;1861:6953;1862:7211;1863:6785;1864:7071
256.1035,1788883121.1583,6,3627.29,28029.93,31657.22,211.0,32666.8,30586.7,0.0,5768.679,123.193,306.706,1838:12;1861:6952;1862:7209;1863:6786;1864:7071
256.2076,1788883121.2624,6,3627.29,28046.20,31673.49,76.8,32666.8,30586.7,0.0,5769.396,123.261,306.706,1838:12;1861:6956;1862:7212;1863:6789;1864:7077
256.3118,1788883121.3666,6,3627.29,28049.60,31676.89,240.0,32675.1,30578.4,0.0,5782.112,123.319,306.706,1838:12;1861:6958;1862:7213;1863:6790;1864:7077
256.4159,1788883121.4707,6,3627.29,28056.61,31683.91,48.0,32675.0,30578.4,0.0,5782.374,123.358,306.706,1838:12;1861:6956;1862:7216;1863:6793;1864:7079
256.5200,1788883121.5748,6,3627.29,28079.50,31706.80,192.0,32675.9,30577.5,0.0,5796.126,123.435,306.706,1838:12;1861:6964;1862:7218;1863:6798;1864:7086
256.6241,1788883121.6789,6,3627.29,28065.93,31693.23,163.2,32692.3,30561.2,0.0,5796.127,123.451,306.706,1838:12;1861:6960;1862:7217;1863:6794;1864:7083
256.7282,1788883121.7830,6,3627.29,28082.57,31709.87,95.7,32692.3,30561.2,0.0,5797.952,123.522,306.706,1838:12;1861:6964;1862:7220;1863:6797;1864:7089
256.8327,1788883121.8875,6,3627.29,28087.58,31714.88,115.2,32692.3,30561.2,0.0,5803.810,123.553,306.706,1838:12;1861:6965;1862:7221;1863:6799;1864:7090
256.9368,1788883121.9916,6,3627.29,28102.46,31729.76,249.2,32700.8,30552.7,0.0,5808.707,123.638,306.706,1838:12;1861:6970;1862:7222;1863:6804;1864:7095
257.0412,1788883122.0960,6,3627.29,28095.94,31723.23,249.2,32716.6,30536.9,0.0,5817.789,123.686,306.706,1838:12;1861:6968;1862:7221;1863:6802;1864:7093
257.1455,1788883122.2003,6,3627.29,28112.20,31739.50,86.5,32716.7,30536.8,0.0,5818.084,123.753,306.706,1838:12;1861:6972;1862:7224;1863:6805;1864:7099
257.2495,1788883122.3043,6,3627.29,28113.90,31741.19,307.2,32724.7,30528.7,0.0,5828.652,123.805,306.706,1838:12;1861:6972;1862:7225;1863:6805;1864:7099
257.3536,1788883122.4084,6,3627.29,28128.20,31755.50,57.6,32723.7,30529.8,0.0,5828.915,123.864,306.706,1838:12;1861:6976;1862:7228;1863:6807;1864:7105
257.4578,1788883122.5126,6,3627.29,28135.05,31762.35,240.0,32735.7,30517.8,0.0,5840.923,123.929,306.706,1838:12;1861:6976;1862:7228;1863:6812;1864:7106
257.5620,1788883122.6168,6,3627.29,28148.20,31775.50,105.6,32737.2,30516.3,0.0,5841.218,124.000,306.706,1838:12;1861:6980;1862:7232;1863:6813;1864:7111
257.6662,1788883122.7210,6,3627.29,28152.00,31779.29,131.6,32741.4,30512.1,0.0,5852.353,124.041,306.706,1838:12;1861:6982;1862:7232;1863:6813;1864:7113
257.7728,1788883122.8276,6,3627.29,28146.09,31773.38,143.4,32749.4,30504.1,0.0,5854.805,124.073,306.706,1838:12;1861:6980;1862:7231;1863:6816;1864:7108
257.8772,1788883122.9320,6,3627.29,28162.92,31790.21,95.1,32749.4,30504.1,0.0,5863.057,124.159,306.706,1838:12;1861:6985;1862:7234;1863:6817;1864:7114
257.9824,1788883123.0372,6,3627.29,28171.46,31798.76,297.2,32742.6,30510.9,0.0,5867.845,124.255,306.706,1838:12;1861:6987;1862:7235;1863:6820;1864:7116
258.0866,1788883123.1414,6,3627.29,28312.47,31939.76,344.5,32839.6,30413.9,0.0,5881.475,124.292,306.706,1838:12;1861:6992;1862:7254;1863:6862;1864:7192
258.1910,1788883123.2459,6,3627.38,28513.24,32140.62,1269.9,33191.1,30062.4,0.0,5881.553,124.292,306.706,1838:12;1861:7118;1862:7377;1863:6870;1864:7136
258.2959,1788883123.3507,6,3627.58,28419.73,32047.32,781.0,33298.6,29954.8,0.0,5881.553,124.292,306.706,1838:12;1861:7096;1862:7320;1863:6847;1864:7145
258.4023,1788883123.4571,6,3627.84,28356.81,31984.65,669.4,33370.9,29882.5,0.0,5881.553,124.292,306.706,1838:12;1861:7043;1862:7316;1863:6841;1864:7145
258.5084,1788883123.5632,6,3627.88,28225.18,31853.06,459.8,33344.9,29908.5,0.0,5881.553,124.292,306.706,1838:12;1861:7041;1862:7262;1863:6823;1864:7086
258.6125,1788883123.6673,6,3628.05,28210.37,31838.42,459.7,33306.6,29946.8,0.0,5881.553,124.292,306.706,1838:12;1861:6999;1862:7259;1863:6824;1864:7117
258.7194,1788883123.7742,6,3628.22,28187.21,31815.43,363.9,33372.2,29881.3,0.0,5881.553,124.292,306.706,1838:12;1861:6996;1862:7256;1863:6824;1864:7100
258.8235,1788883123.8783,6,3628.25,28189.75,31818.00,383.8,33374.5,29879.0,0.0,5881.553,124.292,306.706,1838:12;1861:7000;1862:7255;1863:6824;1864:7099
258.9277,1788883123.9825,6,3628.29,28186.84,31815.12,355.2,33373.8,29879.7,0.0,5881.553,124.292,306.706,1838:12;1861:7000;1862:7253;1863:6824;1864:7098
259.0319,1788883124.0867,6,3628.36,28128.18,31756.53,449.4,33297.5,29956.0,0.0,5881.553,124.292,306.706,1838:12;1861:6959;1862:7234;1863:6824;1864:7098
259.1365,1788883124.1913,6,3628.43,28176.57,31805.00,515.0,33387.3,29866.2,0.0,5881.553,124.292,306.706,1838:12;1861:6992;1862:7251;1863:6825;1864:7096
259.2416,1788883124.2964,6,3628.77,28237.40,31866.17,608.2,33363.5,29889.9,0.0,5881.553,124.292,306.706,1838:12;1861:7068;1862:7239;1863:6825;1864:7093
259.3485,1788883124.4033,6,3628.79,28126.66,31755.45,382.8,33271.1,29982.3,0.0,5881.553,124.292,306.706,1838:12;1861:6963;1862:7236;1863:6825;1864:7090
259.4527,1788883124.5075,6,3629.12,28094.24,31723.36,428.1,33219.0,30034.4,0.0,5881.553,124.293,306.706,1838:12;1861:6963;1862:7207;1863:6825;1864:7088
259.5580,1788883124.6128,6,3629.21,28094.49,31723.70,354.7,33219.4,30034.1,0.0,5881.555,124.294,306.706,1838:12;1861:6966;1862:7207;1863:6825;1864:7084
259.6621,1788883124.7170,6,3629.29,28091.69,31720.97,268.6,33220.3,30033.2,0.0,5881.555,124.294,306.706,1838:12;1861:6968;1862:7207;1863:6825;1864:7079
259.7663,1788883124.8212,6,3629.39,28095.42,31724.80,269.0,33222.3,30031.2,0.0,5881.555,124.294,306.706,1838:12;1861:6972;1862:7207;1863:6825;1864:7080
259.8705,1788883124.9253,6,3629.40,28099.51,31728.91,230.4,33222.6,30030.8,0.0,5881.555,124.294,306.706,1838:12;1861:6975;1862:7207;1863:6825;1864:7080
259.9746,1788883125.0294,6,3629.41,28138.31,31767.72,268.8,33202.4,30051.1,0.0,5881.555,124.294,306.706,1838:12;1861:7013;1862:7207;1863:6825;1864:7081
260.0788,1788883125.1336,6,3629.50,28052.74,31682.24,278.6,33145.2,30108.3,0.0,5881.555,124.294,306.706,1838:12;1861:6931;1862:7207;1863:6825;1864:7078
260.1829,1788883125.2377,6,3629.71,28086.42,31716.13,268.7,33146.5,30106.9,0.0,5881.555,124.294,306.706,1838:12;1861:6928;1862:7207;1863:6825;1864:7114
260.2873,1788883125.3421,6,3630.04,28011.26,31641.30,505.6,33052.8,30200.7,0.0,5881.555,124.294,306.706,1838:12;1861:6928;1862:7207;1863:6825;1864:7038
260.3919,1788883125.4467,6,3630.46,28014.18,31644.64,428.8,33055.3,30198.2,0.0,5881.555,124.294,306.706,1838:12;1861:6929;1862:7208;1863:6825;1864:7041
260.4969,1788883125.5517,6,3630.82,28034.91,31665.73,364.9,33067.7,30185.8,0.0,5881.576,124.320,306.706,1838:12;1861:6934;1862:7214;1863:6832;1864:7043
260.6010,1788883125.6558,6,3630.82,28052.61,31683.43,172.8,33073.6,30179.9,0.0,5881.992,124.407,306.706,1838:12;1861:6940;1862:7217;1863:6837;1864:7046
260.7050,1788883125.7599,6,3630.92,28055.97,31686.89,282.2,33080.0,30173.5,0.0,5882.465,124.434,306.706,1838:12;1861:6941;1862:7217;1863:6838;1864:7048
260.8116,1788883125.8664,6,3630.92,28069.29,31700.21,297.1,33096.0,30157.5,0.0,5882.534,124.511,306.706,1838:12;1861:6943;1862:7220;1863:6844;1864:7051
260.9157,1788883125.9705,6,3630.92,28085.29,31716.21,307.2,33096.0,30157.5,0.0,5882.909,124.596,306.706,1838:12;1861:6947;1862:7224;1863:6848;1864:7055
261.0198,1788883126.0747,6,3630.92,28108.38,31739.30,259.2,33071.0,30182.5,0.0,5883.267,124.670,306.706,1838:12;1861:6953;1862:7230;1863:6854;1864:7059
261.1240,1788883126.1788,6,3630.92,28129.78,31760.70,179.3,33080.2,30173.3,0.0,5883.629,124.750,306.706,1838:12;1861:6957;1862:7234;1863:6862;1864:7065
261.2302,1788883126.2850,6,3630.92,28117.29,31748.21,163.0,33080.2,30173.3,0.0,5883.631,124.766,306.706,1838:12;1861:6953;1862:7232;1863:6860;1864:7061
261.3343,1788883126.3891,6,3630.92,28135.75,31766.67,268.9,33096.8,30156.7,0.0,5884.275,124.851,306.706,1838:12;1861:6957;1862:7236;1863:6866;1864:7065
261.4384,1788883126.4932,6,3630.92,28156.29,31787.21,113.6,33096.8,30156.7,0.0,5884.783,124.921,306.706,1838:12;1861:6963;1862:7241;1863:6870;1864:7070
261.5443,1788883126.5991,6,3630.92,28167.52,31798.44,210.6,33104.8,30148.7,0.0,5885.147,125.005,306.706,1838:12;1861:6964;1862:7243;1863:6875;1864:7072
261.6486,1788883126.7034,6,3630.92,28164.09,31795.02,238.0,33120.8,30132.7,0.0,5885.472,125.024,306.706,1838:12;1861:6963;1862:7244;1863:6874;1864:7071
261.7536,1788883126.8084,6,3630.92,28175.88,31806.80,335.8,33121.0,30132.5,0.0,5885.904,125.111,306.706,1838:12;1861:6965;1862:7246;1863:6878;1864:7075
261.8578,1788883126.9126,6,3630.93,28203.37,31834.30,316.8,33135.9,30117.6,0.0,5886.294,125.209,306.706,1838:12;1861:6972;1862:7250;1863:6884;1864:7085
261.9620,1788883127.0168,6,3630.93,28219.68,31850.61,172.8,33122.6,30130.9,0.0,5886.660,125.300,306.706,1838:12;1861:6975;1862:7254;1863:6888;1864:7091
262.0661,1788883127.1210,6,3630.93,28221.39,31852.32,201.6,33105.0,30148.4,0.0,5900.007,125.352,306.706,1838:12;1861:6976;1862:7254;1863:6886;1864:7092
262.1703,1788883127.2251,6,3630.94,28231.84,31862.78,115.2,33105.1,30148.4,0.0,5901.525,125.424,306.706,1838:12;1861:6977;1862:7258;1863:6890;1864:7095
262.2744,1788883127.3292,6,3630.94,28233.58,31864.52,307.2,33125.7,30127.8,0.0,5912.993,125.474,306.706,1838:12;1861:6978;1862:7258;1863:6890;1864:7095
262.3786,1788883127.4334,6,3630.94,28249.84,31880.78,67.2,33125.7,30127.8,0.0,5913.285,125.539,306.706,1838:12;1861:6981;1862:7262;1863:6894;1864:7101
262.4827,1788883127.5375,6,3630.94,28249.58,31880.52,240.0,33134.0,30119.5,0.0,5926.291,125.597,306.706,1838:12;1861:6982;1862:7262;1863:6892;1864:7101
262.5869,1788883127.6417,6,3630.94,28265.84,31896.78,76.8,33134.0,30119.5,0.0,5929.528,125.671,306.706,1838:12;1861:6985;1862:7266;1863:6896;1864:7107
262.6914,1788883127.7462,6,3630.95,28269.51,31900.46,153.6,33142.2,30111.3,0.0,5937.714,125.702,306.706,1838:12;1861:6986;1862:7266;1863:6896;1864:7109
262.7954,1788883127.8502,6,3630.95,28284.59,31915.54,172.6,33154.2,30099.3,0.0,5943.717,125.794,306.706,1838:12;1861:6989;1862:7271;1863:6898;1864:7114
262.8998,1788883127.9546,6,3630.95,28283.91,31914.85,192.0,33154.0,30099.5,0.0,5950.989,125.835,306.706,1838:12;1861:6989;1862:7270;1863:6898;1864:7114
263.0039,1788883128.0587,6,3630.95,28299.67,31930.61,115.2,33128.4,30125.1,0.0,5959.509,125.918,306.706,1838:12;1861:6994;1862:7274;1863:6902;1864:7118
263.1082,1788883128.1630,6,3630.95,28313.29,31944.24,336.1,33109.9,30143.6,0.0,5965.092,126.011,306.706,1838:12;1861:6995;1862:7278;1863:6906;1864:7122
263.2123,1788883128.2671,6,3630.95,28323.35,31954.30,144.1,33109.9,30143.6,0.0,5976.677,126.055,306.706,1838:12;1861:6997;1862:7280;1863:6908;1864:7126
263.3164,1788883128.3712,6,3630.95,28315.59,31946.54,124.8,33122.2,30131.2,0.0,5977.401,126.071,306.706,1838:12;1861:6996;1862:7278;1863:6906;1864:7123
263.4205,1788883128.4753,6,3630.95,28334.44,31965.39,86.4,33122.2,30131.2,0.0,5984.196,126.157,306.706,1838:12;1861:7000;1862:7283;1863:6910;1864:7129
263.5246,1788883128.5794,6,3630.95,28331.59,31962.54,288.3,33134.2,30119.2,0.0,5990.978,126.195,306.706,1838:12;1861:7000;1862:7282;1863:6908;1864:7129
263.6286,1788883128.6834,6,3630.95,28347.86,31978.80,76.8,33134.2,30119.2,0.0,5991.270,126.260,306.706,1838:12;1861:7003;1862:7286;1863:6912;1864:7135
263.7327,1788883128.7875,6,3630.95,28349.42,31980.37,235.8,33136.8,30116.6,0.0,6004.627,126.312,306.706,1838:12;1861:7003;1862:7285;1863:6914;1864:7136
263.8389,1788883128.8937,6,3630.95,28354.21,31985.16,134.2,33136.9,30116.5,0.0,6005.702,126.383,306.706,1838:12;1861:7004;1862:7288;1863:6914;1864:7136
263.9431,1788883128.9979,6,3630.95,28722.33,32353.29,674.4,33437.8,29815.7,0.0,6017.986,126.417,306.706,1838:12;1861:7056;1862:7447;1863:6991;1864:7217
264.0519,1788883129.1067,6,3631.18,28490.44,32121.62,870.7,33097.3,30156.1,0.0,6017.986,126.417,306.706,1838:12;1861:7038;1862:7346;1863:6898;1864:7196
264.1569,1788883129.2117,6,3631.91,28525.58,32157.49,747.9,33191.2,30062.3,0.0,6017.987,126.417,306.706,1838:12;1861:7067;1862:7345;1863:6899;1864:7202
264.2630,1788883129.3178,6,3632.09,28346.77,31978.86,521.8,33194.0,30059.5,0.0,6017.987,126.417,306.706,1838:12;1861:6964;1862:7322;1863:6879;1864:7168
264.3702,1788883129.4250,6,3632.45,28313.59,31946.04,814.1,33040.9,30212.6,0.0,6017.987,126.417,306.706,1838:12;1861:6963;1862:7281;1863:6880;1864:7177
264.4770,1788883129.5318,6,3633.00,28406.31,32039.31,746.1,33299.2,29954.3,0.0,6017.987,126.417,306.706,1838:12;1861:6960;1862:7277;1863:6880;1864:7277
264.5814,1788883129.6362,6,3633.03,28292.96,31925.99,373.6,33306.0,29947.5,0.0,6017.987,126.417,306.706,1838:12;1861:6957;1862:7278;1863:6880;1864:7165
264.6857,1788883129.7405,6,3633.21,28295.57,31928.78,374.4,33307.7,29945.7,0.0,6017.987,126.417,306.706,1838:12;1861:6953;1862:7282;1863:6880;1864:7168
264.7898,1788883129.8446,6,3633.23,28298.83,31932.07,363.9,33308.7,29944.8,0.0,6017.987,126.417,306.706,1838:12;1861:6949;1862:7286;1863:6880;1864:7172
264.8943,1788883129.9491,6,3633.40,28390.35,32023.75,575.0,33370.2,29883.3,0.0,6017.987,126.417,306.706,1838:12;1861:7033;1862:7289;1863:6881;1864:7176
265.0005,1788883130.0553,6,3633.46,28341.95,31975.41,442.1,33359.2,29894.3,0.0,6017.987,126.417,306.706,1838:12;1861:6979;1862:7291;1863:6881;1864:7179
265.1068,1788883130.1616,6,3633.49,28354.80,31988.29,347.8,33366.1,29887.4,0.0,6017.987,126.417,306.706,1838:12;1861:6984;1862:7294;1863:6881;1864:7183
265.2132,1788883130.2680,6,3633.51,28358.88,31992.39,392.3,33375.1,29878.4,0.0,6017.987,126.417,306.706,1838:12;1861:6987;1862:7295;1863:6881;1864:7184
265.3175,1788883130.3723,6,3633.53,28342.14,31975.68,373.0,33379.0,29874.5,0.0,6017.987,126.417,306.706,1838:12;1861:6988;1862:7317;1863:6881;1864:7144
265.4220,1788883130.4768,6,3633.61,28331.29,31964.89,422.4,33411.0,29842.4,0.0,6017.987,126.417,306.706,1838:12;1861:7017;1862:7250;1863:6881;1864:7171
265.5262,1788883130.5811,6,3634.00,28211.47,31845.47,575.2,33292.2,29961.3,0.0,6017.987,126.417,306.706,1838:12;1861:6957;1862:7252;1863:6881;1864:7109
265.6325,1788883130.6873,6,3634.04,28202.99,31837.04,382.4,33294.0,29959.5,0.0,6017.987,126.417,306.706,1838:12;1861:6953;1862:7250;1863:6881;1864:7106
265.7370,1788883130.7918,6,3634.23,28185.32,31819.54,402.7,33295.4,29958.1,0.0,6017.987,126.417,306.706,1838:12;1861:6939;1862:7248;1863:6881;1864:7105
265.8412,1788883130.8960,6,3634.30,28173.68,31807.98,479.6,33296.8,29956.7,0.0,6017.987,126.417,306.706,1838:12;1861:6930;1862:7246;1863:6881;1864:7104
265.9454,1788883131.0002,6,3634.43,28166.01,31800.45,383.7,33296.3,29957.2,0.0,6017.987,126.417,306.706,1838:12;1861:6927;1862:7244;1863:6882;1864:7101
266.0497,1788883131.1045,6,3634.57,28157.83,31792.40,386.4,33282.9,29970.6,0.0,6017.987,126.417,306.706,1838:12;1861:6924;1862:7240;1863:6882;1864:7099
266.1560,1788883131.2108,6,3634.68,28150.63,31785.30,382.9,33279.1,29974.4,0.0,6017.987,126.417,306.706,1838:12;1861:6923;1862:7239;1863:6882;1864:7096
266.2602,1788883131.3150,6,3634.87,28145.23,31780.11,429.3,33280.0,29973.4,0.0,6017.987,126.417,306.706,1838:12;1861:6923;1862:7234;1863:6882;1864:7094
266.3651,1788883131.4199,6,3635.27,28157.73,31793.01,441.5,33286.0,29967.5,0.0,6017.987,126.417,306.706,1838:12;1861:6927;1862:7234;1863:6882;1864:7102
266.4693,1788883131.5241,6,3635.31,28152.78,31788.09,268.6,33285.7,29967.8,0.0,6017.987,126.417,306.706,1838:12;1861:6923;1862:7234;1863:6882;1864:7102
266.5735,1788883131.6283,6,3635.36,28148.38,31783.73,240.0,33284.5,29969.0,0.0,6017.987,126.417,306.706,1838:12;1861:6918;1862:7234;1863:6882;1864:7101
266.6777,1788883131.7325,6,3635.57,28143.04,31778.61,268.1,33284.9,29968.6,0.0,6017.987,126.417,306.706,1838:12;1861:6917;1862:7235;1863:6882;1864:7097
266.7821,1788883131.8369,6,3635.70,28148.09,31783.79,497.2,33242.2,30011.3,0.0,6017.987,126.417,306.706,1838:12;1861:6923;1862:7235;1863:6882;1864:7096
266.8867,1788883131.9415,6,3635.77,28149.01,31784.77,268.8,33241.7,30011.7,0.0,6017.987,126.417,306.706,1838:12;1861:6922;1862:7235;1863:6882;1864:7097
266.9909,1788883132.0457,6,3635.82,28141.25,31777.07,249.6,33218.8,30034.7,0.0,6017.987,126.417,306.706,1838:12;1861:6921;1862:7235;1863:6882;1864:7091
267.0950,1788883132.1498,6,3636.12,28139.69,31775.81,506.9,33205.8,30047.7,0.0,6017.987,126.417,306.706,1838:12;1861:6919;1862:7235;1863:6883;1864:7090
267.1996,1788883132.2544,6,3636.23,28144.87,31781.09,345.4,33200.2,30053.3,0.0,6017.987,126.417,306.706,1838:12;1861:6923;1862:7235;1863:6883;1864:7092
267.3039,1788883132.3587,6,3636.56,28154.14,31790.71,456.7,33227.3,30026.2,0.0,6017.987,126.417,306.706,1838:12;1861:6931;1862:7236;1863:6884;1864:7091
267.4092,1788883132.4640,6,3636.80,28162.98,31799.79,462.0,33228.6,30024.9,0.0,6017.987,126.417,306.706,1838:12;1861:6931;1862:7237;1863:6884;1864:7099
267.5152,1788883132.5700,6,3637.12,28172.29,31809.41,485.9,33231.0,30022.4,0.0,6017.987,126.417,306.706,1838:12;1861:6934;1862:7237;1863:6884;1864:7105
267.6200,1788883132.6748,6,3637.71,28188.58,31826.29,541.9,33234.7,30018.8,0.0,6017.987,126.417,306.706,1838:12;1861:6936;1862:7237;1863:6885;1864:7118
267.7252,1788883132.7801,6,3638.09,28194.10,31832.20,316.6,33237.2,30016.2,0.0,6017.987,126.417,306.706,1838:12;1861:6936;1862:7237;1863:6887;1864:7122
267.8294,1788883132.8842,6,3638.11,28192.73,31830.84,124.9,33237.3,30016.2,0.0,6017.990,126.419,306.706,1838:12;1861:6936;1862:7237;1863:6887;1864:7121
267.9335,1788883132.9883,6,3638.12,28190.84,31828.96,153.7,33237.7,30015.7,0.0,6017.991,126.420,306.706,1838:12;1861:6936;1862:7237;1863:6887;1864:7119
268.0375,1788883133.0923,6,3638.13,28188.71,31826.84,134.5,33201.1,30052.4,0.0,6017.991,126.420,306.706,1838:12;1861:6936;1862:7237;1863:6887;1864:7117
268.1416,1788883133.1964,6,3638.14,28184.86,31823.00,115.3,33198.9,30054.6,0.0,6017.991,126.420,306.706,1838:12;1861:6936;1862:7237;1863:6887;1864:7113
268.2456,1788883133.3004,6,3638.14,28181.20,31819.34,124.9,33194.7,30058.8,0.0,6017.991,126.420,306.706,1838:12;1861:6936;1862:7237;1863:6887;1864:7109
268.3496,1788883133.4045,6,3638.15,28179.16,31817.31,144.1,33192.5,30060.9,0.0,6017.991,126.420,306.706,1838:12;1861:6936;1862:7237;1863:6887;1864:7107
268.4537,1788883133.5085,6,3638.16,28176.31,31814.47,134.4,33188.9,30064.6,0.0,6017.991,126.420,306.706,1838:12;1861:6936;1862:7237;1863:6887;1864:7104
268.5578,1788883133.6126,6,3638.17,28175.65,31813.82,144.1,33187.6,30065.9,0.0,6017.991,126.420,306.706,1838:12;1861:6936;1862:7237;1863:6887;1864:7103
268.6619,1788883133.7167,6,3638.20,28170.89,31809.09,141.1,33186.7,30066.8,0.0,6017.991,126.420,306.706,1838:12;1861:6936;1862:7237;1863:6887;1864:7099
268.7682,1788883133.8230,6,3638.26,28167.66,31805.93,134.3,33186.0,30067.5,0.0,6017.991,126.420,306.706,1838:12;1861:6936;1862:7237;1863:6887;1864:7095
268.8725,1788883133.9273,6,3638.27,28164.15,31802.42,115.1,33184.7,30068.8,0.0,6017.991,126.420,306.706,1838:12;1861:6936;1862:7237;1863:6887;1864:7092
268.9767,1788883134.0316,6,3638.28,28163.54,31801.81,134.4,33149.5,30104.0,0.0,6017.991,126.420,306.706,1838:12;1861:6936;1862:7237;1863:6887;1864:7091
269.0809,1788883134.1357,6,3638.29,28161.27,31799.56,144.1,33120.1,30133.4,0.0,6017.991,126.420,306.706,1838:12;1861:6936;1862:7237;1863:6887;1864:7089
269.1850,1788883134.2398,6,3638.30,28152.77,31791.07,134.4,33114.6,30138.9,0.0,6017.991,126.420,306.706,1838:12;1861:6936;1862:7237;1863:6887;1864:7080
269.2891,1788883134.3439,6,3638.32,28149.24,31787.56,172.9,33105.4,30148.1,0.0,6017.991,126.420,306.706,1838:12;1861:6936;1862:7237;1863:6887;1864:7077
269.3932,1788883134.4481,6,3638.38,28149.74,31788.12,201.7,33102.4,30151.1,0.0,6017.991,126.420,306.706,1838:12;1861:6936;1862:7237;1863:6887;1864:7077
269.4973,1788883134.5522,6,3638.45,28154.69,31793.14,249.3,33101.4,30152.1,0.0,6017.991,126.420,306.706,1838:12;1861:6936;1862:7238;1863:6888;1864:7080
269.6016,1788883134.6564,6,3638.53,28156.18,31794.71,259.2,33104.2,30149.3,0.0,6017.991,126.420,306.706,1838:12;1861:6936;1862:7238;1863:6889;1864:7081
269.7058,1788883134.7606,6,3638.72,28156.14,31794.87,163.3,33103.2,30150.3,0.0,6017.991,126.420,306.706,1838:12;1861:6936;1862:7238;1863:6889;1864:7081
269.8099,1788883134.8647,6,3638.82,28154.33,31793.15,304.8,33103.2,30150.3,0.0,6017.991,126.420,306.706,1838:12;1861:6936;1862:7238;1863:6890;1864:7078
269.9151,1788883134.9699,6,3639.01,28179.12,31818.13,353.8,33105.3,30148.2,0.0,6017.996,126.424,306.706,1838:12;1861:6936;1862:7239;1863:6897;1864:7096
270.0195,1788883135.0743,6,3639.07,28168.34,31807.41,207.4,33049.7,30203.8,0.0,6017.998,126.425,306.706,1838:12;1861:6936;1862:7239;1863:6897;1864:7085
270.1258,1788883135.1806,6,3639.11,28164.68,31803.79,182.0,33045.1,30208.4,0.0,6017.998,126.425,306.706,1838:12;1861:6936;1862:7239;1863:6897;1864:7081
270.2299,1788883135.2848,6,3639.12,28163.95,31803.07,134.5,33042.6,30210.9,0.0,6017.999,126.427,306.706,1838:12;1861:6936;1862:7239;1863:6897;1864:7080
270.3340,1788883135.3888,6,3639.12,28158.93,31798.04,115.3,33041.1,30212.4,0.0,6017.999,126.427,306.706,1838:12;1861:6936;1862:7239;1863:6897;1864:7075
270.4380,1788883135.4928,6,3639.12,28157.05,31796.18,125.0,33041.6,30211.9,0.0,6017.999,126.427,306.706,1838:12;1861:6936;1862:7239;1863:6897;1864:7073
270.5420,1788883135.5968,6,3639.13,28155.02,31794.14,125.0,33040.5,30213.0,0.0,6017.999,126.427,306.706,1838:12;1861:6936;1862:7239;1863:6897;1864:7071
270.6460,1788883135.7008,6,3639.15,28150.87,31790.02,125.0,33038.7,30214.8,0.0,6017.999,126.427,306.706,1838:12;1861:6936;1862:7239;1863:6897;1864:7067
270.7500,1788883135.8048,6,3639.32,28147.00,31786.32,152.9,33036.5,30217.0,0.0,6017.999,126.427,306.706,1838:12;1861:6936;1862:7239;1863:6897;1864:7063
270.8549,1788883135.9097,6,3639.38,28143.49,31782.87,208.2,33034.4,30219.1,0.0,6018.001,126.429,306.706,1838:12;1861:6936;1862:7239;1863:6897;1864:7060
270.9607,1788883136.0155,6,3639.97,28153.47,31793.45,645.2,32999.7,30253.7,0.0,6018.001,126.429,306.706,1838:12;1861:6932;1862:7239;1863:6896;1864:7074
271.0660,1788883136.1208,6,3640.36,28154.54,31794.90,714.8,32977.1,30276.3,0.0,6018.002,126.429,306.706,1838:12;1861:6932;1862:7239;1863:6897;1864:7074
271.1724,1788883136.2272,6,3640.86,28167.86,31808.72,807.4,32995.2,30258.3,0.0,6018.002,126.429,306.706,1838:12;1861:6932;1862:7243;1863:6897;1864:7084
271.2776,1788883136.3324,6,3641.45,28165.62,31807.07,393.7,32994.2,30259.3,0.0,6018.002,126.429,306.706,1838:12;1861:6931;1862:7241;1863:6893;1864:7089
271.3816,1788883136.4364,6,3641.87,28166.05,31807.92,326.1,32996.7,30256.8,0.0,6018.002,126.430,306.706,1838:12;1861:6931;1862:7241;1863:6893;1864:7089
271.4859,1788883136.5408,6,3642.18,28167.88,31810.07,455.2,32997.1,30256.4,0.0,6018.002,126.430,306.706,1838:12;1861:6931;1862:7241;1863:6893;1864:7091
271.5915,1788883136.6463,6,3642.52,28167.23,31809.75,493.9,32996.5,30256.9,0.0,6018.002,126.430,306.706,1838:12;1861:6930;1862:7241;1863:6892;1864:7092
271.6968,1788883136.7516,6,3642.90,28168.73,31811.63,429.7,32996.5,30257.0,0.0,6018.002,126.431,306.733,1838:12;1861:6931;1862:7242;1863:6892;1864:7092
271.8013,1788883136.8562,6,3643.27,28163.01,31806.28,563.8,32990.3,30263.2,0.0,6018.002,126.431,306.733,1838:12;1861:6931;1862:7242;1863:6891;1864:7087
271.9060,1788883136.9608,6,3643.63,28161.48,31805.11,353.2,32988.3,30265.2,0.0,6018.003,126.432,306.733,1838:12;1861:6931;1862:7241;1863:6891;1864:7086
272.0108,1788883137.0656,6,3643.71,28179.73,31823.44,163.2,33000.1,30253.4,0.0,6018.065,126.475,306.733,1838:12;1861:6937;1862:7247;1863:6898;1864:7086
272.1150,1788883137.1698,6,3643.71,28199.29,31843.00,374.4,32973.6,30279.9,0.0,6018.957,126.620,306.733,1838:12;1861:6941;1862:7251;1863:6905;1864:7090
272.2192,1788883137.2740,6,3643.71,28206.83,31850.54,86.4,32970.7,30282.8,0.0,6019.302,126.690,306.733,1838:12;1861:6941;1862:7253;1863:6906;1864:7095
272.3233,1788883137.3781,6,3643.71,28219.64,31863.36,317.1,32980.6,30272.8,0.0,6019.614,126.751,306.733,1838:12;1861:6943;1862:7257;1863:6912;1864:7096
272.4274,1788883137.4822,6,3643.71,28227.78,31871.49,259.5,32984.9,30268.6,0.0,6019.859,126.806,306.733,1838:12;1861:6945;1862:7259;1863:6914;1864:7098
272.5314,1788883137.5862,6,3643.71,28243.62,31887.33,269.0,32997.1,30256.3,0.0,6020.474,126.894,306.733,1838:12;1861:6949;1862:7261;1863:6920;1864:7102
272.6355,1788883137.6903,6,3643.71,28262.32,31906.03,230.4,33000.9,30252.6,0.0,6020.931,126.980,306.733,1838:12;1861:6951;1862:7265;1863:6927;1864:7107
272.7398,1788883137.7946,6,3643.84,28273.48,31917.33,240.0,33004.4,30249.1,0.0,6021.257,127.063,306.733,1838:12;1861:6953;1862:7269;1863:6930;1864:7110
272.8439,1788883137.8987,6,3643.84,28281.63,31925.48,220.8,33016.4,30237.1,0.0,6021.896,127.100,306.733,1838:12;1861:6955;1862:7273;1863:6930;1864:7112
272.9481,1788883138.0029,6,3643.84,28293.79,31937.63,240.4,33005.1,30248.4,0.0,6022.874,127.181,306.733,1838:12;1861:6957;1862:7275;1863:6936;1864:7114
273.0521,1788883138.1069,6,3643.84,28308.36,31952.20,297.6,32987.9,30265.6,0.0,6023.319,127.275,306.733,1838:12;1861:6961;1862:7279;1863:6940;1864:7116
273.1562,1788883138.2110,6,3643.85,28323.09,31966.94,211.2,32991.6,30261.9,0.0,6023.765,127.357,306.733,1838:12;1861:6962;1862:7281;1863:6947;1864:7121
273.2603,1788883138.3151,6,3643.85,28327.15,31971.00,153.6,32993.6,30259.9,0.0,6024.119,127.437,306.733,1838:12;1861:6962;1862:7282;1863:6949;1864:7121
273.3645,1788883138.4193,6,3643.86,28345.05,31988.91,211.0,33010.0,30243.5,0.0,6024.571,127.486,306.733,1838:12;1861:6966;1862:7288;1863:6954;1864:7126
273.4688,1788883138.5236,6,3643.86,28345.07,31988.93,57.0,33010.6,30242.9,0.0,6024.830,127.487,306.733,1838:12;1861:6966;1862:7288;1863:6954;1864:7126
273.5743,1788883138.6291,6,3643.86,28356.84,32000.70,144.0,33019.9,30233.6,0.0,6025.083,127.615,306.733,1838:12;1861:6966;1862:7292;1863:6958;1864:7129
273.6785,1788883138.7333,6,3643.86,28363.13,32006.99,268.8,33033.2,30220.3,0.0,6035.890,127.665,306.733,1838:12;1861:6968;1862:7292;1863:6962;1864:7130
273.7826,1788883138.8374,6,3643.86,28368.97,32012.84,114.2,33029.7,30223.7,0.0,6038.073,127.739,306.733,1838:12;1861:6968;1862:7294;1863:6964;1864:7131
273.8877,1788883138.9425,6,3643.86,28374.74,32018.61,287.9,33048.0,30205.5,0.0,6046.563,127.793,306.733,1838:12;1861:6968;1862:7294;1863:6970;1864:7132
273.9919,1788883139.0467,6,3643.86,28384.98,32028.84,67.2,33040.9,30212.6,0.0,6046.877,127.870,306.733,1838:12;1861:6968;1862:7298;1863:6972;1864:7135
274.0961,1788883139.1509,6,3643.86,28391.25,32035.11,268.8,33025.4,30228.1,0.0,6056.539,127.917,306.733,1838:12;1861:6970;1862:7298;1863:6976;1864:7136
274.2003,1788883139.2551,6,3643.86,28402.97,32046.84,67.2,33025.4,30228.1,0.0,6056.853,127.992,306.733,1838:12;1861:6970;1862:7302;1863:6980;1864:7139
274.3044,1788883139.3592,6,3643.86,28405.25,32049.11,268.8,33045.2,30208.3,0.0,6067.082,128.047,306.733,1838:12;1861:6972;1862:7302;1863:6982;1864:7138
274.4086,1788883139.4634,6,3643.86,28414.96,32058.82,76.8,33045.3,30208.2,0.0,6067.362,128.114,306.733,1838:12;1861:6972;1862:7306;1863:6984;1864:7141
274.5127,1788883139.5676,6,3643.86,28423.25,32067.12,259.3,33049.6,30203.9,0.0,6077.019,128.172,306.733,1838:12;1861:6974;1862:7306;1863:6990;1864:7142
274.6169,1788883139.6717,6,3643.86,28434.98,32078.84,86.4,33053.6,30199.9,0.0,6077.333,128.249,306.733,1838:12;1861:6974;1862:7310;1863:6994;1864:7145
274.7210,1788883139.7758,6,3643.86,28435.25,32079.11,268.9,33065.6,30187.9,0.0,6086.579,128.299,306.733,1838:12;1861:6974;1862:7310;1863:6996;1864:7144
274.8251,1788883139.8799,6,3643.86,28446.98,32090.84,57.6,33065.6,30187.9,0.0,6086.892,128.374,306.733,1838:12;1861:6974;1862:7314;1863:7000;1864:7147
274.9292,1788883139.9840,6,3643.86,28456.23,32100.09,259.2,33077.5,30176.0,0.0,6096.999,128.425,306.733,1838:12;1861:6976;1862:7315;1863:7006;1864:7148
275.0333,1788883140.0882,6,3643.86,28462.96,32106.82,95.8,33056.2,30197.3,0.0,6097.279,128.486,306.733,1838:12;1861:6976;1862:7318;1863:7006;1864:7151
275.1380,1788883140.1928,6,3643.86,28466.13,32109.99,28.7,33045.4,30208.1,0.0,6101.018,128.519,306.733,1838:12;1861:6977;1862:7318;1863:7008;1864:7151
275.2422,1788883140.2971,6,3643.87,28468.76,32112.63,187.7,33046.7,30206.8,0.0,6105.858,128.552,306.733,1838:12;1861:6978;1862:7318;1863:7009;1864:7153
275.3490,1788883140.4038,6,3643.87,28481.26,32125.13,124.3,33051.4,30202.0,0.0,6111.429,128.642,306.733,1838:12;1861:6978;1862:7322;1863:7014;1864:7155
275.4533,1788883140.5082,6,3643.87,28491.26,32135.13,285.6,33053.2,30200.3,0.0,6115.716,128.739,306.733,1838:12;1861:6978;1862:7324;1863:7019;1864:7158
275.5584,1788883140.6132,6,3643.87,28492.41,32136.28,47.5,33053.2,30200.3,0.0,6118.323,128.749,306.733,1838:12;1861:6979;1862:7324;1863:7019;1864:7158
275.6638,1788883140.7186,6,3643.93,28693.53,32337.46,575.4,33207.8,30045.7,0.0,6125.420,128.773,306.733,1838:12;1861:7033;1862:7386;1863:7107;1864:7156
275.7700,1788883140.8249,6,3644.15,28641.62,32285.77,1189.9,33241.5,30012.0,0.0,6125.420,128.773,306.733,1838:12;1861:6932;1862:7406;1863:7060;1864:7231
275.8761,1788883140.9309,6,3645.18,28367.17,32012.35,914.3,33137.0,30116.5,0.0,6125.420,128.773,306.733,1838:12;1861:6932;1862:7344;1863:6944;1864:7134
275.9819,1788883141.0367,6,3646.12,28230.98,31877.10,921.3,33043.3,30210.2,0.0,6125.420,128.773,306.733,1838:12;1861:6933;1862:7286;1863:6905;1864:7095
276.0873,1788883141.1421,6,3646.84,28241.41,31888.25,731.5,33048.2,30205.2,0.0,6125.420,128.773,306.733,1838:12;1861:6934;1862:7295;1863:6905;1864:7095
276.1925,1788883141.2473,6,3647.69,28203.64,31851.32,674.9,33009.7,30243.8,0.0,6125.420,128.773,306.733,1838:12;1861:6934;1862:7256;1863:6906;1864:7096
276.2977,1788883141.3525,6,3648.07,28204.41,31852.49,363.0,33010.1,30243.3,0.0,6125.420,128.773,306.733,1838:12;1861:6934;1862:7256;1863:6906;1864:7096
276.4023,1788883141.4571,6,3648.39,28214.15,31862.54,448.1,33018.0,30235.4,0.0,6125.433,128.783,306.733,1838:12;1861:6938;1862:7257;1863:6910;1864:7098
276.5072,1788883141.5620,6,3648.73,28222.18,31870.91,326.4,33024.0,30229.5,0.0,6125.637,128.795,306.733,1838:12;1861:6938;1862:7264;1863:6910;1864:7098
276.6113,1788883141.6661,6,3648.73,28234.21,31882.94,144.0,33036.9,30216.6,0.0,6125.828,128.869,306.733,1838:12;1861:6940;1862:7268;1863:6914;1864:7100
276.7154,1788883141.7702,6,3648.89,28245.15,31894.04,182.4,33040.9,30212.6,0.0,6126.108,128.922,306.733,1838:12;1861:6942;1862:7272;1863:6916;1864:7103
276.8195,1788883141.8743,6,3648.89,28255.84,31904.73,86.4,33041.1,30212.4,0.0,6126.347,128.975,306.733,1838:12;1861:6943;1862:7276;1863:6920;1864:7105
276.9236,1788883141.9784,6,3648.89,28268.05,31916.94,163.3,33057.1,30196.4,0.0,6126.590,129.033,306.733,1838:12;1861:6946;1862:7280;1863:6924;1864:7106
277.0276,1788883142.0824,6,3648.89,28277.57,31926.46,105.8,33030.4,30223.0,0.0,6126.858,129.086,306.733,1838:12;1861:6948;1862:7283;1863:6926;1864:7109
277.1316,1788883142.1864,6,3648.89,28282.05,31930.94,125.0,33034.1,30219.4,0.0,6127.075,129.139,306.733,1838:12;1861:6948;1862:7286;1863:6928;1864:7108
277.2356,1788883142.2904,6,3648.89,28294.05,31942.95,105.8,33038.1,30215.4,0.0,6127.300,129.195,306.733,1838:12;1861:6950;1862:7290;1863:6932;1864:7110
277.3396,1788883142.3944,6,3648.89,28302.47,31951.37,96.1,33050.1,30203.4,0.0,6127.342,129.207,306.733,1838:12;1861:6952;1862:7292;1863:6936;1864:7110
277.4436,1788883142.4984,6,3648.89,28312.91,31961.80,115.2,33055.1,30198.4,0.0,6127.590,129.263,306.733,1838:12;1861:6954;1862:7296;1863:6938;1864:7112
277.5477,1788883142.6025,6,3648.89,28318.03,31966.93,76.8,33055.1,30198.4,0.0,6127.883,129.311,306.733,1838:12;1861:6954;1862:7299;1863:6938;1864:7115
277.6517,1788883142.7065,6,3648.89,28318.41,31967.31,115.2,33056.8,30196.7,0.0,6128.093,129.350,306.733,1838:12;1861:6955;1862:7297;1863:6942;1864:7112
277.7559,1788883142.8107,6,3648.94,28333.50,31982.45,172.8,33067.7,30185.8,0.0,6128.150,129.387,306.733,1838:12;1861:6959;1862:7299;1863:6948;1864:7115
277.8601,1788883142.9149,6,3648.94,28339.11,31988.05,134.4,33069.7,30183.8,0.0,6128.407,129.450,306.733,1838:12;1861:6959;1862:7301;1863:6950;1864:7117
277.9644,1788883143.0192,6,3648.94,28341.53,31990.47,76.8,33073.4,30180.1,0.0,6131.154,129.471,306.733,1838:12;1861:6963;1862:7301;1863:6950;1864:7115
278.0686,1788883143.1234,6,3648.94,28347.11,31996.05,57.6,33056.4,30197.1,0.0,6131.358,129.516,306.733,1838:12;1861:6963;1862:7303;1863:6952;1864:7117
278.1727,1788883143.2276,6,3648.94,28352.56,32001.50,38.4,33058.5,30195.0,0.0,6133.921,129.527,306.733,1838:12;1861:6965;1862:7305;1863:6952;1864:7119
278.2772,1788883143.3320,6,3648.94,28359.11,32008.05,115.2,33063.1,30190.4,0.0,6134.071,129.571,306.733,1838:12;1861:6967;1862:7305;1863:6956;1864:7119
278.3813,1788883143.4362,6,3648.94,28365.10,32014.04,86.4,33071.4,30182.1,0.0,6136.381,129.597,306.733,1838:12;1861:6971;1862:7305;1863:6958;1864:7119
278.4855,1788883143.5403,6,3648.94,28371.10,32020.04,57.6,33075.4,30178.1,0.0,6136.556,129.638,306.733,1838:12;1861:6973;1862:7307;1863:6960;1864:7119
278.5897,1788883143.6445,6,3648.94,28379.55,32028.49,76.8,33079.6,30173.9,0.0,6137.944,129.686,306.733,1838:12;1861:6975;1862:7309;1863:6964;1864:7119
278.6939,1788883143.7487,6,3648.94,28389.10,32038.04,124.8,33087.3,30166.1,0.0,6140.131,129.719,306.733,1838:12;1861:6979;1862:7309;1863:6966;1864:7123
278.7979,1788883143.8528,6,3648.94,28395.11,32044.05,76.8,33087.3,30166.1,0.0,6141.855,129.769,306.733,1838:12;1861:6979;1862:7311;1863:6968;1864:7125
278.9020,1788883143.9568,6,3648.94,28397.53,32046.47,115.2,33099.3,30154.1,0.0,6144.703,129.790,306.733,1838:12;1861:6983;1862:7311;1863:6968;1864:7123
279.0061,1788883144.0609,6,3648.94,28405.10,32054.04,76.8,33079.1,30174.4,0.0,6144.916,129.838,306.733,1838:12;1861:6985;1862:7313;1863:6970;1864:7125
279.1101,1788883144.1650,6,3648.94,28415.11,32064.05,86.4,33072.0,30181.4,0.0,6147.232,129.896,306.733,1838:12;1861:6987;1862:7315;1863:6974;1864:7127
279.2142,1788883144.2691,6,3648.95,28419.07,32068.02,38.4,33076.3,30177.2,0.0,6149.546,129.906,306.733,1838:12;1861:6989;1862:7315;1863:6974;1864:7129
279.3184,1788883144.3732,6,3648.95,28427.11,32076.06,86.4,33088.3,30165.2,0.0,6149.979,129.960,306.733,1838:12;1861:6991;1862:7317;1863:6978;1864:7129
279.4224,1788883144.4772,6,3648.95,28428.98,32077.92,124.8,33094.0,30159.5,0.0,6152.651,129.979,306.733,1838:12;1861:6994;1862:7317;1863:6977;1864:7128
279.5264,1788883144.5812,6,3648.95,28434.56,32083.51,38.4,33094.0,30159.5,0.0,6152.848,130.016,306.733,1838:12;1861:6994;1862:7319;1863:6979;1864:7129
279.6304,1788883144.6852,6,3648.95,28505.83,32154.78,105.5,33201.2,30052.3,0.0,6154.445,130.029,306.733,1838:12;1861:6994;1862:7388;1863:6979;1864:7131
279.7348,1788883144.7896,6,3649.04,28538.51,32187.55,655.6,33313.3,29940.2,0.0,6155.427,130.033,306.733,1838:12;1861:6995;1862:7420;1863:6997;1864:7114
279.8402,1788883144.8950,6,3649.68,28400.37,32050.04,865.0,33236.3,30017.2,0.0,6155.427,130.034,306.733,1838:12;1861:6951;1862:7386;1863:6937;1864:7115
279.9454,1788883145.0002,6,3650.57,28433.75,32084.32,833.7,33276.8,29976.7,0.0,6155.427,130.034,306.733,1838:12;1861:6952;1862:7416;1863:6937;1864:7116
280.0510,1788883145.1059,6,3650.73,28379.00,32029.73,410.9,33439.5,29813.9,0.0,6155.427,130.034,306.733,1838:12;1861:6952;1862:7361;1863:6937;1864:7116
280.1555,1788883145.2103,6,3650.87,28335.25,31986.12,342.5,33414.0,29839.5,0.0,6155.427,130.034,306.733,1838:12;1861:6953;1862:7317;1863:6937;1864:7116
280.2607,1788883145.3155,6,3651.39,28340.09,31991.48,343.0,33381.2,29872.3,0.0,6155.427,130.034,306.733,1838:12;1861:6953;1862:7321;1863:6938;1864:7116
280.3655,1788883145.4203,6,3651.79,28340.45,31992.23,438.1,33382.3,29871.1,0.0,6155.427,130.034,306.733,1838:12;1861:6952;1862:7321;1863:6938;1864:7117
280.4707,1788883145.5255,6,3652.21,28341.09,31993.30,363.1,33383.7,29869.8,0.0,6155.427,130.034,306.733,1838:12;1861:6952;1862:7322;1863:6938;1864:7117
280.5752,1788883145.6300,6,3652.38,28359.66,32012.03,144.0,33387.9,29865.5,0.0,6155.455,130.061,306.733,1838:12;1861:6957;1862:7326;1863:6943;1864:7121
280.6794,1788883145.7342,6,3652.50,28377.55,32030.06,437.3,33414.3,29839.2,0.0,6156.219,130.170,306.733,1838:12;1861:6962;1862:7332;1863:6949;1864:7123
280.7846,1788883145.8394,6,3652.50,28392.39,32044.89,105.6,33415.0,29838.5,0.0,6156.536,130.240,306.733,1838:12;1861:6965;1862:7334;1863:6955;1864:7126
280.8888,1788883145.9436,6,3652.50,28396.14,32048.64,249.6,33423.0,29830.5,0.0,6156.632,130.258,306.733,1838:12;1861:6966;1862:7334;1863:6955;1864:7129
280.9929,1788883146.0477,6,3652.50,28412.14,32064.64,268.8,33437.3,29816.2,0.0,6157.201,130.344,306.733,1838:12;1861:6968;1862:7338;1863:6961;1864:7133
281.0971,1788883146.1519,6,3652.50,28435.89,32088.40,169.7,33433.4,29820.1,0.0,6157.926,130.415,306.733,1838:12;1861:6973;1862:7345;1863:6970;1864:7135
281.2033,1788883146.2582,6,3652.51,28444.39,32096.90,258.5,33437.4,29816.1,0.0,6158.253,130.496,306.733,1838:12;1861:6975;1862:7346;1863:6973;1864:7138
281.3075,1788883146.3623,6,3652.51,28447.14,32099.65,268.8,33453.4,29800.1,0.0,6158.438,130.530,306.733,1838:12;1861:6977;1862:7346;1863:6971;1864:7140
281.4117,1788883146.4665,6,3652.51,28462.14,32114.65,278.4,33461.4,29792.1,0.0,6159.136,130.602,306.733,1838:12;1861:6980;1862:7350;1863:6977;1864:7143
281.5158,1788883146.5707,6,3652.51,28479.59,32132.10,268.0,33477.4,29776.1,0.0,6160.394,130.689,306.733,1838:12;1861:6983;1862:7354;1863:6983;1864:7147
281.6203,1788883146.6751,6,3652.51,28495.61,32148.12,84.9,33481.6,29771.9,0.0,6160.744,130.759,306.733,1838:12;1861:6986;1862:7358;1863:6990;1864:7150
281.7264,1788883146.7813,6,3652.56,28494.84,32147.41,258.8,33485.6,29767.9,0.0,6160.863,130.785,306.733,1838:12;1861:6986;1862:7358;1863:6990;1864:7149
281.8305,1788883146.8854,6,3652.56,28503.52,32156.08,316.8,33485.6,29767.9,0.0,6161.269,130.862,306.733,1838:12;1861:6987;1862:7362;1863:6990;1864:7153
281.9347,1788883146.9895,6,3652.57,28510.06,32162.62,277.4,33487.2,29766.3,0.0,6162.130,130.932,306.733,1838:12;1861:6987;1862:7365;1863:6993;1864:7153
282.0393,1788883147.0941,6,3652.57,28529.78,32182.35,124.8,33492.5,29760.9,0.0,6162.419,130.976,306.733,1838:12;1861:6994;1862:7368;1863:6996;1864:7159
282.1434,1788883147.1982,6,3652.57,28557.59,32210.16,259.1,33493.7,29759.7,0.0,6175.152,131.094,306.733,1838:12;1861:7005;1862:7373;1863:7002;1864:7165
282.2476,1788883147.3024,6,3652.57,28543.79,32196.36,172.8,33493.7,29759.7,0.0,6175.152,131.109,306.733,1838:12;1861:7000;1862:7370;1863:7000;1864:7161
282.3517,1788883147.4065,6,3652.57,28558.80,32211.38,144.0,33502.0,29751.5,0.0,6182.067,131.201,306.733,1838:12;1861:7004;1862:7374;1863:7004;1864:7165
282.4559,1788883147.5107,6,3652.57,28566.74,32219.31,144.0,33506.0,29747.5,0.0,6187.083,131.263,306.733,1838:12;1861:7006;1862:7374;1863:7006;1864:7169
282.5601,1788883147.6149,6,3652.57,28577.59,32230.16,249.6,33515.8,29737.7,0.0,6199.275,131.344,306.733,1838:12;1861:7008;1862:7380;1863:7008;1864:7169
282.6643,1788883147.7191,6,3652.57,28588.56,32241.13,96.0,33515.7,29737.8,0.0,6199.538,131.405,306.733,1838:12;1861:7010;1862:7382;1863:7012;1864:7173
282.7684,1788883147.8232,6,3652.57,28552.62,32205.19,296.7,33501.1,29752.4,0.0,6211.242,131.444,306.733,1838:12;1861:7010;1862:7343;1863:7014;1864:7174
282.8728,1788883147.9276,6,3652.57,28543.43,32196.00,249.7,33506.1,29747.4,0.0,6211.443,131.490,306.733,1838:12;1861:7012;1862:7331;1863:7012;1864:7177
282.9769,1788883148.0318,6,3652.57,28538.47,32191.04,403.2,33519.1,29734.4,0.0,6223.589,131.567,306.733,1838:12;1861:7014;1862:7321;1863:7014;1864:7177
283.0811,1788883148.1360,6,3652.57,28546.83,32199.40,259.2,33468.5,29784.9,0.0,6227.890,131.655,306.733,1838:12;1861:7023;1862:7313;1863:7018;1864:7181
283.1853,1788883148.2401,6,3652.57,28536.16,32188.73,385.7,33463.1,29790.4,0.0,6241.268,131.714,306.733,1838:12;1861:7024;1862:7305;1863:7016;1864:7179
283.2919,1788883148.3467,6,3652.57,28540.29,32192.87,258.3,33460.5,29793.0,0.0,6247.012,131.800,306.733,1838:12;1861:7026;1862:7300;1863:7018;1864:7184
283.3960,1788883148.4508,6,3652.57,28532.67,32185.25,326.5,33480.8,29772.7,0.0,6254.790,131.835,306.733,1838:12;1861:7028;1862:7289;1863:7020;1864:7183
283.5002,1788883148.5550,6,3652.57,28538.26,32190.84,259.2,33481.9,29771.6,0.0,6260.068,131.920,306.733,1838:12;1861:7032;1862:7283;1863:7024;1864:7187
283.6044,1788883148.6592,6,3652.57,28539.73,32192.31,326.4,33480.2,29773.2,0.0,6266.685,131.980,306.733,1838:12;1861:7036;1862:7276;1863:7026;1864:7189
283.7085,1788883148.7633,6,3652.57,28539.88,32192.45,288.0,33472.0,29781.5,0.0,6277.628,132.058,306.733,1838:12;1861:7038;1862:7271;1863:7029;1864:7191
283.8127,1788883148.8675,6,3652.57,28546.39,32198.96,105.6,33472.0,29781.5,0.0,6278.183,132.118,306.733,1838:12;1861:7039;1862:7273;1863:7030;1864:7192
283.9169,1788883148.9717,6,3652.59,28602.90,32255.49,610.1,33548.0,29705.5,0.0,6291.112,132.167,306.733,1838:12;1861:7054;1862:7316;1863:7031;1864:7190
284.0236,1788883149.0784,6,3653.21,28711.39,32364.61,1209.4,33544.6,29708.9,0.0,6291.112,132.167,306.733,1838:12;1861:7041;1862:7330;1863:7013;1864:7315
284.1303,1788883149.1851,6,3654.34,28624.55,32278.89,915.1,33308.9,29944.5,0.0,6291.112,132.167,306.733,1838:12;1861:7009;1862:7315;1863:7049;1864:7240
284.2362,1788883149.2910,6,3655.16,28596.13,32251.29,946.6,33278.0,29975.5,0.0,6291.112,132.167,306.733,1838:12;1861:7010;1862:7316;1863:6999;1864:7260
284.3419,1788883149.3967,6,3656.15,28498.24,32154.39,811.3,33190.0,30063.5,0.0,6291.112,132.167,306.733,1838:12;1861:7010;1862:7276;1863:7001;1864:7198
284.4478,1788883149.5026,6,3657.77,28505.32,32163.09,871.2,33193.9,30059.5,0.0,6291.112,132.167,306.733,1838:12;1861:7011;1862:7278;1863:7004;1864:7200
284.5536,1788883149.6084,6,3659.12,28506.41,32165.54,971.2,33203.9,30049.6,0.0,6291.112,132.167,306.733,1838:12;1861:7012;1862:7278;1863:7003;1864:7201
284.6596,1788883149.7144,6,3659.68,28508.15,32167.83,773.3,33206.1,30047.4,0.0,6291.112,132.167,306.733,1838:12;1861:7013;1862:7279;1863:7003;1864:7201
284.7656,1788883149.8205,6,3660.24,28516.30,32176.54,895.5,33213.9,30039.6,0.0,6291.112,132.167,306.733,1838:12;1861:7013;1862:7284;1863:7004;1864:7203
284.8718,1788883149.9266,6,3660.65,28526.94,32187.59,772.2,33219.2,30034.3,0.0,6291.112,132.167,306.733,1838:12;1861:7015;1862:7291;1863:7004;1864:7204
284.9779,1788883150.0327,6,3661.05,28533.89,32194.95,732.1,33222.8,30030.7,0.0,6291.112,132.167,306.733,1838:12;1861:7015;1862:7297;1863:7005;1864:7205
285.0829,1788883150.1377,6,3661.47,28544.05,32205.52,766.9,33225.7,30027.8,0.0,6291.112,132.167,306.733,1838:12;1861:7017;1862:7305;1863:7005;1864:7205
285.1886,1788883150.2434,6,3661.84,28552.23,32214.08,570.8,33231.5,30022.0,0.0,6291.112,132.167,306.733,1838:12;1861:7017;1862:7312;1863:7005;1864:7206
285.2937,1788883150.3485,6,3662.18,28555.19,32217.37,511.4,33232.6,30020.8,0.0,6291.114,132.168,306.733,1838:12;1861:7017;1862:7314;1863:7006;1864:7207
285.3994,1788883150.4542,6,3662.59,28570.22,32232.82,596.3,33244.0,30009.4,0.0,6291.114,132.168,306.733,1838:12;1861:7017;1862:7327;1863:7006;1864:7207
285.5050,1788883150.5599,6,3662.94,28569.41,32232.35,507.6,33246.1,30007.4,0.0,6291.115,132.170,306.733,1838:12;1861:7017;1862:7327;1863:7006;1864:7207
285.6094,1788883150.6642,6,3663.08,28570.44,32233.52,220.4,33251.5,30002.0,0.0,6291.129,132.187,306.733,1838:12;1861:7020;1862:7313;1863:7014;1864:7211
285.7136,1788883150.7684,6,3663.04,28584.91,32247.96,211.2,33262.4,29991.0,0.0,6291.425,132.258,306.733,1838:12;1861:7022;1862:7316;1863:7020;1864:7215
285.8178,1788883150.8726,6,3663.04,28594.34,32257.38,163.2,33267.3,29986.2,0.0,6291.740,132.319,306.733,1838:12;1861:7022;1862:7317;1863:7024;1864:7219
285.9218,1788883150.9767,6,3663.04,28605.02,32268.07,96.0,33267.3,29986.2,0.0,6291.982,132.371,306.733,1838:12;1861:7024;1862:7320;1863:7026;1864:7223
286.0259,1788883151.0807,6,3663.04,28610.46,32273.51,67.2,33268.4,29985.1,0.0,6292.181,132.423,306.733,1838:12;1861:7024;1862:7321;1863:7028;1864:7225
286.1300,1788883151.1848,6,3663.04,28616.88,32279.93,115.2,33274.6,29978.9,0.0,6292.281,132.438,306.733,1838:12;1861:7026;1862:7321;1863:7030;1864:7227
286.2341,1788883151.2889,6,3663.05,28626.88,32289.93,115.2,33274.8,29978.7,0.0,6292.480,132.495,306.733,1838:12;1861:7028;1862:7321;1863:7034;1864:7231
286.3381,1788883151.3929,6,3663.05,28636.88,32299.93,172.8,33289.3,29964.2,0.0,6292.882,132.554,306.733,1838:12;1861:7028;1862:7323;1863:7038;1864:7235
286.4423,1788883151.4971,6,3663.05,28647.48,32310.53,86.4,33289.3,29964.2,0.0,6293.122,132.602,306.733,1838:12;1861:7028;1862:7326;1863:7042;1864:7239
286.5465,1788883151.6013,6,3663.05,28655.21,32318.25,105.6,33297.3,29956.2,0.0,6293.325,132.656,306.733,1838:12;1861:7030;1862:7327;1863:7045;1864:7241
286.6506,1788883151.7054,6,3663.05,28662.80,32325.85,115.2,33305.3,29948.2,0.0,6293.567,132.684,306.733,1838:12;1861:7032;1862:7327;1863:7046;1864:7245
286.7547,1788883151.8095,6,3663.02,28665.29,32328.31,163.7,33305.9,29947.6,0.0,6293.658,132.726,306.909,1838:12;1861:7033;1862:7327;1863:7046;1864:7247
286.8586,1788883151.9134,6,3663.03,28684.68,32347.71,182.4,33311.2,29942.2,0.0,6293.963,132.789,306.909,1838:12;1861:7035;1862:7330;1863:7056;1864:7251
286.9628,1788883152.0176,6,3663.03,28681.22,32344.25,57.6,33310.1,29943.4,0.0,6294.127,132.792,306.909,1838:12;1861:7035;1862:7330;1863:7052;1864:7251
287.0671,1788883152.1219,6,3663.03,28690.81,32353.84,134.4,33310.3,29943.2,0.0,6296.491,132.864,306.909,1838:12;1861:7035;1862:7332;1863:7056;1864:7255
287.1713,1788883152.2261,6,3663.03,28697.52,32360.55,105.6,33314.8,29938.7,0.0,6297.112,132.915,306.909,1838:12;1861:7037;1862:7332;1863:7059;1864:7257
287.2755,1788883152.3303,6,3663.03,28703.23,32366.26,96.0,33323.8,29929.7,0.0,6299.782,132.938,306.909,1838:12;1861:7039;1862:7332;1863:7060;1864:7259
287.3797,1788883152.4345,6,3663.03,28708.82,32371.86,48.0,33323.8,29929.7,0.0,6299.978,132.982,306.909,1838:12;1861:7039;1862:7334;1863:7062;1864:7261
287.4839,1788883152.5387,6,3663.03,28713.23,32376.26,115.2,33327.8,29925.7,0.0,6302.542,133.004,306.909,1838:12;1861:7039;1862:7334;1863:7064;1864:7263
287.5880,1788883152.6428,6,3663.03,28718.82,32381.86,38.4,33327.8,29925.7,0.0,6302.741,133.048,306.909,1838:12;1861:7039;1862:7336;1863:7066;1864:7265
287.6921,1788883152.7469,6,3663.03,28725.23,32388.26,124.8,33340.0,29913.4,0.0,6305.236,133.068,306.909,1838:12;1861:7041;1862:7336;1863:7068;1864:7267
287.7963,1788883152.8511,6,3663.03,28730.82,32393.86,57.6,33338.2,29915.2,0.0,6305.433,133.113,306.909,1838:12;1861:7041;1862:7338;1863:7070;1864:7269
287.9003,1788883152.9551,6,3663.03,28732.81,32395.84,38.4,33338.2,29915.2,0.0,6306.949,133.123,306.909,1838:12;1861:7041;1862:7338;1863:7070;1864:7271
288.0044,1788883153.0592,6,3663.03,28743.71,32406.74,124.8,33318.1,29935.4,0.0,6308.168,133.181,306.909,1838:12;1861:7043;1862:7340;1863:7075;1864:7273
288.1085,1788883153.1633,6,3663.03,28748.84,32411.87,105.6,33323.2,29930.3,0.0,6311.540,133.201,306.909,1838:12;1861:7043;1862:7342;1863:7076;1864:7275
288.2127,1788883153.2675,6,3663.04,28753.48,32416.51,67.2,33326.2,29927.3,0.0,6311.736,133.249,306.909,1838:12;1861:7045;1862:7340;1863:7079;1864:7277
288.3167,1788883153.3715,6,3663.04,28757.91,32420.95,105.6,33330.2,29923.3,0.0,6314.096,133.268,306.909,1838:12;1861:7045;1862:7341;1863:7080;1864:7279
288.4207,1788883153.4755,6,3663.04,28763.57,32426.61,57.6,33334.4,29919.1,0.0,6314.292,133.314,306.909,1838:12;1861:7045;1862:7342;1863:7083;1864:7281
288.5247,1788883153.5796,6,3663.04,28766.67,32429.70,57.6,33334.4,29919.1,0.0,6316.701,133.326,306.909,1838:12;1861:7045;1862:7343;1863:7083;1864:7283
288.6288,1788883153.6836,6,3663.04,28775.45,32438.48,105.7,33338.4,29915.1,0.0,6317.318,133.378,306.909,1838:12;1861:7047;1862:7344;1863:7087;1864:7285
288.7328,1788883153.7877,6,3663.04,28776.47,32439.50,134.4,33339.3,29914.2,0.0,6320.283,133.397,306.909,1838:12;1861:7048;1862:7343;1863:7086;1864:7287
288.8369,1788883153.8918,6,3663.04,28776.47,32439.50,9.6,33339.3,29914.2,0.0,6320.283,133.397,306.909,1838:12;1861:7048;1862:7343;1863:7086;1864:7287
288.9409,1788883153.9957,6,3663.04,28850.07,32513.11,86.4,33405.6,29847.9,0.0,6320.490,133.441,306.909,1838:12;1861:7048;1862:7344;1863:7088;1864:7357
289.0452,1788883154.1000,6,3663.23,28902.44,32565.67,520.0,33458.9,29794.6,0.0,6323.056,133.451,306.909,1838:12;1861:7092;1862:7348;1863:7189;1864:7260
289.1512,1788883154.2060,6,3663.61,28753.14,32416.76,798.4,33213.2,30040.2,0.0,6323.056,133.451,306.909,1838:12;1861:7023;1862:7378;1863:7067;1864:7274
289.2563,1788883154.3111,6,3664.17,28652.82,32316.98,801.7,33125.4,30128.1,0.0,6323.056,133.451,306.909,1838:12;1861:7024;1862:7315;1863:7067;1864:7234
289.3624,1788883154.4172,6,3664.57,28654.29,32318.86,719.6,33131.8,30121.7,0.0,6323.056,133.451,306.909,1838:12;1861:7024;1862:7316;1863:7068;1864:7234
289.4678,1788883154.5226,6,3664.73,28670.96,32335.69,211.0,33145.5,30108.0,0.0,6323.082,133.472,306.909,1838:12;1861:7027;1862:7320;1863:7075;1864:7236
289.5720,1788883154.6268,6,3664.73,28682.45,32347.17,172.8,33160.8,30092.7,0.0,6323.396,133.553,306.909,1838:12;1861:7029;1862:7326;1863:7077;1864:7238
289.6762,1788883154.7310,6,3664.71,28690.99,32355.70,153.6,33169.3,30084.2,0.0,6323.649,133.611,306.909,1838:12;1861:7029;1862:7328;1863:7081;1864:7240
289.7803,1788883154.8351,6,3664.71,28706.57,32371.29,105.6,33178.8,30074.7,0.0,6324.018,133.663,306.909,1838:12;1861:7031;1862:7335;1863:7086;1864:7242
289.8845,1788883154.9393,6,3664.71,28712.02,32376.73,86.4,33186.8,30066.7,0.0,6324.289,133.716,306.909,1838:12;1861:7033;1862:7338;1863:7086;1864:7242
289.9888,1788883155.0436,6,3664.71,28720.58,32385.29,124.8,33194.8,30058.7,0.0,6324.528,133.771,306.909,1838:12;1861:7033;1862:7340;1863:7090;1864:7244
290.0929,1788883155.1477,6,3664.71,28726.99,32391.70,76.8,33210.6,30042.9,0.0,6324.652,133.783,306.909,1838:12;1861:7035;1862:7340;1863:7093;1864:7246
290.1971,1788883155.2519,6,3664.71,28734.99,32399.71,153.6,33218.6,30034.9,0.0,6325.012,133.840,306.909,1838:12;1861:7035;1862:7344;1863:7095;1864:7248
290.3012,1788883155.3560,6,3664.71,28747.13,32411.84,94.3,33226.6,30026.9,0.0,6325.338,133.891,306.909,1838:12;1861:7037;1862:7350;1863:7100;1864:7248
290.4076,1788883155.4624,6,3664.71,28752.58,32417.30,86.1,33226.6,30026.9,0.0,6325.538,133.941,306.909,1838:12;1861:7037;1862:7352;1863:7100;1864:7250
290.5118,1788883155.5666,6,3664.71,28764.58,32429.30,105.6,33242.6,30010.9,0.0,6325.775,133.997,306.909,1838:12;1861:7039;1862:7356;1863:7104;1864:7252
290.6159,1788883155.6707,6,3664.71,28767.96,32432.67,115.2,33246.6,30006.9,0.0,6326.156,134.040,306.909,1838:12;1861:7040;1862:7358;1863:7103;1864:7254
290.7201,1788883155.7749,6,3664.71,28782.82,32447.53,172.8,33245.9,30007.6,0.0,6326.337,134.072,306.909,1838:12;1861:7043;1862:7358;1863:7110;1864:7260
290.8242,1788883155.8790,6,3664.71,28787.06,32451.78,105.6,33247.9,30005.6,0.0,6326.551,134.116,306.909,1838:12;1861:7045;1862:7358;1863:7112;1864:7260
290.9283,1788883155.9832,6,3664.71,28791.07,32455.78,38.4,33251.6,30001.9,0.0,6326.706,134.134,306.909,1838:12;1861:7045;1862:7360;1863:7114;1864:7260
291.0324,1788883156.0872,6,3664.71,28801.10,32465.82,124.8,33276.2,29977.2,0.0,6331.216,134.206,306.909,1838:12;1861:7045;1862:7362;1863:7118;1864:7264
291.1367,1788883156.1915,6,3664.71,28809.18,32473.89,105.6,33272.4,29981.1,0.0,6332.420,134.257,306.909,1838:12;1861:7049;1862:7362;1863:7118;1864:7268
291.2408,1788883156.2956,6,3664.71,28817.54,32482.26,96.0,33278.9,29974.6,0.0,6335.845,134.285,306.909,1838:12;1861:7049;1862:7364;1863:7121;1864:7272
291.3449,1788883156.3997,6,3664.71,28823.12,32487.83,67.2,33277.7,29975.8,0.0,6336.043,134.333,306.909,1838:12;1861:7051;1862:7366;1863:7122;1864:7272
291.4490,1788883156.5038,6,3664.71,28828.86,32493.57,105.6,33289.7,29963.8,0.0,6338.735,134.355,306.909,1838:12;1861:7051;1862:7366;1863:7124;1864:7276
291.5531,1788883156.6080,6,3664.71,28834.16,32498.88,76.8,33289.7,29963.8,0.0,6338.942,134.400,306.909,1838:12;1861:7052;1862:7368;1863:7126;1864:7276
291.6573,1788883156.7121,6,3664.71,28838.42,32503.13,105.6,33293.7,29959.8,0.0,6341.868,134.421,306.909,1838:12;1861:7053;1862:7368;1863:7128;1864:7278
291.7618,1788883156.8166,6,3664.72,28847.18,32511.90,86.1,33294.9,29958.6,0.0,6341.983,134.469,306.909,1838:12;1861:7055;1862:7370;1863:7132;1864:7278
291.8660,1788883156.9208,6,3664.72,28854.45,32519.17,115.2,33298.9,29954.6,0.0,6345.145,134.531,306.909,1838:12;1861:7057;1862:7372;1863:7132;1864:7282
291.9702,1788883157.0250,6,3664.72,28856.44,32521.16,48.0,33303.2,29950.3,0.0,6345.404,134.536,306.909,1838:12;1861:7057;1862:7372;1863:7134;1864:7282
292.0743,1788883157.1291,6,3664.72,28869.89,32534.61,96.0,33303.6,29949.9,0.0,6347.918,134.596,306.909,1838:12;1861:7060;1862:7374;1863:7138;1864:7286
292.1785,1788883157.2333,6,3664.72,28871.98,32536.70,86.4,33306.8,29946.7,0.0,6350.381,134.611,306.909,1838:12;1861:7059;1862:7374;1863:7139;1864:7288
292.2826,1788883157.3374,6,3664.72,28876.27,32540.99,105.6,33305.2,29948.3,0.0,6350.556,134.659,306.909,1838:12;1861:7060;1862:7376;1863:7140;1864:7288
292.3866,1788883157.4414,6,3664.72,28881.15,32545.88,86.4,33305.7,29947.8,0.0,6353.315,134.711,306.909,1838:12;1861:7062;1862:7378;1863:7139;1864:7290
292.4907,1788883157.5455,6,3664.73,29017.69,32682.42,210.6,33457.2,29796.3,0.0,6355.789,134.737,306.909,1838:12;1861:7095;1862:7416;1863:7153;1864:7342
292.5953,1788883157.6501,6,3664.82,29176.37,32841.19,1236.8,33633.1,29620.4,0.0,6356.010,134.749,306.909,1838:12;1861:7106;1862:7545;1863:7222;1864:7291
292.7012,1788883157.7560,6,3664.90,29343.55,33008.45,1313.6,33848.3,29405.1,0.0,6356.068,134.788,306.909,1838:12;1861:7153;1862:7624;1863:7263;1864:7291
292.8081,1788883157.8629,6,3664.94,29485.75,33150.70,1328.6,34141.9,29111.6,0.0,6356.256,134.835,306.909,1838:12;1861:7192;1862:7610;1863:7331;1864:7340
292.9147,1788883157.9695,6,3665.01,29537.36,33202.36,1133.7,34292.4,28961.1,0.0,6356.334,134.863,306.909,1838:12;1861:7234;1862:7588;1863:7384;1864:7319
293.0216,1788883158.0764,6,3665.15,29667.57,33332.72,1134.5,34478.2,28775.2,0.0,6356.349,134.878,306.909,1838:12;1861:7200;1862:7646;1863:7407;1864:7402
293.1272,1788883158.1820,6,3665.26,29749.99,33415.25,982.3,34795.9,28457.6,0.0,6356.349,134.878,306.909,1838:12;1861:7199;1862:7674;1863:7485;1864:7380
293.2319,1788883158.2867,6,3665.34,29854.80,33520.14,955.9,34932.1,28321.4,0.0,6356.349,134.879,306.909,1838:12;1861:7201;1862:7695;1863:7551;1864:7396
293.3365,1788883158.3913,6,3665.41,29962.54,33627.96,902.5,35021.8,28231.7,0.0,6356.349,134.879,306.909,1838:12;1861:7216;1862:7703;1863:7597;1864:7434
293.4418,1788883158.4966,6,3665.45,30091.26,33756.70,1022.5,35143.3,28110.2,0.0,6356.349,134.879,306.909,1838:12;1861:7247;1862:7806;1863:7596;1864:7430
293.5487,1788883158.6035,6,3665.48,30129.61,33795.09,1018.0,35314.6,27938.9,0.0,6356.349,134.879,306.909,1838:12;1861:7198;1862:7851;1863:7666;1864:7402
293.6537,1788883158.7085,6,3665.52,30249.16,33914.68,678.2,35442.3,27811.2,0.0,6356.349,134.879,306.909,1838:12;1861:7232;1862:7869;1863:7722;1864:7414
293.7598,1788883158.8146,6,3665.64,30480.30,34145.94,1013.9,35707.4,27546.1,0.0,6356.349,134.879,306.909,1838:12;1861:7304;1862:7858;1863:7838;1864:7468
293.8653,1788883158.9201,6,3665.68,30363.69,34029.37,949.1,35836.0,27417.5,0.0,6356.349,134.879,306.909,1838:12;1861:7264;1862:7860;1863:7750;1864:7477
293.9707,1788883159.0255,6,3665.70,30757.64,34423.34,1203.5,36110.3,27143.2,0.0,6356.349,134.879,306.909,1838:12;1861:7240;1862:8078;1863:7898;1864:7529
294.0771,1788883159.1319,6,3665.73,30661.64,34327.37,947.6,36190.2,27063.2,0.0,6356.349,134.879,306.909,1838:12;1861:7159;1862:8057;1863:7890;1864:7543
294.1814,1788883159.2362,6,3665.77,30540.75,34206.51,1032.9,36076.2,27177.3,0.0,6356.349,134.879,306.909,1838:12;1861:7151;1862:8091;1863:7826;1864:7461
294.2871,1788883159.3420,6,3665.81,30549.87,34215.68,696.7,36105.5,27147.9,0.0,6356.349,134.879,306.909,1838:12;1861:7164;1862:8014;1863:7849;1864:7512
294.3917,1788883159.4465,6,3665.86,30589.21,34255.07,758.9,36250.5,27003.0,0.0,6356.349,134.879,306.909,1838:12;1861:7151;1862:7990;1863:7878;1864:7558
294.4975,1788883159.5523,6,3665.89,30530.73,34196.62,895.6,36190.1,27063.4,0.0,6356.349,134.879,306.909,1838:12;1861:7182;1862:7957;1863:7845;1864:7535
294.6020,1788883159.6569,6,3665.93,30376.47,34042.40,866.3,36238.2,27015.3,0.0,6356.349,134.879,306.909,1838:12;1861:7225;1862:7753;1863:7857;1864:7529
294.7072,1788883159.7620,6,3666.05,30402.61,34068.66,610.6,36379.6,26873.9,0.0,6356.349,134.879,306.909,1838:12;1861:7248;1862:7698;1863:7965;1864:7480
294.8119,1788883159.8667,6,3666.15,30440.86,34107.02,616.6,36384.0,26869.4,0.0,6356.349,134.879,306.909,1838:12;1861:7247;1862:7688;1863:8027;1864:7467
294.9174,1788883159.9722,6,3666.18,30509.30,34175.48,1014.7,36363.9,26889.5,0.0,6356.349,134.879,306.909,1838:12;1861:7248;1862:7684;1863:7999;1864:7565
295.0240,1788883160.0788,6,3666.20,30636.56,34302.76,983.8,36468.1,26785.3,0.0,6356.350,134.879,306.909,1838:12;1861:7291;1862:7701;1863:8135;1864:7496
295.1287,1788883160.1835,6,3666.23,30679.95,34346.18,713.1,36477.4,26776.0,0.0,6356.350,134.879,306.909,1838:12;1861:7232;1862:7683;1863:8174;1864:7579
295.2336,1788883160.2885,6,3666.27,30505.09,34171.35,832.3,36407.7,26845.7,0.0,6356.350,134.879,306.909,1838:12;1861:7225;1862:7687;1863:8078;1864:7503
295.3394,1788883160.3942,6,3666.29,30672.42,34338.71,759.6,36427.7,26825.8,0.0,6356.350,134.879,306.909,1838:12;1861:7211;1862:7790;1863:8153;1864:7506
295.4448,1788883160.4996,6,3666.35,30426.20,34092.54,711.0,36053.2,27200.3,0.0,6356.350,134.879,306.909,1838:12;1861:7198;1862:7574;1863:8138;1864:7505
295.5505,1788883160.6053,6,3666.38,30405.02,34071.39,892.3,35968.9,27284.6,0.0,6356.350,134.879,306.909,1838:12;1861:7226;1862:7490;1863:8145;1864:7532
295.6556,1788883160.7104,6,3666.40,30589.81,34256.21,772.8,36200.6,27052.9,0.0,6356.350,134.879,306.909,1838:12;1861:7219;1862:7634;1863:8199;1864:7526
295.7619,1788883160.8167,6,3666.54,30186.70,33853.24,787.9,36347.6,26905.9,0.0,6356.350,134.879,306.909,1838:12;1861:7219;1862:7215;1863:8172;1864:7569
295.8685,1788883160.9233,6,3666.57,30411.81,34078.38,951.5,36485.4,26768.1,0.0,6356.350,134.879,306.909,1838:12;1861:7234;1862:7506;1863:8251;1864:7408
295.9744,1788883161.0293,6,3667.09,30615.19,34282.29,934.3,36569.2,26684.2,0.0,6356.350,134.879,306.909,1838:12;1861:7225;1862:7743;1863:8223;1864:7412
296.0806,1788883161.1354,6,3667.11,30606.55,34273.67,1210.3,36623.1,26630.3,0.0,6356.350,134.879,306.909,1838:12;1861:7237;1862:7584;1863:8265;1864:7508
296.1872,1788883161.2420,6,3667.14,30424.49,34091.64,1089.7,36712.4,26541.1,0.0,6356.350,134.879,306.909,1838:12;1861:7268;1862:7409;1863:8305;1864:7430
296.2935,1788883161.3483,6,3667.18,30507.13,34174.31,1064.3,36911.3,26342.2,0.0,6356.350,134.879,306.909,1838:12;1861:7286;1862:7383;1863:8353;1864:7472
296.3989,1788883161.4537,6,3667.23,30677.88,34345.12,1061.5,36988.0,26265.5,0.0,6356.350,134.879,306.909,1838:12;1861:7297;1862:7458;1863:8384;1864:7527
296.5063,1788883161.5611,6,3667.29,30773.58,34440.86,1081.1,36980.8,26272.7,0.0,6356.350,134.879,306.909,1838:12;1861:7354;1862:7416;1863:8440;1864:7552
296.6127,1788883161.6675,6,3667.31,30895.64,34562.96,965.2,37177.7,26075.8,0.0,6356.350,134.879,306.909,1838:12;1861:7311;1862:7530;1863:8453;1864:7589
296.7172,1788883161.7720,6,3667.39,30851.58,34518.97,769.2,37298.8,25954.6,0.0,6356.353,134.881,306.909,1838:12;1861:7310;1862:7463;1863:8448;1864:7618
296.8224,1788883161.8772,6,3667.50,30764.07,34431.57,1151.5,37325.4,25928.1,0.0,6356.353,134.881,306.909,1838:12;1861:7376;1862:7325;1863:8559;1864:7492
296.9285,1788883161.9833,6,3669.26,30690.09,34359.35,1083.6,37261.1,25992.4,0.0,6356.353,134.881,306.909,1838:12;1861:7409;1862:7197;1863:8569;1864:7502
297.0347,1788883162.0895,6,3669.32,31032.11,34701.43,1208.6,37446.7,25806.7,0.0,6356.353,134.881,306.909,1838:12;1861:7369;1862:7419;1863:8692;1864:7541
297.1406,1788883162.1954,6,3669.34,31051.65,34720.99,1157.0,37456.5,25797.0,0.0,6356.353,134.881,306.909,1838:12;1861:7351;1862:7272;1863:8806;1864:7611
297.2469,1788883162.3017,6,3669.37,31140.12,34809.49,953.1,37453.5,25800.0,0.0,6356.353,134.881,306.909,1838:12;1861:7361;1862:7305;1863:8796;1864:7666
297.3528,1788883162.4076,6,3669.45,31284.30,34953.75,1064.8,37571.5,25682.0,0.0,6356.353,134.881,306.909,1838:12;1861:7371;1862:7290;1863:8862;1864:7749
297.4589,1788883162.5137,6,3669.47,31292.15,34961.62,1097.0,37434.2,25819.3,0.0,6356.353,134.881,306.909,1838:12;1861:7328;1862:7312;1863:8932;1864:7708
297.5647,1788883162.6196,6,3669.52,31307.30,34976.81,904.4,37499.5,25753.9,0.0,6356.353,134.881,306.909,1838:12;1861:7294;1862:7319;1863:8922;1864:7761
297.6696,1788883162.7244,6,3669.64,31422.00,35091.64,813.6,37526.6,25726.8,0.0,6356.353,134.881,306.909,1838:12;1861:7327;1862:7319;1863:8970;1864:7794
297.7754,1788883162.8302,6,3669.93,31446.52,35116.45,724.6,37586.1,25667.4,0.0,6356.353,134.881,306.909,1838:12;1861:7336;1862:7305;1863:8988;1864:7805
297.8817,1788883162.9365,6,3670.03,31402.29,35072.32,578.8,37544.0,25709.5,0.0,6356.353,134.881,306.909,1838:12;1861:7324;1862:7203;1863:9019;1864:7845
297.9871,1788883163.0420,6,3670.11,31331.33,35001.45,574.1,37606.2,25647.3,0.0,6356.353,134.881,306.909,1838:12;1861:7348;1862:7205;1863:9004;1864:7762
298.0914,1788883163.1462,6,3670.13,31435.41,35105.54,451.0,37729.4,25524.0,0.0,6356.353,134.881,306.909,1838:12;1861:7337;1862:7305;1863:9016;1864:7766
298.1957,1788883163.2506,6,3670.16,31477.03,35147.19,637.2,37689.2,25564.2,0.0,6356.353,134.881,306.909,1838:12;1861:7391;1862:7164;1863:9092;1864:7818
298.3008,1788883163.3556,6,3670.26,31359.43,35029.70,927.9,37665.0,25588.5,0.0,6356.353,134.881,306.909,1838:12;1861:7285;1862:7228;1863:9072;1864:7763
298.4067,1788883163.4615,6,3670.36,31568.20,35238.56,1050.9,37980.9,25272.5,0.0,6356.353,134.881,306.909,1838:12;1861:7338;1862:7294;1863:9131;1864:7793
298.5132,1788883163.5680,6,3670.41,31269.51,34939.91,924.5,37851.7,25401.8,0.0,6356.356,134.883,306.909,1838:12;1861:7293;1862:7132;1863:9131;1864:7701
298.6179,1788883163.6727,6,3670.44,31468.52,35138.96,854.3,37782.6,25470.9,0.0,6356.356,134.883,306.909,1838:12;1861:7362;1862:7057;1863:9132;1864:7905
298.7260,1788883163.7809,6,3670.62,31660.12,35330.74,802.0,37913.4,25340.1,0.0,6356.356,134.883,306.909,1838:12;1861:7347;1862:7068;1863:9075;1864:8158
298.8304,1788883163.8852,6,3670.64,31934.79,35605.43,910.9,37974.5,25279.0,0.0,6356.356,134.883,306.909,1838:12;1861:7360;1862:7180;1863:9191;1864:8190
298.9383,1788883163.9931,6,3670.67,31859.76,35530.43,1125.8,38285.1,24968.4,0.0,6356.357,134.883,306.909,1838:12;1861:7384;1862:7104;1863:9094;1864:8265
299.0438,1788883164.0986,6,3670.70,31947.41,35618.11,1054.9,38241.2,25012.3,0.0,6356.358,134.884,306.909,1838:12;1861:7474;1862:7163;1863:9117;1864:8181
299.1500,1788883164.2049,6,3670.73,31698.52,35369.25,830.8,38042.5,25210.9,0.0,6356.358,134.884,306.909,1838:12;1861:7373;1862:7068;1863:9140;1864:8106
299.2557,1788883164.3105,6,3670.75,31802.80,35473.55,848.9,38187.3,25066.1,0.0,6356.358,134.884,306.909,1838:12;1861:7387;1862:7078;1863:9176;1864:8150
299.3606,1788883164.4154,6,3670.77,31713.95,35384.72,859.3,38134.1,25119.4,0.0,6356.358,134.884,306.909,1838:12;1861:7373;1862:7118;1863:9187;1864:8025
299.4672,1788883164.5221,6,3670.78,32324.10,35994.88,1189.3,38831.4,24422.1,0.0,6356.358,134.884,306.909,1838:12;1861:8017;1862:7140;1863:9163;1864:7992
299.5796,1788883164.6344,6,3670.79,32637.50,36308.29,1422.7,39469.4,23784.1,0.0,6356.358,134.884,306.909,1838:12;1861:8285;1862:7141;1863:9287;1864:7912
299.6872,1788883164.7420,6,3670.94,32283.94,35954.88,1209.7,39440.3,23813.1,0.0,6356.358,134.884,306.909,1838:12;1861:7848;1862:7132;1863:9298;1864:7995
299.7987,1788883164.8535,6,3670.96,31955.95,35626.92,1307.4,39361.8,23891.7,0.0,6356.358,134.884,306.909,1838:12;1861:7760;1862:7154;1863:9251;1864:7779
299.9038,1788883164.9586,6,3671.00,31329.85,35000.85,1178.3,39075.9,24177.6,0.0,6356.358,134.884,306.909,1838:12;1861:7129;1862:7140;1863:9254;1864:7793
300.0093,1788883165.0641,6,3671.09,30970.69,34641.77,1087.0,38787.2,24466.3,0.0,6356.358,134.884,306.909,1838:12;1861:6891;1862:7200;1863:9193;1864:7674
300.1139,1788883165.1687,6,3671.13,30484.05,34155.19,1059.0,38317.0,24936.4,0.0,6356.358,134.884,306.909,1838:12;1861:6526;1862:7041;1863:9102;1864:7803
300.2197,1788883165.2745,6,3671.18,30308.06,33979.24,833.4,37986.8,25266.7,0.0,6356.358,134.884,306.909,1838:12;1861:6577;1862:7055;1863:8881;1864:7782
300.3253,1788883165.3801,6,3671.32,30538.56,34209.88,1169.5,38132.7,25120.8,0.0,6356.358,134.884,306.909,1838:12;1861:6713;1862:7116;1863:8912;1864:7786
300.4334,1788883165.4882,6,3671.39,30252.50,33923.90,1042.7,37850.5,25403.0,0.0,6356.358,134.884,306.909,1838:12;1861:6560;1862:7125;1863:8765;1864:7790
300.5387,1788883165.5935,6,3671.47,30284.13,33955.60,1198.7,37503.5,25750.0,0.0,6356.358,134.884,306.909,1838:12;1861:6530;1862:7137;1863:8849;1864:7756
300.6463,1788883165.7011,6,3671.48,30100.07,33771.55,1209.7,37317.2,25936.3,0.0,6356.358,134.884,306.909,1838:12;1861:6297;1862:7110;1863:8894;1864:7786
300.7513,1788883165.8061,6,3671.50,30229.02,33900.53,1009.5,37165.7,26087.8,0.0,6356.358,134.884,306.909,1838:12;1861:6484;1862:6933;1863:8946;1864:7854
300.8584,1788883165.9132,6,3671.45,30384.44,34055.88,1204.1,37600.0,25653.4,0.0,6356.358,134.884,306.909,1838:12;1861:6580;1862:6917;1863:9010;1864:7866
300.9679,1788883166.0228,6,3671.46,30378.07,34049.52,1380.7,37470.9,25782.6,0.0,6356.358,134.884,306.909,1838:12;1861:6418;1862:6955;1863:9071;1864:7923
301.0727,1788883166.1275,6,3671.47,29727.53,33399.00,1107.2,36532.5,26720.9,0.0,6356.358,134.884,306.909,1838:12;1861:6064;1862:6752;1863:8934;1864:7965
301.1784,1788883166.2332,6,3671.49,29294.67,32966.16,1010.0,35918.9,27334.6,0.0,6356.358,134.884,306.909,1838:12;1861:5976;1862:6589;1863:8797;1864:7920
301.2845,1788883166.3393,6,3671.51,29327.24,32998.75,1039.6,36102.7,27150.8,0.0,6356.358,134.884,306.909,1838:12;1861:5943;1862:6683;1863:8753;1864:7936
301.3911,1788883166.4459,6,3671.53,29646.84,33318.38,1298.3,36234.9,27018.6,0.0,6356.358,134.884,306.909,1838:12;1861:6193;1862:6590;1863:8815;1864:8037
301.4998,1788883166.5546,6,3671.54,28746.64,32418.18,1324.3,35638.1,27615.3,0.0,6356.358,134.884,306.909,1838:12;1861:5682;1862:6364;1863:8751;1864:7938
301.6070,1788883166.6618,6,3671.62,28611.01,32282.64,924.4,35187.9,28065.6,0.0,6356.358,134.884,306.909,1838:12;1861:5581;1862:6302;1863:8828;1864:7887
301.7129,1788883166.7677,6,3671.73,28623.93,32295.66,1210.5,35273.5,27979.9,0.0,6356.358,134.884,306.909,1838:12;1861:5554;1862:6383;1863:8850;1864:7825
301.8196,1788883166.8744,6,3671.75,28620.74,32292.50,1126.1,35299.6,27953.9,0.0,6356.358,134.884,306.909,1838:12;1861:5560;1862:6540;1863:8688;1864:7820
301.9253,1788883166.9801,6,3671.84,28589.45,32261.29,1008.5,35198.3,28055.1,0.0,6356.358,134.884,306.909,1838:12;1861:5549;1862:6482;1863:8645;1864:7901
302.0305,1788883167.0853,6,3671.71,28564.45,32236.17,1339.0,35236.3,28017.1,0.0,6356.358,134.884,306.909,1838:12;1861:5480;1862:6545;1863:8584;1864:7942
302.1379,1788883167.1927,6,3671.77,27957.04,31628.80,1124.0,34532.8,28720.7,0.0,6356.358,134.884,306.909,1838:12;1861:5559;1862:6033;1863:8547;1864:7806
302.2435,1788883167.2983,6,3671.79,28088.19,31759.98,1147.7,34732.8,28520.7,0.0,6356.358,134.884,306.909,1838:12;1861:5536;1862:6262;1863:8533;1864:7745
302.3501,1788883167.4049,6,3671.81,27877.28,31549.09,1181.3,34494.7,28758.8,0.0,6356.358,134.884,306.909,1838:12;1861:5510;1862:6023;1863:8487;1864:7845
302.4559,1788883167.5107,6,3671.84,27677.41,31349.25,994.5,34331.2,28922.2,0.0,6356.358,134.884,306.909,1838:12;1861:5323;1862:5914;1863:8442;1864:7987
302.5614,1788883167.6163,6,3671.91,27843.96,31515.86,1204.0,34412.1,28841.4,0.0,6356.358,134.884,306.909,1838:12;1861:5444;1862:6073;1863:8445;1864:7870
302.6696,1788883167.7244,6,3671.94,27386.80,31058.74,1200.3,33720.4,29533.1,0.0,6356.358,134.884,306.909,1838:12;1861:5377;1862:5823;1863:8448;1864:7726
302.7773,1788883167.8321,6,3671.97,27424.32,31096.29,1389.4,33904.7,29348.8,0.0,6356.358,134.884,306.909,1838:12;1861:5290;1862:6022;1863:8378;1864:7723
302.8847,1788883167.9395,6,3672.03,26962.81,30634.84,1242.5,33507.2,29746.3,0.0,6356.358,134.884,306.909,1838:12;1861:5084;1862:5689;1863:8284;1864:7894
302.9902,1788883168.0450,6,3672.15,26956.18,30628.33,1304.9,33401.0,29852.5,0.0,6356.358,134.884,306.909,1838:12;1861:4979;1862:5791;1863:8293;1864:7881
303.0999,1788883168.1547,6,3672.18,26715.20,30387.38,1322.4,33044.1,30209.3,0.0,6356.358,134.884,306.909,1838:12;1861:4834;1862:5525;1863:8404;1864:7940
303.2082,1788883168.2630,6,3672.21,26671.18,30343.38,1275.9,32970.0,30283.5,0.0,6356.358,134.884,306.909,1838:12;1861:4853;1862:5523;1863:8381;1864:7902
303.3159,1788883168.3707,6,3672.24,26669.51,30341.75,1163.9,32828.8,30424.7,0.0,6356.358,134.884,306.909,1838:12;1861:4853;1862:5525;1863:8412;1864:7867
303.4219,1788883168.4767,6,3672.28,26716.05,30388.33,1018.3,33049.1,30204.4,0.0,6356.358,134.884,306.909,1838:12;1861:4825;1862:5514;1863:8416;1864:7949
303.5269,1788883168.5817,6,3672.31,26591.33,30263.64,851.2,33027.7,30225.8,0.0,6356.358,134.884,306.909,1838:12;1861:4825;1862:5533;1863:8419;1864:7801
303.6313,1788883168.6861,6,3672.34,26408.42,30080.76,659.5,32737.0,30516.5,0.0,6356.358,134.884,306.909,1838:12;1861:4814;1862:5524;1863:8476;1864:7581
303.7377,1788883168.7925,6,3672.36,26651.61,30323.97,593.0,32895.4,30358.1,0.0,6356.358,134.884,306.909,1838:12;1861:4779;1862:5492;1863:8785;1864:7583
303.8420,1788883168.8968,6,3672.42,26474.58,30147.00,721.7,32766.9,30486.6,0.0,6356.358,134.884,306.909,1838:12;1861:4725;1862:5444;1863:8694;1864:7600
303.9473,1788883169.0021,6,3672.47,26397.17,30069.64,580.1,32764.2,30489.3,0.0,6356.358,134.884,306.909,1838:12;1861:4716;1862:5498;1863:8583;1864:7587
304.0545,1788883169.1093,6,3672.52,26062.95,29735.47,783.4,32390.5,30863.0,0.0,6356.358,134.884,306.909,1838:12;1861:4693;1862:5579;1863:8120;1864:7660
304.1588,1788883169.2137,6,3672.61,25113.57,28786.18,866.4,31695.1,31558.4,0.0,6356.358,134.884,306.909,1838:12;1861:4683;1862:5357;1863:7574;1864:7487
304.2641,1788883169.3189,6,3672.65,24226.55,27899.20,713.6,30568.2,32685.3,0.0,6356.358,134.884,306.909,1838:12;1861:4683;1862:5357;1863:6927;1864:7247
304.3707,1788883169.4255,6,3672.71,23357.88,27030.59,887.0,29681.0,33572.5,0.0,6356.358,134.884,306.909,1838:12;1861:4690;1862:5366;1863:6376;1864:6913
304.4753,1788883169.5301,6,3672.80,22900.22,26573.02,1037.9,29677.1,33576.4,0.0,6356.358,134.884,306.909,1838:12;1861:4691;1862:5364;1863:6416;1864:6417
304.5813,1788883169.6361,6,3672.90,22847.39,26520.29,1047.2,29501.4,33752.0,0.0,6356.358,134.884,306.909,1838:12;1861:4718;1862:5388;1863:6638;1864:6091
304.6875,1788883169.7423,6,3672.97,22873.02,26545.98,1221.5,29394.0,33859.5,0.0,6356.358,134.884,306.909,1838:12;1861:4775;1862:5453;1863:6595;1864:6038
304.7938,1788883169.8486,6,3672.99,23131.39,26804.38,1262.8,29571.4,33682.1,0.0,6356.358,134.884,306.909,1838:12;1861:4874;1862:5495;1863:6748;1864:6002
304.9017,1788883169.9565,6,3673.01,23484.86,27157.87,1386.8,29590.9,33662.6,0.0,6356.358,134.884,306.909,1838:12;1861:5134;1862:5612;1863:6758;1864:5969
305.0169,1788883170.0717,6,3673.04,22944.05,26617.09,1346.7,29166.7,34086.8,0.0,6356.358,134.884,306.909,1838:12;1861:4741;1862:5488;1863:6813;1864:5890
305.1229,1788883170.1777,6,3673.05,22994.21,26667.26,1357.1,29005.1,34248.4,0.0,6356.358,134.884,306.909,1838:12;1861:4852;1862:5462;1863:6782;1864:5885
305.2337,1788883170.2885,6,3673.07,22679.41,26352.48,1359.7,28310.6,34942.9,0.0,6356.358,134.884,306.909,1838:12;1861:4633;1862:5286;1863:6716;1864:6033
305.3400,1788883170.3948,6,3673.09,22740.34,26413.43,1270.8,28286.6,34966.8,0.0,6356.358,134.884,306.909,1838:12;1861:4509;1862:5187;1863:6933;1864:6099
305.4466,1788883170.5014,6,3673.23,22504.27,26177.50,1166.9,27934.8,35318.7,0.0,6356.358,134.884,306.909,1838:12;1861:4598;1862:5068;1863:6788;1864:6038
305.5547,1788883170.6095,6,3673.30,22201.14,25874.43,1138.7,27862.4,35391.1,0.0,6356.358,134.884,306.909,1838:12;1861:4474;1862:5158;1863:6574;1864:5983
305.6607,1788883170.7156,6,3673.43,22318.11,25991.53,1229.4,28078.4,35175.1,0.0,6356.358,134.884,306.909,1838:12;1861:4556;1862:5312;1863:6516;1864:5921
305.7680,1788883170.8228,6,3673.52,21536.01,25209.53,1303.5,27329.4,35924.1,0.0,6356.358,134.884,306.909,1838:12;1861:4448;1862:5042;1863:6133;1864:5900
305.8754,1788883170.9302,6,3673.68,21429.73,25103.40,1318.6,27343.5,35910.0,0.0,6356.358,134.884,306.909,1838:12;1861:4463;1862:5060;1863:6119;1864:5775
305.9817,1788883171.0365,6,3673.73,21436.44,25110.17,1370.6,27268.2,35985.3,0.0,6356.358,134.884,306.909,1838:12;1861:4493;1862:5109;1863:6170;1864:5652
306.0898,1788883171.1446,6,3673.81,21502.64,25176.46,1329.3,27394.2,35859.3,0.0,6356.358,134.884,306.909,1838:12;1861:4490;1862:5130;1863:6311;1864:5560
306.1960,1788883171.2509,6,3673.92,21678.25,25352.17,1288.2,27518.4,35735.1,0.0,6356.358,134.884,306.909,1838:12;1861:4520;1862:5161;1863:6306;1864:5680
306.3038,1788883171.3586,6,3673.98,21470.81,25144.79,1386.7,27381.8,35871.7,0.0,6356.358,134.884,306.909,1838:12;1861:4546;1862:5181;1863:6097;1864:5635
306.4111,1788883171.4659,6,3674.01,21372.76,25046.77,1357.8,27447.4,35806.1,0.0,6356.358,134.884,306.909,1838:12;1861:4568;1862:5199;1863:6010;1864:5584
306.5168,1788883171.5716,6,3674.11,21203.43,24877.54,1279.2,27202.1,36051.4,0.0,6356.358,134.884,306.909,1838:12;1861:4532;1862:5238;1863:5882;1864:5539
306.6254,1788883171.6802,6,3674.19,21233.21,24907.40,1372.8,27225.9,36027.6,0.0,6356.358,134.884,306.909,1838:12;1861:4577;1862:5328;1863:5737;1864:5579
306.7362,1788883171.7910,6,3674.24,21795.01,25469.25,1379.4,27559.2,35694.3,0.0,6356.358,134.884,306.909,1838:12;1861:4746;1862:5572;1863:5901;1864:5563
306.8459,1788883171.9007,6,3674.28,21986.48,25660.76,1408.1,27874.8,35378.7,0.0,6356.358,134.884,306.909,1838:12;1861:5031;1862:5514;1863:5913;1864:5517
306.9539,1788883172.0087,6,3674.30,21861.25,25535.55,1342.6,27931.8,35321.7,0.0,6356.358,134.884,306.909,1838:12;1861:4874;1862:5524;1863:5835;1864:5616
307.0600,1788883172.1149,6,3674.38,22514.23,26188.61,1435.8,28552.4,34701.1,0.0,6356.358,134.884,306.909,1838:12;1861:4967;1862:5872;1863:5979;1864:5684
307.1725,1788883172.2273,6,3674.46,21813.01,25487.48,1370.3,28083.0,35170.4,0.0,6356.358,134.884,306.909,1838:12;1861:4656;1862:5674;1863:5840;1864:5631
307.2801,1788883172.3350,6,3674.52,22374.64,26049.16,1473.7,28594.5,34659.0,0.0,6356.358,134.884,306.909,1838:12;1861:4571;1862:6011;1863:5984;1864:5797
307.3984,1788883172.4532,6,3674.56,22032.75,25707.31,1399.2,28058.4,35195.1,0.0,6356.358,134.884,306.909,1838:12;1861:4384;1862:5853;1863:6005;1864:5778
307.5103,1788883172.5651,6,3674.59,22667.96,26342.55,1453.7,28650.9,34602.6,0.0,6356.358,134.884,306.909,1838:12;1861:4515;1862:5939;1863:6114;1864:6087
307.6260,1788883172.6809,6,3674.62,22427.16,26101.79,1388.2,28415.0,34838.5,0.0,6356.358,134.884,306.909,1838:12;1861:4402;1862:5670;1863:6024;1864:6319
307.7345,1788883172.7893,6,3674.69,22483.20,26157.89,1419.4,28841.7,34411.8,0.0,6356.358,134.884,306.909,1838:12;1861:4264;1862:5601;1863:6120;1864:6487
307.8405,1788883172.8953,6,3674.82,21866.43,25541.25,1323.0,28293.9,34959.6,0.0,6356.358,134.884,306.909,1838:12;1861:4226;1862:5214;1863:5923;1864:6491
307.9465,1788883173.0013,6,3675.05,20726.68,24401.73,1049.8,27432.8,35820.7,0.0,6356.358,134.884,306.909,1838:12;1861:3874;1862:4505;1863:5951;1864:6385
308.0530,1788883173.1079,6,3675.13,20871.39,24546.52,1271.3,27367.0,35886.4,0.0,6356.358,134.884,306.909,1838:12;1861:3874;1862:4618;1863:5930;1864:6437
308.1599,1788883173.2147,6,3675.17,20692.17,24367.34,1203.1,27165.5,36087.9,0.0,6356.358,134.884,306.909,1838:12;1861:3874;1862:4440;1863:5785;1864:6580
308.2670,1788883173.3219,6,3675.18,20287.91,23963.09,1223.4,26577.1,36676.4,0.0,6356.358,134.884,306.909,1838:12;1861:3874;1862:4440;1863:5824;1864:6138
308.3750,1788883173.4299,6,3675.19,19445.74,23120.93,1146.0,25759.2,37494.2,0.0,6356.358,134.884,306.909,1838:12;1861:3840;1862:4407;1863:5355;1864:5831
308.4843,1788883173.5391,6,3675.29,19565.63,23240.91,1407.0,25989.0,37264.5,0.0,6356.358,134.884,306.909,1838:12;1861:3813;1862:4376;1863:5158;1864:6207
308.5892,1788883173.6440,6,3675.53,18916.64,22592.17,1059.9,25523.9,37729.6,0.0,6356.358,134.884,306.909,1838:12;1861:3813;1862:4377;1863:5135;1864:5579
308.6979,1788883173.7527,6,3675.64,18834.36,22509.99,1395.4,25250.4,38003.1,0.0,6356.358,134.884,306.909,1838:12;1861:3813;1862:4377;1863:4899;1864:5733
308.8052,1788883173.8600,6,3675.77,17931.16,21606.93,836.8,24798.6,38454.9,0.0,6356.358,134.884,306.909,1838:12;1861:3813;1862:4377;1863:4719;1864:5010
308.9102,1788883173.9650,6,3675.96,17806.33,21482.29,1121.5,24409.4,38844.0,0.0,6356.358,134.884,306.909,1838:12;1861:3813;1862:4377;1863:4709;1864:4894
309.0174,1788883174.0722,6,3676.07,17565.65,21241.72,621.9,24316.1,38937.4,0.0,6356.410,134.898,306.909,1838:12;1861:3835;1862:4374;1863:4760;1864:4584
309.1216,1788883174.1764,6,3676.07,17299.34,20975.41,479.5,23970.4,39283.0,0.0,6356.534,134.939,306.909,1838:12;1861:3835;1862:4374;1863:4761;1864:4316
309.2259,1788883174.2807,6,3676.08,17334.18,21010.26,451.0,23999.2,39254.3,0.0,6358.051,134.965,306.909,1838:12;1861:3837;1862:4374;1863:4762;1864:4348
309.3302,1788883174.3850,6,3676.08,17026.38,20702.46,489.0,23794.3,39459.1,0.0,6360.451,134.999,306.909,1838:12;1861:3841;1862:4374;1863:4466;1864:4333
309.4345,1788883174.4893,6,3676.08,17302.97,20979.05,614.0,23807.1,39446.3,0.0,6363.656,135.019,306.909,1838:12;1861:3845;1862:4374;1863:4759;1864:4312
309.5405,1788883174.5953,6,3676.10,17162.10,20838.20,859.9,23812.1,39441.4,0.0,6366.897,135.048,306.921,1838:12;1861:3797;1862:4324;1863:4901;1864:4128
309.6460,1788883174.7008,6,3676.10,16603.54,20279.64,781.2,23328.4,39925.1,0.0,6369.221,135.079,307.272,1838:12;1861:3777;1862:4309;1863:4535;1864:3970
309.7526,1788883174.8074,6,3676.10,16799.72,20475.82,1011.2,23325.6,39927.8,0.0,6370.108,135.088,307.272,1838:12;1861:3851;1862:4269;1863:4769;1864:3899
309.8586,1788883174.9134,6,3676.27,16197.53,19873.80,1258.3,22831.9,40421.6,0.0,6370.938,135.094,307.272,1838:12;1861:3715;1862:4260;1863:4336;1864:3874
309.9659,1788883175.0207,6,3676.34,15925.02,19601.36,1359.5,22551.7,40701.8,0.0,6371.766,135.099,307.272,1838:12;1861:3729;1862:4342;1863:3960;1864:3882
310.0718,1788883175.1266,6,3676.40,16057.62,19734.02,1316.3,22378.3,40875.2,0.0,6371.909,135.107,307.272,1838:12;1861:3857;1862:4453;1863:3832;1864:3902
310.1782,1788883175.2330,6,3676.46,16319.27,19995.73,1329.6,22523.7,40729.8,0.0,6373.884,135.116,307.272,1838:12;1861:4178;1862:4413;1863:3816;1864:3900
310.2850,1788883175.3398,6,3676.56,16488.46,20165.03,1355.0,22611.6,40641.9,0.0,6373.884,135.116,307.272,1838:12;1861:4000;1862:4569;1863:3890;1864:4017
310.3920,1788883175.4469,6,3676.66,16779.86,20456.51,1379.1,22812.5,40441.0,0.0,6373.884,135.116,307.272,1838:12;1861:4031;1862:4592;1863:3885;1864:4260
310.4989,1788883175.5537,6,3676.76,16808.45,20485.21,1302.4,22871.5,40382.0,0.0,6373.884,135.116,307.272,1838:12;1861:4063;1862:4807;1863:3944;1864:3982
310.6093,1788883175.6641,6,3676.80,17288.80,20965.59,1469.7,23303.8,39949.6,0.0,6373.884,135.116,307.272,1838:12;1861:4420;1862:4904;1863:4046;1864:3907
310.7151,1788883175.7699,6,3676.81,17657.02,21333.83,1419.7,23633.4,39620.1,0.0,6373.884,135.116,307.272,1838:12;1861:4751;1862:4795;1863:4266;1864:3833
310.8209,1788883175.8757,6,3676.84,16821.18,20498.02,1358.2,22954.2,40299.3,0.0,6373.884,135.116,307.272,1838:12;1861:4362;1862:4583;1863:4093;1864:3771
310.9271,1788883175.9819,6,3676.90,16645.17,20322.07,1382.9,22859.8,40393.6,0.0,6373.884,135.116,307.272,1838:12;1861:4610;1862:4006;1863:4371;1864:3646
311.0339,1788883176.0887,6,3677.04,16641.66,20318.71,1229.8,22815.3,40438.2,0.0,6373.884,135.116,307.272,1838:12;1861:4754;1862:4118;1863:3901;1864:3857
311.1397,1788883176.1945,6,3677.11,15721.92,19399.03,1299.5,21469.7,41783.8,0.0,6373.884,135.116,307.272,1838:12;1861:4374;1862:4056;1863:3725;1864:3554
311.2492,1788883176.3040,6,3677.24,15320.31,18997.55,1264.1,20946.2,42307.2,0.0,6373.884,135.116,307.272,1838:12;1861:4384;1862:3938;1863:3499;1864:3488
311.3554,1788883176.4102,6,3677.30,15435.11,19112.41,1151.6,20969.4,42284.1,0.0,6373.884,135.116,307.272,1838:12;1861:4410;1862:3983;1863:3537;1864:3493
311.4619,1788883176.5167,6,3677.36,15469.06,19146.43,1176.5,21011.1,42242.4,0.0,6373.884,135.116,307.272,1838:12;1861:4480;1862:3997;1863:3470;1864:3510
311.5679,1788883176.6227,6,3677.40,15666.83,19344.23,1086.0,21110.8,42142.7,0.0,6373.884,135.116,307.272,1838:12;1861:4558;1862:4036;1863:3531;1864:3530
311.6739,1788883176.7287,6,3677.45,15565.38,19242.83,1185.6,21033.9,42219.6,0.0,6373.884,135.116,307.272,1838:12;1861:4181;1862:4073;1863:3652;1864:3647
311.7800,1788883176.8348,6,3677.50,15465.53,19143.03,949.8,20816.2,42437.3,0.0,6373.884,135.116,307.272,1838:12;1861:4090;1862:4202;1863:3622;1864:3539
311.8866,1788883176.9414,6,3677.56,15349.15,19026.71,1052.3,20811.4,42442.0,0.0,6373.884,135.116,307.272,1838:12;1861:3915;1862:4171;1863:3649;1864:3602
311.9920,1788883177.0469,6,3677.64,15622.05,19299.69,1170.1,21017.3,42236.2,0.0,6373.884,135.116,307.272,1838:12;1861:3886;1862:4295;1863:3702;1864:3727
312.0980,1788883177.1529,6,3677.73,15801.72,19479.45,1289.1,21370.0,41883.5,0.0,6373.884,135.116,307.272,1838:12;1861:4004;1862:4466;1863:3705;1864:3615
312.2060,1788883177.2608,6,3677.81,15579.99,19257.80,1280.8,20971.8,42281.7,0.0,6373.884,135.116,307.272,1838:12;1861:4070;1862:4131;1863:3696;1864:3670
312.3152,1788883177.3700,6,3677.88,15683.59,19361.46,1368.3,20987.8,42265.6,0.0,6373.884,135.116,307.272,1838:12;1861:4142;1862:4252;1863:3723;1864:3554
312.4208,1788883177.4756,6,3677.94,15319.19,18997.13,1241.1,20744.1,42509.4,0.0,6373.884,135.116,307.272,1838:12;1861:4192;1862:4193;1863:3430;1864:3493
312.5273,1788883177.5821,6,3678.04,15061.81,18739.85,1308.6,20555.2,42698.3,0.0,6373.884,135.116,307.272,1838:12;1861:4383;1862:4008;1863:3196;1864:3462
312.6359,1788883177.6907,6,3678.09,14839.50,18517.59,1336.0,20222.2,43031.2,0.0,6373.884,135.116,307.272,1838:12;1861:4303;1862:3890;1863:3183;1864:3450
312.7420,1788883177.7969,6,3678.10,14765.35,18443.45,1318.5,20173.1,43080.4,0.0,6373.884,135.116,307.272,1838:12;1861:4640;1862:3752;1863:3107;1864:3254
312.8544,1788883177.9092,6,3678.12,14631.55,18309.67,1429.7,20184.4,43069.1,0.0,6373.884,135.116,307.272,1838:12;1861:4469;1862:3669;1863:3085;1864:3397
312.9604,1788883178.0152,6,3678.21,13733.44,17411.65,938.3,19201.4,44052.0,0.0,6373.884,135.116,307.272,1838:12;1861:4243;1862:3497;1863:2955;1864:3026
313.0682,1788883178.1230,6,3678.37,13346.27,17024.64,879.5,18791.0,44462.5,0.0,6373.884,135.116,307.272,1838:12;1861:4446;1862:3216;1863:2646;1864:3026
313.1737,1788883178.2285,6,3678.47,11735.66,15414.13,465.7,17189.4,46064.1,0.0,6373.884,135.116,307.272,1838:12;1861:2835;1862:3216;1863:2646;1864:3026
313.2790,1788883178.3339,6,3678.72,11629.67,15308.39,1258.8,17091.0,46162.5,0.0,6373.884,135.116,307.272,1838:12;1861:2722;1862:3218;1863:2651;1864:3027
313.3860,1788883178.4409,6,3678.79,12007.53,15686.32,1337.6,17271.8,45981.7,0.0,6373.884,135.116,307.272,1838:12;1861:2808;1862:3297;1863:2747;1864:3144
313.4962,1788883178.5510,6,3678.86,12356.96,16035.82,1335.5,17453.4,45800.1,0.0,6373.884,135.116,307.272,1838:12;1861:2886;1862:3457;1863:2821;1864:3181
313.6063,1788883178.6611,6,3678.94,12741.12,16420.06,1336.1,17776.7,45476.8,0.0,6373.884,135.116,307.272,1838:12;1861:2977;1862:3515;1863:2907;1864:3330
313.7125,1788883178.7673,6,3678.99,12869.28,16548.27,1336.9,17826.1,45427.4,0.0,6373.884,135.116,307.272,1838:12;1861:3046;1862:3601;1863:2946;1864:3264
313.8202,1788883178.8750,6,3679.04,13249.27,16928.31,1343.0,18167.0,45086.4,0.0,6373.884,135.116,307.272,1838:12;1861:3141;1862:3641;1863:3031;1864:3424
313.9277,1788883178.9825,6,3679.07,13723.18,17402.25,1389.6,18604.7,44648.8,0.0,6373.884,135.116,307.272,1838:12;1861:3238;1862:3760;1863:3140;1864:3573
314.0358,1788883179.0906,6,3679.09,13983.15,17662.24,1265.2,18858.5,44395.0,0.0,6373.884,135.116,307.272,1838:12;1861:3338;1862:3833;1863:3212;1864:3588
314.1431,1788883179.1979,6,3679.13,14758.81,18437.94,1362.8,19642.2,43611.2,0.0,6373.884,135.116,307.272,1838:12;1861:3428;1862:4001;1863:3316;1864:4002
314.2505,1788883179.3053,6,3679.16,14682.76,18361.92,1291.7,19716.2,43537.3,0.0,6373.884,135.116,307.272,1838:12;1861:3421;1862:4036;1863:3374;1864:3839
314.3600,1788883179.4149,6,3679.21,14971.38,18650.59,1439.5,20156.3,43097.1,0.0,6373.884,135.116,307.272,1838:12;1861:3538;1862:3956;1863:3482;1864:3983
314.4701,1788883179.5249,6,3679.23,15436.76,19115.99,1436.9,20713.2,42540.3,0.0,6373.884,135.116,307.272,1838:12;1861:3508;1862:4182;1863:3528;1864:4206
314.5780,1788883179.6328,6,3679.29,14460.74,18140.03,1372.9,20150.7,43102.8,0.0,6373.884,135.116,307.272,1838:12;1861:3748;1862:3216;1863:3588;1864:3896
314.6862,1788883179.7410,6,3679.36,13999.16,17678.51,1394.0,19832.9,43420.6,0.0,6373.884,135.116,307.272,1838:12;1861:3048;1862:3455;1863:3554;1864:3930
314.7943,1788883179.8491,6,3679.54,11684.50,15364.04,1014.7,17554.1,45699.4,0.0,6373.884,135.116,307.272,1838:12;1861:2941;1862:2818;1863:2908;1864:3005
314.8995,1788883179.9543,6,3679.69,10736.23,14415.91,1280.9,16378.2,46875.2,0.0,6373.884,135.116,307.272,1838:12;1861:2378;1862:2907;1863:2983;1864:2457
315.0061,1788883180.0609,6,3696.23,9535.39,13231.62,763.3,14869.8,48383.6,0.0,6373.884,135.116,307.272,1838:12;1861:2195;1862:2731;1863:2139;1864:2457
315.1107,1788883180.1655,6,3679.93,9560.58,13240.50,239.4,14872.3,48381.1,0.0,6373.884,135.116,307.272,1838:12;1861:2195;1862:2732;1863:2163;1864:2458
315.2149,1788883180.2697,6,3679.93,9575.90,13255.84,124.7,14887.7,48365.8,0.0,6373.884,135.116,307.272,1838:12;1861:2195;1862:2732;1863:2178;1864:2458
315.3191,1788883180.3739,6,3679.93,9596.91,13276.85,115.2,14911.4,48342.1,0.0,6373.884,135.116,307.272,1838:12;1861:2195;1862:2732;1863:2199;1864:2458
315.4233,1788883180.4781,6,3679.93,9607.59,13287.52,115.1,14919.3,48334.2,0.0,6373.884,135.116,307.272,1838:12;1861:2195;1862:2732;1863:2210;1864:2458
315.5275,1788883180.5823,6,3679.93,9619.55,13299.48,124.7,14935.1,48318.4,0.0,6373.884,135.116,307.272,1838:12;1861:2195;1862:2732;1863:2222;1864:2458
315.6318,1788883180.6866,6,3679.93,9631.29,13311.23,124.8,14943.0,48310.5,0.0,6373.884,135.116,307.272,1838:12;1861:2195;1862:2732;1863:2234;1864:2458
315.7360,1788883180.7908,6,3679.97,9639.02,13318.98,143.9,14950.4,48303.0,0.0,6373.886,135.116,307.272,1838:12;1861:2195;1862:2732;1863:2242;1864:2458
315.8402,1788883180.8950,6,3679.97,9684.38,13364.34,134.4,15005.7,48247.8,0.0,6373.886,135.116,307.272,1838:12;1861:2195;1862:2732;1863:2287;1864:2458
315.9443,1788883180.9992,6,3679.97,9685.18,13365.15,124.7,15005.7,48247.8,0.0,6373.886,135.116,307.272,1838:12;1861:2195;1862:2732;1863:2288;1864:2458
316.0486,1788883181.1034,6,3680.84,9688.20,13369.04,143.9,14980.7,48272.7,0.0,6373.886,135.116,307.272,1838:12;1861:2195;1862:2732;1863:2291;1864:2458
316.1528,1788883181.2077,6,3764.38,9673.86,13438.23,489.3,15061.2,48192.3,0.0,6373.886,135.116,307.272,1838:12;1861:2198;1862:2745;1863:2261;1864:2458
316.2571,1788883181.3119,6,3718.59,9663.27,13381.86,316.6,14862.0,48391.5,0.0,6373.886,135.116,307.272,1838:12;1861:2198;1862:2758;1863:2229;1864:2466
316.3613,1788883181.4161,6,3697.32,9778.66,13475.97,163.3,14850.2,48403.2,0.0,6373.886,135.116,307.272,1838:12;1861:2198;1862:2874;1863:2229;1864:2466
316.4654,1788883181.5202,6,3697.32,9749.27,13446.58,96.0,14850.5,48403.0,0.0,6373.886,135.116,307.272,1838:12;1861:2198;1862:2844;1863:2229;1864:2466
316.5696,1788883181.6244,6,3697.32,9765.55,13462.87,115.3,14873.8,48379.7,0.0,6373.886,135.116,307.272,1838:12;1861:2198;1862:2861;1863:2229;1864:2466
316.6736,1788883181.7284,6,3697.32,9783.69,13481.00,124.8,14891.7,48361.7,0.0,6373.886,135.116,307.272,1838:12;1861:2198;1862:2879;1863:2229;1864:2466
316.7778,1788883181.8326,6,3697.32,9796.39,13493.71,115.2,14899.6,48353.9,0.0,6373.886,135.116,307.272,1838:12;1861:2198;1862:2891;1863:2229;1864:2466
316.8819,1788883181.9367,6,3697.32,9808.35,13505.67,105.6,14915.4,48338.1,0.0,6373.886,135.116,307.272,1838:12;1861:2198;1862:2903;1863:2229;1864:2466
316.9860,1788883182.0408,6,3697.32,9824.68,13522.00,95.9,14916.7,48336.8,0.0,6373.886,135.116,307.272,1838:12;1861:2198;1862:2920;1863:2229;1864:2466
317.0903,1788883182.1451,6,3697.32,9831.45,13528.77,105.7,14916.8,48336.7,0.0,6373.886,135.116,307.272,1838:12;1861:2198;1862:2927;1863:2229;1864:2466
317.1943,1788883182.2491,6,3697.32,9865.00,13562.32,105.7,14948.4,48305.1,0.0,6373.886,135.116,307.272,1838:12;1861:2198;1862:2960;1863:2229;1864:2466
317.2984,1788883182.3532,6,3697.32,9874.30,13571.62,105.7,14961.8,48291.7,0.0,6373.886,135.116,307.272,1838:12;1861:2198;1862:2969;1863:2229;1864:2466
317.4025,1788883182.4573,6,3697.32,9895.17,13592.49,96.0,14979.9,48273.6,0.0,6373.886,135.116,307.272,1838:12;1861:2198;1862:2990;1863:2229;1864:2466
317.5066,1788883182.5614,6,3697.32,9895.35,13592.67,96.1,14979.9,48273.6,0.0,6373.886,135.116,307.272,1838:12;1861:2198;1862:2990;1863:2229;1864:2466
317.6107,1788883182.6655,6,3697.32,9932.54,13629.86,105.8,15026.9,48226.6,0.0,6373.886,135.116,307.272,1838:12;1861:2198;1862:3028;1863:2229;1864:2466
317.7146,1788883182.7694,6,3697.32,9937.22,13634.54,134.5,15025.0,48228.5,0.0,6373.886,135.117,307.272,1838:12;1861:2198;1862:3032;1863:2229;1864:2466
317.8187,1788883182.8735,6,3697.32,9944.78,13642.10,115.4,15032.9,48220.6,0.0,6373.886,135.117,307.272,1838:12;1861:2198;1862:3040;1863:2229;1864:2466
317.9227,1788883182.9775,6,3697.32,9994.95,13692.27,96.3,15087.7,48165.8,0.0,6373.886,135.117,307.272,1838:12;1861:2198;1862:3090;1863:2229;1864:2466
318.0265,1788883183.0813,6,3697.32,10002.42,13699.74,105.4,15072.7,48180.7,0.0,6373.886,135.117,307.272,1838:12;1861:2198;1862:3098;1863:2229;1864:2466
318.1309,1788883183.1857,6,3697.32,10002.42,13699.74,105.7,15065.7,48187.8,0.0,6373.886,135.117,307.272,1838:12;1861:2198;1862:3098;1863:2229;1864:2466
318.2350,1788883183.2898,6,3697.32,10027.89,13725.21,96.1,15085.4,48168.1,0.0,6373.886,135.117,307.272,1838:12;1861:2198;1862:3123;1863:2229;1864:2466
318.3390,1788883183.3938,6,3697.32,10064.84,13762.16,96.3,15124.8,48128.6,0.0,6373.886,135.117,307.272,1838:12;1861:2198;1862:3160;1863:2229;1864:2466
318.4428,1788883183.4976,6,3697.32,10066.27,13763.59,96.1,15124.9,48128.6,0.0,6373.886,135.117,307.272,1838:12;1861:2198;1862:3161;1863:2229;1864:2466
318.5468,1788883183.6017,6,3697.32,10066.27,13763.59,105.7,15124.9,48128.6,0.0,6373.886,135.117,307.272,1838:12;1861:2198;1862:3161;1863:2229;1864:2466
318.6509,1788883183.7057,6,3697.32,10081.57,13778.89,96.2,15124.9,48128.6,0.0,6373.886,135.117,307.272,1838:12;1861:2198;1862:3177;1863:2229;1864:2466
318.7549,1788883183.8097,6,3697.32,10120.22,13817.54,144.2,15150.5,48103.0,0.0,6373.886,135.117,307.272,1838:12;1861:2198;1862:3215;1863:2229;1864:2466
318.8589,1788883183.9137,6,3697.32,10147.70,13845.02,96.1,15174.1,48079.3,0.0,6373.886,135.117,307.272,1838:12;1861:2198;1862:3243;1863:2229;1864:2466
318.9630,1788883184.0178,6,3697.32,10147.70,13845.02,96.0,15158.2,48095.2,0.0,6373.886,135.117,307.272,1838:12;1861:2198;1862:3243;1863:2229;1864:2466
319.0671,1788883184.1219,6,3697.32,10147.70,13845.02,105.5,15127.6,48125.9,0.0,6373.886,135.117,307.272,1838:12;1861:2198;1862:3243;1863:2229;1864:2466
319.1714,1788883184.2262,6,3697.33,10152.85,13850.18,96.1,15122.1,48131.4,0.0,6373.886,135.117,307.272,1838:12;1861:2198;1862:3248;1863:2229;1864:2466
319.2754,1788883184.3302,6,3697.33,10218.11,13915.43,105.8,15189.1,48064.3,0.0,6373.886,135.117,307.272,1838:12;1861:2198;1862:3313;1863:2229;1864:2466
319.3794,1788883184.4342,6,3697.33,10255.65,13952.98,96.2,15228.2,48025.3,0.0,6373.886,135.117,307.272,1838:12;1861:2198;1862:3351;1863:2229;1864:2466
319.4833,1788883184.5382,6,3697.33,10280.27,13977.59,105.8,15251.9,48001.6,0.0,6373.886,135.117,307.272,1838:12;1861:2198;1862:3375;1863:2229;1864:2466
319.5873,1788883184.6421,6,3697.33,10280.27,13977.59,96.1,15251.9,48001.6,0.0,6373.886,135.117,307.272,1838:12;1861:2198;1862:3375;1863:2229;1864:2466
319.6914,1788883184.7463,6,3697.33,10280.27,13977.59,153.6,15249.9,48003.5,0.0,6373.886,135.117,307.272,1838:12;1861:2198;1862:3375;1863:2229;1864:2466
319.7957,1788883184.8505,6,3697.33,10280.27,13977.59,96.0,15249.9,48003.5,0.0,6373.886,135.117,307.272,1838:12;1861:2198;1862:3375;1863:2229;1864:2466
319.8997,1788883184.9545,6,3697.33,10295.66,13992.99,96.1,15265.7,47987.8,0.0,6373.886,135.117,307.272,1838:12;1861:2198;1862:3391;1863:2229;1864:2466
320.0037,1788883185.0586,6,3697.33,10333.20,14030.52,105.9,15276.7,47976.8,0.0,6373.886,135.117,307.272,1838:12;1861:2198;1862:3428;1863:2229;1864:2466
320.1076,1788883185.1624,6,3697.33,10354.41,14051.74,96.0,15282.0,47971.4,0.0,6373.886,135.117,307.272,1838:12;1861:2198;1862:3450;1863:2229;1864:2466
320.2118,1788883185.2666,6,3697.33,10336.84,14034.16,105.7,15358.3,47895.2,0.0,6373.886,135.117,307.272,1838:12;1861:2198;1862:3432;1863:2229;1864:2466
320.3159,1788883185.3707,6,3697.33,10074.62,13771.95,96.1,15240.5,48013.0,0.0,6373.886,135.117,307.272,1838:12;1861:2198;1862:3170;1863:2229;1864:2466
320.4200,1788883185.4748,6,3698.37,10036.32,13734.68,163.3,15166.8,48086.6,0.0,6373.886,135.117,307.272,1838:12;1861:2198;1862:3131;1863:2229;1864:2466
320.5241,1788883185.5789,6,3698.37,10228.79,13927.16,96.1,15370.8,47882.7,0.0,6373.886,135.117,307.272,1838:12;1861:2198;1862:3324;1863:2229;1864:2466
320.6281,1788883185.6829,6,3726.33,10022.74,13749.07,240.5,15435.7,47817.8,0.0,6373.886,135.117,307.272,1838:12;1861:2198;1862:3118;1863:2229;1864:2466
320.7320,1788883185.7869,6,3893.10,9963.36,13856.45,211.4,15576.6,47676.9,0.0,6373.886,135.117,307.272,1838:12;1861:2198;1862:3058;1863:2229;1864:2466
320.8361,1788883185.8909,6,3966.18,9963.36,13929.54,105.8,15655.1,47598.4,0.0,6373.886,135.117,307.272,1838:12;1861:2198;1862:3058;1863:2229;1864:2466
320.9400,1788883185.9949,6,3746.31,9963.36,13709.66,279.0,15688.9,47564.5,0.0,6373.886,135.117,307.272,1838:12;1861:2198;1862:3058;1863:2229;1864:2466
321.0440,1788883186.0988,6,3803.43,9963.36,13766.79,96.2,15845.1,47408.4,0.0,6373.886,135.117,307.272,1838:12;1861:2198;1862:3058;1863:2229;1864:2466
321.1479,1788883186.2027,6,3899.77,9963.36,13863.12,105.8,15931.1,47322.3,0.0,6373.886,135.117,307.272,1838:12;1861:2198;1862:3058;1863:2229;1864:2466
321.2518,1788883186.3067,6,3625.07,9963.36,13588.43,96.1,15854.2,47399.2,0.0,6373.886,135.117,307.272,1838:12;1861:2198;1862:3058;1863:2229;1864:2466
321.3559,1788883186.4107,6,3468.62,9963.36,13431.98,163.3,15692.1,47561.4,0.0,6373.886,135.117,307.272,1838:12;1861:2198;1862:3058;1863:2229;1864:2466
321.4600,1788883186.5148,6,3391.93,9963.36,13355.29,192.1,15607.8,47645.6,0.0,6373.886,135.117,307.522,1838:12;1861:2198;1862:3058;1863:2229;1864:2466
321.5641,1788883186.6189,6,3327.21,9963.36,13290.57,201.8,15543.1,47710.3,0.0,6373.887,135.117,307.522,1838:12;1861:2198;1862:3058;1863:2229;1864:2466
321.6682,1788883186.7230,6,3327.21,9963.36,13290.57,125.0,15535.9,47717.6,0.0,6373.887,135.117,307.522,1838:12;1861:2198;1862:3058;1863:2229;1864:2466
321.7720,1788883186.8268,6,3327.21,9963.36,13290.57,134.7,15535.7,47717.8,0.0,6373.887,135.117,307.522,1838:12;1861:2198;1862:3058;1863:2229;1864:2466
321.8759,1788883186.9307,6,3327.21,9963.36,13290.57,96.2,15535.7,47717.8,0.0,6373.887,135.117,307.522,1838:12;1861:2198;1862:3058;1863:2229;1864:2466
321.9799,1788883187.0347,6,3327.21,9963.36,13290.57,105.9,15505.8,47747.7,0.0,6373.887,135.117,307.522,1838:12;1861:2198;1862:3058;1863:2229;1864:2466
322.0837,1788883187.1385,6,3327.21,9963.36,13290.57,96.3,15481.8,47771.7,0.0,6373.887,135.117,307.522,1838:12;1861:2198;1862:3058;1863:2229;1864:2466
322.1876,1788883187.2424,6,3327.21,9963.36,13290.57,96.3,15481.8,47771.7,0.0,6373.887,135.117,307.522,1838:12;1861:2198;1862:3058;1863:2229;1864:2466
322.2914,1788883187.3462,6,3327.21,9963.36,13290.57,105.9,15481.8,47771.7,0.0,6373.887,135.117,307.522,1838:12;1861:2198;1862:3058;1863:2229;1864:2466
322.3953,1788883187.4501,6,3327.21,9963.36,13290.57,96.2,15481.8,47771.7,0.0,6373.887,135.117,307.522,1838:12;1861:2198;1862:3058;1863:2229;1864:2466
322.4992,1788883187.5540,6,3327.21,9963.36,13290.57,96.2,15481.8,47771.7,0.0,6373.887,135.117,307.522,1838:12;1861:2198;1862:3058;1863:2229;1864:2466
322.6032,1788883187.6580,6,3327.21,9963.36,13290.57,105.8,15481.8,47771.7,0.0,6373.887,135.117,307.522,1838:12;1861:2198;1862:3058;1863:2229;1864:2466
322.7072,1788883187.7620,6,3327.21,9963.36,13290.57,134.6,15481.5,47772.0,0.0,6373.887,135.117,307.522,1838:12;1861:2198;1862:3058;1863:2229;1864:2466
322.8112,1788883187.8660,6,3327.21,9963.36,13290.57,105.8,15481.5,47772.0,0.0,6373.887,135.117,307.522,1838:12;1861:2198;1862:3058;1863:2229;1864:2466
322.9152,1788883187.9700,6,3312.25,9959.66,13271.91,317.2,15398.2,47855.3,0.0,6373.887,135.117,307.522,1838:12;1861:2245;1862:2950;1863:2243;1864:2510
323.0193,1788883188.0741,6,3312.47,10016.33,13328.80,403.0,15408.8,47844.6,0.0,6373.887,135.117,307.522,1838:12;1861:2220;1862:2976;1863:2273;1864:2535
323.1236,1788883188.1784,6,3348.30,9896.37,13244.67,268.6,15087.1,48166.4,0.0,6373.887,135.117,307.522,1838:12;1861:2220;1862:2935;1863:2233;1864:2497
323.2278,1788883188.2826,6,3380.68,9890.23,13270.91,95.9,15117.8,48135.7,0.0,6373.887,135.117,307.522,1838:12;1861:2220;1862:2935;1863:2230;1864:2494
323.3320,1788883188.3868,6,3415.75,9890.23,13305.98,105.7,15172.8,48080.7,0.0,6373.887,135.117,307.522,1838:12;1861:2220;1862:2935;1863:2230;1864:2494
323.4361,1788883188.4909,6,3428.16,9890.23,13318.39,105.7,15172.8,48080.7,0.0,6373.887,135.117,307.522,1838:12;1861:2220;1862:2935;1863:2230;1864:2494
323.5401,1788883188.5949,6,3391.92,9890.23,13282.15,96.1,15172.8,48080.7,0.0,6373.887,135.117,307.522,1838:12;1861:2220;1862:2935;1863:2230;1864:2494
323.6442,1788883188.6990,6,3391.92,9890.23,13282.15,96.1,15172.8,48080.7,0.0,6373.887,135.117,307.522,1838:12;1861:2220;1862:2935;1863:2230;1864:2494
323.7482,1788883188.8030,6,3374.72,9890.23,13264.95,201.6,15125.5,48127.9,0.0,6373.887,135.117,307.522,1838:12;1861:2220;1862:2935;1863:2230;1864:2494
323.8524,1788883188.9072,6,3359.49,9890.23,13249.72,105.6,14990.3,48263.1,0.0,6413.813,175.043,307.522,1838:12;1861:2220;1862:2935;1863:2230;1864:2494
323.9565,1788883189.0113,6,3360.09,9890.23,13250.32,105.8,14976.2,48277.3,0.0,6413.813,175.043,307.522,1838:12;1861:2220;1862:2935;1863:2230;1864:2494
324.0605,1788883189.1153,6,3360.10,9890.23,13250.33,96.1,14961.0,48292.4,0.0,6413.813,175.043,307.522,1838:12;1861:2220;1862:2935;1863:2230;1864:2494
324.1649,1788883189.2197,6,3320.23,9923.07,13243.30,230.3,14938.5,48315.0,0.0,6413.813,175.044,307.522,1838:12;1861:2228;1862:2943;1863:2238;1864:2502
324.2690,1788883189.3238,6,3320.23,10015.64,13335.88,422.4,14906.3,48347.1,0.0,6413.813,175.044,307.522,1838:12;1861:2263;1862:2935;1863:2271;1864:2534
324.3733,1788883189.4281,6,3346.29,9936.21,13282.49,201.6,14896.0,48357.5,0.0,6413.813,175.044,307.522,1838:12;1861:2222;1862:2935;1863:2271;1864:2496
324.4774,1788883189.5323,6,3382.66,9894.46,13277.12,144.0,14814.7,48438.8,0.0,6413.813,175.044,307.522,1838:12;1861:2222;1862:2935;1863:2229;1864:2496
324.5816,1788883189.6364,6,3402.92,9894.46,13297.39,96.1,14904.8,48348.7,0.0,6413.813,175.044,307.522,1838:12;1861:2222;1862:2935;1863:2229;1864:2496
324.6857,1788883189.7405,6,3428.95,9894.43,13323.38,191.9,14896.9,48356.6,0.0,6413.813,175.044,307.522,1838:12;1861:2222;1862:2935;1863:2229;1864:2496
324.7900,1788883189.8448,6,3392.71,9894.43,13287.14,124.8,14889.9,48363.6,0.0,6413.813,175.044,307.522,1838:12;1861:2222;1862:2935;1863:2229;1864:2496
324.8940,1788883189.9488,6,3355.14,9894.43,13249.57,96.1,14850.9,48402.6,0.0,6413.813,175.044,307.522,1838:12;1861:2222;1862:2935;1863:2229;1864:2496
324.9980,1788883190.0528,6,3373.50,9894.43,13267.93,134.4,14827.0,48426.5,0.0,6413.813,175.044,307.522,1838:12;1861:2222;1862:2935;1863:2229;1864:2496
325.1022,1788883190.1570,6,3358.23,9894.43,13252.65,105.7,14644.9,48608.6,0.0,6451.791,213.021,307.522,1838:12;1861:2222;1862:2935;1863:2229;1864:2496
325.2062,1788883190.2610,6,3358.23,9894.43,13252.66,105.9,14644.9,48608.6,0.0,6451.791,213.021,307.522,1838:12;1861:2222;1862:2935;1863:2229;1864:2496
325.3101,1788883190.3649,6,3364.28,9894.43,13258.71,96.1,14648.5,48605.0,0.0,6451.791,213.021,307.522,1838:12;1861:2222;1862:2935;1863:2229;1864:2496
325.4142,1788883190.4690,6,3326.40,9903.80,13230.21,182.3,14642.6,48610.9,0.0,6451.791,213.022,307.522,1838:12;1861:2227;1862:2933;1863:2234;1864:2498
325.5185,1788883190.5733,6,3326.40,10004.88,13331.29,460.4,14736.0,48517.4,0.0,6451.791,213.022,307.522,1838:12;1861:2224;1862:2970;1863:2266;1864:2533
325.6228,1788883190.6776,6,3338.61,9915.14,13253.75,182.3,14730.7,48522.7,0.0,6451.792,213.022,307.522,1838:12;1861:2224;1862:2946;1863:2225;1864:2508
325.7270,1788883190.7818,6,3390.12,9187.04,12577.16,287.8,14096.6,49156.9,0.0,6451.792,213.022,307.522,1838:12;1861:2224;1862:2933;1863:2225;1864:1793
325.8312,1788883190.8860,6,3418.96,8215.78,11634.74,182.4,13134.8,50118.7,0.0,6451.792,213.022,307.522,1838:12;1861:2224;1862:2933;1863:2225;1864:822
325.9353,1788883190.9901,6,3435.12,8215.78,11650.90,105.7,13134.8,50118.7,0.0,6451.792,213.022,307.522,1838:12;1861:2224;1862:2933;1863:2225;1864:822
326.0394,1788883191.0942,6,3398.88,8215.39,11614.28,96.1,13127.3,50126.2,0.0,6451.792,213.022,307.522,1838:12;1861:2224;1862:2933;1863:2225;1864:822
326.1437,1788883191.1985,6,3341.67,8212.94,11554.61,95.8,13061.5,50191.9,0.0,6451.792,213.022,307.522,1838:12;1861:2221;1862:2933;1863:2224;1864:822
326.2478,1788883191.3026,6,3359.51,8207.70,11567.21,96.1,13077.7,50175.7,0.0,6451.792,213.022,307.522,1838:12;1861:2221;1862:2933;1863:2224;1864:817
326.3519,1788883191.4067,6,3375.09,8207.70,11582.79,115.3,12982.1,50271.4,0.0,6486.035,247.265,307.522,1838:12;1861:2221;1862:2933;1863:2224;1864:817
326.4560,1788883191.5108,6,3432.80,8207.70,11640.50,96.3,13037.4,50216.1,0.0,6486.035,247.265,307.522,1838:12;1861:2221;1862:2933;1863:2224;1864:817
326.5598,1788883191.6146,6,3489.79,8207.70,11697.48,96.4,13037.4,50216.1,0.0,6486.035,247.265,307.522,1838:12;1861:2221;1862:2933;1863:2224;1864:817
326.6636,1788883191.7184,6,3459.08,8209.34,11668.42,144.1,13045.5,50208.0,0.0,6486.035,247.266,307.522,1838:12;1861:2221;1862:2933;1863:2224;1864:819
326.7677,1788883191.8225,6,3463.71,8367.31,11831.02,471.5,13078.3,50175.2,0.0,6486.035,247.266,307.522,1838:12;1861:2235;1862:2969;1863:2263;1864:888
326.8738,1788883191.9286,6,3459.08,6555.13,10014.21,422.4,11509.5,51744.0,0.0,6486.035,247.266,307.522,1838:12;1861:1885;1862:2945;1863:848;1864:864
326.9780,1788883192.0328,6,3495.71,5367.96,8863.68,288.0,10458.1,52795.4,0.0,6486.035,247.266,307.522,1838:12;1861:760;1862:2933;1863:810;1864:852
327.0822,1788883192.1370,6,3537.78,5367.96,8905.75,96.0,10471.8,52781.6,0.0,6486.035,247.266,307.522,1838:12;1861:760;1862:2933;1863:810;1864:852
327.1863,1788883192.2411,6,3549.69,5367.96,8917.65,105.8,10471.4,52782.0,0.0,6486.035,247.266,307.522,1838:12;1861:760;1862:2933;1863:810;1864:852
327.2903,1788883192.3451,6,3567.80,5367.96,8935.77,96.1,10471.4,52782.0,0.0,6486.035,247.266,307.522,1838:12;1861:760;1862:2933;1863:810;1864:852
327.3943,1788883192.4491,6,3474.34,5367.96,8842.31,96.1,10424.1,52829.4,0.0,6486.035,247.266,307.522,1838:12;1861:760;1862:2933;1863:810;1864:852
327.4983,1788883192.5532,6,3474.34,5367.96,8842.31,105.8,10416.2,52837.3,0.0,6486.035,247.266,307.522,1838:12;1861:760;1862:2933;1863:810;1864:852
327.6024,1788883192.6572,6,3474.05,5367.96,8842.02,105.7,10305.7,52947.8,0.0,6522.064,283.294,307.522,1838:12;1861:760;1862:2933;1863:810;1864:852
327.7064,1788883192.7612,6,3550.82,5368.31,8919.13,163.3,10306.6,52946.9,0.0,6522.064,283.294,307.522,1838:12;1861:760;1862:2933;1863:810;1864:852
327.8105,1788883192.8653,6,3610.13,5368.31,8978.44,96.3,10353.5,52900.0,0.0,6522.064,283.294,307.522,1838:12;1861:760;1862:2933;1863:810;1864:852
327.9143,1788883192.9691,6,3639.74,5368.31,9008.05,105.7,10392.9,52860.5,0.0,6522.064,283.294,307.522,1838:12;1861:760;1862:2933;1863:810;1864:852
328.0184,1788883193.0732,6,3603.81,5527.30,9131.11,336.0,10452.6,52800.9,0.0,6522.064,283.294,307.522,1838:12;1861:810;1862:2966;1863:855;1864:884
328.1227,1788883193.1775,6,3605.33,5475.57,9080.89,364.8,10512.3,52741.2,0.0,6522.064,283.294,307.522,1838:12;1861:789;1862:2933;1863:876;1864:865
328.2269,1788883193.2817,6,3642.04,5423.39,9065.43,182.4,10544.0,52709.5,0.0,6522.064,283.294,307.522,1838:12;1861:787;1862:2933;1863:840;1864:851
328.3310,1788883193.3858,6,3684.07,5423.39,9107.46,96.1,10573.1,52680.3,0.0,6522.064,283.294,307.522,1838:12;1861:787;1862:2933;1863:840;1864:851
328.4350,1788883193.4898,6,3694.42,5423.39,9117.80,105.8,10573.1,52680.3,0.0,6522.064,283.294,307.522,1838:12;1861:787;1862:2933;1863:840;1864:851
328.5389,1788883193.5937,6,3712.53,5423.39,9135.92,96.2,10573.1,52680.3,0.0,6522.064,283.294,307.522,1838:12;1861:787;1862:2933;1863:840;1864:851
328.6429,1788883193.6977,6,3619.07,5423.39,9042.46,96.2,10541.6,52711.8,0.0,6522.064,283.294,307.522,1838:12;1861:787;1862:2933;1863:840;1864:851
328.7469,1788883193.8017,6,3619.07,5423.43,9042.50,182.5,10523.2,52730.3,0.0,6522.064,283.294,307.522,1838:12;1861:787;1862:2933;1863:840;1864:851
328.8510,1788883193.9058,6,3641.28,5423.43,9064.71,105.6,10482.9,52770.6,0.0,6556.928,318.159,307.522,1838:12;1861:787;1862:2933;1863:840;1864:851
328.9551,1788883194.0099,6,3690.80,5429.25,9120.06,125.0,10291.0,52962.4,0.0,6559.565,320.795,307.522,1838:12;1861:787;1862:2933;1863:840;1864:857
329.0591,1788883194.1139,6,3753.62,5429.25,9182.88,105.9,10291.1,52962.4,0.0,6559.565,320.795,307.522,1838:12;1861:787;1862:2933;1863:840;1864:857
329.1630,1788883194.2178,6,3798.89,5429.25,9228.14,96.2,10320.2,52933.3,0.0,6559.565,320.795,307.522,1838:12;1861:787;1862:2933;1863:840;1864:857
329.2670,1788883194.3218,6,3761.42,5454.67,9216.09,226.7,10335.6,52917.9,0.0,6559.565,320.796,307.522,1838:12;1861:794;1862:2935;1863:848;1864:865
329.3733,1788883194.4281,6,3761.42,5534.22,9295.64,392.4,10378.6,52874.8,0.0,6559.565,320.796,307.522,1838:12;1861:823;1862:2968;1863:840;1864:891
329.4774,1788883194.5323,6,3785.84,5441.75,9227.59,201.7,10374.4,52879.1,0.0,6559.565,320.796,307.522,1838:12;1861:799;1862:2933;1863:840;1864:857
329.5815,1788883194.6363,6,3877.77,5429.17,9306.94,124.9,10419.0,52834.5,0.0,6559.565,320.796,307.522,1838:12;1861:787;1862:2933;1863:840;1864:857
329.6855,1788883194.7404,6,3852.02,5429.22,9281.24,153.7,10426.4,52827.0,0.0,6559.565,320.796,307.522,1838:12;1861:787;1862:2933;1863:840;1864:857
329.7897,1788883194.8445,6,3870.14,5429.22,9299.36,105.6,10421.7,52831.8,0.0,6559.565,320.796,307.522,1838:12;1861:787;1862:2933;1863:840;1864:857
329.8938,1788883194.9486,6,3833.90,5429.22,9263.12,105.6,10421.7,52831.8,0.0,6559.565,320.796,307.522,1838:12;1861:787;1862:2933;1863:840;1864:857
329.9979,1788883195.0527,6,3776.68,5429.22,9205.90,96.0,10390.2,52863.2,0.0,6559.565,320.796,307.522,1838:12;1861:787;1862:2933;1863:840;1864:857
330.1021,1788883195.1569,6,3775.86,5429.22,9205.08,115.2,10327.6,52925.8,0.0,6597.141,358.372,307.522,1838:12;1861:787;1862:2933;1863:840;1864:857
330.2062,1788883195.2610,6,3855.44,5429.22,9284.66,86.6,10413.8,52839.7,0.0,6597.141,358.372,307.522,1838:12;1861:787;1862:2933;1863:840;1864:857
330.3101,1788883195.3649,6,3917.63,5429.22,9346.85,105.9,10476.9,52776.6,0.0,6597.141,358.372,307.522,1838:12;1861:787;1862:2933;1863:840;1864:857
330.4139,1788883195.4687,6,3956.94,5429.22,9386.16,105.7,10516.3,52737.1,0.0,6597.141,358.372,307.522,1838:12;1861:787;1862:2933;1863:840;1864:857
330.5181,1788883195.5729,6,3919.46,5432.86,9352.32,153.7,10520.0,52733.4,0.0,6597.142,358.372,307.522,1838:12;1861:787;1862:2933;1863:840;1864:861
330.6222,1788883195.6770,6,3919.46,5544.30,9463.76,470.0,10614.9,52638.6,0.0,6597.142,358.372,307.522,1838:12;1861:821;1862:2945;1863:874;1864:893
330.7265,1788883195.7813,6,3947.51,5060.41,9007.92,335.8,10204.5,53049.0,0.0,6597.142,358.372,307.522,1838:12;1861:783;1862:2565;1863:840;1864:860
330.8307,1788883195.8855,6,4017.05,3512.03,7529.08,192.2,8693.3,54560.2,0.0,6597.142,358.372,307.522,1838:12;1861:783;1862:1016;1863:840;1864:860
330.9347,1788883195.9895,6,4010.07,3512.03,7522.10,115.4,8693.1,54560.4,0.0,6597.142,358.372,307.522,1838:12;1861:783;1862:1016;1863:840;1864:860
331.0387,1788883196.0935,6,4028.18,3512.03,7540.21,105.7,8677.4,54576.1,0.0,6597.142,358.372,307.522,1838:12;1861:783;1862:1016;1863:840;1864:860
331.1427,1788883196.1975,6,3991.95,3512.03,7503.98,96.2,8677.4,54576.1,0.0,6597.142,358.372,307.522,1838:12;1861:783;1862:1016;1863:840;1864:860
331.2467,1788883196.3015,6,3934.73,3512.03,7446.76,105.8,8616.0,54637.5,0.0,6597.142,358.372,307.522,1838:12;1861:783;1862:1016;1863:840;1864:860
331.3507,1788883196.4055,6,3951.57,3512.03,7463.60,96.1,8658.8,54594.7,0.0,6607.567,368.798,307.522,1838:12;1861:783;1862:1016;1863:840;1864:860
331.4548,1788883196.5096,6,3993.84,3512.03,7505.87,105.8,8660.5,54593.0,0.0,6629.275,390.506,307.522,1838:12;1861:783;1862:1016;1863:840;1864:860
331.5588,1788883196.6136,6,4048.94,3512.03,7560.97,96.3,8715.4,54538.1,0.0,6629.275,390.506,307.522,1838:12;1861:783;1862:1016;1863:840;1864:860
331.6626,1788883196.7174,6,4040.18,3512.10,7552.28,130.6,8739.7,54513.7,0.0,6629.275,390.506,307.522,1838:12;1861:783;1862:1016;1863:840;1864:860
331.7702,1788883196.8250,6,4040.18,3689.48,7729.66,420.5,8786.1,54467.4,0.0,6629.275,390.506,307.522,1838:12;1861:815;1862:1076;1863:871;1864:915
331.8745,1788883196.9293,6,4054.89,3560.64,7615.53,316.3,8751.8,54501.7,0.0,6629.275,390.506,307.522,1838:12;1861:796;1862:1040;1863:853;1864:860
331.9788,1788883197.0336,6,4096.73,3534.27,7630.99,182.1,8801.2,54452.3,0.0,6629.275,390.506,307.522,1838:12;1861:781;1862:1040;1863:841;1864:860
332.0831,1788883197.1379,6,4129.86,3534.27,7664.12,96.1,8781.8,54471.7,0.0,6629.275,390.506,307.522,1838:12;1861:781;1862:1040;1863:841;1864:860
332.1871,1788883197.2419,6,4148.91,3534.27,7683.18,96.2,8781.8,54471.7,0.0,6629.275,390.506,307.522,1838:12;1861:781;1862:1040;1863:841;1864:860
332.2911,1788883197.3459,6,4112.67,3534.27,7646.94,105.8,8781.8,54471.7,0.0,6629.275,390.506,307.522,1838:12;1861:781;1862:1040;1863:841;1864:860
332.3950,1788883197.4498,6,4055.45,3534.27,7589.72,105.8,8736.5,54517.0,0.0,6629.275,390.506,307.522,1838:12;1861:781;1862:1040;1863:841;1864:860
332.4990,1788883197.5538,6,4081.75,3534.27,7616.02,96.2,8767.6,54485.8,0.0,6629.275,390.506,307.522,1838:12;1861:781;1862:1040;1863:841;1864:860
332.6030,1788883197.6578,6,4100.17,3534.27,7634.43,115.4,8770.6,54482.8,0.0,6662.894,424.125,307.522,1838:12;1861:781;1862:1040;1863:841;1864:860
332.7070,1788883197.7618,6,4156.81,3534.34,7691.15,192.2,8825.9,54427.5,0.0,6662.894,424.125,307.522,1838:12;1861:781;1862:1040;1863:841;1864:860
332.8109,1788883197.8657,6,4203.39,3534.34,7737.73,96.2,8873.3,54380.2,0.0,6662.894,424.125,307.522,1838:12;1861:781;1862:1040;1863:841;1864:860
332.9148,1788883197.9696,6,4203.39,3534.34,7737.73,105.8,8873.3,54380.2,0.0,6662.894,424.125,307.522,1838:12;1861:781;1862:1040;1863:841;1864:860
333.0188,1788883198.0737,6,4203.39,3534.34,7737.73,96.0,8850.0,54403.5,0.0,6662.894,424.125,307.522,1838:12;1861:781;1862:1040;1863:841;1864:860
333.1230,1788883198.1778,6,4203.39,3534.34,7737.73,105.9,8822.4,54431.0,0.0,6662.894,424.125,307.522,1838:12;1861:781;1862:1040;1863:841;1864:860
333.2269,1788883198.2817,6,4203.39,3534.34,7737.73,96.4,8822.4,54431.0,0.0,6662.894,424.125,307.522,1838:12;1861:781;1862:1040;1863:841;1864:860
333.3307,1788883198.3855,6,4203.39,3534.34,7737.73,96.3,8822.4,54431.0,0.0,6662.894,424.125,307.522,1838:12;1861:781;1862:1040;1863:841;1864:860
333.4345,1788883198.4893,6,4203.39,3534.34,7737.73,106.0,8822.4,54431.0,0.0,6662.894,424.125,307.522,1838:12;1861:781;1862:1040;1863:841;1864:860
333.5383,1788883198.5931,6,4203.39,3534.34,7737.73,96.3,8822.4,54431.0,0.0,6662.894,424.125,307.522,1838:12;1861:781;1862:1040;1863:841;1864:860
333.6421,1788883198.6969,6,4203.39,3534.34,7737.73,106.1,8822.4,54431.0,0.0,6662.894,424.125,307.522,1838:12;1861:781;1862:1040;1863:841;1864:860
333.7458,1788883198.8006,6,4203.39,3534.31,7737.70,154.1,8822.4,54431.0,0.0,6662.894,424.125,307.522,1838:12;1861:781;1862:1040;1863:841;1864:860
333.8497,1788883198.9045,6,4169.80,3534.31,7704.11,96.3,8822.4,54431.0,0.0,6662.894,424.125,307.522,1838:12;1861:781;1862:1040;1863:841;1864:860
333.9535,1788883199.0083,6,4169.80,3668.62,7838.42,465.0,8882.5,54371.0,0.0,6662.895,424.125,307.522,1838:12;1861:816;1862:1092;1863:876;1864:872
334.0589,1788883199.1137,6,4182.02,3560.75,7742.77,221.1,8822.8,54430.7,0.0,6662.895,424.125,307.522,1838:12;1861:781;1862:1054;1863:853;1864:860
334.1629,1788883199.2177,6,4227.79,3536.33,7764.12,163.4,8869.4,54384.1,0.0,6662.895,424.125,307.522,1838:12;1861:781;1862:1042;1863:841;1864:860
334.2669,1788883199.3217,6,4244.62,3536.33,7780.95,96.3,8884.8,54368.7,0.0,6662.895,424.125,307.522,1838:12;1861:781;1862:1042;1863:841;1864:860
334.3707,1788883199.4255,6,4278.55,3536.33,7814.88,105.9,8885.2,54368.3,0.0,6662.895,424.126,307.522,1838:12;1861:781;1862:1042;1863:841;1864:860
334.4746,1788883199.5294,6,4242.31,3536.33,7778.64,96.2,8885.2,54368.3,0.0,6662.896,424.127,307.522,1838:12;1861:781;1862:1042;1863:841;1864:860
334.5785,1788883199.6333,6,4185.09,3536.33,7721.42,96.3,8842.2,54411.3,0.0,6662.896,424.127,307.522,1838:12;1861:781;1862:1042;1863:841;1864:860
334.6824,1788883199.7372,6,4210.80,3536.39,7747.19,183.1,8870.9,54382.6,0.0,6662.898,424.128,307.522,1838:12;1861:781;1862:1042;1863:841;1864:860
334.7862,1788883199.8410,6,4228.41,3536.39,7764.80,96.3,8814.8,54438.7,0.0,6696.610,457.841,307.522,1838:12;1861:781;1862:1042;1863:841;1864:860
334.8900,1788883199.9448,6,4283.04,3536.39,7819.43,106.0,8870.0,54383.4,0.0,6696.610,457.841,307.522,1838:12;1861:781;1862:1042;1863:841;1864:860
334.9937,1788883200.0485,6,4332.73,3536.39,7869.12,115.5,8923.9,54329.5,0.0,6696.610,457.841,307.522,1838:12;1861:781;1862:1042;1863:841;1864:860
335.0976,1788883200.1524,6,4332.73,3536.39,7869.12,96.3,8904.8,54348.7,0.0,6696.610,457.841,307.522,1838:12;1861:781;1862:1042;1863:841;1864:860
335.2014,1788883200.2562,6,4332.73,3536.39,7869.12,105.9,8904.8,54348.7,0.0,6696.610,457.841,307.522,1838:12;1861:781;1862:1042;1863:841;1864:860
335.3052,1788883200.3601,6,4332.73,3536.39,7869.12,96.3,8904.8,54348.7,0.0,6696.610,457.841,307.522,1838:12;1861:781;1862:1042;1863:841;1864:860
335.4091,1788883200.4639,6,4332.73,3536.39,7869.12,105.8,8894.2,54359.3,0.0,6696.612,457.843,307.522,1838:12;1861:781;1862:1042;1863:841;1864:860
335.5131,1788883200.5679,6,4332.73,3536.39,7869.12,96.2,8894.2,54359.3,0.0,6696.612,457.843,307.522,1838:12;1861:781;1862:1042;1863:841;1864:860
335.6170,1788883200.6718,6,4332.73,3536.39,7869.12,105.6,8887.7,54365.7,0.0,6696.613,457.843,307.522,1838:12;1861:781;1862:1042;1863:841;1864:860
335.7212,1788883200.7760,6,4332.73,3536.42,7869.15,153.8,8887.9,54365.6,0.0,6696.613,457.843,307.522,1838:12;1861:781;1862:1042;1863:841;1864:860
335.8252,1788883200.8800,6,4332.73,3536.42,7869.15,105.7,8889.7,54363.8,0.0,6696.613,457.844,307.522,1838:12;1861:781;1862:1042;1863:841;1864:860
335.9292,1788883200.9840,6,4332.73,3536.42,7869.15,96.2,8890.6,54362.9,0.0,6696.613,457.844,307.522,1838:12;1861:781;1862:1042;1863:841;1864:860
336.0330,1788883201.0879,6,4332.73,3536.42,7869.15,96.3,8874.3,54379.2,0.0,6696.613,457.844,307.522,1838:12;1861:781;1862:1042;1863:841;1864:860
336.1369,1788883201.1917,6,4332.73,3536.42,7869.15,105.9,8872.4,54381.1,0.0,6696.613,457.844,307.522,1838:12;1861:781;1862:1042;1863:841;1864:860
336.2407,1788883201.2955,6,4332.73,3536.42,7869.15,96.3,8872.4,54381.1,0.0,6696.613,457.845,307.522,1838:12;1861:781;1862:1042;1863:841;1864:860
336.3446,1788883201.3994,6,4332.73,3536.42,7869.15,105.8,8865.2,54388.3,0.0,6696.613,457.845,307.522,1838:12;1861:781;1862:1042;1863:841;1864:860
336.4486,1788883201.5034,6,4332.73,3536.42,7869.15,96.3,8865.2,54388.3,0.0,6696.613,457.845,307.522,1838:12;1861:781;1862:1042;1863:841;1864:860
336.5524,1788883201.6072,6,4332.73,3536.42,7869.15,96.3,8865.2,54388.3,0.0,6696.613,457.845,307.522,1838:12;1861:781;1862:1042;1863:841;1864:860
336.6562,1788883201.7110,6,4332.73,3536.44,7869.17,115.6,8865.2,54388.3,0.0,6696.613,457.845,307.522,1838:12;1861:781;1862:1042;1863:841;1864:860
336.7600,1788883201.8148,6,4332.74,3536.45,7869.19,153.8,8864.9,54388.6,0.0,6696.613,457.845,307.522,1838:12;1861:781;1862:1042;1863:841;1864:860
336.8640,1788883201.9188,6,4332.74,3536.45,7869.19,105.8,8864.9,54388.6,0.0,6696.613,457.845,307.522,1838:12;1861:781;1862:1042;1863:841;1864:860
336.9679,1788883202.0227,6,4332.74,3536.45,7869.19,105.8,8857.6,54395.9,0.0,6696.613,457.845,307.522,1838:12;1861:781;1862:1042;1863:841;1864:860
337.0719,1788883202.1267,6,4332.74,3536.45,7869.19,105.9,8840.0,54413.4,0.0,6696.613,457.845,307.522,1838:12;1861:781;1862:1042;1863:841;1864:860
337.1757,1788883202.2305,6,4332.74,3536.45,7869.19,96.4,8839.9,54413.6,0.0,6696.613,457.845,307.522,1838:12;1861:781;1862:1042;1863:841;1864:860
337.2795,1788883202.3343,6,4332.74,3536.45,7869.19,96.4,8839.9,54413.6,0.0,6696.613,457.845,307.522,1838:12;1861:781;1862:1042;1863:841;1864:860
337.3832,1788883202.4381,6,4332.74,3536.45,7869.19,106.0,8839.9,54413.6,0.0,6696.613,457.845,307.522,1838:12;1861:781;1862:1042;1863:841;1864:860
337.4870,1788883202.5418,6,4299.05,3605.61,7904.67,259.7,8871.9,54381.6,0.0,6696.614,457.845,307.522,1838:12;1861:803;1862:1065;1863:853;1864:873
337.5911,1788883202.6459,6,4299.05,3620.52,7919.58,355.7,8849.3,54404.2,0.0,6696.614,457.845,307.522,1838:12;1861:818;1862:1077;1863:841;1864:873
337.6951,1788883202.7499,6,4335.69,3537.30,7872.99,278.9,8822.8,54430.7,0.0,6696.614,457.845,307.522,1838:12;1861:782;1862:1042;1863:841;1864:860
337.7991,1788883202.8539,6,4375.84,3537.30,7913.14,105.9,8874.4,54379.1,0.0,6696.614,457.845,307.522,1838:12;1861:782;1862:1042;1863:841;1864:860
337.9028,1788883202.9577,6,4389.71,3537.30,7927.01,96.4,8867.2,54386.3,0.0,6696.614,457.845,307.522,1838:12;1861:782;1862:1042;1863:841;1864:860
338.0066,1788883203.0614,6,4407.82,3537.30,7945.12,106.0,8867.2,54386.3,0.0,6696.614,457.845,307.522,1838:12;1861:782;1862:1042;1863:841;1864:860
338.1106,1788883203.1654,6,4314.37,3537.30,7851.67,105.7,8798.1,54455.4,0.0,6696.614,457.845,307.522,1838:12;1861:782;1862:1042;1863:841;1864:860
338.2144,1788883203.2692,6,4314.37,3537.30,7851.67,96.3,8798.1,54455.4,0.0,6696.614,457.845,307.522,1838:12;1861:782;1862:1042;1863:841;1864:860
338.3182,1788883203.3730,6,4334.61,3537.30,7871.91,115.6,8805.1,54448.3,0.0,6728.544,489.775,307.522,1838:12;1861:782;1862:1042;1863:841;1864:860
338.4219,1788883203.4768,6,4389.30,3537.30,7926.60,96.5,8860.0,54393.5,0.0,6728.544,489.775,307.522,1838:12;1861:782;1862:1042;1863:841;1864:860
338.5255,1788883203.5803,6,4445.03,3537.30,7982.33,106.2,8915.2,54338.3,0.0,6728.544,489.775,307.522,1838:12;1861:782;1862:1042;1863:841;1864:860
338.6291,1788883203.6839,6,4417.95,3539.08,7957.02,144.6,8915.5,54337.9,0.0,6728.544,489.776,307.522,1838:12;1861:782;1862:1042;1863:841;1864:862
338.7329,1788883203.7877,6,4417.95,3652.59,8070.54,490.9,9006.4,54247.1,0.0,6728.544,489.776,307.522,1838:12;1861:817;1862:1077;1863:853;1864:894
338.8369,1788883203.8917,6,4441.88,3562.91,8004.79,246.4,8997.3,54256.2,0.0,6728.544,489.776,307.522,1838:12;1861:783;1862:1055;1863:841;1864:873
338.9427,1788883203.9975,6,4505.83,3538.49,8044.32,105.6,9030.2,54223.3,0.0,6728.544,489.776,307.522,1838:12;1861:783;1862:1042;1863:841;1864:860
339.0466,1788883204.1014,6,4508.57,3538.49,8047.05,96.3,9039.2,54214.3,0.0,6728.544,489.776,307.522,1838:12;1861:783;1862:1042;1863:841;1864:860
339.1504,1788883204.2052,6,4526.68,3538.49,8065.17,106.0,9039.2,54214.3,0.0,6728.544,489.776,307.522,1838:12;1861:783;1862:1042;1863:841;1864:860
339.2541,1788883204.3089,6,4490.45,3538.49,8028.93,96.3,9042.4,54211.0,0.0,6728.544,489.776,307.522,1838:12;1861:783;1862:1042;1863:841;1864:860
339.3579,1788883204.4127,6,4433.23,3538.49,7971.71,106.0,8988.9,54264.5,0.0,6728.544,489.776,307.522,1838:12;1861:783;1862:1042;1863:841;1864:860
339.4617,1788883204.5165,6,4450.69,3538.49,7989.18,105.9,9044.6,54208.9,0.0,6750.845,512.077,307.522,1838:12;1861:783;1862:1042;1863:841;1864:860
339.5656,1788883204.6204,6,4496.95,3538.49,8035.44,96.4,9068.4,54185.1,0.0,6761.296,522.528,307.522,1838:12;1861:783;1862:1042;1863:841;1864:860
339.6693,1788883204.7241,6,4552.94,3538.51,8091.45,154.3,9117.3,54136.2,0.0,6761.296,522.528,307.522,1838:12;1861:783;1862:1042;1863:841;1864:860
339.7730,1788883204.8278,6,4542.19,3538.51,8080.70,143.7,9111.9,54141.6,0.0,6761.296,522.528,307.522,1838:12;1861:783;1862:1042;1863:841;1864:860
339.8778,1788883204.9326,6,4542.19,3683.05,8225.24,431.8,9103.8,54149.6,0.0,6761.296,522.528,307.522,1838:12;1861:795;1862:1086;1863:895;1864:894
339.9818,1788883205.0366,6,4554.40,3549.95,8104.35,307.7,9084.8,54168.7,0.0,6761.296,522.528,307.522,1838:12;1861:782;1862:1054;1863:841;1864:861
340.0858,1788883205.1406,6,4606.71,3537.73,8144.45,115.6,9097.4,54156.1,0.0,6761.296,522.528,307.522,1838:12;1861:782;1862:1042;1863:841;1864:861
340.1896,1788883205.2444,6,4632.81,3537.73,8170.54,106.0,9112.8,54140.7,0.0,6761.296,522.528,307.522,1838:12;1861:782;1862:1042;1863:841;1864:861
340.2933,1788883205.3482,6,4650.93,3537.73,8188.66,106.0,9108.8,54144.7,0.0,6761.296,522.528,307.522,1838:12;1861:782;1862:1042;1863:841;1864:861
340.3971,1788883205.4519,6,4614.69,3537.73,8152.42,96.4,9108.8,54144.7,0.0,6761.296,522.528,307.522,1838:12;1861:782;1862:1042;1863:841;1864:861
340.5009,1788883205.5557,6,4557.47,3537.73,8095.20,106.0,9069.8,54183.7,0.0,6761.296,522.528,307.522,1838:12;1861:782;1862:1042;1863:841;1864:861
340.6046,1788883205.6594,6,4574.13,3537.73,8111.86,96.4,9111.7,54141.8,0.0,6762.783,524.015,307.522,1838:12;1861:782;1862:1042;1863:841;1864:861
340.7084,1788883205.7632,6,4610.58,3537.75,8148.34,192.7,9071.8,54181.7,0.0,6793.245,554.478,307.522,1838:12;1861:782;1862:1042;1863:841;1864:861
340.8122,1788883205.8671,6,4666.75,3537.75,8204.51,106.1,9134.5,54119.0,0.0,6793.245,554.478,307.522,1838:12;1861:782;1862:1042;1863:841;1864:861
340.9159,1788883205.9707,6,4696.68,3537.75,8234.44,106.0,9158.5,54095.0,0.0,6793.245,554.478,307.522,1838:12;1861:782;1862:1042;1863:841;1864:861
341.0197,1788883206.0745,6,4664.77,3758.45,8423.21,348.6,9188.6,54064.9,0.0,6793.246,554.478,307.522,1838:12;1861:838;1862:1096;1863:896;1864:916
341.1262,1788883206.1810,6,4676.98,3537.66,8214.65,354.7,9052.1,54201.4,0.0,6793.246,554.478,307.522,1838:12;1861:782;1862:1041;1863:841;1864:861
341.2302,1788883206.2850,6,4732.84,3537.66,8270.50,105.9,9101.1,54152.4,0.0,6793.246,554.478,307.522,1838:12;1861:782;1862:1041;1863:841;1864:861
341.3340,1788883206.3888,6,4759.78,3537.66,8297.45,96.4,9164.3,54089.2,0.0,6793.246,554.478,307.522,1838:12;1861:782;1862:1041;1863:841;1864:861
341.4377,1788883206.4925,6,4773.50,3537.66,8311.16,106.0,9164.3,54089.2,0.0,6793.246,554.478,307.522,1838:12;1861:782;1862:1041;1863:841;1864:861
341.5415,1788883206.5963,6,4737.26,3537.66,8274.92,96.4,9164.3,54089.2,0.0,6793.246,554.478,307.522,1838:12;1861:782;1862:1041;1863:841;1864:861
341.6453,1788883206.7001,6,4680.04,3537.66,8217.70,106.0,9164.5,54089.0,0.0,6793.246,554.478,307.522,1838:12;1861:782;1862:1041;1863:841;1864:861
341.7491,1788883206.8039,6,4708.72,3537.67,8246.39,173.5,9186.8,54066.7,0.0,6793.246,554.478,307.522,1838:12;1861:782;1862:1041;1863:841;1864:861
341.8529,1788883206.9078,6,4726.77,3537.67,8264.44,115.7,9235.1,54018.3,0.0,6827.399,588.631,307.522,1838:12;1861:782;1862:1041;1863:841;1864:861
341.9567,1788883207.0115,6,4785.59,3537.67,8323.26,115.7,9298.3,53955.2,0.0,6827.399,588.631,307.522,1838:12;1861:782;1862:1041;1863:841;1864:861
342.0604,1788883207.1152,6,4833.06,3537.67,8370.73,96.3,9326.5,53927.0,0.0,6827.399,588.631,307.522,1838:12;1861:782;1862:1041;1863:841;1864:861
342.1642,1788883207.2190,6,4798.94,3592.24,8391.18,246.5,9345.3,53908.2,0.0,6827.399,588.632,307.522,1838:12;1861:797;1862:1053;1863:858;1864:872
342.2701,1788883207.3249,6,4798.94,3616.27,8415.20,354.6,9328.4,53925.1,0.0,6827.399,588.632,307.522,1838:12;1861:794;1862:1074;1863:841;1864:894
342.3741,1788883207.4289,6,4840.14,3537.87,8378.01,221.2,9356.1,53897.4,0.0,6827.399,588.632,307.522,1838:12;1861:782;1862:1041;1863:841;1864:861
342.4781,1788883207.5329,6,4877.79,3537.87,8415.65,86.7,9360.1,53893.4,0.0,6827.399,588.632,307.522,1838:12;1861:782;1862:1041;1863:841;1864:861
342.5818,1788883207.6366,6,4889.54,3537.87,8427.41,106.1,9360.1,53893.4,0.0,6827.399,588.632,307.522,1838:12;1861:782;1862:1041;1863:841;1864:861
342.6856,1788883207.7404,6,4907.66,3537.87,8445.53,173.4,9344.3,53909.2,0.0,6827.399,588.632,307.522,1838:12;1861:782;1862:1041;1863:841;1864:861
342.7895,1788883207.8443,6,4814.09,3537.87,8351.96,96.3,9283.5,53970.0,0.0,6827.399,588.632,307.522,1838:12;1861:782;1862:1041;1863:841;1864:861
342.8933,1788883207.9481,6,4832.40,3537.87,8370.27,105.9,9306.8,53946.7,0.0,6827.399,588.632,307.522,1838:12;1861:782;1862:1041;1863:841;1864:861
342.9971,1788883208.0520,6,4848.39,3537.87,8386.26,106.0,9271.3,53982.2,0.0,6861.216,622.449,307.522,1838:12;1861:782;1862:1041;1863:841;1864:861
343.1009,1788883208.1557,6,4906.72,3537.87,8444.59,96.5,9325.7,53927.8,0.0,6861.216,622.449,307.522,1838:12;1861:782;1862:1041;1863:841;1864:861
343.2045,1788883208.2593,6,4964.46,3537.87,8502.33,96.6,9380.5,53873.0,0.0,6861.216,622.449,307.522,1838:12;1861:782;1862:1041;1863:841;1864:861
343.3080,1788883208.3628,6,4931.40,3537.99,8469.39,152.1,9380.9,53872.6,0.0,6861.217,622.449,307.522,1838:12;1861:782;1862:1041;1863:841;1864:861
343.4135,1788883208.4683,6,4931.40,3635.92,8567.32,422.6,9443.3,53810.2,0.0,6861.217,622.449,307.522,1838:12;1861:815;1862:1074;1863:841;1864:894
343.5175,1788883208.5723,6,4955.68,3549.89,8505.57,231.0,9449.3,53804.2,0.0,6861.217,622.449,307.522,1838:12;1861:782;1862:1053;1863:841;1864:861
343.6213,1788883208.6761,6,5019.48,3537.68,8557.16,105.7,9489.7,53763.8,0.0,6861.217,622.449,307.522,1838:12;1861:782;1862:1041;1863:841;1864:861
343.7254,1788883208.7802,6,5022.05,3537.68,8559.73,173.1,9513.2,53740.3,0.0,6861.217,622.449,307.522,1838:12;1861:782;1862:1041;1863:841;1864:861
343.8293,1788883208.8841,6,5040.16,3537.68,8577.85,105.9,9513.2,53740.3,0.0,6861.217,622.449,307.522,1838:12;1861:782;1862:1041;1863:841;1864:861
343.9331,1788883208.9879,6,5003.93,3537.68,8541.61,96.3,9513.3,53740.2,0.0,6861.217,622.449,307.522,1838:12;1861:782;1862:1041;1863:841;1864:861
344.0369,1788883209.0917,6,4946.71,3537.68,8484.39,96.3,9461.9,53791.6,0.0,6861.217,622.449,307.522,1838:12;1861:782;1862:1041;1863:841;1864:861
344.1407,1788883209.1955,6,4958.05,3537.68,8495.73,115.5,9377.8,53875.7,0.0,6893.822,655.055,307.522,1838:12;1861:782;1862:1041;1863:841;1864:861
344.2447,1788883209.2995,6,5018.08,3537.68,8555.77,106.0,9440.9,53812.5,0.0,6893.822,655.055,307.522,1838:12;1861:782;1862:1041;1863:841;1864:861
344.3484,1788883209.4032,6,5075.25,3537.68,8612.93,96.5,9503.7,53749.8,0.0,6893.822,655.055,307.522,1838:12;1861:782;1862:1041;1863:841;1864:861
344.4520,1788883209.5068,6,5055.94,3537.68,8593.62,96.3,9511.9,53741.6,0.0,6893.823,655.055,307.522,1838:12;1861:782;1862:1041;1863:841;1864:861
344.5558,1788883209.6106,6,5055.94,3624.11,8680.05,454.4,9639.4,53614.1,0.0,6893.823,655.055,307.522,1838:12;1861:814;1862:1074;1863:841;1864:882
344.6617,1788883209.7166,6,5080.36,3537.76,8618.12,252.0,9661.4,53592.1,0.0,6893.823,655.055,307.522,1838:12;1861:782;1862:1041;1863:841;1864:861
344.7688,1788883209.8237,6,5155.84,3537.76,8693.60,153.5,9685.8,53567.7,0.0,6893.823,655.055,307.522,1838:12;1861:782;1862:1041;1863:841;1864:861
344.8728,1788883209.9276,6,5146.54,3537.76,8684.30,106.0,9685.8,53567.7,0.0,6893.823,655.055,307.522,1838:12;1861:782;1862:1041;1863:841;1864:861
344.9766,1788883210.0314,6,5164.66,3537.76,8702.42,96.3,9685.8,53567.7,0.0,6893.823,655.055,307.522,1838:12;1861:782;1862:1041;1863:841;1864:861
345.0804,1788883210.1352,6,5140.69,3537.76,8678.45,105.9,9677.9,53575.5,0.0,6893.823,655.055,307.522,1838:12;1861:782;1862:1041;1863:841;1864:861
345.1843,1788883210.2391,6,5071.20,3537.76,8608.96,96.3,9613.5,53640.0,0.0,6893.823,655.055,307.522,1838:12;1861:782;1862:1041;1863:841;1864:861
345.2882,1788883210.3430,6,5087.98,3537.76,8625.73,105.9,9554.0,53699.5,0.0,6924.827,686.060,307.522,1838:12;1861:782;1862:1041;1863:841;1864:861
345.3920,1788883210.4468,6,5142.28,3537.76,8680.04,106.1,9609.2,53644.2,0.0,6924.827,686.060,307.522,1838:12;1861:782;1862:1041;1863:841;1864:861
345.4956,1788883210.5504,6,5197.15,3537.76,8734.91,96.6,9664.1,53589.4,0.0,6924.827,686.060,307.522,1838:12;1861:782;1862:1041;1863:841;1864:861
345.5992,1788883210.6540,6,5170.76,3544.57,8715.33,182.8,9672.3,53581.2,0.0,6924.827,686.060,307.522,1838:12;1861:787;1862:1041;1863:841;1864:863
345.7032,1788883210.7580,6,5170.76,3613.70,8784.46,442.5,9696.9,53556.6,0.0,6924.827,686.060,307.522,1838:12;1861:782;1862:1074;1863:863;1864:882
345.8072,1788883210.8620,6,5195.18,3538.27,8733.45,250.2,9709.4,53544.1,0.0,6924.827,686.060,307.522,1838:12;1861:782;1862:1040;1863:842;1864:861
345.9111,1788883210.9659,6,5291.61,3538.27,8829.88,105.9,9691.7,53561.7,0.0,6924.827,686.060,307.522,1838:12;1861:782;1862:1040;1863:842;1864:861
346.0148,1788883211.0696,6,5261.34,3538.27,8799.61,115.6,9703.9,53549.6,0.0,6924.827,686.060,307.522,1838:12;1861:782;1862:1040;1863:842;1864:861
346.1186,1788883211.1734,6,5279.45,3538.27,8817.72,96.4,9703.9,53549.6,0.0,6924.827,686.060,307.522,1838:12;1861:782;1862:1040;1863:842;1864:861
346.2224,1788883211.2772,6,5186.00,3538.27,8724.27,106.0,9651.8,53601.7,0.0,6924.827,686.060,307.522,1838:12;1861:782;1862:1040;1863:842;1864:861
346.3261,1788883211.3809,6,5186.00,3538.27,8724.27,96.4,9651.8,53601.7,0.0,6924.827,686.060,307.522,1838:12;1861:782;1862:1040;1863:842;1864:861
346.4298,1788883211.4846,6,5206.87,3538.27,8745.14,115.7,9651.6,53601.9,0.0,6956.636,717.869,307.522,1838:12;1861:782;1862:1040;1863:842;1864:861
346.5336,1788883211.5884,6,5263.79,3538.27,8802.06,86.9,9706.5,53547.0,0.0,6956.636,717.869,307.522,1838:12;1861:782;1862:1040;1863:842;1864:861
346.6371,1788883211.6919,6,5318.31,3538.27,8856.58,106.3,9769.6,53483.9,0.0,6956.636,717.869,307.522,1838:12;1861:782;1862:1040;1863:842;1864:861
346.7406,1788883211.7955,6,5291.45,3558.14,8849.59,274.9,9772.5,53480.9,0.0,6956.637,717.869,307.522,1838:12;1861:788;1862:1046;1863:844;1864:868
346.8464,1788883211.9013,6,5293.07,3563.02,8856.09,397.5,9849.4,53404.0,0.0,6956.637,717.869,307.522,1838:12;1861:794;1862:1053;1863:842;1864:862
346.9522,1788883212.0070,6,5328.08,3538.60,8866.68,220.6,9883.9,53369.6,0.0,6956.637,717.869,307.522,1838:12;1861:782;1862:1040;1863:842;1864:862
347.0561,1788883212.1110,6,5368.18,3538.60,8906.78,96.3,9912.3,53341.2,0.0,6956.637,717.869,307.522,1838:12;1861:782;1862:1040;1863:842;1864:862
347.1599,1788883212.2147,6,5382.05,3538.60,8920.65,106.0,9912.3,53341.2,0.0,6956.637,717.869,307.522,1838:12;1861:782;1862:1040;1863:842;1864:862
347.2637,1788883212.3185,6,5400.17,3538.60,8938.77,96.4,9912.3,53341.2,0.0,6956.637,717.869,307.522,1838:12;1861:782;1862:1040;1863:842;1864:862
347.3674,1788883212.4222,6,5306.71,3538.60,8845.31,96.4,9865.3,53388.2,0.0,6956.637,717.869,307.522,1838:12;1861:782;1862:1040;1863:842;1864:862
347.4712,1788883212.5260,6,5312.54,3538.60,8851.14,96.4,9872.8,53380.7,0.0,6956.637,717.869,307.522,1838:12;1861:782;1862:1040;1863:842;1864:862
347.5749,1788883212.6297,6,5336.02,3538.60,8874.62,115.5,9875.7,53377.8,0.0,6989.724,750.957,307.522,1838:12;1861:782;1862:1040;1863:842;1864:862
347.6789,1788883212.7337,6,5392.64,3538.60,8931.24,154.1,9936.1,53317.4,0.0,6989.724,750.957,307.522,1838:12;1861:782;1862:1040;1863:842;1864:862
347.7826,1788883212.8374,6,5449.57,3538.60,8988.16,135.0,9976.1,53277.4,0.0,6989.724,750.957,307.522,1838:12;1861:782;1862:1040;1863:842;1864:862
347.8863,1788883212.9411,6,5418.96,3553.03,8971.99,202.1,9983.9,53269.6,0.0,6989.725,750.957,307.522,1838:12;1861:786;1862:1040;1863:846;1864:868
347.9902,1788883213.0451,6,5418.96,3623.14,9042.09,403.8,9983.9,53269.6,0.0,6989.725,750.957,307.522,1838:12;1861:814;1862:1073;1863:842;1864:882
348.0942,1788883213.1490,6,5455.59,3537.00,8992.59,240.6,10010.7,53242.8,0.0,6989.725,750.957,307.522,1838:12;1861:782;1862:1040;1863:842;1864:862
348.1981,1788883213.2529,6,5495.13,3537.00,9032.13,96.3,10055.2,53198.2,0.0,6989.725,750.957,307.522,1838:12;1861:782;1862:1040;1863:842;1864:862
348.3019,1788883213.3567,6,5509.55,3537.00,9046.55,106.0,10047.8,53205.7,0.0,6989.725,750.957,307.522,1838:12;1861:782;1862:1040;1863:842;1864:862
348.4057,1788883213.4605,6,5527.66,3537.00,9064.66,106.0,10047.8,53205.7,0.0,6989.725,750.958,307.522,1838:12;1861:782;1862:1040;1863:842;1864:862
348.5095,1788883213.5643,6,5468.88,3537.00,9005.88,86.7,10032.4,53221.1,0.0,6989.725,750.958,307.522,1838:12;1861:782;1862:1040;1863:842;1864:862
348.6133,1788883213.6681,6,5434.21,3537.00,8971.20,106.0,10000.9,53252.6,0.0,6989.725,750.958,307.522,1838:12;1861:782;1862:1040;1863:842;1864:862
348.7171,1788883213.7719,6,5463.10,3537.00,9000.10,192.7,9965.2,53288.2,0.0,7020.356,781.589,307.522,1838:12;1861:782;1862:1040;1863:842;1864:862
348.8210,1788883213.8758,6,5515.96,3537.00,9052.96,106.1,10012.6,53240.9,0.0,7020.356,781.589,307.522,1838:12;1861:782;1862:1040;1863:842;1864:862
348.9247,1788883213.9795,6,5561.33,3537.00,9098.33,96.4,10059.5,53194.0,0.0,7020.356,781.589,307.522,1838:12;1861:782;1862:1040;1863:842;1864:862
349.0284,1788883214.0832,6,5530.73,3617.40,9148.13,308.1,10069.3,53184.2,0.0,7020.356,781.589,307.522,1838:12;1861:810;1862:1059;1863:859;1864:877
349.1324,1788883214.1872,6,5540.56,3571.35,9111.91,359.3,10081.0,53172.5,0.0,7020.356,781.589,307.522,1838:12;1861:782;1862:1073;1863:842;1864:862
349.2384,1788883214.2932,6,5593.36,3537.82,9131.18,169.5,10129.0,53124.4,0.0,7020.356,781.589,307.522,1838:12;1861:782;1862:1040;1863:842;1864:862
349.3447,1788883214.3995,6,5613.14,3537.82,9150.96,105.5,10134.9,53118.6,0.0,7020.356,781.589,307.522,1838:12;1861:782;1862:1040;1863:842;1864:862
349.4486,1788883214.5034,6,5639.45,3537.82,9177.28,96.2,10151.3,53102.2,0.0,7020.356,781.589,307.522,1838:12;1861:782;1862:1040;1863:842;1864:862
349.5525,1788883214.6073,6,5603.21,3537.82,9141.04,96.3,10135.9,53117.6,0.0,7020.356,781.589,307.522,1838:12;1861:782;1862:1040;1863:842;1864:862
349.6563,1788883214.7111,6,5546.00,3537.82,9083.82,96.3,10075.2,53178.3,0.0,7020.356,781.589,307.522,1838:12;1861:782;1862:1040;1863:842;1864:862
349.7601,1788883214.8149,6,5566.79,3537.82,9104.61,173.0,10082.8,53170.7,0.0,7020.356,781.589,307.522,1838:12;1861:782;1862:1040;1863:842;1864:862
349.8641,1788883214.9189,6,5583.82,3537.82,9121.65,115.6,10096.4,53157.1,0.0,7054.868,816.101,307.522,1838:12;1861:782;1862:1040;1863:842;1864:862
349.9679,1788883215.0227,6,5640.65,3537.82,9178.47,115.6,10142.4,53111.1,0.0,7054.868,816.102,307.522,1838:12;1861:782;1862:1040;1863:842;1864:862
350.0717,1788883215.1265,6,5698.51,3537.82,9236.33,106.0,10192.3,53061.1,0.0,7054.868,816.102,307.522,1838:12;1861:782;1862:1040;1863:842;1864:862
350.1754,1788883215.2302,6,5664.09,3537.82,9201.91,96.3,10188.6,53064.9,0.0,7054.868,816.102,307.522,1838:12;1861:782;1862:1040;1863:842;1864:862
350.2792,1788883215.3340,6,5664.09,3537.82,9201.91,96.3,10188.6,53064.9,0.0,7054.868,816.102,307.522,1838:12;1861:782;1862:1040;1863:842;1864:862
350.3830,1788883215.4378,6,5664.09,3537.82,9201.91,106.1,10188.6,53064.9,0.0,7054.868,816.102,307.522,1838:12;1861:782;1862:1040;1863:842;1864:862
350.4867,1788883215.5415,6,5673.10,3537.82,9210.93,96.3,10188.6,53064.9,0.0,7054.868,816.102,307.522,1838:12;1861:782;1862:1040;1863:842;1864:862
350.5905,1788883215.6454,6,5696.75,3537.82,9234.57,96.3,10188.6,53064.9,0.0,7054.868,816.102,307.522,1838:12;1861:782;1862:1040;1863:842;1864:862
350.6944,1788883215.7492,6,5718.78,3537.82,9256.60,154.1,10190.1,53063.4,0.0,7054.868,816.102,307.522,1838:12;1861:782;1862:1040;1863:842;1864:862
350.7982,1788883215.8530,6,5725.36,3537.82,9263.19,106.0,10190.3,53063.2,0.0,7054.868,816.102,307.522,1838:12;1861:782;1862:1040;1863:842;1864:862
350.9019,1788883215.9567,6,5725.36,3537.82,9263.19,96.5,10190.3,53063.2,0.0,7054.868,816.102,307.522,1838:12;1861:782;1862:1040;1863:842;1864:862
351.0055,1788883216.0603,6,5725.36,3537.82,9263.19,96.5,10190.3,53063.2,0.0,7054.868,816.102,307.522,1838:12;1861:782;1862:1040;1863:842;1864:862
351.1091,1788883216.1639,6,5725.36,3537.82,9263.19,106.1,10182.4,53071.1,0.0,7054.868,816.102,307.522,1838:12;1861:782;1862:1040;1863:842;1864:862
351.2127,1788883216.2675,6,5725.37,3537.82,9263.19,96.6,10182.4,53071.1,0.0,7054.868,816.102,307.522,1838:12;1861:782;1862:1040;1863:842;1864:862
351.3162,1788883216.3710,6,5725.37,3537.82,9263.19,96.4,10182.4,53071.1,0.0,7054.868,816.102,307.522,1838:12;1861:782;1862:1040;1863:842;1864:862
351.4199,1788883216.4748,6,5665.19,3537.82,9203.01,106.0,10182.4,53071.1,0.0,7054.868,816.102,307.522,1838:12;1861:782;1862:1040;1863:842;1864:862
351.5238,1788883216.5786,6,5665.19,3537.82,9203.01,96.5,10182.4,53071.1,0.0,7054.868,816.102,307.522,1838:12;1861:782;1862:1040;1863:842;1864:862
351.6274,1788883216.6822,6,5665.22,3537.82,9203.04,106.3,10179.7,53073.8,0.0,7054.868,816.102,307.522,1838:12;1861:782;1862:1040;1863:842;1864:862
351.7309,1788883216.7857,6,5665.22,3537.82,9203.05,173.9,10166.5,53087.0,0.0,7054.868,816.102,307.522,1838:12;1861:782;1862:1040;1863:842;1864:862
351.8344,1788883216.8892,6,5665.23,3537.82,9203.05,96.7,10162.9,53090.5,0.0,7054.868,816.102,307.522,1838:12;1861:782;1862:1040;1863:842;1864:862
351.9377,1788883216.9925,6,5665.23,3537.82,9203.05,106.5,10159.4,53094.1,0.0,7054.868,816.102,307.522,1838:12;1861:782;1862:1040;1863:842;1864:862
352.0409,1788883217.0957,6,5665.23,3537.82,9203.05,96.9,10151.5,53102.0,0.0,7054.868,816.102,307.522,1838:12;1861:782;1862:1040;1863:842;1864:862
352.1443,1788883217.1991,6,5665.23,3537.82,9203.05,96.8,10144.1,53109.4,0.0,7054.868,816.102,307.522,1838:12;1861:782;1862:1040;1863:842;1864:862
352.2474,1788883217.3022,6,5665.23,3537.82,9203.05,96.9,10140.2,53113.3,0.0,7054.868,816.102,307.522,1838:12;1861:782;1862:1040;1863:842;1864:862
352.3506,1788883217.4054,6,5665.23,3537.82,9203.05,106.7,10128.7,53124.7,0.0,7054.868,816.102,307.522,1838:12;1861:782;1862:1040;1863:842;1864:862
352.4537,1788883217.5085,6,5665.23,3537.82,9203.05,106.7,10125.2,53128.3,0.0,7054.868,816.102,307.522,1838:12;1861:782;1862:1040;1863:842;1864:862
352.5568,1788883217.6116,6,5665.23,3537.82,9203.05,97.0,10121.6,53131.8,0.0,7054.868,816.102,307.522,1838:12;1861:782;1862:1040;1863:842;1864:862
352.6599,1788883217.7148,6,5665.23,3537.82,9203.05,97.0,10118.5,53135.0,0.0,7054.868,816.102,307.522,1838:12;1861:782;1862:1040;1863:842;1864:862
352.7630,1788883217.8179,6,5665.23,3537.82,9203.05,135.8,10115.3,53138.2,0.0,7054.868,816.102,307.522,1838:12;1861:782;1862:1040;1863:842;1864:862
352.8662,1788883217.9210,6,5665.23,3537.82,9203.05,106.4,10112.1,53141.4,0.0,7054.868,816.102,307.522,1838:12;1861:782;1862:1040;1863:842;1864:862
352.9696,1788883218.0244,6,5665.23,3537.82,9203.05,96.5,10112.0,53141.4,0.0,7054.868,816.102,307.522,1838:12;1861:782;1862:1040;1863:842;1864:862
353.0732,1788883218.1280,6,5665.23,3537.82,9203.05,106.1,10099.9,53153.6,0.0,7054.868,816.103,307.522,1838:12;1861:782;1862:1040;1863:842;1864:862
353.1768,1788883218.2316,6,5665.23,3537.82,9203.06,96.5,10099.9,53153.6,0.0,7054.868,816.103,307.522,1838:12;1861:782;1862:1040;1863:842;1864:862
353.2805,1788883218.3353,6,5665.23,3537.82,9203.06,96.5,10099.9,53153.6,0.0,7054.868,816.103,307.522,1838:12;1861:782;1862:1040;1863:842;1864:862
353.3841,1788883218.4389,6,5665.23,3537.82,9203.06,106.1,10099.9,53153.6,0.0,7054.868,816.103,307.522,1838:12;1861:782;1862:1040;1863:842;1864:862
353.4877,1788883218.5425,6,5665.23,3537.82,9203.06,96.5,10099.9,53153.6,0.0,7054.868,816.103,307.522,1838:12;1861:782;1862:1040;1863:842;1864:862
353.5913,1788883218.6461,6,5665.23,3537.82,9203.06,96.5,10099.9,53153.6,0.0,7054.868,816.103,307.522,1838:12;1861:782;1862:1040;1863:842;1864:862
353.6949,1788883218.7498,6,5665.24,3537.82,9203.06,164.2,10094.6,53158.8,0.0,7054.868,816.103,307.522,1838:12;1861:782;1862:1040;1863:842;1864:862
353.7985,1788883218.8533,6,5665.25,3537.82,9203.07,96.5,10094.6,53158.8,0.0,7054.868,816.103,307.522,1838:12;1861:782;1862:1040;1863:842;1864:862
353.9022,1788883218.9570,6,5665.25,3537.82,9203.07,106.1,10094.6,53158.8,0.0,7054.868,816.103,307.522,1838:12;1861:782;1862:1040;1863:842;1864:862
354.0058,1788883219.0606,6,5665.25,3537.82,9203.07,96.5,10093.6,53159.9,0.0,7054.868,816.103,307.522,1838:12;1861:782;1862:1040;1863:842;1864:862
354.1095,1788883219.1644,6,5665.25,3537.82,9203.07,96.4,10075.2,53178.3,0.0,7054.868,816.103,307.522,1838:12;1861:782;1862:1040;1863:842;1864:862
354.2132,1788883219.2680,6,5665.25,3537.82,9203.07,106.2,10075.2,53178.3,0.0,7054.868,816.103,307.522,1838:12;1861:782;1862:1040;1863:842;1864:862
354.3168,1788883219.3716,6,5665.25,3537.82,9203.07,96.5,10075.2,53178.3,0.0,7054.868,816.103,307.522,1838:12;1861:782;1862:1040;1863:842;1864:862
354.4204,1788883219.4752,6,5665.25,3537.82,9203.07,96.5,10075.2,53178.3,0.0,7054.868,816.103,307.522,1838:12;1861:782;1862:1040;1863:842;1864:862
354.5240,1788883219.5788,6,5665.26,3537.82,9203.08,106.2,10075.2,53178.3,0.0,7054.868,816.103,307.522,1838:12;1861:782;1862:1040;1863:842;1864:862
354.6276,1788883219.6824,6,5665.26,3537.82,9203.08,96.4,10075.2,53178.3,0.0,7054.868,816.103,307.522,1838:12;1861:782;1862:1040;1863:842;1864:862
354.7313,1788883219.7862,6,5665.26,3537.82,9203.08,153.9,10075.1,53178.4,0.0,7054.868,816.103,307.522,1838:12;1861:782;1862:1040;1863:842;1864:862
354.8353,1788883219.8901,6,5665.26,3537.82,9203.08,96.3,10075.1,53178.4,0.0,7054.868,816.103,307.522,1838:12;1861:782;1862:1040;1863:842;1864:862
354.9392,1788883219.9940,6,5665.26,3537.82,9203.08,96.3,10075.4,53178.1,0.0,7054.868,816.103,307.522,1838:12;1861:782;1862:1040;1863:842;1864:862
355.0429,1788883220.0978,6,5665.26,3537.82,9203.08,105.8,10065.7,53187.8,0.0,7054.868,816.103,307.522,1838:12;1861:782;1862:1040;1863:842;1864:862
355.1469,1788883220.2017,6,5665.26,3537.82,9203.08,96.3,10058.8,53194.7,0.0,7054.868,816.103,307.522,1838:12;1861:782;1862:1040;1863:842;1864:862
355.2508,1788883220.3056,6,5665.26,3537.82,9203.09,106.0,10058.8,53194.7,0.0,7054.868,816.103,307.522,1838:12;1861:782;1862:1040;1863:842;1864:862
355.3546,1788883220.4094,6,5665.26,3537.82,9203.09,96.3,10058.8,53194.7,0.0,7054.868,816.103,307.522,1838:12;1861:782;1862:1040;1863:842;1864:862
355.4584,1788883220.5132,6,5665.26,3537.82,9203.09,96.4,10053.9,53199.6,0.0,7054.868,816.103,307.522,1838:12;1861:782;1862:1040;1863:842;1864:862
355.5622,1788883220.6170,6,5665.26,3537.82,9203.09,106.0,10053.9,53199.6,0.0,7054.868,816.103,307.522,1838:12;1861:782;1862:1040;1863:842;1864:862
355.6659,1788883220.7207,6,5685.81,3537.83,9223.64,144.4,10048.3,53205.2,0.0,7054.868,816.103,307.522,1838:12;1861:782;1862:1040;1863:842;1864:862
355.7698,1788883220.8246,6,5685.81,3537.84,9223.65,125.1,10048.5,53204.9,0.0,7054.868,816.103,307.522,1838:12;1861:782;1862:1040;1863:842;1864:862
355.8737,1788883220.9285,6,5685.81,3537.84,9223.65,105.9,10048.5,53204.9,0.0,7054.868,816.103,307.522,1838:12;1861:782;1862:1040;1863:842;1864:862
355.9775,1788883221.0323,6,5685.81,3537.84,9223.65,105.9,10048.5,53205.0,0.0,7054.868,816.103,307.522,1838:12;1861:782;1862:1040;1863:842;1864:862
356.0815,1788883221.1363,6,5685.81,3537.84,9223.65,96.2,10036.8,53216.7,0.0,7054.868,816.103,307.522,1838:12;1861:782;1862:1040;1863:842;1864:862
356.1853,1788883221.2401,6,5685.81,3537.84,9223.65,105.9,10036.8,53216.7,0.0,7054.868,816.103,307.522,1838:12;1861:782;1862:1040;1863:842;1864:862
356.2892,1788883221.3440,6,5685.81,3537.84,9223.65,96.3,10029.2,53224.2,0.0,7054.868,816.103,307.522,1838:12;1861:782;1862:1040;1863:842;1864:862
356.3930,1788883221.4478,6,5685.81,3537.84,9223.65,96.3,10029.2,53224.2,0.0,7054.868,816.103,307.522,1838:12;1861:782;1862:1040;1863:842;1864:862
356.4968,1788883221.5516,6,5685.81,3537.84,9223.65,106.0,10029.2,53224.2,0.0,7054.868,816.103,307.522,1838:12;1861:782;1862:1040;1863:842;1864:862
356.6006,1788883221.6554,6,5685.81,3537.84,9223.65,96.3,10029.2,53224.2,0.0,7054.868,816.103,307.522,1838:12;1861:782;1862:1040;1863:842;1864:862
356.7044,1788883221.7592,6,5685.81,3537.84,9223.65,144.2,10027.0,53226.5,0.0,7054.868,816.103,307.522,1838:12;1861:782;1862:1040;1863:842;1864:862
356.8084,1788883221.8632,6,5685.81,3537.84,9223.65,105.8,10027.0,53226.5,0.0,7054.868,816.104,307.522,1838:12;1861:782;1862:1040;1863:842;1864:862
356.9123,1788883221.9671,6,5685.81,3537.84,9223.65,105.9,10027.0,53226.5,0.0,7054.868,816.104,307.522,1838:12;1861:782;1862:1040;1863:842;1864:862
357.0162,1788883222.0710,6,5685.81,3537.84,9223.65,96.2,10017.2,53236.3,0.0,7054.868,816.104,307.522,1838:12;1861:782;1862:1040;1863:842;1864:862
357.1202,1788883222.1750,6,5685.81,3537.84,9223.65,96.2,10012.5,53241.0,0.0,7054.868,816.104,307.522,1838:12;1861:782;1862:1040;1863:842;1864:862
357.2240,1788883222.2789,6,5685.82,3537.84,9223.65,106.0,10012.5,53241.0,0.0,7054.868,816.104,307.522,1838:12;1861:782;1862:1040;1863:842;1864:862
357.3278,1788883222.3826,6,5685.82,3537.84,9223.65,96.4,10012.5,53241.0,0.0,7054.868,816.104,307.522,1838:12;1861:782;1862:1040;1863:842;1864:862
357.4316,1788883222.4864,6,5685.82,3537.84,9223.65,96.4,10012.5,53241.0,0.0,7054.868,816.104,307.522,1838:12;1861:782;1862:1040;1863:842;1864:862
357.5354,1788883222.5902,6,5685.82,3537.84,9223.65,106.0,10012.5,53241.0,0.0,7054.868,816.104,307.522,1838:12;1861:782;1862:1040;1863:842;1864:862
357.6391,1788883222.6940,6,5685.82,3537.84,9223.65,96.4,10012.5,53241.0,0.0,7054.868,816.104,307.522,1838:12;1861:782;1862:1040;1863:842;1864:862
357.7429,1788883222.7977,6,5685.82,3537.84,9223.65,163.8,10008.1,53245.4,0.0,7054.868,816.104,307.522,1838:12;1861:782;1862:1040;1863:842;1864:862
357.8467,1788883222.9015,6,5685.82,3537.84,9223.65,96.3,10008.1,53245.4,0.0,7054.868,816.104,307.522,1838:12;1861:782;1862:1040;1863:842;1864:862
357.9505,1788883223.0054,6,5685.82,3537.84,9223.65,105.9,10003.9,53249.5,0.0,7054.868,816.104,307.522,1838:12;1861:782;1862:1040;1863:842;1864:862
358.0544,1788883223.1092,6,5685.82,3537.84,9223.65,96.2,9990.4,53263.1,0.0,7054.868,816.104,307.522,1838:12;1861:782;1862:1040;1863:842;1864:862
358.1584,1788883223.2132,6,5685.82,3537.84,9223.65,96.3,9990.4,53263.1,0.0,7054.868,816.104,307.522,1838:12;1861:782;1862:1040;1863:842;1864:862
358.2622,1788883223.3170,6,5685.82,3537.84,9223.65,106.0,9990.4,53263.1,0.0,7054.868,816.104,307.522,1838:12;1861:782;1862:1040;1863:842;1864:862
358.3660,1788883223.4208,6,5685.82,3537.84,9223.65,96.4,9990.4,53263.1,0.0,7054.868,816.104,307.522,1838:12;1861:782;1862:1040;1863:842;1864:862
358.4698,1788883223.5246,6,5685.82,3537.84,9223.65,106.0,9990.4,53263.1,0.0,7054.868,816.104,307.522,1838:12;1861:782;1862:1040;1863:842;1864:862
358.5735,1788883223.6283,6,5685.82,3537.84,9223.65,96.4,9990.4,53263.1,0.0,7054.868,816.104,307.522,1838:12;1861:782;1862:1040;1863:842;1864:862
358.6773,1788883223.7321,6,5685.82,3537.84,9223.65,163.8,9987.7,53265.8,0.0,7054.868,816.106,307.522,1838:12;1861:782;1862:1040;1863:842;1864:862
358.7810,1788883223.8358,6,5685.82,3537.84,9223.65,105.9,9987.7,53265.8,0.0,7054.868,816.106,307.522,1838:12;1861:782;1862:1040;1863:842;1864:862
358.8848,1788883223.9396,6,5685.82,3537.84,9223.65,96.4,9987.7,53265.8,0.0,7054.868,816.106,307.522,1838:12;1861:782;1862:1040;1863:842;1864:862
358.9886,1788883224.0434,6,5685.82,3537.84,9223.65,106.0,9986.9,53266.5,0.0,7054.868,816.106,307.522,1838:12;1861:782;1862:1040;1863:842;1864:862
359.0924,1788883224.1473,6,5687.95,3537.84,9225.79,96.3,9976.7,53276.8,0.0,7054.868,816.106,307.522,1838:12;1861:782;1862:1040;1863:842;1864:862
359.1962,1788883224.2510,6,5714.93,3537.84,9252.76,106.1,9973.1,53280.4,0.0,7054.868,816.106,307.522,1838:12;1861:782;1862:1040;1863:842;1864:862
359.2999,1788883224.3547,6,5714.97,3537.84,9252.81,96.7,9970.3,53283.1,0.0,7054.868,816.106,307.522,1838:12;1861:782;1862:1040;1863:842;1864:862
359.4033,1788883224.4581,6,5714.97,3537.84,9252.81,96.9,9968.0,53285.5,0.0,7054.868,816.106,307.522,1838:12;1861:782;1862:1040;1863:842;1864:862
359.5066,1788883224.5614,6,5714.97,3537.84,9252.81,106.6,9965.2,53288.3,0.0,7054.868,816.106,307.522,1838:12;1861:782;1862:1040;1863:842;1864:862
359.6097,1788883224.6645,6,5714.97,3537.84,9252.81,96.9,9962.5,53291.0,0.0,7054.868,816.106,307.522,1838:12;1861:782;1862:1040;1863:842;1864:862
359.7129,1788883224.7677,6,5713.82,3537.84,9251.66,155.1,9947.2,53306.3,0.0,7054.868,816.106,307.522,1838:12;1861:782;1862:1040;1863:842;1864:862
359.8160,1788883224.8708,6,5713.82,3537.84,9251.66,97.0,9957.8,53295.6,0.0,7054.868,816.106,307.522,1838:12;1861:782;1862:1040;1863:842;1864:862
359.9192,1788883224.9740,6,5713.82,3537.84,9251.66,96.9,9955.1,53298.4,0.0,7054.868,816.106,307.522,1838:12;1861:782;1862:1040;1863:842;1864:862
360.0223,1788883225.0771,6,5713.82,3537.84,9251.66,97.0,9952.2,53301.3,0.0,7054.868,816.106,307.522,1838:12;1861:782;1862:1040;1863:842;1864:862
360.1255,1788883225.1803,6,5713.82,3537.84,9251.66,106.7,9947.0,53306.5,0.0,7054.868,816.106,307.522,1838:12;1861:782;1862:1040;1863:842;1864:862
360.2286,1788883225.2834,6,5713.82,3537.84,9251.66,106.7,9950.2,53303.3,0.0,7054.869,816.106,307.522,1838:12;1861:782;1862:1040;1863:842;1864:862
360.3317,1788883225.3865,6,5666.06,3537.84,9203.89,96.9,9940.2,53313.3,0.0,7054.869,816.106,307.522,1838:12;1861:782;1862:1040;1863:842;1864:862
360.4349,1788883225.4897,6,5666.06,3537.84,9203.89,96.8,9940.2,53313.3,0.0,7054.869,816.106,307.522,1838:12;1861:782;1862:1040;1863:842;1864:862
360.5383,1788883225.5931,6,5666.06,3537.84,9203.89,96.7,9940.2,53313.3,0.0,7054.869,816.106,307.522,1838:12;1861:782;1862:1040;1863:842;1864:862
360.6417,1788883225.6965,6,5666.06,3537.84,9203.89,106.4,9940.2,53313.3,0.0,7054.869,816.106,307.522,1838:12;1861:782;1862:1040;1863:842;1864:862
360.7450,1788883225.7998,6,5666.06,3537.84,9203.89,164.7,9939.9,53313.6,0.0,7054.869,816.106,307.522,1838:12;1861:782;1862:1040;1863:842;1864:862
360.8483,1788883225.9031,6,5666.11,3537.84,9203.95,106.4,9939.9,53313.6,0.0,7054.869,816.106,307.522,1838:12;1861:782;1862:1040;1863:842;1864:862
360.9517,1788883226.0065,6,5666.11,3537.84,9203.95,96.4,9937.0,53316.4,0.0,7054.869,816.106,307.522,1838:12;1861:782;1862:1040;1863:842;1864:862
361.0555,1788883226.1103,6,5666.11,3537.84,9203.95,96.5,9932.9,53320.6,0.0,7054.869,816.106,307.522,1838:12;1861:782;1862:1040;1863:842;1864:862
361.1593,1788883226.2141,6,5666.12,3537.84,9203.95,106.2,9929.2,53324.3,0.0,7054.869,816.106,307.522,1838:12;1861:782;1862:1040;1863:842;1864:862
361.2628,1788883226.3176,6,5666.12,3537.84,9203.95,96.7,9929.2,53324.3,0.0,7054.869,816.106,307.522,1838:12;1861:782;1862:1040;1863:842;1864:862
361.3661,1788883226.4209,6,5666.12,3537.84,9203.95,96.6,9929.2,53324.3,0.0,7054.869,816.106,307.522,1838:12;1861:782;1862:1040;1863:842;1864:862
361.4696,1788883226.5244,6,5666.12,3537.84,9203.95,106.2,9929.2,53324.3,0.0,7054.869,816.106,307.522,1838:12;1861:782;1862:1040;1863:842;1864:862
361.5732,1788883226.6281,6,5666.12,3537.84,9203.95,96.6,9929.2,53324.3,0.0,7054.869,816.106,307.522,1838:12;1861:782;1862:1040;1863:842;1864:862
361.6767,1788883226.7315,6,5666.12,3537.84,9203.95,145.3,9929.2,53324.3,0.0,7054.869,816.106,307.522,1838:12;1861:782;1862:1040;1863:842;1864:862
361.7800,1788883226.8348,6,5666.12,3537.84,9203.95,106.4,9929.2,53324.3,0.0,7054.869,816.106,307.522,1838:12;1861:782;1862:1040;1863:842;1864:862
361.8834,1788883226.9382,6,5666.12,3537.84,9203.95,96.4,9929.2,53324.3,0.0,7054.869,816.106,307.522,1838:12;1861:782;1862:1040;1863:842;1864:862
361.9872,1788883227.0420,6,5666.12,3537.84,9203.95,105.9,9918.0,53335.5,0.0,7054.869,816.106,307.522,1838:12;1861:782;1862:1040;1863:842;1864:862
362.0911,1788883227.1459,6,5644.18,3537.84,9182.02,96.4,9887.0,53366.5,0.0,7054.869,816.106,307.522,1838:12;1861:782;1862:1040;1863:842;1864:862
362.1948,1788883227.2496,6,5628.41,3537.84,9166.25,96.5,9869.8,53383.7,0.0,7054.869,816.106,307.522,1838:12;1861:782;1862:1040;1863:842;1864:862
362.2984,1788883227.3532,6,5615.59,3537.84,9153.42,106.1,9858.4,53395.1,0.0,7054.869,816.106,307.522,1838:12;1861:782;1862:1040;1863:842;1864:862
362.4021,1788883227.4569,6,5352.20,3537.84,8890.03,96.4,9592.5,53661.0,0.0,7054.869,816.106,307.522,1838:12;1861:782;1862:1040;1863:842;1864:862
362.5058,1788883227.5606,6,4432.76,3537.84,7970.60,115.9,8670.4,54583.0,0.0,7054.869,816.106,307.522,1838:12;1861:782;1862:1040;1863:842;1864:862
362.6094,1788883227.6642,6,3280.06,3512.41,6792.47,170.4,7498.8,55754.7,0.0,7054.870,816.118,307.522,1838:12;1861:768;1862:1038;1863:835;1864:859
362.7155,1788883227.7703,6,3280.06,3417.46,6697.52,163.0,7404.1,55849.4,0.0,7054.870,816.130,307.522,1838:12;1861:740;1862:1020;1863:834;1864:811
362.8195,1788883227.8743,6,3280.06,1612.51,4892.57,413.6,6215.4,57038.1,0.0,7054.870,816.132,307.526,1838:12;1861:0;1862:838;1863:763;1864:0
362.9235,1788883227.9783,2,3091.10,12.29,3103.39,9.6,4182.2,59071.3,0.0,7054.870,816.139,307.526,1838:12
