t_mono,t_wall,n_procs,client_rss_mb,workers_rss_mb,tree_rss_mb,tree_cpu_pct,sys_used_mb,sys_available_mb,swap_used_mb,net_recv_mb,net_sent_mb,disk_read_mb,workers
621.9308,1788883486.9856,2,23.01,12.27,35.28,0.0,1038.6,62214.9,0.0,13780.531,1510.619,307.604,4799:12
622.0346,1788883487.0894,2,23.01,12.27,35.28,0.0,1046.4,62207.1,0.0,13780.532,1510.619,307.604,4799:12
622.1383,1788883487.1931,2,23.01,12.27,35.28,0.0,1046.4,62207.1,0.0,13780.532,1510.619,307.604,4799:12
622.2419,1788883487.2967,2,36.54,12.27,48.82,77.2,1053.9,62199.6,0.0,13780.532,1510.619,307.604,4799:12
622.3460,1788883487.4008,2,61.82,12.27,74.10,1390.7,1065.7,62187.8,0.0,13780.532,1510.619,307.604,4799:12
622.4526,1788883487.5074,2,73.29,12.27,85.56,106.2,1073.2,62180.3,0.0,13780.532,1510.619,307.604,4799:12
622.5562,1788883487.6110,2,97.73,12.27,110.01,106.2,1088.6,62164.9,0.0,13780.532,1510.619,307.604,4799:12
622.6597,1788883487.7145,2,116.21,12.27,128.48,86.9,1107.5,62146.0,0.0,13780.532,1510.619,307.604,4799:12
622.7633,1788883487.8181,2,121.30,12.27,133.57,106.2,1111.5,62142.0,0.0,13780.532,1510.619,307.604,4799:12
622.8668,1788883487.9216,2,171.45,12.27,183.72,96.6,1126.8,62126.6,0.0,13780.532,1510.619,307.604,4799:12
622.9703,1788883488.0251,2,178.18,12.27,190.45,58.0,1128.7,62124.8,0.0,13780.537,1510.621,307.604,4799:12
623.0738,1788883488.1286,2,183.83,12.27,196.10,0.0,1130.7,62122.8,0.0,13780.676,1510.622,307.604,4799:12
623.1774,1788883488.2322,6,232.43,107.93,340.36,38.6,1187.8,62065.6,0.0,13780.676,1510.622,307.604,4799:12;4822:24;4823:24;4824:24;4825:24
623.2920,1788883488.3468,6,232.43,221.85,454.28,878.1,1243.9,62009.6,0.0,13780.676,1510.622,307.604,4799:12;4822:49;4823:52;4824:52;4825:56
623.4160,1788883488.4708,6,232.43,300.01,532.44,950.3,1290.8,61962.7,0.0,13780.676,1510.622,307.604,4799:12;4822:68;4823:73;4824:72;4825:74
623.5199,1788883488.5747,6,232.43,368.93,601.36,394.8,1347.2,61906.2,0.0,13780.676,1510.622,307.604,4799:12;4822:86;4823:90;4824:89;4825:92
623.6238,1788883488.6786,6,232.43,408.80,641.23,394.9,1394.6,61858.9,0.0,13780.676,1510.622,307.604,4799:12;4822:98;4823:100;4824:99;4825:100
623.7276,1788883488.7824,6,233.59,426.86,660.45,144.1,1397.6,61855.9,0.0,13780.682,1510.624,307.604,4799:12;4822:103;4823:104;4824:103;4825:104
623.8316,1788883488.8865,6,235.07,426.86,661.93,9.6,1397.6,61855.9,0.0,13780.684,1510.625,307.604,4799:12;4822:103;4823:104;4824:103;4825:104
623.9356,1788883488.9904,6,236.46,426.86,663.32,19.2,1398.8,61854.7,0.0,13780.694,1510.625,307.604,4799:12;4822:103;4823:104;4824:103;4825:104
624.0395,1788883489.0944,6,237.34,426.86,664.20,9.6,1400.3,61853.2,0.0,13780.705,1510.626,307.604,4799:12;4822:103;4823:104;4824:103;4825:104
624.1436,1788883489.1984,6,238.19,426.86,665.05,9.6,1401.0,61852.5,0.0,13780.715,1510.627,307.604,4799:12;4822:103;4823:104;4824:103;4825:104
624.2475,1788883489.3023,6,239.01,426.86,665.87,9.6,1401.7,61851.7,0.0,13780.726,1510.628,307.604,4799:12;4822:103;4823:104;4824:103;4825:104
624.3514,1788883489.4062,6,239.87,426.86,666.73,9.6,1402.7,61850.8,0.0,13780.737,1510.629,307.604,4799:12;4822:103;4823:104;4824:103;4825:104
624.4553,1788883489.5101,6,240.72,426.86,667.58,19.2,1403.5,61850.0,0.0,13780.747,1510.629,307.604,4799:12;4822:103;4823:104;4824:103;4825:104
624.5592,1788883489.6140,6,242.37,426.86,669.23,19.2,1404.8,61848.6,0.0,13780.768,1510.630,307.604,4799:12;4822:103;4823:104;4824:103;4825:104
624.6631,1788883489.7179,6,243.22,426.86,670.08,19.3,1406.2,61847.3,0.0,13780.779,1510.632,307.604,4799:12;4822:103;4823:104;4824:103;4825:104
624.7670,1788883489.8218,6,244.07,426.86,670.93,9.6,1406.9,61846.6,0.0,13780.789,1510.633,307.604,4799:12;4822:103;4823:104;4824:103;4825:104
624.8707,1788883489.9255,6,244.89,426.86,671.75,9.7,1407.6,61845.8,0.0,13780.800,1510.633,307.604,4799:12;4822:103;4823:104;4824:103;4825:104
624.9743,1788883490.0291,6,245.73,426.86,672.59,9.7,1408.6,61844.8,0.0,13780.810,1510.634,307.604,4799:12;4822:103;4823:104;4824:103;4825:104
625.0776,1788883490.1324,6,246.56,426.86,673.42,19.4,1409.4,61844.1,0.0,13780.821,1510.635,307.604,4799:12;4822:103;4823:104;4824:103;4825:104
625.1808,1788883490.2356,6,247.40,426.86,674.26,9.7,1409.9,61843.6,0.0,13780.832,1510.636,307.604,4799:12;4822:103;4823:104;4824:103;4825:104
625.2840,1788883490.3388,6,249.01,426.86,675.87,29.1,1411.6,61841.8,0.0,13780.853,1510.637,307.604,4799:12;4822:103;4823:104;4824:103;4825:104
625.3872,1788883490.4420,6,249.06,426.86,675.92,38.6,1411.8,61841.6,0.0,13780.853,1510.638,307.604,4799:12;4822:103;4823:104;4824:103;4825:104
625.4908,1788883490.5456,6,249.88,426.86,676.74,9.7,1412.8,61840.7,0.0,13780.863,1510.638,307.604,4799:12;4822:103;4823:104;4824:103;4825:104
625.5942,1788883490.6490,6,251.48,426.86,678.34,9.6,1413.9,61839.5,0.0,13780.884,1510.639,307.604,4799:12;4822:103;4823:104;4824:103;4825:104
625.6980,1788883490.7528,6,252.36,426.88,679.23,28.8,1415.3,61838.2,0.0,13780.895,1510.641,307.604,4799:12;4822:103;4823:104;4824:103;4825:104
625.8022,1788883490.8570,6,253.20,426.88,680.08,9.6,1416.0,61837.5,0.0,13780.905,1510.641,307.604,4799:12;4822:103;4823:104;4824:103;4825:104
625.9062,1788883490.9610,6,254.02,426.88,680.89,9.6,1416.8,61836.7,0.0,13780.916,1510.642,307.604,4799:12;4822:103;4823:104;4824:103;4825:104
626.0100,1788883491.0648,6,254.86,426.88,681.74,19.2,1417.7,61835.7,0.0,13780.926,1510.643,307.604,4799:12;4822:103;4823:104;4824:103;4825:104
626.1140,1788883491.1688,6,255.70,426.88,682.58,19.2,1418.5,61835.0,0.0,13780.937,1510.644,307.604,4799:12;4822:103;4823:104;4824:103;4825:104
626.2180,1788883491.2728,6,256.54,426.88,683.41,9.6,1419.5,61834.0,0.0,13780.947,1510.645,307.604,4799:12;4822:103;4823:104;4824:103;4825:104
626.3219,1788883491.3767,6,257.36,426.88,684.23,9.6,1420.2,61833.3,0.0,13780.957,1510.646,307.604,4799:12;4822:103;4823:104;4824:103;4825:104
626.4258,1788883491.4806,6,258.19,426.88,685.06,9.6,1420.9,61832.5,0.0,13780.968,1510.646,307.604,4799:12;4822:103;4823:104;4824:103;4825:104
626.5297,1788883491.5845,6,259.02,426.88,685.89,19.3,1421.9,61831.6,0.0,13780.978,1510.647,307.604,4799:12;4822:103;4823:104;4824:103;4825:104
626.6336,1788883491.6884,6,259.86,426.88,686.73,9.6,1422.7,61830.8,0.0,13780.989,1510.648,307.604,4799:12;4822:103;4823:104;4824:103;4825:104
626.7374,1788883491.7922,6,260.66,426.88,687.55,9.6,1423.4,61830.1,0.0,13780.999,1510.649,307.604,4799:12;4822:103;4823:104;4824:104;4825:104
626.8413,1788883491.8961,6,261.52,426.88,688.40,9.6,1424.4,61829.1,0.0,13781.010,1510.650,307.604,4799:12;4822:103;4823:104;4824:104;4825:104
626.9452,1788883492.0000,6,262.34,426.88,689.23,9.6,1425.1,61828.4,0.0,13781.020,1510.650,307.604,4799:12;4822:103;4823:104;4824:104;4825:104
627.0491,1788883492.1039,6,263.18,426.88,690.06,19.2,1426.1,61827.4,0.0,13781.031,1510.651,307.604,4799:12;4822:103;4823:104;4824:104;4825:104
627.1531,1788883492.2079,6,264.02,426.88,690.90,19.2,1426.8,61826.6,0.0,13781.041,1510.652,307.604,4799:12;4822:103;4823:104;4824:104;4825:104
627.2570,1788883492.3118,6,264.83,426.88,691.71,9.6,1427.6,61825.9,0.0,13781.051,1510.653,307.604,4799:12;4822:103;4823:104;4824:104;4825:104
627.3609,1788883492.4157,6,265.66,426.88,692.54,9.6,1428.6,61824.9,0.0,13781.062,1510.654,307.604,4799:12;4822:103;4823:104;4824:104;4825:104
627.4648,1788883492.5196,6,266.50,426.88,693.38,19.3,1429.3,61824.2,0.0,13781.072,1510.654,307.604,4799:12;4822:103;4823:104;4824:104;4825:104
627.5687,1788883492.6235,6,267.33,426.88,694.21,9.6,1430.0,61823.4,0.0,13781.083,1510.655,307.604,4799:12;4822:103;4823:104;4824:104;4825:104
627.6725,1788883492.7273,6,268.16,426.89,695.05,9.6,1431.0,61822.5,0.0,13781.093,1510.656,307.604,4799:12;4822:103;4823:104;4824:104;4825:104
627.7764,1788883492.8312,6,269.00,426.89,695.88,9.6,1431.8,61821.7,0.0,13781.103,1510.657,307.604,4799:12;4822:103;4823:104;4824:104;4825:104
627.8802,1788883492.9350,6,269.83,426.89,696.71,9.6,1432.7,61820.7,0.0,13781.114,1510.657,307.604,4799:12;4822:103;4823:104;4824:104;4825:104
627.9841,1788883493.0389,6,270.65,426.89,697.54,19.3,1433.5,61820.0,0.0,13781.124,1510.658,307.604,4799:12;4822:103;4823:104;4824:104;4825:104
628.0880,1788883493.1428,6,271.48,426.89,698.37,77.0,1434.2,61819.3,0.0,13781.135,1510.659,307.604,4799:12;4822:103;4823:104;4824:104;4825:104
628.1919,1788883493.2467,6,272.31,426.89,699.20,19.2,1435.2,61818.3,0.0,13781.145,1510.660,307.604,4799:12;4822:103;4823:104;4824:104;4825:104
628.2957,1788883493.3505,6,273.14,426.89,700.03,9.6,1435.9,61817.5,0.0,13781.155,1510.661,307.604,4799:12;4822:103;4823:104;4824:104;4825:104
628.3995,1788883493.4543,6,273.97,426.89,700.86,19.3,1436.7,61816.8,0.0,13781.166,1510.661,307.604,4799:12;4822:103;4823:104;4824:104;4825:104
628.5032,1788883493.5581,6,274.79,426.89,701.68,9.7,1437.7,61815.8,0.0,13781.176,1510.662,307.604,4799:12;4822:103;4823:104;4824:104;4825:104
628.6068,1788883493.6616,6,274.80,426.89,701.68,0.0,1437.7,61815.8,0.0,13781.176,1510.662,307.604,4799:12;4822:103;4823:104;4824:104;4825:104
628.7102,1788883493.7650,6,275.64,426.89,702.53,19.4,1438.4,61815.1,0.0,13781.197,1510.663,307.604,4799:12;4822:103;4823:104;4824:104;4825:104
628.8135,1788883493.8683,6,277.25,426.89,704.13,19.3,1439.7,61813.8,0.0,13781.207,1510.664,307.604,4799:12;4822:103;4823:104;4824:104;4825:104
628.9171,1788883493.9719,6,278.12,426.89,705.01,9.7,1440.9,61812.6,0.0,13781.218,1510.665,307.604,4799:12;4822:103;4823:104;4824:104;4825:104
629.0206,1788883494.0755,6,278.95,426.89,705.83,9.7,1441.9,61811.6,0.0,13781.228,1510.666,307.604,4799:12;4822:103;4823:104;4824:104;4825:104
629.1240,1788883494.1788,6,279.79,426.89,706.67,9.7,1442.6,61810.9,0.0,13781.239,1510.667,307.604,4799:12;4822:103;4823:104;4824:104;4825:104
629.2272,1788883494.2820,6,280.60,426.89,707.49,19.4,1443.3,61810.1,0.0,13781.249,1510.667,307.604,4799:12;4822:103;4823:104;4824:104;4825:104
629.3303,1788883494.3851,6,282.18,426.89,709.06,9.7,1446.6,61806.8,0.0,13781.270,1510.668,307.604,4799:12;4822:103;4823:104;4824:104;4825:104
629.4336,1788883494.4884,6,283.11,426.89,709.99,19.4,1447.7,61805.8,0.0,13781.282,1510.671,307.604,4799:12;4822:103;4823:104;4824:104;4825:104
629.5367,1788883494.5915,6,283.92,426.89,710.81,9.7,1448.7,61804.8,0.0,13781.292,1510.672,307.604,4799:12;4822:103;4823:104;4824:104;4825:104
629.6399,1788883494.6947,6,284.75,426.89,711.64,9.7,1449.4,61804.0,0.0,13781.304,1510.674,307.604,4799:12;4822:103;4823:104;4824:104;4825:104
629.7431,1788883494.7979,6,285.58,426.90,712.48,9.7,1449.9,61803.5,0.0,13781.314,1510.675,307.604,4799:12;4822:103;4823:104;4824:104;4825:104
629.8462,1788883494.9010,6,286.41,426.90,713.31,9.7,1450.9,61802.6,0.0,13781.325,1510.676,307.604,4799:12;4822:103;4823:104;4824:104;4825:104
629.9494,1788883495.0042,6,288.01,426.90,714.91,29.1,1452.7,61800.8,0.0,13781.345,1510.677,307.604,4799:12;4822:103;4823:104;4824:104;4825:104
630.0525,1788883495.1073,6,288.90,426.90,715.80,19.4,1453.6,61799.8,0.0,13781.356,1510.678,307.604,4799:12;4822:103;4823:104;4824:104;4825:104
630.1557,1788883495.2105,6,289.73,426.90,716.63,9.7,1454.4,61799.1,0.0,13781.366,1510.679,307.604,4799:12;4822:103;4823:104;4824:104;4825:104
630.2588,1788883495.3136,6,290.55,426.90,717.45,9.7,1455.4,61798.1,0.0,13781.377,1510.680,307.604,4799:12;4822:103;4823:104;4824:104;4825:104
630.3620,1788883495.4168,6,291.39,426.90,718.29,9.7,1454.5,61799.0,0.0,13781.389,1510.683,307.604,4799:12;4822:103;4823:104;4824:104;4825:104
630.4653,1788883495.5201,6,292.22,426.90,719.12,9.7,1455.3,61798.2,0.0,13781.400,1510.683,307.604,4799:12;4822:103;4823:104;4824:104;4825:104
630.5686,1788883495.6234,6,293.02,426.90,719.92,86.7,1470.8,61782.6,0.0,13781.410,1510.684,307.604,4799:12;4822:103;4823:104;4824:104;4825:104
630.6724,1788883495.7272,6,293.89,426.90,720.79,9.7,1480.3,61773.2,0.0,13781.421,1510.685,307.604,4799:12;4822:103;4823:104;4824:104;4825:104
630.7759,1788883495.8307,6,294.71,426.90,721.62,9.7,1482.6,61770.9,0.0,13781.431,1510.687,307.604,4799:12;4822:103;4823:104;4824:104;4825:104
630.8794,1788883495.9342,6,295.26,426.90,722.16,48.4,1482.6,61770.9,0.0,13781.437,1510.688,307.604,4799:12;4822:103;4823:104;4824:104;4825:104
630.9827,1788883496.0375,6,295.94,426.90,722.84,106.5,1482.6,61770.9,0.0,13781.437,1510.688,307.604,4799:12;4822:103;4823:104;4824:104;4825:104
631.0860,1788883496.1408,6,296.73,426.90,723.64,96.9,1483.0,61770.5,0.0,13781.437,1510.688,307.604,4799:12;4822:103;4823:104;4824:104;4825:104
631.1892,1788883496.2440,6,297.53,426.90,724.43,96.8,1484.2,61769.3,0.0,13781.437,1510.688,307.604,4799:12;4822:103;4823:104;4824:104;4825:104
631.2926,1788883496.3474,6,298.32,426.90,725.22,106.0,1486.1,61767.3,0.0,13781.438,1510.688,307.604,4799:12;4822:103;4823:104;4824:104;4825:104
631.3964,1788883496.4512,6,301.50,426.90,728.40,106.0,1490.1,61763.4,0.0,13781.438,1510.688,307.604,4799:12;4822:103;4823:104;4824:104;4825:104
631.5002,1788883496.5550,6,301.59,426.90,728.49,96.4,1490.1,61763.4,0.0,13781.438,1510.688,307.604,4799:12;4822:103;4823:104;4824:104;4825:104
631.6039,1788883496.6587,6,301.63,426.90,728.53,106.3,1490.1,61763.4,0.0,13781.438,1510.688,307.604,4799:12;4822:103;4823:104;4824:104;4825:104
631.7074,1788883496.7622,6,301.68,426.92,728.59,96.8,1490.1,61763.4,0.0,13781.438,1510.688,307.604,4799:12;4822:103;4823:104;4824:104;4825:104
631.8106,1788883496.8654,6,301.69,426.92,728.61,96.9,1490.1,61763.4,0.0,13781.438,1510.688,307.604,4799:12;4822:103;4823:104;4824:104;4825:104
631.9138,1788883496.9686,6,301.69,426.92,728.61,106.6,1490.1,61763.4,0.0,13781.438,1510.688,307.604,4799:12;4822:103;4823:104;4824:104;4825:104
632.0170,1788883497.0718,6,301.73,426.92,728.65,96.9,1489.2,61764.3,0.0,13781.438,1510.688,307.604,4799:12;4822:103;4823:104;4824:104;4825:104
632.1202,1788883497.1750,6,301.78,426.92,728.70,96.9,1488.3,61765.2,0.0,13781.438,1510.688,307.604,4799:12;4822:103;4823:104;4824:104;4825:104
632.2234,1788883497.2782,6,302.03,426.92,728.95,96.9,1488.3,61765.2,0.0,13781.438,1510.688,307.604,4799:12;4822:103;4823:104;4824:104;4825:104
632.3265,1788883497.3813,6,302.05,426.92,728.96,106.6,1488.3,61765.2,0.0,13781.438,1510.688,307.604,4799:12;4822:103;4823:104;4824:104;4825:104
632.4297,1788883497.4845,6,302.08,426.92,729.00,96.9,1488.3,61765.2,0.0,13781.438,1510.688,307.604,4799:12;4822:103;4823:104;4824:104;4825:104
632.5329,1788883497.5877,6,302.11,426.92,729.03,106.6,1488.3,61765.2,0.0,13781.438,1510.688,307.604,4799:12;4822:103;4823:104;4824:104;4825:104
632.6361,1788883497.6909,6,302.13,426.92,729.05,106.6,1488.3,61765.2,0.0,13781.438,1510.688,307.604,4799:12;4822:103;4823:104;4824:104;4825:104
632.7393,1788883497.7941,6,302.15,426.93,729.08,96.9,1488.3,61765.2,0.0,13781.438,1510.688,307.604,4799:12;4822:103;4823:104;4824:104;4825:104
632.8424,1788883497.8972,6,302.18,426.93,729.11,96.9,1488.3,61765.2,0.0,13781.438,1510.688,307.604,4799:12;4822:103;4823:104;4824:104;4825:104
632.9456,1788883498.0004,6,302.21,426.93,729.14,106.6,1487.7,61765.8,0.0,13781.438,1510.688,307.604,4799:12;4822:103;4823:104;4824:104;4825:104
633.0488,1788883498.1036,6,302.23,426.93,729.16,96.9,1484.3,61769.1,0.0,13781.438,1510.688,307.604,4799:12;4822:103;4823:104;4824:104;4825:104
633.1520,1788883498.2068,6,302.26,426.93,729.18,96.9,1484.3,61769.1,0.0,13781.438,1510.688,307.604,4799:12;4822:103;4823:104;4824:104;4825:104
633.2552,1788883498.3100,6,302.29,426.93,729.22,106.6,1484.3,61769.1,0.0,13781.438,1510.688,307.604,4799:12;4822:103;4823:104;4824:104;4825:104
633.3583,1788883498.4131,6,302.31,426.93,729.24,96.9,1484.3,61769.1,0.0,13781.438,1510.688,307.604,4799:12;4822:103;4823:104;4824:104;4825:104
633.4615,1788883498.5163,6,302.33,426.93,729.26,96.9,1484.3,61769.1,0.0,13781.438,1510.688,307.604,4799:12;4822:103;4823:104;4824:104;4825:104
633.5647,1788883498.6195,6,302.37,426.93,729.30,106.6,1484.3,61769.1,0.0,13781.438,1510.688,307.604,4799:12;4822:103;4823:104;4824:104;4825:104
633.6679,1788883498.7227,6,302.39,426.93,729.32,96.9,1484.3,61769.1,0.0,13781.438,1510.688,307.604,4799:12;4822:103;4823:104;4824:104;4825:104
633.7711,1788883498.8259,6,302.51,426.93,729.43,106.6,1484.3,61769.1,0.0,13781.438,1510.688,307.604,4799:12;4822:103;4823:104;4824:104;4825:104
633.8742,1788883498.9290,6,302.52,426.93,729.45,96.9,1484.3,61769.1,0.0,13781.438,1510.688,307.604,4799:12;4822:103;4823:104;4824:104;4825:104
633.9774,1788883499.0322,6,302.54,426.93,729.46,106.6,1484.3,61769.1,0.0,13781.438,1510.688,307.604,4799:12;4822:103;4823:104;4824:104;4825:104
634.0806,1788883499.1354,6,302.57,426.93,729.50,96.9,1484.3,61769.1,0.0,13781.438,1510.688,307.604,4799:12;4822:103;4823:104;4824:104;4825:104
634.1838,1788883499.2386,6,302.59,426.93,729.51,96.9,1481.4,61772.1,0.0,13781.438,1510.688,307.604,4799:12;4822:103;4823:104;4824:104;4825:104
634.2869,1788883499.3417,6,302.59,426.93,729.51,106.6,1481.4,61772.1,0.0,13781.438,1510.688,307.604,4799:12;4822:103;4823:104;4824:104;4825:104
634.3901,1788883499.4449,6,302.61,426.93,729.54,96.9,1481.4,61772.1,0.0,13781.438,1510.688,307.604,4799:12;4822:103;4823:104;4824:104;4825:104
634.4933,1788883499.5481,6,302.64,426.93,729.57,96.9,1481.4,61772.1,0.0,13781.438,1510.688,307.604,4799:12;4822:103;4823:104;4824:104;4825:104
634.5964,1788883499.6512,6,302.67,426.93,729.60,106.6,1481.4,61772.1,0.0,13781.438,1510.688,307.604,4799:12;4822:103;4823:104;4824:104;4825:104
634.6996,1788883499.7544,6,302.68,426.93,729.61,106.4,1481.4,61772.1,0.0,13781.438,1510.688,307.604,4799:12;4822:103;4823:104;4824:104;4825:104
634.8030,1788883499.8578,6,302.70,426.93,729.63,96.8,1481.4,61772.1,0.0,13781.438,1510.688,307.604,4799:12;4822:103;4823:104;4824:104;4825:104
634.9064,1788883499.9612,6,302.75,426.93,729.68,106.5,1481.4,61772.1,0.0,13781.438,1510.688,307.604,4799:12;4822:103;4823:104;4824:104;4825:104
635.0096,1788883500.0644,6,302.76,426.93,729.69,96.9,1481.4,61772.1,0.0,13781.438,1510.688,307.604,4799:12;4822:103;4823:104;4824:104;4825:104
635.1128,1788883500.1676,6,302.80,426.93,729.73,96.9,1478.8,61774.7,0.0,13781.438,1510.688,307.604,4799:12;4822:103;4823:104;4824:104;4825:104
635.2160,1788883500.2708,6,302.84,426.93,729.77,106.6,1478.8,61774.7,0.0,13781.438,1510.688,307.604,4799:12;4822:103;4823:104;4824:104;4825:104
635.3192,1788883500.3740,6,302.86,426.93,729.79,96.9,1478.8,61774.7,0.0,13781.438,1510.688,307.604,4799:12;4822:103;4823:104;4824:104;4825:104
635.4224,1788883500.4772,6,302.88,426.93,729.81,96.9,1478.8,61774.7,0.0,13781.438,1510.688,307.604,4799:12;4822:103;4823:104;4824:104;4825:104
635.5255,1788883500.5804,6,302.90,426.93,729.83,106.6,1478.8,61774.7,0.0,13781.438,1510.688,307.604,4799:12;4822:103;4823:104;4824:104;4825:104
635.6287,1788883500.6835,6,302.94,426.93,729.87,96.9,1478.8,61774.7,0.0,13781.438,1510.688,307.604,4799:12;4822:103;4823:104;4824:104;4825:104
635.7320,1788883500.7868,6,302.96,426.93,729.89,106.6,1478.8,61774.7,0.0,13781.438,1510.688,307.604,4799:12;4822:103;4823:104;4824:104;4825:104
635.8352,1788883500.8900,6,302.98,426.93,729.91,106.6,1478.8,61774.7,0.0,13781.438,1510.688,307.604,4799:12;4822:103;4823:104;4824:104;4825:104
635.9384,1788883500.9932,6,303.02,426.93,729.95,96.9,1478.8,61774.7,0.0,13781.438,1510.688,307.604,4799:12;4822:103;4823:104;4824:104;4825:104
636.0416,1788883501.0964,6,303.02,426.93,729.95,96.9,1476.4,61777.1,0.0,13781.438,1510.688,307.604,4799:12;4822:103;4823:104;4824:104;4825:104
636.1448,1788883501.1996,6,303.04,426.93,729.97,116.3,1476.5,61777.0,0.0,13781.438,1510.688,307.604,4799:12;4822:103;4823:104;4824:104;4825:104
636.2479,1788883501.3027,6,303.09,426.93,730.02,96.9,1476.5,61777.0,0.0,13781.438,1510.688,307.604,4799:12;4822:103;4823:104;4824:104;4825:104
636.3511,1788883501.4060,6,303.41,426.93,730.34,106.6,1476.5,61777.0,0.0,13781.438,1510.688,307.604,4799:12;4822:103;4823:104;4824:104;4825:104
636.4543,1788883501.5091,6,303.43,426.93,730.36,106.6,1476.5,61777.0,0.0,13781.438,1510.688,307.604,4799:12;4822:103;4823:104;4824:104;4825:104
636.5575,1788883501.6123,6,303.43,426.93,730.36,96.9,1476.5,61777.0,0.0,13781.438,1510.688,307.604,4799:12;4822:103;4823:104;4824:104;4825:104
636.6606,1788883501.7155,6,303.44,426.93,730.37,96.6,1476.5,61777.0,0.0,13781.438,1510.688,307.604,4799:12;4822:103;4823:104;4824:104;4825:104
636.7642,1788883501.8190,6,303.47,426.93,730.40,106.5,1476.5,61777.0,0.0,13781.438,1510.688,307.604,4799:12;4822:103;4823:104;4824:104;4825:104
636.8675,1788883501.9223,6,307.39,426.93,734.32,96.8,1480.0,61773.4,0.0,13781.438,1510.688,307.604,4799:12;4822:103;4823:104;4824:104;4825:104
636.9708,1788883502.0256,6,307.64,426.93,734.57,96.4,1480.2,61773.3,0.0,13781.438,1510.688,307.604,4799:12;4822:103;4823:104;4824:104;4825:104
637.0746,1788883502.1294,6,317.54,426.93,744.47,105.9,1486.5,61767.0,0.0,13781.438,1510.688,307.604,4799:12;4822:103;4823:104;4824:104;4825:104
637.1784,1788883502.2332,6,322.09,426.93,749.02,96.3,1493.2,61760.2,0.0,13781.438,1510.688,307.604,4799:12;4822:103;4823:104;4824:104;4825:104
637.2823,1788883502.3371,6,338.06,426.93,764.99,106.1,1509.0,61744.5,0.0,13781.438,1510.688,307.604,4799:12;4822:103;4823:104;4824:104;4825:104
637.3859,1788883502.4407,6,343.82,426.93,770.75,106.4,1516.9,61736.6,0.0,13781.438,1510.688,307.604,4799:12;4822:103;4823:104;4824:104;4825:104
637.4893,1788883502.5441,6,343.86,426.93,770.79,105.9,1516.9,61736.6,0.0,13781.438,1510.688,307.604,4799:12;4822:103;4823:104;4824:104;4825:104
637.5931,1788883502.6479,6,348.89,426.93,775.82,96.4,1516.9,61736.6,0.0,13781.438,1510.688,307.604,4799:12;4822:103;4823:104;4824:104;4825:104
637.6969,1788883502.7517,6,357.79,426.95,784.73,106.2,1526.0,61727.5,0.0,13781.438,1510.688,307.604,4799:12;4822:103;4823:104;4824:104;4825:104
637.8004,1788883502.8553,6,358.24,426.95,785.19,96.8,1526.0,61727.5,0.0,13781.438,1510.688,307.604,4799:12;4822:103;4823:104;4824:104;4825:104
637.9038,1788883502.9586,6,366.71,426.95,793.66,106.5,1535.4,61718.0,0.0,13781.438,1510.688,307.604,4799:12;4822:103;4823:104;4824:104;4825:104
638.0071,1788883503.0619,6,367.86,426.95,794.80,96.7,1536.6,61716.9,0.0,13781.438,1510.688,307.604,4799:12;4822:103;4823:104;4824:104;4825:104
638.1105,1788883503.1653,6,367.86,426.95,794.80,96.3,1534.8,61718.7,0.0,13781.438,1510.688,307.604,4799:12;4822:103;4823:104;4824:104;4825:104
638.2145,1788883503.2693,6,367.86,426.95,794.80,105.9,1534.8,61718.7,0.0,13781.438,1510.688,307.604,4799:12;4822:103;4823:104;4824:104;4825:104
638.3183,1788883503.3731,6,383.26,426.95,810.21,96.4,1549.8,61703.7,0.0,13781.438,1510.688,307.604,4799:12;4822:103;4823:104;4824:104;4825:104
638.4220,1788883503.4768,6,384.09,426.95,811.03,106.2,1563.2,61690.3,0.0,13781.438,1510.688,307.604,4799:12;4822:103;4823:104;4824:104;4825:104
638.5256,1788883503.5805,6,388.94,426.95,815.88,96.6,1563.2,61690.3,0.0,13781.438,1510.688,307.604,4799:12;4822:103;4823:104;4824:104;4825:104
638.6293,1788883503.6841,6,385.18,426.95,812.13,106.1,1563.2,61690.3,0.0,13781.438,1510.688,307.604,4799:12;4822:103;4823:104;4824:104;4825:104
638.7328,1788883503.7877,6,385.69,426.95,812.64,106.0,1563.2,61690.3,0.0,13781.438,1510.688,307.604,4799:12;4822:103;4823:104;4824:104;4825:104
638.8367,1788883503.8915,6,385.69,426.95,812.64,96.3,1563.2,61690.3,0.0,13781.438,1510.688,307.604,4799:12;4822:103;4823:104;4824:104;4825:104
638.9406,1788883503.9954,6,383.25,426.95,810.20,96.4,1563.2,61690.3,0.0,13781.438,1510.688,307.604,4799:12;4822:103;4823:104;4824:104;4825:104
639.0443,1788883504.0991,6,382.21,426.95,809.16,106.1,1560.2,61693.3,0.0,13781.438,1510.688,307.604,4799:12;4822:103;4823:104;4824:104;4825:104
639.1479,1788883504.2027,6,388.61,426.95,815.55,86.8,1560.2,61693.3,0.0,13781.438,1510.688,307.604,4799:12;4822:103;4823:104;4824:104;4825:104
639.2515,1788883504.3064,6,386.49,426.95,813.43,106.2,1560.2,61693.3,0.0,13781.438,1510.688,307.604,4799:12;4822:103;4823:104;4824:104;4825:104
639.3551,1788883504.4099,6,393.09,426.95,820.04,96.5,1563.8,61689.7,0.0,13781.438,1510.688,307.604,4799:12;4822:103;4823:104;4824:104;4825:104
639.4587,1788883504.5135,6,397.11,426.95,824.05,105.9,1563.8,61689.7,0.0,13781.438,1510.688,307.604,4799:12;4822:103;4823:104;4824:104;4825:104
639.5626,1788883504.6174,6,397.11,426.95,824.05,96.3,1563.8,61689.7,0.0,13781.438,1510.688,307.604,4799:12;4822:103;4823:104;4824:104;4825:104
639.6664,1788883504.7213,6,404.19,426.95,831.13,96.3,1571.2,61682.3,0.0,13781.438,1510.688,307.604,4799:12;4822:103;4823:104;4824:104;4825:104
639.7702,1788883504.8250,6,402.21,426.95,829.16,106.1,1573.2,61680.3,0.0,13781.438,1510.688,307.604,4799:12;4822:103;4823:104;4824:104;4825:104
639.8739,1788883504.9287,6,402.23,426.95,829.18,106.3,1573.2,61680.3,0.0,13781.438,1510.688,307.604,4799:12;4822:103;4823:104;4824:104;4825:104
639.9773,1788883505.0321,6,410.61,426.95,837.56,96.6,1573.2,61680.3,0.0,13781.438,1510.688,307.604,4799:12;4822:103;4823:104;4824:104;4825:104
640.0808,1788883505.1356,6,428.57,426.95,855.51,96.6,1600.6,61652.8,0.0,13781.438,1510.688,307.604,4799:12;4822:103;4823:104;4824:104;4825:104
640.1844,1788883505.2392,6,418.29,426.95,845.24,106.0,1601.0,61652.4,0.0,13781.438,1510.688,307.604,4799:12;4822:103;4823:104;4824:104;4825:104
640.2882,1788883505.3430,6,418.33,426.95,845.27,96.5,1601.0,61652.4,0.0,13781.438,1510.688,307.604,4799:12;4822:103;4823:104;4824:104;4825:104
640.3917,1788883505.4465,6,418.33,426.95,845.27,96.8,1601.0,61652.4,0.0,13781.438,1510.688,307.604,4799:12;4822:103;4823:104;4824:104;4825:104
640.4950,1788883505.5498,6,419.54,426.95,846.48,106.6,1601.0,61652.4,0.0,13781.438,1510.688,307.604,4799:12;4822:103;4823:104;4824:104;4825:104
640.5982,1788883505.6530,6,424.00,426.95,850.94,96.9,1601.0,61652.4,0.0,13781.438,1510.688,307.604,4799:12;4822:103;4823:104;4824:104;4825:104
640.7014,1788883505.7562,6,429.47,426.95,856.41,106.5,1601.0,61652.5,0.0,13781.438,1510.688,307.604,4799:12;4822:103;4823:104;4824:104;4825:104
640.8047,1788883505.8595,6,434.02,426.95,860.96,96.9,1601.0,61652.5,0.0,13781.438,1510.688,307.604,4799:12;4822:103;4823:104;4824:104;4825:104
640.9078,1788883505.9627,6,437.17,426.95,864.12,96.9,1601.0,61652.5,0.0,13781.438,1510.688,307.604,4799:12;4822:103;4823:104;4824:104;4825:104
641.0110,1788883506.0658,6,438.48,426.95,865.42,106.6,1600.8,61652.7,0.0,13781.438,1510.689,307.604,4799:12;4822:103;4823:104;4824:104;4825:104
641.1142,1788883506.1691,6,441.69,426.95,868.63,106.6,1599.0,61654.5,0.0,13781.438,1510.689,307.604,4799:12;4822:103;4823:104;4824:104;4825:104
641.2174,1788883506.2722,6,454.48,426.95,881.43,96.7,1615.1,61638.3,0.0,13781.440,1510.690,307.604,4799:12;4822:103;4823:104;4824:104;4825:104
641.3209,1788883506.3757,6,578.55,426.95,1005.50,96.3,1747.2,61506.3,0.0,13781.440,1510.690,307.604,4799:12;4822:103;4823:104;4824:104;4825:104
641.4247,1788883506.4795,6,592.63,426.95,1019.57,183.3,1774.3,61479.2,0.0,13781.441,1510.691,307.604,4799:12;4822:103;4823:104;4824:104;4825:104
641.5284,1788883506.5832,6,562.81,426.95,989.76,173.2,1814.3,61439.1,0.0,13781.441,1510.691,307.604,4799:12;4822:103;4823:104;4824:104;4825:104
641.6323,1788883506.6871,6,563.93,426.95,990.88,96.3,1838.0,61415.5,0.0,13781.441,1510.691,307.604,4799:12;4822:103;4823:104;4824:104;4825:104
641.7362,1788883506.7910,6,573.40,484.43,1057.83,192.1,1845.3,61408.2,0.0,13781.441,1510.692,307.604,4799:12;4822:118;4823:118;4824:118;4825:118
641.8402,1788883506.8950,6,573.49,659.53,1233.02,404.0,1884.4,61369.1,0.0,13781.441,1510.692,307.604,4799:12;4822:161;4823:162;4824:162;4825:162
641.9442,1788883506.9990,6,573.84,1070.57,1644.41,751.5,2210.5,61043.0,0.0,13781.628,1510.799,307.604,4799:12;4822:202;4823:313;4824:340;4825:203
642.0509,1788883507.1057,6,573.84,1170.63,1744.48,478.7,2266.5,60986.9,0.0,13782.502,1510.882,307.604,4799:12;4822:227;4823:332;4824:369;4825:229
642.1575,1788883507.2123,6,573.84,1262.51,1836.35,705.2,2341.8,60911.6,0.0,13783.326,1511.197,307.604,4799:12;4822:248;4823:364;4824:379;4825:260
642.2650,1788883507.3199,6,573.84,1341.70,1915.54,1090.5,2474.0,60779.5,0.0,13790.331,1511.531,307.604,4799:12;4822:270;4823:375;4824:408;4825:276
642.3753,1788883507.4301,6,573.84,1370.94,1944.78,956.7,2532.0,60721.5,0.0,13793.031,1511.800,307.604,4799:12;4822:278;4823:397;4824:400;4825:284
642.4797,1788883507.5345,6,573.84,1457.99,2031.84,904.6,2593.1,60660.4,0.0,13798.084,1512.104,307.604,4799:12;4822:299;4823:420;4824:417;4825:311
642.5860,1788883507.6408,6,573.84,1473.50,2047.34,1017.3,2664.4,60589.1,0.0,13803.025,1512.366,307.604,4799:12;4822:302;4823:421;4824:425;4825:313
642.6956,1788883507.7504,6,573.84,1596.26,2170.10,1129.6,2755.0,60498.5,0.0,13809.238,1512.624,307.667,4799:12;4822:312;4823:464;4824:470;4825:337
642.8038,1788883507.8586,6,573.84,1616.37,2190.21,1470.6,2848.5,60404.9,0.0,13812.125,1512.791,307.667,4799:12;4822:330;4823:463;4824:456;4825:355
642.9096,1788883507.9644,6,573.84,1674.87,2248.71,1351.5,2903.5,60350.0,0.0,13817.755,1513.103,307.667,4799:12;4822:352;4823:476;4824:481;4825:353
643.0164,1788883508.0713,6,573.84,1670.55,2244.40,1063.4,2909.6,60343.9,0.0,13819.974,1513.317,307.667,4799:12;4822:341;4823:482;4824:465;4825:370
643.1224,1788883508.1773,6,573.85,1693.38,2267.23,941.2,2938.4,60315.1,0.0,13821.650,1513.582,307.667,4799:12;4822:340;4823:486;4824:476;4825:379
643.2287,1788883508.2835,6,573.86,1732.99,2306.85,902.2,2994.4,60259.1,0.0,13832.830,1513.829,307.667,4799:12;4822:356;4823:492;4824:484;4825:389
643.3329,1788883508.3877,6,574.04,1780.15,2354.19,1122.3,3043.3,60210.2,0.0,13849.802,1514.032,307.667,4799:12;4822:366;4823:509;4824:498;4825:394
643.4391,1788883508.4939,6,574.06,1835.92,2409.98,744.2,3091.3,60162.2,0.0,13862.818,1514.359,307.667,4799:12;4822:378;4823:530;4824:501;4825:415
643.5453,1788883508.6001,6,574.06,1873.04,2447.10,994.9,3145.3,60108.1,0.0,13881.435,1514.630,307.667,4799:12;4822:385;4823:549;4824:506;4825:421
643.6518,1788883508.7066,6,574.06,1932.52,2506.58,1045.1,3173.1,60080.4,0.0,13898.439,1514.920,307.667,4799:12;4822:395;4823:550;4824:536;4825:440
643.7570,1788883508.8118,6,574.06,1942.81,2516.87,901.2,3235.1,60018.4,0.0,13909.780,1515.134,307.667,4799:12;4822:401;4823:562;4824:523;4825:445
643.8611,1788883508.9159,6,574.06,1996.78,2570.84,697.3,3272.8,59980.6,0.0,13915.832,1515.436,307.667,4799:12;4822:410;4823:574;4824:542;4825:458
643.9658,1788883509.0206,6,574.06,2033.09,2607.15,1187.5,3313.1,59940.4,0.0,13934.918,1515.663,307.667,4799:12;4822:429;4823:587;4824:537;4825:467
644.0722,1788883509.1270,6,574.06,2088.79,2662.85,604.3,3338.8,59914.7,0.0,13942.718,1515.937,307.667,4799:12;4822:439;4823:598;4824:550;4825:490
644.1762,1788883509.2310,6,574.06,2107.59,2681.65,961.1,3361.3,59892.1,0.0,13957.370,1516.160,307.667,4799:12;4822:445;4823:607;4824:550;4825:493
644.2802,1788883509.3350,6,574.06,2135.95,2710.01,922.4,3386.4,59867.1,0.0,13965.100,1516.425,307.667,4799:12;4822:450;4823:620;4824:558;4825:495
644.3843,1788883509.4391,6,574.07,2249.36,2823.42,993.5,3468.2,59785.3,0.0,13976.918,1516.592,307.667,4799:12;4822:475;4823:629;4824:616;4825:517
644.4890,1788883509.5438,6,574.08,2426.23,3000.30,1078.3,3693.3,59560.2,0.0,13984.595,1516.846,307.667,4799:12;4822:522;4823:654;4824:684;4825:554
644.5959,1788883509.6507,6,574.16,2635.26,3209.42,1556.2,4004.9,59248.5,0.0,13997.659,1516.963,307.667,4799:12;4822:569;4823:747;4824:627;4825:681
644.7072,1788883509.7620,6,574.18,2881.54,3455.71,1495.3,4327.7,58925.7,0.0,14000.622,1517.093,307.667,4799:12;4822:714;4823:785;4824:600;4825:770
644.8180,1788883509.8729,6,574.20,2685.96,3260.16,1501.8,4216.8,59036.7,0.0,14011.725,1517.319,307.667,4799:12;4822:526;4823:905;4824:551;4825:691
644.9319,1788883509.9868,6,574.22,2685.10,3259.32,1419.0,4343.7,58909.8,0.0,14030.665,1517.509,307.667,4799:12;4822:524;4823:894;4824:535;4825:720
645.0437,1788883510.0985,6,574.25,2429.34,3003.59,1233.8,4260.6,58992.9,0.0,14042.273,1517.761,307.667,4799:12;4822:500;4823:763;4824:536;4825:618
645.1490,1788883510.2038,6,574.32,2508.99,3083.30,1160.6,4275.6,58977.9,0.0,14059.120,1518.083,307.667,4799:12;4822:518;4823:792;4824:551;4825:636
645.2542,1788883510.3090,6,574.32,2540.14,3114.46,1085.5,4293.1,58960.4,0.0,14069.851,1518.333,307.667,4799:12;4822:519;4823:802;4824:564;4825:643
645.3583,1788883510.4131,6,574.32,2594.88,3169.19,1356.0,4313.1,58940.4,0.0,14090.034,1518.637,307.667,4799:12;4822:537;4823:810;4824:578;4825:658
645.4650,1788883510.5198,6,574.32,2650.30,3224.62,1040.4,4333.8,58919.7,0.0,14108.483,1518.910,307.667,4799:12;4822:549;4823:828;4824:598;4825:663
645.5692,1788883510.6240,6,574.32,2683.40,3257.72,1248.0,4353.6,58899.9,0.0,14122.330,1519.187,307.667,4799:12;4822:554;4823:843;4824:601;4825:673
645.6734,1788883510.7282,6,574.32,2734.26,3308.59,1182.5,4377.5,58876.0,0.0,14140.078,1519.422,307.667,4799:12;4822:558;4823:864;4824:616;4825:683
645.7809,1788883510.8357,6,574.34,2883.82,3458.16,1361.6,4473.4,58780.1,0.0,14158.168,1519.691,307.667,4799:12;4822:575;4823:907;4824:696;4825:693
645.8910,1788883510.9459,6,574.34,2937.62,3511.96,1307.3,4556.5,58697.0,0.0,14175.855,1519.931,307.667,4799:12;4822:587;4823:975;4824:658;4825:706
646.0035,1788883511.0583,6,574.35,2957.03,3531.38,1275.4,4688.6,58564.9,0.0,14189.496,1520.189,307.667,4799:12;4822:584;4823:1002;4824:656;4825:703
646.1077,1788883511.1625,6,574.35,2932.27,3506.62,1243.8,4602.9,58650.6,0.0,14207.338,1520.501,307.667,4799:12;4822:596;4823:956;4824:648;4825:719
646.2140,1788883511.2689,6,574.41,3009.52,3583.93,1285.9,4659.5,58594.0,0.0,14225.333,1520.737,307.667,4799:12;4822:622;4823:975;4824:670;4825:730
646.3198,1788883511.3746,6,574.41,3040.28,3614.69,1157.6,4740.6,58512.9,0.0,14236.687,1521.041,307.667,4799:12;4822:607;4823:994;4824:687;4825:739
646.4241,1788883511.4789,6,574.41,3072.88,3647.28,1079.4,4773.6,58479.8,0.0,14246.717,1521.277,307.667,4799:12;4822:615;4823:1003;4824:701;4825:742
646.5309,1788883511.5857,6,574.41,3113.32,3687.73,1341.5,4784.8,58468.7,0.0,14266.271,1521.534,307.667,4799:12;4822:628;4823:1011;4824:711;4825:751
646.6367,1788883511.6915,6,574.43,3181.74,3756.17,1003.0,4812.9,58440.6,0.0,14276.465,1521.849,307.667,4799:12;4822:641;4823:1039;4824:719;4825:771
646.7438,1788883511.7986,6,574.45,3243.20,3817.65,1490.4,4862.3,58391.2,0.0,14294.825,1522.030,307.667,4799:12;4822:640;4823:1036;4824:770;4825:786
646.8500,1788883511.9049,6,574.46,3342.94,3917.40,1291.1,5077.8,58175.6,0.0,14304.393,1522.272,307.667,4799:12;4822:686;4823:1051;4824:803;4825:791
646.9570,1788883512.0118,6,574.46,3450.63,4025.09,1299.1,5260.0,57993.5,0.0,14326.283,1522.496,307.667,4799:12;4822:740;4823:1058;4824:842;4825:799
647.0714,1788883512.1262,6,574.46,3420.72,3995.19,946.3,5249.2,58004.3,0.0,14348.033,1522.853,307.667,4799:12;4822:681;4823:1073;4824:837;4825:818
647.1780,1788883512.2328,6,574.48,3645.15,4219.62,1467.8,5361.2,57892.3,0.0,14367.693,1523.077,307.667,4799:12;4822:742;4823:1204;4824:849;4825:838
647.2954,1788883512.3502,6,574.48,3638.18,4212.66,1261.5,5476.7,57776.8,0.0,14379.755,1523.340,307.667,4799:12;4822:725;4823:1191;4824:861;4825:850
647.4001,1788883512.4549,6,574.49,3671.03,4245.52,1146.8,5562.6,57690.9,0.0,14401.789,1523.621,307.667,4799:12;4822:726;4823:1187;4824:879;4825:866
647.5064,1788883512.5612,6,574.50,3832.12,4406.62,1407.5,5700.3,57553.1,0.0,14415.118,1523.807,307.667,4799:12;4822:807;4823:1150;4824:988;4825:876
647.6129,1788883512.6677,6,574.52,3940.95,4515.46,1362.6,5865.9,57387.6,0.0,14437.790,1524.094,307.667,4799:12;4822:843;4823:1156;4824:1037;4825:893
647.7267,1788883512.7815,6,574.55,3647.99,4222.54,1402.7,5701.8,57551.7,0.0,14445.340,1524.297,307.667,4799:12;4822:734;4823:1160;4824:882;4825:859
647.8313,1788883512.8861,6,574.66,3710.20,4284.86,1208.8,5730.5,57523.0,0.0,14456.419,1524.572,307.667,4799:12;4822:784;4823:1172;4824:896;4825:846
647.9380,1788883512.9929,6,574.66,3815.03,4389.69,1199.3,5751.2,57502.3,0.0,14481.855,1524.849,307.667,4799:12;4822:807;4823:1206;4824:914;4825:875
648.0489,1788883513.1037,6,574.67,3916.38,4491.05,1217.7,5878.3,57375.2,0.0,14490.487,1525.108,307.667,4799:12;4822:812;4823:1220;4824:995;4825:876
648.1538,1788883513.2086,6,574.67,4037.07,4611.75,1132.7,5967.3,57286.2,0.0,14514.221,1525.331,307.667,4799:12;4822:836;4823:1311;4824:985;4825:892
648.2711,1788883513.3259,6,574.71,3878.05,4452.76,952.9,5876.1,57377.3,0.0,14527.808,1525.554,307.667,4799:12;4822:833;4823:1222;4824:917;4825:894
648.3752,1788883513.4300,6,574.71,3945.32,4520.04,765.4,5884.6,57368.9,0.0,14544.836,1525.873,307.667,4799:12;4822:840;4823:1244;4824:937;4825:911
648.4797,1788883513.5345,6,574.72,3951.76,4526.48,1163.2,5900.5,57352.9,0.0,14571.970,1526.073,307.667,4799:12;4822:843;4823:1243;4824:941;4825:912
648.5838,1788883513.6386,6,574.72,3996.97,4571.69,663.4,5920.3,57333.1,0.0,14583.008,1526.342,307.667,4799:12;4822:852;4823:1256;4824:948;4825:928
648.6878,1788883513.7426,6,574.72,4030.73,4605.45,667.4,5943.9,57309.5,0.0,14610.122,1526.566,307.667,4799:12;4822:868;4823:1256;4824:954;4825:941
648.7945,1788883513.8493,6,574.72,4126.61,4701.33,1286.9,6048.7,57204.8,0.0,14633.821,1526.838,307.667,4799:12;4822:882;4823:1269;4824:969;4825:995
648.9009,1788883513.9557,6,574.73,4148.89,4723.62,939.4,6073.8,57179.7,0.0,14654.218,1527.048,307.667,4799:12;4822:891;4823:1271;4824:968;4825:1007
649.0049,1788883514.0597,6,574.73,4223.18,4797.91,913.8,6088.3,57165.2,0.0,14677.700,1527.362,307.667,4799:12;4822:904;4823:1292;4824:992;4825:1022
649.1113,1788883514.1662,6,574.76,4349.09,4923.86,1432.8,6238.4,57015.1,0.0,14692.582,1527.515,307.667,4799:12;4822:913;4823:1385;4824:1008;4825:1030
649.2188,1788883514.2736,6,574.77,4492.21,5066.99,1394.6,6291.8,56961.6,0.0,14705.798,1527.798,307.667,4799:12;4822:949;4823:1486;4824:1008;4825:1037
649.3250,1788883514.3798,6,574.79,4598.34,5173.13,1353.9,6490.0,56763.4,0.0,14728.334,1528.001,307.667,4799:12;4822:954;4823:1562;4824:1019;4825:1051
649.4396,1788883514.4944,6,574.80,4604.35,5179.14,1320.5,6448.0,56805.5,0.0,14747.851,1528.289,307.667,4799:12;4822:961;4823:1556;4824:1012;4825:1062
649.5470,1788883514.6018,6,574.85,4417.81,4992.66,1235.3,6422.0,56831.4,0.0,14767.700,1528.484,307.667,4799:12;4822:964;4823:1388;4824:993;4825:1060
649.6532,1788883514.7080,6,574.86,4460.94,5035.80,1005.7,6428.2,56825.2,0.0,14782.686,1528.812,307.667,4799:12;4822:968;4823:1404;4824:1012;4825:1064
649.7573,1788883514.8121,6,574.86,4490.84,5065.70,1191.9,6433.4,56820.1,0.0,14804.693,1529.027,307.667,4799:12;4822:991;4823:1407;4824:1019;4825:1061
649.8625,1788883514.9173,6,574.86,4529.54,5104.40,982.3,6448.9,56804.6,0.0,14819.490,1529.336,307.667,4799:12;4822:997;4823:1417;4824:1023;4825:1080
649.9670,1788883515.0219,6,574.87,4599.54,5174.41,1028.3,6534.8,56718.7,0.0,14846.097,1529.556,307.667,4799:12;4822:1050;4823:1416;4824:1025;4825:1096
650.0734,1788883515.1282,6,574.88,4757.88,5332.76,1446.7,6581.3,56672.2,0.0,14864.937,1529.793,307.667,4799:12;4822:1102;4823:1432;4824:1039;4825:1172
650.1840,1788883515.2388,6,574.91,4932.93,5507.84,1459.3,6651.4,56602.1,0.0,14881.483,1529.958,307.667,4799:12;4822:1185;4823:1529;4824:1059;4825:1149
650.2916,1788883515.3464,6,574.93,4992.54,5567.46,1435.7,6886.1,56367.3,0.0,14893.864,1530.166,307.667,4799:12;4822:1173;4823:1596;4824:1041;4825:1171
650.4010,1788883515.4559,6,574.94,4935.78,5510.72,1347.3,6900.9,56352.6,0.0,14913.104,1530.379,307.667,4799:12;4822:1122;4823:1552;4824:1066;4825:1184
650.5078,1788883515.5626,6,574.96,4795.21,5370.17,1232.9,6799.3,56454.2,0.0,14927.385,1530.639,307.667,4799:12;4822:1114;4823:1484;4824:1019;4825:1167
650.6139,1788883515.6687,6,574.96,4884.30,5459.27,1332.5,6899.8,56353.6,0.0,14943.389,1530.906,307.667,4799:12;4822:1120;4823:1494;4824:1031;4825:1226
650.7206,1788883515.7754,6,574.97,4917.20,5492.17,1296.2,6903.9,56349.6,0.0,14960.850,1531.191,307.667,4799:12;4822:1141;4823:1509;4824:1064;4825:1190
650.8270,1788883515.8818,6,574.97,4935.96,5510.93,1238.6,6936.7,56316.8,0.0,14974.230,1531.462,307.667,4799:12;4822:1150;4823:1534;4824:1051;4825:1189
650.9320,1788883515.9869,6,574.97,5055.25,5630.22,1192.5,6988.9,56264.5,0.0,15000.449,1531.757,307.667,4799:12;4822:1178;4823:1552;4824:1078;4825:1235
651.0418,1788883516.0966,6,574.98,5110.38,5685.36,1192.9,7036.9,56216.6,0.0,15002.792,1531.996,307.667,4799:12;4822:1177;4823:1558;4824:1077;4825:1285
651.1466,1788883516.2015,6,574.99,5167.38,5742.37,1142.3,7067.5,56186.0,0.0,15024.144,1532.253,307.667,4799:12;4822:1178;4823:1576;4824:1092;4825:1309
651.2526,1788883516.3074,6,575.00,5148.94,5723.94,1229.1,7097.8,56155.7,0.0,15029.197,1532.479,307.667,4799:12;4822:1168;4823:1616;4824:1099;4825:1254
651.3590,1788883516.4139,6,575.03,5185.44,5760.46,1153.0,7095.8,56157.7,0.0,15055.764,1532.793,307.667,4799:12;4822:1186;4823:1597;4824:1094;4825:1296
651.4715,1788883516.5263,6,575.04,5229.19,5804.23,1329.9,7120.4,56133.1,0.0,15065.569,1533.101,307.667,4799:12;4822:1191;4823:1604;4824:1102;4825:1320
651.5757,1788883516.6305,6,575.08,5385.25,5960.32,1309.1,7368.2,55885.3,0.0,15078.908,1533.268,307.667,4799:12;4822:1238;4823:1613;4824:1110;4825:1412
651.6813,1788883516.7361,6,575.18,5437.45,6012.62,1314.3,7313.7,55939.8,0.0,15085.754,1533.486,307.667,4799:12;4822:1268;4823:1645;4824:1110;4825:1403
651.7895,1788883516.8443,6,575.25,5543.12,6118.37,1451.4,7375.4,55878.0,0.0,15101.732,1533.640,307.667,4799:12;4822:1308;4823:1637;4824:1119;4825:1467
651.8990,1788883516.9539,6,575.29,5920.89,6496.18,1366.2,7690.2,55563.2,0.0,15108.802,1533.888,307.667,4799:12;4822:1312;4823:1664;4824:1133;4825:1799
652.0121,1788883517.0669,6,575.41,5998.72,6574.14,1441.2,7784.5,55469.0,0.0,15127.645,1534.051,307.667,4799:12;4822:1334;4823:1656;4824:1154;4825:1844
652.1251,1788883517.1799,6,575.61,6233.95,6809.56,1453.2,8121.7,55131.8,0.0,15132.067,1534.180,307.667,4799:12;4822:1346;4823:1656;4824:1161;4825:2060
652.2390,1788883517.2939,6,575.93,6211.86,6787.79,1302.8,8105.8,55147.7,0.0,15141.021,1534.367,307.667,4799:12;4822:1395;4823:1687;4824:1163;4825:1954
652.3470,1788883517.4018,6,576.08,6663.84,7239.92,1439.5,8454.8,54798.7,0.0,15158.192,1534.512,307.667,4799:12;4822:1660;4823:1697;4824:1220;4825:2074
652.4600,1788883517.5149,6,576.38,6657.11,7233.49,1240.2,8748.2,54505.2,0.0,15164.385,1534.710,307.667,4799:12;4822:1689;4823:1724;4824:1177;4825:2055
652.5714,1788883517.6262,6,576.66,6931.94,7508.60,1406.2,9001.4,54252.1,0.0,15182.761,1534.873,307.667,4799:12;4822:1837;4823:1731;4824:1192;4825:2159
652.6857,1788883517.7405,6,576.83,7354.12,7930.95,1470.5,9254.1,53999.4,0.0,15189.384,1534.963,307.667,4799:12;4822:1966;4823:1865;4824:1246;4825:2265
652.7972,1788883517.8520,6,576.98,7568.51,8145.49,1450.4,9729.4,53524.0,0.0,15194.918,1535.055,307.667,4799:12;4822:2056;4823:1842;4824:1313;4825:2345
652.9101,1788883517.9649,6,577.31,7448.51,8025.82,1346.1,9697.3,53556.2,0.0,15204.027,1535.146,307.667,4799:12;4822:1807;4823:1917;4824:1332;4825:2380
653.0186,1788883518.0734,6,577.48,7610.95,8188.43,1418.2,9977.6,53275.8,0.0,15213.238,1535.240,307.667,4799:12;4822:1905;4823:1952;4824:1344;4825:2398
653.1233,1788883518.1781,6,577.68,7620.63,8198.30,1388.4,10036.5,53217.0,0.0,15218.510,1535.322,307.667,4799:12;4822:1881;4823:1874;4824:1269;4825:2584
653.2301,1788883518.2849,6,577.89,8019.61,8597.51,1354.1,10233.7,53019.8,0.0,15227.458,1535.394,307.667,4799:12;4822:2017;4823:1985;4824:1409;4825:2597
653.3366,1788883518.3914,6,578.01,8134.15,8712.16,1290.3,10428.1,52825.3,0.0,15237.543,1535.494,307.667,4799:12;4822:2036;4823:1956;4824:1440;4825:2690
653.4427,1788883518.4975,6,578.22,8496.70,9074.92,1423.0,10756.8,52496.7,0.0,15248.601,1535.574,307.667,4799:12;4822:2003;4823:2121;4824:1405;4825:2956
653.5501,1788883518.6049,6,578.39,8801.52,9379.90,1467.7,10954.8,52298.7,0.0,15255.593,1535.676,307.667,4799:12;4822:2168;4823:2243;4824:1501;4825:2878
653.6640,1788883518.7188,6,578.67,8510.28,9088.95,1419.6,10927.0,52326.4,0.0,15267.208,1535.781,307.667,4799:12;4822:2137;4823:2250;4824:1497;4825:2614
653.7786,1788883518.8334,6,578.82,9020.05,9598.87,1497.8,11309.6,51943.9,0.0,15269.868,1535.849,307.667,4799:12;4822:2175;4823:2408;4824:1843;4825:2582
653.8860,1788883518.9409,6,578.99,8773.03,9352.02,1378.6,11456.7,51796.8,0.0,15274.651,1535.919,307.667,4799:12;4822:2090;4823:2393;4824:1787;4825:2490
653.9928,1788883519.0476,6,579.26,9022.63,9601.89,1177.6,11646.5,51607.0,0.0,15280.064,1536.064,307.667,4799:12;4822:2217;4823:2472;4824:1839;4825:2483
654.1000,1788883519.1549,6,579.45,9573.91,10153.35,1436.0,12064.4,51189.0,0.0,15282.399,1536.151,307.667,4799:12;4822:2083;4823:2901;4824:2078;4825:2499
654.2068,1788883519.2616,6,579.63,9678.39,10258.03,1416.4,12094.2,51159.3,0.0,15285.707,1536.222,307.667,4799:12;4822:2152;4823:2995;4824:1924;4825:2594
654.3220,1788883519.3769,6,579.75,9663.54,10243.29,1396.5,12297.9,50955.5,0.0,15286.188,1536.296,307.667,4799:12;4822:2286;4823:3001;4824:1868;4825:2497
654.4281,1788883519.4830,6,580.03,9618.23,10198.26,1054.5,12449.5,50804.0,0.0,15287.404,1536.403,307.667,4799:12;4822:2302;4823:3046;4824:1846;4825:2412
654.5338,1788883519.5886,6,580.15,9889.09,10469.23,1364.5,12392.8,50860.6,0.0,15289.410,1536.488,307.667,4799:12;4822:2307;4823:3269;4824:1874;4825:2428
654.6410,1788883519.6959,6,580.15,10155.86,10736.01,1461.1,12563.0,50690.5,0.0,15291.168,1536.561,307.667,4799:12;4822:2315;4823:3423;4824:1899;4825:2507
654.7478,1788883519.8026,6,580.15,10330.92,10911.07,1355.3,12802.4,50451.0,0.0,15296.342,1536.636,307.667,4799:12;4822:2426;4823:3423;4824:1920;4825:2550
654.8541,1788883519.9089,6,580.20,10741.52,11321.71,1235.4,12901.2,50352.2,0.0,15297.700,1536.747,307.667,4799:12;4822:2396;4823:3796;4824:1972;4825:2565
654.9639,1788883520.0187,6,580.22,11289.60,11869.82,1471.9,13334.9,49918.6,0.0,15302.523,1536.795,307.667,4799:12;4822:2473;4823:4088;4824:2125;4825:2591
655.0780,1788883520.1329,6,580.45,11033.39,11613.83,1379.7,13332.5,49921.0,0.0,15304.561,1536.880,307.667,4799:12;4822:2527;4823:3836;4824:2069;4825:2589
655.1866,1788883520.2414,6,580.70,11088.30,11669.00,1264.0,13475.7,49777.8,0.0,15307.244,1536.982,307.667,4799:12;4822:2559;4823:4011;4824:2052;4825:2454
655.2917,1788883520.3465,6,580.85,10692.09,11272.94,1316.0,13665.1,49588.4,0.0,15311.791,1537.106,307.667,4799:12;4822:2400;4823:3857;4824:1971;4825:2451
655.4018,1788883520.4566,6,580.98,10706.24,11287.22,1109.4,13555.1,49698.4,0.0,15314.628,1537.212,307.667,4799:12;4822:2378;4823:3972;4824:1901;4825:2443
655.5087,1788883520.5635,6,581.03,10657.75,11238.79,1066.9,13700.2,49553.2,0.0,15319.157,1537.379,307.667,4799:12;4822:2333;4823:4012;4824:1892;4825:2409
655.6179,1788883520.6727,6,581.18,10510.31,11091.49,1448.9,13613.4,49640.1,0.0,15322.926,1537.538,307.667,4799:12;4822:2308;4823:3897;4824:1890;4825:2402
655.7261,1788883520.7809,6,581.36,10079.48,10660.84,1249.3,13545.1,49708.4,0.0,15326.051,1537.713,307.667,4799:12;4822:2193;4823:3691;4824:1819;4825:2364
655.8320,1788883520.8868,6,581.68,9973.69,10555.36,1112.3,13365.4,49888.1,0.0,15330.886,1537.872,307.667,4799:12;4822:2183;4823:3579;4824:1834;4825:2366
655.9381,1788883520.9929,6,581.98,9994.63,10576.61,1120.7,13334.5,49918.9,0.0,15334.166,1538.042,307.667,4799:12;4822:2193;4823:3483;4824:1852;4825:2454
656.0441,1788883521.0989,6,582.30,9779.97,10362.27,1130.2,13000.6,50252.8,0.0,15334.632,1538.216,307.667,4799:12;4822:2202;4823:3270;4824:1857;4825:2439
656.1505,1788883521.2053,6,582.71,9906.26,10488.97,1137.1,12943.2,50310.2,0.0,15338.649,1538.352,307.667,4799:12;4822:2200;4823:3360;4824:1862;4825:2473
656.2549,1788883521.3097,6,582.93,10198.10,10781.03,1210.8,13134.5,50119.0,0.0,15340.943,1538.503,307.667,4799:12;4822:2207;4823:3469;4824:1868;4825:2642
656.3597,1788883521.4146,6,583.16,10382.04,10965.20,1212.9,13043.6,50209.8,0.0,15344.427,1538.677,307.667,4799:12;4822:2268;4823:3474;4824:1876;4825:2752
656.4653,1788883521.5201,6,583.19,10165.08,10748.27,1083.3,13113.0,50140.5,0.0,15347.008,1538.862,307.667,4799:12;4822:2204;4823:3433;4824:1869;4825:2646
656.5717,1788883521.6265,6,583.25,9984.10,10567.35,1106.7,13173.5,50080.0,0.0,15352.900,1539.120,307.667,4799:12;4822:2205;4823:3360;4824:1834;4825:2573
656.6772,1788883521.7320,6,583.28,10043.55,10626.83,1184.3,13312.1,49941.3,0.0,15359.435,1539.392,307.667,4799:12;4822:2225;4823:3373;4824:1846;4825:2586
656.7820,1788883521.8368,6,583.31,10068.64,10651.95,816.0,13321.3,49932.1,0.0,15365.029,1539.694,307.667,4799:12;4822:2198;4823:3395;4824:1867;4825:2596
656.8875,1788883521.9423,6,583.31,10128.15,10711.46,727.4,13341.9,49911.6,0.0,15369.643,1539.952,307.667,4799:12;4822:2219;4823:3408;4824:1883;4825:2605
656.9917,1788883522.0465,6,583.31,10180.36,10763.66,835.2,13357.9,49895.6,0.0,15374.779,1540.246,307.667,4799:12;4822:2234;4823:3428;4824:1896;4825:2610
657.0959,1788883522.1507,6,583.31,10230.25,10813.56,681.6,13377.9,49875.6,0.0,15378.214,1540.534,307.667,4799:12;4822:2248;4823:3441;4824:1906;4825:2623
657.2001,1788883522.2549,6,583.31,10292.62,10875.93,816.0,13385.8,49867.6,0.0,15383.468,1540.800,307.667,4799:12;4822:2270;4823:3454;4824:1917;4825:2640
657.3042,1788883522.3590,6,583.31,10392.04,10975.34,671.5,13398.1,49855.4,0.0,15387.363,1541.063,307.667,4799:12;4822:2344;4823:3469;4824:1924;4825:2643
657.4085,1788883522.4633,6,583.33,10384.43,10967.76,960.3,13438.4,49815.1,0.0,15395.007,1541.310,307.667,4799:12;4822:2293;4823:3486;4824:1939;4825:2654
657.5151,1788883522.5699,6,583.34,10464.50,11047.83,690.9,13447.0,49806.4,0.0,15405.223,1541.617,307.667,4799:12;4822:2334;4823:3500;4824:1954;4825:2664
657.6204,1788883522.6752,6,583.34,10603.56,11186.90,1022.5,13520.8,49732.7,0.0,15415.873,1541.812,307.667,4799:12;4822:2320;4823:3508;4824:1964;4825:2799
657.7252,1788883522.7800,6,583.36,10642.29,11225.65,1053.3,13643.2,49610.3,0.0,15424.662,1542.088,307.667,4799:12;4822:2409;4823:3525;4824:1999;4825:2698
657.8304,1788883522.8852,6,583.38,10888.60,11471.98,1228.8,13846.6,49406.9,0.0,15433.608,1542.335,307.667,4799:12;4822:2366;4823:3534;4824:2257;4825:2720
657.9373,1788883522.9921,6,583.47,10665.07,11248.54,959.8,13818.3,49435.1,0.0,15440.430,1542.569,307.667,4799:12;4822:2359;4823:3544;4824:2011;4825:2738
658.0423,1788883523.0971,6,583.50,10831.20,11414.70,876.5,13851.3,49402.2,0.0,15446.136,1542.837,307.667,4799:12;4822:2478;4823:3557;4824:2035;4825:2749
658.1486,1788883523.2034,6,583.66,10878.36,11462.02,1060.5,13872.3,49381.2,0.0,15455.099,1543.077,307.667,4799:12;4822:2496;4823:3558;4824:2043;4825:2769
658.2551,1788883523.3099,6,583.83,10820.89,11404.71,1065.9,13809.7,49443.8,0.0,15461.952,1543.318,307.667,4799:12;4822:2509;4823:3534;4824:2025;4825:2740
658.3599,1788883523.4147,6,583.91,10735.95,11319.86,671.1,13769.7,49483.8,0.0,15466.273,1543.526,307.667,4799:12;4822:2402;4823:3594;4824:2003;4825:2724
658.4660,1788883523.5208,6,583.93,10962.19,11546.12,1231.2,13925.2,49328.3,0.0,15470.588,1543.730,307.667,4799:12;4822:2409;4823:3752;4824:2061;4825:2728
658.5706,1788883523.6254,6,583.95,10927.03,11510.98,1137.6,13903.5,49349.9,0.0,15476.636,1543.958,307.667,4799:12;4822:2425;4823:3688;4824:2084;4825:2718
658.6760,1788883523.7308,6,583.96,10879.88,11463.84,812.3,13915.0,49338.5,0.0,15485.704,1544.226,307.667,4799:12;4822:2427;4823:3641;4824:2093;4825:2706
658.7807,1788883523.8355,6,583.96,11041.58,11625.54,1041.3,14037.5,49216.0,0.0,15493.533,1544.498,307.667,4799:12;4822:2501;4823:3651;4824:2148;4825:2730
658.8875,1788883523.9423,6,583.98,11129.29,11713.27,1165.9,14228.1,49025.3,0.0,15502.310,1544.714,307.667,4799:12;4822:2433;4823:3658;4824:2288;4825:2738
658.9948,1788883524.0496,6,584.01,10989.19,11573.20,1275.8,14108.4,49145.1,0.0,15509.480,1544.880,307.667,4799:12;4822:2399;4823:3676;4824:2174;4825:2729
659.0995,1788883524.1543,6,584.25,11119.98,11704.23,968.4,14014.5,49239.0,0.0,15512.705,1545.169,307.667,4799:12;4822:2409;4823:3693;4824:2266;4825:2739
659.2038,1788883524.2586,6,584.42,11274.23,11858.65,1197.9,14067.4,49186.1,0.0,15527.491,1545.359,307.667,4799:12;4822:2448;4823:3730;4824:2254;4825:2830
659.3117,1788883524.3666,6,584.45,11368.29,11952.73,1112.0,14212.4,49041.1,0.0,15532.154,1545.565,307.667,4799:12;4822:2504;4823:3755;4824:2279;4825:2818
659.4188,1788883524.4736,6,584.48,11258.93,11843.41,1015.6,14170.2,49083.3,0.0,15538.475,1545.851,307.667,4799:12;4822:2459;4823:3727;4824:2291;4825:2770
659.5250,1788883524.5799,6,584.48,11328.47,11912.95,984.6,14188.1,49065.3,0.0,15559.958,1546.103,307.667,4799:12;4822:2480;4823:3739;4824:2312;4825:2785
659.6305,1788883524.6853,6,584.48,11324.71,11909.18,768.3,14196.7,49056.8,0.0,15564.431,1546.328,307.667,4799:12;4822:2474;4823:3746;4824:2299;4825:2794
659.7346,1788883524.7894,6,584.48,11403.36,11987.84,728.7,14208.9,49044.6,0.0,15578.649,1546.601,307.667,4799:12;4822:2500;4823:3762;4824:2311;4825:2819
659.8405,1788883524.8953,6,584.48,11400.99,11985.47,987.0,14220.8,49032.7,0.0,15589.506,1546.845,307.667,4799:12;4822:2496;4823:3768;4824:2311;4825:2814
659.9446,1788883524.9994,6,584.48,11440.56,12025.04,796.5,14227.7,49025.8,0.0,15601.314,1547.126,307.667,4799:12;4822:2507;4823:3777;4824:2323;4825:2822
660.0488,1788883525.1036,6,584.48,11486.93,12071.41,787.1,14240.5,49012.9,0.0,15613.199,1547.388,307.667,4799:12;4822:2518;4823:3789;4824:2328;4825:2839
660.1530,1788883525.2078,6,584.48,11547.26,12131.74,535.4,14256.2,48997.3,0.0,15628.084,1547.596,307.667,4799:12;4822:2530;4823:3812;4824:2338;4825:2855
660.2597,1788883525.3145,6,584.48,11589.32,12173.80,668.1,14258.7,48994.8,0.0,15638.475,1547.822,307.667,4799:12;4822:2544;4823:3818;4824:2352;4825:2863
660.3660,1788883525.4208,6,584.55,11767.95,12352.50,1207.3,14454.1,48799.4,0.0,15646.663,1548.031,307.667,4799:12;4822:2542;4823:4010;4824:2338;4825:2865
660.4728,1788883525.5276,6,584.67,11861.16,12445.83,1320.7,14573.0,48680.5,0.0,15656.850,1548.258,307.667,4799:12;4822:2529;4823:3925;4824:2462;4825:2933
660.5805,1788883525.6353,6,584.87,11723.62,12308.49,1349.8,14570.1,48683.4,0.0,15673.198,1548.397,307.667,4799:12;4822:2533;4823:3861;4824:2389;4825:2929
660.6853,1788883525.7402,6,584.98,11733.53,12318.51,910.2,14574.0,48679.5,0.0,15674.128,1548.640,307.667,4799:12;4822:2540;4823:3858;4824:2368;4825:2955
660.7897,1788883525.8445,6,584.98,11761.59,12346.57,850.3,14598.3,48655.2,0.0,15691.819,1548.861,307.667,4799:12;4822:2562;4823:3878;4824:2360;4825:2950
660.8944,1788883525.9492,6,584.99,11906.25,12491.25,1294.7,14731.7,48521.8,0.0,15696.803,1549.021,307.667,4799:12;4822:2622;4823:3915;4824:2359;4825:2998
661.0020,1788883526.0569,6,585.05,11945.35,12530.40,1080.6,14648.5,48605.0,0.0,15707.366,1549.243,307.667,4799:12;4822:2561;4823:3972;4824:2382;4825:3018
661.1091,1788883526.1639,6,585.14,12123.74,12708.88,1265.9,14806.4,48447.1,0.0,15718.228,1549.423,307.667,4799:12;4822:2810;4823:3955;4824:2384;4825:2962
661.2142,1788883526.2690,6,585.28,12161.55,12746.84,800.8,14690.5,48563.0,0.0,15722.308,1549.651,307.667,4799:12;4822:2835;4823:3962;4824:2393;4825:2959
661.3205,1788883526.3753,6,585.34,12028.29,12613.64,828.7,14647.6,48605.9,0.0,15741.066,1549.880,307.667,4799:12;4822:2734;4823:3956;4824:2383;4825:2942
661.4267,1788883526.4815,6,585.35,12022.95,12608.29,876.0,14660.2,48593.2,0.0,15746.691,1550.127,307.667,4799:12;4822:2735;4823:3952;4824:2382;4825:2942
661.5331,1788883526.5879,6,585.36,12226.75,12812.11,910.3,14836.6,48416.9,0.0,15761.985,1550.385,307.667,4799:12;4822:2869;4823:3968;4824:2413;4825:2964
661.6405,1788883526.6953,6,585.36,12274.74,12860.10,1114.9,14870.1,48383.4,0.0,15774.471,1550.603,307.667,4799:12;4822:2916;4823:3986;4824:2396;4825:2965
661.7473,1788883526.8021,6,585.43,11820.12,12405.55,936.9,14442.4,48811.1,0.0,15776.750,1550.847,307.667,4799:12;4822:2599;4823:3911;4824:2366;4825:2931
661.8542,1788883526.9090,6,585.59,12174.56,12760.16,1312.5,14551.7,48701.8,0.0,15796.559,1551.024,307.667,4799:12;4822:2761;4823:3922;4824:2451;4825:3028
661.9677,1788883527.0226,6,585.69,12275.41,12861.10,1471.3,14795.1,48458.4,0.0,15808.851,1551.176,307.667,4799:12;4822:2833;4823:3935;4824:2498;4825:2997
662.0744,1788883527.1292,6,585.74,12192.98,12778.72,1233.5,14862.2,48391.3,0.0,15819.938,1551.438,307.667,4799:12;4822:2757;4823:3931;4824:2524;4825:2969
662.1846,1788883527.2394,6,585.89,12224.62,12810.51,1156.8,14867.5,48386.0,0.0,15831.624,1551.717,307.667,4799:12;4822:2764;4823:3944;4824:2542;4825:2963
662.2929,1788883527.3477,6,586.16,12312.45,12898.60,1256.7,14881.0,48372.5,0.0,15838.380,1551.907,307.667,4799:12;4822:2774;4823:3926;4824:2536;4825:3064
662.3994,1788883527.4542,6,586.35,12458.74,13045.09,1262.3,14949.7,48303.8,0.0,15852.530,1552.127,307.667,4799:12;4822:2819;4823:3939;4824:2576;4825:3112
662.5045,1788883527.5593,6,586.44,12476.88,13063.31,929.6,14904.4,48349.1,0.0,15853.969,1552.396,307.667,4799:12;4822:2801;4823:3949;4824:2589;4825:3126
662.6088,1788883527.6636,6,586.44,12523.31,13109.75,1150.8,14937.7,48315.8,0.0,15870.885,1552.652,307.667,4799:12;4822:2824;4823:3962;4824:2589;4825:3136
662.7150,1788883527.7699,6,586.46,12567.70,13154.16,642.6,14957.7,48295.8,0.0,15872.667,1552.952,307.667,4799:12;4822:2835;4823:3975;4824:2601;4825:3144
662.8191,1788883527.8739,6,586.46,12635.09,13221.55,934.7,14967.1,48286.3,0.0,15887.265,1553.156,307.667,4799:12;4822:2868;4823:3995;4824:2607;4825:3153
662.9265,1788883527.9813,6,586.48,12726.13,13312.62,1146.4,15120.7,48132.8,0.0,15891.420,1553.387,307.667,4799:12;4822:2870;4823:4070;4824:2609;4825:3164
663.0308,1788883528.0856,6,586.64,12879.50,13466.14,857.6,15186.1,48067.3,0.0,15908.474,1553.639,307.667,4799:12;4822:2949;4823:4108;4824:2633;4825:3177
663.1373,1788883528.1921,6,586.73,13119.52,13706.24,1478.9,15490.3,47763.1,0.0,15911.591,1553.720,307.667,4799:12;4822:3077;4823:4192;4824:2669;4825:3169
663.2424,1788883528.2972,6,586.92,13044.07,13630.99,1409.7,15522.9,47730.6,0.0,15917.635,1553.903,307.667,4799:12;4822:2958;4823:4246;4824:2639;4825:3189
663.3496,1788883528.4044,6,587.19,13109.45,13696.64,1381.2,15610.6,47642.8,0.0,15924.435,1554.019,307.667,4799:12;4822:2980;4823:4336;4824:2645;4825:3136
663.4555,1788883528.5103,6,587.35,13360.80,13948.15,1357.4,15769.9,47483.6,0.0,15932.245,1554.145,307.667,4799:12;4822:3016;4823:4348;4824:2758;4825:3226
663.5680,1788883528.6229,6,587.41,13562.22,14149.63,1389.1,15908.8,47344.7,0.0,15937.626,1554.223,307.667,4799:12;4822:3017;4823:4459;4824:2891;4825:3184
663.6770,1788883528.7319,6,587.44,13752.88,14340.31,1335.6,16106.9,47146.6,0.0,15945.288,1554.376,307.667,4799:12;4822:3050;4823:4411;4824:2969;4825:3310
663.7917,1788883528.8465,6,587.47,13953.52,14540.99,1407.3,16227.5,47026.0,0.0,15949.683,1554.491,307.667,4799:12;4822:3109;4823:4438;4824:3078;4825:3316
663.8987,1788883528.9535,6,587.53,14190.76,14778.29,1210.1,16463.4,46790.1,0.0,15958.288,1554.613,307.667,4799:12;4822:3126;4823:4562;4824:3075;4825:3415
664.0071,1788883529.0619,6,587.58,14399.64,14987.22,1399.4,16659.9,46593.5,0.0,15961.944,1554.717,307.667,4799:12;4822:3133;4823:4698;4824:3097;4825:3460
664.1182,1788883529.1730,6,587.60,14824.00,15411.61,1318.8,16947.4,46306.0,0.0,15973.393,1554.889,307.667,4799:12;4822:3139;4823:4841;4824:3231;4825:3602
664.2345,1788883529.2893,6,587.62,14884.26,15471.89,1430.0,17087.3,46166.2,0.0,15977.788,1554.991,307.667,4799:12;4822:3066;4823:4777;4824:3239;4825:3791
664.3410,1788883529.3958,6,587.68,15154.66,15742.35,1389.3,17494.4,45759.1,0.0,15984.873,1555.191,307.667,4799:12;4822:3013;4823:4760;4824:3411;4825:3959
664.4476,1788883529.5024,6,587.73,15126.09,15713.82,1516.4,17620.1,45633.4,0.0,15992.744,1555.280,307.667,4799:12;4822:2993;4823:4737;4824:3461;4825:3922
664.5550,1788883529.6099,6,587.80,15319.82,15907.61,1393.1,17771.1,45482.4,0.0,16003.507,1555.470,307.667,4799:12;4822:3028;4823:4813;4824:3614;4825:3853
664.6741,1788883529.7289,6,587.87,15247.81,15835.68,1440.6,18037.9,45215.6,0.0,16004.985,1555.582,307.667,4799:12;4822:3082;4823:4751;4824:3743;4825:3659
664.7860,1788883529.8408,6,587.93,15446.82,16034.75,1470.2,18369.7,44883.8,0.0,16008.676,1555.652,307.667,4799:12;4822:3145;4823:4775;4824:3953;4825:3562
664.8950,1788883529.9498,6,588.01,15425.31,16013.32,1398.5,18488.8,44764.6,0.0,16011.285,1555.778,307.667,4799:12;4822:3491;4823:4567;4824:3915;4825:3440
665.0059,1788883530.0607,6,588.21,14957.81,15546.02,1357.2,18262.4,44991.1,0.0,16016.343,1555.873,307.667,4799:12;4822:3385;4823:4442;4824:3612;4825:3507
665.1192,1788883530.1740,6,588.27,14801.92,15390.19,1426.2,18442.4,44811.1,0.0,16017.110,1555.975,307.667,4799:12;4822:3434;4823:4425;4824:3323;4825:3607
665.2277,1788883530.2825,6,588.30,14538.33,15126.63,1379.5,18349.1,44904.4,0.0,16019.867,1556.118,307.667,4799:12;4822:3347;4823:4388;4824:3267;4825:3524
665.3327,1788883530.3876,6,588.44,14454.14,15042.58,1417.1,18366.8,44886.7,0.0,16029.265,1556.262,307.667,4799:12;4822:3207;4823:4659;4824:3174;4825:3402
665.4420,1788883530.4969,6,588.70,13939.98,14528.68,1433.5,17742.6,45510.8,0.0,16030.747,1556.373,307.667,4799:12;4822:3087;4823:4593;4824:2930;4825:3317
665.5489,1788883530.6037,6,588.92,13627.95,14216.87,1219.6,17376.7,45876.8,0.0,16032.780,1556.572,307.667,4799:12;4822:3030;4823:4454;4824:2924;4825:3208
665.6570,1788883530.7119,6,589.29,13753.62,14342.91,1426.1,17031.6,46221.9,0.0,16041.138,1556.689,307.667,4799:12;4822:3047;4823:4557;4824:2914;4825:3223
665.7664,1788883530.8212,6,589.36,13953.87,14543.22,1120.6,17242.0,46011.4,0.0,16042.058,1556.887,307.667,4799:12;4822:3065;4823:4716;4824:2926;4825:3235
665.8730,1788883530.9278,6,589.46,13797.46,14386.93,1339.0,17341.1,45912.4,0.0,16050.463,1557.118,307.667,4799:12;4822:3032;4823:4565;4824:2935;4825:3254
665.9793,1788883531.0341,6,589.65,13750.54,14340.20,1170.2,17247.9,46005.6,0.0,16055.561,1557.349,307.667,4799:12;4822:3030;4823:4543;4824:2915;4825:3250
666.0850,1788883531.1398,6,589.88,13787.17,14377.05,1089.6,17255.0,45998.5,0.0,16063.973,1557.552,307.667,4799:12;4822:3030;4823:4554;4824:2918;4825:3274
666.1928,1788883531.2476,6,590.00,13933.97,14523.97,1425.1,17388.4,45865.0,0.0,16068.944,1557.718,307.667,4799:12;4822:3025;4823:4671;4824:2920;4825:3306
666.2992,1788883531.3541,6,590.24,13924.09,14514.34,1062.9,17360.7,45892.8,0.0,16070.320,1557.940,307.667,4799:12;4822:3043;4823:4657;4824:2906;4825:3305
666.4035,1788883531.4583,6,590.25,13948.29,14538.53,1014.3,17350.5,45902.9,0.0,16079.871,1558.172,307.667,4799:12;4822:3028;4823:4679;4824:2924;4825:3305
666.5093,1788883531.5641,6,590.25,13983.98,14574.23,892.1,17363.6,45889.9,0.0,16086.741,1558.458,307.667,4799:12;4822:3030;4823:4687;4824:2934;4825:3321
666.6158,1788883531.6706,6,590.25,14025.36,14615.61,968.2,17380.1,45873.4,0.0,16094.275,1558.740,307.667,4799:12;4822:3039;4823:4704;4824:2936;4825:3334
666.7221,1788883531.7769,6,590.26,14064.35,14654.61,911.6,17392.1,45861.4,0.0,16098.940,1559.005,307.667,4799:12;4822:3053;4823:4709;4824:2940;4825:3349
666.8283,1788883531.8831,6,590.26,14114.04,14704.29,970.6,17404.0,45849.4,0.0,16108.545,1559.276,307.667,4799:12;4822:3063;4823:4724;4824:2954;4825:3360
666.9323,1788883531.9871,6,590.26,14152.81,14743.07,903.0,17416.0,45837.5,0.0,16116.504,1559.540,307.667,4799:12;4822:3072;4823:4736;4824:2965;4825:3368
667.0389,1788883532.0937,6,590.26,14229.13,14819.39,621.7,17407.7,45845.8,0.0,16128.148,1559.834,307.667,4799:12;4822:3097;4823:4758;4824:2978;4825:3383
667.1449,1788883532.1997,6,590.26,14247.20,14837.46,1014.8,17414.4,45839.1,0.0,16132.622,1560.122,307.667,4799:12;4822:3101;4823:4769;4824:2977;4825:3389
667.2501,1788883532.3049,6,590.32,14393.29,14983.61,772.2,17454.6,45798.8,0.0,16143.963,1560.338,307.667,4799:12;4822:3124;4823:4797;4824:3013;4825:3446
667.3626,1788883532.4174,6,590.34,14507.43,15097.77,1305.2,17574.3,45679.2,0.0,16151.998,1560.482,307.667,4799:12;4822:3103;4823:4790;4824:2992;4825:3611
667.4675,1788883532.5223,6,590.38,14577.91,15168.29,1165.9,17681.8,45571.7,0.0,16163.373,1560.775,307.667,4799:12;4822:3123;4823:4815;4824:2969;4825:3658
667.5789,1788883532.6337,6,590.48,14429.41,15019.88,1347.0,17429.7,45823.8,0.0,16168.666,1560.930,307.667,4799:12;4822:3107;4823:4819;4824:2957;4825:3534
667.6856,1788883532.7404,6,590.68,14550.32,15141.00,951.1,17453.4,45800.1,0.0,16174.191,1561.209,307.667,4799:12;4822:3116;4823:4826;4824:2964;4825:3633
667.7917,1788883532.8465,6,590.83,14531.64,15122.46,1177.2,17468.0,45785.5,0.0,16185.306,1561.361,307.667,4799:12;4822:3119;4823:4821;4824:2952;4825:3628
667.8979,1788883532.9527,6,590.92,14560.14,15151.06,699.7,17482.2,45771.3,0.0,16190.635,1561.681,307.667,4799:12;4822:3119;4823:4837;4824:2965;4825:3628
668.0019,1788883533.0567,6,590.92,14699.89,15290.81,899.0,17512.7,45740.8,0.0,16210.171,1561.892,307.667,4799:12;4822:3176;4823:4871;4824:2988;4825:3652
668.1154,1788883533.1702,6,590.94,14876.47,15467.41,1338.9,17649.2,45604.3,0.0,16217.605,1562.091,307.667,4799:12;4822:3217;4823:4923;4824:3045;4825:3679
668.2197,1788883533.2745,6,590.95,14863.24,15454.19,1082.5,17751.3,45502.1,0.0,16223.148,1562.361,307.667,4799:12;4822:3215;4823:4929;4824:3031;4825:3676
668.3241,1788883533.3789,6,590.96,14810.97,15401.94,1151.3,17817.3,45436.2,0.0,16239.374,1562.563,307.667,4799:12;4822:3208;4823:4868;4824:3036;4825:3686
668.4303,1788883533.4851,6,591.03,14912.42,15503.45,875.0,17900.6,45352.9,0.0,16243.977,1562.862,307.667,4799:12;4822:3226;4823:4873;4824:3112;4825:3689
668.5372,1788883533.5920,6,591.12,14911.30,15502.42,1258.4,17898.8,45354.7,0.0,16261.678,1563.038,307.667,4799:12;4822:3237;4823:4852;4824:3070;4825:3740
668.6440,1788883533.6989,6,591.24,15208.60,15799.84,1441.6,18220.4,45033.1,0.0,16268.106,1563.196,307.667,4799:12;4822:3451;4823:4892;4824:3124;4825:3729
668.7556,1788883533.8104,6,591.30,14953.55,15544.85,1306.4,18079.5,45174.0,0.0,16280.379,1563.408,307.667,4799:12;4822:3265;4823:4877;4824:3107;4825:3693
668.8616,1788883533.9164,6,591.30,14976.68,15567.99,768.0,18079.5,45174.0,0.0,16285.888,1563.735,307.667,4799:12;4822:3262;4823:4896;4824:3099;4825:3708
668.9672,1788883534.0220,6,591.30,15031.86,15623.16,1167.6,18068.4,45185.1,0.0,16304.086,1563.956,307.667,4799:12;4822:3265;4823:4906;4824:3108;4825:3741
669.0733,1788883534.1281,6,591.30,15052.59,15643.90,833.5,18054.0,45199.5,0.0,16308.793,1564.255,307.667,4799:12;4822:3278;4823:4919;4824:3124;4825:3720
669.1787,1788883534.2335,6,591.30,15105.69,15696.99,796.7,18063.3,45190.2,0.0,16318.351,1564.507,307.667,4799:12;4822:3284;4823:4940;4824:3136;4825:3734
669.2828,1788883534.3376,6,591.31,15163.66,15754.97,912.7,18074.2,45179.3,0.0,16329.417,1564.741,307.667,4799:12;4822:3291;4823:4947;4824:3175;4825:3739
669.3869,1788883534.4417,6,591.31,15204.70,15796.01,769.8,18155.0,45098.4,0.0,16336.540,1564.982,307.667,4799:12;4822:3276;4823:4957;4824:3209;4825:3750
669.4923,1788883534.5471,6,591.32,15218.96,15810.28,929.0,18159.9,45093.6,0.0,16350.501,1565.238,307.667,4799:12;4822:3279;4823:4978;4824:3185;4825:3765
669.5989,1788883534.6538,6,591.32,15212.05,15803.37,812.7,18167.6,45085.9,0.0,16355.383,1565.482,307.667,4799:12;4822:3283;4823:4973;4824:3182;4825:3762
669.7036,1788883534.7584,6,591.48,15274.95,15866.43,939.3,18205.7,45047.8,0.0,16368.753,1565.694,307.667,4799:12;4822:3286;4823:4998;4824:3201;4825:3777
669.8081,1788883534.8629,6,591.51,15501.65,16093.16,1259.3,18358.7,44894.8,0.0,16378.665,1565.896,307.667,4799:12;4822:3344;4823:5134;4824:3248;4825:3764
669.9160,1788883534.9709,6,591.66,15677.20,16268.86,1392.4,18661.6,44591.8,0.0,16388.363,1566.090,307.667,4799:12;4822:3418;4823:5253;4824:3216;4825:3778
670.0306,1788883535.0854,6,591.80,15445.56,16037.37,1296.4,18418.3,44835.2,0.0,16395.214,1566.262,307.667,4799:12;4822:3354;4823:5127;4824:3175;4825:3777
670.1380,1788883535.1929,6,591.82,15555.62,16147.45,1033.3,18397.8,44855.6,0.0,16406.814,1566.592,307.667,4799:12;4822:3385;4823:5130;4824:3191;4825:3838
670.2499,1788883535.3047,6,591.85,15756.60,16348.45,1444.3,18414.0,44839.5,0.0,16412.731,1566.772,307.667,4799:12;4822:3391;4823:5139;4824:3243;4825:3971
670.3549,1788883535.4097,6,591.90,15857.52,16449.42,1214.8,18515.1,44738.4,0.0,16415.895,1567.000,307.667,4799:12;4822:3410;4823:5136;4824:3214;4825:4086
670.4614,1788883535.5162,6,592.01,15919.03,16511.04,1434.2,18676.3,44577.1,0.0,16421.182,1567.170,307.667,4799:12;4822:3420;4823:5136;4824:3191;4825:4160
670.5673,1788883535.6221,6,592.27,15745.83,16338.10,1098.9,18598.7,44654.8,0.0,16422.411,1567.427,307.667,4799:12;4822:3432;4823:5152;4824:3162;4825:3988
670.6727,1788883535.7276,6,592.38,15801.41,16393.79,1228.0,18641.3,44612.2,0.0,16430.175,1567.635,307.667,4799:12;4822:3444;4823:5166;4824:3169;4825:4010
670.7768,1788883535.8316,6,592.38,15854.69,16447.07,858.7,18650.5,44603.0,0.0,16433.870,1567.941,307.667,4799:12;4822:3461;4823:5177;4824:3179;4825:4025
670.8830,1788883535.9378,6,592.38,15884.95,16477.32,1290.1,18666.6,44586.9,0.0,16443.914,1568.167,307.667,4799:12;4822:3466;4823:5186;4824:3182;4825:4039
670.9875,1788883536.0423,6,592.38,15940.72,16533.10,736.9,18665.7,44587.8,0.0,16448.767,1568.480,307.667,4799:12;4822:3488;4823:5193;4824:3201;4825:4047
671.0940,1788883536.1488,6,592.40,16170.58,16762.98,1281.1,18743.3,44510.2,0.0,16463.680,1568.704,307.667,4799:12;4822:3534;4823:5242;4824:3323;4825:4059
671.2070,1788883536.2619,6,592.51,16212.51,16805.02,1414.9,18737.0,44516.5,0.0,16466.782,1568.850,307.667,4799:12;4822:3594;4823:5230;4824:3303;4825:4073
671.3151,1788883536.3699,6,592.84,16396.62,16989.46,1408.5,18851.8,44401.7,0.0,16472.968,1568.998,307.667,4799:12;4822:3754;4823:5268;4824:3285;4825:4077
671.4249,1788883536.4797,6,593.16,16264.82,16857.98,1287.4,18755.6,44497.9,0.0,16473.996,1569.196,307.667,4799:12;4822:3664;4823:5269;4824:3262;4825:4057
671.5312,1788883536.5860,6,593.46,16369.71,16963.18,1350.0,18734.5,44518.9,0.0,16482.223,1569.342,307.667,4799:12;4822:3715;4823:5266;4824:3315;4825:4061
671.6405,1788883536.6954,6,593.83,16304.77,16898.59,1245.3,18774.6,44478.9,0.0,16486.197,1569.532,307.667,4799:12;4822:3689;4823:5281;4824:3281;4825:4041
671.7473,1788883536.8021,6,594.11,16207.16,16801.27,1336.5,18784.7,44468.7,0.0,16490.862,1569.702,307.667,4799:12;4822:3678;4823:5211;4824:3310;4825:3996
671.8536,1788883536.9084,6,594.14,16257.78,16851.92,726.1,18809.6,44443.8,0.0,16492.133,1569.889,307.667,4799:12;4822:3694;4823:5225;4824:3318;4825:4008
671.9601,1788883537.0149,6,594.20,16322.48,16916.68,1121.4,18851.6,44401.9,0.0,16504.754,1570.213,307.667,4799:12;4822:3714;4823:5236;4824:3330;4825:4030
672.0694,1788883537.1242,6,594.21,16345.71,16939.92,873.5,18840.4,44413.1,0.0,16505.829,1570.479,307.667,4799:12;4822:3717;4823:5237;4824:3339;4825:4040
672.1759,1788883537.2307,6,594.22,16434.57,17028.79,997.9,18844.9,44408.5,0.0,16518.328,1570.720,307.667,4799:12;4822:3749;4823:5253;4824:3361;4825:4058
672.2860,1788883537.3409,6,594.27,16442.05,17036.32,869.8,18863.8,44389.7,0.0,16519.422,1570.946,307.667,4799:12;4822:3741;4823:5265;4824:3364;4825:4060
672.3919,1788883537.4467,6,594.27,16496.14,17090.40,831.8,18876.0,44377.4,0.0,16531.862,1571.219,307.667,4799:12;4822:3752;4823:5274;4824:3382;4825:4075
672.4964,1788883537.5512,6,594.27,16515.52,17109.79,1018.0,18896.0,44357.5,0.0,16537.265,1571.485,307.667,4799:12;4822:3760;4823:5273;4824:3388;4825:4083
672.6003,1788883537.6551,6,594.27,16582.32,17176.60,912.8,18900.4,44353.1,0.0,16548.148,1571.751,307.667,4799:12;4822:3774;4823:5293;4824:3409;4825:4094
672.7044,1788883537.7592,6,594.30,16591.94,17186.24,776.6,18919.0,44334.5,0.0,16555.049,1571.995,307.667,4799:12;4822:3778;4823:5292;4824:3407;4825:4103
672.8100,1788883537.8649,6,594.30,16695.34,17289.64,948.7,18936.9,44316.5,0.0,16569.492,1572.264,307.667,4799:12;4822:3812;4823:5324;4824:3423;4825:4124
672.9240,1788883537.9789,6,594.34,16981.54,17575.88,1500.1,19271.8,43981.7,0.0,16575.859,1572.441,307.667,4799:12;4822:3862;4823:5386;4824:3506;4825:4216
673.0340,1788883538.0888,6,594.43,16981.21,17575.65,1449.2,19364.4,43889.1,0.0,16585.309,1572.621,307.667,4799:12;4822:3789;4823:5360;4824:3533;4825:4288
673.1440,1788883538.1989,6,594.71,16740.50,17335.22,1167.9,19197.4,44056.0,0.0,16587.153,1572.785,307.667,4799:12;4822:3744;4823:5326;4824:3455;4825:4204
673.2502,1788883538.3050,6,594.85,16757.69,17352.54,909.0,19211.3,44042.1,0.0,16594.687,1573.001,307.667,4799:12;4822:3743;4823:5332;4824:3453;4825:4217
673.3545,1788883538.4093,6,594.91,16771.08,17365.99,989.0,19227.2,44026.3,0.0,16610.911,1573.258,307.667,4799:12;4822:3748;4823:5326;4824:3454;4825:4231
673.4609,1788883538.5157,6,595.00,16869.75,17464.74,898.5,19268.9,43984.6,0.0,16622.640,1573.531,307.667,4799:12;4822:3757;4823:5392;4824:3465;4825:4244
673.5681,1788883538.6229,6,595.12,17018.19,17613.31,781.7,19347.7,43905.8,0.0,16645.775,1573.719,307.667,4799:12;4822:3785;4823:5470;4824:3482;4825:4269
673.6837,1788883538.7386,6,595.23,16964.66,17559.90,1033.4,19365.3,43888.2,0.0,16649.506,1573.925,307.667,4799:12;4822:3759;4823:5465;4824:3467;4825:4260
673.7890,1788883538.8438,6,595.28,17032.93,17628.21,613.6,19373.4,43880.1,0.0,16663.171,1574.141,307.667,4799:12;4822:3778;4823:5479;4824:3483;4825:4281
673.8930,1788883538.9478,6,595.28,17059.53,17654.81,990.6,19381.0,43872.4,0.0,16677.993,1574.405,307.667,4799:12;4822:3787;4823:5494;4824:3482;4825:4284
673.9972,1788883539.0520,6,595.35,17079.92,17675.27,907.8,19369.8,43883.7,0.0,16692.766,1574.625,307.667,4799:12;4822:3783;4823:5503;4824:3500;4825:4282
674.1019,1788883539.1567,6,595.41,17139.68,17735.09,737.8,19372.3,43881.1,0.0,16713.818,1574.845,307.667,4799:12;4822:3800;4823:5511;4824:3519;4825:4298
674.2090,1788883539.2638,6,595.43,17450.28,18045.71,1443.1,19596.7,43656.8,0.0,16725.678,1575.029,307.667,4799:12;4822:4021;4823:5518;4824:3581;4825:4318
674.3207,1788883539.3755,6,595.45,17523.51,18118.96,1182.3,19700.7,43552.8,0.0,16741.561,1575.256,307.667,4799:12;4822:3995;4823:5523;4824:3636;4825:4357
674.4317,1788883539.4865,6,595.54,17360.16,17955.71,1406.2,19647.6,43605.9,0.0,16751.311,1575.392,307.667,4799:12;4822:3997;4823:5517;4824:3586;4825:4247
674.5452,1788883539.6000,6,595.62,17741.73,18337.36,1409.1,19775.8,43477.6,0.0,16764.983,1575.555,307.667,4799:12;4822:4036;4823:5660;4824:3669;4825:4364
674.6554,1788883539.7102,6,595.65,17855.83,18451.48,1500.5,20002.8,43250.6,0.0,16768.910,1575.650,307.667,4799:12;4822:4080;4823:5608;4824:3752;4825:4403
674.7630,1788883539.8179,6,595.75,18037.75,18633.51,1432.0,20362.1,42891.4,0.0,16779.257,1575.851,307.667,4799:12;4822:4209;4823:5607;4824:3758;4825:4452
674.8710,1788883539.9259,6,595.77,18277.61,18873.38,1481.7,20665.9,42587.6,0.0,16788.023,1575.939,307.667,4799:12;4822:4257;4823:5587;4824:3969;4825:4452
674.9770,1788883540.0319,6,595.77,18400.95,18996.72,1416.1,20942.8,42310.7,0.0,16792.846,1576.134,307.667,4799:12;4822:4524;4823:5545;4824:4007;4825:4312
675.0836,1788883540.1385,6,595.79,18724.26,19320.05,1517.6,21015.0,42238.4,0.0,16811.266,1576.296,307.667,4799:12;4822:4546;4823:5621;4824:4198;4825:4348
675.2080,1788883540.2629,6,595.82,18819.08,19414.89,1428.7,21174.2,42079.2,0.0,16812.571,1576.426,307.667,4799:12;4822:4612;4823:5634;4824:4144;4825:4417
675.3164,1788883540.3712,6,595.84,18686.27,19282.11,1407.2,21265.8,41987.7,0.0,16823.282,1576.607,307.667,4799:12;4822:4633;4823:5757;4824:3950;4825:4334
675.4251,1788883540.4799,6,595.91,19210.22,19806.13,1544.1,21510.6,41742.9,0.0,16832.609,1576.691,307.667,4799:12;4822:5181;4823:5767;4824:3882;4825:4369
675.5371,1788883540.5919,6,595.96,19425.04,20021.00,1539.8,21719.6,41533.8,0.0,16836.426,1576.788,307.667,4799:12;4822:5271;4823:5803;4824:3974;4825:4366
675.6541,1788883540.7089,6,596.00,19802.74,20398.73,1477.7,22180.1,41073.4,0.0,16839.623,1576.888,307.667,4799:12;4822:5227;4823:6062;4824:3952;4825:4550
675.7661,1788883540.8209,6,596.14,19902.55,20498.70,1448.2,22400.3,40853.2,0.0,16845.207,1577.013,307.667,4799:12;4822:5218;4823:6143;4824:3971;4825:4558
675.8940,1788883540.9489,6,596.35,19717.17,20313.52,1477.5,22396.8,40856.6,0.0,16848.319,1577.081,307.667,4799:12;4822:5160;4823:6026;4824:3907;4825:4612
676.0010,1788883541.0559,6,596.43,19648.17,20244.60,1340.4,21977.6,41275.9,0.0,16853.087,1577.179,307.667,4799:12;4822:5121;4823:6065;4824:3774;4825:4676
676.1100,1788883541.1649,6,596.52,20035.56,20632.08,1440.4,22344.7,40908.8,0.0,16855.456,1577.214,307.667,4799:12;4822:5566;4823:5922;4824:3809;4825:4726
676.2162,1788883541.2710,6,596.54,20133.13,20729.67,1399.1,22461.9,40791.5,0.0,16858.285,1577.296,307.667,4799:12;4822:5583;4823:6040;4824:3722;4825:4776
676.3257,1788883541.3805,6,596.59,19988.30,20584.89,1143.6,22636.7,40616.7,0.0,16864.412,1577.339,307.667,4799:12;4822:5335;4823:6062;4824:3715;4825:4865
676.4359,1788883541.4907,6,596.64,20763.57,21360.21,1398.5,23217.5,40036.0,0.0,16864.713,1577.392,307.667,4799:12;4822:5498;4823:6458;4824:3756;4825:5039
676.5458,1788883541.6006,6,596.79,20946.29,21543.08,1447.8,23484.3,39769.1,0.0,16870.910,1577.430,307.667,4799:12;4822:5536;4823:6607;4824:3746;4825:5045
676.6649,1788883541.7197,6,596.96,20288.44,20885.39,1460.8,22897.3,40356.2,0.0,16870.982,1577.455,307.667,4799:12;4822:4875;4823:6681;4824:3822;4825:4897
676.7728,1788883541.8276,6,597.06,19988.42,20585.48,1413.0,23012.1,40241.4,0.0,16871.797,1577.498,307.667,4799:12;4822:4775;4823:6639;4824:3817;4825:4745
676.8781,1788883541.9329,6,597.11,19959.50,20556.61,1447.3,22966.5,40287.0,0.0,16880.735,1577.599,307.667,4799:12;4822:4735;4823:6399;4824:4059;4825:4754
676.9870,1788883542.0418,6,597.14,19781.04,20378.18,1489.5,22504.0,40749.5,0.0,16881.412,1577.673,307.667,4799:12;4822:4530;4823:6599;4824:3981;4825:4659
677.0989,1788883542.1537,6,597.25,19213.27,19810.52,1446.3,22139.0,41114.4,0.0,16886.597,1577.809,307.667,4799:12;4822:4501;4823:6570;4824:3789;4825:4341
677.2070,1788883542.2619,6,597.29,18662.15,19259.44,1407.4,21710.4,41543.1,0.0,16897.884,1577.973,307.667,4799:12;4822:4490;4823:6207;4824:3782;4825:4171
677.3176,1788883542.3724,6,597.46,18280.25,18877.71,1296.6,21299.7,41953.8,0.0,16906.443,1578.195,307.667,4799:12;4822:4469;4823:5881;4824:3761;4825:4157
677.4256,1788883542.4804,6,597.57,18350.14,18947.71,1391.7,21285.2,41968.3,0.0,16913.635,1578.390,307.667,4799:12;4822:4463;4823:5948;4824:3761;4825:4166
677.5320,1788883542.5869,6,597.66,18333.46,18931.12,1275.4,21219.4,42034.0,0.0,16918.128,1578.589,307.667,4799:12;4822:4470;4823:5914;4824:3771;4825:4167
677.6386,1788883542.6934,6,597.80,18394.73,18992.54,1262.3,21214.5,42038.9,0.0,16923.216,1578.769,307.667,4799:12;4822:4462;4823:5991;4824:3765;4825:4164
677.7438,1788883542.7986,6,598.05,18628.70,19226.75,1195.8,21341.7,41911.8,0.0,16924.338,1578.992,307.667,4799:12;4822:4470;4823:6208;4824:3761;4825:4178
677.8493,1788883542.9041,6,598.13,18402.55,19000.68,1317.3,21450.8,41802.6,0.0,16932.582,1579.181,307.667,4799:12;4822:4456;4823:5982;4824:3766;4825:4186
677.9556,1788883543.0104,6,598.34,18640.92,19239.25,1062.2,21695.6,41557.9,0.0,16934.598,1579.373,307.667,4799:12;4822:4457;4823:5935;4824:3776;4825:4459
678.0600,1788883543.1149,6,598.38,18857.25,19455.62,1346.1,21792.5,41461.0,0.0,16942.234,1579.462,307.667,4799:12;4822:4634;4823:5935;4824:3833;4825:4443
678.1669,1788883543.2217,6,598.54,18693.67,19292.20,1275.0,21716.8,41536.7,0.0,16947.511,1579.693,307.667,4799:12;4822:4597;4823:5946;4824:3798;4825:4341
678.2759,1788883543.3307,6,598.71,18595.53,19194.24,1326.8,21514.8,41738.7,0.0,16965.651,1579.801,307.667,4799:12;4822:4526;4823:5884;4824:3920;4825:4253
678.3869,1788883543.4417,6,598.99,18477.75,19076.74,1120.1,21432.9,41820.5,0.0,16973.218,1580.019,307.667,4799:12;4822:4508;4823:5865;4824:3823;4825:4270
678.4920,1788883543.5469,6,599.36,18328.48,18927.84,1348.8,21342.8,41910.7,0.0,16988.404,1580.116,307.667,4799:12;4822:4437;4823:5851;4824:3770;4825:4259
678.5997,1788883543.6545,6,599.58,18332.09,18931.66,1016.9,21354.3,41899.2,0.0,16997.547,1580.321,307.667,4799:12;4822:4437;4823:5845;4824:3784;4825:4254
678.7050,1788883543.7598,6,599.64,18388.46,18988.11,958.8,21380.2,41873.3,0.0,17014.047,1580.568,307.667,4799:12;4822:4448;4823:5858;4824:3800;4825:4271
678.8102,1788883543.8650,6,599.66,18400.62,19000.28,816.1,21384.3,41869.2,0.0,17020.714,1580.781,307.667,4799:12;4822:4448;4823:5856;4824:3808;4825:4276
678.9169,1788883543.9717,6,599.66,18484.07,19083.73,886.0,21403.9,41849.6,0.0,17041.618,1581.037,307.667,4799:12;4822:4473;4823:5874;4824:3837;4825:4288
679.0272,1788883544.0820,6,599.68,18796.64,19396.32,1484.0,21581.1,41672.4,0.0,17051.678,1581.208,307.667,4799:12;4822:4655;4823:5879;4824:3900;4825:4350
679.1333,1788883544.1881,6,599.71,18734.59,19334.30,1337.6,21560.4,41693.1,0.0,17068.125,1581.417,307.667,4799:12;4822:4540;4823:5893;4824:3958;4825:4330
679.2456,1788883544.3004,6,599.88,18673.10,19272.98,989.3,21482.9,41770.6,0.0,17076.950,1581.664,307.667,4799:12;4822:4567;4823:5889;4824:3929;4825:4275
679.3505,1788883544.4053,6,599.97,18641.02,19240.99,1258.6,21562.9,41690.5,0.0,17097.537,1581.830,307.667,4799:12;4822:4552;4823:5894;4824:3911;4825:4271
679.4560,1788883544.5109,6,600.06,18715.29,19315.35,707.4,21575.2,41678.3,0.0,17102.851,1582.080,307.667,4799:12;4822:4566;4823:5890;4824:3954;4825:4293
679.5607,1788883544.6155,6,600.22,18721.31,19321.53,1310.5,21578.0,41675.5,0.0,17126.693,1582.204,307.667,4799:12;4822:4571;4823:5890;4824:3973;4825:4274
679.6669,1788883544.7217,6,600.49,18775.06,19375.55,889.5,21577.7,41675.8,0.0,17132.827,1582.393,307.667,4799:12;4822:4589;4823:5885;4824:3966;4825:4322
679.7715,1788883544.8263,6,600.71,18789.38,19390.09,1161.4,21571.4,41682.0,0.0,17155.536,1582.580,307.667,4799:12;4822:4600;4823:5878;4824:3983;4825:4316
679.8800,1788883544.9348,6,600.71,18837.26,19437.97,832.4,21594.1,41659.4,0.0,17161.788,1582.848,307.667,4799:12;4822:4609;4823:5898;4824:3995;4825:4323
679.9860,1788883545.0409,6,600.73,18984.45,19585.18,1166.8,21639.9,41613.6,0.0,17188.237,1583.061,307.667,4799:12;4822:4626;4823:5931;4824:4050;4825:4365
680.0954,1788883545.1502,6,600.73,19070.92,19671.65,1483.1,21776.0,41477.5,0.0,17189.247,1583.227,307.667,4799:12;4822:4635;4823:6019;4824:4038;4825:4366
680.2003,1788883545.2552,6,600.79,19154.93,19755.71,1296.9,21839.6,41413.9,0.0,17200.827,1583.496,307.667,4799:12;4822:4650;4823:6057;4824:4050;4825:4385
680.3070,1788883545.3618,6,600.88,19062.23,19663.12,1259.9,21741.3,41512.2,0.0,17209.669,1583.692,307.667,4799:12;4822:4654;4823:6008;4824:3998;4825:4390
680.4125,1788883545.4673,6,601.02,19097.59,19698.61,1110.4,21766.4,41487.1,0.0,17221.127,1583.936,307.667,4799:12;4822:4660;4823:6033;4824:4003;4825:4389
680.5188,1788883545.5736,6,601.05,19086.55,19687.60,1227.0,21785.0,41468.5,0.0,17232.437,1584.155,307.667,4799:12;4822:4656;4823:6025;4824:3998;4825:4396
680.6229,1788883545.6777,6,601.05,19148.04,19749.09,828.6,21800.0,41453.5,0.0,17246.078,1584.439,307.667,4799:12;4822:4674;4823:6038;4824:4011;4825:4413
680.7285,1788883545.7833,6,601.13,19207.99,19809.12,1258.8,21858.0,41395.4,0.0,17262.488,1584.635,307.667,4799:12;4822:4677;4823:6044;4824:4058;4825:4416
680.8327,1788883545.8875,6,601.32,19400.91,20002.23,1248.3,21979.7,41273.8,0.0,17280.763,1584.875,307.667,4799:12;4822:4695;4823:6087;4824:4055;4825:4551
680.9391,1788883545.9939,6,601.44,19283.02,19884.46,1395.3,22007.3,41246.2,0.0,17297.146,1585.022,307.667,4799:12;4822:4673;4823:6099;4824:4042;4825:4456
681.0456,1788883546.1004,6,601.45,19360.68,19962.13,783.4,22041.7,41211.8,0.0,17316.140,1585.262,307.667,4799:12;4822:4700;4823:6096;4824:4054;4825:4498
681.1501,1788883546.2049,6,601.48,19551.09,20152.57,1382.6,22100.6,41152.9,0.0,17332.484,1585.425,307.667,4799:12;4822:4850;4823:6111;4824:4110;4825:4468
681.2573,1788883546.3121,6,601.59,19655.05,20256.64,1296.4,22266.1,40987.4,0.0,17340.386,1585.611,307.667,4799:12;4822:4892;4823:6129;4824:4128;4825:4493
681.3688,1788883546.4236,6,601.93,19499.32,20101.25,1439.7,22140.3,41113.2,0.0,17365.415,1585.700,307.667,4799:12;4822:4806;4823:6131;4824:4074;4825:4476
681.4776,1788883546.5324,6,602.08,19494.05,20096.12,847.5,22145.7,41107.8,0.0,17367.447,1585.850,307.667,4799:12;4822:4825;4823:6135;4824:4061;4825:4460
681.5827,1788883546.6375,6,602.10,19553.39,20155.49,557.5,22157.7,41095.8,0.0,17378.782,1586.097,307.667,4799:12;4822:4841;4823:6149;4824:4075;4825:4477
681.6886,1788883546.7434,6,602.15,19582.30,20184.45,1213.5,22181.1,41072.4,0.0,17399.033,1586.318,307.667,4799:12;4822:4852;4823:6150;4824:4087;4825:4481
681.7929,1788883546.8477,6,602.16,19660.35,20262.51,693.3,22193.9,41059.6,0.0,17418.562,1586.609,307.667,4799:12;4822:4868;4823:6172;4824:4105;4825:4503
681.8999,1788883546.9547,6,602.16,19666.85,20269.01,1054.5,22207.6,41045.8,0.0,17434.922,1586.812,307.667,4799:12;4822:4871;4823:6172;4824:4115;4825:4497
682.0039,1788883547.0587,6,602.16,19709.74,20311.90,682.4,22211.9,41041.6,0.0,17443.674,1587.062,307.667,4799:12;4822:4884;4823:6182;4824:4119;4825:4513
682.1080,1788883547.1628,6,602.16,19759.09,20361.25,833.4,22222.0,41031.5,0.0,17464.464,1587.314,307.667,4799:12;4822:4890;4823:6200;4824:4132;4825:4525
682.2138,1788883547.2686,6,602.16,19977.70,20579.86,1343.8,22382.0,40871.4,0.0,17483.027,1587.527,307.667,4799:12;4822:5015;4823:6209;4824:4196;4825:4546
682.3223,1788883547.3771,6,602.18,20229.14,20831.32,1345.5,22728.4,40525.1,0.0,17505.021,1587.758,307.667,4799:12;4822:5058;4823:6219;4824:4264;4825:4676
682.4305,1788883547.4853,6,602.30,19906.25,20508.54,1430.0,22747.5,40506.0,0.0,17514.043,1587.887,307.667,4799:12;4822:4937;4823:6217;4824:4172;4825:4568
682.5373,1788883547.5921,6,602.60,19937.36,20539.96,1101.6,22714.1,40539.4,0.0,17534.909,1588.081,307.667,4799:12;4822:4953;4823:6236;4824:4141;4825:4595
682.6434,1788883547.6982,6,602.63,19950.20,20552.83,891.1,22736.5,40517.0,0.0,17548.538,1588.263,307.667,4799:12;4822:4975;4823:6235;4824:4139;4825:4589
682.7486,1788883547.8034,6,602.63,20032.77,20635.40,1113.9,22750.6,40502.9,0.0,17566.359,1588.553,307.667,4799:12;4822:4998;4823:6245;4824:4162;4825:4615
682.8549,1788883547.9097,6,602.63,20059.63,20662.26,988.3,22766.3,40487.2,0.0,17587.500,1588.836,307.667,4799:12;4822:5017;4823:6250;4824:4168;4825:4613
682.9620,1788883548.0169,6,602.63,20256.95,20859.59,1149.9,22945.6,40307.8,0.0,17606.536,1589.027,307.667,4799:12;4822:5037;4823:6325;4824:4169;4825:4715
683.0720,1788883548.1269,6,602.69,20515.86,21118.55,1444.0,23045.9,40207.6,0.0,17621.825,1589.207,307.667,4799:12;4822:5045;4823:6448;4824:4181;4825:4830
683.1794,1788883548.2342,6,602.75,20187.36,20790.11,1159.7,22790.6,40462.9,0.0,17630.425,1589.411,307.667,4799:12;4822:5054;4823:6271;4824:4174;4825:4676
683.2846,1788883548.3394,6,602.81,20251.38,20854.19,1299.4,22814.0,40439.4,0.0,17641.940,1589.660,307.667,4799:12;4822:5064;4823:6284;4824:4185;4825:4706
683.3908,1788883548.4456,6,602.81,20288.62,20891.43,1040.8,22828.0,40425.4,0.0,17651.263,1589.883,307.667,4799:12;4822:5072;4823:6293;4824:4193;4825:4719
683.4965,1788883548.5513,6,602.81,20338.94,20941.75,963.1,22858.4,40395.1,0.0,17661.030,1590.169,307.667,4799:12;4822:5084;4823:6306;4824:4216;4825:4721
683.6040,1788883548.6589,6,602.82,20564.51,21167.33,1364.7,23017.9,40235.5,0.0,17677.259,1590.351,307.667,4799:12;4822:5106;4823:6401;4824:4312;4825:4733
683.7131,1788883548.7679,6,602.99,20745.37,21348.36,1321.4,23269.4,39984.1,0.0,17684.290,1590.497,307.667,4799:12;4822:5164;4823:6351;4824:4344;4825:4874
683.8212,1788883548.8761,6,603.21,20536.54,21139.75,1300.6,23229.5,40024.0,0.0,17693.326,1590.681,307.667,4799:12;4822:5102;4823:6372;4824:4289;4825:4761
683.9278,1788883548.9826,6,603.35,20610.92,21214.27,964.9,23224.5,40028.9,0.0,17705.565,1590.886,307.667,4799:12;4822:5098;4823:6422;4824:4305;4825:4773
684.0334,1788883549.0882,6,603.37,20629.28,21232.64,1052.1,23232.9,40020.5,0.0,17718.494,1591.146,307.667,4799:12;4822:5107;4823:6428;4824:4309;4825:4773
684.1377,1788883549.1925,6,603.38,20709.37,21312.75,1044.4,23266.5,39986.9,0.0,17734.463,1591.395,307.667,4799:12;4822:5125;4823:6443;4824:4328;4825:4801
684.2422,1788883549.2970,6,603.45,20702.68,21306.13,1065.6,23303.4,39950.1,0.0,17752.065,1591.565,307.667,4799:12;4822:5136;4823:6426;4824:4337;4825:4792
684.3466,1788883549.4014,6,603.45,20793.05,21396.51,1012.8,23340.8,39912.7,0.0,17769.129,1591.838,307.667,4799:12;4822:5154;4823:6439;4824:4354;4825:4833
684.4529,1788883549.5077,6,603.46,21024.13,21627.59,1372.1,23546.0,39707.5,0.0,17782.682,1591.986,307.667,4799:12;4822:5162;4823:6434;4824:4497;4825:4920
684.5597,1788883549.6145,6,603.60,20962.00,21565.61,1230.1,23593.7,39659.8,0.0,17795.794,1592.175,307.667,4799:12;4822:5108;4823:6449;4824:4411;4825:4982
684.6662,1788883549.7210,6,603.80,20859.43,21463.23,1276.3,23589.8,39663.6,0.0,17807.920,1592.314,307.667,4799:12;4822:5071;4823:6442;4824:4417;4825:4917
684.7710,1788883549.8258,6,603.86,20959.66,21563.52,747.3,23584.2,39669.3,0.0,17811.941,1592.476,307.667,4799:12;4822:5153;4823:6446;4824:4427;4825:4921
684.8769,1788883549.9317,6,603.98,20940.83,21544.81,665.5,23495.1,39758.4,0.0,17826.641,1592.654,307.667,4799:12;4822:5118;4823:6455;4824:4432;4825:4924
684.9835,1788883550.0384,6,603.98,20949.37,21553.34,555.8,23491.0,39762.5,0.0,17827.918,1592.775,307.667,4799:12;4822:5124;4823:6447;4824:4435;4825:4931
685.0876,1788883550.1424,6,603.98,20963.98,21567.96,403.7,23489.2,39764.3,0.0,17832.115,1592.923,307.667,4799:12;4822:5121;4823:6456;4824:4448;4825:4928
685.1916,1788883550.2464,6,604.11,21011.35,21615.46,496.4,23511.1,39742.4,0.0,17844.143,1593.015,307.667,4799:12;4822:5133;4823:6467;4824:4452;4825:4947
685.2964,1788883550.3512,6,604.11,21051.48,21655.59,651.3,23521.4,39732.0,0.0,17849.660,1593.268,307.667,4799:12;4822:5148;4823:6476;4824:4462;4825:4953
685.4008,1788883550.4556,6,604.11,21082.17,21686.28,1038.1,23544.3,39709.2,0.0,17874.819,1593.444,307.667,4799:12;4822:5160;4823:6475;4824:4471;4825:4964
685.5050,1788883550.5598,6,604.11,21135.82,21739.92,511.1,23555.1,39698.3,0.0,17886.800,1593.693,307.667,4799:12;4822:5171;4823:6493;4824:4487;4825:4973
685.6105,1788883550.6653,6,604.11,21173.46,21777.56,679.3,23568.5,39685.0,0.0,17904.802,1593.875,307.667,4799:12;4822:5183;4823:6491;4824:4496;4825:4991
685.7167,1788883550.7715,6,604.15,21209.95,21814.09,752.0,23592.4,39661.1,0.0,17919.265,1594.091,307.667,4799:12;4822:5182;4823:6511;4824:4503;4825:5001
685.8231,1788883550.8779,6,604.15,21216.43,21820.57,747.3,23618.9,39634.6,0.0,17921.693,1594.292,307.667,4799:12;4822:5189;4823:6508;4824:4509;4825:4999
685.9272,1788883550.9820,6,604.15,21256.55,21860.70,855.3,23639.2,39614.2,0.0,17939.566,1594.509,307.667,4799:12;4822:5195;4823:6522;4824:4516;4825:5011
686.0313,1788883551.0861,6,604.15,21276.97,21881.12,651.4,23618.8,39634.7,0.0,17952.054,1594.722,307.667,4799:12;4822:5211;4823:6518;4824:4525;4825:5012
686.1357,1788883551.1905,6,604.15,21303.84,21907.98,620.2,23652.4,39601.1,0.0,17963.460,1594.880,307.667,4799:12;4822:5203;4823:6543;4824:4531;4825:5014
686.2405,1788883551.2953,6,604.22,21569.43,22173.66,906.0,23755.5,39497.9,0.0,17972.969,1595.002,307.667,4799:12;4822:5213;4823:6737;4824:4568;4825:5039
686.3492,1788883551.4040,6,604.29,21413.77,22018.05,1246.5,23810.4,39443.1,0.0,17986.603,1595.088,307.667,4799:12;4822:5218;4823:6564;4824:4604;4825:5015
686.4557,1788883551.5106,6,604.54,21253.84,21858.38,1109.3,23842.8,39410.6,0.0,17999.678,1595.160,307.667,4799:12;4822:5184;4823:6467;4824:4597;4825:4994
686.5619,1788883551.6167,6,604.64,21220.04,21824.68,479.8,23845.8,39407.6,0.0,18005.162,1595.257,307.667,4799:12;4822:5186;4823:6486;4824:4547;4825:4989
686.6659,1788883551.7207,6,604.66,21236.63,21841.29,344.9,23849.7,39403.8,0.0,18014.243,1595.375,307.667,4799:12;4822:5186;4823:6490;4824:4554;4825:4994
686.7704,1788883551.8252,6,604.66,21249.09,21853.75,326.6,23857.4,39396.1,0.0,18024.668,1595.494,307.667,4799:12;4822:5191;4823:6493;4824:4556;4825:4996
686.8744,1788883551.9292,6,604.66,21269.37,21874.03,425.0,23861.2,39392.2,0.0,18041.081,1595.630,307.667,4799:12;4822:5195;4823:6494;4824:4566;4825:5002
686.9805,1788883552.0353,6,604.66,21278.43,21883.09,307.0,23858.8,39394.7,0.0,18050.765,1595.760,307.667,4799:12;4822:5201;4823:6493;4824:4565;4825:5008
687.0844,1788883552.1393,6,604.66,21306.28,21910.94,334.6,23864.2,39389.2,0.0,18071.369,1595.892,307.667,4799:12;4822:5208;4823:6500;4824:4573;4825:5013
687.1890,1788883552.2438,6,604.66,21311.01,21915.68,326.8,23873.1,39380.4,0.0,18076.396,1596.001,307.667,4799:12;4822:5210;4823:6498;4824:4575;4825:5016
687.2930,1788883552.3478,6,604.66,21343.13,21947.80,217.1,23873.1,39380.4,0.0,18092.999,1596.120,307.667,4799:12;4822:5225;4823:6500;4824:4580;4825:5025
687.3993,1788883552.4541,6,604.66,21333.77,21938.44,476.9,23873.1,39380.4,0.0,18105.004,1596.220,307.667,4799:12;4822:5214;4823:6501;4824:4583;4825:5024
687.5038,1788883552.5586,6,604.67,21563.57,22168.24,312.1,24013.0,39240.4,0.0,18115.073,1596.338,307.667,4799:12;4822:5297;4823:6504;4824:4722;4825:5029
687.6096,1788883552.6644,6,604.92,21570.30,22175.22,1288.7,23937.3,39316.2,0.0,18131.324,1596.392,307.667,4799:12;4822:5325;4823:6528;4824:4656;4825:5048
687.7153,1788883552.7701,6,605.21,21537.77,22142.98,1312.3,23963.9,39289.5,0.0,18132.937,1596.410,307.667,4799:12;4822:5294;4823:6567;4824:4657;4825:5008
687.8195,1788883552.8743,6,605.60,21392.60,21998.20,1080.3,23892.0,39361.5,0.0,18134.616,1596.481,307.667,4799:12;4822:5293;4823:6514;4824:4620;4825:4953
687.9252,1788883552.9800,6,605.78,21309.73,21915.52,594.0,23858.4,39395.1,0.0,18148.333,1596.545,307.667,4799:12;4822:5280;4823:6476;4824:4602;4825:4940
688.0313,1788883553.0861,6,605.78,21317.55,21923.33,249.5,23835.5,39417.9,0.0,18149.119,1596.626,307.667,4799:12;4822:5280;4823:6478;4824:4606;4825:4941
688.1354,1788883553.1902,6,605.78,21333.80,21939.59,57.8,23835.5,39417.9,0.0,18149.414,1596.692,307.667,4799:12;4822:5282;4823:6481;4824:4611;4825:4947
688.2392,1788883553.2940,6,605.78,21348.98,21954.77,153.9,23835.7,39417.7,0.0,18163.439,1596.742,307.667,4799:12;4822:5286;4823:6483;4824:4621;4825:4947
688.3432,1788883553.3980,6,605.78,21344.65,21950.43,173.0,23835.7,39417.7,0.0,18165.575,1596.824,307.667,4799:12;4822:5284;4823:6482;4824:4615;4825:4951
688.4472,1788883553.5020,6,605.78,21366.44,21972.22,201.9,23843.7,39409.8,0.0,18177.836,1596.865,307.667,4799:12;4822:5287;4823:6487;4824:4627;4825:4953
688.5523,1788883553.6071,6,605.86,21830.66,22436.51,1027.0,23983.5,39270.0,0.0,18178.159,1596.865,307.667,4799:12;4822:5364;4823:6538;4824:4838;4825:5078
688.6620,1788883553.7169,6,605.93,22335.60,22941.53,1430.7,24484.8,38768.7,0.0,18178.159,1596.865,307.667,4799:12;4822:5627;4823:6617;4824:4866;4825:5214
688.7726,1788883553.8274,6,605.95,22434.12,23040.07,1214.5,24790.5,38463.0,0.0,18178.159,1596.865,307.667,4799:12;4822:5665;4823:6670;4824:4908;4825:5179
688.8824,1788883553.9372,6,605.97,22557.18,23163.16,1203.7,25032.2,38221.3,0.0,18178.159,1596.865,307.667,4799:12;4822:5537;4823:6816;4824:4949;4825:5242
688.9890,1788883554.0438,6,605.98,22927.60,23533.58,1402.5,25310.2,37943.3,0.0,18178.159,1596.865,307.667,4799:12;4822:5614;4823:6755;4824:5036;4825:5510
689.0971,1788883554.1519,6,606.02,22982.51,23588.53,1367.7,25480.3,37773.1,0.0,18178.159,1596.865,307.667,4799:12;4822:5571;4823:6748;4824:5095;4825:5556
689.2044,1788883554.2592,6,606.06,23203.58,23809.64,1422.1,25675.4,37578.1,0.0,18178.159,1596.865,307.667,4799:12;4822:5709;4823:6670;4824:5235;4825:5578
689.3111,1788883554.3659,6,606.16,23373.21,23979.37,1349.4,25974.4,37279.1,0.0,18178.159,1596.865,307.667,4799:12;4822:5456;4823:6757;4824:5624;4825:5524
689.4180,1788883554.4728,6,606.21,23403.29,24009.50,1300.2,26045.8,37207.7,0.0,18178.159,1596.865,307.667,4799:12;4822:5472;4823:6786;4824:5741;4825:5392
689.5246,1788883554.5794,6,606.26,23216.19,23822.45,1147.7,26100.6,37152.9,0.0,18178.159,1596.865,307.667,4799:12;4822:5475;4823:6623;4824:5632;4825:5474
689.6303,1788883554.6851,6,606.29,23510.21,24116.49,1386.2,26461.7,36791.8,0.0,18178.159,1596.865,307.667,4799:12;4822:5531;4823:6656;4824:5852;4825:5459
689.7380,1788883554.7929,6,606.37,23735.93,24342.29,1405.4,26652.1,36601.4,0.0,18178.159,1596.865,307.667,4799:12;4822:5589;4823:6746;4824:5903;4825:5486
689.8445,1788883554.8993,6,606.39,23843.18,24449.57,1198.0,26709.8,36543.7,0.0,18178.159,1596.865,307.667,4799:12;4822:5641;4823:6635;4824:5985;4825:5570
689.9514,1788883555.0062,6,606.41,23985.96,24592.38,1002.2,26566.3,36687.2,0.0,18178.159,1596.865,307.667,4799:12;4822:5788;4823:6546;4824:6087;4825:5552
690.0580,1788883555.1129,6,606.43,24340.91,24947.35,1473.5,26925.7,36327.7,0.0,18178.159,1596.865,307.667,4799:12;4822:5768;4823:6715;4824:6053;4825:5792
690.1701,1788883555.2249,6,606.63,24006.66,24613.29,1522.7,26802.1,36451.3,0.0,18178.160,1596.866,307.667,4799:12;4822:5612;4823:6697;4824:5875;4825:5811
690.2830,1788883555.3378,6,606.65,22811.25,23417.89,1247.2,26109.6,37143.9,0.0,18178.160,1596.866,307.667,4799:12;4822:5282;4823:6416;4824:6014;4825:5087
690.3882,1788883555.4431,6,606.68,22268.62,22875.30,701.7,25480.4,37773.1,0.0,18178.160,1596.866,307.667,4799:12;4822:5213;4823:6160;4824:6119;4825:4764
690.4936,1788883555.5484,6,606.73,22032.14,22638.87,1018.6,25323.1,37930.4,0.0,18178.498,1596.949,307.667,4799:12;4822:5225;4823:6153;4824:5863;4825:4779
690.5983,1788883555.6531,6,606.79,21146.99,21753.77,916.1,24193.2,39060.2,0.0,18179.130,1597.034,307.667,4799:12;4822:5191;4823:6051;4824:5211;4825:4682
690.7033,1788883555.7581,6,606.88,20979.22,21586.10,604.5,24223.2,39030.3,0.0,18179.757,1597.166,307.667,4799:12;4822:5176;4823:6027;4824:5090;4825:4675
690.8072,1788883555.8620,6,606.88,21020.62,21627.50,491.0,24231.7,39021.8,0.0,18181.214,1597.354,307.667,4799:12;4822:5185;4823:6038;4824:5099;4825:4686
690.9134,1788883555.9682,6,606.88,21029.25,21636.13,631.8,24251.6,39001.9,0.0,18192.024,1597.488,307.667,4799:12;4822:5183;4823:6042;4824:5102;4825:4689
691.0177,1788883556.0725,6,606.88,21063.32,21670.20,383.9,24249.3,39004.2,0.0,18192.970,1597.664,307.667,4799:12;4822:5198;4823:6047;4824:5111;4825:4695
691.1218,1788883556.1766,6,606.88,21083.51,21690.39,653.2,24262.2,38991.3,0.0,18204.005,1597.822,307.667,4799:12;4822:5197;4823:6051;4824:5117;4825:4706
691.2259,1788883556.2807,6,606.88,21114.91,21721.79,394.1,24274.2,38979.3,0.0,18204.702,1598.005,307.667,4799:12;4822:5203;4823:6059;4824:5128;4825:4713
691.3299,1788883556.3847,6,606.88,21131.41,21738.29,470.8,24278.4,38975.1,0.0,18213.997,1598.145,307.667,4799:12;4822:5206;4823:6068;4824:5127;4825:4718
691.4340,1788883556.4889,6,606.89,21179.07,21785.96,557.4,24298.4,38955.1,0.0,18216.904,1598.348,307.667,4799:12;4822:5225;4823:6075;4824:5135;4825:4732
691.5381,1788883556.5929,6,606.89,21217.72,21824.61,518.7,24312.3,38941.2,0.0,18227.783,1598.490,307.667,4799:12;4822:5231;4823:6083;4824:5133;4825:4758
691.6422,1788883556.6970,6,606.92,21215.03,21821.95,567.2,24340.1,38913.3,0.0,18228.287,1598.608,307.667,4799:12;4822:5239;4823:6084;4824:5129;4825:4750
691.7482,1788883556.8030,6,606.92,21269.00,21875.92,403.2,24352.4,38901.1,0.0,18235.782,1598.807,307.667,4799:12;4822:5247;4823:6097;4824:5139;4825:4773
691.8549,1788883556.9097,6,606.92,21265.35,21872.27,652.2,24377.7,38875.8,0.0,18239.608,1598.938,307.667,4799:12;4822:5249;4823:6097;4824:5133;4825:4773
691.9607,1788883557.0155,6,606.92,21311.15,21918.07,383.2,24389.7,38863.8,0.0,18240.497,1599.133,307.667,4799:12;4822:5264;4823:6110;4824:5138;4825:4787
692.0648,1788883557.1196,6,606.92,21345.58,21952.50,585.1,24373.7,38879.8,0.0,18250.892,1599.282,307.667,4799:12;4822:5276;4823:6118;4824:5142;4825:4798
692.1710,1788883557.2258,6,606.92,21355.88,21962.80,431.2,24391.2,38862.3,0.0,18251.972,1599.473,307.667,4799:12;4822:5276;4823:6120;4824:5144;4825:4803
692.2777,1788883557.3325,6,606.92,21353.00,21959.92,239.7,24395.2,38858.3,0.0,18257.081,1599.531,307.667,4799:12;4822:5274;4823:6126;4824:5146;4825:4795
692.3817,1788883557.4365,6,606.92,21352.04,21958.96,288.3,24393.5,38860.0,0.0,18262.179,1599.606,307.667,4799:12;4822:5281;4823:6119;4824:5143;4825:4796
692.4858,1788883557.5406,6,606.93,21359.36,21966.29,67.3,24393.5,38860.0,0.0,18265.687,1599.682,307.667,4799:12;4822:5277;4823:6123;4824:5149;4825:4799
692.5897,1788883557.6445,6,606.93,21356.55,21963.47,278.8,24409.8,38843.6,0.0,18272.374,1599.720,307.667,4799:12;4822:5275;4823:6121;4824:5149;4825:4798
692.6937,1788883557.7485,6,606.96,21372.89,21979.85,77.1,24409.8,38843.6,0.0,18272.696,1599.797,307.667,4799:12;4822:5279;4823:6125;4824:5154;4825:4802
692.7975,1788883557.8523,6,606.96,21365.48,21972.43,240.3,24409.8,38843.6,0.0,18282.060,1599.848,307.667,4799:12;4822:5278;4823:6123;4824:5151;4825:4801
692.9016,1788883557.9564,6,606.96,21383.03,21989.98,105.6,24409.8,38843.6,0.0,18284.172,1599.931,307.667,4799:12;4822:5282;4823:6127;4824:5156;4825:4806
693.0057,1788883558.0605,6,606.98,21733.87,22340.85,853.1,24637.9,38615.6,0.0,18292.479,1599.958,307.667,4799:12;4822:5339;4823:6215;4824:5296;4825:4872
693.1124,1788883558.1672,6,607.10,21724.22,22331.32,1065.0,24673.9,38579.6,0.0,18292.486,1599.975,307.667,4799:12;4822:5382;4823:6148;4824:5394;4825:4787
693.2176,1788883558.2724,6,607.22,21461.30,22068.52,537.6,24427.0,38826.5,0.0,18292.649,1599.985,307.667,4799:12;4822:5333;4823:6112;4824:5249;4825:4755
693.3216,1788883558.3765,6,607.22,21476.07,22083.29,124.4,24427.2,38826.2,0.0,18293.368,1600.064,307.667,4799:12;4822:5337;4823:6114;4824:5252;4825:4761
693.4262,1788883558.4810,6,607.22,21473.94,22081.16,259.6,24435.7,38817.8,0.0,18303.953,1600.126,307.667,4799:12;4822:5335;4823:6114;4824:5251;4825:4761
693.5302,1788883558.5850,6,607.22,21489.80,22097.02,57.8,24435.7,38817.8,0.0,18304.267,1600.200,307.667,4799:12;4822:5339;4823:6118;4824:5254;4825:4767
693.6340,1788883558.6888,6,607.22,21512.61,22119.82,141.6,24436.7,38816.8,0.0,18314.851,1600.246,307.667,4799:12;4822:5343;4823:6126;4824:5256;4825:4775
693.7402,1788883558.7950,6,607.26,21508.04,22115.29,163.2,24444.9,38808.6,0.0,18315.622,1600.331,307.667,4799:12;4822:5343;4823:6122;4824:5259;4825:4773
693.8441,1788883558.8989,6,607.26,21515.34,22122.59,105.6,24445.0,38808.5,0.0,18325.875,1600.372,307.667,4799:12;4822:5347;4823:6123;4824:5260;4825:4773
693.9483,1788883559.0031,6,607.26,21505.71,22112.97,124.9,24453.0,38800.5,0.0,18327.043,1600.388,307.667,4799:12;4822:5341;4823:6122;4824:5259;4825:4771
694.0522,1788883559.1071,6,607.26,21528.55,22135.80,67.0,24445.0,38808.5,0.0,18334.189,1600.488,307.667,4799:12;4822:5346;4823:6128;4824:5263;4825:4780
694.1569,1788883559.2117,6,607.26,21522.27,22129.53,269.2,24444.7,38808.8,0.0,18339.125,1600.525,307.667,4799:12;4822:5345;4823:6126;4824:5262;4825:4777
694.2609,1788883559.3157,6,607.26,21538.91,22146.17,67.4,24444.7,38808.8,0.0,18339.845,1600.603,307.667,4799:12;4822:5349;4823:6130;4824:5265;4825:4783
694.3647,1788883559.4196,6,607.26,21540.59,22147.85,250.0,24448.7,38804.8,0.0,18351.199,1600.662,307.667,4799:12;4822:5350;4823:6130;4824:5266;4825:4783
694.4688,1788883559.5236,6,607.26,21556.91,22164.17,57.6,24448.7,38804.8,0.0,18351.514,1600.737,307.667,4799:12;4822:5353;4823:6134;4824:5269;4825:4789
694.5727,1788883559.6275,6,607.26,21560.18,22167.45,207.6,24452.7,38800.8,0.0,18362.522,1600.786,307.667,4799:12;4822:5354;4823:6134;4824:5270;4825:4790
694.6789,1788883559.7337,6,607.29,21556.62,22163.91,19.2,24456.8,38796.7,0.0,18362.554,1600.789,307.667,4799:12;4822:5352;4823:6134;4824:5270;4825:4789
694.7826,1788883559.8374,6,607.29,21572.94,22180.23,77.1,24456.8,38796.7,0.0,18362.842,1600.866,307.667,4799:12;4822:5355;4823:6138;4824:5273;4825:4795
694.8863,1788883559.9411,6,607.29,21577.73,22185.03,188.5,24456.6,38796.9,0.0,18373.615,1600.917,307.667,4799:12;4822:5359;4823:6138;4824:5275;4825:4793
694.9927,1788883560.0475,6,607.29,21589.10,22196.39,96.0,24431.6,38821.9,0.0,18373.935,1600.997,307.667,4799:12;4822:5359;4823:6142;4824:5277;4825:4799
695.0966,1788883560.1514,6,607.29,21613.89,22221.18,115.4,24420.1,38833.4,0.0,18384.838,1601.039,307.667,4799:12;4822:5363;4823:6147;4824:5282;4825:4809
695.2006,1788883560.2554,6,607.29,21588.84,22196.13,115.5,24423.8,38829.7,0.0,18384.858,1601.056,307.667,4799:12;4822:5360;4823:6142;4824:5276;4825:4799
695.3046,1788883560.3594,6,607.29,21604.12,22211.41,105.6,24423.8,38829.7,0.0,18387.038,1601.142,307.667,4799:12;4822:5362;4823:6146;4824:5280;4825:4804
695.4089,1788883560.4637,6,607.29,21600.39,22207.68,230.4,24425.2,38828.3,0.0,18396.652,1601.208,307.667,4799:12;4822:5361;4823:6144;4824:5281;4825:4803
695.5130,1788883560.5678,6,607.29,21632.98,22240.27,125.1,24425.2,38828.3,0.0,18405.892,1601.291,307.667,4799:12;4822:5368;4823:6150;4824:5288;4825:4815
695.6169,1788883560.6717,6,607.32,21941.98,22549.30,887.6,24420.7,38832.8,0.0,18408.299,1601.298,307.667,4799:12;4822:5476;4823:6276;4824:5344;4825:4834
695.7217,1788883560.7765,6,607.52,21696.98,22304.50,710.9,24144.0,39109.5,0.0,18408.539,1601.326,307.667,4799:12;4822:5412;4823:6174;4824:5289;4825:4809
695.8258,1788883560.8806,6,607.52,21727.55,22335.06,365.4,24152.0,39101.5,0.0,18409.081,1601.474,307.667,4799:12;4822:5417;4823:6180;4824:5302;4825:4817
695.9297,1788883560.9845,6,607.52,21752.96,22360.48,346.4,24160.0,39093.5,0.0,18409.433,1601.576,307.667,4799:12;4822:5424;4823:6185;4824:5312;4825:4819
696.0337,1788883561.0885,6,607.52,21780.51,22388.03,273.8,24172.0,39081.5,0.0,18410.447,1601.691,307.667,4799:12;4822:5432;4823:6190;4824:5321;4825:4825
696.1398,1788883561.1946,6,607.52,21793.96,22401.48,339.3,24176.0,39077.5,0.0,18411.410,1601.825,307.667,4799:12;4822:5436;4823:6191;4824:5321;4825:4833
696.2459,1788883561.3007,6,607.52,21810.73,22418.26,316.6,24188.0,39065.5,0.0,18412.098,1601.939,307.667,4799:12;4822:5438;4823:6195;4824:5328;4825:4837
696.3499,1788883561.4047,6,607.52,21835.62,22443.15,355.4,24196.0,39057.5,0.0,18412.573,1602.032,307.667,4799:12;4822:5442;4823:6203;4824:5337;4825:4841
696.4540,1788883561.5088,6,607.52,21847.03,22454.55,352.1,24200.0,39053.5,0.0,18412.974,1602.155,307.667,4799:12;4822:5448;4823:6202;4824:5341;4825:4844
696.5590,1788883561.6138,6,607.53,21874.87,22482.39,317.5,24212.2,39041.3,0.0,18413.283,1602.238,307.667,4799:12;4822:5454;4823:6205;4824:5345;4825:4859
696.6630,1788883561.7178,6,607.53,21880.15,22487.68,250.2,24212.2,39041.3,0.0,18413.639,1602.325,307.667,4799:12;4822:5453;4823:6208;4824:5351;4825:4855
696.7669,1788883561.8217,6,607.53,21888.21,22495.75,240.4,24212.2,39041.3,0.0,18423.536,1602.373,307.667,4799:12;4822:5458;4823:6207;4824:5355;4825:4855
696.8709,1788883561.9258,6,607.53,21890.98,22498.52,278.7,24220.2,39033.3,0.0,18423.921,1602.470,307.667,4799:12;4822:5456;4823:6209;4824:5354;4825:4859
696.9750,1788883562.0298,6,607.53,21908.38,22515.91,57.7,24217.3,39036.2,0.0,18424.237,1602.547,307.667,4799:12;4822:5459;4823:6212;4824:5361;4825:4864
697.0788,1788883562.1337,6,607.53,21912.61,22520.14,259.5,24216.7,39036.8,0.0,18434.723,1602.598,307.667,4799:12;4822:5460;4823:6213;4824:5362;4825:4866
697.1829,1788883562.2377,6,607.53,21928.93,22536.46,67.5,24216.3,39037.2,0.0,18435.039,1602.673,307.667,4799:12;4822:5463;4823:6216;4824:5367;4825:4870
697.2867,1788883562.3415,6,607.53,21928.22,22535.75,259.6,24224.5,39028.9,0.0,18444.532,1602.724,307.667,4799:12;4822:5464;4823:6217;4824:5368;4825:4868
697.3907,1788883562.4455,6,607.53,21939.52,22547.05,57.8,24224.5,39028.9,0.0,18444.817,1602.780,307.667,4799:12;4822:5467;4823:6219;4824:5372;4825:4870
697.4946,1788883562.5494,6,607.53,21961.13,22568.66,67.0,24228.5,39024.9,0.0,18454.530,1602.842,307.667,4799:12;4822:5471;4823:6219;4824:5385;4825:4874
697.5995,1788883562.6543,6,607.53,21960.54,22568.07,239.5,24232.5,39020.9,0.0,18456.246,1602.933,307.667,4799:12;4822:5471;4823:6222;4824:5379;4825:4876
697.7035,1788883562.7583,6,607.53,21964.40,22571.93,38.3,24232.5,39020.9,0.0,18462.958,1602.961,307.667,4799:12;4822:5473;4823:6223;4824:5380;4825:4876
697.8090,1788883562.8638,6,607.53,21972.61,22580.14,209.2,24248.2,39005.3,0.0,18466.393,1603.048,307.667,4799:12;4822:5475;4823:6224;4824:5383;4825:4878
697.9132,1788883562.9680,6,607.53,21992.25,22599.79,188.9,24252.1,39001.4,0.0,18475.035,1603.091,307.667,4799:12;4822:5480;4823:6225;4824:5390;4825:4885
698.0193,1788883563.0741,6,607.53,21976.33,22583.86,67.2,24252.2,39001.2,0.0,18476.531,1603.108,307.667,4799:12;4822:5476;4823:6225;4824:5384;4825:4880
698.1232,1788883563.1780,6,607.54,21992.65,22600.19,57.8,24230.9,39022.6,0.0,18476.847,1603.183,307.667,4799:12;4822:5479;4823:6228;4824:5389;4825:4884
698.2270,1788883563.2818,6,607.54,22008.93,22616.47,226.7,24234.9,39018.6,0.0,18487.232,1603.233,307.667,4799:12;4822:5487;4823:6228;4824:5398;4825:4884
698.3331,1788883563.3879,6,607.54,21992.88,22600.41,38.4,24239.1,39014.4,0.0,18487.233,1603.240,307.667,4799:12;4822:5480;4823:6228;4824:5390;4825:4884
698.4369,1788883563.4917,6,607.54,22009.20,22616.73,67.4,24239.1,39014.4,0.0,18487.556,1603.318,307.667,4799:12;4822:5483;4823:6231;4824:5395;4825:4888
698.5407,1788883563.5955,6,607.54,21998.46,22606.00,269.3,24238.7,39014.8,0.0,18498.065,1603.376,307.667,4799:12;4822:5480;4823:6229;4824:5391;4825:4885
698.6447,1788883563.6995,6,607.54,22014.79,22622.32,67.2,24238.5,39015.0,0.0,18498.381,1603.451,307.667,4799:12;4822:5484;4823:6232;4824:5397;4825:4889
698.7486,1788883563.8034,6,607.54,22150.84,22758.38,181.6,24353.3,38900.2,0.0,18505.068,1603.472,307.667,4799:12;4822:5487;4823:6322;4824:5439;4825:4891
698.8534,1788883563.9082,6,607.57,22397.62,23005.20,746.6,24398.7,38854.8,0.0,18509.501,1603.523,307.667,4799:12;4822:5613;4823:6269;4824:5470;4825:5033
698.9611,1788883564.0159,6,607.61,22143.03,22750.64,873.1,24094.0,39159.5,0.0,18509.716,1603.642,307.667,4799:12;4822:5505;4823:6297;4824:5415;4825:4913
699.0672,1788883564.1221,6,607.61,22149.20,22756.81,361.8,24088.9,39164.6,0.0,18510.038,1603.741,307.667,4799:12;4822:5507;4823:6297;4824:5418;4825:4915
699.1721,1788883564.2269,6,607.61,22173.40,22781.02,288.1,24092.8,39160.6,0.0,18510.439,1603.850,307.667,4799:12;4822:5513;4823:6307;4824:5420;4825:4921
699.2762,1788883564.3310,6,607.61,22187.76,22795.38,278.6,24096.8,39156.6,0.0,18510.908,1603.962,307.667,4799:12;4822:5511;4823:6323;4824:5422;4825:4919
699.3802,1788883564.4350,6,607.61,22216.11,22823.72,278.6,24096.8,39156.6,0.0,18511.313,1604.065,307.667,4799:12;4822:5513;4823:6340;4824:5427;4825:4923
699.4843,1788883564.5391,6,607.61,22242.74,22850.36,302.1,24108.8,39144.6,0.0,18512.126,1604.160,307.667,4799:12;4822:5517;4823:6360;4824:5429;4825:4923
699.5904,1788883564.6452,6,607.61,22245.48,22853.09,335.4,24113.3,39140.2,0.0,18512.604,1604.273,307.667,4799:12;4822:5521;4823:6353;4824:5432;4825:4927
699.6945,1788883564.7493,6,607.63,22277.36,22884.99,323.7,24125.3,39128.2,0.0,18513.118,1604.413,307.667,4799:12;4822:5524;4823:6367;4824:5436;4825:4938
699.7996,1788883564.8544,6,607.63,22270.01,22877.64,182.7,24129.8,39123.7,0.0,18513.274,1604.448,307.667,4799:12;4822:5524;4823:6360;4824:5440;4825:4933
699.9035,1788883564.9584,6,607.63,22288.06,22895.70,192.3,24129.8,39123.7,0.0,18514.855,1604.560,307.667,4799:12;4822:5528;4823:6362;4824:5448;4825:4939
700.0075,1788883565.0623,6,607.64,22287.70,22895.34,269.2,24142.2,39111.2,0.0,18524.189,1604.609,307.667,4799:12;4822:5528;4823:6362;4824:5448;4825:4937
700.1115,1788883565.1663,6,607.64,22304.03,22911.66,57.9,24142.5,39111.0,0.0,18524.503,1604.683,307.667,4799:12;4822:5532;4823:6364;4824:5454;4825:4942
700.2153,1788883565.2701,6,607.64,22318.40,22926.04,240.4,24158.5,39095.0,0.0,18534.837,1604.731,307.667,4799:12;4822:5536;4823:6364;4824:5463;4825:4943
700.3193,1788883565.3741,6,607.64,22319.43,22927.07,86.5,24158.5,39095.0,0.0,18535.151,1604.811,307.667,4799:12;4822:5536;4823:6366;4824:5457;4825:4948
700.4232,1788883565.4780,6,607.64,22326.93,22934.57,211.3,24162.5,39091.0,0.0,18536.498,1604.831,307.667,4799:12;4822:5540;4823:6366;4824:5462;4825:4947
700.5273,1788883565.5821,6,607.64,22335.63,22943.27,86.5,24170.5,39083.0,0.0,18536.812,1604.909,307.667,4799:12;4822:5540;4823:6368;4824:5463;4825:4952
700.6313,1788883565.6861,6,607.64,22363.92,22971.56,105.6,24174.9,39078.6,0.0,18547.337,1604.950,307.667,4799:12;4822:5547;4823:6371;4824:5477;4825:4957
700.7354,1788883565.7902,6,607.68,22351.86,22959.54,211.5,24186.4,39067.1,0.0,18547.740,1605.040,307.667,4799:12;4822:5544;4823:6368;4824:5469;4825:4958
700.8394,1788883565.8942,6,607.68,22351.68,22959.36,221.0,24202.6,39050.9,0.0,18550.413,1605.067,307.667,4799:12;4822:5544;4823:6368;4824:5470;4825:4958
700.9435,1788883565.9983,6,607.68,22368.00,22975.68,57.6,24202.6,39050.9,0.0,18550.727,1605.142,307.667,4799:12;4822:5548;4823:6370;4824:5475;4825:4963
701.0474,1788883566.1022,6,607.68,22367.74,22975.42,220.9,24201.0,39052.5,0.0,18560.715,1605.196,307.667,4799:12;4822:5548;4823:6370;4824:5476;4825:4962
701.1516,1788883566.2064,6,607.68,22384.06,22991.74,57.6,24201.0,39052.5,0.0,18561.029,1605.270,307.667,4799:12;4822:5552;4823:6372;4824:5481;4825:4967
701.2555,1788883566.3103,6,607.68,22383.88,22991.56,278.7,24210.3,39043.1,0.0,18572.176,1605.324,307.667,4799:12;4822:5550;4823:6372;4824:5482;4825:4968
701.3596,1788883566.4144,6,607.68,22400.20,23007.88,48.0,24210.3,39043.1,0.0,18572.490,1605.398,307.667,4799:12;4822:5554;4823:6374;4824:5487;4825:4973
701.4635,1788883566.5183,6,607.68,22401.82,23009.50,163.2,24223.6,39029.9,0.0,18582.907,1605.445,307.667,4799:12;4822:5555;4823:6372;4824:5489;4825:4974
701.5677,1788883566.6225,6,607.68,22416.26,23023.94,144.1,24227.6,39025.9,0.0,18583.742,1605.531,307.667,4799:12;4822:5558;4823:6374;4824:5493;4825:4979
701.6718,1788883566.7266,6,607.68,22435.82,23043.50,47.9,24227.6,39025.9,0.0,18593.157,1605.565,307.667,4799:12;4822:5562;4823:6377;4824:5499;4825:4986
701.7765,1788883566.8313,6,607.68,22408.41,23016.09,239.9,24227.9,39025.6,0.0,18593.871,1605.585,307.667,4799:12;4822:5556;4823:6374;4824:5489;4825:4977
701.9327,1788883566.9875,6,607.68,22430.28,23037.96,57.6,24227.9,39025.6,0.0,18600.161,1605.684,307.667,4799:12;4822:5562;4823:6375;4824:5497;4825:4983
702.0373,1788883567.0921,6,607.68,22762.61,23370.29,802.9,24625.4,38628.1,0.0,18603.844,1605.698,307.667,4799:12;4822:5602;4823:6598;4824:5510;4825:5041
702.1422,1788883567.1970,6,607.77,22802.96,23410.73,1164.6,24689.4,38564.1,0.0,18603.846,1605.707,307.667,4799:12;4822:5575;4823:6624;4824:5504;4825:5087
702.2484,1788883567.3032,6,607.85,22465.00,23072.85,690.0,24460.8,38792.7,0.0,18604.587,1605.816,307.667,4799:12;4822:5564;4823:6398;4824:5487;4825:5004
702.3527,1788883567.4075,6,607.85,22417.72,23025.57,443.5,24448.2,38805.3,0.0,18604.968,1605.920,307.667,4799:12;4822:5571;4823:6333;4824:5488;4825:5013
702.4589,1788883567.5137,6,607.85,22418.80,23026.65,335.1,24460.2,38793.3,0.0,18605.362,1606.034,307.667,4799:12;4822:5568;4823:6339;4824:5485;4825:5014
702.5630,1788883567.6179,6,607.85,22445.98,23053.84,278.7,24472.5,38781.0,0.0,18605.948,1606.160,307.667,4799:12;4822:5574;4823:6343;4824:5491;4825:5026
702.6672,1788883567.7220,6,607.87,22477.64,23085.51,273.7,24476.7,38776.8,0.0,18606.611,1606.262,307.667,4799:12;4822:5583;4823:6348;4824:5498;4825:5036
702.7733,1788883567.8281,6,607.87,22477.39,23085.25,268.7,24484.9,38768.5,0.0,18607.040,1606.363,307.667,4799:12;4822:5581;4823:6352;4824:5500;4825:5033
702.8774,1788883567.9322,6,607.87,22501.45,23109.31,317.3,24496.9,38756.5,0.0,18607.458,1606.475,307.667,4799:12;4822:5585;4823:6360;4824:5503;4825:5041
702.9814,1788883568.0362,6,607.87,22524.18,23132.04,288.4,24487.6,38765.9,0.0,18607.989,1606.584,307.667,4799:12;4822:5589;4823:6360;4824:5511;4825:5051
703.0854,1788883568.1402,6,607.90,22534.68,23142.58,221.2,24485.4,38768.1,0.0,18608.329,1606.658,307.667,4799:12;4822:5595;4823:6369;4824:5510;4825:5048
703.1893,1788883568.2442,6,607.90,22547.83,23155.73,211.7,24486.3,38767.1,0.0,18608.768,1606.757,307.667,4799:12;4822:5598;4823:6369;4824:5514;4825:5054
703.2933,1788883568.3481,6,607.91,22566.96,23174.86,250.1,24491.3,38762.2,0.0,18619.074,1606.796,307.667,4799:12;4822:5597;4823:6379;4824:5519;4825:5059
703.3973,1788883568.4521,6,607.91,22551.54,23159.45,38.4,24494.4,38759.0,0.0,18619.210,1606.820,307.667,4799:12;4822:5597;4823:6372;4824:5516;4825:5055
703.5012,1788883568.5560,6,607.91,22571.87,23179.78,94.6,24494.7,38758.8,0.0,18625.806,1606.899,307.667,4799:12;4822:5602;4823:6375;4824:5519;4825:5064
703.6069,1788883568.6617,6,607.91,22564.15,23172.06,240.4,24507.4,38746.1,0.0,18628.648,1606.924,307.667,4799:12;4822:5601;4823:6374;4824:5516;4825:5061
703.7108,1788883568.7656,6,607.91,22583.20,23191.11,67.5,24507.3,38746.1,0.0,18629.795,1607.001,307.667,4799:12;4822:5607;4823:6378;4824:5520;4825:5066
703.8147,1788883568.8695,6,607.91,22578.43,23186.34,202.0,24515.8,38737.6,0.0,18638.393,1607.048,307.667,4799:12;4822:5603;4823:6378;4824:5520;4825:5065
703.9187,1788883568.9735,6,607.91,22594.75,23202.66,48.1,24515.8,38737.6,0.0,18638.704,1607.122,307.667,4799:12;4822:5607;4823:6382;4824:5524;4825:5070
704.0225,1788883569.0773,6,607.91,22596.56,23204.46,259.6,24503.1,38750.4,0.0,18647.966,1607.171,307.667,4799:12;4822:5607;4823:6382;4824:5524;4825:5071
704.1266,1788883569.1814,6,607.91,22612.88,23220.79,67.5,24503.0,38750.4,0.0,18648.277,1607.245,307.667,4799:12;4822:5611;4823:6386;4824:5528;4825:5076
704.2304,1788883569.2852,6,607.91,22613.02,23220.93,307.7,24504.9,38748.6,0.0,18659.295,1607.292,307.667,4799:12;4822:5611;4823:6386;4824:5529;4825:5075
704.3344,1788883569.3892,6,607.91,22629.34,23237.25,77.1,24504.9,38748.6,0.0,18659.607,1607.367,307.667,4799:12;4822:5615;4823:6389;4824:5532;4825:5080
704.4383,1788883569.4931,6,607.91,22632.90,23240.81,268.9,24513.5,38739.9,0.0,18669.420,1607.412,307.667,4799:12;4822:5613;4823:6388;4824:5531;4825:5089
704.5424,1788883569.5972,6,607.91,22641.56,23249.47,96.2,24517.5,38735.9,0.0,18669.732,1607.490,307.667,4799:12;4822:5617;4823:6392;4824:5534;4825:5086
704.6463,1788883569.7011,6,607.93,22650.69,23258.61,38.1,24517.5,38735.9,0.0,18675.271,1607.513,307.667,4799:12;4822:5620;4823:6394;4824:5538;4825:5086
704.7510,1788883569.8058,6,607.93,22650.53,23258.45,192.4,24524.5,38729.0,0.0,18680.079,1607.572,307.667,4799:12;4822:5619;4823:6394;4824:5535;4825:5090
704.8549,1788883569.9097,6,607.93,22661.49,23269.41,48.0,24528.8,38724.6,0.0,18684.234,1607.626,307.667,4799:12;4822:5621;4823:6397;4824:5539;4825:5092
704.9593,1788883570.0141,6,607.93,22658.96,23266.88,307.5,24537.2,38716.3,0.0,18691.318,1607.668,307.667,4799:12;4822:5621;4823:6396;4824:5538;4825:5091
705.0633,1788883570.1181,6,607.93,22675.28,23283.20,57.8,24523.4,38730.1,0.0,18691.630,1607.743,307.667,4799:12;4822:5625;4823:6400;4824:5542;4825:5096
705.1672,1788883570.2220,6,607.93,22693.09,23301.01,144.2,24517.5,38736.0,0.0,18701.535,1607.777,307.667,4799:12;4822:5625;4823:6405;4824:5546;4825:5104
705.2712,1788883570.3260,6,607.93,22673.99,23281.91,144.4,24517.5,38736.0,0.0,18702.679,1607.815,307.667,4799:12;4822:5624;4823:6398;4824:5542;4825:5099
705.3752,1788883570.4300,6,607.93,22759.45,23367.38,114.8,24553.5,38700.0,0.0,18710.472,1607.892,307.667,4799:12;4822:5627;4823:6417;4824:5597;4825:5105
705.4797,1788883570.5346,6,608.08,22947.96,23556.05,862.2,24790.1,38463.4,0.0,18713.534,1607.900,307.667,4799:12;4822:5704;4823:6427;4824:5641;4825:5163
705.5853,1788883570.6401,6,608.13,22777.52,23385.66,604.4,24518.8,38734.7,0.0,18713.853,1607.950,307.667,4799:12;4822:5651;4823:6417;4824:5573;4825:5124
705.6912,1788883570.7460,6,608.13,22803.51,23411.64,327.0,24551.4,38702.1,0.0,18714.433,1608.088,307.667,4799:12;4822:5661;4823:6423;4824:5577;4825:5131
705.7951,1788883570.8499,6,608.13,22835.12,23443.25,301.8,24560.4,38693.1,0.0,18714.870,1608.197,307.667,4799:12;4822:5669;4823:6430;4824:5585;4825:5139
705.9013,1788883570.9561,6,608.13,22849.59,23457.72,278.4,24568.4,38685.1,0.0,18715.202,1608.294,307.667,4799:12;4822:5675;4823:6431;4824:5589;4825:5143
706.0053,1788883571.0601,6,608.13,22879.52,23487.66,336.5,24580.6,38672.9,0.0,18715.541,1608.397,307.667,4799:12;4822:5686;4823:6438;4824:5593;4825:5151
706.1094,1788883571.1642,6,608.13,22893.72,23501.86,278.8,24588.7,38664.8,0.0,18715.910,1608.500,307.667,4799:12;4822:5688;4823:6443;4824:5599;4825:5151
706.2133,1788883571.2681,6,608.14,22906.54,23514.68,298.1,24596.7,38656.8,0.0,18716.264,1608.615,307.667,4799:12;4822:5693;4823:6451;4824:5599;4825:5151
706.3173,1788883571.3721,6,608.14,22927.36,23535.50,269.2,24608.7,38644.8,0.0,18717.057,1608.731,307.667,4799:12;4822:5700;4823:6453;4824:5601;4825:5161
706.4214,1788883571.4762,6,608.14,22943.55,23551.69,355.6,24626.4,38627.1,0.0,18717.561,1608.856,307.667,4799:12;4822:5700;4823:6454;4824:5610;4825:5168
706.5255,1788883571.5803,6,608.14,22949.43,23557.58,201.9,24631.8,38621.7,0.0,18717.946,1608.908,307.667,4799:12;4822:5702;4823:6458;4824:5610;4825:5168
706.6295,1788883571.6843,6,608.14,22961.89,23570.04,48.1,24633.7,38619.7,0.0,18722.883,1608.979,307.667,4799:12;4822:5704;4823:6459;4824:5617;4825:5170
706.7333,1788883571.7881,6,608.14,22956.80,23564.95,259.8,24661.9,38591.6,0.0,18729.385,1609.012,307.667,4799:12;4822:5702;4823:6458;4824:5616;4825:5168
706.8373,1788883571.8921,6,608.14,22971.11,23579.25,48.1,24661.9,38591.6,0.0,18729.664,1609.079,307.667,4799:12;4822:5705;4823:6462;4824:5620;4825:5172
706.9410,1788883571.9958,6,608.14,22969.38,23577.52,211.7,24671.3,38582.1,0.0,18737.844,1609.117,307.667,4799:12;4822:5706;4823:6460;4824:5618;4825:5173
707.0450,1788883572.0998,6,608.14,22987.72,23595.87,106.0,24674.8,38578.7,0.0,18739.800,1609.204,307.667,4799:12;4822:5709;4823:6464;4824:5626;4825:5176
707.1488,1788883572.2037,6,608.14,23005.11,23613.25,221.2,24679.2,38574.3,0.0,18749.918,1609.239,307.667,4799:12;4822:5708;4823:6469;4824:5634;4825:5181
707.2529,1788883572.3077,6,608.14,23005.98,23614.12,134.6,24687.2,38566.3,0.0,18750.231,1609.325,307.667,4799:12;4822:5713;4823:6468;4824:5632;4825:5180
707.3568,1788883572.4116,6,608.14,23021.22,23629.37,76.9,24687.2,38566.3,0.0,18758.707,1609.357,307.667,4799:12;4822:5715;4823:6470;4824:5637;4825:5186
707.4607,1788883572.5155,6,608.14,23007.33,23615.48,182.8,24699.2,38554.3,0.0,18760.362,1609.390,307.667,4799:12;4822:5712;4823:6468;4824:5632;4825:5183
707.5646,1788883572.6194,6,608.14,23031.98,23640.12,264.4,24711.2,38542.3,0.0,18770.233,1609.488,307.667,4799:12;4822:5714;4823:6474;4824:5642;4825:5189
707.6706,1788883572.7254,6,608.14,23038.64,23646.79,125.0,24711.4,38542.1,0.0,18770.545,1609.566,307.667,4799:12;4822:5717;4823:6476;4824:5644;4825:5189
707.7744,1788883572.8292,6,608.14,23050.11,23658.26,77.1,24715.8,38537.7,0.0,18778.527,1609.595,307.667,4799:12;4822:5718;4823:6478;4824:5647;4825:5195
707.8783,1788883572.9331,6,608.14,23054.64,23662.79,173.1,24728.0,38525.5,0.0,18780.625,1609.682,307.667,4799:12;4822:5721;4823:6480;4824:5648;4825:5193
707.9823,1788883573.0371,6,608.14,23054.39,23662.54,278.8,24743.9,38509.6,0.0,18790.468,1609.722,307.667,4799:12;4822:5722;4823:6480;4824:5648;4825:5191
708.0863,1788883573.1411,6,608.14,23070.71,23678.85,77.1,24735.9,38517.6,0.0,18790.780,1609.797,307.667,4799:12;4822:5725;4823:6484;4824:5654;4825:5195
708.1904,1788883573.2452,6,608.15,23081.35,23689.50,230.4,24737.2,38516.3,0.0,18801.148,1609.837,307.667,4799:12;4822:5722;4823:6484;4824:5658;4825:5204
708.2944,1788883573.3492,6,608.15,23068.42,23676.57,38.5,24738.6,38514.8,0.0,18801.148,1609.843,307.667,4799:12;4822:5722;4823:6484;4824:5654;4825:5195
708.3981,1788883573.4529,6,608.15,23084.74,23692.89,57.8,24738.6,38514.8,0.0,18801.467,1609.918,307.667,4799:12;4822:5725;4823:6488;4824:5660;4825:5199
708.5018,1788883573.5566,6,608.15,23076.75,23684.90,279.0,24744.5,38508.9,0.0,18812.045,1609.962,307.667,4799:12;4822:5725;4823:6487;4824:5656;4825:5197
708.6058,1788883573.6606,6,608.15,23099.49,23707.64,57.7,24746.8,38506.7,0.0,18814.082,1610.042,307.667,4799:12;4822:5730;4823:6491;4824:5665;4825:5201
708.7097,1788883573.7645,6,608.18,23501.26,24109.44,841.6,25086.5,38166.9,0.0,18822.288,1610.065,307.667,4799:12;4822:5799;4823:6597;4824:5770;4825:5323
708.8170,1788883573.8719,6,608.25,23124.88,23733.12,897.7,24967.3,38286.2,0.0,18822.336,1610.089,307.667,4799:12;4822:5728;4823:6442;4824:5716;4825:5226
708.9215,1788883573.9763,6,608.25,23057.57,23665.83,365.2,24902.3,38351.2,0.0,18822.977,1610.184,307.667,4799:12;4822:5736;4823:6362;4824:5715;4825:5232
709.0255,1788883574.0803,6,608.25,23081.86,23690.12,259.6,24898.5,38355.0,0.0,18823.443,1610.302,307.667,4799:12;4822:5742;4823:6370;4824:5721;4825:5236
709.1295,1788883574.1843,6,608.25,23104.16,23712.42,293.0,24897.7,38355.7,0.0,18823.984,1610.396,307.667,4799:12;4822:5744;4823:6377;4824:5723;4825:5248
709.2355,1788883574.2903,6,608.25,23110.20,23718.46,259.2,24910.0,38343.5,0.0,18824.424,1610.478,307.667,4799:12;4822:5746;4823:6376;4824:5725;4825:5250
709.3395,1788883574.3943,6,608.25,23124.64,23732.89,298.0,24920.4,38333.0,0.0,18824.798,1610.587,307.667,4799:12;4822:5752;4823:6379;4824:5729;4825:5252
709.4435,1788883574.4983,6,608.25,23149.57,23757.82,250.1,24932.1,38321.3,0.0,18825.300,1610.668,307.667,4799:12;4822:5754;4823:6387;4824:5733;4825:5262
709.5474,1788883574.6023,6,608.25,23161.02,23769.27,231.0,24936.1,38317.3,0.0,18825.662,1610.743,307.667,4799:12;4822:5757;4823:6385;4824:5740;4825:5267
709.6514,1788883574.7062,6,608.29,23178.15,23786.44,279.0,24947.3,38306.2,0.0,18825.953,1610.821,307.667,4799:12;4822:5760;4823:6386;4824:5747;4825:5272
709.7553,1788883574.8101,6,608.29,23183.28,23791.57,259.7,24955.6,38297.9,0.0,18826.472,1610.881,307.667,4799:12;4822:5761;4823:6388;4824:5747;4825:5275
709.8593,1788883574.9141,6,608.29,23205.24,23813.53,173.1,24963.0,38290.5,0.0,18828.071,1611.011,307.667,4799:12;4822:5765;4823:6389;4824:5754;4825:5284
709.9633,1788883575.0181,6,608.29,23209.76,23818.05,298.2,24997.8,38255.7,0.0,18835.716,1611.078,307.667,4799:12;4822:5765;4823:6391;4824:5755;4825:5286
710.0672,1788883575.1221,6,608.29,23235.52,23843.80,131.6,24988.8,38264.7,0.0,18836.876,1611.181,307.667,4799:12;4822:5771;4823:6394;4824:5760;4825:5298
710.1738,1788883575.2286,6,608.29,23237.66,23845.95,296.8,24999.6,38253.9,0.0,18846.744,1611.287,307.667,4799:12;4822:5776;4823:6395;4824:5761;4825:5294
710.2780,1788883575.3329,6,608.29,23247.88,23856.18,115.5,24999.8,38253.7,0.0,18847.134,1611.350,307.667,4799:12;4822:5775;4823:6398;4824:5764;4825:5298
710.3820,1788883575.4368,6,608.29,23247.47,23855.76,279.0,25011.9,38241.5,0.0,18855.332,1611.397,307.667,4799:12;4822:5774;4823:6399;4824:5764;4825:5298
710.4859,1788883575.5407,6,608.29,23265.85,23874.14,86.5,25015.9,38237.5,0.0,18857.178,1611.492,307.667,4799:12;4822:5780;4823:6402;4824:5768;4825:5304
710.5899,1788883575.6447,6,608.29,23261.53,23869.82,298.0,25023.9,38229.6,0.0,18867.890,1611.547,307.667,4799:12;4822:5779;4823:6399;4824:5768;4825:5304
710.6939,1788883575.7487,6,608.31,23277.95,23886.25,57.8,25024.0,38229.5,0.0,18868.205,1611.623,307.667,4799:12;4822:5782;4823:6402;4824:5772;4825:5310
710.7977,1788883575.8525,6,608.31,23289.53,23897.84,240.4,25028.0,38225.5,0.0,18879.245,1611.681,307.667,4799:12;4822:5784;4823:6403;4824:5776;4825:5314
710.9017,1788883575.9565,6,608.31,23295.54,23903.85,86.7,25032.0,38221.5,0.0,18879.521,1611.749,307.667,4799:12;4822:5786;4823:6406;4824:5776;4825:5316
711.0056,1788883576.0605,6,608.31,23308.02,23916.33,244.8,25038.2,38215.3,0.0,18891.031,1611.815,307.667,4799:12;4822:5786;4823:6407;4824:5785;4825:5318
711.1122,1788883576.1670,6,608.31,23312.06,23920.37,76.8,25033.7,38219.8,0.0,18891.346,1611.892,307.667,4799:12;4822:5790;4823:6410;4824:5778;4825:5322
711.2161,1788883576.2709,6,608.31,23330.92,23939.23,57.4,25034.6,38218.8,0.0,18900.804,1611.939,307.667,4799:12;4822:5793;4823:6411;4824:5782;4825:5332
711.3208,1788883576.3756,6,608.31,23312.38,23920.69,269.3,25048.2,38205.2,0.0,18903.188,1611.969,307.667,4799:12;4822:5791;4823:6409;4824:5780;4825:5320
711.4247,1788883576.4795,6,608.31,23351.57,23959.88,124.7,25048.5,38205.0,0.0,18914.420,1612.093,307.667,4799:12;4822:5801;4823:6415;4824:5788;4825:5335
711.5292,1788883576.5840,6,608.31,23328.82,23937.12,172.8,25046.2,38207.2,0.0,18914.530,1612.114,307.667,4799:12;4822:5795;4823:6411;4824:5784;4825:5326
711.6332,1788883576.6880,6,608.31,23345.63,23953.94,57.6,25046.2,38207.2,0.0,18915.286,1612.190,307.667,4799:12;4822:5799;4823:6414;4824:5789;4825:5332
711.7372,1788883576.7920,6,608.32,23336.40,23944.72,247.8,25051.8,38201.7,0.0,18925.968,1612.253,307.667,4799:12;4822:5796;4823:6413;4824:5785;4825:5329
711.8420,1788883576.8968,6,608.32,23352.72,23961.04,77.1,25051.8,38201.7,0.0,18926.283,1612.329,307.667,4799:12;4822:5800;4823:6416;4824:5789;4825:5335
711.9459,1788883577.0007,6,608.32,23397.23,24005.55,150.8,25071.8,38181.7,0.0,18937.602,1612.380,307.667,4799:12;4822:5809;4823:6420;4824:5798;4825:5358
712.0522,1788883577.1070,6,608.36,23644.95,24253.31,996.5,25286.3,37967.2,0.0,18937.604,1612.380,307.667,4799:12;4822:5869;4823:6429;4824:5927;4825:5409
712.1574,1788883577.2122,6,608.42,23475.71,24084.12,605.4,25105.8,38147.7,0.0,18938.003,1612.490,307.667,4799:12;4822:5831;4823:6449;4824:5818;4825:5366
712.2614,1788883577.3162,6,608.42,23492.49,24100.91,346.4,25132.3,38121.2,0.0,18938.674,1612.576,307.667,4799:12;4822:5835;4823:6453;4824:5822;4825:5370
712.3653,1788883577.4201,6,608.42,23508.21,24116.63,302.2,25141.7,38111.7,0.0,18939.109,1612.678,307.667,4799:12;4822:5833;4823:6457;4824:5831;4825:5375
712.4714,1788883577.5262,6,608.42,23513.11,24121.53,179.2,25154.0,38099.5,0.0,18939.708,1612.751,307.667,4799:12;4822:5837;4823:6456;4824:5833;4825:5376
712.5774,1788883577.6322,6,608.42,23535.33,24143.75,324.4,25170.0,38083.5,0.0,18940.356,1612.851,307.667,4799:12;4822:5843;4823:6463;4824:5835;4825:5382
712.6819,1788883577.7368,6,608.46,23539.43,24147.89,355.9,25185.9,38067.6,0.0,18940.818,1612.962,307.667,4799:12;4822:5842;4823:6463;4824:5835;4825:5388
712.7859,1788883577.8407,6,608.46,23570.79,24179.25,288.4,25197.9,38055.6,0.0,18941.303,1613.073,307.667,4799:12;4822:5846;4823:6471;4824:5843;4825:5399
712.8899,1788883577.9447,6,608.46,23592.52,24200.98,349.6,25209.9,38043.6,0.0,18941.903,1613.199,307.667,4799:12;4822:5849;4823:6472;4824:5854;4825:5405
712.9960,1788883578.0508,6,608.46,23592.32,24200.78,287.5,25210.6,38042.9,0.0,18942.679,1613.291,307.667,4799:12;4822:5852;4823:6474;4824:5845;4825:5409
713.1003,1788883578.1551,6,608.47,23590.27,24198.74,201.6,25223.5,38030.0,0.0,18942.859,1613.336,307.667,4799:12;4822:5855;4823:6458;4824:5851;4825:5414
713.2044,1788883578.2592,6,608.47,23543.44,24151.91,211.7,25164.5,38089.0,0.0,18943.228,1613.431,307.667,4799:12;4822:5859;4823:6399;4824:5855;4825:5419
713.3084,1788883578.3632,6,608.47,23552.04,24160.51,201.9,25176.6,38076.8,0.0,18954.603,1613.482,307.667,4799:12;4822:5860;4823:6403;4824:5859;4825:5418
713.4124,1788883578.4672,6,608.47,23555.13,24163.61,230.9,25193.6,38059.9,0.0,18955.612,1613.573,307.667,4799:12;4822:5861;4823:6401;4824:5857;4825:5424
713.5163,1788883578.5711,6,608.47,23572.81,24181.29,86.8,25193.6,38059.9,0.0,18956.670,1613.652,307.667,4799:12;4822:5865;4823:6406;4824:5861;4825:5429
713.6201,1788883578.6749,6,608.47,23584.39,24192.86,182.8,25201.8,38051.7,0.0,18965.984,1613.690,307.667,4799:12;4822:5867;4823:6405;4824:5861;4825:5438
713.7241,1788883578.7789,6,608.48,23588.34,24196.83,153.9,25206.5,38047.0,0.0,18966.232,1613.767,307.667,4799:12;4822:5867;4823:6409;4824:5865;4825:5435
713.8280,1788883578.8828,6,608.48,23593.69,24202.17,240.4,25229.2,38024.3,0.0,18976.894,1613.811,307.667,4799:12;4822:5871;4823:6409;4824:5865;4825:5436
713.9320,1788883578.9868,6,608.48,23606.35,24214.84,86.7,25229.2,38024.3,0.0,18977.207,1613.888,307.667,4799:12;4822:5871;4823:6413;4824:5869;4825:5441
714.0358,1788883579.0907,6,608.48,23608.04,24216.52,202.0,25225.6,38027.9,0.0,18987.490,1613.931,307.667,4799:12;4822:5872;4823:6413;4824:5869;4825:5441
714.1398,1788883579.1946,6,608.49,23624.79,24233.28,57.7,25229.6,38023.9,0.0,18987.804,1614.007,307.667,4799:12;4822:5875;4823:6417;4824:5873;4825:5447
714.2437,1788883579.2985,6,608.49,23622.52,24231.00,250.0,25234.1,38019.4,0.0,18996.951,1614.055,307.667,4799:12;4822:5876;4823:6417;4824:5871;4825:5446
714.3477,1788883579.4025,6,608.49,23638.84,24247.32,48.1,25234.1,38019.4,0.0,18997.264,1614.129,307.667,4799:12;4822:5879;4823:6421;4824:5875;4825:5451
714.4515,1788883579.5063,6,608.49,23659.62,24268.11,153.8,25238.4,38015.1,0.0,19007.027,1614.171,307.667,4799:12;4822:5883;4823:6428;4824:5882;4825:5455
714.5556,1788883579.6104,6,608.49,23638.64,24247.13,96.1,25243.1,38010.4,0.0,19007.224,1614.182,307.667,4799:12;4822:5878;4823:6421;4824:5875;4825:5452
714.6596,1788883579.7144,6,608.52,23666.55,24275.07,115.2,25243.1,38010.4,0.0,19011.113,1614.275,307.667,4799:12;4822:5883;4823:6430;4824:5881;4825:5460
714.7636,1788883579.8184,6,608.52,23671.14,24279.66,192.4,25258.7,37994.8,0.0,19012.406,1614.360,307.667,4799:12;4822:5885;4823:6429;4824:5883;4825:5462
714.8676,1788883579.9224,6,608.52,23681.25,24289.77,192.2,25264.8,37988.7,0.0,19023.473,1614.408,307.667,4799:12;4822:5886;4823:6429;4824:5881;4825:5473
714.9716,1788883580.0264,6,608.52,23678.12,24286.64,125.1,25264.9,37988.6,0.0,19024.103,1614.492,307.667,4799:12;4822:5886;4823:6431;4824:5885;4825:5464
715.0756,1788883580.1304,6,608.52,23730.17,24338.69,124.6,25303.2,37950.3,0.0,19031.643,1614.518,307.667,4799:12;4822:5888;4823:6436;4824:5907;4825:5487
715.1800,1788883580.2348,6,608.57,24021.87,24630.43,964.2,25599.3,37654.2,0.0,19033.429,1614.525,307.667,4799:12;4822:5993;4823:6519;4824:5901;4825:5596
715.2894,1788883580.3442,6,608.64,23704.21,24312.86,649.0,25439.6,37813.8,0.0,19033.764,1614.619,307.667,4799:12;4822:5915;4823:6373;4824:5915;4825:5489
715.3936,1788883580.4484,6,608.64,23739.29,24347.93,387.2,25463.6,37789.8,0.0,19034.123,1614.714,307.667,4799:12;4822:5922;4823:6382;4824:5930;4825:5493
715.4997,1788883580.5545,6,608.64,23742.76,24351.40,325.8,25468.6,37784.8,0.0,19034.465,1614.813,307.667,4799:12;4822:5926;4823:6377;4824:5926;4825:5501
715.6038,1788883580.6586,6,608.64,23760.81,24369.45,230.9,25476.6,37776.8,0.0,19035.342,1614.934,307.667,4799:12;4822:5931;4823:6381;4824:5938;4825:5499
715.7078,1788883580.7626,6,608.67,23780.57,24389.24,378.8,25482.5,37770.9,0.0,19035.758,1615.040,307.667,4799:12;4822:5929;4823:6387;4824:5947;4825:5505
715.8136,1788883580.8684,6,608.67,23805.36,24414.03,345.3,25494.8,37758.7,0.0,19036.223,1615.134,307.667,4799:12;4822:5938;4823:6395;4824:5948;4825:5512
715.9177,1788883580.9725,6,608.67,23816.11,24424.78,288.4,25510.8,37742.7,0.0,19037.390,1615.228,307.667,4799:12;4822:5943;4823:6394;4824:5954;4825:5513
716.0217,1788883581.0765,6,608.67,23825.66,24434.33,321.9,25514.8,37738.7,0.0,19038.027,1615.329,307.667,4799:12;4822:5940;4823:6395;4824:5959;4825:5519
716.1276,1788883581.1824,6,608.70,23849.18,24457.89,297.2,25522.2,37731.2,0.0,19038.442,1615.423,307.667,4799:12;4822:5947;4823:6399;4824:5965;4825:5526
716.2316,1788883581.2864,6,608.70,23849.33,24458.03,144.3,25522.5,37731.0,0.0,19038.805,1615.437,307.667,4799:12;4822:5949;4823:6399;4824:5966;4825:5524
716.3355,1788883581.3903,6,608.70,23862.30,24471.00,77.0,25526.2,37727.3,0.0,19039.035,1615.516,307.667,4799:12;4822:5951;4823:6402;4824:5971;4825:5526
716.4392,1788883581.4940,6,608.70,23864.09,24472.79,250.0,25563.8,37689.7,0.0,19049.624,1615.572,307.667,4799:12;4822:5951;4823:6403;4824:5972;4825:5526
716.5432,1788883581.5980,6,608.70,23880.41,24489.11,57.6,25563.8,37689.7,0.0,19049.938,1615.646,307.667,4799:12;4822:5955;4823:6407;4824:5977;4825:5530
716.6472,1788883581.7020,6,608.70,23899.54,24508.24,202.0,25564.2,37689.2,0.0,19060.307,1615.702,307.667,4799:12;4822:5953;4823:6412;4824:5985;4825:5537
716.7511,1788883581.8059,6,608.70,23889.31,24498.02,96.2,25564.5,37689.0,0.0,19060.517,1615.763,307.667,4799:12;4822:5955;4823:6411;4824:5981;4825:5530
716.8549,1788883581.9097,6,608.70,23898.91,24507.61,19.3,25564.5,37689.0,0.0,19064.535,1615.800,307.667,4799:12;4822:5958;4823:6411;4824:5983;4825:5535
716.9587,1788883582.0135,6,608.70,23898.21,24506.91,192.3,25577.0,37676.5,0.0,19071.389,1615.848,307.667,4799:12;4822:5957;4823:6413;4824:5982;4825:5534
717.0627,1788883582.1175,6,608.70,23915.70,24524.40,67.2,25573.7,37679.7,0.0,19074.765,1615.922,307.667,4799:12;4822:5961;4823:6414;4824:5989;4825:5539
717.1667,1788883582.2215,6,608.71,23914.14,24522.85,250.1,25582.0,37671.5,0.0,19082.774,1615.982,307.667,4799:12;4822:5961;4823:6415;4824:5988;4825:5538
717.2706,1788883582.3254,6,608.71,23926.95,24535.65,38.4,25582.0,37671.5,0.0,19083.016,1616.039,307.667,4799:12;4822:5963;4823:6416;4824:5994;4825:5542
717.3744,1788883582.4292,6,608.71,23933.40,24542.11,211.6,25594.2,37659.3,0.0,19092.112,1616.094,307.667,4799:12;4822:5965;4823:6417;4824:5994;4825:5545
717.4783,1788883582.5331,6,608.71,23942.33,24551.04,134.6,25594.5,37659.0,0.0,19093.863,1616.162,307.667,4799:12;4822:5969;4823:6420;4824:5996;4825:5546
717.5823,1788883582.6371,6,608.71,23964.61,24573.32,188.8,25602.0,37651.4,0.0,19106.394,1616.230,307.667,4799:12;4822:5976;4823:6421;4824:6010;4825:5546
717.6884,1788883582.7432,6,608.73,23963.66,24572.39,143.6,25606.4,37647.1,0.0,19109.246,1616.318,307.667,4799:12;4822:5971;4823:6423;4824:6007;4825:5551
717.7927,1788883582.8475,6,608.73,23973.25,24581.97,173.1,25606.6,37646.8,0.0,19120.577,1616.371,307.667,4799:12;4822:5971;4823:6426;4824:6014;4825:5550
717.8966,1788883582.9515,6,608.73,23976.38,24585.11,125.0,25610.6,37642.8,0.0,19122.323,1616.451,307.667,4799:12;4822:5975;4823:6426;4824:6010;4825:5554
718.0006,1788883583.0554,6,608.73,24001.37,24610.10,122.6,25606.5,37646.9,0.0,19135.586,1616.505,307.667,4799:12;4822:5982;4823:6432;4824:6018;4825:5558
718.1069,1788883583.1617,6,608.73,24000.67,24609.40,201.5,25611.5,37642.0,0.0,19140.408,1616.589,307.667,4799:12;4822:5980;4823:6428;4824:6020;4825:5561
718.2109,1788883583.2657,6,608.73,24000.25,24608.98,211.5,25615.5,37638.0,0.0,19149.557,1616.670,307.667,4799:12;4822:5976;4823:6429;4824:6022;4825:5560
718.3149,1788883583.3697,6,608.73,24274.34,24883.07,348.8,25847.9,37405.5,0.0,19162.523,1616.745,307.667,4799:12;4822:5985;4823:6436;4824:6114;4825:5727
718.4212,1788883583.4760,6,608.83,24148.79,24757.61,1162.7,25838.9,37414.6,0.0,19163.423,1616.748,307.667,4799:12;4822:5985;4823:6419;4824:6123;4825:5610
718.5270,1788883583.5819,6,609.05,24088.80,24697.85,872.3,25760.9,37492.6,0.0,19165.393,1616.792,307.667,4799:12;4822:6013;4823:6398;4824:6061;4825:5604
718.6310,1788883583.6859,6,609.11,24108.84,24717.94,500.5,25798.1,37455.4,0.0,19165.955,1616.928,307.667,4799:12;4822:6015;4823:6404;4824:6070;4825:5608
718.7372,1788883583.7920,6,609.16,24141.85,24751.01,339.3,25822.1,37431.3,0.0,19166.486,1617.026,307.667,4799:12;4822:6018;4823:6408;4824:6077;4825:5627
718.8433,1788883583.8981,6,609.16,24148.65,24757.81,320.5,25834.4,37419.1,0.0,19167.400,1617.147,307.667,4799:12;4822:6025;4823:6406;4824:6076;4825:5628
718.9494,1788883584.0042,6,609.16,24170.27,24779.43,278.1,25846.4,37407.1,0.0,19167.960,1617.276,307.667,4799:12;4822:6029;4823:6410;4824:6078;4825:5641
719.0535,1788883584.1083,6,609.16,24196.16,24805.32,326.9,25850.6,37402.8,0.0,19168.337,1617.371,307.667,4799:12;4822:6037;4823:6413;4824:6082;4825:5652
719.1575,1788883584.2123,6,609.16,24204.56,24813.72,297.4,25878.6,37374.8,0.0,19168.803,1617.471,307.667,4799:12;4822:6039;4823:6412;4824:6087;4825:5654
719.2617,1788883584.3165,6,609.16,24228.74,24837.91,311.5,25882.6,37370.8,0.0,19169.414,1617.611,307.667,4799:12;4822:6046;4823:6414;4824:6094;4825:5663
719.3679,1788883584.4227,6,609.21,24244.86,24854.06,324.0,25898.6,37354.8,0.0,19169.764,1617.685,307.667,4799:12;4822:6050;4823:6417;4824:6101;4825:5665
719.4728,1788883584.5277,6,609.21,24262.25,24871.46,286.2,25901.8,37351.6,0.0,19170.262,1617.813,307.667,4799:12;4822:6054;4823:6420;4824:6106;4825:5670
719.5774,1788883584.6322,6,609.21,24277.16,24886.38,269.2,25929.1,37324.4,0.0,19180.599,1617.882,307.667,4799:12;4822:6063;4823:6421;4824:6110;4825:5671
719.6814,1788883584.7362,6,609.21,24273.19,24882.40,153.7,25933.5,37320.0,0.0,19180.905,1617.932,307.667,4799:12;4822:6056;4823:6422;4824:6110;4825:5673
719.7855,1788883584.8403,6,609.21,24290.81,24900.02,86.5,25934.0,37319.5,0.0,19187.491,1617.992,307.667,4799:12;4822:6061;4823:6424;4824:6116;4825:5678
719.8894,1788883584.9443,6,609.21,24292.70,24901.91,182.8,25946.0,37307.5,0.0,19190.569,1618.077,307.667,4799:12;4822:6058;4823:6426;4824:6114;4825:5682
719.9935,1788883585.0483,6,609.21,24299.83,24909.04,173.1,25948.6,37304.9,0.0,19199.581,1618.116,307.667,4799:12;4822:6058;4823:6427;4824:6118;4825:5685
720.0975,1788883585.1523,6,609.21,24310.75,24919.96,125.0,25947.7,37305.8,0.0,19201.542,1618.211,307.667,4799:12;4822:6064;4823:6430;4824:6118;4825:5686
720.2014,1788883585.2562,6,609.21,24329.24,24938.45,221.2,25956.6,37296.9,0.0,19211.563,1618.253,307.667,4799:12;4822:6072;4823:6429;4824:6126;4825:5689
720.3054,1788883585.3602,6,609.21,24316.30,24925.51,86.5,25960.9,37292.6,0.0,19211.764,1618.291,307.667,4799:12;4822:6064;4823:6433;4824:6120;4825:5687
720.4094,1788883585.4642,6,609.21,24329.61,24938.82,48.0,25960.9,37292.6,0.0,19215.446,1618.353,307.667,4799:12;4822:6069;4823:6435;4824:6123;4825:5691
720.5136,1788883585.5684,6,609.21,24329.56,24938.77,182.7,25968.9,37284.6,0.0,19221.319,1618.390,307.667,4799:12;4822:6069;4823:6435;4824:6122;4825:5691
720.6176,1788883585.6724,6,609.21,24344.71,24953.92,48.1,25968.9,37284.6,0.0,19222.779,1618.464,307.667,4799:12;4822:6071;4823:6439;4824:6127;4825:5696
720.7215,1788883585.7763,6,609.22,24353.03,24962.25,230.8,25977.1,37276.4,0.0,19232.013,1618.516,307.667,4799:12;4822:6077;4823:6440;4824:6126;4825:5697
720.8254,1788883585.8803,6,609.22,24359.24,24968.46,96.3,25985.1,37268.4,0.0,19232.613,1618.594,307.667,4799:12;4822:6074;4823:6441;4824:6130;4825:5702
720.9293,1788883585.9841,6,609.22,24381.20,24990.42,86.7,25985.1,37268.4,0.0,19240.204,1618.630,307.667,4799:12;4822:6082;4823:6446;4824:6136;4825:5705
721.0332,1788883586.0880,6,609.22,24368.21,24977.43,225.7,25978.0,37275.5,0.0,19243.094,1618.680,307.667,4799:12;4822:6076;4823:6442;4824:6134;4825:5703
721.1398,1788883586.1946,6,609.23,24379.19,24988.42,38.4,25978.6,37274.9,0.0,19244.043,1618.734,307.667,4799:12;4822:6080;4823:6445;4824:6134;4825:5708
721.2440,1788883586.2988,6,609.23,24373.55,24982.77,268.9,25988.4,37265.1,0.0,19253.537,1618.783,307.667,4799:12;4822:6080;4823:6444;4824:6134;4825:5703
721.3480,1788883586.4028,6,609.23,24390.96,25000.18,67.5,25988.7,37264.8,0.0,19255.017,1618.861,307.667,4799:12;4822:6085;4823:6447;4824:6139;4825:5708
721.4519,1788883586.5067,6,609.23,24393.54,25002.76,211.5,25989.2,37264.3,0.0,19265.598,1618.916,307.667,4799:12;4822:6087;4823:6447;4824:6137;4825:5711
721.5559,1788883586.6107,6,609.23,24401.27,25010.50,86.6,25989.4,37264.1,0.0,19265.911,1618.994,307.667,4799:12;4822:6085;4823:6450;4824:6141;4825:5713
721.6598,1788883586.7146,6,609.24,24509.98,25119.21,459.5,26085.9,37167.6,0.0,19276.770,1619.037,307.667,4799:12;4822:6101;4823:6496;4824:6157;4825:5745
721.7666,1788883586.8214,6,609.38,24817.59,25426.97,1351.7,26482.4,36771.0,0.0,19276.771,1619.037,307.667,4799:12;4822:6204;4823:6548;4824:6276;4825:5778
721.8733,1788883586.9281,6,609.52,24563.28,25172.80,1346.4,26489.7,36763.8,0.0,19276.771,1619.037,307.667,4799:12;4822:6218;4823:6470;4824:6157;4825:5707
721.9787,1788883587.0335,6,609.77,24323.91,24933.68,1298.4,26260.6,36992.9,0.0,19276.771,1619.037,307.667,4799:12;4822:6108;4823:6369;4824:6112;4825:5722
722.0850,1788883587.1398,6,609.93,24222.42,24832.35,1090.2,26120.6,37132.9,0.0,19276.774,1619.038,307.667,4799:12;4822:6071;4823:6394;4824:6055;4825:5689
722.1902,1788883587.2450,6,610.06,24054.73,24664.79,1141.2,25957.2,37296.3,0.0,19276.774,1619.039,307.667,4799:12;4822:5995;4823:6430;4824:5951;4825:5666
722.2945,1788883587.3493,6,610.19,23747.07,24357.26,844.7,25641.7,37611.8,0.0,19276.774,1619.039,307.667,4799:12;4822:5951;4823:6264;4824:5909;4825:5610
722.4014,1788883587.4562,6,610.27,23330.88,23941.15,712.5,25312.7,37940.7,0.0,19276.922,1619.056,307.667,4799:12;4822:5861;4823:6000;4824:5890;4825:5567
722.5080,1788883587.5628,6,610.27,23359.34,23969.62,351.6,25313.0,37940.5,0.0,19277.425,1619.184,307.667,4799:12;4822:5871;4823:6008;4824:5896;4825:5572
722.6129,1788883587.6677,6,610.27,23378.16,23988.43,278.4,25313.5,37940.0,0.0,19277.985,1619.304,307.667,4799:12;4822:5875;4823:6012;4824:5902;4825:5577
722.7171,1788883587.7720,6,610.34,23405.97,24016.32,330.5,25314.9,37938.6,0.0,19279.016,1619.416,307.667,4799:12;4822:5884;4823:6018;4824:5909;4825:5582
722.8232,1788883587.8780,6,610.34,23415.26,24025.60,326.3,25318.9,37934.6,0.0,19279.721,1619.526,307.667,4799:12;4822:5891;4823:6019;4824:5910;4825:5583
722.9272,1788883587.9820,6,610.34,23443.88,24054.22,278.8,25330.9,37922.6,0.0,19280.344,1619.632,307.667,4799:12;4822:5900;4823:6024;4824:5920;4825:5587
723.0312,1788883588.0860,6,610.34,23464.06,24074.40,288.6,25317.3,37936.1,0.0,19280.660,1619.724,307.667,4799:12;4822:5910;4823:6028;4824:5918;4825:5595
723.1352,1788883588.1900,6,610.35,23469.28,24079.62,324.4,25321.1,37932.4,0.0,19281.059,1619.837,307.667,4799:12;4822:5909;4823:6034;4824:5922;4825:5592
723.2400,1788883588.2948,6,610.36,23510.40,24120.75,339.8,25334.9,37918.6,0.0,19281.448,1619.946,307.667,4799:12;4822:5921;4823:6041;4824:5935;4825:5602
723.3463,1788883588.4011,6,610.36,23509.50,24119.85,230.2,25335.3,37918.2,0.0,19281.877,1620.008,307.667,4799:12;4822:5922;4823:6038;4824:5934;4825:5604
723.4503,1788883588.5051,6,610.36,23518.71,24129.07,115.0,25335.5,37917.9,0.0,19285.247,1620.101,307.667,4799:12;4822:5923;4823:6041;4824:5934;4825:5608
723.5546,1788883588.6094,6,610.36,23515.00,24125.35,221.2,25353.5,37900.0,0.0,19290.792,1620.133,307.667,4799:12;4822:5923;4823:6040;4824:5934;4825:5606
723.6585,1788883588.7133,6,610.39,23531.39,24141.79,77.1,25354.0,37899.5,0.0,19291.103,1620.207,307.667,4799:12;4822:5927;4823:6043;4824:5938;4825:5611
723.7623,1788883588.8171,6,610.39,23533.32,24143.71,144.4,25358.0,37895.5,0.0,19299.959,1620.246,307.667,4799:12;4822:5928;4823:6045;4824:5939;4825:5610
723.8662,1788883588.9211,6,610.39,23543.77,24154.16,105.9,25358.0,37895.5,0.0,19300.741,1620.310,307.667,4799:12;4822:5930;4823:6045;4824:5942;4825:5615
723.9701,1788883589.0249,6,610.39,23562.02,24172.41,163.5,25332.8,37920.6,0.0,19310.260,1620.354,307.667,4799:12;4822:5932;4823:6047;4824:5948;4825:5622
724.0740,1788883589.1288,6,610.39,23546.06,24156.45,57.8,25340.2,37913.3,0.0,19311.541,1620.374,307.667,4799:12;4822:5932;4823:6044;4824:5942;4825:5616
724.1778,1788883589.2326,6,610.39,23560.36,24170.75,67.4,25337.6,37915.9,0.0,19311.749,1620.436,307.667,4799:12;4822:5934;4823:6047;4824:5946;4825:5621
724.2815,1788883589.3364,6,610.39,23563.05,24173.45,245.7,25352.8,37900.7,0.0,19321.546,1620.498,307.667,4799:12;4822:5939;4823:6048;4824:5944;4825:5620
724.3877,1788883589.4425,6,610.39,23575.19,24185.58,76.8,25356.8,37896.7,0.0,19321.858,1620.575,307.667,4799:12;4822:5939;4823:6051;4824:5948;4825:5625
724.4916,1788883589.5464,6,610.39,23578.78,24189.17,125.1,25361.0,37892.4,0.0,19331.013,1620.613,307.667,4799:12;4822:5939;4823:6053;4824:5949;4825:5626
724.5956,1788883589.6504,6,610.39,23591.36,24201.75,96.2,25365.8,37887.7,0.0,19331.385,1620.679,307.667,4799:12;4822:5941;4823:6055;4824:5952;4825:5631
724.6996,1788883589.7544,6,610.42,23598.95,24209.37,105.9,25369.9,37883.6,0.0,19335.982,1620.715,307.667,4799:12;4822:5943;4823:6060;4824:5952;4825:5632
724.8035,1788883589.8583,6,610.42,23602.50,24212.92,191.9,25385.9,37867.6,0.0,19342.028,1620.750,307.667,4799:12;4822:5947;4823:6056;4824:5955;4825:5633
724.9080,1788883589.9628,6,610.42,23612.07,24222.49,114.7,25397.9,37855.6,0.0,19345.225,1620.832,307.667,4799:12;4822:5948;4823:6060;4824:5956;4825:5636
725.0124,1788883590.0672,6,610.42,23627.19,24237.61,259.5,25375.0,37878.5,0.0,19351.367,1620.937,307.667,4799:12;4822:5951;4823:6063;4824:5960;4825:5641
725.1164,1788883590.1712,6,610.42,23646.02,24256.45,134.4,25369.1,37884.4,0.0,19360.887,1620.972,307.667,4799:12;4822:5955;4823:6066;4824:5968;4825:5644
725.2205,1788883590.2753,6,610.43,23635.77,24246.19,173.0,25379.9,37873.6,0.0,19361.486,1621.039,307.667,4799:12;4822:5955;4823:6064;4824:5962;4825:5643
725.3245,1788883590.3793,6,610.43,23663.09,24273.52,113.2,25380.1,37873.4,0.0,19371.076,1621.093,307.667,4799:12;4822:5961;4823:6070;4824:5970;4825:5650
725.4307,1788883590.4855,6,610.43,23651.23,24261.65,230.1,25380.1,37873.4,0.0,19371.791,1621.186,307.667,4799:12;4822:5959;4823:6067;4824:5966;4825:5647
725.5347,1788883590.5895,6,610.43,23777.38,24387.80,157.9,25474.9,37778.6,0.0,19381.622,1621.222,307.667,4799:12;4822:5964;4823:6109;4824:5972;4825:5720
725.6428,1788883590.6976,6,610.44,24175.68,24786.12,1456.2,25832.9,37420.6,0.0,19381.622,1621.223,307.667,4799:12;4822:6073;4823:6167;4824:6152;4825:5771
725.7500,1788883590.8049,6,610.48,24332.23,24942.71,1310.9,26053.5,37200.0,0.0,19381.622,1621.223,307.667,4799:12;4822:6048;4823:6253;4824:6266;4825:5753
725.8574,1788883590.9122,6,610.51,24844.77,25455.29,1382.8,26621.0,36632.5,0.0,19381.622,1621.223,307.667,4799:12;4822:6108;4823:6283;4824:6518;4825:5923
725.9647,1788883591.0195,6,610.55,24856.75,25467.30,1318.3,26796.9,36456.6,0.0,19381.624,1621.224,307.667,4799:12;4822:6184;4823:6285;4824:6488;4825:5888
726.0705,1788883591.1253,6,610.58,25008.10,25618.68,1388.5,27003.6,36249.9,0.0,19381.624,1621.224,307.667,4799:12;4822:6420;4823:6400;4824:6188;4825:5988
726.1772,1788883591.2320,6,610.70,25087.41,25698.11,1318.2,27036.3,36217.2,0.0,19381.625,1621.226,307.667,4799:12;4822:6462;4823:6289;4824:6276;4825:6049
726.2842,1788883591.3390,6,610.74,25001.09,25611.83,1040.8,26975.5,36278.0,0.0,19381.625,1621.226,307.667,4799:12;4822:6496;4823:6153;4824:6232;4825:6107
726.3908,1788883591.4456,6,610.75,25241.58,25852.33,1233.3,27305.1,35948.4,0.0,19381.625,1621.226,307.667,4799:12;4822:6588;4823:6211;4824:6312;4825:6119
726.4979,1788883591.5527,6,610.79,25407.83,26018.61,1242.4,27569.1,35684.4,0.0,19381.625,1621.226,307.667,4799:12;4822:6653;4823:6312;4824:6234;4825:6195
726.6041,1788883591.6589,6,610.88,24984.15,25595.02,948.6,27265.2,35988.2,0.0,19381.625,1621.226,307.667,4799:12;4822:6699;4823:6189;4824:6223;4825:5861
726.7082,1788883591.7630,6,610.96,25370.70,25981.66,793.3,27622.5,35630.9,0.0,19381.625,1621.226,307.667,4799:12;4822:7008;4823:6233;4824:6243;4825:5875
726.8150,1788883591.8699,6,610.98,25289.88,25900.86,745.3,27751.9,35501.6,0.0,19381.627,1621.228,307.667,4799:12;4822:6822;4823:6194;4824:6250;4825:6012
726.9269,1788883591.9817,6,611.01,25571.72,26182.73,1311.0,28053.4,35200.1,0.0,19381.627,1621.228,307.667,4799:12;4822:6956;4823:6134;4824:6218;4825:6252
727.0330,1788883592.0878,6,611.02,25789.61,26400.63,1070.6,28312.0,34941.4,0.0,19381.628,1621.228,307.667,4799:12;4822:6987;4823:6124;4824:6348;4825:6318
727.1374,1788883592.1922,6,611.05,25116.41,25727.46,1066.4,27689.4,35564.0,0.0,19381.628,1621.229,307.667,4799:12;4822:6624;4823:6048;4824:6398;4825:6034
727.2440,1788883592.2989,6,611.11,25345.50,25956.62,1422.0,27866.2,35387.3,0.0,19381.628,1621.229,307.667,4799:12;4822:7030;4823:6022;4824:6352;4825:5930
727.3703,1788883592.4251,6,611.13,24889.64,25500.77,1158.8,27666.1,35587.3,0.0,19381.628,1621.229,307.667,4799:12;4822:6935;4823:6084;4824:6103;4825:5755
727.4794,1788883592.5342,6,611.21,24631.27,25242.49,1312.3,27625.2,35628.3,0.0,19381.628,1621.230,307.667,4799:12;4822:6762;4823:6079;4824:6067;4825:5710
727.5871,1788883592.6419,6,611.33,24188.46,24799.79,1227.6,27062.2,36191.2,0.0,19381.630,1621.230,307.667,4799:12;4822:6840;4823:5785;4824:5918;4825:5633
727.6936,1788883592.7484,6,611.48,23751.24,24362.73,946.1,26768.7,36484.8,0.0,19381.631,1621.231,307.667,4799:12;4822:6566;4823:5723;4824:5856;4825:5594
727.8009,1788883592.8557,6,611.54,24008.68,24620.22,1396.4,26899.9,36353.6,0.0,19381.631,1621.231,307.667,4799:12;4822:6593;4823:5795;4824:5955;4825:5653
727.9085,1788883592.9633,6,611.57,23734.43,24346.00,1325.9,26953.1,36300.3,0.0,19381.631,1621.231,307.667,4799:12;4822:6503;4823:5680;4824:5991;4825:5548
728.0155,1788883593.0703,6,611.61,23638.77,24250.38,1310.3,26908.3,36345.2,0.0,19381.631,1621.231,307.667,4799:12;4822:6354;4823:5927;4824:5819;4825:5526
728.1205,1788883593.1753,6,611.66,23477.47,24089.13,1000.5,26871.6,36381.9,0.0,19381.631,1621.231,307.667,4799:12;4822:6015;4823:6063;4824:5910;4825:5477
728.2256,1788883593.2805,6,611.70,22654.94,23266.64,965.1,26019.8,37233.7,0.0,19381.900,1621.295,307.667,4799:12;4822:5770;4823:5753;4824:5721;4825:5399
728.3313,1788883593.3861,6,611.71,22821.90,23433.61,488.4,26118.7,37134.7,0.0,19382.425,1621.434,307.667,4799:12;4822:5941;4823:5761;4824:5693;4825:5415
728.4354,1788883593.4903,6,611.71,22768.13,23379.84,480.2,26212.8,37040.7,0.0,19383.185,1621.518,307.667,4799:12;4822:5835;4823:5651;4824:5694;4825:5576
728.5419,1788883593.5967,6,611.71,23123.02,23734.72,477.2,26381.8,36871.7,0.0,19385.284,1621.631,307.667,4799:12;4822:6039;4823:5657;4824:5699;4825:5716
728.6467,1788883593.7015,6,611.79,22664.71,23276.49,526.5,26495.7,36757.8,0.0,19388.005,1621.739,307.667,4799:12;4822:5879;4823:5554;4824:5699;4825:5521
728.7528,1788883593.8076,6,611.79,22632.58,23244.36,365.3,26471.4,36782.1,0.0,19388.507,1621.856,307.667,4799:12;4822:5831;4823:5558;4824:5703;4825:5529
728.8568,1788883593.9116,6,611.79,22466.85,23078.63,336.4,26539.3,36714.2,0.0,19391.608,1621.965,307.667,4799:12;4822:5657;4823:5561;4824:5703;4825:5533
728.9608,1788883594.0157,6,611.79,22482.06,23093.85,211.6,26532.4,36721.1,0.0,19392.099,1622.037,307.667,4799:12;4822:5661;4823:5566;4824:5710;4825:5533
729.0648,1788883594.1196,6,611.79,22490.76,23102.54,125.0,26493.0,36760.5,0.0,19392.349,1622.103,307.667,4799:12;4822:5661;4823:5572;4824:5711;4825:5535
729.1688,1788883594.2236,6,611.79,22490.06,23101.86,134.5,26486.3,36767.1,0.0,19395.100,1622.132,307.667,4799:12;4822:5663;4823:5571;4824:5709;4825:5535
729.2729,1788883594.3277,6,611.79,22497.00,23108.79,38.4,26486.3,36767.1,0.0,19395.304,1622.176,307.667,4799:12;4822:5663;4823:5572;4824:5713;4825:5537
729.3769,1788883594.4317,6,611.79,22502.06,23113.86,86.6,26498.3,36755.1,0.0,19398.063,1622.197,307.667,4799:12;4822:5665;4823:5575;4824:5713;4825:5537
729.4809,1788883594.5357,6,611.79,22512.36,23124.16,76.9,26498.3,36755.1,0.0,19399.692,1622.254,307.667,4799:12;4822:5667;4823:5578;4824:5717;4825:5539
729.5849,1788883594.6397,6,611.79,22521.06,23132.86,48.1,26498.3,36755.1,0.0,19401.275,1622.309,307.667,4799:12;4822:5667;4823:5580;4824:5721;4825:5541
729.6888,1788883594.7437,6,611.83,22521.06,23132.89,28.8,26498.1,36755.4,0.0,19401.287,1622.311,307.667,4799:12;4822:5667;4823:5580;4824:5721;4825:5541
729.7928,1788883594.8476,6,611.83,22522.33,23134.16,77.0,26510.1,36743.4,0.0,19403.999,1622.336,307.667,4799:12;4822:5669;4823:5581;4824:5719;4825:5541
729.8968,1788883594.9516,6,611.83,22527.57,23139.40,77.0,26510.1,36743.4,0.0,19404.205,1622.384,307.667,4799:12;4822:5669;4823:5582;4824:5723;4825:5541
730.0007,1788883595.0555,6,611.83,22567.80,23179.63,105.6,26474.7,36778.8,0.0,19407.031,1622.439,307.667,4799:12;4822:5703;4823:5583;4824:5726;4825:5543
730.1048,1788883595.1596,6,611.84,22580.92,23192.77,220.5,26403.0,36850.4,0.0,19408.582,1622.467,307.667,4799:12;4822:5691;4823:5583;4824:5726;4825:5568
730.2092,1788883595.2640,6,611.88,22717.77,23329.65,701.1,26373.8,36879.7,0.0,19410.165,1622.532,307.667,4799:12;4822:5699;4823:5572;4824:5755;4825:5680
730.3147,1788883595.3695,6,611.91,22636.04,23247.95,556.6,26314.8,36938.7,0.0,19410.573,1622.622,307.667,4799:12;4822:5695;4823:5568;4824:5749;4825:5612
730.4192,1788883595.4740,6,611.91,22661.77,23273.68,278.0,26323.0,36930.4,0.0,19413.145,1622.786,307.667,4799:12;4822:5709;4823:5569;4824:5751;4825:5620
730.5233,1788883595.5781,6,611.91,22677.69,23289.61,228.7,26339.0,36914.4,0.0,19414.106,1622.866,307.667,4799:12;4822:5725;4823:5570;4824:5753;4825:5618
730.6285,1788883595.6833,6,611.91,22703.22,23315.14,210.9,26347.3,36906.2,0.0,19414.577,1622.981,307.667,4799:12;4822:5740;4823:5572;4824:5755;4825:5624
730.7325,1788883595.7874,6,611.92,22725.92,23337.84,297.6,26347.3,36906.2,0.0,19417.664,1623.123,307.667,4799:12;4822:5750;4823:5573;4824:5757;4825:5634
730.8367,1788883595.8915,6,611.92,22732.45,23344.36,211.5,26351.3,36902.2,0.0,19419.446,1623.185,307.667,4799:12;4822:5755;4823:5574;4824:5757;4825:5635
730.9407,1788883595.9955,6,611.92,22740.47,23352.39,105.7,26359.3,36894.2,0.0,19420.652,1623.253,307.667,4799:12;4822:5755;4823:5575;4824:5760;4825:5638
731.0447,1788883596.0995,6,611.92,22752.90,23364.82,124.9,26346.1,36907.4,0.0,19423.231,1623.290,307.667,4799:12;4822:5757;4823:5576;4824:5763;4825:5644
731.1487,1788883596.2035,6,611.92,22750.93,23362.85,67.2,26346.1,36907.4,0.0,19423.419,1623.325,307.667,4799:12;4822:5756;4823:5576;4824:5763;4825:5643
731.2528,1788883596.3076,6,611.92,22759.82,23371.74,76.9,26350.1,36903.4,0.0,19425.592,1623.362,307.667,4799:12;4822:5757;4823:5578;4824:5766;4825:5646
731.3567,1788883596.4115,6,611.92,22764.49,23376.41,48.0,26354.1,36899.4,0.0,19426.108,1623.404,307.667,4799:12;4822:5759;4823:5579;4824:5767;4825:5647
731.4607,1788883596.5155,6,611.92,22768.02,23379.94,67.3,26354.1,36899.4,0.0,19427.587,1623.421,307.667,4799:12;4822:5760;4823:5580;4824:5768;4825:5647
731.5646,1788883596.6194,6,611.92,22778.72,23390.64,115.4,26358.1,36895.4,0.0,19429.816,1623.477,307.667,4799:12;4822:5760;4823:5582;4824:5773;4825:5651
731.6686,1788883596.7234,6,611.96,22784.20,23396.15,86.4,26362.1,36891.4,0.0,19432.246,1623.512,307.667,4799:12;4822:5760;4823:5583;4824:5776;4825:5653
731.7727,1788883596.8275,6,611.96,22788.10,23400.05,48.0,26362.1,36891.4,0.0,19435.173,1623.557,307.667,4799:12;4822:5761;4823:5584;4824:5776;4825:5655
731.8768,1788883596.9316,6,611.96,22797.82,23409.78,86.4,26362.1,36891.4,0.0,19435.425,1623.609,307.667,4799:12;4822:5762;4823:5585;4824:5779;4825:5659
731.9808,1788883597.0356,6,611.96,22794.54,23406.50,105.8,26325.6,36927.9,0.0,19438.409,1623.630,307.667,4799:12;4822:5763;4823:5584;4824:5778;4825:5657
732.0848,1788883597.1396,6,611.96,22846.90,23458.86,96.0,26319.5,36933.9,0.0,19438.637,1623.694,307.667,4799:12;4822:5769;4823:5620;4824:5780;4825:5666
732.1890,1788883597.2438,6,611.96,23100.50,23712.46,468.0,26441.9,36811.6,0.0,19441.561,1623.769,307.667,4799:12;4822:5916;4823:5605;4824:5798;4825:5769
732.2962,1788883597.3510,6,612.00,23043.81,23655.81,717.7,26338.8,36914.7,0.0,19441.940,1623.824,307.667,4799:12;4822:5881;4823:5600;4824:5848;4825:5702
732.4004,1788883597.4552,6,612.02,22913.98,23526.01,336.2,26244.6,37008.9,0.0,19442.241,1623.901,307.667,4799:12;4822:5797;4823:5609;4824:5785;4825:5711
732.5044,1788883597.5592,6,612.02,22939.46,23551.48,317.2,26260.9,36992.6,0.0,19442.768,1624.056,307.667,4799:12;4822:5799;4823:5623;4824:5789;4825:5717
732.6084,1788883597.6632,6,612.02,22962.73,23574.75,240.4,26273.3,36980.2,0.0,19445.632,1624.139,307.667,4799:12;4822:5799;4823:5642;4824:5789;4825:5721
732.7124,1788883597.7672,6,612.03,22978.17,23590.20,230.5,26289.3,36964.2,0.0,19446.128,1624.258,307.667,4799:12;4822:5799;4823:5649;4824:5793;4825:5725
732.8165,1788883597.8713,6,612.03,23010.03,23622.05,240.4,26293.8,36959.7,0.0,19449.345,1624.353,307.667,4799:12;4822:5801;4823:5666;4824:5795;4825:5736
732.9205,1788883597.9753,6,612.03,23001.06,23613.09,197.4,26297.8,36955.7,0.0,19449.764,1624.427,307.667,4799:12;4822:5801;4823:5666;4824:5791;4825:5731
733.0271,1788883598.0820,6,612.03,23012.58,23624.61,105.6,26279.4,36974.1,0.0,19452.180,1624.481,307.667,4799:12;4822:5803;4823:5664;4824:5796;4825:5738
733.1311,1788883598.1860,6,612.04,23020.52,23632.56,86.5,26285.3,36968.1,0.0,19452.744,1624.534,307.667,4799:12;4822:5805;4823:5664;4824:5802;4825:5738
733.2352,1788883598.2900,6,612.04,23025.16,23637.20,38.4,26285.6,36967.9,0.0,19455.510,1624.561,307.667,4799:12;4822:5805;4823:5664;4824:5803;4825:5740
733.3392,1788883598.3940,6,612.04,23028.78,23640.81,96.2,26293.6,36959.9,0.0,19455.710,1624.600,307.667,4799:12;4822:5807;4823:5666;4824:5803;4825:5741
733.4431,1788883598.4980,6,612.04,23037.82,23649.86,105.8,26290.0,36963.5,0.0,19458.633,1624.659,307.667,4799:12;4822:5807;4823:5666;4824:5807;4825:5746
733.5471,1788883598.6019,6,612.04,23043.41,23655.45,77.0,26293.7,36959.8,0.0,19461.449,1624.680,307.667,4799:12;4822:5809;4823:5668;4824:5805;4825:5750
733.6510,1788883598.7058,6,612.07,23050.18,23662.25,57.6,26294.0,36959.5,0.0,19461.649,1624.725,307.667,4799:12;4822:5809;4823:5668;4824:5809;4825:5752
733.7549,1788883598.8097,6,612.07,23052.53,23664.61,67.3,26306.2,36947.3,0.0,19464.441,1624.748,307.667,4799:12;4822:5811;4823:5670;4824:5809;4825:5751
733.8589,1788883598.9137,6,612.07,23059.60,23671.68,28.8,26306.2,36947.3,0.0,19464.641,1624.792,307.667,4799:12;4822:5811;4823:5670;4824:5813;4825:5754
733.9628,1788883599.0176,6,612.07,23065.46,23677.54,105.8,26310.0,36943.5,0.0,19467.463,1624.811,307.667,4799:12;4822:5813;4823:5670;4824:5815;4825:5755
734.0667,1788883599.1215,6,612.07,23069.20,23681.27,9.6,26263.0,36990.5,0.0,19467.595,1624.842,307.667,4799:12;4822:5813;4823:5670;4824:5817;4825:5757
734.1705,1788883599.2254,6,612.07,23073.23,23685.30,38.5,26262.6,36990.9,0.0,19470.380,1624.870,307.667,4799:12;4822:5813;4823:5672;4824:5817;4825:5758
734.2744,1788883599.3292,6,612.07,23070.09,23682.16,67.5,26263.1,36990.4,0.0,19470.618,1624.881,307.667,4799:12;4822:5814;4823:5672;4824:5815;4825:5757
734.3783,1788883599.4331,6,612.07,23105.61,23717.69,76.8,26245.7,37007.8,0.0,19470.944,1624.926,307.667,4799:12;4822:5815;4823:5682;4824:5836;4825:5760
734.4825,1788883599.5373,6,612.08,23317.66,23929.74,519.8,26359.1,36894.4,0.0,19473.485,1624.935,307.667,4799:12;4822:5896;4823:5777;4824:5810;4825:5823
734.5906,1788883599.6454,6,612.14,23153.86,23765.99,580.6,26046.7,37206.8,0.0,19473.694,1624.967,307.667,4799:12;4822:5851;4823:5711;4824:5824;4825:5756
734.6971,1788883599.7519,6,612.17,23165.32,23777.49,220.8,26046.2,37207.2,0.0,19473.960,1625.065,307.667,4799:12;4822:5855;4823:5713;4824:5821;4825:5764
734.8010,1788883599.8558,6,612.17,23179.44,23791.61,173.2,26062.2,37191.2,0.0,19474.354,1625.141,307.667,4799:12;4822:5857;4823:5717;4824:5827;4825:5767
734.9050,1788883599.9598,6,612.17,23196.44,23808.61,163.5,26070.2,37183.2,0.0,19474.700,1625.210,307.667,4799:12;4822:5862;4823:5719;4824:5833;4825:5770
735.0089,1788883600.0637,6,612.17,23203.87,23816.04,173.3,26068.4,37185.0,0.0,19475.129,1625.278,307.667,4799:12;4822:5861;4823:5722;4824:5835;4825:5774
735.1128,1788883600.1676,6,612.17,23230.16,23842.32,173.3,26069.8,37183.7,0.0,19475.537,1625.359,307.667,4799:12;4822:5865;4823:5725;4824:5843;4825:5785
735.2166,1788883600.2714,6,612.17,23235.86,23848.03,125.3,26085.8,37167.7,0.0,19475.899,1625.438,307.667,4799:12;4822:5867;4823:5727;4824:5845;4825:5784
735.3204,1788883600.3753,6,612.17,23247.05,23859.22,163.5,26085.8,37167.7,0.0,19476.389,1625.496,307.667,4799:12;4822:5873;4823:5727;4824:5850;4825:5785
735.4244,1788883600.4792,6,612.18,23254.16,23866.34,96.2,26085.5,37167.9,0.0,19476.444,1625.516,307.667,4799:12;4822:5871;4823:5731;4824:5852;4825:5788
735.5284,1788883600.5832,6,612.18,23265.42,23877.60,105.8,26085.5,37167.9,0.0,19476.650,1625.561,307.667,4799:12;4822:5873;4823:5732;4824:5854;4825:5794
735.6324,1788883600.6872,6,612.18,23266.47,23878.65,19.0,26089.5,37163.9,0.0,19479.170,1625.576,307.667,4799:12;4822:5874;4823:5733;4824:5856;4825:5791
735.7373,1788883600.7921,6,612.20,23282.62,23894.82,144.0,26101.7,37151.8,0.0,19481.904,1625.646,307.667,4799:12;4822:5879;4823:5736;4824:5861;4825:5795
735.8413,1788883600.8961,6,612.20,23281.71,23893.91,67.3,26101.7,37151.8,0.0,19482.463,1625.677,307.667,4799:12;4822:5877;4823:5736;4824:5860;4825:5796
735.9453,1788883601.0001,6,612.20,23292.34,23904.54,38.4,26101.7,37151.8,0.0,19485.641,1625.716,307.667,4799:12;4822:5881;4823:5738;4824:5863;4825:5799
736.0493,1788883601.1041,6,612.20,23292.29,23904.49,105.9,26096.0,37157.4,0.0,19485.930,1625.728,307.667,4799:12;4822:5877;4823:5738;4824:5865;4825:5800
736.1532,1788883601.2080,6,612.20,23303.83,23916.03,28.9,26080.4,37173.1,0.0,19486.139,1625.775,307.667,4799:12;4822:5879;4823:5738;4824:5868;4825:5806
736.2570,1788883601.3118,6,612.20,23306.41,23918.61,57.8,26085.5,37168.0,0.0,19488.878,1625.811,307.667,4799:12;4822:5881;4823:5740;4824:5871;4825:5802
736.3608,1788883601.4156,6,612.20,23307.34,23919.54,67.4,26081.9,37171.6,0.0,19489.004,1625.845,307.667,4799:12;4822:5881;4823:5740;4824:5869;4825:5805
736.4646,1788883601.5195,6,612.20,23310.43,23922.63,57.7,26089.9,37163.6,0.0,19491.841,1625.865,307.667,4799:12;4822:5881;4823:5741;4824:5870;4825:5806
736.5686,1788883601.6234,6,612.20,23319.39,23931.59,38.4,26089.9,37163.6,0.0,19492.053,1625.912,307.667,4799:12;4822:5883;4823:5742;4824:5873;4825:5809
736.6725,1788883601.7273,6,612.20,23321.63,23933.84,105.9,26098.0,37155.4,0.0,19495.013,1625.933,307.667,4799:12;4822:5883;4823:5744;4824:5872;4825:5810
736.7765,1788883601.8313,6,612.20,23329.20,23941.40,67.3,26102.0,37151.4,0.0,19495.220,1625.982,307.667,4799:12;4822:5885;4823:5744;4824:5875;4825:5812
736.8805,1788883601.9353,6,612.20,23344.93,23957.14,96.2,26109.8,37143.6,0.0,19497.976,1626.050,307.667,4799:12;4822:5887;4823:5746;4824:5879;4825:5820
736.9844,1788883602.0392,6,612.20,23344.96,23957.16,86.6,26098.5,37155.0,0.0,19500.498,1626.082,307.667,4799:12;4822:5887;4823:5747;4824:5880;4825:5818
737.0883,1788883602.1431,6,612.20,23350.16,23962.36,48.1,26050.5,37203.0,0.0,19501.864,1626.121,307.667,4799:12;4822:5890;4823:5748;4824:5883;4825:5817
737.1922,1788883602.2470,6,612.20,23375.62,23987.82,96.1,26071.8,37181.6,0.0,19503.337,1626.180,307.667,4799:12;4822:5890;4823:5748;4824:5904;4825:5822
737.2963,1788883602.3511,6,612.24,23432.39,24044.63,362.7,26024.4,37229.1,0.0,19505.312,1626.188,307.667,4799:12;4822:5894;4823:5787;4824:5900;4825:5839
737.4010,1788883602.4558,6,612.31,23540.62,24152.93,580.5,26032.7,37220.8,0.0,19505.970,1626.219,307.667,4799:12;4822:5961;4823:5795;4824:5923;4825:5849
737.5062,1788883602.5610,6,612.33,23521.95,24134.28,470.8,26022.8,37230.7,0.0,19506.521,1626.361,307.667,4799:12;4822:5910;4823:5821;4824:5927;4825:5852
737.6102,1788883602.6650,6,612.33,23561.77,24174.10,499.4,26049.8,37203.6,0.0,19507.387,1626.560,307.667,4799:12;4822:5916;4823:5838;4824:5937;4825:5859
737.7143,1788883602.7691,6,612.36,23605.50,24217.86,465.3,26074.3,37179.2,0.0,19510.743,1626.749,307.667,4799:12;4822:5925;4823:5854;4824:5948;4825:5867
737.8196,1788883602.8744,6,612.36,23636.91,24249.26,393.6,26107.3,37146.2,0.0,19511.484,1626.882,307.667,4799:12;4822:5927;4823:5874;4824:5954;4825:5871
737.9238,1788883602.9786,6,612.36,23675.29,24287.65,509.3,26131.3,37122.2,0.0,19514.323,1627.076,307.667,4799:12;4822:5931;4823:5888;4824:5964;4825:5880
738.0279,1788883603.0827,6,612.36,23707.23,24319.59,480.2,26137.7,37115.8,0.0,19517.268,1627.261,307.667,4799:12;4822:5940;4823:5900;4824:5967;4825:5888
738.1321,1788883603.1869,6,612.36,23736.02,24348.38,393.6,26145.7,37107.8,0.0,19517.848,1627.394,307.667,4799:12;4822:5942;4823:5918;4824:5974;4825:5889
738.2362,1788883603.2910,6,612.37,23750.29,24362.65,336.4,26161.9,37091.5,0.0,19518.281,1627.512,307.667,4799:12;4822:5948;4823:5915;4824:5980;4825:5894
738.3402,1788883603.3951,6,612.37,23760.96,24373.32,259.5,26169.9,37083.5,0.0,19520.467,1627.618,307.667,4799:12;4822:5952;4823:5921;4824:5978;4825:5898
738.4443,1788883603.4991,6,612.37,23784.36,24396.73,220.8,26188.8,37064.7,0.0,19526.044,1627.688,307.667,4799:12;4822:5958;4823:5925;4824:5985;4825:5904
738.5484,1788883603.6032,6,612.37,23774.38,24386.74,38.4,26188.8,37064.7,0.0,19526.374,1627.709,307.667,4799:12;4822:5955;4823:5921;4824:5983;4825:5902
738.6525,1788883603.7073,6,612.41,23793.32,24405.73,124.4,26197.2,37056.3,0.0,19529.121,1627.802,307.667,4799:12;4822:5960;4823:5927;4824:5987;4825:5907
738.7569,1788883603.8117,6,612.41,23814.02,24426.43,192.2,26213.2,37040.3,0.0,19532.058,1627.903,307.667,4799:12;4822:5962;4823:5938;4824:5992;4825:5910
738.8610,1788883603.9158,6,612.41,23826.87,24439.28,115.3,26221.2,37032.3,0.0,19537.188,1627.958,307.667,4799:12;4822:5968;4823:5938;4824:5997;4825:5912
738.9650,1788883604.0198,6,612.41,23832.03,24444.44,144.1,26229.2,37024.3,0.0,19537.666,1628.058,307.667,4799:12;4822:5964;4823:5942;4824:5999;4825:5914
739.0691,1788883604.1239,6,612.41,23851.26,24463.67,144.1,26211.9,37041.6,0.0,19543.204,1628.123,307.667,4799:12;4822:5967;4823:5954;4824:6005;4825:5913
739.1731,1788883604.2280,6,612.41,23861.36,24473.77,125.1,26215.8,37037.6,0.0,19545.698,1628.182,307.667,4799:12;4822:5965;4823:5958;4824:6003;4825:5923
739.2770,1788883604.3318,6,612.41,23863.60,24476.01,173.2,26219.9,37033.5,0.0,19546.028,1628.261,307.667,4799:12;4822:5967;4823:5958;4824:6004;4825:5922
739.3810,1788883604.4358,6,612.41,23873.54,24485.95,125.1,26232.4,37021.1,0.0,19549.126,1628.331,307.667,4799:12;4822:5969;4823:5960;4824:6010;4825:5923
739.4849,1788883604.5397,6,612.41,24165.06,24777.47,421.4,26530.5,36723.0,0.0,19551.998,1628.388,307.667,4799:12;4822:6046;4823:5965;4824:6100;4825:6043
739.5895,1788883604.6443,6,612.50,23977.43,24589.93,816.1,26195.0,37058.4,0.0,19554.316,1628.429,307.667,4799:12;4822:5999;4823:5961;4824:6042;4825:5964
739.6935,1788883604.7483,6,612.50,24004.38,24616.88,422.7,26207.7,37045.7,0.0,19554.828,1628.582,307.667,4799:12;4822:6001;4823:5966;4824:6050;4825:5975
739.7976,1788883604.8524,6,612.50,24035.92,24648.42,490.2,26231.8,37021.7,0.0,19558.154,1628.766,307.667,4799:12;4822:6008;4823:5974;4824:6060;4825:5982
739.9016,1788883604.9564,6,612.50,24079.65,24692.15,250.0,26252.0,37001.5,0.0,19561.264,1628.873,307.667,4799:12;4822:6016;4823:5979;4824:6066;4825:6007
740.0056,1788883605.0604,6,612.50,24184.76,24797.26,316.8,26363.1,36890.4,0.0,19561.678,1628.963,307.667,4799:12;4822:6020;4823:6043;4824:6101;4825:6008
740.1098,1788883605.1646,6,612.53,24203.40,24815.93,821.4,26449.3,36804.2,0.0,19564.517,1629.055,307.667,4799:12;4822:6052;4823:5985;4824:6124;4825:6030
740.2147,1788883605.2695,6,612.60,24280.10,24892.70,953.3,26502.3,36751.1,0.0,19564.715,1629.132,307.667,4799:12;4822:6075;4823:6061;4824:6090;4825:6042
740.3207,1788883605.3755,6,612.71,24245.80,24858.51,440.9,26467.0,36786.5,0.0,19564.991,1629.213,307.667,4799:12;4822:6094;4823:6003;4824:6098;4825:6038
740.4247,1788883605.4795,6,612.71,24263.17,24875.89,288.3,26469.0,36784.5,0.0,19565.682,1629.350,307.667,4799:12;4822:6101;4823:6005;4824:6100;4825:6045
740.5288,1788883605.5836,6,612.71,24275.96,24888.67,211.5,26491.0,36762.5,0.0,19572.544,1629.394,307.667,4799:12;4822:6109;4823:6011;4824:6103;4825:6041
740.6328,1788883605.6876,6,612.71,24277.65,24890.36,181.7,26491.4,36762.1,0.0,19572.905,1629.495,307.667,4799:12;4822:6113;4823:6007;4824:6102;4825:6043
740.7373,1788883605.7921,6,612.80,24280.00,24892.80,28.8,26491.6,36761.9,0.0,19573.577,1629.508,307.667,4799:12;4822:6113;4823:6008;4824:6104;4825:6044
740.8413,1788883605.8961,6,612.80,24278.47,24891.27,240.4,26504.7,36748.8,0.0,19579.928,1629.546,307.667,4799:12;4822:6112;4823:6008;4824:6103;4825:6043
740.9453,1788883606.0001,6,612.80,24294.54,24907.34,67.4,26504.7,36748.8,0.0,19580.549,1629.624,307.667,4799:12;4822:6117;4823:6010;4824:6108;4825:6048
741.0492,1788883606.1040,6,612.82,24399.04,25011.86,512.5,26516.4,36737.1,0.0,19587.252,1629.658,307.667,4799:12;4822:6191;4823:6011;4824:6107;4825:6077
741.1546,1788883606.2094,6,612.84,24354.57,24967.40,221.0,26632.3,36621.2,0.0,19587.460,1629.706,307.667,4799:12;4822:6175;4823:6016;4824:6110;4825:6042
741.2585,1788883606.3133,6,612.84,24365.32,24978.15,96.2,26632.3,36621.2,0.0,19589.009,1629.761,307.667,4799:12;4822:6175;4823:6018;4824:6114;4825:6046
741.3624,1788883606.4172,6,612.84,24378.29,24991.13,57.7,26632.3,36621.2,0.0,19591.892,1629.774,307.667,4799:12;4822:6177;4823:6022;4824:6119;4825:6049
741.4662,1788883606.5210,6,612.84,24373.00,24985.84,96.4,26640.3,36613.2,0.0,19592.088,1629.797,307.667,4799:12;4822:6177;4823:6020;4824:6116;4825:6047
741.5699,1788883606.6247,6,612.84,24376.93,24989.77,19.4,26644.3,36609.2,0.0,19592.100,1629.830,307.667,4799:12;4822:6179;4823:6020;4824:6118;4825:6048
741.6735,1788883606.7283,6,612.84,24381.81,24994.64,163.6,26644.6,36608.9,0.0,19595.055,1629.877,307.667,4799:12;4822:6179;4823:6022;4824:6120;4825:6048
741.7774,1788883606.8322,6,612.84,24396.34,25009.17,115.5,26648.6,36604.9,0.0,19597.707,1629.908,307.667,4799:12;4822:6181;4823:6022;4824:6126;4825:6055
741.8812,1788883606.9360,6,612.84,24397.52,25010.36,48.1,26652.6,36600.9,0.0,19597.908,1629.956,307.667,4799:12;4822:6181;4823:6024;4824:6126;4825:6054
741.9849,1788883607.0397,6,612.84,24408.05,25020.89,48.2,26660.4,36593.1,0.0,19600.525,1629.973,307.667,4799:12;4822:6183;4823:6024;4824:6130;4825:6058
742.0887,1788883607.1435,6,612.84,24410.23,25023.07,106.0,26653.3,36600.2,0.0,19600.732,1630.021,307.667,4799:12;4822:6183;4823:6026;4824:6130;4825:6058
742.1924,1788883607.2472,6,612.84,24417.50,25030.34,115.7,26653.7,36599.7,0.0,19603.877,1630.037,307.667,4799:12;4822:6184;4823:6025;4824:6134;4825:6062
742.2962,1788883607.3510,6,612.84,24415.64,25028.48,48.1,26646.1,36607.4,0.0,19604.074,1630.085,307.667,4799:12;4822:6185;4823:6027;4824:6133;4825:6059
742.3998,1788883607.4546,6,612.84,24416.34,25029.18,0.0,26646.1,36607.4,0.0,19604.714,1630.088,307.667,4799:12;4822:6185;4823:6027;4824:6133;4825:6059
742.5033,1788883607.5581,6,612.86,24633.53,25246.39,544.8,26860.7,36392.8,0.0,19606.810,1630.095,307.667,4799:12;4822:6224;4823:6075;4824:6192;4825:6131
742.6081,1788883607.6629,6,612.91,24566.38,25179.30,635.1,26690.1,36563.3,0.0,19607.144,1630.175,307.667,4799:12;4822:6237;4823:6082;4824:6141;4825:6093
742.7136,1788883607.7684,6,612.98,24566.39,25179.36,510.3,26712.0,36541.5,0.0,19607.900,1630.321,307.667,4799:12;4822:6209;4823:6053;4824:6193;4825:6099
742.8197,1788883607.8745,6,612.98,24618.46,25231.43,667.0,26735.7,36517.8,0.0,19608.737,1630.573,307.667,4799:12;4822:6219;4823:6067;4824:6209;4825:6111
742.9260,1788883607.9808,6,612.98,24676.41,25289.39,785.4,26754.9,36498.6,0.0,19616.780,1630.767,307.667,4799:12;4822:6225;4823:6084;4824:6234;4825:6121
743.0303,1788883608.0851,6,612.98,24709.83,25322.81,849.3,26766.8,36486.7,0.0,19618.476,1631.038,307.667,4799:12;4822:6234;4823:6089;4824:6244;4825:6131
743.1370,1788883608.1918,6,612.98,24769.90,25382.88,786.0,26793.8,36459.6,0.0,19625.816,1631.237,307.667,4799:12;4822:6250;4823:6103;4824:6263;4825:6142
743.2433,1788883608.2981,6,612.98,24776.34,25389.32,901.4,26842.3,36411.2,0.0,19626.694,1631.447,307.667,4799:12;4822:6247;4823:6101;4824:6280;4825:6136
743.3474,1788883608.4022,6,612.98,24838.76,25451.73,736.1,26868.2,36385.2,0.0,19629.981,1631.765,307.667,4799:12;4822:6260;4823:6118;4824:6298;4825:6151
743.4536,1788883608.5084,6,612.98,24853.52,25466.50,938.9,26880.6,36372.9,0.0,19634.122,1631.964,307.667,4799:12;4822:6264;4823:6122;4824:6304;4825:6152
743.5600,1788883608.6148,6,612.98,24869.43,25482.41,508.6,26900.6,36352.9,0.0,19635.544,1632.173,307.667,4799:12;4822:6265;4823:6116;4824:6324;4825:6152
743.6640,1788883608.7188,6,613.02,24893.43,25506.45,548.0,26912.6,36340.9,0.0,19641.521,1632.290,307.667,4799:12;4822:6265;4823:6125;4824:6334;4825:6157
743.7680,1788883608.8228,6,613.02,24886.16,25499.18,269.3,26916.6,36336.9,0.0,19641.889,1632.380,307.667,4799:12;4822:6272;4823:6122;4824:6322;4825:6158
743.8720,1788883608.9268,6,613.02,24889.82,25502.84,269.4,26940.9,36312.6,0.0,19648.669,1632.444,307.667,4799:12;4822:6273;4823:6123;4824:6326;4825:6156
743.9759,1788883609.0308,6,613.02,24909.46,25522.48,105.6,26937.4,36316.1,0.0,19648.998,1632.534,307.667,4799:12;4822:6277;4823:6128;4824:6330;4825:6162
744.0801,1788883609.1349,6,613.02,24912.93,25525.94,240.4,26936.5,36317.0,0.0,19652.388,1632.588,307.667,4799:12;4822:6277;4823:6130;4824:6334;4825:6160
744.1841,1788883609.2389,6,613.02,24926.66,25539.68,125.0,26934.8,36318.7,0.0,19653.448,1632.682,307.667,4799:12;4822:6281;4823:6134;4824:6333;4825:6166
744.2880,1788883609.3428,6,613.03,24968.56,25581.59,123.6,26955.1,36298.4,0.0,19659.989,1632.732,307.667,4799:12;4822:6292;4823:6147;4824:6342;4825:6175
744.3934,1788883609.4482,6,613.03,24965.35,25578.38,335.6,26967.0,36286.5,0.0,19660.430,1632.826,307.667,4799:12;4822:6290;4823:6142;4824:6351;4825:6170
744.4974,1788883609.5522,6,613.03,25004.84,25617.87,220.6,26967.2,36286.2,0.0,19667.966,1632.933,307.667,4799:12;4822:6298;4823:6156;4824:6359;4825:6180
744.6017,1788883609.6565,6,613.03,24990.54,25603.57,373.2,27003.2,36250.3,0.0,19674.896,1633.015,307.667,4799:12;4822:6294;4823:6151;4824:6354;4825:6179
744.7062,1788883609.7610,6,613.03,25047.90,25660.93,179.4,27003.4,36250.1,0.0,19686.309,1633.171,307.667,4799:12;4822:6302;4823:6166;4824:6372;4825:6196
744.8124,1788883609.8672,6,613.03,25007.21,25620.24,393.2,27019.1,36234.3,0.0,19690.138,1633.226,307.667,4799:12;4822:6298;4823:6156;4824:6361;4825:6180
744.9164,1788883609.9712,6,613.03,25038.56,25651.59,134.8,27019.1,36234.3,0.0,19690.769,1633.383,307.667,4799:12;4822:6305;4823:6165;4824:6369;4825:6188
745.0204,1788883610.0752,6,613.03,25439.47,26052.50,889.7,27360.1,35893.4,0.0,19704.409,1633.442,307.667,4799:12;4822:6412;4823:6282;4824:6375;4825:6359
745.1249,1788883610.1798,6,613.14,25184.21,25797.35,1244.0,26959.6,36293.9,0.0,19704.729,1633.530,307.667,4799:12;4822:6349;4823:6244;4824:6373;4825:6207
745.2313,1788883610.2861,6,613.29,25141.52,25754.82,767.1,26986.6,36266.9,0.0,19712.409,1633.575,307.667,4799:12;4822:6349;4823:6221;4824:6362;4825:6197
745.3353,1788883610.3901,6,613.29,25153.66,25766.95,86.6,26983.0,36270.5,0.0,19712.691,1633.648,307.667,4799:12;4822:6350;4823:6220;4824:6372;4825:6199
745.4392,1788883610.4940,6,613.29,25156.92,25770.21,163.5,26986.9,36266.5,0.0,19719.352,1633.700,307.667,4799:12;4822:6351;4823:6224;4824:6370;4825:6199
745.5432,1788883610.5980,6,613.29,25165.60,25778.89,86.6,26986.9,36266.5,0.0,19719.889,1633.769,307.667,4799:12;4822:6352;4823:6224;4824:6375;4825:6201
745.6470,1788883610.7018,6,613.29,25169.00,25782.29,19.2,26986.9,36266.5,0.0,19720.958,1633.793,307.667,4799:12;4822:6352;4823:6224;4824:6379;4825:6201
745.7510,1788883610.8058,6,613.29,25169.20,25782.49,221.4,27006.6,36246.9,0.0,19726.657,1633.836,307.667,4799:12;4822:6353;4823:6225;4824:6378;4825:6201
745.8550,1788883610.9098,6,613.29,25184.61,25797.90,57.7,27006.6,36246.9,0.0,19726.977,1633.916,307.667,4799:12;4822:6355;4823:6228;4824:6386;4825:6203
745.9588,1788883611.0136,6,613.29,25185.96,25799.25,173.2,27006.6,36246.9,0.0,19732.992,1633.959,307.667,4799:12;4822:6355;4823:6228;4824:6388;4825:6203
746.0628,1788883611.1176,6,613.29,25190.50,25803.79,77.0,27006.6,36246.9,0.0,19734.040,1633.998,307.667,4799:12;4822:6355;4823:6227;4824:6394;4825:6203
746.1667,1788883611.2215,6,613.30,25202.02,25815.32,9.6,27006.6,36246.9,0.0,19734.688,1634.049,307.667,4799:12;4822:6357;4823:6230;4824:6398;4825:6205
746.2703,1788883611.3252,6,613.30,25201.45,25814.74,231.0,27022.3,36231.2,0.0,19742.683,1634.102,307.667,4799:12;4822:6357;4823:6231;4824:6397;4825:6205
746.3743,1788883611.4291,6,613.30,25217.38,25830.68,57.7,27022.3,36231.2,0.0,19743.005,1634.182,307.667,4799:12;4822:6359;4823:6234;4824:6405;4825:6207
746.4782,1788883611.5330,6,613.30,25222.39,25835.69,170.2,27022.5,36231.0,0.0,19749.538,1634.225,307.667,4799:12;4822:6363;4823:6237;4824:6404;4825:6206
746.5842,1788883611.6390,6,613.30,25218.92,25832.22,66.4,27022.5,36231.0,0.0,19749.845,1634.276,307.667,4799:12;4822:6357;4823:6236;4824:6405;4825:6208
746.6897,1788883611.7446,6,613.34,25336.03,25949.38,281.5,27083.1,36170.3,0.0,19757.199,1634.344,307.667,4799:12;4822:6364;4823:6244;4824:6510;4825:6206
746.7964,1788883611.8512,6,613.45,25618.66,26232.11,1015.7,27535.7,35717.8,0.0,19757.199,1634.344,307.667,4799:12;4822:6392;4823:6340;4824:6611;4825:6263
746.9037,1788883611.9585,6,613.59,25327.59,25941.18,1248.2,27499.6,35753.9,0.0,19757.199,1634.344,307.667,4799:12;4822:6417;4823:6287;4824:6376;4825:6236
747.0092,1788883612.0640,6,613.62,25325.73,25939.35,393.3,27521.9,35731.5,0.0,19757.651,1634.441,307.667,4799:12;4822:6416;4823:6303;4824:6340;4825:6255
747.1133,1788883612.1681,6,613.62,25302.11,25915.73,221.1,27524.5,35729.0,0.0,19757.671,1634.458,307.667,4799:12;4822:6410;4823:6299;4824:6336;4825:6244
747.2173,1788883612.2722,6,613.62,25321.14,25934.75,274.1,27540.1,35713.4,0.0,19758.598,1634.563,307.667,4799:12;4822:6415;4823:6307;4824:6336;4825:6250
747.3234,1788883612.3782,6,613.62,25352.43,25966.04,326.0,27552.1,35701.4,0.0,19759.329,1634.704,307.667,4799:12;4822:6428;4823:6311;4824:6343;4825:6258
747.4274,1788883612.4822,6,613.62,25369.39,25983.00,288.0,27556.1,35697.4,0.0,19760.108,1634.819,307.667,4799:12;4822:6426;4823:6315;4824:6348;4825:6267
747.5316,1788883612.5864,6,613.62,25381.50,25995.12,317.2,27569.8,35683.7,0.0,19760.653,1634.920,307.667,4799:12;4822:6427;4823:6320;4824:6351;4825:6272
747.6356,1788883612.6904,6,613.62,25404.50,26018.12,355.8,27573.8,35679.7,0.0,19761.253,1635.026,307.667,4799:12;4822:6432;4823:6324;4824:6355;4825:6281
747.7396,1788883612.7944,6,613.62,25432.37,26045.99,298.0,27582.0,35671.5,0.0,19761.725,1635.137,307.667,4799:12;4822:6436;4823:6332;4824:6357;4825:6294
747.8436,1788883612.8984,6,613.62,25437.87,26051.49,343.4,27586.4,35667.1,0.0,19762.132,1635.249,307.667,4799:12;4822:6440;4823:6334;4824:6361;4825:6290
747.9487,1788883613.0035,6,613.63,25445.73,26059.36,229.8,27587.0,35666.4,0.0,19762.280,1635.300,307.667,4799:12;4822:6442;4823:6334;4824:6364;4825:6293
748.0528,1788883613.1076,6,613.63,25461.61,26075.24,163.4,27570.2,35683.3,0.0,19762.592,1635.376,307.667,4799:12;4822:6443;4823:6338;4824:6369;4825:6298
748.1569,1788883613.2117,6,613.63,25480.36,26093.99,75.4,27576.9,35676.6,0.0,19767.605,1635.399,307.667,4799:12;4822:6444;4823:6344;4824:6375;4825:6306
748.2631,1788883613.3179,6,613.63,25470.77,26084.41,208.2,27585.1,35668.4,0.0,19769.140,1635.460,307.667,4799:12;4822:6445;4823:6341;4824:6371;4825:6302
748.3688,1788883613.4236,6,613.63,25477.50,26091.13,9.6,27585.1,35668.4,0.0,19769.213,1635.495,307.667,4799:12;4822:6445;4823:6343;4824:6373;4825:6304
748.4728,1788883613.5276,6,613.63,25476.48,26090.11,201.9,27590.4,35663.1,0.0,19776.355,1635.538,307.667,4799:12;4822:6444;4823:6343;4824:6375;4825:6303
748.5768,1788883613.6317,6,613.63,25493.62,26107.25,76.9,27590.4,35663.1,0.0,19778.030,1635.623,307.667,4799:12;4822:6445;4823:6347;4824:6381;4825:6308
748.6809,1788883613.7357,6,613.67,25505.71,26119.38,228.6,27605.1,35648.4,0.0,19783.023,1635.703,307.667,4799:12;4822:6447;4823:6349;4824:6385;4825:6312
748.7858,1788883613.8406,6,613.67,25517.80,26131.47,124.2,27605.8,35647.7,0.0,19789.091,1635.755,307.667,4799:12;4822:6447;4823:6356;4824:6387;4825:6316
748.8905,1788883613.9453,6,613.67,25519.44,26133.11,124.8,27613.8,35639.7,0.0,19789.755,1635.812,307.667,4799:12;4822:6448;4823:6355;4824:6388;4825:6317
748.9945,1788883614.0493,6,613.67,25526.07,26139.73,19.2,27593.2,35660.2,0.0,19789.893,1635.843,307.667,4799:12;4822:6449;4823:6355;4824:6389;4825:6320
749.0986,1788883614.1534,6,613.67,25532.27,26145.94,67.2,27589.4,35664.1,0.0,19791.836,1635.859,307.667,4799:12;4822:6449;4823:6355;4824:6391;4825:6325
749.2027,1788883614.2575,6,613.67,25528.65,26142.32,115.2,27596.3,35657.1,0.0,19796.879,1635.885,307.667,4799:12;4822:6450;4823:6355;4824:6391;4825:6321
749.3068,1788883614.3616,6,613.67,25543.93,26157.60,67.2,27596.3,35657.1,0.0,19797.293,1635.961,307.667,4799:12;4822:6451;4823:6359;4824:6395;4825:6326
749.4110,1788883614.4658,6,613.67,25542.65,26156.32,269.1,27602.6,35650.9,0.0,19803.934,1635.998,307.667,4799:12;4822:6452;4823:6359;4824:6395;4825:6325
749.5150,1788883614.5698,6,613.67,25558.65,26172.32,76.9,27602.7,35650.8,0.0,19804.248,1636.075,307.667,4799:12;4822:6453;4823:6363;4824:6400;4825:6331
749.6190,1788883614.6739,6,613.67,25561.16,26174.83,0.0,27602.7,35650.8,0.0,19806.906,1636.081,307.667,4799:12;4822:6453;4823:6364;4824:6401;4825:6331
749.7231,1788883614.7779,6,613.69,25558.78,26172.46,249.6,27622.4,35631.1,0.0,19811.303,1636.114,307.667,4799:12;4822:6454;4823:6363;4824:6399;4825:6331
749.8273,1788883614.8821,6,613.69,25574.06,26187.75,57.6,27622.4,35631.1,0.0,19811.616,1636.190,307.667,4799:12;4822:6455;4823:6367;4824:6404;4825:6336
749.9313,1788883614.9861,6,613.69,25576.78,26190.46,221.1,27614.5,35639.0,0.0,19818.433,1636.229,307.667,4799:12;4822:6456;4823:6367;4824:6405;4825:6337
750.0354,1788883615.0902,6,613.69,25592.78,26206.46,86.4,27594.0,35659.5,0.0,19818.745,1636.305,307.667,4799:12;4822:6457;4823:6371;4824:6410;4825:6343
750.1393,1788883615.1942,6,613.69,25598.45,26212.14,230.7,27594.4,35659.0,0.0,19825.582,1636.339,307.667,4799:12;4822:6461;4823:6374;4824:6412;4825:6339
750.2434,1788883615.2982,6,613.69,25600.03,26213.72,86.5,27594.4,35659.0,0.0,19825.895,1636.420,307.667,4799:12;4822:6458;4823:6373;4824:6412;4825:6345
750.3473,1788883615.4021,6,613.69,25673.09,26286.78,220.8,27627.5,35626.0,0.0,19832.789,1636.439,307.667,4799:12;4822:6458;4823:6381;4824:6449;4825:6372
750.4534,1788883615.5082,6,613.75,25971.20,26584.95,1182.4,27779.9,35473.6,0.0,19832.790,1636.440,307.667,4799:12;4822:6552;4823:6525;4824:6441;4825:6441
750.5634,1788883615.6182,6,613.92,25681.60,26295.52,1334.3,27563.9,35689.5,0.0,19832.790,1636.440,307.667,4799:12;4822:6499;4823:6418;4824:6379;4825:6373
750.6698,1788883615.7246,6,614.16,25640.43,26254.58,1260.0,27620.6,35632.9,0.0,19832.790,1636.440,307.667,4799:12;4822:6474;4823:6457;4824:6364;4825:6333
750.7762,1788883615.8310,6,614.28,25420.11,26034.38,1109.6,27572.2,35681.3,0.0,19832.790,1636.440,307.667,4799:12;4822:6303;4823:6485;4824:6316;4825:6304
750.8823,1788883615.9372,6,614.36,25166.00,25780.37,1126.1,27299.2,35954.2,0.0,19832.790,1636.440,307.667,4799:12;4822:6250;4823:6375;4824:6265;4825:6264
750.9873,1788883616.0421,6,614.45,24864.49,25478.94,888.1,27013.3,36240.2,0.0,19832.793,1636.442,307.667,4799:12;4822:6183;4823:6243;4824:6204;4825:6222
751.0942,1788883616.1490,6,614.55,24438.53,25053.08,680.7,26502.0,36751.5,0.0,19832.820,1636.469,307.667,4799:12;4822:6130;4823:5938;4824:6168;4825:6190
751.1983,1788883616.2531,6,614.55,24470.29,25084.85,374.8,26507.1,36746.4,0.0,19833.457,1636.593,307.667,4799:12;4822:6137;4823:5943;4824:6173;4825:6205
751.3023,1788883616.3571,6,614.55,24477.82,25092.37,355.7,26515.1,36738.4,0.0,19833.801,1636.714,307.667,4799:12;4822:6138;4823:5947;4824:6179;4825:6201
751.4064,1788883616.4612,6,614.55,24507.72,25122.28,288.4,26531.1,36722.4,0.0,19834.443,1636.817,307.667,4799:12;4822:6142;4823:5955;4824:6190;4825:6209
751.5104,1788883616.5652,6,614.55,24520.39,25134.95,346.1,26547.1,36706.4,0.0,19834.924,1636.943,307.667,4799:12;4822:6148;4823:5956;4824:6186;4825:6218
751.6144,1788883616.6692,6,614.55,24543.86,25158.41,278.8,26559.1,36694.4,0.0,19835.674,1637.075,307.667,4799:12;4822:6152;4823:5963;4824:6192;4825:6224
751.7184,1788883616.7732,6,614.65,24570.25,25184.90,345.5,26575.1,36678.4,0.0,19836.251,1637.193,307.667,4799:12;4822:6158;4823:5965;4824:6195;4825:6239
751.8226,1788883616.8774,6,614.65,24579.30,25193.96,345.9,26595.1,36658.4,0.0,19836.970,1637.302,307.667,4799:12;4822:6159;4823:5969;4824:6202;4825:6237
751.9266,1788883616.9814,6,614.65,24586.16,25200.82,317.1,26595.1,36658.4,0.0,19837.791,1637.403,307.667,4799:12;4822:6161;4823:5971;4824:6204;4825:6238
752.0307,1788883617.0855,6,614.66,24614.90,25229.57,374.8,26585.0,36668.5,0.0,19838.326,1637.499,307.667,4799:12;4822:6168;4823:5979;4824:6210;4825:6246
752.1347,1788883617.1895,6,614.67,24629.21,25243.88,326.9,26585.5,36668.0,0.0,19838.907,1637.655,307.667,4799:12;4822:6174;4823:5980;4824:6213;4825:6250
752.2388,1788883617.2936,6,614.67,24654.36,25269.03,182.5,26587.5,36666.0,0.0,19847.385,1637.691,307.667,4799:12;4822:6182;4823:5987;4824:6214;4825:6259
752.3428,1788883617.3976,6,614.67,24646.53,25261.20,163.5,26591.6,36661.8,0.0,19847.701,1637.779,307.667,4799:12;4822:6180;4823:5984;4824:6216;4825:6254
752.4468,1788883617.5016,6,614.67,24647.20,25261.87,182.7,26615.6,36637.8,0.0,19847.791,1637.798,307.667,4799:12;4822:6181;4823:5985;4824:6216;4825:6254
752.5508,1788883617.6056,6,614.67,24657.31,25271.98,47.5,26615.6,36637.8,0.0,19848.098,1637.838,307.667,4799:12;4822:6183;4823:5988;4824:6216;4825:6258
752.6568,1788883617.7116,6,614.69,24682.79,25297.48,94.0,26615.6,36637.8,0.0,19854.607,1637.903,307.667,4799:12;4822:6190;4823:5995;4824:6221;4825:6265
752.7630,1788883617.8178,6,614.69,24663.02,25277.71,143.9,26620.6,36632.8,0.0,19855.172,1637.930,307.667,4799:12;4822:6186;4823:5987;4824:6220;4825:6258
752.8671,1788883617.9219,6,614.69,24697.85,25312.54,113.3,26620.9,36632.6,0.0,19862.609,1638.036,307.667,4799:12;4822:6198;4823:5993;4824:6226;4825:6268
752.9733,1788883618.0281,6,614.69,24716.01,25330.70,376.0,26627.5,36626.0,0.0,19865.697,1638.149,307.667,4799:12;4822:6203;4823:5999;4824:6231;4825:6270
753.0796,1788883618.1344,6,614.69,24703.26,25317.95,121.8,26616.4,36637.1,0.0,19865.984,1638.187,307.667,4799:12;4822:6199;4823:5997;4824:6228;4825:6268
753.1864,1788883618.2412,6,614.69,24713.60,25328.29,9.6,26616.6,36636.9,0.0,19866.019,1638.241,307.667,4799:12;4822:6202;4823:5998;4824:6231;4825:6270
753.2904,1788883618.3453,6,614.69,24713.41,25328.10,250.0,26610.3,36643.1,0.0,19874.508,1638.290,307.667,4799:12;4822:6203;4823:5999;4824:6230;4825:6270
753.3945,1788883618.4493,6,614.69,24729.41,25344.10,57.6,26610.6,36642.9,0.0,19874.829,1638.371,307.667,4799:12;4822:6208;4823:6002;4824:6233;4825:6274
753.4985,1788883618.5533,6,614.69,24731.67,25346.36,182.4,26622.6,36630.9,0.0,19881.814,1638.410,307.667,4799:12;4822:6207;4823:6004;4824:6234;4825:6275
753.6027,1788883618.6575,6,614.69,24741.39,25356.08,95.2,26622.8,36630.6,0.0,19882.398,1638.477,307.667,4799:12;4822:6209;4823:6006;4824:6237;4825:6277
753.7077,1788883618.7625,6,614.69,24759.45,25374.14,211.5,26629.8,36623.7,0.0,19890.799,1638.539,307.667,4799:12;4822:6215;4823:6009;4824:6236;4825:6287
753.8117,1788883618.8665,6,614.69,24743.96,25358.65,86.3,26632.8,36620.7,0.0,19891.094,1638.553,307.667,4799:12;4822:6211;4823:6006;4824:6236;4825:6278
753.9162,1788883618.9710,6,614.69,24786.05,25400.74,114.0,26633.0,36620.5,0.0,19899.321,1638.656,307.667,4799:12;4822:6226;4823:6015;4824:6246;4825:6287
754.0217,1788883619.0765,6,614.69,24749.57,25364.26,181.8,26593.9,36659.5,0.0,19899.624,1638.674,307.667,4799:12;4822:6215;4823:6006;4824:6238;4825:6278
754.1259,1788883619.1807,6,614.69,24765.24,25379.93,57.6,26586.5,36667.0,0.0,19899.939,1638.751,307.667,4799:12;4822:6220;4823:6010;4824:6241;4825:6282
754.2301,1788883619.2849,6,614.70,25046.74,25661.44,422.2,26765.6,36487.9,0.0,19906.502,1638.782,307.667,4799:12;4822:6332;4823:6079;4824:6285;4825:6339
754.3400,1788883619.3949,6,614.77,25135.84,25750.61,1321.0,26818.9,36434.6,0.0,19906.502,1638.782,307.667,4799:12;4822:6296;4823:6065;4824:6392;4825:6370
754.4474,1788883619.5022,6,614.81,25502.27,26117.08,1309.1,27298.3,35955.2,0.0,19906.502,1638.782,307.667,4799:12;4822:6332;4823:6123;4824:6586;4825:6449
754.5553,1788883619.6101,6,614.87,25677.66,26292.53,1325.0,27586.7,35666.8,0.0,19906.502,1638.782,307.667,4799:12;4822:6469;4823:6128;4824:6549;4825:6519
754.6617,1788883619.7165,6,615.00,25765.11,26380.11,1204.5,27887.4,35366.1,0.0,19906.502,1638.782,307.667,4799:12;4822:6477;4823:6089;4824:6633;4825:6554
754.7703,1788883619.8251,6,615.09,25877.80,26492.89,1251.9,28033.8,35219.7,0.0,19906.502,1638.782,307.667,4799:12;4822:6516;4823:6044;4824:6584;4825:6722
754.8771,1788883619.9319,6,615.13,26107.23,26722.36,1420.8,28186.9,35066.6,0.0,19906.502,1638.782,307.667,4799:12;4822:6664;4823:6026;4824:6569;4825:6836
754.9874,1788883620.0423,6,615.16,26056.18,26671.34,1373.4,28242.5,35010.9,0.0,19906.502,1638.782,307.667,4799:12;4822:6699;4823:6040;4824:6748;4825:6558
755.1055,1788883620.1603,6,615.22,25218.05,25833.28,1182.2,27739.1,35514.3,0.0,19906.502,1638.782,307.667,4799:12;4822:6530;4823:5806;4824:6579;4825:6291
755.2098,1788883620.2646,6,615.30,24811.29,25426.59,958.6,27320.6,35932.9,0.0,19906.502,1638.782,307.667,4799:12;4822:6518;4823:5776;4824:6236;4825:6269
755.3164,1788883620.3712,6,615.37,24938.79,25554.16,1176.9,27275.4,35978.1,0.0,19906.502,1638.782,307.667,4799:12;4822:6753;4823:5695;4824:6239;4825:6239
755.4236,1788883620.4784,6,615.42,25186.92,25802.34,1213.1,27603.3,35650.2,0.0,19906.502,1638.782,307.667,4799:12;4822:6752;4823:5678;4824:6516;4825:6228
755.5307,1788883620.5855,6,615.49,24850.00,25465.49,1350.1,27565.7,35687.8,0.0,19906.502,1638.782,307.667,4799:12;4822:6770;4823:5570;4824:6275;4825:6222
755.6365,1788883620.6913,6,615.57,24351.74,24967.31,1246.0,27283.7,35969.8,0.0,19906.502,1638.782,307.667,4799:12;4822:6669;4823:5450;4824:6111;4825:6109
755.7426,1788883620.7974,6,615.76,23724.29,24340.05,889.0,27058.6,36194.9,0.0,19906.502,1638.782,307.667,4799:12;4822:6308;4823:5386;4824:5935;4825:6083
755.8469,1788883620.9017,6,615.80,23114.50,23730.30,364.9,26595.1,36658.3,0.0,19906.509,1638.795,307.667,4799:12;4822:5771;4823:5353;4824:5930;4825:6048
755.9510,1788883621.0058,6,615.80,23121.78,23737.58,76.9,26578.3,36675.2,0.0,19906.732,1638.846,307.667,4799:12;4822:5772;4823:5356;4824:5933;4825:6049
756.0549,1788883621.1097,6,615.82,23208.27,23824.09,337.8,26539.2,36714.3,0.0,19909.462,1638.854,307.667,4799:12;4822:5804;4823:5391;4824:5943;4825:6059
756.1620,1788883621.2168,6,615.99,24078.06,24694.05,1430.6,26721.8,36531.6,0.0,19909.462,1638.855,307.667,4799:12;4822:6051;4823:5655;4824:6192;4825:6168
756.2681,1788883621.3229,6,615.99,24364.53,24980.52,1401.3,27014.7,36238.8,0.0,19909.462,1638.855,307.667,4799:12;4822:6216;4823:5610;4824:6312;4825:6214
756.3736,1788883621.4284,6,616.00,24463.66,25079.66,1358.2,27256.0,35997.5,0.0,19909.462,1638.855,307.667,4799:12;4822:6124;4823:5726;4824:6364;4825:6237
756.4808,1788883621.5356,6,616.02,24696.18,25312.20,1371.3,27621.1,35632.4,0.0,19909.462,1638.855,307.667,4799:12;4822:6074;4823:5772;4824:6454;4825:6383
756.5853,1788883621.6401,6,616.03,24696.20,25312.22,1319.3,27811.5,35441.9,0.0,19909.462,1638.855,307.667,4799:12;4822:6069;4823:5639;4824:6468;4825:6508
756.6924,1788883621.7472,6,616.05,25073.07,25689.12,1415.0,27786.3,35467.2,0.0,19909.462,1638.855,307.667,4799:12;4822:6083;4823:5781;4824:6632;4825:6565
756.8011,1788883621.8559,6,616.06,25144.59,25760.65,1281.2,28069.7,35183.8,0.0,19909.462,1638.855,307.667,4799:12;4822:6137;4823:5631;4824:6597;4825:6767
756.9120,1788883621.9668,6,616.07,25092.55,25708.62,1337.2,28235.4,35018.1,0.0,19909.462,1638.855,307.667,4799:12;4822:6241;4823:5437;4824:6639;4825:6763
757.0185,1788883622.0733,6,616.07,24905.79,25521.86,1066.5,28103.0,35150.5,0.0,19909.462,1638.855,307.667,4799:12;4822:6260;4823:5443;4824:6608;4825:6583
757.1243,1788883622.1792,6,616.09,25853.31,26469.40,1417.7,28617.9,34635.6,0.0,19909.462,1638.855,307.667,4799:12;4822:6568;4823:5710;4824:6655;4825:6909
757.2370,1788883622.2919,6,616.09,26099.78,26715.88,1549.8,28931.8,34321.6,0.0,19909.462,1638.855,307.667,4799:12;4822:6562;4823:5795;4824:6732;4825:6998
757.3541,1788883622.4089,6,616.11,26548.41,27164.52,1557.5,29508.6,33744.9,0.0,19909.462,1638.855,307.667,4799:12;4822:6475;4823:5833;4824:7107;4825:7121
757.4783,1788883622.5331,6,616.12,26618.85,27234.97,1476.3,29725.5,33528.0,0.0,19909.462,1638.855,307.667,4799:12;4822:6595;4823:5978;4824:7112;4825:6922
757.5971,1788883622.6519,6,616.14,27210.98,27827.11,1506.6,30396.8,32856.7,0.0,19909.462,1638.855,307.667,4799:12;4822:6967;4823:5988;4824:7430;4825:6813
757.7051,1788883622.7599,6,616.22,26455.59,27071.81,1410.3,30148.2,33105.3,0.0,19909.462,1638.855,307.667,4799:12;4822:6693;4823:6062;4824:6869;4825:6819
757.8171,1788883622.8719,6,616.24,26331.76,26948.00,1451.8,30006.4,33247.1,0.0,19909.462,1638.855,307.667,4799:12;4822:6844;4823:5986;4824:6785;4825:6703
757.9232,1788883622.9780,6,616.25,26034.15,26650.40,1480.7,29605.4,33648.1,0.0,19909.463,1638.855,307.667,4799:12;4822:6560;4823:5694;4824:6911;4825:6856
758.0320,1788883623.0868,6,616.25,25971.82,26588.07,1375.2,29306.4,33947.1,0.0,19909.466,1638.857,307.667,4799:12;4822:6398;4823:5828;4824:6772;4825:6962
758.1420,1788883623.1969,6,616.27,25748.16,26364.43,1396.4,29309.8,33943.7,0.0,19909.469,1638.859,307.667,4799:12;4822:6332;4823:5686;4824:6810;4825:6908
758.2570,1788883623.3119,6,616.29,25712.55,26328.84,1423.5,29110.9,34142.6,0.0,19909.469,1638.859,307.667,4799:12;4822:6460;4823:5643;4824:6868;4825:6730
758.3699,1788883623.4247,6,616.29,26205.88,26822.16,1444.6,29624.4,33629.1,0.0,19909.469,1638.859,307.667,4799:12;4822:6492;4823:5637;4824:6760;4825:7304
758.4780,1788883623.5329,6,616.30,26336.39,26952.69,1433.5,29810.8,33442.6,0.0,19909.469,1638.859,307.667,4799:12;4822:6684;4823:5725;4824:6565;4825:7350
758.5921,1788883623.6470,6,616.30,27357.96,27974.26,1459.9,30353.9,32899.5,0.0,19909.469,1638.859,307.667,4799:12;4822:6869;4823:5767;4824:7394;4825:7316
758.7091,1788883623.7639,6,616.36,27841.95,28458.31,1549.3,30974.0,32279.5,0.0,19909.469,1638.859,307.667,4799:12;4822:6445;4823:5723;4824:8154;4825:7507
758.8161,1788883623.8709,6,616.37,27892.98,28509.35,1556.8,31129.5,32123.9,0.0,19909.469,1638.859,307.667,4799:12;4822:5911;4823:5717;4824:8563;4825:7690
758.9315,1788883623.9863,6,616.37,28342.48,28958.85,1511.9,31485.5,31768.0,0.0,19909.469,1638.859,307.667,4799:12;4822:6104;4823:5738;4824:8752;4825:7735
759.0466,1788883624.1014,6,616.37,28429.00,29045.38,1467.7,31820.3,31433.2,0.0,19909.469,1638.859,307.667,4799:12;4822:6156;4823:5695;4824:8548;4825:8018
759.1614,1788883624.2162,6,616.38,28425.94,29042.32,1319.0,32221.6,31031.9,0.0,19909.469,1638.859,307.667,4799:12;4822:6192;4823:5786;4824:8644;4825:7792
759.2683,1788883624.3231,6,616.38,27211.01,27827.39,1081.4,31380.3,31873.2,0.0,19909.469,1638.859,307.667,4799:12;4822:5850;4823:5751;4824:7756;4825:7842
759.3767,1788883624.4315,6,616.38,26607.19,27223.57,989.0,30556.4,32697.1,0.0,19909.469,1638.859,307.667,4799:12;4822:5954;4823:5751;4824:6788;4825:8102
759.4837,1788883624.5385,6,616.38,26335.48,26951.87,872.0,30404.6,32848.9,0.0,19909.469,1638.859,307.667,4799:12;4822:5525;4823:5751;4824:6969;4825:8079
759.5913,1788883624.6461,6,616.39,26172.36,26788.75,957.0,30077.0,33176.5,0.0,19909.469,1638.859,307.667,4799:12;4822:5403;4823:5729;4824:7017;4825:8011
759.7010,1788883624.7559,6,616.39,25726.32,26342.71,1417.3,29978.0,33275.4,0.0,19909.469,1638.859,307.667,4799:12;4822:5407;4823:5694;4824:6641;4825:7973
759.8145,1788883624.8693,6,616.43,26294.29,26910.71,1440.1,30248.6,33004.9,0.0,19909.469,1638.859,307.667,4799:12;4822:5196;4823:5639;4824:7492;4825:7955
759.9245,1788883624.9793,6,616.43,26564.11,27180.54,1203.3,30794.9,32458.6,0.0,19909.469,1638.859,307.667,4799:12;4822:5280;4823:5667;4824:7725;4825:7880
760.0313,1788883625.0861,6,616.45,26814.68,27431.13,1481.4,30852.4,32401.1,0.0,19909.469,1638.859,307.667,4799:12;4822:5392;4823:5839;4824:7875;4825:7696
760.1410,1788883625.1958,6,616.45,26892.55,27509.00,1418.2,31027.5,32225.9,0.0,19909.470,1638.859,307.667,4799:12;4822:5066;4823:5858;4824:7862;4825:8095
760.2510,1788883625.3059,6,616.45,26186.44,26802.89,1399.9,30818.9,32434.6,0.0,19909.473,1638.861,307.667,4799:12;4822:5068;4823:5846;4824:7110;4825:8151
760.3601,1788883625.4149,6,616.46,26092.75,26709.21,1400.2,30671.7,32581.8,0.0,19909.473,1638.861,307.667,4799:12;4822:5148;4823:5868;4824:6803;4825:8262
760.4741,1788883625.5289,6,616.53,25492.80,26109.34,1376.4,30034.8,33218.7,0.0,19909.473,1638.861,307.667,4799:12;4822:5216;4823:5758;4824:6325;4825:8181
760.5821,1788883625.6369,6,616.54,25748.96,26365.50,1345.8,30037.2,33216.3,0.0,19909.473,1638.861,307.667,4799:12;4822:5407;4823:5776;4824:6407;4825:8146
760.6912,1788883625.7460,6,616.54,25938.83,26555.37,945.0,30614.5,32639.0,0.0,19909.473,1638.861,307.667,4799:12;4822:5767;4823:5648;4824:6274;4825:8238
760.7956,1788883625.8504,6,616.52,25404.08,26020.60,1035.6,30218.2,33035.3,0.0,19909.473,1638.861,307.667,4799:12;4822:5775;4823:5619;4824:5949;4825:8049
760.9042,1788883625.9590,6,616.61,25584.43,26201.04,1265.3,30214.0,33039.5,0.0,19909.473,1638.861,307.667,4799:12;4822:5082;4823:5515;4824:6711;4825:8265
761.0115,1788883626.0663,6,616.61,25408.93,26025.54,1261.4,30126.0,33127.5,0.0,19909.473,1638.861,307.667,4799:12;4822:4671;4823:5495;4824:6989;4825:8241
761.1185,1788883626.1733,6,616.61,25223.18,25839.79,1157.4,29810.8,33442.7,0.0,19909.473,1638.861,307.667,4799:12;4822:4852;4823:5534;4824:6604;4825:8220
761.2266,1788883626.2814,6,616.62,24678.50,25295.12,970.1,29367.4,33886.1,0.0,19909.473,1638.861,307.667,4799:12;4822:4853;4823:5613;4824:5991;4825:8209
761.3314,1788883626.3862,6,616.62,22378.14,22994.77,576.5,28032.1,35221.3,0.0,19909.473,1638.861,307.667,4799:12;4822:4468;4823:5559;4824:4283;4825:8056
761.4354,1788883626.4902,6,616.62,22239.53,22856.16,115.4,28001.1,35252.4,0.0,19909.473,1638.861,307.667,4799:12;4822:4468;4823:5559;4824:4283;4825:7917
761.5394,1788883626.5942,6,616.62,22334.75,22951.38,313.2,27470.1,35783.3,0.0,19909.473,1638.861,307.667,4799:12;4822:4485;4823:5585;4824:4283;4825:7969
761.6448,1788883626.6996,6,616.63,23175.00,23791.63,1346.6,27893.5,35360.0,0.0,19909.473,1638.861,307.667,4799:12;4822:4420;4823:5729;4824:4328;4825:8686
761.7541,1788883626.8089,6,616.61,23118.05,23734.66,1323.9,27963.2,35290.3,0.0,19909.473,1638.861,307.667,4799:12;4822:4401;4823:5598;4824:4428;4825:8679
761.8714,1788883626.9262,6,616.61,23272.28,23888.89,1505.8,28383.1,34870.3,0.0,19909.473,1638.861,307.667,4799:12;4822:4506;4823:5653;4824:4639;4825:8462
761.9801,1788883627.0349,6,616.62,23454.37,24070.98,1456.6,28526.4,34727.1,0.0,19909.474,1638.862,307.667,4799:12;4822:4549;4823:5416;4824:4625;4825:8853
762.0920,1788883627.1468,6,616.62,23376.99,23993.61,1483.8,28252.4,35001.1,0.0,19909.476,1638.864,307.667,4799:12;4822:4937;4823:5597;4824:4238;4825:8593
762.2020,1788883627.2569,6,616.64,23052.59,23669.22,1518.1,27719.1,35534.3,0.0,19909.476,1638.864,307.667,4799:12;4822:4710;4823:5614;4824:3913;4825:8803
762.3227,1788883627.3776,6,616.64,23061.71,23678.36,1470.1,27398.9,35854.6,0.0,19909.476,1638.864,307.667,4799:12;4822:4893;4823:5596;4824:3434;4825:9126
762.4345,1788883627.4893,6,616.64,23172.84,23789.48,1496.3,27480.2,35773.3,0.0,19909.476,1638.864,307.667,4799:12;4822:4009;4823:5650;4824:4011;4825:9490
762.5441,1788883627.5989,6,616.65,23995.79,24612.44,1549.0,28495.4,34758.0,0.0,19909.477,1638.864,307.667,4799:12;4822:4112;4823:5590;4824:4441;4825:9840
762.6590,1788883627.7139,6,616.65,23782.66,24399.32,1445.7,28715.5,34538.0,0.0,19909.477,1638.864,307.667,4799:12;4822:3713;4823:5710;4824:4706;4825:9642
762.7661,1788883627.8209,6,616.63,23062.52,23679.15,1520.3,28128.2,35125.3,0.0,19909.576,1638.887,307.667,4799:12;4822:3700;4823:5545;4824:4775;4825:9031
762.8728,1788883627.9276,6,616.64,23321.57,23938.21,1414.1,28142.7,35110.8,0.0,19909.689,1638.898,307.667,4799:12;4822:3369;4823:6238;4824:5041;4825:8660
762.9860,1788883628.0409,6,616.64,23592.08,24208.72,1559.1,28454.1,34799.4,0.0,19909.812,1638.974,307.667,4799:12;4822:3338;4823:7198;4824:4311;4825:8733
763.1000,1788883628.1549,6,616.64,23752.87,24369.52,1532.7,28615.2,34638.2,0.0,19911.336,1639.002,307.667,4799:12;4822:3358;4823:7547;4824:4174;4825:8661
763.2070,1788883628.2619,6,616.65,22517.49,23134.14,1484.3,27589.9,35663.6,0.0,19911.588,1639.053,307.667,4799:12;4822:3315;4823:7608;4824:3409;4825:8174
763.3188,1788883628.3736,6,616.66,21690.29,22306.94,1372.4,26567.4,36686.1,0.0,19914.680,1639.102,307.667,4799:12;4822:3308;4823:7522;4824:3201;4825:7647
763.4261,1788883628.4809,6,616.67,19525.18,20141.85,1287.0,24156.6,39096.9,0.0,19918.492,1639.142,307.667,4799:12;4822:3332;4823:6312;4824:2823;4825:7046
763.5351,1788883628.5899,6,616.68,19691.19,20307.86,1509.3,24414.5,38839.0,0.0,19918.963,1639.169,307.667,4799:12;4822:3293;4823:6106;4824:2451;4825:7828
763.6502,1788883628.7050,6,616.68,20598.71,21215.39,1571.2,25387.4,37866.1,0.0,19922.061,1639.190,307.667,4799:12;4822:3264;4823:6610;4824:2411;4825:8302
763.7661,1788883628.8209,6,616.66,20919.61,21536.27,1560.9,25821.4,37432.0,0.0,19924.716,1639.207,307.667,4799:12;4822:3258;4823:6523;4824:2424;4825:8702
763.8807,1788883628.9355,6,616.67,20809.37,21426.04,1407.6,25575.8,37677.7,0.0,19927.173,1639.221,307.667,4799:12;4822:3326;4823:6488;4824:2440;4825:8544
763.9900,1788883629.0448,6,616.68,20167.12,20783.80,1373.7,25046.9,38206.5,0.0,19927.173,1639.221,307.667,4799:12;4822:3375;4823:6576;4824:2432;4825:7772
764.0946,1788883629.1494,6,616.70,18827.27,19443.97,1122.8,23127.2,40126.2,0.0,19927.173,1639.221,307.667,4799:12;4822:3426;4823:5566;4824:2455;4825:7368
764.2006,1788883629.2554,6,616.73,17408.55,18025.27,1393.4,21697.8,41555.6,0.0,19927.173,1639.221,307.667,4799:12;4822:3434;4823:4791;4824:2533;4825:6638
764.3081,1788883629.3629,6,616.77,16335.81,16952.58,1371.6,20719.4,42534.0,0.0,19927.173,1639.221,307.667,4799:12;4822:3783;4823:4259;4824:2473;4825:5809
764.4161,1788883629.4709,6,616.78,16810.78,17427.56,1481.1,20628.8,42624.7,0.0,19927.174,1639.221,307.667,4799:12;4822:3834;4823:4337;4824:2484;4825:6144
764.5230,1788883629.5778,6,616.78,16677.86,17294.64,1411.9,20280.9,42972.6,0.0,19927.175,1639.223,307.667,4799:12;4822:3525;4823:4116;4824:2648;4825:6376
764.6320,1788883629.6869,6,616.79,16881.64,17498.43,1466.5,20299.4,42954.1,0.0,19927.175,1639.223,307.667,4799:12;4822:3744;4823:4046;4824:2838;4825:6242
764.7507,1788883629.8055,6,616.82,16928.10,17544.92,1372.1,20384.4,42869.1,0.0,19927.176,1639.224,307.667,4799:12;4822:3906;4823:4179;4824:3124;4825:5708
764.8619,1788883629.9167,6,616.84,17434.15,18050.99,1515.2,20601.5,42652.0,0.0,19927.177,1639.224,307.667,4799:12;4822:4264;4823:4417;4824:3344;4825:5397
764.9741,1788883630.0289,6,616.85,17955.28,18572.13,1550.6,21210.9,42042.6,0.0,19927.177,1639.224,307.667,4799:12;4822:4515;4823:4209;4824:3465;4825:5753
765.0840,1788883630.1389,6,616.86,18071.72,18688.59,1583.8,21506.7,41746.7,0.0,19927.177,1639.224,307.667,4799:12;4822:4569;4823:4342;4824:3259;4825:5889
765.1930,1788883630.2479,6,616.89,18830.55,19447.44,1589.1,22305.7,40947.8,0.0,19927.177,1639.225,307.667,4799:12;4822:4955;4823:4588;4824:3153;4825:6122
765.3120,1788883630.3669,6,616.91,18417.13,19034.04,1519.9,22210.0,41043.4,0.0,19927.177,1639.225,307.667,4799:12;4822:4490;4823:4801;4824:3142;4825:5973
765.4264,1788883630.4812,6,616.93,16983.17,17600.10,1497.2,21291.9,41961.6,0.0,19927.178,1639.226,307.667,4799:12;4822:4115;4823:4887;4824:2879;4825:5089
765.5417,1788883630.5966,6,616.95,16465.13,17082.08,1485.5,20684.9,42568.6,0.0,19927.179,1639.226,307.667,4799:12;4822:4255;4823:4915;4824:2437;4825:4846
765.6561,1788883630.7109,6,616.97,15373.97,15990.94,1328.3,19466.2,43787.3,0.0,19927.179,1639.226,307.667,4799:12;4822:4260;4823:4473;4824:2418;4825:4211
765.7661,1788883630.8209,6,617.01,14866.39,15483.40,1366.5,18856.0,44397.5,0.0,19927.179,1639.227,307.667,4799:12;4822:4388;4823:4264;4824:2552;4825:3650
765.8766,1788883630.9314,6,617.02,13049.04,13666.06,1250.8,17678.0,45575.5,0.0,19927.179,1639.227,307.667,4799:12;4822:4497;4823:3555;4824:2052;4825:2933
765.9836,1788883631.0384,6,617.04,13110.49,13727.52,1288.0,17281.7,45971.8,0.0,19927.179,1639.227,307.667,4799:12;4822:4551;4823:3246;4824:2031;4825:3271
766.0926,1788883631.1475,6,617.05,13652.71,14269.76,1276.4,17784.7,45468.7,0.0,19927.179,1639.227,307.667,4799:12;4822:4890;4823:3289;4824:2006;4825:3455
766.1981,1788883631.2529,6,617.07,14209.05,14826.11,1381.1,18054.3,45199.2,0.0,19927.179,1639.227,307.667,4799:12;4822:5004;4823:3449;4824:2088;4825:3656
766.3048,1788883631.3597,6,617.08,13705.03,14322.11,1294.0,18072.4,45181.1,0.0,19927.179,1639.227,307.667,4799:12;4822:5096;4823:3417;4824:2121;4825:3059
766.4141,1788883631.4689,6,617.08,14338.61,14955.70,1430.3,18380.5,44873.0,0.0,19927.180,1639.228,307.667,4799:12;4822:5329;4823:3457;4824:2318;4825:3222
766.5201,1788883631.5749,6,617.09,14659.80,15276.89,1258.6,18636.4,44617.1,0.0,19927.180,1639.228,307.667,4799:12;4822:5436;4823:3518;4824:2252;4825:3442
766.6268,1788883631.6816,6,617.09,13791.73,14408.82,1027.4,18271.2,44982.3,0.0,19927.180,1639.228,307.667,4799:12;4822:5436;4823:3595;4824:1791;4825:2957
766.7340,1788883631.7888,6,617.15,14246.95,14864.11,1084.9,18476.5,44777.0,0.0,19927.180,1639.228,307.667,4799:12;4822:5502;4823:3592;4824:1861;4825:3280
766.8408,1788883631.8956,6,617.16,14047.53,14664.69,1073.6,18624.3,44629.2,0.0,19927.180,1639.228,307.667,4799:12;4822:5525;4823:3558;4824:1867;4825:3085
766.9471,1788883632.0019,6,617.17,14100.19,14717.36,1355.6,18526.6,44726.9,0.0,19927.180,1639.228,307.667,4799:12;4822:5725;4823:3519;4824:1880;4825:2964
767.0558,1788883632.1106,6,617.18,14637.42,15254.60,1421.8,18763.0,44490.5,0.0,19927.180,1639.228,307.667,4799:12;4822:5891;4823:3538;4824:2041;4825:3156
767.1625,1788883632.2173,6,617.19,15260.18,15877.36,1460.1,19303.9,43949.6,0.0,19927.180,1639.228,307.667,4799:12;4822:6007;4823:3821;4824:2126;4825:3294
767.2759,1788883632.3307,6,617.19,15596.25,16213.45,1462.3,19562.8,43690.7,0.0,19927.180,1639.228,307.667,4799:12;4822:5963;4823:4147;4824:2291;4825:3182
767.3840,1788883632.4389,6,617.20,15632.61,16249.81,1473.2,19766.0,43487.5,0.0,19927.180,1639.228,307.667,4799:12;4822:5903;4823:3753;4824:2591;4825:3373
767.4910,1788883632.5459,6,617.20,15498.04,16115.24,1401.0,19701.6,43551.9,0.0,19927.180,1639.228,307.667,4799:12;4822:5996;4823:3485;4824:2275;4825:3729
767.5991,1788883632.6539,6,617.21,14920.42,15537.62,1428.4,19136.8,44116.7,0.0,19927.180,1639.228,307.667,4799:12;4822:5926;4823:3100;4824:2174;4825:3708
767.7132,1788883632.7680,6,617.21,15233.03,15850.24,1325.6,19368.9,43884.6,0.0,19927.180,1639.228,307.667,4799:12;4822:5959;4823:3711;4824:2236;4825:3315
767.8194,1788883632.8742,6,617.21,14378.84,14996.05,1127.3,19173.8,44079.7,0.0,19927.180,1639.228,307.667,4799:12;4822:6028;4823:3509;4824:1853;4825:2977
767.9301,1788883632.9849,6,617.23,13173.83,13791.06,882.6,18354.5,44899.0,0.0,19927.180,1639.228,307.667,4799:12;4822:6178;4823:2333;4824:1460;4825:3191
768.0371,1788883633.0919,6,617.24,12741.36,13358.59,1432.1,17609.9,45643.6,0.0,19927.180,1639.228,307.667,4799:12;4822:6293;4823:2271;4824:1455;4825:2710
768.1455,1788883633.2003,6,617.25,13318.57,13935.82,1521.4,17895.6,45357.9,0.0,19927.180,1639.228,307.667,4799:12;4822:6370;4823:2441;4824:1604;4825:2891
768.2721,1788883633.3269,6,617.25,13588.79,14206.04,1569.2,18419.4,44834.0,0.0,19927.180,1639.228,307.667,4799:12;4822:6432;4823:2525;4824:1660;4825:2960
768.3811,1788883633.4359,6,617.25,14562.27,15179.52,1567.4,19169.2,44084.3,0.0,19927.180,1639.228,307.667,4799:12;4822:6617;4823:2578;4824:1856;4825:3499
768.4950,1788883633.5498,6,617.25,13910.98,14528.23,1481.2,18447.3,44806.2,0.0,19927.180,1639.228,307.667,4799:12;4822:6285;4823:2384;4824:1662;4825:3567
768.5993,1788883633.6541,6,617.26,12656.80,13274.06,1323.4,17548.3,45705.1,0.0,19927.180,1639.228,307.667,4799:12;4822:5832;4823:2157;4824:1594;4825:3062
768.7081,1788883633.7629,6,617.32,11326.23,11943.55,1399.7,16625.9,46627.5,0.0,19927.180,1639.228,307.667,4799:12;4822:4430;4823:2431;4824:1735;4825:2718
768.8271,1788883633.8819,6,617.34,10377.34,10994.67,1564.4,15702.5,47551.0,0.0,19927.180,1639.228,307.667,4799:12;4822:3688;4823:2585;4824:1526;4825:2567
768.9421,1788883633.9969,6,617.34,11408.66,12026.00,1588.8,16557.0,46696.5,0.0,19927.180,1639.228,307.667,4799:12;4822:4580;4823:2170;4824:1707;4825:2940
769.0681,1788883634.1229,6,617.35,10968.35,11585.70,1536.3,16317.6,46935.9,0.0,19927.180,1639.228,307.667,4799:12;4822:4698;4823:1935;4824:1072;4825:3251
769.1771,1788883634.2319,6,617.36,9918.92,10536.27,1475.7,15200.6,48052.8,0.0,19927.180,1639.228,307.667,4799:12;4822:4476;4823:1625;4824:575;4825:3231
769.2891,1788883634.3439,6,617.36,9844.30,10461.66,1427.1,15099.2,48154.3,0.0,19927.180,1639.228,307.667,4799:12;4822:4486;4823:2038;4824:554;4825:2754
769.4002,1788883634.4550,6,617.37,8824.77,9442.14,1384.2,14147.7,49105.8,0.0,19927.181,1639.229,307.667,4799:12;4822:3579;4823:2139;4824:518;4825:2577
769.5061,1788883634.5609,6,617.44,6919.60,7537.04,1314.7,12185.1,51068.3,0.0,19927.181,1639.229,307.667,4799:12;4822:2415;4823:2034;4824:501;4825:1957
769.6127,1788883634.6676,6,617.46,4702.82,5320.29,1301.7,10070.9,53182.6,0.0,19927.182,1639.229,307.667,4799:12;4822:2088;4823:1105;4824:360;4825:1137
769.7220,1788883634.7769,6,617.44,5444.02,6061.46,1426.5,10551.4,52702.1,0.0,19927.182,1639.229,307.667,4799:12;4822:2873;4823:1454;4824:355;4825:751
769.8299,1788883634.8847,6,617.44,4582.89,5200.34,774.3,9815.2,53438.2,0.0,19927.183,1639.230,307.667,4799:12;4822:2431;4823:1418;4824:355;4825:367
769.9340,1788883634.9888,6,617.45,2468.43,3085.88,240.3,8027.4,55226.1,0.0,19927.185,1639.231,307.667,4799:12;4822:363;4823:1371;4824:355;4825:367
770.0380,1788883635.0928,6,617.45,2486.17,3103.62,105.8,7998.7,55254.8,0.0,19927.186,1639.233,307.667,4799:12;4822:363;4823:1389;4824:355;4825:367
770.1420,1788883635.1968,6,617.45,1982.77,2600.22,105.8,7402.8,55850.7,0.0,19927.186,1639.233,307.667,4799:12;4822:363;4823:886;4824:355;4825:367
770.2459,1788883635.3007,6,617.45,1855.04,2472.49,125.0,7257.6,55995.9,0.0,19927.187,1639.233,307.667,4799:12;4822:363;4823:758;4824:355;4825:367
770.3500,1788883635.4048,6,617.45,2181.00,2798.45,202.0,7448.7,55804.8,0.0,19927.187,1639.233,307.667,4799:12;4822:363;4823:1084;4824:355;4825:367
770.4539,1788883635.5087,6,617.45,2085.84,2703.29,202.1,7292.0,55961.5,0.0,19927.187,1639.233,307.667,4799:12;4822:363;4823:989;4824:355;4825:367
770.5578,1788883635.6126,6,750.11,1665.55,2415.66,259.6,6970.8,56282.7,0.0,19927.187,1639.233,307.667,4799:12;4822:363;4823:569;4824:355;4825:367
770.6619,1788883635.7167,6,766.31,1665.55,2431.86,105.8,6971.0,56282.4,0.0,19927.187,1639.233,307.667,4799:12;4822:363;4823:569;4824:355;4825:367
770.7657,1788883635.8206,6,932.03,1665.55,2597.58,173.1,7026.6,56226.9,0.0,19927.188,1639.235,307.667,4799:12;4822:363;4823:569;4824:355;4825:367
770.8697,1788883635.9246,6,746.30,1592.03,2338.33,355.6,6853.8,56399.7,0.0,19927.189,1639.235,307.667,4799:12;4822:348;4823:510;4824:366;4825:356
770.9738,1788883636.0286,6,764.93,1605.76,2370.69,201.8,6856.7,56396.8,0.0,19927.189,1639.235,307.667,4799:12;4822:348;4823:510;4824:379;4825:356
771.0778,1788883636.1326,6,729.99,1624.50,2354.49,134.3,6832.1,56421.4,0.0,19927.189,1639.236,307.667,4799:12;4822:348;4823:510;4824:398;4825:356
771.1822,1788883636.2370,6,770.06,1628.31,2398.37,134.6,6828.3,56425.2,0.0,19927.189,1639.236,307.667,4799:12;4822:348;4823:510;4824:402;4825:356
771.2862,1788883636.3410,6,801.19,1616.96,2418.15,125.0,6818.1,56435.4,0.0,19927.189,1639.236,307.667,4799:12;4822:346;4823:508;4824:397;4825:354
771.3902,1788883636.4450,6,729.83,1616.96,2346.79,105.8,6801.9,56451.5,0.0,19927.190,1639.237,307.667,4799:12;4822:346;4823:508;4824:397;4825:354
771.4941,1788883636.5489,6,861.54,1495.15,2356.69,192.5,6776.0,56477.5,0.0,19927.190,1639.237,307.667,4799:12;4822:346;4823:406;4824:377;4825:354
771.5980,1788883636.6528,6,796.82,1559.93,2356.75,163.3,6711.0,56542.5,0.0,19927.190,1639.237,307.667,4799:12;4822:362;4823:422;4824:393;4825:371
771.7021,1788883636.7569,6,813.06,1659.64,2472.71,413.3,6694.4,56559.1,0.0,19927.190,1639.237,307.667,4799:12;4822:402;4823:462;4824:410;4825:374
771.8062,1788883636.8610,6,884.30,1585.36,2469.66,144.1,6641.8,56611.6,0.0,19927.190,1639.237,307.667,4799:12;4822:370;4823:430;4824:399;4825:374
771.9102,1788883636.9650,6,963.10,1585.36,2548.46,105.8,6642.1,56611.4,0.0,19927.190,1639.237,307.667,4799:12;4822:370;4823:430;4824:399;4825:374
772.0141,1788883637.0689,6,953.88,1585.36,2539.24,96.2,6626.6,56626.9,0.0,19927.190,1639.237,307.667,4799:12;4822:370;4823:430;4824:399;4825:374
772.1180,1788883637.1728,6,971.33,1585.36,2556.69,105.8,6610.8,56642.7,0.0,19927.190,1639.237,307.667,4799:12;4822:370;4823:430;4824:399;4825:374
772.2220,1788883637.2768,6,891.18,1585.36,2476.54,94.3,6555.3,56698.2,0.0,19927.190,1639.237,307.667,4799:12;4822:370;4823:430;4824:399;4825:374
772.3283,1788883637.3831,6,926.97,1585.36,2512.33,124.6,6438.6,56814.8,0.0,19960.521,1672.568,307.667,4799:12;4822:370;4823:430;4824:399;4825:374
772.4323,1788883637.4872,6,919.30,1585.36,2504.66,96.3,6438.6,56814.8,0.0,19960.521,1672.568,307.667,4799:12;4822:370;4823:430;4824:399;4825:374
772.5362,1788883637.5910,6,977.11,1585.36,2562.46,96.4,6438.6,56814.8,0.0,19960.521,1672.568,307.667,4799:12;4822:370;4823:430;4824:399;4825:374
772.6399,1788883637.6947,6,952.71,1585.36,2538.07,105.8,6439.4,56814.1,0.0,19960.522,1672.568,307.667,4799:12;4822:370;4823:430;4824:399;4825:374
772.7439,1788883637.7987,6,952.71,1671.80,2624.52,254.4,6439.9,56813.6,0.0,19960.522,1672.568,307.667,4799:12;4822:391;4823:442;4824:425;4825:401
772.8504,1788883637.9052,6,985.95,1608.01,2593.96,248.9,6244.6,57008.9,0.0,19960.522,1672.568,307.667,4799:12;4822:370;4823:458;4824:399;4825:368
772.9545,1788883638.0093,6,1036.19,1580.16,2616.35,115.3,6253.2,57000.3,0.0,19960.522,1672.568,307.667,4799:12;4822:370;4823:430;4824:399;4825:368
773.0585,1788883638.1134,6,1029.07,1580.16,2609.23,96.2,6209.8,57043.6,0.0,19960.522,1672.568,307.667,4799:12;4822:370;4823:430;4824:399;4825:368
773.1625,1788883638.2173,6,1013.82,1580.16,2593.98,96.2,6209.8,57043.6,0.0,19960.522,1672.568,307.667,4799:12;4822:370;4823:430;4824:399;4825:368
773.2664,1788883638.3212,6,983.95,1580.16,2564.11,105.9,6181.2,57072.3,0.0,19960.522,1672.568,307.667,4799:12;4822:370;4823:430;4824:399;4825:368
773.3703,1788883638.4251,6,988.94,1580.16,2569.10,105.8,5742.0,57511.5,0.0,19991.943,1703.990,307.667,4799:12;4822:370;4823:430;4824:399;4825:368
773.4743,1788883638.5291,6,1045.56,1580.16,2625.72,96.3,5742.0,57511.5,0.0,19991.943,1703.990,307.667,4799:12;4822:370;4823:430;4824:399;4825:368
773.5780,1788883638.6328,6,1101.62,1580.16,2681.79,115.7,5742.0,57511.5,0.0,19991.943,1703.990,307.667,4799:12;4822:370;4823:430;4824:399;4825:368
773.6817,1788883638.7366,6,1070.79,1639.40,2710.19,207.4,5727.6,57525.8,0.0,19991.944,1703.990,307.667,4799:12;4822:381;4823:441;4824:425;4825:381
773.7883,1788883638.8431,6,1107.58,1579.27,2686.85,268.1,5504.8,57748.7,0.0,19991.944,1703.990,307.667,4799:12;4822:370;4823:430;4824:399;4825:368
773.8923,1788883638.9471,6,1130.61,1579.27,2709.88,96.2,5543.4,57710.0,0.0,19991.944,1703.990,307.667,4799:12;4822:370;4823:430;4824:399;4825:368
773.9963,1788883639.0511,6,1118.63,1579.27,2697.89,105.8,5528.5,57725.0,0.0,19991.944,1703.990,307.667,4799:12;4822:370;4823:430;4824:399;4825:368
774.1003,1788883639.1551,6,1110.89,1579.27,2690.15,96.1,5531.1,57722.3,0.0,19991.944,1703.990,307.667,4799:12;4822:370;4823:430;4824:399;4825:368
774.2043,1788883639.2591,6,1119.54,1579.27,2698.80,105.7,5375.3,57878.2,0.0,20022.893,1734.940,307.667,4799:12;4822:370;4823:430;4824:399;4825:368
774.3083,1788883639.3631,6,1174.59,1579.27,2753.86,115.5,5382.9,57870.6,0.0,20022.893,1734.940,307.667,4799:12;4822:370;4823:430;4824:399;4825:368
774.4121,1788883639.4669,6,1216.88,1579.27,2796.14,96.3,5382.9,57870.6,0.0,20022.893,1734.940,307.667,4799:12;4822:370;4823:430;4824:399;4825:368
774.5160,1788883639.5708,6,1191.26,1578.39,2769.65,259.7,5149.9,58103.5,0.0,20022.894,1734.940,307.667,4799:12;4822:370;4823:430;4824:399;4825:367
774.6200,1788883639.6748,6,1227.72,1578.39,2806.11,115.5,5173.7,58079.8,0.0,20022.894,1734.940,307.667,4799:12;4822:370;4823:430;4824:399;4825:367
774.7239,1788883639.7787,6,1201.29,1578.39,2779.68,104.7,5181.7,58071.8,0.0,20022.894,1734.940,307.667,4799:12;4822:370;4823:430;4824:399;4825:367
774.8294,1788883639.8842,6,1221.74,1578.39,2800.13,105.4,5059.7,58193.8,0.0,20054.036,1766.082,307.667,4799:12;4822:370;4823:430;4824:399;4825:367
774.9334,1788883639.9882,6,1262.05,1578.39,2840.44,96.3,5098.5,58154.9,0.0,20054.036,1766.083,307.667,4799:12;4822:370;4823:430;4824:399;4825:367
775.0373,1788883640.0921,6,1317.45,1578.39,2895.84,96.4,5121.2,58132.3,0.0,20054.036,1766.083,307.667,4799:12;4822:370;4823:430;4824:399;4825:367
775.1409,1788883640.1957,6,1333.40,1578.39,2911.79,115.4,5138.9,58114.6,0.0,20054.036,1766.083,307.667,4799:12;4822:370;4823:430;4824:399;4825:367
775.2449,1788883640.2997,6,1333.40,1578.39,2911.79,96.2,5138.9,58114.6,0.0,20054.036,1766.083,307.667,4799:12;4822:370;4823:430;4824:399;4825:367
775.3488,1788883640.4036,6,1333.40,1578.39,2911.79,105.9,5138.9,58114.6,0.0,20054.036,1766.083,307.667,4799:12;4822:370;4823:430;4824:399;4825:367
775.4527,1788883640.5075,6,1302.34,1578.39,2880.73,96.3,5139.2,58114.3,0.0,20054.036,1766.083,307.667,4799:12;4822:370;4823:430;4824:399;4825:367
775.5566,1788883640.6114,6,1325.94,1577.81,2903.75,182.8,5152.9,58100.6,0.0,20054.036,1766.083,307.667,4799:12;4822:370;4823:430;4824:399;4825:366
775.6606,1788883640.7154,6,1347.57,1577.81,2925.38,115.4,5179.7,58073.8,0.0,20054.036,1766.083,307.667,4799:12;4822:370;4823:430;4824:399;4825:366
775.7645,1788883640.8193,6,1349.04,1577.81,2926.85,125.0,5149.8,58103.7,0.0,20084.083,1796.130,307.667,4799:12;4822:370;4823:430;4824:399;4825:366
775.8685,1788883640.9233,6,1402.30,1577.81,2980.11,106.0,5188.8,58064.7,0.0,20084.083,1796.130,307.667,4799:12;4822:370;4823:430;4824:399;4825:366
775.9722,1788883641.0270,6,1441.92,1577.81,3019.73,96.4,5236.2,58017.3,0.0,20084.083,1796.130,307.667,4799:12;4822:370;4823:430;4824:399;4825:366
776.0759,1788883641.1307,6,1441.92,1577.81,3019.73,96.2,5188.8,58064.6,0.0,20084.083,1796.130,307.667,4799:12;4822:370;4823:430;4824:399;4825:366
776.1799,1788883641.2347,6,1441.92,1577.81,3019.73,105.8,5188.8,58064.6,0.0,20084.083,1796.130,307.667,4799:12;4822:370;4823:430;4824:399;4825:366
776.2838,1788883641.3386,6,1441.92,1577.81,3019.73,96.3,5179.7,58073.8,0.0,20084.083,1796.130,307.667,4799:12;4822:370;4823:430;4824:399;4825:366
776.3877,1788883641.4425,6,1441.92,1577.81,3019.73,105.9,5179.7,58073.8,0.0,20084.083,1796.130,307.667,4799:12;4822:370;4823:430;4824:399;4825:366
776.4916,1788883641.5464,6,1441.92,1577.81,3019.73,96.2,5179.7,58073.8,0.0,20084.083,1796.130,307.667,4799:12;4822:370;4823:430;4824:399;4825:366
776.5955,1788883641.6503,6,1441.92,1577.81,3019.73,96.3,5179.7,58073.8,0.0,20084.083,1796.130,307.667,4799:12;4822:370;4823:430;4824:399;4825:366
776.6993,1788883641.7542,6,1411.96,1577.81,2989.77,105.8,5177.9,58075.6,0.0,20084.083,1796.130,307.667,4799:12;4822:370;4823:430;4824:399;4825:366
776.8033,1788883641.8581,6,1421.88,1577.81,2999.69,105.9,5177.9,58075.6,0.0,20084.083,1796.130,307.667,4799:12;4822:370;4823:430;4824:399;4825:366
776.9072,1788883641.9620,6,1424.64,1577.81,3002.45,96.4,5177.9,58075.6,0.0,20084.083,1796.130,307.667,4799:12;4822:370;4823:430;4824:399;4825:366
777.0109,1788883642.0657,6,1413.14,1577.81,2990.95,96.5,5119.4,58134.0,0.0,20084.083,1796.130,307.667,4799:12;4822:370;4823:430;4824:399;4825:366
777.1151,1788883642.1699,6,1413.14,1577.81,2990.95,105.7,5115.1,58138.3,0.0,20084.083,1796.130,307.667,4799:12;4822:370;4823:430;4824:399;4825:366
777.2186,1788883642.2734,6,1413.14,1577.81,2990.95,96.8,5111.7,58141.8,0.0,20084.083,1796.130,307.667,4799:12;4822:370;4823:430;4824:399;4825:366
777.3220,1788883642.3768,6,1413.14,1577.81,2990.95,96.8,5108.2,58145.3,0.0,20084.083,1796.130,307.667,4799:12;4822:370;4823:430;4824:399;4825:366
777.4252,1788883642.4801,6,1413.14,1577.81,2990.95,106.6,5104.6,58148.9,0.0,20084.083,1796.130,307.667,4799:12;4822:370;4823:430;4824:399;4825:366
777.5284,1788883642.5832,6,1413.15,1577.81,2990.96,96.9,5101.1,58152.4,0.0,20084.083,1796.130,307.667,4799:12;4822:370;4823:430;4824:399;4825:366
777.6316,1788883642.6864,6,1413.15,1577.81,2990.96,106.6,5099.1,58154.4,0.0,20084.083,1796.130,307.667,4799:12;4822:370;4823:430;4824:399;4825:366
777.7349,1788883642.7897,6,1413.15,1577.81,2990.96,116.0,5099.8,58153.7,0.0,20084.083,1796.130,307.667,4799:12;4822:370;4823:430;4824:399;4825:366
777.8385,1788883642.8933,6,1413.15,1577.81,2990.96,96.4,5099.8,58153.7,0.0,20084.083,1796.130,307.667,4799:12;4822:370;4823:430;4824:399;4825:366
777.9422,1788883642.9970,6,1413.15,1577.81,2990.96,106.1,5099.8,58153.7,0.0,20084.083,1796.130,307.667,4799:12;4822:370;4823:430;4824:399;4825:366
778.0459,1788883643.1007,6,1414.81,1577.81,2992.62,96.1,5053.2,58200.3,0.0,20084.083,1796.130,307.667,4799:12;4822:370;4823:430;4824:399;4825:366
778.1499,1788883643.2047,6,1433.83,1577.81,3011.64,106.1,5071.4,58182.1,0.0,20084.083,1796.130,307.667,4799:12;4822:370;4823:430;4824:399;4825:366
778.2535,1788883643.3083,6,1433.83,1577.81,3011.64,96.7,5068.6,58184.9,0.0,20084.083,1796.130,307.667,4799:12;4822:370;4823:430;4824:399;4825:366
778.3569,1788883643.4117,6,1433.83,1577.81,3011.64,96.9,5073.7,58179.7,0.0,20084.083,1796.130,307.667,4799:12;4822:370;4823:430;4824:399;4825:366
778.4602,1788883643.5150,6,1433.83,1577.81,3011.64,96.9,5071.4,58182.1,0.0,20084.083,1796.130,307.667,4799:12;4822:370;4823:430;4824:399;4825:366
778.5633,1788883643.6181,6,1433.83,1577.81,3011.64,106.6,5068.6,58184.9,0.0,20084.083,1796.130,307.667,4799:12;4822:370;4823:430;4824:399;4825:366
778.6665,1788883643.7213,6,1413.16,1577.81,2990.96,125.9,5066.5,58187.0,0.0,20084.083,1796.130,307.667,4799:12;4822:370;4823:430;4824:399;4825:366
778.7697,1788883643.8246,6,1413.16,1577.81,2990.96,106.2,5063.4,58190.1,0.0,20084.083,1796.130,307.667,4799:12;4822:370;4823:430;4824:399;4825:366
778.8734,1788883643.9282,6,1413.16,1577.81,2990.96,96.6,5063.4,58190.1,0.0,20084.083,1796.130,307.667,4799:12;4822:370;4823:430;4824:399;4825:366
778.9769,1788883644.0317,6,1413.18,1577.81,2990.99,106.1,5063.4,58190.1,0.0,20084.083,1796.130,307.667,4799:12;4822:370;4823:430;4824:399;4825:366
779.0807,1788883644.1355,6,1413.18,1577.81,2990.99,96.4,5020.5,58233.0,0.0,20084.083,1796.130,307.667,4799:12;4822:370;4823:430;4824:399;4825:366
779.1844,1788883644.2392,6,1413.19,1577.81,2991.00,106.2,5020.1,58233.3,0.0,20084.083,1796.130,307.667,4799:12;4822:370;4823:430;4824:399;4825:366
779.2880,1788883644.3428,6,1413.19,1577.81,2991.00,96.7,5020.1,58233.3,0.0,20084.083,1796.130,307.667,4799:12;4822:370;4823:430;4824:399;4825:366
779.3914,1788883644.4462,6,1413.19,1577.81,2991.00,96.3,5020.1,58233.3,0.0,20084.083,1796.130,307.667,4799:12;4822:370;4823:430;4824:399;4825:366
779.4953,1788883644.5501,6,886.75,1487.46,2374.21,220.8,4593.3,58660.2,0.0,20084.093,1796.146,307.667,4799:12;4822:342;4823:417;4824:372;4825:343
779.5996,1788883644.6544,6,886.75,1412.75,2299.50,211.5,4517.1,58736.4,0.0,20084.093,1796.147,307.667,4799:12;4822:338;4823:374;4824:355;4825:334
779.7035,1788883644.7583,6,886.75,12.27,899.02,336.8,3521.3,59732.2,0.0,20084.093,1796.147,307.667,4799:12;4822:0;4823:0;4824:0;4825:0
