t_mono,t_wall,n_procs,client_rss_mb,workers_rss_mb,tree_rss_mb,tree_cpu_pct,sys_used_mb,sys_available_mb,swap_used_mb,workers
110298.4720,1788876599.6616,2,23.50,12.88,36.38,0.0,15031.2,41011.1,2374.2,3171827:13
110298.5808,1788876599.7704,2,23.50,12.88,36.38,0.0,15031.7,41010.5,2374.2,3171827:13
110298.6922,1788876599.8817,2,24.25,12.88,37.12,18.1,15031.7,41010.5,2374.2,3171827:13
110298.8025,1788876599.9920,2,33.31,12.88,46.19,99.3,15035.1,41007.2,2374.2,3171827:13
110298.9133,1788876600.1028,2,40.43,12.88,53.31,91.5,15089.2,40953.0,2374.2,3171827:13
110299.0225,1788876600.2120,2,40.56,12.88,53.43,91.2,15072.8,40969.4,2374.2,3171827:13
110299.1321,1788876600.3216,2,41.56,12.88,54.43,109.5,15064.5,40977.8,2374.2,3171827:13
110299.2417,1788876600.4312,2,41.56,12.88,54.43,101.3,15069.4,40972.9,2374.2,3171827:13
110299.3502,1788876600.5398,2,44.57,12.88,57.44,98.9,15081.0,40961.2,2374.2,3171827:13
110299.4615,1788876600.6510,2,47.69,12.88,60.57,91.5,15080.9,40961.3,2374.2,3171827:13
110299.5708,1788876600.7603,2,48.32,12.88,61.19,101.1,15073.8,40968.4,2374.2,3171827:13
110299.6795,1788876600.8691,2,49.67,12.88,62.55,100.4,15076.1,40966.1,2374.2,3171827:13
110299.7921,1788876600.9816,2,59.42,12.88,72.30,998.0,15081.7,40960.5,2374.2,3171827:13
110299.9033,1788876601.0929,2,61.67,12.88,74.55,101.3,15077.9,40964.3,2374.2,3171827:13
110300.0119,1788876601.2015,2,63.46,12.88,76.34,100.5,15080.1,40962.1,2374.2,3171827:13
110300.1214,1788876601.3110,2,70.24,12.88,83.12,101.6,15097.9,40944.3,2374.2,3171827:13
110300.2297,1788876601.4193,2,70.99,12.88,83.87,90.5,15099.7,40942.5,2374.2,3171827:13
110300.3403,1788876601.5298,2,71.12,12.88,83.99,90.9,15100.3,40942.0,2374.2,3171827:13
110300.4503,1788876601.6398,2,74.61,12.88,87.48,110.5,15097.2,40945.0,2374.2,3171827:13
110300.5588,1788876601.7484,2,76.36,12.88,89.23,88.6,15096.3,40945.9,2374.2,3171827:13
110300.6718,1788876601.8613,2,77.36,12.88,90.23,100.3,15096.0,40946.2,2374.2,3171827:13
110300.7814,1788876601.9709,2,86.39,12.88,99.27,101.5,15108.1,40934.1,2374.2,3171827:13
110300.8897,1788876602.0792,2,86.39,12.88,99.27,91.6,15103.3,40938.9,2374.2,3171827:13
110300.9989,1788876602.1884,2,86.77,12.88,99.64,101.3,15102.8,40939.4,2374.2,3171827:13
110301.1075,1788876602.2970,2,89.66,12.88,102.54,100.9,15102.4,40939.8,2374.2,3171827:13
110301.2165,1788876602.4060,2,89.66,12.88,102.54,101.2,15102.4,40939.8,2374.2,3171827:13
110301.3252,1788876602.5148,2,89.79,12.88,102.66,101.3,15102.9,40939.3,2374.2,3171827:13
110301.4339,1788876602.6234,2,90.04,12.88,102.91,90.8,15104.1,40938.2,2374.2,3171827:13
110301.5440,1788876602.7336,2,93.04,12.88,105.91,101.4,15110.8,40931.4,2374.2,3171827:13
110301.6525,1788876602.8420,2,93.79,12.88,106.66,98.9,15107.5,40934.7,2374.2,3171827:13
110301.7638,1788876602.9533,2,94.29,12.88,107.16,101.3,15107.0,40935.2,2374.2,3171827:13
110301.8723,1788876603.0618,2,97.58,12.88,110.45,101.1,15106.0,40936.2,2374.2,3171827:13
110301.9810,1788876603.1706,2,102.20,12.88,115.08,82.0,15104.8,40937.5,2374.2,3171827:13
110302.0908,1788876603.2803,2,108.02,12.88,120.89,99.7,15105.3,40936.9,2374.2,3171827:13
110302.2010,1788876603.3906,2,115.61,12.88,128.48,101.0,15117.5,40924.7,2374.2,3171827:13
110302.3100,1788876603.4996,2,124.96,12.88,137.84,92.1,15125.6,40916.6,2374.2,3171827:13
110302.4186,1788876603.6081,2,126.09,12.88,138.96,99.9,15133.7,40908.5,2374.2,3171827:13
110302.5287,1788876603.7183,2,126.71,12.88,139.59,100.9,15136.8,40905.4,2374.2,3171827:13
110302.6378,1788876603.8273,2,126.71,12.88,139.59,100.6,15132.1,40910.1,2374.2,3171827:13
110302.7471,1788876603.9366,2,126.84,12.88,139.71,100.1,15133.3,40908.9,2374.2,3171827:13
110302.8570,1788876604.0465,2,127.59,12.88,140.46,101.6,15126.6,40915.7,2374.2,3171827:13
110302.9653,1788876604.1548,2,128.09,12.88,140.96,101.7,15125.9,40916.3,2374.2,3171827:13
110303.0736,1788876604.2631,2,131.81,12.88,144.68,89.2,15129.1,40913.1,2374.2,3171827:13
110303.1857,1788876604.3753,2,143.03,12.88,155.91,100.9,15143.2,40899.0,2374.2,3171827:13
110303.2946,1788876604.4841,2,143.03,12.88,155.91,101.1,15143.9,40898.4,2374.2,3171827:13
110303.4036,1788876604.5931,2,143.53,12.88,156.41,99.6,15135.8,40906.4,2374.2,3171827:13
110303.5139,1788876604.7034,2,143.53,12.88,156.41,91.0,15137.2,40905.1,2374.2,3171827:13
110303.6237,1788876604.8132,2,143.91,12.88,156.78,101.7,15138.3,40903.9,2374.2,3171827:13
110303.7319,1788876604.9214,2,143.91,12.88,156.78,100.8,15138.6,40903.6,2374.2,3171827:13
110303.8410,1788876605.0305,2,144.41,12.88,157.28,100.8,15134.5,40907.7,2374.2,3171827:13
110303.9502,1788876605.1397,2,144.91,12.88,157.78,101.1,15135.8,40906.4,2374.2,3171827:13
110304.0590,1788876605.2485,2,145.03,12.88,157.91,100.4,15136.9,40905.3,2374.2,3171827:13
110304.1685,1788876605.3580,2,145.28,12.88,158.16,91.9,15135.9,40906.3,2374.2,3171827:13
110304.2773,1788876605.4669,2,145.66,12.88,158.53,100.9,15132.0,40910.2,2374.2,3171827:13
110304.3863,1788876605.5758,2,146.28,12.88,159.16,101.1,15132.0,40910.2,2374.2,3171827:13
110304.4951,1788876605.6846,2,149.60,12.88,162.48,91.4,15133.9,40908.3,2374.2,3171827:13
110304.6045,1788876605.7940,2,149.73,12.88,162.60,101.2,15134.4,40907.8,2374.2,3171827:13
110304.7132,1788876605.9028,2,154.20,12.88,167.08,99.8,15140.2,40902.0,2374.2,3171827:13
110304.8235,1788876606.0130,2,154.20,12.88,167.08,101.5,15142.8,40899.4,2374.2,3171827:13
110304.9319,1788876606.1214,2,154.20,12.88,167.08,99.9,15142.8,40899.5,2374.2,3171827:13
110305.0419,1788876606.2315,2,155.68,12.88,168.55,89.9,15148.1,40894.2,2374.2,3171827:13
110305.1532,1788876606.3427,2,155.80,12.88,168.68,107.2,15147.8,40894.4,2374.2,3171827:13
110305.2651,1788876606.4546,2,156.55,12.88,169.43,100.4,15149.6,40892.7,2374.2,3171827:13
110305.3747,1788876606.5642,2,158.18,12.88,171.05,101.4,15150.7,40891.5,2374.2,3171827:13
110305.4831,1788876606.6726,2,171.20,12.88,184.07,101.4,15163.6,40878.6,2374.2,3171827:13
110305.5915,1788876606.7811,2,171.20,12.88,184.07,91.8,15163.0,40879.2,2374.2,3171827:13
110305.7005,1788876606.8900,2,171.20,12.88,184.07,100.9,15163.8,40878.5,2374.2,3171827:13
110305.8095,1788876606.9990,2,171.20,12.88,184.07,100.6,15163.3,40878.9,2374.2,3171827:13
110305.9188,1788876607.1083,2,171.45,12.88,184.32,91.4,15163.3,40878.9,2374.2,3171827:13
110306.0282,1788876607.2178,2,171.45,12.88,184.32,100.1,15164.2,40878.0,2374.2,3171827:13
110306.1382,1788876607.3277,2,174.30,12.88,187.18,100.8,15169.7,40872.5,2374.2,3171827:13
110306.2473,1788876607.4368,2,174.30,12.88,187.18,100.5,15169.9,40872.3,2374.2,3171827:13
110306.3568,1788876607.5463,2,174.30,12.88,187.18,100.9,15169.9,40872.3,2374.2,3171827:13
110306.4657,1788876607.6553,2,174.30,12.88,187.18,92.2,15171.4,40870.8,2374.2,3171827:13
110306.5742,1788876607.7638,2,174.43,12.88,187.30,98.7,15171.0,40871.2,2374.2,3171827:13
110306.6858,1788876607.8753,2,174.68,12.88,187.55,100.9,15173.8,40868.4,2374.2,3171827:13
110306.7948,1788876607.9843,2,174.80,12.88,187.68,100.4,15173.8,40868.4,2374.2,3171827:13
110306.9043,1788876608.0939,2,179.18,12.88,192.05,101.2,15174.2,40868.0,2374.2,3171827:13
110307.0130,1788876608.2026,2,180.80,12.88,193.68,92.4,15174.6,40867.7,2374.2,3171827:13
110307.1213,1788876608.3108,2,185.93,12.88,198.80,98.5,15178.9,40863.3,2374.2,3171827:13
110307.2331,1788876608.4226,2,186.41,12.88,199.29,99.4,15182.5,40859.7,2374.2,3171827:13
110307.3436,1788876608.5332,2,189.16,12.88,202.04,92.3,15185.2,40857.0,2374.2,3171827:13
110307.4519,1788876608.6415,2,207.04,12.88,219.91,92.4,15190.8,40851.5,2374.2,3171827:13
110307.5601,1788876608.7496,2,208.71,12.88,221.59,90.9,15194.3,40847.9,2374.2,3171827:13
110307.6701,1788876608.8597,2,210.71,12.88,223.59,97.3,15184.0,40858.2,2374.2,3171827:13
110307.7832,1788876608.9727,2,220.36,12.88,233.23,101.3,15209.5,40832.7,2374.2,3171827:13
110307.8918,1788876609.0813,2,223.86,12.88,236.73,92.2,15209.2,40833.1,2374.2,3171827:13
110308.0002,1788876609.1898,2,223.86,12.88,236.73,100.4,15208.3,40833.9,2374.2,3171827:13
110308.1099,1788876609.2994,2,227.36,12.88,240.23,100.2,15210.6,40831.6,2374.2,3171827:13
110308.2196,1788876609.4091,2,228.86,12.88,241.73,46.3,15210.0,40832.2,2374.2,3171827:13
110308.3276,1788876609.5171,2,228.86,12.88,241.73,0.0,15207.8,40834.4,2374.2,3171827:13
110308.4363,1788876609.6258,2,228.86,12.88,241.73,0.0,15212.7,40829.5,2374.2,3171827:13
110308.5448,1788876609.7343,3,265.98,22.50,288.48,55.0,15226.2,40816.0,2374.2,3171827:13;3171945:10
110308.6540,1788876609.8435,6,265.98,144.05,410.03,96.3,15290.9,40751.3,2374.2,3171827:13;3171945:33;3171946:33;3171947:33;3171948:33
110308.7748,1788876609.9644,6,265.98,198.95,464.94,1244.1,15321.3,40721.0,2374.2,3171827:13;3171945:45;3171946:44;3171947:48;3171948:49
110308.8955,1788876610.0851,6,265.98,286.55,552.53,416.3,15377.2,40665.0,2374.2,3171827:13;3171945:66;3171946:66;3171947:69;3171948:72
110309.0059,1788876610.1954,6,265.98,361.96,627.94,396.4,15432.7,40609.5,2374.2,3171827:13;3171945:86;3171946:86;3171947:87;3171948:89
110309.1169,1788876610.3064,6,267.48,391.83,659.32,365.5,15458.9,40583.3,2374.2,3171827:13;3171945:95;3171946:95;3171947:95;3171948:95
110309.2263,1788876610.4159,6,272.36,391.83,664.19,26.9,15461.2,40581.0,2374.2,3171827:13;3171945:95;3171946:95;3171947:95;3171948:95
110309.3377,1788876610.5273,6,272.36,391.83,664.19,9.1,15461.8,40580.4,2374.2,3171827:13;3171945:95;3171946:95;3171947:95;3171948:95
110309.4479,1788876610.6374,6,273.48,391.83,665.32,54.5,15462.2,40580.0,2374.2,3171827:13;3171945:95;3171946:95;3171947:95;3171948:95
110309.5579,1788876610.7474,6,273.98,391.83,665.82,91.4,15466.7,40575.5,2374.2,3171827:13;3171945:95;3171946:95;3171947:95;3171948:95
110309.6674,1788876610.8569,6,273.98,391.83,665.82,9.1,15470.6,40571.6,2374.2,3171827:13;3171945:95;3171946:95;3171947:95;3171948:95
110309.7773,1788876610.9669,6,273.98,391.83,665.82,0.0,15470.5,40571.7,2374.2,3171827:13;3171945:95;3171946:95;3171947:95;3171948:95
110309.8864,1788876611.0759,6,273.98,391.83,665.82,0.0,15470.5,40571.7,2374.2,3171827:13;3171945:95;3171946:95;3171947:95;3171948:95
110309.9947,1788876611.1842,6,273.98,391.83,665.82,0.0,15472.5,40569.7,2374.2,3171827:13;3171945:95;3171946:95;3171947:95;3171948:95
110310.1073,1788876611.2968,6,274.11,391.83,665.94,0.0,15485.7,40556.5,2374.2,3171827:13;3171945:95;3171946:95;3171947:95;3171948:95
110310.2206,1788876611.4101,6,274.11,391.83,665.94,9.1,15486.2,40556.0,2374.2,3171827:13;3171945:95;3171946:95;3171947:95;3171948:95
110310.3302,1788876611.5198,6,274.11,391.83,665.94,0.0,15481.6,40560.6,2374.2,3171827:13;3171945:95;3171946:95;3171947:95;3171948:95
110310.4396,1788876611.6291,6,274.11,391.83,665.94,0.0,15482.3,40560.0,2374.2,3171827:13;3171945:95;3171946:95;3171947:95;3171948:95
110310.5492,1788876611.7388,6,274.11,391.83,665.94,0.0,15482.0,40560.2,2374.2,3171827:13;3171945:95;3171946:95;3171947:95;3171948:95
110310.6583,1788876611.8479,6,274.11,391.83,665.94,0.0,15482.2,40560.0,2374.2,3171827:13;3171945:95;3171946:95;3171947:95;3171948:95
110310.7685,1788876611.9580,6,284.79,391.83,676.62,54.7,15497.9,40544.3,2374.2,3171827:13;3171945:95;3171946:95;3171947:95;3171948:95
110310.8781,1788876612.0677,6,306.79,391.83,698.62,101.5,15521.3,40520.9,2374.2,3171827:13;3171945:95;3171946:95;3171947:95;3171948:95
110310.9865,1788876612.1761,6,309.32,391.83,701.15,54.9,15527.0,40515.2,2374.2,3171827:13;3171945:95;3171946:95;3171947:95;3171948:95
110311.0958,1788876612.2853,6,310.32,391.83,702.15,99.2,15529.4,40512.8,2374.2,3171827:13;3171945:95;3171946:95;3171947:95;3171948:95
110311.2066,1788876612.3961,6,311.82,391.83,703.65,101.1,15541.0,40501.2,2374.2,3171827:13;3171945:95;3171946:95;3171947:95;3171948:95
110311.3154,1788876612.5050,6,314.94,391.83,706.77,110.4,15544.9,40497.3,2374.2,3171827:13;3171945:95;3171946:95;3171947:95;3171948:95
110311.4241,1788876612.6136,6,319.69,391.83,711.52,101.4,15556.7,40485.5,2374.2,3171827:13;3171945:95;3171946:95;3171947:95;3171948:95
110311.5327,1788876612.7222,6,324.57,391.83,716.40,91.1,15557.0,40485.3,2374.2,3171827:13;3171945:95;3171946:95;3171947:95;3171948:95
110311.6424,1788876612.8319,6,327.69,391.83,719.52,100.4,15556.9,40485.3,2374.2,3171827:13;3171945:95;3171946:95;3171947:95;3171948:95
110311.7519,1788876612.9414,6,330.82,391.83,722.65,110.1,15560.6,40481.6,2374.2,3171827:13;3171945:95;3171946:95;3171947:95;3171948:95
110311.8609,1788876613.0505,6,331.44,391.83,723.27,9.2,15560.8,40481.4,2374.2,3171827:13;3171945:95;3171946:95;3171947:95;3171948:95
110311.9697,1788876613.1593,6,331.44,391.83,723.27,0.0,15560.7,40481.5,2374.2,3171827:13;3171945:95;3171946:95;3171947:95;3171948:95
110312.0788,1788876613.2684,6,331.44,391.83,723.27,0.0,15567.4,40474.8,2374.2,3171827:13;3171945:95;3171946:95;3171947:95;3171948:95
110312.1894,1788876613.3790,6,331.44,391.83,723.27,0.0,15570.8,40471.4,2374.2,3171827:13;3171945:95;3171946:95;3171947:95;3171948:95
110312.2979,1788876613.4874,6,331.44,391.83,723.27,18.4,15571.3,40470.9,2374.2,3171827:13;3171945:95;3171946:95;3171947:95;3171948:95
110312.4072,1788876613.5967,6,331.44,391.83,723.27,0.0,15571.3,40470.9,2374.2,3171827:13;3171945:95;3171946:95;3171947:95;3171948:95
110312.5154,1788876613.7049,6,331.44,391.83,723.27,0.0,15571.3,40470.9,2374.2,3171827:13;3171945:95;3171946:95;3171947:95;3171948:95
110312.6239,1788876613.8134,6,331.44,391.83,723.27,0.0,15571.3,40470.9,2374.2,3171827:13;3171945:95;3171946:95;3171947:95;3171948:95
110312.7333,1788876613.9228,6,331.44,391.83,723.27,0.0,15573.9,40468.3,2374.2,3171827:13;3171945:95;3171946:95;3171947:95;3171948:95
110312.8423,1788876614.0318,6,345.74,391.83,737.57,18.2,15585.1,40457.1,2374.2,3171827:13;3171945:95;3171946:95;3171947:95;3171948:95
110312.9520,1788876614.1416,6,384.99,391.83,776.82,91.2,15624.5,40417.7,2374.2,3171827:13;3171945:95;3171946:95;3171947:95;3171948:95
110313.0617,1788876614.2513,6,384.48,391.83,776.31,99.9,15640.3,40401.9,2374.2,3171827:13;3171945:95;3171946:95;3171947:95;3171948:95
110313.1718,1788876614.3614,6,385.98,391.83,777.81,100.6,15641.1,40401.2,2374.2,3171827:13;3171945:95;3171946:95;3171947:95;3171948:95
110313.2812,1788876614.4707,6,387.48,391.83,779.31,100.2,15643.5,40398.7,2374.2,3171827:13;3171945:95;3171946:95;3171947:95;3171948:95
110313.3909,1788876614.5805,6,387.48,391.83,779.31,101.3,15643.5,40398.7,2374.2,3171827:13;3171945:95;3171946:95;3171947:95;3171948:95
110313.4995,1788876614.6890,6,387.48,391.83,779.31,101.2,15643.5,40398.7,2374.2,3171827:13;3171945:95;3171946:95;3171947:95;3171948:95
110313.6082,1788876614.7977,6,387.61,391.83,779.44,100.5,15637.9,40404.3,2374.2,3171827:13;3171945:95;3171946:95;3171947:95;3171948:95
110313.7176,1788876614.9071,6,387.61,391.83,779.44,100.3,15638.2,40404.0,2374.2,3171827:13;3171945:95;3171946:95;3171947:95;3171948:95
110313.8273,1788876615.0169,6,388.23,391.83,780.06,100.2,15640.2,40402.1,2374.2,3171827:13;3171945:95;3171946:95;3171947:95;3171948:95
110313.9371,1788876615.1266,6,388.48,391.83,780.31,9.2,15640.2,40402.1,2374.2,3171827:13;3171945:95;3171946:95;3171947:95;3171948:95
110314.0458,1788876615.2353,6,388.48,391.83,780.31,9.2,15640.4,40401.8,2374.2,3171827:13;3171945:95;3171946:95;3171947:95;3171948:95
110314.1546,1788876615.3442,6,388.48,391.83,780.31,9.1,15640.4,40401.8,2374.2,3171827:13;3171945:95;3171946:95;3171947:95;3171948:95
110314.2650,1788876615.4545,6,388.48,391.83,780.31,0.0,15640.4,40401.8,2374.2,3171827:13;3171945:95;3171946:95;3171947:95;3171948:95
110314.3741,1788876615.5636,6,388.48,391.83,780.31,0.0,15640.9,40401.3,2374.2,3171827:13;3171945:95;3171946:95;3171947:95;3171948:95
110314.4831,1788876615.6727,6,388.48,391.83,780.31,0.0,15640.9,40401.4,2374.2,3171827:13;3171945:95;3171946:95;3171947:95;3171948:95
110314.5920,1788876615.7815,6,388.48,391.83,780.31,0.0,15639.3,40403.0,2374.2,3171827:13;3171945:95;3171946:95;3171947:95;3171948:95
110314.7003,1788876615.8898,6,388.48,391.83,780.31,0.0,15639.3,40403.0,2374.2,3171827:13;3171945:95;3171946:95;3171947:95;3171948:95
110314.8101,1788876615.9996,6,388.48,391.83,780.31,0.0,15639.3,40403.0,2374.2,3171827:13;3171945:95;3171946:95;3171947:95;3171948:95
110314.9203,1788876616.1098,6,401.53,391.83,793.36,53.5,15654.5,40387.7,2374.2,3171827:13;3171945:95;3171946:95;3171947:95;3171948:95
110315.0323,1788876616.2219,6,426.40,391.83,818.23,109.1,15676.5,40365.7,2374.2,3171827:13;3171945:95;3171946:95;3171947:95;3171948:95
110315.1423,1788876616.3319,6,425.41,391.83,817.25,91.4,15673.8,40368.4,2374.2,3171827:13;3171945:95;3171946:95;3171947:95;3171948:95
110315.2516,1788876616.4412,6,426.91,391.83,818.75,101.0,15673.8,40368.4,2374.2,3171827:13;3171945:95;3171946:95;3171947:95;3171948:95
110315.3606,1788876616.5501,6,427.29,391.83,819.12,100.2,15673.8,40368.5,2374.2,3171827:13;3171945:95;3171946:95;3171947:95;3171948:95
110315.4704,1788876616.6599,6,427.29,391.83,819.12,101.0,15674.9,40367.4,2374.2,3171827:13;3171945:95;3171946:95;3171947:95;3171948:95
110315.5794,1788876616.7690,6,427.29,391.83,819.12,99.4,15674.9,40367.4,2374.2,3171827:13;3171945:95;3171946:95;3171947:95;3171948:95
110315.6899,1788876616.8794,6,427.29,391.83,819.12,110.2,15672.1,40370.1,2374.2,3171827:13;3171945:95;3171946:95;3171947:95;3171948:95
110315.7988,1788876616.9884,6,427.29,391.83,819.12,100.0,15673.6,40368.6,2374.2,3171827:13;3171945:95;3171946:95;3171947:95;3171948:95
110315.9088,1788876617.0984,6,427.29,391.83,819.12,99.1,15677.9,40364.4,2374.2,3171827:13;3171945:95;3171946:95;3171947:95;3171948:95
110316.0198,1788876617.2094,6,428.04,391.83,819.87,45.8,15723.9,40318.3,2374.2,3171827:13;3171945:95;3171946:95;3171947:95;3171948:95
110316.1290,1788876617.3186,6,428.04,391.83,819.87,9.2,15723.9,40318.3,2374.2,3171827:13;3171945:95;3171946:95;3171947:95;3171948:95
110316.2382,1788876617.4277,6,428.04,391.83,819.87,0.0,15725.9,40316.3,2374.2,3171827:13;3171945:95;3171946:95;3171947:95;3171948:95
110316.3472,1788876617.5368,6,428.04,391.83,819.87,0.0,15725.9,40316.3,2374.2,3171827:13;3171945:95;3171946:95;3171947:95;3171948:95
110316.4577,1788876617.6473,6,428.04,391.83,819.87,0.0,15725.9,40316.3,2374.2,3171827:13;3171945:95;3171946:95;3171947:95;3171948:95
110316.5668,1788876617.7563,6,428.04,391.83,819.87,0.0,15726.4,40315.8,2374.2,3171827:13;3171945:95;3171946:95;3171947:95;3171948:95
110316.6749,1788876617.8644,6,428.04,391.83,819.87,0.0,15726.6,40315.6,2374.2,3171827:13;3171945:95;3171946:95;3171947:95;3171948:95
110316.7839,1788876617.9735,6,450.87,391.83,842.70,100.7,15752.4,40289.8,2374.2,3171827:13;3171945:95;3171946:95;3171947:95;3171948:95
110316.8931,1788876618.0827,6,452.13,391.83,843.96,100.9,15760.3,40282.0,2374.2,3171827:13;3171945:95;3171946:95;3171947:95;3171948:95
110317.0022,1788876618.1918,6,452.88,391.83,844.71,98.6,15760.8,40281.4,2374.2,3171827:13;3171945:95;3171946:95;3171947:95;3171948:95
110317.1138,1788876618.3033,6,453.01,391.83,844.84,118.6,15761.0,40281.2,2374.2,3171827:13;3171945:95;3171946:95;3171947:95;3171948:95
110317.2234,1788876618.4129,6,453.01,391.83,844.84,100.6,15763.0,40279.2,2374.2,3171827:13;3171945:95;3171946:95;3171947:95;3171948:95
110317.3328,1788876618.5223,6,453.01,391.83,844.84,91.7,15762.0,40280.2,2374.2,3171827:13;3171945:95;3171946:95;3171947:95;3171948:95
110317.4420,1788876618.6315,6,453.01,391.83,844.84,100.2,15762.0,40280.2,2374.2,3171827:13;3171945:95;3171946:95;3171947:95;3171948:95
110317.5516,1788876618.7412,6,455.38,391.83,847.21,109.1,15759.1,40283.1,2374.2,3171827:13;3171945:95;3171946:95;3171947:95;3171948:95
110317.6617,1788876618.8512,6,455.65,391.83,847.48,92.0,15758.9,40283.3,2374.2,3171827:13;3171945:95;3171946:95;3171947:95;3171948:95
110317.7703,1788876618.9599,6,455.65,391.83,847.48,101.0,15758.9,40283.3,2374.2,3171827:13;3171945:95;3171946:95;3171947:95;3171948:95
110317.8794,1788876619.0689,6,455.65,391.83,847.48,100.1,15758.4,40283.9,2374.2,3171827:13;3171945:95;3171946:95;3171947:95;3171948:95
110317.9892,1788876619.1788,6,455.65,391.83,847.48,100.7,15761.0,40281.3,2374.2,3171827:13;3171945:95;3171946:95;3171947:95;3171948:95
110318.0985,1788876619.2880,6,455.65,391.83,847.48,100.3,15764.4,40277.8,2374.2,3171827:13;3171945:95;3171946:95;3171947:95;3171948:95
110318.2081,1788876619.3976,6,455.65,391.83,847.48,110.2,15763.5,40278.7,2374.2,3171827:13;3171945:95;3171946:95;3171947:95;3171948:95
110318.3170,1788876619.5065,6,457.02,391.83,848.86,100.9,15763.6,40278.6,2374.2,3171827:13;3171945:95;3171946:95;3171947:95;3171948:95
110318.4260,1788876619.6156,6,459.40,391.83,851.23,108.7,15761.9,40280.3,2374.2,3171827:13;3171945:95;3171946:95;3171947:95;3171948:95
110318.5365,1788876619.7260,6,460.27,391.83,852.11,99.8,15761.9,40280.3,2374.2,3171827:13;3171945:95;3171946:95;3171947:95;3171948:95
110318.6466,1788876619.8362,6,461.15,391.83,852.98,91.9,15761.9,40280.3,2374.2,3171827:13;3171945:95;3171946:95;3171947:95;3171948:95
110318.7554,1788876619.9450,6,461.90,391.83,853.73,100.3,15761.9,40280.4,2374.2,3171827:13;3171945:95;3171946:95;3171947:95;3171948:95
110318.8651,1788876620.0547,6,462.65,391.83,854.48,109.2,15757.0,40285.2,2374.2,3171827:13;3171945:95;3171946:95;3171947:95;3171948:95
110318.9750,1788876620.1645,6,463.40,391.83,855.23,99.3,15758.0,40284.2,2374.2,3171827:13;3171945:95;3171946:95;3171947:95;3171948:95
110319.0856,1788876620.2751,6,465.02,391.83,856.86,100.5,15757.5,40284.8,2374.2,3171827:13;3171945:95;3171946:95;3171947:95;3171948:95
110319.1952,1788876620.3848,6,465.90,391.83,857.73,100.3,15758.6,40283.6,2374.2,3171827:13;3171945:95;3171946:95;3171947:95;3171948:95
110319.3050,1788876620.4946,6,466.65,391.83,858.48,100.2,15761.4,40280.8,2374.2,3171827:13;3171945:95;3171946:95;3171947:95;3171948:95
110319.4145,1788876620.6041,6,468.65,391.83,860.48,108.8,15763.5,40278.7,2374.2,3171827:13;3171945:95;3171946:95;3171947:95;3171948:95
110319.5248,1788876620.7144,6,471.06,391.83,862.89,108.0,15763.5,40278.7,2374.2,3171827:13;3171945:95;3171946:95;3171947:95;3171948:95
110319.6359,1788876620.8255,6,472.23,391.83,864.06,101.1,15763.5,40278.7,2374.2,3171827:13;3171945:95;3171946:95;3171947:95;3171948:95
110319.7447,1788876620.9343,6,473.98,391.83,865.81,99.4,15763.5,40278.7,2374.2,3171827:13;3171945:95;3171946:95;3171947:95;3171948:95
110319.8554,1788876621.0450,6,475.73,391.83,867.56,100.9,15762.2,40280.1,2374.2,3171827:13;3171945:95;3171946:95;3171947:95;3171948:95
110319.9644,1788876621.1539,6,475.73,391.83,867.56,100.3,15763.4,40278.9,2374.2,3171827:13;3171945:95;3171946:95;3171947:95;3171948:95
110320.0740,1788876621.2636,6,475.98,391.83,867.81,100.6,15761.4,40280.9,2374.2,3171827:13;3171945:95;3171946:95;3171947:95;3171948:95
110320.1834,1788876621.3729,6,477.10,391.83,868.93,101.1,15761.4,40280.9,2374.2,3171827:13;3171945:95;3171946:95;3171947:95;3171948:95
110320.2922,1788876621.4817,6,481.92,391.83,873.75,91.9,15761.4,40280.9,2374.2,3171827:13;3171945:95;3171946:95;3171947:95;3171948:95
110320.4011,1788876621.5906,6,482.41,391.83,874.24,100.8,15762.6,40279.6,2374.2,3171827:13;3171945:95;3171946:95;3171947:95;3171948:95
110320.5103,1788876621.6998,6,482.41,391.83,874.24,100.4,15763.1,40279.2,2374.2,3171827:13;3171945:95;3171946:95;3171947:95;3171948:95
110320.6198,1788876621.8093,6,482.41,391.83,874.24,101.3,15763.1,40279.2,2374.2,3171827:13;3171945:95;3171946:95;3171947:95;3171948:95
110320.7283,1788876621.9179,6,482.41,391.83,874.24,99.1,15763.1,40279.2,2374.2,3171827:13;3171945:95;3171946:95;3171947:95;3171948:95
110320.8394,1788876622.0289,6,482.41,391.83,874.24,101.2,15763.1,40279.2,2374.2,3171827:13;3171945:95;3171946:95;3171947:95;3171948:95
110320.9480,1788876622.1376,6,482.79,391.83,874.62,99.5,15762.8,40279.4,2374.2,3171827:13;3171945:95;3171946:95;3171947:95;3171948:95
110321.0587,1788876622.2483,6,482.91,391.83,874.74,99.8,15762.8,40279.4,2374.2,3171827:13;3171945:95;3171946:95;3171947:95;3171948:95
110321.1689,1788876622.3585,6,482.91,391.83,874.74,101.4,15762.8,40279.4,2374.2,3171827:13;3171945:95;3171946:95;3171947:95;3171948:95
110321.2774,1788876622.4669,6,483.62,391.83,875.46,100.3,15764.0,40278.2,2374.2,3171827:13;3171945:95;3171946:95;3171947:95;3171948:95
110321.3870,1788876622.5765,6,488.38,391.83,880.21,100.5,15764.0,40278.2,2374.2,3171827:13;3171945:95;3171946:95;3171947:95;3171948:95
110321.4966,1788876622.6861,6,494.86,391.83,886.70,110.1,15764.0,40278.2,2374.2,3171827:13;3171945:95;3171946:95;3171947:95;3171948:95
110321.6056,1788876622.7951,6,492.57,391.83,884.40,91.6,15764.2,40278.0,2374.2,3171827:13;3171945:95;3171946:95;3171947:95;3171948:95
110321.7147,1788876622.9043,6,492.57,391.83,884.40,101.0,15764.2,40278.0,2374.2,3171827:13;3171945:95;3171946:95;3171947:95;3171948:95
110321.8237,1788876623.0132,6,493.94,391.83,885.77,101.4,15764.2,40278.0,2374.2,3171827:13;3171945:95;3171946:95;3171947:95;3171948:95
110321.9322,1788876623.1217,6,495.44,391.83,887.27,99.2,15764.2,40278.0,2374.2,3171827:13;3171945:95;3171946:95;3171947:95;3171948:95
110322.0431,1788876623.2326,6,496.82,391.83,888.65,100.4,15764.5,40277.7,2374.2,3171827:13;3171945:95;3171946:95;3171947:95;3171948:95
110322.1527,1788876623.3423,6,497.69,391.83,889.52,109.6,15764.5,40277.7,2374.2,3171827:13;3171945:95;3171946:95;3171947:95;3171948:95
110322.2621,1788876623.4516,6,498.07,391.83,889.90,101.1,15764.5,40277.7,2374.2,3171827:13;3171945:95;3171946:95;3171947:95;3171948:95
110322.3708,1788876623.5604,6,499.07,391.83,890.90,108.8,15765.0,40277.2,2374.2,3171827:13;3171945:95;3171946:95;3171947:95;3171948:95
110322.4812,1788876623.6708,6,499.68,391.83,891.51,110.5,15765.0,40277.2,2374.2,3171827:13;3171945:95;3171946:95;3171947:95;3171948:95
110322.5898,1788876623.7793,6,499.93,391.83,891.76,100.3,15763.5,40278.7,2374.2,3171827:13;3171945:95;3171946:95;3171947:95;3171948:95
110322.6994,1788876623.8890,6,500.30,391.83,892.14,99.8,15763.4,40278.9,2374.2,3171827:13;3171945:95;3171946:95;3171947:95;3171948:95
110322.8096,1788876623.9991,6,547.81,391.83,939.64,144.7,15806.8,40235.4,2374.2,3171827:13;3171945:95;3171946:95;3171947:95;3171948:95
110322.9203,1788876624.1098,6,531.73,422.02,953.75,200.1,15823.0,40219.2,2374.2,3171827:13;3171945:102;3171946:102;3171947:102;3171948:103
110323.0301,1788876624.2197,6,531.73,562.14,1093.87,398.9,15856.7,40185.5,2374.2,3171827:13;3171945:137;3171946:137;3171947:137;3171948:138
110323.1405,1788876624.3300,6,532.23,648.39,1180.62,353.9,15921.1,40121.1,2374.2,3171827:13;3171945:171;3171946:163;3171947:150;3171948:151
110323.2506,1788876624.4402,6,532.23,636.32,1168.55,378.2,15974.1,40068.1,2374.2,3171827:13;3171945:159;3171946:157;3171947:153;3171948:154
110323.3617,1788876624.5513,6,532.23,636.70,1168.92,8.9,15973.8,40068.4,2374.2,3171827:13;3171945:159;3171946:157;3171947:154;3171948:154
110323.4737,1788876624.6632,6,532.23,636.70,1168.92,9.1,15973.8,40068.4,2374.2,3171827:13;3171945:159;3171946:157;3171947:154;3171948:154
110323.5834,1788876624.7730,6,532.23,700.28,1232.51,170.6,15983.6,40058.7,2374.2,3171827:13;3171945:175;3171946:173;3171947:170;3171948:170
110323.6948,1788876624.8843,6,532.23,709.80,1242.03,45.6,15986.6,40055.7,2374.2,3171827:13;3171945:177;3171946:175;3171947:172;3171948:173
110323.8041,1788876624.9937,6,532.23,710.80,1243.02,45.0,15987.1,40055.2,2374.2,3171827:13;3171945:178;3171946:175;3171947:173;3171948:173
110323.9153,1788876625.1048,6,532.23,710.80,1243.02,0.0,15981.0,40061.2,2374.2,3171827:13;3171945:178;3171946:175;3171947:173;3171948:173
110324.0238,1788876625.2133,6,532.23,712.98,1245.21,45.4,15983.7,40058.6,2374.2,3171827:13;3171945:178;3171946:176;3171947:173;3171948:173
110324.1339,1788876625.3235,6,532.23,746.06,1278.29,243.0,16027.2,40015.0,2374.2,3171827:13;3171945:179;3171946:177;3171947:190;3171948:188
110324.2451,1788876625.4346,6,532.23,726.05,1258.28,346.0,16031.8,40010.4,2374.2,3171827:13;3171945:180;3171946:177;3171947:177;3171948:180
110324.3548,1788876625.5444,6,532.23,726.62,1258.84,18.2,16031.7,40010.5,2374.2,3171827:13;3171945:180;3171946:177;3171947:177;3171948:180
110324.4648,1788876625.6544,6,532.23,728.02,1260.25,45.2,16031.7,40010.5,2374.2,3171827:13;3171945:180;3171946:177;3171947:177;3171948:180
110324.5755,1788876625.7650,6,532.23,728.69,1260.91,27.6,16031.7,40010.5,2374.2,3171827:13;3171945:180;3171946:178;3171947:178;3171948:180
110324.6842,1788876625.8737,6,532.23,729.38,1261.61,64.4,16031.7,40010.5,2374.2,3171827:13;3171945:180;3171946:178;3171947:178;3171948:181
110324.7931,1788876625.9826,6,532.23,731.17,1263.39,46.0,16032.7,40009.6,2374.2,3171827:13;3171945:181;3171946:178;3171947:178;3171948:181
110324.9021,1788876626.0916,6,532.23,733.80,1266.02,82.2,16033.6,40008.6,2374.2,3171827:13;3171945:181;3171946:179;3171947:179;3171948:182
110325.0116,1788876626.2011,6,532.23,735.13,1267.36,63.7,16037.6,40004.6,2374.2,3171827:13;3171945:182;3171946:179;3171947:179;3171948:182
110325.1216,1788876626.3112,6,532.23,736.77,1269.00,91.4,16038.1,40004.1,2374.2,3171827:13;3171945:182;3171946:180;3171947:180;3171948:183
110325.2310,1788876626.4206,6,532.23,737.65,1269.88,54.6,16038.1,40004.1,2374.2,3171827:13;3171945:181;3171946:180;3171947:180;3171948:183
110325.3411,1788876626.5307,6,532.23,740.69,1272.92,108.5,16033.1,40009.1,2374.2,3171827:13;3171945:183;3171946:181;3171947:180;3171948:185
110325.4518,1788876626.6413,6,532.23,741.13,1273.36,27.4,16033.4,40008.8,2374.2,3171827:13;3171945:183;3171946:181;3171947:180;3171948:185
110325.5611,1788876626.7506,6,532.23,742.10,1274.33,81.3,16033.6,40008.6,2374.2,3171827:13;3171945:183;3171946:181;3171947:180;3171948:185
110325.6719,1788876626.8615,6,532.23,744.15,1276.38,81.9,16055.8,39986.4,2374.2,3171827:13;3171945:183;3171946:181;3171947:181;3171948:185
110325.7819,1788876626.9714,6,532.23,746.63,1278.86,100.6,16056.5,39985.7,2374.2,3171827:13;3171945:184;3171946:182;3171947:182;3171948:187
110325.8913,1788876627.0808,6,532.23,747.39,1279.61,72.0,16096.1,39946.1,2374.2,3171827:13;3171945:184;3171946:182;3171947:183;3171948:187
110326.0024,1788876627.1919,6,532.23,749.00,1281.23,45.9,16097.1,39945.1,2374.2,3171827:13;3171945:184;3171946:182;3171947:183;3171948:187
110326.1115,1788876627.3011,6,532.23,750.00,1282.23,36.6,16097.1,39945.1,2374.2,3171827:13;3171945:185;3171946:182;3171947:183;3171948:187
110326.2209,1788876627.4105,6,532.23,749.36,1281.59,60.5,16097.1,39945.1,2374.2,3171827:13;3171945:185;3171946:181;3171947:183;3171948:187
110326.3366,1788876627.5262,6,532.35,751.29,1283.64,91.3,16097.1,39945.2,2374.2,3171827:13;3171945:185;3171946:181;3171947:185;3171948:187
110326.4463,1788876627.6358,6,532.35,751.99,1284.34,114.9,16090.1,39952.2,2374.2,3171827:13;3171945:186;3171946:181;3171947:185;3171948:187
110326.5592,1788876627.7487,6,532.35,753.77,1286.12,82.3,16090.1,39952.2,2374.2,3171827:13;3171945:186;3171946:181;3171947:186;3171948:188
110326.6685,1788876627.8581,6,532.35,754.54,1286.89,54.8,16090.6,39951.7,2374.2,3171827:13;3171945:186;3171946:181;3171947:186;3171948:188
110326.7779,1788876627.9675,6,532.35,755.68,1288.04,64.1,16090.6,39951.7,2374.2,3171827:13;3171945:186;3171946:181;3171947:187;3171948:189
110326.8872,1788876628.0767,6,532.35,756.70,1289.05,98.8,15814.9,40227.3,2374.2,3171827:13;3171945:186;3171946:181;3171947:187;3171948:189
110326.9985,1788876628.1880,6,532.35,759.93,1292.28,128.2,15828.6,40213.6,2374.2,3171827:13;3171945:186;3171946:182;3171947:189;3171948:190
110327.1077,1788876628.2972,6,532.48,762.33,1294.81,190.9,15833.2,40209.0,2374.2,3171827:13;3171945:186;3171946:182;3171947:191;3171948:190
110327.2178,1788876628.4073,6,532.48,763.73,1296.21,90.4,15827.0,40215.3,2374.2,3171827:13;3171945:187;3171946:182;3171947:192;3171948:190
110327.3283,1788876628.5179,6,532.48,765.39,1297.87,109.6,15829.9,40212.3,2374.2,3171827:13;3171945:187;3171946:183;3171947:192;3171948:190
110327.4377,1788876628.6272,6,532.48,766.51,1298.99,72.9,15843.0,40199.2,2374.2,3171827:13;3171945:188;3171946:183;3171947:193;3171948:190
110327.5474,1788876628.7369,6,532.48,767.38,1299.86,63.8,15842.7,40199.5,2374.2,3171827:13;3171945:188;3171946:183;3171947:193;3171948:191
110327.6571,1788876628.8467,6,532.48,768.30,1300.78,18.2,15842.7,40199.5,2374.2,3171827:13;3171945:188;3171946:183;3171947:193;3171948:191
110327.7668,1788876628.9564,6,532.48,769.09,1301.57,100.7,15833.9,40208.3,2374.2,3171827:13;3171945:189;3171946:183;3171947:194;3171948:191
110327.8760,1788876629.0656,6,532.48,769.78,1302.26,36.5,15848.4,40193.9,2374.2,3171827:13;3171945:189;3171946:183;3171947:195;3171948:191
110327.9855,1788876629.1750,6,532.48,770.93,1303.41,45.6,15867.6,40174.6,2374.2,3171827:13;3171945:189;3171946:183;3171947:195;3171948:191
110328.0950,1788876629.2845,6,532.48,772.35,1304.82,36.6,15869.3,40172.9,2374.2,3171827:13;3171945:190;3171946:183;3171947:196;3171948:191
110328.2040,1788876629.3936,6,532.48,773.79,1306.26,110.1,15874.0,40168.3,2374.2,3171827:13;3171945:190;3171946:181;3171947:200;3171948:191
110328.3131,1788876629.5027,6,532.48,774.82,1307.29,73.1,15873.9,40168.3,2374.2,3171827:13;3171945:190;3171946:181;3171947:200;3171948:191
110328.4225,1788876629.6120,6,532.48,776.20,1308.68,63.9,15876.5,40165.8,2374.2,3171827:13;3171945:190;3171946:181;3171947:201;3171948:192
110328.5322,1788876629.7217,6,532.48,778.72,1311.20,73.4,15875.6,40166.7,2374.2,3171827:13;3171945:190;3171946:182;3171947:202;3171948:192
110328.6412,1788876629.8308,6,532.48,781.49,1313.97,182.0,15875.1,40167.1,2374.2,3171827:13;3171945:191;3171946:182;3171947:204;3171948:193
110328.7512,1788876629.9408,6,532.48,782.57,1315.05,45.8,15874.8,40167.4,2374.2,3171827:13;3171945:191;3171946:182;3171947:204;3171948:193
110328.8602,1788876630.0497,6,532.48,787.15,1319.62,174.3,15859.5,40182.7,2374.2,3171827:13;3171945:192;3171946:183;3171947:207;3171948:192
110328.9692,1788876630.1587,6,532.48,787.36,1319.84,45.5,15876.8,40165.4,2374.0,3171827:13;3171945:193;3171946:183;3171947:207;3171948:193
110329.0790,1788876630.2686,6,532.48,788.70,1321.18,63.3,15876.8,40165.4,2374.0,3171827:13;3171945:193;3171946:183;3171947:207;3171948:193
110329.1895,1788876630.3790,6,532.48,790.06,1322.54,36.5,15877.0,40165.2,2374.0,3171827:13;3171945:193;3171946:183;3171947:207;3171948:193
110329.2989,1788876630.4884,6,532.48,791.55,1324.03,137.0,15880.2,40162.1,2374.0,3171827:13;3171945:195;3171946:182;3171947:208;3171948:193
110329.4084,1788876630.5979,6,532.48,792.66,1325.14,82.4,15881.2,40161.0,2374.0,3171827:13;3171945:196;3171946:182;3171947:209;3171948:193
110329.5177,1788876630.7072,6,532.48,796.20,1328.67,145.6,15885.0,40157.2,2374.0,3171827:13;3171945:198;3171946:182;3171947:210;3171948:194
110329.6277,1788876630.8172,6,532.48,796.55,1329.03,36.4,15884.1,40158.2,2374.0,3171827:13;3171945:198;3171946:182;3171947:210;3171948:194
110329.7374,1788876630.9269,6,532.48,798.70,1331.17,73.3,15881.6,40160.6,2374.0,3171827:13;3171945:198;3171946:183;3171947:211;3171948:194
110329.8467,1788876631.0362,6,532.48,798.84,1331.31,36.8,15883.1,40159.1,2374.0,3171827:13;3171945:198;3171946:182;3171947:211;3171948:194
110329.9555,1788876631.1451,6,532.48,798.89,1331.37,45.9,15885.3,40157.0,2373.8,3171827:13;3171945:198;3171946:183;3171947:212;3171948:193
110330.0644,1788876631.2539,6,532.48,798.89,1331.37,9.1,15884.9,40157.3,2373.8,3171827:13;3171945:198;3171946:183;3171947:212;3171948:193
110330.1746,1788876631.3641,6,532.48,799.70,1332.18,63.5,15880.4,40161.9,2373.8,3171827:13;3171945:198;3171946:183;3171947:212;3171948:193
110330.2850,1788876631.4745,6,532.48,801.61,1334.09,45.8,15882.6,40159.6,2373.8,3171827:13;3171945:198;3171946:184;3171947:213;3171948:194
110330.3943,1788876631.5838,6,532.48,802.52,1335.00,27.3,15881.4,40160.8,2373.8,3171827:13;3171945:198;3171946:184;3171947:213;3171948:194
110330.5040,1788876631.6935,6,532.48,802.52,1335.00,0.0,15882.4,40159.8,2373.8,3171827:13;3171945:198;3171946:184;3171947:213;3171948:194
110330.6140,1788876631.8035,6,532.48,803.36,1335.83,36.2,15889.3,40152.9,2373.8,3171827:13;3171945:198;3171946:185;3171947:213;3171948:194
110330.7244,1788876631.9139,6,532.48,803.25,1335.72,45.6,15887.6,40154.7,2373.8,3171827:13;3171945:198;3171946:184;3171947:213;3171948:195
110330.8339,1788876632.0235,6,532.48,806.16,1338.64,116.6,15885.4,40156.8,2373.8,3171827:13;3171945:198;3171946:185;3171947:214;3171948:196
110330.9454,1788876632.1349,6,532.48,806.44,1338.92,27.5,15890.7,40151.5,2373.5,3171827:13;3171945:198;3171946:185;3171947:214;3171948:196
110331.0544,1788876632.2439,6,532.48,808.89,1341.36,155.9,15945.7,40096.5,2373.2,3171827:13;3171945:199;3171946:187;3171947:214;3171948:196
110331.1634,1788876632.3529,6,532.48,810.51,1342.99,36.8,15947.5,40094.7,2373.2,3171827:13;3171945:200;3171946:188;3171947:214;3171948:196
110331.2723,1788876632.4618,6,532.48,811.99,1344.47,117.8,15948.7,40093.6,2373.2,3171827:13;3171945:201;3171946:188;3171947:214;3171948:197
110331.3826,1788876632.5721,6,532.48,812.31,1344.79,18.1,15948.7,40093.6,2373.2,3171827:13;3171945:201;3171946:188;3171947:214;3171948:197
110331.4933,1788876632.6828,6,532.48,814.27,1346.75,72.1,15948.7,40093.5,2373.2,3171827:13;3171945:201;3171946:189;3171947:214;3171948:197
110331.6043,1788876632.7938,6,532.48,818.48,1350.96,36.0,15953.6,40088.6,2373.2,3171827:13;3171945:204;3171946:190;3171947:215;3171948:197
110331.7151,1788876632.9046,6,532.60,817.42,1350.02,152.3,15948.5,40093.7,2373.2,3171827:13;3171945:204;3171946:190;3171947:212;3171948:198
110331.8268,1788876633.0163,6,532.60,817.95,1350.55,27.5,15950.5,40091.7,2373.2,3171827:13;3171945:204;3171946:190;3171947:212;3171948:199
110331.9359,1788876633.1254,6,532.60,819.46,1352.06,82.5,15939.5,40102.7,2373.2,3171827:13;3171945:205;3171946:190;3171947:212;3171948:199
110332.0448,1788876633.2344,6,532.60,820.23,1352.84,9.1,15939.2,40103.0,2373.2,3171827:13;3171945:205;3171946:190;3171947:212;3171948:200
110332.1544,1788876633.3440,6,532.60,820.09,1352.69,18.3,15938.9,40103.3,2373.2,3171827:13;3171945:205;3171946:190;3171947:212;3171948:200
110332.2635,1788876633.4530,6,532.60,820.00,1352.61,36.4,15940.1,40102.1,2373.2,3171827:13;3171945:205;3171946:191;3171947:212;3171948:200
110332.3734,1788876633.5629,6,532.60,820.75,1353.36,63.1,15940.3,40102.0,2373.2,3171827:13;3171945:205;3171946:191;3171947:212;3171948:200
110332.4842,1788876633.6738,6,532.60,821.14,1353.74,9.0,15940.3,40102.0,2373.2,3171827:13;3171945:205;3171946:191;3171947:212;3171948:200
110332.5954,1788876633.7850,6,532.60,822.33,1354.93,18.0,15940.5,40101.7,2373.2,3171827:13;3171945:206;3171946:192;3171947:212;3171948:200
110332.7066,1788876633.8961,6,532.60,821.66,1354.27,27.4,15940.5,40101.7,2373.2,3171827:13;3171945:206;3171946:192;3171947:212;3171948:200
110332.8159,1788876634.0054,6,532.60,822.95,1355.55,82.6,15939.6,40102.6,2373.2,3171827:13;3171945:206;3171946:193;3171947:211;3171948:201
110332.9250,1788876634.1145,6,532.60,823.53,1356.13,18.2,15939.1,40103.1,2373.2,3171827:13;3171945:206;3171946:193;3171947:211;3171948:201
110333.0353,1788876634.2249,6,532.60,823.86,1356.46,45.8,15939.4,40102.8,2373.2,3171827:13;3171945:206;3171946:193;3171947:211;3171948:201
110333.1445,1788876634.3341,6,532.73,824.73,1357.46,45.6,15941.9,40100.3,2373.2,3171827:13;3171945:206;3171946:194;3171947:211;3171948:201
110333.2541,1788876634.4436,6,532.73,826.42,1359.15,55.0,15955.1,40087.1,2373.2,3171827:13;3171945:206;3171946:194;3171947:212;3171948:201
110333.3632,1788876634.5527,6,532.73,826.26,1358.99,18.2,15974.0,40068.2,2373.2,3171827:13;3171945:206;3171946:194;3171947:212;3171948:201
110333.4729,1788876634.6624,6,532.73,826.87,1359.60,82.5,15967.8,40074.4,2373.2,3171827:13;3171945:206;3171946:194;3171947:212;3171948:202
110333.5820,1788876634.7715,6,532.73,827.29,1360.02,27.4,15967.8,40074.4,2373.2,3171827:13;3171945:206;3171946:194;3171947:212;3171948:202
110333.6913,1788876634.8809,6,532.73,827.99,1360.72,63.0,15968.8,40073.5,2373.2,3171827:13;3171945:206;3171946:194;3171947:212;3171948:203
110333.8023,1788876634.9918,6,532.73,827.83,1360.56,18.2,15965.8,40076.4,2373.2,3171827:13;3171945:206;3171946:194;3171947:212;3171948:203
110333.9118,1788876635.1014,6,532.73,828.31,1361.04,18.2,15979.3,40062.9,2373.2,3171827:13;3171945:206;3171946:194;3171947:212;3171948:203
110334.0214,1788876635.2109,6,532.73,828.43,1361.16,0.0,15949.8,40092.4,2373.2,3171827:13;3171945:206;3171946:195;3171947:212;3171948:203
110334.1311,1788876635.3207,6,532.73,829.58,1362.30,54.6,15964.3,40077.9,2373.2,3171827:13;3171945:206;3171946:195;3171947:213;3171948:203
110334.2412,1788876635.4307,6,532.73,829.55,1362.28,9.1,15966.2,40076.0,2373.2,3171827:13;3171945:206;3171946:195;3171947:213;3171948:203
110334.3513,1788876635.5408,6,532.73,830.70,1363.42,91.0,15996.2,40046.0,2373.2,3171827:13;3171945:206;3171946:196;3171947:212;3171948:203
110334.4611,1788876635.6507,6,532.73,830.95,1363.68,9.1,15998.5,40043.7,2373.2,3171827:13;3171945:206;3171946:197;3171947:212;3171948:203
110334.5706,1788876635.7601,6,532.73,831.67,1364.40,18.2,15999.6,40042.6,2373.2,3171827:13;3171945:207;3171946:197;3171947:212;3171948:203
110334.6800,1788876635.8696,6,532.73,832.29,1365.02,27.5,16002.5,40039.7,2373.2,3171827:13;3171945:207;3171946:197;3171947:212;3171948:203
110334.7891,1788876635.9787,6,532.73,833.21,1365.94,36.3,16004.2,40038.0,2373.2,3171827:13;3171945:207;3171946:197;3171947:212;3171948:203
110334.8994,1788876636.0890,6,532.73,833.71,1366.44,18.2,15995.1,40047.1,2373.2,3171827:13;3171945:208;3171946:197;3171947:212;3171948:203
110335.0092,1788876636.1988,6,532.73,834.83,1367.56,71.9,15982.5,40059.7,2373.2,3171827:13;3171945:209;3171946:198;3171947:212;3171948:204
110335.1205,1788876636.3100,6,532.85,835.21,1368.06,18.2,15982.5,40059.7,2373.2,3171827:13;3171945:209;3171946:198;3171947:212;3171948:204
110335.2309,1788876636.4204,6,532.85,837.46,1370.32,63.6,15982.3,40059.9,2373.0,3171827:13;3171945:210;3171946:199;3171947:212;3171948:204
110335.3409,1788876636.5304,6,532.85,837.73,1370.58,54.7,15984.4,40057.8,2373.0,3171827:13;3171945:210;3171946:199;3171947:212;3171948:204
110335.4503,1788876636.6398,6,532.85,840.00,1372.85,72.8,15984.9,40057.4,2373.0,3171827:13;3171945:211;3171946:200;3171947:212;3171948:204
110335.5602,1788876636.7498,6,532.85,840.24,1373.09,27.3,15980.9,40061.3,2373.0,3171827:13;3171945:211;3171946:200;3171947:212;3171948:205
110335.6702,1788876636.8597,6,532.85,842.59,1375.44,64.2,15985.3,40056.9,2373.0,3171827:13;3171945:211;3171946:202;3171947:212;3171948:205
110335.7794,1788876636.9690,6,532.85,843.07,1375.92,36.7,15989.0,40053.2,2373.0,3171827:13;3171945:211;3171946:202;3171947:212;3171948:205
110335.8886,1788876637.0781,6,532.85,844.00,1376.86,36.7,15989.2,40053.0,2373.0,3171827:13;3171945:211;3171946:203;3171947:212;3171948:205
110335.9978,1788876637.1873,6,532.85,844.59,1377.44,35.8,15985.6,40056.6,2373.0,3171827:13;3171945:212;3171946:203;3171947:212;3171948:205
110336.1097,1788876637.2992,6,532.85,845.95,1378.80,36.3,15987.1,40055.2,2373.0,3171827:13;3171945:212;3171946:203;3171947:212;3171948:205
110336.2199,1788876637.4094,6,532.98,844.97,1377.95,36.5,15991.5,40050.7,2373.0,3171827:13;3171945:211;3171946:205;3171947:212;3171948:205
110336.3293,1788876637.5189,6,532.98,845.30,1378.27,36.0,15992.0,40050.2,2373.0,3171827:13;3171945:211;3171946:205;3171947:212;3171948:205
110336.4403,1788876637.6298,6,532.98,845.69,1378.67,18.0,15992.0,40050.2,2373.0,3171827:13;3171945:211;3171946:205;3171947:212;3171948:205
110336.5514,1788876637.7409,6,532.98,845.76,1378.73,0.0,15992.0,40050.2,2373.0,3171827:13;3171945:211;3171946:205;3171947:212;3171948:205
110336.6626,1788876637.8521,6,532.98,845.88,1378.86,9.0,15992.7,40049.5,2373.0,3171827:13;3171945:211;3171946:205;3171947:212;3171948:205
110336.7742,1788876637.9637,6,532.98,847.74,1380.72,73.5,15993.5,40048.8,2373.0,3171827:13;3171945:213;3171946:205;3171947:212;3171948:205
110336.8830,1788876638.0725,6,532.98,848.86,1381.84,27.6,15992.2,40050.0,2373.0,3171827:13;3171945:213;3171946:206;3171947:212;3171948:205
110336.9917,1788876638.1813,6,532.98,850.18,1383.15,63.9,15992.5,40049.7,2373.0,3171827:13;3171945:214;3171946:206;3171947:213;3171948:205
110337.1010,1788876638.2906,6,532.98,850.40,1383.38,9.2,15993.0,40049.3,2373.0,3171827:13;3171945:214;3171946:206;3171947:213;3171948:205
110337.2101,1788876638.3996,6,532.98,853.05,1386.02,90.4,15995.4,40046.8,2373.0,3171827:13;3171945:214;3171946:207;3171947:213;3171948:207
110337.3207,1788876638.5103,6,532.98,853.18,1386.16,9.0,15995.4,40046.8,2373.0,3171827:13;3171945:214;3171946:207;3171947:213;3171948:207
110337.4314,1788876638.6209,6,532.98,852.84,1385.82,36.5,16004.6,40037.7,2373.0,3171827:13;3171945:214;3171946:207;3171947:212;3171948:207
110337.5409,1788876638.7304,6,532.98,852.95,1385.92,27.6,16004.6,40037.7,2373.0,3171827:13;3171945:214;3171946:207;3171947:212;3171948:207
110337.6496,1788876638.8392,6,532.98,854.60,1387.57,45.4,16004.6,40037.7,2373.0,3171827:13;3171945:214;3171946:208;3171947:213;3171948:207
110337.7597,1788876638.9492,6,532.98,854.50,1387.48,64.3,16008.0,40034.2,2373.0,3171827:13;3171945:214;3171946:208;3171947:212;3171948:207
110337.8687,1788876639.0582,6,532.98,857.43,1390.40,100.9,16009.2,40033.1,2373.0,3171827:13;3171945:214;3171946:209;3171947:214;3171948:208
110337.9777,1788876639.1672,6,532.98,858.20,1391.18,18.2,16009.3,40032.9,2373.0,3171827:13;3171945:214;3171946:209;3171947:214;3171948:208
110338.0873,1788876639.2768,6,532.98,859.37,1392.35,27.6,16012.3,40029.9,2373.0,3171827:13;3171945:214;3171946:209;3171947:214;3171948:209
110338.1963,1788876639.3858,6,532.98,865.24,1398.22,54.0,16020.2,40022.0,2373.0,3171827:13;3171945:219;3171946:209;3171947:214;3171948:209
110338.3074,1788876639.4969,6,532.98,859.32,1392.30,36.4,16017.6,40024.6,2373.0,3171827:13;3171945:214;3171946:208;3171947:214;3171948:209
110338.4171,1788876639.6067,6,532.98,859.59,1392.57,9.1,16017.6,40024.6,2373.0,3171827:13;3171945:215;3171946:208;3171947:214;3171948:209
110338.5267,1788876639.7163,6,532.98,860.62,1393.60,36.8,16017.9,40024.4,2373.0,3171827:13;3171945:215;3171946:209;3171947:214;3171948:210
110338.6356,1788876639.8251,6,532.98,860.75,1393.73,9.0,16017.9,40024.4,2373.0,3171827:13;3171945:215;3171946:209;3171947:214;3171948:210
110338.7460,1788876639.9356,6,532.98,862.24,1395.21,99.5,16017.9,40024.4,2373.0,3171827:13;3171945:216;3171946:209;3171947:214;3171948:210
110338.8567,1788876640.0462,6,532.98,862.45,1395.43,27.1,16017.8,40024.4,2373.0,3171827:13;3171945:216;3171946:209;3171947:214;3171948:210
110338.9675,1788876640.1570,6,532.98,863.68,1396.65,27.6,16017.8,40024.4,2373.0,3171827:13;3171945:217;3171946:209;3171947:215;3171948:211
110339.0763,1788876640.2659,6,532.98,863.96,1396.94,9.2,16017.6,40024.6,2373.0,3171827:13;3171945:217;3171946:209;3171947:215;3171948:211
110339.1854,1788876640.3750,6,532.98,865.09,1398.07,36.4,16019.4,40022.9,2373.0,3171827:13;3171945:217;3171946:209;3171947:215;3171948:211
110339.2951,1788876640.4847,6,532.98,864.84,1397.81,18.4,16019.4,40022.9,2373.0,3171827:13;3171945:217;3171946:209;3171947:215;3171948:211
110339.4042,1788876640.5938,6,532.98,865.61,1398.59,54.8,16019.3,40022.9,2373.0,3171827:13;3171945:217;3171946:209;3171947:215;3171948:212
110339.5138,1788876640.7033,6,532.98,865.74,1398.71,9.1,16019.3,40022.9,2373.0,3171827:13;3171945:217;3171946:209;3171947:215;3171948:212
110339.6237,1788876640.8132,6,532.98,866.16,1399.13,9.1,16019.3,40022.9,2373.0,3171827:13;3171945:218;3171946:209;3171947:215;3171948:212
110339.7338,1788876640.9234,6,532.98,866.28,1399.26,0.0,16019.3,40022.9,2373.0,3171827:13;3171945:218;3171946:209;3171947:215;3171948:212
110339.8454,1788876641.0349,6,532.98,867.96,1400.93,72.8,16019.8,40022.5,2373.0,3171827:13;3171945:218;3171946:210;3171947:215;3171948:212
110339.9554,1788876641.1449,6,532.98,868.69,1401.67,36.4,16020.7,40021.5,2373.0,3171827:13;3171945:218;3171946:210;3171947:215;3171948:212
110340.0650,1788876641.2546,6,532.98,869.67,1402.65,27.3,16021.5,40020.7,2373.0,3171827:13;3171945:218;3171946:211;3171947:215;3171948:213
110340.1747,1788876641.3643,6,532.98,870.05,1403.03,36.7,16022.2,40020.0,2373.0,3171827:13;3171945:218;3171946:211;3171947:216;3171948:213
110340.2838,1788876641.4734,6,532.98,874.48,1407.46,91.8,16035.2,40007.0,2373.0,3171827:13;3171945:218;3171946:214;3171947:216;3171948:213
110340.3927,1788876641.5823,6,532.98,875.05,1408.03,18.4,16035.2,40007.0,2373.0,3171827:13;3171945:219;3171946:214;3171947:216;3171948:214
110340.5019,1788876641.6915,6,532.98,877.58,1410.56,110.1,16035.2,40007.0,2373.0,3171827:13;3171945:219;3171946:215;3171947:216;3171948:214
110340.6109,1788876641.8004,6,532.98,883.97,1416.95,27.0,16037.0,40005.2,2373.0,3171827:13;3171945:220;3171946:221;3171947:217;3171948:214
110340.7218,1788876641.9113,6,532.98,877.40,1410.38,63.0,16041.2,40001.0,2373.0,3171827:13;3171945:220;3171946:215;3171947:214;3171948:215
110340.8327,1788876642.0223,6,532.98,877.84,1410.81,18.2,16043.0,39999.2,2373.0,3171827:13;3171945:220;3171946:215;3171947:214;3171948:215
110340.9426,1788876642.1322,6,532.98,879.22,1412.20,82.7,16042.9,39999.4,2373.0,3171827:13;3171945:220;3171946:216;3171947:215;3171948:216
110341.0516,1788876642.2411,6,532.98,879.69,1412.67,18.2,16040.5,40001.7,2373.0,3171827:13;3171945:220;3171946:216;3171947:215;3171948:216
110341.1613,1788876642.3508,6,532.98,879.81,1412.79,9.0,16040.5,40001.7,2373.0,3171827:13;3171945:220;3171946:216;3171947:215;3171948:216
110341.2728,1788876642.4623,6,532.98,879.81,1412.79,0.0,16036.2,40006.0,2373.0,3171827:13;3171945:220;3171946:216;3171947:215;3171948:216
110341.3830,1788876642.5726,6,532.98,880.21,1413.19,27.0,16035.8,40006.4,2373.0,3171827:13;3171945:220;3171946:216;3171947:215;3171948:216
110341.4942,1788876642.6837,6,532.98,880.56,1413.54,18.0,16035.8,40006.4,2373.0,3171827:13;3171945:220;3171946:216;3171947:215;3171948:216
110341.6048,1788876642.7943,6,532.98,881.34,1414.31,45.0,16035.8,40006.4,2373.0,3171827:13;3171945:221;3171946:216;3171947:215;3171948:216
110341.7160,1788876642.9055,6,532.98,881.46,1414.44,9.0,16035.8,40006.4,2373.0,3171827:13;3171945:221;3171946:216;3171947:215;3171948:216
110341.8270,1788876643.0165,6,532.98,881.84,1414.81,27.6,16034.7,40007.5,2373.0,3171827:13;3171945:221;3171946:216;3171947:215;3171948:217
110341.9359,1788876643.1254,6,532.98,882.35,1415.32,18.2,16034.5,40007.7,2373.0,3171827:13;3171945:221;3171946:216;3171947:216;3171948:217
110342.0455,1788876643.2350,6,532.98,883.56,1416.54,46.0,16032.5,40009.7,2373.0,3171827:13;3171945:222;3171946:216;3171947:216;3171948:217
110342.1543,1788876643.3438,6,532.98,884.13,1417.11,18.2,16032.4,40009.8,2373.0,3171827:13;3171945:222;3171946:216;3171947:216;3171948:217
110342.2636,1788876643.4532,6,532.98,886.73,1419.71,64.1,16025.1,40017.2,2373.0,3171827:13;3171945:223;3171946:217;3171947:216;3171948:218
110342.3726,1788876643.5622,6,532.98,887.29,1420.26,27.3,16025.0,40017.2,2373.0,3171827:13;3171945:223;3171946:217;3171947:216;3171948:218
110342.4822,1788876643.6717,6,532.98,887.98,1420.96,45.4,16028.7,40013.5,2373.0,3171827:13;3171945:223;3171946:217;3171947:216;3171948:218
110342.5924,1788876643.7819,6,532.98,888.25,1421.22,0.0,16028.7,40013.5,2373.0,3171827:13;3171945:223;3171946:217;3171947:216;3171948:218
110342.7018,1788876643.8914,6,532.98,888.75,1421.73,45.8,16028.7,40013.5,2373.0,3171827:13;3171945:224;3171946:217;3171947:217;3171948:218
110342.8111,1788876644.0006,6,532.98,889.11,1422.08,18.0,16024.4,40017.8,2373.0,3171827:13;3171945:224;3171946:218;3171947:217;3171948:218
110342.9225,1788876644.1121,6,532.98,889.67,1422.65,100.6,16028.2,40014.0,2373.0,3171827:13;3171945:224;3171946:218;3171947:217;3171948:218
110343.0319,1788876644.2215,6,532.98,889.93,1422.90,27.0,16028.2,40014.0,2373.0,3171827:13;3171945:224;3171946:218;3171947:217;3171948:218
110343.1427,1788876644.3322,6,532.98,891.56,1424.54,54.6,16028.5,40013.7,2373.0,3171827:13;3171945:225;3171946:218;3171947:217;3171948:219
110343.2527,1788876644.4422,6,532.98,892.10,1425.07,27.0,16028.5,40013.7,2373.0,3171827:13;3171945:225;3171946:218;3171947:217;3171948:219
110343.3633,1788876644.5529,6,532.98,894.12,1427.10,126.0,16030.7,40011.5,2373.0,3171827:13;3171945:226;3171946:219;3171947:217;3171948:220
110343.4745,1788876644.6640,6,532.98,894.42,1427.39,9.1,16030.7,40011.5,2373.0,3171827:13;3171945:226;3171946:219;3171947:217;3171948:220
110343.5842,1788876644.7738,6,532.98,895.89,1428.86,81.8,16030.7,40011.5,2373.0,3171827:13;3171945:226;3171946:219;3171947:217;3171948:220
110343.6944,1788876644.8839,6,532.98,896.34,1429.32,9.1,16030.4,40011.8,2373.0,3171827:13;3171945:226;3171946:219;3171947:217;3171948:220
110343.8043,1788876644.9938,6,532.98,896.41,1429.39,63.4,16030.4,40011.8,2373.0,3171827:13;3171945:227;3171946:219;3171947:217;3171948:220
110343.9146,1788876645.1042,6,532.98,896.57,1429.55,0.0,16030.4,40011.8,2373.0,3171827:13;3171945:227;3171946:219;3171947:217;3171948:221
110344.0244,1788876645.2140,6,532.98,897.07,1430.05,36.3,16030.4,40011.8,2373.0,3171827:13;3171945:227;3171946:220;3171947:217;3171948:221
110344.1348,1788876645.3243,6,532.98,897.58,1430.55,27.3,16030.4,40011.8,2373.0,3171827:13;3171945:227;3171946:220;3171947:217;3171948:221
110344.2442,1788876645.4338,6,532.98,897.82,1430.80,18.2,16032.3,40009.9,2373.0,3171827:13;3171945:227;3171946:220;3171947:217;3171948:221
110344.3536,1788876645.5431,6,532.98,898.16,1431.14,27.3,16032.6,40009.7,2373.0,3171827:13;3171945:227;3171946:220;3171947:217;3171948:221
110344.4630,1788876645.6525,6,532.98,899.27,1432.25,81.9,16032.6,40009.7,2373.0,3171827:13;3171945:227;3171946:220;3171947:217;3171948:222
110344.5729,1788876645.7624,6,532.98,899.40,1432.38,9.1,16031.0,40011.2,2373.0,3171827:13;3171945:228;3171946:220;3171947:217;3171948:222
110344.6829,1788876645.8724,6,532.98,900.13,1433.11,45.9,16033.1,40009.2,2373.0,3171827:13;3171945:228;3171946:220;3171947:218;3171948:222
110344.7920,1788876645.9815,6,532.98,900.27,1433.25,26.8,16030.0,40012.2,2373.0,3171827:13;3171945:228;3171946:220;3171947:218;3171948:222
110344.9039,1788876646.0934,6,532.98,901.91,1434.88,45.5,16029.3,40012.9,2373.0,3171827:13;3171945:228;3171946:220;3171947:218;3171948:222
110345.0138,1788876646.2033,6,532.98,902.40,1435.38,35.9,16027.3,40014.9,2373.0,3171827:13;3171945:228;3171946:221;3171947:218;3171948:222
110345.1253,1788876646.3149,6,532.98,903.05,1436.02,36.0,16027.3,40014.9,2373.0,3171827:13;3171945:228;3171946:221;3171947:218;3171948:222
110345.2362,1788876646.4258,6,532.98,903.17,1436.15,0.0,16027.3,40014.9,2373.0,3171827:13;3171945:228;3171946:221;3171947:219;3171948:222
110345.3483,1788876646.5379,6,532.98,903.65,1436.62,36.5,16024.1,40018.1,2373.0,3171827:13;3171945:228;3171946:222;3171947:219;3171948:222
110345.4577,1788876646.6473,6,532.98,903.64,1436.62,18.1,16018.8,40023.4,2373.0,3171827:13;3171945:229;3171946:222;3171947:219;3171948:222
110345.5686,1788876646.7581,6,532.98,904.89,1437.86,71.7,16021.8,40020.4,2373.0,3171827:13;3171945:229;3171946:222;3171947:219;3171948:222
110345.6800,1788876646.8696,6,532.98,905.23,1438.20,27.3,16016.4,40025.8,2373.0,3171827:13;3171945:229;3171946:222;3171947:219;3171948:222
110345.7902,1788876646.9798,6,532.98,906.19,1439.17,63.1,16016.3,40025.9,2373.0,3171827:13;3171945:229;3171946:223;3171947:219;3171948:222
110345.9012,1788876647.0907,6,532.98,906.69,1439.67,9.2,16014.6,40027.6,2373.0,3171827:13;3171945:229;3171946:223;3171947:219;3171948:222
110346.0101,1788876647.1997,6,532.98,908.04,1441.02,100.7,16014.6,40027.6,2373.0,3171827:13;3171945:230;3171946:223;3171947:219;3171948:223
110346.1193,1788876647.3088,6,532.98,908.45,1441.43,27.3,16055.0,39987.2,2373.0,3171827:13;3171945:230;3171946:223;3171947:219;3171948:224
110346.2293,1788876647.4188,6,532.98,909.45,1442.43,72.9,16058.3,39983.9,2373.0,3171827:13;3171945:230;3171946:223;3171947:219;3171948:224
110346.3389,1788876647.5284,6,532.98,909.91,1442.89,9.1,16058.1,39984.2,2373.0,3171827:13;3171945:230;3171946:223;3171947:220;3171948:224
110346.4484,1788876647.6380,6,532.98,910.82,1443.80,63.7,16057.4,39984.8,2373.0,3171827:13;3171945:230;3171946:224;3171947:220;3171948:224
110346.5585,1788876647.7481,6,532.98,911.12,1444.09,9.0,16057.4,39984.8,2373.0,3171827:13;3171945:230;3171946:224;3171947:220;3171948:224
110346.6692,1788876647.8587,6,532.98,912.39,1445.36,54.2,16057.4,39984.9,2373.0,3171827:13;3171945:231;3171946:224;3171947:221;3171948:224
110346.7799,1788876647.9694,6,532.98,913.47,1446.45,82.5,16059.2,39983.0,2373.0,3171827:13;3171945:231;3171946:225;3171947:221;3171948:224
110346.8890,1788876648.0785,6,532.98,914.55,1447.53,89.4,16051.6,39990.7,2373.0,3171827:13;3171945:231;3171946:225;3171947:221;3171948:224
110347.0010,1788876648.1905,6,532.98,914.58,1447.55,27.4,16051.6,39990.7,2373.0,3171827:13;3171945:231;3171946:225;3171947:221;3171948:224
110347.1103,1788876648.2998,6,532.98,914.62,1447.60,45.2,16051.8,39990.4,2373.0,3171827:13;3171945:231;3171946:225;3171947:221;3171948:224
110347.2211,1788876648.4106,6,532.98,914.80,1447.78,9.0,16051.8,39990.4,2373.0,3171827:13;3171945:231;3171946:225;3171947:221;3171948:224
110347.3325,1788876648.5220,6,532.98,915.11,1448.08,18.0,16052.1,39990.2,2373.0,3171827:13;3171945:231;3171946:225;3171947:221;3171948:224
110347.4437,1788876648.6332,6,532.98,915.60,1448.57,27.3,16052.3,39989.9,2373.0,3171827:13;3171945:231;3171946:225;3171947:221;3171948:225
110347.5540,1788876648.7436,6,533.10,915.93,1449.03,27.4,16052.6,39989.7,2373.0,3171827:13;3171945:231;3171946:226;3171947:221;3171948:225
110347.6635,1788876648.8530,6,533.10,916.86,1449.96,9.1,16052.6,39989.7,2373.0,3171827:13;3171945:231;3171946:226;3171947:222;3171948:225
110347.7729,1788876648.9624,6,533.10,917.58,1450.68,73.3,16053.0,39989.2,2373.0,3171827:13;3171945:231;3171946:226;3171947:222;3171948:225
110347.8822,1788876649.0717,6,533.10,918.08,1451.18,27.5,16055.1,39987.1,2373.0,3171827:13;3171945:231;3171946:226;3171947:222;3171948:226
110347.9911,1788876649.1807,6,533.10,918.70,1451.80,27.4,16055.0,39987.3,2373.0,3171827:13;3171945:232;3171946:226;3171947:222;3171948:226
110348.1007,1788876649.2902,6,533.10,919.82,1452.93,55.2,16055.0,39987.3,2373.0,3171827:13;3171945:232;3171946:227;3171947:222;3171948:226
110348.2095,1788876649.3990,6,533.10,921.18,1454.28,73.6,16055.2,39987.0,2373.0,3171827:13;3171945:233;3171946:227;3171947:222;3171948:227
110348.3182,1788876649.5078,6,533.10,921.30,1454.41,9.2,16055.1,39987.1,2373.0,3171827:13;3171945:233;3171946:227;3171947:222;3171948:227
110348.4269,1788876649.6164,6,533.10,922.28,1455.38,36.8,16054.9,39987.4,2373.0,3171827:13;3171945:233;3171946:227;3171947:222;3171948:227
110348.5357,1788876649.7252,6,533.10,922.28,1455.38,9.1,16054.9,39987.4,2373.0,3171827:13;3171945:233;3171946:227;3171947:222;3171948:227
110348.6454,1788876649.8349,6,533.10,923.09,1456.20,27.6,16055.6,39986.6,2373.0,3171827:13;3171945:234;3171946:227;3171947:223;3171948:227
110348.7542,1788876649.9438,6,533.10,922.72,1455.82,0.0,16055.8,39986.4,2373.0,3171827:13;3171945:234;3171946:227;3171947:222;3171948:227
110348.8637,1788876650.0533,6,533.10,924.02,1457.12,64.2,16055.8,39986.4,2373.0,3171827:13;3171945:234;3171946:227;3171947:222;3171948:227
110348.9727,1788876650.1622,6,533.10,924.11,1457.21,18.2,16053.8,39988.4,2373.0,3171827:13;3171945:234;3171946:227;3171947:222;3171948:227
110349.0830,1788876650.2725,6,533.10,924.93,1458.04,45.5,16053.8,39988.4,2373.0,3171827:13;3171945:234;3171946:228;3171947:223;3171948:227
110349.1927,1788876650.3823,6,533.10,925.14,1458.25,9.0,16053.8,39988.4,2373.0,3171827:13;3171945:235;3171946:228;3171947:223;3171948:227
110349.3040,1788876650.4935,6,533.10,926.75,1459.85,91.8,16052.6,39989.6,2373.0,3171827:13;3171945:235;3171946:229;3171947:223;3171948:227
110349.4129,1788876650.6024,6,533.10,926.79,1459.89,9.0,16052.6,39989.6,2373.0,3171827:13;3171945:235;3171946:229;3171947:223;3171948:228
110349.5238,1788876650.7133,6,533.10,928.05,1461.16,18.2,16052.3,39989.9,2373.0,3171827:13;3171945:235;3171946:229;3171947:223;3171948:228
110349.6337,1788876650.8233,6,533.10,928.04,1461.14,9.1,16052.3,39989.9,2373.0,3171827:13;3171945:235;3171946:229;3171947:223;3171948:228
110349.7442,1788876650.9337,6,533.10,928.87,1461.97,116.7,16057.3,39984.9,2373.0,3171827:13;3171945:235;3171946:229;3171947:223;3171948:229
110349.8554,1788876651.0450,6,533.10,928.78,1461.88,9.1,16049.8,39992.5,2373.0,3171827:13;3171945:235;3171946:229;3171947:223;3171948:229
110349.9653,1788876651.1549,6,533.10,929.68,1462.78,9.2,16049.7,39992.5,2373.0,3171827:13;3171945:236;3171946:229;3171947:223;3171948:229
110350.0742,1788876651.2638,6,533.10,930.82,1463.92,18.4,16049.9,39992.3,2373.0,3171827:13;3171945:236;3171946:229;3171947:223;3171948:229
110350.1832,1788876651.3727,6,533.10,931.71,1464.81,73.4,16053.5,39988.7,2373.0,3171827:13;3171945:236;3171946:229;3171947:224;3171948:229
110350.2922,1788876651.4818,6,533.10,932.95,1466.05,27.4,16053.5,39988.7,2373.0,3171827:13;3171945:236;3171946:229;3171947:225;3171948:230
110350.4018,1788876651.5913,6,533.10,933.89,1466.99,163.1,16052.0,39990.3,2373.0,3171827:13;3171945:236;3171946:230;3171947:225;3171948:229
110350.5121,1788876651.7016,6,533.10,934.13,1467.23,18.4,16049.5,39992.7,2373.0,3171827:13;3171945:237;3171946:230;3171947:225;3171948:229
110350.6211,1788876651.8107,6,533.10,935.72,1468.82,63.7,16054.8,39987.5,2373.0,3171827:13;3171945:237;3171946:231;3171947:225;3171948:230
110350.7310,1788876651.9205,6,533.10,936.20,1469.30,27.1,16054.8,39987.5,2373.0,3171827:13;3171945:237;3171946:231;3171947:226;3171948:230
110350.8415,1788876652.0310,6,533.10,936.58,1469.68,119.5,16053.9,39988.3,2373.0,3171827:13;3171945:238;3171946:231;3171947:225;3171948:229
110350.9504,1788876652.1399,6,533.10,937.27,1470.37,18.4,16052.0,39990.2,2373.0,3171827:13;3171945:238;3171946:231;3171947:226;3171948:229
110351.0595,1788876652.2491,6,533.10,938.91,1472.02,55.0,16050.0,39992.2,2373.0,3171827:13;3171945:238;3171946:232;3171947:227;3171948:230
110351.1686,1788876652.3581,6,533.10,939.16,1472.27,27.0,16049.1,39993.2,2373.0,3171827:13;3171945:238;3171946:232;3171947:227;3171948:230
110351.2795,1788876652.4691,6,533.10,940.23,1473.33,73.3,16049.1,39993.2,2373.0,3171827:13;3171945:238;3171946:232;3171947:227;3171948:230
110351.3888,1788876652.5783,6,533.10,939.96,1473.06,27.0,16049.1,39993.2,2373.0,3171827:13;3171945:238;3171946:232;3171947:227;3171948:230
110351.4997,1788876652.6893,6,533.10,940.17,1473.27,54.0,16048.7,39993.5,2373.0,3171827:13;3171945:239;3171946:232;3171947:227;3171948:229
110351.6109,1788876652.8004,6,533.10,940.59,1473.69,0.0,16048.7,39993.5,2373.0,3171827:13;3171945:239;3171946:232;3171947:227;3171948:230
110351.7215,1788876652.9110,6,533.10,942.04,1475.14,63.2,16047.3,39994.9,2373.0,3171827:13;3171945:239;3171946:233;3171947:227;3171948:230
110351.8322,1788876653.0218,6,533.10,942.41,1475.51,18.0,16045.0,39997.2,2373.0,3171827:13;3171945:239;3171946:233;3171947:227;3171948:230
110351.9434,1788876653.1329,6,533.10,942.81,1475.91,110.1,16045.7,39996.5,2373.0,3171827:13;3171945:239;3171946:233;3171947:227;3171948:231
110352.0526,1788876653.2422,6,533.10,943.43,1476.54,27.0,16045.7,39996.5,2373.0,3171827:13;3171945:239;3171946:233;3171947:228;3171948:231
110352.1633,1788876653.3528,6,533.10,945.58,1478.68,36.4,16045.7,39996.5,2373.0,3171827:13;3171945:239;3171946:234;3171947:228;3171948:232
110352.2731,1788876653.4627,6,533.10,946.36,1479.46,36.0,16045.7,39996.5,2373.0,3171827:13;3171945:240;3171946:234;3171947:228;3171948:232
110352.3840,1788876653.5736,6,533.10,946.88,1479.98,36.5,16041.4,40000.8,2373.0,3171827:13;3171945:240;3171946:234;3171947:228;3171948:232
110352.4934,1788876653.6829,6,533.10,947.51,1480.61,18.0,16041.4,40000.8,2373.0,3171827:13;3171945:240;3171946:234;3171947:228;3171948:232
110352.6044,1788876653.7939,6,533.10,947.44,1480.54,18.0,16041.5,40000.7,2373.0,3171827:13;3171945:239;3171946:234;3171947:228;3171948:233
110352.7153,1788876653.9048,6,533.10,948.04,1481.14,18.2,16041.5,40000.7,2373.0,3171827:13;3171945:240;3171946:234;3171947:228;3171948:233
110352.8252,1788876654.0148,6,533.10,948.49,1481.59,54.1,16042.4,39999.9,2373.0,3171827:13;3171945:240;3171946:234;3171947:228;3171948:233
110352.9359,1788876654.1254,6,533.10,949.00,1482.11,54.0,16036.4,40005.8,2373.0,3171827:13;3171945:240;3171946:235;3171947:228;3171948:232
110353.0471,1788876654.2366,6,533.10,950.46,1483.56,72.4,16036.1,40006.2,2373.0,3171827:13;3171945:240;3171946:235;3171947:229;3171948:233
110353.1576,1788876654.3471,6,533.10,950.61,1483.71,0.0,16036.1,40006.2,2373.0,3171827:13;3171945:240;3171946:236;3171947:229;3171948:233
110353.2673,1788876654.4568,6,533.10,952.65,1485.75,45.9,16036.1,40006.2,2373.0,3171827:13;3171945:241;3171946:237;3171947:229;3171948:233
110353.3764,1788876654.5660,6,533.10,953.46,1486.56,27.3,16036.1,40006.2,2373.0,3171827:13;3171945:241;3171946:237;3171947:230;3171948:233
110353.4861,1788876654.6756,6,533.23,953.66,1486.89,62.9,16034.3,40007.9,2373.0,3171827:13;3171945:241;3171946:237;3171947:230;3171948:233
110353.5976,1788876654.7871,6,533.23,953.79,1487.02,0.0,16034.3,40007.9,2373.0,3171827:13;3171945:241;3171946:237;3171947:230;3171948:233
110353.7092,1788876654.8988,6,533.23,954.33,1487.56,45.5,16034.3,40007.9,2373.0,3171827:13;3171945:242;3171946:237;3171947:230;3171948:233
110353.8194,1788876655.0089,6,533.23,954.30,1487.53,9.1,16033.6,40008.6,2373.0,3171827:13;3171945:242;3171946:237;3171947:230;3171948:233
110353.9293,1788876655.1189,6,533.23,955.27,1488.50,18.4,16032.7,40009.6,2373.0,3171827:13;3171945:242;3171946:237;3171947:230;3171948:233
110354.0381,1788876655.2276,6,533.23,955.11,1488.34,27.1,16041.4,40000.8,2373.0,3171827:13;3171945:242;3171946:236;3171947:230;3171948:233
110354.1487,1788876655.3382,6,533.23,956.54,1489.76,99.7,16041.2,40001.0,2373.0,3171827:13;3171945:242;3171946:237;3171947:231;3171948:234
110354.2591,1788876655.4486,6,533.23,956.54,1489.76,0.0,16041.2,40001.0,2373.0,3171827:13;3171945:242;3171946:237;3171947:231;3171948:234
110354.3696,1788876655.5592,6,533.23,958.00,1491.23,63.8,16041.2,40001.0,2373.0,3171827:13;3171945:242;3171946:238;3171947:231;3171948:234
110354.4792,1788876655.6688,6,533.23,958.54,1491.77,0.0,16041.2,40001.0,2373.0,3171827:13;3171945:243;3171946:238;3171947:231;3171948:234
110354.5900,1788876655.7795,6,533.23,959.32,1492.55,54.0,16040.3,40001.9,2373.0,3171827:13;3171945:243;3171946:238;3171947:231;3171948:234
110354.7010,1788876655.8905,6,533.23,959.70,1492.92,9.0,16040.3,40001.9,2373.0,3171827:13;3171945:243;3171946:239;3171947:231;3171948:234
110354.8123,1788876656.0018,6,533.23,959.73,1492.96,27.0,16040.5,40001.7,2373.0,3171827:13;3171945:243;3171946:239;3171947:231;3171948:234
110354.9235,1788876656.1130,6,533.23,960.62,1493.85,18.0,16037.7,40004.5,2373.0,3171827:13;3171945:243;3171946:239;3171947:231;3171948:235
110355.0345,1788876656.2241,6,533.23,961.53,1494.75,55.2,16039.3,40002.9,2373.0,3171827:13;3171945:243;3171946:239;3171947:231;3171948:235
110355.1434,1788876656.3329,6,533.23,961.46,1494.69,36.4,16039.3,40002.9,2373.0,3171827:13;3171945:243;3171946:239;3171947:231;3171948:235
110355.2536,1788876656.4431,6,533.23,962.68,1495.90,9.1,16039.3,40002.9,2373.0,3171827:13;3171945:244;3171946:239;3171947:231;3171948:235
110355.3633,1788876656.5528,6,533.23,962.93,1496.15,0.0,16039.3,40002.9,2373.0,3171827:13;3171945:244;3171946:240;3171947:231;3171948:235
110355.4720,1788876656.6615,6,533.23,963.58,1496.81,54.4,16040.0,40002.2,2373.0,3171827:13;3171945:244;3171946:240;3171947:231;3171948:236
110355.5823,1788876656.7719,6,533.23,963.39,1496.62,27.3,16040.0,40002.2,2373.0,3171827:13;3171945:244;3171946:240;3171947:231;3171948:235
110355.6922,1788876656.8817,6,533.23,964.07,1497.29,27.0,16040.0,40002.2,2373.0,3171827:13;3171945:244;3171946:240;3171947:232;3171948:236
110355.8031,1788876656.9926,6,533.23,964.57,1497.79,18.2,16040.0,40002.2,2373.0,3171827:13;3171945:244;3171946:240;3171947:232;3171948:236
110355.9128,1788876657.1023,6,533.23,965.88,1499.11,109.7,16039.5,40002.7,2373.0,3171827:13;3171945:245;3171946:240;3171947:233;3171948:236
110356.0222,1788876657.2117,6,533.23,966.17,1499.39,55.2,16039.6,40002.6,2373.0,3171827:13;3171945:245;3171946:240;3171947:232;3171948:236
110356.1309,1788876657.3205,6,533.23,968.60,1501.83,100.3,16041.8,40000.4,2373.0,3171827:13;3171945:245;3171946:241;3171947:233;3171948:237
110356.2406,1788876657.4301,6,533.23,969.33,1502.56,27.3,16041.8,40000.4,2373.0,3171827:13;3171945:245;3171946:241;3171947:233;3171948:237
110356.3502,1788876657.5398,6,533.23,970.93,1504.16,100.1,16041.4,40000.9,2373.0,3171827:13;3171945:246;3171946:241;3171947:233;3171948:238
110356.4601,1788876657.6497,6,533.23,971.21,1504.44,9.0,16045.8,39996.4,2373.0,3171827:13;3171945:246;3171946:241;3171947:233;3171948:238
110356.5713,1788876657.7608,6,533.23,972.21,1505.44,36.2,16045.1,39997.1,2373.0,3171827:13;3171945:247;3171946:242;3171947:233;3171948:238
110356.6816,1788876657.8712,6,533.23,972.48,1505.71,27.3,16045.8,39996.4,2373.0,3171827:13;3171945:247;3171946:242;3171947:233;3171948:238
110356.7915,1788876657.9810,6,533.23,973.46,1506.69,82.0,16047.8,39994.4,2373.0,3171827:13;3171945:248;3171946:241;3171947:234;3171948:238
110356.9012,1788876658.0907,6,533.23,973.98,1507.21,18.4,16046.6,39995.6,2373.0,3171827:13;3171945:248;3171946:241;3171947:234;3171948:238
110357.0102,1788876658.1997,6,533.23,974.49,1507.71,9.0,16047.6,39994.6,2373.0,3171827:13;3171945:248;3171946:242;3171947:234;3171948:238
110357.1214,1788876658.3110,6,533.23,975.24,1508.46,0.0,16047.6,39994.6,2373.0,3171827:13;3171945:248;3171946:242;3171947:234;3171948:239
110357.2327,1788876658.4222,6,533.23,975.09,1508.31,63.2,16048.3,39993.9,2373.0,3171827:13;3171945:248;3171946:242;3171947:234;3171948:239
110357.3435,1788876658.5330,6,533.23,975.14,1508.37,18.4,16048.3,39993.9,2373.0,3171827:13;3171945:248;3171946:242;3171947:234;3171948:239
110357.4528,1788876658.6423,6,533.23,976.14,1509.37,45.0,16048.3,39993.9,2373.0,3171827:13;3171945:248;3171946:242;3171947:234;3171948:239
110357.5639,1788876658.7535,6,533.23,977.25,1510.48,18.2,16049.3,39992.9,2373.0,3171827:13;3171945:248;3171946:243;3171947:234;3171948:240
110357.6740,1788876658.8636,6,533.23,978.32,1511.55,63.5,16048.3,39993.9,2373.0,3171827:13;3171945:248;3171946:243;3171947:234;3171948:240
110357.7843,1788876658.9739,6,533.23,979.52,1512.75,54.8,16058.9,39983.3,2373.0,3171827:13;3171945:248;3171946:244;3171947:234;3171948:240
110357.8939,1788876659.0834,6,533.23,979.71,1512.93,45.7,16058.0,39984.2,2373.0,3171827:13;3171945:249;3171946:244;3171947:234;3171948:240
110358.0034,1788876659.1929,6,533.23,980.83,1514.05,27.2,16058.2,39984.0,2373.0,3171827:13;3171945:249;3171946:244;3171947:234;3171948:241
110358.1137,1788876659.3032,6,533.23,981.38,1514.61,81.3,16058.4,39983.8,2373.0,3171827:13;3171945:249;3171946:244;3171947:234;3171948:241
110358.2243,1788876659.4138,6,533.23,982.23,1515.45,9.1,16058.4,39983.8,2373.0,3171827:13;3171945:249;3171946:245;3171947:235;3171948:241
110358.3340,1788876659.5235,6,533.23,982.83,1516.06,27.6,16059.4,39982.8,2373.0,3171827:13;3171945:249;3171946:245;3171947:235;3171948:241
110358.4429,1788876659.6324,6,533.23,983.34,1516.56,18.4,16059.4,39982.8,2373.0,3171827:13;3171945:249;3171946:245;3171947:235;3171948:241
110358.5517,1788876659.7412,6,533.23,984.33,1517.55,54.4,16059.6,39982.6,2373.0,3171827:13;3171945:250;3171946:245;3171947:235;3171948:242
110358.6620,1788876659.8515,6,533.23,985.39,1518.62,45.6,16059.6,39982.6,2373.0,3171827:13;3171945:250;3171946:245;3171947:236;3171948:242
110358.7712,1788876659.9607,6,533.23,986.11,1519.33,90.7,16058.7,39983.6,2373.0,3171827:13;3171945:250;3171946:245;3171947:236;3171948:242
110358.8815,1788876660.0710,6,533.23,986.11,1519.33,0.0,16058.6,39983.7,2373.0,3171827:13;3171945:250;3171946:245;3171947:236;3171948:242
110358.9902,1788876660.1797,6,533.23,986.36,1519.59,9.1,16058.3,39983.9,2373.0,3171827:13;3171945:250;3171946:245;3171947:236;3171948:242
110359.0997,1788876660.2892,6,533.23,987.23,1520.45,27.5,16059.9,39982.3,2373.0,3171827:13;3171945:251;3171946:245;3171947:236;3171948:242
110359.2090,1788876660.3985,6,533.23,988.00,1521.22,64.2,16059.9,39982.3,2373.0,3171827:13;3171945:252;3171946:245;3171947:236;3171948:243
110359.3180,1788876660.5075,6,533.23,988.25,1521.48,45.7,16058.0,39984.3,2373.0,3171827:13;3171945:251;3171946:245;3171947:236;3171948:243
110359.4274,1788876660.6170,6,533.23,990.00,1523.22,54.8,16058.9,39983.3,2373.0,3171827:13;3171945:252;3171946:246;3171947:237;3171948:243
110359.5369,1788876660.7264,6,533.23,990.13,1523.36,18.2,16058.9,39983.3,2373.0,3171827:13;3171945:252;3171946:246;3171947:237;3171948:243
110359.6465,1788876660.8361,6,533.23,991.16,1524.38,36.8,16058.9,39983.4,2373.0,3171827:13;3171945:252;3171946:246;3171947:237;3171948:244
110359.7552,1788876660.9447,6,533.23,991.91,1525.13,18.4,16058.9,39983.4,2373.0,3171827:13;3171945:252;3171946:246;3171947:237;3171948:244
110359.8644,1788876661.0539,6,533.23,992.88,1526.11,128.4,16061.3,39980.9,2373.0,3171827:13;3171945:253;3171946:247;3171947:237;3171948:243
110359.9734,1788876661.1629,6,533.23,993.30,1526.53,18.2,16065.0,39977.2,2373.0,3171827:13;3171945:253;3171946:247;3171947:237;3171948:243
110360.0829,1788876661.2725,6,533.23,994.13,1527.36,27.2,16065.7,39976.5,2373.0,3171827:13;3171945:253;3171946:247;3171947:237;3171948:243
110360.1934,1788876661.3829,6,533.23,994.48,1527.70,9.0,16065.7,39976.5,2373.0,3171827:13;3171945:254;3171946:247;3171947:237;3171948:243
110360.3047,1788876661.4943,6,533.23,995.29,1528.52,82.7,16066.2,39976.0,2373.0,3171827:13;3171945:254;3171946:248;3171947:237;3171948:244
110360.4137,1788876661.6032,6,533.23,995.50,1528.73,9.0,16066.2,39976.0,2373.0,3171827:13;3171945:254;3171946:248;3171947:237;3171948:244
110360.5245,1788876661.7141,6,533.23,996.67,1529.90,27.6,16066.2,39976.0,2373.0,3171827:13;3171945:254;3171946:248;3171947:238;3171948:244
110360.6337,1788876661.8232,6,533.23,996.67,1529.90,0.0,16066.2,39976.0,2373.0,3171827:13;3171945:254;3171946:248;3171947:238;3171948:244
110360.7438,1788876661.9334,6,533.23,997.44,1530.67,45.5,16066.2,39976.0,2373.0,3171827:13;3171945:254;3171946:248;3171947:238;3171948:244
110360.8537,1788876662.0432,6,533.23,997.82,1531.05,9.2,16066.2,39976.0,2373.0,3171827:13;3171945:254;3171946:248;3171947:238;3171948:244
110360.9627,1788876662.1523,6,533.23,998.54,1531.76,27.6,16066.2,39976.0,2373.0,3171827:13;3171945:254;3171946:248;3171947:238;3171948:245
110361.0716,1788876662.2611,6,533.23,998.63,1531.86,9.2,16066.2,39976.0,2373.0,3171827:13;3171945:254;3171946:248;3171947:238;3171948:245
110361.1808,1788876662.3703,6,533.23,1000.76,1533.98,137.3,16113.0,39929.3,2373.0,3171827:13;3171945:254;3171946:249;3171947:239;3171948:245
110361.2900,1788876662.4795,6,533.23,1001.01,1534.23,9.2,16113.7,39928.5,2373.0,3171827:13;3171945:254;3171946:249;3171947:239;3171948:245
110361.3990,1788876662.5886,6,533.23,1002.12,1535.34,82.4,16117.3,39924.9,2373.0,3171827:13;3171945:255;3171946:249;3171947:240;3171948:245
110361.5083,1788876662.6979,6,533.23,1002.60,1535.83,9.1,16117.6,39924.6,2373.0,3171827:13;3171945:255;3171946:250;3171947:240;3171948:246
110361.6183,1788876662.8078,6,533.23,1004.17,1537.40,54.0,16117.6,39924.6,2373.0,3171827:13;3171945:255;3171946:250;3171947:240;3171948:246
110361.7294,1788876662.9189,6,533.23,1004.83,1538.05,27.6,16117.1,39925.1,2373.0,3171827:13;3171945:255;3171946:251;3171947:241;3171948:246
110361.8384,1788876663.0280,6,533.23,1004.93,1538.16,45.8,16112.4,39929.8,2373.0,3171827:13;3171945:255;3171946:251;3171947:241;3171948:245
110361.9475,1788876663.1370,6,533.23,1005.44,1538.67,18.4,16112.6,39929.6,2373.0,3171827:13;3171945:255;3171946:251;3171947:241;3171948:245
110362.0567,1788876663.2463,6,533.23,1006.70,1539.93,100.8,16114.3,39928.0,2373.0,3171827:13;3171945:256;3171946:251;3171947:242;3171948:246
110362.1659,1788876663.3554,6,533.23,1006.96,1540.19,45.5,16114.3,39928.0,2373.0,3171827:13;3171945:256;3171946:251;3171947:242;3171948:246
110362.2757,1788876663.4652,6,533.23,1008.71,1541.94,100.9,16119.4,39922.8,2373.0,3171827:13;3171945:257;3171946:251;3171947:242;3171948:246
110362.3848,1788876663.5743,6,533.23,1009.20,1542.42,9.1,16119.7,39922.6,2373.0,3171827:13;3171945:257;3171946:251;3171947:242;3171948:246
110362.4946,1788876663.6842,6,533.23,1011.16,1544.39,54.5,16119.9,39922.3,2373.0,3171827:13;3171945:257;3171946:252;3171947:242;3171948:247
110362.6047,1788876663.7943,6,533.23,1011.71,1544.93,18.2,16119.9,39922.3,2373.0,3171827:13;3171945:257;3171946:252;3171947:243;3171948:247
110362.7148,1788876663.9044,6,533.23,1013.43,1546.66,64.4,16120.2,39922.1,2373.0,3171827:13;3171945:257;3171946:252;3171947:243;3171948:248
110362.8235,1788876664.0131,6,533.23,1013.65,1546.88,9.1,16120.2,39922.1,2373.0,3171827:13;3171945:257;3171946:252;3171947:243;3171948:248
110362.9339,1788876664.1235,6,533.23,1014.76,1547.99,90.6,16112.5,39929.8,2373.0,3171827:13;3171945:258;3171946:252;3171947:244;3171948:248
110363.0444,1788876664.2339,6,533.23,1014.89,1548.11,0.0,16112.5,39929.8,2373.0,3171827:13;3171945:258;3171946:252;3171947:244;3171948:248
110363.1534,1788876664.3429,6,533.23,1015.86,1549.08,27.2,16108.9,39933.4,2373.0,3171827:13;3171945:258;3171946:252;3171947:244;3171948:249
110363.2636,1788876664.4532,6,533.23,1015.86,1549.08,0.0,16109.1,39933.1,2373.0,3171827:13;3171945:258;3171946:252;3171947:244;3171948:249
110363.3750,1788876664.5646,6,533.23,1015.71,1548.94,55.2,16109.1,39933.1,2373.0,3171827:13;3171945:259;3171946:252;3171947:244;3171948:248
110363.4838,1788876664.6734,6,533.23,1015.96,1549.19,0.0,16109.1,39933.1,2373.0,3171827:13;3171945:259;3171946:252;3171947:244;3171948:249
110363.5926,1788876664.7822,6,533.23,1017.97,1551.20,63.5,16105.3,39936.9,2373.0,3171827:13;3171945:259;3171946:253;3171947:245;3171948:249
110363.7030,1788876664.8926,6,533.23,1018.10,1551.32,0.0,16105.5,39936.7,2373.0,3171827:13;3171945:259;3171946:253;3171947:245;3171948:249
110363.8136,1788876665.0031,6,533.23,1019.78,1553.01,73.2,16118.9,39923.3,2373.0,3171827:13;3171945:259;3171946:253;3171947:245;3171948:250
110363.9228,1788876665.1124,6,533.23,1020.26,1553.48,9.1,16118.8,39923.4,2373.0,3171827:13;3171945:259;3171946:254;3171947:245;3171948:250
110364.0323,1788876665.2219,6,533.23,1019.97,1553.20,73.1,16118.8,39923.4,2373.0,3171827:13;3171945:259;3171946:254;3171947:244;3171948:250
110364.1419,1788876665.3314,6,533.23,1020.59,1553.82,9.1,16119.0,39923.2,2373.0,3171827:13;3171945:259;3171946:254;3171947:244;3171948:250
110364.2518,1788876665.4413,6,533.23,1021.26,1554.48,73.3,16127.9,39914.3,2373.0,3171827:13;3171945:259;3171946:255;3171947:244;3171948:250
110364.3609,1788876665.5504,6,533.23,1021.63,1554.86,9.1,16121.1,39921.1,2373.0,3171827:13;3171945:259;3171946:255;3171947:244;3171948:250
110364.4702,1788876665.6597,6,533.23,1023.01,1556.23,73.0,16121.9,39920.3,2373.0,3171827:13;3171945:259;3171946:255;3171947:245;3171948:250
110364.5796,1788876665.7691,6,533.23,1023.85,1557.07,18.4,16122.1,39920.1,2373.0,3171827:13;3171945:259;3171946:256;3171947:246;3171948:250
110364.6887,1788876665.8782,6,533.23,1026.22,1559.45,91.6,16123.1,39919.1,2373.0,3171827:13;3171945:260;3171946:256;3171947:246;3171948:251
110364.7978,1788876665.9874,6,533.23,1026.22,1559.45,9.1,16142.0,39900.2,2373.0,3171827:13;3171945:260;3171946:256;3171947:246;3171948:251
110364.9079,1788876666.0974,6,533.23,1027.02,1560.25,45.9,16143.4,39898.8,2373.0,3171827:13;3171945:260;3171946:256;3171947:246;3171948:251
110365.0170,1788876666.2065,6,533.23,1027.02,1560.25,0.0,16143.4,39898.8,2373.0,3171827:13;3171945:260;3171946:256;3171947:246;3171948:251
110365.1264,1788876666.3159,6,533.23,1028.14,1561.37,89.9,16132.3,39909.9,2373.0,3171827:13;3171945:260;3171946:256;3171947:247;3171948:252
110365.2377,1788876666.4273,6,533.23,1028.14,1561.37,9.1,16153.0,39889.2,2373.0,3171827:13;3171945:260;3171946:256;3171947:247;3171948:252
110365.3473,1788876666.5368,6,533.23,1030.42,1563.64,128.1,16154.1,39888.2,2373.0,3171827:13;3171945:261;3171946:257;3171947:247;3171948:252
110365.4565,1788876666.6461,6,533.23,1030.43,1563.66,18.3,16159.0,39883.3,2373.0,3171827:13;3171945:261;3171946:257;3171947:247;3171948:252
110365.5658,1788876666.7553,6,533.23,1032.17,1565.39,89.8,16186.7,39855.5,2373.0,3171827:13;3171945:262;3171946:257;3171947:248;3171948:253
110365.6771,1788876666.8667,6,533.23,1032.17,1565.39,0.0,16189.6,39852.6,2373.0,3171827:13;3171945:262;3171946:257;3171947:248;3171948:253
110365.7865,1788876666.9761,6,533.23,1034.81,1568.04,108.0,16204.8,39837.4,2373.0,3171827:13;3171945:263;3171946:258;3171947:248;3171948:253
110365.8977,1788876667.0873,6,533.23,1034.81,1568.04,0.0,16209.0,39833.3,2373.0,3171827:13;3171945:263;3171946:258;3171947:248;3171948:253
110366.0085,1788876667.1980,6,533.23,1036.78,1570.00,109.5,16224.2,39818.0,2373.0,3171827:13;3171945:264;3171946:258;3171947:248;3171948:254
110366.1178,1788876667.3074,6,533.23,1036.78,1570.00,0.0,16231.3,39810.9,2373.0,3171827:13;3171945:264;3171946:258;3171947:248;3171948:254
110366.2274,1788876667.4170,6,533.23,1037.83,1571.05,36.5,16233.7,39808.5,2373.0,3171827:13;3171945:264;3171946:258;3171947:249;3171948:254
110366.3370,1788876667.5265,6,533.23,1037.83,1571.05,0.0,16247.1,39795.1,2373.0,3171827:13;3171945:264;3171946:258;3171947:249;3171948:254
110366.4474,1788876667.6370,6,533.23,1040.14,1573.37,54.7,16264.1,39778.1,2373.0,3171827:13;3171945:264;3171946:260;3171947:249;3171948:254
110366.5571,1788876667.7466,6,533.23,1040.14,1573.37,9.2,16264.5,39777.7,2373.0,3171827:13;3171945:264;3171946:260;3171947:249;3171948:254
110366.6661,1788876667.8557,6,533.23,1041.24,1574.46,118.1,16271.7,39770.6,2373.0,3171827:13;3171945:265;3171946:260;3171947:249;3171948:254
110366.7762,1788876667.9658,6,533.23,1041.61,1574.84,9.1,16274.4,39767.8,2373.0,3171827:13;3171945:265;3171946:260;3171947:249;3171948:254
110366.8866,1788876668.0762,6,533.23,1042.68,1575.91,36.7,16284.1,39758.2,2373.0,3171827:13;3171945:266;3171946:260;3171947:249;3171948:254
110366.9957,1788876668.1852,6,533.23,1042.68,1575.91,0.0,16284.1,39758.2,2373.0,3171827:13;3171945:266;3171946:260;3171947:249;3171948:254
110367.1058,1788876668.2954,6,533.23,1043.88,1577.11,46.0,16286.2,39756.0,2373.0,3171827:13;3171945:266;3171946:260;3171947:250;3171948:255
110367.2146,1788876668.4041,6,533.23,1043.88,1577.11,0.0,16286.2,39756.0,2373.0,3171827:13;3171945:266;3171946:260;3171947:250;3171948:255
110367.3244,1788876668.5139,6,533.23,1045.39,1578.61,127.4,16300.4,39741.9,2373.0,3171827:13;3171945:267;3171946:261;3171947:250;3171948:255
110367.4341,1788876668.6236,6,533.23,1045.39,1578.61,0.0,16300.4,39741.9,2373.0,3171827:13;3171945:267;3171946:261;3171947:250;3171948:255
110367.5443,1788876668.7338,6,533.23,1047.49,1580.72,63.8,16299.9,39742.3,2373.0,3171827:13;3171945:267;3171946:261;3171947:251;3171948:256
110367.6537,1788876668.8433,6,533.23,1047.49,1580.72,9.2,16301.4,39740.8,2373.0,3171827:13;3171945:267;3171946:261;3171947:251;3171948:256
110367.7626,1788876668.9521,6,533.23,1049.23,1582.46,63.9,16307.0,39735.2,2373.0,3171827:13;3171945:267;3171946:261;3171947:252;3171948:256
110367.8720,1788876669.0615,6,533.23,1049.23,1582.46,9.1,16307.5,39734.8,2373.0,3171827:13;3171945:267;3171946:261;3171947:252;3171948:256
110367.9822,1788876669.1718,6,533.23,1049.92,1583.15,54.7,16310.2,39732.1,2373.0,3171827:13;3171945:267;3171946:262;3171947:252;3171948:256
110368.0918,1788876669.2814,6,533.23,1049.92,1583.15,9.1,16310.2,39732.1,2373.0,3171827:13;3171945:267;3171946:262;3171947:252;3171948:256
110368.2015,1788876669.3911,6,533.23,1051.88,1585.10,73.3,16310.7,39731.6,2373.0,3171827:13;3171945:268;3171946:263;3171947:252;3171948:256
110368.3109,1788876669.5004,6,533.23,1051.88,1585.10,9.2,16311.5,39730.8,2373.0,3171827:13;3171945:268;3171946:263;3171947:252;3171948:256
110368.4200,1788876669.6095,6,533.23,1052.52,1585.75,100.4,16324.5,39717.8,2373.0,3171827:13;3171945:269;3171946:263;3171947:252;3171948:256
110368.5295,1788876669.7191,6,533.23,1052.52,1585.75,9.2,16323.0,39719.3,2373.0,3171827:13;3171945:269;3171946:263;3171947:252;3171948:256
110368.6387,1788876669.8282,6,533.23,1055.25,1588.48,128.0,16323.2,39719.0,2373.0,3171827:13;3171945:269;3171946:263;3171947:253;3171948:257
110368.7482,1788876669.9378,6,533.23,1055.25,1588.48,0.0,16323.2,39719.0,2373.0,3171827:13;3171945:269;3171946:263;3171947:253;3171948:257
110368.8580,1788876670.0476,6,533.23,1056.62,1589.85,81.9,16326.9,39715.4,2373.0,3171827:13;3171945:270;3171946:263;3171947:254;3171948:257
110368.9680,1788876670.1575,6,533.23,1056.55,1589.77,27.6,16327.6,39714.6,2373.0,3171827:13;3171945:269;3171946:263;3171947:254;3171948:257
110369.0769,1788876670.2665,6,533.23,1057.73,1590.96,54.7,16328.1,39714.1,2373.0,3171827:13;3171945:270;3171946:264;3171947:254;3171948:257
110369.1868,1788876670.3763,6,533.23,1057.86,1591.09,0.0,16328.3,39713.9,2373.0,3171827:13;3171945:270;3171946:264;3171947:254;3171948:257
110369.2969,1788876670.4864,6,533.23,1059.98,1593.20,36.7,16329.1,39713.1,2373.0,3171827:13;3171945:270;3171946:264;3171947:255;3171948:258
110369.4062,1788876670.5957,6,533.23,1059.98,1593.20,0.0,16329.1,39713.1,2373.0,3171827:13;3171945:270;3171946:264;3171947:255;3171948:258
110369.5159,1788876670.7054,6,533.23,1059.88,1593.11,18.2,16329.1,39713.1,2373.0,3171827:13;3171945:270;3171946:264;3171947:255;3171948:258
110369.6258,1788876670.8153,6,533.23,1059.88,1593.11,0.0,16328.9,39713.3,2373.0,3171827:13;3171945:270;3171946:264;3171947:255;3171948:258
110369.7363,1788876670.9258,6,533.23,1060.93,1594.16,72.9,16329.2,39713.1,2373.0,3171827:13;3171945:270;3171946:265;3171947:254;3171948:258
110369.8459,1788876671.0355,6,533.23,1061.18,1594.41,9.1,16328.2,39714.0,2373.0,3171827:13;3171945:270;3171946:265;3171947:254;3171948:258
110369.9559,1788876671.1455,6,533.23,1062.18,1595.40,64.2,16326.1,39716.1,2373.0,3171827:13;3171945:271;3171946:266;3171947:255;3171948:258
110370.0652,1788876671.2548,6,533.23,1062.30,1595.53,0.0,16325.7,39716.5,2373.0,3171827:13;3171945:271;3171946:266;3171947:255;3171948:258
110370.1739,1788876671.3634,6,533.23,1063.23,1596.46,63.8,16335.6,39706.7,2373.0,3171827:13;3171945:271;3171946:266;3171947:255;3171948:258
110370.2835,1788876671.4730,6,533.23,1063.23,1596.46,18.2,16335.8,39706.5,2373.0,3171827:13;3171945:271;3171946:266;3171947:255;3171948:258
110370.3938,1788876671.5834,6,533.23,1065.29,1598.52,73.2,16336.3,39706.0,2373.0,3171827:13;3171945:272;3171946:267;3171947:255;3171948:258
110370.5030,1788876671.6926,6,533.23,1066.11,1599.33,45.5,16336.8,39705.4,2373.0,3171827:13;3171945:272;3171946:267;3171947:255;3171948:258
110370.6132,1788876671.8027,6,533.35,1067.12,1600.47,63.9,16336.7,39705.5,2373.0,3171827:13;3171945:272;3171946:268;3171947:256;3171948:258
110370.7227,1788876671.9123,6,533.35,1067.36,1600.71,0.0,16336.4,39705.8,2373.0,3171827:13;3171945:272;3171946:268;3171947:256;3171948:258
110370.8335,1788876672.0231,6,533.35,1068.23,1601.59,27.3,16337.5,39704.7,2373.0,3171827:13;3171945:272;3171946:268;3171947:256;3171948:259
110370.9435,1788876672.1330,6,533.35,1068.73,1602.08,18.3,16337.4,39704.8,2373.0,3171827:13;3171945:272;3171946:268;3171947:257;3171948:259
110371.0526,1788876672.2421,6,533.35,1070.62,1603.97,91.9,16338.1,39704.1,2373.0,3171827:13;3171945:273;3171946:269;3171947:257;3171948:259
110371.1617,1788876672.3513,6,533.35,1071.38,1604.73,9.1,16339.9,39702.4,2373.0,3171827:13;3171945:273;3171946:269;3171947:257;3171948:259
110371.2718,1788876672.4614,6,533.35,1072.48,1605.83,27.5,16339.0,39703.2,2373.0,3171827:13;3171945:273;3171946:270;3171947:258;3171948:260
110371.3809,1788876672.5705,6,533.35,1072.48,1605.83,0.0,16341.0,39701.3,2373.0,3171827:13;3171945:273;3171946:270;3171947:258;3171948:260
110371.4901,1788876672.6797,6,533.35,1073.29,1606.64,127.9,16338.5,39703.7,2373.0,3171827:13;3171945:273;3171946:270;3171947:258;3171948:260
110371.5997,1788876672.7892,6,533.35,1073.52,1606.88,9.2,16338.5,39703.7,2373.0,3171827:13;3171945:273;3171946:270;3171947:258;3171948:260
110371.7086,1788876672.8981,6,533.35,1075.16,1608.51,100.9,16334.5,39707.7,2373.0,3171827:13;3171945:273;3171946:270;3171947:259;3171948:260
110371.8176,1788876673.0072,6,533.35,1075.79,1609.14,18.4,16334.2,39708.0,2373.0,3171827:13;3171945:273;3171946:270;3171947:259;3171948:261
110371.9267,1788876673.1163,6,533.35,1077.92,1611.27,82.2,16327.9,39714.3,2373.0,3171827:13;3171945:274;3171946:270;3171947:260;3171948:261
110372.0361,1788876673.2257,6,533.35,1078.17,1611.52,18.1,16327.9,39714.3,2373.0,3171827:13;3171945:274;3171946:270;3171947:260;3171948:262
110372.1465,1788876673.3361,6,533.35,1079.59,1612.95,64.0,16326.4,39715.8,2373.0,3171827:13;3171945:274;3171946:271;3171947:260;3171948:262
110372.2559,1788876673.4454,6,533.35,1079.84,1613.20,9.0,16326.4,39715.8,2373.0,3171827:13;3171945:274;3171946:271;3171947:260;3171948:262
110372.3670,1788876673.5566,6,533.35,1081.88,1615.23,54.9,16329.4,39712.8,2373.0,3171827:13;3171945:275;3171946:272;3171947:260;3171948:262
110372.4764,1788876673.6660,6,533.35,1081.75,1615.11,9.1,16329.6,39712.6,2373.0,3171827:13;3171945:275;3171946:272;3171947:260;3171948:262
110372.5867,1788876673.7763,6,533.35,1081.71,1615.07,90.3,16329.6,39712.6,2373.0,3171827:13;3171945:275;3171946:272;3171947:260;3171948:262
110372.6975,1788876673.8871,6,533.35,1081.71,1615.07,9.1,16329.6,39712.6,2373.0,3171827:13;3171945:275;3171946:272;3171947:260;3171948:262
110372.8080,1788876673.9975,6,533.35,1083.38,1616.73,18.2,16329.6,39712.6,2373.0,3171827:13;3171945:275;3171946:272;3171947:260;3171948:263
110372.9174,1788876674.1069,6,533.35,1083.38,1616.73,0.0,16329.8,39712.4,2373.0,3171827:13;3171945:275;3171946:272;3171947:260;3171948:263
110373.0263,1788876674.2159,6,533.35,1083.34,1616.69,73.3,16329.8,39712.4,2373.0,3171827:13;3171945:275;3171946:272;3171947:260;3171948:263
110373.1356,1788876674.3251,6,533.35,1083.65,1617.00,45.9,16327.4,39714.8,2373.0,3171827:13;3171945:276;3171946:272;3171947:260;3171948:263
110373.2445,1788876674.4341,6,533.35,1084.42,1617.77,45.5,16327.5,39714.7,2373.0,3171827:13;3171945:276;3171946:272;3171947:261;3171948:263
110373.3546,1788876674.5441,6,533.35,1084.42,1617.77,0.0,16327.5,39714.7,2373.0,3171827:13;3171945:276;3171946:272;3171947:261;3171948:263
110373.4647,1788876674.6543,6,533.35,1084.99,1618.34,90.7,16329.6,39712.6,2373.0,3171827:13;3171945:276;3171946:272;3171947:261;3171948:263
110373.5751,1788876674.7646,6,533.35,1084.70,1618.05,0.0,16308.6,39733.6,2373.0,3171827:13;3171945:276;3171946:272;3171947:260;3171948:263
110373.6856,1788876674.8751,6,533.35,1085.01,1618.36,27.2,16307.5,39734.8,2373.0,3171827:13;3171945:276;3171946:272;3171947:260;3171948:263
110373.7962,1788876674.9857,6,533.35,1085.14,1618.49,0.0,16302.3,39739.9,2373.0,3171827:13;3171945:276;3171946:272;3171947:260;3171948:264
110373.9076,1788876675.0971,6,533.35,1086.00,1619.36,63.9,16296.8,39745.5,2373.0,3171827:13;3171945:276;3171946:272;3171947:261;3171948:264
110374.0171,1788876675.2066,6,533.35,1086.17,1619.52,18.3,16296.8,39745.5,2373.0,3171827:13;3171945:276;3171946:273;3171947:261;3171948:264
110374.1262,1788876675.3157,6,533.48,1086.61,1620.09,55.0,16296.8,39745.5,2373.0,3171827:13;3171945:277;3171946:273;3171947:261;3171948:264
110374.2354,1788876675.4249,6,533.48,1087.09,1620.57,36.0,16295.0,39747.2,2373.0,3171827:13;3171945:277;3171946:273;3171947:261;3171948:264
110374.3465,1788876675.5360,6,533.48,1089.27,1622.74,100.8,16292.3,39750.0,2373.0,3171827:13;3171945:277;3171946:275;3171947:261;3171948:264
110374.4557,1788876675.6452,6,533.48,1089.78,1623.26,27.5,16292.3,39750.0,2373.0,3171827:13;3171945:277;3171946:275;3171947:261;3171948:264
110374.5649,1788876675.7544,6,533.48,1090.50,1623.98,45.3,16288.6,39753.7,2373.0,3171827:13;3171945:277;3171946:275;3171947:262;3171948:264
110374.6751,1788876675.8647,6,533.48,1091.01,1624.48,18.2,16288.6,39753.7,2373.0,3171827:13;3171945:277;3171946:275;3171947:262;3171948:264
110374.7844,1788876675.9740,6,533.48,1092.36,1625.83,82.5,16288.6,39753.7,2373.0,3171827:13;3171945:277;3171946:276;3171947:262;3171948:264
110374.8935,1788876676.0830,6,533.48,1092.36,1625.83,0.0,16287.8,39754.4,2373.0,3171827:13;3171945:277;3171946:276;3171947:262;3171948:264
110375.0036,1788876676.1931,6,533.48,1092.74,1626.21,64.1,16287.2,39755.0,2373.0,3171827:13;3171945:278;3171946:276;3171947:262;3171948:264
110375.1128,1788876676.3023,6,533.48,1092.99,1626.46,27.3,16285.1,39757.2,2373.0,3171827:13;3171945:278;3171946:276;3171947:262;3171948:264
110375.2224,1788876676.4119,6,533.48,1093.10,1626.57,9.1,16285.1,39757.2,2373.0,3171827:13;3171945:278;3171946:276;3171947:262;3171948:264
110375.3318,1788876676.5214,6,533.48,1093.45,1626.93,9.2,16285.1,39757.2,2373.0,3171827:13;3171945:278;3171946:276;3171947:262;3171948:264
110375.4409,1788876676.6304,6,533.48,1095.07,1628.54,45.5,16285.1,39757.2,2373.0,3171827:13;3171945:278;3171946:276;3171947:263;3171948:266
110375.5507,1788876676.7402,6,533.48,1095.59,1629.06,27.6,16283.1,39759.1,2373.0,3171827:13;3171945:278;3171946:276;3171947:263;3171948:266
110375.6594,1788876676.8489,6,533.48,1102.02,1635.50,73.4,16286.8,39755.5,2373.0,3171827:13;3171945:279;3171946:277;3171947:262;3171948:271
110375.7686,1788876676.9582,6,533.48,1096.95,1630.42,45.5,16285.8,39756.5,2373.0,3171827:13;3171945:279;3171946:277;3171947:262;3171948:266
110375.8783,1788876677.0678,6,533.48,1098.00,1631.47,45.5,16281.6,39760.6,2373.0,3171827:13;3171945:279;3171946:278;3171947:262;3171948:266
110375.9885,1788876677.1780,6,533.48,1098.38,1631.86,9.1,16281.9,39760.3,2373.0,3171827:13;3171945:279;3171946:278;3171947:263;3171948:266
110376.0989,1788876677.2884,6,533.48,1100.04,1633.52,63.8,16267.3,39774.9,2373.0,3171827:13;3171945:280;3171946:278;3171947:263;3171948:266
110376.2085,1788876677.3981,6,533.48,1099.52,1633.00,27.5,16299.8,39742.4,2373.0,3171827:13;3171945:279;3171946:278;3171947:263;3171948:266
110376.3175,1788876677.5071,6,533.48,1101.00,1634.48,73.3,16323.5,39718.7,2373.0,3171827:13;3171945:280;3171946:279;3171947:263;3171948:267
110376.4269,1788876677.6164,6,533.48,1101.89,1635.36,9.0,16324.0,39718.2,2373.0,3171827:13;3171945:280;3171946:279;3171947:263;3171948:267
110376.5383,1788876677.7279,6,533.48,1101.93,1635.40,45.8,16324.5,39717.7,2373.0,3171827:13;3171945:280;3171946:279;3171947:263;3171948:267
110376.6475,1788876677.8370,6,533.48,1102.55,1636.03,9.1,16324.5,39717.7,2373.0,3171827:13;3171945:280;3171946:280;3171947:263;3171948:267
110376.7575,1788876677.9471,6,533.48,1103.35,1636.82,45.1,16324.5,39717.7,2373.0,3171827:13;3171945:280;3171946:280;3171947:263;3171948:267
110376.8681,1788876678.0576,6,533.48,1103.10,1636.57,18.2,16321.4,39720.8,2373.0,3171827:13;3171945:280;3171946:280;3171947:263;3171948:268
110376.9786,1788876678.1681,6,533.48,1104.60,1638.07,44.7,16321.1,39721.1,2373.0,3171827:13;3171945:280;3171946:280;3171947:263;3171948:268
110377.0905,1788876678.2800,6,533.48,1104.54,1638.02,9.0,16321.1,39721.1,2373.0,3171827:13;3171945:280;3171946:280;3171947:264;3171948:268
110377.2013,1788876678.3909,6,533.48,1106.29,1639.76,82.5,16315.6,39726.6,2373.0,3171827:13;3171945:281;3171946:280;3171947:264;3171948:269
110377.3106,1788876678.5001,6,533.48,1108.01,1641.48,72.7,16316.4,39725.8,2373.0,3171827:13;3171945:281;3171946:281;3171947:264;3171948:269
110377.4207,1788876678.6102,6,533.48,1113.54,1647.02,63.5,16324.7,39717.5,2373.0,3171827:13;3171945:287;3171946:281;3171947:264;3171948:269
110377.5310,1788876678.7205,6,533.48,1109.66,1643.14,45.2,16320.7,39721.5,2373.0,3171827:13;3171945:282;3171946:281;3171947:264;3171948:269
110377.6416,1788876678.8311,6,533.48,1110.98,1644.45,72.8,16325.5,39716.8,2373.0,3171827:13;3171945:283;3171946:282;3171947:264;3171948:269
110377.7517,1788876678.9412,6,533.48,1111.36,1644.84,27.6,16316.0,39726.2,2373.0,3171827:13;3171945:283;3171946:282;3171947:264;3171948:269
110377.8606,1788876679.0501,6,533.48,1112.02,1645.49,63.6,16310.9,39731.3,2373.0,3171827:13;3171945:283;3171946:282;3171947:264;3171948:269
110377.9707,1788876679.1603,6,533.48,1111.77,1645.24,0.0,16311.1,39731.1,2373.0,3171827:13;3171945:283;3171946:282;3171947:264;3171948:269
110378.0810,1788876679.2705,6,533.48,1112.41,1645.89,36.5,16311.4,39730.9,2373.0,3171827:13;3171945:283;3171946:283;3171947:264;3171948:270
110378.1907,1788876679.3802,6,533.48,1113.14,1646.62,36.4,16309.8,39732.4,2373.0,3171827:13;3171945:284;3171946:283;3171947:265;3171948:269
110378.3011,1788876679.4906,6,533.48,1113.44,1646.92,64.4,16309.0,39733.2,2373.0,3171827:13;3171945:284;3171946:283;3171947:264;3171948:270
110378.4099,1788876679.5994,6,533.48,1114.59,1648.06,9.0,16309.2,39733.0,2373.0,3171827:13;3171945:284;3171946:283;3171947:265;3171948:270
110378.5206,1788876679.7101,6,533.48,1116.00,1649.48,36.8,16310.7,39731.5,2373.0,3171827:13;3171945:285;3171946:283;3171947:265;3171948:271
110378.6294,1788876679.8189,6,533.48,1116.14,1649.62,0.0,16310.7,39731.5,2373.0,3171827:13;3171945:285;3171946:283;3171947:265;3171948:271
110378.7393,1788876679.9289,6,533.48,1117.38,1650.85,100.5,16317.8,39724.4,2373.0,3171827:13;3171945:285;3171946:283;3171947:266;3171948:271
110378.8487,1788876680.0383,6,533.48,1117.16,1650.64,36.6,16315.5,39726.8,2373.0,3171827:13;3171945:285;3171946:283;3171947:266;3171948:270
110378.9580,1788876680.1475,6,533.48,1117.75,1651.22,45.7,16314.8,39727.4,2373.0,3171827:13;3171945:285;3171946:283;3171947:266;3171948:271
110379.0676,1788876680.2571,6,533.48,1117.87,1651.35,0.0,16314.6,39727.6,2373.0,3171827:13;3171945:285;3171946:283;3171947:266;3171948:271
110379.1781,1788876680.3676,6,533.48,1119.74,1653.21,45.7,16314.6,39727.6,2373.0,3171827:13;3171945:285;3171946:283;3171947:267;3171948:272
110379.2874,1788876680.4770,6,533.48,1120.26,1653.73,27.4,16315.1,39727.1,2373.0,3171827:13;3171945:286;3171946:283;3171947:267;3171948:272
110379.3970,1788876680.5865,6,533.48,1122.43,1655.91,127.6,16315.3,39726.9,2373.0,3171827:13;3171945:286;3171946:285;3171947:267;3171948:272
110379.5067,1788876680.6962,6,533.48,1122.60,1656.07,18.1,16314.4,39727.8,2373.0,3171827:13;3171945:286;3171946:285;3171947:267;3171948:272
110379.6172,1788876680.8067,6,533.48,1123.36,1656.84,27.4,16315.4,39726.8,2373.0,3171827:13;3171945:286;3171946:285;3171947:268;3171948:273
110379.7267,1788876680.9162,6,533.48,1123.74,1657.21,0.0,16307.5,39734.7,2373.0,3171827:13;3171945:286;3171946:285;3171947:268;3171948:273
110379.8361,1788876681.0257,6,533.48,1124.31,1657.79,27.3,16310.1,39732.1,2373.0,3171827:13;3171945:286;3171946:285;3171947:268;3171948:272
110379.9457,1788876681.1353,6,533.48,1123.96,1657.44,0.0,16307.9,39734.3,2373.0,3171827:13;3171945:286;3171946:285;3171947:268;3171948:272
110380.0565,1788876681.2460,6,533.48,1124.83,1658.31,27.3,16307.9,39734.3,2373.0,3171827:13;3171945:287;3171946:285;3171947:268;3171948:272
110380.1660,1788876681.3556,6,533.48,1125.07,1658.55,55.1,16308.0,39734.2,2373.0,3171827:13;3171945:287;3171946:285;3171947:268;3171948:272
110380.2750,1788876681.4645,6,533.48,1126.62,1660.09,63.8,16308.0,39734.2,2373.0,3171827:13;3171945:288;3171946:286;3171947:268;3171948:272
110380.3846,1788876681.5742,6,533.48,1126.85,1660.32,26.8,16308.0,39734.2,2373.0,3171827:13;3171945:288;3171946:286;3171947:268;3171948:272
110380.4965,1788876681.6860,6,533.48,1128.22,1661.70,27.2,16308.0,39734.2,2373.0,3171827:13;3171945:288;3171946:286;3171947:268;3171948:273
110380.6067,1788876681.7962,6,533.48,1128.60,1662.07,0.0,16308.0,39734.2,2373.0,3171827:13;3171945:288;3171946:286;3171947:268;3171948:273
110380.7159,1788876681.9054,6,533.48,1129.17,1662.65,45.5,16308.0,39734.2,2373.0,3171827:13;3171945:289;3171946:286;3171947:268;3171948:273
110380.8258,1788876682.0153,6,533.48,1129.48,1662.96,27.4,16306.5,39735.7,2373.0,3171827:13;3171945:288;3171946:286;3171947:268;3171948:274
110380.9353,1788876682.1248,6,533.48,1130.42,1663.90,82.4,16306.1,39736.1,2373.0,3171827:13;3171945:288;3171946:286;3171947:268;3171948:274
110381.0445,1788876682.2341,6,533.48,1130.91,1664.39,27.4,16306.4,39735.9,2373.0,3171827:13;3171945:289;3171946:286;3171947:269;3171948:274
110381.1542,1788876682.3437,6,533.48,1132.50,1665.98,110.3,16302.5,39739.7,2373.0,3171827:13;3171945:289;3171946:287;3171947:269;3171948:275
110381.2630,1788876682.4525,6,533.48,1133.00,1666.48,9.1,16302.7,39739.5,2373.0,3171827:13;3171945:289;3171946:287;3171947:269;3171948:275
110381.3725,1788876682.5620,6,533.48,1133.86,1667.34,73.3,16303.0,39739.2,2373.0,3171827:13;3171945:289;3171946:287;3171947:269;3171948:275
110381.4815,1788876682.6711,6,533.48,1134.52,1668.00,17.8,16302.8,39739.4,2373.0,3171827:13;3171945:290;3171946:288;3171947:270;3171948:275
110381.5935,1788876682.7830,6,533.48,1136.38,1669.86,64.3,16302.8,39739.4,2373.0,3171827:13;3171945:290;3171946:288;3171947:270;3171948:275
110381.7025,1788876682.8920,6,533.98,1177.51,1711.48,127.3,16335.8,39706.4,2373.0,3171827:13;3171945:330;3171946:288;3171947:271;3171948:276
110381.8126,1788876683.0021,6,534.35,1186.92,1721.27,210.1,16366.8,39675.4,2373.0,3171827:13;3171945:340;3171946:288;3171947:270;3171948:276
110381.9220,1788876683.1115,6,534.48,1211.10,1745.58,127.5,16397.5,39644.7,2373.0,3171827:13;3171945:364;3171946:289;3171947:270;3171948:276
110382.0318,1788876683.2213,6,534.85,1218.34,1753.19,118.7,16405.6,39636.6,2373.0,3171827:13;3171945:370;3171946:289;3171947:270;3171948:276
110382.1412,1788876683.3308,6,535.10,1188.35,1723.45,119.3,16383.4,39658.8,2373.0,3171827:13;3171945:341;3171946:289;3171947:270;3171948:276
110382.2503,1788876683.4398,6,535.23,1191.47,1726.70,100.8,16370.8,39671.4,2373.0,3171827:13;3171945:345;3171946:289;3171947:271;3171948:273
110382.3595,1788876683.5490,6,535.23,1191.89,1727.12,36.3,16371.0,39671.2,2373.0,3171827:13;3171945:345;3171946:290;3171947:271;3171948:274
110382.4697,1788876683.6592,6,535.23,1193.11,1728.34,27.0,16371.0,39671.2,2373.0,3171827:13;3171945:345;3171946:290;3171947:271;3171948:274
110382.5803,1788876683.7698,6,535.23,1192.98,1728.21,9.1,16371.5,39670.7,2373.0,3171827:13;3171945:345;3171946:290;3171947:271;3171948:274
110382.6906,1788876683.8801,6,535.23,1193.25,1728.47,27.5,16371.5,39670.7,2373.0,3171827:13;3171945:345;3171946:290;3171947:271;3171948:275
110382.7996,1788876683.9891,6,535.23,1193.49,1728.71,36.8,16371.3,39670.9,2373.0,3171827:13;3171945:345;3171946:290;3171947:271;3171948:275
110382.9085,1788876684.0980,6,535.23,1193.94,1729.16,27.3,16368.5,39673.8,2373.0,3171827:13;3171945:345;3171946:290;3171947:271;3171948:275
110383.0181,1788876684.2076,6,535.23,1194.80,1730.03,36.8,16366.2,39676.0,2373.0,3171827:13;3171945:347;3171946:289;3171947:271;3171948:275
110383.1270,1788876684.3166,6,535.23,1195.68,1730.91,36.4,16366.5,39675.8,2373.0,3171827:13;3171945:347;3171946:289;3171947:271;3171948:275
110383.2369,1788876684.4264,6,535.85,1239.29,1775.14,310.8,16425.7,39616.5,2373.0,3171827:13;3171945:375;3171946:305;3171947:271;3171948:275
110383.3462,1788876684.5358,6,536.23,1232.89,1769.12,227.7,16411.7,39630.5,2373.0,3171827:13;3171945:376;3171946:297;3171947:272;3171948:276
110383.4559,1788876684.6455,6,536.60,1240.18,1776.79,191.8,16443.7,39598.5,2373.0,3171827:13;3171945:385;3171946:295;3171947:272;3171948:276
110383.5654,1788876684.7550,6,536.60,1232.28,1768.88,45.7,16434.4,39607.8,2373.0,3171827:13;3171945:377;3171946:295;3171947:272;3171948:276
110383.6748,1788876684.8644,6,536.60,1232.42,1769.02,27.2,16434.5,39607.8,2373.0,3171827:13;3171945:377;3171946:295;3171947:272;3171948:276
110383.7851,1788876684.9747,6,536.60,1232.42,1769.02,0.0,16418.3,39623.9,2373.0,3171827:13;3171945:377;3171946:295;3171947:272;3171948:276
110383.8949,1788876685.0844,6,536.60,1232.97,1769.57,9.1,16413.4,39628.8,2373.0,3171827:13;3171945:377;3171946:295;3171947:272;3171948:276
110384.0042,1788876685.1938,6,536.85,1234.90,1771.75,73.3,16418.4,39623.9,2373.0,3171827:13;3171945:377;3171946:298;3171947:273;3171948:274
110384.1134,1788876685.3030,6,536.85,1236.62,1773.47,64.4,16416.4,39625.8,2373.0,3171827:13;3171945:377;3171946:302;3171947:271;3171948:274
110384.2223,1788876685.4118,6,536.85,1237.50,1774.35,27.3,16416.9,39625.3,2373.0,3171827:13;3171945:377;3171946:302;3171947:271;3171948:275
110384.3322,1788876685.5218,6,536.85,1237.38,1774.23,9.2,16417.2,39625.1,2373.0,3171827:13;3171945:377;3171946:302;3171947:271;3171948:275
110384.4411,1788876685.6306,6,536.85,1238.61,1775.46,82.5,16420.5,39621.7,2373.0,3171827:13;3171945:377;3171946:305;3171947:268;3171948:275
110384.5501,1788876685.7397,6,536.85,1238.86,1775.71,9.2,16417.7,39624.5,2373.0,3171827:13;3171945:377;3171946:305;3171947:269;3171948:275
110384.6590,1788876685.8485,6,536.85,1239.61,1776.46,36.6,16416.7,39625.5,2373.0,3171827:13;3171945:377;3171946:305;3171947:269;3171948:276
110384.7681,1788876685.9577,6,536.85,1241.52,1778.37,73.6,16420.9,39621.3,2373.0,3171827:13;3171945:377;3171946:309;3171947:269;3171948:274
110384.8770,1788876686.0665,6,536.85,1242.55,1779.40,45.5,16419.6,39622.7,2373.0,3171827:13;3171945:377;3171946:309;3171947:269;3171948:274
110384.9869,1788876686.1764,6,536.85,1243.30,1780.16,45.6,16418.9,39623.3,2373.0,3171827:13;3171945:377;3171946:309;3171947:269;3171948:275
110385.0964,1788876686.2859,6,536.85,1243.30,1780.16,9.1,16418.9,39623.3,2373.0,3171827:13;3171945:377;3171946:309;3171947:269;3171948:275
110385.2062,1788876686.3957,6,536.85,1245.31,1782.16,64.3,16430.0,39612.2,2373.0,3171827:13;3171945:377;3171946:312;3171947:270;3171948:273
110385.3152,1788876686.5047,6,536.85,1245.81,1782.66,18.2,16430.0,39612.2,2373.0,3171827:13;3171945:377;3171946:312;3171947:270;3171948:274
110385.4248,1788876686.6143,6,536.85,1245.91,1782.76,17.9,16430.0,39612.2,2373.0,3171827:13;3171945:377;3171946:312;3171947:270;3171948:274
110385.5368,1788876686.7263,6,536.85,1246.53,1783.38,27.4,16430.2,39612.0,2373.0,3171827:13;3171945:377;3171946:312;3171947:270;3171948:274
110385.6462,1788876686.8357,6,536.85,1246.78,1783.63,18.3,16430.5,39611.7,2373.0,3171827:13;3171945:377;3171946:312;3171947:270;3171948:275
110385.7555,1788876686.9450,6,536.85,1247.63,1784.48,27.4,16430.5,39611.7,2373.0,3171827:13;3171945:377;3171946:312;3171947:270;3171948:275
110385.8650,1788876687.0545,6,536.85,1247.59,1784.44,9.1,16429.8,39612.4,2373.0,3171827:13;3171945:377;3171946:312;3171947:270;3171948:275
110385.9752,1788876687.1648,6,536.85,1247.86,1784.71,18.3,16429.8,39612.5,2373.0,3171827:13;3171945:377;3171946:312;3171947:270;3171948:275
110386.0844,1788876687.2740,6,536.85,1248.21,1785.06,18.0,16429.8,39612.5,2373.0,3171827:13;3171945:377;3171946:312;3171947:271;3171948:275
110386.1950,1788876687.3846,6,536.85,1248.37,1785.22,18.2,16430.0,39612.2,2373.0,3171827:13;3171945:377;3171946:312;3171947:271;3171948:275
110386.3044,1788876687.4940,6,536.85,1249.14,1786.00,18.2,16430.0,39612.3,2373.0,3171827:13;3171945:377;3171946:312;3171947:271;3171948:276
110386.4138,1788876687.6033,6,536.85,1249.66,1786.51,9.1,16423.4,39618.8,2373.0,3171827:13;3171945:377;3171946:312;3171947:271;3171948:276
110386.5234,1788876687.7130,6,536.85,1249.53,1786.38,27.0,16423.2,39619.0,2373.0,3171827:13;3171945:377;3171946:312;3171947:271;3171948:276
110386.6339,1788876687.8234,6,536.85,1252.14,1788.99,27.0,16423.2,39619.0,2373.0,3171827:13;3171945:377;3171946:314;3171947:272;3171948:276
110386.7447,1788876687.9343,6,536.85,1250.94,1787.79,54.0,16424.3,39617.9,2373.0,3171827:13;3171945:377;3171946:316;3171947:269;3171948:276
110386.8560,1788876688.0455,6,536.98,1252.09,1789.06,27.3,16422.5,39619.8,2373.0,3171827:13;3171945:377;3171946:316;3171947:270;3171948:277
110386.9661,1788876688.1557,6,537.10,1253.71,1790.82,63.8,16431.2,39611.0,2373.0,3171827:13;3171945:377;3171946:320;3171947:270;3171948:274
110387.0757,1788876688.2653,6,537.10,1254.86,1791.96,36.6,16431.2,39611.1,2373.0,3171827:13;3171945:377;3171946:320;3171947:270;3171948:275
110387.1850,1788876688.3746,6,537.10,1255.34,1792.44,27.6,16431.2,39611.1,2373.0,3171827:13;3171945:377;3171946:320;3171947:270;3171948:275
110387.2939,1788876688.4834,6,537.10,1262.32,1799.42,63.7,16434.8,39607.4,2373.0,3171827:13;3171945:377;3171946:326;3171947:271;3171948:276
110387.4039,1788876688.5934,6,537.23,1257.48,1794.70,54.3,16437.3,39605.0,2373.0,3171827:13;3171945:377;3171946:323;3171947:271;3171948:273
110387.5146,1788876688.7041,6,537.23,1257.98,1795.21,27.5,16437.8,39604.5,2373.0,3171827:13;3171945:377;3171946:323;3171947:271;3171948:274
110387.6238,1788876688.8133,6,537.23,1257.95,1795.18,18.3,16437.8,39604.5,2373.0,3171827:13;3171945:377;3171946:323;3171947:271;3171948:274
110387.7333,1788876688.9228,6,537.23,1258.33,1795.56,18.3,16460.9,39581.3,2373.0,3171827:13;3171945:377;3171946:323;3171947:271;3171948:274
110387.8428,1788876689.0324,6,538.35,1282.08,1820.43,471.3,16492.4,39549.8,2373.0,3171827:13;3171945:378;3171946:337;3171947:271;3171948:282
110387.9532,1788876689.1428,6,538.85,1273.69,1812.54,299.1,16477.1,39565.1,2373.0,3171827:13;3171945:378;3171946:337;3171947:271;3171948:276
110388.0636,1788876689.2532,6,538.85,1273.69,1812.54,0.0,16476.3,39565.9,2373.0,3171827:13;3171945:378;3171946:337;3171947:271;3171948:276
110388.1748,1788876689.3644,6,538.85,1273.70,1812.55,9.1,16476.6,39565.7,2373.0,3171827:13;3171945:378;3171946:337;3171947:271;3171948:276
110388.2846,1788876689.4741,6,538.85,1274.49,1813.34,45.4,16482.5,39559.7,2373.0,3171827:13;3171945:378;3171946:337;3171947:269;3171948:279
110388.3949,1788876689.5844,6,538.85,1275.58,1814.43,54.9,16482.5,39559.8,2373.0,3171827:13;3171945:378;3171946:337;3171947:270;3171948:279
110388.5043,1788876689.6938,6,538.85,1276.04,1814.89,18.2,16471.3,39570.9,2373.0,3171827:13;3171945:378;3171946:337;3171947:270;3171948:279
110388.6143,1788876689.8038,6,539.10,1303.31,1842.41,368.1,16496.9,39545.3,2373.0,3171827:13;3171945:383;3171946:343;3171947:273;3171948:291
110388.7320,1788876689.9215,6,539.98,1435.26,1975.24,1310.4,16612.6,39429.6,2373.0,3171827:13;3171945:404;3171946:408;3171947:298;3171948:312
110388.8625,1788876690.0521,6,539.98,1461.58,2001.56,1140.5,16651.2,39391.0,2373.0,3171827:13;3171945:432;3171946:430;3171947:275;3171948:311
110389.0321,1788876690.2217,6,540.25,1472.75,2013.00,986.8,16668.4,39373.9,2373.0,3171827:13;3171945:420;3171946:463;3171947:276;3171948:302
110389.1955,1788876690.3850,6,540.25,1572.65,2112.90,664.8,16775.0,39267.3,2373.0,3171827:13;3171945:417;3171946:561;3171947:286;3171948:296
110389.3427,1788876690.5323,6,540.25,1488.02,2028.27,806.0,16789.9,39252.3,2373.0,3171827:13;3171945:406;3171946:539;3171947:260;3171948:271
110389.4832,1788876690.6727,6,540.38,1835.64,2376.02,767.7,17177.2,38865.0,2373.0,3171827:13;3171945:448;3171946:859;3171947:254;3171948:261
110389.6501,1788876690.8396,6,540.38,1987.10,2527.48,1283.3,17325.8,38716.5,2373.0,3171827:13;3171945:593;3171946:884;3171947:231;3171948:266
110389.8257,1788876691.0152,6,540.62,1934.89,2475.51,1104.5,17222.8,38819.4,2373.0,3171827:13;3171945:561;3171946:911;3171947:216;3171948:235
110389.9942,1788876691.1837,6,540.62,1976.48,2517.11,407.5,17265.5,38776.7,2373.0,3171827:13;3171945:571;3171946:949;3171947:216;3171948:228
110390.1206,1788876691.3101,6,540.62,2080.36,2620.98,223.1,17322.1,38720.1,2373.0,3171827:13;3171945:629;3171946:994;3171947:216;3171948:228
110390.2462,1788876691.4358,6,540.62,2199.92,2740.55,188.9,17447.7,38594.5,2373.0,3171827:13;3171945:687;3171946:1056;3171947:216;3171948:228
110390.3676,1788876691.5571,6,540.62,2340.16,2880.78,210.6,17563.0,38479.2,2373.0,3171827:13;3171945:768;3171946:1115;3171947:216;3171948:228
110390.4863,1788876691.6759,6,540.62,2442.37,2982.99,197.8,17679.9,38362.4,2373.0,3171827:13;3171945:793;3171946:1193;3171947:216;3171948:228
110390.6026,1788876691.7921,6,540.62,2643.90,3184.52,210.0,17714.4,38327.8,2373.0,3171827:13;3171945:838;3171946:1349;3171947:216;3171948:228
110390.7215,1788876691.9110,6,540.62,2686.47,3227.09,264.3,17797.1,38245.1,2373.0,3171827:13;3171945:853;3171946:1376;3171947:216;3171948:228
110390.8349,1788876692.0245,6,540.62,2743.11,3283.74,212.0,17817.7,38224.5,2373.0,3171827:13;3171945:870;3171946:1416;3171947:216;3171948:228
110390.9481,1788876692.1376,6,540.62,2665.42,3206.05,198.3,17755.7,38286.5,2373.0,3171827:13;3171945:778;3171946:1430;3171947:216;3171948:228
110391.0590,1788876692.2486,6,540.62,2791.98,3332.61,217.8,17888.8,38153.5,2373.0,3171827:13;3171945:849;3171946:1485;3171947:216;3171948:228
110391.1692,1788876692.3587,6,540.62,2763.19,3303.82,199.8,17906.7,38135.5,2373.0,3171827:13;3171945:873;3171946:1433;3171947:216;3171948:228
110391.2793,1788876692.4688,6,540.62,2722.55,3263.18,198.4,17817.4,38224.8,2373.0,3171827:13;3171945:808;3171946:1457;3171947:216;3171948:228
110391.3902,1788876692.5797,6,540.62,2343.38,2884.01,200.0,17458.2,38584.1,2373.0,3171827:13;3171945:403;3171946:1483;3171947:216;3171948:228
110391.5002,1788876692.6898,6,540.62,2318.44,2859.06,136.7,17454.1,38588.1,2373.0,3171827:13;3171945:291;3171946:1571;3171947:216;3171948:228
110391.6100,1788876692.7995,6,540.62,2343.29,2883.91,99.3,17474.4,38567.9,2373.0,3171827:13;3171945:291;3171946:1596;3171947:216;3171948:228
110391.7208,1788876692.9104,6,540.62,2269.10,2809.72,107.2,17399.9,38642.3,2373.0,3171827:13;3171945:291;3171946:1521;3171947:216;3171948:228
110391.8326,1788876693.0222,6,540.62,2218.57,2759.20,110.0,17352.2,38690.1,2373.0,3171827:13;3171945:291;3171946:1471;3171947:216;3171948:228
110391.9417,1788876693.1313,6,540.62,2242.57,2783.20,109.0,17368.4,38673.8,2373.0,3171827:13;3171945:291;3171946:1495;3171947:216;3171948:228
110392.0519,1788876693.2414,6,540.62,2233.39,2774.02,107.9,17462.7,38579.5,2373.0,3171827:13;3171945:291;3171946:1486;3171947:216;3171948:228
110392.1630,1788876693.3526,6,540.62,1563.81,2104.44,137.0,16812.6,39229.6,2373.0,3171827:13;3171945:291;3171946:816;3171947:216;3171948:228
110392.2725,1788876693.4620,6,540.88,1218.53,1759.41,297.3,16528.1,39514.1,2373.0,3171827:13;3171945:278;3171946:528;3171947:196;3171948:204
110392.3836,1788876693.5731,6,541.56,1381.10,1922.66,314.1,16667.9,39374.3,2373.0,3171827:13;3171945:349;3171946:621;3171947:194;3171948:204
110392.4950,1788876693.6845,6,541.93,1623.89,2165.82,209.5,16890.6,39151.6,2373.0,3171827:13;3171945:492;3171946:734;3171947:192;3171948:193
110392.6047,1788876693.7942,6,541.93,1907.01,2448.94,198.6,17131.1,38911.1,2373.0,3171827:13;3171945:699;3171946:811;3171947:192;3171948:193
110392.7155,1788876693.9050,6,722.08,1629.87,2351.95,245.5,17251.6,38790.6,2373.0,3171827:13;3171945:404;3171946:828;3171947:192;3171948:193
110392.8255,1788876694.0150,6,833.86,1646.85,2480.71,199.7,17368.6,38673.7,2373.0,3171827:13;3171945:404;3171946:845;3171947:192;3171948:193
110392.9358,1788876694.1254,6,719.21,1589.00,2308.21,263.0,17345.0,38697.2,2373.0,3171827:13;3171945:404;3171946:787;3171947:192;3171948:193
110393.0458,1788876694.2354,6,659.12,1637.33,2296.45,146.2,17371.5,38670.8,2373.0,3171827:13;3171945:404;3171946:835;3171947:192;3171948:193
110393.1553,1788876694.3448,6,659.12,1655.20,2314.32,109.6,17357.2,38685.0,2373.0,3171827:13;3171945:404;3171946:853;3171947:192;3171948:193
110393.2648,1788876694.4543,6,659.12,1490.91,2150.04,99.7,17396.9,38645.3,2373.0,3171827:13;3171945:404;3171946:689;3171947:192;3171948:193
110393.3750,1788876694.5646,6,659.08,1006.61,1665.68,109.7,17063.2,38979.0,2373.0,3171827:13;3171945:410;3171946:199;3171947:192;3171948:193
110393.4845,1788876694.6740,6,696.95,1006.06,1703.01,127.8,17126.9,38915.3,2373.0,3171827:13;3171945:409;3171946:199;3171947:192;3171948:193
110393.5940,1788876694.7836,6,792.20,1006.06,1798.26,118.7,17118.9,38923.4,2373.0,3171827:13;3171945:409;3171946:199;3171947:192;3171948:193
110393.7035,1788876694.8931,6,679.06,890.32,1569.38,109.7,17018.8,39023.5,2373.0,3171827:13;3171945:293;3171946:199;3171947:192;3171948:193
110393.8130,1788876695.0025,6,754.93,894.23,1649.16,136.4,17055.9,38986.3,2373.0,3171827:13;3171945:294;3171946:201;3171947:193;3171948:194
110393.9230,1788876695.1125,6,772.59,894.23,1666.82,118.6,16682.3,39359.9,2373.0,3171827:13;3171945:294;3171946:201;3171947:193;3171948:194
110394.0325,1788876695.2221,6,773.59,894.23,1667.82,100.9,16681.5,39360.7,2373.0,3171827:13;3171945:294;3171946:201;3171947:193;3171948:194
110394.1416,1788876695.3311,6,783.21,894.23,1677.45,118.3,16691.8,39350.4,2373.0,3171827:13;3171945:294;3171946:201;3171947:193;3171948:194
110394.2515,1788876695.4410,6,799.71,894.23,1693.95,110.0,16702.4,39339.8,2373.0,3171827:13;3171945:294;3171946:201;3171947:193;3171948:194
110394.3606,1788876695.5501,6,839.86,894.23,1734.09,100.8,16741.9,39300.3,2373.0,3171827:13;3171945:294;3171946:201;3171947:193;3171948:194
110394.4697,1788876695.6593,6,862.48,894.23,1756.71,99.9,16760.5,39281.7,2373.0,3171827:13;3171945:294;3171946:201;3171947:193;3171948:194
110394.5799,1788876695.7694,6,885.61,894.23,1779.84,98.9,16781.9,39260.3,2373.0,3171827:13;3171945:294;3171946:201;3171947:193;3171948:194
110394.6911,1788876695.8807,6,908.86,894.23,1803.09,99.1,16805.6,39236.7,2373.0,3171827:13;3171945:294;3171946:201;3171947:193;3171948:194
110394.8020,1788876695.9916,6,930.11,894.23,1824.34,91.4,16821.3,39220.9,2373.0,3171827:13;3171945:294;3171946:201;3171947:193;3171948:194
110394.9115,1788876696.1010,6,913.93,894.23,1808.16,109.7,16805.7,39236.5,2373.0,3171827:13;3171945:294;3171946:201;3171947:193;3171948:194
110395.0209,1788876696.2104,6,921.93,894.23,1816.16,101.0,16806.0,39236.3,2373.0,3171827:13;3171945:294;3171946:201;3171947:193;3171948:194
110395.1299,1788876696.3194,6,929.93,894.23,1824.16,91.7,16809.2,39233.1,2373.0,3171827:13;3171945:294;3171946:201;3171947:193;3171948:194
110395.2389,1788876696.4284,6,937.18,894.23,1831.41,100.9,16818.0,39224.2,2373.0,3171827:13;3171945:294;3171946:201;3171947:193;3171948:194
110395.3480,1788876696.5375,6,945.30,894.23,1839.54,100.3,16818.3,39224.0,2373.0,3171827:13;3171945:294;3171946:201;3171947:193;3171948:194
110395.4576,1788876696.6471,6,954.30,894.23,1848.54,108.0,16827.4,39214.9,2373.0,3171827:13;3171945:294;3171946:201;3171947:193;3171948:194
110395.5687,1788876696.7583,6,962.93,894.23,1857.16,99.4,16835.2,39207.0,2373.0,3171827:13;3171945:294;3171946:201;3171947:193;3171948:194
110395.6794,1788876696.8690,6,971.68,894.23,1865.91,99.3,16838.9,39203.3,2373.0,3171827:13;3171945:294;3171946:201;3171947:193;3171948:194
110395.7901,1788876696.9797,6,980.43,894.23,1874.66,100.5,16843.5,39198.7,2373.0,3171827:13;3171945:294;3171946:201;3171947:193;3171948:194
110395.8996,1788876697.0891,6,988.93,894.23,1883.16,91.4,16841.0,39201.2,2373.0,3171827:13;3171945:294;3171946:201;3171947:193;3171948:194
110396.0090,1788876697.1986,6,997.30,894.23,1891.54,100.9,16848.8,39193.4,2373.0,3171827:13;3171945:294;3171946:201;3171947:193;3171948:194
110396.1180,1788876697.3076,6,1005.30,894.23,1899.54,128.4,16849.0,39193.2,2373.0,3171827:13;3171945:294;3171946:201;3171947:193;3171948:194
110396.2271,1788876697.4166,6,1013.68,894.23,1907.91,91.7,16851.7,39190.5,2373.0,3171827:13;3171945:294;3171946:201;3171947:193;3171948:194
110396.3361,1788876697.5256,6,1021.93,894.23,1916.16,107.8,16865.4,39176.8,2373.0,3171827:13;3171945:294;3171946:201;3171947:193;3171948:194
110396.4475,1788876697.6370,6,1030.80,894.23,1925.04,99.8,16865.4,39176.8,2373.0,3171827:13;3171945:294;3171946:201;3171947:193;3171948:194
110396.5577,1788876697.7472,6,1039.80,894.23,1934.04,90.2,16865.7,39176.5,2373.0,3171827:13;3171945:294;3171946:201;3171947:193;3171948:194
110396.6685,1788876697.8580,6,1049.05,894.23,1943.29,107.7,16865.7,39176.5,2373.0,3171827:13;3171945:294;3171946:201;3171947:193;3171948:194
110396.7798,1788876697.9694,6,1057.80,894.23,1952.04,100.3,16865.7,39176.5,2373.0,3171827:13;3171945:294;3171946:201;3171947:193;3171948:194
110396.8895,1788876698.0790,6,1066.30,894.23,1960.54,100.5,16859.4,39182.8,2373.0,3171827:13;3171945:294;3171946:201;3171947:193;3171948:194
110396.9989,1788876698.1885,6,1074.93,894.23,1969.16,100.6,16859.9,39182.4,2373.0,3171827:13;3171945:294;3171946:201;3171947:193;3171948:194
110397.1083,1788876698.2978,6,1082.68,894.23,1976.91,91.6,16859.9,39182.4,2373.0,3171827:13;3171945:294;3171946:201;3171947:193;3171948:194
110397.2175,1788876698.4070,6,1090.68,894.23,1984.91,110.0,16859.9,39182.4,2373.0,3171827:13;3171945:294;3171946:201;3171947:193;3171948:194
110397.3266,1788876698.5161,6,1098.68,894.23,1992.91,91.5,16859.9,39182.4,2373.0,3171827:13;3171945:294;3171946:201;3171947:193;3171948:194
110397.4359,1788876698.6255,6,1107.05,894.23,2001.29,109.8,16859.9,39182.4,2373.0,3171827:13;3171945:294;3171946:201;3171947:193;3171948:194
110397.5452,1788876698.7347,6,1115.68,894.23,2009.91,100.5,16859.9,39182.4,2373.0,3171827:13;3171945:294;3171946:201;3171947:193;3171948:194
110397.6546,1788876698.8441,6,1124.43,894.23,2018.66,117.9,16860.1,39182.1,2373.0,3171827:13;3171945:294;3171946:201;3171947:193;3171948:194
110397.7649,1788876698.9544,6,1148.05,894.23,2042.29,90.2,16856.2,39186.0,2373.0,3171827:13;3171945:294;3171946:201;3171947:193;3171948:194
110397.8757,1788876699.0652,6,1226.38,894.23,2120.61,100.6,16926.8,39115.4,2373.0,3171827:13;3171945:294;3171946:201;3171947:193;3171948:194
110397.9851,1788876699.1746,6,1203.51,894.23,2097.74,101.0,16926.8,39115.4,2373.0,3171827:13;3171945:294;3171946:201;3171947:193;3171948:194
110398.0940,1788876699.2835,6,1210.88,894.23,2105.11,101.1,16927.1,39115.1,2373.0,3171827:13;3171945:294;3171946:201;3171947:193;3171948:194
110398.2028,1788876699.3924,6,1218.01,894.23,2112.24,110.0,16927.1,39115.1,2373.0,3171827:13;3171945:294;3171946:201;3171947:193;3171948:194
110398.3120,1788876699.5015,6,1225.13,894.23,2119.36,100.9,16927.0,39115.2,2373.0,3171827:13;3171945:294;3171946:201;3171947:193;3171948:194
110398.4210,1788876699.6105,6,1232.88,894.23,2127.11,100.4,16927.0,39115.2,2373.0,3171827:13;3171945:294;3171946:201;3171947:193;3171948:194
110398.5306,1788876699.7201,6,1240.51,894.23,2134.74,100.4,16927.0,39115.2,2373.0,3171827:13;3171945:294;3171946:201;3171947:193;3171948:194
110398.6404,1788876699.8299,6,1248.38,894.23,2142.61,99.7,16927.3,39115.0,2373.0,3171827:13;3171945:294;3171946:201;3171947:193;3171948:194
110398.7506,1788876699.9401,6,1257.13,894.23,2151.36,99.4,16931.4,39110.8,2373.0,3171827:13;3171945:294;3171946:201;3171947:193;3171948:194
110398.8613,1788876700.0508,6,1280.01,894.23,2174.24,100.9,16947.2,39095.0,2373.0,3171827:13;3171945:294;3171946:201;3171947:193;3171948:194
110398.9702,1788876700.1597,6,1226.08,894.23,2120.31,99.9,16942.4,39099.8,2373.0,3171827:13;3171945:294;3171946:201;3171947:193;3171948:194
110399.0803,1788876700.2699,6,1152.20,894.23,2046.43,100.2,16924.5,39117.7,2373.0,3171827:13;3171945:294;3171946:201;3171947:193;3171948:194
110399.1901,1788876700.3796,6,1122.46,894.23,2016.70,116.2,16894.7,39147.5,2373.0,3171827:13;3171945:294;3171946:201;3171947:193;3171948:194
110399.3020,1788876700.4915,6,1122.46,894.23,2016.70,99.6,16894.7,39147.5,2373.0,3171827:13;3171945:294;3171946:201;3171947:193;3171948:194
110399.4123,1788876700.6019,6,1122.46,894.23,2016.70,101.1,16894.7,39147.5,2373.0,3171827:13;3171945:294;3171946:201;3171947:193;3171948:194
110399.5210,1788876700.7106,6,1122.59,894.23,2016.82,100.1,16894.7,39147.5,2373.0,3171827:13;3171945:294;3171946:201;3171947:193;3171948:194
110399.6311,1788876700.8206,6,1122.59,894.23,2016.82,100.8,16894.7,39147.5,2373.0,3171827:13;3171945:294;3171946:201;3171947:193;3171948:194
110399.7401,1788876700.9296,6,1129.21,894.23,2023.45,99.8,16891.5,39150.7,2373.0,3171827:13;3171945:294;3171946:201;3171947:193;3171948:194
110399.8503,1788876701.0398,6,1137.21,894.23,2031.45,109.4,16887.5,39154.7,2373.0,3171827:13;3171945:294;3171946:201;3171947:193;3171948:194
110399.9600,1788876701.1496,6,1146.21,894.23,2040.45,100.6,16887.7,39154.5,2373.0,3171827:13;3171945:294;3171946:201;3171947:193;3171948:194
110400.0692,1788876701.2588,6,1155.59,894.23,2049.82,100.2,16887.4,39154.8,2373.0,3171827:13;3171945:294;3171946:201;3171947:193;3171948:194
110400.1790,1788876701.3685,6,1157.34,894.23,2051.57,110.0,16880.5,39161.7,2373.0,3171827:13;3171945:294;3171946:201;3171947:193;3171948:194
110400.2881,1788876701.4777,6,1157.34,894.23,2051.57,100.6,16881.1,39161.1,2373.0,3171827:13;3171945:294;3171946:201;3171947:193;3171948:194
110400.3974,1788876701.5870,6,1157.34,894.23,2051.57,100.7,16880.9,39161.3,2373.0,3171827:13;3171945:294;3171946:201;3171947:193;3171948:194
110400.5066,1788876701.6962,6,1157.34,894.23,2051.57,109.4,16880.1,39162.1,2373.0,3171827:13;3171945:294;3171946:201;3171947:193;3171948:194
110400.6165,1788876701.8060,6,1157.34,894.23,2051.57,100.1,16879.3,39162.9,2373.0,3171827:13;3171945:294;3171946:201;3171947:193;3171948:194
110400.7263,1788876701.9158,6,1157.34,894.23,2051.57,101.0,16879.2,39163.1,2373.0,3171827:13;3171945:294;3171946:201;3171947:193;3171948:194
110400.8352,1788876702.0248,6,1157.34,894.23,2051.57,99.0,16875.6,39166.6,2373.0,3171827:13;3171945:294;3171946:201;3171947:193;3171948:194
110400.9462,1788876702.1358,6,1157.34,894.23,2051.57,99.1,16872.8,39169.5,2373.0,3171827:13;3171945:294;3171946:201;3171947:193;3171948:194
110401.0573,1788876702.2469,6,1157.34,894.23,2051.57,99.1,16872.0,39170.2,2373.0,3171827:13;3171945:294;3171946:201;3171947:193;3171948:194
110401.1683,1788876702.3578,6,1157.34,894.23,2051.57,99.3,16871.5,39170.7,2373.0,3171827:13;3171945:294;3171946:201;3171947:193;3171948:194
110401.2790,1788876702.4686,6,1157.34,894.23,2051.57,100.1,16868.0,39174.3,2373.0,3171827:13;3171945:294;3171946:201;3171947:193;3171948:194
110401.3889,1788876702.5784,6,1157.34,894.23,2051.57,99.7,16867.9,39174.3,2373.0,3171827:13;3171945:294;3171946:201;3171947:193;3171948:194
110401.4992,1788876702.6887,6,1157.34,894.23,2051.57,99.6,16868.5,39173.7,2373.0,3171827:13;3171945:294;3171946:201;3171947:193;3171948:194
110401.6096,1788876702.7991,6,1157.34,894.23,2051.57,109.9,16867.8,39174.4,2373.0,3171827:13;3171945:294;3171946:201;3171947:193;3171948:194
110401.7187,1788876702.9083,6,1157.34,894.23,2051.57,99.1,16866.9,39175.4,2373.0,3171827:13;3171945:294;3171946:201;3171947:193;3171948:194
110401.8298,1788876703.0193,6,1157.34,894.23,2051.57,108.7,16862.8,39179.4,2373.0,3171827:13;3171945:294;3171946:201;3171947:193;3171948:194
110401.9402,1788876703.1298,6,1157.34,894.23,2051.57,99.7,16859.3,39182.9,2373.0,3171827:13;3171945:294;3171946:201;3171947:193;3171948:194
110402.0506,1788876703.2401,6,1157.34,894.23,2051.57,91.2,16862.3,39179.9,2373.0,3171827:13;3171945:294;3171946:201;3171947:193;3171948:194
110402.1602,1788876703.3497,6,1157.34,894.23,2051.57,100.6,16861.8,39180.4,2373.0,3171827:13;3171945:294;3171946:201;3171947:193;3171948:194
110402.2696,1788876703.4591,6,1157.34,894.23,2051.57,100.5,16861.0,39181.2,2373.0,3171827:13;3171945:294;3171946:201;3171947:193;3171948:194
110402.3791,1788876703.5686,6,1157.34,894.23,2051.57,109.6,16860.2,39182.0,2373.0,3171827:13;3171945:294;3171946:201;3171947:193;3171948:194
110402.4885,1788876703.6781,6,1157.34,894.23,2051.57,109.2,16859.4,39182.8,2373.0,3171827:13;3171945:294;3171946:201;3171947:193;3171948:194
110402.5984,1788876703.7880,6,1157.34,894.23,2051.57,100.7,16858.6,39183.6,2373.0,3171827:13;3171945:294;3171946:201;3171947:193;3171948:194
110402.7076,1788876703.8971,6,1157.34,894.23,2051.57,91.9,16858.2,39184.0,2373.0,3171827:13;3171945:294;3171946:201;3171947:193;3171948:194
110402.8164,1788876704.0060,6,1157.34,894.23,2051.57,101.0,16857.4,39184.8,2373.0,3171827:13;3171945:294;3171946:201;3171947:193;3171948:194
110402.9253,1788876704.1149,6,1157.34,894.23,2051.57,100.9,16848.0,39194.2,2373.0,3171827:13;3171945:294;3171946:201;3171947:193;3171948:194
110403.0344,1788876704.2239,6,1157.34,894.23,2051.57,100.9,16849.3,39192.9,2373.0,3171827:13;3171945:294;3171946:201;3171947:193;3171948:194
110403.1434,1788876704.3329,6,1157.34,894.23,2051.57,117.2,16848.9,39193.3,2373.0,3171827:13;3171945:294;3171946:201;3171947:193;3171948:194
110403.2543,1788876704.4439,6,1150.38,894.23,2044.61,99.1,16847.7,39194.5,2373.0,3171827:13;3171945:294;3171946:201;3171947:193;3171948:194
110403.3652,1788876704.5548,6,1123.38,894.23,2017.61,109.9,16823.7,39218.5,2373.0,3171827:13;3171945:294;3171946:201;3171947:193;3171948:194
110403.4744,1788876704.6640,6,1123.38,894.23,2017.61,100.2,16823.7,39218.5,2373.0,3171827:13;3171945:294;3171946:201;3171947:193;3171948:194
110403.5843,1788876704.7738,6,1123.38,894.23,2017.61,100.6,16823.7,39218.5,2373.0,3171827:13;3171945:294;3171946:201;3171947:193;3171948:194
110403.6936,1788876704.8831,6,1123.38,894.23,2017.61,101.1,16823.7,39218.5,2373.0,3171827:13;3171945:294;3171946:201;3171947:193;3171948:194
110403.8024,1788876704.9919,6,1123.38,894.23,2017.61,91.8,16822.1,39220.1,2373.0,3171827:13;3171945:294;3171946:201;3171947:193;3171948:194
110403.9114,1788876705.1009,6,1123.38,894.23,2017.61,100.8,16808.1,39234.1,2373.0,3171827:13;3171945:294;3171946:201;3171947:193;3171948:194
110404.0205,1788876705.2100,6,1123.38,894.23,2017.61,100.6,16808.1,39234.1,2373.0,3171827:13;3171945:294;3171946:201;3171947:193;3171948:194
110404.1299,1788876705.3194,6,1123.38,894.23,2017.61,109.4,16800.0,39242.2,2373.0,3171827:13;3171945:294;3171946:201;3171947:193;3171948:194
110404.2396,1788876705.4291,6,1123.38,894.23,2017.61,100.3,16800.0,39242.2,2373.0,3171827:13;3171945:294;3171946:201;3171947:193;3171948:194
110404.3492,1788876705.5388,6,1123.38,894.23,2017.61,99.8,16799.7,39242.5,2373.0,3171827:13;3171945:294;3171946:201;3171947:193;3171948:194
110404.4595,1788876705.6490,6,1123.38,894.23,2017.61,108.9,16799.7,39242.5,2373.0,3171827:13;3171945:294;3171946:201;3171947:193;3171948:194
110404.5697,1788876705.7592,6,1123.38,894.23,2017.61,99.7,16799.7,39242.5,2373.0,3171827:13;3171945:294;3171946:201;3171947:193;3171948:194
110404.6800,1788876705.8695,6,1123.38,894.23,2017.61,100.2,16800.4,39241.8,2373.0,3171827:13;3171945:294;3171946:201;3171947:193;3171948:194
110404.7898,1788876705.9793,6,1123.38,894.23,2017.61,91.5,16800.4,39241.8,2373.0,3171827:13;3171945:294;3171946:201;3171947:193;3171948:194
110404.8990,1788876706.0885,6,1123.38,894.23,2017.61,100.4,16782.8,39259.4,2373.0,3171827:13;3171945:294;3171946:201;3171947:193;3171948:194
110405.0085,1788876706.1981,6,1123.38,894.23,2017.61,100.1,16782.2,39260.0,2373.0,3171827:13;3171945:294;3171946:201;3171947:193;3171948:194
110405.1185,1788876706.3080,6,1123.38,894.23,2017.61,109.7,16782.2,39260.0,2373.0,3171827:13;3171945:294;3171946:201;3171947:193;3171948:194
110405.2279,1788876706.4174,6,1123.38,894.23,2017.61,107.9,16780.2,39262.0,2373.0,3171827:13;3171945:294;3171946:201;3171947:193;3171948:194
110405.3391,1788876706.5287,6,1123.38,894.23,2017.61,100.7,16780.0,39262.2,2373.0,3171827:13;3171945:294;3171946:201;3171947:193;3171948:194
110405.4483,1788876706.6378,6,1123.38,894.23,2017.61,100.6,16778.8,39263.4,2373.0,3171827:13;3171945:294;3171946:201;3171947:193;3171948:194
110405.5577,1788876706.7472,6,1123.51,894.23,2017.74,98.3,16779.0,39263.2,2373.0,3171827:13;3171945:294;3171946:201;3171947:193;3171948:194
110405.6697,1788876706.8592,6,1123.51,894.23,2017.74,98.2,16779.3,39262.9,2373.0,3171827:13;3171945:294;3171946:201;3171947:193;3171948:194
110405.7817,1788876706.9712,6,1123.51,894.23,2017.74,100.5,16778.2,39264.0,2373.0,3171827:13;3171945:294;3171946:201;3171947:193;3171948:194
110405.8912,1788876707.0807,6,1123.51,894.23,2017.74,99.7,16760.4,39281.9,2373.0,3171827:13;3171945:294;3171946:201;3171947:193;3171948:194
110406.0015,1788876707.1910,6,1123.51,894.23,2017.74,98.9,16760.3,39281.9,2373.0,3171827:13;3171945:294;3171946:201;3171947:193;3171948:194
110406.1126,1788876707.3021,6,1123.51,894.23,2017.74,99.5,16760.3,39281.9,2373.0,3171827:13;3171945:294;3171946:201;3171947:193;3171948:194
110406.2232,1788876707.4128,6,1123.51,894.23,2017.74,100.3,16753.6,39288.6,2373.0,3171827:13;3171945:294;3171946:201;3171947:193;3171948:194
110406.3329,1788876707.5224,6,1123.51,894.23,2017.74,98.8,16753.3,39288.9,2373.0,3171827:13;3171945:294;3171946:201;3171947:193;3171948:194
110406.4442,1788876707.6337,6,1123.51,894.23,2017.74,99.7,16771.1,39271.2,2373.0,3171827:13;3171945:294;3171946:201;3171947:193;3171948:194
110406.5546,1788876707.7441,6,1123.51,894.23,2017.74,100.7,16757.6,39284.7,2373.0,3171827:13;3171945:294;3171946:201;3171947:193;3171948:194
110406.6638,1788876707.8533,6,1123.51,894.23,2017.74,100.5,16757.5,39284.7,2373.0,3171827:13;3171945:294;3171946:201;3171947:193;3171948:194
110406.7733,1788876707.9629,6,1123.51,894.23,2017.74,110.1,16757.8,39284.4,2373.0,3171827:13;3171945:294;3171946:201;3171947:193;3171948:194
110406.8824,1788876708.0719,6,1123.51,894.23,2017.74,99.9,16745.8,39296.5,2373.0,3171827:13;3171945:294;3171946:201;3171947:193;3171948:194
110406.9924,1788876708.1819,6,1123.51,894.23,2017.74,100.3,16743.1,39299.1,2373.0,3171827:13;3171945:294;3171946:201;3171947:193;3171948:194
110407.1020,1788876708.2915,6,1123.51,894.23,2017.74,100.6,16743.3,39298.9,2373.0,3171827:13;3171945:294;3171946:201;3171947:193;3171948:194
110407.2113,1788876708.4008,6,1123.51,894.23,2017.74,119.4,16743.5,39298.7,2373.0,3171827:13;3171945:294;3171946:201;3171947:193;3171948:194
110407.3203,1788876708.5098,6,1123.51,894.23,2017.74,110.1,16747.3,39294.9,2373.0,3171827:13;3171945:294;3171946:201;3171947:193;3171948:194
110407.4294,1788876708.6189,6,1123.51,894.23,2017.74,99.3,16747.3,39294.9,2373.0,3171827:13;3171945:294;3171946:201;3171947:193;3171948:194
110407.5402,1788876708.7297,6,1123.51,894.23,2017.74,98.7,16747.3,39294.9,2373.0,3171827:13;3171945:294;3171946:201;3171947:193;3171948:194
110407.6517,1788876708.8412,6,1123.51,894.23,2017.74,98.8,16746.1,39296.2,2373.0,3171827:13;3171945:294;3171946:201;3171947:193;3171948:194
110407.7630,1788876708.9525,6,1123.51,894.23,2017.74,100.3,16750.1,39292.2,2373.0,3171827:13;3171945:294;3171946:201;3171947:193;3171948:194
110407.8726,1788876709.0621,6,1123.51,894.23,2017.74,100.9,16733.8,39308.4,2373.0,3171827:13;3171945:294;3171946:201;3171947:193;3171948:194
110407.9816,1788876709.1711,6,1123.51,894.23,2017.74,100.0,16733.0,39309.3,2373.0,3171827:13;3171945:294;3171946:201;3171947:193;3171948:194
110408.0916,1788876709.2811,6,1076.52,894.23,1970.75,101.0,16686.0,39356.2,2373.0,3171827:13;3171945:294;3171946:201;3171947:193;3171948:194
110408.2005,1788876709.3900,6,1115.55,894.23,2009.79,136.3,16715.5,39326.7,2373.0,3171827:13;3171945:294;3171946:201;3171947:193;3171948:194
110408.3106,1788876709.5001,6,987.22,888.23,1875.45,82.2,16625.2,39417.1,2373.0,3171827:13;3171945:293;3171946:198;3171947:192;3171948:193
110408.4201,1788876709.6097,6,987.22,883.68,1870.90,389.5,16666.2,39376.1,2373.0,3171827:13;3171945:289;3171946:198;3171947:191;3171948:193
110408.5332,1788876709.7227,2,983.93,12.88,996.80,0.0,16066.2,39976.1,2373.0,3171827:13
