t_mono,t_wall,n_procs,client_rss_mb,workers_rss_mb,tree_rss_mb,tree_cpu_pct,sys_used_mb,sys_available_mb,swap_used_mb,net_recv_mb,net_sent_mb,disk_read_mb,workers
111185.2254,1788877486.4149,2,24.09,13.00,37.09,0.0,15220.4,40821.8,2374.5,5903.544,3081.039,70604.693,3195483:13
111185.3349,1788877486.5244,2,24.09,13.00,37.09,0.0,15220.7,40821.5,2374.5,5903.544,3081.039,70604.693,3195483:13
111185.4433,1788877486.6328,2,24.09,13.00,37.09,0.0,15220.9,40821.3,2374.5,5903.544,3081.039,70604.693,3195483:13
111185.5520,1788877486.7416,2,45.95,13.00,58.95,367.4,15220.9,40821.3,2374.5,5903.544,3081.039,70604.717,3195483:13
111185.6759,1788877486.8654,2,62.46,13.00,75.46,712.7,15220.9,40821.3,2374.5,5903.544,3081.039,70604.717,3195483:13
111185.7866,1788877486.9761,2,88.63,13.00,101.63,100.7,15220.9,40821.3,2374.5,5903.544,3081.039,70604.717,3195483:13
111185.8961,1788877487.0857,2,110.28,13.00,123.28,99.3,15218.3,40823.9,2374.5,5903.545,3081.039,70604.717,3195483:13
111186.0069,1788877487.1965,2,122.65,13.00,135.65,105.8,15199.6,40842.7,2374.5,5903.545,3081.039,70604.717,3195483:13
111186.1200,1788877487.3096,2,154.70,13.00,167.70,81.7,15199.1,40843.1,2374.5,5903.545,3081.041,70604.717,3195483:13
111186.2312,1788877487.4207,2,155.20,13.00,168.20,0.0,15199.1,40843.1,2374.5,5903.550,3081.041,70604.717,3195483:13
111186.3423,1788877487.5318,2,155.20,13.00,168.20,0.0,15199.6,40842.6,2374.5,5903.550,3081.041,70604.717,3195483:13
111186.4515,1788877487.6411,2,155.20,13.00,168.20,0.0,15199.0,40843.3,2374.5,5903.550,3081.041,70604.717,3195483:13
111186.5602,1788877487.7497,2,174.32,13.00,187.32,18.3,15199.2,40843.0,2374.5,5903.691,3081.043,70604.717,3195483:13
111186.6700,1788877487.8595,6,194.32,135.96,330.29,8.8,15221.3,40820.9,2374.5,5903.691,3081.043,70604.717,3195483:13;3195515:31;3195516:30;3195517:31;3195518:31
111186.7861,1788877487.9756,6,194.32,200.80,395.12,1166.7,15231.5,40810.7,2374.5,5903.691,3081.043,70604.717,3195483:13;3195515:56;3195516:44;3195517:44;3195518:44
111186.9083,1788877488.0978,6,194.32,289.11,483.43,475.4,15265.7,40776.6,2374.5,5903.691,3081.043,70604.717,3195483:13;3195515:77;3195516:66;3195517:66;3195518:66
111187.0187,1788877488.2082,6,194.32,368.07,562.39,387.4,15310.7,40731.5,2374.5,5903.691,3081.043,70604.717,3195483:13;3195515:91;3195516:87;3195517:89;3195518:89
111187.1297,1788877488.3192,6,195.70,393.19,588.89,290.8,15327.9,40714.3,2374.5,5903.691,3081.043,70604.717,3195483:13;3195515:95;3195516:95;3195517:95;3195518:95
111187.2398,1788877488.4294,6,196.32,393.19,589.52,9.0,15328.2,40714.0,2374.5,5903.698,3081.050,70604.717,3195483:13;3195515:95;3195516:95;3195517:95;3195518:95
111187.3506,1788877488.5402,6,197.82,393.19,591.02,18.3,15333.3,40708.9,2374.5,5903.699,3081.050,70604.717,3195483:13;3195515:95;3195516:95;3195517:95;3195518:95
111187.4603,1788877488.6498,6,197.82,393.19,591.02,0.0,15333.3,40708.9,2374.5,5903.701,3081.051,70604.717,3195483:13;3195515:95;3195516:95;3195517:95;3195518:95
111187.5699,1788877488.7594,6,197.82,393.19,591.02,9.0,15333.3,40708.9,2374.5,5903.701,3081.052,70604.717,3195483:13;3195515:95;3195516:95;3195517:95;3195518:95
111187.6803,1788877488.8698,6,197.82,393.19,591.02,0.0,15333.3,40708.9,2374.5,5903.701,3081.052,70604.732,3195483:13;3195515:95;3195516:95;3195517:95;3195518:95
111187.7913,1788877488.9808,6,197.82,393.19,591.02,9.1,15333.3,40708.9,2374.5,5903.701,3081.052,70604.732,3195483:13;3195515:95;3195516:95;3195517:95;3195518:95
111187.9004,1788877489.0899,6,197.82,393.19,591.02,0.0,15331.3,40710.9,2374.5,5903.701,3081.052,70604.732,3195483:13;3195515:95;3195516:95;3195517:95;3195518:95
111188.0105,1788877489.2000,6,197.82,393.19,591.02,0.0,15323.4,40718.8,2374.5,5903.701,3081.052,70604.732,3195483:13;3195515:95;3195516:95;3195517:95;3195518:95
111188.1192,1788877489.3087,6,197.95,393.32,591.27,9.2,15323.4,40718.8,2374.5,5903.701,3081.052,70604.732,3195483:13;3195515:95;3195516:95;3195517:95;3195518:95
111188.2280,1788877489.4175,6,197.95,393.32,591.27,9.1,15323.4,40718.8,2374.5,5903.701,3081.052,70604.732,3195483:13;3195515:95;3195516:95;3195517:95;3195518:95
111188.3384,1788877489.5279,6,197.95,393.32,591.27,9.2,15323.4,40718.8,2374.5,5903.701,3081.052,70604.732,3195483:13;3195515:95;3195516:95;3195517:95;3195518:95
111188.4473,1788877489.6368,6,197.95,393.32,591.27,0.0,15323.4,40718.8,2374.5,5903.702,3081.052,70604.732,3195483:13;3195515:95;3195516:95;3195517:95;3195518:95
111188.5570,1788877489.7466,6,217.13,393.32,610.45,45.4,15346.6,40695.7,2374.5,5903.826,3081.054,70604.732,3195483:13;3195515:95;3195516:95;3195517:95;3195518:95
111188.6669,1788877489.8564,6,224.88,393.32,618.20,99.4,15346.6,40695.7,2374.5,5903.826,3081.054,70604.732,3195483:13;3195515:95;3195516:95;3195517:95;3195518:95
111188.7774,1788877489.9669,6,227.25,393.32,620.57,100.7,15346.8,40695.4,2374.5,5903.826,3081.055,70604.732,3195483:13;3195515:95;3195516:95;3195517:95;3195518:95
111188.8877,1788877490.0773,6,227.25,393.32,620.57,0.0,15342.7,40699.5,2374.5,5903.827,3081.055,70604.732,3195483:13;3195515:95;3195516:95;3195517:95;3195518:95
111188.9977,1788877490.1872,6,227.25,393.32,620.57,0.0,15342.7,40699.5,2374.5,5903.827,3081.055,70604.732,3195483:13;3195515:95;3195516:95;3195517:95;3195518:95
111189.1073,1788877490.2968,6,227.25,393.32,620.57,9.1,15340.1,40702.1,2374.5,5903.827,3081.055,70604.732,3195483:13;3195515:95;3195516:95;3195517:95;3195518:95
111189.2175,1788877490.4070,6,227.25,393.32,620.57,9.0,15340.1,40702.1,2374.5,5903.827,3081.055,70604.732,3195483:13;3195515:95;3195516:95;3195517:95;3195518:95
111189.3287,1788877490.5182,6,227.25,393.32,620.57,0.0,15340.1,40702.1,2374.5,5903.827,3081.055,70604.732,3195483:13;3195515:95;3195516:95;3195517:95;3195518:95
111189.4378,1788877490.6273,6,227.25,393.32,620.57,0.0,15340.2,40702.1,2374.5,5903.827,3081.055,70604.732,3195483:13;3195515:95;3195516:95;3195517:95;3195518:95
111189.5478,1788877490.7373,6,227.25,393.32,620.57,9.1,15340.2,40702.1,2374.5,5903.827,3081.055,70604.732,3195483:13;3195515:95;3195516:95;3195517:95;3195518:95
111189.6565,1788877490.8460,6,227.25,393.32,620.57,0.0,15340.2,40702.1,2374.5,5903.827,3081.055,70604.732,3195483:13;3195515:95;3195516:95;3195517:95;3195518:95
111189.7670,1788877490.9565,6,227.25,393.32,620.57,0.0,15340.2,40702.1,2374.5,5903.827,3081.055,70604.732,3195483:13;3195515:95;3195516:95;3195517:95;3195518:95
111189.8759,1788877491.0655,6,231.00,393.32,624.32,9.1,15347.0,40695.2,2374.5,5903.925,3081.055,70604.732,3195483:13;3195515:95;3195516:95;3195517:95;3195518:95
111189.9861,1788877491.1756,6,246.02,393.32,639.34,91.2,15362.2,40680.0,2374.5,5903.941,3081.055,70604.732,3195483:13;3195515:95;3195516:95;3195517:95;3195518:95
111190.0970,1788877491.2865,6,247.02,393.32,640.34,81.3,15358.5,40683.7,2374.5,5903.941,3081.056,70604.732,3195483:13;3195515:95;3195516:95;3195517:95;3195518:95
111190.2067,1788877491.3963,6,247.02,393.32,640.34,0.0,15358.5,40683.7,2374.5,5903.941,3081.056,70604.732,3195483:13;3195515:95;3195516:95;3195517:95;3195518:95
111190.3181,1788877491.5076,6,247.02,393.32,640.34,0.0,15358.5,40683.7,2374.5,5903.941,3081.056,70604.732,3195483:13;3195515:95;3195516:95;3195517:95;3195518:95
111190.4278,1788877491.6174,6,247.02,393.32,640.34,0.0,15358.5,40683.7,2374.5,5903.941,3081.056,70604.732,3195483:13;3195515:95;3195516:95;3195517:95;3195518:95
111190.5376,1788877491.7271,6,247.02,393.32,640.34,9.1,15358.5,40683.7,2374.5,5903.941,3081.056,70604.732,3195483:13;3195515:95;3195516:95;3195517:95;3195518:95
111190.6471,1788877491.8366,6,247.02,393.32,640.34,9.2,15358.5,40683.7,2374.5,5903.941,3081.056,70604.732,3195483:13;3195515:95;3195516:95;3195517:95;3195518:95
111190.7558,1788877491.9454,6,259.57,393.32,652.88,54.9,15370.0,40672.2,2374.5,5904.020,3081.057,70604.732,3195483:13;3195515:95;3195516:95;3195517:95;3195518:95
111190.8653,1788877492.0548,6,259.57,393.32,652.88,98.8,15360.8,40681.5,2374.5,5904.020,3081.057,70604.732,3195483:13;3195515:95;3195516:95;3195517:95;3195518:95
111190.9766,1788877492.1661,6,259.94,393.32,653.26,64.1,15356.6,40685.6,2374.5,5904.025,3081.060,70604.732,3195483:13;3195515:95;3195516:95;3195517:95;3195518:95
111191.0857,1788877492.2752,6,259.94,393.32,653.26,18.2,15357.1,40685.1,2374.5,5904.026,3081.060,70604.732,3195483:13;3195515:95;3195516:95;3195517:95;3195518:95
111191.1958,1788877492.3854,6,262.69,393.32,656.01,64.1,15355.9,40686.3,2374.5,5904.027,3081.060,70604.732,3195483:13;3195515:95;3195516:95;3195517:95;3195518:95
111191.3051,1788877492.4946,6,262.69,393.32,656.01,99.9,15355.9,40686.3,2374.5,5904.027,3081.060,70604.732,3195483:13;3195515:95;3195516:95;3195517:95;3195518:95
111191.4149,1788877492.6044,6,262.69,393.32,656.01,100.1,15355.9,40686.3,2374.5,5904.027,3081.060,70604.732,3195483:13;3195515:95;3195516:95;3195517:95;3195518:95
111191.5251,1788877492.7147,6,265.89,393.32,659.21,108.3,15355.9,40686.3,2374.5,5904.027,3081.060,70604.732,3195483:13;3195515:95;3195516:95;3195517:95;3195518:95
111191.6356,1788877492.8251,6,269.02,393.32,662.33,100.2,15355.9,40686.3,2374.5,5904.027,3081.061,70604.732,3195483:13;3195515:95;3195516:95;3195517:95;3195518:95
111191.7453,1788877492.9349,6,274.39,393.32,667.71,100.7,15361.3,40680.9,2374.5,5904.027,3081.061,70604.732,3195483:13;3195515:95;3195516:95;3195517:95;3195518:95
111191.8546,1788877493.0441,6,275.52,393.32,668.83,99.7,15350.8,40691.4,2374.5,5904.028,3081.061,70604.732,3195483:13;3195515:95;3195516:95;3195517:95;3195518:95
111191.9648,1788877493.1543,6,279.85,393.32,673.17,91.6,15348.6,40693.6,2374.5,5904.028,3081.061,70604.732,3195483:13;3195515:95;3195516:95;3195517:95;3195518:95
111192.0741,1788877493.2636,6,282.36,393.32,675.67,99.6,15348.6,40693.6,2374.5,5904.028,3081.061,70604.732,3195483:13;3195515:95;3195516:95;3195517:95;3195518:95
111192.1847,1788877493.3742,6,286.38,393.32,679.70,109.7,15349.5,40692.7,2374.5,5904.028,3081.061,70604.732,3195483:13;3195515:95;3195516:95;3195517:95;3195518:95
111192.2938,1788877493.4833,6,286.38,393.32,679.70,101.1,15350.3,40691.9,2374.5,5904.028,3081.061,70604.732,3195483:13;3195515:95;3195516:95;3195517:95;3195518:95
111192.4025,1788877493.5921,6,286.52,393.32,679.83,100.6,15350.3,40691.9,2374.5,5904.028,3081.061,70604.732,3195483:13;3195515:95;3195516:95;3195517:95;3195518:95
111192.5123,1788877493.7019,6,296.18,393.32,689.50,99.0,15357.9,40684.3,2374.5,5904.028,3081.061,70604.732,3195483:13;3195515:95;3195516:95;3195517:95;3195518:95
111192.6232,1788877493.8127,6,296.09,393.32,689.40,99.8,15373.4,40668.8,2374.5,5904.028,3081.061,70604.732,3195483:13;3195515:95;3195516:95;3195517:95;3195518:95
111192.7333,1788877493.9229,6,300.09,393.32,693.40,100.2,15373.4,40668.8,2374.5,5904.028,3081.061,70604.732,3195483:13;3195515:95;3195516:95;3195517:95;3195518:95
111192.8433,1788877494.0328,6,303.23,393.32,696.55,99.4,15359.8,40682.4,2374.5,5904.028,3081.061,70604.732,3195483:13;3195515:95;3195516:95;3195517:95;3195518:95
111192.9537,1788877494.1432,6,303.45,393.32,696.77,110.2,15349.6,40692.7,2374.5,5904.028,3081.061,70604.732,3195483:13;3195515:95;3195516:95;3195517:95;3195518:95
111193.0626,1788877494.2521,6,365.28,393.32,758.60,116.4,15370.6,40671.6,2374.5,5904.028,3081.061,70604.732,3195483:13;3195515:95;3195516:95;3195517:95;3195518:95
111193.1744,1788877494.3639,6,333.31,393.32,726.62,191.1,15383.4,40658.8,2374.5,5904.029,3081.061,70604.732,3195483:13;3195515:95;3195516:95;3195517:95;3195518:95
111193.2841,1788877494.4737,6,344.39,481.36,825.74,270.2,15420.9,40621.4,2374.5,5904.029,3081.061,70604.732,3195483:13;3195515:117;3195516:117;3195517:117;3195518:117
111193.3955,1788877494.5850,6,344.39,567.86,912.24,399.6,15460.7,40581.5,2374.5,5904.029,3081.061,70604.732,3195483:13;3195515:139;3195516:139;3195517:139;3195518:139
111193.5053,1788877494.6948,6,345.34,633.56,978.90,218.4,15480.5,40561.7,2374.5,5904.045,3081.080,70604.732,3195483:13;3195515:154;3195516:156;3195517:157;3195518:155
111193.6151,1788877494.8047,6,345.34,665.19,1010.53,279.4,15497.6,40544.6,2374.5,5904.052,3081.138,70604.732,3195483:13;3195515:162;3195516:164;3195517:164;3195518:163
111193.7268,1788877494.9164,6,345.34,665.19,1010.53,0.0,15497.6,40544.6,2374.5,5904.052,3081.138,70604.732,3195483:13;3195515:162;3195516:164;3195517:164;3195518:163
111193.8372,1788877495.0268,6,345.34,667.69,1013.03,45.7,15495.6,40546.6,2374.5,5904.159,3081.160,70604.732,3195483:13;3195515:163;3195516:165;3195517:165;3195518:163
111193.9466,1788877495.1361,6,345.34,667.94,1013.28,0.0,15497.0,40545.2,2374.5,5904.219,3081.165,70604.732,3195483:13;3195515:163;3195516:165;3195517:165;3195518:163
111194.0577,1788877495.2472,6,345.34,670.31,1015.65,45.9,15498.5,40543.7,2374.5,5905.161,3081.215,70604.732,3195483:13;3195515:163;3195516:165;3195517:165;3195518:164
111194.1673,1788877495.3568,6,345.34,721.87,1067.21,544.2,15618.4,40423.8,2374.5,5905.466,3081.225,70604.732,3195483:13;3195515:176;3195516:178;3195517:178;3195518:177
111194.2838,1788877495.4734,6,345.34,712.39,1057.73,584.6,15606.4,40435.8,2374.5,5905.746,3081.240,70604.732,3195483:13;3195515:173;3195516:183;3195517:175;3195518:168
111194.3938,1788877495.5833,6,345.34,747.23,1092.57,173.5,15616.1,40426.2,2374.5,5905.771,3081.251,70604.732,3195483:13;3195515:191;3195516:189;3195517:186;3195518:168
111194.5032,1788877495.6927,6,345.34,774.30,1119.64,108.0,15626.6,40415.6,2374.5,5906.259,3081.295,70604.732,3195483:13;3195515:193;3195516:189;3195517:187;3195518:192
111194.6148,1788877495.8044,6,345.34,779.00,1124.34,72.2,15629.0,40413.2,2374.5,5906.259,3081.297,70604.732,3195483:13;3195515:193;3195516:189;3195517:187;3195518:197
111194.7250,1788877495.9146,6,345.34,782.85,1128.19,45.0,15629.8,40412.5,2374.5,5906.380,3081.337,70604.732,3195483:13;3195515:194;3195516:191;3195517:187;3195518:198
111194.8363,1788877496.0258,6,345.34,790.02,1135.36,55.0,15631.2,40411.0,2374.5,5906.451,3081.345,70604.732,3195483:13;3195515:196;3195516:195;3195517:187;3195518:199
111194.9453,1788877496.1348,6,345.34,792.17,1137.51,98.9,15627.9,40414.3,2374.5,5907.073,3081.396,70604.732,3195483:13;3195515:197;3195516:196;3195517:187;3195518:199
111195.0567,1788877496.2462,6,345.34,793.96,1139.30,36.1,15628.7,40413.5,2374.5,5907.171,3081.416,70604.732,3195483:13;3195515:197;3195516:197;3195517:187;3195518:201
111195.1677,1788877496.3573,6,345.34,797.22,1142.56,81.6,15632.1,40410.1,2374.5,5907.547,3081.451,70604.732,3195483:13;3195515:197;3195516:197;3195517:187;3195518:204
111195.2779,1788877496.4674,6,345.34,797.35,1142.69,9.2,15632.4,40409.9,2374.5,5907.644,3081.459,70604.732,3195483:13;3195515:197;3195516:197;3195517:187;3195518:204
111195.3863,1788877496.5759,6,345.34,801.84,1147.18,91.0,15634.6,40407.6,2374.5,5908.363,3081.511,70604.732,3195483:13;3195515:198;3195516:200;3195517:187;3195518:204
111195.4968,1788877496.6864,6,345.34,801.86,1147.20,0.0,15634.6,40407.6,2374.5,5908.572,3081.516,70604.732,3195483:13;3195515:198;3195516:200;3195517:187;3195518:204
111195.6076,1788877496.7971,6,345.34,802.75,1148.09,35.8,15634.6,40407.6,2374.5,5909.167,3081.551,70604.732,3195483:13;3195515:198;3195516:200;3195517:187;3195518:204
111195.7196,1788877496.9091,6,345.34,802.73,1148.07,9.0,15635.6,40406.7,2374.5,5909.317,3081.554,70604.732,3195483:13;3195515:198;3195516:200;3195517:187;3195518:204
111195.8308,1788877497.0204,6,345.34,804.04,1149.38,126.1,15635.8,40406.4,2374.5,5909.973,3081.601,70604.732,3195483:13;3195515:199;3195516:200;3195517:187;3195518:205
111195.9417,1788877497.1312,6,345.34,804.21,1149.55,9.2,15628.0,40414.2,2374.5,5910.132,3081.611,70604.732,3195483:13;3195515:199;3195516:200;3195517:187;3195518:205
111196.0509,1788877497.2404,6,345.34,815.54,1160.88,190.9,15634.1,40408.1,2374.5,5910.601,3081.659,70604.732,3195483:13;3195515:200;3195516:202;3195517:196;3195518:205
111196.1606,1788877497.3502,6,345.34,816.10,1161.44,27.6,15634.1,40408.1,2374.5,5910.621,3081.669,70604.732,3195483:13;3195515:200;3195516:202;3195517:196;3195518:205
111196.2696,1788877497.4591,6,345.34,817.73,1163.07,73.1,15634.6,40407.6,2374.5,5911.377,3081.717,70604.732,3195483:13;3195515:200;3195516:203;3195517:196;3195518:206
111196.3794,1788877497.5689,6,345.34,818.70,1164.04,36.2,15635.6,40406.6,2374.5,5911.399,3081.728,70604.732,3195483:13;3195515:200;3195516:203;3195517:196;3195518:206
111196.4895,1788877497.6791,6,345.34,821.10,1166.44,110.0,15636.9,40405.3,2374.5,5912.272,3081.778,70604.732,3195483:13;3195515:200;3195516:203;3195517:197;3195518:208
111196.5988,1788877497.7883,6,345.34,821.07,1166.41,18.4,15637.1,40405.1,2374.5,5912.347,3081.793,70604.732,3195483:13;3195515:200;3195516:203;3195517:197;3195518:208
111196.7073,1788877497.8968,6,345.34,824.17,1169.51,107.8,15638.1,40404.1,2374.5,5912.980,3081.832,70604.744,3195483:13;3195515:200;3195516:204;3195517:198;3195518:209
111196.8189,1788877498.0085,6,345.34,824.94,1170.28,26.1,15628.0,40414.2,2374.5,5913.136,3081.843,70604.744,3195483:13;3195515:201;3195516:205;3195517:198;3195518:209
111196.9333,1788877498.1229,6,345.34,828.50,1173.84,117.4,15629.5,40412.7,2374.5,5914.037,3081.895,70604.744,3195483:13;3195515:201;3195516:205;3195517:200;3195518:210
111197.0442,1788877498.2337,6,345.34,832.22,1177.56,45.6,15632.2,40410.0,2374.5,5914.418,3081.912,70604.744,3195483:13;3195515:205;3195516:205;3195517:200;3195518:210
111197.1534,1788877498.3429,6,345.34,834.25,1179.59,90.4,15633.4,40408.8,2374.5,5914.943,3081.952,70604.744,3195483:13;3195515:205;3195516:205;3195517:200;3195518:211
111197.2644,1788877498.4540,6,345.34,834.45,1179.79,18.0,15633.7,40408.6,2374.5,5914.955,3081.956,70604.744,3195483:13;3195515:205;3195516:205;3195517:200;3195518:211
111197.3753,1788877498.5648,6,345.34,845.85,1191.19,180.7,15640.6,40401.7,2374.5,5915.786,3082.002,70604.744,3195483:13;3195515:209;3195516:209;3195517:204;3195518:211
111197.4868,1788877498.6763,6,345.34,846.54,1191.88,45.0,15640.8,40401.4,2374.5,5915.853,3082.023,70604.744,3195483:13;3195515:209;3195516:209;3195517:204;3195518:211
111197.5973,1788877498.7869,6,345.34,848.12,1193.46,99.9,15642.0,40400.2,2374.5,5917.020,3082.076,70604.744,3195483:13;3195515:209;3195516:209;3195517:205;3195518:212
111197.7077,1788877498.8973,6,345.34,848.12,1193.46,0.0,15642.0,40400.2,2374.5,5917.138,3082.080,70604.744,3195483:13;3195515:209;3195516:209;3195517:205;3195518:212
111197.8178,1788877499.0073,6,345.34,851.06,1196.40,90.4,15643.8,40398.4,2374.5,5918.074,3082.130,70604.744,3195483:13;3195515:210;3195516:210;3195517:205;3195518:214
111197.9292,1788877499.1187,6,345.34,851.66,1197.00,9.1,15636.8,40405.4,2374.5,5918.128,3082.136,70604.744,3195483:13;3195515:210;3195516:210;3195517:206;3195518:214
111198.0377,1788877499.2273,6,345.34,854.66,1200.00,127.6,15639.8,40402.5,2374.5,5919.187,3082.184,70604.744,3195483:13;3195515:211;3195516:210;3195517:206;3195518:214
111198.1478,1788877499.3373,6,345.34,855.16,1200.50,18.2,15640.5,40401.7,2374.5,5919.205,3082.188,70604.744,3195483:13;3195515:212;3195516:210;3195517:206;3195518:214
111198.2579,1788877499.4475,6,345.34,858.86,1204.20,137.0,15645.9,40396.4,2374.5,5919.825,3082.237,70604.744,3195483:13;3195515:214;3195516:211;3195517:207;3195518:214
111198.3672,1788877499.5567,6,345.34,859.95,1205.29,36.8,15646.3,40395.9,2374.5,5919.899,3082.245,70604.744,3195483:13;3195515:215;3195516:211;3195517:207;3195518:214
111198.4759,1788877499.6654,6,345.34,866.06,1211.40,173.7,15649.8,40392.4,2374.5,5920.902,3082.296,70604.744,3195483:13;3195515:219;3195516:212;3195517:208;3195518:214
111198.5862,1788877499.7757,6,345.34,866.86,1212.20,36.2,15650.0,40392.2,2374.5,5920.972,3082.302,70604.744,3195483:13;3195515:219;3195516:212;3195517:208;3195518:214
111198.6958,1788877499.8853,6,345.34,875.62,1220.96,191.5,15654.4,40387.8,2374.5,5921.598,3082.342,70604.744,3195483:13;3195515:223;3195516:214;3195517:210;3195518:215
111198.8069,1788877499.9964,6,345.34,876.07,1221.41,61.8,15646.8,40395.4,2374.5,5921.630,3082.351,70604.744,3195483:13;3195515:223;3195516:214;3195517:211;3195518:215
111198.9192,1788877500.1087,6,345.34,883.50,1228.84,191.0,15656.2,40386.0,2374.5,5922.761,3082.401,70604.744,3195483:13;3195515:227;3195516:216;3195517:212;3195518:216
111199.0288,1788877500.2184,6,345.46,884.13,1229.59,18.4,15656.2,40386.0,2374.5,5922.818,3082.406,70604.744,3195483:13;3195515:227;3195516:216;3195517:212;3195518:216
111199.1375,1788877500.3270,6,345.46,891.44,1236.91,191.5,15660.6,40381.6,2374.5,5923.692,3082.453,70604.744,3195483:13;3195515:232;3195516:217;3195517:213;3195518:217
111199.2473,1788877500.4368,6,345.46,892.19,1237.66,36.1,15661.8,40380.4,2374.5,5923.722,3082.459,70604.744,3195483:13;3195515:231;3195516:217;3195517:214;3195518:217
111199.3581,1788877500.5477,6,345.46,900.25,1245.71,209.4,15666.3,40376.0,2374.5,5924.381,3082.510,70604.744,3195483:13;3195515:236;3195516:218;3195517:215;3195518:219
111199.4677,1788877500.6573,6,345.46,900.51,1245.97,18.2,15666.5,40375.7,2374.5,5924.460,3082.515,70604.744,3195483:13;3195515:236;3195516:218;3195517:215;3195518:219
111199.5772,1788877500.7667,6,345.46,915.12,1260.59,210.2,15672.9,40369.3,2374.5,5925.299,3082.557,70604.744,3195483:13;3195515:242;3195516:220;3195517:219;3195518:221
111199.6866,1788877500.8762,6,345.46,914.29,1259.76,54.2,15675.1,40367.1,2374.5,5925.354,3082.564,70604.744,3195483:13;3195515:240;3195516:221;3195517:218;3195518:222
111199.7975,1788877500.9870,6,345.46,923.35,1268.81,204.5,15679.9,40362.3,2374.5,5926.244,3082.599,70604.744,3195483:13;3195515:245;3195516:224;3195517:219;3195518:222
111199.9101,1788877501.0996,6,345.46,924.10,1269.56,54.2,15675.1,40367.1,2374.5,5926.276,3082.607,70604.744,3195483:13;3195515:246;3195516:224;3195517:219;3195518:222
111200.0208,1788877501.2103,6,345.46,933.16,1278.63,190.6,15679.8,40362.4,2374.5,5927.328,3082.649,70604.744,3195483:13;3195515:252;3195516:225;3195517:219;3195518:224
111200.1306,1788877501.3201,6,345.59,937.22,1282.81,109.9,15682.8,40359.4,2374.5,5927.359,3082.664,70604.744,3195483:13;3195515:254;3195516:226;3195517:219;3195518:225
111200.2399,1788877501.4294,6,345.59,944.22,1289.81,182.5,15688.9,40353.3,2374.5,5928.264,3082.700,70604.744,3195483:13;3195515:260;3195516:226;3195517:220;3195518:226
111200.3499,1788877501.5394,6,345.59,948.88,1294.46,91.5,15695.3,40346.9,2374.5,5928.301,3082.708,70604.744,3195483:13;3195515:263;3195516:227;3195517:221;3195518:226
111200.4586,1788877501.6481,6,345.71,954.77,1300.48,155.2,15696.6,40345.7,2374.5,5929.460,3082.758,70604.744,3195483:13;3195515:266;3195516:228;3195517:221;3195518:227
111200.5682,1788877501.7578,6,345.71,954.77,1300.48,0.0,15696.6,40345.7,2374.5,5929.515,3082.761,70604.744,3195483:13;3195515:266;3195516:228;3195517:221;3195518:227
111200.6767,1788877501.8663,6,345.71,957.11,1302.82,127.1,15698.5,40343.7,2374.5,5930.372,3082.802,70604.744,3195483:13;3195515:267;3195516:229;3195517:221;3195518:227
111200.7870,1788877501.9765,6,345.71,957.45,1303.16,27.2,15700.2,40342.0,2374.5,5930.446,3082.807,70604.744,3195483:13;3195515:267;3195516:229;3195517:221;3195518:227
111200.8975,1788877502.0870,6,345.71,954.06,1299.77,109.4,15709.3,40333.0,2374.5,5931.732,3082.855,70604.744,3195483:13;3195515:261;3195516:231;3195517:223;3195518:227
111201.0070,1788877502.1965,6,345.71,954.06,1299.77,0.0,15709.3,40333.0,2374.5,5931.830,3082.857,70604.744,3195483:13;3195515:261;3195516:231;3195517:223;3195518:227
111201.1207,1788877502.3103,6,345.71,955.48,1301.20,128.2,15710.2,40332.0,2374.5,5933.234,3082.915,70604.744,3195483:13;3195515:261;3195516:231;3195517:223;3195518:227
111201.2300,1788877502.4195,6,345.71,955.48,1301.20,9.2,15710.2,40332.0,2374.5,5933.272,3082.916,70604.744,3195483:13;3195515:261;3195516:231;3195517:223;3195518:227
111201.3385,1788877502.5280,6,345.71,956.97,1302.69,55.1,15710.2,40332.0,2374.5,5934.511,3082.958,70604.744,3195483:13;3195515:263;3195516:231;3195517:223;3195518:227
111201.4486,1788877502.6382,6,345.71,956.97,1302.69,9.0,15710.2,40332.0,2374.5,5934.593,3082.964,70604.744,3195483:13;3195515:263;3195516:231;3195517:223;3195518:227
111201.5587,1788877502.7482,6,345.71,958.21,1303.92,45.6,15711.0,40331.3,2374.5,5935.826,3083.012,70604.744,3195483:13;3195515:263;3195516:231;3195517:223;3195518:228
111201.6678,1788877502.8573,6,345.71,958.21,1303.92,0.0,15711.0,40331.3,2374.5,5935.915,3083.015,70604.744,3195483:13;3195515:263;3195516:231;3195517:223;3195518:228
111201.7803,1788877502.9699,6,345.71,959.39,1305.11,26.7,15711.5,40330.8,2374.5,5937.419,3083.056,70604.744,3195483:13;3195515:264;3195516:232;3195517:223;3195518:228
111201.8904,1788877503.0799,6,345.71,959.47,1305.18,9.2,15698.5,40343.8,2374.5,5937.478,3083.059,70604.744,3195483:13;3195515:264;3195516:232;3195517:223;3195518:228
111201.9989,1788877503.1884,6,345.71,961.36,1307.07,45.6,15699.6,40342.6,2374.5,5938.537,3083.088,70604.744,3195483:13;3195515:265;3195516:232;3195517:224;3195518:228
111202.1092,1788877503.2988,6,345.71,961.36,1307.07,18.2,15699.9,40342.4,2374.5,5938.598,3083.089,70604.744,3195483:13;3195515:265;3195516:232;3195517:224;3195518:228
111202.2185,1788877503.4080,6,345.71,961.80,1307.51,71.7,15701.1,40341.1,2374.5,5939.510,3083.125,70604.744,3195483:13;3195515:265;3195516:232;3195517:223;3195518:228
111202.3304,1788877503.5200,6,345.71,961.72,1307.43,0.0,15709.2,40333.0,2374.5,5939.560,3083.127,70604.744,3195483:13;3195515:265;3195516:232;3195517:223;3195518:228
111202.4393,1788877503.6289,6,345.71,962.02,1307.73,45.6,15710.1,40332.1,2374.5,5940.819,3083.169,70604.744,3195483:13;3195515:263;3195516:233;3195517:224;3195518:229
111202.5487,1788877503.7383,6,345.71,962.02,1307.73,0.0,15710.1,40332.1,2374.5,5940.865,3083.170,70604.744,3195483:13;3195515:263;3195516:233;3195517:224;3195518:229
111202.6576,1788877503.8471,6,345.71,962.89,1308.60,99.2,15710.4,40331.8,2374.5,5941.727,3083.210,70604.744,3195483:13;3195515:264;3195516:232;3195517:224;3195518:229
111202.7695,1788877503.9590,6,345.71,962.89,1308.60,0.0,15710.4,40331.8,2374.5,5941.767,3083.212,70604.744,3195483:13;3195515:264;3195516:232;3195517:224;3195518:229
111202.8784,1788877504.0679,6,345.71,964.30,1310.02,63.0,15700.9,40341.3,2374.5,5942.813,3083.256,70604.744,3195483:13;3195515:264;3195516:232;3195517:224;3195518:231
111202.9899,1788877504.1795,6,345.71,964.17,1309.89,9.1,15700.0,40342.2,2374.5,5943.062,3083.276,70604.744,3195483:13;3195515:264;3195516:232;3195517:224;3195518:231
111203.0990,1788877504.2885,6,345.71,964.96,1310.68,36.8,15700.8,40341.5,2374.5,5944.274,3083.313,70604.744,3195483:13;3195515:264;3195516:233;3195517:224;3195518:231
111203.2079,1788877504.3974,6,345.71,965.42,1311.13,27.6,15701.0,40341.2,2374.5,5944.376,3083.323,70604.744,3195483:13;3195515:265;3195516:233;3195517:224;3195518:231
111203.3169,1788877504.5064,6,345.71,967.14,1312.85,45.5,15702.5,40339.8,2374.5,5945.673,3083.360,70604.744,3195483:13;3195515:265;3195516:233;3195517:225;3195518:231
111203.4270,1788877504.6165,6,345.71,967.27,1312.99,9.1,15702.5,40339.8,2374.5,5945.721,3083.365,70604.744,3195483:13;3195515:266;3195516:233;3195517:225;3195518:231
111203.5377,1788877504.7273,6,345.71,969.61,1315.32,99.9,15706.4,40335.8,2374.5,5946.613,3083.408,70604.744,3195483:13;3195515:265;3195516:233;3195517:225;3195518:233
111203.6478,1788877504.8373,6,345.71,967.58,1313.30,9.2,15706.9,40335.3,2374.5,5946.665,3083.411,70604.744,3195483:13;3195515:265;3195516:233;3195517:225;3195518:231
111203.7566,1788877504.9462,6,345.71,968.86,1314.57,45.5,15707.4,40334.8,2374.5,5947.947,3083.449,70604.744,3195483:13;3195515:265;3195516:234;3195517:225;3195518:232
111203.8664,1788877505.0559,6,345.71,968.86,1314.57,0.0,15695.3,40346.9,2374.5,5948.012,3083.453,70604.744,3195483:13;3195515:265;3195516:234;3195517:225;3195518:232
111203.9772,1788877505.1667,6,345.71,968.23,1313.95,64.4,15699.3,40342.9,2374.5,5949.210,3083.492,70604.744,3195483:13;3195515:263;3195516:235;3195517:226;3195518:232
111204.0860,1788877505.2756,6,345.71,968.45,1314.16,9.1,15699.5,40342.7,2374.5,5949.313,3083.496,70604.744,3195483:13;3195515:263;3195516:235;3195517:226;3195518:232
111204.1963,1788877505.3859,6,345.71,970.74,1316.46,118.3,15698.9,40343.4,2374.5,5950.428,3083.536,70604.744,3195483:13;3195515:264;3195516:235;3195517:227;3195518:232
111204.3064,1788877505.4959,6,345.71,970.95,1316.66,9.2,15698.9,40343.4,2374.5,5950.510,3083.540,70604.744,3195483:13;3195515:264;3195516:235;3195517:227;3195518:232
111204.4148,1788877505.6043,6,345.71,974.09,1319.80,109.6,15700.6,40341.6,2374.5,5951.661,3083.595,70604.744,3195483:13;3195515:264;3195516:236;3195517:229;3195518:232
111204.5246,1788877505.7141,6,345.71,974.10,1319.81,9.1,15701.4,40340.9,2374.5,5951.798,3083.599,70604.744,3195483:13;3195515:264;3195516:236;3195517:229;3195518:232
111204.6348,1788877505.8243,6,345.71,976.04,1321.75,63.7,15702.3,40339.9,2374.5,5953.066,3083.653,70604.744,3195483:13;3195515:264;3195516:237;3195517:230;3195518:232
111204.7445,1788877505.9341,6,345.71,975.91,1321.62,9.0,15703.3,40338.9,2374.5,5953.204,3083.662,70604.744,3195483:13;3195515:264;3195516:237;3195517:230;3195518:232
111204.8563,1788877506.0458,6,345.71,978.03,1323.74,72.8,15700.2,40342.0,2374.5,5954.415,3083.707,70604.744,3195483:13;3195515:265;3195516:237;3195517:230;3195518:232
111204.9658,1788877506.1553,6,345.71,978.04,1323.76,27.4,15699.7,40342.5,2374.5,5954.510,3083.712,70604.744,3195483:13;3195515:265;3195516:237;3195517:230;3195518:232
111205.0756,1788877506.2652,6,345.71,981.33,1327.04,116.3,15700.1,40342.1,2374.5,5955.758,3083.759,70604.744,3195483:13;3195515:265;3195516:237;3195517:234;3195518:232
111205.1876,1788877506.3772,6,345.71,981.33,1327.05,18.2,15700.8,40341.4,2374.5,5955.848,3083.763,70604.744,3195483:13;3195515:265;3195516:237;3195517:234;3195518:232
111205.2974,1788877506.4870,6,345.71,982.60,1328.31,108.4,15701.9,40340.4,2374.5,5957.162,3083.808,70604.744,3195483:13;3195515:265;3195516:237;3195517:235;3195518:233
111205.4080,1788877506.5976,6,345.71,982.11,1327.83,27.6,15703.3,40338.9,2374.5,5957.206,3083.814,70604.744,3195483:13;3195515:265;3195516:237;3195517:235;3195518:231
111205.5167,1788877506.7062,6,345.71,984.41,1330.12,73.5,15706.3,40335.9,2374.5,5958.525,3083.854,70604.744,3195483:13;3195515:265;3195516:238;3195517:235;3195518:234
111205.6257,1788877506.8152,6,345.71,984.43,1330.14,0.0,15706.8,40335.4,2374.5,5958.603,3083.858,70604.744,3195483:13;3195515:265;3195516:238;3195517:235;3195518:234
111205.7354,1788877506.9250,6,345.71,985.17,1330.89,89.9,15706.8,40335.4,2374.5,5959.866,3083.899,70604.744,3195483:13;3195515:265;3195516:238;3195517:236;3195518:234
111205.8465,1788877507.0360,6,345.71,985.17,1330.89,0.0,15704.1,40338.1,2374.5,5959.965,3083.902,70604.744,3195483:13;3195515:265;3195516:238;3195517:236;3195518:234
111205.9579,1788877507.1474,6,345.71,987.13,1332.85,9.0,15702.2,40340.0,2374.5,5960.971,3083.927,70604.744,3195483:13;3195515:266;3195516:238;3195517:237;3195518:234
111206.0687,1788877507.2582,6,345.71,987.13,1332.85,9.2,15702.2,40340.0,2374.5,5961.003,3083.928,70604.744,3195483:13;3195515:266;3195516:238;3195517:237;3195518:234
111206.1770,1788877507.3666,6,345.71,989.82,1335.54,156.4,15706.5,40335.7,2374.5,5962.042,3083.976,70604.744,3195483:13;3195515:266;3195516:238;3195517:238;3195518:235
111206.2861,1788877507.4756,6,345.71,990.03,1335.74,9.1,15706.5,40335.7,2374.5,5962.157,3083.981,70604.744,3195483:13;3195515:266;3195516:238;3195517:238;3195518:235
111206.3957,1788877507.5852,6,345.71,992.47,1338.18,119.3,15707.3,40335.0,2374.5,5963.449,3084.028,70604.744,3195483:13;3195515:267;3195516:238;3195517:240;3195518:234
111206.5047,1788877507.6942,6,345.71,992.77,1338.49,9.1,15707.3,40335.0,2374.5,5963.574,3084.035,70604.744,3195483:13;3195515:267;3195516:238;3195517:240;3195518:234
111206.6149,1788877507.8045,6,345.71,993.64,1339.36,82.7,15715.5,40326.7,2374.5,5964.583,3084.073,70604.744,3195483:13;3195515:267;3195516:238;3195517:241;3195518:234
111206.7245,1788877507.9141,6,345.71,994.12,1339.84,36.4,15713.7,40328.5,2374.5,5964.732,3084.079,70604.744,3195483:13;3195515:267;3195516:238;3195517:241;3195518:234
111206.8336,1788877508.0231,6,345.71,996.97,1342.69,145.6,15713.1,40329.1,2374.5,5965.928,3084.123,70604.744,3195483:13;3195515:267;3195516:239;3195517:244;3195518:234
111206.9449,1788877508.1344,6,345.71,997.35,1343.06,9.0,15711.3,40330.9,2374.5,5966.045,3084.128,70604.744,3195483:13;3195515:267;3195516:239;3195517:244;3195518:235
111207.0541,1788877508.2437,6,345.71,1002.89,1348.60,118.1,15714.8,40327.4,2374.5,5967.142,3084.168,70604.744,3195483:13;3195515:272;3195516:239;3195517:245;3195518:234
111207.1652,1788877508.3547,6,345.71,999.09,1344.80,45.1,15714.8,40327.4,2374.5,5967.260,3084.175,70604.744,3195483:13;3195515:268;3195516:239;3195517:245;3195518:234
111207.2750,1788877508.4645,6,345.71,1000.97,1346.68,82.2,15715.3,40326.9,2374.5,5968.421,3084.216,70604.744,3195483:13;3195515:269;3195516:240;3195517:245;3195518:234
111207.3843,1788877508.5739,6,345.71,1001.09,1346.81,0.0,15715.6,40326.6,2374.5,5968.532,3084.219,70604.744,3195483:13;3195515:269;3195516:240;3195517:245;3195518:234
111207.4932,1788877508.6828,6,345.71,1002.88,1348.59,63.7,15724.7,40317.6,2374.5,5969.813,3084.265,70604.744,3195483:13;3195515:269;3195516:240;3195517:247;3195518:235
111207.6047,1788877508.7942,6,345.71,1002.88,1348.59,0.0,15724.7,40317.6,2374.5,5969.855,3084.269,70604.744,3195483:13;3195515:269;3195516:240;3195517:247;3195518:235
111207.7182,1788877508.9077,6,345.71,1005.49,1351.21,127.4,15728.2,40314.0,2374.5,5971.194,3084.314,70604.744,3195483:13;3195515:270;3195516:240;3195517:248;3195518:235
111207.8287,1788877509.0183,6,345.71,1005.12,1350.83,9.1,15722.1,40320.1,2374.5,5971.273,3084.321,70604.744,3195483:13;3195515:270;3195516:240;3195517:248;3195518:235
111207.9376,1788877509.1271,6,345.71,1007.69,1353.40,82.3,15721.6,40320.6,2374.5,5972.729,3084.368,70604.744,3195483:13;3195515:270;3195516:240;3195517:249;3195518:235
111208.0469,1788877509.2365,6,345.71,1007.83,1353.55,9.1,15721.6,40320.6,2374.5,5972.833,3084.372,70604.744,3195483:13;3195515:270;3195516:240;3195517:249;3195518:235
111208.1566,1788877509.3461,6,345.71,1010.05,1355.76,109.5,15723.8,40318.4,2374.5,5974.012,3084.412,70604.744,3195483:13;3195515:270;3195516:241;3195517:251;3195518:235
111208.2661,1788877509.4556,6,345.71,1010.05,1355.76,0.0,15723.8,40318.4,2374.5,5974.133,3084.416,70604.744,3195483:13;3195515:270;3195516:241;3195517:251;3195518:235
111208.3762,1788877509.5657,6,345.71,1011.43,1357.14,35.6,15724.2,40318.0,2374.5,5975.448,3084.531,70604.744,3195483:13;3195515:271;3195516:241;3195517:251;3195518:235
111208.4891,1788877509.6786,6,345.71,1011.75,1357.46,27.3,15724.2,40318.0,2374.5,5975.698,3084.540,70604.744,3195483:13;3195515:271;3195516:241;3195517:251;3195518:235
111208.5975,1788877509.7871,6,345.71,1012.70,1358.41,63.9,15737.5,40304.7,2374.5,5976.904,3084.580,70604.744,3195483:13;3195515:271;3195516:241;3195517:253;3195518:234
111208.7072,1788877509.8967,6,345.71,1013.47,1359.18,27.0,15737.8,40304.5,2374.5,5976.977,3084.588,70604.744,3195483:13;3195515:271;3195516:241;3195517:253;3195518:235
111208.8184,1788877510.0079,6,345.71,1016.65,1362.37,96.4,15739.7,40302.5,2374.5,5978.368,3084.639,70604.744,3195483:13;3195515:272;3195516:242;3195517:255;3195518:235
111208.9325,1788877510.1220,6,345.71,1016.65,1362.37,18.3,15736.9,40305.4,2374.5,5978.400,3084.641,70604.744,3195483:13;3195515:272;3195516:242;3195517:255;3195518:235
111209.0416,1788877510.2311,6,345.71,1019.20,1364.91,64.4,15737.0,40305.2,2374.5,5979.681,3084.680,70604.744,3195483:13;3195515:273;3195516:242;3195517:255;3195518:236
111209.1504,1788877510.3399,6,345.71,1018.95,1364.66,18.4,15737.0,40305.2,2374.5,5979.749,3084.685,70604.744,3195483:13;3195515:273;3195516:242;3195517:255;3195518:236
111209.2589,1788877510.4485,6,345.71,1019.78,1365.49,18.4,15736.7,40305.5,2374.5,5980.939,3084.729,70604.744,3195483:13;3195515:273;3195516:242;3195517:256;3195518:236
111209.3681,1788877510.5577,6,345.71,1019.77,1365.48,45.5,15737.2,40305.1,2374.5,5981.032,3084.732,70604.744,3195483:13;3195515:273;3195516:242;3195517:256;3195518:236
111209.4782,1788877510.6677,6,345.71,1023.65,1369.36,144.3,15740.6,40301.6,2374.5,5982.114,3084.783,70604.744,3195483:13;3195515:274;3195516:243;3195517:257;3195518:236
111209.5894,1788877510.7789,6,345.71,1023.39,1369.10,18.0,15740.9,40301.4,2374.5,5982.193,3084.790,70604.744,3195483:13;3195515:274;3195516:243;3195517:256;3195518:237
111209.6999,1788877510.8894,6,345.71,1027.77,1373.49,172.3,15745.2,40297.1,2374.5,5983.574,3084.837,70604.744,3195483:13;3195515:276;3195516:244;3195517:259;3195518:236
111209.8101,1788877510.9996,6,345.71,1028.15,1373.86,9.1,15741.9,40300.3,2374.5,5983.621,3084.842,70604.744,3195483:13;3195515:276;3195516:244;3195517:259;3195518:236
111209.9192,1788877511.1087,6,345.71,1031.72,1377.44,108.8,15740.2,40302.0,2374.5,5985.006,3084.892,70604.744,3195483:13;3195515:278;3195516:244;3195517:261;3195518:236
111210.0299,1788877511.2195,6,345.71,1031.72,1377.44,0.0,15740.2,40302.0,2374.5,5985.078,3084.894,70604.744,3195483:13;3195515:278;3195516:244;3195517:261;3195518:236
111210.1401,1788877511.3296,6,345.71,1031.51,1377.22,90.2,15745.3,40296.9,2374.5,5986.298,3084.938,70604.744,3195483:13;3195515:276;3195516:244;3195517:262;3195518:237
111210.2507,1788877511.4403,6,345.71,1031.59,1377.30,27.4,15745.3,40296.9,2374.5,5986.338,3084.942,70604.744,3195483:13;3195515:276;3195516:244;3195517:262;3195518:237
111210.3601,1788877511.5496,6,345.71,1033.34,1379.05,137.7,15750.0,40292.2,2374.5,5987.836,3084.993,70604.744,3195483:13;3195515:276;3195516:245;3195517:263;3195518:237
111210.4691,1788877511.6586,6,345.71,1033.35,1379.06,9.2,15750.3,40292.0,2374.5,5987.886,3084.995,70604.744,3195483:13;3195515:276;3195516:245;3195517:263;3195518:237
111210.5779,1788877511.7674,6,345.71,1035.34,1381.06,109.9,15750.5,40291.7,2374.5,5989.202,3085.036,70604.744,3195483:13;3195515:276;3195516:245;3195517:264;3195518:237
111210.6870,1788877511.8765,6,345.71,1035.34,1381.06,0.0,15750.5,40291.7,2374.5,5989.287,3085.040,70604.744,3195483:13;3195515:276;3195516:245;3195517:264;3195518:237
111210.7964,1788877511.9859,6,345.71,1040.04,1385.76,118.8,15754.9,40287.3,2374.5,5990.486,3085.083,70604.744,3195483:13;3195515:278;3195516:246;3195517:265;3195518:238
111210.9056,1788877512.0951,6,345.71,1039.69,1385.41,18.4,15749.6,40292.6,2374.5,5990.546,3085.086,70604.744,3195483:13;3195515:278;3195516:246;3195517:265;3195518:237
111211.0143,1788877512.2038,6,345.71,1041.51,1387.23,45.9,15749.9,40292.3,2374.5,5991.753,3085.115,70604.744,3195483:13;3195515:279;3195516:246;3195517:265;3195518:238
111211.1235,1788877512.3130,6,345.71,1039.57,1385.29,64.3,15757.2,40285.0,2374.5,5991.888,3085.123,70604.744,3195483:13;3195515:276;3195516:246;3195517:266;3195518:238
111211.2326,1788877512.4221,6,345.71,1042.51,1388.22,63.7,15758.2,40284.0,2374.5,5993.084,3085.161,70604.744,3195483:13;3195515:277;3195516:247;3195517:267;3195518:238
111211.3426,1788877512.5321,6,345.71,1041.55,1387.26,36.5,15756.8,40285.4,2374.5,5993.239,3085.167,70604.744,3195483:13;3195515:278;3195516:246;3195517:267;3195518:238
111211.4520,1788877512.6416,6,345.71,1042.85,1388.56,82.0,15758.5,40283.7,2374.5,5994.479,3085.208,70604.744,3195483:13;3195515:279;3195516:246;3195517:266;3195518:239
111211.5613,1788877512.7508,6,345.71,1044.20,1389.92,18.0,15761.8,40280.4,2374.5,5994.636,3085.215,70604.744,3195483:13;3195515:279;3195516:246;3195517:268;3195518:238
111211.6724,1788877512.8619,6,345.71,1047.34,1393.05,116.4,15761.8,40280.4,2374.5,5995.857,3085.259,70604.744,3195483:13;3195515:280;3195516:247;3195517:268;3195518:239
111211.7839,1788877512.9734,6,345.71,1047.34,1393.05,0.0,15761.8,40280.4,2374.5,5996.001,3085.267,70604.744,3195483:13;3195515:280;3195516:247;3195517:268;3195518:239
111211.8942,1788877513.0837,6,345.71,1047.78,1393.50,36.7,15753.7,40288.5,2374.5,5997.117,3085.298,70604.744,3195483:13;3195515:280;3195516:248;3195517:268;3195518:239
111212.0033,1788877513.1929,6,345.71,1048.55,1394.26,9.0,15754.1,40288.1,2374.5,5997.212,3085.305,70604.744,3195483:13;3195515:280;3195516:248;3195517:268;3195518:240
111212.1142,1788877513.3037,6,345.71,1046.99,1392.71,119.2,15756.4,40285.9,2374.5,5998.403,3085.342,70604.744,3195483:13;3195515:278;3195516:247;3195517:269;3195518:240
111212.2230,1788877513.4125,6,345.71,1047.27,1392.98,18.4,15757.8,40284.4,2374.5,5998.554,3085.351,70604.744,3195483:13;3195515:278;3195516:248;3195517:269;3195518:240
111212.3316,1788877513.5211,6,345.71,1049.43,1395.14,109.4,15758.3,40283.9,2374.5,5999.610,3085.397,70604.744,3195483:13;3195515:279;3195516:248;3195517:270;3195518:240
111212.4413,1788877513.6308,6,345.71,1049.84,1395.56,0.0,15758.5,40283.7,2374.5,5999.730,3085.403,70604.744,3195483:13;3195515:279;3195516:248;3195517:270;3195518:240
111212.5510,1788877513.7406,6,345.71,1052.22,1397.94,108.8,15759.0,40283.2,2374.5,6000.914,3085.447,70604.744,3195483:13;3195515:279;3195516:249;3195517:270;3195518:241
111212.6610,1788877513.8506,6,345.71,1052.10,1397.81,9.1,15759.5,40282.7,2374.5,6001.084,3085.456,70604.744,3195483:13;3195515:279;3195516:249;3195517:270;3195518:241
111212.7705,1788877513.9601,6,345.71,1055.94,1401.65,172.2,15761.0,40281.2,2374.5,6002.189,3085.501,70604.744,3195483:13;3195515:280;3195516:250;3195517:271;3195518:242
111212.8812,1788877514.0708,6,345.71,1057.64,1403.35,27.3,15755.5,40286.7,2374.5,6002.649,3085.518,70604.744,3195483:13;3195515:280;3195516:250;3195517:272;3195518:242
111212.9910,1788877514.1805,6,345.71,1057.45,1403.17,64.4,15755.8,40286.5,2374.5,6003.727,3085.555,70604.744,3195483:13;3195515:280;3195516:251;3195517:271;3195518:242
111213.1001,1788877514.2896,6,345.71,1057.80,1403.52,0.0,15755.8,40286.5,2374.5,6003.902,3085.560,70604.744,3195483:13;3195515:280;3195516:251;3195517:272;3195518:242
111213.2090,1788877514.3985,6,345.71,1062.07,1407.78,119.5,15757.1,40285.2,2374.5,6005.070,3085.599,70604.744,3195483:13;3195515:281;3195516:251;3195517:274;3195518:243
111213.3178,1788877514.5073,6,345.71,1062.68,1408.39,63.5,15760.9,40281.3,2374.5,6005.264,3085.605,70604.744,3195483:13;3195515:282;3195516:251;3195517:274;3195518:243
111213.4282,1788877514.6178,6,345.71,1064.66,1410.37,118.7,15765.2,40277.0,2374.5,6006.382,3085.642,70604.744,3195483:13;3195515:283;3195516:251;3195517:275;3195518:242
111213.5376,1788877514.7271,6,345.71,1064.92,1410.63,27.6,15766.0,40276.3,2374.5,6006.619,3085.651,70604.744,3195483:13;3195515:283;3195516:251;3195517:275;3195518:243
111213.6462,1788877514.8357,6,345.71,1068.41,1414.12,127.3,15767.1,40275.1,2374.5,6007.765,3085.695,70604.744,3195483:13;3195515:285;3195516:252;3195517:275;3195518:243
111213.7563,1788877514.9459,6,345.71,1070.71,1416.43,36.5,15767.5,40274.8,2374.5,6007.992,3085.709,70604.744,3195483:13;3195515:286;3195516:252;3195517:276;3195518:244
111213.8657,1788877515.0552,6,345.71,1071.76,1417.47,145.7,15758.2,40284.0,2374.5,6009.112,3085.760,70604.744,3195483:13;3195515:287;3195516:252;3195517:275;3195518:245
111213.9765,1788877515.1660,6,345.71,1073.18,1418.89,63.0,15768.4,40273.8,2374.5,6009.366,3085.773,70604.744,3195483:13;3195515:286;3195516:252;3195517:279;3195518:244
111214.0865,1788877515.2760,6,345.71,1075.81,1421.52,155.3,15768.0,40274.2,2374.5,6010.445,3085.824,70604.744,3195483:13;3195515:288;3195516:252;3195517:279;3195518:244
111214.1963,1788877515.3859,6,345.71,1076.46,1422.17,55.0,15768.3,40274.0,2374.5,6010.689,3085.837,70604.744,3195483:13;3195515:288;3195516:252;3195517:280;3195518:244
111214.3050,1788877515.4945,6,345.71,1081.07,1426.79,182.0,15753.7,40288.5,2374.5,6011.801,3085.894,70604.744,3195483:13;3195515:289;3195516:252;3195517:282;3195518:245
111214.4151,1788877515.6047,6,345.71,1081.67,1427.39,27.5,15754.5,40287.7,2374.5,6012.026,3085.909,70604.744,3195483:13;3195515:290;3195516:252;3195517:282;3195518:245
111214.5242,1788877515.7137,6,345.71,1082.67,1428.39,145.1,15756.9,40285.3,2374.5,6013.160,3085.954,70604.744,3195483:13;3195515:291;3195516:252;3195517:283;3195518:244
111214.6351,1788877515.8246,6,345.71,1084.72,1430.43,63.7,15757.4,40284.8,2374.5,6013.407,3085.964,70604.744,3195483:13;3195515:291;3195516:252;3195517:284;3195518:244
111214.7443,1788877515.9338,6,345.71,1086.95,1432.66,224.0,15761.1,40281.1,2374.5,6014.460,3086.021,70604.744,3195483:13;3195515:291;3195516:252;3195517:286;3195518:244
111214.8561,1788877516.0456,6,345.71,1087.65,1433.36,63.2,15761.7,40280.5,2374.5,6014.687,3086.041,70604.744,3195483:13;3195515:292;3195516:252;3195517:286;3195518:244
111214.9663,1788877516.1559,6,345.71,1091.47,1437.19,246.5,15762.6,40279.7,2374.5,6015.826,3086.097,70604.756,3195483:13;3195515:293;3195516:253;3195517:288;3195518:245
111215.0759,1788877516.2655,6,345.71,1091.76,1437.48,27.3,15762.8,40279.4,2374.5,6016.065,3086.109,70604.756,3195483:13;3195515:292;3195516:253;3195517:288;3195518:245
111215.1857,1788877516.3752,6,345.71,1098.57,1444.29,219.3,15763.5,40278.7,2374.5,6017.234,3086.163,70604.756,3195483:13;3195515:294;3195516:254;3195517:292;3195518:246
111215.2959,1788877516.4855,6,345.71,1097.91,1443.62,36.4,15764.0,40278.2,2374.5,6017.483,3086.176,70604.756,3195483:13;3195515:294;3195516:254;3195517:291;3195518:246
111215.4050,1788877516.5945,6,345.71,1101.08,1446.79,210.0,15766.5,40275.8,2374.5,6018.508,3086.226,70604.756,3195483:13;3195515:295;3195516:254;3195517:293;3195518:246
111215.5151,1788877516.7047,6,345.71,1101.80,1447.52,81.6,15767.2,40275.0,2374.5,6018.769,3086.239,70604.756,3195483:13;3195515:295;3195516:255;3195517:293;3195518:246
111215.6252,1788877516.8148,6,345.71,1108.62,1454.33,264.6,15774.8,40267.5,2374.5,6019.745,3086.293,70604.768,3195483:13;3195515:298;3195516:255;3195517:296;3195518:246
111215.7345,1788877516.9241,6,345.71,1110.29,1456.00,27.0,15775.3,40267.0,2374.5,6019.985,3086.308,70604.768,3195483:13;3195515:298;3195516:256;3195517:297;3195518:247
111215.8462,1788877517.0357,6,345.71,1112.88,1458.59,210.3,15778.3,40263.9,2374.5,6021.102,3086.361,70604.768,3195483:13;3195515:299;3195516:256;3195517:299;3195518:246
111215.9567,1788877517.1462,6,345.71,1115.33,1461.04,81.6,15791.0,40251.2,2374.5,6021.341,3086.377,70604.768,3195483:13;3195515:301;3195516:256;3195517:300;3195518:247
111216.0654,1788877517.2550,6,345.71,1119.15,1464.86,137.6,15791.9,40250.4,2374.5,6022.503,3086.434,70604.768,3195483:13;3195515:302;3195516:255;3195517:302;3195518:247
111216.1745,1788877517.3641,6,345.71,1116.04,1461.75,64.4,15798.1,40244.1,2374.5,6022.771,3086.448,70604.768,3195483:13;3195515:302;3195516:256;3195517:301;3195518:243
111216.2833,1788877517.4729,6,345.71,1120.96,1466.67,183.9,15799.3,40242.9,2374.5,6023.840,3086.503,70604.768,3195483:13;3195515:304;3195516:257;3195517:303;3195518:244
111216.3923,1788877517.5819,6,345.71,1121.80,1467.52,91.7,15802.0,40240.2,2374.5,6024.264,3086.525,70604.768,3195483:13;3195515:304;3195516:257;3195517:304;3195518:245
111216.5012,1788877517.6908,6,345.71,1123.70,1469.41,100.8,15803.2,40239.0,2374.5,6025.301,3086.571,70604.768,3195483:13;3195515:304;3195516:258;3195517:304;3195518:244
111216.6107,1788877517.8002,6,345.71,1123.38,1469.10,27.0,15803.2,40239.0,2374.5,6025.600,3086.581,70604.768,3195483:13;3195515:304;3195516:257;3195517:305;3195518:244
111216.7216,1788877517.9111,6,345.71,1128.51,1474.23,117.8,15802.1,40240.1,2374.5,6026.897,3086.636,70604.768,3195483:13;3195515:306;3195516:257;3195517:307;3195518:246
111216.8320,1788877518.0215,6,345.71,1130.79,1476.50,73.0,15802.6,40239.6,2374.5,6027.191,3086.657,70604.768,3195483:13;3195515:307;3195516:257;3195517:307;3195518:247
111216.9416,1788877518.1312,6,345.71,1134.11,1479.83,199.5,15805.4,40236.8,2374.5,6028.381,3086.709,70604.768,3195483:13;3195515:308;3195516:258;3195517:308;3195518:247
111217.0524,1788877518.2420,6,345.71,1135.79,1481.51,27.4,15805.6,40236.6,2374.5,6028.609,3086.722,70604.768,3195483:13;3195515:308;3195516:258;3195517:309;3195518:248
111217.1612,1788877518.3507,6,345.71,1137.28,1482.99,208.4,15804.3,40237.9,2374.5,6029.656,3086.763,70604.768,3195483:13;3195515:310;3195516:258;3195517:310;3195518:246
111217.2727,1788877518.4622,6,345.71,1137.79,1483.50,45.5,15804.3,40237.9,2374.5,6029.950,3086.780,70604.768,3195483:13;3195515:311;3195516:258;3195517:310;3195518:246
111217.3816,1788877518.5712,6,345.71,1141.09,1486.80,200.7,15805.2,40237.0,2374.5,6031.008,3086.831,70604.768,3195483:13;3195515:311;3195516:259;3195517:312;3195518:247
111217.4914,1788877518.6809,6,345.71,1143.37,1489.09,55.2,15804.9,40237.3,2374.5,6031.250,3086.843,70604.768,3195483:13;3195515:312;3195516:259;3195517:312;3195518:247
111217.5999,1788877518.7895,6,345.71,1145.98,1491.70,89.0,15806.6,40235.6,2374.5,6032.183,3086.879,70604.768,3195483:13;3195515:312;3195516:260;3195517:313;3195518:247
111217.7126,1788877518.9022,6,345.71,1144.95,1490.67,63.7,15808.6,40233.7,2374.5,6032.421,3086.890,70604.768,3195483:13;3195515:314;3195516:259;3195517:313;3195518:246
111217.8220,1788877519.0115,6,345.71,1147.72,1493.43,109.2,15810.6,40231.6,2374.5,6033.434,3086.939,70604.768,3195483:13;3195515:314;3195516:260;3195517:315;3195518:246
111217.9323,1788877519.1218,6,345.71,1147.72,1493.43,36.4,15809.8,40232.4,2374.5,6033.736,3086.955,70604.768,3195483:13;3195515:314;3195516:260;3195517:315;3195518:246
111218.0417,1788877519.2312,6,345.71,1162.39,1508.11,146.8,15826.1,40216.2,2374.5,6034.815,3087.001,70604.775,3195483:13;3195515:314;3195516:261;3195517:328;3195518:246
111218.1507,1788877519.3402,6,345.71,1163.81,1509.52,27.3,15826.8,40215.5,2374.5,6035.128,3087.011,70604.775,3195483:13;3195515:314;3195516:261;3195517:329;3195518:246
111218.2610,1788877519.4505,6,345.71,1163.95,1509.66,91.0,15828.0,40214.2,2374.5,6036.218,3087.046,70604.775,3195483:13;3195515:314;3195516:261;3195517:331;3195518:245
111218.3706,1788877519.5601,6,345.71,1164.55,1510.26,46.0,15829.9,40212.3,2374.5,6036.515,3087.057,70604.775,3195483:13;3195515:314;3195516:261;3195517:332;3195518:245
111218.4791,1788877519.6686,6,345.71,1165.70,1511.41,54.4,15830.2,40212.0,2374.5,6037.484,3087.085,70604.775,3195483:13;3195515:314;3195516:262;3195517:332;3195518:245
111218.5896,1788877519.7792,6,345.71,1166.62,1512.34,36.8,15830.9,40211.3,2374.5,6037.809,3087.096,70604.775,3195483:13;3195515:314;3195516:262;3195517:333;3195518:245
111218.6982,1788877519.8878,6,345.71,1169.38,1515.09,82.4,15831.4,40210.8,2374.5,6038.781,3087.128,70604.775,3195483:13;3195515:314;3195516:263;3195517:334;3195518:246
111218.8075,1788877519.9970,6,345.71,1169.84,1515.55,27.3,15832.2,40210.1,2374.5,6039.131,3087.142,70604.775,3195483:13;3195515:314;3195516:263;3195517:334;3195518:246
111218.9180,1788877520.1075,6,345.71,1169.44,1515.15,36.1,15832.4,40209.8,2374.5,6039.997,3087.170,70604.775,3195483:13;3195515:314;3195516:262;3195517:334;3195518:246
111219.0285,1788877520.2180,6,345.71,1169.69,1515.40,9.1,15833.2,40209.0,2374.5,6040.271,3087.181,70604.775,3195483:13;3195515:314;3195516:262;3195517:334;3195518:246
111219.1380,1788877520.3276,6,345.71,1172.18,1517.89,128.3,15836.8,40205.5,2374.5,6041.067,3087.212,70604.775,3195483:13;3195515:312;3195516:262;3195517:338;3195518:247
111219.2472,1788877520.4367,6,345.71,1173.20,1518.92,46.0,15843.6,40198.6,2374.5,6041.371,3087.221,70604.775,3195483:13;3195515:312;3195516:260;3195517:342;3195518:246
111219.3557,1788877520.5453,6,345.71,1178.74,1524.46,146.0,15851.5,40190.7,2374.5,6042.185,3087.251,70604.775,3195483:13;3195515:310;3195516:261;3195517:348;3195518:248
111219.4666,1788877520.6562,6,345.71,1176.97,1522.68,45.4,15851.9,40190.3,2374.5,6042.494,3087.266,70604.775,3195483:13;3195515:310;3195516:261;3195517:347;3195518:246
111219.5754,1788877520.7649,6,345.71,1182.12,1527.84,155.7,15857.0,40185.2,2374.5,6043.480,3087.297,70604.775,3195483:13;3195515:308;3195516:261;3195517:354;3195518:246
111219.6849,1788877520.8744,6,345.71,1182.51,1528.22,54.0,15859.0,40183.3,2374.5,6044.022,3087.313,70604.775,3195483:13;3195515:308;3195516:261;3195517:355;3195518:246
111219.7961,1788877520.9857,6,345.71,1187.27,1532.98,99.3,15865.5,40176.7,2374.5,6044.950,3087.341,70604.775,3195483:13;3195515:309;3195516:261;3195517:360;3195518:245
111219.9076,1788877521.0971,6,345.71,1188.01,1533.72,118.3,15867.3,40174.9,2374.5,6045.281,3087.360,70604.775,3195483:13;3195515:308;3195516:261;3195517:361;3195518:245
111220.0166,1788877521.2061,6,345.71,1193.16,1538.88,208.9,15861.7,40180.5,2374.5,6046.063,3087.401,70604.775,3195483:13;3195515:307;3195516:261;3195517:367;3195518:245
111220.1270,1788877521.3165,6,345.71,1193.78,1539.49,64.2,15864.5,40177.7,2374.5,6046.388,3087.419,70604.775,3195483:13;3195515:307;3195516:261;3195517:369;3195518:245
111220.2356,1788877521.4251,6,345.71,1195.11,1540.83,45.2,15876.2,40166.1,2374.5,6047.624,3087.463,70604.775,3195483:13;3195515:307;3195516:259;3195517:372;3195518:245
111220.3473,1788877521.5368,6,345.71,1195.24,1540.95,8.9,15876.4,40165.8,2374.5,6047.987,3087.477,70604.775,3195483:13;3195515:307;3195516:259;3195517:372;3195518:245
111220.4582,1788877521.6477,6,345.84,1197.70,1543.54,100.8,15877.9,40164.3,2374.5,6048.744,3087.505,70604.775,3195483:13;3195515:308;3195516:259;3195517:374;3195518:244
111220.5680,1788877521.7575,6,345.84,1199.09,1544.93,18.0,15878.2,40164.1,2374.5,6049.048,3087.515,70604.775,3195483:13;3195515:308;3195516:259;3195517:374;3195518:245
111220.6783,1788877521.8679,6,345.96,1203.26,1549.22,108.3,15868.6,40173.6,2374.5,6049.921,3087.546,70604.775,3195483:13;3195515:308;3195516:259;3195517:378;3195518:246
111220.7897,1788877521.9792,6,345.96,1203.57,1549.53,118.7,15879.0,40163.2,2374.5,6050.173,3087.555,70604.775,3195483:13;3195515:308;3195516:256;3195517:381;3195518:245
111220.8984,1788877522.0879,6,345.96,1204.95,1550.92,99.7,15878.1,40164.1,2374.5,6051.220,3087.594,70604.775,3195483:13;3195515:308;3195516:257;3195517:381;3195518:246
111221.0088,1788877522.1983,6,345.96,1206.36,1552.32,46.0,15881.0,40161.2,2374.5,6051.407,3087.606,70604.775,3195483:13;3195515:308;3195516:256;3195517:383;3195518:246
111221.1175,1788877522.3070,6,345.96,1209.34,1555.30,100.7,15880.2,40162.0,2374.5,6052.446,3087.633,70604.775,3195483:13;3195515:308;3195516:257;3195517:385;3195518:246
111221.2267,1788877522.4163,6,345.96,1209.88,1555.84,18.1,15880.1,40162.2,2374.5,6052.795,3087.643,70604.775,3195483:13;3195515:308;3195516:257;3195517:385;3195518:246
111221.3375,1788877522.5271,6,345.96,1212.19,1558.15,109.5,15896.0,40146.3,2374.5,6053.777,3087.669,70604.775,3195483:13;3195515:308;3195516:253;3195517:392;3195518:247
111221.4470,1788877522.6365,6,345.96,1213.20,1559.16,35.9,15895.1,40147.1,2374.5,6054.028,3087.678,70604.775,3195483:13;3195515:308;3195516:253;3195517:393;3195518:246
111221.5588,1788877522.7483,6,345.96,1212.99,1558.95,36.0,15895.8,40146.4,2374.5,6055.016,3087.705,70604.775,3195483:13;3195515:308;3195516:253;3195517:393;3195518:246
111221.6695,1788877522.8591,6,345.96,1213.31,1559.28,36.0,15895.8,40146.4,2374.5,6055.286,3087.718,70604.775,3195483:13;3195515:308;3195516:253;3195517:393;3195518:246
111221.7807,1788877522.9702,6,345.96,1214.34,1560.30,36.4,15896.1,40146.1,2374.5,6056.367,3087.747,70604.775,3195483:13;3195515:308;3195516:254;3195517:394;3195518:246
111221.8914,1788877523.0809,6,345.96,1214.13,1560.09,18.2,15890.3,40151.9,2374.5,6056.623,3087.754,70604.775,3195483:13;3195515:308;3195516:254;3195517:395;3195518:244
111222.0000,1788877523.1895,6,345.96,1215.89,1561.86,44.9,15891.1,40151.2,2374.5,6057.331,3087.773,70604.775,3195483:13;3195515:308;3195516:254;3195517:395;3195518:245
111222.1114,1788877523.3009,6,345.96,1215.01,1560.97,36.4,15891.6,40150.7,2374.5,6057.378,3087.779,70604.775,3195483:13;3195515:308;3195516:255;3195517:395;3195518:244
111222.2210,1788877523.4105,6,345.96,1219.59,1565.55,63.8,15897.8,40144.4,2374.5,6058.166,3087.806,70604.775,3195483:13;3195515:308;3195516:256;3195517:398;3195518:245
111222.3316,1788877523.5211,6,345.96,1217.82,1563.78,54.6,15900.5,40141.7,2374.5,6058.315,3087.813,70604.775,3195483:13;3195515:308;3195516:254;3195517:399;3195518:245
111222.4407,1788877523.6303,6,345.96,1219.21,1565.18,64.1,15900.5,40141.7,2374.5,6059.247,3087.841,70604.775,3195483:13;3195515:308;3195516:254;3195517:399;3195518:245
111222.5497,1788877523.7392,6,345.96,1219.56,1565.53,36.7,15903.2,40139.1,2374.5,6059.520,3087.851,70604.775,3195483:13;3195515:308;3195516:255;3195517:400;3195518:244
111222.6587,1788877523.8482,6,345.96,1221.11,1567.08,81.3,15904.5,40137.7,2374.5,6060.441,3087.878,70604.775,3195483:13;3195515:308;3195516:253;3195517:403;3195518:244
111222.7697,1788877523.9593,6,345.96,1221.49,1567.45,18.1,15904.8,40137.5,2374.5,6060.702,3087.888,70604.775,3195483:13;3195515:308;3195516:254;3195517:403;3195518:244
111222.8803,1788877524.0699,6,345.96,1228.02,1573.98,108.8,15908.8,40133.5,2374.5,6061.569,3087.923,70604.775,3195483:13;3195515:308;3195516:254;3195517:408;3195518:245
111222.9903,1788877524.1799,6,345.96,1224.32,1570.28,27.2,15912.7,40129.6,2374.5,6061.848,3087.931,70604.775,3195483:13;3195515:308;3195516:254;3195517:407;3195518:243
111223.1010,1788877524.2905,6,345.96,1225.37,1571.33,36.0,15912.3,40129.9,2374.5,6062.606,3087.955,70604.775,3195483:13;3195515:308;3195516:255;3195517:407;3195518:243
111223.2119,1788877524.4015,6,346.09,1225.87,1571.96,9.2,15912.3,40129.9,2374.5,6062.789,3087.959,70604.775,3195483:13;3195515:308;3195516:255;3195517:407;3195518:243
111223.3228,1788877524.5124,6,346.09,1228.66,1574.75,80.8,15913.0,40129.2,2374.5,6063.552,3087.991,70604.775,3195483:13;3195515:308;3195516:257;3195517:407;3195518:244
111223.4326,1788877524.6221,6,346.09,1228.27,1574.36,36.0,15913.5,40128.7,2374.5,6063.702,3088.002,70604.775,3195483:13;3195515:308;3195516:256;3195517:407;3195518:244
111223.5433,1788877524.7328,6,346.09,1228.64,1574.73,54.6,15914.3,40128.0,2374.5,6064.959,3088.047,70604.775,3195483:13;3195515:307;3195516:257;3195517:407;3195518:244
111223.6535,1788877524.8430,6,346.09,1229.43,1575.52,18.0,15914.3,40128.0,2374.5,6065.219,3088.056,70604.775,3195483:13;3195515:307;3195516:258;3195517:407;3195518:245
111223.7643,1788877524.9538,6,346.09,1230.67,1576.76,90.6,15914.2,40128.0,2374.5,6066.228,3088.100,70604.775,3195483:13;3195515:308;3195516:258;3195517:407;3195518:245
111223.8750,1788877525.0645,6,346.09,1230.67,1576.76,0.0,15912.1,40130.2,2374.5,6066.497,3088.109,70604.775,3195483:13;3195515:308;3195516:258;3195517:407;3195518:245
111223.9845,1788877525.1740,6,346.09,1231.83,1577.92,9.1,15911.5,40130.8,2374.5,6067.639,3088.148,70604.775,3195483:13;3195515:309;3195516:259;3195517:407;3195518:245
111224.0939,1788877525.2834,6,346.09,1232.57,1578.66,55.0,15911.2,40131.0,2374.5,6067.908,3088.159,70604.775,3195483:13;3195515:309;3195516:259;3195517:407;3195518:245
111224.2029,1788877525.3924,6,346.09,1233.78,1579.87,45.1,15911.9,40130.3,2374.5,6068.898,3088.190,70604.775,3195483:13;3195515:309;3195516:260;3195517:407;3195518:245
111224.3145,1788877525.5041,6,346.09,1234.37,1580.46,36.4,15911.9,40130.3,2374.5,6069.149,3088.200,70604.775,3195483:13;3195515:309;3195516:260;3195517:407;3195518:245
111224.4239,1788877525.6135,6,346.09,1235.48,1581.57,109.2,15913.6,40128.6,2374.5,6069.949,3088.236,70604.775,3195483:13;3195515:310;3195516:261;3195517:407;3195518:245
111224.5335,1788877525.7231,6,346.09,1236.69,1582.78,36.5,15921.1,40121.2,2374.5,6070.097,3088.245,70604.775,3195483:13;3195515:310;3195516:259;3195517:410;3195518:245
111224.6429,1788877525.8324,6,346.09,1245.11,1591.20,199.0,15931.6,40110.6,2374.5,6071.146,3088.290,70604.775,3195483:13;3195515:310;3195516:257;3195517:419;3195518:246
111224.7537,1788877525.9433,6,346.21,1243.79,1590.00,109.6,15935.8,40106.4,2374.5,6071.634,3088.310,70604.775,3195483:13;3195515:309;3195516:258;3195517:423;3195518:242
111224.8632,1788877526.0527,6,346.21,1244.34,1590.55,18.2,15930.8,40111.4,2374.5,6072.756,3088.344,70604.775,3195483:13;3195515:309;3195516:258;3195517:423;3195518:242
111224.9734,1788877526.1629,6,346.21,1244.78,1591.00,18.4,15930.5,40111.7,2374.5,6073.027,3088.353,70604.775,3195483:13;3195515:309;3195516:258;3195517:423;3195518:242
111225.0822,1788877526.2718,6,346.21,1247.53,1593.75,91.8,15931.2,40111.0,2374.5,6074.043,3088.389,70604.775,3195483:13;3195515:309;3195516:259;3195517:424;3195518:242
111225.1913,1788877526.3809,6,346.21,1247.42,1593.64,9.2,15932.2,40110.0,2374.5,6074.327,3088.399,70604.775,3195483:13;3195515:309;3195516:259;3195517:424;3195518:242
111225.3001,1788877526.4896,6,346.21,1249.75,1595.96,82.6,15932.7,40109.5,2374.5,6075.347,3088.440,70604.775,3195483:13;3195515:309;3195516:260;3195517:424;3195518:243
111225.4090,1788877526.5986,6,346.21,1249.53,1595.75,18.4,15932.7,40109.5,2374.5,6075.646,3088.449,70604.775,3195483:13;3195515:309;3195516:260;3195517:424;3195518:243
111225.5184,1788877526.7080,6,346.21,1250.60,1596.82,72.1,15932.7,40109.5,2374.5,6076.677,3088.488,70604.775,3195483:13;3195515:310;3195516:261;3195517:424;3195518:243
111225.6292,1788877526.8188,6,346.21,1251.11,1597.32,18.2,15932.7,40109.5,2374.5,6077.001,3088.503,70604.775,3195483:13;3195515:310;3195516:261;3195517:424;3195518:243
111225.7389,1788877526.9284,6,346.21,1253.75,1599.96,110.0,15930.4,40111.8,2374.5,6078.135,3088.541,70604.775,3195483:13;3195515:311;3195516:261;3195517:426;3195518:243
111225.8487,1788877527.0382,6,346.21,1254.09,1600.31,45.6,15928.3,40113.9,2374.5,6078.462,3088.556,70604.775,3195483:13;3195515:310;3195516:261;3195517:426;3195518:243
111225.9575,1788877527.1470,6,346.21,1258.05,1604.27,110.0,15919.4,40122.8,2374.5,6079.557,3088.597,70604.775,3195483:13;3195515:307;3195516:262;3195517:433;3195518:244
111226.0665,1788877527.2560,6,346.21,1258.08,1604.30,18.2,15919.1,40123.1,2374.5,6079.913,3088.613,70604.775,3195483:13;3195515:307;3195516:262;3195517:433;3195518:243
111226.1764,1788877527.3659,6,346.21,1268.27,1614.49,163.3,15929.7,40112.5,2374.5,6080.780,3088.650,70604.775,3195483:13;3195515:306;3195516:264;3195517:442;3195518:244
111226.2865,1788877527.4761,6,346.21,1263.66,1609.88,9.1,15929.7,40112.5,2374.5,6081.130,3088.660,70604.775,3195483:13;3195515:304;3195516:264;3195517:440;3195518:244
111226.3965,1788877527.5860,6,346.21,1266.23,1612.44,71.2,15937.8,40104.4,2374.5,6082.180,3088.698,70604.775,3195483:13;3195515:304;3195516:263;3195517:443;3195518:243
111226.5088,1788877527.6983,6,346.21,1266.64,1612.86,17.8,15938.1,40104.1,2374.5,6082.518,3088.711,70604.775,3195483:13;3195515:305;3195516:263;3195517:443;3195518:243
111226.6204,1788877527.8100,6,346.21,1270.16,1616.38,126.8,15943.4,40098.8,2374.5,6083.632,3088.750,70604.775,3195483:13;3195515:306;3195516:263;3195517:445;3195518:243
111226.7311,1788877527.9207,6,346.21,1270.55,1616.77,9.1,15943.4,40098.8,2374.5,6083.910,3088.758,70604.775,3195483:13;3195515:306;3195516:264;3195517:445;3195518:243
111226.8407,1788877528.0302,6,346.21,1272.42,1618.64,72.1,15944.2,40098.0,2374.5,6084.906,3088.783,70604.775,3195483:13;3195515:307;3195516:262;3195517:448;3195518:243
111226.9518,1788877528.1413,6,346.21,1274.30,1620.52,98.8,15947.5,40094.7,2374.5,6085.301,3088.805,70604.775,3195483:13;3195515:305;3195516:262;3195517:452;3195518:243
111227.0632,1788877528.2527,6,346.21,1274.33,1620.55,45.2,15947.5,40094.7,2374.5,6086.301,3088.833,70604.775,3195483:13;3195515:304;3195516:262;3195517:452;3195518:243
111227.1737,1788877528.3632,6,346.21,1274.92,1621.14,45.9,15947.5,40094.7,2374.5,6086.576,3088.845,70604.775,3195483:13;3195515:305;3195516:262;3195517:452;3195518:243
111227.2826,1788877528.4722,6,346.21,1278.29,1624.50,137.1,15956.1,40086.1,2374.5,6087.627,3088.888,70604.775,3195483:13;3195515:303;3195516:263;3195517:455;3195518:244
111227.3921,1788877528.5816,6,346.21,1278.25,1624.47,46.0,15954.3,40088.0,2374.5,6087.920,3088.907,70604.775,3195483:13;3195515:303;3195516:263;3195517:455;3195518:243
111227.5008,1788877528.6904,6,346.21,1281.31,1627.53,100.2,15953.1,40089.2,2374.5,6089.162,3088.943,70604.775,3195483:13;3195515:302;3195516:263;3195517:459;3195518:244
111227.6111,1788877528.8006,6,346.21,1281.31,1627.53,0.0,15953.1,40089.2,2374.5,6089.448,3088.951,70604.775,3195483:13;3195515:302;3195516:263;3195517:459;3195518:244
111227.7222,1788877528.9117,6,346.21,1283.51,1629.72,45.6,15954.0,40088.2,2374.5,6090.447,3088.984,70604.775,3195483:13;3195515:303;3195516:264;3195517:459;3195518:245
111227.8313,1788877529.0208,6,346.21,1283.65,1629.86,9.2,15953.0,40089.2,2374.5,6090.709,3088.991,70604.775,3195483:13;3195515:303;3195516:264;3195517:459;3195518:245
111227.9400,1788877529.1295,6,346.21,1285.48,1631.70,90.4,15953.1,40089.1,2374.5,6091.596,3089.028,70604.775,3195483:13;3195515:303;3195516:265;3195517:459;3195518:245
111228.0507,1788877529.2403,6,346.21,1286.66,1632.87,63.9,15958.7,40083.6,2374.5,6091.839,3089.042,70604.775,3195483:13;3195515:304;3195516:264;3195517:461;3195518:245
111228.1604,1788877529.3500,6,346.21,1288.55,1634.77,109.7,15954.7,40087.5,2374.5,6092.761,3089.080,70604.775,3195483:13;3195515:304;3195516:265;3195517:461;3195518:245
111228.2697,1788877529.4593,6,346.21,1289.75,1635.96,18.3,15954.7,40087.5,2374.5,6093.082,3089.091,70604.775,3195483:13;3195515:305;3195516:266;3195517:461;3195518:245
111228.3789,1788877529.5685,6,346.21,1290.93,1637.14,99.2,15954.7,40087.5,2374.5,6094.296,3089.128,70604.775,3195483:13;3195515:305;3195516:267;3195517:461;3195518:245
111228.4898,1788877529.6794,6,346.21,1291.30,1637.52,0.0,15954.7,40087.5,2374.5,6094.603,3089.136,70604.775,3195483:13;3195515:306;3195516:267;3195517:461;3195518:245
111228.6000,1788877529.7896,6,346.21,1292.95,1639.16,89.6,15956.9,40085.3,2374.5,6095.492,3089.167,70604.775,3195483:13;3195515:306;3195516:267;3195517:461;3195518:245
111228.7117,1788877529.9013,6,346.21,1292.97,1639.19,18.2,15956.1,40086.1,2374.5,6095.769,3089.177,70604.775,3195483:13;3195515:306;3195516:268;3195517:461;3195518:245
111228.8215,1788877530.0110,6,346.21,1295.03,1641.25,89.7,15955.1,40087.1,2374.5,6096.741,3089.207,70604.775,3195483:13;3195515:307;3195516:268;3195517:461;3195518:246
111228.9333,1788877530.1229,6,346.21,1295.28,1641.50,0.0,15954.7,40087.5,2374.5,6097.045,3089.216,70604.775,3195483:13;3195515:307;3195516:268;3195517:461;3195518:246
111229.0419,1788877530.2314,6,346.21,1297.75,1643.96,135.6,15956.6,40085.6,2374.5,6097.979,3089.252,70604.775,3195483:13;3195515:308;3195516:266;3195517:464;3195518:247
111229.1535,1788877530.3431,6,346.34,1297.17,1643.51,27.0,15956.9,40085.4,2374.5,6098.270,3089.261,70604.775,3195483:13;3195515:308;3195516:266;3195517:464;3195518:247
111229.2637,1788877530.4532,6,346.34,1298.04,1644.38,54.6,15956.9,40085.4,2374.5,6099.311,3089.298,70604.775,3195483:13;3195515:308;3195516:266;3195517:464;3195518:247
111229.3735,1788877530.5630,6,346.34,1299.37,1645.71,18.0,15956.5,40085.8,2374.5,6099.574,3089.309,70604.775,3195483:13;3195515:309;3195516:266;3195517:464;3195518:248
111229.4851,1788877530.6746,6,346.34,1301.07,1647.41,72.3,15956.7,40085.5,2374.5,6100.755,3089.345,70604.775,3195483:13;3195515:310;3195516:267;3195517:464;3195518:248
111229.5954,1788877530.7849,6,346.34,1302.01,1648.35,36.8,15956.7,40085.5,2374.5,6100.958,3089.354,70604.775,3195483:13;3195515:310;3195516:267;3195517:464;3195518:248
111229.7040,1788877530.8936,6,346.34,1305.57,1651.91,99.0,15958.9,40083.3,2374.5,6102.026,3089.387,70604.775,3195483:13;3195515:309;3195516:268;3195517:467;3195518:249
111229.8163,1788877531.0059,6,346.34,1306.77,1653.11,35.6,15955.6,40086.6,2374.5,6102.174,3089.394,70604.775,3195483:13;3195515:309;3195516:269;3195517:469;3195518:247
111229.9277,1788877531.1173,6,346.34,1306.30,1652.64,36.2,15955.5,40086.8,2374.5,6103.241,3089.421,70604.775,3195483:13;3195515:309;3195516:269;3195517:469;3195518:246
111230.0397,1788877531.2293,6,346.34,1306.30,1652.64,0.0,15955.7,40086.5,2374.5,6103.429,3089.429,70604.775,3195483:13;3195515:309;3195516:269;3195517:469;3195518:246
111230.1487,1788877531.3382,6,346.34,1308.53,1654.87,126.2,15956.9,40085.3,2374.5,6104.552,3089.464,70604.775,3195483:13;3195515:309;3195516:270;3195517:469;3195518:247
111230.2597,1788877531.4492,6,346.34,1308.91,1655.25,18.2,15956.9,40085.3,2374.5,6104.748,3089.472,70604.775,3195483:13;3195515:309;3195516:270;3195517:469;3195518:248
111230.3703,1788877531.5599,6,346.34,1310.20,1656.54,63.2,15956.9,40085.3,2374.5,6105.900,3089.509,70604.775,3195483:13;3195515:309;3195516:271;3195517:469;3195518:248
111230.4806,1788877531.6702,6,346.34,1312.15,1658.49,72.1,15963.1,40079.2,2374.5,6106.270,3089.523,70604.775,3195483:13;3195515:309;3195516:271;3195517:471;3195518:248
111230.5917,1788877531.7813,6,346.34,1314.25,1660.59,99.4,15966.2,40076.0,2374.5,6107.385,3089.564,70604.775,3195483:13;3195515:308;3195516:271;3195517:474;3195518:248
111230.7024,1788877531.8919,6,346.34,1314.81,1661.15,27.2,15966.2,40076.0,2374.5,6107.709,3089.573,70604.775,3195483:13;3195515:308;3195516:272;3195517:474;3195518:248
111230.8124,1788877532.0019,6,346.34,1316.14,1662.48,63.7,15964.5,40077.7,2374.5,6108.788,3089.614,70604.775,3195483:13;3195515:308;3195516:272;3195517:474;3195518:248
111230.9227,1788877532.1122,6,346.34,1316.40,1662.74,36.8,15964.4,40077.8,2374.5,6108.946,3089.618,70604.775,3195483:13;3195515:308;3195516:273;3195517:474;3195518:248
111231.0312,1788877532.2208,6,346.34,1318.20,1664.54,119.1,15970.4,40071.8,2374.5,6110.087,3089.652,70604.775,3195483:13;3195515:306;3195516:274;3195517:477;3195518:248
111231.1411,1788877532.3307,6,346.34,1318.72,1665.06,9.0,15970.3,40071.9,2374.5,6110.253,3089.658,70604.775,3195483:13;3195515:306;3195516:274;3195517:477;3195518:248
111231.2518,1788877532.4413,6,346.46,1325.59,1672.05,118.4,15963.2,40079.0,2374.5,6111.049,3089.688,70604.775,3195483:13;3195515:306;3195516:275;3195517:483;3195518:249
111231.3616,1788877532.5511,6,346.46,1322.86,1669.33,55.2,15969.8,40072.4,2374.5,6111.200,3089.697,70604.775,3195483:13;3195515:304;3195516:275;3195517:484;3195518:247
111231.4702,1788877532.6598,6,346.46,1323.94,1670.41,45.9,15970.1,40072.1,2374.5,6112.488,3089.733,70604.775,3195483:13;3195515:304;3195516:275;3195517:484;3195518:248
111231.5797,1788877532.7692,6,346.46,1324.85,1671.31,27.3,15970.3,40071.9,2374.5,6112.794,3089.743,70604.775,3195483:13;3195515:304;3195516:276;3195517:484;3195518:248
111231.6891,1788877532.8786,6,346.46,1325.12,1671.58,54.9,15971.1,40071.1,2374.5,6113.862,3089.773,70604.775,3195483:13;3195515:304;3195516:276;3195517:484;3195518:248
111231.7986,1788877532.9881,6,346.46,1325.69,1672.15,27.5,15970.0,40072.2,2374.5,6114.073,3089.779,70604.775,3195483:13;3195515:304;3195516:273;3195517:487;3195518:248
111231.9076,1788877533.0972,6,346.46,1329.00,1675.47,146.6,15977.0,40065.3,2374.5,6115.161,3089.817,70604.775,3195483:13;3195515:304;3195516:271;3195517:493;3195518:247
111232.0174,1788877533.2070,6,346.46,1329.13,1675.59,9.1,15976.2,40066.0,2374.5,6115.388,3089.823,70605.100,3195483:13;3195515:304;3195516:271;3195517:493;3195518:247
111232.1277,1788877533.3172,6,346.46,1331.51,1677.97,155.7,15989.8,40052.4,2374.5,6116.345,3089.859,70605.100,3195483:13;3195515:305;3195516:270;3195517:496;3195518:248
111232.2365,1788877533.4261,6,346.46,1331.63,1678.10,9.1,15989.6,40052.6,2374.5,6116.569,3089.867,70605.100,3195483:13;3195515:305;3195516:270;3195517:496;3195518:248
111232.3471,1788877533.5367,6,346.46,1334.53,1681.00,72.9,15986.4,40055.8,2374.5,6117.760,3089.902,70605.100,3195483:13;3195515:305;3195516:270;3195517:499;3195518:248
111232.4574,1788877533.6469,6,346.46,1334.41,1680.87,54.7,15989.1,40053.1,2374.5,6117.955,3089.911,70605.100,3195483:13;3195515:305;3195516:271;3195517:499;3195518:247
111232.5660,1788877533.7555,6,346.46,1337.54,1684.00,91.0,15968.3,40073.9,2374.5,6118.991,3089.946,70605.100,3195483:13;3195515:306;3195516:269;3195517:502;3195518:248
111232.6763,1788877533.8658,6,346.46,1337.85,1684.31,26.7,15968.3,40073.9,2374.5,6119.236,3089.954,70605.100,3195483:13;3195515:306;3195516:269;3195517:502;3195518:248
111232.7886,1788877533.9781,6,346.46,1339.27,1685.73,118.7,15974.4,40067.8,2374.5,6120.285,3089.996,70605.100,3195483:13;3195515:305;3195516:268;3195517:505;3195518:249
111232.8978,1788877534.0873,6,346.46,1339.15,1685.62,27.4,15974.2,40068.0,2374.5,6120.491,3090.003,70605.100,3195483:13;3195515:305;3195516:268;3195517:505;3195518:248
111233.0071,1788877534.1966,6,346.46,1343.50,1689.96,137.4,15984.2,40058.1,2374.5,6121.657,3090.046,70605.100,3195483:13;3195515:306;3195516:268;3195517:508;3195518:248
111233.1162,1788877534.3057,6,346.46,1343.62,1690.09,9.1,15984.2,40058.1,2374.5,6121.888,3090.054,70605.100,3195483:13;3195515:306;3195516:268;3195517:508;3195518:248
111233.2263,1788877534.4158,6,346.46,1348.12,1694.59,146.1,15988.6,40053.6,2374.5,6122.882,3090.098,70605.100,3195483:13;3195515:305;3195516:270;3195517:512;3195518:248
111233.3358,1788877534.5253,6,346.46,1350.10,1696.56,64.4,15984.8,40057.4,2374.5,6123.098,3090.112,70605.119,3195483:13;3195515:302;3195516:271;3195517:516;3195518:248
111233.4444,1788877534.6339,6,346.59,1354.36,1700.95,162.2,15984.8,40057.4,2374.5,6124.214,3090.156,70605.119,3195483:13;3195515:304;3195516:273;3195517:516;3195518:248
111233.5564,1788877534.7459,6,346.59,1353.86,1700.45,27.3,15984.8,40057.4,2374.5,6124.410,3090.167,70605.119,3195483:13;3195515:303;3195516:273;3195517:516;3195518:248
111233.6654,1788877534.8549,6,346.59,1355.48,1702.07,82.5,15985.5,40056.7,2374.5,6125.461,3090.210,70605.119,3195483:13;3195515:304;3195516:274;3195517:516;3195518:249
111233.7748,1788877534.9643,6,346.59,1356.43,1703.02,18.4,15985.5,40056.7,2374.5,6125.720,3090.218,70605.119,3195483:13;3195515:304;3195516:274;3195517:516;3195518:249
111233.8837,1788877535.0732,6,346.59,1356.93,1703.52,45.6,15985.5,40056.7,2374.5,6126.767,3090.244,70605.119,3195483:13;3195515:304;3195516:275;3195517:516;3195518:249
111233.9937,1788877535.1833,6,346.59,1357.05,1703.64,27.6,15984.6,40057.6,2374.5,6127.034,3090.255,70605.119,3195483:13;3195515:304;3195516:275;3195517:516;3195518:248
111234.1024,1788877535.2919,6,346.59,1358.55,1705.14,100.1,15984.6,40057.6,2374.5,6128.177,3090.294,70605.119,3195483:13;3195515:305;3195516:277;3195517:516;3195518:248
111234.2123,1788877535.4019,6,346.71,1359.31,1706.03,27.3,15984.6,40057.6,2374.5,6128.468,3090.305,70605.119,3195483:13;3195515:305;3195516:277;3195517:516;3195518:248
111234.3219,1788877535.5115,6,346.71,1362.96,1709.67,126.9,15989.6,40052.7,2374.5,6129.488,3090.341,70605.119,3195483:13;3195515:303;3195516:277;3195517:522;3195518:249
111234.4322,1788877535.6218,6,346.71,1363.08,1709.80,0.0,15989.2,40053.0,2374.5,6129.760,3090.350,70605.119,3195483:13;3195515:303;3195516:277;3195517:522;3195518:249
111234.5410,1788877535.7306,6,346.71,1364.84,1711.55,53.8,15989.3,40053.0,2374.5,6130.771,3090.380,70605.119,3195483:13;3195515:304;3195516:277;3195517:522;3195518:249
111234.6524,1788877535.8419,6,346.71,1365.19,1711.91,27.5,15989.3,40053.0,2374.5,6131.062,3090.393,70605.119,3195483:13;3195515:304;3195516:277;3195517:522;3195518:249
111234.7615,1788877535.9510,6,346.71,1366.12,1712.84,63.0,15989.3,40053.0,2374.5,6131.999,3090.422,70605.119,3195483:13;3195515:305;3195516:278;3195517:522;3195518:249
111234.8732,1788877536.0627,6,346.71,1366.14,1712.85,18.2,15989.5,40052.7,2374.5,6132.252,3090.429,70605.119,3195483:13;3195515:304;3195516:278;3195517:522;3195518:249
111234.9830,1788877536.1725,6,346.71,1367.46,1714.18,72.3,15989.8,40052.5,2374.5,6133.447,3090.466,70605.119,3195483:13;3195515:305;3195516:278;3195517:522;3195518:249
111235.0939,1788877536.2834,6,346.71,1368.52,1715.24,54.4,15988.4,40053.9,2374.5,6133.622,3090.472,70605.119,3195483:13;3195515:303;3195516:278;3195517:525;3195518:249
111235.2037,1788877536.3932,6,346.71,1369.78,1716.49,73.0,15988.8,40053.4,2374.5,6134.642,3090.506,70605.119,3195483:13;3195515:303;3195516:279;3195517:525;3195518:250
111235.3134,1788877536.5029,6,346.71,1369.67,1716.38,9.0,15988.8,40053.4,2374.5,6135.003,3090.518,70605.131,3195483:13;3195515:303;3195516:279;3195517:525;3195518:250
111235.4251,1788877536.6146,6,346.71,1371.22,1717.93,18.2,15988.8,40053.4,2374.5,6136.076,3090.544,70605.131,3195483:13;3195515:304;3195516:279;3195517:525;3195518:250
111235.5352,1788877536.7248,6,346.71,1371.61,1718.33,9.2,15988.8,40053.4,2374.5,6136.316,3090.552,70605.131,3195483:13;3195515:304;3195516:279;3195517:525;3195518:250
111235.6438,1788877536.8333,6,346.71,1373.04,1719.75,82.3,15988.8,40053.4,2374.5,6137.283,3090.583,70605.131,3195483:13;3195515:305;3195516:280;3195517:525;3195518:250
111235.7540,1788877536.9436,6,346.71,1373.21,1719.93,27.3,15989.1,40053.2,2374.5,6137.515,3090.591,70605.131,3195483:13;3195515:305;3195516:280;3195517:525;3195518:250
111235.8629,1788877537.0525,6,346.71,1375.04,1721.75,72.6,15989.5,40052.7,2374.5,6138.584,3090.625,70605.131,3195483:13;3195515:305;3195516:281;3195517:526;3195518:250
111235.9731,1788877537.1627,6,346.71,1375.64,1722.36,18.0,15990.2,40052.0,2374.5,6138.865,3090.633,70605.131,3195483:13;3195515:305;3195516:282;3195517:526;3195518:250
111236.0845,1788877537.2741,6,346.71,1378.01,1724.73,143.9,15994.0,40048.2,2374.5,6139.976,3090.678,70605.131,3195483:13;3195515:306;3195516:282;3195517:528;3195518:249
111236.1961,1788877537.3856,6,346.71,1378.26,1724.98,0.0,15988.2,40054.0,2374.5,6140.226,3090.687,70605.131,3195483:13;3195515:306;3195516:282;3195517:528;3195518:249
111236.3050,1788877537.4945,6,346.71,1383.12,1729.83,100.6,15995.9,40046.3,2374.5,6141.300,3090.719,70605.131,3195483:13;3195515:306;3195516:281;3195517:534;3195518:248
111236.4148,1788877537.6043,6,346.71,1381.25,1727.96,35.9,16000.1,40042.1,2374.5,6141.545,3090.729,70605.131,3195483:13;3195515:307;3195516:280;3195517:533;3195518:248
111236.5259,1788877537.7154,6,346.71,1382.00,1728.71,62.7,16000.3,40041.9,2374.5,6142.782,3090.768,70605.131,3195483:13;3195515:307;3195516:281;3195517:533;3195518:248
111236.6378,1788877537.8274,6,346.71,1382.14,1728.85,9.1,16000.3,40041.9,2374.5,6143.011,3090.776,70605.131,3195483:13;3195515:307;3195516:281;3195517:533;3195518:248
111236.7473,1788877537.9369,6,346.71,1388.23,1734.95,98.5,16003.0,40039.2,2374.5,6144.040,3090.805,70605.131,3195483:13;3195515:307;3195516:283;3195517:537;3195518:248
111236.8590,1788877538.0485,6,346.71,1387.45,1734.16,53.0,16010.1,40032.1,2374.5,6144.379,3090.816,70605.131,3195483:13;3195515:305;3195516:282;3195517:540;3195518:247
111236.9724,1788877538.1619,6,346.71,1389.98,1736.69,82.5,16010.8,40031.4,2374.5,6145.409,3090.855,70605.131,3195483:13;3195515:306;3195516:283;3195517:540;3195518:248
111237.0814,1788877538.2709,6,346.71,1390.26,1736.97,63.2,16011.1,40031.1,2374.5,6145.596,3090.864,70605.131,3195483:13;3195515:305;3195516:283;3195517:540;3195518:249
111237.1924,1788877538.3819,6,346.71,1391.96,1738.67,127.9,16021.8,40020.4,2374.5,6146.886,3090.913,70605.131,3195483:13;3195515:306;3195516:282;3195517:543;3195518:248
111237.3016,1788877538.4911,6,346.71,1392.03,1738.75,0.0,16021.9,40020.4,2374.5,6147.037,3090.922,70605.131,3195483:13;3195515:306;3195516:282;3195517:543;3195518:248
111237.4104,1788877538.5999,6,346.71,1393.15,1739.87,36.8,16021.9,40020.4,2374.5,6148.237,3090.951,70605.131,3195483:13;3195515:306;3195516:283;3195517:543;3195518:248
111237.5192,1788877538.7087,6,346.71,1393.15,1739.87,9.0,16021.9,40020.4,2374.5,6148.420,3090.956,70605.131,3195483:13;3195515:306;3195516:283;3195517:543;3195518:248
111237.6307,1788877538.8202,6,346.71,1395.27,1741.98,81.7,16021.9,40020.4,2374.5,6149.387,3090.988,70605.131,3195483:13;3195515:307;3195516:283;3195517:543;3195518:249
111237.7412,1788877538.9308,6,346.71,1395.40,1742.11,18.0,16021.9,40020.4,2374.5,6149.574,3090.996,70605.131,3195483:13;3195515:307;3195516:283;3195517:543;3195518:249
111237.8523,1788877539.0419,6,346.71,1395.90,1742.61,27.4,16021.8,40020.4,2374.5,6150.751,3091.033,70605.131,3195483:13;3195515:307;3195516:284;3195517:544;3195518:248
111237.9618,1788877539.1514,6,346.71,1396.54,1743.25,18.4,16021.1,40021.2,2374.5,6150.867,3091.036,70605.131,3195483:13;3195515:307;3195516:284;3195517:544;3195518:248
111238.0704,1788877539.2599,6,346.71,1396.98,1743.69,45.1,16020.4,40021.8,2374.5,6152.029,3091.065,70605.131,3195483:13;3195515:307;3195516:284;3195517:544;3195518:249
111238.1811,1788877539.3707,6,346.71,1397.23,1743.94,9.2,16021.2,40021.0,2374.5,6152.232,3091.072,70605.131,3195483:13;3195515:307;3195516:284;3195517:544;3195518:249
111238.2898,1788877539.4794,6,346.71,1399.60,1746.31,82.7,16020.6,40021.6,2374.5,6153.242,3091.100,70605.131,3195483:13;3195515:306;3195516:284;3195517:547;3195518:249
111238.3992,1788877539.5887,6,346.71,1400.38,1747.10,45.5,16030.2,40012.0,2374.5,6153.450,3091.107,70605.131,3195483:13;3195515:303;3195516:284;3195517:551;3195518:249
111238.5089,1788877539.6984,6,346.71,1402.30,1749.02,82.5,16027.5,40014.7,2374.5,6154.504,3091.138,70605.131,3195483:13;3195515:304;3195516:284;3195517:553;3195518:249
111238.6182,1788877539.8077,6,346.71,1402.82,1749.54,36.4,16027.5,40014.7,2374.5,6154.690,3091.144,70605.131,3195483:13;3195515:304;3195516:284;3195517:553;3195518:249
111238.7283,1788877539.9179,6,346.71,1403.38,1750.09,81.2,16027.5,40014.7,2374.5,6155.738,3091.180,70605.131,3195483:13;3195515:305;3195516:284;3195517:553;3195518:249
111238.8393,1788877540.0288,6,346.71,1403.50,1750.21,0.0,16027.5,40014.7,2374.5,6155.942,3091.185,70605.131,3195483:13;3195515:305;3195516:284;3195517:553;3195518:249
111238.9488,1788877540.1383,6,346.71,1404.55,1751.26,0.0,16023.1,40019.1,2374.5,6157.027,3091.214,70605.131,3195483:13;3195515:305;3195516:284;3195517:553;3195518:249
111239.0588,1788877540.2483,6,346.71,1404.35,1751.07,0.0,16024.7,40017.5,2374.5,6157.244,3091.219,70605.131,3195483:13;3195515:305;3195516:284;3195517:553;3195518:249
111239.1683,1788877540.3578,6,346.71,1406.61,1753.33,100.6,16024.8,40017.4,2374.5,6158.286,3091.257,70605.131,3195483:13;3195515:305;3195516:285;3195517:555;3195518:249
111239.2774,1788877540.4669,6,346.71,1407.38,1754.09,18.4,16025.3,40016.9,2374.5,6158.509,3091.266,70605.131,3195483:13;3195515:305;3195516:285;3195517:555;3195518:249
111239.3866,1788877540.5761,6,346.84,1419.29,1766.12,144.6,16044.6,39997.6,2374.5,6159.666,3091.308,70605.139,3195483:13;3195515:311;3195516:285;3195517:561;3195518:249
111239.4986,1788877540.6881,6,346.96,1421.25,1768.22,72.6,16045.2,39997.0,2374.5,6159.893,3091.318,70605.139,3195483:13;3195515:315;3195516:284;3195517:561;3195518:248
111239.6075,1788877540.7970,6,346.96,1421.95,1768.91,91.5,16045.9,39996.3,2374.5,6160.953,3091.356,70605.139,3195483:13;3195515:315;3195516:284;3195517:561;3195518:249
111239.7170,1788877540.9066,6,346.96,1422.14,1769.11,9.2,16045.9,39996.3,2374.5,6161.191,3091.363,70605.139,3195483:13;3195515:316;3195516:284;3195517:561;3195518:249
111239.8260,1788877541.0156,6,346.96,1423.46,1770.43,91.2,16049.6,39992.6,2374.5,6162.324,3091.400,70605.139,3195483:13;3195515:316;3195516:285;3195517:560;3195518:249
111239.9357,1788877541.1252,6,346.96,1423.46,1770.43,0.0,16049.9,39992.3,2374.5,6162.570,3091.408,70605.139,3195483:13;3195515:316;3195516:285;3195517:560;3195518:249
111240.0453,1788877541.2349,6,346.96,1423.79,1770.75,36.0,16050.4,39991.9,2374.5,6163.613,3091.438,70605.139,3195483:13;3195515:316;3195516:285;3195517:560;3195518:249
111240.1565,1788877541.3460,6,346.96,1423.87,1770.83,27.4,16050.6,39991.6,2374.5,6163.833,3091.444,70605.139,3195483:13;3195515:316;3195516:285;3195517:560;3195518:249
111240.2654,1788877541.4549,6,346.96,1424.73,1771.69,27.0,16050.6,39991.6,2374.5,6164.927,3091.476,70605.139,3195483:13;3195515:316;3195516:286;3195517:560;3195518:249
111240.3766,1788877541.5662,6,346.96,1425.06,1772.02,9.0,16050.8,39991.4,2374.5,6165.164,3091.484,70605.139,3195483:13;3195515:316;3195516:286;3195517:560;3195518:249
111240.4877,1788877541.6773,6,346.96,1426.93,1773.89,27.3,16050.8,39991.4,2374.5,6166.227,3091.513,70605.139,3195483:13;3195515:317;3195516:287;3195517:560;3195518:250
111240.5971,1788877541.7866,6,346.96,1425.95,1772.92,27.5,16050.8,39991.4,2374.5,6166.459,3091.523,70605.139,3195483:13;3195515:317;3195516:286;3195517:560;3195518:249
111240.7066,1788877541.8961,6,346.96,1427.98,1774.95,54.5,16051.6,39990.6,2374.5,6167.600,3091.553,70605.139,3195483:13;3195515:317;3195516:288;3195517:560;3195518:249
111240.8165,1788877542.0060,6,346.96,1427.76,1774.72,54.6,16055.0,39987.2,2374.5,6167.814,3091.561,70605.139,3195483:13;3195515:317;3195516:288;3195517:560;3195518:249
111240.9264,1788877542.1159,6,346.96,1429.52,1776.49,54.3,16054.0,39988.3,2374.5,6168.927,3091.591,70605.139,3195483:13;3195515:317;3195516:289;3195517:560;3195518:250
111241.0366,1788877542.2261,6,346.96,1431.41,1778.37,82.0,16054.7,39987.5,2374.5,6169.166,3091.601,70605.139,3195483:13;3195515:321;3195516:288;3195517:560;3195518:250
111241.1464,1788877542.3360,6,347.09,1432.80,1779.89,71.7,16054.9,39987.3,2374.5,6170.266,3091.639,70605.139,3195483:13;3195515:321;3195516:288;3195517:560;3195518:251
111241.2578,1788877542.4473,6,347.09,1433.16,1780.25,18.2,16054.9,39987.3,2374.5,6170.469,3091.645,70605.139,3195483:13;3195515:321;3195516:289;3195517:560;3195518:251
111241.3671,1788877542.5567,6,347.09,1433.98,1781.07,55.1,16054.9,39987.3,2374.5,6171.489,3091.678,70605.139,3195483:13;3195515:321;3195516:289;3195517:560;3195518:251
111241.4769,1788877542.6665,6,347.09,1434.13,1781.22,18.2,16054.9,39987.3,2374.5,6171.708,3091.688,70605.139,3195483:13;3195515:321;3195516:290;3195517:560;3195518:251
111241.5862,1788877542.7757,6,347.09,1437.02,1784.11,108.5,16064.0,39978.2,2374.5,6172.821,3091.726,70605.139,3195483:13;3195515:322;3195516:291;3195517:559;3195518:251
111241.6965,1788877542.8861,6,347.09,1437.45,1784.54,18.0,16064.0,39978.2,2374.5,6173.048,3091.735,70605.139,3195483:13;3195515:322;3195516:291;3195517:559;3195518:252
111241.8073,1788877542.9969,6,347.09,1438.14,1785.23,62.7,16063.9,39978.3,2374.5,6174.027,3091.764,70605.139,3195483:13;3195515:322;3195516:292;3195517:559;3195518:252
111241.9199,1788877543.1094,6,347.09,1437.75,1784.84,9.1,16062.4,39979.8,2374.5,6174.233,3091.772,70605.139,3195483:13;3195515:322;3195516:292;3195517:559;3195518:251
111242.0290,1788877543.2186,6,347.09,1438.71,1785.80,92.0,16064.9,39977.3,2374.5,6175.388,3091.809,70605.139,3195483:13;3195515:323;3195516:292;3195517:559;3195518:251
111242.1378,1788877543.3274,6,347.09,1438.96,1786.05,18.4,16064.9,39977.3,2374.5,6175.601,3091.814,70605.139,3195483:13;3195515:323;3195516:292;3195517:559;3195518:251
111242.2463,1788877543.4359,6,347.09,1441.48,1788.57,64.3,16064.9,39977.3,2374.5,6176.563,3091.839,70605.139,3195483:13;3195515:323;3195516:294;3195517:559;3195518:252
111242.3562,1788877543.5457,6,347.09,1441.66,1788.75,27.4,16064.9,39977.3,2374.5,6176.775,3091.848,70605.139,3195483:13;3195515:323;3195516:294;3195517:559;3195518:252
111242.4647,1788877543.6543,6,347.09,1446.02,1793.11,173.4,16066.0,39976.2,2374.5,6177.679,3091.882,70605.139,3195483:13;3195515:330;3195516:291;3195517:559;3195518:253
111242.5747,1788877543.7642,6,347.09,1446.78,1793.87,55.1,16066.0,39976.2,2374.5,6177.891,3091.893,70605.139,3195483:13;3195515:330;3195516:292;3195517:559;3195518:253
111242.6832,1788877543.8727,6,347.09,1456.11,1803.20,145.8,16072.6,39969.7,2374.5,6178.875,3091.926,70605.139,3195483:13;3195515:333;3195516:293;3195517:565;3195518:253
111242.7939,1788877543.9834,6,347.09,1451.00,1798.09,125.5,16075.9,39966.3,2374.5,6179.169,3091.947,70605.139,3195483:13;3195515:336;3195516:290;3195517:561;3195518:251
111242.9046,1788877544.0941,6,347.09,1453.35,1800.44,119.4,16078.2,39964.0,2374.5,6180.352,3091.986,70605.139,3195483:13;3195515:339;3195516:291;3195517:561;3195518:250
111243.0136,1788877544.2032,6,347.09,1453.47,1800.56,18.0,16077.9,39964.3,2374.5,6180.619,3091.996,70605.139,3195483:13;3195515:339;3195516:291;3195517:561;3195518:250
111243.1245,1788877544.3140,6,347.09,1455.20,1802.29,73.1,16078.6,39963.6,2374.5,6181.555,3092.024,70605.139,3195483:13;3195515:339;3195516:292;3195517:561;3195518:251
111243.2339,1788877544.4234,6,347.09,1455.96,1803.05,27.6,16078.6,39963.6,2374.5,6181.807,3092.032,70605.139,3195483:13;3195515:339;3195516:293;3195517:561;3195518:251
111243.3425,1788877544.5320,6,347.09,1459.14,1806.23,137.4,16083.5,39958.7,2374.5,6182.822,3092.069,70605.139,3195483:13;3195515:340;3195516:294;3195517:561;3195518:251
111243.4517,1788877544.6412,6,347.09,1459.27,1806.36,36.1,16083.5,39958.7,2374.5,6183.325,3092.084,70605.139,3195483:13;3195515:340;3195516:294;3195517:561;3195518:251
111243.5626,1788877544.7521,6,347.09,1460.16,1807.25,27.4,16083.5,39958.7,2374.5,6184.345,3092.120,70605.139,3195483:13;3195515:341;3195516:294;3195517:561;3195518:251
111243.6716,1788877544.8611,6,347.09,1460.71,1807.80,9.0,16083.5,39958.7,2374.5,6184.624,3092.130,70605.139,3195483:13;3195515:341;3195516:295;3195517:561;3195518:251
111243.7827,1788877544.9723,6,347.09,1461.93,1809.02,63.4,16083.5,39958.7,2374.5,6185.681,3092.159,70605.139,3195483:13;3195515:341;3195516:296;3195517:561;3195518:252
111243.8933,1788877545.0828,6,347.09,1462.33,1809.42,27.6,16083.1,39959.1,2374.5,6185.911,3092.170,70605.139,3195483:13;3195515:341;3195516:296;3195517:561;3195518:252
111244.0020,1788877545.1915,6,347.09,1463.87,1810.96,91.3,16083.3,39958.9,2374.5,6186.785,3092.199,70605.139,3195483:13;3195515:341;3195516:297;3195517:561;3195518:252
111244.1120,1788877545.3015,6,347.09,1464.25,1811.34,27.5,16083.3,39958.9,2374.5,6187.097,3092.209,70605.139,3195483:13;3195515:341;3195516:297;3195517:561;3195518:252
111244.2206,1788877545.4102,6,347.09,1470.79,1817.88,126.3,16084.5,39957.7,2374.5,6187.896,3092.242,70605.139,3195483:13;3195515:344;3195516:299;3195517:561;3195518:254
111244.3318,1788877545.5214,6,347.09,1468.16,1815.25,63.1,16085.8,39956.4,2374.5,6187.991,3092.254,70605.139,3195483:13;3195515:344;3195516:298;3195517:561;3195518:252
111244.4427,1788877545.6323,6,347.21,1471.19,1818.41,127.4,16088.5,39953.7,2374.5,6189.053,3092.291,70605.139,3195483:13;3195515:347;3195516:298;3195517:561;3195518:253
111244.5523,1788877545.7419,6,347.21,1472.72,1819.94,27.6,16093.2,39949.0,2374.5,6189.466,3092.303,70605.139,3195483:13;3195515:347;3195516:297;3195517:563;3195518:253
111244.6612,1788877545.8507,6,347.21,1474.04,1821.25,55.0,16093.2,39949.0,2374.5,6190.418,3092.326,70605.139,3195483:13;3195515:347;3195516:298;3195517:563;3195518:254
111244.7705,1788877545.9600,6,347.21,1474.15,1821.36,18.2,16093.2,39949.0,2374.5,6190.694,3092.338,70605.139,3195483:13;3195515:347;3195516:298;3195517:563;3195518:254
111244.8801,1788877546.0696,6,347.21,1474.82,1822.03,71.5,16089.5,39952.7,2374.5,6191.685,3092.367,70605.139,3195483:13;3195515:348;3195516:298;3195517:563;3195518:253
111244.9923,1788877546.1818,6,347.21,1474.82,1822.03,0.0,16089.8,39952.5,2374.5,6191.974,3092.376,70605.139,3195483:13;3195515:348;3195516:298;3195517:563;3195518:253
111245.1013,1788877546.2908,6,347.21,1476.60,1823.81,73.6,16089.8,39952.5,2374.5,6192.963,3092.405,70605.139,3195483:13;3195515:348;3195516:299;3195517:563;3195518:253
111245.2104,1788877546.3999,6,347.21,1476.89,1824.11,45.8,16090.0,39952.2,2374.5,6193.274,3092.415,70605.139,3195483:13;3195515:348;3195516:300;3195517:563;3195518:253
111245.3191,1788877546.5087,6,347.21,1476.41,1823.63,45.7,16090.2,39952.0,2374.5,6194.304,3092.445,70605.139,3195483:13;3195515:348;3195516:299;3195517:563;3195518:253
111245.4291,1788877546.6187,6,347.21,1476.66,1823.88,9.0,16090.2,39952.0,2374.5,6194.634,3092.454,70605.139,3195483:13;3195515:348;3195516:299;3195517:563;3195518:253
111245.5404,1788877546.7299,6,347.21,1478.17,1825.38,27.5,16090.2,39952.0,2374.5,6195.496,3092.481,70605.186,3195483:13;3195515:348;3195516:300;3195517:563;3195518:254
111245.6496,1788877546.8391,6,347.21,1479.12,1826.34,45.3,16090.2,39952.0,2374.5,6196.466,3092.507,70605.186,3195483:13;3195515:348;3195516:301;3195517:563;3195518:254
111245.7598,1788877546.9493,6,347.21,1481.56,1828.77,90.9,16090.5,39951.7,2374.5,6197.783,3092.540,70605.186,3195483:13;3195515:350;3195516:302;3195517:563;3195518:254
111245.8708,1788877547.0604,6,347.21,1482.30,1829.52,81.6,16091.1,39951.1,2374.5,6198.067,3092.552,70605.186,3195483:13;3195515:353;3195516:299;3195517:563;3195518:254
111245.9805,1788877547.1700,6,347.21,1484.50,1831.71,89.3,16091.4,39950.9,2374.5,6199.132,3092.587,70605.186,3195483:13;3195515:356;3195516:300;3195517:563;3195518:253
111246.0922,1788877547.2818,6,347.21,1484.24,1831.46,9.2,16091.4,39950.9,2374.5,6199.435,3092.596,70605.186,3195483:13;3195515:356;3195516:299;3195517:563;3195518:253
111246.2011,1788877547.3907,6,347.34,1485.46,1832.80,36.2,16091.4,39950.9,2374.5,6200.736,3092.630,70605.186,3195483:13;3195515:356;3195516:300;3195517:563;3195518:254
111246.3122,1788877547.5017,6,347.34,1485.39,1832.73,9.1,16091.4,39950.9,2374.5,6201.024,3092.637,70605.186,3195483:13;3195515:356;3195516:300;3195517:563;3195518:254
111246.4214,1788877547.6110,6,347.34,1487.05,1834.39,45.7,16092.6,39949.6,2374.5,6201.933,3092.659,70605.186,3195483:13;3195515:356;3195516:301;3195517:563;3195518:255
111246.5309,1788877547.7204,6,347.34,1486.71,1834.05,27.2,16092.6,39949.6,2374.5,6202.187,3092.668,70605.186,3195483:13;3195515:356;3195516:301;3195517:563;3195518:254
111246.6409,1788877547.8304,6,347.34,1488.52,1835.86,72.8,16098.4,39943.8,2374.5,6203.169,3092.692,70605.189,3195483:13;3195515:359;3195516:300;3195517:563;3195518:253
111246.7517,1788877547.9413,6,347.34,1488.18,1835.52,9.1,16098.4,39943.8,2374.5,6203.483,3092.699,70605.189,3195483:13;3195515:359;3195516:300;3195517:563;3195518:253
111246.8612,1788877548.0507,6,347.34,1488.56,1835.90,0.0,16098.4,39943.8,2374.5,6204.551,3092.724,70605.189,3195483:13;3195515:359;3195516:300;3195517:563;3195518:254
111246.9740,1788877548.1635,6,347.34,1488.72,1836.06,9.2,16098.6,39943.6,2374.5,6204.823,3092.732,70605.189,3195483:13;3195515:359;3195516:300;3195517:563;3195518:254
111247.0827,1788877548.2722,6,347.34,1492.13,1839.47,109.2,16104.7,39937.5,2374.5,6205.773,3092.761,70605.189,3195483:13;3195515:362;3195516:301;3195517:563;3195518:254
111247.1927,1788877548.3822,6,347.34,1492.45,1839.79,73.1,16104.9,39937.3,2374.5,6206.043,3092.770,70605.189,3195483:13;3195515:362;3195516:301;3195517:563;3195518:254
111247.3025,1788877548.4920,6,347.34,1492.80,1840.14,45.7,16104.9,39937.3,2374.5,6207.037,3092.799,70605.189,3195483:13;3195515:362;3195516:301;3195517:563;3195518:254
111247.4116,1788877548.6012,6,347.46,1494.75,1842.21,72.7,16110.5,39931.7,2374.5,6207.919,3092.824,70605.189,3195483:13;3195515:365;3195516:299;3195517:563;3195518:254
111247.5222,1788877548.7117,6,347.46,1495.57,1843.04,109.6,16113.0,39929.2,2374.5,6208.971,3092.861,70605.189,3195483:13;3195515:365;3195516:300;3195517:563;3195518:255
111247.6312,1788877548.8208,6,347.46,1497.11,1844.57,46.0,16114.3,39927.9,2374.5,6209.259,3092.872,70605.189,3195483:13;3195515:368;3195516:299;3195517:563;3195518:254
111247.7400,1788877548.9296,6,347.46,1498.68,1846.14,91.1,16114.6,39927.7,2374.5,6210.344,3092.906,70605.189,3195483:13;3195515:368;3195516:301;3195517:563;3195518:254
111247.8507,1788877549.0402,6,347.46,1498.81,1846.27,9.1,16114.7,39927.6,2374.5,6210.673,3092.915,70605.189,3195483:13;3195515:368;3195516:301;3195517:563;3195518:254
111247.9600,1788877549.1495,6,347.46,1499.95,1847.42,73.1,16114.7,39927.6,2374.5,6211.713,3092.944,70605.189,3195483:13;3195515:368;3195516:302;3195517:563;3195518:254
111248.0695,1788877549.2590,6,347.46,1500.12,1847.59,27.2,16115.3,39927.0,2374.5,6212.027,3092.953,70605.189,3195483:13;3195515:368;3195516:302;3195517:563;3195518:254
111248.1802,1788877549.3697,6,347.46,1500.88,1848.35,27.0,16109.4,39932.8,2374.5,6213.097,3092.979,70605.189,3195483:13;3195515:368;3195516:302;3195517:563;3195518:254
111248.2910,1788877549.4805,6,347.46,1501.26,1848.72,0.0,16109.6,39932.6,2374.5,6213.389,3092.986,70605.189,3195483:13;3195515:368;3195516:303;3195517:563;3195518:254
111248.3995,1788877549.5890,6,347.46,1501.69,1849.16,64.0,16110.6,39931.6,2374.5,6214.148,3093.015,70605.189,3195483:13;3195515:368;3195516:303;3195517:563;3195518:254
111248.5091,1788877549.6986,6,347.46,1502.75,1850.21,54.9,16115.3,39926.9,2374.5,6214.317,3093.023,70605.189,3195483:13;3195515:368;3195516:303;3195517:564;3195518:254
111248.6183,1788877549.8078,6,347.46,1504.95,1852.41,72.3,16124.4,39917.8,2374.5,6215.433,3093.045,70605.189,3195483:13;3195515:371;3195516:300;3195517:567;3195518:253
111248.7299,1788877549.9194,6,347.46,1506.11,1853.57,53.8,16129.1,39913.2,2374.5,6215.718,3093.055,70605.189,3195483:13;3195515:374;3195516:298;3195517:567;3195518:254
111248.8408,1788877550.0303,6,347.46,1508.14,1855.60,100.1,16130.0,39912.2,2374.5,6216.603,3093.085,70605.189,3195483:13;3195515:374;3195516:300;3195517:567;3195518:254
111248.9504,1788877550.1399,6,347.46,1509.27,1856.73,64.4,16133.7,39908.6,2374.5,6216.913,3093.096,70605.189,3195483:13;3195515:377;3195516:299;3195517:567;3195518:253
111249.0590,1788877550.2486,6,347.46,1511.39,1858.86,62.9,16133.9,39908.3,2374.5,6217.989,3093.130,70605.189,3195483:13;3195515:377;3195516:300;3195517:567;3195518:254
111249.1706,1788877550.3602,6,347.46,1511.39,1858.86,18.2,16134.1,39908.1,2374.5,6218.303,3093.139,70605.189,3195483:13;3195515:377;3195516:300;3195517:567;3195518:254
111249.2812,1788877550.4707,6,347.46,1515.25,1862.71,118.6,16132.2,39910.1,2374.5,6219.325,3093.171,70605.189,3195483:13;3195515:380;3195516:299;3195517:569;3195518:253
111249.3911,1788877550.5806,6,347.46,1515.37,1862.84,27.4,16132.2,39910.1,2374.5,6219.620,3093.180,70605.189,3195483:13;3195515:380;3195516:299;3195517:569;3195518:254
111249.5001,1788877550.6897,6,347.46,1516.54,1864.00,64.0,16135.8,39906.4,2374.5,6220.517,3093.208,70605.189,3195483:13;3195515:384;3195516:296;3195517:569;3195518:255
111249.6093,1788877550.7989,6,347.46,1517.58,1865.04,36.0,16137.0,39905.3,2374.5,6220.798,3093.217,70605.189,3195483:13;3195515:387;3195516:295;3195517:569;3195518:254
111249.7205,1788877550.9101,6,347.46,1517.70,1865.16,54.6,16137.0,39905.3,2374.5,6221.620,3093.241,70605.189,3195483:13;3195515:387;3195516:295;3195517:569;3195518:254
111249.8304,1788877551.0199,6,347.46,1517.07,1864.54,54.6,16132.7,39909.5,2374.5,6222.273,3093.258,70605.189,3195483:13;3195515:389;3195516:294;3195517:569;3195518:252
111249.9407,1788877551.1303,6,347.46,1519.19,1866.65,72.8,16136.1,39906.1,2374.5,6223.303,3093.289,70605.189,3195483:13;3195515:392;3195516:293;3195517:569;3195518:252
111250.0507,1788877551.2403,6,347.46,1519.83,1867.30,27.1,16136.3,39905.9,2374.5,6223.601,3093.300,70605.189,3195483:13;3195515:392;3195516:294;3195517:569;3195518:252
111250.1608,1788877551.3504,6,347.46,1521.75,1869.22,72.5,16136.6,39905.6,2374.5,6224.666,3093.332,70605.189,3195483:13;3195515:392;3195516:295;3195517:569;3195518:253
111250.2718,1788877551.4613,6,347.46,1522.07,1869.53,9.1,16136.6,39905.6,2374.5,6224.931,3093.340,70605.189,3195483:13;3195515:392;3195516:295;3195517:569;3195518:253
111250.3809,1788877551.5705,6,347.46,1523.62,1871.09,72.5,16137.4,39904.8,2374.5,6225.864,3093.369,70605.189,3195483:13;3195515:395;3195516:293;3195517:569;3195518:253
111250.4918,1788877551.6813,6,347.46,1524.00,1871.46,27.5,16137.4,39904.8,2374.5,6226.100,3093.376,70605.189,3195483:13;3195515:395;3195516:294;3195517:569;3195518:253
111250.6005,1788877551.7900,6,347.46,1524.20,1871.66,36.0,16137.4,39904.8,2374.5,6227.074,3093.398,70605.189,3195483:13;3195515:395;3195516:294;3195517:569;3195518:253
111250.7120,1788877551.9015,6,347.46,1524.12,1871.59,0.0,16137.4,39904.8,2374.5,6227.363,3093.407,70605.189,3195483:13;3195515:395;3195516:294;3195517:569;3195518:253
111250.8214,1788877552.0109,6,347.46,1525.11,1872.57,27.0,16137.7,39904.6,2374.5,6228.379,3093.433,70605.189,3195483:13;3195515:395;3195516:294;3195517:569;3195518:254
111250.9324,1788877552.1220,6,347.46,1526.09,1873.55,36.6,16136.5,39905.7,2374.5,6229.392,3093.456,70605.189,3195483:13;3195515:395;3195516:294;3195517:569;3195518:254
111251.0415,1788877552.2310,6,347.46,1526.39,1873.85,27.6,16135.5,39906.8,2374.5,6230.666,3093.484,70605.189,3195483:13;3195515:395;3195516:294;3195517:569;3195518:255
111251.1503,1788877552.3398,6,347.46,1526.53,1873.99,18.3,16135.5,39906.8,2374.5,6230.978,3093.493,70605.189,3195483:13;3195515:395;3195516:294;3195517:569;3195518:255
111251.2598,1788877552.4493,6,347.46,1526.73,1874.19,18.2,16135.5,39906.8,2374.5,6231.929,3093.521,70605.189,3195483:13;3195515:395;3195516:294;3195517:569;3195518:255
111251.3694,1788877552.5589,6,347.46,1526.86,1874.32,27.1,16135.5,39906.8,2374.5,6232.242,3093.528,70605.189,3195483:13;3195515:395;3195516:295;3195517:569;3195518:255
111251.4801,1788877552.6697,6,347.46,1528.54,1876.00,54.6,16136.1,39906.1,2374.5,6233.223,3093.557,70605.189,3195483:13;3195515:399;3195516:294;3195517:569;3195518:254
111251.5904,1788877552.7799,6,347.46,1529.29,1876.75,18.4,16136.1,39906.1,2374.5,6233.558,3093.565,70605.189,3195483:13;3195515:399;3195516:295;3195517:569;3195518:254
111251.6994,1788877552.8889,6,347.46,1530.15,1877.61,91.0,16139.0,39903.2,2374.5,6234.301,3093.590,70605.197,3195483:13;3195515:400;3195516:294;3195517:569;3195518:254
111251.8091,1788877552.9987,6,347.46,1530.27,1877.74,9.1,16137.8,39904.4,2374.5,6234.619,3093.597,70605.197,3195483:13;3195515:400;3195516:294;3195517:569;3195518:254
111251.9196,1788877553.1091,6,347.46,1531.30,1878.77,36.4,16138.8,39903.4,2374.5,6235.652,3093.627,70605.197,3195483:13;3195515:400;3195516:295;3195517:569;3195518:254
111252.0299,1788877553.2194,6,347.46,1531.68,1879.14,72.0,16144.7,39897.5,2374.5,6235.902,3093.636,70605.197,3195483:13;3195515:403;3195516:293;3195517:569;3195518:253
111252.1404,1788877553.3299,6,347.46,1533.02,1880.48,45.5,16144.7,39897.5,2374.5,6237.077,3093.664,70605.197,3195483:13;3195515:403;3195516:294;3195517:569;3195518:254
111252.2502,1788877553.4398,6,347.46,1534.25,1881.71,36.6,16144.7,39897.5,2374.5,6237.610,3093.681,70605.197,3195483:13;3195515:403;3195516:295;3195517:569;3195518:254
111252.3597,1788877553.5493,6,347.46,1535.77,1883.23,72.8,16145.2,39897.0,2374.5,6238.788,3093.715,70605.197,3195483:13;3195515:404;3195516:295;3195517:569;3195518:254
111252.4696,1788877553.6592,6,347.46,1535.81,1883.27,9.1,16145.2,39897.0,2374.5,6239.114,3093.722,70605.197,3195483:13;3195515:404;3195516:295;3195517:569;3195518:254
111252.5792,1788877553.7687,6,347.46,1536.97,1884.43,27.5,16145.2,39897.0,2374.5,6240.082,3093.748,70605.197,3195483:13;3195515:404;3195516:295;3195517:569;3195518:255
111252.6885,1788877553.8780,6,347.46,1537.09,1884.56,0.0,16145.2,39897.0,2374.5,6240.390,3093.760,70605.197,3195483:13;3195515:404;3195516:295;3195517:569;3195518:255
111252.7993,1788877553.9889,6,347.46,1537.97,1885.43,18.3,16145.2,39897.0,2374.5,6241.296,3093.778,70605.197,3195483:13;3195515:404;3195516:296;3195517:569;3195518:256
111252.9097,1788877554.0992,6,347.46,1539.14,1886.61,36.5,16153.3,39888.9,2374.5,6241.544,3093.786,70605.197,3195483:13;3195515:408;3195516:295;3195517:569;3195518:255
111253.0181,1788877554.2076,6,347.46,1539.48,1886.95,82.1,16151.8,39890.4,2374.5,6242.668,3093.817,70605.197,3195483:13;3195515:411;3195516:294;3195517:569;3195518:253
111253.1281,1788877554.3176,6,347.46,1539.73,1887.20,17.8,16168.0,39874.3,2374.5,6243.016,3093.827,70605.658,3195483:13;3195515:411;3195516:294;3195517:569;3195518:253
111253.2402,1788877554.4297,6,347.46,1539.81,1887.27,0.0,16167.3,39874.9,2374.5,6243.920,3093.848,70605.975,3195483:13;3195515:411;3195516:294;3195517:569;3195518:253
111253.3507,1788877554.5403,6,347.46,1540.59,1888.06,8.9,16167.3,39874.9,2374.5,6244.169,3093.854,70605.975,3195483:13;3195515:411;3195516:295;3195517:569;3195518:253
111253.4625,1788877554.6520,6,347.46,1541.14,1888.61,45.3,16167.3,39874.9,2374.5,6245.055,3093.876,70605.975,3195483:13;3195515:411;3195516:295;3195517:569;3195518:254
111253.5725,1788877554.7620,6,347.46,1541.14,1888.61,0.0,16167.3,39874.9,2374.5,6245.274,3093.880,70605.975,3195483:13;3195515:411;3195516:295;3195517:569;3195518:254
111253.6813,1788877554.8708,6,347.46,1541.77,1889.23,17.9,16168.0,39874.2,2374.5,6246.286,3093.911,70605.975,3195483:13;3195515:411;3195516:295;3195517:569;3195518:254
111253.7935,1788877554.9831,6,347.46,1541.93,1889.39,18.2,16168.0,39874.2,2374.5,6246.523,3093.916,70605.975,3195483:13;3195515:411;3195516:295;3195517:569;3195518:254
111253.9036,1788877555.0931,6,347.46,1542.27,1889.73,53.9,16167.9,39874.3,2374.5,6247.442,3093.945,70605.975,3195483:13;3195515:411;3195516:295;3195517:569;3195518:254
111254.0158,1788877555.2053,6,347.46,1543.55,1891.02,18.2,16170.4,39871.9,2374.5,6247.672,3093.950,70605.975,3195483:13;3195515:411;3195516:295;3195517:571;3195518:254
111254.1243,1788877555.3139,6,347.46,1543.78,1891.24,36.5,16171.1,39871.1,2374.5,6248.663,3093.982,70605.975,3195483:13;3195515:411;3195516:295;3195517:571;3195518:255
111254.2339,1788877555.4235,6,347.46,1543.78,1891.24,27.0,16171.1,39871.1,2374.5,6248.903,3093.988,70605.975,3195483:13;3195515:411;3195516:295;3195517:571;3195518:255
111254.3447,1788877555.5342,6,347.46,1552.35,1899.82,36.6,16172.8,39869.4,2374.5,6249.747,3094.005,70605.975,3195483:13;3195515:419;3195516:295;3195517:571;3195518:255
111254.4544,1788877555.6439,6,347.46,1545.27,1892.74,0.0,16169.7,39872.6,2374.5,6249.860,3094.009,70605.975,3195483:13;3195515:414;3195516:294;3195517:571;3195518:254
111254.5646,1788877555.7542,6,347.46,1545.43,1892.89,45.3,16169.7,39872.6,2374.5,6250.810,3094.035,70605.975,3195483:13;3195515:414;3195516:294;3195517:571;3195518:254
111254.6746,1788877555.8641,6,347.46,1546.24,1893.70,45.0,16168.9,39873.4,2374.5,6251.166,3094.047,70605.975,3195483:13;3195515:414;3195516:294;3195517:571;3195518:254
111254.7858,1788877555.9753,6,347.46,1549.65,1897.11,72.8,16170.8,39871.4,2374.5,6252.333,3094.083,70605.975,3195483:13;3195515:416;3195516:294;3195517:571;3195518:256
111254.8963,1788877556.0859,6,347.46,1549.77,1897.24,0.0,16170.3,39871.9,2374.5,6252.587,3094.094,70605.975,3195483:13;3195515:416;3195516:294;3195517:571;3195518:256
111255.0053,1788877556.1948,6,347.46,1550.30,1897.76,73.3,16171.0,39871.2,2374.5,6253.650,3094.127,70605.975,3195483:13;3195515:418;3195516:294;3195517:570;3195518:255
111255.1145,1788877556.3041,6,347.46,1550.29,1897.76,9.1,16170.5,39871.7,2374.5,6253.891,3094.132,70605.975,3195483:13;3195515:418;3195516:295;3195517:570;3195518:255
111255.2238,1788877556.4133,6,347.46,1551.37,1898.84,36.5,16170.7,39871.5,2374.5,6254.838,3094.158,70605.975,3195483:13;3195515:418;3195516:295;3195517:570;3195518:256
111255.3333,1788877556.5228,6,347.46,1551.63,1899.10,18.4,16170.7,39871.5,2374.5,6255.120,3094.167,70605.975,3195483:13;3195515:418;3195516:295;3195517:570;3195518:256
111255.4418,1788877556.6314,6,347.46,1553.04,1900.50,71.8,16175.5,39866.7,2374.5,6256.276,3094.194,70605.975,3195483:13;3195515:421;3195516:294;3195517:570;3195518:255
111255.5532,1788877556.7427,6,347.46,1554.07,1901.54,27.6,16168.6,39873.6,2374.5,6256.552,3094.200,70605.975,3195483:13;3195515:424;3195516:292;3195517:570;3195518:255
111255.6618,1788877556.8513,6,347.46,1558.59,1906.05,109.2,16160.0,39882.2,2374.5,6257.360,3094.224,70605.975,3195483:13;3195515:428;3195516:290;3195517:572;3195518:256
111255.7720,1788877556.9615,6,347.59,1557.32,1904.91,63.9,16164.5,39877.7,2374.5,6257.569,3094.232,70605.975,3195483:13;3195515:430;3195516:287;3195517:571;3195518:256
111255.8812,1788877557.0707,6,347.59,1558.87,1906.46,54.8,16163.8,39878.5,2374.5,6258.495,3094.255,70605.975,3195483:13;3195515:430;3195516:288;3195517:571;3195518:256
111255.9906,1788877557.1801,6,347.59,1559.88,1907.47,64.5,16158.7,39883.5,2374.5,6258.780,3094.264,70605.975,3195483:13;3195515:433;3195516:286;3195517:571;3195518:256
111256.0992,1788877557.2887,6,347.59,1561.41,1909.00,81.0,16159.2,39883.1,2374.5,6259.890,3094.292,70605.975,3195483:13;3195515:436;3195516:286;3195517:571;3195518:255
111256.2105,1788877557.4000,6,347.59,1561.41,1909.00,0.0,16159.2,39883.1,2374.5,6260.210,3094.297,70605.975,3195483:13;3195515:436;3195516:286;3195517:571;3195518:255
111256.3252,1788877557.5147,6,347.59,1562.42,1910.01,54.1,16159.2,39883.1,2374.5,6261.278,3094.330,70605.975,3195483:13;3195515:436;3195516:286;3195517:571;3195518:256
111256.4356,1788877557.6251,6,347.59,1562.21,1909.80,9.2,16158.8,39883.4,2374.5,6261.531,3094.338,70605.975,3195483:13;3195515:436;3195516:286;3195517:571;3195518:256
111256.5441,1788877557.7337,6,347.59,1564.23,1911.82,36.5,16158.8,39883.4,2374.5,6262.516,3094.363,70605.975,3195483:13;3195515:436;3195516:287;3195517:571;3195518:257
111256.6541,1788877557.8436,6,347.59,1563.80,1911.39,45.0,16163.0,39879.2,2374.5,6262.741,3094.371,70605.975,3195483:13;3195515:439;3195516:285;3195517:570;3195518:256
111256.7652,1788877557.9547,6,347.71,1565.87,1913.58,80.8,16159.7,39882.5,2374.5,6263.795,3094.398,70605.975,3195483:13;3195515:440;3195516:286;3195517:570;3195518:256
111256.8764,1788877558.0660,6,347.71,1565.87,1913.58,0.0,16158.8,39883.4,2374.5,6264.016,3094.403,70605.975,3195483:13;3195515:440;3195516:286;3195517:570;3195518:256
111256.9873,1788877558.1768,6,347.71,1567.13,1914.84,82.0,16164.2,39878.0,2374.5,6265.081,3094.430,70605.975,3195483:13;3195515:442;3195516:286;3195517:570;3195518:256
111257.0980,1788877558.2875,6,347.71,1567.53,1915.25,0.0,16164.2,39878.0,2374.5,6265.291,3094.439,70605.975,3195483:13;3195515:442;3195516:286;3195517:570;3195518:256
111257.2067,1788877558.3962,6,347.71,1569.15,1916.86,72.5,16170.6,39871.6,2374.5,6266.392,3094.470,70605.975,3195483:13;3195515:442;3195516:285;3195517:572;3195518:256
111257.3170,1788877558.5066,6,347.71,1569.61,1917.33,36.8,16170.6,39871.6,2374.5,6266.621,3094.476,70605.975,3195483:13;3195515:442;3195516:286;3195517:572;3195518:256
111257.4257,1788877558.6152,6,347.71,1571.44,1919.15,54.6,16170.6,39871.6,2374.5,6267.661,3094.505,70605.975,3195483:13;3195515:442;3195516:287;3195517:572;3195518:257
111257.5358,1788877558.7254,6,347.71,1571.72,1919.44,27.3,16170.6,39871.6,2374.5,6267.806,3094.515,70605.975,3195483:13;3195515:442;3195516:287;3195517:572;3195518:257
111257.6460,1788877558.8355,6,347.71,1573.38,1921.09,100.5,16175.2,39867.1,2374.5,6268.791,3094.544,70605.975,3195483:13;3195515:445;3195516:286;3195517:572;3195518:257
111257.7554,1788877558.9449,6,347.71,1574.65,1922.36,73.0,16180.1,39862.2,2374.5,6269.048,3094.555,70605.975,3195483:13;3195515:448;3195516:285;3195517:572;3195518:256
111257.8652,1788877559.0547,6,347.71,1575.50,1923.22,18.1,16180.1,39862.2,2374.5,6270.215,3094.580,70605.975,3195483:13;3195515:448;3195516:285;3195517:572;3195518:256
111257.9756,1788877559.1651,6,347.71,1575.50,1923.22,0.0,16180.2,39862.1,2374.5,6270.480,3094.586,70605.975,3195483:13;3195515:448;3195516:285;3195517:572;3195518:256
111258.0849,1788877559.2744,6,347.71,1575.57,1923.29,36.2,16180.2,39862.1,2374.5,6271.430,3094.608,70605.975,3195483:13;3195515:448;3195516:285;3195517:572;3195518:257
111258.1957,1788877559.3852,6,347.71,1575.57,1923.29,9.0,16180.2,39862.1,2374.5,6271.644,3094.614,70605.975,3195483:13;3195515:448;3195516:285;3195517:572;3195518:257
111258.3061,1788877559.4956,6,347.71,1575.64,1923.36,45.8,16180.2,39862.1,2374.5,6272.679,3094.644,70605.975,3195483:13;3195515:448;3195516:285;3195517:572;3195518:257
111258.4160,1788877559.6055,6,347.71,1575.29,1923.01,0.0,16180.2,39862.1,2374.5,6272.927,3094.650,70605.975,3195483:13;3195515:448;3195516:285;3195517:572;3195518:257
111258.5256,1788877559.7152,6,347.71,1576.80,1924.52,62.3,16177.4,39864.9,2374.5,6274.032,3094.675,70605.975,3195483:13;3195515:448;3195516:284;3195517:574;3195518:258
111258.6383,1788877559.8279,6,347.71,1576.80,1924.52,0.0,16177.4,39864.9,2374.5,6274.249,3094.679,70605.975,3195483:13;3195515:448;3195516:284;3195517:574;3195518:258
111258.7488,1788877559.9384,6,347.71,1577.41,1925.12,18.0,16177.4,39864.9,2374.5,6275.327,3094.704,70605.975,3195483:13;3195515:448;3195516:285;3195517:574;3195518:258
111258.8597,1788877560.0492,6,347.71,1576.75,1924.47,9.1,16177.6,39864.6,2374.5,6275.531,3094.709,70605.975,3195483:13;3195515:448;3195516:284;3195517:574;3195518:258
111258.9688,1788877560.1583,6,347.71,1577.24,1924.96,46.0,16177.1,39865.1,2374.5,6276.672,3094.737,70605.975,3195483:13;3195515:448;3195516:285;3195517:574;3195518:257
111259.0777,1788877560.2672,6,347.71,1577.43,1925.14,18.1,16177.1,39865.1,2374.5,6276.872,3094.741,70605.975,3195483:13;3195515:448;3195516:285;3195517:574;3195518:257
111259.1887,1788877560.3782,6,347.71,1578.78,1926.50,27.0,16177.1,39865.1,2374.5,6278.024,3094.771,70605.975,3195483:13;3195515:448;3195516:286;3195517:574;3195518:258
111259.2997,1788877560.4893,6,347.71,1578.91,1926.62,0.0,16177.1,39865.1,2374.5,6278.214,3094.777,70605.975,3195483:13;3195515:448;3195516:286;3195517:574;3195518:258
111259.4107,1788877560.6002,6,347.71,1579.44,1927.15,91.6,16177.8,39864.5,2374.5,6279.346,3094.804,70605.975,3195483:13;3195515:451;3195516:284;3195517:574;3195518:258
111259.5194,1788877560.7090,6,347.71,1579.24,1926.96,0.0,16178.2,39864.0,2374.5,6279.645,3094.814,70605.975,3195483:13;3195515:451;3195516:284;3195517:574;3195518:258
111259.6289,1788877560.8184,6,347.71,1582.00,1929.72,125.6,16191.7,39850.5,2374.5,6280.474,3094.843,70605.975,3195483:13;3195515:457;3195516:281;3195517:573;3195518:258
111259.7403,1788877560.9298,6,347.71,1582.48,1930.20,9.2,16191.9,39850.3,2374.5,6280.557,3094.846,70605.975,3195483:13;3195515:458;3195516:281;3195517:573;3195518:258
111259.8492,1788877561.0388,6,347.84,1585.36,1933.20,154.8,16203.6,39838.7,2374.5,6281.513,3094.871,70605.975,3195483:13;3195515:459;3195516:280;3195517:575;3195518:258
111259.9590,1788877561.1485,6,347.84,1585.66,1933.50,9.1,16204.0,39838.2,2374.5,6281.690,3094.876,70605.975,3195483:13;3195515:459;3195516:280;3195517:575;3195518:258
111260.0691,1788877561.2587,6,347.84,1587.23,1935.07,63.9,16204.2,39838.0,2374.5,6282.750,3094.903,70605.975,3195483:13;3195515:459;3195516:281;3195517:575;3195518:259
111260.1789,1788877561.3685,6,347.84,1587.69,1935.53,45.8,16204.2,39838.0,2374.5,6282.898,3094.912,70605.975,3195483:13;3195515:459;3195516:281;3195517:575;3195518:259
111260.2879,1788877561.4774,6,347.84,1589.24,1937.08,36.8,16204.7,39837.6,2374.5,6284.072,3094.939,70605.975,3195483:13;3195515:461;3195516:281;3195517:575;3195518:259
111260.3971,1788877561.5866,6,347.84,1589.24,1937.08,9.0,16204.7,39837.6,2374.5,6284.306,3094.943,70605.975,3195483:13;3195515:461;3195516:281;3195517:575;3195518:259
111260.5081,1788877561.6976,6,347.84,1589.60,1937.44,27.0,16204.7,39837.6,2374.5,6285.274,3094.965,70605.975,3195483:13;3195515:461;3195516:282;3195517:575;3195518:259
111260.6193,1788877561.8088,6,347.84,1590.12,1937.96,27.4,16204.7,39837.6,2374.5,6285.587,3094.977,70605.975,3195483:13;3195515:461;3195516:282;3195517:575;3195518:259
111260.7282,1788877561.9178,6,347.84,1591.09,1938.93,45.0,16204.7,39837.6,2374.5,6286.338,3094.999,70605.975,3195483:13;3195515:461;3195516:283;3195517:575;3195518:259
111260.8403,1788877562.0298,6,347.84,1591.34,1939.18,8.9,16204.9,39837.3,2374.5,6286.549,3095.010,70605.975,3195483:13;3195515:461;3195516:283;3195517:575;3195518:259
111260.9520,1788877562.1415,6,347.84,1592.04,1939.88,36.6,16204.6,39837.6,2374.5,6287.721,3095.044,70605.975,3195483:13;3195515:461;3195516:283;3195517:575;3195518:260
111261.0610,1788877562.2506,6,347.84,1591.92,1939.76,27.0,16204.8,39837.4,2374.5,6287.888,3095.048,70605.975,3195483:13;3195515:461;3195516:283;3195517:575;3195518:259
111261.1718,1788877562.3614,6,347.84,1593.84,1941.68,72.8,16212.9,39829.4,2374.5,6289.112,3095.088,70605.975,3195483:13;3195515:464;3195516:283;3195517:575;3195518:259
111261.2823,1788877562.4718,6,347.84,1593.96,1941.80,9.1,16212.9,39829.4,2374.5,6289.295,3095.093,70605.975,3195483:13;3195515:464;3195516:283;3195517:575;3195518:259
111261.3915,1788877562.5811,6,347.84,1595.56,1943.40,72.8,16215.3,39826.9,2374.5,6290.318,3095.124,70605.975,3195483:13;3195515:464;3195516:284;3195517:575;3195518:260
111261.5014,1788877562.6910,6,347.84,1595.49,1943.33,18.2,16215.3,39826.9,2374.5,6290.482,3095.130,70605.975,3195483:13;3195515:464;3195516:284;3195517:575;3195518:260
111261.6120,1788877562.8016,6,347.84,1597.02,1944.86,126.0,16220.0,39822.2,2374.5,6291.613,3095.170,70605.975,3195483:13;3195515:470;3195516:281;3195517:575;3195518:258
111261.7229,1788877562.9125,6,347.84,1597.02,1944.86,0.0,16220.0,39822.2,2374.5,6291.960,3095.181,70605.975,3195483:13;3195515:470;3195516:281;3195517:575;3195518:258
111261.8334,1788877563.0229,6,347.84,1598.72,1946.56,55.0,16218.1,39824.1,2374.5,6292.981,3095.207,70605.975,3195483:13;3195515:471;3195516:282;3195517:575;3195518:258
111261.9424,1788877563.1320,6,347.84,1598.97,1946.81,18.0,16218.0,39824.2,2374.5,6293.058,3095.227,70605.975,3195483:13;3195515:471;3195516:282;3195517:575;3195518:258
111262.0533,1788877563.2428,6,347.84,1598.89,1946.73,18.2,16218.0,39824.2,2374.5,6294.038,3095.252,70605.975,3195483:13;3195515:471;3195516:282;3195517:575;3195518:258
111262.1642,1788877563.3538,6,347.84,1598.58,1946.42,26.8,16218.0,39824.2,2374.5,6294.129,3095.256,70605.975,3195483:13;3195515:471;3195516:281;3195517:575;3195518:258
111262.2755,1788877563.4650,6,347.96,1601.51,1949.48,118.6,16216.7,39825.5,2374.5,6295.346,3095.284,70605.975,3195483:13;3195515:476;3195516:279;3195517:575;3195518:258
111262.3856,1788877563.5752,6,347.96,1602.76,1950.73,27.0,16217.0,39825.3,2374.5,6295.451,3095.289,70605.975,3195483:13;3195515:476;3195516:280;3195517:575;3195518:258
111262.4957,1788877563.6852,6,347.96,1603.71,1951.68,45.9,16217.0,39825.3,2374.5,6296.534,3095.319,70605.975,3195483:13;3195515:476;3195516:281;3195517:575;3195518:258
111262.6046,1788877563.7942,6,347.96,1603.96,1951.93,9.2,16215.4,39826.9,2374.5,6296.667,3095.322,70605.975,3195483:13;3195515:476;3195516:281;3195517:575;3195518:258
111262.7132,1788877563.9027,6,347.96,1605.44,1953.41,36.0,16215.4,39826.9,2374.5,6297.859,3095.355,70605.975,3195483:13;3195515:476;3195516:282;3195517:575;3195518:259
111262.8246,1788877564.0142,6,347.96,1605.81,1953.78,18.2,16215.4,39826.9,2374.5,6297.976,3095.362,70605.975,3195483:13;3195515:476;3195516:282;3195517:575;3195518:259
111262.9340,1788877564.1235,6,347.96,1605.96,1953.93,45.3,16215.9,39826.3,2374.5,6298.931,3095.391,70605.975,3195483:13;3195515:476;3195516:282;3195517:575;3195518:259
111263.0448,1788877564.2344,6,347.96,1605.98,1953.94,9.0,16215.9,39826.3,2374.5,6299.035,3095.394,70605.975,3195483:13;3195515:476;3195516:282;3195517:575;3195518:259
111263.1547,1788877564.3442,6,348.09,1606.60,1954.69,91.0,16214.8,39827.5,2374.5,6300.196,3095.420,70605.975,3195483:13;3195515:479;3195516:280;3195517:575;3195518:259
111263.2649,1788877564.4545,6,348.09,1606.97,1955.06,18.2,16214.8,39827.5,2374.5,6300.334,3095.425,70605.975,3195483:13;3195515:479;3195516:280;3195517:575;3195518:259
111263.3746,1788877564.5641,6,348.09,1608.29,1956.38,71.2,16218.6,39823.6,2374.5,6301.465,3095.452,70605.975,3195483:13;3195515:479;3195516:279;3195517:578;3195518:259
111263.4875,1788877564.6770,6,348.09,1608.29,1956.38,9.1,16218.6,39823.6,2374.5,6301.557,3095.457,70605.975,3195483:13;3195515:479;3195516:279;3195517:578;3195518:259
111263.5963,1788877564.7859,6,348.34,1609.21,1957.55,89.7,16219.1,39823.2,2374.5,6302.596,3095.490,70605.975,3195483:13;3195515:479;3195516:280;3195517:578;3195518:259
111263.7079,1788877564.8974,6,348.34,1609.33,1957.67,0.0,16219.1,39823.2,2374.5,6302.627,3095.492,70605.975,3195483:13;3195515:479;3195516:280;3195517:578;3195518:260
111263.8183,1788877565.0078,6,348.34,1610.50,1958.84,108.9,16218.8,39823.4,2374.5,6303.850,3095.524,70605.975,3195483:13;3195515:482;3195516:280;3195517:578;3195518:259
111263.9281,1788877565.1177,6,348.34,1611.06,1959.40,9.1,16218.8,39823.4,2374.5,6304.041,3095.530,70605.975,3195483:13;3195515:482;3195516:280;3195517:578;3195518:259
111264.0383,1788877565.2278,6,348.34,1613.48,1961.82,117.6,16220.3,39821.9,2374.5,6305.141,3095.561,70605.975,3195483:13;3195515:485;3195516:280;3195517:578;3195518:258
111264.1489,1788877565.3385,6,348.34,1613.37,1961.71,18.2,16220.3,39821.9,2374.5,6305.200,3095.564,70605.975,3195483:13;3195515:485;3195516:280;3195517:578;3195518:258
111264.2585,1788877565.4481,6,348.34,1613.92,1962.26,110.1,16219.3,39822.9,2374.5,6306.416,3095.598,70605.975,3195483:13;3195515:486;3195516:280;3195517:577;3195518:258
111264.3674,1788877565.5570,6,348.34,1614.04,1962.38,9.1,16219.4,39822.9,2374.5,6306.515,3095.602,70605.975,3195483:13;3195515:486;3195516:280;3195517:577;3195518:258
111264.4775,1788877565.6671,6,348.34,1614.91,1963.25,27.6,16219.8,39822.4,2374.5,6307.613,3095.630,70605.975,3195483:13;3195515:486;3195516:280;3195517:577;3195518:259
111264.5873,1788877565.7768,6,348.34,1615.16,1963.50,0.0,16220.4,39821.8,2374.5,6307.716,3095.634,70605.975,3195483:13;3195515:486;3195516:280;3195517:577;3195518:259
111264.6971,1788877565.8867,6,348.34,1617.31,1965.65,82.1,16226.9,39815.3,2374.5,6308.730,3095.660,70605.975,3195483:13;3195515:490;3195516:279;3195517:577;3195518:258
111264.8068,1788877565.9963,6,348.34,1617.43,1965.77,9.0,16226.9,39815.3,2374.5,6308.819,3095.664,70605.975,3195483:13;3195515:490;3195516:279;3195517:577;3195518:258
111264.9175,1788877566.1071,6,348.34,1618.04,1966.38,27.0,16227.2,39815.0,2374.5,6309.907,3095.693,70605.975,3195483:13;3195515:490;3195516:280;3195517:577;3195518:259
111265.0286,1788877566.2182,6,348.34,1618.16,1966.50,0.0,16226.9,39815.3,2374.5,6309.975,3095.696,70605.975,3195483:13;3195515:490;3195516:280;3195517:577;3195518:259
111265.1376,1788877566.3271,6,348.34,1618.68,1967.02,63.7,16227.9,39814.3,2374.5,6311.067,3095.726,70605.975,3195483:13;3195515:490;3195516:280;3195517:577;3195518:259
111265.2475,1788877566.4370,6,348.34,1618.68,1967.02,0.0,16227.9,39814.3,2374.5,6311.226,3095.728,70605.975,3195483:13;3195515:490;3195516:280;3195517:577;3195518:259
111265.3578,1788877566.5473,6,348.34,1619.36,1967.70,9.0,16227.9,39814.3,2374.5,6312.441,3095.755,70605.975,3195483:13;3195515:490;3195516:281;3195517:577;3195518:259
111265.4693,1788877566.6588,6,348.34,1619.48,1967.82,0.0,16228.2,39814.0,2374.5,6312.523,3095.757,70605.975,3195483:13;3195515:490;3195516:281;3195517:577;3195518:259
111265.5780,1788877566.7676,6,348.34,1619.69,1968.03,55.0,16228.3,39813.9,2374.5,6313.675,3095.784,70605.975,3195483:13;3195515:490;3195516:281;3195517:577;3195518:259
111265.6873,1788877566.8768,6,348.34,1619.78,1968.12,9.1,16228.1,39814.1,2374.5,6313.884,3095.790,70605.975,3195483:13;3195515:490;3195516:281;3195517:577;3195518:259
111265.7970,1788877566.9865,6,348.34,1621.13,1969.47,36.0,16228.6,39813.6,2374.5,6315.116,3095.828,70605.975,3195483:13;3195515:490;3195516:282;3195517:577;3195518:259
111265.9089,1788877567.0984,6,348.34,1621.13,1969.47,9.0,16227.3,39814.9,2374.5,6315.195,3095.831,70605.975,3195483:13;3195515:490;3195516:282;3195517:577;3195518:259
111266.0193,1788877567.2089,6,348.34,1622.30,1970.64,36.5,16227.1,39815.1,2374.5,6316.408,3095.865,70605.975,3195483:13;3195515:490;3195516:283;3195517:577;3195518:259
111266.1295,1788877567.3191,6,348.34,1622.50,1970.84,9.1,16227.1,39815.2,2374.5,6316.507,3095.866,70605.975,3195483:13;3195515:490;3195516:283;3195517:577;3195518:259
111266.2380,1788877567.4276,6,348.34,1621.66,1970.00,64.2,16226.8,39815.4,2374.5,6317.789,3095.898,70605.975,3195483:13;3195515:490;3195516:282;3195517:577;3195518:259
111266.3472,1788877567.5368,6,348.34,1621.66,1970.00,0.0,16226.8,39815.4,2374.5,6317.891,3095.900,70605.975,3195483:13;3195515:490;3195516:282;3195517:577;3195518:259
111266.4575,1788877567.6470,6,348.34,1622.43,1970.77,27.3,16226.3,39815.9,2374.5,6318.972,3095.927,70605.975,3195483:13;3195515:490;3195516:283;3195517:577;3195518:259
111266.5680,1788877567.7576,6,348.34,1622.43,1970.77,0.0,16226.3,39815.9,2374.5,6319.115,3095.929,70605.975,3195483:13;3195515:490;3195516:283;3195517:577;3195518:259
111266.6779,1788877567.8674,6,348.34,1622.77,1971.11,44.3,16226.3,39815.9,2374.5,6320.308,3095.954,70605.975,3195483:13;3195515:490;3195516:283;3195517:577;3195518:260
111266.7902,1788877567.9797,6,348.34,1622.77,1971.11,0.0,16226.3,39815.9,2374.5,6320.344,3095.955,70605.975,3195483:13;3195515:490;3195516:283;3195517:577;3195518:260
111266.9012,1788877568.0908,6,348.34,1625.26,1973.60,54.5,16226.3,39816.0,2374.5,6321.616,3095.985,70605.975,3195483:13;3195515:490;3195516:282;3195517:579;3195518:261
111267.0115,1788877568.2010,6,348.34,1626.45,1974.79,45.1,16230.0,39812.2,2374.5,6321.761,3095.992,70605.975,3195483:13;3195515:493;3195516:281;3195517:579;3195518:260
111267.1221,1788877568.3117,6,348.46,1628.37,1976.84,192.0,16228.4,39813.8,2374.5,6322.915,3096.030,70605.975,3195483:13;3195515:496;3195516:279;3195517:581;3195518:259
111267.2327,1788877568.4222,6,348.46,1628.00,1976.46,0.0,16228.4,39813.8,2374.5,6322.972,3096.034,70605.975,3195483:13;3195515:496;3195516:279;3195517:581;3195518:259
111267.3431,1788877568.5326,6,348.46,1632.20,1980.66,90.4,16229.8,39812.4,2374.5,6324.246,3096.071,70605.975,3195483:13;3195515:498;3195516:280;3195517:581;3195518:260
111267.4541,1788877568.6436,6,348.46,1630.16,1978.62,18.2,16230.0,39812.2,2374.5,6324.293,3096.075,70605.975,3195483:13;3195515:499;3195516:279;3195517:581;3195518:259
111267.5627,1788877568.7522,6,348.46,1633.38,1981.84,90.8,16233.0,39809.2,2374.5,6325.471,3096.107,70605.975,3195483:13;3195515:502;3195516:277;3195517:581;3195518:260
111267.6734,1788877568.8629,6,348.46,1634.30,1982.77,62.6,16232.8,39809.4,2374.5,6325.492,3096.111,70605.975,3195483:13;3195515:505;3195516:276;3195517:581;3195518:259
111267.7849,1788877568.9745,6,348.46,1634.80,1983.27,44.7,16235.7,39806.5,2374.5,6326.830,3096.152,70605.975,3195483:13;3195515:508;3195516:275;3195517:581;3195518:257
111267.8968,1788877569.0863,6,348.46,1634.80,1983.27,9.1,16235.1,39807.1,2374.5,6326.940,3096.155,70605.975,3195483:13;3195515:508;3195516:275;3195517:581;3195518:257
111268.0063,1788877569.1958,6,348.46,1636.91,1985.38,100.9,16231.0,39811.3,2374.5,6328.238,3096.194,70605.975,3195483:13;3195515:512;3195516:273;3195517:581;3195518:258
111268.1159,1788877569.3055,6,348.46,1636.91,1985.38,9.2,16231.2,39811.0,2374.5,6328.251,3096.194,70605.975,3195483:13;3195515:512;3195516:273;3195517:581;3195518:258
111268.2247,1788877569.4143,6,348.46,1638.32,1986.78,52.8,16231.9,39810.3,2374.5,6329.529,3096.230,70605.975,3195483:13;3195515:512;3195516:274;3195517:581;3195518:258
111268.3388,1788877569.5283,6,348.46,1638.32,1986.78,0.0,16231.9,39810.3,2374.5,6329.529,3096.230,70605.975,3195483:13;3195515:512;3195516:274;3195517:581;3195518:258
111268.4476,1788877569.6372,6,348.46,1639.08,1987.54,36.1,16231.9,39810.3,2374.5,6330.900,3096.267,70605.975,3195483:13;3195515:512;3195516:275;3195517:581;3195518:258
111268.5585,1788877569.7481,6,348.46,1639.08,1987.54,9.2,16231.9,39810.3,2374.5,6330.900,3096.267,70605.975,3195483:13;3195515:512;3195516:275;3195517:581;3195518:258
111268.6671,1788877569.8566,6,348.46,1639.50,1987.96,35.7,16231.9,39810.3,2374.5,6332.186,3096.298,70605.975,3195483:13;3195515:512;3195516:275;3195517:581;3195518:259
111268.7798,1788877569.9694,6,348.46,1639.50,1987.96,0.0,16231.9,39810.3,2374.5,6332.186,3096.298,70605.975,3195483:13;3195515:512;3195516:275;3195517:581;3195518:259
111268.8897,1788877570.0792,6,348.59,1640.53,1989.12,109.3,16237.7,39804.5,2374.5,6333.406,3096.334,70605.975,3195483:13;3195515:514;3195516:273;3195517:581;3195518:259
111268.9991,1788877570.1886,6,348.59,1640.53,1989.12,0.0,16237.7,39804.5,2374.5,6333.407,3096.335,70605.975,3195483:13;3195515:514;3195516:273;3195517:581;3195518:259
111269.1087,1788877570.2982,6,348.59,1642.98,1991.57,137.1,16247.6,39794.7,2374.5,6334.622,3096.379,70605.975,3195483:13;3195515:518;3195516:271;3195517:582;3195518:259
111269.2180,1788877570.4076,6,348.59,1642.98,1991.57,0.0,16247.6,39794.6,2374.5,6334.622,3096.381,70605.975,3195483:13;3195515:518;3195516:271;3195517:582;3195518:259
111269.3286,1788877570.5181,6,348.59,1644.83,1993.42,91.1,16246.6,39795.6,2374.5,6336.048,3096.419,70605.975,3195483:13;3195515:520;3195516:271;3195517:582;3195518:258
111269.4379,1788877570.6275,6,348.59,1644.83,1993.42,0.0,16246.6,39795.6,2374.5,6336.048,3096.420,70605.975,3195483:13;3195515:520;3195516:271;3195517:582;3195518:258
111269.5482,1788877570.7378,6,348.59,1646.53,1995.12,91.3,16246.6,39795.6,2374.5,6337.380,3096.455,70605.975,3195483:13;3195515:520;3195516:272;3195517:582;3195518:259
111269.6586,1788877570.8481,6,348.59,1646.63,1995.22,36.4,16243.4,39798.9,2374.5,6337.380,3096.460,70605.975,3195483:13;3195515:522;3195516:271;3195517:582;3195518:259
111269.7680,1788877570.9576,6,348.59,1647.81,1996.40,99.8,16242.8,39799.4,2374.5,6338.688,3096.495,70605.975,3195483:13;3195515:524;3195516:271;3195517:582;3195518:258
111269.8780,1788877571.0675,6,348.59,1647.81,1996.40,9.1,16244.8,39797.4,2374.5,6338.688,3096.497,70605.975,3195483:13;3195515:524;3195516:271;3195517:582;3195518:258
111269.9881,1788877571.1777,6,348.59,1652.42,2001.01,126.5,16251.5,39790.7,2374.5,6340.127,3096.539,70605.982,3195483:13;3195515:526;3195516:271;3195517:582;3195518:260
111270.0989,1788877571.2884,6,348.59,1650.70,1999.29,54.2,16255.5,39786.7,2374.5,6340.127,3096.542,70605.982,3195483:13;3195515:529;3195516:269;3195517:582;3195518:258
111270.2095,1788877571.3990,6,348.71,1652.91,2001.63,82.1,16255.5,39786.7,2374.5,6341.512,3096.581,70605.982,3195483:13;3195515:529;3195516:270;3195517:582;3195518:259
111270.3192,1788877571.5087,6,348.71,1652.91,2001.63,0.0,16255.5,39786.7,2374.5,6341.512,3096.581,70605.982,3195483:13;3195515:529;3195516:270;3195517:582;3195518:259
111270.4277,1788877571.6172,6,348.71,1655.25,2003.97,82.3,16260.0,39782.2,2374.5,6342.686,3096.613,70605.982,3195483:13;3195515:532;3195516:270;3195517:582;3195518:258
111270.5371,1788877571.7266,6,348.71,1655.25,2003.97,0.0,16260.0,39782.2,2374.5,6342.686,3096.613,70605.982,3195483:13;3195515:532;3195516:270;3195517:582;3195518:258
111270.6457,1788877571.8352,6,348.71,1655.39,2004.11,36.4,16259.4,39782.8,2374.5,6343.978,3096.650,70605.982,3195483:13;3195515:532;3195516:270;3195517:582;3195518:259
111270.7555,1788877571.9450,6,348.71,1655.39,2004.11,0.0,16259.4,39782.8,2374.5,6343.978,3096.650,70605.982,3195483:13;3195515:532;3195516:270;3195517:582;3195518:259
111270.8644,1788877572.0539,6,348.71,1655.90,2004.62,18.2,16258.6,39783.6,2374.5,6345.258,3096.675,70605.982,3195483:13;3195515:532;3195516:270;3195517:582;3195518:259
111270.9743,1788877572.1638,6,348.71,1655.90,2004.62,0.0,16258.6,39783.6,2374.5,6345.258,3096.676,70605.982,3195483:13;3195515:532;3195516:270;3195517:582;3195518:259
111271.0839,1788877572.2734,6,348.71,1658.40,2007.11,82.0,16259.0,39783.2,2374.5,6346.107,3096.702,70605.982,3195483:13;3195515:534;3195516:271;3195517:582;3195518:259
111271.1938,1788877572.3834,6,348.71,1656.71,2005.43,27.1,16259.5,39782.7,2374.5,6346.113,3096.705,70605.982,3195483:13;3195515:534;3195516:271;3195517:581;3195518:258
111271.3042,1788877572.4937,6,348.71,1658.97,2007.68,154.8,16265.2,39777.0,2374.5,6347.422,3096.741,70605.982,3195483:13;3195515:534;3195516:270;3195517:584;3195518:258
111271.4141,1788877572.6036,6,348.71,1658.97,2007.68,9.2,16265.2,39777.0,2374.5,6347.453,3096.743,70605.982,3195483:13;3195515:534;3195516:270;3195517:584;3195518:258
111271.5227,1788877572.7122,6,348.71,1659.75,2008.47,18.1,16265.2,39777.0,2374.5,6348.760,3096.775,70605.982,3195483:13;3195515:534;3195516:271;3195517:584;3195518:259
111271.6334,1788877572.8229,6,348.71,1659.75,2008.47,0.0,16265.2,39777.0,2374.5,6348.796,3096.777,70605.982,3195483:13;3195515:534;3195516:271;3195517:584;3195518:259
111271.7422,1788877572.9318,6,348.71,1661.58,2010.29,82.3,16266.0,39776.2,2374.5,6349.993,3096.813,70605.982,3195483:13;3195515:534;3195516:272;3195517:584;3195518:260
111271.8516,1788877573.0412,6,348.71,1661.58,2010.29,0.0,16265.7,39776.5,2374.5,6350.059,3096.814,70605.982,3195483:13;3195515:534;3195516:272;3195517:584;3195518:260
111271.9623,1788877573.1518,6,348.71,1662.75,2011.46,53.9,16265.3,39776.9,2374.5,6351.347,3096.846,70605.982,3195483:13;3195515:534;3195516:273;3195517:584;3195518:260
111272.0740,1788877573.2635,6,348.71,1662.76,2011.48,9.1,16269.0,39773.2,2374.5,6351.387,3096.850,70605.982,3195483:13;3195515:534;3195516:273;3195517:584;3195518:260
111272.1838,1788877573.3733,6,348.71,1663.53,2012.24,36.1,16269.0,39773.2,2374.5,6352.795,3096.891,70605.982,3195483:13;3195515:534;3195516:273;3195517:584;3195518:260
111272.2946,1788877573.4841,6,348.71,1663.53,2012.24,0.0,16269.0,39773.2,2374.5,6352.828,3096.892,70605.982,3195483:13;3195515:534;3195516:273;3195517:584;3195518:260
111272.4035,1788877573.5930,6,348.71,1663.93,2012.64,55.2,16270.0,39772.2,2374.5,6354.060,3096.922,70605.982,3195483:13;3195515:534;3195516:274;3195517:584;3195518:260
111272.5122,1788877573.7017,6,348.71,1663.93,2012.64,9.1,16270.0,39772.2,2374.5,6354.081,3096.923,70605.982,3195483:13;3195515:534;3195516:274;3195517:584;3195518:260
111272.6222,1788877573.8118,6,348.71,1664.98,2013.70,36.0,16270.0,39772.2,2374.5,6355.276,3096.955,70605.982,3195483:13;3195515:534;3195516:273;3195517:584;3195518:261
111272.7332,1788877573.9227,6,348.71,1664.98,2013.70,0.0,16270.0,39772.2,2374.5,6355.276,3096.957,70605.982,3195483:13;3195515:534;3195516:273;3195517:584;3195518:261
111272.8423,1788877574.0318,6,348.71,1666.34,2015.05,45.3,16270.0,39772.2,2374.5,6356.607,3096.991,70605.982,3195483:13;3195515:534;3195516:275;3195517:584;3195518:261
111272.9527,1788877574.1423,6,348.71,1666.54,2015.25,9.2,16269.2,39773.0,2374.5,6356.647,3096.993,70605.982,3195483:13;3195515:534;3195516:275;3195517:584;3195518:261
111273.0614,1788877574.2509,6,348.71,1667.67,2016.38,100.0,16284.6,39757.7,2374.5,6357.897,3097.030,70605.982,3195483:13;3195515:537;3195516:272;3195517:584;3195518:261
111273.1719,1788877574.3614,6,348.71,1667.67,2016.38,0.0,16277.4,39764.8,2374.5,6357.932,3097.031,70605.982,3195483:13;3195515:537;3195516:272;3195517:584;3195518:261
111273.2808,1788877574.4703,6,348.84,1669.12,2017.96,63.9,16287.2,39755.0,2374.5,6359.215,3097.064,70605.982,3195483:13;3195515:540;3195516:271;3195517:584;3195518:262
111273.3906,1788877574.5801,6,348.84,1669.37,2018.21,9.2,16287.2,39755.0,2374.5,6359.265,3097.067,70605.982,3195483:13;3195515:540;3195516:271;3195517:584;3195518:262
111273.4990,1788877574.6886,6,348.84,1670.62,2019.46,45.0,16287.2,39755.0,2374.5,6360.476,3097.099,70605.982,3195483:13;3195515:540;3195516:272;3195517:584;3195518:262
111273.6105,1788877574.8000,6,348.84,1670.62,2019.46,0.0,16287.2,39755.0,2374.5,6360.526,3097.100,70605.982,3195483:13;3195515:540;3195516:272;3195517:584;3195518:262
111273.7191,1788877574.9087,6,348.84,1671.02,2019.86,26.9,16287.2,39755.0,2374.5,6361.643,3097.124,70605.982,3195483:13;3195515:540;3195516:272;3195517:584;3195518:262
111273.8312,1788877575.0207,6,348.84,1670.64,2019.48,9.2,16287.2,39755.0,2374.5,6361.698,3097.127,70605.982,3195483:13;3195515:540;3195516:272;3195517:584;3195518:262
111273.9398,1788877575.1293,6,348.96,1672.96,2021.93,137.0,16293.3,39748.9,2374.5,6362.966,3097.158,70605.982,3195483:13;3195515:543;3195516:269;3195517:586;3195518:262
111274.0494,1788877575.2390,6,348.96,1673.34,2022.30,18.3,16293.3,39748.9,2374.5,6362.997,3097.161,70605.982,3195483:13;3195515:543;3195516:269;3195517:586;3195518:262
111274.1586,1788877575.3482,6,348.96,1674.85,2023.81,72.3,16293.3,39748.9,2374.5,6364.210,3097.204,70605.982,3195483:13;3195515:543;3195516:270;3195517:586;3195518:263
111274.2690,1788877575.4586,6,348.96,1674.85,2023.81,0.0,16293.3,39748.9,2374.5,6364.292,3097.206,70605.982,3195483:13;3195515:543;3195516:270;3195517:586;3195518:263
111274.3780,1788877575.5676,6,348.96,1679.30,2028.27,45.0,16295.2,39747.0,2374.5,6365.538,3097.237,70605.982,3195483:13;3195515:547;3195516:270;3195517:586;3195518:263
111274.4896,1788877575.6792,6,348.96,1676.14,2025.10,27.5,16298.9,39743.3,2374.5,6365.615,3097.241,70605.982,3195483:13;3195515:546;3195516:269;3195517:586;3195518:262
111274.5984,1788877575.7879,6,348.96,1677.39,2026.35,72.7,16300.4,39741.8,2374.5,6367.036,3097.279,70605.982,3195483:13;3195515:547;3195516:270;3195517:585;3195518:261
111274.7096,1788877575.8992,6,348.96,1677.64,2026.60,0.0,16300.4,39741.8,2374.5,6367.090,3097.281,70605.982,3195483:13;3195515:547;3195516:271;3195517:585;3195518:262
111274.8202,1788877576.0097,6,348.96,1678.38,2027.35,63.6,16301.4,39740.8,2374.5,6368.252,3097.314,70605.982,3195483:13;3195515:547;3195516:271;3195517:585;3195518:262
111274.9299,1788877576.1195,6,348.96,1677.96,2026.92,27.3,16301.3,39741.0,2374.5,6368.312,3097.318,70605.982,3195483:13;3195515:547;3195516:270;3195517:585;3195518:262
111275.0396,1788877576.2291,6,349.09,1678.35,2027.44,81.0,16300.6,39741.6,2374.5,6369.572,3097.355,70605.982,3195483:13;3195515:547;3195516:269;3195517:587;3195518:262
111275.1506,1788877576.3402,6,349.09,1678.35,2027.44,9.0,16300.9,39741.3,2374.5,6369.643,3097.357,70605.982,3195483:13;3195515:547;3195516:269;3195517:587;3195518:262
111275.2611,1788877576.4506,6,349.09,1679.80,2028.89,99.9,16306.1,39736.2,2374.5,6370.958,3097.390,70605.982,3195483:13;3195515:553;3195516:267;3195517:586;3195518:260
111275.3712,1788877576.5608,6,349.09,1679.80,2028.89,0.0,16305.9,39736.3,2374.5,6370.975,3097.391,70605.982,3195483:13;3195515:553;3195516:267;3195517:586;3195518:260
111275.4808,1788877576.6704,6,349.09,1681.78,2030.87,54.0,16305.9,39736.3,2374.5,6372.273,3097.422,70605.982,3195483:13;3195515:553;3195516:268;3195517:586;3195518:262
111275.5927,1788877576.7823,6,349.09,1681.78,2030.87,0.0,16305.9,39736.3,2374.5,6372.309,3097.424,70605.998,3195483:13;3195515:553;3195516:268;3195517:586;3195518:262
111275.7021,1788877576.8917,6,349.09,1682.21,2031.30,63.7,16311.6,39730.6,2374.5,6373.603,3097.463,70605.998,3195483:13;3195515:556;3195516:266;3195517:586;3195518:262
111275.8126,1788877577.0021,6,349.09,1682.21,2031.30,9.1,16311.2,39731.0,2374.5,6373.644,3097.464,70605.998,3195483:13;3195515:556;3195516:266;3195517:586;3195518:262
111275.9214,1788877577.1109,6,349.09,1682.76,2031.85,36.1,16311.3,39730.9,2374.5,6374.892,3097.494,70605.998,3195483:13;3195515:556;3195516:266;3195517:586;3195518:262
111276.0320,1788877577.2216,6,349.09,1682.88,2031.97,0.0,16311.3,39730.9,2374.5,6374.942,3097.495,70606.006,3195483:13;3195515:556;3195516:266;3195517:586;3195518:262
111276.1429,1788877577.3324,6,349.09,1685.81,2034.90,246.9,16324.2,39718.0,2374.5,6376.097,3097.535,70606.006,3195483:13;3195515:563;3195516:264;3195517:586;3195518:260
111276.2525,1788877577.4421,6,349.09,1685.94,2035.03,18.4,16324.1,39718.2,2374.5,6376.148,3097.540,70606.006,3195483:13;3195515:563;3195516:264;3195517:586;3195518:260
111276.3610,1788877577.5506,6,349.09,1689.54,2038.63,155.4,16327.5,39714.8,2374.5,6377.560,3097.584,70606.006,3195483:13;3195515:567;3195516:265;3195517:585;3195518:259
111276.4706,1788877577.6601,6,349.09,1689.54,2038.63,0.0,16327.5,39714.8,2374.5,6377.624,3097.585,70606.006,3195483:13;3195515:567;3195516:265;3195517:585;3195518:259
111276.5790,1788877577.7686,6,349.09,1691.58,2040.67,72.0,16327.5,39714.8,2374.5,6378.907,3097.625,70606.006,3195483:13;3195515:567;3195516:266;3195517:585;3195518:260
111276.6901,1788877577.8797,6,349.09,1691.81,2040.90,9.2,16329.4,39712.8,2374.5,6378.965,3097.630,70606.006,3195483:13;3195515:567;3195516:266;3195517:585;3195518:260
111276.7994,1788877577.9889,6,349.09,1693.60,2042.69,44.9,16330.1,39712.1,2374.5,6380.245,3097.671,70606.006,3195483:13;3195515:567;3195516:267;3195517:585;3195518:261
111276.9110,1788877578.1006,6,349.09,1694.00,2043.09,27.3,16330.1,39712.1,2374.5,6380.270,3097.674,70606.006,3195483:13;3195515:567;3195516:267;3195517:585;3195518:261
111277.0205,1788877578.2100,6,349.09,1695.02,2044.11,36.6,16330.2,39712.0,2374.5,6381.388,3097.702,70606.006,3195483:13;3195515:567;3195516:268;3195517:585;3195518:262
111277.1297,1788877578.3192,6,349.09,1695.06,2044.15,9.2,16330.2,39712.0,2374.5,6381.412,3097.706,70606.006,3195483:13;3195515:567;3195516:268;3195517:585;3195518:262
111277.2385,1788877578.4280,6,349.21,1695.35,2044.57,90.9,16045.7,39996.5,2374.5,6382.679,3097.739,70608.701,3195483:13;3195515:570;3195516:266;3195517:585;3195518:261
111277.3489,1788877578.5385,6,349.21,1695.48,2044.69,9.2,16045.7,39996.5,2374.5,6382.753,3097.742,70608.701,3195483:13;3195515:570;3195516:266;3195517:585;3195518:262
111277.4577,1788877578.6473,6,349.21,1696.41,2045.62,46.0,15989.6,40052.6,2374.5,6384.003,3097.784,70608.861,3195483:13;3195515:570;3195516:266;3195517:585;3195518:262
111277.5664,1788877578.7559,6,349.21,1696.41,2045.62,0.0,15994.8,40047.5,2374.5,6384.117,3097.786,70608.861,3195483:13;3195515:570;3195516:266;3195517:585;3195518:262
111277.6770,1788877578.8666,6,349.21,1700.23,2049.44,36.6,15999.9,40042.3,2374.5,6385.447,3097.816,70608.861,3195483:13;3195515:572;3195516:267;3195517:585;3195518:263
111277.7866,1788877578.9762,6,349.21,1698.27,2047.48,63.7,16025.0,40017.3,2374.5,6385.553,3097.822,70608.861,3195483:13;3195515:573;3195516:265;3195517:585;3195518:262
111277.8970,1788877579.0866,6,349.21,1700.11,2049.32,63.8,16042.4,39999.8,2374.5,6386.671,3097.854,70608.861,3195483:13;3195515:573;3195516:267;3195517:585;3195518:263
111278.0064,1788877579.1959,6,349.21,1700.79,2050.01,55.2,15869.1,40173.1,2374.5,6386.887,3097.869,70608.885,3195483:13;3195515:573;3195516:265;3195517:587;3195518:263
111278.1152,1788877579.3048,6,349.21,1702.09,2051.30,90.5,15867.3,40174.9,2374.5,6387.971,3097.897,70608.885,3195483:13;3195515:573;3195516:265;3195517:588;3195518:263
111278.2258,1788877579.4153,6,349.21,1702.41,2051.62,36.4,15867.5,40174.7,2374.5,6388.921,3097.922,70608.885,3195483:13;3195515:573;3195516:265;3195517:588;3195518:263
111278.3358,1788877579.5254,6,349.21,1704.90,2054.12,55.2,15867.5,40174.7,2374.5,6390.169,3097.952,70608.885,3195483:13;3195515:573;3195516:267;3195517:588;3195518:264
111278.4445,1788877579.6341,6,349.21,1705.18,2054.39,27.0,15869.9,40172.3,2374.5,6390.312,3097.955,70608.885,3195483:13;3195515:576;3195516:267;3195517:588;3195518:262
111278.5561,1788877579.7456,6,349.21,1706.51,2055.72,109.6,15869.9,40172.3,2374.5,6391.407,3097.991,70608.885,3195483:13;3195515:576;3195516:267;3195517:588;3195518:262
111278.6659,1788877579.8555,6,349.21,1706.76,2055.97,0.0,15869.9,40172.3,2374.5,6391.506,3097.993,70608.885,3195483:13;3195515:576;3195516:268;3195517:588;3195518:262
111278.7794,1788877579.9690,6,349.21,1707.08,2056.30,26.8,15869.9,40172.3,2374.5,6392.633,3098.023,70608.885,3195483:13;3195515:576;3195516:268;3195517:588;3195518:262
111278.8891,1788877580.0786,6,349.21,1707.08,2056.30,0.0,15868.9,40173.4,2374.5,6392.676,3098.026,70608.885,3195483:13;3195515:576;3195516:268;3195517:588;3195518:262
111278.9976,1788877580.1871,6,349.21,1708.71,2057.93,55.2,15868.9,40173.4,2374.5,6393.747,3098.057,70608.885,3195483:13;3195515:576;3195516:269;3195517:588;3195518:263
111279.1072,1788877580.2968,6,349.21,1708.71,2057.93,9.1,15868.9,40173.4,2374.5,6393.856,3098.059,70608.885,3195483:13;3195515:576;3195516:269;3195517:588;3195518:263
111279.2161,1788877580.4057,6,349.21,1709.64,2058.85,63.4,15868.7,40173.5,2374.5,6394.886,3098.087,70608.885,3195483:13;3195515:576;3195516:270;3195517:588;3195518:263
111279.3271,1788877580.5167,6,349.21,1710.48,2059.69,45.2,15875.1,40167.1,2374.5,6394.990,3098.091,70608.885,3195483:13;3195515:579;3195516:267;3195517:588;3195518:263
111279.4378,1788877580.6274,6,349.21,1711.12,2060.34,45.1,15875.1,40167.1,2374.5,6396.267,3098.125,70608.885,3195483:13;3195515:579;3195516:268;3195517:588;3195518:263
111279.5480,1788877580.7376,6,349.21,1711.89,2061.10,27.5,15875.1,40167.1,2374.5,6397.118,3098.147,70608.885,3195483:13;3195515:579;3195516:268;3195517:588;3195518:264
111279.6572,1788877580.8467,6,349.21,1713.09,2062.31,73.0,15878.6,40163.6,2374.5,6398.396,3098.177,70608.889,3195483:13;3195515:578;3195516:268;3195517:590;3195518:264
111279.7678,1788877580.9574,6,349.21,1713.29,2062.51,18.2,15878.6,40163.6,2374.5,6398.506,3098.185,70608.889,3195483:13;3195515:578;3195516:268;3195517:590;3195518:264
111279.8766,1788877581.0661,6,349.21,1717.72,2066.94,182.1,15888.5,40153.8,2374.5,6399.600,3098.223,70608.889,3195483:13;3195515:581;3195516:267;3195517:592;3195518:264
111279.9866,1788877581.1761,6,349.21,1717.91,2067.13,0.0,15888.1,40154.1,2374.5,6399.694,3098.225,70608.889,3195483:13;3195515:582;3195516:267;3195517:592;3195518:264
111280.0959,1788877581.2854,6,349.21,1720.02,2069.23,63.1,15888.1,40154.1,2374.5,6400.880,3098.253,70608.889,3195483:13;3195515:582;3195516:268;3195517:592;3195518:265
111280.2071,1788877581.3967,6,349.21,1719.96,2069.18,9.1,15888.1,40154.1,2374.5,6400.991,3098.258,70608.889,3195483:13;3195515:582;3195516:268;3195517:592;3195518:265
111280.3173,1788877581.5068,6,349.21,1722.16,2071.37,109.3,15890.9,40151.4,2374.5,6402.137,3098.292,70608.889,3195483:13;3195515:587;3195516:268;3195517:592;3195518:263
111280.4276,1788877581.6171,6,349.21,1722.41,2071.62,9.1,15890.9,40151.4,2374.5,6402.214,3098.296,70608.889,3195483:13;3195515:587;3195516:268;3195517:592;3195518:263
111280.5367,1788877581.7262,6,349.34,1725.78,2075.12,198.0,15889.8,40152.4,2374.5,6403.415,3098.336,70608.889,3195483:13;3195515:590;3195516:268;3195517:594;3195518:262
111280.6480,1788877581.8375,6,349.34,1726.25,2075.59,18.4,15889.8,40152.4,2374.5,6403.500,3098.342,70608.889,3195483:13;3195515:590;3195516:268;3195517:594;3195518:262
111280.7564,1788877581.9459,6,349.34,1727.96,2077.30,45.5,15889.8,40152.4,2374.5,6404.810,3098.373,70608.889,3195483:13;3195515:590;3195516:269;3195517:594;3195518:262
111280.8663,1788877582.0559,6,349.34,1727.58,2076.92,45.1,15889.4,40152.8,2374.5,6405.102,3098.382,70608.889,3195483:13;3195515:590;3195516:269;3195517:594;3195518:263
111280.9773,1788877582.1668,6,349.46,1729.45,2078.92,90.8,15890.5,40151.7,2374.5,6406.438,3098.418,70608.889,3195483:13;3195515:592;3195516:269;3195517:594;3195518:262
111281.0875,1788877582.2770,6,349.46,1729.96,2079.43,54.3,15897.1,40145.1,2374.5,6406.525,3098.425,70608.889,3195483:13;3195515:595;3195516:266;3195517:594;3195518:262
111281.1981,1788877582.3877,6,349.46,1732.88,2082.34,91.3,15897.1,40145.1,2374.5,6407.849,3098.466,70608.889,3195483:13;3195515:595;3195516:268;3195517:594;3195518:263
111281.3072,1788877582.4967,6,349.46,1732.26,2081.73,63.6,15896.5,40145.7,2374.5,6407.954,3098.473,70608.889,3195483:13;3195515:595;3195516:266;3195517:595;3195518:263
111281.4174,1788877582.6069,6,349.46,1736.20,2085.67,91.1,15896.7,40145.5,2374.5,6409.163,3098.509,70608.889,3195483:13;3195515:597;3195516:267;3195517:595;3195518:263
111281.5271,1788877582.7166,6,349.46,1734.76,2084.23,45.8,15901.1,40141.1,2374.5,6409.265,3098.518,70608.889,3195483:13;3195515:598;3195516:265;3195517:595;3195518:263
111281.6363,1788877582.8258,6,349.46,1735.57,2085.04,27.4,15900.8,40141.4,2374.5,6410.484,3098.549,70608.889,3195483:13;3195515:598;3195516:266;3195517:595;3195518:264
111281.7462,1788877582.9358,6,349.46,1735.78,2085.24,9.1,15900.8,40141.4,2374.5,6410.585,3098.554,70608.889,3195483:13;3195515:598;3195516:266;3195517:595;3195518:264
111281.8562,1788877583.0457,6,349.46,1737.94,2087.41,91.0,15899.9,40142.3,2374.5,6411.672,3098.589,70608.889,3195483:13;3195515:598;3195516:267;3195517:595;3195518:264
111281.9666,1788877583.1562,6,349.46,1737.94,2087.41,0.0,15899.2,40143.0,2374.5,6411.779,3098.592,70608.889,3195483:13;3195515:598;3195516:267;3195517:595;3195518:264
111282.0752,1788877583.2648,6,349.46,1738.80,2088.27,36.2,15898.2,40144.1,2374.5,6412.985,3098.623,70608.889,3195483:13;3195515:598;3195516:268;3195517:595;3195518:264
111282.1871,1788877583.3766,6,349.46,1739.05,2088.51,18.2,15898.4,40143.8,2374.5,6413.101,3098.628,70608.889,3195483:13;3195515:598;3195516:268;3195517:595;3195518:264
111282.2962,1788877583.4858,6,349.46,1741.32,2090.79,73.7,15895.7,40146.6,2374.5,6414.216,3098.665,70608.889,3195483:13;3195515:600;3195516:269;3195517:595;3195518:264
111282.4048,1788877583.5943,6,349.46,1744.84,2094.31,72.7,15895.7,40146.6,2374.5,6415.272,3098.700,70608.889,3195483:13;3195515:604;3195516:268;3195517:595;3195518:265
111282.5153,1788877583.7048,6,349.46,1743.22,2092.68,81.3,15896.3,40145.9,2374.5,6416.552,3098.737,70608.889,3195483:13;3195515:603;3195516:270;3195517:595;3195518:262
111282.6260,1788877583.8155,6,349.46,1743.50,2092.97,0.0,15896.3,40145.9,2374.5,6416.676,3098.741,70608.889,3195483:13;3195515:603;3195516:270;3195517:595;3195518:262
111282.7367,1788877583.9262,6,349.84,1749.32,2099.16,228.4,15902.9,40139.3,2374.5,6417.864,3098.780,70608.889,3195483:13;3195515:605;3195516:269;3195517:602;3195518:260
111282.8463,1788877584.0358,6,349.84,1749.27,2099.11,27.3,15903.1,40139.1,2374.5,6417.937,3098.786,70608.889,3195483:13;3195515:605;3195516:269;3195517:602;3195518:260
111282.9560,1788877584.1456,6,349.84,1751.32,2101.16,117.8,15903.1,40139.1,2374.5,6419.210,3098.829,70608.889,3195483:13;3195515:605;3195516:270;3195517:602;3195518:261
111283.0667,1788877584.2562,6,349.84,1751.70,2101.54,27.2,15903.1,40139.1,2374.5,6419.533,3098.838,70608.889,3195483:13;3195515:605;3195516:270;3195517:602;3195518:262
111283.1768,1788877584.3663,6,349.84,1752.82,2102.66,18.1,15903.1,40139.1,2374.5,6420.672,3098.864,70608.889,3195483:13;3195515:605;3195516:271;3195517:602;3195518:262
111283.2881,1788877584.4777,6,349.84,1753.61,2103.45,81.9,15905.3,40136.9,2374.5,6420.766,3098.867,70608.889,3195483:13;3195515:608;3195516:268;3195517:602;3195518:262
111283.3973,1788877584.5869,6,349.84,1755.78,2105.62,209.3,15907.1,40135.1,2374.5,6421.903,3098.908,70608.889,3195483:13;3195515:610;3195516:266;3195517:605;3195518:261
111283.5080,1788877584.6975,6,349.84,1755.91,2105.75,9.2,15907.1,40135.1,2374.5,6422.024,3098.914,70608.889,3195483:13;3195515:610;3195516:266;3195517:605;3195518:261
111283.6164,1788877584.8059,6,349.84,1758.46,2108.30,101.1,15907.6,40134.6,2374.5,6423.281,3098.957,70608.889,3195483:13;3195515:610;3195516:267;3195517:605;3195518:263
111283.7253,1788877584.9148,6,349.84,1758.96,2108.80,9.1,15907.8,40134.4,2374.5,6423.388,3098.960,70608.889,3195483:13;3195515:610;3195516:268;3195517:605;3195518:263
111283.8357,1788877585.0252,6,349.84,1759.43,2109.27,62.6,15908.6,40133.7,2374.5,6424.687,3099.001,70608.889,3195483:13;3195515:610;3195516:268;3195517:605;3195518:263
111283.9474,1788877585.1369,6,349.84,1759.62,2109.46,9.1,15908.2,40134.0,2374.5,6424.796,3099.005,70608.889,3195483:13;3195515:610;3195516:268;3195517:605;3195518:263
111284.0565,1788877585.2460,6,349.84,1761.18,2111.02,27.5,15908.2,40134.0,2374.5,6426.015,3099.036,70608.889,3195483:13;3195515:610;3195516:269;3195517:605;3195518:264
111284.1658,1788877585.3553,6,349.84,1761.05,2110.89,18.4,15908.4,40133.8,2374.5,6426.141,3099.041,70608.889,3195483:13;3195515:610;3195516:269;3195517:605;3195518:264
111284.2744,1788877585.4639,6,349.84,1763.21,2113.05,145.3,15908.6,40133.6,2374.5,6427.184,3099.078,70608.889,3195483:13;3195515:610;3195516:268;3195517:606;3195518:265
111284.3846,1788877585.5742,6,349.84,1763.46,2113.30,9.1,15908.6,40133.6,2374.5,6427.333,3099.083,70608.889,3195483:13;3195515:610;3195516:268;3195517:606;3195518:266
111284.4939,1788877585.6835,6,349.84,1764.59,2114.43,45.5,15909.3,40132.9,2374.5,6428.565,3099.120,70608.889,3195483:13;3195515:610;3195516:269;3195517:606;3195518:266
111284.6041,1788877585.7936,6,349.96,1764.59,2114.55,0.0,15909.3,40132.9,2374.5,6428.718,3099.123,70608.889,3195483:13;3195515:610;3195516:269;3195517:606;3195518:266
111284.7128,1788877585.9023,6,349.96,1766.47,2116.44,72.8,15903.5,40138.7,2374.5,6429.911,3099.162,70608.889,3195483:13;3195515:610;3195516:270;3195517:606;3195518:266
111284.8228,1788877586.0124,6,349.96,1766.98,2116.95,9.2,15903.1,40139.2,2374.5,6430.054,3099.169,70608.889,3195483:13;3195515:610;3195516:271;3195517:606;3195518:266
111284.9313,1788877586.1208,6,349.96,1772.61,2122.57,135.0,15897.3,40144.9,2374.5,6431.260,3099.201,70608.889,3195483:13;3195515:612;3195516:272;3195517:610;3195518:265
111285.0428,1788877586.2323,6,349.96,1769.64,2119.61,27.0,15899.5,40142.7,2374.5,6431.456,3099.208,70608.889,3195483:13;3195515:612;3195516:269;3195517:610;3195518:265
111285.1532,1788877586.3428,6,349.96,1771.10,2121.06,63.7,15889.6,40152.7,2374.5,6432.749,3099.238,70608.889,3195483:13;3195515:612;3195516:271;3195517:610;3195518:265
111285.2637,1788877586.4533,6,349.96,1771.05,2121.02,18.4,15889.6,40152.7,2374.5,6432.918,3099.246,70608.889,3195483:13;3195515:612;3195516:271;3195517:610;3195518:265
111285.3723,1788877586.5618,6,349.96,1772.76,2122.73,45.8,15890.3,40151.9,2374.5,6434.067,3099.276,70608.889,3195483:13;3195515:612;3195516:272;3195517:610;3195518:265
111285.4814,1788877586.6709,6,349.96,1772.45,2122.42,0.0,15890.3,40151.9,2374.5,6434.250,3099.282,70608.889,3195483:13;3195515:612;3195516:272;3195517:610;3195518:265
111285.5903,1788877586.7799,6,349.96,1772.46,2122.43,27.6,15890.3,40151.9,2374.5,6435.305,3099.304,70608.889,3195483:13;3195515:612;3195516:272;3195517:610;3195518:265
111285.6994,1788877586.8889,6,349.96,1772.78,2122.74,27.5,15890.5,40151.7,2374.5,6435.504,3099.311,70608.889,3195483:13;3195515:612;3195516:272;3195517:610;3195518:265
111285.8085,1788877586.9980,6,349.96,1774.65,2124.62,36.0,15891.0,40151.2,2374.5,6436.619,3099.340,70608.889,3195483:13;3195515:612;3195516:273;3195517:610;3195518:266
111285.9203,1788877587.1099,6,350.09,1774.94,2125.03,45.2,15901.3,40141.0,2374.5,6436.795,3099.346,70608.889,3195483:13;3195515:616;3195516:271;3195517:610;3195518:265
111286.0304,1788877587.2199,6,350.09,1776.55,2126.64,91.4,15901.3,40141.0,2374.5,6437.895,3099.382,70608.889,3195483:13;3195515:616;3195516:272;3195517:610;3195518:266
111286.1406,1788877587.3302,6,350.09,1776.45,2126.54,18.2,15901.3,40141.0,2374.5,6438.087,3099.388,70608.889,3195483:13;3195515:616;3195516:271;3195517:610;3195518:267
111286.2492,1788877587.4387,6,350.09,1781.65,2131.74,91.5,15901.3,40141.0,2374.5,6439.138,3099.424,70608.889,3195483:13;3195515:619;3195516:272;3195517:610;3195518:268
111286.3585,1788877587.5480,6,350.09,1781.12,2131.21,90.5,15907.2,40135.0,2374.5,6440.003,3099.445,70608.889,3195483:13;3195515:619;3195516:271;3195517:612;3195518:266
111286.4689,1788877587.6584,6,350.09,1785.50,2135.59,90.6,15912.8,40129.4,2374.5,6440.856,3099.472,70608.889,3195483:13;3195515:624;3195516:270;3195517:612;3195518:265
111286.5799,1788877587.7694,6,350.09,1781.90,2131.99,18.2,15913.1,40129.2,2374.5,6441.038,3099.481,70608.889,3195483:13;3195515:623;3195516:271;3195517:612;3195518:264
111286.6887,1788877587.8783,6,350.09,1783.18,2133.27,54.7,15913.0,40129.2,2374.5,6442.096,3099.507,70608.889,3195483:13;3195515:623;3195516:271;3195517:612;3195518:265
111286.7986,1788877587.9881,6,350.09,1783.18,2133.27,18.2,15913.0,40129.2,2374.5,6442.307,3099.512,70608.889,3195483:13;3195515:623;3195516:271;3195517:612;3195518:265
111286.9084,1788877588.0979,6,350.09,1786.08,2136.17,81.0,15909.2,40133.1,2374.5,6443.351,3099.544,70608.889,3195483:13;3195515:623;3195516:271;3195517:614;3195518:265
111287.0193,1788877588.2089,6,350.09,1786.54,2136.63,36.4,15909.2,40133.1,2374.5,6443.505,3099.553,70608.889,3195483:13;3195515:623;3195516:272;3195517:614;3195518:266
111287.1292,1788877588.3187,6,350.09,1788.53,2138.62,82.2,15908.4,40133.8,2374.5,6444.465,3099.585,70608.889,3195483:13;3195515:623;3195516:271;3195517:615;3195518:266
111287.2385,1788877588.4281,6,350.09,1788.78,2138.87,9.2,15908.4,40133.8,2374.5,6444.680,3099.589,70608.889,3195483:13;3195515:623;3195516:271;3195517:615;3195518:266
111287.3470,1788877588.5365,6,350.21,1789.42,2139.64,109.8,15906.4,40135.8,2374.5,6445.710,3099.618,70608.889,3195483:13;3195515:626;3195516:269;3195517:615;3195518:266
111287.4563,1788877588.6458,6,350.21,1790.61,2140.82,45.9,15908.7,40133.5,2374.5,6445.907,3099.624,70608.889,3195483:13;3195515:626;3195516:269;3195517:618;3195518:264
111287.5655,1788877588.7550,6,350.21,1792.31,2142.52,63.6,15908.7,40133.5,2374.5,6446.958,3099.662,70608.889,3195483:13;3195515:626;3195516:270;3195517:618;3195518:264
111287.6758,1788877588.8654,6,350.21,1792.84,2143.05,18.0,15908.7,40133.5,2374.5,6447.212,3099.671,70608.889,3195483:13;3195515:626;3195516:271;3195517:618;3195518:265
111287.7872,1788877588.9768,6,350.21,1795.61,2145.83,53.8,15909.5,40132.8,2374.5,6448.336,3099.703,70608.889,3195483:13;3195515:626;3195516:272;3195517:618;3195518:266
111287.8990,1788877589.0885,6,350.21,1795.63,2145.85,18.1,15909.5,40132.8,2374.5,6448.517,3099.708,70608.889,3195483:13;3195515:626;3195516:272;3195517:618;3195518:266
111288.0092,1788877589.1988,6,350.21,1797.32,2147.54,100.6,15914.9,40127.3,2374.5,6449.656,3099.740,70608.889,3195483:13;3195515:629;3195516:271;3195517:618;3195518:266
111288.1185,1788877589.3081,6,350.21,1798.78,2148.99,73.3,15924.5,40117.8,2374.5,6449.905,3099.749,70608.889,3195483:13;3195515:629;3195516:271;3195517:621;3195518:265
111288.2276,1788877589.4172,6,350.21,1799.15,2149.36,92.0,15932.8,40109.4,2374.5,6450.935,3099.780,70608.896,3195483:13;3195515:631;3195516:271;3195517:621;3195518:263
111288.3364,1788877589.5259,6,350.21,1799.52,2149.74,0.0,15932.8,40109.4,2374.5,6451.172,3099.785,70608.896,3195483:13;3195515:631;3195516:272;3195517:621;3195518:263
111288.4464,1788877589.6359,6,350.21,1801.18,2151.40,36.4,15932.8,40109.4,2374.5,6452.125,3099.812,70608.896,3195483:13;3195515:631;3195516:273;3195517:621;3195518:263
111288.5558,1788877589.7454,6,350.21,1802.09,2152.30,27.3,15933.8,40108.4,2374.5,6452.330,3099.819,70608.896,3195483:13;3195515:631;3195516:273;3195517:621;3195518:264
111288.6657,1788877589.8552,6,350.84,1790.98,2141.82,388.2,15934.7,40107.5,2374.5,6452.918,3099.841,70608.896,3195483:13;3195515:625;3195516:269;3195517:619;3195518:265
111288.7769,1788877589.9664,6,351.59,1814.20,2165.79,483.3,15954.5,40087.8,2374.5,6453.095,3099.849,70608.896,3195483:13;3195515:644;3195516:268;3195517:625;3195518:264
111288.8884,1788877590.0779,6,352.87,1830.67,2183.54,457.6,15967.8,40074.4,2374.5,6454.284,3099.886,70608.896,3195483:13;3195515:640;3195516:268;3195517:644;3195518:265
111288.9998,1788877590.1893,6,353.75,1833.77,2187.52,382.8,15987.2,40055.1,2374.5,6454.504,3099.892,70608.896,3195483:13;3195515:653;3195516:268;3195517:634;3195518:265
111289.1119,1788877590.3015,6,353.92,1780.93,2134.85,174.0,15991.9,40050.3,2374.5,6455.667,3099.917,70608.896,3195483:13;3195515:623;3195516:269;3195517:611;3195518:265
111289.2213,1788877590.4109,6,353.92,1781.24,2135.16,17.9,15991.9,40050.3,2374.5,6455.832,3099.923,70608.896,3195483:13;3195515:623;3195516:269;3195517:611;3195518:266
111289.3337,1788877590.5232,6,354.05,1782.54,2136.58,135.9,15992.5,40049.8,2374.5,6456.865,3099.949,70608.896,3195483:13;3195515:623;3195516:270;3195517:611;3195518:266
111289.4431,1788877590.6326,6,354.05,1782.47,2136.52,27.6,15992.5,40049.8,2374.5,6456.968,3099.953,70608.896,3195483:13;3195515:623;3195516:271;3195517:611;3195518:265
111289.5515,1788877590.7410,6,354.05,1784.36,2138.41,146.7,15997.8,40044.4,2374.5,6457.641,3099.975,70608.896,3195483:13;3195515:623;3195516:274;3195517:610;3195518:265
111289.6607,1788877590.8502,6,354.05,1784.48,2138.53,18.4,15997.8,40044.4,2374.5,6457.749,3099.984,70608.896,3195483:13;3195515:623;3195516:274;3195517:610;3195518:265
111289.7692,1788877590.9588,6,354.05,1784.84,2138.89,18.2,15997.8,40044.4,2374.5,6458.747,3100.004,70608.896,3195483:13;3195515:623;3195516:274;3195517:610;3195518:265
111289.8793,1788877591.0688,6,354.05,1785.14,2139.18,9.2,15992.0,40050.2,2374.5,6458.925,3100.009,70608.896,3195483:13;3195515:623;3195516:274;3195517:610;3195518:265
111289.9881,1788877591.1777,6,354.05,1793.52,2147.57,81.4,15993.2,40049.0,2374.5,6459.688,3100.031,70608.896,3195483:13;3195515:623;3195516:280;3195517:610;3195518:268
111290.0988,1788877591.2884,6,354.05,1788.04,2142.09,73.4,15991.9,40050.3,2374.5,6459.796,3100.038,70608.896,3195483:13;3195515:622;3195516:277;3195517:610;3195518:265
111290.2079,1788877591.3974,6,354.05,1793.86,2147.91,73.1,15994.4,40047.9,2374.5,6460.853,3100.064,70608.896,3195483:13;3195515:622;3195516:282;3195517:610;3195518:266
111290.3172,1788877591.5067,6,354.05,1789.83,2143.88,27.6,15995.8,40046.4,2374.5,6461.083,3100.069,70608.896,3195483:13;3195515:622;3195516:281;3195517:610;3195518:264
111290.4258,1788877591.6154,6,354.05,1790.94,2144.98,52.7,15995.8,40046.4,2374.5,6461.769,3100.088,70608.896,3195483:13;3195515:622;3195516:281;3195517:610;3195518:265
111290.5412,1788877591.7307,6,354.05,1791.44,2145.48,9.0,15995.8,40046.4,2374.5,6461.890,3100.092,70608.896,3195483:13;3195515:622;3195516:281;3195517:610;3195518:265
111290.6504,1788877591.8400,6,354.05,1795.24,2149.29,192.7,15997.2,40045.0,2374.5,6462.612,3100.114,70608.896,3195483:13;3195515:622;3195516:285;3195517:613;3195518:262
111290.7594,1788877591.9490,6,354.05,1795.63,2149.68,36.7,15997.1,40045.2,2374.5,6462.766,3100.120,70608.896,3195483:13;3195515:622;3195516:285;3195517:613;3195518:262
111290.8683,1788877592.0579,6,354.05,1796.59,2150.64,100.6,15988.0,40054.3,2374.5,6463.665,3100.146,70608.896,3195483:13;3195515:622;3195516:286;3195517:613;3195518:263
111290.9779,1788877592.1674,6,354.05,1796.92,2150.96,18.4,15987.7,40054.5,2374.5,6463.859,3100.152,70608.896,3195483:13;3195515:622;3195516:286;3195517:613;3195518:263
111291.0864,1788877592.2759,6,354.17,1801.49,2155.66,145.4,15968.9,40073.4,2374.5,6464.662,3100.175,70608.896,3195483:13;3195515:622;3195516:289;3195517:615;3195518:262
111291.1966,1788877592.3861,6,354.17,1799.36,2153.53,46.0,15970.2,40072.0,2374.5,6464.869,3100.182,70608.896,3195483:13;3195515:622;3195516:288;3195517:614;3195518:262
111291.3050,1788877592.4946,6,354.17,1800.22,2154.39,54.8,15970.2,40072.0,2374.5,6465.799,3100.209,70608.896,3195483:13;3195515:622;3195516:288;3195517:614;3195518:263
111291.4152,1788877592.6047,6,354.17,1800.37,2154.54,90.8,15973.0,40069.2,2374.5,6465.971,3100.217,70608.896,3195483:13;3195515:622;3195516:291;3195517:614;3195518:260
111291.5249,1788877592.7144,6,354.17,1801.50,2155.67,36.4,15973.0,40069.2,2374.5,6466.993,3100.241,70608.896,3195483:13;3195515:622;3195516:291;3195517:614;3195518:262
111291.6351,1788877592.8246,6,354.17,1801.77,2155.94,27.3,15973.0,40069.2,2374.5,6467.240,3100.247,70608.896,3195483:13;3195515:622;3195516:291;3195517:614;3195518:262
111291.7448,1788877592.9343,6,354.17,1804.92,2159.09,81.6,15973.0,40069.2,2374.5,6468.034,3100.274,70608.896,3195483:13;3195515:622;3195516:291;3195517:614;3195518:265
111291.8548,1788877593.0443,6,354.17,1806.07,2160.24,91.8,15969.7,40072.5,2374.5,6468.364,3100.287,70608.896,3195483:13;3195515:622;3195516:295;3195517:614;3195518:262
111291.9636,1788877593.1532,6,354.17,1806.69,2160.86,18.3,15968.0,40074.2,2374.5,6469.207,3100.307,70608.896,3195483:13;3195515:622;3195516:295;3195517:614;3195518:263
111292.0742,1788877593.2637,6,354.17,1806.74,2160.91,18.2,15968.0,40074.2,2374.5,6469.369,3100.313,70608.896,3195483:13;3195515:622;3195516:295;3195517:614;3195518:263
111292.1829,1788877593.3724,6,354.17,1811.23,2165.40,99.9,15975.6,40066.6,2374.5,6470.240,3100.338,70608.896,3195483:13;3195515:622;3195516:300;3195517:615;3195518:261
111292.2933,1788877593.4828,6,354.17,1807.40,2161.57,71.9,15974.8,40067.4,2374.5,6470.485,3100.349,70608.896,3195483:13;3195515:622;3195516:298;3195517:613;3195518:261
111292.4043,1788877593.5939,6,354.17,1809.84,2164.02,98.7,15966.9,40075.3,2374.5,6471.395,3100.377,70608.896,3195483:13;3195515:622;3195516:298;3195517:613;3195518:263
111292.5157,1788877593.7052,6,354.17,1809.86,2164.03,18.4,15966.9,40075.3,2374.5,6471.659,3100.382,70608.896,3195483:13;3195515:622;3195516:298;3195517:613;3195518:263
111292.6245,1788877593.8140,6,354.17,1810.57,2164.75,109.7,15966.1,40076.1,2374.5,6472.409,3100.402,70608.896,3195483:13;3195515:622;3195516:301;3195517:613;3195518:261
111292.7339,1788877593.9234,6,354.17,1811.08,2165.25,81.7,15970.6,40071.7,2374.5,6472.426,3100.411,70608.896,3195483:13;3195515:622;3195516:305;3195517:613;3195518:259
111292.8441,1788877594.0337,6,354.17,1811.76,2165.93,45.4,15967.3,40074.9,2374.5,6473.484,3100.434,70608.896,3195483:13;3195515:622;3195516:305;3195517:613;3195518:259
111292.9544,1788877594.1440,6,354.17,1811.88,2166.05,0.0,15966.6,40075.7,2374.5,6473.622,3100.438,70608.896,3195483:13;3195515:622;3195516:305;3195517:613;3195518:259
111293.0638,1788877594.2534,6,354.17,1812.84,2167.01,73.2,15958.3,40083.9,2374.5,6474.178,3100.454,70608.896,3195483:13;3195515:622;3195516:305;3195517:613;3195518:260
111293.1730,1788877594.3626,6,354.17,1813.09,2167.26,18.4,15959.0,40083.2,2374.5,6474.438,3100.463,70608.896,3195483:13;3195515:622;3195516:305;3195517:613;3195518:260
111293.2816,1788877594.4712,6,354.17,1813.97,2168.14,27.0,15959.3,40082.9,2374.5,6475.496,3100.492,70608.896,3195483:13;3195515:622;3195516:305;3195517:613;3195518:261
111293.3942,1788877594.5837,6,354.17,1814.64,2168.81,27.3,15959.2,40083.1,2374.5,6475.759,3100.499,70608.896,3195483:13;3195515:622;3195516:305;3195517:613;3195518:262
111293.5027,1788877594.6922,6,354.17,1815.89,2170.06,63.7,15958.6,40083.6,2374.5,6476.544,3100.521,70608.896,3195483:13;3195515:622;3195516:305;3195517:613;3195518:263
111293.6132,1788877594.8028,6,354.30,1816.34,2170.64,45.7,15958.8,40083.4,2374.5,6476.699,3100.527,70608.896,3195483:13;3195515:622;3195516:305;3195517:613;3195518:263
111293.7219,1788877594.9115,6,354.30,1816.98,2171.28,36.6,15958.8,40083.4,2374.5,6477.590,3100.549,70608.896,3195483:13;3195515:622;3195516:305;3195517:613;3195518:264
111293.8312,1788877595.0207,6,354.30,1817.23,2171.53,9.2,15956.6,40085.7,2374.5,6477.795,3100.554,70608.896,3195483:13;3195515:622;3195516:305;3195517:613;3195518:264
111293.9401,1788877595.1296,6,354.30,1818.66,2172.95,44.8,15955.6,40086.6,2374.5,6478.656,3100.576,70608.896,3195483:13;3195515:622;3195516:305;3195517:613;3195518:265
111294.0521,1788877595.2416,6,354.30,1818.95,2173.25,9.1,15956.3,40085.9,2374.5,6478.846,3100.581,70608.896,3195483:13;3195515:622;3195516:305;3195517:613;3195518:266
111294.1619,1788877595.3515,6,354.30,1820.14,2174.43,54.0,15957.6,40084.7,2374.5,6479.919,3100.601,70608.896,3195483:13;3195515:622;3195516:305;3195517:613;3195518:266
111294.2730,1788877595.4626,6,354.30,1820.05,2174.34,18.4,15957.6,40084.7,2374.5,6480.193,3100.608,70608.896,3195483:13;3195515:622;3195516:305;3195517:613;3195518:266
111294.3818,1788877595.5714,6,354.30,1820.89,2175.19,55.0,15957.6,40084.7,2374.5,6481.000,3100.627,70608.896,3195483:13;3195515:622;3195516:305;3195517:613;3195518:267
111294.4911,1788877595.6807,6,354.30,1821.03,2175.33,18.2,15957.6,40084.7,2374.5,6481.292,3100.635,70608.896,3195483:13;3195515:622;3195516:305;3195517:613;3195518:267
111294.6012,1788877595.7907,6,354.30,1822.05,2176.35,36.2,15958.0,40084.2,2374.5,6482.127,3100.653,70608.896,3195483:13;3195515:622;3195516:305;3195517:613;3195518:268
111294.7115,1788877595.9010,6,354.30,1822.53,2176.82,0.0,15958.1,40084.1,2374.5,6482.393,3100.657,70608.896,3195483:13;3195515:622;3195516:305;3195517:613;3195518:269
111294.8213,1788877596.0108,6,354.30,1823.04,2177.34,44.6,15955.2,40087.0,2374.5,6483.396,3100.676,70608.896,3195483:13;3195515:622;3195516:305;3195517:613;3195518:269
111294.9334,1788877596.1229,6,354.30,1823.30,2177.60,18.1,15954.2,40088.0,2374.5,6483.621,3100.683,70608.896,3195483:13;3195515:622;3195516:305;3195517:613;3195518:270
111295.0432,1788877596.2327,6,354.30,1823.69,2177.98,27.4,15954.4,40087.8,2374.5,6484.639,3100.706,70608.896,3195483:13;3195515:622;3195516:305;3195517:613;3195518:270
111295.1531,1788877596.3426,6,354.42,2002.44,2356.86,379.2,16166.1,39876.1,2374.5,6484.832,3100.713,70608.896,3195483:13;3195515:591;3195516:297;3195517:831;3195518:270
111295.2635,1788877596.4530,6,354.42,2115.42,2469.84,170.7,16280.9,39761.3,2374.5,6485.753,3100.735,70608.896,3195483:13;3195515:591;3195516:297;3195517:945;3195518:269
111295.3749,1788877596.5644,6,354.42,2144.69,2499.11,136.7,16308.5,39733.7,2374.5,6485.982,3100.741,70608.896,3195483:13;3195515:591;3195516:297;3195517:974;3195518:269
111295.4844,1788877596.6740,6,354.42,2146.04,2500.46,192.0,16316.2,39726.0,2374.5,6486.716,3100.762,70608.896,3195483:13;3195515:591;3195516:305;3195517:969;3195518:268
111295.5938,1788877596.7834,6,354.42,2137.51,2491.93,136.4,16317.4,39724.8,2374.5,6486.927,3100.769,70608.896,3195483:13;3195515:591;3195516:300;3195517:965;3195518:268
111295.7038,1788877596.8933,6,354.67,1783.52,2138.19,411.1,16028.4,40013.8,2374.5,6487.720,3100.791,70608.896,3195483:13;3195515:591;3195516:302;3195517:610;3195518:268
111295.8157,1788877597.0052,6,354.80,1956.21,2311.01,272.1,16156.1,39886.1,2374.5,6487.872,3100.799,70608.896,3195483:13;3195515:567;3195516:301;3195517:813;3195518:263
111295.9303,1788877597.1198,6,354.80,2047.30,2402.10,154.5,16258.2,39784.0,2374.5,6488.847,3100.826,70608.896,3195483:13;3195515:567;3195516:301;3195517:903;3195518:264
111296.0397,1788877597.2293,6,354.80,2078.05,2432.84,127.4,16274.5,39767.8,2374.5,6489.050,3100.830,70608.896,3195483:13;3195515:567;3195516:301;3195517:933;3195518:265
111296.1496,1788877597.3391,6,354.80,2073.98,2428.77,128.1,16274.7,39767.5,2374.5,6489.839,3100.850,70608.896,3195483:13;3195515:567;3195516:301;3195517:928;3195518:266
111296.2588,1788877597.4484,6,354.80,1665.90,2020.70,118.5,16027.1,40015.2,2374.5,6489.915,3100.854,70608.896,3195483:13;3195515:567;3195516:301;3195517:519;3195518:266
111296.3687,1788877597.5583,6,355.17,1729.86,2085.03,704.7,16078.2,39964.0,2374.5,6490.839,3100.872,70608.896,3195483:13;3195515:569;3195516:302;3195517:585;3195518:261
111296.4836,1788877597.6732,6,355.30,1887.88,2243.18,691.2,16298.3,39743.9,2374.5,6490.975,3100.875,70608.896,3195483:13;3195515:563;3195516:283;3195517:773;3195518:256
111296.5968,1788877597.7863,6,355.30,1945.66,2300.96,215.0,16287.9,39754.3,2374.5,6491.931,3100.895,70608.896,3195483:13;3195515:568;3195516:281;3195517:832;3195518:252
111296.7080,1788877597.8975,6,355.30,2242.21,2597.50,209.5,16535.9,39506.3,2374.5,6491.941,3100.897,70608.896,3195483:13;3195515:823;3195516:281;3195517:873;3195518:252
111296.8177,1788877598.0073,6,355.30,2300.82,2656.12,244.9,16631.1,39411.1,2374.5,6492.770,3100.917,70608.896,3195483:13;3195515:905;3195516:281;3195517:849;3195518:253
111296.9281,1788877598.1176,6,355.30,2365.81,2721.11,216.8,16639.3,39402.9,2374.5,6492.821,3100.919,70608.896,3195483:13;3195515:933;3195516:281;3195517:886;3195518:253
111297.0387,1788877598.2283,6,355.42,1916.95,2272.37,407.5,16322.3,39719.9,2374.5,6493.458,3100.933,70608.896,3195483:13;3195515:917;3195516:281;3195517:449;3195518:257
111297.1493,1788877598.3389,6,355.42,1766.42,2121.84,289.4,16232.5,39809.8,2374.5,6493.461,3100.933,70608.896,3195483:13;3195515:741;3195516:281;3195517:475;3195518:257
111297.2597,1788877598.4492,6,355.55,1651.28,2006.82,210.5,16164.5,39877.7,2374.5,6494.072,3100.944,70608.896,3195483:13;3195515:435;3195516:274;3195517:679;3195518:251
111297.3689,1788877598.5584,6,355.55,1806.75,2162.30,284.5,16198.1,39844.1,2374.5,6494.121,3100.946,70608.896,3195483:13;3195515:453;3195516:274;3195517:815;3195518:252
111297.4815,1788877598.6710,6,355.55,2023.50,2379.04,630.3,16367.4,39674.8,2374.5,6494.482,3100.955,70608.896,3195483:13;3195515:629;3195516:271;3195517:854;3195518:256
111297.5925,1788877598.7821,6,355.55,2089.36,2444.90,227.3,16426.7,39615.5,2374.5,6494.486,3100.955,70608.896,3195483:13;3195515:719;3195516:271;3195517:830;3195518:256
111297.7024,1788877598.8920,6,355.55,2163.36,2518.91,208.7,16442.0,39600.2,2374.5,6494.584,3100.958,70608.896,3195483:13;3195515:759;3195516:271;3195517:864;3195518:256
111297.8127,1788877599.0022,6,355.55,1750.78,2106.33,404.0,16058.4,39983.9,2374.5,6494.592,3100.958,70608.896,3195483:13;3195515:771;3195516:270;3195517:445;3195518:251
111297.9241,1788877599.1137,6,355.55,1528.62,1884.17,280.9,15891.7,40150.6,2374.5,6494.943,3100.963,70608.896,3195483:13;3195515:429;3195516:254;3195517:588;3195518:245
111298.0344,1788877599.2239,6,355.55,1774.82,2130.36,206.5,16096.4,39945.8,2374.5,6494.943,3100.963,70608.896,3195483:13;3195515:639;3195516:254;3195517:624;3195518:245
111298.1460,1788877599.3356,6,355.55,1816.99,2172.54,218.0,16141.5,39900.7,2374.5,6495.029,3100.965,70608.896,3195483:13;3195515:683;3195516:254;3195517:622;3195518:245
111298.2559,1788877599.4455,6,355.80,1620.51,1976.30,565.8,16009.1,40033.1,2374.5,6495.029,3100.965,70608.896,3195483:13;3195515:711;3195516:254;3195517:395;3195518:247
111298.3674,1788877599.5569,6,357.06,1582.21,1939.27,377.3,15942.5,40099.7,2374.5,6495.043,3100.965,70608.896,3195483:13;3195515:675;3195516:254;3195517:393;3195518:247
111298.4812,1788877599.6707,6,357.06,1514.13,1871.19,227.3,16120.7,39921.5,2374.5,6495.043,3100.966,70608.896,3195483:13;3195515:608;3195516:249;3195517:406;3195518:238
111298.5911,1788877599.7807,6,357.06,1614.29,1971.34,199.2,16242.2,39800.1,2374.5,6495.043,3100.966,70608.896,3195483:13;3195515:708;3195516:249;3195517:406;3195518:238
111298.7019,1788877599.8915,6,357.06,1773.46,2130.52,196.0,16296.8,39745.4,2374.5,6495.043,3100.966,70608.896,3195483:13;3195515:738;3195516:249;3195517:536;3195518:238
111298.8139,1788877600.0034,6,357.06,1879.92,2236.98,215.0,16420.7,39621.5,2374.5,6495.055,3100.966,70608.896,3195483:13;3195515:730;3195516:249;3195517:650;3195518:238
111298.9255,1788877600.1151,6,551.38,1679.25,2230.63,258.5,16484.3,39557.9,2374.5,6495.056,3100.966,70608.896,3195483:13;3195515:727;3195516:249;3195517:452;3195518:238
111299.0377,1788877600.2272,6,628.72,1343.22,1971.94,164.6,16196.5,39845.7,2374.5,6495.056,3100.966,70608.896,3195483:13;3195515:391;3195516:249;3195517:452;3195518:238
111299.1469,1788877600.3365,6,494.92,1167.75,1662.67,264.3,15922.3,40119.9,2374.5,6495.056,3100.966,70608.896,3195483:13;3195515:249;3195516:239;3195517:431;3195518:235
111299.2567,1788877600.4462,6,496.47,1165.91,1662.39,196.3,16005.0,40037.2,2374.5,6495.056,3100.966,70608.896,3195483:13;3195515:242;3195516:239;3195517:437;3195518:235
111299.3693,1788877600.5588,6,547.21,1165.91,1713.12,136.4,16074.1,39968.1,2374.5,6495.069,3100.967,70608.896,3195483:13;3195515:242;3195516:239;3195517:437;3195518:235
111299.4787,1788877600.6683,6,699.46,1165.91,1865.37,99.3,16231.6,39810.6,2374.5,6495.069,3100.967,70608.896,3195483:13;3195515:242;3195516:239;3195517:437;3195518:235
111299.5896,1788877600.7791,6,556.28,1047.43,1603.71,145.9,16191.1,39851.1,2374.5,6495.069,3100.967,70608.896,3195483:13;3195515:242;3195516:239;3195517:318;3195518:235
111299.6990,1788877600.8886,6,587.33,1056.15,1643.48,146.2,16225.1,39817.1,2374.5,6495.069,3100.968,70608.896,3195483:13;3195515:246;3195516:241;3195517:321;3195518:236
111299.8084,1788877600.9980,6,599.88,1056.15,1656.04,116.8,15796.6,40245.6,2374.5,6525.754,3131.641,70608.896,3195483:13;3195515:246;3195516:241;3195517:321;3195518:236
111299.9199,1788877601.1095,6,663.63,1056.15,1719.79,90.6,15833.1,40209.1,2374.5,6525.754,3131.641,70608.896,3195483:13;3195515:246;3195516:241;3195517:321;3195518:236
111300.0301,1788877601.2196,6,693.01,1056.15,1749.16,116.8,15864.3,40177.9,2374.5,6525.754,3131.643,70608.896,3195483:13;3195515:246;3195516:241;3195517:321;3195518:236
111300.1418,1788877601.3313,6,663.41,1056.15,1719.56,109.6,15865.0,40177.2,2374.5,6525.759,3131.650,70608.896,3195483:13;3195515:246;3195516:241;3195517:321;3195518:236
111300.2508,1788877601.4404,6,663.41,1056.15,1719.56,100.4,15865.0,40177.2,2374.5,6525.759,3131.650,70608.896,3195483:13;3195515:246;3195516:241;3195517:321;3195518:236
111300.3604,1788877601.5500,6,663.41,1056.15,1719.56,100.8,15866.8,40175.5,2374.5,6525.761,3131.651,70608.896,3195483:13;3195515:246;3195516:241;3195517:321;3195518:236
111300.4695,1788877601.6590,6,663.41,1056.15,1719.56,99.4,15866.1,40176.2,2374.5,6525.761,3131.652,70608.896,3195483:13;3195515:246;3195516:241;3195517:321;3195518:236
111300.5802,1788877601.7697,6,663.41,1056.15,1719.56,101.2,15865.7,40176.5,2374.5,6525.761,3131.652,70608.896,3195483:13;3195515:246;3195516:241;3195517:321;3195518:236
111300.6888,1788877601.8783,6,568.86,1041.63,1610.48,164.9,15836.5,40205.7,2374.5,6525.761,3131.661,70608.896,3195483:13;3195515:233;3195516:240;3195517:319;3195518:236
111300.7979,1788877601.9874,6,568.86,1038.68,1607.54,217.8,15633.3,40408.9,2374.5,6525.769,3131.665,70608.896,3195483:13;3195515:230;3195516:240;3195517:319;3195518:236
111300.9080,1788877602.0976,4,568.86,539.23,1108.09,201.4,15399.4,40642.8,2374.5,6525.769,3131.665,70608.896,3195483:13;3195517:293;3195518:233
