t_mono,t_wall,n_procs,client_rss_mb,workers_rss_mb,tree_rss_mb,tree_cpu_pct,sys_used_mb,sys_available_mb,swap_used_mb,net_recv_mb,net_sent_mb,disk_read_mb,workers
69.2002,1788891169.0078,2,73.36,12.22,85.58,0.0,1557.8,125199.6,0.0,154.835,0.443,309.452,1884:12
69.3038,1788891169.1115,2,73.36,12.22,85.58,0.0,1557.8,125199.6,0.0,154.835,0.443,309.452,1884:12
69.4076,1788891169.2152,2,73.36,12.22,85.58,0.0,1557.8,125199.6,0.0,154.835,0.443,309.452,1884:12
69.5112,1788891169.3188,2,79.45,12.22,91.66,77.2,1561.3,125196.1,0.0,154.835,0.443,309.452,1884:12
69.6148,1788891169.4224,2,84.01,12.22,96.23,86.9,1564.4,125193.1,0.0,154.835,0.443,310.479,1884:12
69.7183,1788891169.5260,2,93.01,12.22,105.23,96.6,1564.0,125193.4,0.0,154.835,0.443,311.183,1884:12
69.8219,1788891169.6295,2,95.08,12.22,107.30,96.6,1565.3,125192.1,0.0,154.835,0.443,311.265,1884:12
69.9254,1788891169.7331,2,95.20,12.22,107.41,96.6,1565.0,125192.5,0.0,154.835,0.443,311.265,1884:12
70.0289,1788891169.8366,2,98.45,12.22,110.67,106.2,1568.0,125189.4,0.0,154.835,0.443,312.144,1884:12
70.1326,1788891169.9402,2,110.55,12.22,122.77,86.9,1573.0,125184.4,0.0,154.835,0.443,312.198,1884:12
70.2362,1788891170.0438,2,119.46,12.22,131.68,106.2,1578.3,125179.1,0.0,154.835,0.443,312.198,1884:12
70.3397,1788891170.1474,2,120.20,12.22,132.42,96.6,1579.1,125178.3,0.0,154.835,0.443,312.198,1884:12
70.4433,1788891170.2510,2,129.12,12.22,141.34,96.5,1590.1,125167.3,0.0,154.835,0.443,312.198,1884:12
70.5469,1788891170.3545,2,129.25,12.22,141.47,106.3,1589.9,125167.5,0.0,154.835,0.443,312.198,1884:12
70.6504,1788891170.4581,2,130.36,12.22,142.58,96.5,1589.4,125168.0,0.0,154.835,0.443,312.319,1884:12
70.7540,1788891170.5616,2,132.43,12.22,144.65,106.2,1590.7,125166.7,0.0,154.835,0.443,312.319,1884:12
70.8575,1788891170.6652,2,135.81,12.22,148.03,86.9,1593.8,125163.6,0.0,154.835,0.443,312.319,1884:12
70.9611,1788891170.7688,2,139.23,12.22,151.45,106.2,1596.4,125161.0,0.0,154.835,0.443,312.319,1884:12
71.0647,1788891170.8723,2,139.67,12.22,151.89,96.6,1595.9,125161.6,0.0,154.835,0.443,312.394,1884:12
71.1683,1788891170.9759,2,149.97,12.22,162.19,106.2,1609.6,125147.8,0.0,154.835,0.443,312.394,1884:12
71.2718,1788891171.0795,2,149.66,12.22,161.88,96.6,1609.4,125148.0,0.0,154.835,0.443,312.394,1884:12
71.3754,1788891171.1831,2,149.78,12.22,162.00,106.1,1609.0,125148.4,0.0,154.835,0.443,312.394,1884:12
71.4790,1788891171.2867,2,151.38,12.22,163.59,96.6,1609.0,125148.4,0.0,154.835,0.443,312.394,1884:12
71.5826,1788891171.3903,2,151.79,12.22,164.01,96.5,1609.0,125148.5,0.0,154.835,0.443,312.394,1884:12
71.6863,1788891171.4939,2,174.75,12.22,186.97,106.2,1612.4,125145.0,0.0,154.835,0.443,312.401,1884:12
71.7898,1788891171.5975,2,179.45,12.22,191.66,86.9,1613.5,125143.9,0.0,154.835,0.443,312.585,1884:12
71.8934,1788891171.7011,10,183.02,247.13,430.15,28.1,1707.9,125049.6,0.0,154.835,0.443,312.585,1884:12;1892:29;1893:30;1894:29;1895:29;1896:30;1897:30;1898:29;1899:29
72.0260,1788891171.8337,10,183.02,403.78,586.80,1280.8,1805.7,124951.7,0.0,154.835,0.443,312.585,1884:12;1892:47;1893:48;1894:49;1895:54;1896:49;1897:48;1898:49;1899:49
72.1794,1788891171.9870,10,183.02,596.19,779.21,858.7,1915.1,124842.3,0.0,154.835,0.443,312.585,1884:12;1892:68;1893:72;1894:74;1895:79;1896:74;1897:72;1898:71;1899:74
72.2869,1788891172.0945,10,183.02,746.59,929.61,817.8,2042.8,124714.6,0.0,154.835,0.443,312.585,1884:12;1892:86;1893:92;1894:93;1895:96;1896:93;1897:92;1898:88;1899:93
72.3945,1788891172.2021,10,183.46,821.07,1004.54,716.9,2104.2,124653.2,0.0,154.835,0.443,312.585,1884:12;1892:97;1893:102;1894:102;1895:102;1896:103;1897:102;1898:98;1899:102
72.5018,1788891172.3095,10,185.32,830.68,1016.00,76.4,2107.0,124650.4,0.0,154.836,0.444,312.585,1884:12;1892:102;1893:102;1894:102;1895:102;1896:103;1897:103;1898:102;1899:102
72.6063,1788891172.4140,10,186.44,830.68,1017.11,19.2,2107.2,124650.2,0.0,154.842,0.445,312.585,1884:12;1892:102;1893:102;1894:102;1895:102;1896:103;1897:103;1898:102;1899:102
72.7107,1788891172.5183,10,187.04,830.68,1017.71,57.5,2107.5,124649.9,0.0,154.842,0.446,312.585,1884:12;1892:102;1893:102;1894:102;1895:102;1896:103;1897:103;1898:102;1899:102
72.8150,1788891172.6226,10,187.84,830.68,1018.51,9.6,2107.5,124649.9,0.0,154.853,0.447,312.604,1884:12;1892:102;1893:102;1894:102;1895:102;1896:103;1897:103;1898:102;1899:102
72.9193,1788891172.7270,10,188.65,830.68,1019.32,19.2,2107.5,124650.0,0.0,154.873,0.448,312.604,1884:12;1892:102;1893:102;1894:102;1895:102;1896:103;1897:103;1898:102;1899:102
73.0236,1788891172.8313,10,189.46,830.68,1020.14,9.6,2107.5,124650.0,0.0,154.874,0.448,312.604,1884:12;1892:102;1893:102;1894:102;1895:102;1896:103;1897:103;1898:102;1899:102
73.1279,1788891172.9356,10,190.28,830.68,1020.95,9.6,2107.5,124650.0,0.0,154.884,0.449,312.604,1884:12;1892:102;1893:102;1894:102;1895:102;1896:103;1897:103;1898:102;1899:102
73.2323,1788891173.0399,10,191.11,830.68,1021.78,9.6,2107.5,124649.9,0.0,154.895,0.450,312.604,1884:12;1892:102;1893:102;1894:102;1895:102;1896:103;1897:103;1898:102;1899:102
73.3366,1788891173.1443,10,192.77,830.68,1023.45,19.2,2107.5,124649.9,0.0,154.916,0.451,312.604,1884:12;1892:102;1893:102;1894:102;1895:102;1896:103;1897:103;1898:102;1899:102
73.4409,1788891173.2486,10,193.57,830.69,1024.26,38.4,2107.5,124649.9,0.0,154.926,0.453,312.604,1884:12;1892:102;1893:102;1894:102;1895:102;1896:103;1897:103;1898:102;1899:102
73.5452,1788891173.3529,10,193.57,830.69,1024.26,9.6,2107.5,124649.9,0.0,154.926,0.453,312.604,1884:12;1892:102;1893:102;1894:102;1895:102;1896:103;1897:103;1898:102;1899:102
73.6496,1788891173.4572,10,194.38,830.69,1025.07,9.6,2107.5,124649.9,0.0,154.937,0.453,312.604,1884:12;1892:102;1893:102;1894:102;1895:102;1896:103;1897:103;1898:102;1899:102
73.7539,1788891173.5616,10,195.19,830.69,1025.88,19.2,2107.5,124650.0,0.0,154.947,0.454,312.604,1884:12;1892:102;1893:102;1894:102;1895:102;1896:103;1897:103;1898:102;1899:102
73.8583,1788891173.6660,10,196.01,830.69,1026.70,9.6,2107.5,124650.0,0.0,154.958,0.455,312.604,1884:12;1892:102;1893:102;1894:102;1895:102;1896:103;1897:103;1898:102;1899:102
73.9628,1788891173.7704,10,196.82,830.69,1027.52,19.2,2107.5,124650.0,0.0,154.968,0.456,312.604,1884:12;1892:102;1893:102;1894:102;1895:102;1896:103;1897:103;1898:102;1899:102
74.0671,1788891173.8748,10,197.63,830.69,1028.32,9.6,2107.5,124650.0,0.0,154.979,0.456,312.604,1884:12;1892:102;1893:102;1894:102;1895:102;1896:103;1897:103;1898:102;1899:102
74.1715,1788891173.9791,10,198.45,830.69,1029.14,9.6,2107.5,124650.0,0.0,154.989,0.457,312.604,1884:12;1892:102;1893:102;1894:102;1895:102;1896:103;1897:103;1898:102;1899:102
74.2758,1788891174.0835,10,199.32,830.69,1030.02,19.2,2107.5,124650.0,0.0,155.010,0.458,312.604,1884:12;1892:102;1893:102;1894:102;1895:102;1896:103;1897:103;1898:102;1899:102
74.3802,1788891174.1878,10,200.88,830.70,1031.57,19.2,2107.5,124650.0,0.0,155.021,0.459,312.604,1884:12;1892:102;1893:102;1894:102;1895:102;1896:103;1897:103;1898:102;1899:102
74.4845,1788891174.2921,10,201.66,830.72,1032.38,28.8,2107.5,124650.0,0.0,155.031,0.460,312.604,1884:12;1892:102;1893:102;1894:102;1895:102;1896:103;1897:103;1898:102;1899:102
74.5888,1788891174.3965,10,201.69,830.72,1032.41,38.3,2107.5,124650.0,0.0,155.031,0.460,312.604,1884:12;1892:102;1893:102;1894:102;1895:102;1896:103;1897:103;1898:102;1899:102
74.6932,1788891174.5009,10,202.45,830.72,1033.16,9.6,2107.5,124650.0,0.0,155.041,0.461,312.604,1884:12;1892:102;1893:102;1894:102;1895:102;1896:103;1897:103;1898:102;1899:102
74.7976,1788891174.6053,10,203.26,830.72,1033.98,19.2,2107.5,124650.0,0.0,155.052,0.462,312.604,1884:12;1892:102;1893:102;1894:102;1895:102;1896:103;1897:103;1898:102;1899:102
74.9020,1788891174.7096,10,204.09,830.72,1034.80,19.2,2107.5,124650.0,0.0,155.062,0.463,312.604,1884:12;1892:102;1893:102;1894:102;1895:102;1896:103;1897:103;1898:102;1899:102
75.0063,1788891174.8140,10,204.88,830.72,1035.60,9.6,2108.2,124649.2,0.0,155.073,0.463,312.604,1884:12;1892:102;1893:102;1894:102;1895:102;1896:103;1897:103;1898:102;1899:102
75.1107,1788891174.9183,10,205.70,830.72,1036.42,9.6,2108.9,124648.5,0.0,155.083,0.464,312.604,1884:12;1892:102;1893:102;1894:102;1895:102;1896:103;1897:103;1898:102;1899:102
75.2150,1788891175.0227,10,206.51,830.72,1037.23,9.6,2109.7,124647.7,0.0,155.094,0.465,312.604,1884:12;1892:102;1893:102;1894:102;1895:102;1896:103;1897:103;1898:102;1899:102
75.3194,1788891175.1270,10,207.32,830.72,1038.04,9.6,2111.4,124646.0,0.0,155.104,0.466,312.604,1884:12;1892:102;1893:102;1894:102;1895:102;1896:103;1897:103;1898:102;1899:102
75.4237,1788891175.2313,10,208.13,830.74,1038.87,9.6,2111.4,124646.0,0.0,155.115,0.467,312.604,1884:12;1892:102;1893:102;1894:102;1895:102;1896:103;1897:103;1898:102;1899:102
75.5280,1788891175.3356,10,208.95,830.74,1039.69,28.8,2112.1,124645.3,0.0,155.125,0.467,312.604,1884:12;1892:102;1893:102;1894:102;1895:102;1896:103;1897:103;1898:102;1899:102
75.6324,1788891175.4400,10,209.77,830.74,1040.51,19.2,2112.9,124644.5,0.0,155.135,0.468,312.604,1884:12;1892:102;1893:102;1894:102;1895:102;1896:103;1897:103;1898:102;1899:102
75.7368,1788891175.5444,10,210.57,830.74,1041.31,19.2,2114.6,124642.8,0.0,155.156,0.469,312.604,1884:12;1892:102;1893:102;1894:102;1895:102;1896:103;1897:103;1898:102;1899:102
75.8411,1788891175.6488,10,211.40,830.74,1042.14,9.6,2114.6,124642.8,0.0,155.156,0.470,312.604,1884:12;1892:102;1893:102;1894:102;1895:102;1896:103;1897:103;1898:102;1899:102
75.9455,1788891175.7531,10,212.20,830.74,1042.94,9.6,2115.3,124642.1,0.0,155.167,0.470,312.604,1884:12;1892:102;1893:102;1894:102;1895:102;1896:103;1897:103;1898:102;1899:102
76.0498,1788891175.8574,10,213.02,830.74,1043.76,9.6,2117.1,124640.4,0.0,155.177,0.471,312.604,1884:12;1892:102;1893:102;1894:102;1895:102;1896:103;1897:103;1898:102;1899:102
76.1541,1788891175.9617,10,213.83,830.74,1044.57,19.2,2117.1,124640.4,0.0,155.188,0.472,312.604,1884:12;1892:102;1893:102;1894:102;1895:102;1896:103;1897:103;1898:102;1899:102
76.2584,1788891176.0661,10,214.64,830.74,1045.38,9.6,2117.8,124639.6,0.0,155.198,0.473,312.604,1884:12;1892:102;1893:102;1894:102;1895:102;1896:103;1897:103;1898:102;1899:102
76.3628,1788891176.1704,10,215.46,830.74,1046.20,9.6,2119.5,124637.9,0.0,155.208,0.473,312.604,1884:12;1892:102;1893:102;1894:102;1895:102;1896:103;1897:103;1898:102;1899:102
76.4670,1788891176.2747,10,216.27,830.75,1047.02,19.2,2119.5,124637.9,0.0,155.219,0.474,312.604,1884:12;1892:102;1893:102;1894:102;1895:102;1896:103;1897:103;1898:102;1899:102
76.5713,1788891176.3790,10,217.09,830.75,1047.84,9.6,2120.3,124637.2,0.0,155.229,0.475,312.604,1884:12;1892:102;1893:102;1894:102;1895:102;1896:103;1897:103;1898:102;1899:102
76.6756,1788891176.4833,10,217.91,830.75,1048.65,9.6,2121.0,124636.4,0.0,155.240,0.476,312.604,1884:12;1892:102;1893:102;1894:102;1895:102;1896:103;1897:103;1898:102;1899:102
76.7799,1788891176.5876,10,218.71,830.75,1049.46,19.2,2122.7,124634.7,0.0,155.250,0.477,312.604,1884:12;1892:102;1893:102;1894:102;1895:102;1896:103;1897:103;1898:102;1899:102
76.8842,1788891176.6919,10,219.53,830.75,1050.27,9.6,2122.7,124634.7,0.0,155.261,0.477,312.604,1884:12;1892:102;1893:102;1894:102;1895:102;1896:103;1897:103;1898:102;1899:102
76.9886,1788891176.7962,10,220.34,830.75,1051.09,9.6,2123.5,124634.0,0.0,155.271,0.478,312.604,1884:12;1892:102;1893:102;1894:102;1895:102;1896:103;1897:103;1898:102;1899:102
77.0929,1788891176.9005,10,221.16,830.75,1051.91,9.6,2125.2,124632.2,0.0,155.282,0.479,312.604,1884:12;1892:102;1893:102;1894:102;1895:102;1896:103;1897:103;1898:102;1899:102
77.1972,1788891177.0049,10,221.97,830.75,1052.71,9.6,2125.2,124632.2,0.0,155.292,0.479,312.604,1884:12;1892:102;1893:102;1894:102;1895:102;1896:103;1897:103;1898:102;1899:102
77.3016,1788891177.1093,10,222.79,830.75,1053.53,9.6,2125.9,124631.5,0.0,155.303,0.480,312.604,1884:12;1892:102;1893:102;1894:102;1895:102;1896:103;1897:103;1898:102;1899:102
77.4059,1788891177.2136,10,223.59,830.75,1054.34,86.3,2127.6,124629.8,0.0,155.313,0.481,312.604,1884:12;1892:102;1893:102;1894:102;1895:102;1896:103;1897:103;1898:102;1899:102
77.5102,1788891177.3179,10,224.41,830.75,1055.16,19.2,2127.6,124629.8,0.0,155.324,0.482,312.604,1884:12;1892:102;1893:102;1894:102;1895:102;1896:103;1897:103;1898:102;1899:102
77.6147,1788891177.4223,10,225.22,830.75,1055.97,9.6,2128.4,124629.0,0.0,155.334,0.482,312.604,1884:12;1892:102;1893:102;1894:102;1895:102;1896:103;1897:103;1898:102;1899:102
77.7191,1788891177.5268,10,226.04,830.75,1056.78,9.6,2129.1,124628.3,0.0,155.344,0.483,312.604,1884:12;1892:102;1893:102;1894:102;1895:102;1896:103;1897:103;1898:102;1899:102
77.8236,1788891177.6312,10,227.63,830.75,1058.38,19.2,2130.8,124626.6,0.0,155.365,0.484,312.604,1884:12;1892:102;1893:102;1894:102;1895:102;1896:103;1897:103;1898:102;1899:102
77.9278,1788891177.7355,10,228.49,830.75,1059.23,19.2,2131.6,124625.8,0.0,155.375,0.485,312.604,1884:12;1892:102;1893:102;1894:102;1895:102;1896:103;1897:103;1898:102;1899:102
78.0321,1788891177.8398,10,229.29,830.75,1060.04,19.2,2133.3,124624.1,0.0,155.386,0.486,312.604,1884:12;1892:102;1893:102;1894:102;1895:102;1896:103;1897:103;1898:102;1899:102
78.1364,1788891177.9440,10,230.11,830.75,1060.86,9.6,2133.3,124624.1,0.0,155.396,0.487,312.604,1884:12;1892:102;1893:102;1894:102;1895:102;1896:103;1897:103;1898:102;1899:102
78.2406,1788891178.0482,10,230.92,830.75,1061.67,9.6,2134.0,124623.4,0.0,155.406,0.487,312.604,1884:12;1892:102;1893:102;1894:102;1895:102;1896:103;1897:103;1898:102;1899:102
78.3449,1788891178.1526,10,232.54,830.75,1063.29,28.8,2135.8,124621.7,0.0,155.427,0.489,312.604,1884:12;1892:102;1893:102;1894:102;1895:102;1896:103;1897:103;1898:102;1899:102
78.4492,1788891178.2568,10,233.36,830.79,1064.14,28.8,2136.5,124620.9,0.0,155.437,0.490,312.604,1884:12;1892:102;1893:102;1894:102;1895:102;1896:103;1897:103;1898:102;1899:102
78.5533,1788891178.3610,10,234.16,830.79,1064.95,9.6,2138.2,124619.2,0.0,155.448,0.490,312.604,1884:12;1892:102;1893:102;1894:102;1895:102;1896:103;1897:103;1898:102;1899:102
78.6576,1788891178.4653,10,234.16,830.79,1064.95,0.0,2138.2,124619.2,0.0,155.448,0.490,312.604,1884:12;1892:102;1893:102;1894:102;1895:102;1896:103;1897:103;1898:102;1899:102
78.7619,1788891178.5696,10,234.97,830.79,1065.76,9.6,2138.2,124619.2,0.0,155.458,0.491,312.604,1884:12;1892:102;1893:102;1894:102;1895:102;1896:103;1897:103;1898:102;1899:102
78.8662,1788891178.6739,10,235.79,830.79,1066.57,19.2,2139.0,124618.5,0.0,155.468,0.492,312.604,1884:12;1892:102;1893:102;1894:102;1895:102;1896:103;1897:103;1898:102;1899:102
78.9705,1788891178.7782,10,237.42,830.79,1068.20,19.2,2141.4,124616.0,0.0,155.489,0.493,312.604,1884:12;1892:102;1893:102;1894:102;1895:102;1896:103;1897:103;1898:102;1899:102
79.0748,1788891178.8824,10,238.23,830.79,1069.01,19.2,2141.4,124616.0,0.0,155.499,0.494,312.604,1884:12;1892:102;1893:102;1894:102;1895:102;1896:103;1897:103;1898:102;1899:102
79.1791,1788891178.9868,10,239.04,830.79,1069.82,9.6,2142.2,124615.3,0.0,155.509,0.495,312.604,1884:12;1892:102;1893:102;1894:102;1895:102;1896:103;1897:103;1898:102;1899:102
79.2834,1788891179.0911,10,239.84,830.79,1070.63,9.6,2143.5,124613.9,0.0,155.520,0.496,312.604,1884:12;1892:102;1893:102;1894:102;1895:102;1896:103;1897:103;1898:102;1899:102
79.3877,1788891179.1953,10,240.67,830.79,1071.46,9.6,2143.5,124613.9,0.0,155.530,0.496,312.604,1884:12;1892:102;1893:102;1894:102;1895:102;1896:103;1897:103;1898:102;1899:102
79.4920,1788891179.2996,10,242.29,830.80,1073.09,19.2,2146.0,124611.4,0.0,155.551,0.498,312.604,1884:12;1892:102;1893:102;1894:102;1895:102;1896:103;1897:103;1898:102;1899:102
79.5963,1788891179.4040,10,242.29,830.80,1073.09,9.6,2146.0,124611.4,0.0,155.551,0.498,312.604,1884:12;1892:102;1893:102;1894:102;1895:102;1896:103;1897:103;1898:102;1899:102
79.7006,1788891179.5082,10,243.10,830.80,1073.90,19.2,2146.0,124611.4,0.0,155.561,0.498,312.604,1884:12;1892:102;1893:102;1894:102;1895:102;1896:103;1897:103;1898:102;1899:102
79.8048,1788891179.6125,10,244.66,830.80,1075.46,9.6,2147.2,124610.2,0.0,155.582,0.499,312.604,1884:12;1892:102;1893:102;1894:102;1895:102;1896:103;1897:103;1898:102;1899:102
79.9090,1788891179.7167,10,244.73,830.80,1075.53,96.0,2147.5,124609.9,0.0,155.582,0.500,312.604,1884:12;1892:102;1893:102;1894:102;1895:102;1896:103;1897:103;1898:102;1899:102
80.0132,1788891179.8209,10,245.55,830.80,1076.35,9.6,2149.2,124608.2,0.0,155.592,0.501,312.604,1884:12;1892:102;1893:102;1894:102;1895:102;1896:103;1897:103;1898:102;1899:102
80.1175,1788891179.9252,10,246.36,830.80,1077.15,9.6,2149.2,124608.2,0.0,155.603,0.501,312.604,1884:12;1892:102;1893:102;1894:102;1895:102;1896:103;1897:103;1898:102;1899:102
80.2217,1788891180.0294,10,247.17,830.80,1077.96,9.6,2148.2,124609.2,0.0,155.613,0.502,312.604,1884:12;1892:102;1893:102;1894:102;1895:102;1896:103;1897:103;1898:102;1899:102
80.3260,1788891180.1337,10,247.99,830.80,1078.79,9.6,2149.8,124607.7,0.0,155.623,0.503,312.604,1884:12;1892:102;1893:102;1894:102;1895:102;1896:103;1897:103;1898:102;1899:102
80.4303,1788891180.2380,10,248.80,830.83,1079.63,28.8,2149.8,124607.7,0.0,155.633,0.504,312.604,1884:12;1892:102;1893:102;1894:102;1895:102;1896:103;1897:103;1898:102;1899:102
80.5346,1788891180.3423,10,250.38,830.83,1081.21,9.6,2151.8,124605.6,0.0,155.654,0.504,312.604,1884:12;1892:102;1893:102;1894:102;1895:102;1896:103;1897:103;1898:102;1899:102
80.6390,1788891180.4466,10,251.24,830.83,1082.07,19.2,2152.2,124605.2,0.0,155.664,0.506,312.604,1884:12;1892:102;1893:102;1894:102;1895:102;1896:103;1897:103;1898:102;1899:102
80.7433,1788891180.5509,10,252.06,830.83,1082.89,9.6,2153.0,124604.5,0.0,155.675,0.507,312.604,1884:12;1892:102;1893:102;1894:102;1895:102;1896:103;1897:103;1898:102;1899:102
80.8476,1788891180.6552,10,252.87,830.83,1083.70,9.6,2153.7,124603.7,0.0,155.685,0.507,312.604,1884:12;1892:102;1893:102;1894:102;1895:102;1896:103;1897:103;1898:102;1899:102
80.9519,1788891180.7595,10,253.68,830.83,1084.50,28.8,2155.4,124602.0,0.0,155.695,0.508,312.604,1884:12;1892:102;1893:102;1894:102;1895:102;1896:103;1897:103;1898:102;1899:102
81.0563,1788891180.8639,10,254.50,830.83,1085.32,9.6,2155.4,124602.0,0.0,155.706,0.509,312.604,1884:12;1892:102;1893:102;1894:102;1895:102;1896:103;1897:103;1898:102;1899:102
81.1606,1788891180.9682,10,256.12,830.83,1086.95,19.2,2156.4,124601.0,0.0,155.726,0.510,312.604,1884:12;1892:102;1893:102;1894:102;1895:102;1896:103;1897:103;1898:102;1899:102
81.2649,1788891181.0726,10,256.94,830.83,1087.77,9.6,2156.0,124601.4,0.0,155.737,0.511,312.604,1884:12;1892:102;1893:102;1894:102;1895:102;1896:103;1897:103;1898:102;1899:102
81.3693,1788891181.1769,10,257.75,830.83,1088.57,9.6,2156.8,124600.6,0.0,155.747,0.512,312.604,1884:12;1892:102;1893:102;1894:102;1895:102;1896:103;1897:103;1898:102;1899:102
81.4736,1788891181.2813,10,258.56,830.83,1089.39,9.6,2158.5,124598.9,0.0,155.757,0.512,312.604,1884:12;1892:102;1893:102;1894:102;1895:102;1896:103;1897:103;1898:102;1899:102
81.5781,1788891181.3857,10,259.37,830.83,1090.20,9.6,2158.5,124598.9,0.0,155.768,0.513,312.604,1884:12;1892:102;1893:102;1894:102;1895:102;1896:103;1897:103;1898:102;1899:102
81.6824,1788891181.4901,10,260.19,830.83,1091.02,19.2,2159.2,124598.2,0.0,155.778,0.514,312.604,1884:12;1892:102;1893:102;1894:102;1895:102;1896:103;1897:103;1898:102;1899:102
81.7867,1788891181.5944,10,260.99,830.83,1091.82,9.6,2160.0,124597.4,0.0,155.788,0.515,312.604,1884:12;1892:102;1893:102;1894:102;1895:102;1896:103;1897:103;1898:102;1899:102
81.8910,1788891181.6987,10,261.82,830.83,1092.65,9.6,2161.7,124595.7,0.0,155.799,0.515,312.604,1884:12;1892:102;1893:102;1894:102;1895:102;1896:103;1897:103;1898:102;1899:102
81.9954,1788891181.8030,10,262.63,830.83,1093.46,9.6,2161.7,124595.7,0.0,155.809,0.516,312.604,1884:12;1892:102;1893:102;1894:102;1895:102;1896:103;1897:103;1898:102;1899:102
82.0997,1788891181.9073,10,264.19,830.83,1095.02,38.4,2163.7,124593.7,0.0,155.830,0.517,312.604,1884:12;1892:102;1893:102;1894:102;1895:102;1896:103;1897:103;1898:102;1899:102
82.2039,1788891182.0116,10,265.00,830.83,1095.83,9.6,2161.5,124595.9,0.0,155.840,0.518,312.604,1884:12;1892:102;1893:102;1894:102;1895:102;1896:103;1897:103;1898:102;1899:102
82.3084,1788891182.1160,10,265.88,830.83,1096.71,19.2,2162.2,124595.2,0.0,155.851,0.519,312.604,1884:12;1892:102;1893:102;1894:102;1895:102;1896:103;1897:103;1898:102;1899:102
82.4127,1788891182.2204,10,266.62,830.83,1097.45,28.8,2163.5,124593.9,0.0,155.861,0.519,312.604,1884:12;1892:102;1893:102;1894:102;1895:102;1896:103;1897:103;1898:102;1899:102
82.5170,1788891182.3247,10,266.69,830.84,1097.52,95.9,2164.0,124593.4,0.0,155.861,0.520,312.604,1884:12;1892:102;1893:102;1894:102;1895:102;1896:103;1897:103;1898:102;1899:102
82.6214,1788891182.4291,10,267.51,830.84,1098.34,9.6,2164.0,124593.4,0.0,155.871,0.521,312.604,1884:12;1892:102;1893:102;1894:102;1895:102;1896:103;1897:103;1898:102;1899:102
82.7257,1788891182.5334,10,268.32,830.84,1099.15,9.6,2164.7,124592.7,0.0,155.882,0.521,312.604,1884:12;1892:102;1893:102;1894:102;1895:102;1896:103;1897:103;1898:102;1899:102
82.8300,1788891182.6376,10,269.13,830.84,1099.96,19.2,2166.4,124591.0,0.0,155.892,0.522,312.604,1884:12;1892:102;1893:102;1894:102;1895:102;1896:103;1897:103;1898:102;1899:102
82.9342,1788891182.7419,10,269.94,830.84,1100.78,9.6,2166.4,124591.0,0.0,155.902,0.523,312.604,1884:12;1892:102;1893:102;1894:102;1895:102;1896:103;1897:103;1898:102;1899:102
83.0385,1788891182.8461,10,270.75,830.84,1101.59,19.2,2167.2,124590.2,0.0,155.913,0.524,312.604,1884:12;1892:102;1893:102;1894:102;1895:102;1896:103;1897:103;1898:102;1899:102
83.1427,1788891182.9504,10,272.30,830.84,1103.13,9.6,2168.9,124588.5,0.0,155.933,0.524,312.604,1884:12;1892:102;1893:102;1894:102;1895:102;1896:103;1897:103;1898:102;1899:102
83.2471,1788891183.0547,10,273.19,830.84,1104.02,19.2,2167.6,124589.8,0.0,155.944,0.526,312.604,1884:12;1892:102;1893:102;1894:102;1895:102;1896:103;1897:103;1898:102;1899:102
83.3515,1788891183.1591,10,274.00,830.84,1104.84,9.6,2169.3,124588.1,0.0,155.954,0.527,312.604,1884:12;1892:102;1893:102;1894:102;1895:102;1896:103;1897:103;1898:102;1899:102
83.4558,1788891183.2634,10,274.82,830.84,1105.66,19.2,2169.3,124588.1,0.0,155.964,0.527,312.604,1884:12;1892:102;1893:102;1894:102;1895:102;1896:103;1897:103;1898:102;1899:102
83.5601,1788891183.3678,10,275.64,830.84,1106.48,19.2,2171.1,124586.3,0.0,155.975,0.528,312.604,1884:12;1892:102;1893:102;1894:102;1895:102;1896:103;1897:103;1898:102;1899:102
83.6644,1788891183.4721,10,276.45,830.84,1107.29,19.2,2171.1,124586.3,0.0,155.985,0.529,312.604,1884:12;1892:102;1893:102;1894:102;1895:102;1896:103;1897:103;1898:102;1899:102
83.7688,1788891183.5765,10,277.26,830.84,1108.10,9.6,2171.8,124585.6,0.0,155.996,0.530,312.604,1884:12;1892:102;1893:102;1894:102;1895:102;1896:103;1897:103;1898:102;1899:102
83.8732,1788891183.6809,10,278.07,830.84,1108.91,9.6,2173.5,124583.9,0.0,156.006,0.531,312.604,1884:12;1892:102;1893:102;1894:102;1895:102;1896:103;1897:103;1898:102;1899:102
83.9776,1788891183.7852,10,278.88,830.84,1109.72,19.2,2173.5,124583.9,0.0,156.016,0.531,312.604,1884:12;1892:102;1893:102;1894:102;1895:102;1896:103;1897:103;1898:102;1899:102
84.0819,1788891183.8896,10,279.70,830.84,1110.54,9.6,2174.3,124583.1,0.0,156.027,0.532,312.604,1884:12;1892:102;1893:102;1894:102;1895:102;1896:103;1897:103;1898:102;1899:102
84.1863,1788891183.9939,10,280.50,830.84,1111.34,19.2,2174.2,124583.2,0.0,156.037,0.533,312.604,1884:12;1892:102;1893:102;1894:102;1895:102;1896:103;1897:103;1898:102;1899:102
84.2906,1788891184.0983,10,281.32,830.84,1112.16,19.2,2175.0,124582.4,0.0,156.047,0.534,312.604,1884:12;1892:102;1893:102;1894:102;1895:102;1896:103;1897:103;1898:102;1899:102
84.3951,1788891184.2027,10,282.93,830.84,1113.77,19.2,2176.4,124581.0,0.0,156.068,0.534,312.604,1884:12;1892:102;1893:102;1894:102;1895:102;1896:103;1897:103;1898:102;1899:102
84.4995,1788891184.3071,10,284.04,830.84,1114.89,19.1,2177.9,124579.6,0.0,156.078,0.536,312.604,1884:12;1892:102;1893:102;1894:102;1895:102;1896:103;1897:103;1898:102;1899:102
84.6041,1788891184.4118,10,284.86,830.84,1115.70,28.6,2181.0,124576.4,0.0,156.089,0.537,312.604,1884:12;1892:102;1893:102;1894:102;1895:102;1896:103;1897:103;1898:102;1899:102
84.7089,1788891184.5165,10,284.86,830.84,1115.70,9.6,2181.0,124576.4,0.0,156.089,0.537,312.604,1884:12;1892:102;1893:102;1894:102;1895:102;1896:103;1897:103;1898:102;1899:102
84.8134,1788891184.6210,10,285.67,830.84,1116.52,9.6,2181.3,124576.2,0.0,156.099,0.537,312.604,1884:12;1892:102;1893:102;1894:102;1895:102;1896:103;1897:103;1898:102;1899:102
84.9179,1788891184.7255,10,286.49,830.84,1117.33,19.1,2181.3,124576.2,0.0,156.109,0.538,312.604,1884:12;1892:102;1893:102;1894:102;1895:102;1896:103;1897:103;1898:102;1899:102
85.0223,1788891184.8300,10,287.30,830.84,1118.15,9.6,2182.0,124575.4,0.0,156.120,0.539,312.604,1884:12;1892:102;1893:102;1894:102;1895:102;1896:103;1897:103;1898:102;1899:102
85.1268,1788891184.9345,10,288.11,830.84,1118.95,9.6,2182.7,124574.7,0.0,156.130,0.539,312.604,1884:12;1892:102;1893:102;1894:102;1895:102;1896:103;1897:103;1898:102;1899:102
85.2312,1788891185.0389,10,288.92,830.84,1119.76,19.2,2182.4,124575.0,0.0,156.141,0.540,312.604,1884:12;1892:102;1893:102;1894:102;1895:102;1896:103;1897:103;1898:102;1899:102
85.3358,1788891185.1434,10,289.74,830.84,1120.58,9.6,2184.1,124573.3,0.0,156.151,0.541,312.604,1884:12;1892:102;1893:102;1894:102;1895:102;1896:103;1897:103;1898:102;1899:102
85.4403,1788891185.2479,10,290.48,830.85,1121.34,95.7,2184.1,124573.3,0.0,156.161,0.541,312.604,1884:12;1892:102;1893:102;1894:102;1895:102;1896:103;1897:103;1898:102;1899:102
85.5448,1788891185.3524,10,290.54,830.85,1121.39,67.0,2184.1,124573.3,0.0,156.161,0.542,312.604,1884:12;1892:102;1893:102;1894:102;1895:102;1896:103;1897:103;1898:102;1899:102
85.6492,1788891185.4568,10,291.36,830.85,1122.21,9.6,2185.8,124571.6,0.0,156.172,0.542,312.604,1884:12;1892:102;1893:102;1894:102;1895:102;1896:103;1897:103;1898:102;1899:102
85.7535,1788891185.5612,10,292.18,830.85,1123.03,9.6,2185.8,124571.6,0.0,156.192,0.543,312.604,1884:12;1892:102;1893:102;1894:102;1895:102;1896:103;1897:103;1898:102;1899:102
85.8579,1788891185.6656,10,293.80,830.85,1124.66,19.2,2188.3,124569.1,0.0,156.202,0.545,312.604,1884:12;1892:102;1893:102;1894:102;1895:102;1896:103;1897:103;1898:102;1899:102
85.9623,1788891185.7700,10,294.61,830.85,1125.46,28.8,2188.3,124569.1,0.0,156.213,0.545,312.604,1884:12;1892:102;1893:102;1894:102;1895:102;1896:103;1897:103;1898:102;1899:102
86.0666,1788891185.8743,10,295.43,830.85,1126.29,19.2,2189.0,124568.4,0.0,156.223,0.546,312.604,1884:12;1892:102;1893:102;1894:102;1895:102;1896:103;1897:103;1898:102;1899:102
86.1711,1788891185.9788,10,296.24,830.85,1127.09,9.6,2189.8,124567.7,0.0,156.233,0.547,312.604,1884:12;1892:102;1893:102;1894:102;1895:102;1896:103;1897:103;1898:102;1899:102
86.2756,1788891186.0833,10,297.09,830.85,1127.94,9.6,2190.7,124566.7,0.0,156.244,0.547,312.604,1884:12;1892:102;1893:102;1894:102;1895:102;1896:103;1897:103;1898:102;1899:102
86.3802,1788891186.1879,10,297.09,830.86,1127.94,9.6,2190.7,124566.7,0.0,156.244,0.547,312.604,1884:12;1892:102;1893:102;1894:102;1895:102;1896:103;1897:103;1898:102;1899:102
86.4845,1788891186.2922,10,298.69,830.88,1129.57,28.8,2191.6,124565.8,0.0,156.264,0.548,312.604,1884:12;1892:102;1893:102;1894:102;1895:102;1896:103;1897:103;1898:102;1899:102
86.5889,1788891186.3965,10,299.60,830.88,1130.48,19.2,2192.9,124564.5,0.0,156.275,0.550,312.604,1884:12;1892:102;1893:102;1894:102;1895:102;1896:103;1897:103;1898:102;1899:102
86.6931,1788891186.5008,10,300.41,830.88,1131.29,9.6,2193.3,124564.1,0.0,156.285,0.550,312.604,1884:12;1892:102;1893:102;1894:102;1895:102;1896:103;1897:103;1898:102;1899:102
86.7974,1788891186.6051,10,301.25,830.88,1132.13,9.6,2194.2,124563.2,0.0,156.295,0.551,312.604,1884:12;1892:102;1893:102;1894:102;1895:102;1896:103;1897:103;1898:102;1899:102
86.9017,1788891186.7094,10,301.25,830.88,1132.13,0.0,2194.2,124563.2,0.0,156.295,0.551,312.604,1884:12;1892:102;1893:102;1894:102;1895:102;1896:103;1897:103;1898:102;1899:102
87.0061,1788891186.8138,10,302.07,830.88,1132.95,9.6,2195.0,124562.4,0.0,156.305,0.552,312.604,1884:12;1892:102;1893:102;1894:102;1895:102;1896:103;1897:103;1898:102;1899:102
87.1106,1788891186.9182,10,303.12,830.88,1134.00,9.6,2195.9,124561.5,0.0,156.326,0.553,312.604,1884:12;1892:102;1893:102;1894:102;1895:102;1896:103;1897:103;1898:102;1899:102
87.2150,1788891187.0227,10,304.75,830.88,1135.63,28.7,2198.5,124558.9,0.0,156.336,0.554,312.604,1884:12;1892:102;1893:102;1894:102;1895:102;1896:103;1897:103;1898:102;1899:102
87.3196,1788891187.1272,10,305.57,830.88,1136.45,9.6,2198.8,124558.6,0.0,156.346,0.555,312.604,1884:12;1892:102;1893:102;1894:102;1895:102;1896:103;1897:103;1898:102;1899:102
87.4240,1788891187.2316,10,306.39,830.88,1137.27,9.6,2200.6,124556.9,0.0,156.357,0.556,312.604,1884:12;1892:102;1893:102;1894:102;1895:102;1896:103;1897:103;1898:102;1899:102
87.5284,1788891187.3361,10,307.20,830.88,1138.07,9.6,2200.6,124556.9,0.0,156.367,0.556,312.604,1884:12;1892:102;1893:102;1894:102;1895:102;1896:103;1897:103;1898:102;1899:102
87.6330,1788891187.4407,10,308.02,830.88,1138.89,19.1,2202.3,124555.1,0.0,156.377,0.557,312.604,1884:12;1892:102;1893:102;1894:102;1895:102;1896:103;1897:103;1898:102;1899:102
87.7375,1788891187.5452,10,308.82,830.88,1139.70,19.2,2202.3,124555.1,0.0,156.388,0.558,312.604,1884:12;1892:102;1893:102;1894:102;1895:102;1896:103;1897:103;1898:102;1899:102
87.8420,1788891187.6497,10,310.40,830.88,1141.28,28.8,2204.3,124553.1,0.0,156.408,0.559,312.604,1884:12;1892:102;1893:102;1894:102;1895:102;1896:103;1897:103;1898:102;1899:102
87.9464,1788891187.7541,10,311.27,830.88,1142.15,9.6,2204.7,124552.7,0.0,156.419,0.560,312.604,1884:12;1892:102;1893:102;1894:102;1895:102;1896:103;1897:103;1898:102;1899:102
88.0507,1788891187.8584,10,312.08,830.88,1142.96,28.8,2205.5,124551.9,0.0,156.429,0.561,312.604,1884:12;1892:102;1893:102;1894:102;1895:102;1896:103;1897:103;1898:102;1899:102
88.1550,1788891187.9627,10,312.08,830.88,1142.96,0.0,2205.5,124551.9,0.0,156.429,0.561,312.604,1884:12;1892:102;1893:102;1894:102;1895:102;1896:103;1897:103;1898:102;1899:102
88.2593,1788891188.0670,10,313.70,830.88,1144.58,28.8,2207.2,124550.2,0.0,156.449,0.562,312.604,1884:12;1892:102;1893:102;1894:102;1895:102;1896:103;1897:103;1898:102;1899:102
88.3636,1788891188.1712,10,314.50,830.88,1145.38,9.6,2207.9,124549.5,0.0,156.460,0.563,312.604,1884:12;1892:102;1893:102;1894:102;1895:102;1896:103;1897:103;1898:102;1899:102
88.4678,1788891188.2755,10,315.33,830.88,1146.21,9.6,2208.7,124548.7,0.0,156.470,0.564,312.604,1884:12;1892:102;1893:102;1894:102;1895:102;1896:103;1897:103;1898:102;1899:102
88.5722,1788891188.3798,10,316.16,830.88,1147.04,9.6,2209.4,124548.0,0.0,156.480,0.564,312.604,1884:12;1892:102;1893:102;1894:102;1895:102;1896:103;1897:103;1898:102;1899:102
88.6765,1788891188.4842,10,317.00,830.88,1147.88,9.6,2210.4,124547.0,0.0,156.491,0.565,312.604,1884:12;1892:102;1893:102;1894:102;1895:102;1896:103;1897:103;1898:102;1899:102
88.7808,1788891188.5884,10,317.81,830.88,1148.69,19.2,2211.1,124546.3,0.0,156.501,0.566,312.604,1884:12;1892:102;1893:102;1894:102;1895:102;1896:103;1897:103;1898:102;1899:102
88.8851,1788891188.6927,10,318.57,830.88,1149.45,95.9,2211.6,124545.8,0.0,156.511,0.566,312.604,1884:12;1892:102;1893:102;1894:102;1895:102;1896:103;1897:103;1898:102;1899:102
88.9894,1788891188.7970,10,318.64,830.88,1149.52,67.1,2211.9,124545.5,0.0,156.511,0.567,312.604,1884:12;1892:102;1893:102;1894:102;1895:102;1896:103;1897:103;1898:102;1899:102
89.0937,1788891188.9013,10,319.48,830.88,1150.36,9.6,2212.9,124544.6,0.0,156.522,0.567,312.604,1884:12;1892:102;1893:102;1894:102;1895:102;1896:103;1897:103;1898:102;1899:102
89.1980,1788891189.0056,10,320.30,830.88,1151.18,19.2,2213.6,124543.8,0.0,156.532,0.568,312.604,1884:12;1892:102;1893:102;1894:102;1895:102;1896:103;1897:103;1898:102;1899:102
89.3023,1788891189.1099,10,320.30,830.88,1151.18,0.0,2213.6,124543.8,0.0,156.532,0.568,312.604,1884:12;1892:102;1893:102;1894:102;1895:102;1896:103;1897:103;1898:102;1899:102
89.4066,1788891189.2142,10,322.17,830.88,1153.05,19.2,2217.3,124540.1,0.0,156.553,0.569,312.604,1884:12;1892:102;1893:102;1894:102;1895:102;1896:103;1897:103;1898:102;1899:102
89.5108,1788891189.3185,10,322.98,830.88,1153.86,9.6,2217.3,124540.1,0.0,156.563,0.570,312.604,1884:12;1892:102;1893:102;1894:102;1895:102;1896:103;1897:103;1898:102;1899:102
89.6152,1788891189.4229,10,323.79,830.88,1154.67,9.6,2217.3,124540.1,0.0,156.573,0.571,312.604,1884:12;1892:102;1893:102;1894:102;1895:102;1896:103;1897:103;1898:102;1899:102
89.7196,1788891189.5273,10,324.61,830.88,1155.49,9.6,2218.0,124539.4,0.0,156.583,0.572,312.604,1884:12;1892:102;1893:102;1894:102;1895:102;1896:103;1897:103;1898:102;1899:102
89.8240,1788891189.6317,10,325.43,830.88,1156.31,19.2,2218.8,124538.7,0.0,156.594,0.572,312.604,1884:12;1892:102;1893:102;1894:102;1895:102;1896:103;1897:103;1898:102;1899:102
89.9284,1788891189.7361,10,326.23,830.88,1157.11,19.2,2220.5,124536.9,0.0,156.604,0.573,312.604,1884:12;1892:102;1893:102;1894:102;1895:102;1896:103;1897:103;1898:102;1899:102
90.0329,1788891189.8405,10,327.05,830.88,1157.93,19.2,2220.5,124536.9,0.0,156.614,0.574,312.604,1884:12;1892:102;1893:102;1894:102;1895:102;1896:103;1897:103;1898:102;1899:102
90.1372,1788891189.9449,10,328.68,830.88,1159.55,19.2,2222.9,124534.5,0.0,156.635,0.575,312.604,1884:12;1892:102;1893:102;1894:102;1895:102;1896:103;1897:103;1898:102;1899:102
90.2416,1788891190.0493,10,329.50,830.88,1160.38,9.6,2222.9,124534.5,0.0,156.645,0.576,312.604,1884:12;1892:102;1893:102;1894:102;1895:102;1896:103;1897:103;1898:102;1899:102
90.3461,1788891190.1537,10,330.30,830.88,1161.18,9.6,2223.7,124533.7,0.0,156.656,0.577,312.604,1884:12;1892:102;1893:102;1894:102;1895:102;1896:103;1897:103;1898:102;1899:102
90.4504,1788891190.2581,10,331.12,830.89,1162.01,19.2,2225.4,124532.0,0.0,156.666,0.577,312.604,1884:12;1892:102;1893:102;1894:102;1895:102;1896:103;1897:103;1898:102;1899:102
90.5549,1788891190.3625,10,331.99,830.89,1162.88,28.7,2225.4,124532.0,0.0,156.674,0.578,312.604,1884:12;1892:102;1893:102;1894:102;1895:102;1896:103;1897:103;1898:102;1899:102
90.6593,1788891190.4669,10,332.47,830.89,1163.36,105.4,2225.4,124532.0,0.0,156.674,0.578,312.604,1884:12;1892:102;1893:102;1894:102;1895:102;1896:103;1897:103;1898:102;1899:102
90.7636,1788891190.5713,10,335.18,830.89,1166.07,95.8,2225.8,124531.6,0.0,156.674,0.578,312.604,1884:12;1892:102;1893:102;1894:102;1895:102;1896:103;1897:103;1898:102;1899:102
90.8679,1788891190.6756,10,335.21,830.89,1166.10,95.9,2225.8,124531.6,0.0,156.674,0.578,312.604,1884:12;1892:102;1893:102;1894:102;1895:102;1896:103;1897:103;1898:102;1899:102
90.9723,1788891190.7799,10,335.24,830.89,1166.13,105.4,2225.8,124531.6,0.0,156.674,0.578,312.604,1884:12;1892:102;1893:102;1894:102;1895:102;1896:103;1897:103;1898:102;1899:102
91.0766,1788891190.8843,10,335.27,830.89,1166.16,95.8,2225.8,124531.6,0.0,156.674,0.578,312.604,1884:12;1892:102;1893:102;1894:102;1895:102;1896:103;1897:103;1898:102;1899:102
91.1809,1788891190.9886,10,335.27,830.89,1166.16,105.4,2225.8,124531.6,0.0,156.674,0.578,312.604,1884:12;1892:102;1893:102;1894:102;1895:102;1896:103;1897:103;1898:102;1899:102
91.2854,1788891191.0930,10,335.32,830.89,1166.21,95.8,2226.1,124531.3,0.0,156.674,0.578,312.604,1884:12;1892:102;1893:102;1894:102;1895:102;1896:103;1897:103;1898:102;1899:102
91.3897,1788891191.1974,10,335.34,830.89,1166.23,124.6,2226.1,124531.3,0.0,156.674,0.578,312.604,1884:12;1892:102;1893:102;1894:102;1895:102;1896:103;1897:103;1898:102;1899:102
91.4940,1788891191.3017,10,335.39,830.90,1166.29,95.8,2226.1,124531.3,0.0,156.674,0.578,312.604,1884:12;1892:102;1893:102;1894:102;1895:102;1896:103;1897:103;1898:102;1899:102
91.5984,1788891191.4061,10,335.42,830.90,1166.32,105.4,2226.1,124531.3,0.0,156.674,0.578,312.604,1884:12;1892:102;1893:102;1894:102;1895:102;1896:103;1897:103;1898:102;1899:102
91.7028,1788891191.5104,10,335.42,830.90,1166.32,95.8,2226.1,124531.3,0.0,156.674,0.578,312.604,1884:12;1892:102;1893:102;1894:102;1895:102;1896:103;1897:103;1898:102;1899:102
91.8072,1788891191.6148,10,335.43,830.90,1166.33,95.9,2226.1,124531.3,0.0,156.674,0.578,312.604,1884:12;1892:102;1893:102;1894:102;1895:102;1896:103;1897:103;1898:102;1899:102
91.9115,1788891191.7191,10,335.44,830.90,1166.34,105.5,2226.1,124531.3,0.0,156.674,0.578,312.604,1884:12;1892:102;1893:102;1894:102;1895:102;1896:103;1897:103;1898:102;1899:102
92.0158,1788891191.8234,10,335.44,830.90,1166.34,115.0,2226.1,124531.3,0.0,156.674,0.578,312.604,1884:12;1892:102;1893:102;1894:102;1895:102;1896:103;1897:103;1898:102;1899:102
92.1201,1788891191.9278,10,335.45,830.90,1166.35,105.5,2226.1,124531.3,0.0,156.674,0.578,312.604,1884:12;1892:102;1893:102;1894:102;1895:102;1896:103;1897:103;1898:102;1899:102
92.2244,1788891192.0321,10,335.47,830.90,1166.37,95.9,2226.1,124531.3,0.0,156.674,0.578,312.604,1884:12;1892:102;1893:102;1894:102;1895:102;1896:103;1897:103;1898:102;1899:102
92.3288,1788891192.1364,10,335.50,830.90,1166.40,105.5,2226.1,124531.3,0.0,156.674,0.578,312.604,1884:12;1892:102;1893:102;1894:102;1895:102;1896:103;1897:103;1898:102;1899:102
92.4330,1788891192.2407,10,335.50,830.93,1166.43,95.8,2226.1,124531.3,0.0,156.674,0.578,312.604,1884:12;1892:102;1893:102;1894:102;1895:102;1896:103;1897:103;1898:102;1899:102
92.5374,1788891192.3450,10,335.57,830.93,1166.49,95.9,2226.1,124531.3,0.0,156.674,0.578,312.604,1884:12;1892:102;1893:102;1894:102;1895:102;1896:103;1897:103;1898:102;1899:102
92.6417,1788891192.4493,10,335.58,830.93,1166.51,105.5,2226.1,124531.3,0.0,156.674,0.578,312.604,1884:12;1892:102;1893:102;1894:102;1895:102;1896:103;1897:103;1898:102;1899:102
92.7460,1788891192.5536,10,335.61,830.93,1166.54,95.9,2226.1,124531.3,0.0,156.674,0.578,312.604,1884:12;1892:102;1893:102;1894:102;1895:102;1896:103;1897:103;1898:102;1899:102
92.8502,1788891192.6579,10,335.62,830.93,1166.54,105.5,2226.1,124531.3,0.0,156.674,0.578,312.604,1884:12;1892:102;1893:102;1894:102;1895:102;1896:103;1897:103;1898:102;1899:102
92.9545,1788891192.7621,10,335.63,830.93,1166.55,95.9,2226.1,124531.3,0.0,156.674,0.578,312.604,1884:12;1892:102;1893:102;1894:102;1895:102;1896:103;1897:103;1898:102;1899:102
93.0587,1788891192.8664,10,336.90,830.93,1167.83,105.5,2227.4,124530.0,0.0,156.674,0.578,312.604,1884:12;1892:102;1893:102;1894:102;1895:102;1896:103;1897:103;1898:102;1899:102
93.1630,1788891192.9707,10,343.77,830.93,1174.70,95.8,2235.2,124522.2,0.0,156.674,0.578,312.604,1884:12;1892:102;1893:102;1894:102;1895:102;1896:103;1897:103;1898:102;1899:102
93.2674,1788891193.0751,10,343.77,830.93,1174.70,95.9,2235.2,124522.2,0.0,156.674,0.578,312.604,1884:12;1892:102;1893:102;1894:102;1895:102;1896:103;1897:103;1898:102;1899:102
93.3717,1788891193.1793,10,353.07,830.93,1184.00,105.5,2241.7,124515.7,0.0,156.674,0.578,312.604,1884:12;1892:102;1893:102;1894:102;1895:102;1896:103;1897:103;1898:102;1899:102
93.4759,1788891193.2836,10,356.28,830.93,1187.21,95.9,2243.9,124513.5,0.0,156.674,0.578,312.604,1884:12;1892:102;1893:102;1894:102;1895:102;1896:103;1897:103;1898:102;1899:102
93.5803,1788891193.3879,10,364.71,830.93,1195.63,105.4,2256.5,124500.9,0.0,156.674,0.578,312.604,1884:12;1892:102;1893:102;1894:102;1895:102;1896:103;1897:103;1898:102;1899:102
93.6846,1788891193.4922,10,381.11,830.93,1212.04,105.4,2272.1,124485.3,0.0,156.674,0.578,312.604,1884:12;1892:102;1893:102;1894:102;1895:102;1896:103;1897:103;1898:102;1899:102
93.7889,1788891193.5966,10,379.71,830.93,1210.64,95.8,2272.1,124485.3,0.0,156.674,0.578,312.604,1884:12;1892:102;1893:102;1894:102;1895:102;1896:103;1897:103;1898:102;1899:102
93.8933,1788891193.7010,10,379.72,830.93,1210.64,105.5,2272.1,124485.3,0.0,156.674,0.578,312.604,1884:12;1892:102;1893:102;1894:102;1895:102;1896:103;1897:103;1898:102;1899:102
93.9976,1788891193.8053,10,376.25,830.93,1207.17,95.9,2272.1,124485.3,0.0,156.674,0.578,312.604,1884:12;1892:102;1893:102;1894:102;1895:102;1896:103;1897:103;1898:102;1899:102
94.1019,1788891193.9095,10,378.38,830.93,1209.30,95.9,2272.1,124485.3,0.0,156.674,0.578,312.604,1884:12;1892:102;1893:102;1894:102;1895:102;1896:103;1897:103;1898:102;1899:102
94.2062,1788891194.0138,10,383.33,830.93,1214.25,105.4,2276.0,124481.4,0.0,156.674,0.578,312.604,1884:12;1892:102;1893:102;1894:102;1895:102;1896:103;1897:103;1898:102;1899:102
94.3105,1788891194.1181,10,385.25,830.93,1216.18,105.5,2276.1,124481.4,0.0,156.674,0.578,312.604,1884:12;1892:102;1893:102;1894:102;1895:102;1896:103;1897:103;1898:102;1899:102
94.4147,1788891194.2224,10,386.08,830.93,1217.00,95.9,2276.1,124481.4,0.0,156.674,0.578,312.604,1884:12;1892:102;1893:102;1894:102;1895:102;1896:103;1897:103;1898:102;1899:102
94.5190,1788891194.3266,10,388.01,830.93,1218.94,95.8,2276.1,124481.4,0.0,156.674,0.578,312.604,1884:12;1892:102;1893:102;1894:102;1895:102;1896:103;1897:103;1898:102;1899:102
94.6234,1788891194.4310,10,458.62,830.93,1289.54,153.3,2366.3,124391.1,0.0,156.674,0.578,312.604,1884:12;1892:102;1893:102;1894:102;1895:102;1896:103;1897:103;1898:102;1899:102
94.7277,1788891194.5354,10,439.97,830.93,1270.90,191.7,2392.8,124364.6,0.0,156.674,0.578,312.604,1884:12;1892:102;1893:102;1894:102;1895:102;1896:103;1897:103;1898:102;1899:102
94.8320,1788891194.6397,10,437.00,992.11,1429.10,498.1,2464.7,124292.7,0.0,156.674,0.578,312.604,1884:12;1892:123;1893:123;1894:123;1895:123;1896:123;1897:123;1898:120;1899:121
94.9365,1788891194.7442,10,437.00,1259.20,1696.20,802.8,2536.6,124220.8,0.0,156.674,0.578,312.604,1884:12;1892:156;1893:156;1894:156;1895:156;1896:156;1897:156;1898:155;1899:155
95.0414,1788891194.8490,10,437.55,2095.69,2533.23,1127.2,3288.0,123469.4,0.0,156.761,0.638,312.608,1884:12;1892:211;1893:214;1894:274;1895:261;1896:518;1897:210;1898:168;1899:228
95.1496,1788891194.9573,10,437.58,4412.24,4849.82,1312.9,5540.1,121217.3,0.0,157.367,0.730,312.608,1884:12;1892:283;1893:543;1894:284;1895:1155;1896:1047;1897:224;1898:223;1899:640
95.2579,1788891195.0655,10,437.59,5766.29,6203.88,1088.0,6866.0,119891.4,0.0,158.544,1.162,312.608,1884:12;1892:408;1893:656;1894:313;1895:1271;1896:1465;1897:282;1898:233;1899:1126
95.3655,1788891195.1731,10,437.60,5924.03,6361.63,1307.5,7062.7,119694.7,0.0,159.507,1.463,312.608,1884:12;1892:412;1893:668;1894:320;1895:1295;1896:1490;1897:326;1898:263;1899:1138
95.4722,1788891195.2799,10,437.60,6262.55,6700.15,1403.2,7431.5,119325.9,0.0,181.322,1.858,312.608,1884:12;1892:439;1893:711;1894:335;1895:1317;1896:1692;1897:332;1898:298;1899:1126
95.5808,1788891195.3885,10,437.60,6722.54,7160.14,1496.4,7893.0,118864.4,0.0,189.890,2.000,312.608,1884:12;1892:450;1893:703;1894:355;1895:1372;1896:1997;1897:375;1898:325;1899:1132
95.6901,1788891195.4977,10,437.60,6874.83,7312.43,1574.2,8129.9,118627.5,0.0,190.940,2.098,312.608,1884:12;1892:475;1893:726;1894:364;1895:1371;1896:2110;1897:365;1898:317;1899:1134
95.8010,1788891195.6087,10,437.60,7034.75,7472.35,1502.1,8363.2,118394.2,0.0,195.329,2.311,312.608,1884:12;1892:492;1893:742;1894:343;1895:1365;1896:2225;1897:396;1898:318;1899:1141
95.9167,1788891195.7244,10,437.60,7155.57,7593.17,1467.9,8661.4,118096.0,0.0,205.990,2.597,312.608,1884:12;1892:475;1893:771;1894:378;1895:1380;1896:2274;1897:395;1898:321;1899:1149
96.0270,1788891195.8347,10,437.60,7510.62,7948.23,1506.2,8892.9,117864.5,0.0,222.470,2.921,312.608,1884:12;1892:518;1893:794;1894:371;1895:1397;1896:2459;1897:416;1898:368;1899:1175
96.1481,1788891195.9558,10,437.60,8007.80,8445.40,1549.9,9475.7,117281.7,0.0,234.656,3.214,312.608,1884:12;1892:523;1893:1018;1894:370;1895:1393;1896:2774;1897:425;1898:328;1899:1164
96.2556,1788891196.0632,10,437.60,8761.51,9199.11,1278.5,10265.8,116491.6,0.0,244.238,3.535,312.608,1884:12;1892:792;1893:1196;1894:390;1895:1443;1896:2941;1897:476;1898:328;1899:1184
96.3701,1788891196.1778,10,437.61,9173.13,9610.74,1582.7,10630.6,116126.8,0.0,250.694,3.846,312.608,1884:12;1892:879;1893:1307;1894:398;1895:1426;1896:3154;1897:451;1898:358;1899:1187
96.4880,1788891196.2957,10,437.62,8566.22,9003.84,1517.6,10948.3,115809.1,0.0,265.631,4.091,312.608,1884:12;1892:886;1893:1434;1894:409;1895:1404;1896:2382;1897:484;1898:365;1899:1190
96.6030,1788891196.4107,10,437.62,8890.95,9328.57,1398.5,11155.6,115601.8,0.0,282.912,4.487,312.608,1884:12;1892:912;1893:1603;1894:424;1895:1454;1896:2386;1897:501;1898:394;1899:1206
96.7180,1788891196.5257,10,437.62,9201.41,9639.03,1448.1,11597.2,115160.2,0.0,296.881,4.762,312.608,1884:12;1892:1063;1893:1740;1894:441;1895:1445;1896:2397;1897:507;1898:385;1899:1211
96.8284,1788891196.6361,10,437.62,9557.34,9994.96,1455.8,11768.7,114988.7,0.0,322.335,5.146,312.608,1884:12;1892:1106;1893:1937;1894:431;1895:1478;1896:2417;1897:527;1898:423;1899:1227
96.9450,1788891196.7527,10,437.62,9794.46,10232.09,1567.1,11944.5,114812.9,0.0,326.989,5.369,312.608,1884:12;1892:1114;1893:2124;1894:446;1895:1502;1896:2416;1897:522;1898:433;1899:1226
97.0644,1788891196.8720,10,437.62,9690.53,10128.15,1479.5,12035.4,114722.0,0.0,335.158,5.650,312.608,1884:12;1892:1105;1893:1970;1894:469;1895:1475;1896:2425;1897:565;1898:416;1899:1252
97.1725,1788891196.9801,10,437.62,9368.07,9805.69,1418.5,11968.0,114789.4,0.0,372.401,6.025,312.608,1884:12;1892:1123;1893:1445;1894:579;1895:1515;1896:2431;1897:582;1898:440;1899:1242
97.2800,1788891197.0877,10,437.62,9655.84,10093.46,1518.1,12263.4,114494.0,0.0,379.613,6.267,312.608,1884:12;1892:1160;1893:1447;1894:688;1895:1535;1896:2439;1897:539;1898:464;1899:1371
97.3860,1788891197.1937,10,437.62,9846.26,10283.88,1425.5,12501.6,114255.8,0.0,389.635,6.518,312.608,1884:12;1892:1133;1893:1466;1894:685;1895:1519;1896:2445;1897:599;1898:420;1899:1568
97.4930,1788891197.3007,10,437.63,10212.63,10650.26,1219.1,12779.4,113978.0,0.0,417.250,6.931,312.608,1884:12;1892:1187;1893:1461;1894:703;1895:1725;1896:2446;1897:606;1898:460;1899:1611
97.6010,1788891197.4087,10,437.64,10574.38,11012.02,1470.8,13152.8,113604.7,0.0,423.053,7.063,312.608,1884:12;1892:1171;1893:1469;1894:821;1895:1882;1896:2449;1897:663;1898:463;1899:1642
97.7110,1788891197.5187,10,437.64,10714.96,11152.60,1333.9,13314.3,113443.1,0.0,458.122,7.481,312.608,1884:12;1892:1180;1893:1495;1894:871;1895:1864;1896:2450;1897:671;1898:491;1899:1681
97.8242,1788891197.6318,10,437.64,10882.70,11320.34,1491.2,13478.2,113279.2,0.0,476.885,7.744,312.608,1884:12;1892:1218;1893:1488;1894:875;1895:1940;1896:2472;1897:703;1898:477;1899:1698
97.9320,1788891197.7397,10,437.64,11129.35,11566.99,1385.9,13794.3,112963.1,0.0,490.694,8.058,312.608,1884:12;1892:1194;1893:1484;1894:901;1895:1939;1896:2623;1897:746;1898:508;1899:1721
98.0530,1788891197.8607,10,437.64,11515.91,11953.55,1408.1,14188.0,112569.5,0.0,516.439,8.421,312.608,1884:12;1892:1244;1893:1514;1894:920;1895:1961;1896:2629;1897:987;1898:510;1899:1738
98.1714,1788891197.9790,10,437.64,12071.20,12508.84,1429.9,14797.2,111960.2,0.0,535.442,8.783,312.608,1884:12;1892:1227;1893:1517;1894:920;1895:1993;1896:2671;1897:1319;1898:522;1899:1890
98.2800,1788891198.0877,10,437.64,12886.99,13324.63,1504.1,15338.1,111419.3,0.0,558.900,9.158,312.608,1884:12;1892:1262;1893:1523;1894:950;1895:2140;1896:2737;1897:1371;1898:689;1899:2204
98.3990,1788891198.2067,10,437.66,13444.40,13882.06,1594.5,15846.1,110911.3,0.0,580.440,9.362,312.608,1884:12;1892:1379;1893:1552;1894:1249;1895:2197;1896:2734;1897:1374;1898:676;1899:2271
98.5173,1788891198.3249,10,437.67,13906.71,14344.38,1565.0,16334.5,110422.9,0.0,603.829,9.683,312.608,1884:12;1892:1733;1893:1540;1894:1264;1895:2208;1896:2724;1897:1367;1898:715;1899:2343
98.6380,1788891198.4457,10,437.67,14037.87,14475.54,1549.5,16535.4,110222.0,0.0,622.428,10.079,312.608,1884:12;1892:1759;1893:1553;1894:1260;1895:2210;1896:2738;1897:1408;1898:745;1899:2353
98.7500,1788891198.5577,10,437.67,14786.23,15223.90,1544.9,17204.9,109552.6,0.0,649.121,10.381,312.608,1884:12;1892:1955;1893:1744;1894:1274;1895:2247;1896:2722;1897:1413;1898:871;1899:2548
98.8637,1788891198.6714,10,437.67,14806.94,15244.61,1573.9,17830.8,108926.6,0.0,679.031,10.705,312.608,1884:12;1892:1729;1893:2014;1894:1309;1895:2244;1896:2740;1897:1421;1898:1073;1899:2264
98.9780,1788891198.7857,10,437.67,15157.03,15594.70,1567.1,18029.7,108727.7,0.0,685.379,10.937,312.608,1884:12;1892:1736;1893:2077;1894:1489;1895:2271;1896:2747;1897:1430;1898:1113;1899:2282
99.0870,1788891198.8947,10,437.67,15357.64,15795.30,1562.3,18288.9,108468.5,0.0,711.410,11.194,312.608,1884:12;1892:1744;1893:2087;1894:1679;1895:2271;1896:2731;1897:1447;1898:1083;1899:2303
99.2015,1788891199.0091,10,437.67,15914.66,16352.33,1560.6,18725.3,108032.1,0.0,729.930,11.600,312.608,1884:12;1892:1771;1893:2111;1894:1822;1895:2245;1896:2785;1897:1615;1898:1112;1899:2440
99.3210,1788891199.1286,10,437.67,16604.50,17042.18,1534.6,19269.8,107487.6,0.0,753.539,11.902,312.608,1884:12;1892:1772;1893:2128;1894:2083;1895:2285;1896:2789;1897:1613;1898:1134;1899:2788
99.4290,1788891199.2367,10,437.70,16759.11,17196.81,1583.0,19618.5,107138.9,0.0,767.928,12.083,312.608,1884:12;1892:1786;1893:2273;1894:1962;1895:2273;1896:2766;1897:1742;1898:1151;1899:2793
99.5470,1788891199.3547,10,437.70,17250.05,17687.75,1573.9,19872.3,106885.1,0.0,793.976,12.368,312.608,1884:12;1892:1791;1893:2277;1894:1676;1895:2288;1896:2798;1897:1740;1898:1166;1899:3503
99.6686,1788891199.4763,10,437.70,17535.36,17973.06,1556.3,20513.3,106244.1,0.0,824.687,12.765,312.608,1884:12;1892:1819;1893:2292;1894:1706;1895:2318;1896:2814;1897:1781;1898:1178;1899:3616
99.7841,1788891199.5917,10,437.70,18404.05,18841.74,1594.8,21150.3,105607.1,0.0,829.914,12.937,312.608,1884:12;1892:1845;1893:2333;1894:1707;1895:2331;1896:2826;1897:1786;1898:1215;1899:4348
99.8990,1788891199.7067,10,437.70,18709.82,19147.52,1568.8,21775.7,104981.7,0.0,845.172,13.103,312.608,1884:12;1892:1798;1893:2351;1894:1725;1895:2304;1896:2846;1897:1807;1898:1226;1899:4641
100.0137,1788891199.8214,10,437.70,17678.57,18116.28,1549.2,21476.0,105281.4,0.0,864.310,13.429,312.608,1884:12;1892:1855;1893:2380;1894:1700;1895:2172;1896:2825;1897:1815;1898:1204;1899:3718
100.1261,1788891199.9337,10,437.70,18532.36,18970.06,1547.7,22042.8,104714.6,0.0,893.588,13.798,312.608,1884:12;1892:1866;1893:2431;1894:1733;1895:2191;1896:3153;1897:1854;1898:1261;1899:4032
100.2398,1788891200.0474,10,437.70,18806.12,19243.83,1615.7,22426.7,104330.7,0.0,902.844,13.942,312.608,1884:12;1892:1865;1893:2430;1894:1734;1895:2202;1896:3106;1897:1842;1898:1258;1899:4357
100.3512,1788891200.1589,10,437.71,19311.11,19748.82,1549.8,22828.3,103929.2,0.0,931.000,14.275,312.608,1884:12;1892:1950;1893:2469;1894:1762;1895:2209;1896:3274;1897:1870;1898:1268;1899:4497
100.4751,1788891200.2827,10,437.71,20168.67,20606.38,1598.7,23506.6,103250.8,0.0,952.125,14.529,312.608,1884:12;1892:1978;1893:2497;1894:1769;1895:2215;1896:3644;1897:1877;1898:1289;1899:4887
100.6031,1788891200.4107,10,437.71,20275.73,20713.45,1563.4,23627.4,103130.1,0.0,985.550,14.840,312.608,1884:12;1892:1989;1893:2484;1894:1764;1895:2232;1896:3742;1897:1909;1898:1300;1899:4843
100.7270,1788891200.5346,10,437.71,20384.64,20822.35,1599.5,23941.5,102815.9,0.0,996.801,15.039,312.608,1884:12;1892:2017;1893:2485;1894:1804;1895:2250;1896:4017;1897:1916;1898:1339;1899:4546
100.8420,1788891200.6497,10,437.72,19892.99,20330.71,1561.8,23788.8,102968.6,0.0,1010.973,15.242,312.608,1884:12;1892:2045;1893:2509;1894:1795;1895:2258;1896:3869;1897:1909;1898:1590;1899:3907
100.9561,1788891200.7637,10,437.72,20325.94,20763.66,1603.7,24226.9,102530.5,0.0,1023.736,15.474,312.608,1884:12;1892:2199;1893:2493;1894:1776;1895:2259;1896:4059;1897:2106;1898:1587;1899:3834
101.0639,1788891200.8716,10,437.72,20670.11,21107.83,1576.6,24430.4,102327.0,0.0,1063.171,15.854,312.608,1884:12;1892:2302;1893:2486;1894:1801;1895:2275;1896:3548;1897:2393;1898:1632;1899:4221
101.1813,1788891200.9889,10,437.72,21492.58,21930.30,1565.8,25097.3,101660.2,0.0,1079.324,15.969,312.608,1884:12;1892:2330;1893:2529;1894:1814;1895:2281;1896:3551;1897:2603;1898:1629;1899:4743
101.2960,1788891201.1037,10,437.72,22260.29,22698.01,1596.1,25763.1,100994.3,0.0,1096.841,16.295,312.608,1884:12;1892:2317;1893:2532;1894:1795;1895:2292;1896:3598;1897:2804;1898:1687;1899:5223
101.4110,1788891201.2187,10,437.73,22705.73,23143.46,1565.8,26297.6,100459.8,0.0,1105.847,16.483,312.608,1884:12;1892:2344;1893:2526;1894:1809;1895:2308;1896:3612;1897:2846;1898:1904;1899:5345
101.5251,1788891201.3327,10,437.73,22939.70,23377.43,1573.0,26328.0,100429.5,0.0,1119.585,16.709,312.608,1884:12;1892:2370;1893:2516;1894:1812;1895:2274;1896:3607;1897:2928;1898:1894;1899:5525
101.6450,1788891201.4527,10,437.77,22612.73,23050.50,1591.1,26079.4,100678.0,0.0,1159.781,17.086,312.608,1884:12;1892:2361;1893:2399;1894:1845;1895:2334;1896:3625;1897:3121;1898:1912;1899:5003
101.7600,1788891201.5677,10,437.78,22442.42,22880.20,1563.6,25955.2,100802.2,0.0,1173.939,17.287,312.608,1884:12;1892:2369;1893:2429;1894:1844;1895:2340;1896:3480;1897:3282;1898:1943;1899:4743
101.8761,1788891201.6837,10,437.79,22530.54,22968.33,1565.9,26221.1,100536.4,0.0,1190.357,17.516,312.608,1884:12;1892:2403;1893:2499;1894:1850;1895:2336;1896:3487;1897:3422;1898:1943;1899:4579
102.0134,1788891201.8210,10,437.79,22864.04,23301.83,1607.4,26471.6,100285.8,0.0,1206.560,17.754,312.608,1884:12;1892:2395;1893:2493;1894:1855;1895:2324;1896:3577;1897:3534;1898:1935;1899:4739
102.1284,1788891201.9361,10,437.80,23567.80,24005.60,1590.3,26929.4,99828.0,0.0,1240.550,18.043,312.608,1884:12;1892:2450;1893:2577;1894:1866;1895:2367;1896:3847;1897:3499;1898:1945;1899:5003
102.2521,1788891202.0597,10,437.82,23681.66,24119.48,1554.2,27537.1,99220.4,0.0,1242.608,18.195,312.608,1884:12;1892:2617;1893:2523;1894:1974;1895:2372;1896:4088;1897:2866;1898:1978;1899:5252
102.3640,1788891202.1717,10,437.84,24612.96,25050.79,1598.1,28315.1,98442.3,0.0,1257.345,18.302,312.608,1884:12;1892:2687;1893:2557;1894:2074;1895:2380;1896:4147;1897:2873;1898:1987;1899:5897
102.4940,1788891202.3017,10,437.93,25363.05,25800.98,1595.1,29347.4,97410.0,0.0,1263.802,18.429,312.608,1884:12;1892:2819;1893:2554;1894:2354;1895:2428;1896:4257;1897:2889;1898:1972;1899:6078
102.6101,1788891202.4177,10,437.96,25825.19,26263.14,1572.6,29735.4,97022.0,0.0,1269.329,18.651,312.608,1884:12;1892:3196;1893:2631;1894:2412;1895:2626;1896:4368;1897:2882;1898:2000;1899:5698
102.7250,1788891202.5327,10,437.99,26230.56,26668.55,1584.1,30573.0,96184.4,0.0,1293.182,18.859,312.608,1884:12;1892:3325;1893:2635;1894:2549;1895:2716;1896:4034;1897:2904;1898:2022;1899:6033
102.8473,1788891202.6549,10,438.00,27681.83,28119.82,1581.9,31767.6,94989.8,0.0,1302.695,18.988,312.608,1884:12;1892:3939;1893:2626;1894:2831;1895:2701;1896:4167;1897:2896;1898:2048;1899:6462
102.9682,1788891202.7758,10,438.00,28831.64,29269.63,1598.9,32719.5,94037.9,0.0,1316.367,19.135,312.608,1884:12;1892:4171;1893:2722;1894:3135;1895:2703;1896:4290;1897:2936;1898:2024;1899:6839
103.0860,1788891202.8937,10,438.00,28706.49,29144.49,1600.5,32971.6,93785.9,0.0,1319.065,19.279,312.608,1884:12;1892:4323;1893:2746;1894:3001;1895:2712;1896:4428;1897:2956;1898:2058;1899:6470
103.2055,1788891203.0132,10,438.02,27966.09,28404.11,1573.6,32598.9,94158.5,0.0,1336.318,19.518,312.608,1884:12;1892:3590;1893:2763;1894:2788;1895:2741;1896:4144;1897:2965;1898:2096;1899:6867
103.3308,1788891203.1384,10,438.02,28437.82,28875.84,1553.4,33176.2,93581.2,0.0,1348.999,19.696,312.608,1884:12;1892:3891;1893:2754;1894:2787;1895:2747;1896:4535;1897:2998;1898:2123;1899:6591
103.4520,1788891203.2596,10,438.05,28798.60,29236.65,1632.2,33213.7,93543.7,0.0,1359.414,19.822,312.608,1884:12;1892:3293;1893:2740;1894:3071;1895:2745;1896:4810;1897:3127;1898:2379;1899:6622
103.5688,1788891203.3764,10,438.06,29486.53,29924.59,1576.4,33944.9,92812.5,0.0,1368.557,19.988,312.608,1884:12;1892:3625;1893:2771;1894:3246;1895:2751;1896:5061;1897:3234;1898:2416;1899:6369
103.6890,1788891203.4967,10,438.06,30086.27,30524.33,1528.9,34198.1,92559.4,0.0,1381.102,20.191,312.608,1884:12;1892:3889;1893:2629;1894:2899;1895:2781;1896:5380;1897:3610;1898:2439;1899:6448
103.8134,1788891203.6210,10,438.06,29248.38,29686.43,1570.4,33548.5,93208.9,0.0,1386.141,20.373,312.608,1884:12;1892:3861;1893:2631;1894:3090;1895:2781;1896:5746;1897:3495;1898:2417;1899:5214
103.9410,1788891203.7487,10,438.10,29823.88,30261.98,1578.9,33724.9,93032.5,0.0,1395.238,20.532,312.608,1884:12;1892:4050;1893:2634;1894:3290;1895:2795;1896:5243;1897:3810;1898:2470;1899:5520
104.0662,1788891203.8738,10,438.15,29632.42,30070.57,1590.4,33682.4,93075.1,0.0,1399.280,20.638,312.608,1884:12;1892:4165;1893:2653;1894:3275;1895:2756;1896:5651;1897:3864;1898:2471;1899:4785
104.1834,1788891203.9910,10,438.16,29968.49,30406.65,1564.0,33875.8,92881.6,0.0,1425.606,20.883,312.608,1884:12;1892:3869;1893:2645;1894:3609;1895:2783;1896:5232;1897:4407;1898:2489;1899:4922
104.3003,1788891204.1079,10,438.17,31174.61,31612.78,1573.7,34945.2,91812.2,0.0,1430.614,21.025,312.608,1884:12;1892:3996;1893:2662;1894:3650;1895:2825;1896:5448;1897:5042;1898:2462;1899:5076
104.4161,1788891204.2237,10,438.18,32374.28,32812.45,1590.3,35833.4,90924.0,0.0,1436.139,21.198,312.608,1884:12;1892:4082;1893:2668;1894:3801;1895:2816;1896:5693;1897:5576;1898:2472;1899:5254
104.5309,1788891204.3385,10,438.18,31542.43,31980.61,1585.2,36188.4,90569.0,0.0,1446.909,21.355,312.608,1884:12;1892:4114;1893:2525;1894:3090;1895:2814;1896:5618;1897:5655;1898:2494;1899:5221
104.6460,1788891204.4537,10,438.18,30783.28,31221.46,1588.7,35914.0,90843.4,0.0,1454.809,21.452,312.608,1884:12;1892:4083;1893:2520;1894:2699;1895:3055;1896:5808;1897:5504;1898:2527;1899:4575
104.7610,1788891204.5687,10,438.29,29946.98,30385.27,1581.7,34755.0,92002.4,0.0,1463.639,21.678,312.608,1884:12;1892:4156;1893:2537;1894:2784;1895:3203;1896:4403;1897:6001;1898:2527;1899:4324
104.8740,1788891204.6817,10,438.30,31089.61,31527.91,1586.2,35364.5,91392.9,0.0,1475.766,21.864,312.608,1884:12;1892:4309;1893:2674;1894:3029;1895:3372;1896:4329;1897:6441;1898:2542;1899:4382
104.9907,1788891204.7983,10,438.30,31398.16,31836.47,1561.4,36035.5,90722.0,0.0,1482.112,22.104,312.608,1884:12;1892:4445;1893:3037;1894:3103;1895:3367;1896:4592;1897:5908;1898:2541;1899:4394
105.1029,1788891204.9105,10,438.30,32421.04,32859.34,1542.0,36837.5,89920.0,0.0,1502.520,22.330,312.608,1884:12;1892:4520;1893:3553;1894:3174;1895:3306;1896:4772;1897:6116;1898:2569;1899:4399
105.2151,1788891205.0227,10,438.33,33250.64,33688.97,1555.3,37610.4,89147.0,0.0,1522.313,22.540,312.608,1884:12;1892:4543;1893:3404;1894:3663;1895:3352;1896:5133;1897:6153;1898:2586;1899:4405
105.3270,1788891205.1347,10,438.34,33890.45,34328.79,1591.4,37669.0,89088.4,0.0,1529.169,22.667,312.608,1884:12;1892:4574;1893:3709;1894:4001;1895:3458;1896:4881;1897:6254;1898:2590;1899:4412
105.4440,1788891205.2517,10,438.39,34681.86,35120.25,1529.9,38253.2,88504.2,0.0,1542.716,22.885,312.608,1884:12;1892:4692;1893:3611;1894:4056;1895:3527;1896:5204;1897:6444;1898:2724;1899:4411
105.5610,1788891205.3687,10,438.39,35844.68,36283.07,1582.7,38988.2,87769.3,0.0,1548.902,23.023,312.608,1884:12;1892:4731;1893:3794;1894:4266;1895:3635;1896:5446;1897:6541;1898:3013;1899:4407
105.6761,1788891205.4837,10,438.44,37086.83,37525.27,1577.9,40254.1,86503.3,0.0,1549.934,23.169,312.608,1884:12;1892:4799;1893:4077;1894:4616;1895:3674;1896:5684;1897:6649;1898:3169;1899:4406
105.7917,1788891205.5994,10,438.45,37767.51,38205.95,1564.4,41496.2,85261.2,0.0,1561.047,23.352,312.608,1884:12;1892:4458;1893:4447;1894:4839;1895:3783;1896:5842;1897:6651;1898:3317;1899:4418
105.9200,1788891205.7277,10,438.46,36418.92,36857.38,1573.4,41521.1,85236.3,0.0,1568.852,23.560,312.608,1884:12;1892:4512;1893:4907;1894:5215;1895:3812;1896:5857;1897:4673;1898:3013;1899:4419
106.0401,1788891205.8477,10,438.48,37511.65,37950.13,1599.8,42229.8,84527.6,0.0,1581.437,23.729,312.608,1884:12;1892:4664;1893:5251;1894:5546;1895:3879;1896:5774;1897:4822;1898:3130;1899:4434
106.1657,1788891205.9733,10,438.48,38155.84,38594.32,1583.6,42425.6,84331.8,0.0,1586.135,23.927,312.608,1884:12;1892:4785;1893:4771;1894:5667;1895:4011;1896:6130;1897:5052;1898:3301;1899:4425
106.2801,1788891206.0877,10,438.48,38879.30,39317.78,1617.9,42878.8,83878.6,0.0,1596.481,24.086,312.608,1884:12;1892:4906;1893:5111;1894:6054;1895:4168;1896:6294;1897:4873;1898:3032;1899:4431
106.3977,1788891206.2054,10,438.59,40375.34,40813.93,1567.6,43393.8,83363.6,0.0,1608.351,24.283,312.608,1884:12;1892:4986;1893:5370;1894:6266;1895:4318;1896:6526;1897:5053;1898:3405;1899:4438
106.5141,1788891206.3217,10,438.59,42167.03,42605.62,1578.2,44632.3,82125.1,0.0,1615.025,24.442,312.608,1884:12;1892:5003;1893:5809;1894:6477;1895:4600;1896:6750;1897:5300;1898:3774;1899:4441
106.6381,1788891206.4457,10,438.60,43002.21,43440.81,1588.3,45806.8,80950.6,0.0,1620.353,24.584,312.608,1884:12;1892:4910;1893:5302;1894:6695;1895:4899;1896:6994;1897:5529;1898:4220;1899:4442
106.7585,1788891206.5661,10,438.67,44220.47,44659.14,1580.0,47118.0,79639.4,0.0,1630.926,24.716,312.608,1884:12;1892:4877;1893:5469;1894:7012;1895:5169;1896:7201;1897:5439;1898:4584;1899:4456
106.8834,1788891206.6910,10,438.67,45746.79,46185.46,1609.6,48453.1,78304.3,0.0,1653.238,24.933,312.608,1884:12;1892:4904;1893:5742;1894:7092;1895:5300;1896:7006;1897:6020;1898:5222;1899:4448
107.0232,1788891206.8308,10,438.68,47077.86,47516.54,1604.4,50134.0,76623.4,0.0,1666.308,25.083,312.608,1884:12;1892:4914;1893:5941;1894:6673;1895:5448;1896:7316;1897:6511;1898:5804;1899:4458
107.1621,1788891206.9697,10,438.69,48264.00,48702.68,1591.4,51637.5,75119.9,0.0,1675.818,25.196,312.608,1884:12;1892:4938;1893:6199;1894:6482;1895:5535;1896:7356;1897:6951;1898:6324;1899:4467
107.2861,1788891207.0937,10,438.69,47167.72,47606.41,1567.9,52232.4,74525.0,0.0,1676.134,25.291,312.608,1884:12;1892:4966;1893:5674;1894:6458;1895:5625;1896:7130;1897:7391;1898:5458;1899:4454
107.4074,1788891207.2151,10,438.71,46606.91,47045.62,1622.4,52069.3,74688.1,0.0,1688.997,25.499,312.608,1884:12;1892:5085;1893:5914;1894:6630;1895:5115;1896:6647;1897:6987;1898:5743;1899:4473
107.5331,1788891207.3407,10,438.72,45940.77,46379.49,1553.0,51990.4,74767.0,0.0,1702.059,25.591,312.608,1884:12;1892:5170;1893:4278;1894:6858;1895:5093;1896:7038;1897:7288;1898:6129;1899:4075
107.6581,1788891207.4657,10,438.72,47542.00,47980.72,1583.5,53482.7,73274.7,0.0,1707.918,25.736,312.608,1884:12;1892:5297;1893:4623;1894:7068;1895:5250;1896:7567;1897:7608;1898:6055;1899:4062
107.7870,1788891207.5947,10,438.72,48459.27,48897.99,1611.9,54839.5,71917.9,0.0,1722.030,25.803,312.608,1884:12;1892:5379;1893:4600;1894:7379;1895:5436;1896:7291;1897:7913;1898:6366;1899:4085
107.9220,1788891207.7297,10,438.72,48953.66,49392.38,1556.1,55488.4,71269.0,0.0,1724.877,25.913,312.608,1884:12;1892:5441;1893:4577;1894:7036;1895:5618;1896:7626;1897:7864;1898:6692;1899:4088
108.0417,1788891207.8493,10,438.72,48693.96,49132.68,1604.4,55305.7,71451.7,0.0,1733.722,26.079,312.608,1884:12;1892:5463;1893:4626;1894:6732;1895:5818;1896:7597;1897:7326;1898:7038;1899:4081
108.1681,1788891207.9757,10,438.72,50171.54,50610.26,1602.2,56313.5,70443.9,0.0,1748.320,26.201,312.608,1884:12;1892:5525;1893:5024;1894:6687;1895:6055;1896:7966;1897:7667;1898:7137;1899:4098
108.2961,1788891208.1037,10,438.72,50368.03,50806.75,1575.8,56743.9,70013.5,0.0,1760.435,26.329,312.608,1884:12;1892:5784;1893:5330;1894:6509;1895:6200;1896:8178;1897:7720;1898:6539;1899:4096
108.4131,1788891208.2207,10,438.74,51297.36,51736.09,1579.0,57636.6,69120.8,0.0,1770.743,26.412,312.608,1884:12;1892:6083;1893:5286;1894:6706;1895:5925;1896:8445;1897:7872;1898:6862;1899:4106
108.5311,1788891208.3387,10,438.74,50727.93,51166.66,1580.2,57164.8,69592.6,0.0,1779.672,26.464,312.608,1884:12;1892:6317;1893:5642;1894:6894;1895:6080;1896:6491;1897:8037;1898:7147;1899:4108
108.6461,1788891208.4537,10,438.74,52750.43,53189.17,1594.2,58225.2,68532.3,0.0,1794.891,26.618,312.608,1884:12;1892:6571;1893:6072;1894:7109;1895:6220;1896:6920;1897:8224;1898:7516;1899:4106
108.7671,1788891208.5747,10,438.74,53500.48,53939.23,1598.9,59355.2,67402.2,0.0,1800.307,26.745,312.608,1884:12;1892:6825;1893:6374;1894:6955;1895:5532;1896:7290;1897:8361;1898:8030;1899:4121
108.8821,1788891208.6897,10,438.75,55178.36,55617.11,1585.5,60273.2,66484.2,0.0,1814.123,26.859,312.608,1884:12;1892:6990;1893:6690;1894:6948;1895:5632;1896:7637;1897:8534;1898:8608;1899:4127
109.0000,1788891208.8077,10,438.76,56352.27,56791.03,1597.5,61771.6,64985.8,0.0,1816.371,26.872,312.608,1884:12;1892:7107;1893:6907;1894:7353;1895:5364;1896:7846;1897:8625;1898:9012;1899:4127
109.1139,1788891208.9215,10,438.76,55518.75,55957.50,1577.8,62471.9,64285.5,0.0,1820.012,26.975,312.608,1884:12;1892:7154;1893:6473;1894:6764;1895:5770;1896:8137;1897:8477;1898:8598;1899:4133
109.2291,1788891209.0367,10,438.77,57217.86,57656.62,1602.3,63503.5,63253.9,0.0,1836.827,27.111,312.608,1884:12;1892:7210;1893:6731;1894:7023;1895:6118;1896:8366;1897:8596;1898:9024;1899:4137
109.3478,1788891209.1554,10,438.77,55185.53,55624.29,1592.6,62537.1,64220.3,0.0,1848.156,27.235,312.608,1884:12;1892:6884;1893:6990;1894:7401;1895:6441;1896:8697;1897:7045;1898:7579;1899:4137
109.4641,1788891209.2717,10,438.78,55882.17,56320.95,1579.3,62987.7,63769.7,0.0,1860.139,27.372,312.608,1884:12;1892:6485;1893:7239;1894:7810;1895:6904;1896:9039;1897:7201;1898:7051;1899:4141
109.5911,1788891209.3987,10,438.78,56509.55,56948.33,1617.4,63533.4,63224.0,0.0,1867.601,27.485,312.608,1884:12;1892:6491;1893:6693;1894:8120;1895:7357;1896:9006;1897:7364;1898:7323;1899:4144
109.7130,1788891209.5207,10,438.78,55268.54,55707.32,1533.8,62760.4,63997.0,0.0,1869.256,27.559,312.608,1884:12;1892:6485;1893:6312;1894:8482;1895:6949;1896:8590;1897:7493;1898:6791;1899:4155
109.8360,1788891209.6437,10,438.78,56131.71,56570.49,1642.0,63370.4,63387.0,0.0,1874.345,27.682,312.608,1884:12;1892:6496;1893:6667;1894:8940;1895:7297;1896:8042;1897:7634;1898:6885;1899:4158
109.9534,1788891209.7610,10,438.78,56158.40,56597.18,1558.2,64288.6,62468.9,0.0,1891.622,27.868,312.608,1884:12;1892:6587;1893:6882;1894:9206;1895:7691;1896:7378;1897:7079;1898:7161;1899:4162
110.0691,1788891209.8767,10,438.78,55207.20,55645.98,1603.1,64139.6,62617.8,0.0,1892.743,27.915,312.608,1884:12;1892:6654;1893:7159;1894:8020;1895:7231;1896:7625;1897:6925;1898:7414;1899:4166
110.1880,1788891209.9957,10,438.79,56395.86,56834.65,1583.8,64539.0,62218.5,0.0,1903.705,28.100,312.608,1884:12;1892:6704;1893:7575;1894:8591;1895:7569;1896:7899;1897:7043;1898:6837;1899:4167
110.3121,1788891210.1197,10,438.79,54868.24,55307.03,1585.1,63976.2,62781.2,0.0,1905.628,28.179,312.608,1884:12;1892:6373;1893:5205;1894:8805;1895:7798;1896:8486;1897:7006;1898:6951;1899:4232
110.4421,1788891210.2497,10,438.79,53963.99,54402.78,1579.5,62923.9,63833.5,0.0,1918.803,28.279,312.608,1884:12;1892:6572;1893:5475;1894:9005;1895:8154;1896:7473;1897:6761;1898:6256;1899:4255
110.5641,1788891210.3717,10,438.81,52711.57,53150.38,1597.1,61919.0,64838.5,0.0,1929.813,28.447,312.608,1884:12;1892:6345;1893:5660;1894:8474;1895:6993;1896:7749;1897:6842;1898:6363;1899:4274
110.6870,1788891210.4947,10,438.82,52361.10,52799.92,1573.4,61137.1,65620.3,0.0,1932.880,28.525,312.608,1884:12;1892:6594;1893:5785;1894:7899;1895:6953;1896:7380;1897:6968;1898:6485;1899:4285
110.8213,1788891210.6289,10,438.82,54086.45,54525.27,1590.1,61852.0,64905.4,0.0,1933.256,28.606,312.608,1884:12;1892:6541;1893:6061;1894:8147;1895:7256;1896:7936;1897:7122;1898:6717;1899:4294
110.9481,1788891210.7557,10,438.83,55245.00,55683.82,1592.3,63024.4,63733.0,0.0,1944.960,28.769,312.608,1884:12;1892:6800;1893:6341;1894:8371;1895:7543;1896:8440;1897:6448;1898:6970;1899:4320
111.0760,1788891210.8837,10,438.84,55015.66,55454.50,1610.3,62493.0,64264.4,0.0,1962.876,28.927,312.608,1884:12;1892:7079;1893:6108;1894:8698;1895:7897;1896:6874;1897:6594;1898:7345;1899:4408
111.2103,1788891211.0180,10,438.85,56229.75,56668.60,1589.9,63726.7,63030.7,0.0,1971.111,29.008,312.608,1884:12;1892:7348;1893:6257;1894:9048;1895:7973;1896:6758;1897:6870;1898:7591;1899:4373
111.3453,1788891211.1530,10,438.86,54137.89,54576.75,1608.6,61359.7,65397.7,0.0,1971.187,29.016,312.608,1884:12;1892:7178;1893:6536;1894:7868;1895:8213;1896:7217;1897:7066;1898:5591;1899:4456
111.4711,1788891211.2787,10,438.87,52721.40,53160.27,1566.5,60772.7,65984.7,0.0,1980.482,29.211,312.608,1884:12;1892:7002;1893:4283;1894:8204;1895:8626;1896:7495;1897:6791;1898:5772;1899:4536
111.5990,1788891211.4067,10,438.87,54311.04,54749.91,1580.3,61605.4,65152.1,0.0,1983.144,29.299,312.608,1884:12;1892:7230;1893:4149;1894:8467;1895:9000;1896:7865;1897:6884;1898:5979;1899:4725
111.7290,1788891211.5367,10,438.88,55167.55,55606.43,1593.5,62719.7,64037.7,0.0,1991.764,29.443,312.608,1884:12;1892:7509;1893:4285;1894:8628;1895:8920;1896:8247;1897:6520;1898:6187;1899:4860
111.8634,1788891211.6711,10,438.88,54161.84,54600.71,1554.9,61491.1,65266.3,0.0,2006.027,29.573,312.608,1884:12;1892:7780;1893:4368;1894:7809;1895:8015;1896:8619;1897:6607;1898:5956;1899:4996
111.9755,1788891211.7832,10,438.89,53211.16,53650.05,1606.6,61281.6,65475.8,0.0,2012.307,29.684,312.608,1884:12;1892:7660;1893:4539;1894:7639;1895:7442;1896:8119;1897:6711;1898:6275;1899:4815
112.0960,1788891211.9037,10,438.90,52331.11,52770.01,1576.1,61202.8,65554.6,0.0,2019.250,29.777,312.608,1884:12;1892:8003;1893:4562;1894:6601;1895:6914;1896:8358;1897:6790;1898:6206;1899:4885
112.2231,1788891212.0307,10,438.91,53517.51,53956.41,1580.5,61541.3,65216.1,0.0,2024.891,29.959,312.608,1884:12;1892:8326;1893:4556;1894:6458;1895:7120;1896:8681;1897:6955;1898:6461;1899:4950
112.3441,1788891212.1517,10,438.91,51365.66,51804.57,1611.0,60632.0,66125.4,0.0,2036.510,30.070,312.608,1884:12;1892:7913;1893:4566;1894:5632;1895:7306;1896:7367;1897:6636;1898:6894;1899:5040
112.4651,1788891212.2727,10,438.92,52696.97,53135.89,1577.4,61486.7,65270.7,0.0,2049.218,30.303,312.608,1884:12;1892:8092;1893:4587;1894:5637;1895:7528;1896:7417;1897:6970;1898:7277;1899:5177
112.6014,1788891212.4090,10,438.92,52909.72,53348.64,1580.9,61742.2,65015.2,0.0,2056.792,30.383,312.608,1884:12;1892:8381;1893:4581;1894:5792;1895:7730;1896:7489;1897:6731;1898:7303;1899:4890
112.7135,1788891212.5212,10,438.96,52221.70,52660.66,1604.3,61619.1,65138.3,0.0,2060.358,30.497,312.608,1884:12;1892:8703;1893:4567;1894:6016;1895:6951;1896:7464;1897:6841;1898:6792;1899:4877
112.8240,1788891212.6317,10,439.02,52494.88,52933.90,1581.1,61565.4,65192.0,0.0,2066.320,30.631,312.608,1884:12;1892:8945;1893:4606;1894:6451;1895:6723;1896:6689;1897:6987;1898:7186;1899:4896
112.9484,1788891212.7561,10,439.04,53982.54,54421.57,1576.7,62759.6,63997.9,0.0,2086.357,30.817,312.608,1884:12;1892:9179;1893:4610;1894:6804;1895:6930;1896:6864;1897:7124;1898:7543;1899:4916
113.0695,1788891212.8771,10,439.05,54982.12,55421.17,1603.2,64350.7,62406.7,0.0,2098.977,30.983,312.608,1884:12;1892:9441;1893:4608;1894:7034;1895:7254;1896:7174;1897:7342;1898:7173;1899:4943
113.2010,1788891213.0087,10,439.06,54806.74,55245.80,1586.6,64053.8,62703.6,0.0,2104.653,31.097,312.608,1884:12;1892:8886;1893:4611;1894:7270;1895:6734;1896:7518;1897:7458;1898:7380;1899:4936
113.3221,1788891213.1297,10,439.07,53993.48,54432.55,1596.3,63664.3,63093.1,0.0,2113.216,31.282,312.608,1884:12;1892:8322;1893:4612;1894:6127;1895:6948;1896:7763;1897:7631;1898:7626;1899:4953
113.4484,1788891213.2561,10,439.07,54788.82,55227.89,1572.6,63782.8,62974.6,0.0,2124.698,31.449,312.608,1884:12;1892:8595;1893:4612;1894:6387;1895:7098;1896:8049;1897:7069;1898:8001;1899:4967
113.5675,1788891213.3752,10,439.07,55343.46,55782.53,1616.9,64303.6,62453.8,0.0,2135.967,31.656,312.608,1884:12;1892:8498;1893:4654;1894:6645;1895:7252;1896:7477;1897:7304;1898:8492;1899:5009
113.7091,1788891213.5168,10,439.08,54286.24,54725.32,1594.1,64041.9,62715.5,0.0,2140.558,31.699,312.608,1884:12;1892:8937;1893:4639;1894:6805;1895:6791;1896:7676;1897:7127;1898:7317;1899:4982
113.8362,1788891213.6438,10,439.08,53735.48,54174.56,1561.5,63213.4,63544.0,0.0,2143.965,31.854,312.608,1884:12;1892:9247;1893:4638;1894:7097;1895:6187;1896:7901;1897:7232;1898:6407;1899:5015
113.9560,1788891213.7637,10,439.08,52424.41,52863.50,1594.9,61959.3,64798.1,0.0,2155.166,32.090,312.608,1884:12;1892:7154;1893:4635;1894:7332;1895:6259;1896:8108;1897:7373;1898:6555;1899:4997
114.0709,1788891213.8786,10,439.09,52325.80,52764.89,1584.3,61809.3,64948.1,0.0,2164.450,32.237,312.608,1884:12;1892:7693;1893:4672;1894:6760;1895:6381;1896:8408;1897:6686;1898:6701;1899:5014
114.1921,1788891213.9997,10,439.09,53672.97,54112.06,1595.5,62551.3,64206.1,0.0,2175.207,32.409,312.608,1884:12;1892:8201;1893:4662;1894:6935;1895:6490;1896:8624;1897:6814;1898:6935;1899:4999
114.3131,1788891214.1207,10,439.09,54425.92,54865.01,1557.8,62691.3,64066.1,0.0,2182.924,32.593,312.608,1884:12;1892:8706;1893:4678;1894:7056;1895:6707;1896:8896;1897:6911;1898:6438;1899:5021
114.4320,1788891214.2397,10,439.09,54061.04,54500.13,1594.6,62503.4,64254.0,0.0,2183.683,32.652,312.608,1884:12;1892:8309;1893:4669;1894:7160;1895:7078;1896:8250;1897:6970;1898:6561;1899:5050
114.5471,1788891214.3547,10,439.10,53378.19,53817.29,1589.9,62094.8,64662.6,0.0,2200.023,32.761,312.608,1884:12;1892:7118;1893:4671;1894:7249;1895:7479;1896:8453;1897:6680;1898:6671;1899:5046
114.6620,1788891214.4697,10,439.10,50785.44,51224.54,1617.6,60132.2,66625.3,0.0,2205.729,32.942,312.608,1884:12;1892:7049;1893:4686;1894:7320;1895:6050;1896:6931;1897:6874;1898:6840;1899:5025
114.7801,1788891214.5877,10,439.11,50512.66,50951.77,1580.1,60429.4,66328.1,0.0,2215.322,33.108,312.608,1884:12;1892:7255;1893:4693;1894:5884;1895:6472;1896:7132;1897:7040;1898:6976;1899:5047
114.8983,1788891214.7060,10,439.12,48579.78,49018.89,1594.7,59149.6,67607.8,0.0,2221.288,33.280,312.608,1884:12;1892:6861;1893:4302;1894:5976;1895:6352;1896:7536;1897:5324;1898:7126;1899:5090
115.0235,1788891214.8312,10,439.12,45344.85,45783.97,1587.9,55797.7,70959.7,0.0,2223.581,33.360,312.608,1884:12;1892:5822;1893:4302;1894:4236;1895:6582;1896:6651;1897:5426;1898:7222;1899:5091
115.1484,1788891214.9560,10,439.17,45363.11,45802.28,1581.8,55274.5,71482.9,0.0,2229.963,33.515,312.608,1884:12;1892:6275;1893:4310;1894:4323;1895:6961;1896:6956;1897:5590;1898:5858;1899:5079
115.2701,1788891215.0777,10,439.23,45584.68,46023.92,1592.1,55156.2,71601.2,0.0,2231.259,33.631,312.608,1884:12;1892:6850;1893:4317;1894:4344;1895:6475;1896:6984;1897:5706;1898:5831;1899:5065
115.3897,1788891215.1973,10,439.25,46720.38,47159.64,1587.5,55515.0,71242.5,0.0,2239.553,33.834,312.608,1884:12;1892:7056;1893:4348;1894:4343;1895:6816;1896:7133;1897:5912;1898:5989;1899:5110
115.5071,1788891215.3147,10,439.27,48091.48,48530.74,1585.4,56392.5,70364.9,0.0,2246.275,33.976,312.608,1884:12;1892:7435;1893:4327;1894:4362;1895:7255;1896:7457;1897:5644;1898:6490;1899:5110
115.6320,1788891215.4397,10,439.28,48502.29,48941.57,1576.2,56479.7,70277.7,0.0,2254.862,34.166,312.608,1884:12;1892:7885;1893:4325;1894:4442;1895:7429;1896:7769;1897:5777;1898:5737;1899:5126
115.7575,1788891215.5652,10,439.29,49309.36,49748.65,1598.0,56985.8,69771.6,0.0,2255.919,34.244,312.608,1884:12;1892:7559;1893:4360;1894:4445;1895:7873;1896:8054;1897:6034;1898:5768;1899:5204
115.8790,1788891215.6867,10,439.35,50478.16,50917.51,1580.7,57893.0,68864.4,0.0,2259.186,34.316,312.608,1884:12;1892:8058;1893:4338;1894:4446;1895:8233;1896:8343;1897:5933;1898:5774;1899:5342
116.0009,1788891215.8085,10,439.36,51260.31,51699.67,1597.0,58383.1,68374.3,0.0,2263.564,34.550,312.608,1884:12;1892:7745;1893:4347;1894:4434;1895:8614;1896:8646;1897:6196;1898:5823;1899:5442
116.1121,1788891215.9197,10,439.38,52776.45,53215.82,1592.8,59621.0,67136.4,0.0,2273.376,34.732,312.608,1884:12;1892:8270;1893:4376;1894:4523;1895:9030;1896:8883;1897:6511;1898:5800;1899:5371
116.2283,1788891216.0360,10,439.38,53443.91,53883.29,1590.8,60007.3,66750.1,0.0,2284.123,34.794,312.608,1884:12;1892:7849;1893:4401;1894:4621;1895:9555;1896:9062;1897:6781;1898:5818;1899:5345
116.3448,1788891216.1524,10,439.38,54840.73,55280.11,1590.1,61324.6,65432.8,0.0,2286.290,34.863,312.608,1884:12;1892:8291;1893:4377;1894:4763;1895:9880;1896:9187;1897:7003;1898:5786;1899:5542
116.4625,1788891216.2701,10,439.41,54904.75,55344.16,1580.6,61438.1,65319.3,0.0,2295.909,35.021,312.608,1884:12;1892:8637;1893:4381;1894:4974;1895:9427;1896:8842;1897:7143;1898:5786;1899:5703
116.5753,1788891216.3829,10,439.43,55409.25,55848.68,1599.0,61786.4,64971.0,0.0,2310.575,35.155,312.608,1884:12;1892:8404;1893:4397;1894:5049;1895:9716;1896:8958;1897:7299;1898:5754;1899:5820
116.7001,1788891216.5077,10,439.43,53897.78,54337.20,1591.0,60929.0,65828.4,0.0,2322.163,35.265,312.608,1884:12;1892:7551;1893:4394;1894:5175;1895:9196;1896:9097;1897:6632;1898:5791;1899:6050
116.8181,1788891216.6257,10,439.44,53256.99,53696.43,1590.6,61275.3,65482.1,0.0,2325.812,35.400,312.608,1884:12;1892:7528;1893:4417;1894:5327;1895:8963;1896:8394;1897:6821;1898:5805;1899:5989
116.9383,1788891216.7459,10,439.45,52256.16,52695.61,1586.7,61085.2,65672.2,0.0,2326.323,35.534,312.608,1884:12;1892:7080;1893:4409;1894:4723;1895:8890;1896:8213;1897:6977;1898:5804;1899:6149
117.0870,1788891216.8947,10,439.46,52134.00,52573.46,1586.4,60822.0,65935.4,0.0,2358.654,35.787,312.608,1884:12;1892:6616;1893:4387;1894:4703;1895:9320;1896:8155;1897:7178;1898:5813;1899:5950
117.2099,1788891217.0175,10,439.48,52123.44,52562.92,1580.7,60672.2,66085.2,0.0,2371.832,35.969,312.608,1884:12;1892:6473;1893:4434;1894:4656;1895:8794;1896:8484;1897:7354;1898:5841;1899:6075
117.3371,1788891217.1447,10,439.49,51086.66,51526.14,1599.0,59798.4,66959.0,0.0,2380.476,36.059,312.608,1884:12;1892:6741;1893:4430;1894:4752;1895:8149;1896:8325;1897:6663;1898:5832;1899:6182
117.4640,1788891217.2717,10,439.50,51175.41,51614.91,1575.5,59810.8,66946.6,0.0,2386.000,36.300,312.608,1884:12;1892:6854;1893:4417;1894:4832;1895:8388;1896:8592;1897:6816;1898:5746;1899:5517
117.5850,1788891217.3927,10,439.50,51554.13,51993.63,1592.7,59978.9,66778.5,0.0,2394.041,36.426,312.608,1884:12;1892:7004;1893:4457;1894:4936;1895:8620;1896:8142;1897:7044;1898:5737;1899:5601
117.7031,1788891217.5108,10,439.52,50293.05,50732.57,1563.6,58454.6,68302.8,0.0,2411.442,36.730,312.608,1884:12;1892:5297;1893:4455;1894:5033;1895:8839;1896:8024;1897:7260;1898:5741;1899:5632
117.8282,1788891217.6358,10,439.52,48593.88,49033.39,1584.1,57474.9,69282.5,0.0,2419.167,36.939,312.608,1884:12;1892:5545;1893:4460;1894:4620;1895:9167;1896:7588;1897:5796;1898:5754;1899:5650
117.9471,1788891217.7547,10,439.52,48234.88,48674.40,1595.2,56871.8,69885.6,0.0,2424.351,37.034,312.608,1884:12;1892:5709;1893:4473;1894:4624;1895:8110;1896:8163;1897:5676;1898:5777;1899:5691
118.0650,1788891217.8727,10,439.53,48318.20,48757.73,1584.9,57430.8,69326.7,0.0,2437.802,37.230,312.608,1884:12;1892:5790;1893:4488;1894:4686;1895:7718;1896:8328;1897:5836;1898:5796;1899:5664
118.1851,1788891217.9927,10,439.54,48248.55,48688.08,1563.3,57197.3,69560.1,0.0,2456.496,37.443,312.608,1884:12;1892:5845;1893:4500;1894:4653;1895:7931;1896:7672;1897:6008;1898:5796;1899:5831
118.3031,1788891218.1107,10,439.55,48594.95,49034.49,1569.2,57117.4,69640.0,0.0,2468.913,37.680,312.608,1884:12;1892:6060;1893:4520;1894:4671;1895:7425;1896:8228;1897:5931;1898:5824;1899:5924
118.4260,1788891218.2337,10,439.56,48259.15,48698.71,1602.3,56551.4,70206.0,0.0,2473.377,37.871,312.608,1884:12;1892:5468;1893:4501;1894:4664;1895:7248;1896:8503;1897:6075;1898:5844;1899:5944
118.5440,1788891218.3517,10,439.58,49619.64,50059.22,1603.0,57279.9,69477.6,0.0,2481.518,37.968,312.608,1884:12;1892:5578;1893:4538;1894:4721;1895:7951;1896:8726;1897:6283;1898:5842;1899:5969
118.6582,1788891218.4658,10,439.59,48857.79,49297.37,1580.7,56644.8,70112.6,0.0,2491.284,38.180,312.608,1884:12;1892:5596;1893:4542;1894:4907;1895:7972;1896:8443;1897:5548;1898:5858;1899:5980
118.7793,1788891218.5869,10,439.61,49651.76,50091.37,1566.2,57166.7,69590.8,0.0,2515.818,38.401,312.608,1884:12;1892:5670;1893:4596;1894:4852;1895:8684;1896:8335;1897:5644;1898:5897;1899:5961
118.9163,1788891218.7240,10,439.62,50854.12,51293.74,1583.9,57928.5,68828.9,0.0,2527.999,38.634,312.608,1884:12;1892:5842;1893:4662;1894:4941;1895:9212;1896:8580;1897:5643;1898:5950;1899:6013
119.0423,1788891218.8500,10,439.64,51026.79,51466.43,1558.6,58456.0,68301.4,0.0,2540.931,38.787,312.608,1884:12;1892:5889;1893:4677;1894:5337;1895:9288;1896:8222;1897:5599;1898:5959;1899:6044
119.1737,1788891218.9813,10,439.68,51223.26,51662.94,1614.4,58639.9,68117.5,0.0,2548.694,38.921,312.608,1884:12;1892:5741;1893:4675;1894:5205;1895:9555;1896:8240;1897:5772;1898:5974;1899:6049
119.3010,1788891219.1087,10,439.69,52086.64,52526.33,1571.2,59318.8,67438.6,0.0,2556.963,39.121,312.608,1884:12;1892:5746;1893:4673;1894:5178;1895:10138;1896:8417;1897:5905;1898:5973;1899:6044
119.4250,1788891219.2327,10,439.70,50246.68,50686.38,1578.3,57731.9,69025.6,0.0,2569.674,39.367,312.608,1884:12;1892:5824;1893:4706;1894:5362;1895:9831;1896:6773;1897:5685;1898:5983;1899:6070
119.5451,1788891219.3527,10,439.71,50665.67,51105.38,1575.2,58151.5,68605.9,0.0,2574.585,39.428,312.608,1884:12;1892:5896;1893:4687;1894:4723;1895:10281;1896:7309;1897:5725;1898:5999;1899:6034
119.6620,1788891219.4697,10,439.73,51618.02,52057.75,1585.4,58912.9,67844.5,0.0,2601.293,39.826,312.608,1884:12;1892:5790;1893:4715;1894:4823;1895:10902;1896:7511;1897:5787;1898:6010;1899:6069
119.7893,1788891219.5969,10,439.73,51498.48,51938.20,1595.3,58901.4,67856.0,0.0,2615.510,39.950,312.608,1884:12;1892:5841;1893:4698;1894:4824;1895:11170;1896:7592;1897:5236;1898:6024;1899:6100
119.9041,1788891219.7117,10,439.73,49983.68,50423.41,1614.3,57248.1,69509.3,0.0,2632.151,40.187,312.608,1884:12;1892:5932;1893:4759;1894:4829;1895:9392;1896:7766;1897:5182;1898:6035;1899:6077
120.0219,1788891219.8295,10,439.73,49681.69,50121.42,1561.2,56761.9,69995.5,0.0,2651.458,40.459,312.608,1884:12;1892:5882;1893:4918;1894:4844;1895:8801;1896:7868;1897:5206;1898:6048;1899:6104
120.1380,1788891219.9457,10,439.73,50361.77,50801.50,1570.7,57315.6,69441.8,0.0,2660.333,40.683,312.608,1884:12;1892:5867;1893:5053;1894:4884;1895:9282;1896:7902;1897:5183;1898:6064;1899:6114
120.2535,1788891220.0611,10,439.77,49718.50,50158.27,1593.6,56866.0,69891.5,0.0,2678.229,40.846,312.608,1884:12;1892:5901;1893:5242;1894:4845;1895:8800;1896:7532;1897:5228;1898:6082;1899:6076
120.3630,1788891220.1707,10,439.77,48148.29,48588.07,1558.4,55696.6,71060.9,0.0,2697.682,41.185,312.608,1884:12;1892:5906;1893:4625;1894:4879;1895:7764;1896:7529;1897:5241;1898:6077;1899:6116
120.4801,1788891220.2877,10,439.82,48972.89,49412.71,1604.6,56232.5,70524.9,0.0,2707.322,41.370,312.608,1884:12;1892:5958;1893:4804;1894:4904;1895:8117;1896:7788;1897:5175;1898:6074;1899:6140
120.5991,1788891220.4067,10,439.84,47664.64,48104.48,1592.7,55308.4,71449.0,0.0,2714.656,41.463,312.608,1884:12;1892:5950;1893:5108;1894:4903;1895:6540;1896:7727;1897:5181;1898:6103;1899:6142
120.7150,1788891220.5227,10,439.85,48466.24,48906.09,1573.7,55558.4,71199.0,0.0,2734.114,41.767,312.608,1884:12;1892:5984;1893:5130;1894:4903;1895:6776;1896:7975;1897:5195;1898:6317;1899:6175
120.8340,1788891220.6417,10,439.86,49062.17,49502.03,1572.0,56006.3,70751.2,0.0,2754.772,41.994,312.608,1884:12;1892:5988;1893:5407;1894:4920;1895:7076;1896:7834;1897:5206;1898:6472;1899:6147
120.9560,1788891220.7637,10,439.86,49199.85,49639.71,1593.0,55867.7,70889.7,0.0,2763.494,42.125,312.608,1884:12;1892:6099;1893:5664;1894:4925;1895:6270;1896:8099;1897:5228;1898:6677;1899:6226
121.0700,1788891220.8777,10,439.87,49209.41,49649.28,1584.9,55821.6,70935.9,0.0,2779.296,42.339,312.608,1884:12;1892:6319;1893:5653;1894:4961;1895:5591;1896:8293;1897:5226;1898:6919;1899:6236
121.1851,1788891220.9927,10,439.88,49491.67,49931.55,1595.7,55967.2,70790.2,0.0,2791.198,42.520,312.608,1884:12;1892:6446;1893:5511;1894:4974;1895:5994;1896:8457;1897:5216;1898:6654;1899:6227
121.3010,1788891221.1087,10,439.93,50146.80,50586.73,1563.8,56721.6,70035.9,0.0,2816.624,42.754,312.608,1884:12;1892:6555;1893:5681;1894:5049;1895:6508;1896:7999;1897:5236;1898:6827;1899:6281
121.4230,1788891221.2307,10,439.98,49207.55,49647.53,1584.4,56369.5,70387.9,0.0,2826.627,42.952,312.608,1884:12;1892:6493;1893:5013;1894:5175;1895:6107;1896:8178;1897:5241;1898:6727;1899:6261
121.5520,1788891221.3597,10,440.00,50107.94,50547.93,1573.5,56836.7,69920.7,0.0,2850.784,43.218,312.608,1884:12;1892:6590;1893:5027;1894:5182;1895:6599;1896:8046;1897:5291;1898:7091;1899:6271
121.6727,1788891221.4804,10,440.01,50464.04,50904.05,1581.8,56900.6,69856.8,0.0,2864.643,43.398,312.608,1884:12;1892:6678;1893:5150;1894:5201;1895:6137;1896:8139;1897:5266;1898:7538;1899:6343
121.7910,1788891221.5987,10,440.02,51338.78,51778.80,1578.3,57463.0,69294.4,0.0,2872.049,43.528,312.608,1884:12;1892:6867;1893:5179;1894:5224;1895:6359;1896:8261;1897:5265;1898:7790;1899:6381
121.9060,1788891221.7137,10,440.07,51926.39,52366.46,1570.9,57991.1,68766.3,0.0,2881.764,43.687,312.608,1884:12;1892:6980;1893:5188;1894:5353;1895:6427;1896:8158;1897:5294;1898:8037;1899:6477
122.0201,1788891221.8277,10,440.09,52864.91,53305.00,1555.2,58548.0,68209.4,0.0,2897.954,43.984,312.608,1884:12;1892:7111;1893:5182;1894:5348;1895:6600;1896:8366;1897:5324;1898:8302;1899:6621
122.1350,1788891221.9427,10,440.11,52737.58,53177.69,1562.6,58358.4,68399.1,0.0,2916.271,44.136,312.608,1884:12;1892:7285;1893:5212;1894:5359;1895:6661;1896:8486;1897:5319;1898:7647;1899:6756
122.2551,1788891222.0628,10,440.15,53017.93,53458.08,1586.7,58927.8,67829.6,0.0,2928.919,44.281,312.608,1884:12;1892:7355;1893:5225;1894:5389;1895:6668;1896:8623;1897:5366;1898:7892;1899:6487
122.3790,1788891222.1867,10,440.20,53772.06,54212.26,1585.5,59593.0,67164.4,0.0,2936.652,44.429,312.608,1884:12;1892:7444;1893:5327;1894:5392;1895:6694;1896:8774;1897:5394;1898:8228;1899:6508
122.5000,1788891222.3077,10,440.23,52111.85,52552.09,1601.7,58451.1,68306.3,0.0,2942.642,44.542,312.608,1884:12;1892:6909;1893:5358;1894:5417;1895:6633;1896:8680;1897:5402;1898:7194;1899:6507
122.6151,1788891222.4227,10,440.31,52427.30,52867.61,1565.6,58319.0,68438.4,0.0,2957.928,44.763,312.608,1884:12;1892:6725;1893:5412;1894:5430;1895:6951;1896:8762;1897:5378;1898:7248;1899:6508
122.7380,1788891222.5457,10,440.32,53071.80,53512.12,1603.4,58592.5,68164.9,0.0,2967.557,45.066,312.608,1884:12;1892:6923;1893:5486;1894:5448;1895:7152;1896:8844;1897:5414;1898:7381;1899:6411
122.8557,1788891222.6634,10,440.33,54178.45,54618.77,1574.6,59238.6,67518.8,0.0,3014.176,45.417,312.608,1884:12;1892:7107;1893:5882;1894:5478;1895:7321;1896:8966;1897:5441;1898:7520;1899:6451
122.9905,1788891222.7981,10,440.34,55033.72,55474.05,1599.9,59774.1,66983.3,0.0,3030.677,45.549,312.608,1884:12;1892:7229;1893:6061;1894:5496;1895:7551;1896:9131;1897:5474;1898:7625;1899:6454
123.1138,1788891222.9214,10,440.36,54933.55,55373.90,1580.4,60445.2,66312.2,0.0,3050.119,45.729,312.608,1884:12;1892:7310;1893:6234;1894:5649;1895:7746;1896:8436;1897:5342;1898:7752;1899:6454
123.2491,1788891223.0567,10,440.36,52636.98,53077.35,1584.4,58628.7,68128.7,0.0,3080.803,46.035,312.608,1884:12;1892:7504;1893:6509;1894:5672;1895:7958;1896:7027;1897:5336;1898:6151;1899:6467
123.3730,1788891223.1807,10,440.38,52749.82,53190.20,1599.9,58828.3,67929.1,0.0,3099.709,46.240,312.608,1884:12;1892:7509;1893:6127;1894:5714;1895:8079;1896:7124;1897:5328;1898:6365;1899:6492
123.4910,1788891223.2987,10,440.41,52749.14,53189.55,1581.1,59124.6,67632.8,0.0,3123.990,46.461,312.608,1884:12;1892:7611;1893:6235;1894:5711;1895:7577;1896:7211;1897:5355;1898:6530;1899:6506
123.6120,1788891223.4197,10,440.43,53510.71,53951.14,1593.2,59491.0,67266.4,0.0,3139.740,46.584,312.608,1884:12;1892:7745;1893:6212;1894:5795;1895:7791;1896:7277;1897:5358;1898:6830;1899:6491
123.7311,1788891223.5387,10,440.44,54292.12,54732.56,1590.2,60202.4,66555.0,0.0,3150.620,46.714,312.608,1884:12;1892:7790;1893:6250;1894:5899;1895:7947;1896:7418;1897:5378;1898:7035;1899:6563
123.8601,1788891223.6677,10,440.46,54541.75,54982.21,1588.9,60687.0,66070.4,0.0,3168.639,46.948,312.608,1884:12;1892:7971;1893:5931;1894:5934;1895:8113;1896:7263;1897:5401;1898:7222;1899:6694
123.9802,1788891223.7879,10,440.46,54875.64,55316.11,1563.6,61199.9,65557.5,0.0,3184.296,47.168,312.608,1884:12;1892:8096;1893:5683;1894:5993;1895:8254;1896:7071;1897:5410;1898:7449;1899:6908
124.0971,1788891223.9047,10,440.49,55647.16,56087.65,1574.1,61693.1,65064.3,0.0,3201.071,47.336,312.608,1884:12;1892:8279;1893:5766;1894:6084;1895:8438;1896:7249;1897:5391;1898:7525;1899:6902
124.2170,1788891224.0247,10,440.51,56484.21,56924.73,1623.0,62191.9,64565.5,0.0,3206.964,47.457,312.608,1884:12;1892:8615;1893:5885;1894:6135;1895:8604;1896:7364;1897:5388;1898:7570;1899:6912
124.3370,1788891224.1447,10,440.59,56846.91,57287.50,1578.6,62790.6,63966.8,0.0,3228.328,47.591,312.608,1884:12;1892:8789;1893:5979;1894:6200;1895:8649;1896:6810;1897:5391;1898:7930;1899:7087
124.4640,1788891224.2717,10,440.64,57898.19,58338.83,1578.6,63160.5,63596.9,0.0,3249.324,47.791,312.608,1884:12;1892:9095;1893:6032;1894:6281;1895:8784;1896:6863;1897:5423;1898:8129;1899:7279
124.5871,1788891224.3947,10,440.68,59110.05,59550.73,1599.7,63872.0,62885.4,0.0,3263.737,47.883,312.608,1884:12;1892:9032;1893:6121;1894:6366;1895:8942;1896:6990;1897:5444;1898:8384;1899:7818
124.7080,1788891224.5157,10,440.69,58841.36,59282.04,1600.8,63788.8,62968.6,0.0,3273.242,47.994,312.608,1884:12;1892:8727;1893:6191;1894:6499;1895:9108;1896:7061;1897:5444;1898:7885;1899:7913
124.8449,1788891224.6526,10,440.71,59150.89,59591.60,1583.2,64194.6,62562.8,0.0,3287.166,48.129,312.608,1884:12;1892:8494;1893:6286;1894:6622;1895:9254;1896:6956;1897:5450;1898:8186;1899:7891
124.9802,1788891224.7878,10,440.72,60568.66,61009.39,1575.1,65117.0,61640.4,0.0,3294.962,48.300,312.608,1884:12;1892:8740;1893:6425;1894:6832;1895:9428;1896:6961;1897:5406;1898:8730;1899:8033
125.1091,1788891224.9167,10,440.74,60839.69,61280.43,1591.5,66001.7,60755.7,0.0,3310.646,48.428,312.608,1884:12;1892:9237;1893:6655;1894:6936;1895:8725;1896:6954;1897:5425;1898:8986;1899:7909
125.2361,1788891225.0437,10,440.75,61538.73,61979.48,1601.7,66957.7,59799.7,0.0,3337.257,48.639,312.608,1884:12;1892:9290;1893:6759;1894:6861;1895:8859;1896:6952;1897:5500;1898:9163;1899:8142
125.3741,1788891225.1817,10,440.79,62285.18,62725.98,1592.5,67601.2,59156.2,0.0,3369.614,48.825,312.608,1884:12;1892:9633;1893:6890;1894:6932;1895:8988;1896:6978;1897:5655;1898:9518;1899:7677
125.5031,1788891225.3107,10,440.80,63411.74,63852.54,1576.3,68632.0,58125.4,0.0,3373.270,48.923,312.608,1884:12;1892:9618;1893:7052;1894:7048;1895:9111;1896:6980;1897:5722;1898:10012;1899:7856
125.6331,1788891225.4407,10,440.80,62620.12,63060.92,1587.9,68642.5,58114.9,0.0,3391.038,49.050,312.608,1884:12;1892:9816;1893:7274;1894:7129;1895:7936;1896:6986;1897:5811;1898:9504;1899:8153
125.7640,1788891225.5717,10,440.81,62809.47,63250.29,1594.4,68956.3,57801.1,0.0,3397.448,49.128,312.608,1884:12;1892:10126;1893:7304;1894:7190;1895:7211;1896:6996;1897:5890;1898:9639;1899:8442
125.8960,1788891225.7037,10,440.82,63390.23,63831.06,1593.1,69190.9,57566.5,0.0,3417.242,49.300,312.608,1884:12;1892:10352;1893:7436;1894:7292;1895:6712;1896:6998;1897:5943;1898:9826;1899:8818
126.0170,1788891225.8247,10,440.84,62946.21,63387.05,1605.0,69090.0,57667.4,0.0,3426.984,49.477,312.608,1884:12;1892:9871;1893:7565;1894:7367;1895:6787;1896:6988;1897:5959;1898:9236;1899:9161
126.1401,1788891225.9477,10,440.86,62450.07,62890.93,1588.2,69329.8,57427.7,0.0,3471.080,49.690,312.608,1884:12;1892:9051;1893:7694;1894:7521;1895:6916;1896:7008;1897:5981;1898:9546;1899:8720
126.2660,1788891226.0737,10,440.87,62244.16,62685.03,1596.6,68815.7,57941.7,0.0,3480.751,49.768,312.608,1884:12;1892:8213;1893:7816;1894:7660;1895:7045;1896:7018;1897:5995;1898:9376;1899:9109
126.3923,1788891226.1999,10,440.90,62373.45,62814.35,1579.0,69081.2,57676.2,0.0,3511.438,49.993,312.608,1884:12;1892:8276;1893:7923;1894:7787;1895:7164;1896:7018;1897:5995;1898:9601;1899:8596
126.5241,1788891226.3317,10,440.91,62732.80,63173.70,1595.4,69364.0,57393.5,0.0,3517.903,50.168,312.608,1884:12;1892:8151;1893:8121;1894:7874;1895:7271;1896:7033;1897:5997;1898:9445;1899:8829
126.6561,1788891226.4637,10,440.91,61272.85,61713.76,1597.2,69590.2,57167.2,0.0,3532.987,50.318,312.608,1884:12;1892:8182;1893:8305;1894:8029;1895:7391;1896:7046;1897:5991;1898:8354;1899:7962
126.7831,1788891226.5907,10,440.91,61928.36,62369.27,1571.7,69681.6,57075.8,0.0,3552.235,50.459,312.608,1884:12;1892:8232;1893:8484;1894:8131;1895:7497;1896:7039;1897:5787;1898:8593;1899:8153
126.9181,1788891226.7257,10,440.92,60936.72,61377.64,1611.5,69391.6,57365.9,0.0,3563.241,50.597,312.608,1884:12;1892:7882;1893:8678;1894:8235;1895:7563;1896:7077;1897:5611;1898:8733;1899:7145
127.0451,1788891226.8527,10,440.92,60434.83,60875.75,1592.2,69324.6,57432.8,0.0,3582.879,50.738,312.608,1884:12;1892:7946;1893:8529;1894:8367;1895:7634;1896:7214;1897:5621;1898:7903;1899:7208
127.1720,1788891226.9797,10,440.92,61116.16,61557.08,1599.2,69423.2,57334.2,0.0,3589.993,50.885,312.608,1884:12;1892:8019;1893:8681;1894:8534;1895:7675;1896:7222;1897:5625;1898:8023;1899:7325
127.2930,1788891227.1007,10,440.93,61190.47,61631.40,1577.2,68666.5,58090.9,0.0,3619.257,51.058,312.608,1884:12;1892:8141;1893:8148;1894:8628;1895:7760;1896:7211;1897:5622;1898:8306;1899:7362
127.4121,1788891227.2197,10,440.98,60718.13,61159.11,1584.7,68300.5,58456.9,0.0,3642.206,51.232,312.608,1884:12;1892:7872;1893:8456;1894:8726;1895:6929;1896:7239;1897:5629;1898:8601;1899:7254
127.5328,1788891227.3405,10,440.98,60989.46,61430.45,1614.3,68663.5,58093.9,0.0,3650.028,51.314,312.608,1884:12;1892:8013;1893:8702;1894:8918;1895:7030;1896:7251;1897:5652;1898:8038;1899:7373
127.6421,1788891227.4497,10,440.99,62059.42,62500.41,1583.9,68982.3,57775.1,0.0,3670.970,51.452,312.608,1884:12;1892:8439;1893:8619;1894:9141;1895:7093;1896:7248;1897:5665;1898:8373;1899:7469
127.7610,1788891227.5687,10,440.99,62939.58,63380.57,1580.5,69636.8,57120.6,0.0,3682.574,51.572,312.608,1884:12;1892:8730;1893:8897;1894:9369;1895:7186;1896:7259;1897:5659;1898:8289;1899:7538
127.8752,1788891227.6828,10,441.02,62000.11,62441.13,1583.3,69229.7,57527.7,0.0,3690.655,51.621,312.608,1884:12;1892:9184;1893:8291;1894:9439;1895:7251;1896:7309;1897:5641;1898:8379;1899:6494
127.9924,1788891227.8000,10,441.03,62396.97,62838.00,1590.8,69782.9,56974.5,0.0,3702.117,51.674,312.608,1884:12;1892:9657;1893:8582;1894:9180;1895:7395;1896:7409;1897:5661;1898:7704;1899:6796
128.1121,1788891227.9197,10,441.03,63382.76,63823.79,1594.7,70622.6,56134.9,0.0,3709.612,51.806,312.608,1884:12;1892:10078;1893:8649;1894:9371;1895:7213;1896:7417;1897:5664;1898:7824;1899:7155
128.2323,1788891228.0399,10,441.04,64116.63,64557.66,1603.0,71622.9,55134.5,0.0,3731.621,51.991,312.608,1884:12;1892:9949;1893:8899;1894:9695;1895:6833;1896:7457;1897:5697;1898:8098;1899:7478
128.3657,1788891228.1733,10,441.04,64264.44,64705.48,1551.7,71659.3,55098.1,0.0,3747.451,52.089,312.608,1884:12;1892:10214;1893:8722;1894:9642;1895:7029;1896:7451;1897:5742;1898:7943;1899:7508
128.4871,1788891228.2947,10,441.06,64293.12,64734.19,1584.4,71746.6,55010.8,0.0,3762.737,52.179,312.608,1884:12;1892:9444;1893:9173;1894:9969;1895:7211;1896:7438;1897:5740;1898:8026;1899:7280
128.6164,1788891228.4240,10,441.08,65383.64,65824.72,1589.5,72618.4,54139.1,0.0,3766.554,52.292,312.608,1884:12;1892:9430;1893:9645;1894:10441;1895:7339;1896:7461;1897:5749;1898:8207;1899:7099
128.7401,1788891228.5477,10,441.09,67902.13,68343.21,1587.7,73861.7,52895.7,0.0,3779.691,52.399,312.608,1884:12;1892:10002;1893:10353;1894:10902;1895:7582;1896:7476;1897:5775;1898:8393;1899:7407
128.9011,1788891228.7087,10,441.12,68880.95,69322.07,1582.2,74672.9,52084.5,0.0,3786.104,52.464,312.608,1884:12;1892:10396;1893:10967;1894:11243;1895:7719;1896:7481;1897:5808;1898:7695;1899:7560
129.0381,1788891228.8457,10,441.13,69393.24,69834.37,1605.7,75490.1,51267.3,0.0,3787.570,52.544,312.608,1884:12;1892:10797;1893:11153;1894:10831;1895:7809;1896:7481;1897:5832;1898:7793;1899:7685
129.1640,1788891228.9717,10,441.14,68767.73,69208.87,1555.8,75632.6,51124.8,0.0,3790.989,52.648,312.608,1884:12;1892:11292;1893:11513;1894:9176;1895:8066;1896:7499;1897:5838;1898:7899;1899:7472
129.2844,1788891229.0921,10,441.14,66762.14,67203.29,1586.9,74343.8,52413.6,0.0,3799.843,52.732,312.608,1884:12;1892:9996;1893:10998;1894:8762;1895:7720;1896:7497;1897:5866;1898:8127;1899:7784
129.4081,1788891229.2157,10,441.18,66726.46,67167.64,1548.1,74383.5,52374.0,0.0,3805.681,52.787,312.608,1884:12;1892:10306;1893:10951;1894:8393;1895:7587;1896:7505;1897:5879;1898:8234;1899:7858
129.5311,1788891229.3387,10,441.21,66840.42,67281.63,1592.4,74534.8,52222.6,0.0,3814.640,52.957,312.608,1884:12;1892:9841;1893:10713;1894:8546;1895:7770;1896:7516;1897:5949;1898:8272;1899:8221
129.6521,1788891229.4597,10,441.21,68561.57,69002.79,1568.2,75663.2,51094.2,0.0,3828.895,53.053,312.608,1884:12;1892:10039;1893:11266;1894:8839;1895:7859;1896:7517;1897:5981;1898:8307;1899:8742
129.7841,1788891229.5917,10,441.22,68982.68,69423.90,1600.0,76460.2,50297.2,0.0,3836.120,53.175,312.608,1884:12;1892:10251;1893:11595;1894:9070;1895:7985;1896:7541;1897:5992;1898:7503;1899:9033
129.9088,1788891229.7164,10,441.23,68626.20,69067.43,1586.9,76449.7,50307.7,0.0,3839.417,53.235,312.608,1884:12;1892:10496;1893:11143;1894:9138;1895:8017;1896:7541;1897:5999;1898:7533;1899:8747
130.0210,1788891229.8287,10,441.23,67737.12,68178.36,1549.7,76728.5,50028.9,0.0,3843.973,53.347,312.608,1884:12;1892:9749;1893:11652;1894:9477;1895:8134;1896:7551;1897:5990;1898:7526;1899:7646
130.1401,1788891229.9477,10,441.25,66785.96,67227.21,1582.1,75097.3,51660.1,0.0,3854.602,53.494,312.608,1884:12;1892:9989;1893:10541;1894:9007;1895:8219;1896:7563;1897:6018;1898:7556;1899:7881
130.2589,1788891230.0666,10,441.25,67506.03,67947.28,1582.7,75379.0,51378.4,0.0,3859.203,53.588,312.608,1884:12;1892:10247;1893:10352;1894:9233;1895:8330;1896:7576;1897:6029;1898:7578;1899:8149
130.3769,1788891230.1846,10,441.27,67081.26,67522.52,1576.9,75334.5,51422.9,0.0,3861.644,53.703,312.608,1884:12;1892:10578;1893:9896;1894:9476;1895:8435;1896:7578;1897:6024;1898:7610;1899:7472
130.4951,1788891230.3027,10,441.28,65217.50,65658.77,1577.5,73662.0,53095.4,0.0,3875.118,53.854,312.608,1884:12;1892:9512;1893:8525;1894:9724;1895:8578;1896:7598;1897:6038;1898:7631;1899:7600
130.6130,1788891230.4207,10,441.28,64812.71,65254.00,1597.3,73801.5,52955.9,0.0,3886.649,53.951,312.608,1884:12;1892:8627;1893:8995;1894:9593;1895:8400;1896:7603;1897:6030;1898:7688;1899:7865
130.7281,1788891230.5357,10,441.29,63593.06,64034.35,1581.0,72077.3,54680.1,0.0,3897.324,54.072,312.608,1884:12;1892:7728;1893:8676;1894:9962;1895:7671;1896:7590;1897:6041;1898:7843;1899:8069
130.8460,1788891230.6537,10,441.32,63904.29,64345.61,1587.2,72107.0,54650.4,0.0,3904.078,54.165,312.608,1884:12;1892:7766;1893:9016;1894:10426;1895:7525;1896:7600;1897:6053;1898:7025;1899:8481
130.9780,1788891230.7857,10,441.46,61255.50,61696.96,1594.5,70354.4,56403.0,0.0,3911.358,54.291,312.608,1884:12;1892:7836;1893:9019;1894:8606;1895:7637;1896:7611;1897:6047;1898:6304;1899:8182
131.0990,1788891230.9066,10,441.47,61774.24,62215.71,1580.3,70764.1,55993.3,0.0,3927.021,54.425,312.608,1884:12;1892:7601;1893:9084;1894:8925;1895:7695;1896:7618;1897:6075;1898:6596;1899:8169
131.2197,1788891231.0274,10,441.48,62927.00,63368.48,1593.2,71012.8,55744.7,0.0,3934.660,54.571,312.608,1884:12;1892:7678;1893:9337;1894:9240;1895:7759;1896:7622;1897:6078;1898:6808;1899:8394
131.3441,1788891231.1518,10,441.52,63490.13,63931.66,1571.1,71546.8,55210.6,0.0,3953.882,54.690,312.608,1884:12;1892:7389;1893:9536;1894:9622;1895:7464;1896:7623;1897:6090;1898:7083;1899:8671
131.4691,1788891231.2767,10,441.55,64733.38,65174.92,1587.1,72506.9,54250.6,0.0,3957.451,54.787,312.608,1884:12;1892:7880;1893:9794;1894:9831;1895:7408;1896:7646;1897:6130;1898:7283;1899:8748
131.5901,1788891231.3977,10,441.58,64472.89,64914.48,1556.3,72032.9,54724.5,0.0,3964.441,54.852,312.608,1884:12;1892:8146;1893:9456;1894:10193;1895:7297;1896:7665;1897:6173;1898:7364;1899:8167
131.7111,1788891231.5187,10,441.62,64102.12,64543.74,1616.7,72002.6,54754.8,0.0,3970.493,55.035,312.608,1884:12;1892:8333;1893:9004;1894:10462;1895:7238;1896:7657;1897:6263;1898:6623;1899:8510
131.8311,1788891231.6387,10,441.66,64482.97,64924.63,1567.7,72365.1,54392.3,0.0,3986.106,55.117,312.608,1884:12;1892:8535;1893:9416;1894:10137;1895:7349;1896:7651;1897:6358;1898:6613;1899:8412
131.9541,1788891231.7617,10,441.70,64019.09,64460.79,1594.5,71554.8,55202.7,0.0,3991.285,55.237,312.608,1884:12;1892:7823;1893:9719;1894:9592;1895:7655;1896:7683;1897:6420;1898:6612;1899:8502
132.0697,1788891231.8774,10,441.72,63741.49,64183.21,1563.2,71907.6,54849.8,0.0,3994.437,55.311,312.608,1884:12;1892:7993;1893:9850;1894:9300;1895:7483;1896:7711;1897:6425;1898:6782;1899:8185
132.1830,1788891231.9907,10,441.73,63513.41,63955.14,1567.8,71737.3,55020.1,0.0,3998.588,55.380,312.608,1884:12;1892:8117;1893:9999;1894:9607;1895:7543;1896:7702;1897:6428;1898:6876;1899:7230
132.2984,1788891232.1060,10,441.75,64751.48,65193.23,1553.2,72411.9,54345.5,0.0,4007.550,55.475,312.608,1884:12;1892:8329;1893:10086;1894:10213;1895:7643;1896:7697;1897:6328;1898:6920;1899:7521
132.4227,1788891232.2303,10,441.80,65177.57,65619.37,1578.2,72326.3,54431.1,0.0,4018.765,55.601,312.608,1884:12;1892:8537;1893:10259;1894:9936;1895:7760;1896:7739;1897:6273;1898:6973;1899:7688
132.5717,1788891232.3793,10,441.80,65783.53,66225.34,1577.9,72694.2,54063.3,0.0,4026.049,55.734,312.608,1884:12;1892:8491;1893:10308;1894:10108;1895:7897;1896:7792;1897:6310;1898:7039;1899:7826
132.6913,1788891232.4989,10,441.82,66549.02,66990.84,1585.0,73165.3,53592.1,0.0,4033.282,55.814,312.608,1884:12;1892:8670;1893:10395;1894:10337;1895:7659;1896:7789;1897:6303;1898:7090;1899:8294
132.8120,1788891232.6196,10,441.83,67553.83,67995.66,1579.6,74064.6,52692.8,0.0,4035.650,55.865,312.608,1884:12;1892:8684;1893:10493;1894:10456;1895:7938;1896:7796;1897:6309;1898:7181;1899:8685
132.9341,1788891232.7417,10,441.83,68190.46,68632.29,1571.2,74691.0,52066.4,0.0,4042.399,55.983,312.608,1884:12;1892:9121;1893:10580;1894:9963;1895:8335;1896:7797;1897:6300;1898:7167;1899:8915
133.0711,1788891232.8787,10,441.84,66117.00,66558.84,1592.3,73757.6,52999.8,0.0,4053.344,56.099,312.608,1884:12;1892:9454;1893:10216;1894:8158;1895:8663;1896:7778;1897:6308;1898:7142;1899:8387
133.2095,1788891233.0171,10,441.85,67451.48,67893.33,1596.1,74516.8,52240.6,0.0,4057.287,56.198,312.608,1884:12;1892:9975;1893:10457;1894:8337;1895:8957;1896:7762;1897:6335;1898:7150;1899:8466
133.3461,1788891233.1537,10,441.86,67506.51,67948.37,1579.4,74549.3,52208.1,0.0,4061.290,56.320,312.608,1884:12;1892:9295;1893:10795;1894:8788;1895:9047;1896:7796;1897:6338;1898:7159;1899:8277
133.4812,1788891233.2888,10,441.94,66412.70,66854.64,1586.8,74183.8,52573.6,0.0,4068.477,56.431,312.608,1884:12;1892:9117;1893:10166;1894:9113;1895:8491;1896:7799;1897:6339;1898:7130;1899:8246
133.6191,1788891233.4267,10,442.05,66770.79,67212.84,1595.1,74193.9,52563.5,0.0,4080.352,56.597,312.608,1884:12;1892:9338;1893:9832;1894:9477;1895:8789;1896:7824;1897:6318;1898:7141;1899:8040
133.7441,1788891233.5517,10,442.08,65514.64,65956.73,1573.5,73316.1,53441.3,0.0,4084.853,56.736,312.608,1884:12;1892:8521;1893:9946;1894:9524;1895:9126;1896:7839;1897:6356;1898:7060;1899:7129
133.8551,1788891233.6627,10,442.16,65707.57,66149.73,1594.0,73065.0,53692.4,0.0,4091.702,56.822,312.608,1884:12;1892:8672;1893:9685;1894:9839;1895:8611;1896:7969;1897:6360;1898:7176;1899:7383
134.0001,1788891233.8077,10,442.20,65432.74,65874.95,1593.1,73200.1,53557.3,0.0,4105.354,56.965,312.608,1884:12;1892:8470;1893:9333;1894:10261;1895:8877;1896:7940;1897:6385;1898:7035;1899:7121
134.1437,1788891233.9513,10,442.23,65322.65,65764.88,1573.1,72879.0,53878.4,0.0,4108.988,57.024,312.608,1884:12;1892:7981;1893:9217;1894:10480;1895:9079;1896:7905;1897:6389;1898:7044;1899:7214
134.2838,1788891234.0915,10,442.27,64327.73,64770.00,1567.8,71753.5,55003.9,0.0,4120.500,57.173,312.608,1884:12;1892:8435;1893:9034;1894:9063;1895:9264;1896:7851;1897:6389;1898:7065;1899:7214
134.4181,1788891234.2257,10,442.30,65628.07,66070.37,1559.9,72469.1,54288.3,0.0,4124.712,57.297,312.608,1884:12;1892:8795;1893:9196;1894:9387;1895:9549;1896:7886;1897:6406;1898:7098;1899:7299
134.5490,1788891234.3567,10,442.31,64352.97,64795.28,1615.7,72183.5,54573.9,0.0,4126.758,57.354,312.608,1884:12;1892:8956;1893:9119;1894:8794;1895:8679;1896:7889;1897:6423;1898:7251;1899:7230
134.6721,1788891234.4797,10,442.33,63060.09,63502.42,1585.3,71207.3,55550.1,0.0,4131.148,57.404,312.608,1884:12;1892:9127;1893:9096;1894:8554;1895:8183;1896:7905;1897:6031;1898:7337;1899:6815
134.7961,1788891234.6037,10,442.34,63646.42,64088.77,1570.1,71513.1,55244.3,0.0,4136.635,57.542,312.608,1884:12;1892:9293;1893:9485;1894:8660;1895:8014;1896:7892;1897:6019;1898:7489;1899:6782
134.9401,1788891234.7477,10,442.37,60061.64,60504.01,1555.9,68556.7,58200.8,0.0,4149.044,57.641,312.608,1884:12;1892:9475;1893:7652;1894:7542;1895:7385;1896:7880;1897:6005;1898:7636;1899:6474
135.0661,1788891234.8737,10,442.40,60385.64,60828.04,1565.6,68953.9,57803.5,0.0,4155.793,57.729,312.608,1884:12;1892:9876;1893:7558;1894:7907;1895:7233;1896:7827;1897:6034;1898:7682;1899:6256
135.1921,1788891234.9997,10,442.43,60056.71,60499.14,1597.1,68555.3,58202.1,0.0,4157.221,57.813,312.608,1884:12;1892:9457;1893:7817;1894:7584;1895:7184;1896:7822;1897:6125;1898:7657;1899:6398
135.3120,1788891235.1196,10,442.45,60929.93,61372.38,1591.5,68911.2,57846.2,0.0,4157.875,57.928,312.608,1884:12;1892:9629;1893:7806;1894:7725;1895:7226;1896:7886;1897:6325;1898:7682;1899:6638
135.4231,1788891235.2307,10,442.50,62115.94,62558.44,1567.3,69666.4,57091.1,0.0,4164.397,57.995,312.608,1884:12;1892:9798;1893:8238;1894:7893;1895:7300;1896:7731;1897:6579;1898:7732;1899:6832
135.5481,1788891235.3557,10,442.50,62376.27,62818.78,1607.8,69766.2,56991.2,0.0,4173.789,58.083,312.608,1884:12;1892:9123;1893:8278;1894:8326;1895:7409;1896:7905;1897:6464;1898:7891;1899:6968
135.6821,1788891235.4897,10,442.52,63025.69,63468.21,1586.7,69838.0,56919.4,0.0,4177.469,58.198,312.608,1884:12;1892:9142;1893:8480;1894:8043;1895:7529;1896:8142;1897:6769;1898:7893;1899:7015
135.8114,1788891235.6191,10,442.55,62795.74,63238.29,1582.1,69419.6,57337.8,0.0,4182.528,58.249,312.608,1884:12;1892:9226;1893:7809;1894:8398;1895:7662;1896:8154;1897:6717;1898:7805;1899:7013
135.9510,1788891235.7586,10,442.59,63551.61,63994.20,1573.9,69990.1,56767.3,0.0,4186.039,58.345,312.608,1884:12;1892:9341;1893:7917;1894:8343;1895:7722;1896:8384;1897:7164;1898:7960;1899:6709
136.0970,1788891235.9047,10,442.63,63676.88,64119.52,1583.0,70154.0,56603.5,0.0,4189.020,58.417,312.608,1884:12;1892:9409;1893:7733;1894:8296;1895:7736;1896:8273;1897:7395;1898:8189;1899:6634
136.2141,1788891236.0217,10,442.77,64336.98,64779.75,1582.6,70348.6,56408.8,0.0,4191.191,58.452,312.608,1884:12;1892:9535;1893:7647;1894:8496;1895:7789;1896:8373;1897:7553;1898:8263;1899:6668
136.3315,1788891236.1391,10,442.77,64714.22,65156.99,1568.1,70418.2,56339.2,0.0,4191.272,58.497,312.608,1884:12;1892:9527;1893:7795;1894:8380;1895:7838;1896:8341;1897:7653;1898:8364;1899:6804
136.4460,1788891236.2537,10,442.82,65588.16,66030.98,1590.3,70851.9,55905.5,0.0,4201.825,58.624,312.608,1884:12;1892:9655;1893:7856;1894:8569;1895:7882;1896:8481;1897:7797;1898:8367;1899:6968
136.5752,1788891236.3829,10,442.84,66624.74,67067.58,1605.9,71599.5,55157.9,0.0,4211.901,58.738,312.608,1884:12;1892:9933;1893:7867;1894:8845;1895:7947;1896:8511;1897:7981;1898:8480;1899:7049
136.6990,1788891236.5067,10,442.91,66228.41,66671.32,1563.1,71925.5,54831.9,0.0,4218.001,58.809,312.608,1884:12;1892:9962;1893:7950;1894:8929;1895:8000;1896:8561;1897:8082;1898:7990;1899:6742
136.8180,1788891236.6257,10,442.94,64029.30,64472.24,1626.8,71027.7,55729.7,0.0,4227.866,58.883,312.608,1884:12;1892:8286;1893:7872;1894:9320;1895:8085;1896:7933;1897:8210;1898:7706;1899:6607
136.9401,1788891236.7477,10,442.95,64553.96,64996.91,1538.9,71170.6,55586.8,0.0,4230.888,58.941,312.608,1884:12;1892:8580;1893:7995;1894:9629;1895:8195;1896:8033;1897:7544;1898:7885;1899:6680
137.0571,1788891236.8647,10,442.95,65137.95,65580.90,1586.0,71261.2,55496.2,0.0,4235.252,59.016,312.608,1884:12;1892:8813;1893:8029;1894:9958;1895:8110;1896:8073;1897:7642;1898:7746;1899:6753
137.1822,1788891236.9898,10,443.04,64004.84,64447.88,1603.0,70800.4,55957.0,0.0,4236.563,59.026,312.608,1884:12;1892:8311;1893:8073;1894:10221;1895:7029;1896:8116;1897:7609;1898:7823;1899:6810
137.3082,1788891237.1158,10,443.05,63809.40,64252.45,1579.5,70684.7,56072.7,0.0,4250.389,59.132,312.608,1884:12;1892:7969;1893:7882;1894:10495;1895:6997;1896:8120;1897:7546;1898:7886;1899:6903
137.4354,1788891237.2431,10,443.08,63553.04,63996.11,1598.2,70734.4,56023.0,0.0,4253.262,59.188,312.608,1884:12;1892:8219;1893:7568;1894:9966;1895:7000;1896:8112;1897:7761;1898:7947;1899:6966
137.5530,1788891237.3607,10,443.10,61640.36,62083.46,1592.0,69441.5,57315.9,0.0,4263.280,59.286,312.608,1884:12;1892:8388;1893:6967;1894:9524;1895:7012;1896:8123;1897:7304;1898:8013;1899:6297
137.6873,1788891237.4949,10,443.12,62425.07,62868.20,1586.8,69872.8,56884.6,0.0,4263.677,59.347,312.608,1884:12;1892:8816;1893:6896;1894:9611;1895:7028;1896:8156;1897:7703;1898:7995;1899:6208
137.8123,1788891237.6199,10,443.19,62895.97,63339.16,1560.8,70274.7,56482.8,0.0,4266.461,59.410,312.608,1884:12;1892:8662;1893:6871;1894:9966;1895:7091;1896:8167;1897:7934;1898:7848;1899:6345
137.9421,1788891237.7497,10,443.21,64060.97,64504.18,1611.6,70762.5,55994.9,0.0,4276.159,59.456,312.608,1884:12;1892:8802;1893:6881;1894:10416;1895:7249;1896:8169;1897:8159;1898:7877;1899:6496
138.0808,1788891237.8885,10,443.41,63855.08,64298.49,1590.8,70433.3,56324.1,0.0,4276.452,59.482,312.608,1884:12;1892:8849;1893:6776;1894:10788;1895:7190;1896:8126;1897:7881;1898:7709;1899:6524
138.2129,1788891238.0206,10,443.53,61575.25,62018.78,1572.8,68647.9,58109.5,0.0,4284.056,59.565,312.608,1884:12;1892:8079;1893:6404;1894:11130;1895:7156;1896:8117;1897:6186;1898:7932;1899:6559
138.3360,1788891238.1437,10,443.55,62214.10,62657.66,1599.0,68918.9,57838.5,0.0,4294.455,59.651,312.608,1884:12;1892:8091;1893:6354;1894:11388;1895:7281;1896:8002;1897:6285;1898:8292;1899:6510
138.4531,1788891238.2607,10,443.58,62050.49,62494.07,1590.8,68969.9,57787.5,0.0,4295.892,59.716,312.608,1884:12;1892:8066;1893:6343;1894:11345;1895:7442;1896:7321;1897:6338;1898:8758;1899:6425
138.5790,1788891238.3867,10,443.60,62463.52,62907.12,1593.7,69538.0,57219.5,0.0,4308.135,59.855,312.608,1884:12;1892:8105;1893:6368;1894:11624;1895:7660;1896:7386;1897:6510;1898:8326;1899:6472
138.7031,1788891238.5107,10,443.61,62178.57,62622.17,1577.2,69695.6,57061.8,0.0,4321.205,59.935,312.608,1884:12;1892:8143;1893:6028;1894:11881;1895:7558;1896:7449;1897:6688;1898:7901;1899:6519
138.8141,1788891238.6217,10,443.63,63190.18,63633.82,1593.9,70163.4,56594.0,0.0,4321.205,59.935,312.608,1884:12;1892:8125;1893:6100;1894:12158;1895:7854;1896:7496;1897:6702;1898:8174;1899:6569
138.9341,1788891238.7417,10,443.65,63511.45,63955.11,1592.6,70050.0,56707.5,0.0,4321.455,59.970,312.608,1884:12;1892:8156;1893:5977;1894:12673;1895:7720;1896:7573;1897:6312;1898:8491;1899:6599
139.0571,1788891238.8648,10,443.68,63962.23,64405.91,1573.6,70183.7,56573.7,0.0,4324.415,60.048,312.608,1884:12;1892:8180;1893:5820;1894:12742;1895:7870;1896:7651;1897:6177;1898:8947;1899:6564
139.1801,1788891238.9877,10,443.71,64978.30,65422.01,1593.4,70629.4,56128.0,0.0,4343.049,60.131,312.608,1884:12;1892:8247;1893:5814;1894:13056;1895:8381;1896:7703;1897:6261;1898:8863;1899:6641
139.2986,1788891239.1063,10,443.73,64904.77,65348.50,1548.1,70692.3,56065.1,0.0,4343.248,60.175,312.608,1884:12;1892:8144;1893:5830;1894:12925;1895:8105;1896:7606;1897:6457;1898:9150;1899:6676
139.4060,1788891239.2137,10,443.80,65146.36,65590.16,1614.1,71246.0,55511.4,0.0,4345.980,60.243,312.608,1884:12;1892:8071;1893:5846;1894:13148;1895:8097;1896:7742;1897:5848;1898:9541;1899:6843
139.5251,1788891239.3327,10,443.85,66297.02,66740.87,1571.3,71969.8,54787.6,0.0,4357.724,60.341,312.608,1884:12;1892:8088;1893:5828;1894:13616;1895:8457;1896:7758;1897:5958;1898:9662;1899:6919
139.6433,1788891239.4509,10,443.87,66264.28,66708.15,1599.6,71916.2,54841.2,0.0,4370.756,60.445,312.608,1884:12;1892:8095;1893:5846;1894:13686;1895:7909;1896:7749;1897:5922;1898:10028;1899:7018
139.7560,1788891239.5637,10,443.89,67596.36,68040.25,1601.2,73022.6,53734.9,0.0,4378.224,60.483,312.608,1884:12;1892:8180;1893:5827;1894:14087;1895:8141;1896:7857;1897:6026;1898:10374;1899:7092
139.8721,1788891239.6797,10,443.92,69332.10,69776.02,1592.4,74360.3,52397.1,0.0,4378.698,60.519,312.608,1884:12;1892:8200;1893:5858;1894:14529;1895:8341;1896:8012;1897:6256;1898:10894;1899:7228
139.9961,1788891239.8037,10,443.92,70889.82,71333.74,1564.0,75843.0,50914.4,0.0,4383.092,60.570,312.608,1884:12;1892:8302;1893:5866;1894:14958;1895:8507;1896:8130;1897:6457;1898:11278;1899:7378
140.1374,1788891239.9451,10,443.94,70289.60,70733.54,1606.6,76229.6,50527.9,0.0,4387.086,60.583,312.608,1884:12;1892:8267;1893:5865;1894:15395;1895:8655;1896:8151;1897:6555;1898:9892;1899:7498
140.2631,1788891240.0707,10,443.96,70870.87,71314.83,1608.0,76370.1,50387.3,0.0,4387.696,60.631,312.608,1884:12;1892:8211;1893:5837;1894:15100;1895:8795;1896:8203;1897:6713;1898:10299;1899:7701
140.3922,1788891240.1999,10,444.00,71191.29,71635.29,1573.1,76698.6,50058.8,0.0,4399.564,60.718,312.608,1884:12;1892:8255;1893:5840;1894:15367;1895:8854;1896:8287;1897:6911;1898:9923;1899:7744
140.5171,1788891240.3248,10,444.03,71572.51,72016.54,1583.3,76827.5,49929.9,0.0,4400.607,60.742,312.608,1884:12;1892:8227;1893:5989;1894:15715;1895:8880;1896:8420;1897:6388;1898:10057;1899:7883
140.6401,1788891240.4477,10,444.06,72124.85,72568.91,1584.6,77369.0,49388.4,0.0,4407.338,60.820,312.608,1884:12;1892:8101;1893:6054;1894:15950;1895:8944;1896:8559;1897:6532;1898:10228;1899:7744
140.7609,1788891240.5686,10,444.09,71885.96,72330.05,1591.0,77887.8,48869.7,0.0,4408.650,60.850,312.608,1884:12;1892:8119;1893:6075;1894:15622;1895:8951;1896:8774;1897:6756;1898:10368;1899:7209
140.8781,1788891240.6857,10,444.26,72000.41,72444.66,1594.5,78037.9,48719.5,0.0,4412.632,60.919,312.608,1884:12;1892:8087;1893:6074;1894:15461;1895:9054;1896:8917;1897:6192;1898:10751;1899:7452
141.0190,1788891240.8266,10,444.29,69356.82,69801.11,1556.4,77845.4,48912.1,0.0,4430.121,61.018,312.608,1884:12;1892:8139;1893:6128;1894:14816;1895:9142;1896:8592;1897:6305;1898:8945;1899:7278
141.1357,1788891240.9433,10,444.32,69427.92,69872.24,1583.1,78066.4,48691.0,0.0,4430.897,61.058,312.608,1884:12;1892:8247;1893:6227;1894:15058;1895:9165;1896:7852;1897:6426;1898:8953;1899:7488
141.2510,1788891241.0587,10,444.36,70021.66,70466.02,1579.9,78625.3,48132.1,0.0,4431.618,61.090,312.608,1884:12;1892:8314;1893:6321;1894:15472;1895:9099;1896:8125;1897:6161;1898:8832;1899:7685
141.3801,1788891241.1877,10,444.40,70259.93,70704.33,1584.8,78554.2,48203.2,0.0,4432.288,61.106,312.608,1884:12;1892:8396;1893:6338;1894:15825;1895:8770;1896:8331;1897:6314;1898:8873;1899:7401
141.5041,1788891241.3117,10,444.42,70652.09,71096.51,1608.6,78817.6,47939.9,0.0,4438.906,61.180,312.608,1884:12;1892:8487;1893:6435;1894:16304;1895:8622;1896:8468;1897:6420;1898:8382;1899:7522
141.6393,1788891241.4470,10,444.45,69943.75,70388.20,1565.0,78751.9,48005.5,0.0,4444.050,61.221,312.608,1884:12;1892:8596;1893:6209;1894:15200;1895:8616;1896:8558;1897:6598;1898:8572;1899:7582
141.7692,1788891241.5768,10,444.50,69680.05,70124.55,1578.1,78459.0,48298.4,0.0,4453.297,61.295,312.608,1884:12;1892:8754;1893:6049;1894:14672;1895:8749;1896:8200;1897:6585;1898:8769;1899:7889
141.8959,1788891241.7036,10,444.55,70165.11,70609.66,1588.3,78709.2,48048.3,0.0,4453.941,61.333,312.608,1884:12;1892:8848;1893:6048;1894:14896;1895:8766;1896:8377;1897:6755;1898:8811;1899:7652
142.0100,1788891241.8176,10,444.59,70440.12,70884.70,1583.9,79122.4,47635.0,0.0,4459.702,61.358,312.608,1884:12;1892:8912;1893:6043;1894:14944;1895:8656;1896:8370;1897:6815;1898:8704;1899:7984
142.1271,1788891241.9347,10,444.61,71327.24,71771.85,1568.5,79137.9,47619.5,0.0,4459.912,61.382,312.608,1884:12;1892:9074;1893:6029;1894:14716;1895:8732;1896:8566;1897:6952;1898:8811;1899:8435
142.2410,1788891242.0487,10,444.71,72001.00,72445.71,1592.0,79359.3,47398.1,0.0,4468.856,61.456,312.608,1884:12;1892:9253;1893:6035;1894:14776;1895:8921;1896:8364;1897:7108;1898:8694;1899:8838
142.3523,1788891242.1599,10,444.73,73385.70,73830.44,1592.0,79728.4,47029.0,0.0,4474.128,61.484,312.608,1884:12;1892:9337;1893:6036;1894:14836;1895:9027;1896:8740;1897:7359;1898:8903;1899:9136
142.4750,1788891242.2827,10,444.85,74084.60,74529.45,1589.6,80322.6,46434.8,0.0,4479.525,61.518,312.608,1884:12;1892:9417;1893:6023;1894:14942;1895:9231;1896:9227;1897:7527;1898:8779;1899:8926
142.6019,1788891242.4095,10,444.88,73107.62,73552.50,1572.3,80024.9,46732.6,0.0,4481.169,61.557,312.608,1884:12;1892:9569;1893:6000;1894:14529;1895:7706;1896:9605;1897:7758;1898:8837;1899:9090
142.7271,1788891242.5348,10,444.92,73849.23,74294.14,1574.4,80453.0,46304.4,0.0,4481.440,61.594,312.608,1884:12;1892:9788;1893:5981;1894:14349;1895:7786;1896:9994;1897:7960;1898:8993;1899:8987
142.8491,1788891242.6567,10,444.95,74642.05,75087.00,1582.1,80961.1,45796.3,0.0,4481.483,61.606,312.608,1884:12;1892:9826;1893:5967;1894:14410;1895:7919;1896:10352;1897:8236;1898:8821;1899:9098
142.9691,1788891242.7767,10,445.05,74744.21,75189.26,1579.4,81145.7,45611.7,0.0,4485.703,61.636,312.608,1884:12;1892:10090;1893:5959;1894:14388;1895:8072;1896:10704;1897:8524;1898:8630;1899:8364
143.1078,1788891242.9155,10,445.07,74114.79,74559.86,1571.1,81169.2,45588.2,0.0,4493.157,61.749,312.608,1884:12;1892:10256;1893:5977;1894:13624;1895:8399;1896:10192;1897:8810;1898:8312;1899:8531
143.2321,1788891243.0397,10,445.11,72736.59,73181.70,1589.9,80759.7,45997.7,0.0,4495.385,61.758,312.608,1884:12;1892:9836;1893:5996;1894:13365;1895:8161;1896:10512;1897:8896;1898:7999;1899:7961
143.3551,1788891243.1628,10,445.14,72566.58,73011.72,1577.3,80000.3,46757.2,0.0,4495.548,61.796,312.608,1884:12;1892:9226;1893:5966;1894:12893;1895:8433;1896:10808;1897:9203;1898:7987;1899:8038
143.4851,1788891243.2927,10,445.25,72244.58,72689.83,1575.6,80030.0,46727.4,0.0,4498.727,61.829,312.608,1884:12;1892:9280;1893:5944;1894:12769;1895:8111;1896:10177;1897:9536;1898:8114;1899:8301
143.6189,1788891243.4265,10,445.27,73069.68,73514.95,1590.2,80486.6,46270.8,0.0,4511.643,61.929,312.608,1884:12;1892:9435;1893:5924;1894:12876;1895:8159;1896:10008;1897:9952;1898:8145;1899:8558
143.7551,1788891243.5627,10,445.33,70955.70,71401.03,1553.5,79146.3,47611.1,0.0,4514.567,61.979,312.608,1884:12;1892:9740;1893:5933;1894:12481;1895:8065;1896:9410;1897:9310;1898:8351;1899:7654
143.8931,1788891243.7008,10,445.37,70615.24,71060.61,1594.5,79276.2,47481.2,0.0,4514.661,62.005,312.608,1884:12;1892:9608;1893:6067;1894:12648;1895:7917;1896:9481;1897:9345;1898:8334;1899:7203
144.0262,1788891243.8338,10,445.41,71420.38,71865.78,1576.6,79133.0,47624.4,0.0,4516.193,62.053,312.608,1884:12;1892:9874;1893:6105;1894:12737;1895:8067;1896:9504;1897:9609;1898:8442;1899:7071
144.1651,1788891243.9727,10,445.46,72032.99,72478.45,1564.9,79505.7,47251.7,0.0,4520.033,62.095,312.608,1884:12;1892:9804;1893:6147;1894:12576;1895:8161;1896:9733;1897:9863;1898:8641;1899:7094
144.3142,1788891244.1218,10,445.50,70775.01,71220.51,1631.7,78527.4,48230.0,0.0,4520.715,62.108,312.608,1884:12;1892:10024;1893:6127;1894:12217;1895:8061;1896:8020;1897:10292;1898:8744;1899:7278
144.4301,1788891244.2377,10,445.57,71190.30,71635.88,1578.2,78487.8,48269.7,0.0,4521.118,62.166,312.608,1884:12;1892:9891;1893:6152;1894:12237;1895:7877;1896:7982;1897:10707;1898:8896;1899:7437
144.5522,1788891244.3599,10,445.58,71644.14,72089.72,1572.1,78898.2,47859.2,0.0,4521.208,62.169,312.608,1884:12;1892:10125;1893:6219;1894:12267;1895:7737;1896:8180;1897:10782;1898:8977;1899:7346
144.6661,1788891244.4737,10,445.59,72012.80,72458.40,1597.9,79476.8,47280.6,0.0,4524.889,62.228,312.608,1884:12;1892:10348;1893:6237;1894:12158;1895:7769;1896:8548;1897:10559;1898:9235;1899:7146
144.7811,1788891244.5887,10,445.62,71012.73,71458.34,1584.2,79127.2,47630.2,0.0,4534.592,62.269,312.608,1884:12;1892:10567;1893:6279;1894:12092;1895:7722;1896:8754;1897:9779;1898:9377;1899:6431
144.9020,1788891244.7097,10,445.65,70513.94,70959.59,1585.4,78785.4,47972.0,0.0,4535.207,62.283,312.608,1884:12;1892:10869;1893:6343;1894:11829;1895:7741;1896:8165;1897:9866;1898:9146;1899:6543
145.0200,1788891244.8277,10,445.67,71040.92,71486.59,1583.8,78715.0,48042.4,0.0,4537.965,62.328,312.608,1884:12;1892:11106;1893:6455;1894:11895;1895:7751;1896:7910;1897:10055;1898:9297;1899:6560
145.1426,1788891244.9502,10,445.72,71362.25,71807.98,1584.6,78892.6,47864.8,0.0,4538.069,62.340,312.608,1884:12;1892:11341;1893:6066;1894:11969;1895:7912;1896:7932;1897:9933;1898:9591;1899:6605
145.2771,1788891245.0847,10,445.79,71907.55,72353.34,1578.5,78938.5,47818.9,0.0,4538.984,62.405,312.608,1884:12;1892:11591;1893:6187;1894:12043;1895:7997;1896:7915;1897:9660;1898:9797;1899:6704
145.3963,1788891245.2040,10,445.84,71604.24,72050.09,1583.6,78766.9,47990.6,0.0,4542.105,62.431,312.608,1884:12;1892:10885;1893:6056;1894:12173;1895:8117;1896:8017;1897:10058;1898:9466;1899:6821
145.5212,1788891245.3288,10,445.88,72412.46,72858.34,1602.9,79385.1,47372.3,0.0,4542.574,62.434,312.608,1884:12;1892:10987;1893:6037;1894:11872;1895:8236;1896:8181;1897:10435;1898:9656;1899:6996
145.6546,1788891245.4622,10,445.89,72256.52,72702.41,1573.3,79576.5,47180.9,0.0,4545.377,62.454,312.608,1884:12;1892:10865;1893:6020;1894:12099;1895:8020;1896:7835;1897:10745;1898:9515;1899:7144
145.7861,1788891245.5937,10,445.92,73210.43,73656.35,1568.7,80531.2,46226.2,0.0,4546.353,62.505,312.608,1884:12;1892:10973;1893:6015;1894:12420;1895:7700;1896:7979;1897:11287;1898:9562;1899:7263
145.9170,1788891245.7246,10,445.94,74616.17,75062.11,1588.6,81646.8,45110.6,0.0,4548.943,62.511,312.608,1884:12;1892:11160;1893:6040;1894:12691;1895:7803;1896:8182;1897:11770;1898:9593;1899:7364
146.0491,1788891245.8567,10,445.95,73949.78,74395.73,1584.8,81079.8,45677.6,0.0,4552.217,62.545,312.608,1884:12;1892:11168;1893:6024;1894:12594;1895:7894;1896:8356;1897:11753;1898:9568;1899:6582
146.1862,1788891245.9939,10,445.96,73783.10,74229.06,1599.6,80520.8,46236.6,0.0,4552.266,62.578,312.608,1884:12;1892:10441;1893:6032;1894:12821;1895:7940;1896:8725;1897:11935;1898:9492;1899:6386
146.2951,1788891246.1028,10,445.97,73572.55,74018.52,1564.8,80434.7,46322.7,0.0,4552.444,62.638,312.608,1884:12;1892:10512;1893:6038;1894:12548;1895:7958;1896:9080;1897:11485;1898:9561;1899:6377
146.4091,1788891246.2167,10,446.05,74154.09,74600.14,1570.9,81040.4,45717.0,0.0,4558.893,62.673,312.608,1884:12;1892:10568;1893:6052;1894:12308;1895:7622;1896:9513;1897:11983;1898:9662;1899:6433
146.5381,1788891246.3457,10,446.06,75090.39,75536.45,1589.6,82069.2,44688.2,0.0,4558.958,62.677,312.608,1884:12;1892:10706;1893:6163;1894:12333;1895:7497;1896:9835;1897:12509;1898:9664;1899:6370
146.6699,1788891246.4776,10,446.07,74828.23,75274.30,1593.0,82393.7,44363.7,0.0,4559.397,62.743,312.608,1884:12;1892:10789;1893:6185;1894:11935;1895:7604;1896:9766;1897:12355;1898:9790;1899:6393
146.7862,1788891246.5939,10,446.10,74315.54,74761.64,1577.6,82216.9,44540.6,0.0,4560.296,62.778,312.608,1884:12;1892:10988;1893:6312;1894:11949;1895:7762;1896:9136;1897:11896;1898:9860;1899:6400
146.9101,1788891246.7177,10,446.16,73804.02,74250.18,1565.4,81548.9,45208.5,0.0,4563.322,62.809,312.608,1884:12;1892:9621;1893:6503;1894:12028;1895:7874;1896:9138;1897:12223;1898:10012;1899:6393
147.0466,1788891246.8543,10,446.22,73239.65,73685.88,1548.5,81043.6,45713.8,0.0,4563.394,62.832,312.608,1884:12;1892:9280;1893:6270;1894:11830;1895:8029;1896:9480;1897:11829;1898:10118;1899:6393
147.1679,1788891246.9756,10,446.23,73863.84,74310.08,1575.3,81601.7,45155.7,0.0,4564.491,62.879,312.608,1884:12;1892:9239;1893:6312;1894:11918;1895:8077;1896:9392;1897:12246;1898:10199;1899:6469
147.2917,1788891247.0993,10,446.26,73970.55,74416.81,1598.5,82117.7,44639.7,0.0,4564.552,62.912,312.608,1884:12;1892:9187;1893:6289;1894:11743;1895:8083;1896:9622;1897:12263;1898:10250;1899:6521
147.4111,1788891247.2187,10,446.34,72045.94,72492.28,1567.0,80256.4,46501.0,0.0,4567.952,62.951,312.608,1884:12;1892:9190;1893:6319;1894:11670;1895:8287;1896:8689;1897:11009;1898:10328;1899:6544
147.5390,1788891247.3467,10,446.35,72716.36,73162.71,1607.6,80635.5,46121.9,0.0,4568.578,63.000,312.608,1884:12;1892:9723;1893:6253;1894:11511;1895:8209;1896:8791;1897:11060;1898:10523;1899:6633
147.6540,1788891247.4617,10,446.38,72092.61,72538.99,1576.6,80580.4,46177.0,0.0,4568.690,63.043,312.608,1884:12;1892:9589;1893:6305;1894:11292;1895:8425;1896:9049;1897:9786;1898:10918;1899:6716
147.7721,1788891247.5797,10,446.40,72139.79,72586.19,1578.3,79903.4,46854.0,0.0,4569.081,63.099,312.608,1884:12;1892:9483;1893:6483;1894:11292;1895:8476;1896:9349;1897:9638;1898:10527;1899:6880
147.8940,1788891247.7016,10,446.43,72469.98,72916.42,1592.8,79778.6,46978.8,0.0,4570.396,63.204,312.608,1884:12;1892:9564;1893:6560;1894:11292;1895:8603;1896:9650;1897:9709;1898:10492;1899:6588
148.0180,1788891247.8257,10,446.45,71169.84,71616.28,1572.9,78766.8,47990.6,0.0,4573.117,63.233,312.608,1884:12;1892:9494;1893:6568;1894:11216;1895:8315;1896:8820;1897:9800;1898:10335;1899:6611
148.1290,1788891247.9367,10,446.47,68785.55,69232.03,1559.7,76757.7,49999.7,0.0,4573.355,63.302,312.608,1884:12;1892:9557;1893:6568;1894:10989;1895:8221;1896:7880;1897:8626;1898:10307;1899:6625
148.2384,1788891248.0460,10,446.50,68976.97,69423.47,1587.8,76476.2,50281.3,0.0,4573.422,63.338,312.608,1884:12;1892:9512;1893:6557;1894:10654;1895:8393;1896:8436;1897:8529;1898:10255;1899:6628
148.3511,1788891248.1587,10,446.52,68007.95,68454.46,1575.4,75963.3,50794.1,0.0,4573.729,63.379,312.608,1884:12;1892:9569;1893:6551;1894:9303;1895:8505;1896:8409;1897:8951;1898:10078;1899:6629
148.4651,1788891248.2727,10,446.61,66998.19,67444.80,1574.3,74617.6,52139.8,0.0,4573.989,63.492,312.608,1884:12;1892:9534;1893:6546;1894:9301;1895:8581;1896:8312;1897:8623;1898:9455;1899:6634
148.5861,1788891248.3937,10,446.66,66026.54,66473.20,1580.3,74166.7,52590.7,0.0,4581.159,63.545,312.608,1884:12;1892:9558;1893:6682;1894:9413;1895:7889;1896:8425;1897:8341;1898:9045;1899:6661
148.7211,1788891248.5287,10,446.70,66723.19,67169.89,1598.2,74102.8,52654.6,0.0,4581.389,63.617,312.608,1884:12;1892:9549;1893:6737;1894:9589;1895:7777;1896:8632;1897:8528;1898:9140;1899:6758
148.8491,1788891248.6568,10,446.73,67349.42,67796.15,1588.5,74491.3,52266.1,0.0,4581.663,63.667,312.608,1884:12;1892:9558;1893:6763;1894:9738;1895:7732;1896:8817;1897:8749;1898:9214;1899:6766
148.9679,1788891248.7755,10,446.75,68220.88,68667.63,1545.5,74749.7,52007.7,0.0,4582.662,63.774,312.608,1884:12;1892:9567;1893:6828;1894:9940;1895:7817;1896:8894;1897:8882;1898:9529;1899:6751
149.0903,1788891248.8979,10,446.78,67939.57,68386.35,1553.0,74827.3,51930.1,0.0,4588.396,63.877,312.608,1884:12;1892:9590;1893:6790;1894:9656;1895:7787;1896:8971;1897:9059;1898:9295;1899:6780
149.2031,1788891249.0107,10,446.80,67045.93,67492.74,1584.3,73460.6,53296.9,0.0,4590.928,63.985,312.608,1884:12;1892:9602;1893:6801;1894:9819;1895:7787;1896:8493;1897:9081;1898:8660;1899:6791
149.3240,1788891249.1317,10,446.82,66564.81,67011.63,1558.8,72961.4,53796.0,0.0,4592.163,64.019,312.608,1884:12;1892:9610;1893:6829;1894:9965;1895:7769;1896:8119;1897:9153;1898:8263;1899:6844
149.4400,1788891249.2477,10,446.91,66216.62,66663.54,1613.6,72776.7,53980.7,0.0,4592.496,64.139,312.608,1884:12;1892:9618;1893:6799;1894:9708;1895:7710;1896:8049;1897:9203;1898:8314;1899:6804
149.5572,1788891249.3649,10,446.94,66151.96,66598.90,1558.3,72817.1,53940.3,0.0,4593.131,64.208,312.608,1884:12;1892:9647;1893:6783;1894:9852;1895:7778;1896:7875;1897:8985;1898:8388;1899:6832
149.6734,1788891249.4811,10,446.97,66063.13,66510.10,1570.5,72533.7,54223.7,0.0,4601.119,64.309,312.608,1884:12;1892:9673;1893:6789;1894:10014;1895:7766;1896:7796;1897:8794;1898:8387;1899:6832
149.7851,1788891249.5927,10,446.99,66203.76,66650.75,1540.6,72580.8,54176.6,0.0,4602.414,64.380,312.608,1884:12;1892:9753;1893:6799;1894:10290;1895:7670;1896:7744;1897:8723;1898:8392;1899:6820
149.8991,1788891249.7067,10,447.02,66469.53,66916.55,1576.1,72570.6,54186.8,0.0,4603.060,64.500,312.608,1884:12;1892:9808;1893:6823;1894:10507;1895:7719;1896:7633;1897:8638;1898:8477;1899:6852
150.0141,1788891249.8217,10,447.05,65995.40,66442.45,1571.2,72278.5,54478.9,0.0,4605.167,64.532,312.608,1884:12;1892:9879;1893:6807;1894:10118;1895:7695;1896:7736;1897:8454;1898:8427;1899:6866
150.1311,1788891249.9387,10,447.08,65940.75,66387.83,1566.7,72140.2,54617.2,0.0,4613.051,64.614,312.608,1884:12;1892:9968;1893:6819;1894:9526;1895:7683;1896:8012;1897:8540;1898:8522;1899:6858
150.2550,1788891250.0627,10,447.10,65785.71,66232.81,1598.8,72123.5,54633.9,0.0,4613.768,64.761,312.608,1884:12;1892:10004;1893:6838;1894:9647;1895:7692;1896:7473;1897:8594;1898:8641;1899:6884
150.3712,1788891250.1789,10,447.16,65171.10,65618.26,1572.7,71444.1,55313.3,0.0,4614.723,64.926,312.608,1884:12;1892:10044;1893:6681;1894:9166;1895:7650;1896:7402;1897:8484;1898:8858;1899:6873
150.4922,1788891250.2999,10,447.21,64637.73,65084.94,1582.3,70659.8,56097.7,0.0,4616.226,64.997,312.608,1884:12;1892:9662;1893:6619;1894:8755;1895:7667;1896:7529;1897:8422;1898:8973;1899:6997
150.6160,1788891250.4237,10,447.22,64474.66,64921.88,1564.1,70608.1,56149.3,0.0,4624.758,65.152,312.608,1884:12;1892:9722;1893:6665;1894:8361;1895:7723;1896:7556;1897:8325;1898:9105;1899:7004
150.7391,1788891250.5467,10,447.28,63993.82,64441.10,1540.3,70325.8,56431.6,0.0,4626.726,65.307,312.608,1884:12;1892:9884;1893:6635;1894:7732;1895:7761;1896:7534;1897:8235;1898:9217;1899:6984
150.8703,1788891250.6779,10,447.31,64121.02,64568.33,1558.2,70234.3,56523.2,0.0,4627.580,65.432,312.608,1884:12;1892:9979;1893:6640;1894:7710;1895:7824;1896:7417;1897:8224;1898:9324;1899:6990
150.9877,1788891250.7954,10,447.31,64170.49,64617.80,1563.9,70170.4,56587.0,0.0,4635.028,65.581,312.608,1884:12;1892:10029;1893:6661;1894:7792;1895:7877;1896:7464;1897:8133;1898:9211;1899:6991
151.1081,1788891250.9157,10,447.34,64347.75,64795.09,1588.4,69857.1,56900.3,0.0,4635.452,65.706,312.608,1884:12;1892:10048;1893:6756;1894:7801;1895:7903;1896:7496;1897:8105;1898:9027;1899:7198
151.2361,1788891251.0437,10,447.34,64347.43,64794.77,1563.8,69768.6,56988.8,0.0,4637.672,65.759,312.608,1884:12;1892:10080;1893:6731;1894:7767;1895:7831;1896:7528;1897:8061;1898:9111;1899:7227
151.3520,1788891251.1597,10,447.35,63960.29,64407.64,1569.1,69294.9,57462.5,0.0,4638.257,65.839,312.608,1884:12;1892:9665;1893:6692;1894:7763;1895:7697;1896:7525;1897:8048;1898:9082;1899:7476
151.4711,1788891251.2787,10,447.36,64505.61,64952.96,1573.8,69307.4,57450.0,0.0,4646.017,65.999,312.608,1884:12;1892:9602;1893:6893;1894:7770;1895:7775;1896:7606;1897:7999;1898:9275;1899:7574
151.5840,1788891251.3917,10,447.36,64853.71,65301.08,1578.2,69202.8,57554.6,0.0,4649.065,66.161,312.608,1884:12;1892:9538;1893:7046;1894:7796;1895:7949;1896:7708;1897:8000;1898:9143;1899:7661
151.7101,1788891251.5177,10,447.38,65243.35,65690.73,1596.5,69635.3,57122.1,0.0,4649.353,66.210,312.608,1884:12;1892:9575;1893:6861;1894:7871;1895:8085;1896:7848;1897:7917;1898:9247;1899:7827
151.8311,1788891251.6387,10,447.39,65364.23,65811.62,1604.6,70065.8,56691.6,0.0,4654.626,66.349,312.608,1884:12;1892:9612;1893:6950;1894:8019;1895:8195;1896:7977;1897:7868;1898:9289;1899:7441
151.9631,1788891251.7707,10,447.42,64388.79,64836.21,1553.5,69455.7,57301.7,0.0,4659.278,66.572,312.608,1884:12;1892:9469;1893:6977;1894:7600;1895:8025;1896:7924;1897:7840;1898:9067;1899:7473
152.0883,1788891251.8960,10,447.43,63747.62,64195.04,1568.8,69165.7,57591.7,0.0,4661.106,66.641,312.608,1884:12;1892:9578;1893:6952;1894:6943;1895:8073;1896:7952;1897:7775;1898:8998;1899:7465
152.2294,1788891252.0370,10,447.44,63913.10,64360.54,1598.0,68997.9,57759.6,0.0,4661.615,66.752,312.608,1884:12;1892:9660;1893:6947;1894:6936;1895:8087;1896:8107;1897:7809;1898:8730;1899:7625
152.3475,1788891252.1551,10,447.45,63839.11,64286.56,1532.6,69132.7,57624.7,0.0,4664.137,66.879,312.608,1884:12;1892:9689;1893:6953;1894:7027;1895:8121;1896:8077;1897:7950;1898:8196;1899:7814
152.4681,1788891252.2757,10,447.50,64091.03,64538.53,1621.5,69341.8,57415.6,0.0,4670.715,66.995,312.608,1884:12;1892:9704;1893:6956;1894:6913;1895:8167;1896:8227;1897:8015;1898:8145;1899:7952
152.5811,1788891252.3887,10,447.52,64369.80,64817.32,1588.2,69383.2,57374.2,0.0,4671.756,67.112,312.608,1884:12;1892:9722;1893:6963;1894:6903;1895:8183;1896:8475;1897:8095;1898:7770;1899:8247
152.7240,1788891252.5317,10,447.56,64276.26,64723.82,1570.7,69796.7,56960.8,0.0,4677.605,67.222,312.608,1884:12;1892:9440;1893:6971;1894:6860;1895:8206;1896:8275;1897:8130;1898:7722;1899:8660
152.8421,1788891252.6497,10,447.60,64450.43,64898.02,1557.7,69919.8,56837.7,0.0,4678.035,67.279,312.733,1884:12;1892:9586;1893:6953;1894:6909;1895:8236;1896:8293;1897:8186;1898:7549;1899:8726
152.9662,1788891252.7738,10,447.66,63681.79,64129.45,1579.7,69861.2,56896.2,0.0,4686.035,67.382,312.858,1884:12;1892:9331;1893:6972;1894:6825;1895:8251;1896:8121;1897:8219;1898:7371;1899:8580
153.1060,1788891252.9137,10,447.68,64382.58,64830.26,1584.0,70379.1,56378.3,0.0,4686.367,67.449,312.858,1884:12;1892:9089;1893:7010;1894:6944;1895:8424;1896:8234;1897:8264;1898:7539;1899:8867
153.2160,1788891253.0237,10,447.73,64136.20,64583.92,1609.0,70214.0,56543.4,0.0,4686.620,67.515,312.858,1884:12;1892:8838;1893:7051;1894:6871;1895:8422;1896:8299;1897:8295;1898:7475;1899:8873
153.3351,1788891253.1427,10,447.75,63972.10,64419.85,1563.7,69762.8,56994.6,0.0,4693.238,67.581,312.858,1884:12;1892:8712;1893:7170;1894:6985;1895:8343;1896:8470;1897:8345;1898:7329;1899:8605
153.4601,1788891253.2677,10,447.82,63883.19,64331.01,1573.2,69509.8,57247.6,0.0,4693.374,67.622,312.858,1884:12;1892:8626;1893:7129;1894:7052;1895:8231;1896:8459;1897:8483;1898:7276;1899:8614
153.5901,1788891253.3977,10,447.85,64241.55,64689.41,1587.5,69753.2,57004.2,0.0,4693.532,67.668,312.858,1884:12;1892:8630;1893:7148;1894:6888;1895:8265;1896:8486;1897:8379;1898:7446;1899:8987
153.7170,1788891253.5247,10,447.90,63470.09,63917.99,1603.4,69113.6,57643.8,0.0,4693.703,67.694,312.858,1884:12;1892:8712;1893:7160;1894:6670;1895:8337;1896:8357;1897:8412;1898:6883;1899:8928
153.8310,1788891253.6387,10,447.96,63922.04,64370.00,1565.5,69322.3,57435.2,0.0,4696.487,67.783,312.858,1884:12;1892:8948;1893:7207;1894:6769;1895:8336;1896:8306;1897:8431;1898:7083;1899:8830
153.9570,1788891253.7647,10,448.00,65153.47,65601.47,1600.1,70202.5,56554.9,0.0,4705.744,67.848,312.858,1884:12;1892:9137;1893:7403;1894:6962;1895:8420;1896:8442;1897:8451;1898:7251;1899:9076
154.0830,1788891253.8907,10,448.03,66461.29,66909.32,1594.9,71206.9,55550.6,0.0,4705.857,67.915,312.858,1884:12;1892:9282;1893:7608;1894:7136;1895:8486;1896:8560;1897:8470;1898:7597;1899:9310
154.2131,1788891254.0207,10,448.05,67423.30,67871.35,1554.0,71926.6,54830.8,0.0,4717.023,68.005,312.858,1884:12;1892:9271;1893:7946;1894:7355;1895:8556;1896:8663;1897:8479;1898:7695;1899:9446
154.3381,1788891254.1457,10,448.13,67228.57,67676.70,1591.9,71843.4,54914.0,0.0,4717.140,68.019,312.858,1884:12;1892:9394;1893:7745;1894:7487;1895:8630;1896:8753;1897:8508;1898:7836;1899:8863
154.4591,1788891254.2667,10,448.21,67287.30,67735.50,1602.7,71992.7,54764.7,0.0,4717.366,68.052,312.858,1884:12;1892:9546;1893:7893;1894:7216;1895:8754;1896:8851;1897:8536;1898:7903;1899:8576
154.5840,1788891254.3917,10,448.21,68195.05,68643.26,1600.6,72858.3,53899.1,0.0,4723.904,68.124,312.858,1884:12;1892:9593;1893:8142;1894:7367;1895:8979;1896:8896;1897:8578;1898:8008;1899:8620
154.7171,1788891254.5247,10,448.22,68530.96,68979.18,1568.9,73361.0,53396.4,0.0,4723.973,68.147,312.858,1884:12;1892:9147;1893:8129;1894:7511;1895:9120;1896:8954;1897:8771;1898:8109;1899:8777
154.8303,1788891254.6380,10,448.24,68128.63,68576.87,1582.2,73812.6,52944.8,0.0,4730.604,68.184,312.858,1884:12;1892:8912;1893:7386;1894:7639;1895:9426;1896:8932;1897:8890;1898:8161;1899:8770
154.9535,1788891254.7611,10,448.30,68081.57,68529.88,1611.8,73923.1,52834.3,0.0,4734.602,68.251,312.858,1884:12;1892:8843;1893:7441;1894:7649;1895:9680;1896:8810;1897:9075;1898:7826;1899:8745
155.0951,1788891254.9028,10,448.33,68913.15,69361.48,1570.7,74301.9,52455.5,0.0,4734.634,68.253,312.858,1884:12;1892:8982;1893:7582;1894:7838;1895:9982;1896:8693;1897:9332;1898:7845;1899:8646
155.2376,1788891255.0452,10,448.34,68724.25,69172.60,1594.4,74689.2,52068.2,0.0,4734.634,68.253,312.858,1884:12;1892:9030;1893:7732;1894:7930;1895:9765;1896:8344;1897:9325;1898:7680;1899:8907
155.3611,1788891255.1687,10,448.37,68437.27,68885.64,1584.1,74258.7,52498.7,0.0,4740.872,68.291,312.858,1884:12;1892:9049;1893:7906;1894:8031;1895:9921;1896:8183;1897:9485;1898:7471;1899:8379
155.4851,1788891255.2928,10,448.43,68790.54,69238.96,1575.5,74644.3,52113.1,0.0,4740.929,68.319,312.858,1884:12;1892:9131;1893:8124;1894:8116;1895:9852;1896:8214;1897:9603;1898:7365;1899:8373
155.5971,1788891255.4047,10,448.47,68755.37,69203.84,1567.9,74727.2,52030.2,0.0,4744.771,68.341,312.858,1884:12;1892:9138;1893:8410;1894:8225;1895:10009;1896:8207;1897:9425;1898:6940;1899:8389
155.7231,1788891255.5307,10,448.50,69188.28,69636.79,1599.1,75143.0,51614.4,0.0,4744.829,68.366,312.858,1884:12;1892:9149;1893:8799;1894:8369;1895:9951;1896:8098;1897:9347;1898:7004;1899:8458
155.8355,1788891255.6431,10,448.52,68904.57,69353.09,1596.3,75056.8,51700.6,0.0,4744.857,68.389,312.858,1884:12;1892:9113;1893:8591;1894:8517;1895:9930;1896:8163;1897:9063;1898:7023;1899:8492
155.9510,1788891255.7587,10,448.61,69480.67,69929.28,1563.9,75531.8,51225.7,0.0,4752.357,68.432,312.858,1884:12;1892:9209;1893:9018;1894:8169;1895:10060;1896:8307;1897:9030;1898:7105;1899:8570
156.0661,1788891255.8738,10,448.62,69994.03,70442.65,1607.1,75692.3,51065.1,0.0,4752.445,68.456,312.858,1884:12;1892:9388;1893:9378;1894:7434;1895:10070;1896:8369;1897:9112;1898:7540;1899:8690
156.1849,1788891255.9925,10,448.65,70241.67,70690.32,1578.2,76191.9,50565.5,0.0,4755.470,68.475,312.858,1884:12;1892:9489;1893:8746;1894:7452;1895:10158;1896:8384;1897:9176;1898:7997;1899:8827
156.2959,1788891256.1036,10,448.66,70636.44,71085.11,1587.5,76771.8,49985.6,0.0,4756.664,68.479,312.858,1884:12;1892:9648;1893:8920;1894:7480;1895:10320;1896:7982;1897:9261;1898:8056;1899:8957
156.4239,1788891256.2315,10,448.74,71576.82,72025.55,1588.7,77449.7,49307.7,0.0,4756.664,68.479,312.858,1884:12;1892:9756;1893:9074;1894:7508;1895:10465;1896:8106;1897:9543;1898:7923;1899:9190
156.5590,1788891256.3666,10,448.76,72268.19,72716.95,1580.7,78062.2,48695.2,0.0,4756.664,68.479,312.858,1884:12;1892:9889;1893:9195;1894:7528;1895:10656;1896:8100;1897:9558;1898:7884;1899:9446
156.6872,1788891256.4948,10,448.77,72527.54,72976.31,1595.4,78489.7,48267.7,0.0,4756.664,68.479,312.858,1884:12;1892:9992;1893:9365;1894:7590;1895:10843;1896:7864;1897:9592;1898:7959;1899:9311
156.8021,1788891256.6097,10,448.78,72593.64,73042.42,1581.0,78390.8,48366.6,0.0,4756.751,68.494,312.858,1884:12;1892:10077;1893:9551;1894:7713;1895:11056;1896:7714;1897:9696;1898:8042;1899:8732
156.9220,1788891256.7297,10,448.80,73305.38,73754.18,1582.5,79128.1,47629.3,0.0,4756.802,68.495,312.858,1884:12;1892:10238;1893:9483;1894:7854;1895:11145;1896:7732;1897:9847;1898:8071;1899:8922
157.0531,1788891256.8607,10,448.82,73314.97,73763.80,1576.5,79825.9,46931.5,0.0,4764.252,68.560,312.858,1884:12;1892:10224;1893:9375;1894:7960;1895:11048;1896:7403;1897:9989;1898:8106;1899:9198
157.1781,1788891256.9857,10,448.84,73757.68,74206.52,1585.1,80694.7,46062.7,0.0,4767.519,68.583,312.858,1884:12;1892:10450;1893:9587;1894:8038;1895:11088;1896:7305;1897:10226;1898:8165;1899:8885
157.3067,1788891257.1144,10,448.88,73569.07,74017.95,1571.9,80806.4,45951.0,0.0,4767.519,68.585,312.858,1884:12;1892:10549;1893:9372;1894:8114;1895:11312;1896:7343;1897:10477;1898:8191;1899:8198
157.4241,1788891257.2317,10,448.93,73772.50,74221.43,1605.8,81292.6,45464.8,0.0,4767.519,68.585,312.858,1884:12;1892:10639;1893:9145;1894:8218;1895:11437;1896:7426;1897:10495;1898:8090;1899:8310
157.5394,1788891257.3471,10,448.97,71423.90,71872.87,1595.1,78958.0,47799.4,0.0,4768.051,68.619,312.858,1884:12;1892:10769;1893:7457;1894:8375;1895:10990;1896:7564;1897:10026;1898:8074;1899:8157
157.6515,1788891257.4592,10,449.00,72244.82,72693.82,1569.2,78904.2,47853.2,0.0,4777.432,68.662,312.858,1884:12;1892:10804;1893:7304;1894:8429;1895:11289;1896:7726;1897:10247;1898:8288;1899:8148
157.7921,1788891257.5997,10,449.02,73410.44,73859.46,1574.9,79442.1,47315.3,0.0,4779.005,68.666,312.858,1884:12;1892:10921;1893:7372;1894:8542;1895:11580;1896:7847;1897:10521;1898:8381;1899:8234
157.9482,1788891257.7559,10,449.04,73050.41,73499.45,1595.4,79281.7,47475.7,0.0,4779.080,68.691,312.858,1884:12;1892:10239;1893:7787;1894:8708;1895:11470;1896:7391;1897:10884;1898:8157;1899:8401
158.0671,1788891257.8747,10,449.07,72410.18,72859.25,1581.4,79377.7,47379.7,0.0,4782.819,68.709,312.858,1884:12;1892:10118;1893:7897;1894:8846;1895:10606;1896:7490;1897:10791;1898:7968;1899:8682
158.1906,1788891257.9982,10,449.09,72429.40,72878.49,1592.6,79709.1,47048.3,0.0,4782.820,68.710,312.858,1884:12;1892:9971;1893:7211;1894:8981;1895:10662;1896:7388;1897:11168;1898:7905;1899:9132
158.3160,1788891258.1237,10,449.09,72913.68,73362.77,1586.0,80097.0,46660.4,0.0,4782.821,68.712,312.858,1884:12;1892:10037;1893:7457;1894:9099;1895:10725;1896:7428;1897:11158;1898:7655;1899:9343
158.4411,1788891258.2487,10,449.17,71401.57,71850.74,1594.6,79344.9,47412.5,0.0,4788.822,68.750,312.858,1884:12;1892:9364;1893:7337;1894:9168;1895:10591;1896:7528;1897:11512;1898:7477;1899:8411
158.5691,1788891258.3767,10,449.20,70957.88,71407.08,1582.6,78633.4,48124.0,0.0,4790.133,68.774,312.858,1884:12;1892:8905;1893:7223;1894:9224;1895:10681;1896:7657;1897:11877;1898:7526;1899:7852
158.7040,1788891258.5117,10,449.25,69594.05,70043.30,1580.0,77528.9,49228.5,0.0,4790.150,68.785,312.858,1884:12;1892:8826;1893:7202;1894:9311;1895:8974;1896:7731;1897:12282;1898:7398;1899:7857
158.8351,1788891258.6427,10,449.27,70904.24,71353.51,1588.4,78271.0,48486.4,0.0,4790.150,68.787,312.858,1884:12;1892:8870;1893:7503;1894:9376;1895:8933;1896:7801;1897:12857;1898:7454;1899:8099
158.9621,1788891258.7697,10,449.28,71250.43,71699.71,1577.7,78616.7,48140.8,0.0,4790.259,68.823,312.858,1884:12;1892:9018;1893:6931;1894:9425;1895:8864;1896:7866;1897:13401;1898:7535;1899:8197
159.0800,1788891258.8877,10,449.28,71190.74,71640.02,1599.2,79238.6,47518.8,0.0,4790.285,68.851,312.858,1884:12;1892:8931;1893:7152;1894:9483;1895:8763;1896:7930;1897:12982;1898:7632;1899:8305
159.2033,1788891259.0109,10,449.31,71137.02,71586.33,1613.3,78805.7,47951.7,0.0,4798.084,68.882,312.858,1884:12;1892:8295;1893:7249;1894:9593;1895:8668;1896:7936;1897:13432;1898:7688;1899:8264
159.3281,1788891259.1357,10,449.31,70163.25,70612.56,1540.7,77697.1,49060.3,0.0,4798.100,68.883,312.858,1884:12;1892:8104;1893:7577;1894:9762;1895:8587;1896:7426;1897:13332;1898:7743;1899:7620
159.4481,1788891259.2557,10,449.34,69444.42,69893.77,1579.1,77553.8,49203.6,0.0,4798.124,68.894,312.858,1884:12;1892:7660;1893:7601;1894:9907;1895:8879;1896:7353;1897:12274;1898:7794;1899:7964
159.5706,1788891259.3782,10,449.38,69958.61,70407.99,1591.8,77681.3,49076.1,0.0,4798.124,68.894,312.858,1884:12;1892:7377;1893:7660;1894:10217;1895:9210;1896:7516;1897:11940;1898:7762;1899:8264
159.6871,1788891259.4947,10,449.42,70569.47,71018.89,1588.2,78332.0,48425.4,0.0,4800.837,68.922,312.858,1884:12;1892:7179;1893:7668;1894:10549;1895:9496;1896:7693;1897:11920;1898:7806;1899:8246
159.8013,1788891259.6090,10,449.45,70334.15,70783.60,1598.9,77298.3,49459.1,0.0,4801.181,68.934,312.858,1884:12;1892:7099;1893:7699;1894:10770;1895:8911;1896:7969;1897:12044;1898:7561;1899:8268
159.9333,1788891259.7409,10,449.48,69406.98,69856.45,1603.0,76732.2,50025.2,0.0,4801.524,68.947,312.858,1884:12;1892:6669;1893:7733;1894:10849;1895:9073;1896:7784;1897:12271;1898:7752;1899:7264
160.0531,1788891259.8607,10,449.50,69611.59,70061.09,1564.0,76481.9,50275.5,0.0,4801.525,68.947,312.858,1884:12;1892:6602;1893:7747;1894:10361;1895:9125;1896:7885;1897:12370;1898:7925;1899:7583
160.1730,1788891259.9807,10,449.50,69328.86,69778.36,1591.9,76269.5,50487.9,0.0,4804.170,69.015,312.858,1884:12;1892:6336;1893:7496;1894:9678;1895:9324;1896:8054;1897:12496;1898:8237;1899:7696
160.2971,1788891260.1047,10,449.52,69686.96,70136.49,1568.9,75970.6,50786.8,0.0,4804.185,69.018,312.858,1884:12;1892:6386;1893:7524;1894:9285;1895:9578;1896:7980;1897:12596;1898:8437;1899:7888
160.4221,1788891260.2297,10,449.60,68739.67,69189.27,1574.9,74977.4,51780.0,0.0,4804.185,69.027,312.858,1884:12;1892:6436;1893:7415;1894:8975;1895:9825;1896:8317;1897:11467;1898:8318;1899:7975
160.5470,1788891260.3547,10,449.61,67897.30,68346.91,1606.0,74925.4,51832.0,0.0,4806.397,69.033,312.858,1884:12;1892:6554;1893:7246;1894:8700;1895:9499;1896:8510;1897:11354;1898:8240;1899:7783
160.6631,1788891260.4707,10,449.68,68481.69,68931.36,1569.0,74829.6,51927.8,0.0,4807.360,69.094,312.858,1884:12;1892:6473;1893:7080;1894:9045;1895:9577;1896:8674;1897:11413;1898:8292;1899:7915
160.7830,1788891260.5907,10,449.82,69173.86,69623.68,1597.7,75175.2,51582.3,0.0,4810.648,69.104,312.858,1884:12;1892:6506;1893:7247;1894:9112;1895:9755;1896:8821;1897:11469;1898:8328;1899:7924
160.8980,1788891260.7057,10,449.84,69487.75,69937.59,1576.2,75504.5,51252.9,0.0,4810.681,69.106,312.858,1884:12;1892:6549;1893:7445;1894:9238;1895:9901;1896:8852;1897:11599;1898:8035;1899:7856
161.0111,1788891260.8187,10,449.85,69939.27,70389.12,1559.6,75499.0,51258.4,0.0,4813.535,69.128,312.858,1884:12;1892:6567;1893:7757;1894:8779;1895:10159;1896:9015;1897:11597;1898:8029;1899:8024
161.1292,1788891260.9369,10,449.86,71137.91,71587.78,1586.4,76314.7,50442.7,0.0,4813.602,69.134,312.858,1884:12;1892:6689;1893:7896;1894:8852;1895:10328;1896:9104;1897:11633;1898:7963;1899:8661
161.2453,1788891261.0530,10,449.88,72139.04,72588.92,1586.5,76952.6,49804.8,0.0,4816.413,69.168,312.858,1884:12;1892:6762;1893:8090;1894:9007;1895:10512;1896:9211;1897:11689;1898:7960;1899:8896
161.3728,1788891261.1804,10,449.90,72239.38,72689.28,1585.5,77232.1,49525.3,0.0,4817.873,69.182,312.858,1884:12;1892:6898;1893:8243;1894:9120;1895:10695;1896:8459;1897:11695;1898:8138;1899:8979
161.4901,1788891261.2978,10,449.91,71931.63,72381.54,1555.4,77653.5,49103.9,0.0,4817.890,69.186,312.858,1884:12;1892:7244;1893:7780;1894:9319;1895:10632;1896:8696;1897:11765;1898:7897;1899:8586
161.6001,1788891261.4077,10,449.93,72711.62,73161.54,1608.1,77939.5,48817.9,0.0,4817.946,69.199,312.858,1884:12;1892:7514;1893:7469;1894:9665;1895:10490;1896:9074;1897:11880;1898:7942;1899:8665
161.7280,1788891261.5357,10,449.96,72573.60,73023.55,1563.4,78323.1,48434.3,0.0,4820.661,69.211,312.858,1884:12;1892:7678;1893:7143;1894:10028;1895:10614;1896:9340;1897:11936;1898:7111;1899:8710
161.8541,1788891261.6617,10,449.97,73366.59,73816.55,1602.4,79226.6,47530.9,0.0,4822.199,69.240,312.858,1884:12;1892:7811;1893:7018;1894:9588;1895:10804;1896:9691;1897:11950;1898:7647;1899:8845
161.9891,1788891261.7967,10,449.98,73170.21,73620.18,1558.5,79805.7,46951.7,0.0,4825.013,69.259,312.858,1884:12;1892:7903;1893:6964;1894:9977;1895:10800;1896:8835;1897:12009;1898:7837;1899:8833
162.1245,1788891261.9322,10,449.99,73105.00,73554.99,1565.8,79729.6,47027.8,0.0,4825.014,69.260,312.858,1884:12;1892:8009;1893:6565;1894:9976;1895:10828;1896:9077;1897:12052;1898:7756;1899:8830
162.2371,1788891262.0447,10,449.99,72278.80,72728.79,1457.1,79364.6,47392.8,0.0,4827.878,69.280,312.858,1884:12;1892:7454;1893:6417;1894:9804;1895:10939;1896:9383;1897:11727;1898:7690;1899:8853
162.3465,1788891262.1541,10,449.99,73317.59,73767.58,1515.1,79886.4,46871.0,0.0,4828.446,69.304,312.858,1884:12;1892:7601;1893:6417;1894:10051;1895:11086;1896:9769;1897:11728;1898:7765;1899:8888
162.4550,1788891262.2627,10,450.00,69981.68,70431.69,1475.8,77805.5,48951.9,0.0,4831.785,69.324,312.858,1884:12;1892:7479;1893:6410;1894:9990;1895:11235;1896:8014;1897:11684;1898:7433;1899:7726
162.5643,1788891262.3719,10,450.04,69804.94,70254.98,1527.8,77260.2,49497.3,0.0,4831.785,69.336,312.858,1884:12;1892:7686;1893:6457;1894:10275;1895:11377;1896:8325;1897:10916;1898:7445;1899:7312
162.6881,1788891262.4957,10,450.06,69363.59,69813.65,1575.6,76864.8,49892.6,0.0,4835.879,69.363,312.858,1884:12;1892:7660;1893:6455;1894:9503;1895:11468;1896:8710;1897:10865;1898:7458;1899:7233
162.8047,1788891262.6124,10,450.09,68475.67,68925.76,1601.5,76419.6,50337.8,0.0,4838.900,69.400,312.858,1884:12;1892:7463;1893:6652;1894:9499;1895:11524;1896:8392;1897:10810;1898:7076;1899:7047
162.9301,1788891262.7377,10,450.12,68030.77,68480.89,1562.8,76050.1,50707.3,0.0,4841.906,69.405,312.858,1884:12;1892:7379;1893:6622;1894:9454;1895:11663;1896:8654;1897:10870;1898:6304;1899:7072
163.0491,1788891262.8567,10,450.14,68797.04,69247.18,1605.5,76418.4,50339.0,0.0,4841.906,69.405,312.858,1884:12;1892:7673;1893:6700;1894:9297;1895:11844;1896:8456;1897:10904;1898:6814;1899:7097
163.1638,1788891262.9715,10,450.16,68813.18,69263.33,1551.9,76527.1,50230.3,0.0,4847.787,69.461,312.858,1884:12;1892:7962;1893:6927;1894:9382;1895:11001;1896:8464;1897:10986;1898:6966;1899:7113
163.3002,1788891263.1078,10,450.17,68840.30,69290.47,1572.9,76159.3,50598.2,0.0,4848.306,69.479,312.858,1884:12;1892:7590;1893:6981;1894:9436;1895:11042;1896:8550;1897:10940;1898:7165;1899:7124
163.4100,1788891263.2177,10,450.21,69771.48,70221.69,1552.9,76449.2,50308.2,0.0,4849.796,69.488,312.858,1884:12;1892:7946;1893:7154;1894:9503;1895:11054;1896:8659;1897:10878;1898:7427;1899:7139
163.5240,1788891263.3317,10,450.23,70241.54,70691.77,1559.9,76712.4,50045.0,0.0,4849.796,69.489,312.858,1884:12;1892:8312;1893:7291;1894:9545;1895:11014;1896:8659;1897:10878;1898:7367;1899:7163
163.6328,1788891263.4404,10,450.30,68358.35,68808.64,1561.2,75969.7,50787.7,0.0,4849.841,69.512,312.858,1884:12;1892:7939;1893:6889;1894:8673;1895:10981;1896:8693;1897:10886;1898:7149;1899:7137
163.7474,1788891263.5550,10,450.33,67286.31,67736.64,1484.7,74998.5,51758.9,0.0,4854.959,69.524,312.858,1884:12;1892:7389;1893:6891;1894:8327;1895:10925;1896:8848;1897:10634;1898:7097;1899:7164
163.8595,1788891263.6671,10,450.34,67213.32,67663.66,1603.0,74944.3,51813.1,0.0,4854.959,69.524,312.858,1884:12;1892:7036;1893:6981;1894:8163;1895:10896;1896:9255;1897:10478;1898:7178;1899:7213
163.9810,1788891263.7887,10,450.37,67894.32,68344.69,1581.8,75366.4,51391.0,0.0,4856.971,69.540,312.858,1884:12;1892:7233;1893:7031;1894:8382;1895:10769;1896:9223;1897:10430;1898:7448;1899:7367
164.1031,1788891263.9107,10,450.39,68416.92,68867.31,1591.0,76012.0,50745.5,0.0,4856.971,69.540,312.858,1884:12;1892:7259;1893:6878;1894:8513;1895:10720;1896:9720;1897:10365;1898:7524;1899:7426
164.2208,1788891264.0284,10,450.39,68757.48,69207.86,1544.8,76352.6,50404.9,0.0,4856.971,69.542,312.858,1884:12;1892:7380;1893:7140;1894:8616;1895:10711;1896:9899;1897:10386;1898:7138;1899:7475
164.3374,1788891264.1450,10,450.40,68748.51,69198.91,1589.1,76037.5,50719.9,0.0,4857.010,69.554,312.858,1884:12;1892:7409;1893:6732;1894:8402;1895:10643;1896:10135;1897:10536;1898:7278;1899:7601
164.4544,1788891264.2621,10,450.46,69383.28,69833.73,1574.2,76632.6,50124.9,0.0,4858.792,69.561,312.858,1884:12;1892:7403;1893:6750;1894:8522;1895:10686;1896:10083;1897:10942;1898:7342;1899:7644
164.5727,1788891264.3804,10,450.48,69568.16,70018.64,1549.2,76592.1,50165.3,0.0,4858.824,69.563,312.858,1884:12;1892:7546;1893:7079;1894:8765;1895:10685;1896:10241;1897:10374;1898:7191;1899:7674
164.6861,1788891264.4937,10,450.51,70107.48,70557.99,1572.8,77061.2,49696.2,0.0,4860.472,69.579,312.858,1884:12;1892:7676;1893:7301;1894:8837;1895:10715;1896:10298;1897:10374;1898:7076;1899:7818
164.8030,1788891264.6107,10,450.52,69091.94,69542.46,1465.8,77065.1,49692.3,0.0,4860.472,69.579,312.858,1884:12;1892:7381;1893:7027;1894:9054;1895:10700;1896:10072;1897:10374;1898:6707;1899:7764
164.9231,1788891264.7307,10,450.57,69370.66,69821.22,1562.8,76827.6,49929.8,0.0,4860.474,69.582,312.858,1884:12;1892:7126;1893:7073;1894:9196;1895:10637;1896:9700;1897:10411;1898:6746;1899:8469
165.0641,1788891264.8717,10,450.62,69001.46,69452.08,1569.7,76750.7,50006.7,0.0,4862.442,69.600,312.858,1884:12;1892:7090;1893:6696;1894:9243;1895:10700;1896:9810;1897:10374;1898:6700;1899:8376
165.2130,1788891265.0207,10,450.62,69641.96,70092.58,1533.6,76914.3,49843.1,0.0,4862.443,69.600,312.858,1884:12;1892:7131;1893:6734;1894:9653;1895:10729;1896:9844;1897:10374;1898:6800;1899:8364
165.3361,1788891265.1437,10,450.63,70484.38,70935.00,1569.8,77108.5,49648.9,0.0,4862.443,69.600,312.858,1884:12;1892:7187;1893:6766;1894:9949;1895:10659;1896:9870;1897:10373;1898:7061;1899:8607
165.4556,1788891265.2633,10,450.70,70977.29,71427.99,1560.1,77076.1,49681.3,0.0,4862.443,69.602,312.858,1884:12;1892:7131;1893:6837;1894:10002;1895:10588;1896:9897;1897:10456;1898:7132;1899:8923
165.5788,1788891265.3864,10,450.77,70978.86,71429.63,1572.2,77103.7,49653.7,0.0,4863.245,69.615,312.858,1884:12;1892:7280;1893:6792;1894:10021;1895:10625;1896:9510;1897:10662;1898:7053;1899:9024
165.7011,1788891265.5087,10,450.79,71270.95,71721.74,1609.2,77182.8,49574.7,0.0,4864.537,69.617,312.858,1884:12;1892:7276;1893:6693;1894:10012;1895:10612;1896:9804;1897:10698;1898:7072;1899:9092
165.8152,1788891265.6229,10,450.80,71371.42,71822.22,1520.2,77192.2,49565.2,0.0,4864.538,69.620,312.858,1884:12;1892:7563;1893:6420;1894:10085;1895:10588;1896:9821;1897:10727;1898:7064;1899:9090
165.9272,1788891265.7348,10,450.83,70520.97,70971.80,1548.0,76872.8,49884.6,0.0,4866.400,69.635,312.858,1884:12;1892:7701;1893:6451;1894:10009;1895:10592;1896:9436;1897:10719;1898:6831;1899:8771
166.0448,1788891265.8525,10,450.84,70237.87,70688.71,1572.4,77023.5,49733.9,0.0,4866.401,69.636,312.858,1884:12;1892:7891;1893:6480;1894:9803;1895:10619;1896:9284;1897:10719;1898:6911;1899:8518
166.1677,1788891265.9753,10,450.85,69649.72,70100.57,1453.8,77082.0,49675.4,0.0,4866.401,69.636,312.858,1884:12;1892:7560;1893:6405;1894:9853;1895:10570;1896:9344;1897:10719;1898:7086;1899:8101
166.2896,1788891266.0973,10,450.86,69726.51,70177.37,1575.1,76679.5,50077.9,0.0,4866.403,69.639,312.858,1884:12;1892:7581;1893:6444;1894:9770;1895:10577;1896:9434;1897:10719;1898:7226;1899:7964
166.4051,1788891266.2127,10,450.88,69462.53,69913.41,1558.3,76304.8,50452.6,0.0,4866.435,69.639,312.858,1884:12;1892:7703;1893:6446;1894:9568;1895:10515;1896:9478;1897:10719;1898:7320;1899:7701
166.5250,1788891266.3327,10,450.93,69619.66,70070.58,1537.3,76134.2,50623.2,0.0,4868.618,69.658,312.858,1884:12;1892:7462;1893:6326;1894:10106;1895:10480;1896:9607;1897:10423;1898:7415;1899:7789
166.6451,1788891266.4527,10,451.02,69154.39,69605.41,1554.8,76222.2,50535.2,0.0,4868.618,69.659,312.858,1884:12;1892:7875;1893:6383;1894:10255;1895:10416;1896:9256;1897:9919;1898:7404;1899:7633
166.7594,1788891266.5671,10,451.05,69154.26,69605.31,1561.9,76228.4,50529.0,0.0,4870.734,69.677,312.858,1884:12;1892:8226;1893:6518;1894:9646;1895:10363;1896:9234;1897:9933;1898:7406;1899:7818
166.8841,1788891266.6917,10,451.09,69699.52,70150.61,1566.2,76024.6,50732.8,0.0,4870.812,69.680,312.858,1884:12;1892:8335;1893:6757;1894:9384;1895:10534;1896:9248;1897:10022;1898:7533;1899:7874
167.0191,1788891266.8267,10,451.16,70500.27,70951.43,1598.7,76631.5,50125.9,0.0,4870.845,69.680,312.858,1884:12;1892:8409;1893:6778;1894:9515;1895:10653;1896:9441;1897:10191;1898:7487;1899:8013
167.1431,1788891266.9507,10,451.20,70744.38,71195.59,1561.8,76565.7,50191.7,0.0,4872.377,69.694,312.858,1884:12;1892:8328;1893:6793;1894:9565;1895:10637;1896:9531;1897:10367;1898:7521;1899:7990
167.2761,1788891267.0837,10,451.23,70547.63,70998.86,1602.3,76390.0,50367.4,0.0,4872.906,69.695,312.858,1884:12;1892:8485;1893:6792;1894:8809;1895:10552;1896:9666;1897:10451;1898:7717;1899:8063
167.3993,1788891267.2069,10,451.32,71367.12,71818.44,1586.7,76955.4,49802.1,0.0,4872.906,69.695,312.858,1884:12;1892:8698;1893:6787;1894:8953;1895:10751;1896:9797;1897:10553;1898:7743;1899:8074
167.5196,1788891267.3272,10,451.33,72799.65,73250.98,1592.6,77503.8,49253.6,0.0,4872.906,69.695,312.858,1884:12;1892:8967;1893:6796;1894:9085;1895:11059;1896:9851;1897:10727;1898:7933;1899:8369
167.6485,1788891267.4561,10,451.35,72113.03,72564.38,1569.0,78021.2,48736.3,0.0,4872.906,69.695,312.858,1884:12;1892:8572;1893:6852;1894:9241;1895:11061;1896:9267;1897:10775;1898:7894;1899:8438
167.7789,1788891267.5866,10,451.37,71924.93,72376.30,1587.8,78065.2,48692.2,0.0,4872.906,69.697,312.858,1884:12;1892:8156;1893:6802;1894:9422;1895:11159;1896:9190;1897:10770;1898:7942;1899:8472
167.8932,1788891267.7008,10,451.39,71999.03,72450.42,1576.9,78088.3,48669.1,0.0,4872.938,69.697,312.858,1884:12;1892:7728;1893:7019;1894:9512;1895:11072;1896:9364;1897:10771;1898:7946;1899:8575
168.0011,1788891267.8087,10,451.40,72224.60,72676.00,1587.4,78417.6,48339.8,0.0,4874.872,69.712,312.858,1884:12;1892:7779;1893:7235;1894:9620;1895:10546;1896:9614;1897:10771;1898:7979;1899:8668
168.1131,1788891267.9207,10,451.41,72412.92,72864.33,1589.9,78440.1,48317.3,0.0,4874.872,69.712,312.858,1884:12;1892:7767;1893:7382;1894:9747;1895:10546;1896:9622;1897:10763;1898:7988;1899:8586
168.2230,1788891268.0306,10,451.42,73058.98,73510.41,1546.3,79052.4,47705.0,0.0,4874.872,69.712,312.858,1884:12;1892:7537;1893:7434;1894:9965;1895:10822;1896:9834;1897:10763;1898:8094;1899:8599
168.3440,1788891268.1517,10,451.44,72895.23,73346.67,1611.0,79089.6,47667.8,0.0,4874.872,69.714,312.858,1884:12;1892:7514;1893:7430;1894:10128;1895:10946;1896:9402;1897:10736;1898:8135;1899:8593
168.4581,1788891268.2657,10,451.50,73422.27,73873.77,1550.9,79733.0,47024.4,0.0,4875.686,69.728,312.858,1884:12;1892:7607;1893:7418;1894:10223;1895:11127;1896:9677;1897:10736;1898:7987;1899:8636
168.5850,1788891268.3926,10,451.52,73630.54,74082.06,1546.0,79926.8,46830.6,0.0,4876.977,69.732,312.858,1884:12;1892:7667;1893:7475;1894:10234;1895:11294;1896:9533;1897:10736;1898:8066;1899:8613
168.7077,1788891268.5153,10,451.53,72439.82,72891.34,1583.2,79788.6,46968.8,0.0,4877.007,69.751,312.858,1884:12;1892:7730;1893:7429;1894:10025;1895:10643;1896:9741;1897:10735;1898:8053;1899:8071
168.8201,1788891268.6277,10,451.57,72577.73,73029.30,1575.6,79099.8,47657.6,0.0,4884.344,69.772,312.858,1884:12;1892:7849;1893:7524;1894:9861;1895:10790;1896:9985;1897:10703;1898:7926;1899:7928
168.9366,1788891268.7442,10,451.57,72909.86,73361.43,1541.9,79406.4,47351.0,0.0,4884.344,69.772,312.858,1884:12;1892:7804;1893:7594;1894:9865;1895:11020;1896:10266;1897:10706;1898:7912;1899:7730
169.0482,1788891268.8558,10,451.59,72617.10,73068.70,1547.5,79292.2,47465.3,0.0,4884.344,69.772,312.858,1884:12;1892:7827;1893:7597;1894:9941;1895:11191;1896:10560;1897:10709;1898:7423;1899:7356
169.1584,1788891268.9661,10,451.62,71977.44,72429.06,1586.8,79156.1,47601.3,0.0,4888.236,69.798,312.858,1884:12;1892:7962;1893:7722;1894:9633;1895:10457;1896:10788;1897:10390;1898:7547;1899:7466
169.2741,1788891269.0817,10,451.64,70735.00,71186.64,1555.9,77578.5,49178.9,0.0,4890.015,69.803,312.858,1884:12;1892:8055;1893:7887;1894:8787;1895:10538;1896:10209;1897:10454;1898:7519;1899:7274
169.3940,1788891269.2017,10,451.65,70042.08,70493.73,1573.5,77032.7,49724.7,0.0,4890.703,69.805,312.858,1884:12;1892:8015;1893:7712;1894:8129;1895:10670;1896:9907;1897:10586;1898:7365;1899:7646
169.5298,1788891269.3375,10,451.69,69471.29,69922.98,1579.7,76431.2,50326.2,0.0,4890.703,69.805,312.858,1884:12;1892:7719;1893:7556;1894:8052;1895:10859;1896:9142;1897:10749;1898:7554;1899:7829
169.6628,1788891269.4705,10,451.72,69075.16,69526.88,1559.2,76081.9,50675.6,0.0,4896.971,69.839,312.858,1884:12;1892:7651;1893:7513;1894:7969;1895:10981;1896:8523;1897:10757;1898:7888;1899:7782
169.7991,1788891269.6067,10,451.73,67389.39,67841.12,1606.7,75329.5,51427.9,0.0,4896.971,69.839,312.858,1884:12;1892:7722;1893:7487;1894:7239;1895:10077;1896:8495;1897:10758;1898:7816;1899:7783
169.9090,1788891269.7167,10,451.88,67418.92,67870.80,1543.9,74949.7,51807.7,0.0,4896.972,69.839,312.858,1884:12;1892:7500;1893:7661;1894:7274;1895:10094;1896:8535;1897:10704;1898:7936;1899:7703
170.0243,1788891269.8319,10,451.88,67628.20,68080.08,1539.9,74911.8,51845.6,0.0,4896.972,69.839,312.858,1884:12;1892:7617;1893:7600;1894:7260;1895:10116;1896:8500;1897:10751;1898:8087;1899:7685
170.1331,1788891269.9407,10,451.91,67470.96,67922.87,1497.3,74757.2,52000.2,0.0,4896.972,69.839,312.858,1884:12;1892:7436;1893:7610;1894:7314;1895:10167;1896:8585;1897:10831;1898:8103;1899:7413
170.2471,1788891270.0547,10,451.91,68142.48,68594.39,1555.8,75176.5,51580.9,0.0,4896.972,69.839,312.858,1884:12;1892:7816;1893:7460;1894:7379;1895:10198;1896:8854;1897:10893;1898:8110;1899:7421
170.3608,1788891270.1684,10,451.93,65801.88,66253.81,1536.1,73449.8,53307.6,0.0,4896.972,69.839,312.858,1884:12;1892:8113;1893:7366;1894:7389;1895:10235;1896:7115;1897:10978;1898:8071;1899:6523
170.4754,1788891270.2831,10,451.94,65707.93,66159.87,1588.5,73170.7,53586.7,0.0,4896.972,69.839,312.858,1884:12;1892:8336;1893:7132;1894:7398;1895:10416;1896:7249;1897:10993;1898:7879;1899:6292
170.6132,1788891270.4208,10,451.95,65860.43,66312.38,1559.2,73528.6,53228.8,0.0,4896.972,69.839,312.858,1884:12;1892:8376;1893:6928;1894:7442;1895:10394;1896:7652;1897:10958;1898:7805;1899:6293
170.7605,1788891270.5681,10,451.98,65663.66,66115.64,1566.6,73270.5,53486.9,0.0,4896.972,69.839,312.858,1884:12;1892:8467;1893:6842;1894:7246;1895:10428;1896:7992;1897:10958;1898:7641;1899:6078
170.8781,1788891270.6857,10,452.01,64291.70,64743.71,1587.2,71894.6,54862.8,0.0,4896.972,69.839,312.858,1884:12;1892:8500;1893:6640;1894:6659;1895:10460;1896:7240;1897:10910;1898:7635;1899:6237
171.0101,1788891270.8177,10,452.02,64154.02,64606.04,1578.5,71844.5,54912.9,0.0,4896.972,69.839,312.858,1884:12;1892:8317;1893:6724;1894:6532;1895:10489;1896:7317;1897:10988;1898:7719;1899:6056
171.1330,1788891270.9407,10,452.06,63269.18,63721.24,1520.5,71174.4,55583.0,0.0,4896.972,69.839,312.858,1884:12;1892:8365;1893:6584;1894:6091;1895:10518;1896:7516;1897:11097;1898:7451;1899:5634
171.2578,1788891271.0654,10,452.09,63100.55,63552.64,1548.9,70433.1,56324.3,0.0,4896.972,69.839,312.858,1884:12;1892:8504;1893:6618;1894:6012;1895:10544;1896:7597;1897:11188;1898:6918;1899:5707
171.3691,1788891271.1767,10,452.11,63029.47,63481.57,1572.1,70417.1,56340.3,0.0,4896.972,69.839,312.858,1884:12;1892:8502;1893:6697;1894:6052;1895:10364;1896:7455;1897:11233;1898:6842;1899:5872
171.4870,1788891271.2946,10,452.17,63539.83,63992.00,1586.7,70702.7,56054.7,0.0,4896.972,69.839,312.858,1884:12;1892:8636;1893:6560;1894:6197;1895:10374;1896:7521;1897:11218;1898:7047;1899:5975
171.5971,1788891271.4047,10,452.20,62382.84,62835.05,1607.2,69871.3,56886.1,0.0,4896.972,69.839,312.858,1884:12;1892:8724;1893:6283;1894:6190;1895:10391;1896:7585;1897:10374;1898:6648;1899:6175
171.7271,1788891271.5347,10,452.23,62311.96,62764.20,1533.4,70230.5,56526.9,0.0,4896.972,69.839,312.858,1884:12;1892:8769;1893:6093;1894:6307;1895:10398;1896:7643;1897:10095;1898:6753;1899:6241
171.8365,1788891271.6442,10,452.25,62260.98,62713.23,1561.3,70259.0,56498.5,0.0,4896.972,69.839,312.858,1884:12;1892:8786;1893:6064;1894:6212;1895:10424;1896:7666;1897:10099;1898:7130;1899:5868
171.9650,1788891271.7727,10,452.29,63283.01,63735.30,1594.4,70502.3,56255.1,0.0,4896.972,69.839,312.858,1884:12;1892:8830;1893:6178;1894:6241;1895:10452;1896:7683;1897:10420;1898:7523;1899:5944
172.1223,1788891271.9299,10,452.32,63089.58,63541.90,1576.3,70589.3,56168.1,0.0,4896.972,69.839,312.858,1884:12;1892:8837;1893:5900;1894:6340;1895:10472;1896:7697;1897:10433;1898:7445;1899:5953
172.2464,1788891272.0541,10,452.34,63667.50,64119.84,1591.5,70752.8,56004.7,0.0,4896.972,69.839,312.858,1884:12;1892:8864;1893:5746;1894:6535;1895:10490;1896:7795;1897:10713;1898:7618;1899:5893
172.3843,1788891272.1919,10,452.39,64809.34,65261.73,1579.1,71156.9,55600.6,0.0,4896.972,69.839,312.858,1884:12;1892:8958;1893:5920;1894:6612;1895:10500;1896:7819;1897:11067;1898:7710;1899:6210
172.5191,1788891272.3267,10,452.43,64543.36,64995.79,1566.0,71354.0,55403.4,0.0,4896.972,69.839,312.858,1884:12;1892:8953;1893:6152;1894:6623;1895:10508;1896:7883;1897:10628;1898:7599;1899:6186
172.6361,1788891272.4437,10,452.44,64862.18,65314.62,1556.2,71941.2,54816.2,0.0,4896.972,69.839,312.858,1884:12;1892:8748;1893:6425;1894:6610;1895:10537;1896:7937;1897:10601;1898:7722;1899:6269
172.7568,1788891272.5645,10,452.46,63740.02,64192.48,1538.8,71007.8,55749.6,0.0,4896.972,69.839,312.858,1884:12;1892:8774;1893:6375;1894:6573;1895:9747;1896:7755;1897:10515;1898:7516;1899:6472
172.8791,1788891272.6867,10,452.46,63981.21,64433.67,1618.7,71344.5,55413.0,0.0,4896.972,69.839,312.858,1884:12;1892:8751;1893:6983;1894:6619;1895:9795;1896:7569;1897:10632;1898:7258;1899:6362
173.0176,1788891272.8252,10,452.47,63499.84,63952.31,1555.7,71239.9,55517.5,0.0,4896.972,69.839,312.858,1884:12;1892:8853;1893:7215;1894:6552;1895:9677;1896:7561;1897:10426;1898:6818;1899:6385
173.1372,1788891272.9448,10,452.49,64316.93,64769.43,1574.3,70980.6,55776.8,0.0,4896.972,69.839,312.858,1884:12;1892:8494;1893:7460;1894:6513;1895:9658;1896:7919;1897:10803;1898:7037;1899:6420
173.2651,1788891273.0727,10,452.51,63895.71,64348.23,1558.1,70364.3,56393.1,0.0,4896.972,69.839,312.858,1884:12;1892:7954;1893:7554;1894:6313;1895:9690;1896:8182;1897:11068;1898:6748;1899:6374
173.3790,1788891273.1867,10,452.53,64078.01,64530.54,1599.3,70201.0,56556.5,0.0,4896.972,69.839,312.858,1884:12;1892:7774;1893:7661;1894:5937;1895:9713;1896:8257;1897:11411;1898:6936;1899:6378
173.4958,1788891273.3035,10,452.61,64299.74,64752.35,1570.3,70593.1,56164.3,0.0,4896.972,69.839,312.858,1884:12;1892:7826;1893:7503;1894:5890;1895:9736;1896:8156;1897:11843;1898:6934;1899:6398
173.6121,1788891273.4197,10,452.64,64679.68,65132.33,1558.0,70784.3,55973.1,0.0,4896.979,69.845,312.858,1884:12;1892:8078;1893:7148;1894:5855;1895:9772;1896:8281;1897:12200;1898:6914;1899:6419
173.7471,1788891273.5547,10,452.67,65918.61,66371.28,1614.0,71171.8,55585.6,0.0,4897.012,69.845,312.858,1884:12;1892:8267;1893:7229;1894:5938;1895:9780;1896:8326;1897:12615;1898:7066;1899:6685
173.8813,1788891273.6889,10,452.68,65625.39,66078.07,1552.5,70745.5,56011.9,0.0,4899.073,69.866,312.858,1884:12;1892:8175;1893:7367;1894:6096;1895:9818;1896:8151;1897:12215;1898:7165;1899:6626
173.9912,1788891273.7989,10,452.71,65210.70,65663.40,1573.4,71157.4,55600.0,0.0,4899.073,69.866,312.858,1884:12;1892:8355;1893:7258;1894:6509;1895:8935;1896:8179;1897:12146;1898:7224;1899:6593
174.1053,1788891273.9129,10,452.71,64363.36,64816.07,1563.9,70558.1,56199.3,0.0,4901.230,69.895,312.858,1884:12;1892:8304;1893:6648;1894:6785;1895:9044;1896:8191;1897:11494;1898:7277;1899:6608
174.2191,1788891274.0267,10,452.72,64450.30,64903.02,1590.9,70986.2,55771.2,0.0,4905.817,69.903,312.858,1884:12;1892:8083;1893:6758;1894:6868;1895:9121;1896:8205;1897:11767;1898:7049;1899:6587
174.3442,1788891274.1519,10,452.73,64438.52,64891.25,1555.1,70961.3,55796.1,0.0,4905.817,69.903,312.858,1884:12;1892:8175;1893:6973;1894:6920;1895:9369;1896:8220;1897:11158;1898:7017;1899:6594
174.4590,1788891274.2667,10,452.79,65453.16,65905.96,1543.7,71452.4,55305.0,0.0,4905.817,69.903,312.858,1884:12;1892:8140;1893:7245;1894:7092;1895:9978;1896:8229;1897:11253;1898:7005;1899:6498
174.5761,1788891274.3837,10,452.81,66052.69,66505.50,1622.9,71712.1,55045.3,0.0,4905.817,69.903,312.858,1884:12;1892:8050;1893:7372;1894:7173;1895:10308;1896:8267;1897:11441;1898:6965;1899:6465
174.6981,1788891274.5057,10,452.98,66205.85,66658.82,1589.0,71777.4,54980.0,0.0,4905.817,69.903,312.858,1884:12;1892:7798;1893:7423;1894:7332;1895:10493;1896:8385;1897:11595;1898:6947;1899:6220
174.8123,1788891274.6200,10,453.04,63485.34,63938.38,1579.3,70120.5,56636.9,0.0,4905.817,69.903,312.858,1884:12;1892:8010;1893:7481;1894:7485;1895:9323;1896:7541;1897:10225;1898:6943;1899:6464
174.9223,1788891274.7299,10,453.10,63476.78,63929.88,1561.4,70310.6,56446.8,0.0,4905.817,69.903,312.858,1884:12;1892:8134;1893:7596;1894:7622;1895:9390;1896:7432;1897:9876;1898:6994;1899:6420
175.0452,1788891274.8529,10,453.11,64004.57,64457.68,1590.6,70691.1,56066.3,0.0,4905.817,69.903,312.858,1884:12;1892:8187;1893:7206;1894:7670;1895:9626;1896:7612;1897:9921;1898:6994;1899:6776
175.1600,1788891274.9677,10,453.14,63686.27,64139.40,1560.6,70524.9,56232.5,0.0,4905.817,69.903,312.858,1884:12;1892:7662;1893:6979;1894:7637;1895:9716;1896:7824;1897:10220;1898:7007;1899:6630
175.2801,1788891275.0877,10,453.16,63380.53,63833.69,1588.6,69868.2,56889.2,0.0,4905.829,69.923,312.858,1884:12;1892:7614;1893:6996;1894:7684;1895:9948;1896:7481;1897:10448;1898:6200;1899:6997
175.4157,1788891275.2233,10,453.18,62664.50,63117.67,1605.0,69623.8,57133.6,0.0,4911.767,69.934,312.858,1884:12;1892:7087;1893:6938;1894:7170;1895:9996;1896:7619;1897:10573;1898:6088;1899:7182
175.5301,1788891275.3377,10,453.20,63816.22,64269.41,1561.4,69889.0,56868.4,0.0,4912.513,69.935,312.858,1884:12;1892:7179;1893:7013;1894:7022;1895:10145;1896:7967;1897:10770;1898:6484;1899:7223
175.6461,1788891275.4537,10,453.21,63986.54,64439.75,1599.1,70293.3,56464.1,0.0,4912.514,69.935,312.858,1884:12;1892:6913;1893:6809;1894:6883;1895:10329;1896:8307;1897:11010;1898:6513;1899:7209
175.7800,1788891275.5877,10,453.23,63821.13,64274.36,1611.9,70461.8,56295.7,0.0,4912.514,69.935,312.858,1884:12;1892:6829;1893:6473;1894:7180;1895:10067;1896:8538;1897:11057;1898:6407;1899:7257
175.9008,1788891275.7085,10,453.25,63566.30,64019.55,1570.8,70171.4,56586.1,0.0,4913.188,69.958,312.858,1884:12;1892:6388;1893:6662;1894:7528;1895:10130;1896:8708;1897:10773;1898:6400;1899:6965
176.0460,1788891275.8537,10,453.27,63484.61,63937.88,1576.5,70056.6,56700.8,0.0,4914.220,69.961,312.858,1884:12;1892:6405;1893:6361;1894:7721;1895:10148;1896:8617;1897:10891;1898:6409;1899:6921
176.1641,1788891275.9717,10,453.29,63381.97,63835.27,1583.4,69647.2,57110.2,0.0,4914.220,69.961,312.858,1884:12;1892:6273;1893:6270;1894:7625;1895:10202;1896:8602;1897:10949;1898:6453;1899:6996
176.2801,1788891276.0877,10,453.30,62580.67,63033.98,1562.4,69328.3,57429.1,0.0,4914.220,69.961,312.858,1884:12;1892:6290;1893:6280;1894:6976;1895:10246;1896:8694;1897:10595;1898:6460;1899:7028
176.4021,1788891276.2098,10,453.38,61735.71,62189.09,1570.1,68716.3,58041.1,0.0,4914.220,69.961,312.858,1884:12;1892:6171;1893:5599;1894:6575;1895:10546;1896:8836;1897:10730;1898:6512;1899:6755
176.5465,1788891276.3541,10,453.42,61620.23,62073.64,1577.7,68902.4,57855.0,0.0,4914.220,69.961,312.858,1884:12;1892:6625;1893:5108;1894:6662;1895:10477;1896:8778;1897:11101;1898:6158;1899:6699
176.6930,1788891276.5007,10,453.45,61517.21,61970.66,1577.2,68643.0,58114.4,0.0,4914.233,69.980,312.858,1884:12;1892:6761;1893:5157;1894:6732;1895:10372;1896:8908;1897:11415;1898:5612;1899:6547
176.8191,1788891276.6267,10,453.47,62122.67,62576.14,1593.6,68846.7,57910.7,0.0,4921.357,69.993,312.858,1884:12;1892:7087;1893:5376;1894:6404;1895:10397;1896:9076;1897:11556;1898:5739;1899:6474
176.9561,1788891276.7637,10,453.48,63869.09,64322.57,1593.8,69519.7,57237.7,0.0,4921.357,69.993,312.858,1884:12;1892:7297;1893:6016;1894:6708;1895:10494;1896:9247;1897:11653;1898:5936;1899:6507
177.0969,1788891276.9045,10,453.50,63784.53,64238.03,1588.5,69987.7,56769.7,0.0,4921.357,69.993,312.858,1884:12;1892:7240;1893:6188;1894:6763;1895:9979;1896:9259;1897:11815;1898:6320;1899:6210
177.2386,1788891277.0463,10,453.51,63656.71,64110.22,1584.8,69650.1,57107.4,0.0,4921.357,69.993,312.858,1884:12;1892:7363;1893:6237;1894:6948;1895:9932;1896:8868;1897:11227;1898:6647;1899:6421
177.3991,1788891277.2067,10,453.59,64160.40,64613.99,1599.3,69936.2,56821.2,0.0,4921.357,69.993,312.858,1884:12;1892:7493;1893:6200;1894:6577;1895:10060;1896:8896;1897:11515;1898:6844;1899:6564
177.5413,1788891277.3490,10,453.61,64060.23,64513.84,1559.6,69932.1,56825.3,0.0,4921.357,69.993,312.858,1884:12;1892:7567;1893:6290;1894:6308;1895:9767;1896:8894;1897:11784;1898:6970;1899:6468
177.6680,1788891277.4757,10,453.62,63928.98,64382.61,1599.0,70342.0,56415.4,0.0,4928.436,70.027,312.858,1884:12;1892:7627;1893:6559;1894:6612;1895:9220;1896:8907;1897:11129;1898:7083;1899:6781
177.7854,1788891277.5931,10,453.62,64358.05,64811.67,1608.8,70527.5,56229.9,0.0,4928.436,70.027,312.858,1884:12;1892:7333;1893:6980;1894:6720;1895:9104;1896:8796;1897:11196;1898:7098;1899:7119
177.9361,1788891277.7437,10,453.64,64062.12,64515.77,1576.5,70574.7,56182.8,0.0,4928.436,70.027,312.858,1884:12;1892:7000;1893:7002;1894:6882;1895:8988;1896:8677;1897:11282;1898:7149;1899:7070
178.0621,1788891277.8697,10,453.65,62965.96,63419.61,1568.3,70699.7,56057.7,0.0,4928.436,70.027,312.858,1884:12;1892:6635;1893:6753;1894:6583;1895:8775;1896:8682;1897:11420;1898:6895;1899:7211
178.1881,1788891277.9957,10,453.66,61875.67,62329.33,1573.9,69912.9,56844.5,0.0,4928.436,70.027,312.858,1884:12;1892:6624;1893:6940;1894:6000;1895:8682;1896:7901;1897:11631;1898:6778;1899:7307
178.3241,1788891278.1317,10,453.67,61215.06,61668.73,1552.9,68900.9,57856.6,0.0,4928.436,70.027,312.858,1884:12;1892:6796;1893:7127;1894:5998;1895:8642;1896:8084;1897:10673;1898:6572;1899:7311
178.4471,1788891278.2547,10,453.71,60995.82,61449.53,1567.4,68712.1,58045.3,0.0,4928.450,70.048,312.858,1884:12;1892:6319;1893:7366;1894:6054;1895:8757;1896:7985;1897:10710;1898:6494;1899:7297
178.5751,1788891278.3827,10,453.73,60169.21,60622.94,1574.0,68295.5,58461.9,0.0,4928.534,70.049,312.858,1884:12;1892:6364;1893:6545;1894:6091;1895:8881;1896:7740;1897:10746;1898:6494;1899:7296
178.6930,1788891278.5007,10,453.74,59799.59,60253.33,1556.0,67967.8,58789.6,0.0,4928.534,70.049,312.858,1884:12;1892:6686;1893:6540;1894:5876;1895:9007;1896:7452;1897:10776;1898:6250;1899:7201
178.8141,1788891278.6217,10,453.76,58762.34,59216.10,1587.2,66385.0,60372.4,0.0,4928.534,70.049,312.858,1884:12;1892:6971;1893:6675;1894:5821;1895:9002;1896:7207;1897:10735;1898:5608;1899:6732
178.9527,1788891278.7603,10,453.77,58515.66,58969.43,1582.6,66314.8,60442.6,0.0,4928.534,70.049,312.858,1884:12;1892:7079;1893:6849;1894:5919;1895:9076;1896:7218;1897:10015;1898:5636;1899:6712
179.0731,1788891278.8807,10,453.79,57793.02,58246.80,1596.8,65347.2,61410.2,0.0,4934.379,70.079,312.858,1884:12;1892:7124;1893:6574;1894:5193;1895:9147;1896:7289;1897:10146;1898:5709;1899:6599
179.2021,1788891279.0097,10,453.81,57661.16,58114.97,1606.8,65070.1,61687.3,0.0,4935.983,70.083,312.858,1884:12;1892:7021;1893:6649;1894:5060;1895:9176;1896:7410;1897:10065;1898:5937;1899:6331
179.3171,1788891279.1247,10,453.84,56741.68,57195.52,1535.2,64304.3,62453.2,0.0,4935.983,70.083,312.858,1884:12;1892:7066;1893:5579;1894:5174;1895:9234;1896:7469;1897:9918;1898:6127;1899:6163
179.4413,1788891279.2489,10,453.92,57848.79,58302.71,1580.8,64326.7,62430.7,0.0,4935.983,70.083,312.858,1884:12;1892:7271;1893:5585;1894:5302;1895:9322;1896:7647;1897:9929;1898:6342;1899:6438
179.5831,1788891279.3907,10,453.94,57770.16,58224.10,1591.2,64275.8,62481.7,0.0,4935.983,70.083,312.858,1884:12;1892:7039;1893:5407;1894:5327;1895:9425;1896:7702;1897:9963;1898:6330;1899:6565
179.7064,1788891279.5141,10,453.96,58313.37,58767.32,1558.6,65123.8,61633.6,0.0,4935.989,70.098,312.858,1884:12;1892:7009;1893:5817;1894:5655;1895:9377;1896:7721;1897:10000;1898:6249;1899:6472
179.8241,1788891279.6317,10,453.97,58584.33,59038.30,1587.8,65200.5,61556.9,0.0,4943.577,70.117,312.858,1884:12;1892:7013;1893:6251;1894:5801;1895:9470;1896:7625;1897:10021;1898:5861;1899:6532
179.9400,1788891279.7477,10,453.99,58750.94,59204.93,1581.7,65445.8,61311.6,0.0,4943.577,70.117,312.858,1884:12;1892:6840;1893:6521;1894:6124;1895:9403;1896:7418;1897:10050;1898:5911;1899:6473
180.0581,1788891279.8657,10,454.01,59039.34,59493.36,1578.0,65487.2,61270.2,0.0,4943.577,70.117,312.858,1884:12;1892:6574;1893:6707;1894:6548;1895:9434;1896:7291;1897:10115;1898:5726;1899:6633
180.1781,1788891279.9857,10,454.05,58815.12,59269.18,1567.9,64859.6,61897.8,0.0,4946.544,70.140,312.858,1884:12;1892:6311;1893:6957;1894:6599;1895:9234;1896:7215;1897:10356;1898:5336;1899:6795
180.2970,1788891280.1047,10,454.07,58190.55,58644.62,1601.8,65096.2,61661.2,0.0,4950.890,70.148,312.858,1884:12;1892:5645;1893:6832;1894:6693;1895:9234;1896:7287;1897:10071;1898:5561;1899:6855
180.4121,1788891280.2198,10,454.14,57873.86,58328.01,1576.4,64146.4,62611.0,0.0,4950.890,70.148,312.858,1884:12;1892:5493;1893:7021;1894:6250;1895:9271;1896:7272;1897:10282;1898:5715;1899:6558
180.5387,1788891280.3463,10,454.16,57208.12,57662.28,1578.5,63634.1,63123.3,0.0,4950.890,70.148,312.858,1884:12;1892:5719;1893:6421;1894:5339;1895:9262;1896:7566;1897:10503;1898:5758;1899:6628
180.6471,1788891280.4547,10,454.19,57875.59,58329.78,1570.2,63906.0,62851.4,0.0,4958.139,70.178,312.858,1884:12;1892:6030;1893:6677;1894:5531;1895:9256;1896:7696;1897:10342;1898:5823;1899:6508
180.7583,1788891280.5660,10,454.23,58330.03,58784.26,1577.1,64917.3,61840.1,0.0,4958.483,70.180,312.858,1884:12;1892:6329;1893:6671;1894:5801;1895:9290;1896:7645;1897:10177;1898:5942;1899:6463
180.8741,1788891280.6817,10,454.30,58028.82,58483.12,1603.6,64004.4,62753.0,0.0,4958.483,70.180,312.858,1884:12;1892:6373;1893:6047;1894:5949;1895:9282;1896:7794;1897:10246;1898:5761;1899:6564
180.9881,1788891280.7957,10,454.33,57896.72,58351.05,1571.1,63962.0,62795.4,0.0,4958.483,70.180,312.858,1884:12;1892:6246;1893:5382;1894:6385;1895:9340;1896:7940;1897:10478;1898:5680;1899:6433
181.1088,1788891280.9165,10,454.35,57430.87,57885.22,1584.0,63065.3,63692.1,0.0,4958.483,70.180,312.858,1884:12;1892:6161;1893:5584;1894:5805;1895:9303;1896:8165;1897:10746;1898:5417;1899:6238
181.2369,1788891281.0445,10,454.36,58264.68,58719.04,1577.2,63373.0,63384.4,0.0,4958.483,70.182,312.858,1884:12;1892:6176;1893:5748;1894:6012;1895:9316;1896:8295;1897:11076;1898:5662;1899:5966
181.3551,1788891281.1627,10,454.39,58860.17,59314.55,1572.5,63588.4,63169.0,0.0,4958.515,70.191,312.858,1884:12;1892:6257;1893:6121;1894:5844;1895:9354;1896:8350;1897:11262;1898:5794;1899:5864
181.4794,1788891281.2871,10,454.46,58933.26,59387.72,1597.0,64182.5,62574.9,0.0,4958.520,70.191,312.858,1884:12;1892:6152;1893:6312;1894:6191;1895:9366;1896:7804;1897:11501;1898:5819;1899:5777
181.6081,1788891281.4157,10,454.46,59154.65,59609.12,1585.3,64244.5,62512.9,0.0,4958.520,70.193,312.858,1884:12;1892:6012;1893:6434;1894:6370;1895:9419;1896:7924;1897:11615;1898:5562;1899:5807
181.7361,1788891281.5437,10,454.48,56904.18,57358.66,1593.6,62340.5,64416.9,0.0,4958.552,70.193,312.858,1884:12;1892:6001;1893:5398;1894:4971;1895:9435;1896:8028;1897:11817;1898:5607;1899:5635
181.8545,1788891281.6621,10,454.49,56496.17,56950.66,1575.3,62167.1,64590.3,0.0,4958.562,70.205,312.858,1884:12;1892:5910;1893:4964;1894:4595;1895:9465;1896:8120;1897:12051;1898:5430;1899:5949
181.9788,1788891281.7864,10,454.50,56352.14,56806.64,1593.9,62066.4,64691.0,0.0,4958.564,70.207,312.858,1884:12;1892:6025;1893:4832;1894:4505;1895:9486;1896:8100;1897:11923;1898:5517;1899:5952
182.0881,1788891281.8957,10,454.51,55640.54,56095.04,1555.3,61832.8,64924.6,0.0,4958.598,70.211,312.858,1884:12;1892:6066;1893:4930;1894:4709;1895:9517;1896:8255;1897:10519;1898:5520;1899:6112
182.2065,1788891282.0142,10,454.53,55453.03,55907.55,1563.9,61753.9,65003.5,0.0,4958.598,70.213,312.858,1884:12;1892:5849;1893:4898;1894:4833;1895:9527;1896:8102;1897:10576;1898:5524;1899:6131
182.3141,1788891282.1218,10,454.54,54086.08,54540.61,1545.2,60280.1,66477.3,0.0,4958.638,70.225,312.858,1884:12;1892:6016;1893:4437;1894:4813;1895:9559;1896:7400;1897:9969;1898:5536;1899:6342
182.4361,1788891282.2437,10,454.65,53269.26,53723.91,1573.7,59702.0,67055.4,0.0,4958.643,70.228,312.858,1884:12;1892:5652;1893:4458;1894:4768;1895:9617;1896:7409;1897:9852;1898:5199;1899:6301
182.5651,1788891282.3727,10,454.67,52577.97,53032.64,1557.4,59191.9,67565.5,0.0,4958.679,70.233,312.858,1884:12;1892:5758;1893:4320;1894:4686;1895:9850;1896:7384;1897:9615;1898:4637;1899:6316
182.6911,1788891282.4988,10,454.70,52610.68,53065.38,1571.6,58976.5,67780.9,0.0,4958.679,70.233,312.858,1884:12;1892:6006;1893:4420;1894:4923;1895:9737;1896:7138;1897:9655;1898:4546;1899:6172
182.8166,1788891282.6242,10,454.73,53299.54,53754.27,1574.4,59091.0,67666.4,0.0,4958.679,70.233,312.858,1884:12;1892:6116;1893:4669;1894:5174;1895:9848;1896:6930;1897:9587;1898:4738;1899:6226
182.9323,1788891282.7399,10,454.78,52175.56,52630.34,1599.8,58532.1,68225.3,0.0,4958.679,70.233,312.858,1884:12;1892:5685;1893:4903;1894:4521;1895:9681;1896:6832;1897:9624;1898:4929;1899:5989
183.0591,1788891282.8667,10,454.81,51948.16,52402.97,1566.9,57986.8,68770.6,0.0,4958.679,70.234,312.858,1884:12;1892:5873;1893:4411;1894:4738;1895:9734;1896:6948;1897:9659;1898:4922;1899:5650
183.1857,1788891282.9933,10,454.87,52574.79,53029.66,1566.3,58196.0,68561.4,0.0,4958.680,70.235,312.858,1884:12;1892:6082;1893:4491;1894:4927;1895:9758;1896:6983;1897:9658;1898:5100;1899:5564
183.3042,1788891283.1118,10,454.89,53411.62,53866.52,1563.6,58447.8,68309.6,0.0,4958.681,70.235,312.858,1884:12;1892:6339;1893:4651;1894:4916;1895:9795;1896:7570;1897:9685;1898:5002;1899:5442
183.4431,1788891283.2507,10,454.95,53362.43,53817.37,1534.2,58529.2,68228.2,0.0,4958.681,70.235,312.858,1884:12;1892:6376;1893:4856;1894:4887;1895:9655;1896:8036;1897:9710;1898:4710;1899:5122
183.5804,1788891283.3880,10,454.97,53693.87,54148.84,1565.2,58697.9,68059.5,0.0,4958.682,70.236,312.858,1884:12;1892:6373;1893:4614;1894:5047;1895:10013;1896:7964;1897:9738;1898:4641;1899:5292
183.7064,1788891283.5140,10,454.98,54247.88,54702.86,1586.2,59038.5,67718.9,0.0,4958.682,70.236,312.858,1884:12;1892:6439;1893:4733;1894:5159;1895:10064;1896:8211;1897:9760;1898:4428;1899:5441
183.8298,1788891283.6374,10,455.01,54663.16,55118.17,1586.1,59221.5,67536.0,0.0,4958.682,70.236,312.858,1884:12;1892:6165;1893:4987;1894:5305;1895:10071;1896:8346;1897:9784;1898:4317;1899:5676
183.9730,1788891283.7807,10,455.03,55470.24,55925.27,1581.0,59788.0,66969.5,0.0,4958.682,70.237,312.858,1884:12;1892:6137;1893:5446;1894:5109;1895:10091;1896:8574;1897:9809;1898:4441;1899:5851
184.1091,1788891283.9167,10,455.07,55603.77,56058.84,1565.3,60411.7,66345.7,0.0,4958.682,70.237,312.858,1884:12;1892:5941;1893:5749;1894:4695;1895:9908;1896:8724;1897:9855;1898:4771;1899:5949
184.2411,1788891284.0487,10,455.09,56321.71,56776.80,1589.7,60629.7,66127.7,0.0,4958.682,70.237,312.858,1884:12;1892:5919;1893:5810;1894:4815;1895:9963;1896:8915;1897:10111;1898:4760;1899:6016
184.3699,1788891284.1776,10,455.09,55930.38,56385.47,1585.7,60582.6,66174.9,0.0,4958.682,70.237,312.858,1884:12;1892:5820;1893:5676;1894:4886;1895:9670;1896:8892;1897:10204;1898:4959;1899:5810
184.4838,1788891284.2914,10,455.13,55574.86,56029.99,1568.7,60514.3,66243.1,0.0,4958.682,70.237,312.858,1884:12;1892:5624;1893:5672;1894:5022;1895:9696;1896:8761;1897:9894;1898:5065;1899:5829
184.5931,1788891284.4007,10,455.14,54500.73,54955.88,1559.5,59935.3,66822.2,0.0,4958.682,70.237,312.858,1884:12;1892:5551;1893:5423;1894:5206;1895:9720;1896:8423;1897:9335;1898:4928;1899:5903
184.7141,1788891284.5217,10,455.17,54615.17,55070.34,1602.1,60033.6,66723.9,0.0,4958.682,70.237,312.858,1884:12;1892:5790;1893:5250;1894:5596;1895:9773;1896:8320;1897:9149;1898:4991;1899:5735
184.8400,1788891284.6477,10,455.20,54467.78,54922.98,1575.5,60126.5,66630.9,0.0,4958.682,70.237,312.858,1884:12;1892:5816;1893:5061;1894:5552;1895:9561;1896:8444;1897:9352;1898:5000;1899:5670
184.9591,1788891284.7667,10,455.21,53723.56,54178.77,1587.9,59869.2,66888.2,0.0,4958.682,70.237,312.858,1884:12;1892:6025;1893:5075;1894:5624;1895:9670;1896:8083;1897:8728;1898:4793;1899:5712
185.0801,1788891284.8877,10,455.22,52136.27,52591.49,1577.3,58721.5,68035.9,0.0,4958.682,70.237,312.858,1884:12;1892:6060;1893:4469;1894:5787;1895:9231;1896:8093;1897:8093;1898:4795;1899:5596
185.2017,1788891285.0094,10,455.24,51216.46,51671.70,1553.5,58026.8,68730.6,0.0,4958.682,70.237,312.858,1884:12;1892:5633;1893:4462;1894:5781;1895:8959;1896:8095;1897:8195;1898:4491;1899:5589
185.3150,1788891285.1227,10,455.25,50510.07,50965.32,1602.5,56823.2,69934.2,0.0,4958.682,70.237,312.858,1884:12;1892:5900;1893:4462;1894:5093;1895:8793;1896:7877;1897:8350;1898:4434;1899:5590
185.4411,1788891285.2487,10,455.31,49858.47,50313.78,1578.9,55984.6,70772.9,0.0,4958.682,70.237,312.858,1884:12;1892:6056;1893:4511;1894:4781;1895:8593;1896:7641;1897:8203;1898:4490;1899:5571
185.5741,1788891285.3817,10,455.34,48422.12,48877.46,1598.3,54677.3,72080.1,0.0,4958.682,70.237,312.858,1884:12;1892:6100;1893:4497;1894:5122;1895:8693;1896:7334;1897:7330;1898:4375;1899:4959
185.7045,1788891285.5121,10,455.36,48589.00,49044.36,1558.8,54339.2,72418.2,0.0,4958.682,70.237,312.858,1884:12;1892:6076;1893:4529;1894:5346;1895:8434;1896:7549;1897:7321;1898:4286;1899:5036
185.8233,1788891285.6309,10,455.38,48244.05,48699.43,1610.3,54571.7,72185.7,0.0,4958.682,70.237,312.858,1884:12;1892:5985;1893:4587;1894:5638;1895:8305;1896:7440;1897:6922;1898:4303;1899:5052
185.9641,1788891285.7717,10,455.39,48444.03,48899.43,1571.5,54217.3,72540.1,0.0,4958.682,70.237,312.858,1884:12;1892:5881;1893:4614;1894:5732;1895:8375;1896:7455;1897:6659;1898:4391;1899:5325
186.0835,1788891285.8911,10,455.43,47993.53,48448.96,1604.4,54022.7,72734.7,0.0,4958.682,70.237,312.858,1884:12;1892:5783;1893:4736;1894:5368;1895:8438;1896:7306;1897:6721;1898:4409;1899:5220
186.2251,1788891286.0327,10,455.44,48571.14,49026.59,1583.1,54259.7,72497.7,0.0,4958.682,70.237,312.858,1884:12;1892:6036;1893:4762;1894:5796;1895:8257;1896:7283;1897:6915;1898:4229;1899:5282
186.3581,1788891286.1657,10,455.46,48193.85,48649.32,1586.0,54310.4,72447.0,0.0,4958.682,70.237,312.858,1884:12;1892:5678;1893:4767;1894:5738;1895:8235;1896:7388;1897:6661;1898:4240;1899:5475
186.4871,1788891286.2947,10,455.52,49013.34,49468.86,1597.5,54959.7,71797.7,0.0,4958.682,70.237,312.858,1884:12;1892:5676;1893:4816;1894:5929;1895:8636;1896:7468;1897:6719;1898:4142;1899:5616
186.6031,1788891286.4107,10,455.53,49521.15,49976.68,1585.0,55339.3,71418.1,0.0,4958.682,70.237,312.858,1884:12;1892:5679;1893:5039;1894:6245;1895:8679;1896:7227;1897:6755;1898:4238;1899:5646
186.7200,1788891286.5277,10,455.54,49422.46,49878.00,1583.1,55276.2,71481.2,0.0,4958.682,70.237,312.858,1884:12;1892:5556;1893:5198;1894:6316;1895:8546;1896:7518;1897:6453;1898:4213;1899:5610
186.8384,1788891286.6461,10,455.57,49884.86,50340.43,1576.8,55237.6,71519.8,0.0,4958.682,70.237,312.858,1884:12;1892:5700;1893:5270;1894:6421;1895:8592;1896:7707;1897:6306;1898:4260;1899:5616
186.9745,1788891286.7822,10,455.59,50637.68,51093.27,1583.2,55970.9,70786.5,0.0,4958.682,70.237,312.858,1884:12;1892:6010;1893:5321;1894:6692;1895:8638;1896:7746;1897:6233;1898:4420;1899:5565
187.0981,1788891286.9057,10,455.60,50633.03,51088.63,1567.2,56064.9,70692.5,0.0,4958.682,70.237,312.858,1884:12;1892:5807;1893:5378;1894:6724;1895:8435;1896:7842;1897:6440;1898:4389;1899:5606
187.2142,1788891287.0218,10,455.61,50787.39,51243.00,1576.4,56310.0,70447.4,0.0,4958.682,70.237,312.858,1884:12;1892:5894;1893:5402;1894:6883;1895:8198;1896:7825;1897:6569;1898:4389;1899:5616
187.3270,1788891287.1347,10,455.62,50883.46,51339.09,1576.1,56494.8,70262.6,0.0,4958.682,70.237,312.858,1884:12;1892:6063;1893:5135;1894:7044;1895:8311;1896:7927;1897:6427;1898:4342;1899:5623
187.4460,1788891287.2537,10,455.68,50446.00,50901.67,1579.0,56047.4,70710.0,0.0,4958.682,70.237,312.858,1884:12;1892:6118;1893:5173;1894:6879;1895:8431;1896:8090;1897:6402;1898:4375;1899:4966
187.5768,1788891287.3845,10,455.70,50124.34,50580.04,1566.9,55929.5,70827.9,0.0,4958.682,70.237,312.858,1884:12;1892:6088;1893:5168;1894:6747;1895:8402;1896:7964;1897:6270;1898:4283;1899:5191
187.7031,1788891287.5108,10,455.74,49431.30,49887.04,1611.7,55932.2,70825.2,0.0,4958.682,70.237,312.858,1884:12;1892:5944;1893:4814;1894:6855;1895:8104;1896:7993;1897:6211;1898:4123;1899:5374
187.8251,1788891287.6327,10,455.77,47938.33,48394.11,1581.1,54749.1,72008.3,0.0,4958.682,70.237,312.858,1884:12;1892:5968;1893:4612;1894:5831;1895:8189;1896:7916;1897:6117;1898:3963;1899:5331
187.9493,1788891287.7570,10,455.79,46912.28,47368.07,1566.3,53255.9,73501.5,0.0,4958.682,70.237,312.858,1884:12;1892:5962;1893:4803;1894:6245;1895:7587;1896:7344;1897:6216;1898:4187;1899:4556
188.0741,1788891287.8817,10,455.93,47245.73,47701.66,1573.3,53089.4,73668.0,0.0,4958.682,70.237,312.858,1884:12;1892:5954;1893:4820;1894:6549;1895:7831;1896:7010;1897:6149;1898:4320;1899:4601
188.2081,1788891288.0157,10,455.93,48128.07,48584.00,1564.6,53483.4,73274.0,0.0,4958.682,70.237,312.858,1884:12;1892:5851;1893:5084;1894:6817;1895:8002;1896:7092;1897:6041;1898:4623;1899:4605
188.3181,1788891288.1257,10,455.95,47886.84,48342.79,1618.6,53169.9,73587.5,0.0,4958.682,70.237,312.858,1884:12;1892:5921;1893:5088;1894:6967;1895:7569;1896:7136;1897:6049;1898:4611;1899:4533
188.4467,1788891288.2544,10,455.96,46821.68,47277.64,1565.0,52489.7,74267.7,0.0,4958.683,70.237,312.858,1884:12;1892:5945;1893:5178;1894:6312;1895:7651;1896:7106;1897:5806;1898:4635;1899:4177
188.5657,1788891288.3733,10,455.97,46555.44,47011.41,1596.2,52077.8,74679.7,0.0,4958.683,70.237,312.858,1884:12;1892:5850;1893:4915;1894:6523;1895:7558;1896:7135;1897:5558;1898:4661;1899:4343
188.6864,1788891288.4940,10,456.00,44954.86,45410.86,1546.3,50788.9,75968.5,0.0,4958.683,70.237,312.858,1884:12;1892:5842;1893:4892;1894:6352;1895:7258;1896:6398;1897:5421;1898:4628;1899:4152
188.7951,1788891288.6027,10,456.01,45066.44,45522.45,1579.3,51016.7,75740.8,0.0,4958.683,70.237,312.858,1884:12;1892:5860;1893:4941;1894:6546;1895:7239;1896:6203;1897:5417;1898:4305;1899:4543
188.9100,1788891288.7177,10,456.03,44170.71,44626.74,1583.1,50369.2,76388.3,0.0,4958.683,70.237,312.858,1884:12;1892:5788;1893:4512;1894:6534;1895:7141;1896:5835;1897:5505;1898:4029;1899:4815
189.0331,1788891288.8407,10,456.04,43164.80,43620.84,1559.3,49348.4,77409.0,0.0,4958.683,70.237,312.858,1884:12;1892:5556;1893:4745;1894:5211;1895:7073;1896:6259;1897:5572;1898:3888;1899:4848
189.1500,1788891288.9577,10,456.06,42282.06,42738.12,1569.7,48415.3,78342.1,0.0,4958.683,70.237,312.858,1884:12;1892:5261;1893:4436;1894:4202;1895:6870;1896:6519;1897:6255;1898:3861;1899:4865
189.2731,1788891289.0808,10,456.07,41662.16,42118.23,1556.0,47521.9,79235.5,0.0,4958.683,70.237,312.858,1884:12;1892:5262;1893:4466;1894:4476;1895:6898;1896:6577;1897:6450;1898:2917;1899:4604
189.3941,1788891289.2017,10,456.09,42842.93,43299.02,1576.4,47878.8,78878.6,0.0,4958.683,70.237,312.858,1884:12;1892:5419;1893:4172;1894:5126;1895:6943;1896:6502;1897:6611;1898:3509;1899:4549
189.5051,1788891289.3127,10,456.11,42176.11,42632.22,1560.7,47799.4,78958.0,0.0,4958.683,70.237,312.858,1884:12;1892:5423;1893:4023;1894:4647;1895:7123;1896:6392;1897:6496;1898:3506;1899:4554
189.6254,1788891289.4331,10,456.14,42152.85,42608.98,1511.3,47686.3,79071.1,0.0,4958.683,70.237,312.858,1884:12;1892:5312;1893:4010;1894:4850;1895:6845;1896:6274;1897:6562;1898:3737;1899:4552
189.7400,1788891289.5477,10,456.14,41636.89,42093.04,1519.5,47318.1,79439.3,0.0,4958.683,70.237,312.858,1884:12;1892:5320;1893:3630;1894:4843;1895:6994;1896:6243;1897:6522;1898:3920;1899:4154
189.8481,1788891289.6557,10,456.16,40410.25,40866.42,1558.1,45566.5,81190.9,0.0,4958.683,70.237,312.858,1884:12;1892:5418;1893:3359;1894:4692;1895:6890;1896:5873;1897:6543;1898:3931;1899:3692
189.9571,1788891289.7647,10,456.18,39038.83,39495.02,1546.0,44544.1,82213.3,0.0,4958.683,70.237,312.858,1884:12;1892:4992;1893:3260;1894:4338;1895:6910;1896:5548;1897:6514;1898:3442;1899:4022
190.0751,1788891289.8827,10,456.20,38589.20,39045.40,1572.9,43881.0,82876.4,0.0,4958.683,70.237,312.858,1884:12;1892:4634;1893:3250;1894:4286;1895:7231;1896:5416;1897:6230;1898:3334;1899:4195
190.2010,1788891290.0087,10,456.23,38248.64,38704.88,1573.1,43941.4,82816.1,0.0,4958.683,70.237,312.858,1884:12;1892:4826;1893:3299;1894:4069;1895:7248;1896:5465;1897:5855;1898:3283;1899:4191
190.3191,1788891290.1267,10,456.26,37757.33,38213.59,1568.9,42809.1,83948.3,0.0,4958.683,70.237,312.858,1884:12;1892:4897;1893:3221;1894:3878;1895:7427;1896:5617;1897:5124;1898:3400;1899:4181
190.4270,1788891290.2346,10,456.34,37961.59,38417.94,1601.1,43044.8,83712.6,0.0,4958.683,70.238,312.858,1884:12;1892:4942;1893:3126;1894:3901;1895:7126;1896:5649;1897:5555;1898:3460;1899:4191
190.5431,1788891290.3507,10,456.39,37436.71,37893.10,1545.6,42423.8,84333.6,0.0,4958.683,70.238,312.858,1884:12;1892:4756;1893:3104;1894:3783;1895:6904;1896:5684;1897:5489;1898:3417;1899:4286
190.6641,1788891290.4717,10,456.50,37757.14,38213.64,1594.9,42666.5,84090.9,0.0,4958.683,70.238,312.858,1884:12;1892:4892;1893:3147;1894:3870;1895:7081;1896:5723;1897:5886;1898:2798;1899:4347
190.7904,1788891290.5980,10,456.53,37278.87,37735.40,1570.4,42381.3,84376.1,0.0,4958.683,70.238,312.858,1884:12;1892:5088;1893:3099;1894:3859;1895:7301;1896:5706;1897:6020;1898:2516;1899:3678
190.9000,1788891290.7077,10,456.54,37521.57,37978.11,1551.8,42510.3,84247.1,0.0,4958.683,70.238,312.858,1884:12;1892:4838;1893:3100;1894:3871;1895:7380;1896:5852;1897:6025;1898:2473;1899:3970
191.0152,1788891290.8229,10,456.56,36476.83,36933.39,1530.1,41928.9,84828.5,0.0,4958.683,70.238,312.858,1884:12;1892:4770;1893:3156;1894:3891;1895:6756;1896:5922;1897:6130;1898:2199;1899:3640
191.1268,1788891290.9345,10,456.60,35387.80,35844.40,1531.9,41070.1,85687.3,0.0,4958.683,70.238,312.858,1884:12;1892:4732;1893:3155;1894:3591;1895:6711;1896:5610;1897:6047;1898:2036;1899:3493
191.2350,1788891291.0427,10,456.65,35418.30,35874.95,1529.7,40370.5,86387.0,0.0,4958.683,70.238,312.858,1884:12;1892:4414;1893:3135;1894:3534;1895:6451;1896:5597;1897:6061;1898:2251;1899:3963
191.3501,1788891291.1577,10,457.54,35682.88,36140.41,1593.5,40152.6,86604.8,0.0,4958.683,70.238,312.858,1884:12;1892:4373;1893:3335;1894:3636;1895:6635;1896:5604;1897:6064;1898:2324;1899:3700
191.4691,1788891291.2767,10,457.55,35996.20,36453.75,1578.2,40115.1,86642.4,0.0,4958.683,70.238,312.858,1884:12;1892:4047;1893:3550;1894:3795;1895:6664;1896:5640;1897:6063;1898:2416;1899:3810
191.6063,1788891291.4140,10,457.58,35922.79,36380.37,1577.0,40120.6,86636.8,0.0,4958.683,70.238,312.858,1884:12;1892:3807;1893:3697;1894:3901;1895:6566;1896:5516;1897:6089;1898:2375;1899:3960
191.7247,1788891291.5323,10,457.59,36230.69,36688.28,1546.6,40415.5,86341.9,0.0,4958.683,70.238,312.858,1884:12;1892:3922;1893:3732;1894:4145;1895:6674;1896:5099;1897:6013;1898:2422;1899:4212
191.8586,1788891291.6663,10,457.61,36134.45,36592.06,1565.3,40189.7,86567.8,0.0,4958.683,70.238,312.858,1884:12;1892:4168;1893:3974;1894:4125;1895:6730;1896:4816;1897:5929;1898:2197;1899:4184
191.9955,1788891291.8031,10,457.62,35945.67,36403.29,1581.6,39767.6,86989.8,0.0,4958.683,70.238,312.858,1884:12;1892:4251;1893:4184;1894:4126;1895:6390;1896:4939;1897:5707;1898:2179;1899:4157
192.1311,1788891291.9387,10,457.64,36133.63,36591.27,1594.6,40201.3,86556.1,0.0,4958.683,70.238,312.858,1884:12;1892:4451;1893:4283;1894:4208;1895:6498;1896:4916;1897:5584;1898:2055;1899:4127
192.2591,1788891292.0667,10,457.66,35788.82,36246.49,1565.8,40141.7,86615.7,0.0,4958.683,70.238,312.858,1884:12;1892:4744;1893:4273;1894:4008;1895:6276;1896:4886;1897:5386;1898:2109;1899:4094
192.4050,1788891292.2127,10,457.68,35350.38,35808.07,1570.6,39971.9,86785.5,0.0,4958.683,70.238,312.858,1884:12;1892:4341;1893:4502;1894:4001;1895:6333;1896:4755;1897:5401;1898:2078;1899:3928
192.5167,1788891292.3244,10,457.70,35404.55,35862.25,1595.5,39974.5,86782.9,0.0,4958.683,70.238,312.858,1884:12;1892:4578;1893:4526;1894:3952;1895:5979;1896:4991;1897:5359;1898:2041;1899:3966
192.6521,1788891292.4597,10,457.70,36489.91,36947.61,1582.3,40908.6,85848.8,0.0,4958.683,70.238,312.858,1884:12;1892:4796;1893:4563;1894:3986;1895:5900;1896:5508;1897:5554;1898:2162;1899:4009
192.7700,1788891292.5777,10,457.71,36503.98,36961.70,1593.8,41020.1,85737.3,0.0,4958.683,70.238,312.858,1884:12;1892:4763;1893:4559;1894:4019;1895:5660;1896:5558;1897:5665;1898:2277;1899:3990
192.8831,1788891292.6907,10,457.73,36254.77,36712.50,1579.7,41082.9,85674.5,0.0,4958.683,70.238,312.858,1884:12;1892:4775;1893:4645;1894:3894;1895:5648;1896:5574;1897:5494;1898:2305;1899:3907
193.0009,1788891292.8085,10,457.74,36135.29,36593.03,1576.3,40857.8,85899.6,0.0,4958.683,70.238,312.858,1884:12;1892:4915;1893:4621;1894:3627;1895:5631;1896:5646;1897:5546;1898:2356;1899:3780
193.1256,1788891292.9332,10,457.76,36494.23,36951.99,1602.5,41067.0,85690.4,0.0,4958.683,70.238,312.858,1884:12;1892:5010;1893:4568;1894:3595;1895:5876;1896:5666;1897:5495;1898:2555;1899:3717
193.2601,1788891293.0677,10,457.77,36449.08,36906.84,1572.6,41457.9,85299.5,0.0,4958.683,70.238,312.858,1884:12;1892:4838;1893:4332;1894:3674;1895:6001;1896:5680;1897:5671;1898:2604;1899:3636
193.3781,1788891293.1857,10,457.80,35907.50,36365.30,1568.3,41380.9,85376.5,0.0,4958.683,70.238,312.858,1884:12;1892:4399;1893:4379;1894:3656;1895:5709;1896:5856;1897:5719;1898:2556;1899:3621
193.5120,1788891293.3197,10,457.82,35521.20,35979.02,1566.6,40769.6,85987.9,0.0,4958.683,70.238,312.858,1884:12;1892:4411;1893:4437;1894:3601;1895:5477;1896:5925;1897:5817;1898:2338;1899:3504
193.6281,1788891293.4357,10,457.82,35430.07,35887.90,1580.3,40452.4,86305.1,0.0,4958.683,70.238,312.858,1884:12;1892:4269;1893:4321;1894:3807;1895:5709;1896:5868;1897:5574;1898:2403;1899:3467
193.7531,1788891293.5607,10,457.85,36113.71,36571.56,1590.5,40756.2,86001.2,0.0,4958.683,70.238,312.858,1884:12;1892:4232;1893:4639;1894:3723;1895:5803;1896:5908;1897:5553;1898:2491;1899:3752
193.8781,1788891293.6857,10,457.87,36163.09,36620.95,1581.0,40875.8,85881.6,0.0,4958.683,70.238,312.858,1884:12;1892:4284;1893:4730;1894:3911;1895:5779;1896:5457;1897:5646;1898:2444;1899:3900
193.9971,1788891293.8048,10,457.88,36338.32,36796.20,1600.7,40997.3,85760.2,0.0,4958.683,70.238,312.858,1884:12;1892:3873;1893:5028;1894:4059;1895:5815;1896:5502;1897:5314;1898:2652;1899:4083
194.1202,1788891293.9278,10,457.89,35908.73,36366.62,1539.4,40711.1,86046.3,0.0,4958.683,70.238,312.858,1884:12;1892:3870;1893:5051;1894:4203;1895:5332;1896:5514;1897:5280;1898:2619;1899:4028
194.2490,1788891294.0567,10,457.90,36388.05,36845.96,1608.3,41210.4,85547.0,0.0,4958.683,70.238,312.858,1884:12;1892:3867;1893:5167;1894:4167;1895:5440;1896:5545;1897:5556;1898:2598;1899:4036
194.3701,1788891294.1777,10,457.91,36610.52,37068.43,1572.4,40938.4,85819.0,0.0,4958.683,70.238,312.858,1884:12;1892:3694;1893:5155;1894:4374;1895:5457;1896:5641;1897:5597;1898:2696;1899:3983
194.4871,1788891294.2947,10,457.92,36739.59,37197.50,1587.9,41165.1,85592.3,0.0,4958.683,70.238,312.858,1884:12;1892:3793;1893:5092;1894:4695;1895:5450;1896:5430;1897:5643;1898:2658;1899:3965
194.6029,1788891294.4106,10,457.93,36087.04,36544.97,1574.5,41156.3,85601.1,0.0,4958.683,70.238,312.858,1884:12;1892:4029;1893:5052;1894:4693;1895:5192;1896:4992;1897:5500;1898:2630;1899:3986
194.7210,1788891294.5287,10,457.93,36277.89,36735.83,1587.6,40955.1,85802.3,0.0,4958.683,70.238,312.858,1884:12;1892:4265;1893:4933;1894:4704;1895:5060;1896:5071;1897:5513;1898:2720;1899:3999
194.8451,1788891294.6527,10,457.95,36733.74,37191.69,1564.7,40991.5,85765.9,0.0,4958.683,70.238,312.858,1884:12;1892:4305;1893:4829;1894:4827;1895:5138;1896:5061;1897:5564;1898:2989;1899:4008
194.9571,1788891294.7647,10,457.95,36965.77,37423.72,1539.1,41034.0,85723.4,0.0,4958.683,70.239,312.858,1884:12;1892:4307;1893:4821;1894:4925;1895:5261;1896:5165;1897:5615;1898:3116;1899:3742
195.0765,1788891294.8841,10,457.96,36474.83,36932.79,1576.7,40704.9,86052.6,0.0,4958.685,70.240,312.858,1884:12;1892:4330;1893:4824;1894:4574;1895:5412;1896:4940;1897:5310;1898:3209;1899:3865
195.1951,1788891295.0027,10,457.97,36039.78,36497.75,1575.7,40877.0,85880.5,0.0,4958.685,70.240,312.858,1884:12;1892:4444;1893:4524;1894:4677;1895:5190;1896:4895;1897:5171;1898:3271;1899:3856
195.3200,1788891295.1277,10,457.98,35704.30,36162.28,1501.8,40813.1,85944.3,0.0,4958.686,70.241,312.858,1884:12;1892:4229;1893:4508;1894:4746;1895:5234;1896:4879;1897:4875;1898:3245;1899:3977
195.4302,1788891295.2378,10,458.00,35188.53,35646.54,1564.7,40346.1,86411.3,0.0,4958.686,70.241,312.858,1884:12;1892:4117;1893:4636;1894:4389;1895:5186;1896:4708;1897:4924;1898:3245;1899:3972
195.5448,1788891295.3525,10,458.03,35540.32,35998.35,1575.5,40509.1,86248.3,0.0,4958.686,70.242,312.858,1884:12;1892:3980;1893:4793;1894:4527;1895:5171;1896:5075;1897:5027;1898:3268;1899:3686
195.6581,1788891295.4657,10,458.04,35082.75,35540.79,1567.1,40463.5,86293.9,0.0,4958.686,70.242,312.858,1884:12;1892:3691;1893:4854;1894:4561;1895:5248;1896:4978;1897:5008;1898:3132;1899:3598
195.7831,1788891295.5908,10,458.07,33739.88,34197.95,1567.3,39128.7,87628.7,0.0,4958.686,70.242,312.858,1884:12;1892:3065;1893:4131;1894:4561;1895:5202;1896:5162;1897:5046;1898:2949;1899:3611
195.9231,1788891295.7307,10,458.09,34735.00,35193.09,1572.0,39766.8,86990.6,0.0,4958.687,70.242,312.858,1884:12;1892:3419;1893:4252;1894:4516;1895:5343;1896:5459;1897:4648;1898:3360;1899:3725
196.0571,1788891295.8647,10,458.15,34173.52,34631.67,1571.9,39307.6,87449.8,0.0,4958.688,70.244,312.858,1884:12;1892:3488;1893:4092;1894:4538;1895:5384;1896:5565;1897:4305;1898:3382;1899:3407
196.1801,1788891295.9877,10,458.17,34361.25,34819.42,1548.5,39137.5,87619.9,0.0,4958.689,70.244,312.858,1884:12;1892:3685;1893:4386;1894:4529;1895:5350;1896:5585;1897:4328;1898:3439;1899:3046
196.3062,1788891296.1138,10,458.20,34530.86,34989.05,1541.5,39570.8,87186.6,0.0,4958.689,70.245,312.858,1884:12;1892:3630;1893:4451;1894:4616;1895:5346;1896:5604;1897:4373;1898:3157;1899:3342
196.4271,1788891296.2348,10,458.20,34185.26,34643.46,1571.6,39161.4,87596.0,0.0,4958.689,70.245,312.858,1884:12;1892:3860;1893:3979;1894:4635;1895:5541;1896:5655;1897:4008;1898:3163;1899:3331
196.5348,1788891296.3425,10,458.22,34118.19,34576.41,1596.7,39525.3,87232.1,0.0,4958.689,70.245,312.858,1884:12;1892:3525;1893:4143;1894:4588;1895:5826;1896:5258;1897:4130;1898:3170;1899:3466
196.6431,1788891296.4507,10,458.23,34593.95,35052.18,1557.6,39955.0,86802.4,0.0,4958.690,70.245,312.858,1884:12;1892:3690;1893:4214;1894:4557;1895:5757;1896:5314;1897:4565;1898:2990;1899:3494
196.7659,1788891296.5736,10,458.25,33999.49,34457.74,1520.5,39406.1,87351.3,0.0,4958.690,70.246,312.921,1884:12;1892:3828;1893:4030;1894:4026;1895:5719;1896:5335;1897:4520;1898:3009;1899:3520
196.8920,1788891296.6997,10,458.27,33317.80,33776.07,1565.5,38888.2,87869.2,0.0,4958.690,70.246,312.921,1884:12;1892:3940;1893:3464;1894:4485;1895:5868;1896:5342;1897:4746;1898:1931;1899:3530
197.0150,1788891296.8227,10,458.28,33208.44,33666.72,1544.3,38683.2,88074.2,0.0,4958.690,70.246,312.921,1884:12;1892:3611;1893:3401;1894:4678;1895:5829;1896:5070;1897:4824;1898:2525;1899:3259
197.1384,1788891296.9461,10,458.29,33259.33,33717.62,1573.1,38979.1,87778.3,0.0,4958.690,70.246,312.921,1884:12;1892:3826;1893:3188;1894:4699;1895:5862;1896:4268;1897:4778;1898:2722;1899:3905
197.2640,1788891297.0717,10,458.30,32468.71,32927.01,1567.0,38204.5,88552.9,0.0,4958.690,70.246,312.921,1884:12;1892:3676;1893:3080;1894:4619;1895:5139;1896:4549;1897:4748;1898:2726;1899:3920
197.3801,1788891297.1877,10,458.30,32249.82,32708.12,1557.4,37934.6,88822.8,0.0,4958.690,70.246,312.921,1884:12;1892:3539;1893:3136;1894:4318;1895:5260;1896:4715;1897:4472;1898:2809;1899:3990
197.5120,1788891297.3197,10,458.31,32002.61,32460.92,1581.8,37838.9,88918.5,0.0,4958.690,70.246,312.921,1884:12;1892:3561;1893:3437;1894:4294;1895:5229;1896:4486;1897:4426;1898:2840;1899:3717
197.6401,1788891297.4477,10,458.32,31643.66,32101.98,1545.8,37117.9,89639.5,0.0,4958.690,70.246,312.921,1884:12;1892:3259;1893:3492;1894:3966;1895:5329;1896:4423;1897:4504;1898:2731;1899:3928
197.7730,1788891297.5807,10,458.33,30774.35,31232.68,1558.8,36420.0,90337.4,0.0,4958.690,70.246,312.921,1884:12;1892:3165;1893:3599;1894:3559;1895:5247;1896:4225;1897:4384;1898:2657;1899:3925
197.8901,1788891297.6977,10,458.34,30167.20,30625.54,1577.0,35741.4,91016.0,0.0,4958.690,70.247,312.921,1884:12;1892:3012;1893:3627;1894:3445;1895:5186;1896:4408;1897:3992;1898:2589;1899:3896
198.0096,1788891297.8173,10,458.36,28020.83,28479.19,1586.5,34212.2,92545.2,0.0,4958.690,70.247,312.921,1884:12;1892:2577;1893:3541;1894:3545;1895:4626;1896:4493;1897:3601;1898:2207;1899:3419
198.1360,1788891297.9437,10,458.39,27511.50,27969.88,1584.3,33324.6,93432.8,0.0,4958.690,70.247,312.921,1884:12;1892:2900;1893:3441;1894:3388;1895:4912;1896:4328;1897:3632;1898:1439;1899:3459
198.2541,1788891298.0617,10,458.40,27552.14,28010.54,1587.5,32952.8,93804.6,0.0,4958.690,70.247,312.921,1884:12;1892:3122;1893:3351;1894:3440;1895:4941;1896:4069;1897:3708;1898:1369;1899:3542
198.3699,1788891298.1776,10,458.42,28349.18,28807.60,1588.3,33679.1,93078.3,0.0,4958.690,70.247,312.921,1884:12;1892:3319;1893:3323;1894:3502;1895:4861;1896:4192;1897:3552;1898:1634;1899:3953
198.4968,1788891298.3044,10,458.56,29092.52,29551.08,1608.1,34327.9,92429.5,0.0,4958.690,70.247,312.921,1884:12;1892:3307;1893:3326;1894:3509;1895:5264;1896:4415;1897:3631;1898:1574;1899:4055
198.6163,1788891298.4240,10,458.57,28949.48,29408.04,1562.4,34279.4,92478.0,0.0,4958.690,70.247,312.921,1884:12;1892:3469;1893:2857;1894:3597;1895:5161;1896:4430;1897:3465;1898:1765;1899:4194
198.7290,1788891298.5367,10,458.57,29522.78,29981.35,1557.6,34538.1,92219.4,0.0,4958.690,70.247,312.921,1884:12;1892:3734;1893:2626;1894:3596;1895:5162;1896:4523;1897:3838;1898:1808;1899:4223
198.8478,1788891298.6555,10,458.58,29237.02,29695.60,1574.5,34518.3,92239.1,0.0,4958.690,70.247,312.921,1884:12;1892:3910;1893:2214;1894:3648;1895:5169;1896:4559;1897:3973;1898:1451;1899:4300
198.9694,1788891298.7770,10,458.58,27834.97,28293.55,1512.5,33950.4,92807.0,0.0,4958.690,70.247,312.921,1884:12;1892:3474;1893:2393;1894:3098;1895:5139;1896:4241;1897:4035;1898:1424;1899:4018
199.0774,1788891298.8850,10,458.59,26562.71,27021.30,1253.4,32556.4,94201.0,0.0,4958.690,70.247,312.921,1884:12;1892:2969;1893:2378;1894:3174;1895:4755;1896:4044;1897:4164;1898:1032;1899:4035
199.1861,1788891298.9937,10,458.60,24932.65,25391.25,1491.2,31328.1,95429.3,0.0,4958.690,70.247,312.921,1884:12;1892:2687;1893:1991;1894:2619;1895:4614;1896:4097;1897:4328;1898:1032;1899:3553
199.3031,1788891299.1107,10,459.08,23339.80,23798.88,1557.2,29802.5,96954.9,0.0,4958.690,70.247,312.921,1884:12;1892:2159;1893:1631;1894:2788;1895:4294;1896:3789;1897:4199;1898:927;1899:3541
199.4156,1788891299.2233,10,459.11,21770.70,22229.81,1564.9,28126.7,98630.7,0.0,4958.690,70.247,312.921,1884:12;1892:1657;1893:1339;1894:2830;1895:4166;1896:3486;1897:3698;1898:884;1899:3699
199.5320,1788891299.3397,10,459.14,21702.51,22161.66,1582.3,27836.2,98921.2,0.0,4958.690,70.247,312.921,1884:12;1892:1787;1893:1307;1894:2760;1895:4178;1896:3450;1897:3414;1898:884;1899:3911
199.6517,1788891299.4594,10,459.15,21264.07,21723.23,1571.3,27544.5,99212.9,0.0,4958.690,70.247,312.921,1884:12;1892:2003;1893:1275;1894:2711;1895:4259;1896:3224;1897:2786;1898:884;1899:4110
199.7662,1788891299.5738,10,459.17,21148.02,21607.18,1563.2,27027.9,99729.5,0.0,4958.690,70.247,312.921,1884:12;1892:2090;1893:1276;1894:2772;1895:4424;1896:3253;1897:2660;1898:727;1899:3935
199.8822,1788891299.6898,10,459.18,21696.04,22155.21,1578.9,27595.1,99162.4,0.0,4958.690,70.247,312.921,1884:12;1892:1719;1893:1212;1894:2874;1895:4650;1896:3634;1897:2883;1898:663;1899:4050
200.0001,1788891299.8077,10,459.19,22056.98,22516.17,1553.2,27677.7,99079.7,0.0,4958.690,70.247,312.921,1884:12;1892:2158;1893:1179;1894:2997;1895:4204;1896:3584;1897:3134;1898:599;1899:4189
200.1130,1788891299.9207,10,459.20,23001.87,23461.07,1590.4,28108.8,98648.6,0.0,4958.690,70.247,312.921,1884:12;1892:2437;1893:1147;1894:2952;1895:4324;1896:3667;1897:3527;1898:600;1899:4337
200.2290,1788891300.0367,10,459.20,23115.94,23575.14,1527.7,27954.3,98803.1,0.0,4958.690,70.248,312.921,1884:12;1892:2523;1893:1147;1894:2584;1895:4238;1896:3586;1897:3781;1898:600;1899:4645
200.3373,1788891300.1449,10,459.21,22803.78,23262.98,1328.1,27453.2,99304.2,0.0,4958.690,70.248,312.921,1884:12;1892:2509;1893:1147;1894:2013;1895:4215;1896:3588;1897:3976;1898:600;1899:4743
200.4424,1788891300.2501,10,459.21,22223.58,22682.79,1181.7,27066.5,99690.9,0.0,4958.690,70.248,312.921,1884:12;1892:2244;1893:1083;1894:1682;1895:4294;1896:3594;1897:3830;1898:600;1899:4885
200.5501,1788891300.3578,10,459.22,21122.48,21581.70,1215.9,26905.6,99851.8,0.0,4958.690,70.248,312.921,1884:12;1892:1943;1893:1051;1894:2191;1895:4434;1896:2650;1897:3220;1898:600;1899:5020
200.6568,1788891300.4644,10,459.23,19808.62,20267.85,1509.1,25175.6,101581.8,0.0,4958.690,70.248,312.921,1884:12;1892:1066;1893:1019;1894:2463;1895:4027;1896:2524;1897:2940;1898:601;1899:5155
200.7660,1788891300.5737,10,459.25,19422.80,19882.05,1460.8,24361.0,102396.4,0.0,4958.690,70.248,312.921,1884:12;1892:1143;1893:956;1894:2432;1895:3176;1896:3021;1897:2817;1898:570;1899:5296
200.8801,1788891300.6877,10,459.26,20524.12,20983.39,1572.7,25106.4,101651.0,0.0,4958.690,70.248,312.921,1884:12;1892:1147;1893:997;1894:2453;1895:3676;1896:3407;1897:2828;1898:570;1899:5432
200.9971,1788891300.8047,10,459.27,20705.43,21164.70,1566.4,25422.6,101334.8,0.0,4958.690,70.248,312.921,1884:12;1892:1232;1893:1059;1894:2473;1895:3462;1896:3404;1897:2852;1898:652;1899:5560
201.1075,1788891300.9151,10,459.27,21324.69,21783.96,1613.1,25874.8,100882.6,0.0,4958.690,70.248,312.921,1884:12;1892:1050;1893:1089;1894:2417;1895:3754;1896:3355;1897:3244;1898:688;1899:5716
201.2240,1788891301.0317,10,459.28,21410.17,21869.45,1548.7,26222.3,100535.1,0.0,4958.690,70.248,312.921,1884:12;1892:1025;1893:1273;1894:2375;1895:3879;1896:3439;1897:2788;1898:740;1899:5879
201.3401,1788891301.1477,10,459.28,21628.71,22087.99,1540.7,26778.9,99978.5,0.0,4958.690,70.248,312.921,1884:12;1892:1239;1893:1297;1894:2119;1895:4064;1896:3342;1897:2706;1898:826;1899:6024
201.4480,1788891301.2557,10,459.29,21202.63,21661.91,1534.3,26576.2,100181.3,0.0,4958.690,70.248,312.921,1884:12;1892:1331;1893:1467;1894:1722;1895:3813;1896:3161;1897:2492;1898:1046;1899:6161
201.5570,1788891301.3647,10,459.29,20010.14,20469.43,1500.1,25812.2,100945.2,0.0,4958.690,70.248,312.921,1884:12;1892:1375;1893:1690;1894:779;1895:3477;1896:2709;1897:2578;1898:1106;1899:6284
201.6684,1788891301.4760,10,459.30,19772.93,20232.23,1431.5,25405.4,101352.1,0.0,4958.690,70.248,312.921,1884:12;1892:1023;1893:1919;1894:779;1895:2999;1896:2885;1897:2608;1898:1216;1899:6333
201.7800,1788891301.5877,10,459.32,17740.61,18199.93,1561.8,23324.6,103432.9,0.0,4958.690,70.248,312.921,1884:12;1892:995;1893:2018;1894:779;1895:2493;1896:2370;1897:1635;1898:1093;1899:6345
201.8941,1788891301.7017,10,459.34,16419.81,16879.15,1567.6,22812.7,103944.7,0.0,4958.690,70.248,312.921,1884:12;1892:602;1893:1674;1894:715;1895:2776;1896:2556;1897:1567;1898:940;1899:5576
202.0090,1788891301.8167,10,483.57,16056.73,16540.30,1542.0,22407.5,104349.9,0.0,4958.690,70.248,312.929,1884:12;1892:602;1893:1748;1894:715;1895:2859;1896:2606;1897:1637;1898:990;1899:4888
202.1322,1788891301.9399,10,525.91,16073.12,16599.02,1602.2,22013.3,104744.1,0.0,4958.690,70.248,312.929,1884:12;1892:602;1893:1366;1894:715;1895:3442;1896:2879;1897:1763;1898:1132;1899:4163
202.2441,1788891302.0517,10,977.77,15311.15,16288.92,1576.9,21727.4,105030.0,0.0,4958.690,70.248,312.929,1884:12;1892:602;1893:1316;1894:715;1895:3247;1896:2891;1897:1889;1898:1061;1899:3576
202.3579,1788891302.1656,10,1340.93,14173.75,15514.67,1433.0,20960.0,105797.4,0.0,4958.690,70.248,312.929,1884:12;1892:602;1893:1075;1894:715;1895:3094;1896:3122;1897:1940;1898:794;1899:2820
202.4660,1788891302.2736,10,1539.00,13375.07,14914.06,1214.7,20361.0,106396.4,0.0,4958.690,70.248,312.929,1884:12;1892:603;1893:1315;1894:720;1895:2866;1896:3103;1897:1646;1898:794;1899:2316
202.5749,1788891302.3826,10,1696.02,13693.91,15389.93,1402.3,20313.1,106444.3,0.0,4958.690,70.248,312.929,1884:12;1892:603;1893:1579;1894:876;1895:2596;1896:3029;1897:1883;1898:850;1899:2265
202.6816,1788891302.4892,10,1856.33,13913.79,15770.12,1034.0,21036.2,105721.2,0.0,4958.690,70.248,312.929,1884:12;1892:603;1893:1845;1894:845;1895:2332;1896:3061;1897:1894;1898:1057;1899:2265
202.7892,1788891302.5969,10,2041.59,13329.44,15371.03,931.1,20403.9,106353.6,0.0,4958.690,70.248,312.929,1884:12;1892:603;1893:1871;1894:845;1895:2153;1896:2467;1897:1903;1898:1211;1899:2265
202.8966,1788891302.7043,10,2204.31,12273.14,14477.46,789.7,20113.6,106643.8,0.0,4958.690,70.248,312.929,1884:12;1892:603;1893:1612;1894:845;1895:2129;1896:1687;1897:1903;1898:1218;1899:2265
203.0043,1788891302.8119,10,1951.66,11471.41,13423.07,409.2,19632.6,107124.8,0.0,4958.690,70.248,312.929,1884:12;1892:603;1893:1341;1894:845;1895:1738;1896:1812;1897:1903;1898:953;1899:2265
203.1090,1788891302.9167,10,2152.46,11489.48,13641.95,181.7,19541.4,107216.0,0.0,4958.690,70.248,312.929,1884:12;1892:603;1893:1341;1894:845;1895:1738;1896:1830;1897:1903;1898:953;1899:2265
203.2135,1788891303.0212,10,2349.55,11489.48,13839.04,105.2,19544.7,107212.8,0.0,4958.690,70.248,312.929,1884:12;1892:603;1893:1341;1894:845;1895:1738;1896:1830;1897:1903;1898:953;1899:2265
203.3181,1788891303.1258,10,2541.40,11489.48,14030.89,95.7,19733.6,107023.8,0.0,4958.690,70.248,312.929,1884:12;1892:603;1893:1341;1894:845;1895:1738;1896:1830;1897:1903;1898:953;1899:2265
203.4226,1788891303.2302,10,2732.07,11489.50,14221.57,114.8,19908.7,106848.7,0.0,4958.690,70.248,312.929,1884:12;1892:603;1893:1341;1894:845;1895:1738;1896:1830;1897:1903;1898:953;1899:2265
203.5272,1788891303.3348,10,2165.58,11489.50,13655.09,95.7,19925.0,106832.4,0.0,4958.690,70.248,312.929,1884:12;1892:603;1893:1341;1894:845;1895:1738;1896:1830;1897:1903;1898:953;1899:2265
203.6317,1788891303.4393,10,2052.13,11489.50,13541.64,105.3,19634.9,107122.6,0.0,4958.690,70.248,312.929,1884:12;1892:603;1893:1341;1894:845;1895:1738;1896:1830;1897:1903;1898:953;1899:2265
203.7362,1788891303.5438,10,2250.60,11489.50,13740.11,105.3,19634.9,107122.6,0.0,4958.690,70.248,312.929,1884:12;1892:603;1893:1341;1894:845;1895:1738;1896:1830;1897:1903;1898:953;1899:2265
203.8406,1788891303.6483,10,2449.20,11489.50,13938.70,105.3,19634.9,107122.6,0.0,4958.690,70.248,312.929,1884:12;1892:603;1893:1341;1894:845;1895:1738;1896:1830;1897:1903;1898:953;1899:2265
203.9451,1788891303.7528,10,2643.18,11489.50,14132.68,95.7,19807.4,106950.0,0.0,4958.690,70.248,312.929,1884:12;1892:603;1893:1341;1894:845;1895:1738;1896:1830;1897:1903;1898:953;1899:2265
204.0496,1788891303.8572,10,2838.71,11489.50,14328.22,95.7,20004.3,106753.1,0.0,4958.690,70.248,312.929,1884:12;1892:603;1893:1341;1894:845;1895:1738;1896:1830;1897:1903;1898:953;1899:2265
204.1540,1788891303.9617,10,3038.76,11489.50,14528.26,105.3,20209.4,106548.1,0.0,4958.690,70.248,312.929,1884:12;1892:603;1893:1341;1894:845;1895:1738;1896:1830;1897:1903;1898:953;1899:2265
204.2585,1788891304.0661,10,3238.71,11489.50,14728.21,95.5,20370.9,106386.5,0.0,4958.690,70.248,312.929,1884:12;1892:603;1893:1341;1894:845;1895:1738;1896:1830;1897:1903;1898:953;1899:2265
204.3632,1788891304.1708,10,3438.04,11489.50,14927.54,105.3,20567.7,106189.7,0.0,4958.690,70.248,312.929,1884:12;1892:603;1893:1341;1894:845;1895:1738;1896:1830;1897:1903;1898:953;1899:2265
204.4676,1788891304.2753,10,3636.64,11489.54,15126.18,114.8,20763.7,105993.7,0.0,4958.690,70.248,312.929,1884:12;1892:603;1893:1341;1894:845;1895:1738;1896:1830;1897:1903;1898:953;1899:2265
204.5723,1788891304.3800,10,3749.52,11489.54,15239.05,229.2,20861.6,105895.8,0.0,4958.690,70.248,312.929,1884:12;1892:603;1893:1341;1894:845;1895:1738;1896:1830;1897:1903;1898:953;1899:2265
204.6770,1788891304.4846,10,2841.16,11489.54,14330.70,200.9,20546.4,106211.0,0.0,4958.690,70.248,312.929,1884:12;1892:603;1893:1341;1894:845;1895:1738;1896:1830;1897:1903;1898:953;1899:2265
204.7820,1788891304.5897,10,2439.50,9722.88,12162.39,1382.5,17338.6,109418.9,0.0,4958.690,70.248,312.929,1884:12;1892:506;1893:607;1894:917;1895:1201;1896:1666;1897:1570;1898:538;1899:2705
204.8961,1788891304.7037,10,2099.26,11888.28,13987.54,1596.4,18552.4,108205.1,0.0,4958.690,70.248,312.929,1884:12;1892:507;1893:608;1894:972;1895:1420;1896:2278;1897:2439;1898:538;1899:3114
205.0190,1788891304.8267,10,1489.66,12471.42,13961.09,1560.8,18701.3,108056.1,0.0,4958.690,70.248,312.929,1884:12;1892:507;1893:608;1894:981;1895:1531;1896:2482;1897:2587;1898:538;1899:3225
205.1334,1788891304.9411,10,1051.61,12701.64,13753.25,1564.0,18436.5,108320.9,0.0,4958.690,70.248,312.929,1884:12;1892:507;1893:607;1894:984;1895:1588;1896:2436;1897:2684;1898:538;1899:3345
205.2428,1788891305.0505,10,1227.12,12507.46,13734.59,1312.0,18179.5,108577.9,0.0,4958.690,70.248,312.929,1884:12;1892:507;1893:607;1894:588;1895:1728;1896:2451;1897:2695;1898:538;1899:3382
205.3502,1788891305.1578,10,1481.20,12035.49,13516.69,947.7,17897.8,108859.6,0.0,4958.690,70.248,312.929,1884:12;1892:507;1893:607;1894:588;1895:1721;1896:2077;1897:2620;1898:538;1899:3364
205.4578,1788891305.2655,10,1656.69,10950.72,12607.41,741.6,17581.5,109175.9,0.0,4958.690,70.248,312.929,1884:12;1892:507;1893:607;1894:588;1895:1060;1896:2000;1897:2280;1898:538;1899:3357
205.5627,1788891305.3704,10,1837.88,7731.63,9569.52,817.9,14402.2,112355.3,0.0,4958.690,70.248,312.929,1884:12;1892:508;1893:607;1894:589;1895:1065;1896:1070;1897:1331;1898:539;1899:2011
205.6679,1788891305.4755,10,2019.58,7253.51,9273.09,771.1,14196.1,112561.3,0.0,4958.690,70.248,312.929,1884:12;1892:508;1893:607;1894:589;1895:711;1896:618;1897:1402;1898:539;1899:2266
205.7729,1788891305.5805,10,2135.39,7443.77,9579.16,554.4,14421.3,112336.1,0.0,4958.690,70.248,312.929,1884:12;1892:508;1893:607;1894:589;1895:582;1896:618;1897:1673;1898:539;1899:2314
205.8775,1788891305.6851,10,1951.88,7445.91,9397.80,392.0,14619.1,112138.3,0.0,4958.690,70.248,312.929,1884:12;1892:508;1893:607;1894:589;1895:582;1896:618;1897:1702;1898:539;1899:2288
205.9820,1788891305.7897,10,2149.26,6401.40,8550.66,229.5,13673.5,113083.9,0.0,4958.690,70.248,312.929,1884:12;1892:508;1893:607;1894:589;1895:582;1896:618;1897:1445;1898:539;1899:1500
206.0866,1788891305.8943,10,2318.86,5578.12,7896.98,611.5,13042.4,113715.0,0.0,4958.690,70.248,312.929,1884:12;1892:508;1893:607;1894:589;1895:582;1896:618;1897:502;1898:658;1899:1501
206.1913,1788891305.9990,10,2510.95,5581.52,8092.48,200.8,13239.6,113517.8,0.0,4958.690,70.248,312.929,1884:12;1892:508;1893:607;1894:589;1895:582;1896:618;1897:502;1898:662;1899:1501
206.2959,1788891306.1035,10,2703.39,5716.57,8419.96,200.9,13489.8,113267.6,0.0,4958.690,70.248,312.929,1884:12;1892:508;1893:607;1894:589;1895:582;1896:618;1897:502;1898:797;1899:1501
206.4004,1788891306.2080,10,2426.58,5913.84,8340.42,200.8,13707.5,113050.0,0.0,4958.690,70.248,312.929,1884:12;1892:508;1893:607;1894:589;1895:582;1896:618;1897:502;1898:994;1899:1501
206.5049,1788891306.3126,10,2030.30,6106.64,8136.95,220.0,13739.1,113018.3,0.0,4958.690,70.248,312.929,1884:12;1892:508;1893:607;1894:589;1895:582;1896:618;1897:502;1898:1187;1899:1501
206.6095,1788891306.4172,10,2229.38,6275.24,8504.62,267.5,13794.6,112962.8,0.0,4958.690,70.248,312.929,1884:12;1892:508;1893:607;1894:589;1895:582;1896:618;1897:502;1898:1356;1899:1501
206.7142,1788891306.5219,10,2532.37,6007.33,8539.70,210.3,13736.5,113021.0,0.0,4958.690,70.248,312.929,1884:12;1892:508;1893:607;1894:589;1895:582;1896:618;1897:502;1898:1088;1899:1501
206.8189,1788891306.6265,10,2905.73,5697.77,8603.51,267.4,13624.6,113132.8,0.0,4958.690,70.248,312.929,1884:12;1892:508;1893:607;1894:589;1895:582;1896:618;1897:502;1898:778;1899:1501
206.9235,1788891306.7312,10,3059.64,5697.77,8757.42,191.4,13891.3,112866.1,0.0,4958.690,70.248,312.929,1884:12;1892:508;1893:607;1894:589;1895:582;1896:618;1897:502;1898:778;1899:1501
207.0280,1788891306.8356,10,2234.77,5697.77,7932.54,162.8,13774.3,112983.1,0.0,4958.690,70.248,312.929,1884:12;1892:508;1893:607;1894:589;1895:582;1896:618;1897:502;1898:778;1899:1501
207.1325,1788891306.9401,10,2419.65,5697.77,8117.42,162.5,13814.3,112943.1,0.0,4958.690,70.248,312.929,1884:12;1892:508;1893:607;1894:589;1895:582;1896:618;1897:502;1898:778;1899:1501
207.2371,1788891307.0447,10,2233.82,5476.42,7710.23,143.5,13750.8,113006.6,0.0,4958.690,70.248,312.929,1884:12;1892:483;1893:578;1894:573;1895:579;1896:613;1897:495;1898:661;1899:1481
207.3417,1788891307.1494,10,2093.22,5476.42,7569.64,172.0,13593.3,113164.1,0.0,4958.690,70.248,312.929,1884:12;1892:483;1893:578;1894:573;1895:579;1896:613;1897:495;1898:661;1899:1481
207.4464,1788891307.2540,10,2301.00,5476.43,7777.43,124.4,13540.2,113217.2,0.0,4958.690,70.248,312.929,1884:12;1892:483;1893:578;1894:573;1895:579;1896:613;1897:495;1898:661;1899:1481
207.5510,1788891307.3586,10,2161.36,5476.43,7637.79,95.7,13540.2,113217.2,0.0,4958.690,70.248,312.929,1884:12;1892:483;1893:578;1894:573;1895:579;1896:613;1897:495;1898:661;1899:1481
207.6554,1788891307.4631,10,2189.25,5476.43,7665.68,105.3,13540.5,113216.9,0.0,4958.690,70.248,312.929,1884:12;1892:483;1893:578;1894:573;1895:579;1896:613;1897:495;1898:661;1899:1481
207.7600,1788891307.5676,10,2215.70,5476.43,7692.14,95.7,13571.7,113185.7,0.0,4958.690,70.248,312.929,1884:12;1892:483;1893:578;1894:573;1895:579;1896:613;1897:495;1898:661;1899:1481
207.8644,1788891307.6720,10,2413.36,5476.43,7889.79,95.7,13625.6,113131.8,0.0,4958.690,70.248,312.929,1884:12;1892:483;1893:578;1894:573;1895:579;1896:613;1897:495;1898:661;1899:1481
207.9688,1788891307.7765,10,2607.11,5476.43,8083.55,105.3,13822.4,112935.0,0.0,4958.690,70.248,312.929,1884:12;1892:483;1893:578;1894:573;1895:579;1896:613;1897:495;1898:661;1899:1481
208.0733,1788891307.8809,10,2804.54,5476.43,8280.97,105.4,14019.6,112737.8,0.0,4958.690,70.248,312.929,1884:12;1892:483;1893:578;1894:573;1895:579;1896:613;1897:495;1898:661;1899:1481
208.1777,1788891307.9853,10,3002.77,5476.43,8479.21,114.9,14089.9,112667.6,0.0,4958.690,70.248,312.929,1884:12;1892:483;1893:578;1894:573;1895:579;1896:613;1897:495;1898:661;1899:1481
208.2822,1788891308.0898,10,3200.23,5476.43,8676.67,95.6,14209.3,112548.1,0.0,4958.690,70.248,312.929,1884:12;1892:483;1893:578;1894:573;1895:579;1896:613;1897:495;1898:661;1899:1481
208.3868,1788891308.1944,10,3395.79,5476.45,8872.24,105.3,14405.9,112351.5,0.0,4958.690,70.248,312.929,1884:12;1892:483;1893:578;1894:573;1895:580;1896:613;1897:495;1898:661;1899:1481
208.4912,1788891308.2989,10,3592.19,5476.45,9068.64,95.6,14600.5,112156.9,0.0,4958.690,70.248,312.929,1884:12;1892:483;1893:578;1894:573;1895:580;1896:613;1897:495;1898:661;1899:1481
208.5958,1788891308.4035,10,3788.28,5476.45,9264.73,105.2,14797.4,111960.1,0.0,4958.690,70.248,312.929,1884:12;1892:483;1893:578;1894:573;1895:580;1896:613;1897:495;1898:661;1899:1481
208.7003,1788891308.5080,10,3984.44,5476.45,9460.89,105.3,14994.2,111763.2,0.0,4958.690,70.248,312.929,1884:12;1892:483;1893:578;1894:573;1895:580;1896:613;1897:495;1898:661;1899:1481
208.8047,1788891308.6124,10,2888.33,5476.45,8364.78,86.1,14754.0,112003.4,0.0,4958.690,70.248,312.929,1884:12;1892:483;1893:578;1894:573;1895:580;1896:613;1897:495;1898:661;1899:1481
208.9092,1788891308.7168,10,2120.65,4391.80,6512.45,134.0,12973.2,113784.3,0.0,4958.690,70.248,312.929,1884:12;1892:483;1893:578;1894:573;1895:580;1896:613;1897:495;1898:505;1899:552
209.0137,1788891308.8214,10,2281.57,4391.80,6673.36,95.6,13136.9,113620.5,0.0,4958.690,70.248,312.929,1884:12;1892:483;1893:578;1894:573;1895:580;1896:613;1897:495;1898:505;1899:552
209.1183,1788891308.9260,10,2795.57,4391.80,7187.36,105.2,13648.9,113108.5,0.0,4958.690,70.248,312.929,1884:12;1892:483;1893:578;1894:573;1895:580;1896:613;1897:495;1898:505;1899:552
209.2229,1788891309.0305,10,2739.02,4391.80,7130.82,105.2,13568.2,113189.2,0.0,4958.690,70.248,312.929,1884:12;1892:483;1893:578;1894:573;1895:580;1896:613;1897:495;1898:505;1899:552
209.3274,1788891309.1351,10,2739.02,4391.80,7130.82,95.6,13505.2,113252.2,0.0,4958.690,70.248,312.929,1884:12;1892:483;1893:578;1894:573;1895:580;1896:613;1897:495;1898:505;1899:552
209.4321,1788891309.2397,10,2913.42,4390.41,7303.83,124.4,13642.2,113115.2,0.0,4958.690,70.248,312.929,1884:12;1892:483;1893:578;1894:573;1895:578;1896:613;1897:495;1898:505;1899:552
209.5367,1788891309.3443,10,3356.96,4390.39,7747.35,95.6,14078.7,112678.7,0.0,4958.690,70.248,312.929,1884:12;1892:483;1893:578;1894:573;1895:578;1896:613;1897:495;1898:505;1899:552
209.6413,1788891309.4489,10,3356.96,4390.14,7747.10,105.3,14078.7,112678.7,0.0,4958.690,70.248,312.929,1884:12;1892:483;1893:578;1894:573;1895:578;1896:613;1897:495;1898:505;1899:552
209.7457,1788891309.5534,10,3356.96,4390.14,7747.10,95.7,14078.7,112678.7,0.0,4958.690,70.248,312.929,1884:12;1892:483;1893:578;1894:573;1895:578;1896:613;1897:495;1898:505;1899:552
209.8503,1788891309.6579,10,3356.96,4390.14,7747.10,105.3,14078.7,112678.7,0.0,4958.690,70.248,312.929,1884:12;1892:483;1893:578;1894:573;1895:578;1896:613;1897:495;1898:505;1899:552
209.9547,1788891309.7624,10,3356.96,4390.14,7747.10,95.7,14078.7,112678.7,0.0,4958.690,70.248,312.929,1884:12;1892:483;1893:578;1894:573;1895:578;1896:613;1897:495;1898:505;1899:552
210.0592,1788891309.8669,10,3356.96,4390.14,7747.10,105.3,14078.7,112678.7,0.0,4958.690,70.248,312.929,1884:12;1892:483;1893:578;1894:573;1895:578;1896:613;1897:495;1898:505;1899:552
210.1637,1788891309.9713,10,3356.96,4390.14,7747.10,95.7,14078.7,112678.7,0.0,4958.690,70.248,312.929,1884:12;1892:483;1893:578;1894:573;1895:578;1896:613;1897:495;1898:505;1899:552
210.2682,1788891310.0759,10,2739.02,4389.94,7128.96,95.6,13350.5,113406.9,0.0,4958.690,70.248,312.929,1884:12;1892:483;1893:578;1894:573;1895:578;1896:613;1897:495;1898:505;1899:552
210.3730,1788891310.1806,10,2739.02,4389.93,7128.95,114.7,13332.6,113424.8,0.0,4958.690,70.248,312.929,1884:12;1892:483;1893:578;1894:573;1895:578;1896:613;1897:495;1898:505;1899:552
210.4774,1788891310.2851,10,2739.02,4389.93,7128.95,124.4,13330.6,113426.9,0.0,4958.690,70.248,312.929,1884:12;1892:483;1893:578;1894:573;1895:578;1896:613;1897:495;1898:505;1899:552
210.5820,1788891310.3897,10,2739.02,4389.93,7128.95,95.7,13330.6,113426.9,0.0,4958.690,70.248,312.929,1884:12;1892:483;1893:578;1894:573;1895:578;1896:613;1897:495;1898:505;1899:552
210.6865,1788891310.4941,10,2739.02,4389.93,7128.95,95.7,13330.6,113426.9,0.0,4958.690,70.248,312.929,1884:12;1892:483;1893:578;1894:573;1895:578;1896:613;1897:495;1898:505;1899:552
210.7909,1788891310.5986,10,2749.32,4421.71,7171.02,344.3,13332.2,113425.2,0.0,4958.691,70.248,312.929,1884:12;1892:487;1893:583;1894:576;1895:581;1896:618;1897:499;1898:509;1899:557
210.8956,1788891310.7032,10,2811.50,4421.65,7233.16,105.1,13356.5,113400.9,0.0,4958.691,70.248,312.929,1884:12;1892:487;1893:583;1894:576;1895:581;1896:618;1897:499;1898:509;1899:557
211.0002,1788891310.8078,10,2800.54,4421.21,7221.75,124.4,13356.8,113400.6,0.0,4958.691,70.248,312.929,1884:12;1892:487;1893:583;1894:576;1895:581;1896:618;1897:499;1898:509;1899:557
211.1047,1788891310.9123,10,2808.27,4421.20,7229.47,105.2,13176.8,113580.6,0.0,4991.785,103.343,312.929,1884:12;1892:487;1893:583;1894:576;1895:581;1896:618;1897:499;1898:509;1899:557
211.2092,1788891311.0169,10,2837.82,4421.00,7258.82,95.3,13074.6,113682.8,0.0,4991.785,103.343,312.929,1884:12;1892:487;1893:583;1894:576;1895:580;1896:618;1897:499;1898:509;1899:557
211.3141,1788891311.1218,10,2894.96,4421.00,7315.96,105.3,13058.7,113698.7,0.0,4991.785,103.343,312.929,1884:12;1892:487;1893:583;1894:576;1895:580;1896:618;1897:499;1898:509;1899:557
211.4186,1788891311.2262,10,2921.80,4421.00,7342.81,105.2,13051.1,113706.3,0.0,4991.786,103.343,312.929,1884:12;1892:487;1893:583;1894:576;1895:580;1896:618;1897:499;1898:509;1899:557
211.5232,1788891311.3308,10,2913.50,4420.76,7334.26,200.9,13033.6,113723.9,0.0,4991.786,103.344,312.929,1884:12;1892:487;1893:583;1894:576;1895:580;1896:618;1897:499;1898:509;1899:556
211.6278,1788891311.4355,10,2932.91,4420.55,7353.46,105.3,13068.7,113688.7,0.0,4991.786,103.344,312.929,1884:12;1892:487;1893:583;1894:576;1895:580;1896:618;1897:499;1898:509;1899:556
211.7323,1788891311.5400,10,2940.09,4420.39,7360.48,114.9,12525.8,114231.6,0.0,5022.552,134.109,312.929,1884:12;1892:487;1893:583;1894:576;1895:580;1896:618;1897:499;1898:509;1899:556
211.8368,1788891311.6444,10,2994.00,4419.83,7413.83,105.2,12525.8,114231.6,0.0,5022.552,134.109,312.929,1884:12;1892:487;1893:583;1894:576;1895:579;1896:618;1897:499;1898:509;1899:556
211.9413,1788891311.7490,10,3035.20,4419.02,7454.21,95.6,12525.6,114231.9,0.0,5022.552,134.109,312.929,1884:12;1892:487;1893:583;1894:576;1895:579;1896:618;1897:499;1898:509;1899:556
212.0459,1788891311.8536,10,3006.11,4419.02,7425.12,114.7,12526.5,114230.9,0.0,5022.977,134.534,312.929,1884:12;1892:487;1893:583;1894:576;1895:579;1896:618;1897:499;1898:509;1899:556
212.1507,1788891311.9583,10,3006.12,4419.02,7425.14,95.6,12523.0,114234.4,0.0,5022.977,134.534,312.929,1884:12;1892:487;1893:583;1894:576;1895:579;1896:618;1897:499;1898:509;1899:556
212.2552,1788891312.0629,10,3006.12,4419.02,7425.14,105.0,12456.7,114300.7,0.0,5022.977,134.534,312.929,1884:12;1892:487;1893:583;1894:576;1895:579;1896:618;1897:499;1898:509;1899:556
212.3600,1788891312.1676,10,3006.12,4418.85,7424.98,105.3,12452.5,114304.9,0.0,5022.977,134.534,312.929,1884:12;1892:487;1893:583;1894:576;1895:578;1896:618;1897:499;1898:509;1899:556
212.4645,1788891312.2722,10,3006.12,4418.85,7424.98,124.4,12433.2,114324.2,0.0,5022.977,134.534,312.929,1884:12;1892:487;1893:583;1894:576;1895:578;1896:618;1897:499;1898:509;1899:556
212.5691,1788891312.3767,10,3006.12,4418.84,7424.96,95.7,12429.8,114327.6,0.0,5022.977,134.534,312.929,1884:12;1892:487;1893:583;1894:576;1895:578;1896:618;1897:499;1898:509;1899:556
212.6736,1788891312.4812,10,3006.12,4418.31,7424.43,105.3,12425.9,114331.5,0.0,5022.977,134.534,312.929,1884:12;1892:487;1893:583;1894:576;1895:578;1896:618;1897:499;1898:509;1899:556
212.7780,1788891312.5857,10,3006.12,4418.06,7424.19,105.3,12421.2,114336.2,0.0,5022.977,134.534,312.929,1884:12;1892:487;1893:583;1894:576;1895:578;1896:618;1897:498;1898:509;1899:556
212.8825,1788891312.6901,10,3006.12,4418.06,7424.19,95.7,12417.3,114340.1,0.0,5022.977,134.534,312.929,1884:12;1892:487;1893:583;1894:576;1895:578;1896:618;1897:498;1898:509;1899:556
212.9869,1788891312.7946,10,3006.12,4418.06,7424.19,95.7,12413.9,114343.6,0.0,5022.977,134.534,312.929,1884:12;1892:487;1893:583;1894:576;1895:578;1896:618;1897:498;1898:509;1899:556
213.0914,1788891312.8990,10,3006.12,4418.06,7424.19,105.3,12410.4,114347.0,0.0,5022.977,134.534,312.929,1884:12;1892:487;1893:583;1894:576;1895:578;1896:618;1897:498;1898:509;1899:556
213.1958,1788891313.0035,10,3006.12,4418.06,7424.19,95.5,12371.4,114386.0,0.0,5022.977,134.534,312.929,1884:12;1892:487;1893:583;1894:576;1895:578;1896:618;1897:498;1898:509;1899:556
213.3006,1788891313.1082,10,3006.12,4418.06,7424.19,105.3,12346.8,114410.6,0.0,5022.977,134.534,312.929,1884:12;1892:487;1893:583;1894:576;1895:578;1896:618;1897:498;1898:509;1899:556
213.4050,1788891313.2126,10,3006.12,4417.89,7424.02,95.8,12308.8,114448.6,0.0,5022.977,134.534,312.929,1884:12;1892:487;1893:583;1894:576;1895:578;1896:618;1897:498;1898:509;1899:556
213.5094,1788891313.3171,10,3006.12,4417.89,7424.02,105.2,12305.3,114452.1,0.0,5022.977,134.534,312.929,1884:12;1892:487;1893:583;1894:576;1895:578;1896:618;1897:498;1898:509;1899:556
213.6140,1788891313.4216,10,3006.12,4417.89,7424.02,95.8,12301.8,114455.6,0.0,5022.977,134.535,312.929,1884:12;1892:487;1893:583;1894:576;1895:578;1896:618;1897:498;1898:509;1899:556
213.7184,1788891313.5260,10,3006.12,4417.89,7424.02,105.3,12297.9,114459.5,0.0,5022.977,134.535,312.929,1884:12;1892:487;1893:583;1894:576;1895:578;1896:618;1897:498;1898:509;1899:556
213.8228,1788891313.6305,10,3006.13,4417.89,7424.02,95.8,12294.2,114463.2,0.0,5022.977,134.535,312.929,1884:12;1892:487;1893:583;1894:576;1895:578;1896:618;1897:498;1898:509;1899:556
213.9272,1788891313.7349,10,3006.13,4417.89,7424.02,95.7,12290.8,114466.7,0.0,5022.977,134.535,312.929,1884:12;1892:487;1893:583;1894:576;1895:578;1896:618;1897:498;1898:509;1899:556
214.0317,1788891313.8393,10,3006.13,4417.89,7424.02,105.4,12287.0,114470.4,0.0,5022.977,134.535,312.929,1884:12;1892:487;1893:583;1894:576;1895:578;1896:618;1897:498;1898:509;1899:556
214.1361,1788891313.9437,10,3006.14,4417.89,7424.04,95.8,12287.0,114470.4,0.0,5022.977,134.535,312.929,1884:12;1892:487;1893:583;1894:576;1895:578;1896:618;1897:498;1898:509;1899:556
214.2405,1788891314.0482,10,3007.65,4417.89,7425.54,104.7,12218.4,114539.0,0.0,5022.977,134.535,312.929,1884:12;1892:487;1893:583;1894:576;1895:578;1896:618;1897:498;1898:509;1899:556
214.3456,1788891314.1532,10,3009.96,4417.89,7427.85,95.7,12210.4,114547.0,0.0,5022.979,134.536,312.929,1884:12;1892:487;1893:583;1894:576;1895:578;1896:618;1897:498;1898:509;1899:556
214.4501,1788891314.2577,10,3009.96,4417.89,7427.85,143.6,12186.8,114570.6,0.0,5022.979,134.536,312.929,1884:12;1892:487;1893:583;1894:576;1895:578;1896:618;1897:498;1898:509;1899:556
214.5547,1788891314.3624,10,3009.96,4417.89,7427.85,95.6,12186.8,114570.6,0.0,5022.980,134.538,312.929,1884:12;1892:487;1893:583;1894:576;1895:578;1896:618;1897:498;1898:509;1899:556
214.6593,1788891314.4669,10,3009.96,4417.89,7427.85,95.7,12186.8,114570.6,0.0,5022.980,134.539,312.929,1884:12;1892:487;1893:583;1894:576;1895:578;1896:618;1897:498;1898:509;1899:556
214.7637,1788891314.5714,10,3009.96,4417.39,7427.35,105.3,12186.5,114570.9,0.0,5022.980,134.539,312.929,1884:12;1892:487;1893:583;1894:576;1895:578;1896:618;1897:498;1898:509;1899:556
214.8682,1788891314.6759,10,3049.30,4372.57,7421.86,114.8,12138.6,114618.9,0.0,5022.980,134.539,312.929,1884:12;1892:487;1893:583;1894:576;1895:573;1896:618;1897:458;1898:509;1899:556
214.9728,1788891314.7804,10,3092.99,4372.04,7465.03,95.6,12138.6,114618.9,0.0,5022.981,134.539,312.929,1884:12;1892:487;1893:583;1894:576;1895:573;1896:617;1897:458;1898:509;1899:556
215.0773,1788891314.8850,10,3107.09,4362.09,7469.18,114.8,12123.4,114634.1,0.0,5022.981,134.539,312.929,1884:12;1892:487;1893:583;1894:576;1895:564;1896:617;1897:458;1898:509;1899:556
215.1819,1788891314.9895,10,3107.09,4361.50,7468.59,95.5,12088.8,114668.7,0.0,5022.981,134.539,312.929,1884:12;1892:487;1893:583;1894:576;1895:564;1896:617;1897:457;1898:509;1899:556
215.2866,1788891315.0943,10,3107.09,4361.16,7468.25,105.2,12033.4,114724.0,0.0,5022.982,134.541,312.929,1884:12;1892:487;1893:583;1894:576;1895:564;1896:617;1897:457;1898:509;1899:556
215.3913,1788891315.1989,10,3107.09,4361.03,7468.12,104.8,12030.5,114726.9,0.0,5022.983,134.541,312.929,1884:12;1892:487;1893:583;1894:576;1895:564;1896:617;1897:457;1898:509;1899:556
215.4965,1788891315.3041,10,3107.09,4360.73,7467.83,114.3,12023.6,114733.8,0.0,5022.983,134.541,312.929,1884:12;1892:487;1893:583;1894:576;1895:564;1896:617;1897:457;1898:509;1899:556
215.6012,1788891315.4088,10,3107.10,4359.89,7466.98,105.3,12021.0,114736.4,0.0,5022.983,134.542,312.929,1884:12;1892:487;1893:583;1894:576;1895:564;1896:616;1897:457;1898:509;1899:556
215.7056,1788891315.5133,10,3107.10,4359.76,7466.86,105.3,12018.4,114739.0,0.0,5022.983,134.542,312.929,1884:12;1892:487;1893:583;1894:576;1895:564;1896:616;1897:457;1898:509;1899:556
215.8101,1788891315.6178,10,3107.10,4359.76,7466.86,95.8,12015.8,114741.6,0.0,5022.983,134.542,312.929,1884:12;1892:487;1893:583;1894:576;1895:564;1896:616;1897:457;1898:509;1899:556
215.9145,1788891315.7221,10,3107.10,4359.76,7466.86,105.3,12014.2,114743.2,0.0,5022.983,134.542,312.929,1884:12;1892:487;1893:583;1894:576;1895:564;1896:616;1897:457;1898:509;1899:556
216.0189,1788891315.8266,10,3107.10,4357.86,7464.95,95.6,12011.4,114746.0,0.0,5022.983,134.542,312.929,1884:12;1892:487;1893:583;1894:575;1895:564;1896:616;1897:456;1898:509;1899:556
216.1235,1788891315.9312,10,3107.10,4333.39,7440.49,124.5,11976.0,114781.4,0.0,5022.984,134.542,312.929,1884:12;1892:482;1893:581;1894:574;1895:564;1896:615;1897:456;1898:509;1899:542
216.2281,1788891316.0357,10,3107.10,4333.39,7440.49,105.2,11921.3,114836.1,0.0,5022.984,134.543,312.929,1884:12;1892:482;1893:581;1894:574;1895:564;1896:615;1897:456;1898:509;1899:542
216.3326,1788891316.1403,10,3107.10,4333.39,7440.49,95.7,11887.2,114870.2,0.0,5022.984,134.543,312.929,1884:12;1892:482;1893:581;1894:574;1895:564;1896:615;1897:456;1898:509;1899:542
216.4372,1788891316.2448,10,3107.10,4333.39,7440.50,95.7,11876.1,114881.3,0.0,5022.984,134.543,312.929,1884:12;1892:482;1893:581;1894:574;1895:564;1896:615;1897:456;1898:509;1899:542
216.5416,1788891316.3493,10,3107.10,4333.39,7440.50,105.4,11873.5,114883.9,0.0,5022.984,134.543,312.929,1884:12;1892:482;1893:581;1894:574;1895:564;1896:615;1897:456;1898:509;1899:542
216.6460,1788891316.4536,10,3107.10,4333.39,7440.50,95.8,11870.9,114886.5,0.0,5022.984,134.543,312.929,1884:12;1892:482;1893:581;1894:574;1895:564;1896:615;1897:456;1898:509;1899:542
216.7503,1788891316.5580,10,3107.10,4333.39,7440.50,95.8,11868.2,114889.2,0.0,5022.984,134.543,312.929,1884:12;1892:482;1893:581;1894:574;1895:564;1896:615;1897:456;1898:509;1899:542
216.8547,1788891316.6623,10,3107.10,4333.39,7440.50,105.4,11865.6,114891.8,0.0,5022.984,134.543,312.929,1884:12;1892:482;1893:581;1894:574;1895:564;1896:615;1897:456;1898:509;1899:542
216.9590,1788891316.7666,10,3107.10,4333.39,7440.50,105.4,11863.0,114894.4,0.0,5022.984,134.543,312.929,1884:12;1892:482;1893:581;1894:574;1895:564;1896:615;1897:456;1898:509;1899:542
217.0634,1788891316.8710,10,3107.10,4333.39,7440.50,105.4,11860.5,114896.9,0.0,5022.984,134.543,312.929,1884:12;1892:482;1893:581;1894:574;1895:564;1896:615;1897:456;1898:509;1899:542
217.1677,1788891316.9754,10,3024.29,4333.39,7357.68,95.5,11790.2,114967.2,0.0,5022.984,134.543,312.929,1884:12;1892:482;1893:581;1894:574;1895:564;1896:615;1897:456;1898:509;1899:542
217.2724,1788891317.0800,10,3007.55,4333.39,7340.95,105.4,11645.5,115111.9,0.0,5022.984,134.543,312.929,1884:12;1892:482;1893:581;1894:574;1895:564;1896:615;1897:456;1898:509;1899:542
217.3767,1788891317.1844,10,3007.55,4333.41,7340.96,95.8,11636.7,115120.7,0.0,5022.984,134.543,312.929,1884:12;1892:482;1893:581;1894:574;1895:564;1896:615;1897:456;1898:509;1899:542
217.4812,1788891317.2888,10,3007.55,4333.41,7340.96,124.5,11629.4,115128.0,0.0,5022.984,134.543,312.929,1884:12;1892:482;1893:581;1894:574;1895:564;1896:615;1897:456;1898:509;1899:542
217.5857,1788891317.3933,10,3007.55,4333.41,7340.96,95.7,11629.4,115128.0,0.0,5022.984,134.543,312.929,1884:12;1892:482;1893:581;1894:574;1895:564;1896:615;1897:456;1898:509;1899:542
217.6901,1788891317.4977,10,3007.55,4333.41,7340.96,105.4,11629.4,115128.0,0.0,5022.984,134.543,312.929,1884:12;1892:482;1893:581;1894:574;1895:564;1896:615;1897:456;1898:509;1899:542
217.7945,1788891317.6021,10,3007.55,4333.41,7340.96,95.8,11629.4,115128.0,0.0,5022.984,134.543,312.929,1884:12;1892:482;1893:581;1894:574;1895:564;1896:615;1897:456;1898:509;1899:542
217.8989,1788891317.7065,10,3007.55,4333.41,7340.96,95.8,11629.4,115128.0,0.0,5022.984,134.543,312.929,1884:12;1892:482;1893:581;1894:574;1895:564;1896:615;1897:456;1898:509;1899:542
218.0032,1788891317.8109,10,3007.58,4333.41,7340.99,105.4,11629.4,115128.0,0.0,5022.984,134.543,312.929,1884:12;1892:482;1893:581;1894:574;1895:564;1896:615;1897:456;1898:509;1899:542
218.1076,1788891317.9153,10,3007.58,4334.01,7341.59,95.8,11623.2,115134.2,0.0,5022.984,134.543,312.929,1884:12;1892:482;1893:581;1894:574;1895:564;1896:615;1897:456;1898:509;1899:542
218.2120,1788891318.0197,10,3007.59,4334.01,7341.60,105.3,11591.7,115165.7,0.0,5022.984,134.543,312.929,1884:12;1892:482;1893:581;1894:574;1895:564;1896:615;1897:456;1898:509;1899:542
218.3166,1788891318.1242,10,3007.59,4334.01,7341.60,105.3,11550.6,115206.9,0.0,5022.984,134.543,312.929,1884:12;1892:482;1893:581;1894:574;1895:564;1896:615;1897:456;1898:509;1899:542
218.4209,1788891318.2286,10,3007.59,4334.03,7341.62,124.6,11535.0,115222.4,0.0,5022.984,134.543,312.929,1884:12;1892:482;1893:581;1894:574;1895:564;1896:615;1897:456;1898:509;1899:542
218.5254,1788891318.3330,10,3007.59,4334.03,7341.62,95.8,11535.0,115222.4,0.0,5022.984,134.544,312.929,1884:12;1892:482;1893:581;1894:574;1895:564;1896:615;1897:456;1898:509;1899:542
218.6298,1788891318.4374,10,3007.59,4334.03,7341.62,105.4,11535.0,115222.4,0.0,5022.984,134.544,312.929,1884:12;1892:482;1893:581;1894:574;1895:564;1896:615;1897:456;1898:509;1899:542
218.7342,1788891318.5418,10,3007.59,4334.03,7341.62,95.8,11535.0,115222.4,0.0,5022.984,134.544,312.929,1884:12;1892:482;1893:581;1894:574;1895:564;1896:615;1897:456;1898:509;1899:542
218.8386,1788891318.6462,10,3007.59,4334.03,7341.62,105.3,11535.0,115222.4,0.0,5022.984,134.544,312.929,1884:12;1892:482;1893:581;1894:574;1895:564;1896:615;1897:456;1898:509;1899:542
218.9430,1788891318.7506,10,3007.59,4334.03,7341.62,95.8,11535.0,115222.4,0.0,5022.984,134.544,312.929,1884:12;1892:482;1893:581;1894:574;1895:564;1896:615;1897:456;1898:509;1899:542
219.0473,1788891318.8550,10,3007.59,4334.03,7341.62,105.5,11535.0,115222.4,0.0,5022.984,134.544,312.929,1884:12;1892:482;1893:581;1894:574;1895:564;1896:615;1897:456;1898:509;1899:542
219.1517,1788891318.9593,10,3007.59,4334.03,7341.62,95.8,11535.0,115222.4,0.0,5022.984,134.545,312.929,1884:12;1892:482;1893:581;1894:574;1895:564;1896:615;1897:456;1898:509;1899:542
219.2561,1788891319.0637,10,3007.59,4334.03,7341.62,95.6,11472.3,115285.1,0.0,5022.984,134.545,312.929,1884:12;1892:482;1893:581;1894:574;1895:564;1896:615;1897:456;1898:509;1899:542
219.3607,1788891319.1683,10,3007.59,4334.03,7341.62,105.4,11445.7,115311.7,0.0,5022.984,134.545,312.929,1884:12;1892:482;1893:581;1894:574;1895:564;1896:615;1897:456;1898:509;1899:542
219.4650,1788891319.2727,10,3007.59,4334.03,7341.62,105.3,11430.5,115326.9,0.0,5022.984,134.545,312.929,1884:12;1892:482;1893:581;1894:574;1895:564;1896:615;1897:456;1898:509;1899:542
219.5696,1788891319.3772,10,3007.59,4334.03,7341.62,105.3,11430.5,115326.9,0.0,5022.984,134.545,312.929,1884:12;1892:482;1893:581;1894:574;1895:564;1896:615;1897:456;1898:509;1899:542
219.6740,1788891319.4816,10,2810.04,4334.03,7144.07,105.3,11231.9,115525.5,0.0,5022.984,134.545,312.929,1884:12;1892:482;1893:581;1894:574;1895:564;1896:615;1897:456;1898:509;1899:542
219.7785,1788891319.5861,10,2792.58,4177.52,6970.11,432.4,11025.5,115731.9,0.0,5022.990,134.578,312.929,1884:12;1892:417;1893:569;1894:566;1895:553;1896:586;1897:443;1898:499;1899:533
219.8851,1788891319.6928,10,2792.58,3068.38,5860.96,776.9,10575.4,116182.0,0.0,5022.990,134.578,312.933,1884:12;1892:397;1893:556;1894:551;1895:537;1896:0;1897:0;1898:494;1899:521
219.9920,1788891319.7996,8,2792.58,12.22,2804.80,392.0,7530.4,119227.0,0.0,5022.990,134.586,312.933,1884:12;1894:0;1895:0;1896:0;1897:0;1898:0;1899:0
