t_mono,t_wall,n_procs,client_rss_mb,workers_rss_mb,tree_rss_mb,tree_cpu_pct,sys_used_mb,sys_available_mb,swap_used_mb,net_recv_mb,net_sent_mb,disk_read_mb,workers
256.2900,1788884439.3304,2,23.04,12.25,35.29,0.0,2637.5,60615.9,0.0,6372.497,233.251,306.224,2657:12
256.3936,1788884439.4341,2,23.04,12.25,35.29,0.0,2637.8,60615.7,0.0,6372.497,233.251,306.224,2657:12
256.4974,1788884439.5378,2,23.04,12.25,35.29,0.0,2637.8,60615.7,0.0,6372.497,233.251,306.224,2657:12
256.6009,1788884439.6413,2,36.53,12.25,48.77,77.2,2641.5,60612.0,0.0,6372.497,233.251,306.224,2657:12
256.7050,1788884439.7455,2,60.09,12.25,72.33,1334.0,2641.9,60611.6,0.0,6372.497,233.251,306.224,2657:12
256.8134,1788884439.8539,2,71.98,12.25,84.23,134.9,2641.9,60611.6,0.0,6372.497,233.251,306.224,2657:12
256.9169,1788884439.9574,2,96.01,12.25,108.26,106.2,2647.0,60606.5,0.0,6372.497,233.251,306.224,2657:12
257.0205,1788884440.0610,2,114.20,12.25,126.45,96.6,2664.8,60588.6,0.0,6372.497,233.251,306.224,2657:12
257.1240,1788884440.1645,2,119.94,12.25,132.18,96.6,2668.4,60585.1,0.0,6372.497,233.251,306.224,2657:12
257.2276,1788884440.2680,2,166.00,12.25,178.25,96.6,2665.2,60588.3,0.0,6372.497,233.251,306.224,2657:12
257.3311,1788884440.3716,2,193.37,12.25,205.62,77.3,2664.9,60588.6,0.0,6372.641,233.254,306.224,2657:12
257.4346,1788884440.4750,4,225.68,71.51,297.18,19.3,2656.8,60596.6,0.0,6372.641,233.254,306.224,2657:12;2680:30;2681:30
257.5390,1788884440.5795,4,225.68,119.70,345.38,761.0,2604.9,60648.6,0.0,6372.641,233.254,306.224,2657:12;2680:54;2681:54
257.6477,1788884440.6881,4,225.68,156.30,381.98,893.3,2603.9,60649.6,0.0,6372.641,233.254,306.224,2657:12;2680:72;2681:72
257.7516,1788884440.7920,4,225.68,188.06,413.74,202.2,2603.9,60649.6,0.0,6372.641,233.254,306.224,2657:12;2680:88;2681:88
257.8554,1788884440.8959,4,225.68,207.90,433.58,202.2,2611.3,60642.1,0.0,6372.641,233.254,306.224,2657:12;2680:98;2681:98
257.9593,1788884440.9997,4,226.91,216.74,443.65,76.8,2613.8,60639.7,0.0,6372.647,233.256,306.224,2657:12;2680:102;2681:102
258.0633,1788884441.1038,4,228.37,216.74,445.11,19.2,2600.5,60653.0,0.0,6372.648,233.257,306.224,2657:12;2680:102;2681:102
258.1673,1788884441.2078,4,230.74,216.74,447.48,9.4,2600.5,60653.0,0.0,6372.669,233.258,306.224,2657:12;2680:102;2681:102
258.2735,1788884441.3139,4,231.49,216.74,448.23,18.8,2597.9,60655.6,0.0,6372.680,233.259,306.224,2657:12;2680:102;2681:102
258.3798,1788884441.4202,4,231.49,216.74,448.23,9.6,2597.9,60655.6,0.0,6372.680,233.259,306.224,2657:12;2680:102;2681:102
258.4835,1788884441.5240,4,233.06,216.74,449.80,9.6,2597.9,60655.6,0.0,6372.701,233.260,306.224,2657:12;2680:102;2681:102
258.5876,1788884441.6280,4,234.02,216.74,450.75,19.3,2597.6,60655.8,0.0,6372.711,233.262,306.224,2657:12;2680:102;2681:102
258.6913,1788884441.7318,4,234.84,216.74,451.57,9.6,2597.6,60655.8,0.0,6372.722,233.262,306.224,2657:12;2680:102;2681:102
258.7950,1788884441.8355,4,235.70,216.74,452.44,9.7,2597.9,60655.6,0.0,6372.732,233.263,306.224,2657:12;2680:102;2681:102
258.8987,1788884441.9391,4,236.53,216.74,453.27,19.3,2598.4,60655.1,0.0,6372.743,233.264,306.224,2657:12;2680:102;2681:102
259.0026,1788884442.0431,4,237.37,216.74,454.11,9.6,2560.0,60693.5,0.0,6372.753,233.265,306.224,2657:12;2680:102;2681:102
259.1065,1788884442.1469,4,238.20,216.74,454.94,9.6,2560.7,60692.8,0.0,6372.764,233.266,306.224,2657:12;2680:102;2681:102
259.2102,1788884442.2507,4,239.04,216.74,455.79,9.6,2559.4,60694.1,0.0,6372.774,233.266,306.224,2657:12;2680:102;2681:102
259.3142,1788884442.3546,4,239.87,216.74,456.61,19.3,2560.1,60693.4,0.0,6372.785,233.267,306.224,2657:12;2680:102;2681:102
259.4179,1788884442.4583,4,240.71,216.74,457.45,9.6,2552.7,60700.7,0.0,6372.795,233.268,306.224,2657:12;2680:102;2681:102
259.5217,1788884442.5622,4,241.54,216.74,458.29,9.6,2553.7,60699.8,0.0,6372.806,233.269,306.224,2657:12;2680:102;2681:102
259.6255,1788884442.6660,4,242.37,216.74,459.11,48.2,2554.5,60699.0,0.0,6372.816,233.270,306.224,2657:12;2680:102;2681:102
259.7293,1788884442.7697,4,243.18,216.74,459.93,9.6,2555.4,60698.0,0.0,6372.827,233.270,306.224,2657:12;2680:102;2681:102
259.8331,1788884442.8736,4,244.00,216.74,460.74,19.3,2556.2,60697.3,0.0,6372.837,233.271,306.224,2657:12;2680:102;2681:102
259.9370,1788884442.9775,4,244.85,216.75,461.60,9.6,2549.0,60704.4,0.0,6372.848,233.272,306.224,2657:12;2680:102;2681:102
260.0408,1788884443.0813,4,245.66,216.75,462.42,28.8,2526.4,60727.1,0.0,6372.858,233.273,306.224,2657:12;2680:102;2681:102
260.1449,1788884443.1854,4,246.51,216.75,463.27,9.6,2527.1,60726.3,0.0,6372.869,233.273,306.224,2657:12;2680:102;2681:102
260.2487,1788884443.2892,4,247.34,216.75,464.09,19.3,2521.2,60732.3,0.0,6372.879,233.274,306.224,2657:12;2680:102;2681:102
260.3525,1788884443.3929,4,248.18,216.75,464.93,9.6,2498.6,60754.9,0.0,6372.889,233.275,306.224,2657:12;2680:102;2681:102
260.4562,1788884443.4966,4,249.01,216.75,465.76,19.3,2499.3,60754.2,0.0,6372.900,233.276,306.224,2657:12;2680:102;2681:102
260.5599,1788884443.6003,4,249.84,216.75,466.59,9.6,2500.3,60753.2,0.0,6372.910,233.277,306.224,2657:12;2680:102;2681:102
260.6636,1788884443.7040,4,250.98,216.75,467.74,19.2,2501.0,60752.4,0.0,6372.931,233.277,306.224,2657:12;2680:102;2681:102
260.7675,1788884443.8079,4,252.33,216.75,469.08,19.2,2502.8,60750.7,0.0,6372.941,233.279,306.224,2657:12;2680:102;2681:102
260.8714,1788884443.9119,4,253.16,216.75,469.91,19.2,2503.5,60750.0,0.0,6372.952,233.280,306.224,2657:12;2680:102;2681:102
260.9753,1788884444.0158,4,253.99,216.76,470.75,9.6,2504.0,60749.5,0.0,6372.962,233.281,306.224,2657:12;2680:102;2681:102
261.0793,1788884444.1198,4,254.82,216.76,471.58,9.6,2436.2,60817.3,0.0,6372.972,233.281,306.224,2657:12;2680:102;2681:102
261.1832,1788884444.2236,4,255.64,216.76,472.41,9.6,2429.0,60824.4,0.0,6372.983,233.282,306.224,2657:12;2680:102;2681:102
261.2869,1788884444.3274,4,256.48,216.76,473.24,9.6,2424.1,60829.4,0.0,6372.993,233.283,306.224,2657:12;2680:102;2681:102
261.3907,1788884444.4312,4,257.32,216.76,474.08,9.6,2417.0,60836.5,0.0,6373.003,233.284,306.224,2657:12;2680:102;2681:102
261.4944,1788884444.5348,4,258.14,216.76,474.90,19.3,2417.7,60835.8,0.0,6373.014,233.284,306.224,2657:12;2680:102;2681:102
261.5980,1788884444.6385,4,258.96,216.76,475.72,9.6,2418.7,60834.8,0.0,6373.024,233.285,306.224,2657:12;2680:102;2681:102
261.7017,1788884444.7421,4,259.80,216.76,476.57,9.6,2419.4,60834.0,0.0,6373.034,233.286,306.224,2657:12;2680:102;2681:102
261.8054,1788884444.8459,4,260.64,216.76,477.41,9.6,2420.2,60833.3,0.0,6373.045,233.287,306.224,2657:12;2680:102;2681:102
261.9091,1788884444.9495,4,261.48,216.76,478.24,9.6,2421.1,60832.3,0.0,6373.055,233.288,306.224,2657:12;2680:102;2681:102
262.0127,1788884445.0532,4,262.30,216.76,479.07,19.3,2401.7,60851.8,0.0,6373.066,233.288,306.224,2657:12;2680:102;2681:102
262.1167,1788884445.1571,4,263.13,216.76,479.89,19.3,2386.9,60866.5,0.0,6373.076,233.289,306.224,2657:12;2680:102;2681:102
262.2205,1788884445.2609,4,264.71,216.76,481.48,19.2,2382.9,60870.6,0.0,6373.097,233.290,306.224,2657:12;2680:102;2681:102
262.3244,1788884445.3649,4,264.79,216.76,481.55,77.0,2383.0,60870.5,0.0,6373.097,233.291,306.224,2657:12;2680:102;2681:102
262.4282,1788884445.4687,4,265.62,216.76,482.38,9.6,2384.0,60869.5,0.0,6373.107,233.291,306.224,2657:12;2680:102;2681:102
262.5322,1788884445.5727,4,266.44,216.76,483.20,9.6,2384.7,60868.8,0.0,6373.117,233.292,306.224,2657:12;2680:102;2681:102
262.6362,1788884445.6766,4,267.28,216.76,484.04,9.6,2385.4,60868.0,0.0,6373.128,233.293,306.224,2657:12;2680:102;2681:102
262.7399,1788884445.7803,4,268.10,216.76,484.86,9.7,2386.4,60867.0,0.0,6373.138,233.294,306.224,2657:12;2680:102;2681:102
262.8435,1788884445.8839,4,269.70,216.76,486.46,19.3,2388.0,60865.5,0.0,6373.159,233.294,306.224,2657:12;2680:102;2681:102
262.9473,1788884445.9878,4,269.77,216.77,486.54,9.6,2380.3,60873.2,0.0,6373.159,233.295,306.224,2657:12;2680:102;2681:102
263.0512,1788884446.0917,4,271.34,216.77,488.11,19.2,2352.6,60900.8,0.0,6373.179,233.296,306.224,2657:12;2680:102;2681:102
263.1552,1788884446.1956,4,272.25,216.77,489.02,19.3,2344.5,60908.9,0.0,6373.190,233.298,306.224,2657:12;2680:102;2681:102
263.2589,1788884446.2994,4,272.25,216.77,489.02,0.0,2340.0,60913.5,0.0,6373.190,233.298,306.224,2657:12;2680:102;2681:102
263.3627,1788884446.4032,4,273.09,216.77,489.86,9.6,2333.3,60920.1,0.0,6373.200,233.298,306.224,2657:12;2680:102;2681:102
263.4664,1788884446.5069,4,273.91,216.77,490.68,19.3,2334.1,60919.4,0.0,6373.211,233.299,306.224,2657:12;2680:102;2681:102
263.5701,1788884446.6106,4,274.74,216.77,491.52,9.6,2335.3,60918.2,0.0,6373.221,233.300,306.224,2657:12;2680:102;2681:102
263.6738,1788884446.7143,4,275.57,216.77,492.34,9.6,2336.1,60917.4,0.0,6373.231,233.301,306.224,2657:12;2680:102;2681:102
263.7777,1788884446.8182,4,276.41,216.77,493.18,9.6,2336.8,60916.7,0.0,6373.242,233.301,306.224,2657:12;2680:102;2681:102
263.8815,1788884446.9220,4,278.04,216.77,494.82,19.3,2338.2,60915.3,0.0,6373.262,233.302,306.224,2657:12;2680:102;2681:102
263.9854,1788884447.0259,4,278.87,216.77,495.64,19.2,2339.2,60914.2,0.0,6373.273,233.304,306.224,2657:12;2680:102;2681:102
264.0894,1788884447.1299,4,278.87,216.77,495.64,0.0,2231.6,61021.9,0.0,6373.273,233.304,306.224,2657:12;2680:102;2681:102
264.1933,1788884447.2338,4,279.72,216.77,496.49,9.6,2232.5,61020.9,0.0,6373.283,233.304,306.224,2657:12;2680:102;2681:102
264.2970,1788884447.3375,4,281.27,216.77,498.04,19.3,2221.6,61031.9,0.0,6373.303,233.305,306.224,2657:12;2680:102;2681:102
264.4007,1788884447.4412,4,282.21,216.77,498.98,19.3,2207.2,61046.3,0.0,6373.314,233.307,306.224,2657:12;2680:102;2681:102
264.5043,1788884447.5448,4,283.04,216.77,499.81,9.6,2207.9,61045.6,0.0,6373.324,233.307,306.224,2657:12;2680:102;2681:102
264.6080,1788884447.6485,4,283.87,216.77,500.64,9.6,2208.9,61044.6,0.0,6373.334,233.308,306.224,2657:12;2680:102;2681:102
264.7117,1788884447.7522,4,284.70,216.77,501.47,9.7,2209.6,61043.8,0.0,6373.345,233.309,306.224,2657:12;2680:102;2681:102
264.8153,1788884447.8558,4,285.53,216.77,502.30,9.6,2210.4,61043.1,0.0,6373.355,233.310,306.224,2657:12;2680:102;2681:102
264.9190,1788884447.9594,4,286.34,216.77,503.11,86.8,2211.3,61042.1,0.0,6373.366,233.310,306.224,2657:12;2680:102;2681:102
265.0227,1788884448.0632,4,287.18,216.77,503.96,9.6,2188.7,61064.8,0.0,6373.376,233.311,306.224,2657:12;2680:102;2681:102
265.1267,1788884448.1672,4,288.02,216.77,504.80,9.6,2168.3,61085.2,0.0,6373.386,233.312,306.224,2657:12;2680:102;2681:102
265.2305,1788884448.2710,4,288.56,216.77,505.34,48.2,2164.7,61088.8,0.0,6373.392,233.313,306.224,2657:12;2680:102;2681:102
265.3343,1788884448.3748,4,289.22,216.77,505.99,105.9,2165.1,61088.4,0.0,6373.392,233.313,306.224,2657:12;2680:102;2681:102
265.4381,1788884448.4786,4,289.98,216.77,506.76,105.9,2158.7,61094.8,0.0,6373.392,233.313,306.224,2657:12;2680:102;2681:102
265.5420,1788884448.5825,4,290.77,216.77,507.55,96.3,2160.7,61092.8,0.0,6373.392,233.313,306.224,2657:12;2680:102;2681:102
265.6458,1788884448.6863,4,291.54,216.77,508.32,106.0,2160.7,61092.8,0.0,6373.392,233.313,306.224,2657:12;2680:102;2681:102
265.7496,1788884448.7900,4,294.23,216.77,511.00,96.4,2164.6,61088.8,0.0,6373.392,233.313,306.224,2657:12;2680:102;2681:102
265.8533,1788884448.8938,4,294.89,216.77,511.66,96.4,2164.6,61088.8,0.0,6373.392,233.313,306.224,2657:12;2680:102;2681:102
265.9571,1788884448.9975,4,294.93,216.78,511.71,115.5,2164.6,61088.8,0.0,6373.392,233.313,306.224,2657:12;2680:102;2681:102
266.0610,1788884449.1014,4,294.96,216.78,511.75,96.0,2119.3,61134.1,0.0,6373.392,233.313,306.224,2657:12;2680:102;2681:102
266.1652,1788884449.2056,4,295.01,216.78,511.79,96.2,2118.9,61134.5,0.0,6373.392,233.313,306.224,2657:12;2680:102;2681:102
266.2691,1788884449.3096,4,295.01,216.78,511.79,106.0,2118.7,61134.8,0.0,6373.392,233.313,306.224,2657:12;2680:102;2681:102
266.3729,1788884449.4133,4,295.05,216.78,511.83,96.4,2118.7,61134.8,0.0,6373.392,233.313,306.224,2657:12;2680:102;2681:102
266.4766,1788884449.5171,4,295.07,216.78,511.85,106.0,2118.7,61134.8,0.0,6373.392,233.313,306.224,2657:12;2680:102;2681:102
266.5804,1788884449.6208,4,295.09,216.78,511.87,96.4,2118.7,61134.8,0.0,6373.392,233.313,306.224,2657:12;2680:102;2681:102
266.6841,1788884449.7246,4,295.35,216.78,512.13,96.3,2118.7,61134.8,0.0,6373.392,233.313,306.224,2657:12;2680:102;2681:102
266.7879,1788884449.8283,4,295.37,216.78,512.15,105.9,2118.7,61134.8,0.0,6373.392,233.313,306.224,2657:12;2680:102;2681:102
266.8918,1788884449.9323,4,295.39,216.78,512.17,106.0,2111.1,61142.3,0.0,6373.392,233.313,306.224,2657:12;2680:102;2681:102
266.9955,1788884450.0360,4,295.41,216.78,512.19,105.9,2110.8,61142.7,0.0,6373.392,233.313,306.224,2657:12;2680:102;2681:102
267.0995,1788884450.1399,4,295.44,216.78,512.22,96.2,2072.7,61180.8,0.0,6373.392,233.313,306.224,2657:12;2680:102;2681:102
267.2035,1788884450.2439,4,295.46,216.78,512.24,96.3,2072.7,61180.8,0.0,6373.392,233.313,306.224,2657:12;2680:102;2681:102
267.3073,1788884450.3477,4,295.48,216.78,512.27,105.9,2072.7,61180.8,0.0,6373.392,233.313,306.224,2657:12;2680:102;2681:102
267.4111,1788884450.4515,4,295.52,216.78,512.30,96.4,2066.1,61187.4,0.0,6373.392,233.313,306.224,2657:12;2680:102;2681:102
267.5148,1788884450.5553,4,295.54,216.78,512.32,96.4,2066.1,61187.4,0.0,6373.392,233.313,306.224,2657:12;2680:102;2681:102
267.6186,1788884450.6590,4,295.57,216.78,512.35,106.0,2066.1,61187.4,0.0,6373.392,233.313,306.224,2657:12;2680:102;2681:102
267.7223,1788884450.7628,4,295.59,216.78,512.38,96.4,2066.1,61187.4,0.0,6373.392,233.313,306.224,2657:12;2680:102;2681:102
267.8261,1788884450.8665,4,295.62,216.78,512.40,106.0,2066.1,61187.4,0.0,6373.392,233.313,306.224,2657:12;2680:102;2681:102
267.9298,1788884450.9703,4,295.64,216.78,512.43,105.9,2066.0,61187.4,0.0,6373.392,233.313,306.224,2657:12;2680:102;2681:102
268.0337,1788884451.0741,4,295.66,216.78,512.45,96.3,2049.4,61204.1,0.0,6373.392,233.313,306.224,2657:12;2680:102;2681:102
268.1377,1788884451.1782,4,295.69,216.78,512.47,105.6,2021.4,61232.0,0.0,6373.392,233.313,306.224,2657:12;2680:102;2681:102
268.2417,1788884451.2822,4,295.80,216.78,512.59,96.3,2021.4,61232.0,0.0,6373.392,233.313,306.224,2657:12;2680:102;2681:102
268.3455,1788884451.3860,4,295.82,216.78,512.61,96.3,1997.8,61255.7,0.0,6373.392,233.313,306.224,2657:12;2680:102;2681:102
268.4494,1788884451.4899,4,295.83,216.78,512.61,105.8,1997.8,61255.7,0.0,6373.392,233.313,306.224,2657:12;2680:102;2681:102
268.5534,1788884451.5939,4,295.86,216.78,512.64,96.2,1997.8,61255.7,0.0,6373.392,233.313,306.224,2657:12;2680:102;2681:102
268.6573,1788884451.6978,4,295.89,216.78,512.67,105.9,1997.8,61255.7,0.0,6373.392,233.313,306.224,2657:12;2680:102;2681:102
268.7612,1788884451.8017,4,295.90,216.78,512.68,96.4,1997.8,61255.7,0.0,6373.392,233.313,306.224,2657:12;2680:102;2681:102
268.8650,1788884451.9054,4,295.91,216.78,512.70,106.0,1997.8,61255.7,0.0,6373.392,233.313,306.224,2657:12;2680:102;2681:102
268.9688,1788884452.0092,4,295.93,216.79,512.73,96.1,1997.8,61255.7,0.0,6373.392,233.313,306.224,2657:12;2680:102;2681:102
269.0728,1788884452.1133,4,295.96,216.79,512.75,96.1,1971.7,61281.8,0.0,6373.392,233.313,306.224,2657:12;2680:102;2681:102
269.1769,1788884452.2173,4,295.98,216.79,512.77,105.9,1965.8,61287.7,0.0,6373.392,233.313,306.224,2657:12;2680:102;2681:102
269.2808,1788884452.3213,4,296.01,216.79,512.80,96.3,1965.8,61287.7,0.0,6373.392,233.313,306.224,2657:12;2680:102;2681:102
269.3846,1788884452.4250,4,296.04,216.79,512.83,106.0,1960.0,61293.5,0.0,6373.392,233.313,306.224,2657:12;2680:102;2681:102
269.4884,1788884452.5288,4,296.06,216.79,512.85,96.4,1960.0,61293.5,0.0,6373.392,233.313,306.224,2657:12;2680:102;2681:102
269.5921,1788884452.6325,4,296.09,216.79,512.89,96.4,1960.0,61293.5,0.0,6373.392,233.313,306.224,2657:12;2680:102;2681:102
269.6958,1788884452.7362,4,296.13,216.79,512.92,106.1,1960.0,61293.5,0.0,6373.392,233.313,306.224,2657:12;2680:102;2681:102
269.7995,1788884452.8399,4,296.16,216.79,512.95,96.2,1960.0,61293.5,0.0,6373.392,233.313,306.224,2657:12;2680:102;2681:102
269.9034,1788884452.9439,4,296.18,216.79,512.97,96.2,1960.0,61293.5,0.0,6373.392,233.313,306.224,2657:12;2680:102;2681:102
270.0073,1788884453.0478,4,296.20,216.79,513.00,105.8,1936.5,61317.0,0.0,6373.392,233.313,306.224,2657:12;2680:102;2681:102
270.1113,1788884453.1518,4,296.22,216.79,513.02,96.2,1929.0,61324.5,0.0,6373.392,233.313,306.224,2657:12;2680:102;2681:102
270.2153,1788884453.2557,4,296.26,216.79,513.05,105.9,1929.0,61324.5,0.0,6373.392,233.313,306.224,2657:12;2680:102;2681:102
270.3192,1788884453.3596,4,296.28,216.79,513.07,96.3,1929.0,61324.5,0.0,6373.392,233.313,306.224,2657:12;2680:102;2681:102
270.4229,1788884453.4634,4,296.30,216.79,513.09,106.0,1929.0,61324.5,0.0,6373.392,233.313,306.224,2657:12;2680:102;2681:102
270.5267,1788884453.5671,4,296.34,216.79,513.13,96.5,1929.0,61324.5,0.0,6373.392,233.313,306.224,2657:12;2680:102;2681:102
270.6304,1788884453.6708,4,296.36,216.79,513.15,96.4,1929.0,61324.5,0.0,6373.392,233.313,306.224,2657:12;2680:102;2681:102
270.7341,1788884453.7745,4,296.38,216.79,513.17,106.1,1929.0,61324.5,0.0,6373.392,233.313,306.224,2657:12;2680:102;2681:102
270.8377,1788884453.8782,4,296.41,216.79,513.20,96.5,1929.0,61324.5,0.0,6373.392,233.313,306.224,2657:12;2680:102;2681:102
270.9414,1788884453.9819,4,296.72,216.79,513.51,96.5,1921.1,61332.4,0.0,6373.392,233.313,306.224,2657:12;2680:102;2681:102
271.0450,1788884454.0855,4,296.73,216.79,513.52,115.7,1895.2,61358.3,0.0,6373.392,233.313,306.224,2657:12;2680:102;2681:102
271.1487,1788884454.1892,4,296.74,216.79,513.54,96.3,1867.5,61385.9,0.0,6373.392,233.313,306.224,2657:12;2680:102;2681:102
271.2526,1788884454.2931,4,296.76,216.79,513.55,106.0,1867.5,61385.9,0.0,6373.392,233.313,306.224,2657:12;2680:102;2681:102
271.3564,1788884454.3968,4,296.76,216.79,513.55,96.4,1862.5,61391.0,0.0,6373.392,233.313,306.224,2657:12;2680:102;2681:102
271.4601,1788884454.5006,4,300.66,216.79,517.45,96.3,1870.0,61383.5,0.0,6373.392,233.313,306.224,2657:12;2680:102;2681:102
271.5640,1788884454.6045,4,306.89,216.79,523.69,106.0,1873.5,61379.9,0.0,6373.392,233.313,306.224,2657:12;2680:102;2681:102
271.6677,1788884454.7082,4,310.95,216.79,527.75,105.9,1877.5,61376.0,0.0,6373.392,233.313,306.224,2657:12;2680:102;2681:102
271.7716,1788884454.8121,4,313.18,216.79,529.97,96.2,1878.3,61375.2,0.0,6373.392,233.313,306.224,2657:12;2680:102;2681:102
271.8755,1788884454.9160,4,327.30,216.79,544.09,106.0,1892.9,61360.6,0.0,6373.392,233.313,306.224,2657:12;2680:102;2681:102
271.9793,1788884455.0198,4,335.52,216.80,552.32,96.3,1873.7,61379.8,0.0,6373.392,233.313,306.224,2657:12;2680:102;2681:102
272.0831,1788884455.1236,4,337.28,216.80,554.08,96.2,1850.8,61402.7,0.0,6373.392,233.313,306.224,2657:12;2680:102;2681:102
272.1871,1788884455.2275,4,337.71,216.80,554.51,106.0,1852.0,61401.5,0.0,6373.392,233.313,306.224,2657:12;2680:102;2681:102
272.2908,1788884455.3313,4,345.66,216.80,562.46,96.2,1851.6,61401.9,0.0,6373.392,233.313,306.224,2657:12;2680:102;2681:102
272.3947,1788884455.4352,4,351.16,216.80,567.96,96.4,1841.8,61411.7,0.0,6373.392,233.313,306.224,2657:12;2680:102;2681:102
272.4984,1788884455.5389,4,356.95,216.80,573.75,96.4,1847.3,61406.2,0.0,6373.392,233.313,306.224,2657:12;2680:102;2681:102
272.6022,1788884455.6426,4,360.12,216.80,576.92,106.1,1850.9,61402.6,0.0,6373.392,233.313,306.224,2657:12;2680:102;2681:102
272.7058,1788884455.7463,4,361.05,216.80,577.85,106.1,1851.6,61401.8,0.0,6373.392,233.313,306.224,2657:12;2680:102;2681:102
272.8095,1788884455.8500,4,361.09,216.80,577.89,96.3,1851.6,61401.8,0.0,6373.392,233.313,306.224,2657:12;2680:102;2681:102
272.9134,1788884455.9538,4,361.09,216.80,577.89,105.9,1851.6,61401.8,0.0,6373.392,233.313,306.224,2657:12;2680:102;2681:102
273.0173,1788884456.0578,4,368.07,216.80,584.87,86.7,1856.7,61396.7,0.0,6373.392,233.313,306.224,2657:12;2680:102;2681:102
273.1211,1788884456.1615,4,386.69,216.80,603.49,105.9,1872.9,61380.6,0.0,6373.392,233.313,306.224,2657:12;2680:102;2681:102
273.2249,1788884456.2654,4,375.62,216.80,592.43,105.8,1874.9,61378.6,0.0,6373.392,233.313,306.224,2657:12;2680:102;2681:102
273.3289,1788884456.3694,4,381.27,216.80,598.07,96.3,1874.9,61378.6,0.0,6373.392,233.313,306.224,2657:12;2680:102;2681:102
273.4328,1788884456.4732,4,378.55,216.80,595.35,96.3,1871.7,61381.7,0.0,6373.392,233.313,306.224,2657:12;2680:102;2681:102
273.5366,1788884456.5770,4,379.17,216.80,595.97,105.9,1871.7,61381.7,0.0,6373.394,233.314,306.224,2657:12;2680:102;2681:102
273.6404,1788884456.6809,4,379.17,216.80,595.97,96.3,1871.7,61381.7,0.0,6373.394,233.314,306.224,2657:12;2680:102;2681:102
273.7442,1788884456.7847,4,379.57,216.80,596.38,106.0,1871.7,61381.7,0.0,6373.395,233.316,306.224,2657:12;2680:102;2681:102
273.8480,1788884456.8885,4,378.68,216.80,595.48,96.3,1871.7,61381.7,0.0,6373.395,233.316,306.224,2657:12;2680:102;2681:102
273.9518,1788884456.9923,4,379.25,216.80,596.05,105.9,1868.3,61385.2,0.0,6373.395,233.316,306.224,2657:12;2680:102;2681:102
274.0557,1788884457.0962,4,379.08,216.80,595.88,105.9,1848.6,61404.9,0.0,6373.395,233.316,306.224,2657:12;2680:102;2681:102
274.1596,1788884457.2000,4,381.92,216.80,598.72,96.3,1848.6,61404.9,0.0,6373.395,233.316,306.224,2657:12;2680:102;2681:102
274.2634,1788884457.3039,4,387.21,216.80,604.01,96.2,1852.1,61401.3,0.0,6373.395,233.316,306.224,2657:12;2680:102;2681:102
274.3673,1788884457.4078,4,391.21,216.80,608.02,105.8,1856.5,61397.0,0.0,6373.396,233.317,306.224,2657:12;2680:102;2681:102
274.4713,1788884457.5117,4,391.21,216.80,608.02,96.1,1860.0,61393.5,0.0,6373.397,233.318,306.224,2657:12;2680:102;2681:102
274.5754,1788884457.6158,4,391.21,216.80,608.02,96.1,1863.1,61390.4,0.0,6373.398,233.318,306.224,2657:12;2680:102;2681:102
274.6794,1788884457.7198,4,403.66,216.80,620.46,105.8,1873.7,61379.8,0.0,6373.398,233.318,306.224,2657:12;2680:102;2681:102
274.7834,1788884457.8238,4,395.68,216.80,612.48,96.3,1873.7,61379.8,0.0,6373.398,233.319,306.224,2657:12;2680:102;2681:102
274.8872,1788884457.9277,4,397.59,216.80,614.39,115.5,1873.7,61379.8,0.0,6373.398,233.319,306.224,2657:12;2680:102;2681:102
274.9911,1788884458.0316,4,410.23,216.80,627.04,96.3,1889.3,61364.2,0.0,6373.398,233.319,306.224,2657:12;2680:102;2681:102
275.0949,1788884458.1354,4,425.07,216.80,641.87,105.8,1893.5,61360.0,0.0,6373.400,233.321,306.224,2657:12;2680:102;2681:102
275.1989,1788884458.2394,4,411.74,216.80,628.54,105.6,1880.2,61373.2,0.0,6373.400,233.322,306.224,2657:12;2680:102;2681:102
275.3031,1788884458.3436,4,411.75,216.80,628.55,96.1,1880.2,61373.3,0.0,6373.402,233.323,306.224,2657:12;2680:102;2681:102
275.4071,1788884458.4475,4,412.38,216.80,629.18,96.3,1876.9,61376.5,0.0,6373.402,233.323,306.224,2657:12;2680:102;2681:102
275.5109,1788884458.5514,4,414.21,216.80,631.02,106.0,1876.9,61376.5,0.0,6373.402,233.323,306.224,2657:12;2680:102;2681:102
275.6147,1788884458.6552,4,418.88,216.80,635.68,96.3,1876.9,61376.5,0.0,6373.402,233.323,306.224,2657:12;2680:102;2681:102
275.7185,1788884458.7589,4,424.24,216.80,641.04,96.4,1876.9,61376.5,0.0,6373.402,233.323,306.224,2657:12;2680:102;2681:102
275.8223,1788884458.8627,4,428.45,216.80,645.25,96.4,1877.2,61376.3,0.0,6373.402,233.324,306.224,2657:12;2680:102;2681:102
275.9260,1788884458.9665,4,431.07,216.80,647.88,105.7,1878.4,61375.0,0.0,6373.403,233.325,306.224,2657:12;2680:102;2681:102
276.0302,1788884459.0707,4,432.65,216.80,649.45,96.1,1864.5,61389.0,0.0,6373.404,233.326,306.224,2657:12;2680:102;2681:102
276.1342,1788884459.1747,4,435.57,216.80,652.37,105.5,1854.6,61398.9,0.0,6373.405,233.326,306.224,2657:12;2680:102;2681:102
276.2385,1788884459.2789,4,451.51,216.80,668.31,96.2,1871.2,61382.3,0.0,6373.405,233.326,306.224,2657:12;2680:102;2681:102
276.3424,1788884459.3829,4,560.96,216.80,777.77,105.8,1977.0,61276.5,0.0,6373.405,233.327,306.224,2657:12;2680:102;2681:102
276.4464,1788884459.4869,4,586.86,216.80,803.66,173.0,2006.5,61247.0,0.0,6373.405,233.327,306.224,2657:12;2680:102;2681:102
276.5505,1788884459.5910,4,536.18,216.80,752.98,192.4,1945.8,61307.7,0.0,6373.405,233.327,306.224,2657:12;2680:102;2681:102
276.6544,1788884459.6949,4,553.41,216.80,770.21,96.3,1978.9,61274.6,0.0,6373.405,233.327,306.224,2657:12;2680:102;2681:102
276.7582,1788884459.7987,4,566.47,216.80,783.27,96.3,1978.9,61274.6,0.0,6373.406,233.327,306.224,2657:12;2680:102;2681:102
276.8620,1788884459.9025,4,566.50,315.16,881.66,202.2,1981.3,61272.2,0.0,6373.406,233.327,306.224,2657:12;2680:152;2681:151
276.9659,1788884460.0063,4,566.79,352.17,918.96,240.0,1995.7,61257.8,0.0,6373.406,233.327,306.224,2657:12;2680:170;2681:170
277.0700,1788884460.1105,4,566.82,489.56,1056.39,519.9,2075.0,61178.5,0.0,6374.194,233.484,306.224,2657:12;2680:234;2681:244
277.1740,1788884460.2144,4,566.82,519.59,1086.42,240.6,2090.1,61163.4,0.0,6374.685,233.488,306.224,2657:12;2680:248;2681:259
277.2779,1788884460.3184,4,566.82,550.12,1116.95,301.5,2115.5,61138.0,0.0,6374.756,233.530,306.224,2657:12;2680:261;2681:277
277.3840,1788884460.4245,4,566.83,618.27,1185.10,537.9,2187.7,61065.8,0.0,6375.408,233.926,306.224,2657:12;2680:296;2681:310
277.4911,1788884460.5315,4,566.83,682.60,1249.43,1142.5,2292.7,60960.8,0.0,6386.141,234.144,306.224,2657:12;2680:326;2681:344
277.5960,1788884460.6364,4,566.83,723.51,1290.34,623.8,2323.0,60930.5,0.0,6387.172,234.359,306.224,2657:12;2680:342;2681:370
277.7001,1788884460.7406,4,566.83,776.29,1343.12,690.5,2372.6,60880.9,0.0,6391.120,234.659,306.224,2657:12;2680:373;2681:391
277.8060,1788884460.8465,4,566.83,801.29,1368.12,1125.2,2419.1,60834.4,0.0,6398.084,234.873,306.224,2657:12;2680:384;2681:405
277.9117,1788884460.9522,4,566.83,872.12,1438.95,840.3,2466.1,60787.4,0.0,6403.745,235.147,306.224,2657:12;2680:419;2681:441
278.0176,1788884461.0580,4,566.83,904.73,1471.56,1301.5,2513.1,60740.4,0.0,6408.861,235.330,306.224,2657:12;2680:423;2681:469
278.1228,1788884461.1633,4,566.83,917.05,1483.88,797.8,2529.2,60724.3,0.0,6411.236,235.584,306.224,2657:12;2680:440;2681:465
278.2268,1788884461.2673,4,566.83,953.22,1520.05,1066.1,2581.6,60671.9,0.0,6418.120,235.801,306.224,2657:12;2680:456;2681:485
278.3309,1788884461.3714,4,566.83,989.59,1556.41,738.6,2590.2,60663.3,0.0,6422.122,236.053,306.224,2657:12;2680:470;2681:507
278.4352,1788884461.4757,4,566.83,1024.79,1591.61,902.3,2621.9,60631.6,0.0,6431.299,236.278,306.224,2657:12;2680:487;2681:526
278.5395,1788884461.5799,4,566.83,1054.51,1621.34,765.1,2644.3,60609.2,0.0,6436.529,236.474,306.224,2657:12;2680:501;2681:541
278.6455,1788884461.6859,4,566.84,1102.32,1669.16,951.4,2689.3,60564.2,0.0,6448.053,236.737,306.224,2657:12;2680:533;2681:557
278.7516,1788884461.7921,4,566.84,1146.77,1713.61,830.2,2739.7,60513.7,0.0,6465.755,237.008,306.224,2657:12;2680:544;2681:590
278.8576,1788884461.8981,4,566.86,1200.82,1767.69,744.7,2767.3,60486.2,0.0,6474.311,237.285,306.224,2657:12;2680:567;2681:621
278.9637,1788884462.0042,4,566.86,1238.07,1804.93,1078.0,2812.4,60441.1,0.0,6494.624,237.521,306.224,2657:12;2680:588;2681:638
279.0686,1788884462.1090,4,566.86,1287.96,1854.82,843.0,2838.7,60414.7,0.0,6503.926,237.812,306.224,2657:12;2680:610;2681:666
279.1730,1788884462.2135,4,566.86,1348.42,1915.28,821.2,2877.4,60376.1,0.0,6520.921,238.037,306.224,2657:12;2680:649;2681:687
279.2825,1788884462.3230,4,566.86,1344.83,1911.69,729.2,2913.0,60340.4,0.0,6528.563,238.286,306.224,2657:12;2680:638;2681:695
279.3865,1788884462.4270,4,566.87,1378.53,1945.40,805.6,2932.3,60321.1,0.0,6539.981,238.509,306.224,2657:12;2680:652;2681:714
279.4908,1788884462.5312,4,566.87,1399.31,1966.18,778.1,2950.9,60302.6,0.0,6549.508,238.673,306.224,2657:12;2680:662;2681:725
279.5949,1788884462.6354,4,566.90,1435.14,2002.04,587.6,2987.8,60265.7,0.0,6557.775,238.930,306.224,2657:12;2680:681;2681:742
279.7007,1788884462.7412,4,566.90,1550.47,2117.38,1056.3,3102.2,60151.3,0.0,6573.311,239.090,306.224,2657:12;2680:729;2681:809
279.8086,1788884462.8490,4,566.92,1645.15,2212.07,1176.9,3284.7,59968.8,0.0,6583.280,239.261,306.224,2657:12;2680:719;2681:914
279.9148,1788884462.9553,4,566.94,1842.72,2409.66,1306.0,3500.4,59753.1,0.0,6591.416,239.395,306.224,2657:12;2680:804;2681:1026
280.0213,1788884463.0617,4,566.95,1992.41,2559.37,1106.1,3704.4,59549.0,0.0,6602.849,239.575,306.224,2657:12;2680:913;2681:1067
280.1272,1788884463.1676,4,566.96,2024.31,2591.28,1343.0,3836.8,59416.7,0.0,6617.220,239.748,306.224,2657:12;2680:935;2681:1077
280.2342,1788884463.2746,4,567.02,1702.84,2269.86,906.6,3736.9,59516.6,0.0,6627.533,239.957,306.224,2657:12;2680:765;2681:926
280.3411,1788884463.3816,4,567.04,1730.70,2297.73,1036.1,3728.2,59525.3,0.0,6641.332,240.195,306.224,2657:12;2680:756;2681:962
280.4472,1788884463.4876,4,567.04,1744.88,2311.91,1191.1,3750.6,59502.8,0.0,6657.003,240.445,306.224,2657:12;2680:767;2681:965
280.5519,1788884463.5924,4,567.04,1790.94,2357.98,946.6,3763.8,59489.6,0.0,6665.870,240.654,306.224,2657:12;2680:792;2681:987
280.6565,1788884463.6970,4,567.04,1829.20,2396.23,801.3,3794.3,59459.1,0.0,6682.690,240.897,306.224,2657:12;2680:808;2681:1009
280.7617,1788884463.8021,4,567.05,1889.64,2456.69,975.7,3827.7,59425.8,0.0,6692.424,241.108,306.224,2657:12;2680:870;2681:1007
280.8669,1788884463.9074,4,567.09,2078.76,2645.85,1216.4,4000.6,59252.9,0.0,6703.666,241.284,306.224,2657:12;2680:910;2681:1157
280.9722,1788884464.0127,4,567.10,2089.73,2656.83,1087.3,4161.8,59091.7,0.0,6712.974,241.449,306.224,2657:12;2680:927;2681:1150
281.0772,1788884464.1177,4,567.11,2174.77,2741.88,990.5,4302.0,58951.5,0.0,6723.579,241.667,306.224,2657:12;2680:972;2681:1190
281.1843,1788884464.2248,4,567.12,2059.04,2626.16,1102.4,4253.3,59000.2,0.0,6742.077,241.852,306.224,2657:12;2680:920;2681:1127
281.2884,1788884464.3288,4,567.13,2024.64,2591.77,757.7,4257.2,58996.3,0.0,6749.392,242.107,306.224,2657:12;2680:892;2681:1120
281.3965,1788884464.4369,4,567.13,2094.78,2661.91,1136.2,4273.7,58979.8,0.0,6775.309,242.344,306.224,2657:12;2680:931;2681:1151
281.5013,1788884464.5418,4,567.17,2103.29,2670.46,905.6,4281.6,58971.9,0.0,6787.884,242.567,306.224,2657:12;2680:940;2681:1151
281.6075,1788884464.6480,4,567.17,2154.79,2721.96,852.5,4303.4,58950.0,0.0,6815.333,242.868,306.224,2657:12;2680:965;2681:1178
281.7129,1788884464.7534,4,567.17,2181.81,2748.98,698.7,4318.3,58935.2,0.0,6832.863,243.112,306.224,2657:12;2680:981;2681:1189
281.8190,1788884464.8594,4,567.17,2220.22,2787.39,706.9,4331.2,58922.2,0.0,6851.962,243.316,306.224,2657:12;2680:1010;2681:1198
281.9235,1788884464.9639,4,567.17,2241.75,2808.92,664.7,4339.4,58914.1,0.0,6867.192,243.530,306.224,2657:12;2680:1017;2681:1212
282.0290,1788884465.0694,4,567.17,2298.99,2866.16,723.4,4355.1,58898.3,0.0,6890.423,243.766,306.224,2657:12;2680:1058;2681:1229
282.1355,1788884465.1759,4,567.18,2482.92,3050.10,1071.5,4516.2,58737.3,0.0,6898.513,243.921,306.224,2657:12;2680:1232;2681:1239
282.2398,1788884465.2802,4,567.19,2427.79,2994.98,975.8,4484.0,58769.5,0.0,6913.247,244.118,306.224,2657:12;2680:1124;2681:1291
282.3453,1788884465.3858,4,567.22,2364.36,2931.58,1205.4,4452.8,58800.7,0.0,6930.688,244.288,306.224,2657:12;2680:1094;2681:1259
282.4507,1788884465.4912,4,567.23,2421.71,2988.95,660.5,4465.1,58788.3,0.0,6937.514,244.510,306.224,2657:12;2680:1114;2681:1296
282.5569,1788884465.5973,4,567.23,2458.71,3025.94,959.3,4482.4,58771.1,0.0,6957.338,244.760,306.224,2657:12;2680:1150;2681:1297
282.6632,1788884465.7037,4,567.23,2489.70,3056.94,907.4,4494.5,58759.0,0.0,6964.627,244.983,306.224,2657:12;2680:1162;2681:1316
282.7677,1788884465.8081,4,567.23,2538.24,3105.47,736.9,4510.7,58742.8,0.0,6984.046,245.250,306.224,2657:12;2680:1185;2681:1341
282.8723,1788884465.9128,4,567.23,2563.96,3131.20,943.4,4522.8,58730.6,0.0,6991.308,245.482,306.224,2657:12;2680:1201;2681:1351
282.9784,1788884466.0189,4,567.24,2606.88,3174.11,1191.3,4556.3,58697.2,0.0,7011.620,245.684,306.224,2657:12;2680:1211;2681:1384
283.0842,1788884466.1246,4,567.25,2780.98,3348.23,973.8,4707.3,58546.2,0.0,7021.966,245.873,306.224,2657:12;2680:1253;2681:1516
283.1900,1788884466.2304,4,567.28,2954.28,3521.56,1302.5,4867.1,58386.3,0.0,7033.750,246.062,306.224,2657:12;2680:1498;2681:1444
283.2959,1788884466.3363,4,567.34,2941.78,3509.12,1131.8,4663.1,58590.4,0.0,7045.624,246.201,306.224,2657:12;2680:1352;2681:1577
283.4000,1788884466.4405,4,567.46,2936.41,3503.87,1035.0,4660.6,58592.9,0.0,7068.198,246.425,306.224,2657:12;2680:1325;2681:1599
283.5134,1788884466.5539,4,567.50,3568.40,4135.89,1352.0,5307.5,57946.0,0.0,7070.963,246.522,306.224,2657:12;2680:1343;2681:2213
283.6206,1788884466.6610,4,567.57,3526.88,4094.45,1198.3,5433.5,57819.9,0.0,7076.017,246.659,306.224,2657:12;2680:1415;2681:2100
283.7270,1788884466.7675,4,567.68,3555.77,4123.45,1267.9,5473.0,57780.5,0.0,7087.949,246.764,306.224,2657:12;2680:1323;2681:2220
283.8320,1788884466.8725,4,567.78,4133.64,4701.42,1224.0,5946.2,57307.2,0.0,7093.036,246.846,306.224,2657:12;2680:1339;2681:2783
283.9392,1788884466.9797,4,567.92,4055.77,4623.68,1079.6,5936.3,57317.2,0.0,7098.965,246.993,306.224,2657:12;2680:1372;2681:2671
284.0435,1788884467.0840,4,567.95,3973.84,4541.79,941.3,5926.9,57326.6,0.0,7108.017,247.135,306.224,2657:12;2680:1421;2681:2541
284.1476,1788884467.1881,4,567.98,3980.14,4548.12,829.9,5877.0,57376.5,0.0,7114.910,247.349,306.224,2657:12;2680:1507;2681:2461
284.2537,1788884467.2941,4,567.98,4026.13,4594.11,1040.6,5889.8,57363.7,0.0,7124.803,247.509,306.224,2657:12;2680:1531;2681:2483
284.3587,1788884467.3991,4,567.98,4078.54,4646.52,617.1,5920.6,57332.8,0.0,7132.495,247.799,306.224,2657:12;2680:1557;2681:2509
284.4640,1788884467.5044,4,567.98,4134.92,4702.90,1118.8,5943.8,57309.7,0.0,7148.785,248.022,306.224,2657:12;2680:1587;2681:2536
284.5685,1788884467.6090,4,567.98,4143.02,4711.00,928.4,5977.6,57275.8,0.0,7153.360,248.236,306.224,2657:12;2680:1585;2681:2545
284.6731,1788884467.7135,4,567.98,4204.63,4772.61,861.3,6006.6,57246.9,0.0,7174.486,248.525,306.224,2657:12;2680:1618;2681:2575
284.7798,1788884467.8203,4,567.98,4227.30,4795.28,1019.6,6035.9,57217.6,0.0,7187.909,248.725,306.224,2657:12;2680:1634;2681:2581
284.8846,1788884467.9250,4,567.98,4270.66,4838.64,836.9,6052.3,57201.2,0.0,7198.835,248.973,306.224,2657:12;2680:1653;2681:2606
284.9911,1788884468.0315,4,567.99,4374.44,4942.43,1085.4,6126.0,57127.5,0.0,7214.824,249.231,306.224,2657:12;2680:1726;2681:2636
285.0980,1788884468.1384,4,568.00,4455.25,5023.25,1053.9,6300.1,56953.4,0.0,7223.562,249.396,306.224,2657:12;2680:1797;2681:2646
285.2021,1788884468.2426,4,568.01,4439.29,5007.30,1169.7,6348.4,56905.1,0.0,7235.104,249.607,306.224,2657:12;2680:1735;2681:2692
285.3087,1788884468.3491,4,568.02,4477.26,5045.28,1270.2,6382.3,56871.2,0.0,7249.804,249.762,306.224,2657:12;2680:1757;2681:2708
285.4138,1788884468.4542,4,568.03,4491.47,5059.50,772.4,6398.3,56855.2,0.0,7264.195,249.984,306.224,2657:12;2680:1794;2681:2685
285.5200,1788884468.5604,4,568.05,4556.47,5124.52,1128.5,6505.3,56748.2,0.0,7284.296,250.217,306.224,2657:12;2680:1856;2681:2688
285.6264,1788884468.6668,4,568.06,4555.21,5123.27,1111.8,6497.7,56755.7,0.0,7300.862,250.440,306.224,2657:12;2680:1828;2681:2715
285.7314,1788884468.7719,4,568.12,4519.93,5088.05,1081.7,6317.9,56935.6,0.0,7318.055,250.676,306.224,2657:12;2680:1770;2681:2737
285.8360,1788884468.8765,4,568.14,4678.76,5246.91,1215.8,6420.2,56833.3,0.0,7338.277,250.921,306.224,2657:12;2680:1896;2681:2771
285.9422,1788884468.9826,4,568.17,5043.01,5611.18,1071.4,6797.3,56456.1,0.0,7355.190,251.104,306.224,2657:12;2680:2178;2681:2852
286.0486,1788884469.0890,4,568.20,5032.36,5600.56,1292.4,6989.5,56264.0,0.0,7367.024,251.290,306.224,2657:12;2680:2080;2681:2940
286.1536,1788884469.1940,4,568.25,5391.47,5959.72,1094.6,7298.6,55954.9,0.0,7381.677,251.505,306.224,2657:12;2680:2434;2681:2945
286.2608,1788884469.3013,4,568.32,5417.16,5985.48,1138.2,7359.9,55893.6,0.0,7397.094,251.677,306.224,2657:12;2680:2442;2681:2963
286.3670,1788884469.4074,4,568.41,5645.91,6214.32,1039.3,7611.0,55642.5,0.0,7410.782,251.867,306.224,2657:12;2680:2662;2681:2971
286.4739,1788884469.5144,4,568.46,6035.45,6603.91,1245.2,7984.2,55269.2,0.0,7419.288,251.979,306.224,2657:12;2680:3053;2681:2970
286.5815,1788884469.6220,4,568.55,5902.32,6470.87,1119.4,7790.3,55463.2,0.0,7434.261,252.164,306.224,2657:12;2680:2798;2681:3092
286.6888,1788884469.7292,4,568.86,6084.06,6652.92,1282.8,7949.7,55303.7,0.0,7441.126,252.256,306.224,2657:12;2680:2894;2681:3178
286.7972,1788884469.8376,4,569.03,6234.86,6803.89,1338.5,8361.2,54892.3,0.0,7442.502,252.315,306.224,2657:12;2680:3114;2681:3109
286.9075,1788884469.9480,4,569.29,6454.37,7023.66,1262.4,8538.5,54715.0,0.0,7445.411,252.368,306.224,2657:12;2680:2902;2681:3540
287.0203,1788884470.0607,4,569.65,5993.70,6563.35,1023.1,8192.8,55060.6,0.0,7447.905,252.417,306.224,2657:12;2680:2843;2681:3138
287.1255,1788884470.1659,4,570.36,6048.09,6618.45,1048.1,8254.2,54999.3,0.0,7448.002,252.435,306.224,2657:12;2680:2984;2681:3051
287.2303,1788884470.2708,4,570.76,6457.20,7027.96,965.5,8632.3,54621.2,0.0,7448.435,252.467,306.224,2657:12;2680:3102;2681:3343
287.3362,1788884470.3766,4,571.35,6584.91,7156.26,787.0,8950.4,54303.1,0.0,7448.540,252.485,306.224,2657:12;2680:3227;2681:3346
287.4418,1788884470.4822,4,572.02,6732.69,7304.71,861.2,9237.5,54016.0,0.0,7448.546,252.492,306.224,2657:12;2680:3317;2681:3403
287.5459,1788884470.5864,4,572.79,6774.21,7347.00,642.5,9418.8,53834.7,0.0,7448.546,252.492,306.224,2657:12;2680:3213;2681:3549
287.6502,1788884470.6907,4,573.11,6854.01,7427.12,322.8,9481.1,53772.3,0.0,7449.055,252.561,306.224,2657:12;2680:3180;2681:3662
287.7556,1788884470.7960,4,573.11,6882.77,7455.88,351.3,9496.1,53757.3,0.0,7449.655,252.627,306.224,2657:12;2680:3189;2681:3681
287.8608,1788884470.9013,4,573.11,6929.11,7502.22,623.8,9526.3,53727.2,0.0,7451.259,252.892,306.224,2657:12;2680:3216;2681:3701
287.9661,1788884471.0065,4,573.11,6993.18,7566.29,1180.6,9575.0,53678.5,0.0,7470.657,253.054,306.224,2657:12;2680:3253;2681:3728
288.0720,1788884471.1124,4,573.11,6986.37,7559.48,603.5,9579.2,53674.2,0.0,7471.721,253.259,306.224,2657:12;2680:3250;2681:3724
288.1762,1788884471.2166,4,573.11,7041.28,7614.39,566.0,9586.2,53667.3,0.0,7475.418,253.503,306.224,2657:12;2680:3277;2681:3752
288.2805,1788884471.3209,4,573.11,7071.87,7644.98,1263.7,9622.4,53631.1,0.0,7491.490,253.694,306.224,2657:12;2680:3291;2681:3768
288.3848,1788884471.4253,4,573.12,7118.14,7691.26,720.9,9633.2,53620.3,0.0,7500.277,253.949,306.224,2657:12;2680:3318;2681:3787
288.4889,1788884471.5293,4,573.12,7167.62,7740.74,700.4,9651.9,53601.6,0.0,7510.936,254.236,306.224,2657:12;2680:3346;2681:3809
288.5948,1788884471.6353,4,573.12,7210.45,7783.57,1062.6,9667.5,53586.0,0.0,7522.060,254.443,306.224,2657:12;2680:3361;2681:3838
288.7013,1788884471.7418,4,573.12,7228.01,7801.13,723.6,9675.4,53578.0,0.0,7525.817,254.678,306.224,2657:12;2680:3372;2681:3844
288.8075,1788884471.8480,4,573.12,7288.35,7861.47,738.0,9689.6,53563.9,0.0,7545.447,254.951,306.224,2657:12;2680:3408;2681:3869
288.9146,1788884471.9551,4,573.19,7277.12,7850.31,1140.0,9713.1,53540.3,0.0,7547.870,255.069,306.224,2657:12;2680:3394;2681:3871
289.0188,1788884472.0593,4,573.23,7339.75,7912.98,475.4,9709.0,53544.5,0.0,7551.144,255.277,306.224,2657:12;2680:3429;2681:3898
289.1239,1788884472.1644,4,573.23,7360.29,7933.53,691.9,9712.7,53540.7,0.0,7558.726,255.519,306.224,2657:12;2680:3435;2681:3913
289.2279,1788884472.2684,4,573.24,7415.14,7988.38,932.6,9741.0,53512.5,0.0,7581.961,255.757,306.224,2657:12;2680:3463;2681:3940
289.3319,1788884472.3724,4,573.24,7442.16,8015.40,711.9,9765.5,53488.0,0.0,7592.198,255.989,306.224,2657:12;2680:3477;2681:3953
289.4359,1788884472.4763,4,573.24,7503.07,8076.31,500.9,9773.3,53480.2,0.0,7615.989,256.234,306.224,2657:12;2680:3503;2681:3987
289.5419,1788884472.5824,4,573.24,7495.21,8068.45,1247.3,9809.9,53443.5,0.0,7627.055,256.375,306.224,2657:12;2680:3507;2681:3976
289.6476,1788884472.6880,4,573.24,7556.63,8129.87,604.0,9822.3,53431.2,0.0,7643.078,256.660,306.224,2657:12;2680:3533;2681:4012
289.7537,1788884472.7941,4,573.24,7553.38,8126.62,909.7,9839.7,53413.8,0.0,7663.121,256.830,306.224,2657:12;2680:3537;2681:4004
289.8579,1788884472.8983,4,573.24,7599.46,8172.70,422.8,9849.6,53403.8,0.0,7678.875,257.101,306.224,2657:12;2680:3558;2681:4029
289.9660,1788884473.0065,4,573.25,8079.41,8652.66,1301.1,10174.2,53079.3,0.0,7698.207,257.295,306.224,2657:12;2680:3618;2681:4449
290.0762,1788884473.1167,4,573.27,7774.82,8348.09,1191.9,10442.2,52811.2,0.0,7705.494,257.431,306.224,2657:12;2680:3577;2681:4185
290.1825,1788884473.2230,4,573.27,7821.51,8394.78,837.9,10440.4,52813.0,0.0,7719.740,257.694,306.224,2657:12;2680:3587;2681:4222
290.2888,1788884473.3292,4,573.35,7814.94,8388.29,1156.9,10449.1,52804.4,0.0,7736.949,257.860,306.224,2657:12;2680:3617;2681:4185
290.3986,1788884473.4390,4,573.49,7983.38,8556.88,1090.5,10562.8,52690.6,0.0,7747.860,258.039,306.224,2657:12;2680:3744;2681:4227
290.5049,1788884473.5454,4,573.67,7965.49,8539.16,828.8,10593.7,52659.8,0.0,7752.723,258.253,306.224,2657:12;2680:3680;2681:4273
290.6112,1788884473.6516,4,573.78,7986.43,8560.21,1247.8,10706.1,52547.4,0.0,7773.225,258.433,306.224,2657:12;2680:3732;2681:4242
290.7177,1788884473.7582,4,573.98,7951.37,8525.34,978.8,10711.1,52542.4,0.0,7784.323,258.605,306.224,2657:12;2680:3750;2681:4189
290.8227,1788884473.8632,4,574.08,7870.05,8444.12,764.1,10721.4,52532.1,0.0,7789.687,258.812,306.224,2657:12;2680:3734;2681:4124
290.9274,1788884473.9679,4,574.12,7842.91,8417.03,931.2,10725.5,52527.9,0.0,7798.906,259.048,306.224,2657:12;2680:3682;2681:4148
291.0316,1788884474.0721,4,574.12,7889.27,8463.39,735.6,10720.4,52533.1,0.0,7806.573,259.298,306.224,2657:12;2680:3705;2681:4172
291.1377,1788884474.1782,4,574.12,7902.32,8476.43,1110.7,10730.9,52522.5,0.0,7822.189,259.488,306.224,2657:12;2680:3716;2681:4174
291.2439,1788884474.2843,4,574.12,7953.38,8527.50,631.8,10735.3,52518.2,0.0,7823.708,259.777,306.224,2657:12;2680:3739;2681:4202
291.3483,1788884474.3888,4,574.12,7997.80,8571.93,1094.4,10750.6,52502.9,0.0,7844.923,259.994,306.224,2657:12;2680:3758;2681:4227
291.4545,1788884474.4950,4,574.12,8038.36,8612.48,678.9,10766.6,52486.9,0.0,7854.833,260.251,306.224,2657:12;2680:3780;2681:4246
291.5606,1788884474.6010,4,574.13,8368.59,8942.73,1097.7,10928.6,52324.9,0.0,7865.627,260.455,306.224,2657:12;2680:3821;2681:4536
291.6681,1788884474.7086,4,574.14,8237.16,8811.30,1254.5,10882.5,52370.9,0.0,7869.140,260.592,306.224,2657:12;2680:3794;2681:4431
291.7723,1788884474.8127,4,574.15,8270.20,8844.35,714.5,10931.3,52322.2,0.0,7873.915,260.884,306.224,2657:12;2680:3813;2681:4445
291.8789,1788884474.9193,4,574.15,8226.66,8800.81,1248.4,10894.9,52358.5,0.0,7883.552,261.089,306.224,2657:12;2680:3818;2681:4397
291.9836,1788884475.0240,4,574.15,8203.32,8777.47,742.6,10857.1,52396.4,0.0,7889.739,261.356,306.224,2657:12;2680:3824;2681:4367
292.0900,1788884475.1305,4,574.16,8344.50,8918.66,976.9,10919.3,52334.1,0.0,7907.245,261.607,306.224,2657:12;2680:3928;2681:4404
292.2028,1788884475.2432,4,574.19,8558.54,9132.73,1158.1,11024.1,52229.4,0.0,7917.964,261.791,306.224,2657:12;2680:4099;2681:4447
292.3090,1788884475.3494,4,574.22,8461.10,9035.32,1232.2,11237.0,52016.5,0.0,7926.561,261.951,306.224,2657:12;2680:3929;2681:4520
292.4135,1788884475.4539,4,574.24,8369.72,8943.96,757.4,11184.2,52069.3,0.0,7934.991,262.179,306.224,2657:12;2680:3934;2681:4424
292.5193,1788884475.5598,4,574.25,8461.40,9035.65,1366.1,11275.1,51978.4,0.0,7944.947,262.386,306.224,2657:12;2680:3939;2681:4510
292.6252,1788884475.6657,4,574.25,8571.89,9146.14,754.8,11400.8,51852.7,0.0,7951.499,262.581,306.224,2657:12;2680:3942;2681:4618
292.7299,1788884475.7704,4,574.29,8573.27,9147.57,774.6,11359.4,51894.0,0.0,7971.552,262.827,306.224,2657:12;2680:3978;2681:4583
292.8360,1788884475.8764,4,574.30,8511.93,9086.23,910.8,11328.7,51924.8,0.0,7979.928,263.058,306.224,2657:12;2680:3950;2681:4550
292.9400,1788884475.9805,4,574.30,8565.81,9140.11,851.7,11332.7,51920.8,0.0,7996.363,263.289,306.224,2657:12;2680:3978;2681:4576
293.0458,1788884476.0863,4,574.30,8612.30,9186.60,809.8,11325.7,51927.8,0.0,8010.165,263.563,306.224,2657:12;2680:3999;2681:4601
293.1522,1788884476.1926,4,574.30,8631.87,9206.16,919.1,11326.7,51926.8,0.0,8023.982,263.804,306.224,2657:12;2680:3995;2681:4624
293.2566,1788884476.2971,4,574.30,8673.90,9248.20,620.6,11338.8,51914.7,0.0,8029.793,264.030,306.224,2657:12;2680:4013;2681:4648
293.3640,1788884476.4045,4,574.30,8935.55,9509.86,1137.8,11439.7,51813.8,0.0,8047.973,264.263,306.224,2657:12;2680:4222;2681:4701
293.4703,1788884476.5108,4,574.32,8848.11,9422.43,996.4,11426.4,51827.0,0.0,8053.609,264.445,306.224,2657:12;2680:4137;2681:4699
293.5745,1788884476.6150,4,574.33,8793.79,9368.12,1107.4,11421.5,51832.0,0.0,8074.646,264.711,306.224,2657:12;2680:4102;2681:4679
293.6801,1788884476.7206,4,574.33,8826.76,9401.09,930.8,11442.2,51811.2,0.0,8086.116,264.926,306.224,2657:12;2680:4112;2681:4703
293.7855,1788884476.8260,4,574.34,8865.30,9439.63,890.8,11446.4,51807.1,0.0,8104.569,265.215,306.224,2657:12;2680:4140;2681:4713
293.8899,1788884476.9303,4,574.34,8887.88,9462.21,921.1,11462.6,51790.9,0.0,8116.421,265.463,306.224,2657:12;2680:4140;2681:4735
293.9952,1788884477.0356,4,574.34,8969.32,9543.66,941.7,11507.1,51746.4,0.0,8133.554,265.707,306.224,2657:12;2680:4210;2681:4747
294.1003,1788884477.1407,4,574.34,8962.40,9536.74,756.8,11519.4,51734.1,0.0,8141.943,265.892,306.224,2657:12;2680:4181;2681:4769
294.2046,1788884477.2451,4,574.34,9020.83,9595.17,628.0,11527.6,51725.9,0.0,8153.674,266.213,306.224,2657:12;2680:4227;2681:4782
294.3099,1788884477.3504,4,574.34,9033.53,9607.87,1072.7,11539.3,51714.2,0.0,8165.016,266.387,306.224,2657:12;2680:4228;2681:4794
294.4150,1788884477.4555,4,574.35,9207.52,9781.87,806.2,11603.6,51649.9,0.0,8182.994,266.670,306.224,2657:12;2680:4273;2681:4922
294.5250,1788884477.5655,4,574.36,9122.68,9697.04,1138.1,11571.0,51682.5,0.0,8193.297,266.881,306.224,2657:12;2680:4276;2681:4834
294.6309,1788884477.6713,4,574.36,9253.76,9828.12,806.9,11679.4,51574.0,0.0,8201.625,267.134,306.224,2657:12;2680:4295;2681:4947
294.7352,1788884477.7756,4,574.38,9315.91,9890.29,1262.2,11751.7,51501.8,0.0,8221.847,267.331,306.224,2657:12;2680:4338;2681:4966
294.8414,1788884477.8819,4,574.43,9508.66,10083.09,1129.8,11804.6,51448.9,0.0,8228.261,267.493,306.224,2657:12;2680:4497;2681:5000
294.9466,1788884477.9871,4,574.45,9661.01,10235.46,1292.9,12007.6,51245.9,0.0,8234.057,267.566,306.224,2657:12;2680:4615;2681:5034
295.0509,1788884478.0914,4,574.53,9499.82,10074.36,988.6,11776.6,51476.9,0.0,8239.632,267.732,306.224,2657:12;2680:4439;2681:5048
295.1593,1788884478.1997,4,574.72,9562.51,10137.23,1050.8,11614.0,51639.5,0.0,8248.928,267.897,306.224,2657:12;2680:4568;2681:4982
295.2650,1788884478.3055,4,575.04,9608.54,10183.59,985.2,11577.6,51675.9,0.0,8257.709,268.051,306.224,2657:12;2680:4601;2681:4995
295.3705,1788884478.4109,4,575.17,9799.59,10374.76,992.5,11684.2,51569.3,0.0,8264.598,268.234,306.224,2657:12;2680:4721;2681:5066
295.4774,1788884478.5179,4,575.25,10107.14,10682.39,1220.3,12068.6,51184.9,0.0,8269.479,268.372,306.224,2657:12;2680:5031;2681:5064
295.5832,1788884478.6236,4,575.29,10142.59,10717.87,997.3,12202.0,51051.5,0.0,8273.278,268.528,306.224,2657:12;2680:5036;2681:5094
295.6900,1788884478.7305,4,575.31,10275.25,10850.56,1197.0,12401.7,50851.7,0.0,8285.009,268.678,306.224,2657:12;2680:5168;2681:5095
295.7970,1788884478.8375,4,575.34,10671.20,11246.54,1185.4,12792.1,50461.3,0.0,8287.858,268.804,306.224,2657:12;2680:5503;2681:5156
295.9041,1788884478.9445,4,575.43,10622.00,11197.43,1308.3,13006.7,50246.7,0.0,8299.027,268.941,306.224,2657:12;2680:5405;2681:5204
296.0174,1788884479.0579,4,575.54,10116.72,10692.26,1034.5,12734.0,50519.5,0.0,8309.437,269.124,306.224,2657:12;2680:5138;2681:4967
296.1245,1788884479.1650,4,575.82,10001.74,10577.57,1023.1,12451.4,50802.1,0.0,8314.264,269.247,306.224,2657:12;2680:4965;2681:5024
296.2292,1788884479.2696,4,576.12,10131.38,10707.50,915.5,12574.1,50679.3,0.0,8321.968,269.426,306.224,2657:12;2680:5000;2681:5119
296.3351,1788884479.3756,4,576.20,10116.82,10693.02,603.1,12572.3,50681.2,0.0,8328.025,269.543,306.224,2657:12;2680:5023;2681:5082
296.4393,1788884479.4798,4,576.21,10062.81,10639.02,662.9,12547.2,50706.3,0.0,8333.702,269.724,306.224,2657:12;2680:5041;2681:5009
296.5448,1788884479.5853,4,576.21,10125.14,10701.34,566.2,12563.1,50690.4,0.0,8347.469,269.987,306.224,2657:12;2680:5069;2681:5044
296.6490,1788884479.6895,4,576.21,10137.93,10714.14,1202.4,12593.7,50659.8,0.0,8361.574,270.178,306.224,2657:12;2680:5082;2681:5044
296.7530,1788884479.7934,4,576.21,10184.69,10760.89,651.5,12606.9,50646.6,0.0,8374.036,270.404,306.224,2657:12;2680:5105;2681:5068
296.8591,1788884479.8996,4,576.21,10243.80,10820.01,866.1,12635.3,50618.2,0.0,8391.175,270.678,306.224,2657:12;2680:5138;2681:5093
296.9655,1788884480.0059,4,576.21,10242.62,10818.83,1186.6,12656.3,50597.2,0.0,8399.942,270.873,306.224,2657:12;2680:5138;2681:5092
297.0697,1788884480.1101,4,576.21,10302.39,10878.60,622.5,12650.6,50602.9,0.0,8416.046,271.154,306.224,2657:12;2680:5164;2681:5127
297.1758,1788884480.2163,4,576.21,10319.36,10895.57,1089.9,12682.1,50571.4,0.0,8431.208,271.356,306.224,2657:12;2680:5170;2681:5137
297.2812,1788884480.3217,4,576.21,10369.04,10945.25,659.6,12686.5,50567.0,0.0,8445.573,271.641,306.224,2657:12;2680:5198;2681:5159
297.3875,1788884480.4280,4,576.21,10389.31,10965.52,1279.2,12703.5,50550.0,0.0,8461.641,271.851,306.224,2657:12;2680:5213;2681:5164
297.4938,1788884480.5343,4,576.22,10457.34,11033.55,755.3,12743.8,50509.7,0.0,8477.186,272.114,306.224,2657:12;2680:5257;2681:5188
297.6020,1788884480.6425,4,576.24,10784.18,11360.42,1120.6,13140.8,50112.6,0.0,8497.617,272.238,306.224,2657:12;2680:5355;2681:5417
297.7169,1788884480.7574,4,576.28,10724.16,11300.44,1253.3,13058.4,50195.1,0.0,8506.085,272.387,306.224,2657:12;2680:5274;2681:5438
297.8226,1788884480.8630,4,576.36,10855.80,11432.16,1128.8,13169.5,50083.9,0.0,8517.755,272.581,306.224,2657:12;2680:5338;2681:5505
297.9290,1788884480.9694,4,576.38,10958.19,11534.57,1152.3,13300.0,49953.4,0.0,8537.772,272.760,306.224,2657:12;2680:5351;2681:5595
298.0366,1788884481.0770,4,576.39,10942.13,11518.52,1080.5,13240.4,50013.1,0.0,8550.042,272.978,306.224,2657:12;2680:5340;2681:5590
298.1429,1788884481.1833,4,576.40,10858.40,11434.80,1128.6,13125.9,50127.6,0.0,8570.593,273.196,306.224,2657:12;2680:5326;2681:5520
298.2494,1788884481.2898,4,576.42,11061.93,11638.35,1090.8,13297.9,49955.6,0.0,8576.103,273.343,306.224,2657:12;2680:5408;2681:5642
298.3548,1788884481.3953,4,576.43,11252.51,11828.95,1148.3,13379.3,49874.2,0.0,8603.361,273.608,306.224,2657:12;2680:5485;2681:5755
298.4654,1788884481.5058,4,576.44,11193.06,11769.50,1098.1,13418.2,49835.3,0.0,8613.086,273.814,306.224,2657:12;2680:5502;2681:5679
298.5708,1788884481.6112,4,576.50,11419.79,11996.29,1367.7,13783.1,49470.4,0.0,8635.286,273.935,306.224,2657:12;2680:5507;2681:5900
298.6770,1788884481.7174,4,576.50,11559.00,12135.50,1214.2,13884.3,49369.2,0.0,8643.283,274.100,306.224,2657:12;2680:5584;2681:5963
298.7831,1788884481.8235,4,576.53,11539.72,12116.25,1287.1,14004.9,49248.6,0.0,8663.092,274.271,306.224,2657:12;2680:5611;2681:5916
298.8897,1788884481.9302,4,576.56,11679.10,12255.66,1385.0,14240.3,49013.2,0.0,8675.204,274.372,306.224,2657:12;2680:5615;2681:6052
298.9966,1788884482.0370,4,576.57,11745.71,12322.28,685.8,14114.4,49139.0,0.0,8682.467,274.511,306.224,2657:12;2680:5668;2681:6066
299.1015,1788884482.1420,4,576.70,11851.23,12427.93,1060.8,14165.1,49088.3,0.0,8694.814,274.618,306.224,2657:12;2680:5695;2681:6144
299.2072,1788884482.2476,4,576.71,12111.38,12688.09,824.9,14288.1,48965.4,0.0,8695.335,274.744,306.224,2657:12;2680:5719;2681:6380
299.3138,1788884482.3543,4,576.74,12109.91,12686.64,1220.4,14515.0,48738.4,0.0,8715.706,274.815,306.224,2657:12;2680:5819;2681:6278
299.4204,1788884482.4609,4,576.74,12350.95,12927.70,923.8,14822.1,48431.3,0.0,8715.708,274.820,306.224,2657:12;2680:5763;2681:6576
299.5262,1788884482.5666,4,576.75,12538.43,13115.18,576.0,15152.7,48100.8,0.0,8717.361,274.858,306.224,2657:12;2680:5758;2681:6768
299.6331,1788884482.6735,4,576.83,12967.12,13543.95,1046.1,15496.0,47757.5,0.0,8718.572,274.898,306.224,2657:12;2680:5734;2681:7221
299.7482,1788884482.7886,4,576.87,12924.37,13501.23,1375.7,15592.7,47660.8,0.0,8722.270,274.962,306.224,2657:12;2680:5727;2681:7185
299.8551,1788884482.8955,4,576.96,12567.86,13144.81,1276.4,15543.2,47710.3,0.0,8728.928,275.060,306.224,2657:12;2680:5772;2681:6783
299.9688,1788884483.0093,4,577.26,12195.41,12772.67,1169.0,15191.8,48061.7,0.0,8735.672,275.143,306.224,2657:12;2680:5821;2681:6362
300.0737,1788884483.1141,4,577.47,12414.43,12991.89,1145.4,15190.6,48062.9,0.0,8746.322,275.272,306.224,2657:12;2680:5925;2681:6477
300.1786,1788884483.2190,4,577.64,12347.01,12924.65,899.0,15130.1,48123.4,0.0,8753.239,275.384,306.224,2657:12;2680:5723;2681:6612
300.2842,1788884483.3247,4,577.74,12413.99,12991.73,1182.8,15256.0,47997.5,0.0,8762.543,275.504,306.224,2657:12;2680:5731;2681:6671
300.3900,1788884483.4304,4,577.78,12561.91,13139.69,833.5,15274.4,47979.1,0.0,8767.547,275.632,306.224,2657:12;2680:5672;2681:6877
300.4941,1788884483.5346,4,578.06,12988.96,13567.02,1177.1,15463.4,47790.0,0.0,8774.512,275.741,306.224,2657:12;2680:5989;2681:6988
300.6007,1788884483.6412,4,578.15,13004.80,13582.95,1282.9,15695.1,47558.3,0.0,8785.871,275.823,306.224,2657:12;2680:6072;2681:6920
300.7064,1788884483.7468,4,578.33,12277.96,12856.29,986.7,15389.0,47864.5,0.0,8790.813,275.959,306.224,2657:12;2680:5696;2681:6569
300.8107,1788884483.8511,4,578.36,11893.44,12471.80,710.9,15136.1,48117.3,0.0,8796.297,276.076,306.224,2657:12;2680:5390;2681:6492
300.9162,1788884483.9567,4,578.37,11801.48,12379.85,784.8,15062.4,48191.1,0.0,8807.078,276.211,306.224,2657:12;2680:5317;2681:6473
301.0208,1788884484.0613,4,578.37,11862.24,12440.61,969.6,15092.3,48161.2,0.0,8821.952,276.448,306.224,2657:12;2680:5402;2681:6448
301.1249,1788884484.1654,4,578.38,11992.15,12570.53,880.4,15079.5,48174.0,0.0,8832.723,276.622,306.224,2657:12;2680:5521;2681:6459
301.2305,1788884484.2710,4,578.39,11995.15,12573.54,1120.9,15014.9,48238.6,0.0,8850.761,276.837,306.224,2657:12;2680:5492;2681:6491
301.3360,1788884484.3765,4,578.39,11979.94,12558.34,1025.5,15057.6,48195.9,0.0,8860.754,277.010,306.224,2657:12;2680:5522;2681:6446
301.4401,1788884484.4806,4,578.39,11929.29,12507.69,793.9,15069.1,48184.3,0.0,8874.825,277.252,306.224,2657:12;2680:5452;2681:6465
301.5461,1788884484.5866,4,578.39,11951.07,12529.47,885.6,15081.2,48172.3,0.0,8887.698,277.487,306.224,2657:12;2680:5463;2681:6476
301.6523,1788884484.6927,4,578.39,11989.23,12567.62,834.1,15093.2,48160.3,0.0,8901.018,277.718,306.224,2657:12;2680:5489;2681:6488
301.7564,1788884484.7968,4,578.39,12015.22,12593.61,945.3,15116.4,48137.1,0.0,8917.835,277.985,306.224,2657:12;2680:5504;2681:6499
301.8621,1788884484.9026,4,578.39,12046.83,12625.23,807.5,15124.4,48129.0,0.0,8928.632,278.170,306.224,2657:12;2680:5522;2681:6513
301.9662,1788884485.0066,4,578.40,12116.26,12694.66,783.0,15136.2,48117.2,0.0,8949.540,278.468,306.224,2657:12;2680:5552;2681:6552
302.0724,1788884485.1129,4,578.40,12118.45,12696.85,756.5,15121.6,48131.9,0.0,8959.933,278.625,306.224,2657:12;2680:5556;2681:6550
302.1766,1788884485.2171,4,578.40,12250.09,12828.49,922.7,15126.1,48127.4,0.0,8982.301,278.868,306.224,2657:12;2680:5653;2681:6584
302.2830,1788884485.3235,4,578.52,12209.21,12787.73,962.7,15052.3,48201.2,0.0,8987.156,279.086,306.224,2657:12;2680:5625;2681:6572
302.3879,1788884485.4283,4,578.57,12288.99,12867.55,979.7,14998.7,48254.8,0.0,9006.497,279.274,306.224,2657:12;2680:5670;2681:6607
302.4941,1788884485.5345,4,578.60,12457.72,13036.32,1164.8,14988.2,48265.2,0.0,9020.746,279.451,306.224,2657:12;2680:5830;2681:6616
302.6020,1788884485.6425,4,578.62,12803.84,13382.47,1309.5,15275.9,47977.5,0.0,9024.189,279.585,306.224,2657:12;2680:6164;2681:6628
302.7083,1788884485.7488,4,578.68,12463.86,13042.54,953.9,15025.0,48228.5,0.0,9031.245,279.764,306.224,2657:12;2680:5967;2681:6485
302.8129,1788884485.8534,4,578.76,12198.66,12777.42,1074.5,14802.8,48450.6,0.0,9050.055,279.936,306.224,2657:12;2680:5772;2681:6414
302.9172,1788884485.9577,4,578.86,12374.03,12952.89,1041.1,14952.4,48301.1,0.0,9058.604,280.047,306.224,2657:12;2680:5926;2681:6436
303.0220,1788884486.0625,4,579.06,12329.75,12908.81,995.7,14997.1,48256.4,0.0,9062.684,280.151,306.224,2657:12;2680:5879;2681:6439
303.1283,1788884486.1688,4,579.27,12394.90,12974.17,844.1,15014.4,48239.1,0.0,9062.817,280.230,306.224,2657:12;2680:5965;2681:6418
303.2326,1788884486.2731,4,579.39,12633.87,13213.26,808.1,15119.4,48134.1,0.0,9063.922,280.362,306.224,2657:12;2680:6166;2681:6456
303.3393,1788884486.3797,4,579.33,12525.66,13104.99,632.6,15125.3,48128.2,0.0,9067.228,280.505,306.224,2657:12;2680:6060;2681:6453
303.4446,1788884486.4850,4,579.34,12489.43,13068.77,969.2,15091.9,48161.6,0.0,9088.210,280.720,306.224,2657:12;2680:6027;2681:6450
303.5519,1788884486.5923,4,579.34,12468.38,13047.71,827.2,15116.0,48137.5,0.0,9095.865,280.931,306.224,2657:12;2680:6018;2681:6438
303.6583,1788884486.6988,4,579.34,12523.53,13102.87,841.6,15120.5,48132.9,0.0,9109.127,281.186,306.224,2657:12;2680:6040;2681:6471
303.7628,1788884486.8033,4,579.34,12536.50,13115.84,1088.3,15157.6,48095.8,0.0,9123.351,281.378,306.224,2657:12;2680:6039;2681:6486
303.8673,1788884486.9078,4,579.34,12591.26,13170.60,830.1,15180.2,48073.2,0.0,9146.662,281.667,306.224,2657:12;2680:6071;2681:6508
303.9736,1788884487.0141,4,579.35,12683.61,13262.95,1232.1,15264.0,47989.4,0.0,9155.289,281.850,306.224,2657:12;2680:6077;2681:6594
304.0815,1788884487.1220,4,579.36,12831.18,13410.53,816.8,15398.9,47854.6,0.0,9162.877,282.058,306.224,2657:12;2680:6092;2681:6727
304.1866,1788884487.2271,4,579.37,12697.28,13276.65,868.2,15269.4,47984.1,0.0,9182.342,282.288,306.224,2657:12;2680:6118;2681:6567
304.2916,1788884487.3321,4,579.38,12710.55,13289.93,1094.1,15290.7,47962.7,0.0,9195.177,282.460,306.224,2657:12;2680:6108;2681:6590
304.3975,1788884487.4379,4,579.38,12761.36,13340.74,565.4,15293.1,47960.4,0.0,9207.684,282.743,306.224,2657:12;2680:6130;2681:6619
304.5018,1788884487.5423,4,579.38,12807.76,13387.14,1283.6,15311.0,47942.5,0.0,9237.209,282.983,306.224,2657:12;2680:6157;2681:6639
304.6079,1788884487.6484,4,579.38,12937.52,13516.90,820.5,15430.9,47822.6,0.0,9252.354,283.227,306.224,2657:12;2680:6161;2681:6765
304.7140,1788884487.7545,4,579.39,12889.45,13468.84,865.8,15463.9,47789.6,0.0,9281.166,283.497,306.224,2657:12;2680:6198;2681:6679
304.8202,1788884487.8607,4,579.39,12893.87,13473.25,1082.2,15492.9,47760.6,0.0,9297.467,283.730,306.224,2657:12;2680:6185;2681:6697
304.9244,1788884487.9649,4,579.39,12978.04,13557.42,897.9,15524.4,47729.0,0.0,9322.627,284.013,306.224,2657:12;2680:6234;2681:6732
305.0350,1788884488.0755,4,579.39,12980.22,13559.61,863.1,15552.6,47700.9,0.0,9331.791,284.233,306.224,2657:12;2680:6229;2681:6739
305.1401,1788884488.1806,4,579.39,13028.34,13607.72,630.1,15581.3,47672.2,0.0,9346.633,284.468,306.224,2657:12;2680:6246;2681:6770
305.2460,1788884488.2865,4,579.39,13067.93,13647.32,979.1,15595.6,47657.9,0.0,9369.243,284.705,306.224,2657:12;2680:6267;2681:6788
305.3523,1788884488.3928,4,579.41,13068.18,13647.59,833.8,15593.2,47660.2,0.0,9386.675,284.925,306.224,2657:12;2680:6267;2681:6788
305.4565,1788884488.4969,4,579.41,13118.76,13698.17,1006.7,15595.0,47658.4,0.0,9411.058,285.189,306.224,2657:12;2680:6291;2681:6815
305.5608,1788884488.6012,4,579.44,13242.30,13821.74,1208.5,15718.6,47534.9,0.0,9427.991,285.404,306.224,2657:12;2680:6304;2681:6926
305.6669,1788884488.7074,4,579.45,13313.48,13892.93,740.4,15661.8,47591.7,0.0,9437.870,285.628,306.224,2657:12;2680:6417;2681:6884
305.7723,1788884488.8127,4,579.52,13427.04,14006.56,1317.9,15916.1,47337.4,0.0,9449.484,285.745,306.224,2657:12;2680:6390;2681:7025
305.8782,1788884488.9187,4,579.58,13631.25,14210.84,1281.0,16108.9,47144.5,0.0,9459.747,285.878,306.224,2657:12;2680:6576;2681:7043
305.9943,1788884489.0348,4,579.73,13581.81,14161.54,1194.8,16211.3,47042.2,0.0,9462.919,285.967,306.224,2657:12;2680:6543;2681:7027
306.1033,1788884489.1438,4,580.00,13638.18,14218.18,1174.5,16205.4,47048.1,0.0,9463.685,286.061,306.224,2657:12;2680:6584;2681:7042
306.2084,1788884489.2488,4,580.03,13845.10,14425.12,1026.5,16502.0,46751.5,0.0,9467.190,286.161,306.224,2657:12;2680:6556;2681:7277
306.3144,1788884489.3549,4,580.14,14055.24,14635.38,1247.2,16771.2,46482.2,0.0,9471.218,286.262,306.224,2657:12;2680:6517;2681:7526
306.4205,1788884489.4609,4,580.29,14167.93,14748.22,1103.2,16795.9,46457.6,0.0,9473.725,286.345,306.224,2657:12;2680:6522;2681:7633
306.5254,1788884489.5659,4,580.33,14281.96,14862.29,1131.4,16994.9,46258.5,0.0,9475.541,286.471,306.224,2657:12;2680:6694;2681:7576
306.6316,1788884489.6721,4,580.54,14172.55,14753.09,1169.8,17009.6,46243.8,0.0,9477.988,286.570,306.224,2657:12;2680:6794;2681:7366
306.7377,1788884489.7782,4,580.73,13956.38,14537.11,919.4,16864.9,46388.6,0.0,9480.323,286.641,306.224,2657:12;2680:6720;2681:7224
306.8419,1788884489.8823,4,580.76,13758.52,14339.28,727.8,16718.0,46535.4,0.0,9481.274,286.767,306.224,2657:12;2680:6513;2681:7233
306.9463,1788884489.9868,4,580.80,13833.47,14414.27,1258.9,16746.9,46506.6,0.0,9492.009,286.927,306.224,2657:12;2680:6570;2681:7251
307.0529,1788884490.0934,4,580.84,14045.35,14626.19,944.6,16834.2,46419.3,0.0,9492.919,287.132,306.224,2657:12;2680:6699;2681:7334
307.1577,1788884490.1982,4,580.85,14263.52,14844.38,1380.4,16992.9,46260.6,0.0,9503.947,287.242,306.224,2657:12;2680:6746;2681:7506
307.2636,1788884490.3040,4,580.86,14357.13,14937.99,900.0,16953.1,46300.4,0.0,9504.630,287.430,306.224,2657:12;2680:6807;2681:7537
307.3677,1788884490.4082,4,580.89,14481.86,15062.75,1045.9,16918.8,46334.6,0.0,9515.386,287.572,306.224,2657:12;2680:6898;2681:7571
307.4743,1788884490.5147,4,580.89,14543.92,15124.81,813.8,16984.0,46269.5,0.0,9516.474,287.722,306.224,2657:12;2680:6954;2681:7577
307.5810,1788884490.6215,4,580.92,14749.30,15330.21,1013.2,17206.1,46047.3,0.0,9527.563,287.876,306.224,2657:12;2680:6990;2681:7747
307.6877,1788884490.7281,4,580.93,14943.96,15524.88,1236.3,17362.5,45890.9,0.0,9527.905,288.008,306.224,2657:12;2680:7192;2681:7740
307.7935,1788884490.8339,4,580.98,15000.69,15581.67,1283.0,17460.9,45792.5,0.0,9538.790,288.159,306.224,2657:12;2680:7257;2681:7731
307.9057,1788884490.9462,4,581.02,15666.69,16247.71,1303.8,18040.4,45213.1,0.0,9539.060,288.221,306.235,2657:12;2680:7591;2681:8063
308.0124,1788884491.0529,4,581.04,15735.53,16316.57,1062.5,17883.4,45370.1,0.0,9539.559,288.375,306.587,2657:12;2680:7682;2681:8042
308.1166,1788884491.1571,4,581.05,15910.34,16491.39,1149.5,18024.9,45228.6,0.0,9549.953,288.482,306.587,2657:12;2680:7858;2681:8040
308.2219,1788884491.2623,4,581.09,15875.55,16456.64,761.6,18119.4,45134.1,0.0,9550.287,288.604,306.587,2657:12;2680:7872;2681:7991
308.3282,1788884491.3687,4,581.21,15531.86,16113.07,988.1,17866.0,45387.5,0.0,9559.819,288.698,306.587,2657:12;2680:8150;2681:7369
308.4348,1788884491.4753,4,581.24,15713.34,16294.58,963.4,18107.2,45146.3,0.0,9560.451,288.787,306.587,2657:12;2680:8309;2681:7392
308.5421,1788884491.5825,4,581.33,16107.00,16688.33,1254.5,18596.9,44656.6,0.0,9568.976,288.937,306.587,2657:12;2680:8553;2681:7542
308.6501,1788884491.6905,4,581.37,16376.14,16957.51,1421.7,18951.5,44301.9,0.0,9571.385,288.994,306.587,2657:12;2680:8710;2681:7654
308.7569,1788884491.7974,4,581.43,15353.51,15934.94,1094.7,18376.9,44876.5,0.0,9572.468,289.147,306.587,2657:12;2680:7520;2681:7821
308.8619,1788884491.9024,4,581.44,15230.25,15811.69,1337.2,18322.7,44930.7,0.0,9581.875,289.268,306.587,2657:12;2680:7555;2681:7663
308.9679,1788884492.0083,4,581.47,15301.91,15883.38,739.9,18483.9,44769.6,0.0,9582.413,289.449,306.587,2657:12;2680:7609;2681:7681
309.0726,1788884492.1130,4,581.50,15391.07,15972.57,1115.1,18341.2,44912.3,0.0,9601.371,289.594,306.587,2657:12;2680:7818;2681:7561
309.1880,1788884492.2285,4,581.54,15491.61,16073.15,1055.6,18497.7,44755.8,0.0,9602.255,289.678,306.587,2657:12;2680:8065;2681:7414
309.2941,1788884492.3346,4,581.57,15498.82,16080.39,1266.0,18683.5,44569.9,0.0,9609.246,289.838,306.587,2657:12;2680:8116;2681:7371
309.4039,1788884492.4443,4,581.60,15160.79,15742.38,1105.3,18480.8,44772.7,0.0,9616.829,289.995,306.587,2657:12;2680:7963;2681:7185
309.5098,1788884492.5503,4,581.73,15044.86,15626.59,725.9,18304.8,44948.7,0.0,9618.018,290.161,306.587,2657:12;2680:7864;2681:7169
309.6150,1788884492.6555,4,581.77,15032.45,15614.21,1254.4,18145.3,45108.2,0.0,9639.483,290.346,306.587,2657:12;2680:7922;2681:7099
309.7213,1788884492.7617,4,581.79,15208.52,15790.30,767.3,18167.7,45085.8,0.0,9640.073,290.565,306.587,2657:12;2680:7933;2681:7264
309.8283,1788884492.8688,4,581.89,14997.25,15579.15,1102.4,17872.4,45381.1,0.0,9651.917,290.727,306.587,2657:12;2680:7898;2681:7087
309.9331,1788884492.9736,4,581.92,14908.47,15490.39,641.7,17715.6,45537.8,0.0,9663.120,290.888,306.587,2657:12;2680:7788;2681:7108
310.0410,1788884493.0815,4,581.92,14992.47,15574.39,793.6,17738.2,45515.3,0.0,9675.442,291.147,306.587,2657:12;2680:7831;2681:7149
310.1523,1788884493.1928,4,581.94,14659.85,15241.79,974.9,17453.3,45800.1,0.0,9689.587,291.399,306.587,2657:12;2680:7494;2681:7154
310.2579,1788884493.2984,4,582.09,14656.62,15238.71,643.0,17489.9,45763.5,0.0,9693.391,291.626,306.587,2657:12;2680:7484;2681:7161
310.3619,1788884493.4023,4,582.14,14730.74,15312.88,818.3,17509.1,45744.4,0.0,9712.049,291.837,306.587,2657:12;2680:7527;2681:7191
310.4683,1788884493.5087,4,582.20,14734.89,15317.09,1063.5,17537.9,45715.5,0.0,9723.061,292.004,306.587,2657:12;2680:7536;2681:7187
310.5736,1788884493.6140,4,582.22,14788.09,15370.32,639.7,17546.2,45707.3,0.0,9733.084,292.258,306.587,2657:12;2680:7569;2681:7207
310.6801,1788884493.7206,4,582.25,14790.04,15372.29,747.8,17580.4,45673.1,0.0,9736.432,292.439,306.587,2657:12;2680:7570;2681:7207
310.7841,1788884493.8246,4,582.27,14835.86,15418.14,906.5,17600.3,45653.2,0.0,9752.199,292.710,306.587,2657:12;2680:7598;2681:7225
310.8889,1788884493.9293,4,582.33,14882.00,15464.33,1065.8,17650.0,45603.5,0.0,9767.266,292.932,306.587,2657:12;2680:7621;2681:7249
310.9930,1788884494.0335,4,582.39,14890.64,15473.04,603.1,17670.0,45583.5,0.0,9768.434,293.144,306.587,2657:12;2680:7618;2681:7260
311.0975,1788884494.1380,4,582.50,14915.50,15498.00,1109.9,17644.5,45609.0,0.0,9795.290,293.325,306.587,2657:12;2680:7641;2681:7262
311.2020,1788884494.2425,4,582.62,14982.58,15565.20,910.9,17655.6,45597.9,0.0,9809.813,293.531,306.587,2657:12;2680:7677;2681:7293
311.3101,1788884494.3505,4,582.65,15352.22,15934.87,1223.2,17860.9,45392.6,0.0,9830.777,293.697,306.587,2657:12;2680:7902;2681:7438
311.4192,1788884494.4596,4,582.80,15250.64,15833.45,1210.5,17902.5,45351.0,0.0,9833.535,293.797,306.587,2657:12;2680:7862;2681:7377
311.5238,1788884494.5643,4,582.82,15106.57,15689.39,553.2,17816.7,45436.8,0.0,9837.222,294.036,306.587,2657:12;2680:7759;2681:7335
311.6287,1788884494.6692,4,582.83,15236.00,15818.83,1094.9,17860.5,45392.9,0.0,9857.153,294.206,306.587,2657:12;2680:7805;2681:7419
311.7337,1788884494.7741,4,582.84,15424.79,16007.63,882.1,18056.0,45197.5,0.0,9858.452,294.323,306.587,2657:12;2680:7908;2681:7505
311.8389,1788884494.8793,4,582.92,15248.90,15831.82,1145.2,18012.1,45241.4,0.0,9871.624,294.557,306.587,2657:12;2680:7879;2681:7358
311.9456,1788884494.9861,4,583.04,15310.96,15894.00,847.0,18061.5,45192.0,0.0,9880.190,294.748,306.587,2657:12;2680:7851;2681:7448
312.0518,1788884495.0923,4,583.14,15341.29,15924.43,867.3,18016.4,45237.1,0.0,9891.241,294.963,306.587,2657:12;2680:7875;2681:7454
312.1566,1788884495.1971,4,583.14,15308.94,15892.09,879.8,18008.3,45245.2,0.0,9902.434,295.220,306.587,2657:12;2680:7837;2681:7460
312.2621,1788884495.3025,4,583.14,15392.75,15975.89,717.5,18020.0,45233.5,0.0,9911.207,295.437,306.587,2657:12;2680:7881;2681:7500
312.3715,1788884495.4119,4,583.14,15418.58,16001.73,790.5,18052.2,45201.3,0.0,9921.923,295.667,306.587,2657:12;2680:7878;2681:7528
312.4777,1788884495.5182,4,583.14,15420.86,16004.00,822.5,18064.3,45189.1,0.0,9925.696,295.934,306.587,2657:12;2680:7890;2681:7519
312.5822,1788884495.6227,4,583.14,15457.06,16040.21,1102.5,18082.0,45171.5,0.0,9936.257,296.158,306.587,2657:12;2680:7917;2681:7528
312.6874,1788884495.7279,4,583.23,15688.54,16271.77,1037.2,18183.7,45069.8,0.0,9945.156,296.312,306.587,2657:12;2680:7958;2681:7719
312.7940,1788884495.8345,4,583.39,15973.79,16557.18,1134.8,18526.5,44726.9,0.0,9955.975,296.421,306.587,2657:12;2680:8136;2681:7826
312.9010,1788884495.9415,4,583.61,15741.48,16325.09,1145.7,18495.7,44757.8,0.0,9956.548,296.534,306.587,2657:12;2680:7988;2681:7741
313.0075,1788884496.0479,4,583.86,15699.26,16283.11,805.3,18486.7,44766.8,0.0,9957.030,296.673,306.587,2657:12;2680:7977;2681:7710
313.1116,1788884496.1521,4,584.03,15649.59,16233.61,1108.1,18451.3,44802.2,0.0,9966.756,296.806,306.587,2657:12;2680:7887;2681:7750
313.2165,1788884496.2569,4,584.27,15566.81,16151.08,813.5,18376.3,44877.2,0.0,9967.251,296.976,306.587,2657:12;2680:7801;2681:7754
313.3223,1788884496.3627,4,584.56,15577.07,16161.62,1128.8,18391.5,44862.0,0.0,9976.726,297.086,306.587,2657:12;2680:7766;2681:7799
313.4285,1788884496.4690,4,584.79,15515.46,16100.25,565.1,18365.5,44888.0,0.0,9978.596,297.176,306.587,2657:12;2680:7735;2681:7769
313.5327,1788884496.5732,4,584.79,15577.83,16162.62,575.6,18366.2,44887.3,0.0,9984.945,297.356,306.587,2657:12;2680:7778;2681:7787
313.6390,1788884496.6794,4,584.80,15602.34,16187.14,809.1,18368.1,44885.3,0.0,9995.387,297.605,306.587,2657:12;2680:7791;2681:7799
313.7438,1788884496.7842,4,584.80,15621.78,16206.58,751.5,18379.6,44873.9,0.0,10008.921,297.860,306.587,2657:12;2680:7801;2681:7808
313.8489,1788884496.8894,4,584.80,15657.10,16241.90,763.7,18384.3,44869.1,0.0,10025.361,298.122,306.587,2657:12;2680:7810;2681:7835
313.9539,1788884496.9943,4,584.81,15701.24,16286.05,767.8,18388.0,44865.4,0.0,10037.496,298.367,306.587,2657:12;2680:7825;2681:7864
314.0578,1788884497.0983,4,584.81,15797.77,16382.59,903.0,18448.6,44804.8,0.0,10052.365,298.583,306.587,2657:12;2680:7920;2681:7866
314.1631,1788884497.2036,4,584.90,15985.67,16570.57,823.1,18647.7,44605.8,0.0,10059.689,298.795,306.587,2657:12;2680:8039;2681:7934
314.2676,1788884497.3080,4,584.91,15809.20,16394.12,1172.6,18529.5,44724.0,0.0,10074.092,299.006,306.587,2657:12;2680:7882;2681:7915
314.3716,1788884497.4120,4,584.92,15867.97,16452.89,873.3,18543.4,44710.0,0.0,10085.642,299.260,306.587,2657:12;2680:7928;2681:7927
314.4772,1788884497.5176,4,584.92,15889.36,16474.27,1080.0,18553.3,44700.1,0.0,10098.118,299.521,306.587,2657:12;2680:7932;2681:7945
314.5825,1788884497.6230,4,584.92,15933.95,16518.87,962.1,18576.4,44677.1,0.0,10108.390,299.792,306.587,2657:12;2680:7960;2681:7962
314.6887,1788884497.7292,4,584.92,15962.63,16547.55,888.1,18595.2,44658.3,0.0,10118.865,300.040,306.587,2657:12;2680:7975;2681:7976
314.7933,1788884497.8338,4,585.00,16010.30,16595.30,689.9,18565.7,44687.7,0.0,10123.039,300.243,306.587,2657:12;2680:7993;2681:8005
314.8976,1788884497.9381,4,585.00,16068.58,16653.58,854.9,18578.7,44674.8,0.0,10142.609,300.500,306.587,2657:12;2680:8021;2681:8035
315.0018,1788884498.0423,4,585.00,16084.11,16669.11,860.2,18604.4,44649.1,0.0,10144.117,300.702,306.587,2657:12;2680:8036;2681:8035
315.1070,1788884498.1475,4,585.00,16157.08,16742.08,755.9,18621.2,44632.3,0.0,10158.965,300.969,306.587,2657:12;2680:8082;2681:8063
315.2174,1788884498.2579,4,585.01,16148.07,16733.08,911.7,18652.0,44601.5,0.0,10170.502,301.179,306.587,2657:12;2680:8067;2681:8069
315.3214,1788884498.3619,4,585.01,16212.13,16797.14,679.4,18668.3,44585.2,0.0,10182.450,301.451,306.587,2657:12;2680:8115;2681:8085
315.4276,1788884498.4681,4,585.02,16213.10,16798.12,934.7,18701.0,44552.5,0.0,10193.019,301.659,306.587,2657:12;2680:8108;2681:8093
315.5323,1788884498.5727,4,585.02,16276.35,16861.37,586.0,18709.1,44544.4,0.0,10205.436,301.922,306.587,2657:12;2680:8137;2681:8127
315.6363,1788884498.6768,4,585.02,16288.96,16873.98,1020.3,18721.5,44532.0,0.0,10228.696,302.167,306.587,2657:12;2680:8161;2681:8116
315.7424,1788884498.7829,4,585.03,16342.84,16927.88,572.4,18728.8,44524.7,0.0,10233.823,302.424,306.587,2657:12;2680:8200;2681:8130
315.8490,1788884498.8895,4,585.06,16423.22,17008.28,997.3,18777.0,44476.5,0.0,10264.130,302.636,306.587,2657:12;2680:8246;2681:8165
315.9576,1788884498.9980,4,585.09,16751.27,17336.36,1147.9,19094.5,44159.0,0.0,10266.584,302.749,306.587,2657:12;2680:8392;2681:8347
316.0637,1788884499.1041,4,585.27,16778.99,17364.26,1336.6,19186.2,44067.3,0.0,10278.061,302.870,306.587,2657:12;2680:8347;2681:8420
316.1692,1788884499.2096,4,585.37,16677.16,17262.53,1023.7,19098.3,44155.2,0.0,10281.535,302.999,306.587,2657:12;2680:8368;2681:8297
316.2747,1788884499.3152,4,585.55,16563.14,17148.68,963.4,18900.2,44353.3,0.0,10287.469,303.149,306.587,2657:12;2680:8322;2681:8229
316.3803,1788884499.4207,4,585.66,16615.29,17200.95,893.3,18905.0,44348.4,0.0,10291.591,303.280,306.587,2657:12;2680:8342;2681:8261
316.4843,1788884499.5248,4,585.66,16666.14,17251.80,660.0,18931.5,44322.0,0.0,10295.656,303.493,306.587,2657:12;2680:8369;2681:8285
316.5889,1788884499.6293,4,585.66,16728.28,17313.94,852.8,18972.2,44281.2,0.0,10311.729,303.764,306.587,2657:12;2680:8407;2681:8309
316.6959,1788884499.7363,4,585.66,16734.04,17319.70,1034.4,19001.2,44252.2,0.0,10317.041,303.977,306.587,2657:12;2680:8406;2681:8316
316.8000,1788884499.8404,4,585.66,16776.95,17362.61,785.2,19029.3,44224.2,0.0,10320.274,304.180,306.587,2657:12;2680:8428;2681:8337
316.9080,1788884499.9485,4,585.73,16905.93,17491.66,918.5,19056.8,44196.7,0.0,10342.889,304.446,306.587,2657:12;2680:8484;2681:8409
317.0180,1788884500.0585,4,585.88,16884.62,17470.51,1026.7,19091.3,44162.2,0.0,10343.267,304.586,306.587,2657:12;2680:8461;2681:8411
317.1221,1788884500.1625,4,585.88,16954.44,17540.32,507.9,19121.7,44131.8,0.0,10354.170,304.871,306.587,2657:12;2680:8495;2681:8447
317.2287,1788884500.2691,4,585.89,17092.97,17678.86,1129.1,19197.6,44055.9,0.0,10363.997,305.061,306.587,2657:12;2680:8597;2681:8484
317.3349,1788884500.3753,4,585.92,17227.79,17813.71,1148.6,19426.8,43826.6,0.0,10373.215,305.245,306.587,2657:12;2680:8753;2681:8462
317.4391,1788884500.4796,4,586.00,17154.89,17740.89,1168.6,19589.0,43664.5,0.0,10383.911,305.388,306.587,2657:12;2680:8710;2681:8432
317.5438,1788884500.5843,4,586.01,17068.56,17654.57,783.9,19567.8,43685.6,0.0,10389.425,305.653,306.587,2657:12;2680:8634;2681:8422
317.6484,1788884500.6888,4,586.02,17100.71,17686.73,790.2,19578.9,43674.5,0.0,10402.893,305.872,306.587,2657:12;2680:8648;2681:8441
317.7547,1788884500.7952,4,586.02,17126.31,17712.33,908.0,19597.2,43656.3,0.0,10409.003,306.080,306.587,2657:12;2680:8663;2681:8451
317.8591,1788884500.8996,4,586.02,17183.92,17769.94,891.3,19601.9,43651.6,0.0,10427.325,306.365,306.587,2657:12;2680:8696;2681:8476
317.9648,1788884501.0052,4,586.03,17198.97,17785.00,1006.2,19615.8,43637.7,0.0,10441.699,306.621,306.587,2657:12;2680:8706;2681:8481
318.0689,1788884501.1094,4,586.03,17230.90,17816.93,816.4,19627.7,43625.8,0.0,10453.902,306.865,306.587,2657:12;2680:8724;2681:8495
318.1730,1788884501.2135,4,586.03,17292.29,17878.32,835.2,19647.5,43606.0,0.0,10475.768,307.120,306.587,2657:12;2680:8752;2681:8528
318.2772,1788884501.3176,4,586.03,17308.85,17894.88,726.9,19660.0,43593.5,0.0,10484.115,307.372,306.587,2657:12;2680:8762;2681:8535
318.3817,1788884501.4222,4,586.03,17357.06,17943.09,775.3,19668.2,43585.3,0.0,10500.784,307.648,306.587,2657:12;2680:8783;2681:8562
318.4862,1788884501.5267,4,586.03,17375.72,17961.75,853.8,19671.9,43581.6,0.0,10516.453,307.858,306.587,2657:12;2680:8801;2681:8563
318.5905,1788884501.6309,4,586.05,17421.24,18007.29,630.1,19708.0,43545.5,0.0,10528.449,308.105,306.587,2657:12;2680:8825;2681:8584
318.6954,1788884501.7359,4,586.08,17455.64,18041.72,1107.2,19782.3,43471.1,0.0,10547.195,308.350,306.587,2657:12;2680:8844;2681:8600
318.8010,1788884501.8415,4,586.11,17474.52,18060.63,885.6,19712.8,43540.7,0.0,10567.077,308.622,306.587,2657:12;2680:8844;2681:8618
318.9081,1788884501.9486,4,586.13,17841.00,18427.13,1224.4,20056.6,43196.9,0.0,10583.517,308.773,306.587,2657:12;2680:8987;2681:8841
319.0149,1788884502.0553,4,586.18,17614.01,18200.19,747.6,19878.9,43374.5,0.0,10589.144,308.974,306.587,2657:12;2680:8933;2681:8669
319.1192,1788884502.1596,4,586.41,17669.58,18256.00,1127.0,19859.8,43393.7,0.0,10607.652,309.144,306.587,2657:12;2680:8922;2681:8736
319.2248,1788884502.2652,4,586.54,17789.90,18376.45,815.8,19983.8,43269.6,0.0,10611.106,309.325,306.587,2657:12;2680:8961;2681:8817
319.3289,1788884502.3694,4,586.71,17763.27,18349.98,890.2,19920.0,43333.5,0.0,10628.823,309.514,306.587,2657:12;2680:8999;2681:8752
319.4347,1788884502.4751,4,586.83,17979.32,18566.15,981.7,20088.6,43164.9,0.0,10633.069,309.635,306.587,2657:12;2680:9089;2681:8878
319.5406,1788884502.5811,4,586.90,17986.04,18572.94,1137.6,20189.6,43063.9,0.0,10639.033,309.774,306.587,2657:12;2680:9007;2681:8967
319.6452,1788884502.6857,4,587.10,17976.58,18563.68,961.4,20184.8,43068.7,0.0,10644.130,309.903,306.587,2657:12;2680:8994;2681:8971
319.7514,1788884502.7918,4,587.30,17997.03,18584.33,928.8,20250.5,43002.9,0.0,10652.453,310.056,306.587,2657:12;2680:9005;2681:8980
319.8567,1788884502.8972,4,587.60,17972.24,18559.84,838.5,20286.5,42967.0,0.0,10657.290,310.214,306.587,2657:12;2680:8973;2681:8987
319.9619,1788884503.0023,4,587.77,18038.32,18626.09,796.6,20353.3,42900.2,0.0,10668.008,310.310,306.587,2657:12;2680:8947;2681:9079
320.0670,1788884503.1075,4,587.92,17975.33,18563.25,505.4,20346.3,42907.1,0.0,10669.638,310.442,306.587,2657:12;2680:8919;2681:9044
320.1719,1788884503.2124,4,587.98,18115.39,18703.37,623.7,20395.6,42857.9,0.0,10678.968,310.581,306.587,2657:12;2680:8999;2681:9105
320.2762,1788884503.3167,4,588.03,18267.14,18855.16,1062.5,20473.8,42779.7,0.0,10682.975,310.699,306.587,2657:12;2680:9013;2681:9242
320.3815,1788884503.4219,4,588.14,18550.90,19139.04,1164.3,20779.1,42474.3,0.0,10685.054,310.817,306.587,2657:12;2680:9168;2681:9371
320.4897,1788884503.5301,4,588.15,18671.28,19259.43,927.6,20840.4,42413.1,0.0,10685.668,310.901,306.587,2657:12;2680:9193;2681:9466
320.5959,1788884503.6363,4,588.26,19058.59,19646.84,1069.7,21276.0,41977.4,0.0,10690.479,311.045,306.587,2657:12;2680:9415;2681:9632
320.7022,1788884503.7427,4,588.29,19130.46,19718.75,1119.7,21535.9,41717.6,0.0,10695.077,311.161,306.587,2657:12;2680:9319;2681:9800
320.8087,1788884503.8492,4,588.35,19067.92,19656.27,955.9,21575.3,41678.1,0.0,10695.953,311.264,306.587,2657:12;2680:9210;2681:9846
320.9155,1788884503.9559,4,588.40,19331.64,19920.04,1038.5,21689.2,41564.3,0.0,10700.354,311.373,306.587,2657:12;2680:9200;2681:10119
321.0213,1788884504.0617,4,588.47,19350.27,19938.74,948.9,21749.6,41503.9,0.0,10702.151,311.464,306.587,2657:12;2680:9071;2681:10267
321.1299,1788884504.1704,4,588.62,19410.30,19998.92,937.2,21865.5,41388.0,0.0,10706.358,311.535,306.587,2657:12;2680:9094;2681:10305
321.2342,1788884504.2747,4,588.69,19373.20,19961.89,731.2,21724.5,41528.9,0.0,10707.282,311.651,306.587,2657:12;2680:8996;2681:10365
321.3397,1788884504.3801,4,588.74,19477.39,20066.13,729.0,21846.6,41406.9,0.0,10713.509,311.749,306.587,2657:12;2680:9056;2681:10409
321.4466,1788884504.4870,4,588.76,19534.75,20123.51,987.9,21842.1,41411.4,0.0,10715.673,311.855,306.587,2657:12;2680:9070;2681:10453
321.5508,1788884504.5912,4,588.80,20083.64,20672.43,1000.2,22236.6,41016.8,0.0,10718.559,311.919,306.587,2657:12;2680:9340;2681:10731
321.6558,1788884504.6962,4,588.84,20620.23,21209.07,1442.6,22796.7,40456.8,0.0,10721.649,311.953,306.587,2657:12;2680:9595;2681:11013
321.7621,1788884504.8025,4,588.86,20735.83,21324.69,1311.8,22931.7,40321.7,0.0,10723.899,312.003,306.587,2657:12;2680:9576;2681:11147
321.8688,1788884504.9093,4,588.87,20950.92,21539.79,843.1,23037.9,40215.6,0.0,10726.497,312.031,306.587,2657:12;2680:9728;2681:11211
321.9756,1788884505.0160,4,588.89,21124.95,21713.84,611.5,23298.8,39954.7,0.0,10727.163,312.080,306.587,2657:12;2680:9824;2681:11288
322.0816,1788884505.1221,4,588.98,21532.30,22121.29,1064.0,23742.0,39511.4,0.0,10729.778,312.090,306.587,2657:12;2680:10065;2681:11456
322.1890,1788884505.2294,4,589.03,21705.77,22294.80,1387.3,23940.0,39313.4,0.0,10729.778,312.090,306.587,2657:12;2680:10184;2681:11510
322.2979,1788884505.3383,4,589.15,21594.78,22183.93,1210.6,23934.0,39319.4,0.0,10729.778,312.090,306.587,2657:12;2680:10079;2681:11503
322.4046,1788884505.4450,4,589.29,20951.38,21540.68,1173.2,23523.8,39729.7,0.0,10729.778,312.090,306.587,2657:12;2680:9426;2681:11513
322.5099,1788884505.5504,4,589.51,19998.32,20587.83,1102.4,22911.8,40341.7,0.0,10729.778,312.090,306.587,2657:12;2680:9127;2681:10859
322.6167,1788884505.6572,4,589.70,18966.41,19556.11,1246.5,22143.7,41109.7,0.0,10729.778,312.090,306.587,2657:12;2680:9011;2681:9943
322.7219,1788884505.7623,4,590.10,18426.44,19016.54,887.6,21680.6,41572.9,0.0,10729.778,312.090,306.587,2657:12;2680:8880;2681:9534
322.8268,1788884505.8673,4,590.43,18401.50,18991.93,567.5,21689.5,41564.0,0.0,10729.779,312.095,306.587,2657:12;2680:8865;2681:9524
322.9324,1788884505.9728,4,590.77,18370.89,18961.66,519.4,21672.5,41580.9,0.0,10730.061,312.127,306.587,2657:12;2680:8821;2681:9538
323.0363,1788884506.0768,4,591.01,18342.07,18933.08,557.8,21645.8,41607.6,0.0,10730.436,312.239,306.587,2657:12;2680:8851;2681:9479
323.1403,1788884506.1807,4,591.01,18364.85,18955.86,429.5,21647.9,41605.6,0.0,10731.182,312.381,306.587,2657:12;2680:8861;2681:9491
323.2451,1788884506.2856,4,591.01,18425.35,19016.36,546.7,21656.0,41597.5,0.0,10734.141,312.617,306.587,2657:12;2680:8890;2681:9523
323.3493,1788884506.3898,4,591.01,18463.52,19054.53,688.1,21676.7,41576.8,0.0,10738.047,312.849,306.587,2657:12;2680:8911;2681:9540
323.4556,1788884506.4961,4,591.02,18510.37,19101.38,724.6,21700.9,41552.6,0.0,10743.855,313.098,306.587,2657:12;2680:8934;2681:9564
323.5619,1788884506.6023,4,591.02,18561.52,19152.53,584.2,21713.1,41540.4,0.0,10747.734,313.377,306.587,2657:12;2680:8963;2681:9586
323.6680,1788884506.7084,4,591.02,18612.02,19203.03,715.6,21737.4,41516.1,0.0,10752.064,313.596,306.587,2657:12;2680:8985;2681:9615
323.7727,1788884506.8132,4,591.02,18642.75,19233.76,563.8,21757.4,41496.1,0.0,10752.879,313.837,306.587,2657:12;2680:8997;2681:9634
323.8773,1788884506.9177,4,591.02,18678.52,19269.54,442.6,21769.4,41484.1,0.0,10758.491,314.025,306.587,2657:12;2680:9019;2681:9648
323.9812,1788884507.0217,4,591.06,18712.12,19303.18,461.2,21775.4,41478.0,0.0,10759.756,314.236,306.587,2657:12;2680:9034;2681:9666
324.0853,1788884507.1258,4,591.07,18736.68,19327.74,441.8,21779.1,41474.4,0.0,10766.862,314.368,306.587,2657:12;2680:9042;2681:9682
324.1894,1788884507.2299,4,591.07,18764.17,19355.23,322.0,21783.1,41470.4,0.0,10770.408,314.532,306.587,2657:12;2680:9058;2681:9694
324.2950,1788884507.3355,4,591.07,18786.73,19377.80,351.5,21798.2,41455.3,0.0,10775.128,314.664,306.587,2657:12;2680:9069;2681:9706
324.4003,1788884507.4407,4,591.07,18829.89,19420.96,412.5,21818.2,41435.3,0.0,10780.855,314.810,306.587,2657:12;2680:9092;2681:9725
324.5045,1788884507.5450,4,591.08,18842.20,19433.28,507.7,21826.4,41427.1,0.0,10785.435,314.986,306.587,2657:12;2680:9102;2681:9728
324.6089,1788884507.6493,4,591.08,18882.27,19473.35,365.4,21850.4,41403.1,0.0,10791.023,315.174,306.587,2657:12;2680:9131;2681:9739
324.7129,1788884507.7533,4,591.09,18909.66,19500.75,432.3,21870.4,41383.1,0.0,10796.582,315.354,306.587,2657:12;2680:9146;2681:9751
324.8170,1788884507.8574,4,591.11,18957.19,19548.30,546.7,21838.5,41415.0,0.0,10801.219,315.508,306.587,2657:12;2680:9157;2681:9788
324.9214,1788884507.9618,4,591.17,19219.61,19810.78,549.1,21956.6,41296.9,0.0,10803.180,315.637,306.587,2657:12;2680:9312;2681:9896
325.0270,1788884508.0675,4,591.32,19109.07,19700.39,958.9,21851.6,41401.8,0.0,10808.892,315.732,306.587,2657:12;2680:9192;2681:9905
325.1324,1788884508.1728,4,591.38,19173.39,19764.77,382.3,21939.9,41313.6,0.0,10810.400,315.883,306.587,2657:12;2680:9213;2681:9949
325.2368,1788884508.2773,4,591.41,19316.57,19907.99,748.6,22020.8,41232.7,0.0,10814.623,315.981,306.587,2657:12;2680:9268;2681:10037
325.3410,1788884508.3814,4,591.57,19225.93,19817.50,576.3,21996.4,41257.1,0.0,10814.850,316.005,306.587,2657:12;2680:9149;2681:10065
325.4450,1788884508.4855,4,591.62,19172.48,19764.10,182.8,21951.7,41301.7,0.0,10815.218,316.061,306.587,2657:12;2680:9147;2681:10013
325.5490,1788884508.5894,4,591.62,19183.17,19774.79,240.6,21957.2,41296.3,0.0,10818.413,316.158,306.587,2657:12;2680:9155;2681:10015
325.6529,1788884508.6934,4,591.62,19191.64,19783.26,240.6,21966.8,41286.7,0.0,10821.466,316.236,306.587,2657:12;2680:9160;2681:10019
325.7568,1788884508.7973,4,591.62,19209.60,19801.22,124.9,21966.8,41286.7,0.0,10821.889,316.332,306.587,2657:12;2680:9172;2681:10025
325.8609,1788884508.9014,4,591.62,19212.90,19804.52,105.9,21967.3,41286.2,0.0,10825.321,316.374,306.587,2657:12;2680:9173;2681:10027
325.9649,1788884509.0053,4,591.66,19557.41,20149.07,607.4,22240.0,41013.5,0.0,10828.320,316.415,306.587,2657:12;2680:9347;2681:10199
326.0703,1788884509.1108,4,591.90,19336.52,19928.42,696.3,21987.7,41265.8,0.0,10830.075,316.486,306.587,2657:12;2680:9191;2681:10134
326.1752,1788884509.2157,4,591.95,19367.80,19959.76,513.0,21972.1,41281.3,0.0,10832.812,316.628,306.587,2657:12;2680:9201;2681:10155
326.2804,1788884509.3208,4,591.98,19367.46,19959.45,365.5,21977.6,41275.9,0.0,10835.422,316.735,306.587,2657:12;2680:9201;2681:10155
326.3843,1788884509.4248,4,591.98,19412.48,20004.46,229.9,21990.3,41263.2,0.0,10837.005,316.858,306.587,2657:12;2680:9228;2681:10173
326.4887,1788884509.5291,4,591.98,19431.89,20023.88,211.7,22007.9,41245.5,0.0,10839.169,316.946,306.587,2657:12;2680:9234;2681:10186
326.5926,1788884509.6330,4,591.98,19446.74,20038.72,298.2,22011.9,41241.5,0.0,10841.620,317.072,306.587,2657:12;2680:9237;2681:10198
326.6966,1788884509.7370,4,591.98,19470.09,20062.07,201.8,22017.9,41235.6,0.0,10841.999,317.180,306.587,2657:12;2680:9246;2681:10212
326.8006,1788884509.8411,4,591.98,19493.47,20085.45,201.6,22025.6,41227.9,0.0,10844.882,317.281,306.587,2657:12;2680:9253;2681:10228
326.9047,1788884509.9452,4,592.07,19532.20,20124.26,240.5,22039.3,41214.1,0.0,10847.895,317.369,306.587,2657:12;2680:9274;2681:10246
327.0086,1788884510.0491,4,592.07,19719.45,20311.52,333.7,22159.9,41093.5,0.0,10850.840,317.449,306.587,2657:12;2680:9366;2681:10342
327.1136,1788884510.1541,4,592.19,19816.37,20408.56,738.0,22311.2,40942.3,0.0,10852.688,317.541,306.587,2657:12;2680:9531;2681:10273
327.2179,1788884510.2584,4,592.45,19646.75,20239.20,788.6,21988.4,41265.1,0.0,10858.070,317.601,306.587,2657:12;2680:9382;2681:10252
327.3233,1788884510.3638,4,592.46,19657.68,20250.14,235.4,21999.7,41253.7,0.0,10862.595,317.691,306.587,2657:12;2680:9395;2681:10251
327.4296,1788884510.4701,4,592.46,19671.23,20263.70,297.1,22007.8,41245.6,0.0,10865.216,317.807,306.587,2657:12;2680:9398;2681:10261
327.5337,1788884510.5741,4,592.46,19800.56,20393.02,412.4,22091.2,41162.3,0.0,10872.377,317.867,306.587,2657:12;2680:9505;2681:10283
327.6380,1788884510.6784,4,592.57,19744.97,20337.55,392.0,22109.3,41144.2,0.0,10872.772,317.937,306.587,2657:12;2680:9461;2681:10272
327.7426,1788884510.7831,4,592.57,19777.04,20369.61,283.1,22116.0,41137.5,0.0,10874.289,318.033,306.587,2657:12;2680:9481;2681:10284
327.8488,1788884510.8893,4,592.57,19794.57,20387.15,321.2,22128.2,41125.3,0.0,10875.958,318.143,306.587,2657:12;2680:9491;2681:10292
327.9546,1788884510.9950,4,592.60,19810.67,20403.27,326.4,22140.2,41113.3,0.0,10878.095,318.258,306.587,2657:12;2680:9505;2681:10294
328.0586,1788884511.0990,4,592.60,19847.31,20439.91,375.0,22156.7,41096.7,0.0,10878.448,318.410,306.587,2657:12;2680:9527;2681:10308
328.1626,1788884511.2030,4,592.60,19868.64,20461.24,384.0,22160.7,41092.7,0.0,10881.502,318.536,306.587,2657:12;2680:9542;2681:10314
328.2667,1788884511.3072,4,592.60,19884.70,20477.30,288.4,22184.7,41068.7,0.0,10882.891,318.625,306.587,2657:12;2680:9550;2681:10323
328.3707,1788884511.4112,4,592.61,19906.78,20499.38,362.7,22200.7,41052.7,0.0,10883.600,318.758,306.587,2657:12;2680:9564;2681:10331
328.4755,1788884511.5160,4,592.61,19927.41,20520.01,384.3,22210.1,41043.4,0.0,10886.501,318.875,306.587,2657:12;2680:9574;2681:10341
328.5796,1788884511.6201,4,592.61,19935.89,20528.49,307.7,22222.5,41030.9,0.0,10888.541,318.980,306.587,2657:12;2680:9580;2681:10344
328.6836,1788884511.7240,4,592.61,19938.30,20530.90,182.8,22226.8,41026.7,0.0,10891.359,319.049,306.587,2657:12;2680:9581;2681:10345
328.7876,1788884511.8280,4,592.61,19955.97,20548.57,220.9,22227.3,41026.2,0.0,10892.344,319.123,306.587,2657:12;2680:9592;2681:10351
328.8916,1788884511.9321,4,592.65,20300.88,20893.54,636.7,22581.6,40671.9,0.0,10894.931,319.169,306.587,2657:12;2680:9721;2681:10568
328.9971,1788884512.0375,4,592.84,20025.23,20618.07,536.6,22445.3,40808.1,0.0,10895.152,319.217,306.587,2657:12;2680:9608;2681:10405
329.1012,1788884512.1417,4,592.84,20025.78,20618.62,76.8,22445.3,40808.1,0.0,10895.498,319.219,306.587,2657:12;2680:9608;2681:10406
329.2054,1788884512.2458,4,592.84,20041.28,20634.12,221.1,22451.1,40802.4,0.0,10898.483,319.324,306.587,2657:12;2680:9614;2681:10415
329.3094,1788884512.3498,4,592.84,20062.12,20654.96,67.3,22451.1,40802.4,0.0,10903.269,319.371,306.587,2657:12;2680:9629;2681:10421
329.4133,1788884512.4538,4,592.84,20062.52,20655.36,288.6,22459.3,40794.2,0.0,10909.590,319.462,306.587,2657:12;2680:9627;2681:10424
329.5173,1788884512.5577,4,592.84,20078.57,20671.41,134.4,22463.2,40790.2,0.0,10911.594,319.550,306.587,2657:12;2680:9636;2681:10430
329.6215,1788884512.6619,4,592.84,20086.80,20679.64,163.4,22468.7,40784.8,0.0,10916.148,319.612,306.587,2657:12;2680:9639;2681:10435
329.7255,1788884512.7659,4,592.84,20089.03,20681.87,144.4,22468.7,40784.8,0.0,10918.295,319.691,306.587,2657:12;2680:9641;2681:10436
329.8294,1788884512.8699,4,592.84,20105.25,20698.09,201.8,22474.0,40779.5,0.0,10922.618,319.795,306.587,2657:12;2680:9650;2681:10443
329.9335,1788884512.9739,4,592.84,20109.51,20702.35,211.6,22482.4,40771.1,0.0,10929.389,319.850,306.587,2657:12;2680:9651;2681:10446
330.0374,1788884513.0779,4,592.84,20123.86,20716.70,182.6,22477.9,40775.6,0.0,10931.427,319.941,306.587,2657:12;2680:9660;2681:10451
330.1416,1788884513.1821,4,592.84,20136.45,20729.29,105.6,22482.1,40771.4,0.0,10933.869,320.010,306.587,2657:12;2680:9668;2681:10456
330.2456,1788884513.2861,4,592.84,20141.31,20734.15,134.6,22482.1,40771.4,0.0,10937.928,320.059,306.587,2657:12;2680:9671;2681:10458
330.3497,1788884513.3901,4,592.84,20160.23,20753.07,245.5,22494.1,40759.4,0.0,10941.655,320.150,306.587,2657:12;2680:9680;2681:10468
330.4556,1788884513.4961,4,592.84,20159.16,20752.00,95.3,22485.7,40767.7,0.0,10946.497,320.207,306.587,2657:12;2680:9680;2681:10467
330.5606,1788884513.6010,4,592.84,20164.17,20757.01,258.7,22489.7,40763.8,0.0,10952.132,320.316,306.587,2657:12;2680:9682;2681:10470
330.6649,1788884513.7054,4,592.84,20183.74,20776.59,85.9,22489.7,40763.8,0.0,10955.679,320.394,306.587,2657:12;2680:9693;2681:10478
330.7699,1788884513.8103,4,592.89,20292.25,20885.14,529.2,22631.9,40621.6,0.0,10957.512,320.423,306.587,2657:12;2680:9724;2681:10556
330.8756,1788884513.9161,4,593.06,20463.23,21056.29,803.6,22601.1,40652.4,0.0,10960.491,320.450,306.587,2657:12;2680:9870;2681:10581
330.9800,1788884514.0204,4,593.28,20244.73,20838.02,499.2,22515.6,40737.8,0.0,10962.891,320.463,306.587,2657:12;2680:9727;2681:10506
331.0841,1788884514.1246,4,593.37,20267.44,20860.81,182.6,22468.1,40785.4,0.0,10962.898,320.481,306.587,2657:12;2680:9746;2681:10510
331.1882,1788884514.2286,4,593.37,20349.56,20942.93,307.4,22549.8,40703.7,0.0,10963.292,320.555,306.587,2657:12;2680:9765;2681:10573
331.2923,1788884514.3327,4,593.42,20320.09,20913.50,480.3,22502.7,40750.7,0.0,10963.907,320.643,306.587,2657:12;2680:9767;2681:10541
331.3964,1788884514.4368,4,593.42,20324.35,20917.77,230.9,22502.7,40750.7,0.0,10964.188,320.722,306.587,2657:12;2680:9771;2681:10541
331.5003,1788884514.5408,4,593.42,20340.80,20934.21,221.2,22519.0,40734.5,0.0,10964.911,320.824,306.587,2657:12;2680:9780;2681:10549
331.6043,1788884514.6448,4,593.42,20359.27,20952.68,230.6,22523.0,40730.5,0.0,10965.217,320.925,306.587,2657:12;2680:9787;2681:10560
331.7084,1788884514.7489,4,593.42,20382.47,20975.89,330.9,22535.0,40718.5,0.0,10965.614,321.009,306.587,2657:12;2680:9803;2681:10568
331.8142,1788884514.8547,4,593.42,20398.77,20992.19,269.0,22539.0,40714.5,0.0,10965.973,321.099,306.587,2657:12;2680:9811;2681:10576
331.9183,1788884514.9587,4,593.45,20413.94,21007.39,324.8,22543.0,40710.5,0.0,10966.380,321.222,306.587,2657:12;2680:9816;2681:10586
332.0232,1788884515.0637,4,593.45,20412.22,21005.67,287.6,22547.0,40706.5,0.0,10966.603,321.302,306.587,2657:12;2680:9814;2681:10586
332.1273,1788884515.1677,4,593.45,20413.82,21007.28,96.2,22547.0,40706.5,0.0,10966.715,321.320,306.587,2657:12;2680:9819;2681:10583
332.2312,1788884515.2716,4,593.53,20436.55,21030.07,86.5,22555.7,40697.8,0.0,10966.829,321.361,306.587,2657:12;2680:9833;2681:10591
332.3352,1788884515.3757,4,593.53,20441.82,21035.34,125.0,22556.7,40696.8,0.0,10967.153,321.401,306.587,2657:12;2680:9838;2681:10592
332.4394,1788884515.4799,4,593.53,20462.56,21056.09,230.5,22565.1,40688.4,0.0,10973.202,321.512,306.587,2657:12;2680:9848;2681:10603
332.5433,1788884515.5838,4,593.53,20467.54,21061.07,173.1,22574.3,40679.2,0.0,10974.558,321.608,306.587,2657:12;2680:9849;2681:10607
332.6473,1788884515.6877,4,593.53,20471.52,21065.05,192.4,22586.8,40666.7,0.0,10979.620,321.668,306.587,2657:12;2680:9848;2681:10611
332.7512,1788884515.7916,4,593.53,20490.12,21083.65,125.1,22586.8,40666.7,0.0,10982.716,321.753,306.587,2657:12;2680:9855;2681:10623
332.8551,1788884515.8956,4,593.53,20503.43,21096.96,201.9,22595.3,40658.1,0.0,10989.329,321.855,306.587,2657:12;2680:9857;2681:10634
332.9591,1788884515.9996,4,593.53,20508.21,21101.74,172.1,22599.6,40653.9,0.0,10994.824,321.934,306.587,2657:12;2680:9870;2681:10626
333.0636,1788884516.1041,4,593.53,20514.99,21108.52,105.8,22604.6,40648.8,0.0,10997.295,322.016,306.587,2657:12;2680:9870;2681:10632
333.1677,1788884516.2082,4,593.53,20525.07,21118.60,144.6,22604.4,40649.1,0.0,11000.399,322.095,306.587,2657:12;2680:9875;2681:10638
333.2714,1788884516.3119,4,593.53,20539.43,21132.96,123.3,22608.4,40645.1,0.0,11004.727,322.164,306.587,2657:12;2680:9884;2681:10643
333.3771,1788884516.4176,4,593.53,20537.86,21131.39,153.9,22617.0,40636.4,0.0,11008.919,322.214,306.587,2657:12;2680:9882;2681:10644
333.4809,1788884516.5213,4,593.53,20559.32,21152.85,211.9,22621.0,40632.4,0.0,11012.247,322.302,306.587,2657:12;2680:9892;2681:10655
333.5847,1788884516.6252,4,593.53,20561.47,21155.00,125.2,22638.0,40615.5,0.0,11015.275,322.386,306.587,2657:12;2680:9892;2681:10657
333.6885,1788884516.7290,4,593.53,20566.86,21160.39,202.4,22638.3,40615.2,0.0,11021.242,322.466,306.587,2657:12;2680:9895;2681:10660
333.7923,1788884516.8327,4,593.53,20582.09,21175.62,250.8,22642.3,40611.2,0.0,11027.245,322.578,306.587,2657:12;2680:9905;2681:10665
333.8959,1788884516.9364,4,593.53,20592.98,21186.51,105.9,22646.5,40606.9,0.0,11032.107,322.645,306.587,2657:12;2680:9911;2681:10670
333.9998,1788884517.0402,4,593.54,20604.40,21197.94,144.5,22638.6,40614.8,0.0,11034.870,322.699,306.587,2657:12;2680:9916;2681:10676
334.1036,1788884517.1441,4,593.59,20818.37,21411.96,801.6,22810.8,40442.7,0.0,11035.868,322.714,306.587,2657:12;2680:9970;2681:10836
334.2099,1788884517.2504,4,593.94,20652.31,21246.25,768.7,22732.3,40521.2,0.0,11039.592,322.747,306.587,2657:12;2680:9912;2681:10728
334.3152,1788884517.3556,4,593.94,20698.43,21292.36,105.6,22780.3,40473.2,0.0,11041.239,322.767,306.587,2657:12;2680:9957;2681:10729
334.4192,1788884517.4596,4,594.06,20698.88,21292.95,250.0,22785.2,40468.2,0.0,11042.109,322.785,306.587,2657:12;2680:9937;2681:10750
334.5232,1788884517.5636,4,594.11,20714.49,21308.60,481.2,22802.8,40450.6,0.0,11042.319,322.875,306.587,2657:12;2680:9954;2681:10748
334.6270,1788884517.6675,4,594.11,20721.73,21315.84,240.8,22803.9,40449.5,0.0,11042.919,322.945,306.587,2657:12;2680:9955;2681:10754
334.7308,1788884517.7712,4,594.11,20737.93,21332.04,231.4,22811.7,40441.8,0.0,11043.342,323.027,306.587,2657:12;2680:9960;2681:10765
334.8345,1788884517.8749,4,594.11,20765.00,21359.11,269.1,22811.8,40441.6,0.0,11044.022,323.146,306.587,2657:12;2680:9974;2681:10779
334.9386,1788884517.9791,4,594.13,20787.56,21381.69,308.1,22815.8,40437.6,0.0,11044.481,323.237,306.587,2657:12;2680:9985;2681:10791
335.0425,1788884518.0829,4,594.13,20804.60,21398.73,307.7,22806.7,40446.8,0.0,11045.114,323.344,306.587,2657:12;2680:9994;2681:10799
335.1465,1788884518.1869,4,594.13,20813.77,21407.89,269.8,22819.0,40434.5,0.0,11045.418,323.443,306.587,2657:12;2680:10001;2681:10801
335.2502,1788884518.2907,4,594.13,20838.52,21432.64,317.9,22823.0,40430.5,0.0,11045.788,323.554,306.587,2657:12;2680:10016;2681:10810
335.3540,1788884518.3945,4,594.18,20854.75,21448.93,210.7,22827.5,40426.0,0.0,11045.865,323.597,306.587,2657:12;2680:10029;2681:10813
335.4587,1788884518.4992,4,594.18,20866.46,21460.64,267.3,22834.4,40419.1,0.0,11047.298,323.713,306.587,2657:12;2680:10032;2681:10822
335.5633,1788884518.6037,4,594.18,20882.24,21476.42,95.0,22849.2,40404.2,0.0,11052.682,323.756,306.587,2657:12;2680:10045;2681:10825
335.6684,1788884518.7089,4,594.18,20893.97,21488.15,318.0,22865.1,40388.4,0.0,11056.867,323.872,306.587,2657:12;2680:10049;2681:10832
335.7722,1788884518.8127,4,594.18,20905.74,21499.92,211.9,22865.3,40388.2,0.0,11061.008,323.965,306.587,2657:12;2680:10055;2681:10839
335.8760,1788884518.9165,4,594.18,20911.21,21505.39,289.0,22866.5,40386.9,0.0,11066.598,324.021,306.587,2657:12;2680:10060;2681:10839
335.9798,1788884519.0203,4,594.18,20920.92,21515.10,106.0,22871.0,40382.5,0.0,11066.894,324.104,306.587,2657:12;2680:10065;2681:10844
336.0836,1788884519.1240,4,594.19,20928.87,21523.06,163.6,22865.1,40388.4,0.0,11073.423,324.158,306.587,2657:12;2680:10066;2681:10851
336.1875,1788884519.2279,4,594.19,20938.68,21532.86,183.2,22869.1,40384.4,0.0,11073.773,324.240,306.587,2657:12;2680:10071;2681:10855
336.2912,1788884519.3316,4,594.19,20940.33,21534.52,241.0,22877.3,40376.2,0.0,11080.854,324.284,306.587,2657:12;2680:10075;2681:10853
336.3949,1788884519.4353,4,594.19,20952.65,21546.84,57.9,22881.3,40372.2,0.0,11082.134,324.367,306.587,2657:12;2680:10079;2681:10861
336.4985,1788884519.5390,4,594.19,20954.82,21549.01,163.7,22883.0,40370.4,0.0,11087.837,324.400,306.587,2657:12;2680:10080;2681:10863
336.6024,1788884519.6428,4,594.19,20967.83,21562.02,77.1,22883.0,40370.4,0.0,11088.246,324.463,306.587,2657:12;2680:10085;2681:10870
336.7062,1788884519.7467,4,594.19,20971.18,21565.37,260.1,22895.3,40358.2,0.0,11095.168,324.518,306.587,2657:12;2680:10088;2681:10871
336.8100,1788884519.8505,4,594.19,20991.69,21585.88,115.5,22895.3,40358.2,0.0,11097.761,324.609,306.587,2657:12;2680:10100;2681:10880
336.9138,1788884519.9543,4,594.19,20986.04,21580.23,183.0,22899.5,40354.0,0.0,11102.629,324.642,306.587,2657:12;2680:10095;2681:10878
337.0176,1788884520.0581,4,594.19,21013.80,21607.99,144.5,22891.6,40361.8,0.0,11108.454,324.743,306.587,2657:12;2680:10112;2681:10890
337.1214,1788884520.1619,4,594.19,20997.87,21592.06,144.6,22898.2,40355.2,0.0,11109.857,324.764,306.587,2657:12;2680:10101;2681:10885
337.2252,1788884520.2657,4,594.19,21131.38,21725.57,316.5,22989.4,40264.0,0.0,11117.151,324.870,306.587,2657:12;2680:10125;2681:10994
337.3295,1788884520.3700,4,594.36,21376.26,21970.61,1134.0,23228.7,40024.7,0.0,11117.164,324.871,306.587,2657:12;2680:10322;2681:11042
337.4365,1788884520.4770,4,594.70,21159.19,21753.89,882.6,23172.2,40081.3,0.0,11117.164,324.871,306.587,2657:12;2680:10251;2681:10896
337.5417,1788884520.5822,4,595.05,21126.78,21721.84,721.9,23117.6,40135.9,0.0,11117.408,324.895,306.587,2657:12;2680:10210;2681:10905
337.6468,1788884520.6873,4,595.24,21148.00,21743.24,612.1,23166.9,40086.6,0.0,11117.726,325.002,306.587,2657:12;2680:10242;2681:10894
337.7522,1788884520.7926,4,595.34,21093.88,21689.21,496.9,23179.5,40074.0,0.0,11118.023,325.100,306.587,2657:12;2680:10196;2681:10886
337.8560,1788884520.8965,4,595.34,21118.60,21713.94,240.7,23184.2,40069.3,0.0,11118.513,325.215,306.587,2657:12;2680:10207;2681:10899
337.9599,1788884521.0004,4,595.40,21132.77,21728.17,279.4,23194.4,40059.1,0.0,11118.720,325.308,306.587,2657:12;2680:10215;2681:10906
338.0636,1788884521.1041,4,595.40,21149.82,21745.22,317.5,23199.0,40054.5,0.0,11119.046,325.390,306.587,2657:12;2680:10219;2681:10918
338.1676,1788884521.2081,4,595.40,21176.76,21772.16,308.2,23211.9,40041.5,0.0,11119.461,325.498,306.587,2657:12;2680:10226;2681:10938
338.2714,1788884521.3119,4,595.40,21188.50,21783.90,269.9,23215.9,40037.5,0.0,11119.992,325.608,306.587,2657:12;2680:10234;2681:10942
338.3752,1788884521.4156,4,595.40,21197.34,21792.74,259.9,23215.0,40038.5,0.0,11120.546,325.693,306.587,2657:12;2680:10236;2681:10949
338.4791,1788884521.5195,4,595.41,21197.52,21792.92,154.0,23215.3,40038.2,0.0,11120.743,325.736,306.587,2657:12;2680:10242;2681:10943
338.5830,1788884521.6234,4,595.41,21202.86,21798.27,77.1,23215.3,40038.2,0.0,11120.804,325.754,306.587,2657:12;2680:10249;2681:10941
338.6867,1788884521.7272,4,595.46,21223.33,21818.80,134.7,23223.5,40030.0,0.0,11121.205,325.795,306.587,2657:12;2680:10253;2681:10958
338.7906,1788884521.8311,4,595.46,21251.09,21846.55,163.6,23224.0,40029.5,0.0,11125.964,325.938,306.587,2657:12;2680:10268;2681:10971
338.8946,1788884521.9350,4,595.46,21245.60,21841.07,284.4,23237.9,40015.6,0.0,11129.862,325.984,306.587,2657:12;2680:10267;2681:10966
339.0002,1788884522.0407,4,595.47,21254.75,21850.23,96.2,23237.4,40016.1,0.0,11130.190,326.064,306.587,2657:12;2680:10267;2681:10975
339.1039,1788884522.1444,4,595.47,21257.43,21852.90,192.8,23237.9,40015.6,0.0,11130.280,326.083,306.587,2657:12;2680:10269;2681:10976
339.2077,1788884522.2481,4,595.47,21263.71,21859.19,38.6,23238.1,40015.4,0.0,11130.583,326.117,306.587,2657:12;2680:10270;2681:10981
339.3114,1788884522.3518,4,595.47,21271.84,21867.32,250.6,23247.2,40006.3,0.0,11137.588,326.211,306.587,2657:12;2680:10275;2681:10985
339.4151,1788884522.4556,4,595.47,21287.84,21883.31,57.8,23247.2,40006.3,0.0,11138.090,326.293,306.587,2657:12;2680:10282;2681:10994
339.5188,1788884522.5593,4,595.47,21307.28,21902.75,269.8,23263.4,39990.1,0.0,11146.962,326.400,306.587,2657:12;2680:10293;2681:11002
339.6226,1788884522.6631,4,595.47,21305.84,21901.32,173.3,23271.4,39982.1,0.0,11148.085,326.445,306.587,2657:12;2680:10291;2681:11003
339.7265,1788884522.7670,4,595.47,21324.71,21920.18,115.5,23275.6,39977.8,0.0,11152.733,326.548,306.587,2657:12;2680:10299;2681:11014
339.8305,1788884522.8710,4,595.47,21340.05,21935.53,240.6,23283.6,39969.8,0.0,11157.248,326.661,306.587,2657:12;2680:10306;2681:11022
339.9344,1788884522.9748,4,595.47,21344.80,21940.27,154.0,23287.8,39965.7,0.0,11163.809,326.700,306.587,2657:12;2680:10309;2681:11024
340.0382,1788884523.0787,4,595.47,21358.89,21954.36,240.6,23279.3,39974.2,0.0,11170.205,326.817,306.587,2657:12;2680:10311;2681:11035
340.1422,1788884523.1826,4,595.47,21368.31,21963.78,202.1,23290.4,39963.1,0.0,11173.456,326.917,306.587,2657:12;2680:10316;2681:11040
340.2460,1788884523.2865,4,595.47,21359.40,21954.87,241.0,23295.2,39958.2,0.0,11181.984,326.966,306.587,2657:12;2680:10315;2681:11032
340.3497,1788884523.3902,4,595.47,21393.58,21989.05,115.2,23311.2,39942.2,0.0,11184.727,327.053,306.587,2657:12;2680:10322;2681:11059
340.4546,1788884523.4950,4,595.49,21791.07,22386.56,839.6,23595.1,39658.4,0.0,11188.884,327.067,306.587,2657:12;2680:10533;2681:11246
340.5615,1788884523.6019,4,595.66,21811.14,22406.80,1047.3,23852.9,39400.6,0.0,11188.884,327.068,306.587,2657:12;2680:10515;2681:11284
340.6684,1788884523.7088,4,595.82,22166.99,22762.80,1021.5,24162.7,39090.8,0.0,11188.884,327.068,306.587,2657:12;2680:10486;2681:11669
340.7749,1788884523.8153,4,595.86,22277.42,22873.28,751.0,24339.3,38914.2,0.0,11188.884,327.068,306.587,2657:12;2680:10638;2681:11627
340.8803,1788884523.9208,4,595.96,22470.00,23065.96,1053.9,24622.8,38630.6,0.0,11188.884,327.068,306.587,2657:12;2680:10913;2681:11545
340.9865,1788884524.0269,4,596.04,22701.47,23297.51,1047.1,24904.6,38348.8,0.0,11188.885,327.068,306.587,2657:12;2680:11175;2681:11514
341.0923,1788884524.1328,4,596.18,22785.99,23382.17,1117.1,25116.7,38136.8,0.0,11188.885,327.068,306.587,2657:12;2680:11221;2681:11552
341.1982,1788884524.2386,4,596.47,21660.88,22257.36,890.7,24155.7,39097.7,0.0,11188.885,327.068,306.587,2657:12;2680:10795;2681:10854
341.3036,1788884524.3441,4,596.85,21460.12,22056.97,843.0,23947.9,39305.5,0.0,11188.886,327.069,306.587,2657:12;2680:10588;2681:10860
341.4092,1788884524.4497,4,596.94,21382.36,21979.30,279.0,23913.0,39340.5,0.0,11189.224,327.157,306.587,2657:12;2680:10575;2681:10795
341.5129,1788884524.5534,4,597.01,21384.13,21981.14,115.7,23914.7,39338.8,0.0,11189.344,327.180,306.587,2657:12;2680:10574;2681:10798
341.6166,1788884524.6571,4,597.01,21390.82,21987.82,115.8,23914.7,39338.8,0.0,11189.606,327.245,306.587,2657:12;2680:10578;2681:10800
341.7202,1788884524.7607,4,597.00,21410.00,22006.99,86.8,23915.2,39338.3,0.0,11192.322,327.256,306.587,2657:12;2680:10591;2681:10807
341.8239,1788884524.8644,4,597.05,21565.52,22162.57,693.2,24000.0,39253.5,0.0,11192.390,327.256,306.587,2657:12;2680:10668;2681:10885
341.9279,1788884524.9683,4,597.11,21820.20,22417.31,702.3,24078.1,39175.3,0.0,11192.390,327.256,306.587,2657:12;2680:10756;2681:11052
342.0318,1788884525.0723,4,597.15,21949.23,22546.39,734.4,24261.5,38991.9,0.0,11192.390,327.256,306.587,2657:12;2680:10978;2681:10959
342.1366,1788884525.1771,4,597.16,22140.38,22737.54,488.4,24429.6,38823.8,0.0,11192.390,327.256,306.587,2657:12;2680:11044;2681:11084
342.2414,1788884525.2819,4,597.20,22261.82,22859.02,756.9,24611.6,38641.9,0.0,11192.390,327.256,306.587,2657:12;2680:11195;2681:11054
342.3470,1788884525.3874,4,597.22,22852.35,23449.57,1145.3,25194.1,38059.4,0.0,11192.390,327.256,306.587,2657:12;2680:11571;2681:11269
342.4527,1788884525.4931,4,597.25,22989.65,23586.91,1231.7,25411.5,37842.0,0.0,11192.390,327.256,306.587,2657:12;2680:11505;2681:11473
342.5590,1788884525.5995,4,597.33,23029.98,23627.31,1118.0,25424.9,37828.6,0.0,11192.390,327.257,306.587,2657:12;2680:11532;2681:11486
342.6645,1788884525.7050,4,597.44,22415.70,23013.14,1171.7,25126.0,38127.4,0.0,11192.390,327.257,306.587,2657:12;2680:11035;2681:11368
342.7714,1788884525.8119,4,597.48,22408.17,23005.65,1029.2,25103.1,38150.4,0.0,11192.390,327.257,306.587,2657:12;2680:10943;2681:11453
342.8771,1788884525.9176,4,597.59,21917.87,22515.46,1024.7,24793.4,38460.1,0.0,11192.390,327.260,306.587,2657:12;2680:10357;2681:11549
342.9824,1788884526.0228,4,597.62,21869.38,22467.00,627.4,24868.6,38384.9,0.0,11192.587,327.283,306.587,2657:12;2680:10320;2681:11537
343.0876,1788884526.1281,4,597.66,21421.55,22019.22,368.4,24451.7,38801.8,0.0,11192.793,327.369,306.587,2657:12;2680:10186;2681:11223
343.1936,1788884526.2340,4,597.66,21436.89,22034.55,268.7,24463.9,38789.5,0.0,11193.183,327.440,306.587,2657:12;2680:10202;2681:11223
343.2975,1788884526.3380,4,597.66,21467.72,22065.39,221.5,24472.7,38780.8,0.0,11195.249,327.559,306.587,2657:12;2680:10220;2681:11235
343.4014,1788884526.4418,4,597.66,21484.23,22081.89,269.6,24485.7,38767.8,0.0,11197.457,327.652,306.587,2657:12;2680:10237;2681:11235
343.5052,1788884526.5457,4,597.66,21494.75,22092.41,151.1,24501.7,38751.8,0.0,11198.443,327.746,306.587,2657:12;2680:10242;2681:11240
343.6114,1788884526.6518,4,597.66,21522.55,22120.21,326.6,24513.7,38739.8,0.0,11201.871,327.895,306.587,2657:12;2680:10262;2681:11248
343.7152,1788884526.7556,4,597.66,21535.39,22133.05,259.9,24525.7,38727.8,0.0,11202.069,327.962,306.587,2657:12;2680:10272;2681:11251
343.8191,1788884526.8595,4,597.66,21537.96,22135.63,96.4,24525.9,38727.6,0.0,11202.274,328.014,306.587,2657:12;2680:10268;2681:11258
343.9228,1788884526.9632,4,597.67,21546.84,22144.51,125.4,24534.1,38719.3,0.0,11205.024,328.041,306.587,2657:12;2680:10271;2681:11263
344.0265,1788884527.0669,4,597.67,21548.05,22145.72,57.8,24518.4,38735.1,0.0,11205.226,328.095,306.587,2657:12;2680:10270;2681:11266
344.1302,1788884527.1707,4,597.68,21548.75,22146.42,38.6,24515.9,38737.5,0.0,11207.216,328.106,306.587,2657:12;2680:10268;2681:11268
344.2341,1788884527.2745,4,597.68,21557.90,22155.58,115.6,24523.9,38729.5,0.0,11208.233,328.162,306.587,2657:12;2680:10270;2681:11275
344.3378,1788884527.3782,4,597.68,21569.42,22167.10,38.5,24523.9,38729.5,0.0,11210.724,328.173,306.587,2657:12;2680:10272;2681:11285
344.4414,1788884527.4818,4,597.68,21571.43,22169.11,86.9,24527.9,38725.5,0.0,11210.929,328.229,306.587,2657:12;2680:10272;2681:11287
344.5450,1788884527.5854,4,597.68,21574.41,22172.09,57.8,24527.9,38725.5,0.0,11212.855,328.243,306.587,2657:12;2680:10274;2681:11288
344.6487,1788884527.6891,4,597.68,21580.07,22177.75,57.8,24532.4,38721.1,0.0,11213.460,328.294,306.587,2657:12;2680:10274;2681:11294
344.7524,1788884527.7929,4,597.68,21586.10,22183.78,106.1,24532.4,38721.1,0.0,11215.792,328.312,306.587,2657:12;2680:10276;2681:11298
344.8560,1788884527.8965,4,597.68,21591.10,22188.78,38.6,24540.4,38713.1,0.0,11215.990,328.360,306.587,2657:12;2680:10277;2681:11302
344.9597,1788884528.0002,4,597.68,21595.37,22193.05,86.8,24540.4,38713.1,0.0,11218.750,328.379,306.587,2657:12;2680:10278;2681:11305
345.0634,1788884528.1039,4,597.68,21592.67,22190.35,9.6,24518.4,38735.1,0.0,11218.783,328.381,306.587,2657:12;2680:10278;2681:11302
345.1671,1788884528.2076,4,597.68,21699.12,22296.80,182.9,24594.9,38658.6,0.0,11218.963,328.427,306.587,2657:12;2680:10381;2681:11306
345.2710,1788884528.3115,4,597.74,21867.82,22465.56,563.2,24491.9,38761.6,0.0,11221.285,328.435,306.587,2657:12;2680:10540;2681:11316
345.3780,1788884528.4185,4,597.90,21742.77,22340.67,431.8,24439.8,38813.6,0.0,11221.292,328.449,306.587,2657:12;2680:10448;2681:11282
345.4818,1788884528.5222,4,597.90,21758.04,22355.94,183.1,24447.5,38806.0,0.0,11221.690,328.534,306.587,2657:12;2680:10457;2681:11289
345.5856,1788884528.6260,4,597.90,21779.21,22377.11,163.8,24455.5,38798.0,0.0,11222.063,328.615,306.587,2657:12;2680:10469;2681:11298
345.6893,1788884528.7298,4,597.90,21785.39,22383.29,144.6,24463.5,38790.0,0.0,11222.374,328.685,306.587,2657:12;2680:10471;2681:11302
345.7930,1788884528.8335,4,597.90,21810.13,22408.03,154.0,24479.5,38774.0,0.0,11222.574,328.748,306.587,2657:12;2680:10484;2681:11314
345.8969,1788884528.9374,4,597.93,21821.58,22419.51,163.7,24483.5,38770.0,0.0,11222.865,328.832,306.587,2657:12;2680:10489;2681:11320
346.0008,1788884529.0412,4,597.93,21832.89,22430.82,115.6,24469.5,38784.0,0.0,11223.095,328.889,306.587,2657:12;2680:10495;2681:11325
346.1046,1788884529.1451,4,597.93,21836.27,22434.21,134.9,24473.1,38780.4,0.0,11223.285,328.935,306.587,2657:12;2680:10495;2681:11329
346.2084,1788884529.2488,4,597.93,21838.27,22436.21,38.6,24477.3,38776.1,0.0,11223.310,328.950,306.587,2657:12;2680:10495;2681:11331
346.3121,1788884529.3525,4,597.96,21856.94,22454.90,115.6,24485.6,38767.9,0.0,11223.417,328.979,306.587,2657:12;2680:10508;2681:11337
346.4159,1788884529.4563,4,597.97,21853.72,22451.69,57.8,24485.6,38767.9,0.0,11223.605,328.990,306.587,2657:12;2680:10505;2681:11337
346.5197,1788884529.5601,4,597.97,21862.80,22460.77,125.3,24493.3,38760.2,0.0,11223.677,329.044,306.587,2657:12;2680:10508;2681:11343
346.6234,1788884529.6639,4,597.97,21874.22,22472.19,106.0,24495.2,38758.2,0.0,11226.708,329.108,306.587,2657:12;2680:10513;2681:11349
346.7271,1788884529.7676,4,597.97,21880.32,22478.29,67.5,24503.2,38750.2,0.0,11229.025,329.125,306.587,2657:12;2680:10517;2681:11352
346.8308,1788884529.8713,4,597.97,21887.56,22485.53,77.0,24507.2,38746.2,0.0,11231.459,329.184,306.587,2657:12;2680:10520;2681:11355
346.9348,1788884529.9752,4,597.97,21899.88,22497.85,106.0,24507.5,38746.0,0.0,11231.672,329.231,306.587,2657:12;2680:10529;2681:11358
347.0385,1788884530.0790,4,597.97,21897.43,22495.39,66.7,24498.5,38754.9,0.0,11233.552,329.253,306.587,2657:12;2680:10527;2681:11359
347.1435,1788884530.1840,4,597.97,21912.21,22510.18,115.6,24494.9,38758.6,0.0,11235.780,329.315,306.587,2657:12;2680:10533;2681:11367
347.2474,1788884530.2878,4,597.97,21917.26,22515.23,67.4,24494.9,38758.6,0.0,11236.489,329.364,306.587,2657:12;2680:10536;2681:11369
347.3512,1788884530.3917,4,597.97,21930.56,22528.53,57.9,24499.1,38754.3,0.0,11238.741,329.378,306.587,2657:12;2680:10542;2681:11376
347.4549,1788884530.4953,4,597.97,21924.32,22522.29,38.6,24499.1,38754.3,0.0,11238.840,329.406,306.587,2657:12;2680:10539;2681:11373
347.5585,1788884530.5990,4,597.97,21939.11,22537.08,86.8,24495.3,38758.2,0.0,11241.469,329.446,306.587,2657:12;2680:10545;2681:11382
347.6622,1788884530.7026,4,597.97,21942.18,22540.14,67.5,24495.0,38758.4,0.0,11241.678,329.499,306.587,2657:12;2680:10547;2681:11383
347.7659,1788884530.8063,4,597.97,21949.37,22547.34,115.7,24495.0,38758.5,0.0,11244.296,329.555,306.587,2657:12;2680:10551;2681:11386
347.8696,1788884530.9101,4,597.97,21973.18,22571.15,125.2,24503.9,38749.6,0.0,11246.983,329.612,306.587,2657:12;2680:10559;2681:11402
347.9734,1788884531.0139,4,598.03,22004.25,22602.29,327.3,24449.2,38804.3,0.0,11249.746,329.621,306.587,2657:12;2680:10593;2681:11399
348.0773,1788884531.1177,4,598.23,22007.74,22605.98,404.8,24344.1,38909.4,0.0,11249.826,329.639,306.587,2657:12;2680:10582;2681:11413
348.1810,1788884531.2214,4,598.23,22021.46,22619.69,212.3,24351.6,38901.8,0.0,11250.072,329.703,306.587,2657:12;2680:10587;2681:11422
348.2846,1788884531.3250,4,598.23,22033.71,22631.95,135.2,24359.8,38893.7,0.0,11250.317,329.785,306.587,2657:12;2680:10593;2681:11429
348.3881,1788884531.4286,4,598.24,22048.06,22646.30,125.5,24372.0,38881.4,0.0,11250.548,329.843,306.587,2657:12;2680:10599;2681:11437
348.4917,1788884531.5322,4,598.24,22058.37,22656.61,212.4,24384.0,38869.4,0.0,11250.670,329.899,306.587,2657:12;2680:10605;2681:11441
348.5953,1788884531.6358,4,598.24,22072.37,22670.61,115.9,24392.0,38861.4,0.0,11251.159,329.958,306.587,2657:12;2680:10610;2681:11451
348.6989,1788884531.7393,4,598.24,22090.75,22688.99,164.3,24400.0,38853.4,0.0,11251.408,330.031,306.587,2657:12;2680:10616;2681:11463
348.8024,1788884531.8429,4,598.24,22096.10,22694.34,154.5,24412.0,38841.4,0.0,11251.646,330.081,306.587,2657:12;2680:10619;2681:11465
348.9060,1788884531.9464,4,598.25,22110.88,22709.12,219.3,24417.0,38836.5,0.0,11251.789,330.137,306.587,2657:12;2680:10631;2681:11467
349.0109,1788884532.0514,4,598.25,22112.62,22710.87,19.2,24421.0,38832.5,0.0,11251.843,330.154,306.587,2657:12;2680:10633;2681:11467
349.1148,1788884532.1553,4,598.25,22120.33,22718.58,134.7,24421.0,38832.5,0.0,11252.076,330.212,306.587,2657:12;2680:10637;2681:11471
349.2188,1788884532.2592,4,598.25,22126.82,22725.07,86.7,24425.0,38828.5,0.0,11254.717,330.247,306.587,2657:12;2680:10641;2681:11473
349.3226,1788884532.3630,4,598.25,22141.48,22739.73,67.4,24429.0,38824.5,0.0,11254.932,330.301,306.587,2657:12;2680:10647;2681:11482
349.4265,1788884532.4670,4,598.25,22149.74,22747.99,132.0,24433.3,38820.2,0.0,11258.166,330.353,306.587,2657:12;2680:10653;2681:11484
349.5328,1788884532.5732,4,598.25,22160.05,22758.30,96.0,24437.3,38816.2,0.0,11260.881,330.389,306.587,2657:12;2680:10656;2681:11492
349.6367,1788884532.6772,4,598.25,22154.36,22752.61,19.3,24441.2,38812.2,0.0,11260.881,330.396,306.587,2657:12;2680:10656;2681:11486
349.7404,1788884532.7808,4,598.25,22161.89,22760.14,48.2,24441.2,38812.2,0.0,11261.087,330.442,306.587,2657:12;2680:10658;2681:11492
349.8443,1788884532.8847,4,598.25,22168.46,22766.71,85.2,24445.2,38808.2,0.0,11263.564,330.462,306.587,2657:12;2680:10662;2681:11494
349.9499,1788884532.9903,4,598.25,22172.25,22770.50,48.2,24445.2,38808.2,0.0,11263.769,330.508,306.587,2657:12;2680:10664;2681:11496
350.0537,1788884533.0941,4,598.25,22176.40,22774.65,105.8,24428.5,38825.0,0.0,11266.972,330.531,306.587,2657:12;2680:10668;2681:11496
350.1576,1788884533.1981,4,598.25,22183.54,22781.79,48.1,24424.0,38829.5,0.0,11267.177,330.575,306.587,2657:12;2680:10669;2681:11502
350.2616,1788884533.3020,4,598.25,22188.40,22786.65,86.7,24440.2,38813.2,0.0,11269.843,330.597,306.587,2657:12;2680:10674;2681:11502
350.3654,1788884533.4059,4,598.25,22195.96,22794.21,19.2,24440.2,38813.2,0.0,11270.056,330.643,306.587,2657:12;2680:10676;2681:11508
350.4694,1788884533.5099,4,598.25,22198.40,22796.65,77.1,24440.2,38813.2,0.0,11270.095,330.654,306.587,2657:12;2680:10678;2681:11508
350.5732,1788884533.6136,4,598.25,22211.76,22810.01,67.4,24440.5,38813.0,0.0,11271.864,330.705,306.587,2657:12;2680:10680;2681:11519
350.6770,1788884533.7175,4,598.25,22208.40,22806.65,77.1,24456.4,38797.0,0.0,11273.522,330.723,306.587,2657:12;2680:10684;2681:11512
350.7808,1788884533.8212,4,598.25,22215.18,22813.43,57.8,24456.4,38797.0,0.0,11273.731,330.772,306.587,2657:12;2680:10685;2681:11518
350.8845,1788884533.9249,4,598.25,22222.89,22821.14,96.4,24450.8,38802.7,0.0,11276.575,330.835,306.587,2657:12;2680:10688;2681:11523
350.9881,1788884534.0286,4,598.26,22435.77,23034.03,383.2,24525.3,38728.2,0.0,11279.499,330.844,306.587,2657:12;2680:10781;2681:11642
351.0926,1788884534.1331,4,598.37,22282.46,22880.83,510.8,24373.6,38879.9,0.0,11279.512,330.860,306.587,2657:12;2680:10724;2681:11546
351.1964,1788884534.2368,4,598.37,22295.64,22894.01,202.4,24390.1,38863.4,0.0,11279.846,330.943,306.587,2657:12;2680:10730;2681:11553
351.3001,1788884534.3405,4,598.37,22307.01,22905.38,96.4,24398.2,38855.3,0.0,11280.321,331.007,306.587,2657:12;2680:10737;2681:11558
351.4038,1788884534.4443,4,598.37,22329.08,22927.45,142.2,24402.9,38850.5,0.0,11280.871,331.077,306.587,2657:12;2680:10748;2681:11569
351.5096,1788884534.5501,4,598.37,22342.00,22940.38,201.9,24422.9,38830.5,0.0,11281.134,331.163,306.587,2657:12;2680:10755;2681:11575
351.6133,1788884534.6538,4,598.37,22359.98,22958.36,144.6,24434.9,38818.5,0.0,11281.441,331.235,306.587,2657:12;2680:10761;2681:11587
351.7170,1788884534.7575,4,598.37,22374.16,22972.54,202.5,24454.9,38798.5,0.0,11281.713,331.325,306.587,2657:12;2680:10769;2681:11593
351.8208,1788884534.8612,4,598.37,22378.39,22976.76,85.9,24454.9,38798.5,0.0,11281.945,331.350,306.587,2657:12;2680:10772;2681:11594
351.9256,1788884534.9661,4,598.40,22392.07,22990.48,182.8,24465.1,38788.4,0.0,11282.257,331.419,306.587,2657:12;2680:10779;2681:11601
352.0295,1788884535.0700,4,598.40,22397.05,22995.46,113.8,24445.0,38808.4,0.0,11282.472,331.452,306.587,2657:12;2680:10781;2681:11604
352.1353,1788884535.1758,4,598.40,22401.30,22999.71,28.8,24442.5,38811.0,0.0,11283.264,331.498,306.587,2657:12;2680:10784;2681:11605
352.2392,1788884535.2797,4,598.40,22413.47,23011.87,144.3,24447.8,38805.7,0.0,11285.274,331.558,306.587,2657:12;2680:10790;2681:11611
352.3432,1788884535.3836,4,598.40,22421.98,23020.38,76.6,24455.6,38797.9,0.0,11287.595,331.605,306.587,2657:12;2680:10796;2681:11614
352.4479,1788884535.4884,4,598.40,22433.44,23031.84,105.5,24459.6,38793.9,0.0,11290.185,331.640,306.587,2657:12;2680:10801;2681:11620
352.5518,1788884535.5923,4,598.40,22432.05,23030.46,28.3,24459.6,38793.9,0.0,11290.284,331.652,306.587,2657:12;2680:10800;2681:11620
352.6581,1788884535.6985,4,598.40,22448.00,23046.40,76.5,24459.6,38793.9,0.0,11292.984,331.706,306.587,2657:12;2680:10809;2681:11627
352.7625,1788884535.8030,4,598.40,22437.21,23035.61,67.4,24459.6,38793.9,0.0,11293.017,331.719,306.587,2657:12;2680:10802;2681:11623
352.8662,1788884535.9067,4,598.40,22452.13,23050.53,77.0,24463.6,38789.9,0.0,11295.479,331.769,306.587,2657:12;2680:10810;2681:11630
352.9702,1788884536.0107,4,598.40,22457.62,23056.02,125.1,24471.8,38781.6,0.0,11295.785,331.825,306.587,2657:12;2680:10812;2681:11633
353.0741,1788884536.1146,4,598.40,22465.19,23063.59,75.4,24456.8,38796.7,0.0,11298.262,331.856,306.587,2657:12;2680:10817;2681:11635
353.1803,1788884536.2208,4,598.40,22476.54,23074.94,115.6,24462.7,38790.8,0.0,11300.674,331.903,306.587,2657:12;2680:10823;2681:11641
353.2842,1788884536.3246,4,598.40,22481.54,23079.94,67.4,24465.0,38788.5,0.0,11300.882,331.954,306.587,2657:12;2680:10824;2681:11645
353.3880,1788884536.4285,4,598.41,22490.42,23088.83,106.0,24473.0,38780.5,0.0,11303.789,332.015,306.587,2657:12;2680:10831;2681:11648
353.4919,1788884536.5323,4,598.41,22494.09,23092.50,57.8,24475.0,38778.5,0.0,11306.424,332.032,306.587,2657:12;2680:10831;2681:11651
353.5957,1788884536.6361,4,598.41,22497.52,23095.93,67.4,24475.2,38778.2,0.0,11306.560,332.077,306.587,2657:12;2680:10833;2681:11652
353.6995,1788884536.7399,4,598.41,22746.59,23345.00,484.5,24718.5,38535.0,0.0,11309.822,332.087,306.587,2657:12;2680:10977;2681:11757
353.8049,1788884536.8453,4,598.50,22560.47,23158.97,449.0,24474.2,38779.3,0.0,11310.019,332.099,306.587,2657:12;2680:10862;2681:11686
353.9094,1788884536.9499,4,598.52,22577.57,23176.09,163.9,24485.8,38767.7,0.0,11310.211,332.188,306.587,2657:12;2680:10869;2681:11696
354.0131,1788884537.0536,4,598.52,22597.13,23195.65,154.3,24493.7,38759.7,0.0,11310.497,332.243,306.587,2657:12;2680:10877;2681:11707
354.1167,1788884537.1572,4,598.52,22604.87,23203.38,173.7,24498.5,38755.0,0.0,11310.723,332.323,306.587,2657:12;2680:10881;2681:11712
354.2204,1788884537.2608,4,598.52,22628.24,23226.75,183.4,24514.7,38738.7,0.0,11310.937,332.397,306.587,2657:12;2680:10893;2681:11723
354.3239,1788884537.3644,4,598.52,22645.52,23244.04,125.5,24522.7,38730.7,0.0,11311.329,332.464,306.587,2657:12;2680:10904;2681:11729
354.4275,1788884537.4680,4,598.52,22655.27,23253.79,173.8,24535.2,38718.2,0.0,11311.659,332.545,306.587,2657:12;2680:10908;2681:11735
354.5311,1788884537.5716,4,598.52,22666.12,23264.63,164.1,24535.5,38718.0,0.0,11311.990,332.621,306.587,2657:12;2680:10914;2681:11739
354.6347,1788884537.6752,4,598.56,22672.63,23271.19,96.4,24540.2,38713.2,0.0,11312.030,332.642,306.587,2657:12;2680:10918;2681:11742
354.7385,1788884537.7789,4,598.56,22681.57,23280.14,135.1,24542.0,38711.5,0.0,11313.284,332.718,306.587,2657:12;2680:10923;2681:11746
354.8421,1788884537.8826,4,598.56,22689.52,23288.08,115.7,24556.9,38696.6,0.0,11315.807,332.779,306.587,2657:12;2680:10927;2681:11751
354.9459,1788884537.9863,4,598.56,22703.23,23301.79,57.8,24556.9,38696.6,0.0,11318.438,332.797,306.587,2657:12;2680:10934;2681:11757
355.0498,1788884538.0902,4,598.56,22695.61,23294.17,67.5,24560.5,38693.0,0.0,11318.603,332.818,306.587,2657:12;2680:10929;2681:11754
355.1534,1788884538.1939,4,598.56,22700.96,23299.53,38.6,24564.1,38689.4,0.0,11318.991,332.854,306.587,2657:12;2680:10932;2681:11757
355.2573,1788884538.2977,4,598.56,22715.27,23313.83,115.2,24564.7,38688.8,0.0,11322.624,332.914,306.587,2657:12;2680:10937;2681:11766
355.3614,1788884538.4019,4,598.56,22715.92,23314.48,86.7,24572.7,38680.8,0.0,11324.037,332.931,306.587,2657:12;2680:10940;2681:11764
355.4652,1788884538.5057,4,598.57,22723.91,23322.48,38.6,24572.7,38680.8,0.0,11324.243,332.976,306.587,2657:12;2680:10943;2681:11769
355.5690,1788884538.6095,4,598.57,22727.92,23326.49,125.3,24576.9,38676.6,0.0,11327.505,333.000,306.587,2657:12;2680:10946;2681:11770
355.6728,1788884538.7132,4,598.57,22736.91,23335.48,57.8,24577.1,38676.3,0.0,11327.715,333.049,306.587,2657:12;2680:10950;2681:11775
355.7766,1788884538.8171,4,598.57,22743.75,23342.31,125.4,24581.1,38672.3,0.0,11331.201,333.116,306.587,2657:12;2680:10953;2681:11779
355.8803,1788884538.9208,4,598.57,22755.61,23354.17,86.7,24585.1,38668.3,0.0,11334.660,333.138,306.587,2657:12;2680:10959;2681:11784
355.9842,1788884539.0247,4,598.57,22756.14,23354.70,57.7,24581.4,38672.1,0.0,11334.860,333.187,306.587,2657:12;2680:10959;2681:11785
356.0881,1788884539.1286,4,598.57,22767.69,23366.25,105.9,24577.2,38676.3,0.0,11338.287,333.208,306.587,2657:12;2680:10965;2681:11790
356.1919,1788884539.2324,4,598.57,22772.25,23370.81,76.4,24581.3,38672.2,0.0,11340.740,333.264,306.587,2657:12;2680:10967;2681:11793
356.2965,1788884539.3370,4,598.57,22764.91,23363.48,86.7,24581.5,38672.0,0.0,11341.680,333.279,306.587,2657:12;2680:10965;2681:11787
356.4003,1788884539.4408,4,598.57,22876.09,23474.66,144.5,24655.8,38597.7,0.0,11342.905,333.330,306.587,2657:12;2680:11041;2681:11823
356.5042,1788884539.5446,4,598.61,22897.42,23496.03,574.3,24602.0,38651.4,0.0,11344.695,333.338,306.587,2657:12;2680:11041;2681:11844
356.6087,1788884539.6492,4,598.64,22849.93,23448.58,221.5,24597.8,38655.7,0.0,11344.922,333.394,306.587,2657:12;2680:11010;2681:11828
356.7125,1788884539.7529,4,598.64,22858.20,23456.84,192.8,24623.8,38629.7,0.0,11345.307,333.474,306.587,2657:12;2680:11014;2681:11832
356.8162,1788884539.8567,4,598.64,22877.08,23475.72,154.2,24635.8,38617.7,0.0,11345.597,333.550,306.587,2657:12;2680:11022;2681:11843
356.9199,1788884539.9604,4,598.68,22897.00,23495.68,154.3,24648.3,38605.2,0.0,11345.796,333.616,306.587,2657:12;2680:11035;2681:11850
357.0236,1788884540.0640,4,598.68,22907.13,23505.81,202.6,24656.3,38597.2,0.0,11346.199,333.708,306.587,2657:12;2680:11041;2681:11854
357.1272,1788884540.1677,4,598.68,22927.07,23525.75,144.7,24670.2,38583.3,0.0,11346.422,333.778,306.587,2657:12;2680:11053;2681:11862
357.2309,1788884540.2713,4,598.68,22935.59,23534.27,164.2,24670.2,38583.3,0.0,11346.806,333.836,306.587,2657:12;2680:11058;2681:11865
357.3344,1788884540.3749,4,598.70,22947.82,23546.52,154.3,24679.1,38574.4,0.0,11346.988,333.900,306.587,2657:12;2680:11063;2681:11873
357.4382,1788884540.4786,4,598.71,22948.14,23546.84,67.7,24679.6,38573.9,0.0,11347.183,333.901,306.587,2657:12;2680:11063;2681:11873
357.5417,1788884540.5822,4,598.71,22956.99,23555.70,67.5,24684.8,38568.7,0.0,11347.256,333.969,306.587,2657:12;2680:11069;2681:11876
357.6455,1788884540.6860,4,598.71,22970.35,23569.06,115.8,24714.8,38538.7,0.0,11349.778,334.024,306.587,2657:12;2680:11078;2681:11880
357.7492,1788884540.7897,4,598.71,22971.58,23570.29,86.8,24719.0,38534.5,0.0,11352.204,334.045,306.587,2657:12;2680:11075;2681:11884
357.8529,1788884540.8933,4,598.71,22987.06,23585.77,57.7,24727.0,38526.5,0.0,11354.722,334.096,306.587,2657:12;2680:11084;2681:11890
357.9568,1788884540.9973,4,598.71,22983.02,23581.73,86.8,24731.2,38522.3,0.0,11354.757,334.110,306.587,2657:12;2680:11081;2681:11890
358.0605,1788884541.1010,4,598.71,22995.10,23593.81,115.6,24735.2,38518.3,0.0,11357.219,334.163,306.587,2657:12;2680:11087;2681:11896
358.1644,1788884541.2049,4,598.71,23005.04,23603.75,57.7,24731.6,38521.9,0.0,11359.698,334.216,306.587,2657:12;2680:11094;2681:11899
358.2684,1788884541.3089,4,598.71,23004.09,23602.80,125.4,24739.6,38513.9,0.0,11360.154,334.237,306.587,2657:12;2680:11093;2681:11899
358.3720,1788884541.4125,4,598.71,23019.04,23617.75,48.0,24743.6,38509.9,0.0,11362.497,334.281,306.587,2657:12;2680:11105;2681:11902
358.4764,1788884541.5169,4,598.71,23016.52,23615.23,106.0,24747.6,38505.9,0.0,11362.805,334.292,306.587,2657:12;2680:11101;2681:11903
358.5801,1788884541.6205,4,598.71,23022.39,23621.10,28.9,24747.6,38505.9,0.0,11363.312,334.337,306.587,2657:12;2680:11104;2681:11906
358.6838,1788884541.7243,4,598.71,23028.58,23627.29,125.2,24759.6,38493.9,0.0,11365.766,334.362,306.587,2657:12;2680:11107;2681:11909
358.7877,1788884541.8281,4,598.71,23043.16,23641.88,96.4,24763.6,38489.9,0.0,11368.426,334.414,306.587,2657:12;2680:11115;2681:11916
358.8915,1788884541.9320,4,598.71,23044.55,23643.27,77.1,24763.6,38489.9,0.0,11368.633,334.462,306.587,2657:12;2680:11116;2681:11916
358.9953,1788884542.0358,4,598.71,23052.57,23651.28,96.2,24760.7,38492.8,0.0,11371.290,334.477,306.587,2657:12;2680:11118;2681:11922
359.0992,1788884542.1396,4,598.71,23193.39,23792.10,182.6,24916.7,38336.8,0.0,11371.885,334.524,306.587,2657:12;2680:11261;2681:11920
359.2032,1788884542.2437,4,598.72,23264.28,23863.00,440.0,24984.5,38269.0,0.0,11374.247,334.529,306.587,2657:12;2680:11204;2681:12048
359.3078,1788884542.3482,4,598.78,23121.83,23720.61,355.9,24748.4,38505.1,0.0,11374.485,334.589,306.587,2657:12;2680:11161;2681:11949
359.4116,1788884542.4521,4,598.78,23133.45,23732.23,173.4,24780.2,38473.2,0.0,11374.945,334.648,306.587,2657:12;2680:11166;2681:11955
359.5155,1788884542.5559,4,598.78,23157.98,23756.76,173.4,24792.2,38461.2,0.0,11375.384,334.726,306.587,2657:12;2680:11178;2681:11968
359.6192,1788884542.6597,4,598.78,23168.31,23767.09,221.8,24804.2,38449.2,0.0,11375.720,334.790,306.587,2657:12;2680:11182;2681:11974
359.7228,1788884542.7633,4,598.78,23179.48,23778.26,231.7,24820.2,38433.2,0.0,11375.989,334.887,306.587,2657:12;2680:11190;2681:11978
359.8265,1788884542.8669,4,598.78,23199.33,23798.11,202.6,24828.2,38425.2,0.0,11376.202,334.954,306.587,2657:12;2680:11198;2681:11989
359.9301,1788884542.9706,4,598.80,23207.91,23806.70,231.5,24845.0,38408.5,0.0,11376.467,335.029,306.587,2657:12;2680:11203;2681:11992
360.0338,1788884543.0743,4,598.80,23217.03,23815.82,202.5,24843.9,38409.6,0.0,11376.678,335.091,306.587,2657:12;2680:11208;2681:11997
360.1375,1788884543.1780,4,598.83,23229.73,23828.57,37.8,24847.2,38406.3,0.0,11376.765,335.111,306.587,2657:12;2680:11211;2681:12007
360.2436,1788884543.2841,4,598.83,23242.63,23841.46,142.3,24859.6,38393.8,0.0,11378.943,335.185,306.587,2657:12;2680:11216;2681:12014
360.3490,1788884543.3895,4,598.83,23248.20,23847.03,96.2,24870.5,38382.9,0.0,11380.143,335.241,306.587,2657:12;2680:11222;2681:12014
360.4528,1788884543.4932,4,598.83,23252.30,23851.14,96.4,24874.8,38378.7,0.0,11383.452,335.262,306.587,2657:12;2680:11223;2681:12017
360.5565,1788884543.5970,4,598.83,23260.29,23859.12,28.9,24874.8,38378.7,0.0,11383.655,335.307,306.587,2657:12;2680:11228;2681:12020
360.6603,1788884543.7008,4,598.83,23264.34,23863.17,96.4,24894.8,38358.7,0.0,11386.705,335.330,306.587,2657:12;2680:11229;2681:12023
360.7640,1788884543.8045,4,598.83,23272.59,23871.43,38.6,24894.8,38358.7,0.0,11387.476,335.378,306.587,2657:12;2680:11234;2681:12026
360.8678,1788884543.9082,4,598.83,23274.35,23873.18,96.4,24894.1,38359.4,0.0,11390.370,335.400,306.587,2657:12;2680:11233;2681:12029
360.9716,1788884544.0120,4,598.83,23283.58,23882.41,77.1,24902.6,38350.9,0.0,11390.578,335.448,306.587,2657:12;2680:11238;2681:12033
361.0753,1788884544.1157,4,598.83,23295.43,23894.26,135.0,24905.4,38348.1,0.0,11393.422,335.507,306.587,2657:12;2680:11247;2681:12036
361.1789,1788884544.2194,4,598.83,23296.47,23895.30,86.7,24909.1,38344.4,0.0,11395.776,335.525,306.587,2657:12;2680:11245;2681:12039
361.2828,1788884544.3232,4,598.83,23313.57,23912.40,77.1,24917.4,38336.1,0.0,11398.171,335.584,306.587,2657:12;2680:11252;2681:12050
361.3864,1788884544.4269,4,598.84,23315.56,23914.40,77.2,24925.4,38328.1,0.0,11398.376,335.634,306.587,2657:12;2680:11256;2681:12048
361.4900,1788884544.5305,4,598.84,23320.37,23919.21,9.6,24925.4,38328.1,0.0,11399.244,335.638,306.587,2657:12;2680:11259;2681:12049
361.5940,1788884544.6345,4,598.84,23318.56,23917.39,86.8,24929.3,38324.2,0.0,11400.837,335.653,306.587,2657:12;2680:11255;2681:12051
361.6977,1788884544.7382,4,598.84,23328.59,23927.42,77.0,24929.3,38324.2,0.0,11403.004,335.711,306.587,2657:12;2680:11260;2681:12057
361.8016,1788884544.8421,4,598.84,23325.37,23924.20,67.4,24929.3,38324.2,0.0,11403.501,335.720,306.587,2657:12;2680:11260;2681:12053
361.9055,1788884544.9460,4,598.84,23430.75,24029.59,125.1,25047.9,38205.5,0.0,11403.713,335.764,306.587,2657:12;2680:11342;2681:12076
362.0095,1788884545.0499,4,598.86,23538.29,24137.14,403.6,25134.2,38119.3,0.0,11406.005,335.774,306.587,2657:12;2680:11341;2681:12185
362.1136,1788884545.1540,4,598.93,23393.29,23992.21,403.5,24972.0,38281.4,0.0,11406.228,335.796,306.587,2657:12;2680:11294;2681:12087
362.2177,1788884545.2582,4,598.93,23413.25,24012.18,248.8,24989.1,38264.3,0.0,11406.598,335.912,306.587,2657:12;2680:11303;2681:12098
362.3224,1788884545.3629,4,598.93,23429.64,24028.56,134.4,25001.4,38252.1,0.0,11406.789,335.967,306.587,2657:12;2680:11309;2681:12109
362.4263,1788884545.4668,4,598.93,23441.13,24040.06,160.6,25017.4,38236.1,0.0,11407.017,336.035,306.587,2657:12;2680:11318;2681:12111
362.5324,1788884545.5729,4,598.93,23456.41,24055.34,201.7,25029.4,38224.1,0.0,11407.284,336.103,306.587,2657:12;2680:11319;2681:12125
362.6363,1788884545.6767,4,598.93,23465.40,24064.32,173.3,25038.6,38214.9,0.0,11407.550,336.165,306.587,2657:12;2680:11325;2681:12128
362.7401,1788884545.7806,4,598.93,23484.31,24083.24,154.2,25050.9,38202.6,0.0,11407.872,336.250,306.587,2657:12;2680:11335;2681:12137
362.8439,1788884545.8844,4,598.93,23491.14,24090.07,154.2,25054.9,38198.6,0.0,11408.163,336.296,306.587,2657:12;2680:11341;2681:12138
362.9477,1788884545.9882,4,598.97,23504.25,24103.22,135.0,25072.4,38181.1,0.0,11408.220,336.332,306.587,2657:12;2680:11348;2681:12144
363.0514,1788884546.0919,4,598.97,23516.70,24115.67,125.3,25079.8,38173.6,0.0,11408.459,336.393,306.587,2657:12;2680:11357;2681:12147
363.1551,1788884546.1956,4,598.97,23522.75,24121.72,77.0,25095.7,38157.8,0.0,11410.851,336.420,306.587,2657:12;2680:11360;2681:12150
363.2589,1788884546.2994,4,598.97,23529.46,24128.43,77.1,25099.7,38153.8,0.0,11411.059,336.468,306.587,2657:12;2680:11364;2681:12153
363.3627,1788884546.4031,4,598.97,23536.45,24135.42,106.0,25100.0,38153.5,0.0,11413.703,336.523,306.587,2657:12;2680:11366;2681:12158
363.4664,1788884546.5068,4,598.97,23545.87,24144.84,86.8,25104.7,38148.8,0.0,11416.253,336.556,306.587,2657:12;2680:11374;2681:12160
363.5701,1788884546.6105,4,598.97,23550.32,24149.29,38.6,25104.7,38148.8,0.0,11416.457,336.604,306.587,2657:12;2680:11375;2681:12163
363.6738,1788884546.7142,4,598.97,23554.89,24153.86,96.5,25116.7,38136.8,0.0,11418.989,336.625,306.587,2657:12;2680:11377;2681:12166
363.7775,1788884546.8179,4,598.97,23562.16,24161.13,28.9,25116.9,38136.5,0.0,11419.193,336.669,306.587,2657:12;2680:11381;2681:12169
363.8812,1788884546.9216,4,598.97,23564.92,24163.89,86.8,25120.9,38132.5,0.0,11421.856,336.691,306.587,2657:12;2680:11381;2681:12172
363.9848,1788884547.0253,4,598.97,23573.79,24172.76,76.8,25119.9,38133.6,0.0,11422.169,336.740,306.587,2657:12;2680:11386;2681:12175
364.0890,1788884547.1294,4,598.97,23582.86,24181.83,96.3,25124.3,38129.2,0.0,11424.829,336.799,306.587,2657:12;2680:11391;2681:12180
364.1927,1788884547.2332,4,598.97,23591.40,24190.37,96.3,25132.9,38120.6,0.0,11428.112,336.819,306.587,2657:12;2680:11396;2681:12183
364.2966,1788884547.3370,4,598.97,23595.66,24194.64,48.2,25133.2,38120.2,0.0,11428.312,336.865,306.587,2657:12;2680:11397;2681:12187
364.4004,1788884547.4409,4,598.97,23601.10,24200.07,67.5,25145.2,38108.2,0.0,11431.225,336.883,306.587,2657:12;2680:11400;2681:12189
364.5041,1788884547.5446,4,598.97,23606.08,24205.05,48.1,25145.2,38108.2,0.0,11431.426,336.931,306.587,2657:12;2680:11401;2681:12193
364.6080,1788884547.6485,4,598.97,23602.51,24201.48,96.3,25146.2,38107.2,0.0,11434.959,336.955,306.587,2657:12;2680:11399;2681:12191
364.7118,1788884547.7523,4,598.97,23610.43,24209.40,38.5,25146.2,38107.2,0.0,11435.163,336.999,306.587,2657:12;2680:11403;2681:12195
364.8158,1788884547.8562,4,598.98,23841.45,24440.43,288.2,25414.2,37839.3,0.0,11438.426,337.013,306.587,2657:12;2680:11478;2681:12351
364.9199,1788884547.9603,4,599.07,23687.09,24286.16,689.8,25356.4,37897.0,0.0,11438.439,337.034,306.587,2657:12;2680:11444;2681:12231
365.0243,1788884548.0647,4,599.07,23719.53,24318.61,284.1,25362.5,37890.9,0.0,11439.023,337.126,306.587,2657:12;2680:11459;2681:12249
365.1300,1788884548.1705,4,599.07,23727.14,24326.22,365.2,25385.2,37868.2,0.0,11439.424,337.221,306.587,2657:12;2680:11463;2681:12252
365.2339,1788884548.2743,4,599.07,23741.73,24340.80,332.5,25396.9,37856.6,0.0,11439.831,337.341,306.587,2657:12;2680:11468;2681:12261
365.3392,1788884548.3796,4,599.07,23767.41,24366.48,308.2,25400.9,37852.6,0.0,11440.195,337.474,306.587,2657:12;2680:11480;2681:12275
365.4430,1788884548.4834,4,599.08,23802.84,24401.92,293.3,25413.2,37840.3,0.0,11440.573,337.568,306.587,2657:12;2680:11495;2681:12296
365.5489,1788884548.5893,4,599.08,23812.27,24411.34,384.4,25417.4,37836.1,0.0,11441.315,337.667,306.587,2657:12;2680:11504;2681:12296
365.6527,1788884548.6932,4,599.08,23820.51,24419.59,365.7,25429.7,37823.8,0.0,11441.782,337.786,306.587,2657:12;2680:11509;2681:12299
365.7566,1788884548.7971,4,599.08,23848.36,24447.44,322.4,25431.2,37822.2,0.0,11442.319,337.916,306.587,2657:12;2680:11524;2681:12312
365.8623,1788884548.9028,4,599.16,23850.04,24449.20,221.3,25441.1,37812.4,0.0,11442.374,337.946,306.587,2657:12;2680:11522;2681:12315
365.9660,1788884549.0065,4,599.16,23867.78,24466.94,171.7,25448.1,37805.4,0.0,11444.500,338.023,306.587,2657:12;2680:11534;2681:12321
366.0709,1788884549.1113,4,599.16,23874.79,24473.95,208.6,25484.5,37769.0,0.0,11454.003,338.094,306.587,2657:12;2680:11531;2681:12332
366.1766,1788884549.2170,4,599.16,23881.11,24480.27,76.9,25484.9,37768.6,0.0,11454.320,338.175,306.587,2657:12;2680:11539;2681:12330
366.2804,1788884549.3209,4,599.16,23878.91,24478.07,250.6,25501.1,37752.4,0.0,11463.999,338.227,306.587,2657:12;2680:11537;2681:12330
366.3841,1788884549.4246,4,599.16,23895.23,24494.39,67.5,25501.1,37752.4,0.0,11464.316,338.303,306.587,2657:12;2680:11545;2681:12338
366.4878,1788884549.5283,4,599.16,23913.18,24512.34,113.9,25501.1,37752.4,0.0,11472.527,338.341,306.587,2657:12;2680:11553;2681:12348
366.5935,1788884549.6339,4,599.16,23910.84,24510.00,179.1,25505.5,37747.9,0.0,11475.378,338.419,306.587,2657:12;2680:11553;2681:12346
366.6996,1788884549.7401,4,599.16,23934.37,24533.53,113.4,25505.5,37747.9,0.0,11486.079,338.475,306.587,2657:12;2680:11561;2681:12361
366.8054,1788884549.8459,4,599.16,23919.61,24518.77,161.9,25517.5,37735.9,0.0,11486.355,338.518,306.587,2657:12;2680:11556;2681:12351
366.9103,1788884549.9508,4,599.16,23953.47,24552.63,133.5,25517.5,37735.9,0.0,11497.066,338.598,306.587,2657:12;2680:11576;2681:12365
367.0152,1788884550.0557,4,599.16,23933.45,24532.61,182.5,25526.2,37727.3,0.0,11497.363,338.620,306.587,2657:12;2680:11562;2681:12359
367.1191,1788884550.1596,4,599.16,23958.33,24557.49,76.0,25526.2,37727.3,0.0,11504.753,338.714,306.587,2657:12;2680:11573;2681:12373
367.2245,1788884550.2650,4,599.16,23950.75,24549.91,259.5,25538.2,37715.3,0.0,11508.164,338.752,306.587,2657:12;2680:11571;2681:12367
367.3284,1788884550.3689,4,599.16,23973.06,24572.22,66.8,25538.4,37715.0,0.0,11516.511,338.840,306.587,2657:12;2680:11582;2681:12379
367.4334,1788884550.4738,4,599.16,23964.55,24563.71,288.6,25546.4,37707.0,0.0,11519.891,338.881,306.587,2657:12;2680:11577;2681:12375
367.5371,1788884550.5776,4,599.16,24009.89,24609.05,170.3,25546.4,37707.1,0.0,11528.774,338.973,306.587,2657:12;2680:11602;2681:12396
367.6431,1788884550.6836,4,599.16,23981.59,24580.75,153.6,25558.4,37695.1,0.0,11529.071,338.990,306.587,2657:12;2680:11587;2681:12382
367.7470,1788884550.7874,4,599.16,24002.86,24602.02,57.9,25558.4,37695.1,0.0,11531.750,339.075,306.587,2657:12;2680:11596;2681:12395
367.8507,1788884550.8912,4,599.16,23984.92,24584.09,269.3,25559.4,37694.1,0.0,11539.554,339.119,306.587,2657:12;2680:11588;2681:12385
367.9547,1788884550.9952,4,599.16,24013.95,24613.11,105.9,25560.1,37693.4,0.0,11549.122,339.220,306.587,2657:12;2680:11606;2681:12396
368.0586,1788884551.0991,4,599.18,24460.77,25059.95,925.0,26000.9,37252.6,0.0,11550.051,339.224,306.587,2657:12;2680:11829;2681:12619
368.1659,1788884551.2063,4,599.27,24093.25,24692.52,614.9,25648.0,37605.5,0.0,11550.271,339.249,306.587,2657:12;2680:11648;2681:12433
368.2696,1788884551.3101,4,599.27,24129.00,24728.27,346.9,25690.9,37562.6,0.0,11550.730,339.359,306.587,2657:12;2680:11673;2681:12444
368.3734,1788884551.4139,4,599.27,24141.57,24740.84,308.2,25699.9,37553.5,0.0,11551.158,339.462,306.587,2657:12;2680:11674;2681:12455
368.4772,1788884551.5177,4,599.27,24154.39,24753.66,308.5,25705.2,37548.3,0.0,11551.568,339.565,306.587,2657:12;2680:11677;2681:12465
368.5809,1788884551.6214,4,599.27,24170.90,24770.17,356.5,25721.2,37532.3,0.0,11551.869,339.657,306.587,2657:12;2680:11687;2681:12472
368.6847,1788884551.7252,4,599.27,24187.80,24787.07,356.4,25729.2,37524.3,0.0,11552.302,339.767,306.587,2657:12;2680:11700;2681:12476
368.7885,1788884551.8290,4,599.27,24215.25,24814.52,327.6,25745.4,37508.1,0.0,11552.739,339.897,306.587,2657:12;2680:11716;2681:12487
368.8923,1788884551.9328,4,599.29,24238.21,24837.51,308.3,25758.1,37495.3,0.0,11553.176,339.988,306.587,2657:12;2680:11728;2681:12498
368.9962,1788884552.0366,4,599.29,24246.00,24845.29,385.8,25766.6,37486.9,0.0,11553.499,340.080,306.587,2657:12;2680:11740;2681:12494
369.0998,1788884552.1403,4,599.30,24256.77,24856.06,211.9,25784.8,37468.7,0.0,11553.639,340.151,306.587,2657:12;2680:11741;2681:12504
369.2037,1788884552.2441,4,599.30,24276.01,24875.30,212.1,25786.5,37467.0,0.0,11553.961,340.255,306.587,2657:12;2680:11751;2681:12512
369.3075,1788884552.3479,4,599.30,24273.59,24872.89,240.8,25829.0,37424.5,0.0,11563.184,340.302,306.587,2657:12;2680:11747;2681:12514
369.4113,1788884552.4517,4,599.30,24289.91,24889.22,57.8,25829.0,37424.5,0.0,11563.498,340.377,306.587,2657:12;2680:11755;2681:12523
369.5150,1788884552.5555,4,599.30,24289.73,24889.04,221.7,25844.2,37409.3,0.0,11573.266,340.427,306.587,2657:12;2680:11754;2681:12524
369.6188,1788884552.6592,4,599.30,24306.05,24905.36,77.2,25844.2,37409.3,0.0,11573.580,340.501,306.587,2657:12;2680:11761;2681:12533
369.7225,1788884552.7630,4,599.30,24304.02,24903.33,212.0,25856.4,37397.0,0.0,11582.451,340.548,306.587,2657:12;2680:11760;2681:12532
369.8263,1788884552.8667,4,599.30,24320.35,24919.65,67.5,25856.4,37397.0,0.0,11582.765,340.623,306.587,2657:12;2680:11767;2681:12541
369.9300,1788884552.9704,4,599.30,24319.95,24919.26,269.8,25881.2,37372.3,0.0,11592.393,340.667,306.587,2657:12;2680:11768;2681:12540
370.0338,1788884553.0742,4,599.30,24336.27,24935.58,57.9,25881.4,37372.1,0.0,11592.707,340.744,306.587,2657:12;2680:11775;2681:12549
370.1375,1788884553.1779,4,599.30,24343.44,24942.75,212.0,25888.9,37364.5,0.0,11603.102,340.787,306.587,2657:12;2680:11779;2681:12553
370.2413,1788884553.2817,4,599.30,24354.29,24953.59,77.1,25889.1,37364.4,0.0,11603.416,340.866,306.587,2657:12;2680:11783;2681:12559
370.3450,1788884553.3855,4,599.30,24358.98,24958.29,250.5,25905.3,37348.2,0.0,11613.922,340.905,306.587,2657:12;2680:11786;2681:12561
370.4488,1788884553.4893,4,599.31,24368.32,24967.63,67.5,25913.3,37340.2,0.0,11614.235,340.981,306.587,2657:12;2680:11789;2681:12567
370.5526,1788884553.5931,4,599.31,24395.88,24995.19,151.5,25921.6,37331.8,0.0,11625.245,341.020,306.587,2657:12;2680:11802;2681:12581
370.6585,1788884553.6989,4,599.31,24386.84,24986.15,153.6,25926.0,37327.5,0.0,11625.554,341.103,306.587,2657:12;2680:11797;2681:12577
370.7624,1788884553.8028,4,599.31,24401.09,25000.39,199.0,25937.7,37315.8,0.0,11636.271,341.149,306.587,2657:12;2680:11809;2681:12580
370.8681,1788884553.9085,4,599.31,24398.86,24998.17,124.8,25945.9,37307.6,0.0,11636.584,341.214,306.587,2657:12;2680:11805;2681:12581
370.9720,1788884554.0124,4,599.31,24418.79,25018.09,75.6,25946.4,37307.1,0.0,11646.606,341.263,306.587,2657:12;2680:11811;2681:12595
371.0779,1788884554.1184,4,599.31,24398.61,24997.91,230.4,25946.4,37307.1,0.0,11647.201,341.312,306.587,2657:12;2680:11806;2681:12580
371.1818,1788884554.2223,4,599.31,24625.14,25224.45,435.6,26144.7,37108.8,0.0,11657.952,341.391,306.587,2657:12;2680:11885;2681:12728
371.2921,1788884554.3326,4,599.41,24703.38,25302.79,1141.6,26394.6,36858.8,0.0,11657.953,341.392,306.587,2657:12;2680:12003;2681:12688
371.3985,1788884554.4390,4,599.63,24559.73,25159.37,1146.5,26229.0,37024.5,0.0,11657.954,341.392,306.587,2657:12;2680:11856;2681:12691
371.5030,1788884554.5435,4,599.78,24304.86,24904.64,999.8,26339.9,36913.6,0.0,11657.955,341.394,306.587,2657:12;2680:11837;2681:12456
371.6070,1788884554.6475,4,599.86,24093.71,24693.57,499.7,26065.0,37188.4,0.0,11658.236,341.419,306.587,2657:12;2680:11674;2681:12408
371.7114,1788884554.7518,4,599.86,24109.11,24708.97,311.8,26083.8,37169.7,0.0,11658.719,341.519,306.587,2657:12;2680:11683;2681:12414
371.8172,1788884554.8576,4,599.86,24133.34,24733.20,259.2,26089.0,37164.5,0.0,11659.722,341.633,306.587,2657:12;2680:11692;2681:12429
371.9210,1788884554.9615,4,599.89,24158.02,24757.90,317.8,26097.0,37156.5,0.0,11660.076,341.760,306.587,2657:12;2680:11703;2681:12443
372.0249,1788884555.0653,4,599.89,24183.84,24783.73,365.9,26109.0,37144.5,0.0,11660.468,341.856,306.587,2657:12;2680:11718;2681:12453
372.1287,1788884555.1692,4,599.89,24197.75,24797.64,350.2,26119.2,37134.2,0.0,11660.909,341.966,306.587,2657:12;2680:11725;2681:12460
372.2346,1788884555.2751,4,599.89,24218.99,24818.88,316.8,26128.7,37124.8,0.0,11661.281,342.105,306.587,2657:12;2680:11737;2681:12470
372.3386,1788884555.3790,4,599.89,24242.86,24842.75,298.4,26133.5,37120.0,0.0,11661.601,342.187,306.587,2657:12;2680:11752;2681:12479
372.4424,1788884555.4828,4,599.89,24240.91,24840.81,385.5,26146.6,37106.9,0.0,11662.182,342.270,306.587,2657:12;2680:11751;2681:12478
372.5462,1788884555.5866,4,599.94,24244.39,24844.32,86.7,26166.0,37087.4,0.0,11662.504,342.301,306.587,2657:12;2680:11755;2681:12477
372.6499,1788884555.6904,4,599.94,24264.41,24864.35,151.6,26168.3,37085.1,0.0,11662.566,342.389,306.587,2657:12;2680:11768;2681:12485
372.7557,1788884555.7962,4,599.94,24264.93,24864.87,404.0,26189.4,37064.1,0.0,11673.143,342.452,306.587,2657:12;2680:11767;2681:12485
372.8595,1788884555.9000,4,599.94,24281.24,24881.18,85.0,26189.4,37064.1,0.0,11673.468,342.530,306.587,2657:12;2680:11776;2681:12493
372.9656,1788884556.0061,4,599.94,24299.49,24899.43,336.3,26198.1,37055.4,0.0,11684.637,342.599,306.587,2657:12;2680:11787;2681:12500
373.0695,1788884556.1100,4,599.94,24296.34,24896.28,77.0,26188.2,37065.3,0.0,11684.946,342.656,306.587,2657:12;2680:11789;2681:12495
373.1733,1788884556.2138,4,599.94,24332.19,24932.12,154.1,26186.0,37067.5,0.0,11695.099,342.721,306.587,2657:12;2680:11806;2681:12514
373.2771,1788884556.3176,4,599.94,24309.17,24909.11,240.9,26186.2,37067.3,0.0,11695.420,342.777,306.587,2657:12;2680:11792;2681:12505
373.3809,1788884556.4213,4,599.94,24344.76,24944.70,240.8,26186.5,37067.0,0.0,11705.273,342.852,306.587,2657:12;2680:11809;2681:12523
373.4847,1788884556.5252,4,599.94,24334.17,24934.11,144.7,26202.4,37051.1,0.0,11705.590,342.941,306.587,2657:12;2680:11807;2681:12515
373.5884,1788884556.6288,4,599.94,24346.02,24945.96,299.0,26206.9,37046.6,0.0,11715.892,342.991,306.587,2657:12;2680:11810;2681:12524
373.6920,1788884556.7325,4,599.94,24350.17,24950.11,96.3,26207.2,37046.3,0.0,11716.209,343.072,306.587,2657:12;2680:11815;2681:12523
373.7959,1788884556.8363,4,599.94,24356.37,24956.31,240.7,26211.2,37042.3,0.0,11726.125,343.118,306.587,2657:12;2680:11823;2681:12521
373.8997,1788884556.9402,4,599.94,24355.48,24955.42,57.9,26219.2,37034.3,0.0,11726.335,343.153,306.587,2657:12;2680:11820;2681:12524
374.0035,1788884557.0440,4,599.94,24386.76,24986.70,115.2,26219.2,37034.3,0.0,11736.157,343.244,306.587,2657:12;2680:11834;2681:12541
374.1076,1788884557.1481,4,599.94,24373.50,24973.43,221.6,26188.9,37064.5,0.0,11736.368,343.288,306.587,2657:12;2680:11830;2681:12532
374.2115,1788884557.2520,4,599.94,24408.21,25008.14,151.3,26189.6,37063.9,0.0,11746.362,343.371,306.587,2657:12;2680:11846;2681:12550
374.3175,1788884557.3579,4,599.94,24378.57,24978.50,124.9,26201.8,37051.6,0.0,11746.715,343.386,306.587,2657:12;2680:11832;2681:12534
374.4213,1788884557.4618,4,599.94,24394.89,24994.83,67.4,26201.8,37051.6,0.0,11747.032,343.462,306.587,2657:12;2680:11842;2681:12541
374.5252,1788884557.5657,4,599.94,24391.44,24991.38,240.7,26199.8,37053.7,0.0,11756.486,343.517,306.587,2657:12;2680:11841;2681:12539
374.6291,1788884557.6695,4,599.94,24407.76,25007.70,48.2,26200.5,37052.9,0.0,11756.803,343.593,306.587,2657:12;2680:11850;2681:12546
374.7330,1788884557.7734,4,599.95,24627.73,25227.67,508.2,26445.4,36808.1,0.0,11767.300,343.630,306.587,2657:12;2680:11974;2681:12642
374.8373,1788884557.8778,4,600.05,24658.41,25258.46,1138.1,26403.6,36849.8,0.0,11767.300,343.630,306.587,2657:12;2680:12009;2681:12638
374.9428,1788884557.9832,4,600.35,24568.81,25169.16,898.1,26415.8,36837.7,0.0,11767.300,343.630,306.587,2657:12;2680:12008;2681:12549
375.0475,1788884558.0879,4,600.47,24478.17,25078.64,787.5,26317.9,36935.6,0.0,11767.301,343.630,306.587,2657:12;2680:11984;2681:12482
375.1515,1788884558.1919,4,600.62,24355.07,24955.70,654.6,26321.7,36931.8,0.0,11767.302,343.631,306.587,2657:12;2680:11934;2681:12409
375.2554,1788884558.2958,4,600.82,24223.30,24824.13,534.8,26212.3,37041.2,0.0,11767.302,343.631,306.587,2657:12;2680:11839;2681:12372
375.3600,1788884558.4005,4,600.93,24094.59,24695.52,703.3,26210.1,37043.4,0.0,11767.302,343.631,306.587,2657:12;2680:11703;2681:12379
375.4638,1788884558.5043,4,600.97,23936.75,24537.72,279.6,26126.7,37126.8,0.0,11767.533,343.698,306.587,2657:12;2680:11677;2681:12248
375.5676,1788884558.6080,4,600.97,23955.14,24556.11,163.9,26134.6,37118.9,0.0,11767.975,343.762,306.587,2657:12;2680:11688;2681:12255
375.6713,1788884558.7117,4,600.97,23969.86,24570.83,182.9,26142.6,37110.9,0.0,11768.267,343.853,306.587,2657:12;2680:11695;2681:12263
375.7754,1788884558.8158,4,600.97,23992.88,24593.85,161.5,26158.8,37094.6,0.0,11768.609,343.916,306.587,2657:12;2680:11710;2681:12270
375.8807,1788884558.9211,4,600.97,24013.40,24614.38,211.5,26174.8,37078.6,0.0,11768.848,344.008,306.587,2657:12;2680:11720;2681:12282
375.9844,1788884559.0249,4,601.03,24042.40,24643.43,200.6,26186.8,37066.6,0.0,11769.357,344.087,306.587,2657:12;2680:11735;2681:12295
376.0893,1788884559.1298,4,601.04,24035.91,24636.95,264.9,26171.5,37081.9,0.0,11769.579,344.149,306.587,2657:12;2680:11733;2681:12290
376.1950,1788884559.2355,4,601.04,24040.71,24641.75,9.6,26175.8,37077.7,0.0,11769.586,344.161,306.587,2657:12;2680:11733;2681:12295
376.2988,1788884559.3393,4,601.04,24049.35,24650.39,154.2,26175.8,37077.7,0.0,11769.818,344.218,306.587,2657:12;2680:11738;2681:12299
376.4025,1788884559.4430,4,601.04,24055.72,24656.76,38.5,26175.9,37077.6,0.0,11772.694,344.232,306.587,2657:12;2680:11739;2681:12304
376.5063,1788884559.5468,4,601.04,24061.14,24662.18,57.8,26176.1,37077.4,0.0,11772.883,344.273,306.587,2657:12;2680:11744;2681:12305
376.6099,1788884559.6504,4,601.04,24071.09,24672.13,154.5,26185.3,37068.1,0.0,11775.576,344.341,306.587,2657:12;2680:11750;2681:12309
376.7135,1788884559.7539,4,601.04,24075.57,24676.62,9.7,26189.3,37064.1,0.0,11777.091,344.350,306.587,2657:12;2680:11751;2681:12312
376.8170,1788884559.8575,4,601.04,24080.59,24681.63,86.8,26189.3,37064.1,0.0,11777.902,344.398,306.587,2657:12;2680:11755;2681:12313
376.9207,1788884559.9612,4,601.08,24084.77,24685.84,115.8,26197.8,37055.6,0.0,11781.103,344.416,306.587,2657:12;2680:11757;2681:12315
377.0244,1788884560.0648,4,601.08,24106.77,24707.84,134.9,26206.1,37047.4,0.0,11784.014,344.479,306.587,2657:12;2680:11769;2681:12325
377.1282,1788884560.1686,4,601.08,24110.34,24711.41,57.8,26190.1,37063.4,0.0,11784.212,344.495,306.587,2657:12;2680:11771;2681:12327
377.2318,1788884560.2723,4,601.08,24116.33,24717.41,86.7,26194.1,37059.4,0.0,11784.276,344.535,306.587,2657:12;2680:11775;2681:12329
377.3356,1788884560.3760,4,601.08,24127.96,24729.04,57.9,26194.1,37059.4,0.0,11784.527,344.585,306.587,2657:12;2680:11782;2681:12334
377.4392,1788884560.4797,4,601.08,24128.77,24729.84,173.7,26204.1,37049.4,0.0,11791.750,344.620,306.587,2657:12;2680:11781;2681:12335
377.5429,1788884560.5833,4,601.08,24148.06,24749.14,48.2,26204.1,37049.4,0.0,11795.448,344.678,306.587,2657:12;2680:11789;2681:12346
377.6468,1788884560.6872,4,601.08,24136.89,24737.96,173.7,26201.3,37052.1,0.0,11798.671,344.701,306.587,2657:12;2680:11787;2681:12338
377.7504,1788884560.7908,4,601.08,24148.08,24749.16,38.6,26201.3,37052.1,0.0,11799.161,344.751,306.587,2657:12;2680:11793;2681:12343
377.8541,1788884560.8946,4,601.09,24375.16,24976.25,606.0,26294.6,36958.9,0.0,11805.575,344.768,306.587,2657:12;2680:11922;2681:12440
377.9615,1788884561.0019,4,601.13,24486.61,25087.74,1085.3,26432.7,36820.7,0.0,11805.575,344.768,306.587,2657:12;2680:11960;2681:12514
378.0656,1788884561.1061,4,601.18,24801.62,25402.80,815.4,26679.4,36574.0,0.0,11805.575,344.768,306.587,2657:12;2680:12163;2681:12627
378.1712,1788884561.2117,4,601.19,24969.45,25570.64,795.3,27018.6,36234.9,0.0,11805.575,344.768,306.587,2657:12;2680:12011;2681:12946
378.2754,1788884561.3159,4,601.19,25077.55,25678.74,682.7,27216.5,36037.0,0.0,11805.575,344.768,306.587,2657:12;2680:11990;2681:13076
378.3794,1788884561.4199,4,601.20,25176.88,25778.08,364.6,27253.7,35999.8,0.0,11805.575,344.768,306.587,2657:12;2680:12071;2681:13094
378.4836,1788884561.5240,4,601.23,24985.34,25586.57,413.1,26985.4,36268.1,0.0,11805.578,344.770,306.587,2657:12;2680:11974;2681:12999
378.5877,1788884561.6281,4,601.24,25432.42,26033.66,1035.9,27507.6,35745.9,0.0,11805.578,344.770,306.587,2657:12;2680:12330;2681:13090
378.6929,1788884561.7334,4,601.26,26078.78,26680.04,1320.8,28297.7,34955.8,0.0,11805.578,344.770,306.587,2657:12;2680:12705;2681:13361
378.8001,1788884561.8405,4,601.28,26215.02,26816.30,1374.4,28677.6,34575.9,0.0,11805.578,344.770,306.587,2657:12;2680:13045;2681:13158
378.9069,1788884561.9474,4,601.47,25710.11,26311.58,1277.5,28587.2,34666.2,0.0,11805.578,344.770,306.587,2657:12;2680:12728;2681:12970
379.0125,1788884562.0529,4,601.52,25817.63,26419.15,1232.0,28563.7,34689.8,0.0,11805.578,344.770,306.587,2657:12;2680:12628;2681:13178
379.1179,1788884562.1584,4,601.57,25262.31,25863.88,1063.9,28131.7,35121.8,0.0,11805.580,344.771,306.587,2657:12;2680:12186;2681:13064
379.2243,1788884562.2648,4,601.57,25406.65,26008.22,632.5,27923.0,35330.5,0.0,11805.580,344.771,306.587,2657:12;2680:12155;2681:13240
379.3284,1788884562.3688,4,601.63,25000.27,25601.90,666.2,27974.9,35278.6,0.0,11805.582,344.773,306.587,2657:12;2680:12022;2681:12966
379.4337,1788884562.4742,4,601.66,24921.74,25523.41,1006.5,28004.5,35248.9,0.0,11805.582,344.773,306.587,2657:12;2680:12121;2681:12788
379.5388,1788884562.5793,4,601.75,24288.22,24889.96,796.0,27627.6,35625.8,0.0,11805.582,344.773,306.587,2657:12;2680:11930;2681:12346
379.6443,1788884562.6848,4,601.76,24052.05,24653.82,439.8,27462.5,35791.0,0.0,11805.857,344.848,306.587,2657:12;2680:11822;2681:12217
379.7491,1788884562.7896,4,601.76,23658.86,24260.62,307.5,27185.6,36067.9,0.0,11806.175,344.917,306.587,2657:12;2680:11826;2681:11821
379.8529,1788884562.8934,4,601.76,23678.51,24280.27,154.0,27189.8,36063.6,0.0,11806.752,345.013,306.587,2657:12;2680:11837;2681:11830
379.9568,1788884562.9973,4,601.81,23696.68,24298.49,211.7,27201.8,36051.6,0.0,11807.022,345.088,306.587,2657:12;2680:11846;2681:11838
380.0607,1788884563.1012,4,601.81,23710.64,24312.45,183.0,27190.6,36062.9,0.0,11807.311,345.174,306.587,2657:12;2680:11853;2681:11845
380.1645,1788884563.2050,4,601.81,23726.97,24328.78,172.2,27198.0,36055.5,0.0,11807.550,345.241,306.587,2657:12;2680:11859;2681:11855
380.2690,1788884563.3095,4,601.81,23738.12,24339.93,198.6,27196.7,36056.8,0.0,11808.015,345.301,306.587,2657:12;2680:11862;2681:11864
380.3751,1788884563.4155,4,601.83,23747.69,24349.52,192.0,27205.5,36048.0,0.0,11808.247,345.369,306.587,2657:12;2680:11870;2681:11866
380.4790,1788884563.5194,4,601.83,23752.44,24354.27,86.7,27204.5,36049.0,0.0,11808.498,345.418,306.587,2657:12;2680:11873;2681:11868
380.5828,1788884563.6233,4,601.83,23762.93,24364.76,67.3,27206.2,36047.3,0.0,11810.709,345.454,306.587,2657:12;2680:11876;2681:11875
380.6868,1788884563.7273,4,601.83,23767.56,24369.39,86.7,27214.9,36038.6,0.0,11811.147,345.506,306.587,2657:12;2680:11879;2681:11876
380.7907,1788884563.8311,4,601.83,23774.34,24376.17,96.2,27226.9,36026.6,0.0,11813.837,345.528,306.587,2657:12;2680:11882;2681:11880
380.8946,1788884563.9350,4,601.84,23779.80,24381.64,57.8,27226.9,36026.6,0.0,11814.033,345.572,306.587,2657:12;2680:11885;2681:11883
380.9984,1788884564.0388,4,601.84,23787.88,24389.73,38.0,27191.8,36061.6,0.0,11817.009,345.586,306.587,2657:12;2680:11891;2681:11884
381.1040,1788884564.1445,4,601.84,23786.43,24388.28,76.8,27179.7,36073.8,0.0,11817.378,345.618,306.587,2657:12;2680:11889;2681:11885
381.2079,1788884564.2484,4,601.84,23797.12,24398.96,77.1,27184.2,36069.3,0.0,11820.113,345.654,306.587,2657:12;2680:11892;2681:11893
381.3118,1788884564.3522,4,601.84,23801.74,24403.58,77.1,27185.3,36068.1,0.0,11820.787,345.707,306.587,2657:12;2680:11897;2681:11893
381.4155,1788884564.4560,4,601.84,23808.88,24410.72,38.6,27189.3,36064.1,0.0,11823.038,345.722,306.587,2657:12;2680:11898;2681:11898
381.5193,1788884564.5598,4,601.84,23811.83,24413.68,77.1,27189.3,36064.1,0.0,11823.526,345.772,306.587,2657:12;2680:11901;2681:11899
381.6231,1788884564.6635,4,601.84,23816.18,24418.02,106.1,27199.0,36054.4,0.0,11826.169,345.790,306.587,2657:12;2680:11904;2681:11900
381.7268,1788884564.7673,4,601.84,23823.96,24425.81,38.6,27199.0,36054.4,0.0,11826.366,345.836,306.587,2657:12;2680:11907;2681:11905
381.8306,1788884564.8710,4,601.84,23831.46,24433.30,38.4,27203.0,36050.4,0.0,11829.333,345.853,306.587,2657:12;2680:11912;2681:11907
381.9349,1788884564.9754,4,601.84,23832.21,24434.05,86.5,27202.8,36050.7,0.0,11829.779,345.875,306.587,2657:12;2680:11912;2681:11908
382.0387,1788884565.0792,4,601.84,23836.91,24438.75,28.9,27166.7,36086.8,0.0,11830.570,345.907,306.587,2657:12;2680:11913;2681:11911
382.1424,1788884565.1829,4,601.84,23838.71,24440.55,115.6,27148.8,36104.7,0.0,11833.414,345.938,306.587,2657:12;2680:11916;2681:11910
382.2462,1788884565.2867,4,601.84,23844.74,24446.59,38.6,27148.8,36104.7,0.0,11833.607,345.975,306.587,2657:12;2680:11918;2681:11915
382.3500,1788884565.3905,4,601.84,23843.68,24445.52,96.3,27148.2,36105.3,0.0,11836.872,345.998,306.587,2657:12;2680:11918;2681:11914
382.4538,1788884565.4942,4,601.85,23851.66,24453.50,48.2,27148.2,36105.3,0.0,11837.072,346.042,306.587,2657:12;2680:11921;2681:11918
382.5577,1788884565.5981,4,601.85,24187.38,24789.23,426.3,27292.9,35960.5,0.0,11840.084,346.052,306.587,2657:12;2680:12100;2681:12075
382.6633,1788884565.7037,4,602.00,23935.57,24537.56,957.2,27043.7,36209.8,0.0,11840.084,346.052,306.587,2657:12;2680:11956;2681:11967
382.7677,1788884565.8081,4,602.11,23912.86,24514.97,278.8,27056.3,36197.1,0.0,11840.312,346.121,306.587,2657:12;2680:11953;2681:11948
382.8717,1788884565.9122,4,602.11,23926.40,24528.51,154.1,27062.3,36191.2,0.0,11840.516,346.171,306.587,2657:12;2680:11959;2681:11955
382.9756,1788884566.0160,4,602.15,23933.02,24535.17,178.9,27050.2,36203.3,0.0,11840.801,346.239,306.587,2657:12;2680:11961;2681:11960
383.0818,1788884566.1223,4,602.15,23951.46,24553.61,134.7,27060.8,36192.6,0.0,11841.098,346.308,306.587,2657:12;2680:11968;2681:11971
383.1857,1788884566.2261,4,602.15,23960.67,24562.82,173.4,27068.8,36184.7,0.0,11841.431,346.376,306.587,2657:12;2680:11971;2681:11978
383.2895,1788884566.3300,4,602.15,23987.63,24589.78,192.4,27076.8,36176.7,0.0,11841.731,346.454,306.587,2657:12;2680:11982;2681:11994
383.3934,1788884566.4339,4,602.15,23987.93,24590.08,182.7,27073.2,36180.3,0.0,11841.982,346.529,306.587,2657:12;2680:11982;2681:11993
383.4974,1788884566.5379,4,602.15,24002.32,24604.47,96.3,27086.5,36167.0,0.0,11842.031,346.561,306.587,2657:12;2680:11991;2681:11999
383.6013,1788884566.6418,4,602.15,24012.02,24614.18,154.1,27089.6,36163.8,0.0,11842.275,346.628,306.587,2657:12;2680:11996;2681:12004
383.7052,1788884566.7456,4,602.15,24021.42,24623.57,115.6,27090.6,36162.8,0.0,11845.191,346.655,306.587,2657:12;2680:12001;2681:12009
383.8089,1788884566.8494,4,602.15,24034.54,24636.69,76.8,27106.9,36146.6,0.0,11848.087,346.722,306.587,2657:12;2680:12006;2681:12016
383.9130,1788884566.9535,4,602.20,24041.03,24643.23,144.4,27115.1,36138.3,0.0,11848.307,346.778,306.587,2657:12;2680:12012;2681:12017
384.0168,1788884567.0573,4,602.20,24045.49,24647.69,96.3,27077.9,36175.6,0.0,11850.837,346.815,306.587,2657:12;2680:12015;2681:12019
384.1206,1788884567.1611,4,602.20,24057.66,24659.86,67.5,27081.1,36172.4,0.0,11852.448,346.868,306.587,2657:12;2680:12020;2681:12026
384.2245,1788884567.2649,4,602.20,24067.00,24669.20,141.7,27090.7,36162.7,0.0,11854.846,346.915,306.587,2657:12;2680:12026;2681:12028
384.3307,1788884567.3711,4,602.20,24079.68,24681.88,115.0,27095.4,36158.1,0.0,11855.792,346.983,306.587,2657:12;2680:12036;2681:12032
384.4346,1788884567.4751,4,602.20,24086.32,24688.52,86.7,27107.6,36145.9,0.0,11858.567,347.002,306.587,2657:12;2680:12039;2681:12035
384.5384,1788884567.5788,4,602.20,24092.57,24694.77,67.4,27107.6,36145.9,0.0,11858.770,347.054,306.587,2657:12;2680:12043;2681:12038
384.6421,1788884567.6826,4,602.20,24100.03,24702.23,86.7,27115.6,36137.9,0.0,11861.189,347.072,306.587,2657:12;2680:12045;2681:12043
384.7459,1788884567.7864,4,602.20,24101.56,24703.77,38.5,27115.6,36137.9,0.0,11861.320,347.103,306.587,2657:12;2680:12045;2681:12044
384.8495,1788884567.8900,4,602.20,24111.03,24713.23,38.6,27119.6,36133.9,0.0,11864.235,347.131,306.587,2657:12;2680:12048;2681:12051
384.9532,1788884567.9936,4,602.23,24108.40,24710.62,96.4,27100.1,36153.4,0.0,11864.552,347.168,306.587,2657:12;2680:12050;2681:12046
385.0568,1788884568.0973,4,602.23,24113.64,24715.86,96.5,27073.6,36179.9,0.0,11866.908,347.202,306.587,2657:12;2680:12051;2681:12050
385.1605,1788884568.2010,4,602.23,24119.00,24721.22,28.9,27065.9,36187.6,0.0,11867.105,347.246,306.587,2657:12;2680:12055;2681:12052
385.2642,1788884568.3047,4,602.23,24198.08,24800.31,173.3,27116.7,36136.7,0.0,11869.489,347.255,306.587,2657:12;2680:12108;2681:12078
385.3681,1788884568.4086,4,602.28,24195.62,24797.90,752.3,26878.7,36374.8,0.0,11869.489,347.255,306.587,2657:12;2680:12101;2681:12083
385.4736,1788884568.5140,4,602.40,24184.85,24787.25,440.8,26924.6,36328.9,0.0,11869.796,347.308,306.587,2657:12;2680:12089;2681:12084
385.5775,1788884568.6180,4,602.40,24208.52,24810.92,293.2,26945.2,36308.2,0.0,11870.424,347.431,306.587,2657:12;2680:12102;2681:12094
385.6834,1788884568.7239,4,602.40,24223.95,24826.36,269.2,26949.5,36304.0,0.0,11870.849,347.553,306.587,2657:12;2680:12101;2681:12111
385.7873,1788884568.8277,4,602.40,24263.59,24865.99,294.8,26949.5,36304.0,0.0,11871.315,347.649,306.587,2657:12;2680:12111;2681:12140
385.8924,1788884568.9329,4,602.48,24278.20,24880.68,211.8,26974.2,36279.3,0.0,11871.564,347.722,306.587,2657:12;2680:12119;2681:12147
385.9964,1788884569.0368,4,602.48,24294.26,24896.74,151.6,26974.1,36279.4,0.0,11871.969,347.786,306.587,2657:12;2680:12128;2681:12154
386.1020,1788884569.1424,4,602.48,24312.19,24914.66,211.7,26977.3,36276.1,0.0,11872.169,347.862,306.587,2657:12;2680:12138;2681:12162
386.2058,1788884569.2463,4,602.48,24313.98,24916.46,163.8,26982.6,36270.9,0.0,11872.386,347.911,306.587,2657:12;2680:12141;2681:12160
386.3096,1788884569.3500,4,602.51,24336.05,24938.56,86.7,26990.8,36262.7,0.0,11872.491,347.950,306.587,2657:12;2680:12149;2681:12175
386.4133,1788884569.4538,4,602.51,24333.14,24935.65,86.1,26990.8,36262.7,0.0,11872.795,347.961,306.587,2657:12;2680:12146;2681:12175
386.5182,1788884569.5586,4,602.51,24357.33,24959.84,150.9,26992.4,36261.1,0.0,11876.270,348.080,306.587,2657:12;2680:12161;2681:12184
386.6242,1788884569.6646,4,602.51,24352.74,24955.25,230.8,27008.7,36244.8,0.0,11880.406,348.118,306.587,2657:12;2680:12157;2681:12183
386.7280,1788884569.7684,4,602.51,24377.26,24979.77,141.9,27013.1,36240.4,0.0,11882.655,348.212,306.587,2657:12;2680:12173;2681:12192
386.8340,1788884569.8744,4,602.51,24385.79,24988.30,221.0,27021.9,36231.6,0.0,11886.815,348.306,306.587,2657:12;2680:12175;2681:12198
386.9377,1788884569.9782,4,602.51,24411.80,25014.31,113.4,27022.1,36231.3,0.0,11894.999,348.359,306.587,2657:12;2680:12189;2681:12211
387.0438,1788884570.0842,4,602.51,24388.72,24991.23,172.9,27009.7,36243.8,0.0,11895.134,348.373,306.587,2657:12;2680:12175;2681:12201
387.1476,1788884570.1881,4,602.51,24404.91,25007.42,67.4,27010.2,36243.3,0.0,11895.329,348.458,306.587,2657:12;2680:12182;2681:12210
387.2515,1788884570.2920,4,602.51,24550.55,25153.06,374.8,27119.8,36133.6,0.0,11903.087,348.505,306.587,2657:12;2680:12182;2681:12356
387.3556,1788884570.3960,4,602.57,24458.04,25060.61,471.4,26858.2,36395.3,0.0,11903.312,348.552,306.587,2657:12;2680:12169;2681:12277
387.4595,1788884570.5000,4,602.57,24457.38,25059.95,106.0,26870.2,36383.3,0.0,11906.463,348.573,306.587,2657:12;2680:12171;2681:12274
387.5633,1788884570.6037,4,602.57,24473.12,25075.68,48.2,26870.5,36383.0,0.0,11910.088,348.628,306.587,2657:12;2680:12179;2681:12282
387.6671,1788884570.7076,4,602.57,24469.38,25071.95,86.8,26874.5,36379.0,0.0,11910.331,348.640,306.587,2657:12;2680:12179;2681:12278
387.7708,1788884570.8112,4,602.57,24482.88,25085.45,96.5,26882.7,36370.8,0.0,11912.601,348.699,306.587,2657:12;2680:12189;2681:12282
387.8744,1788884570.9149,4,602.57,24489.36,25091.93,67.5,26882.7,36370.8,0.0,11913.456,348.747,306.587,2657:12;2680:12192;2681:12285
387.9781,1788884571.0186,4,602.58,24489.43,25092.02,106.0,26874.7,36378.8,0.0,11916.688,348.769,306.587,2657:12;2680:12191;2681:12286
388.0818,1788884571.1222,4,602.58,24496.73,25099.31,67.6,26862.2,36391.3,0.0,11916.898,348.818,306.587,2657:12;2680:12197;2681:12288
388.1854,1788884571.2258,4,602.58,24505.26,25107.84,115.8,26862.2,36391.3,0.0,11920.186,348.876,306.587,2657:12;2680:12202;2681:12291
388.2890,1788884571.3295,4,602.58,24804.35,25406.93,288.0,27077.1,36176.4,0.0,11923.418,348.888,306.587,2657:12;2680:12404;2681:12388
388.3933,1788884571.4337,4,602.69,24594.98,25197.67,867.1,26771.5,36481.9,0.0,11923.418,348.888,306.587,2657:12;2680:12261;2681:12322
388.4982,1788884571.5386,4,602.77,24579.24,25182.01,298.6,26759.9,36493.6,0.0,11923.772,348.955,306.587,2657:12;2680:12240;2681:12327
388.6021,1788884571.6425,4,602.77,24608.50,25211.27,330.7,26780.6,36472.8,0.0,11924.446,349.107,306.587,2657:12;2680:12257;2681:12339
388.7080,1788884571.7485,4,602.77,24637.37,25240.14,394.1,26788.9,36464.6,0.0,11924.764,349.198,306.587,2657:12;2680:12277;2681:12348
388.8118,1788884571.8523,4,602.77,24647.78,25250.55,365.9,26804.9,36448.6,0.0,11925.270,349.316,306.587,2657:12;2680:12276;2681:12359
388.9157,1788884571.9561,4,602.84,24664.95,25267.79,397.2,26812.9,36440.6,0.0,11925.512,349.435,306.587,2657:12;2680:12288;2681:12365
389.0216,1788884572.0621,4,602.84,24697.73,25300.57,365.5,26825.6,36427.9,0.0,11925.758,349.539,306.587,2657:12;2680:12309;2681:12377
389.1254,1788884572.1658,4,602.84,24703.44,25306.27,375.3,26835.5,36418.0,0.0,11926.171,349.651,306.587,2657:12;2680:12309;2681:12382
389.2293,1788884572.2698,4,602.84,24720.62,25323.45,308.3,26839.5,36414.0,0.0,11926.923,349.778,306.587,2657:12;2680:12318;2681:12390
389.3330,1788884572.3735,4,602.84,24734.40,25337.25,212.1,26857.4,36396.0,0.0,11927.314,349.827,306.587,2657:12;2680:12327;2681:12395
389.4367,1788884572.4772,4,602.84,24741.51,25344.36,134.8,26857.9,36395.5,0.0,11927.603,349.863,306.587,2657:12;2680:12330;2681:12399
389.5406,1788884572.5811,4,602.84,24750.36,25353.20,57.7,26857.9,36395.5,0.0,11928.560,349.934,306.587,2657:12;2680:12335;2681:12403
389.6446,1788884572.6851,4,602.84,24747.08,25349.93,250.4,26870.6,36382.9,0.0,11933.671,349.969,306.587,2657:12;2680:12333;2681:12402
389.7484,1788884572.7889,4,602.84,24762.62,25365.47,57.8,26870.6,36382.9,0.0,11934.200,350.047,306.587,2657:12;2680:12342;2681:12409
389.8523,1788884572.8927,4,602.84,24768.53,25371.37,202.5,26886.9,36366.6,0.0,11939.968,350.078,306.587,2657:12;2680:12343;2681:12413
389.9559,1788884572.9964,4,602.84,24778.70,25381.54,77.1,26886.9,36366.6,0.0,11940.253,350.151,306.587,2657:12;2680:12350;2681:12417
390.0596,1788884573.1000,4,602.84,24779.39,25382.23,9.6,26879.0,36374.5,0.0,11941.284,350.156,306.587,2657:12;2680:12351;2681:12417
390.1633,1788884573.2038,4,602.84,24785.83,25388.68,212.1,26887.7,36365.7,0.0,11945.525,350.208,306.587,2657:12;2680:12354;2681:12420
390.2671,1788884573.3075,4,602.84,24802.05,25404.90,57.8,26880.1,36373.4,0.0,11949.946,350.272,306.587,2657:12;2680:12363;2681:12427
390.3710,1788884573.4115,4,602.85,24796.12,25398.97,221.6,26901.1,36352.4,0.0,11952.311,350.308,306.587,2657:12;2680:12360;2681:12423
390.4748,1788884573.5153,4,602.85,24810.78,25413.62,67.4,26901.1,36352.4,0.0,11952.597,350.378,306.587,2657:12;2680:12368;2681:12431
390.5786,1788884573.6191,4,602.85,24823.79,25426.63,202.4,26902.6,36350.9,0.0,11958.715,350.408,306.587,2657:12;2680:12371;2681:12441
390.6824,1788884573.7228,4,602.85,24821.30,25424.15,106.1,26910.7,36342.8,0.0,11959.000,350.470,306.587,2657:12;2680:12370;2681:12439
390.7860,1788884573.8265,4,602.85,24844.28,25447.12,173.5,26914.7,36338.8,0.0,11965.524,350.510,306.587,2657:12;2680:12383;2681:12449
390.8898,1788884573.9302,4,602.85,24827.96,25430.81,133.8,26934.7,36318.8,0.0,11965.790,350.534,306.587,2657:12;2680:12377;2681:12439
390.9947,1788884574.0351,4,602.85,24855.58,25458.43,163.7,26929.8,36323.7,0.0,11972.221,350.620,306.587,2657:12;2680:12388;2681:12455
391.0984,1788884574.1389,4,602.85,24851.60,25454.45,144.5,26889.5,36364.0,0.0,11972.399,350.678,306.587,2657:12;2680:12390;2681:12449
391.2022,1788884574.2426,4,602.85,24884.25,25487.10,151.6,26893.5,36360.0,0.0,11979.078,350.740,306.587,2657:12;2680:12406;2681:12466
391.3079,1788884574.3484,4,602.85,24862.45,25465.30,134.6,26917.5,36336.0,0.0,11979.134,350.755,306.587,2657:12;2680:12397;2681:12454
391.4117,1788884574.4522,4,602.85,24880.03,25482.88,77.1,26917.5,36336.0,0.0,11981.052,350.829,306.587,2657:12;2680:12404;2681:12464
391.5155,1788884574.5559,4,602.85,24869.90,25472.75,211.2,26917.5,36336.0,0.0,11986.846,350.884,306.587,2657:12;2680:12399;2681:12459
391.6199,1788884574.6603,4,602.85,24882.05,25484.91,28.8,26917.5,36336.0,0.0,11986.934,350.945,306.587,2657:12;2680:12405;2681:12464
391.7236,1788884574.7641,4,602.86,25262.12,25864.98,603.6,27205.5,36047.9,0.0,11994.205,350.972,306.587,2657:12;2680:12633;2681:12617
391.8283,1788884574.8687,4,602.95,25014.61,25617.56,995.5,26902.7,36350.7,0.0,11994.207,350.979,306.587,2657:12;2680:12432;2681:12570
391.9339,1788884574.9743,4,603.09,24961.40,25564.48,460.9,26989.6,36263.8,0.0,11994.222,351.001,306.587,2657:12;2680:12391;2681:12558
392.0376,1788884575.0780,4,603.09,24984.67,25587.76,250.6,26993.1,36260.3,0.0,11994.638,351.099,306.587,2657:12;2680:12394;2681:12578
392.1414,1788884575.1818,4,603.09,25011.94,25615.02,317.7,27008.4,36245.1,0.0,11995.035,351.202,306.587,2657:12;2680:12397;2681:12602
392.2453,1788884575.2857,4,603.09,25077.02,25680.10,442.4,27035.4,36218.1,0.0,11995.416,351.338,306.587,2657:12;2680:12457;2681:12608
392.3493,1788884575.3897,4,603.11,25029.71,25632.82,385.3,27064.1,36189.4,0.0,11995.598,351.390,306.587,2657:12;2680:12416;2681:12601
392.4530,1788884575.4935,4,603.11,25053.32,25656.43,320.7,27076.1,36177.4,0.0,11996.672,351.519,306.587,2657:12;2680:12420;2681:12621
392.5591,1788884575.5995,4,603.11,25080.15,25683.26,346.9,27084.3,36169.1,0.0,11997.291,351.639,306.587,2657:12;2680:12426;2681:12642
392.6628,1788884575.7033,4,603.11,25101.04,25704.15,355.7,27100.0,36153.4,0.0,11997.722,351.737,306.587,2657:12;2680:12433;2681:12655
392.7669,1788884575.8073,4,603.11,25110.43,25713.54,348.9,27108.0,36145.4,0.0,11998.182,351.866,306.587,2657:12;2680:12430;2681:12668
392.8731,1788884575.9136,4,603.12,25123.23,25726.34,288.3,27121.5,36132.0,0.0,11998.409,351.934,306.587,2657:12;2680:12442;2681:12669
392.9770,1788884576.0174,4,603.12,25123.25,25726.36,19.3,27121.8,36131.7,0.0,11998.442,351.934,306.587,2657:12;2680:12442;2681:12669
393.0808,1788884576.1213,4,603.12,25139.52,25742.64,163.4,27125.4,36128.0,0.0,11998.806,352.040,306.587,2657:12;2680:12449;2681:12678
393.1848,1788884576.2253,4,603.12,25145.98,25749.10,202.2,27133.3,36120.1,0.0,12006.493,352.085,306.587,2657:12;2680:12454;2681:12679
393.2887,1788884576.3291,4,603.12,25157.55,25760.67,86.7,27133.3,36120.1,0.0,12006.810,352.163,306.587,2657:12;2680:12457;2681:12688
393.3925,1788884576.4330,4,603.12,25159.62,25762.74,221.5,27149.3,36104.1,0.0,12013.642,352.206,306.587,2657:12;2680:12458;2681:12689
393.4964,1788884576.5368,4,603.12,25169.98,25773.10,67.4,27149.3,36104.1,0.0,12013.951,352.258,306.587,2657:12;2680:12463;2681:12695
393.6003,1788884576.6408,4,603.12,25194.21,25797.33,122.9,27149.6,36103.9,0.0,12020.794,352.316,306.587,2657:12;2680:12473;2681:12709
393.7063,1788884576.7468,4,603.12,25183.17,25786.29,133.3,27153.8,36099.6,0.0,12021.071,352.373,306.587,2657:12;2680:12471;2681:12699
393.8114,1788884576.8519,4,603.12,25190.52,25793.64,67.2,27153.8,36099.6,0.0,12023.490,352.420,306.587,2657:12;2680:12471;2681:12707
393.9152,1788884576.9557,4,603.12,25205.78,25808.90,231.2,27161.8,36091.6,0.0,12029.234,352.525,306.587,2657:12;2680:12477;2681:12716
394.0190,1788884577.0595,4,603.12,25223.27,25826.39,115.5,27166.0,36087.5,0.0,12036.181,352.559,306.587,2657:12;2680:12483;2681:12728
394.1228,1788884577.1633,4,603.12,25224.96,25828.08,163.8,27178.2,36075.2,0.0,12036.498,352.647,306.587,2657:12;2680:12485;2681:12727
394.2267,1788884577.2671,4,603.12,25222.11,25825.23,231.2,27178.6,36074.9,0.0,12036.581,352.667,306.587,2657:12;2680:12484;2681:12725
394.3305,1788884577.3709,4,603.12,25238.42,25841.54,57.8,27178.6,36074.9,0.0,12036.897,352.744,306.587,2657:12;2680:12491;2681:12735
394.4342,1788884577.4747,4,603.12,25242.70,25845.82,202.4,27183.6,36069.8,0.0,12045.002,352.785,306.587,2657:12;2680:12497;2681:12733
394.5380,1788884577.5785,4,603.12,25252.24,25855.36,96.4,27187.6,36065.8,0.0,12045.424,352.867,306.587,2657:12;2680:12497;2681:12743
394.6418,1788884577.6822,4,603.12,25267.29,25870.41,180.0,27199.6,36053.8,0.0,12052.044,352.897,306.587,2657:12;2680:12506;2681:12749
394.7476,1788884577.7880,4,603.12,25268.34,25871.46,134.4,27199.9,36053.6,0.0,12052.361,352.982,306.587,2657:12;2680:12505;2681:12751
394.8515,1788884577.8919,4,603.12,25288.08,25891.20,75.8,27199.9,36053.6,0.0,12059.576,353.008,306.587,2657:12;2680:12513;2681:12763
394.9573,1788884577.9977,4,603.13,25263.12,25866.25,230.3,27200.3,36053.1,0.0,12059.878,353.037,306.587,2657:12;2680:12500;2681:12750
395.0613,1788884578.1018,4,603.13,25288.91,25892.04,57.8,27197.1,36056.4,0.0,12064.087,353.117,306.587,2657:12;2680:12512;2681:12765
395.1653,1788884578.2057,4,603.15,25795.52,26398.67,1007.2,27570.8,35682.6,0.0,12067.014,353.129,306.587,2657:12;2680:12680;2681:13104
395.2716,1788884578.3121,4,603.30,25348.39,25951.70,1037.1,27244.8,36008.7,0.0,12067.017,353.130,306.587,2657:12;2680:12542;2681:12794
395.3756,1788884578.4161,4,603.35,25141.58,25744.93,487.3,27131.9,36121.6,0.0,12067.304,353.159,306.587,2657:12;2680:12555;2681:12575
395.4806,1788884578.5211,4,603.35,25158.11,25761.46,316.7,27152.0,36101.4,0.0,12068.208,353.283,306.587,2657:12;2680:12561;2681:12585
395.5845,1788884578.6250,4,603.35,25180.77,25784.12,325.7,27152.0,36101.4,0.0,12068.889,353.418,306.587,2657:12;2680:12568;2681:12600
395.6889,1788884578.7293,4,603.35,25211.98,25815.33,356.1,27164.0,36089.4,0.0,12069.216,353.540,306.587,2657:12;2680:12579;2681:12621
395.7928,1788884578.8332,4,603.35,25230.46,25833.81,394.0,27168.0,36085.4,0.0,12069.606,353.632,306.587,2657:12;2680:12587;2681:12632
395.8971,1788884578.9375,4,603.39,25250.25,25853.64,406.6,27184.3,36069.2,0.0,12070.009,353.734,306.587,2657:12;2680:12592;2681:12646
396.0029,1788884579.0433,4,603.39,25267.66,25871.05,349.7,27188.4,36065.1,0.0,12070.325,353.855,306.587,2657:12;2680:12604;2681:12651
396.1087,1788884579.1491,4,603.39,25284.76,25888.15,345.1,27201.2,36052.3,0.0,12071.040,353.982,306.587,2657:12;2680:12601;2681:12671
396.2128,1788884579.2532,4,603.39,25298.00,25901.39,302.9,27202.2,36051.3,0.0,12071.518,354.074,306.587,2657:12;2680:12608;2681:12678
396.3184,1788884579.3588,4,603.40,25303.15,25906.55,144.4,27211.6,36041.8,0.0,12071.529,354.093,306.587,2657:12;2680:12612;2681:12679
396.4222,1788884579.4627,4,603.40,25318.79,25922.19,154.0,27213.6,36039.9,0.0,12071.869,354.179,306.587,2657:12;2680:12619;2681:12687
396.5261,1788884579.5666,4,603.40,25326.36,25929.76,250.1,27222.9,36030.6,0.0,12078.709,354.219,306.587,2657:12;2680:12623;2681:12691
396.6300,1788884579.6705,4,603.40,25326.98,25930.38,48.0,27227.2,36026.3,0.0,12079.011,354.264,306.587,2657:12;2680:12624;2681:12691
396.7341,1788884579.7745,4,603.40,25338.34,25941.73,38.5,27227.2,36026.3,0.0,12082.300,354.313,306.587,2657:12;2680:12630;2681:12696
396.8380,1788884579.8785,4,603.40,25335.49,25938.89,202.2,27235.4,36018.0,0.0,12085.516,354.341,306.587,2657:12;2680:12626;2681:12697
396.9418,1788884579.9823,4,603.40,25351.03,25954.43,67.4,27235.7,36017.8,0.0,12085.831,354.418,306.587,2657:12;2680:12633;2681:12705
397.0457,1788884580.0862,4,603.40,25354.30,25957.70,192.7,27232.0,36021.5,0.0,12091.989,354.458,306.587,2657:12;2680:12634;2681:12708
397.1495,1788884580.1900,4,603.40,25369.03,25972.43,57.8,27229.2,36024.3,0.0,12092.311,354.539,306.587,2657:12;2680:12641;2681:12715
397.2533,1788884580.2937,4,603.40,25369.30,25972.70,134.8,27237.1,36016.3,0.0,12096.280,354.568,306.587,2657:12;2680:12642;2681:12715
397.3571,1788884580.3975,4,603.40,25383.72,25987.12,125.3,27237.1,36016.3,0.0,12099.041,354.637,306.587,2657:12;2680:12649;2681:12722
397.4608,1788884580.5013,4,603.41,25394.97,25998.38,57.8,27240.9,36012.6,0.0,12103.107,354.679,306.587,2657:12;2680:12656;2681:12726
397.5647,1788884580.6052,4,603.41,25388.70,25992.11,172.6,27253.1,36000.3,0.0,12105.937,354.729,306.587,2657:12;2680:12648;2681:12729
397.6692,1788884580.7096,4,603.41,25413.83,26017.24,202.1,27253.1,36000.3,0.0,12111.715,354.805,306.587,2657:12;2680:12659;2681:12743
397.7729,1788884580.8134,4,603.41,25414.53,26017.94,115.6,27257.4,35996.1,0.0,12112.032,354.880,306.587,2657:12;2680:12660;2681:12742
397.8767,1788884580.9171,4,603.41,25437.41,26040.81,163.6,27269.3,35984.1,0.0,12118.952,354.924,306.587,2657:12;2680:12670;2681:12756
397.9806,1788884581.0211,4,603.41,25432.14,26035.54,134.6,27273.7,35979.8,0.0,12119.261,354.985,306.587,2657:12;2680:12670;2681:12750
398.0846,1788884581.1251,4,603.41,25448.45,26051.85,183.0,27263.7,35989.8,0.0,12126.004,355.042,306.587,2657:12;2680:12677;2681:12759
398.1885,1788884581.2290,4,603.41,25448.03,26051.43,173.5,27263.4,35990.1,0.0,12126.320,355.128,306.587,2657:12;2680:12676;2681:12760
398.2923,1788884581.3327,4,603.41,25440.00,26043.41,231.1,27263.9,35989.6,0.0,12134.223,355.169,306.587,2657:12;2680:12673;2681:12755
398.3961,1788884581.4365,4,603.41,25455.67,26059.07,77.0,27263.9,35989.6,0.0,12134.539,355.245,306.587,2657:12;2680:12680;2681:12764
398.5000,1788884581.5404,4,603.41,25520.19,26123.60,240.4,27316.1,35937.4,0.0,12141.280,355.272,306.587,2657:12;2680:12703;2681:12805
398.6041,1788884581.6445,4,603.43,25786.93,26390.36,1252.9,27638.2,35615.2,0.0,12141.280,355.272,306.587,2657:12;2680:12892;2681:12883
398.7102,1788884581.7506,4,603.49,25382.81,25986.30,797.5,27408.2,35845.2,0.0,12141.391,355.301,306.587,2657:12;2680:12665;2681:12705
398.8142,1788884581.8547,4,603.49,25176.42,25779.91,385.1,27199.5,36053.9,0.0,12141.930,355.412,306.587,2657:12;2680:12552;2681:12612
398.9180,1788884581.9585,4,603.51,25197.88,25801.39,317.5,27203.5,36050.0,0.0,12142.309,355.514,306.587,2657:12;2680:12556;2681:12629
399.0220,1788884582.0624,4,603.51,25221.00,25824.51,279.1,27213.6,36039.9,0.0,12142.594,355.620,306.587,2657:12;2680:12564;2681:12645
399.1259,1788884582.1663,4,603.51,25237.59,25841.09,298.6,27198.3,36055.1,0.0,12143.211,355.722,306.587,2657:12;2680:12575;2681:12651
399.2297,1788884582.2702,4,603.51,25262.41,25865.92,298.3,27210.6,36042.9,0.0,12143.650,355.835,306.587,2657:12;2680:12579;2681:12671
399.3336,1788884582.3741,4,603.51,25271.71,25875.22,316.8,27219.9,36033.5,0.0,12144.001,355.941,306.587,2657:12;2680:12587;2681:12672
399.4378,1788884582.4782,4,603.51,25286.38,25889.89,289.0,27223.9,36029.5,0.0,12144.352,356.033,306.587,2657:12;2680:12593;2681:12681
399.5416,1788884582.5820,4,603.52,25292.33,25895.85,221.4,27228.9,36024.6,0.0,12144.787,356.111,306.587,2657:12;2680:12599;2681:12681
399.6455,1788884582.6859,4,603.52,25310.64,25914.16,115.2,27237.9,36015.6,0.0,12144.813,356.139,306.587,2657:12;2680:12607;2681:12691
399.7496,1788884582.7901,4,603.52,25330.75,25934.27,207.3,27240.7,36012.8,0.0,12145.179,356.233,306.587,2657:12;2680:12619;2681:12700
399.8561,1788884582.8965,4,603.52,25340.12,25943.64,348.5,27263.5,35990.0,0.0,12152.366,356.318,306.587,2657:12;2680:12626;2681:12702
399.9621,1788884583.0026,4,603.54,25353.74,25957.28,115.3,27263.5,35990.0,0.0,12152.698,356.407,306.587,2657:12;2680:12631;2681:12710
400.0660,1788884583.1064,4,603.54,25357.18,25960.71,269.7,27272.4,35981.0,0.0,12159.598,356.462,306.587,2657:12;2680:12633;2681:12712
400.1698,1788884583.2102,4,603.54,25369.46,25973.00,77.1,27270.8,35982.6,0.0,12159.978,356.532,306.587,2657:12;2680:12638;2681:12719
400.2736,1788884583.3140,4,603.54,25370.59,25974.12,231.2,27276.1,35977.3,0.0,12167.829,356.582,306.587,2657:12;2680:12639;2681:12719
400.3774,1788884583.4179,4,603.54,25383.16,25986.70,67.5,27276.5,35976.9,0.0,12168.144,356.661,306.587,2657:12;2680:12646;2681:12724
400.4811,1788884583.5216,4,603.54,25388.66,25992.20,212.0,27280.8,35972.7,0.0,12175.998,356.699,306.587,2657:12;2680:12646;2681:12730
400.5849,1788884583.6254,4,603.54,25382.95,25986.49,48.2,27293.0,35960.4,0.0,12175.998,356.706,306.587,2657:12;2680:12645;2681:12726
400.6887,1788884583.7291,4,603.54,25399.25,26002.79,57.8,27293.0,35960.4,0.0,12176.313,356.783,306.587,2657:12;2680:12653;2681:12734
400.7925,1788884583.8329,4,603.54,25398.34,26001.87,221.6,27301.8,35951.7,0.0,12184.416,356.832,306.587,2657:12;2680:12650;2681:12736
400.8962,1788884583.9367,4,603.58,25414.66,26018.25,86.6,27301.8,35951.7,0.0,12184.724,356.905,306.587,2657:12;2680:12658;2681:12745
401.0001,1788884584.0406,4,603.58,25418.55,26022.13,38.5,27301.8,35951.7,0.0,12189.389,356.933,306.587,2657:12;2680:12661;2681:12746
401.1039,1788884584.1444,4,603.58,25430.47,26034.05,279.5,27304.2,35949.3,0.0,12193.043,357.027,306.587,2657:12;2680:12666;2681:12752
401.2077,1788884584.2481,4,603.58,25453.11,26056.69,134.9,27305.4,35948.1,0.0,12200.719,357.073,306.587,2657:12;2680:12679;2681:12762
401.3114,1788884584.3519,4,603.58,25446.87,26050.45,154.3,27309.4,35944.1,0.0,12201.002,357.153,306.587,2657:12;2680:12674;2681:12761
401.4151,1788884584.4556,4,603.59,25464.17,26067.76,144.5,27318.1,35935.4,0.0,12207.154,357.189,306.587,2657:12;2680:12683;2681:12769
401.5189,1788884584.5594,4,603.59,25462.38,26065.96,183.3,27334.1,35919.4,0.0,12207.899,357.278,306.587,2657:12;2680:12680;2681:12770
401.6225,1788884584.6630,4,603.59,25460.13,26063.72,231.6,27328.5,35925.0,0.0,12213.877,357.329,306.587,2657:12;2680:12679;2681:12769
401.7262,1788884584.7666,4,603.59,25488.59,26092.17,96.3,27328.5,35925.0,0.0,12220.097,357.415,306.587,2657:12;2680:12691;2681:12786
401.8301,1788884584.8705,4,603.59,25784.32,26387.92,1102.2,27728.4,35525.1,0.0,12220.225,357.416,306.587,2657:12;2680:12868;2681:12904
401.9395,1788884584.9800,4,603.67,25484.34,26088.01,1042.1,27396.5,35857.0,0.0,12220.225,357.416,306.587,2657:12;2680:12676;2681:12797
402.0446,1788884585.0850,4,603.69,25189.07,25792.75,518.9,27283.7,35969.8,0.0,12220.591,357.515,306.587,2657:12;2680:12559;2681:12617
402.1486,1788884585.1890,4,603.69,25211.37,25815.06,288.7,27297.8,35955.7,0.0,12221.126,357.624,306.587,2657:12;2680:12573;2681:12627
402.2525,1788884585.2929,4,603.69,25241.59,25845.27,341.1,27310.4,35943.1,0.0,12221.370,357.701,306.587,2657:12;2680:12590;2681:12639
402.3582,1788884585.3987,4,603.69,25248.05,25851.74,297.8,27326.4,35927.1,0.0,12221.880,357.797,306.587,2657:12;2680:12595;2681:12641
402.4622,1788884585.5027,4,603.69,25267.71,25871.39,365.5,27338.4,35915.1,0.0,12222.280,357.929,306.587,2657:12;2680:12609;2681:12646
402.5660,1788884585.6065,4,603.69,25297.32,25901.01,322.1,27346.4,35907.1,0.0,12222.912,358.049,306.587,2657:12;2680:12619;2681:12666
402.6718,1788884585.7123,4,603.69,25306.34,25910.02,336.2,27355.9,35897.5,0.0,12223.327,358.152,306.587,2657:12;2680:12626;2681:12668
402.7757,1788884585.8162,4,603.69,25316.81,25920.50,317.5,27358.1,35895.4,0.0,12223.748,358.270,306.587,2657:12;2680:12632;2681:12673
402.8796,1788884585.9201,4,603.70,25332.07,25935.77,240.6,27375.5,35877.9,0.0,12223.824,358.325,306.587,2657:12;2680:12640;2681:12679
402.9836,1788884586.0240,4,603.70,25338.26,25941.95,96.2,27375.5,35877.9,0.0,12223.940,358.361,306.587,2657:12;2680:12640;2681:12686
403.0875,1788884586.1279,4,603.70,25368.39,25972.08,237.3,27371.4,35882.0,0.0,12228.213,358.465,306.587,2657:12;2680:12650;2681:12706
403.1928,1788884586.2333,4,603.70,25356.05,25959.75,152.1,27382.3,35871.2,0.0,12230.549,358.498,306.587,2657:12;2680:12652;2681:12692
403.2980,1788884586.3384,4,603.70,25373.15,25976.85,76.8,27383.0,35870.5,0.0,12234.196,358.580,306.587,2657:12;2680:12659;2681:12702
403.4022,1788884586.4427,4,603.70,25370.60,25974.30,173.4,27395.7,35857.7,0.0,12237.001,358.610,306.587,2657:12;2680:12658;2681:12700
403.5060,1788884586.5464,4,603.70,25386.41,25990.11,77.0,27395.7,35857.7,0.0,12237.316,358.687,306.587,2657:12;2680:12667;2681:12707
403.6098,1788884586.6502,4,603.70,25390.96,25994.66,202.3,27404.7,35848.8,0.0,12243.316,358.728,306.587,2657:12;2680:12668;2681:12710
403.7136,1788884586.7540,4,603.70,25402.34,26006.04,67.5,27404.7,35848.8,0.0,12243.631,358.807,306.587,2657:12;2680:12677;2681:12713
403.8173,1788884586.8578,4,603.70,25414.56,26018.26,154.1,27412.8,35840.6,0.0,12250.395,358.845,306.587,2657:12;2680:12678;2681:12724
403.9212,1788884586.9616,4,603.70,25404.54,26008.23,48.1,27416.8,35836.6,0.0,12250.395,358.849,306.587,2657:12;2680:12678;2681:12714
404.0251,1788884587.0655,4,603.70,25420.84,26024.54,57.7,27413.1,35840.4,0.0,12251.381,358.929,306.587,2657:12;2680:12687;2681:12721
404.1290,1788884587.1695,4,603.70,25416.45,26020.14,269.2,27417.9,35835.5,0.0,12258.291,358.967,306.587,2657:12;2680:12682;2681:12722
404.2332,1788884587.2736,4,603.70,25450.14,26053.84,86.4,27418.2,35835.3,0.0,12262.823,359.059,306.587,2657:12;2680:12707;2681:12731
404.3372,1788884587.3777,4,603.70,25435.19,26038.89,211.7,27421.6,35831.9,0.0,12265.013,359.085,306.587,2657:12;2680:12693;2681:12730
404.4411,1788884587.4815,4,603.70,25468.64,26072.34,153.4,27421.6,35831.9,0.0,12271.973,359.184,306.587,2657:12;2680:12713;2681:12743
404.5457,1788884587.5862,4,603.70,25449.62,26053.32,144.0,27443.1,35810.4,0.0,12272.301,359.203,306.587,2657:12;2680:12704;2681:12734
404.6495,1788884587.6900,4,603.70,25464.69,26068.39,67.4,27443.1,35810.4,0.0,12273.049,359.282,306.587,2657:12;2680:12711;2681:12741
404.7533,1788884587.7938,4,603.70,25463.12,26066.82,211.8,27447.1,35806.4,0.0,12279.665,359.320,306.587,2657:12;2680:12709;2681:12742
404.8572,1788884587.8976,4,603.70,25485.55,26089.25,279.0,27448.9,35804.6,0.0,12288.071,359.434,306.587,2657:12;2680:12721;2681:12752
404.9611,1788884588.0015,4,603.70,25492.23,26095.93,134.9,27449.3,35804.2,0.0,12288.391,359.516,306.587,2657:12;2680:12725;2681:12755
405.0649,1788884588.1053,4,603.70,25564.92,26168.62,180.2,27473.4,35780.1,0.0,12295.685,359.543,306.587,2657:12;2680:12794;2681:12759
405.1706,1788884588.2111,4,603.73,25849.78,26453.51,1217.8,27757.6,35495.9,0.0,12295.686,359.543,306.587,2657:12;2680:12854;2681:12984
405.2775,1788884588.3180,4,603.79,25331.79,25935.58,926.1,27309.7,35943.7,0.0,12295.706,359.568,306.587,2657:12;2680:12611;2681:12708
405.3829,1788884588.4234,4,603.79,25187.22,25791.01,327.6,27180.1,36073.4,0.0,12296.611,359.666,306.587,2657:12;2680:12574;2681:12601
405.4867,1788884588.5272,4,603.79,25208.27,25812.06,279.2,27190.0,36063.4,0.0,12297.493,359.762,306.587,2657:12;2680:12578;2681:12618
405.5906,1788884588.6311,4,603.79,25204.49,25808.28,366.0,27198.3,36055.2,0.0,12297.892,359.868,306.587,2657:12;2680:12579;2681:12613
405.6944,1788884588.7349,4,603.79,25234.33,25838.12,336.8,27202.3,36051.2,0.0,12298.596,359.992,306.587,2657:12;2680:12594;2681:12629
405.7984,1788884588.8388,4,603.79,25262.61,25866.41,346.5,27214.3,36039.2,0.0,12298.938,360.106,306.587,2657:12;2680:12606;2681:12644
405.9023,1788884588.9427,4,603.80,25272.58,25876.39,404.1,27235.5,36018.0,0.0,12299.270,360.215,306.587,2657:12;2680:12608;2681:12652
406.0062,1788884589.0466,4,603.80,25291.68,25895.48,336.7,27244.0,36009.5,0.0,12299.783,360.340,306.587,2657:12;2680:12619;2681:12661
406.1100,1788884589.1505,4,603.80,25316.06,25919.86,317.6,27241.6,36011.9,0.0,12300.065,360.452,306.587,2657:12;2680:12622;2681:12681
406.2140,1788884589.2544,4,603.82,25319.37,25923.19,144.5,27245.2,36008.3,0.0,12300.087,360.475,306.587,2657:12;2680:12627;2681:12680
406.3178,1788884589.3583,4,603.82,25322.16,25925.98,169.6,27245.2,36008.3,0.0,12300.415,360.509,306.587,2657:12;2680:12630;2681:12680
406.4239,1788884589.4644,4,603.82,25339.48,25943.30,122.4,27253.3,36000.2,0.0,12304.152,360.594,306.587,2657:12;2680:12639;2681:12689
406.5304,1788884589.5709,4,603.82,25334.78,25938.60,180.2,27264.6,35988.9,0.0,12308.275,360.627,306.587,2657:12;2680:12635;2681:12688
406.6356,1788884589.6761,4,603.82,25350.03,25953.85,48.2,27264.6,35988.9,0.0,12308.894,360.699,306.587,2657:12;2680:12640;2681:12698
406.7395,1788884589.7799,4,603.82,25349.42,25953.24,269.6,27281.5,35972.0,0.0,12316.488,360.738,306.587,2657:12;2680:12639;2681:12698
406.8433,1788884589.8838,4,603.82,25366.20,25970.02,67.4,27281.5,35972.0,0.0,12317.270,360.816,306.587,2657:12;2680:12646;2681:12708
406.9472,1788884589.9876,4,603.83,25367.56,25971.39,240.2,27289.6,35963.9,0.0,12324.337,360.857,306.587,2657:12;2680:12647;2681:12708
407.0513,1788884590.0917,4,603.83,25383.80,25987.63,67.2,27283.4,35970.1,0.0,12324.650,360.934,306.587,2657:12;2680:12654;2681:12717
407.1553,1788884590.1958,4,603.83,25383.56,25987.39,250.3,27295.4,35958.1,0.0,12332.449,360.977,306.587,2657:12;2680:12655;2681:12716
407.2592,1788884590.2997,4,603.83,25399.88,26003.71,77.0,27296.1,35957.4,0.0,12332.762,361.053,306.587,2657:12;2680:12662;2681:12725
407.3630,1788884590.4035,4,603.83,25399.69,26003.52,231.3,27312.1,35941.4,0.0,12339.555,361.093,306.587,2657:12;2680:12661;2681:12726
407.4668,1788884590.5073,4,603.84,25415.23,26019.07,57.8,27312.1,35941.4,0.0,12339.868,361.169,306.587,2657:12;2680:12668;2681:12735
407.5706,1788884590.6111,4,603.84,25425.37,26029.20,221.4,27316.5,35937.0,0.0,12345.866,361.205,306.587,2657:12;2680:12672;2681:12741
407.6746,1788884590.7150,4,603.84,25418.59,26022.43,38.0,27320.6,35932.9,0.0,12346.159,361.226,306.587,2657:12;2680:12669;2681:12737
407.7800,1788884590.8205,4,603.84,25431.66,26035.49,48.2,27320.6,35932.9,0.0,12346.750,361.290,306.587,2657:12;2680:12674;2681:12745
407.8838,1788884590.9242,4,603.84,25431.69,26035.52,231.0,27340.6,35912.9,0.0,12351.910,361.327,306.587,2657:12;2680:12673;2681:12746
407.9877,1788884591.0282,4,603.88,25447.69,26051.57,96.0,27340.6,35912.9,0.0,12352.935,361.406,306.587,2657:12;2680:12680;2681:12755
408.0922,1788884591.1327,4,603.88,25448.80,26052.68,182.3,27351.4,35902.0,0.0,12358.400,361.440,306.587,2657:12;2680:12682;2681:12755
408.1962,1788884591.2366,4,603.88,25462.52,26066.39,67.4,27351.4,35902.0,0.0,12359.578,361.518,306.587,2657:12;2680:12688;2681:12762
408.3001,1788884591.3406,4,603.88,25455.03,26058.91,182.8,27346.6,35906.9,0.0,12364.834,361.552,306.587,2657:12;2680:12685;2681:12757
408.4042,1788884591.4446,4,603.88,25473.22,26077.10,76.8,27346.2,35907.2,0.0,12368.267,361.639,306.587,2657:12;2680:12693;2681:12768
408.5083,1788884591.5487,4,603.89,25870.27,26474.15,907.6,27722.0,35531.5,0.0,12371.043,361.649,306.587,2657:12;2680:12877;2681:12981
408.6130,1788884591.6534,4,603.96,25499.79,26103.75,1278.5,27350.4,35903.1,0.0,12371.043,361.649,306.587,2657:12;2680:12678;2681:12810
408.7180,1788884591.7585,4,604.05,25135.43,25739.48,952.8,27241.9,36011.6,0.0,12371.043,361.649,306.587,2657:12;2680:12481;2681:12642
408.8240,1788884591.8645,4,604.11,24830.95,25435.06,518.2,27127.9,36125.6,0.0,12371.059,361.672,306.587,2657:12;2680:12413;2681:12406
408.9279,1788884591.9684,4,604.15,24867.98,25472.13,250.5,27135.5,36118.0,0.0,12371.632,361.766,306.587,2657:12;2680:12431;2681:12424
409.0317,1788884592.0722,4,604.15,24864.91,25469.07,336.5,27118.7,36134.8,0.0,12372.076,361.872,306.587,2657:12;2680:12430;2681:12422
409.1357,1788884592.1762,4,604.15,24891.27,25495.43,337.0,27122.5,36131.0,0.0,12372.445,361.986,306.587,2657:12;2680:12441;2681:12438
409.2396,1788884592.2801,4,604.15,24914.66,25518.81,303.2,27134.7,36118.8,0.0,12372.833,362.090,306.587,2657:12;2680:12464;2681:12439
409.3454,1788884592.3858,4,604.15,24922.23,25526.38,298.1,27138.7,36114.8,0.0,12373.226,362.206,306.587,2657:12;2680:12461;2681:12449
409.4492,1788884592.4896,4,604.16,24952.26,25556.42,289.0,27154.7,36098.8,0.0,12373.658,362.317,306.587,2657:12;2680:12480;2681:12460
409.5530,1788884592.5934,4,604.16,24976.04,25580.19,331.8,27162.7,36090.8,0.0,12374.245,362.418,306.587,2657:12;2680:12495;2681:12468
409.6587,1788884592.6992,4,604.16,24989.51,25593.67,346.0,27166.7,36086.8,0.0,12374.815,362.539,306.587,2657:12;2680:12504;2681:12473
409.7625,1788884592.8030,4,604.16,24992.93,25597.09,202.4,27174.7,36078.8,0.0,12374.887,362.590,306.587,2657:12;2680:12503;2681:12477
409.8663,1788884592.9067,4,604.16,24994.70,25598.87,134.9,27175.5,36078.0,0.0,12375.209,362.606,306.587,2657:12;2680:12503;2681:12479
409.9701,1788884593.0105,4,604.21,25024.19,25628.40,125.3,27175.5,36078.0,0.0,12379.164,362.708,306.587,2657:12;2680:12527;2681:12485
410.0738,1788884593.1143,4,604.21,25012.95,25617.16,173.4,27176.1,36077.4,0.0,12381.415,362.733,306.587,2657:12;2680:12518;2681:12483
410.1776,1788884593.2181,4,604.21,25038.14,25642.35,106.0,27168.8,36084.6,0.0,12384.635,362.819,306.587,2657:12;2680:12536;2681:12490
410.2815,1788884593.3219,4,604.21,25023.29,25627.50,202.5,27175.1,36078.3,0.0,12388.133,362.848,306.587,2657:12;2680:12522;2681:12489
410.3852,1788884593.4256,4,604.21,25039.43,25643.64,67.5,27175.4,36078.1,0.0,12388.447,362.924,306.587,2657:12;2680:12532;2681:12495
410.4889,1788884593.5294,4,604.21,25047.04,25651.25,231.3,27179.9,36073.6,0.0,12395.163,362.961,306.587,2657:12;2680:12532;2681:12503
410.5927,1788884593.6331,4,604.21,25056.64,25660.85,86.6,27183.9,36069.6,0.0,12397.594,363.047,306.587,2657:12;2680:12542;2681:12502
410.6967,1788884593.7371,4,604.21,25057.56,25661.77,221.4,27199.8,36053.6,0.0,12401.874,363.079,306.587,2657:12;2680:12544;2681:12501
410.8006,1788884593.8410,4,604.21,25073.44,25677.65,67.5,27199.8,36053.6,0.0,12402.476,363.156,306.587,2657:12;2680:12554;2681:12507
410.9043,1788884593.9448,4,604.25,25075.56,25679.82,269.6,27212.2,36041.3,0.0,12408.874,363.195,306.587,2657:12;2680:12556;2681:12507
411.0082,1788884594.0486,4,604.25,25091.50,25695.75,57.9,27198.3,36055.2,0.0,12409.275,363.271,306.587,2657:12;2680:12566;2681:12513
411.1119,1788884594.1523,4,604.25,25087.69,25691.94,279.6,27160.9,36092.5,0.0,12416.009,363.314,306.587,2657:12;2680:12562;2681:12513
411.2156,1788884594.2561,4,604.25,25104.00,25708.26,57.8,27160.9,36092.5,0.0,12416.323,363.390,306.587,2657:12;2680:12573;2681:12519
411.3194,1788884594.3599,4,604.25,25103.69,25707.94,269.4,27180.4,36073.1,0.0,12424.265,363.430,306.587,2657:12;2680:12572;2681:12519
411.4233,1788884594.4638,4,604.26,25119.88,25724.14,77.1,27180.4,36073.1,0.0,12424.578,363.506,306.587,2657:12;2680:12582;2681:12525
411.5272,1788884594.5676,4,604.26,25122.34,25726.60,260.3,27188.9,36064.6,0.0,12432.798,363.545,306.587,2657:12;2680:12584;2681:12526
411.6308,1788884594.6713,4,604.26,25137.86,25742.12,67.5,27188.9,36064.6,0.0,12433.118,363.626,306.587,2657:12;2680:12594;2681:12531
411.7345,1788884594.7750,4,604.26,25132.43,25736.69,269.6,27188.9,36064.6,0.0,12441.709,363.671,306.587,2657:12;2680:12590;2681:12531
411.8384,1788884594.8788,4,604.26,25148.75,25753.00,48.2,27188.9,36064.6,0.0,12442.023,363.747,306.587,2657:12;2680:12600;2681:12537
411.9420,1788884594.9825,4,604.26,25313.00,25917.26,470.2,27335.9,35917.5,0.0,12449.949,363.772,306.587,2657:12;2680:12707;2681:12594
412.0464,1788884595.0868,4,604.30,25340.20,25944.50,1018.1,27295.5,35957.9,0.0,12449.949,363.772,306.587,2657:12;2680:12654;2681:12674
412.1516,1788884595.1920,4,604.45,25314.74,25919.19,964.3,27271.4,35982.0,0.0,12449.949,363.772,306.587,2657:12;2680:12708;2681:12594
412.2564,1788884595.2969,4,604.51,25207.65,25812.16,813.0,27371.8,35881.7,0.0,12449.949,363.772,306.587,2657:12;2680:12673;2681:12522
412.3619,1788884595.4024,4,604.57,25096.32,25700.89,684.8,27420.1,35833.3,0.0,12449.949,363.772,306.587,2657:12;2680:12608;2681:12476
412.4673,1788884595.5078,4,604.65,24814.06,25418.71,871.8,27235.2,36018.3,0.0,12449.949,363.772,306.587,2657:12;2680:12506;2681:12296
412.5715,1788884595.6119,4,604.71,24668.45,25273.16,580.4,27049.4,36204.1,0.0,12449.949,363.772,306.587,2657:12;2680:12468;2681:12189
412.6766,1788884595.7170,4,604.79,24405.55,25010.34,738.9,26813.0,36440.5,0.0,12449.949,363.772,306.587,2657:12;2680:12322;2681:12071
412.7808,1788884595.8213,4,604.86,24202.90,24807.75,601.4,26643.1,36610.3,0.0,12449.949,363.772,306.587,2657:12;2680:12210;2681:11980
412.8858,1788884595.9263,4,604.93,23906.14,24511.07,698.9,26314.8,36938.7,0.0,12449.949,363.772,306.587,2657:12;2680:12045;2681:11849
412.9899,1788884596.0304,4,605.09,23725.36,24330.45,684.3,26189.6,37063.9,0.0,12449.949,363.772,306.587,2657:12;2680:11943;2681:11770
413.0952,1788884596.1357,4,605.12,23367.37,23972.49,414.1,25863.7,37389.8,0.0,12450.139,363.802,306.587,2657:12;2680:11705;2681:11650
413.1990,1788884596.2394,4,605.12,23395.10,24000.22,317.9,25867.9,37385.5,0.0,12450.549,363.960,306.587,2657:12;2680:11721;2681:11662
413.3028,1788884596.3432,4,605.12,23415.28,24020.40,327.9,25871.9,37381.5,0.0,12450.894,364.059,306.587,2657:12;2680:11732;2681:11671
413.4065,1788884596.4470,4,605.13,23432.34,24037.46,308.6,25880.2,37373.3,0.0,12451.363,364.165,306.587,2657:12;2680:11743;2681:11677
413.5101,1788884596.5506,4,605.13,23458.39,24063.52,270.1,25888.2,37365.3,0.0,12451.986,364.277,306.587,2657:12;2680:11755;2681:11691
413.6138,1788884596.6543,4,605.13,23474.68,24079.80,327.4,25904.2,37349.3,0.0,12452.525,364.368,306.587,2657:12;2680:11772;2681:11690
413.7177,1788884596.7581,4,605.13,23494.11,24099.24,289.2,25912.2,37341.3,0.0,12453.085,364.485,306.587,2657:12;2680:11782;2681:11700
413.8215,1788884596.8619,4,605.13,23503.94,24109.07,395.3,25932.2,37321.3,0.0,12453.603,364.601,306.587,2657:12;2680:11780;2681:11712
413.9252,1788884596.9656,4,605.18,23510.61,24115.79,298.4,25932.2,37321.3,0.0,12454.054,364.691,306.587,2657:12;2680:11784;2681:11714
414.0290,1788884597.0695,4,605.18,23528.68,24133.86,96.4,25932.2,37321.3,0.0,12454.110,364.725,306.587,2657:12;2680:11800;2681:11716
414.1328,1788884597.1733,4,605.18,23547.30,24152.48,192.7,25930.3,37323.2,0.0,12454.476,364.819,306.587,2657:12;2680:11812;2681:11723
414.2366,1788884597.2770,4,605.18,23555.72,24160.90,231.3,25938.9,37314.6,0.0,12462.788,364.885,306.587,2657:12;2680:11819;2681:11724
414.3403,1788884597.3808,4,605.18,23565.08,24170.26,105.9,25935.0,37318.4,0.0,12463.830,364.966,306.587,2657:12;2680:11822;2681:11731
414.4442,1788884597.4847,4,605.18,23564.39,24169.58,269.4,25951.7,37301.8,0.0,12471.031,365.020,306.587,2657:12;2680:11822;2681:11730
414.5481,1788884597.5886,4,605.18,23605.40,24210.59,163.9,25955.7,37297.8,0.0,12471.407,365.102,306.587,2657:12;2680:11846;2681:11747
414.6518,1788884597.6923,4,605.18,23580.40,24185.58,115.7,25967.7,37285.8,0.0,12471.408,365.117,306.587,2657:12;2680:11832;2681:11736
414.7556,1788884597.7960,4,605.18,23595.57,24200.75,67.4,25967.7,37285.8,0.0,12473.001,365.191,306.587,2657:12;2680:11840;2681:11743
414.8595,1788884597.8999,4,605.18,23596.40,24201.58,260.0,25975.7,37277.8,0.0,12478.488,365.242,306.587,2657:12;2680:11840;2681:11744
414.9633,1788884598.0037,4,605.18,23616.60,24221.79,77.0,25975.9,37277.5,0.0,12479.908,365.322,306.587,2657:12;2680:11850;2681:11754
415.0672,1788884598.1077,4,605.18,23620.64,24225.82,231.2,25981.3,37272.2,0.0,12485.692,365.362,306.587,2657:12;2680:11857;2681:11751
415.1710,1788884598.2115,4,605.18,23631.41,24236.60,105.7,25978.5,37274.9,0.0,12489.373,365.458,306.587,2657:12;2680:11862;2681:11757
415.2751,1788884598.3156,4,605.18,23635.22,24240.40,202.4,25988.4,37265.0,0.0,12492.308,365.505,306.587,2657:12;2680:11863;2681:11760
415.3789,1788884598.4193,4,605.18,23647.09,24252.27,135.0,25996.7,37256.8,0.0,12496.206,365.585,306.587,2657:12;2680:11871;2681:11764
415.4826,1788884598.5230,4,605.18,23662.75,24267.93,154.0,26000.4,37253.1,0.0,12499.499,365.677,306.587,2657:12;2680:11880;2681:11771
415.5865,1788884598.6270,4,605.18,23658.05,24263.23,183.2,26008.4,37245.1,0.0,12504.423,365.713,306.587,2657:12;2680:11879;2681:11767
415.6902,1788884598.7307,4,605.18,23672.76,24277.95,57.8,26008.4,37245.1,0.0,12505.114,365.779,306.587,2657:12;2680:11887;2681:11773
415.7940,1788884598.8345,4,605.18,23666.30,24271.48,269.7,26012.4,37241.1,0.0,12512.688,365.847,306.587,2657:12;2680:11881;2681:11773
415.8978,1788884598.9382,4,605.23,23682.42,24287.64,67.5,26011.5,37242.0,0.0,12513.001,365.923,306.587,2657:12;2680:11891;2681:11779
416.0020,1788884599.0425,4,605.25,23962.00,24567.25,615.2,26046.1,37207.4,0.0,12518.798,365.945,306.587,2657:12;2680:11983;2681:11967
416.1092,1788884599.1496,4,605.28,24022.93,24628.21,1089.9,25992.8,37260.6,0.0,12519.164,365.946,306.587,2657:12;2680:12049;2681:11961
416.2155,1788884599.2559,4,605.35,24396.08,25001.43,1020.6,26336.0,36917.5,0.0,12519.164,365.946,306.587,2657:12;2680:12142;2681:12242
416.3212,1788884599.3617,4,605.36,24597.05,25202.41,864.4,26701.9,36551.5,0.0,12519.164,365.946,306.587,2657:12;2680:12118;2681:12467
416.4264,1788884599.4668,4,605.39,24656.50,25261.89,668.2,27016.6,36236.9,0.0,12519.164,365.946,306.587,2657:12;2680:12120;2681:12525
416.5320,1788884599.5725,4,605.44,24704.79,25310.23,857.1,27058.8,36194.7,0.0,12519.164,365.946,306.587,2657:12;2680:12095;2681:12597
416.6386,1788884599.6790,4,605.46,24878.34,25483.80,857.6,27310.4,35943.1,0.0,12519.164,365.946,306.587,2657:12;2680:12154;2681:12712
416.7448,1788884599.7853,4,605.46,24948.44,25553.90,699.4,27535.6,35717.8,0.0,12519.164,365.946,306.587,2657:12;2680:12189;2681:12747
416.8489,1788884599.8893,4,605.47,24817.62,25423.09,523.5,27558.9,35694.6,0.0,12519.164,365.946,306.587,2657:12;2680:11954;2681:12852
416.9542,1788884599.9946,4,605.53,24895.32,25500.85,441.5,27876.4,35377.0,0.0,12519.164,365.946,306.587,2657:12;2680:11862;2681:13021
417.0581,1788884600.0986,4,605.54,24991.46,25597.00,477.1,28158.4,35095.1,0.0,12519.164,365.946,306.587,2657:12;2680:11852;2681:13128
417.1629,1788884600.2034,4,605.54,24925.31,25530.85,337.0,28203.3,35050.1,0.0,12519.164,365.946,306.587,2657:12;2680:11862;2681:13051
417.2668,1788884600.3072,4,605.54,24804.37,25409.91,466.3,28132.2,35121.3,0.0,12519.164,365.946,306.587,2657:12;2680:11985;2681:12807
417.3720,1788884600.4124,4,605.56,24583.35,25188.91,547.0,28042.1,35211.4,0.0,12519.164,365.946,306.587,2657:12;2680:11912;2681:12659
417.4761,1788884600.5165,4,605.56,24720.11,25325.67,394.2,28194.9,35058.5,0.0,12519.164,365.946,306.587,2657:12;2680:11906;2681:12802
417.5801,1788884600.6205,4,605.56,24768.77,25374.34,327.5,28335.1,34918.3,0.0,12519.164,365.946,306.587,2657:12;2680:11866;2681:12891
417.6839,1788884600.7243,4,605.57,24714.42,25319.99,192.4,28350.9,34902.5,0.0,12519.164,365.946,306.587,2657:12;2680:11865;2681:12838
417.7878,1788884600.8283,4,605.57,25161.77,25767.34,820.9,28760.1,34493.4,0.0,12519.164,365.946,306.587,2657:12;2680:11888;2681:13261
417.8938,1788884600.9343,4,605.61,25237.92,25843.52,1123.2,28942.0,34311.4,0.0,12519.165,365.946,306.587,2657:12;2680:12051;2681:13175
417.9980,1788884601.0385,4,605.73,25311.34,25917.07,1010.8,28814.7,34438.8,0.0,12519.166,365.948,306.587,2657:12;2680:12174;2681:13125
418.1052,1788884601.1456,4,605.75,25621.69,26227.44,1323.3,29013.1,34240.3,0.0,12519.166,365.948,306.587,2657:12;2680:12265;2681:13345
418.2110,1788884601.2515,4,605.77,25986.12,26591.88,1357.9,29279.8,33973.6,0.0,12519.166,365.948,306.587,2657:12;2680:12549;2681:13425
418.3185,1788884601.3590,4,605.79,25294.19,25899.98,1211.4,29087.1,34166.4,0.0,12519.166,365.948,306.587,2657:12;2680:12136;2681:13146
418.4240,1788884601.4644,4,605.84,25660.02,26265.86,1263.5,29328.2,33925.2,0.0,12519.166,365.948,306.587,2657:12;2680:12031;2681:13617
418.5301,1788884601.5706,4,605.85,25749.93,26355.77,1109.4,29588.6,33664.9,0.0,12519.166,365.948,306.587,2657:12;2680:11861;2681:13877
418.6355,1788884601.6760,4,605.85,26118.00,26723.84,854.4,29910.2,33343.2,0.0,12519.166,365.948,306.587,2657:12;2680:11843;2681:14263
418.7395,1788884601.7800,4,605.85,26217.25,26823.09,558.2,30239.5,33014.0,0.0,12519.166,365.948,306.587,2657:12;2680:11804;2681:14401
418.8474,1788884601.8879,4,605.85,26410.70,27016.55,612.7,30711.6,32541.8,0.0,12519.166,365.948,306.587,2657:12;2680:11762;2681:14636
418.9514,1788884601.9919,4,605.85,26375.38,26981.23,491.0,30779.4,32474.1,0.0,12519.166,365.948,306.587,2657:12;2680:11745;2681:14618
419.0553,1788884602.0958,4,605.86,26276.09,26881.95,365.8,30616.8,32636.6,0.0,12519.166,365.948,306.587,2657:12;2680:11746;2681:14518
419.1592,1788884602.1996,4,605.86,26286.68,26892.53,298.5,30720.8,32532.7,0.0,12519.166,365.948,306.587,2657:12;2680:11746;2681:14528
419.2630,1788884602.3034,4,605.86,26061.54,26667.40,366.0,30628.4,32625.1,0.0,12519.166,365.948,306.587,2657:12;2680:11640;2681:14410
419.3669,1788884602.4073,4,605.97,25758.07,26364.04,847.7,30427.1,32826.4,0.0,12519.166,365.948,306.587,2657:12;2680:11518;2681:14228
419.4720,1788884602.5124,4,605.99,25377.79,25983.78,1023.3,30187.5,33066.0,0.0,12519.166,365.948,306.587,2657:12;2680:11462;2681:13904
419.5774,1788884602.6179,4,606.00,25721.36,26327.36,1188.4,30715.4,32538.1,0.0,12519.166,365.948,306.587,2657:12;2680:11665;2681:14044
419.6843,1788884602.7248,4,606.03,25699.51,26305.54,1257.5,30850.1,32403.4,0.0,12519.166,365.948,306.587,2657:12;2680:11212;2681:14475
419.7931,1788884602.8335,4,606.05,25656.23,26262.29,1248.8,30753.6,32499.8,0.0,12519.166,365.948,306.587,2657:12;2680:11112;2681:14532
419.9001,1788884602.9405,4,606.06,25979.05,26585.11,1078.8,30988.6,32264.9,0.0,12519.169,365.949,306.587,2657:12;2680:11138;2681:14829
420.0076,1788884603.0480,4,606.08,26167.73,26773.80,1211.4,31133.0,32120.5,0.0,12519.170,365.950,306.587,2657:12;2680:11261;2681:14895
420.1157,1788884603.1562,4,606.08,26366.05,26972.13,1328.9,30983.2,32270.3,0.0,12519.170,365.950,306.587,2657:12;2680:11600;2681:14754
420.2232,1788884603.2637,4,606.10,26302.39,26908.49,1285.0,30968.6,32284.9,0.0,12519.170,365.950,306.587,2657:12;2680:11511;2681:14779
420.3295,1788884603.3700,4,606.11,26439.38,27045.49,1185.2,30778.7,32474.8,0.0,12519.170,365.950,306.587,2657:12;2680:11505;2681:14922
420.4396,1788884603.4800,4,606.12,26968.06,27574.18,1383.1,31488.0,31765.5,0.0,12519.170,365.950,306.587,2657:12;2680:12027;2681:14929
420.5451,1788884603.5856,4,606.12,27002.01,27608.14,1324.8,31682.2,31571.3,0.0,12519.170,365.950,306.587,2657:12;2680:11781;2681:15208
420.6500,1788884603.6904,4,606.13,26952.84,27558.96,1208.3,31576.5,31677.0,0.0,12519.170,365.950,306.587,2657:12;2680:12090;2681:14851
420.7581,1788884603.7985,4,606.14,27235.37,27841.52,1363.2,31685.8,31567.7,0.0,12519.170,365.950,306.587,2657:12;2680:13279;2681:13944
420.8792,1788884603.9196,4,606.15,29153.13,29759.28,1580.6,33873.0,29380.5,0.0,12519.170,365.950,306.587,2657:12;2680:15071;2681:14070
420.9961,1788884604.0366,4,606.15,30226.81,30832.96,1588.1,34724.5,28529.0,0.0,12519.170,365.950,306.587,2657:12;2680:15739;2681:14475
421.1161,1788884604.1565,4,606.16,30752.14,31358.29,1570.3,35287.2,27966.2,0.0,12519.170,365.950,306.587,2657:12;2680:15845;2681:14895
421.2255,1788884604.2659,4,606.16,31077.25,31683.41,1444.0,35506.9,27746.6,0.0,12519.170,365.950,306.587,2657:12;2680:16088;2681:14977
421.3337,1788884604.3741,4,606.16,30521.51,31127.67,997.9,35167.1,28086.4,0.0,12519.170,365.950,306.587,2657:12;2680:16249;2681:14261
421.4376,1788884604.4780,4,606.18,28516.59,29122.77,864.9,33735.9,29517.6,0.0,12519.170,365.950,306.587,2657:12;2680:15729;2681:12775
421.5421,1788884604.5825,4,606.19,29768.12,30374.32,1385.1,34478.4,28775.1,0.0,12519.170,365.950,306.587,2657:12;2680:15699;2681:14057
421.6547,1788884604.6952,4,606.20,28479.73,29085.93,1304.6,33577.3,29676.2,0.0,12519.170,365.950,306.587,2657:12;2680:15292;2681:13176
421.7601,1788884604.8006,4,606.21,26576.71,27182.92,836.5,31916.2,31337.3,0.0,12519.170,365.950,306.587,2657:12;2680:13658;2681:12907
421.8641,1788884604.9045,4,606.21,23775.34,24381.55,1008.7,29024.6,34228.9,0.0,12519.170,365.950,306.587,2657:12;2680:11774;2681:11990
421.9695,1788884605.0099,4,606.24,24147.72,24753.96,1139.3,29220.3,34033.2,0.0,12519.175,365.952,306.587,2657:12;2680:12289;2681:11847
422.0746,1788884605.1150,4,606.26,24422.82,25029.07,1415.6,29154.6,34098.9,0.0,12519.175,365.953,306.587,2657:12;2680:12344;2681:12066
422.1821,1788884605.2225,4,606.27,24620.71,25226.98,1388.2,29282.6,33970.9,0.0,12519.175,365.953,306.587,2657:12;2680:12392;2681:12217
422.2894,1788884605.3299,4,606.27,24379.16,24985.44,1396.8,29253.9,33999.6,0.0,12519.175,365.953,306.587,2657:12;2680:11860;2681:12507
422.4014,1788884605.4419,4,606.28,24791.83,25398.11,1327.2,29613.5,33639.9,0.0,12519.175,365.953,306.587,2657:12;2680:11988;2681:12792
422.5076,1788884605.5480,4,606.29,25443.06,26049.35,1457.3,30286.9,32966.6,0.0,12519.175,365.953,306.587,2657:12;2680:11881;2681:13550
422.6135,1788884605.6540,4,606.29,26254.38,26860.67,1357.3,30767.1,32486.3,0.0,12519.175,365.953,306.587,2657:12;2680:12068;2681:14174
422.7231,1788884605.7635,4,606.30,25235.75,25842.05,1340.0,30216.3,33037.2,0.0,12519.175,365.953,306.587,2657:12;2680:11620;2681:13604
422.8294,1788884605.8698,4,606.31,24268.96,24875.27,1001.6,29610.1,33643.3,0.0,12519.175,365.953,306.587,2657:12;2680:10779;2681:13478
422.9340,1788884605.9745,4,606.36,24049.16,24655.51,969.1,29209.8,34043.6,0.0,12519.175,365.953,306.587,2657:12;2680:10726;2681:13311
423.0421,1788884606.0825,4,606.36,23677.15,24283.51,1299.7,28571.3,34682.2,0.0,12519.175,365.953,306.587,2657:12;2680:11184;2681:12481
423.1591,1788884606.1995,4,606.36,24785.87,25392.23,1502.5,29365.6,33887.9,0.0,12519.175,365.953,306.587,2657:12;2680:12405;2681:12369
423.2661,1788884606.3065,4,606.36,24951.47,25557.84,1581.8,29678.1,33575.4,0.0,12519.175,365.953,306.587,2657:12;2680:13168;2681:11771
423.3774,1788884606.4179,4,606.36,25012.58,25618.95,1359.4,29868.1,33385.3,0.0,12519.175,365.953,306.587,2657:12;2680:13426;2681:11574
423.4840,1788884606.5244,4,606.37,24710.37,25316.74,1291.7,29510.8,33742.7,0.0,12519.175,365.953,306.587,2657:12;2680:13473;2681:11225
423.5907,1788884606.6312,4,606.37,23879.02,24485.39,709.0,28738.3,34515.2,0.0,12519.175,365.953,306.587,2657:12;2680:12841;2681:11026
423.6951,1788884606.7355,4,606.38,24189.09,24795.47,1182.4,28916.4,34337.1,0.0,12519.175,365.953,306.587,2657:12;2680:12474;2681:11702
423.8071,1788884606.8475,4,606.39,23927.50,24533.89,1492.5,28729.9,34523.5,0.0,12519.175,365.953,306.587,2657:12;2680:11895;2681:12020
423.9166,1788884606.9571,4,606.40,23882.64,24489.05,1214.8,28778.0,34475.5,0.0,12519.175,365.953,306.587,2657:12;2680:11721;2681:12150
424.0207,1788884607.0612,4,606.40,22240.62,22847.02,1176.4,27026.2,36227.2,0.0,12519.176,365.953,306.587,2657:12;2680:9002;2681:13226
424.1257,1788884607.1661,4,606.41,20442.40,21048.82,1253.9,25532.9,37720.6,0.0,12519.176,365.953,306.587,2657:12;2680:7914;2681:12516
424.2423,1788884607.2828,4,606.42,20338.29,20944.71,1391.7,25361.9,37891.5,0.0,12519.176,365.953,306.587,2657:12;2680:8400;2681:11926
424.3514,1788884607.3919,4,606.42,20363.12,20969.54,1206.9,25336.0,37917.5,0.0,12519.176,365.953,306.587,2657:12;2680:8240;2681:12111
424.4583,1788884607.4987,4,606.43,19063.91,19670.33,1034.7,24402.6,38850.9,0.0,12519.176,365.953,306.587,2657:12;2680:7959;2681:11093
424.5651,1788884607.6055,4,606.43,17098.81,17705.24,786.4,22453.0,40800.5,0.0,12519.176,365.953,306.587,2657:12;2680:6201;2681:10886
424.6752,1788884607.7157,4,606.44,16884.49,17490.93,940.6,21959.1,41294.4,0.0,12519.176,365.953,306.587,2657:12;2680:6104;2681:10768
424.7815,1788884607.8219,4,606.46,16634.32,17240.77,1207.1,21499.1,41754.4,0.0,12519.176,365.953,306.587,2657:12;2680:6212;2681:10410
424.8856,1788884607.9261,4,606.46,16634.52,17240.98,1110.5,21970.0,41283.5,0.0,12519.176,365.953,306.587,2657:12;2680:6272;2681:10350
424.9910,1788884608.0315,4,606.51,16838.88,17445.39,1264.4,21811.3,41442.2,0.0,12519.329,366.014,306.587,2657:12;2680:6410;2681:10416
425.0954,1788884608.1358,4,606.51,16961.13,17567.64,1269.9,21832.6,41420.9,0.0,12519.495,366.058,306.587,2657:12;2680:6461;2681:10488
425.2001,1788884608.2406,4,606.51,16049.93,16656.44,865.1,20995.9,42257.5,0.0,12521.159,366.112,306.587,2657:12;2680:6301;2681:9737
425.3041,1788884608.3446,4,606.52,16215.84,16822.36,896.2,21129.9,42123.6,0.0,12523.344,366.159,306.587,2657:12;2680:6010;2681:10193
425.4116,1788884608.4521,4,606.52,16517.87,17124.39,895.5,21316.4,41937.1,0.0,12525.870,366.216,306.587,2657:12;2680:6029;2681:10476
425.5189,1788884608.5594,4,606.52,15239.68,15846.21,665.7,20645.7,42607.8,0.0,12530.962,366.287,306.587,2657:12;2680:5254;2681:9974
425.6254,1788884608.6658,4,606.52,15878.50,16485.03,766.8,20815.4,42438.1,0.0,12534.440,366.310,306.587,2657:12;2680:5309;2681:10557
425.7295,1788884608.7699,4,606.53,15842.80,16449.33,599.1,20753.9,42499.5,0.0,12536.939,366.325,306.587,2657:12;2680:5335;2681:10495
425.8348,1788884608.8753,4,606.54,15337.97,15944.51,928.0,20168.2,43085.3,0.0,12536.952,366.333,306.587,2657:12;2680:5489;2681:9837
425.9394,1788884608.9799,4,606.59,16122.27,16728.86,1265.7,20707.8,42545.7,0.0,12536.958,366.333,306.587,2657:12;2680:5588;2681:10522
426.0460,1788884609.0865,4,606.61,16190.40,16797.01,1217.0,20921.2,42332.2,0.0,12536.958,366.333,306.587,2657:12;2680:5536;2681:10642
426.1510,1788884609.1914,4,606.62,15898.50,16505.13,1134.5,20643.8,42609.7,0.0,12536.959,366.333,306.587,2657:12;2680:5282;2681:10604
426.2570,1788884609.2975,4,606.63,15572.54,16179.17,993.3,20405.1,42848.4,0.0,12536.964,366.340,306.587,2657:12;2680:5391;2681:10169
426.3638,1788884609.4042,4,606.63,15951.86,16558.49,642.0,20581.0,42672.5,0.0,12536.964,366.340,306.587,2657:12;2680:5512;2681:10428
426.4678,1788884609.5083,4,606.65,14976.09,15582.73,566.5,20026.4,43227.1,0.0,12536.966,366.340,306.587,2657:12;2680:5422;2681:9542
426.5720,1788884609.6124,4,606.76,15076.25,15683.01,1345.7,19803.2,43450.2,0.0,12536.966,366.340,306.587,2657:12;2680:4734;2681:10330
426.6801,1788884609.7205,4,606.77,15366.98,15973.75,1398.2,20114.0,43139.5,0.0,12536.966,366.340,306.587,2657:12;2680:4711;2681:10643
426.7901,1788884609.8305,4,606.78,15609.53,16216.31,1336.2,20328.7,42924.8,0.0,12536.966,366.340,306.587,2657:12;2680:4760;2681:10837
426.8965,1788884609.9370,4,606.82,15271.12,15877.93,1190.2,20101.2,43152.2,0.0,12536.966,366.340,306.587,2657:12;2680:4778;2681:10481
427.0050,1788884610.0455,4,606.84,14811.20,15418.04,1207.5,19831.7,43421.8,0.0,12536.966,366.340,306.587,2657:12;2680:4642;2681:10157
427.1124,1788884610.1529,4,606.87,14324.12,14930.99,1128.5,19279.0,43974.5,0.0,12536.966,366.340,306.587,2657:12;2680:4492;2681:9820
427.2179,1788884610.2584,4,606.88,14075.47,14682.35,704.3,19070.1,44183.4,0.0,12536.966,366.340,306.587,2657:12;2680:4203;2681:9860
427.3229,1788884610.3634,4,606.89,11973.36,12580.25,497.6,17228.1,46025.3,0.0,12536.966,366.340,306.587,2657:12;2680:3815;2681:8146
427.4273,1788884610.4678,4,606.91,11830.71,12437.62,578.7,17139.9,46113.5,0.0,12536.966,366.340,306.587,2657:12;2680:3803;2681:8015
427.5342,1788884610.5747,4,606.98,12610.38,13217.37,1362.1,17592.5,45660.9,0.0,12536.966,366.340,306.587,2657:12;2680:3841;2681:8757
427.6431,1788884610.6836,4,607.02,12594.92,13201.94,1215.8,17603.9,45649.5,0.0,12536.966,366.340,306.587,2657:12;2680:3794;2681:8789
427.7488,1788884610.7893,4,607.04,11077.33,11684.36,399.4,16398.1,46855.3,0.0,12536.966,366.340,306.587,2657:12;2680:3700;2681:7365
427.8540,1788884610.8944,4,607.09,11281.19,11888.27,1025.8,15843.8,47409.6,0.0,12536.966,366.340,306.587,2657:12;2680:3900;2681:7369
427.9623,1788884611.0027,4,607.10,11489.67,12096.77,1225.2,16011.0,47242.5,0.0,12536.966,366.340,306.587,2657:12;2680:4030;2681:7447
428.0677,1788884611.1082,4,607.11,11808.09,12415.20,1073.6,15989.4,47264.0,0.0,12536.966,366.340,306.587,2657:12;2680:4233;2681:7563
428.1718,1788884611.2123,4,607.11,11891.39,12498.50,874.3,16126.8,47126.7,0.0,12536.966,366.340,306.587,2657:12;2680:4733;2681:7147
428.2785,1788884611.3189,4,607.11,12314.53,12921.64,753.6,16593.1,46660.3,0.0,12536.966,366.340,306.587,2657:12;2680:5010;2681:7292
428.3843,1788884611.4248,4,607.12,11737.72,12344.84,651.4,16161.0,47092.5,0.0,12536.966,366.340,306.587,2657:12;2680:4378;2681:7347
428.4887,1788884611.5291,4,607.12,11312.12,11919.24,491.0,15824.7,47428.8,0.0,12536.966,366.340,306.587,2657:12;2680:3942;2681:7358
428.5926,1788884611.6330,4,607.12,10870.70,11477.82,394.5,15430.8,47822.6,0.0,12536.966,366.340,306.587,2657:12;2680:3501;2681:7358
428.6965,1788884611.7370,4,607.12,11015.71,11622.84,355.9,15512.1,47741.4,0.0,12536.966,366.340,306.587,2657:12;2680:3493;2681:7511
428.8005,1788884611.8409,4,607.12,10990.91,11598.04,394.6,15711.5,47542.0,0.0,12536.966,366.340,306.587,2657:12;2680:3340;2681:7639
428.9044,1788884611.9448,4,607.13,10992.10,11599.23,207.6,15760.1,47493.4,0.0,12536.966,366.340,306.587,2657:12;2680:3338;2681:7642
429.0106,1788884612.0510,4,607.13,10990.74,11597.87,124.8,15775.6,47477.9,0.0,12536.966,366.340,306.587,2657:12;2680:3338;2681:7640
429.1145,1788884612.1550,4,607.14,10986.71,11593.85,182.8,15789.2,47464.3,0.0,12536.966,366.340,306.587,2657:12;2680:3334;2681:7640
429.2184,1788884612.2589,4,607.16,11235.78,11842.93,728.4,15741.0,47512.5,0.0,12536.966,366.340,306.587,2657:12;2680:3347;2681:7877
429.3253,1788884612.3657,4,607.18,12099.14,12706.32,1306.0,16404.1,46849.4,0.0,12536.966,366.340,306.587,2657:12;2680:3482;2681:8605
429.4348,1788884612.4752,4,607.18,12628.85,13236.03,1323.8,16806.1,46447.4,0.0,12536.966,366.340,306.587,2657:12;2680:3675;2681:8941
429.5405,1788884612.5809,4,607.18,13027.15,13634.33,1041.1,17327.5,45926.0,0.0,12536.966,366.340,306.587,2657:12;2680:4002;2681:9013
429.6471,1788884612.6875,4,607.19,13200.48,13807.66,732.6,17478.3,45775.1,0.0,12536.966,366.340,306.587,2657:12;2680:3985;2681:9203
429.7535,1788884612.7939,4,607.19,13223.96,13831.16,947.2,17663.7,45589.8,0.0,12536.966,366.340,306.587,2657:12;2680:3932;2681:9280
429.8578,1788884612.8982,4,607.19,13644.21,14251.40,914.5,17672.3,45581.2,0.0,12536.966,366.340,306.587,2657:12;2680:4307;2681:9325
429.9627,1788884613.0032,4,607.22,12300.61,12907.83,589.1,16933.6,46319.8,0.0,12536.966,366.340,306.587,2657:12;2680:3150;2681:9138
430.0682,1788884613.1086,4,607.23,11294.86,11902.09,489.7,15955.6,47297.8,0.0,12536.966,366.340,306.587,2657:12;2680:2401;2681:8881
430.1731,1788884613.2135,4,607.24,11551.38,12158.62,625.1,15965.5,47287.9,0.0,12536.966,366.340,306.587,2657:12;2680:2613;2681:8926
430.2811,1788884613.3215,4,607.25,11582.77,12190.02,1368.0,15983.5,47269.9,0.0,12536.966,366.340,306.587,2657:12;2680:2411;2681:9159
430.3901,1788884613.4305,4,607.27,11762.54,12369.80,1405.3,16257.2,46996.3,0.0,12536.966,366.340,306.587,2657:12;2680:1936;2681:9814
430.5024,1788884613.5428,4,607.27,12395.43,13002.70,1432.1,16832.8,46420.6,0.0,12536.966,366.340,306.587,2657:12;2680:2148;2681:10235
430.6179,1788884613.6584,4,607.28,12446.62,13053.91,1218.3,17254.6,45998.8,0.0,12536.966,366.340,306.587,2657:12;2680:2347;2681:10088
430.7252,1788884613.7657,4,607.29,11336.83,11944.12,1207.3,16172.8,47080.7,0.0,12536.966,366.340,306.587,2657:12;2680:2320;2681:9004
430.8293,1788884613.8698,4,607.30,11431.67,12038.96,1373.1,16238.0,47015.5,0.0,12536.966,366.340,306.587,2657:12;2680:2097;2681:9322
430.9383,1788884613.9787,4,607.32,11886.77,12494.09,1404.0,16545.1,46708.4,0.0,12536.966,366.340,306.587,2657:12;2680:1622;2681:10253
431.0458,1788884614.0863,4,607.33,11570.10,12177.43,1374.6,16425.6,46827.9,0.0,12536.966,366.340,306.587,2657:12;2680:1945;2681:9613
431.1526,1788884614.1931,4,607.33,11720.76,12328.09,1175.2,16495.8,46757.7,0.0,12536.966,366.340,306.587,2657:12;2680:1927;2681:9782
431.2570,1788884614.2974,4,607.34,11351.26,11958.59,869.8,16328.1,46925.4,0.0,12536.966,366.340,306.587,2657:12;2680:1457;2681:9882
431.3641,1788884614.4046,4,607.34,9816.19,10423.52,464.1,14963.5,48290.0,0.0,12536.966,366.340,306.587,2657:12;2680:1204;2681:8600
431.4721,1788884614.5126,4,607.35,5676.99,6284.34,401.9,10623.6,52629.9,0.0,12536.967,366.341,306.587,2657:12;2680:435;2681:5230
431.5772,1788884614.6177,4,607.36,7077.23,7684.59,1204.5,11661.1,51592.3,0.0,12536.967,366.341,306.587,2657:12;2680:435;2681:6630
431.6871,1788884614.7275,4,607.36,7973.35,8580.71,1526.9,12555.7,50697.8,0.0,12536.968,366.341,306.587,2657:12;2680:437;2681:7524
431.8008,1788884614.8412,4,607.36,7968.02,8575.38,802.5,12623.6,50629.9,0.0,12536.969,366.342,306.587,2657:12;2680:437;2681:7519
431.9062,1788884614.9467,4,607.41,7565.67,8173.08,269.6,12471.4,50782.0,0.0,12536.969,366.342,306.587,2657:12;2680:437;2681:7116
432.0100,1788884615.0505,4,607.41,7118.06,7725.47,182.8,11920.6,51332.9,0.0,12536.969,366.342,306.587,2657:12;2680:437;2681:6669
432.1142,1788884615.1547,4,607.42,2968.21,3575.63,305.5,7705.6,55547.9,0.0,12536.969,366.342,306.587,2657:12;2680:438;2681:2518
432.2189,1788884615.2594,4,607.49,3943.26,4550.75,1023.2,8354.0,54899.5,0.0,12536.969,366.342,306.587,2657:12;2680:439;2681:3492
432.3255,1788884615.3660,4,607.49,4057.23,4664.72,649.6,8474.0,54779.5,0.0,12536.969,366.342,306.587,2657:12;2680:439;2681:3606
432.4317,1788884615.4722,4,607.49,4074.08,4681.57,211.2,8582.2,54671.2,0.0,12536.969,366.342,306.587,2657:12;2680:439;2681:3623
432.5356,1788884615.5760,4,607.49,3997.99,4605.48,173.2,8582.2,54671.2,0.0,12536.969,366.342,306.587,2657:12;2680:439;2681:3547
432.6396,1788884615.6800,4,607.49,4004.25,4611.74,96.3,8582.2,54671.2,0.0,12536.969,366.342,306.587,2657:12;2680:439;2681:3553
432.7433,1788884615.7838,4,607.49,4011.75,4619.24,105.9,8582.2,54671.2,0.0,12536.969,366.342,306.587,2657:12;2680:439;2681:3561
432.8473,1788884615.8877,4,607.50,1015.30,1622.79,115.4,5808.2,57445.3,0.0,12536.969,366.342,306.587,2657:12;2680:439;2681:564
432.9512,1788884615.9917,4,607.50,1184.63,1792.13,240.4,5811.6,57441.8,0.0,12536.969,366.342,306.587,2657:12;2680:455;2681:718
433.0552,1788884616.0957,4,607.50,1383.47,1990.97,221.4,5988.4,57265.1,0.0,12536.969,366.342,306.587,2657:12;2680:469;2681:903
433.1591,1788884616.1996,4,715.53,1107.81,1823.34,414.0,5854.2,57399.3,0.0,12536.971,366.343,306.587,2657:12;2680:481;2681:614
433.2630,1788884616.3035,4,824.16,1145.48,1969.64,216.8,5846.4,57407.1,0.0,12536.971,366.343,306.587,2657:12;2680:519;2681:614
433.3693,1788884616.4097,4,886.51,1145.48,2031.99,94.0,5894.2,57359.3,0.0,12536.972,366.345,306.587,2657:12;2680:519;2681:614
433.4758,1788884616.5162,4,804.71,1046.43,1851.14,236.5,5883.8,57369.7,0.0,12536.972,366.345,306.587,2657:12;2680:461;2681:573
433.5814,1788884616.6219,4,788.32,1046.43,1834.75,239.9,5779.3,57474.1,0.0,12536.972,366.345,306.587,2657:12;2680:461;2681:573
433.6854,1788884616.7259,4,745.63,1046.43,1792.06,114.3,5733.4,57520.0,0.0,12536.972,366.345,306.587,2657:12;2680:461;2681:573
433.7906,1788884616.8310,4,854.29,1046.43,1900.71,105.6,5710.9,57542.6,0.0,12536.973,366.346,306.587,2657:12;2680:461;2681:573
433.8945,1788884616.9350,4,770.92,1046.43,1817.34,161.1,5770.4,57483.1,0.0,12536.973,366.346,306.587,2657:12;2680:461;2681:573
434.0003,1788884617.0408,4,835.57,924.61,1760.18,172.9,5643.6,57609.8,0.0,12536.974,366.347,306.587,2657:12;2680:442;2681:470
434.1041,1788884617.1446,4,770.86,985.81,1756.66,134.8,5570.8,57682.7,0.0,12536.975,366.348,306.587,2657:12;2680:473;2681:501
434.2080,1788884617.2484,4,805.13,977.75,1782.89,217.1,5508.2,57745.2,0.0,12536.975,366.348,306.587,2657:12;2680:477;2681:489
434.3142,1788884617.3546,4,828.71,962.49,1791.20,124.8,5425.1,57828.4,0.0,12536.975,366.348,306.587,2657:12;2680:462;2681:489
434.4180,1788884617.4585,4,846.18,962.49,1808.67,96.3,5424.3,57829.1,0.0,12536.975,366.348,306.587,2657:12;2680:462;2681:489
434.5219,1788884617.5623,4,828.07,962.49,1790.55,106.0,5425.9,57827.6,0.0,12536.975,366.349,306.587,2657:12;2680:462;2681:489
434.6256,1788884617.6661,4,812.83,962.49,1775.32,106.0,5351.9,57901.5,0.0,12568.771,398.144,306.587,2657:12;2680:462;2681:489
434.7294,1788884617.7698,4,852.55,962.49,1815.04,96.5,5351.9,57901.5,0.0,12568.771,398.144,306.587,2657:12;2680:462;2681:489
434.8330,1788884617.8735,4,890.47,962.49,1852.96,105.9,5351.9,57901.5,0.0,12568.771,398.145,306.587,2657:12;2680:462;2681:489
434.9369,1788884617.9774,4,858.79,962.49,1821.27,104.5,5351.0,57902.5,0.0,12568.772,398.145,306.587,2657:12;2680:462;2681:489
435.0425,1788884618.0829,4,881.44,992.20,1873.64,236.6,5275.8,57977.7,0.0,12568.772,398.145,306.587,2657:12;2680:491;2681:489
435.1481,1788884618.1886,4,908.67,957.08,1865.75,124.8,5201.4,58052.0,0.0,12568.772,398.145,306.587,2657:12;2680:456;2681:489
435.2520,1788884618.2925,4,921.67,957.08,1878.75,96.3,5193.4,58060.1,0.0,12568.772,398.145,306.587,2657:12;2680:456;2681:489
435.3559,1788884618.3963,4,889.05,957.08,1846.13,96.4,5210.2,58043.2,0.0,12568.772,398.145,306.587,2657:12;2680:456;2681:489
435.4596,1788884618.5000,4,898.77,957.08,1855.85,115.7,5080.6,58172.8,0.0,12599.217,428.590,306.587,2657:12;2680:456;2681:489
435.5633,1788884618.6037,4,948.79,957.08,1905.87,96.4,5080.6,58172.8,0.0,12599.217,428.590,306.587,2657:12;2680:456;2681:489
435.6670,1788884618.7074,4,996.29,957.08,1953.37,106.0,5096.0,58157.5,0.0,12599.218,428.592,306.587,2657:12;2680:456;2681:489
435.7708,1788884618.8112,4,971.07,957.08,1928.15,94.8,5104.3,58149.2,0.0,12599.219,428.592,306.587,2657:12;2680:456;2681:489
435.8765,1788884618.9170,4,993.38,987.23,1980.61,197.5,5064.2,58189.3,0.0,12599.219,428.592,306.587,2657:12;2680:458;2681:517
435.9829,1788884619.0233,4,1012.34,958.76,1971.11,143.9,5029.1,58224.4,0.0,12599.219,428.592,306.587,2657:12;2680:458;2681:489
436.0867,1788884619.1272,4,1027.73,958.76,1986.49,95.9,5021.8,58231.7,0.0,12599.219,428.592,306.587,2657:12;2680:458;2681:489
436.1910,1788884619.2315,4,990.96,958.76,1949.72,105.9,5013.5,58240.0,0.0,12599.219,428.593,306.587,2657:12;2680:458;2681:489
436.2949,1788884619.3353,4,1008.80,958.76,1967.57,115.2,4727.3,58526.2,0.0,12629.310,458.683,306.587,2657:12;2680:458;2681:489
436.3990,1788884619.4395,4,1045.91,958.76,2004.67,96.3,4750.8,58502.7,0.0,12629.310,458.683,306.587,2657:12;2680:458;2681:489
436.5029,1788884619.5433,4,1094.91,958.76,2053.67,115.5,4798.1,58455.4,0.0,12629.311,458.683,306.587,2657:12;2680:458;2681:489
436.6067,1788884619.6471,4,1111.44,958.76,2070.20,96.3,4814.7,58438.8,0.0,12629.311,458.684,306.587,2657:12;2680:458;2681:489
436.7106,1788884619.7511,4,1111.44,958.76,2070.20,96.2,4814.7,58438.8,0.0,12629.311,458.684,306.587,2657:12;2680:458;2681:489
436.8144,1788884619.8549,4,1111.44,958.76,2070.20,96.3,4814.7,58438.8,0.0,12629.311,458.684,306.587,2657:12;2680:458;2681:489
436.9182,1788884619.9587,4,1099.92,958.76,2058.68,211.8,4482.0,58771.5,0.0,12629.311,458.685,306.587,2657:12;2680:458;2681:489
437.0220,1788884620.0625,4,1104.96,958.76,2063.72,96.4,4473.6,58779.8,0.0,12629.312,458.685,306.587,2657:12;2680:458;2681:489
437.1258,1788884620.1662,4,1126.12,958.76,2084.88,103.3,4472.6,58780.8,0.0,12629.312,458.685,306.587,2657:12;2680:458;2681:489
437.2326,1788884620.2731,4,1139.25,958.76,2098.01,105.6,4452.5,58800.9,0.0,12658.881,488.254,306.587,2657:12;2680:458;2681:489
437.3364,1788884620.3769,4,1188.34,958.76,2147.11,106.1,4499.5,58754.0,0.0,12658.881,488.254,306.587,2657:12;2680:458;2681:489
437.4401,1788884620.4805,4,1217.37,958.76,2176.13,96.5,4531.0,58722.4,0.0,12658.881,488.254,306.587,2657:12;2680:458;2681:489
437.5437,1788884620.5842,4,1217.37,958.76,2176.13,96.5,4531.0,58722.4,0.0,12658.881,488.254,306.587,2657:12;2680:458;2681:489
437.6474,1788884620.6879,4,1217.37,958.76,2176.13,106.0,4531.0,58722.4,0.0,12658.881,488.254,306.587,2657:12;2680:458;2681:489
437.7511,1788884620.7916,4,1217.37,958.76,2176.13,106.1,4531.0,58722.4,0.0,12658.881,488.254,306.587,2657:12;2680:458;2681:489
437.8548,1788884620.8952,4,1217.37,958.76,2176.13,96.5,4531.0,58722.4,0.0,12658.881,488.254,306.587,2657:12;2680:458;2681:489
437.9585,1788884620.9989,4,1217.37,958.76,2176.13,125.3,4523.6,58729.8,0.0,12658.881,488.254,306.587,2657:12;2680:458;2681:489
438.0622,1788884621.1027,4,1196.98,958.76,2155.74,134.9,4418.4,58835.1,0.0,12658.881,488.254,306.587,2657:12;2680:458;2681:489
438.1660,1788884621.2065,4,1221.62,958.76,2180.38,106.0,4298.8,58954.7,0.0,12677.067,506.440,306.587,2657:12;2680:458;2681:489
438.2698,1788884621.3103,4,1250.04,958.76,2208.80,106.0,4298.8,58954.7,0.0,12677.067,506.440,306.587,2657:12;2680:458;2681:489
438.3736,1788884621.4140,4,1248.85,958.76,2207.61,96.4,4297.0,58956.5,0.0,12677.067,506.441,306.587,2657:12;2680:458;2681:489
438.4773,1788884621.5178,4,1265.04,958.76,2223.80,96.4,4297.0,58956.5,0.0,12677.067,506.441,306.587,2657:12;2680:458;2681:489
438.5810,1788884621.6215,4,1266.55,958.76,2225.32,96.5,4297.0,58956.5,0.0,12677.067,506.441,306.587,2657:12;2680:458;2681:489
438.6847,1788884621.7252,4,1250.04,958.76,2208.80,96.4,4295.8,58957.7,0.0,12677.067,506.441,306.587,2657:12;2680:458;2681:489
438.7885,1788884621.8289,4,1250.04,958.76,2208.80,106.1,4292.2,58961.2,0.0,12677.067,506.441,306.587,2657:12;2680:458;2681:489
438.8922,1788884621.9326,4,1250.04,958.76,2208.80,115.6,4288.8,58964.6,0.0,12677.067,506.441,306.587,2657:12;2680:458;2681:489
438.9960,1788884622.0365,4,1250.04,958.76,2208.80,106.0,4273.1,58980.4,0.0,12677.067,506.441,306.587,2657:12;2680:458;2681:489
439.0997,1788884622.1402,4,1250.04,958.76,2208.80,96.4,4265.2,58988.3,0.0,12677.067,506.441,306.587,2657:12;2680:458;2681:489
439.2036,1788884622.2441,4,1250.04,958.76,2208.80,96.3,4264.8,58988.6,0.0,12677.067,506.441,306.587,2657:12;2680:458;2681:489
439.3073,1788884622.3478,4,1252.22,958.76,2210.98,115.7,4257.0,58996.5,0.0,12677.067,506.441,306.587,2657:12;2680:458;2681:489
439.4110,1788884622.4515,4,1258.56,958.76,2217.32,96.5,4255.0,58998.5,0.0,12677.067,506.441,306.587,2657:12;2680:458;2681:489
439.5146,1788884622.5551,4,1258.56,958.76,2217.32,96.5,4252.2,59001.2,0.0,12677.067,506.441,306.587,2657:12;2680:458;2681:489
439.6183,1788884622.6588,4,1251.56,958.76,2210.32,96.5,4251.4,59002.0,0.0,12677.067,506.441,306.587,2657:12;2680:458;2681:489
439.7219,1788884622.7624,4,1251.61,958.76,2210.37,96.4,4251.4,59002.0,0.0,12677.067,506.441,306.587,2657:12;2680:458;2681:489
439.8257,1788884622.8662,4,1251.61,958.76,2210.37,106.0,4251.4,59002.0,0.0,12677.067,506.441,306.587,2657:12;2680:458;2681:489
439.9295,1788884622.9699,4,1251.62,958.76,2210.38,115.5,4251.4,59002.0,0.0,12677.067,506.441,306.587,2657:12;2680:458;2681:489
440.0333,1788884623.0738,4,1049.70,958.76,2008.46,106.0,4064.1,59189.3,0.0,12677.067,506.441,306.587,2657:12;2680:458;2681:489
440.1371,1788884623.1775,4,797.57,855.54,1653.11,221.6,3668.1,59585.3,0.0,12677.077,506.457,306.587,2657:12;2680:420;2681:423
440.2409,1788884623.2814,4,797.57,12.25,809.82,192.7,3073.1,60180.4,0.0,12677.077,506.457,306.587,2657:12;2680:0;2681:0
