t_mono,t_wall,n_procs,client_rss_mb,workers_rss_mb,tree_rss_mb,tree_cpu_pct,sys_used_mb,sys_available_mb,swap_used_mb,net_recv_mb,net_sent_mb,disk_read_mb,workers
111530.3923,1788877831.5819,2,24.08,13.00,37.08,0.0,15053.5,40988.8,2374.5,7781.274,3244.525,70620.779,3199899:13
111530.5009,1788877831.6904,2,24.08,13.00,37.08,0.0,15051.5,40990.7,2374.5,7781.274,3244.525,70620.779,3199899:13
111530.6145,1788877831.8040,2,24.08,13.00,37.08,0.0,15051.5,40990.7,2374.5,7781.287,3244.526,70620.779,3199899:13
111530.7234,1788877831.9129,2,48.20,13.00,61.20,500.1,15052.0,40990.2,2374.5,7781.287,3244.526,70620.779,3199899:13
111530.8527,1788877832.0422,2,62.45,13.00,75.45,548.2,15040.4,41001.8,2374.5,7781.287,3244.526,70620.779,3199899:13
111530.9626,1788877832.1521,2,89.12,13.00,102.12,97.0,15026.5,41015.7,2374.5,7781.287,3244.526,70620.779,3199899:13
111531.0762,1788877832.2658,2,110.14,13.00,123.14,100.4,15028.3,41014.0,2374.5,7781.290,3244.526,70620.779,3199899:13
111531.1860,1788877832.3755,2,121.14,13.00,134.14,105.1,15035.6,41006.6,2374.5,7781.290,3244.527,70620.779,3199899:13
111531.3000,1788877832.4895,2,154.44,13.00,167.44,90.1,15043.0,40999.2,2374.5,7781.291,3244.527,70620.779,3199899:13
111531.4109,1788877832.6005,2,155.07,13.00,168.07,9.2,15043.0,40999.2,2374.5,7781.297,3244.529,70620.779,3199899:13
111531.5197,1788877832.7092,2,163.57,13.00,176.57,0.0,15043.0,40999.2,2374.5,7781.440,3244.531,70620.779,3199899:13
111531.6300,1788877832.8195,6,194.07,128.38,322.45,26.7,15096.0,40946.2,2374.5,7781.440,3244.531,70620.779,3199899:13;3199922:29;3199923:29;3199924:29;3199925:29
111531.7501,1788877832.9396,6,194.07,191.39,385.46,1114.7,15116.2,40926.0,2374.5,7781.440,3244.531,70620.779,3199899:13;3199922:44;3199923:45;3199924:45;3199925:44
111531.8842,1788877833.0738,6,194.07,289.24,483.31,364.8,15159.2,40883.0,2374.5,7781.440,3244.531,70620.779,3199899:13;3199922:69;3199923:70;3199924:69;3199925:69
111531.9938,1788877833.1834,6,194.07,369.88,563.95,418.6,15210.4,40831.9,2374.5,7781.443,3244.531,70620.779,3199899:13;3199922:89;3199923:90;3199924:89;3199925:89
111532.1040,1788877833.2936,6,195.69,393.00,588.70,291.6,15231.0,40811.2,2374.5,7781.444,3244.532,70620.779,3199899:13;3199922:95;3199923:95;3199924:95;3199925:95
111532.2134,1788877833.4030,6,196.57,393.00,589.57,18.3,15232.7,40809.5,2374.5,7781.451,3244.534,70620.779,3199899:13;3199922:95;3199923:95;3199924:95;3199925:95
111532.3232,1788877833.5128,6,197.69,393.00,590.70,9.0,15233.7,40808.5,2374.5,7781.451,3244.534,70620.779,3199899:13;3199922:95;3199923:95;3199924:95;3199925:95
111532.4334,1788877833.6230,6,197.69,393.00,590.70,9.0,15233.9,40808.3,2374.5,7781.464,3244.535,70620.779,3199899:13;3199922:95;3199923:95;3199924:95;3199925:95
111532.5447,1788877833.7342,6,197.69,393.00,590.70,0.0,15234.2,40808.1,2374.5,7781.464,3244.536,70620.779,3199899:13;3199922:95;3199923:95;3199924:95;3199925:95
111532.6556,1788877833.8452,6,197.69,393.00,590.70,0.0,15234.2,40808.1,2374.5,7781.465,3244.536,70620.779,3199899:13;3199922:95;3199923:95;3199924:95;3199925:95
111532.7648,1788877833.9543,6,197.69,393.00,590.70,9.1,15234.2,40808.1,2374.5,7781.465,3244.536,70620.779,3199899:13;3199922:95;3199923:95;3199924:95;3199925:95
111532.8747,1788877834.0642,6,197.69,393.00,590.70,0.0,15223.6,40818.6,2374.5,7781.477,3244.536,70620.779,3199899:13;3199922:95;3199923:95;3199924:95;3199925:95
111532.9856,1788877834.1751,6,197.82,393.00,590.82,9.1,15223.1,40819.1,2374.5,7781.477,3244.536,70620.779,3199899:13;3199922:95;3199923:95;3199924:95;3199925:95
111533.0955,1788877834.2851,6,197.82,393.00,590.82,0.0,15223.1,40819.1,2374.5,7781.477,3244.537,70620.779,3199899:13;3199922:95;3199923:95;3199924:95;3199925:95
111533.2065,1788877834.3960,6,197.82,393.00,590.82,9.1,15223.1,40819.1,2374.5,7781.477,3244.537,70620.779,3199899:13;3199922:95;3199923:95;3199924:95;3199925:95
111533.3160,1788877834.5056,6,197.82,393.00,590.82,0.0,15222.8,40819.4,2374.5,7781.490,3244.537,70620.779,3199899:13;3199922:95;3199923:95;3199924:95;3199925:95
111533.4261,1788877834.6156,6,197.82,393.00,590.82,0.0,15222.8,40819.4,2374.5,7781.490,3244.537,70620.779,3199899:13;3199922:95;3199923:95;3199924:95;3199925:95
111533.5360,1788877834.7256,6,219.90,393.00,612.90,36.4,15246.8,40795.4,2374.5,7781.615,3244.540,70620.779,3199899:13;3199922:95;3199923:95;3199924:95;3199925:95
111533.6460,1788877834.8355,6,222.79,393.00,615.79,100.2,15251.0,40791.2,2374.5,7781.615,3244.540,70620.779,3199899:13;3199922:95;3199923:95;3199924:95;3199925:95
111533.7559,1788877834.9455,6,226.41,393.00,619.42,106.8,15254.6,40787.6,2374.5,7781.619,3244.540,70620.779,3199899:13;3199922:95;3199923:95;3199924:95;3199925:95
111533.8688,1788877835.0583,6,227.16,393.00,620.17,8.7,15234.2,40808.0,2374.5,7781.619,3244.541,70620.779,3199899:13;3199922:95;3199923:95;3199924:95;3199925:95
111533.9826,1788877835.1722,6,227.16,393.00,620.17,0.0,15232.8,40809.5,2374.5,7781.619,3244.542,70620.779,3199899:13;3199922:95;3199923:95;3199924:95;3199925:95
111534.0922,1788877835.2817,6,227.16,393.00,620.17,8.9,15232.5,40809.7,2374.5,7781.631,3244.542,70620.779,3199899:13;3199922:95;3199923:95;3199924:95;3199925:95
111534.2039,1788877835.3934,6,227.16,393.00,620.17,0.0,15232.5,40809.7,2374.5,7781.632,3244.542,70620.779,3199899:13;3199922:95;3199923:95;3199924:95;3199925:95
111534.3175,1788877835.5071,6,227.16,393.00,620.17,0.0,15232.7,40809.5,2374.5,7781.632,3244.542,70620.779,3199899:13;3199922:95;3199923:95;3199924:95;3199925:95
111534.4309,1788877835.6204,6,227.16,393.00,620.17,0.0,15232.7,40809.5,2374.5,7781.632,3244.542,70620.779,3199899:13;3199922:95;3199923:95;3199924:95;3199925:95
111534.5410,1788877835.7306,6,227.16,393.00,620.17,0.0,15232.7,40809.5,2374.5,7781.632,3244.542,70620.779,3199899:13;3199922:95;3199923:95;3199924:95;3199925:95
111534.6537,1788877835.8433,6,227.16,393.00,620.17,0.0,15232.7,40809.5,2374.5,7781.645,3244.543,70620.779,3199899:13;3199922:95;3199923:95;3199924:95;3199925:95
111534.7646,1788877835.9542,6,230.41,393.00,623.42,0.0,15236.3,40805.9,2374.5,7781.760,3244.544,70620.779,3199899:13;3199922:95;3199923:95;3199924:95;3199925:95
111534.8771,1788877836.0667,6,246.36,393.00,639.37,99.5,15240.6,40801.6,2374.5,7781.760,3244.544,70620.779,3199899:13;3199922:95;3199923:95;3199924:95;3199925:95
111534.9913,1788877836.1809,6,247.11,393.00,640.12,95.0,15241.8,40800.4,2374.5,7781.772,3244.545,70620.779,3199899:13;3199922:95;3199923:95;3199924:95;3199925:95
111535.1036,1788877836.2931,6,247.11,393.00,640.12,0.0,15266.9,40775.3,2374.5,7781.772,3244.546,70620.779,3199899:13;3199922:95;3199923:95;3199924:95;3199925:95
111535.2163,1788877836.4059,6,247.11,393.00,640.12,0.0,15266.9,40775.3,2374.5,7781.773,3244.546,70620.779,3199899:13;3199922:95;3199923:95;3199924:95;3199925:95
111535.3273,1788877836.5169,6,247.11,393.00,640.12,0.0,15266.9,40775.3,2374.5,7781.773,3244.546,70620.779,3199899:13;3199922:95;3199923:95;3199924:95;3199925:95
111535.4366,1788877836.6261,6,247.11,393.00,640.12,0.0,15267.1,40775.1,2374.5,7781.780,3244.546,70620.779,3199899:13;3199922:95;3199923:95;3199924:95;3199925:95
111535.5462,1788877836.7357,6,247.11,393.00,640.12,8.8,15267.9,40774.4,2374.5,7781.780,3244.546,70620.779,3199899:13;3199922:95;3199923:95;3199924:95;3199925:95
111535.6596,1788877836.8491,6,253.13,393.00,646.14,18.1,15267.6,40774.6,2374.5,7781.859,3244.547,70620.779,3199899:13;3199922:95;3199923:95;3199924:95;3199925:95
111535.7700,1788877836.9596,6,259.29,393.00,652.30,114.9,15283.2,40759.1,2374.5,7781.860,3244.547,70620.779,3199899:13;3199922:95;3199923:95;3199924:95;3199925:95
111535.8832,1788877837.0727,6,259.67,393.00,652.67,108.9,15251.2,40791.0,2374.5,7781.863,3244.548,70620.779,3199899:13;3199922:95;3199923:95;3199924:95;3199925:95
111535.9935,1788877837.1831,6,259.67,393.00,652.67,8.8,15251.5,40790.7,2374.5,7781.868,3244.550,70620.779,3199899:13;3199922:95;3199923:95;3199924:95;3199925:95
111536.1074,1788877837.2970,6,260.42,393.00,653.42,18.1,15251.5,40790.7,2374.5,7781.869,3244.551,70620.779,3199899:13;3199922:95;3199923:95;3199924:95;3199925:95
111536.2178,1788877837.4074,6,262.52,393.00,655.53,106.8,15251.5,40790.7,2374.5,7781.874,3244.551,70620.779,3199899:13;3199922:95;3199923:95;3199924:95;3199925:95
111536.3302,1788877837.5198,6,265.02,393.00,658.03,90.8,15251.5,40790.7,2374.5,7781.875,3244.551,70620.779,3199899:13;3199922:95;3199923:95;3199924:95;3199925:95
111536.4431,1788877837.6326,6,268.02,393.00,661.03,103.1,15251.7,40790.5,2374.5,7781.875,3244.551,70620.779,3199899:13;3199922:95;3199923:95;3199924:95;3199925:95
111536.5568,1788877837.7463,6,269.19,393.00,662.19,109.6,15252.0,40790.2,2374.5,7781.876,3244.552,70620.779,3199899:13;3199922:95;3199923:95;3199924:95;3199925:95
111536.6665,1788877837.8561,6,272.08,393.00,665.09,98.5,15251.7,40790.5,2374.5,7781.876,3244.552,70620.779,3199899:13;3199922:95;3199923:95;3199924:95;3199925:95
111536.7782,1788877837.9677,6,305.23,393.00,698.24,118.2,15280.7,40761.5,2374.5,7781.876,3244.552,70620.779,3199899:13;3199922:95;3199923:95;3199924:95;3199925:95
111536.8879,1788877838.0774,6,290.13,415.25,705.39,190.5,15265.7,40776.5,2374.5,7781.880,3244.552,70620.779,3199899:13;3199922:101;3199923:101;3199924:100;3199925:101
111536.9981,1788877838.1876,6,290.13,563.14,853.27,398.7,15327.3,40714.9,2374.5,7781.880,3244.552,70620.779,3199899:13;3199922:137;3199923:137;3199924:138;3199925:138
111537.1088,1788877838.2984,6,290.51,684.94,975.45,532.6,15448.3,40593.9,2374.5,7781.892,3244.565,70620.779,3199899:13;3199922:170;3199923:156;3199924:173;3199925:173
111537.2237,1788877838.4132,6,290.51,732.41,1022.91,810.6,15488.6,40553.6,2374.5,7781.903,3244.626,70620.779,3199899:13;3199922:183;3199923:164;3199924:186;3199925:187
111537.3399,1788877838.5294,6,290.51,688.43,978.93,79.6,15489.9,40552.3,2374.5,7781.922,3244.629,70620.779,3199899:13;3199922:169;3199923:164;3199924:171;3199925:171
111537.4523,1788877838.6418,6,290.51,691.55,982.06,88.6,15490.1,40552.1,2374.5,7782.178,3244.681,70620.779,3199899:13;3199922:170;3199923:165;3199924:172;3199925:172
111537.5652,1788877838.7547,6,290.51,692.43,982.93,0.0,15490.1,40552.1,2374.5,7782.576,3244.695,70620.779,3199899:13;3199922:170;3199923:165;3199924:172;3199925:173
111537.6767,1788877838.8662,6,290.51,693.80,984.31,9.0,15490.4,40551.8,2374.5,7783.311,3244.720,70620.779,3199899:13;3199922:170;3199923:165;3199924:173;3199925:173
111537.7871,1788877838.9766,6,290.51,693.80,984.31,18.4,15490.9,40551.4,2374.5,7783.385,3244.733,70620.779,3199899:13;3199922:170;3199923:165;3199924:173;3199925:173
111537.8958,1788877839.0854,6,290.51,717.48,1007.99,54.2,15477.2,40565.0,2374.5,7783.616,3244.743,70620.779,3199899:13;3199922:170;3199923:165;3199924:180;3199925:189
111538.0067,1788877839.1962,6,290.51,777.42,1067.93,246.7,15479.0,40563.3,2374.5,7783.758,3244.767,70620.779,3199899:13;3199922:186;3199923:183;3199924:201;3199925:195
111538.1161,1788877839.3056,6,290.51,803.34,1093.85,190.5,15507.7,40534.5,2374.5,7783.887,3244.822,70620.779,3199899:13;3199922:186;3199923:200;3199924:205;3199925:200
111538.2272,1788877839.4168,6,290.51,788.45,1078.95,136.6,15510.0,40532.2,2374.5,7783.936,3244.836,70620.779,3199899:13;3199922:186;3199923:185;3199924:205;3199925:200
111538.3361,1788877839.5257,6,290.51,791.55,1082.05,18.2,15511.7,40530.5,2374.5,7784.017,3244.843,70620.779,3199899:13;3199922:186;3199923:185;3199924:205;3199925:202
111538.4461,1788877839.6356,6,290.51,795.96,1086.46,91.3,15515.2,40527.1,2374.5,7784.401,3244.886,70620.779,3199899:13;3199922:187;3199923:185;3199924:206;3199925:205
111538.5554,1788877839.7449,6,290.51,800.20,1090.71,63.7,15518.9,40523.4,2374.5,7784.978,3244.920,70620.779,3199899:13;3199922:187;3199923:185;3199924:209;3199925:205
111538.6653,1788877839.8549,6,290.51,803.17,1093.68,27.1,15519.6,40522.7,2374.5,7785.520,3244.937,70620.779,3199899:13;3199922:187;3199923:186;3199924:211;3199925:206
111538.7763,1788877839.9658,6,290.51,804.37,1094.88,35.9,15519.8,40522.4,2374.5,7785.803,3244.960,70620.779,3199899:13;3199922:187;3199923:186;3199924:213;3199925:206
111538.8877,1788877840.0772,6,290.51,806.99,1097.50,27.3,15517.4,40524.8,2374.5,7785.831,3244.966,70620.779,3199899:13;3199922:187;3199923:186;3199924:215;3199925:206
111538.9973,1788877840.1869,6,290.51,814.18,1104.69,45.9,15521.2,40521.0,2374.5,7786.270,3244.988,70620.779,3199899:13;3199922:187;3199923:186;3199924:221;3199925:206
111539.1067,1788877840.2962,6,290.51,813.93,1104.43,26.8,15521.5,40520.8,2374.5,7786.654,3245.002,70620.779,3199899:13;3199922:187;3199923:186;3199924:221;3199925:207
111539.2184,1788877840.4080,6,290.51,819.49,1110.00,54.6,15525.9,40516.3,2374.5,7786.970,3245.031,70620.779,3199899:13;3199922:188;3199923:186;3199924:226;3199925:207
111539.3298,1788877840.5193,6,290.51,821.58,1112.09,63.4,15526.9,40515.3,2374.5,7787.154,3245.045,70620.779,3199899:13;3199922:188;3199923:186;3199924:228;3199925:207
111539.4389,1788877840.6284,6,290.51,823.30,1113.80,72.9,15527.2,40515.0,2374.5,7787.653,3245.080,70620.779,3199899:13;3199922:188;3199923:186;3199924:229;3199925:207
111539.5487,1788877840.7382,6,290.51,824.98,1115.48,62.7,15531.9,40510.3,2374.5,7787.923,3245.098,70620.779,3199899:13;3199922:190;3199923:186;3199924:228;3199925:207
111539.6604,1788877840.8500,6,290.51,825.64,1116.15,26.7,15532.2,40510.1,2374.5,7788.648,3245.117,70620.779,3199899:13;3199922:190;3199923:186;3199924:228;3199925:208
111539.7724,1788877840.9619,6,290.51,824.88,1115.38,18.2,15532.6,40509.6,2374.5,7788.676,3245.121,70620.779,3199899:13;3199922:190;3199923:186;3199924:227;3199925:208
111539.8819,1788877841.0714,6,290.51,824.93,1115.44,18.2,15517.5,40524.7,2374.5,7788.895,3245.132,70620.779,3199899:13;3199922:190;3199923:186;3199924:228;3199925:208
111539.9913,1788877841.1809,6,290.51,825.48,1115.98,18.2,15517.5,40524.7,2374.5,7789.147,3245.140,70620.779,3199899:13;3199922:190;3199923:186;3199924:228;3199925:208
111540.1012,1788877841.2908,6,290.51,831.11,1121.62,54.6,15518.3,40523.9,2374.5,7789.442,3245.173,70620.779,3199899:13;3199922:191;3199923:186;3199924:233;3199925:208
111540.2110,1788877841.4006,6,290.51,827.72,1118.23,9.0,15518.3,40523.9,2374.5,7789.592,3245.180,70620.779,3199899:13;3199922:191;3199923:186;3199924:230;3199925:208
111540.3215,1788877841.5110,6,290.51,828.96,1119.46,27.2,15518.0,40524.2,2374.5,7789.917,3245.200,70620.779,3199899:13;3199922:190;3199923:186;3199924:231;3199925:208
111540.4325,1788877841.6220,6,290.51,829.84,1120.35,27.2,15518.0,40524.2,2374.5,7790.147,3245.212,70620.779,3199899:13;3199922:190;3199923:186;3199924:232;3199925:208
111540.5421,1788877841.7317,6,290.51,832.22,1122.73,44.9,15518.0,40524.2,2374.5,7790.443,3245.233,70620.779,3199899:13;3199922:191;3199923:186;3199924:234;3199925:208
111540.6535,1788877841.8430,6,290.51,831.07,1121.57,18.3,15517.9,40524.4,2374.5,7790.578,3245.243,70620.779,3199899:13;3199922:191;3199923:186;3199924:233;3199925:208
111540.7624,1788877841.9520,6,290.51,839.27,1129.78,118.6,15518.2,40524.0,2374.5,7790.875,3245.270,70620.779,3199899:13;3199922:191;3199923:186;3199924:235;3199925:214
111540.8721,1788877842.0616,6,290.51,841.46,1131.97,45.0,15514.3,40528.0,2374.5,7790.961,3245.294,70620.779,3199899:13;3199922:190;3199923:186;3199924:236;3199925:216
111540.9832,1788877842.1727,6,290.51,861.12,1151.63,108.7,15512.2,40530.0,2374.5,7791.480,3245.331,70620.779,3199899:13;3199922:191;3199923:187;3199924:251;3199925:219
111541.0938,1788877842.2833,6,290.51,858.96,1149.47,172.2,15518.4,40523.8,2374.5,7791.699,3245.371,70620.779,3199899:13;3199922:191;3199923:190;3199924:245;3199925:220
111541.2040,1788877842.3936,6,290.51,881.00,1171.51,163.5,15527.4,40514.9,2374.5,7792.494,3245.411,70620.779,3199899:13;3199922:200;3199923:190;3199924:250;3199925:228
111541.3140,1788877842.5035,6,290.51,890.33,1180.84,137.1,15531.3,40510.9,2374.5,7793.031,3245.439,70620.779,3199899:13;3199922:205;3199923:191;3199924:251;3199925:230
111541.4232,1788877842.6128,6,290.51,899.20,1189.70,82.2,15537.3,40505.0,2374.5,7793.644,3245.492,70620.779,3199899:13;3199922:207;3199923:193;3199924:254;3199925:233
111541.5327,1788877842.7223,6,290.51,899.46,1189.97,27.0,15539.2,40503.0,2374.5,7794.091,3245.510,70620.779,3199899:13;3199922:207;3199923:193;3199924:254;3199925:232
111541.6439,1788877842.8334,6,290.51,904.38,1194.88,45.7,15543.2,40499.0,2374.5,7794.674,3245.533,70620.779,3199899:13;3199922:207;3199923:197;3199924:255;3199925:233
111541.7532,1788877842.9427,6,290.51,904.64,1195.15,18.4,15543.5,40498.7,2374.5,7795.072,3245.557,70620.779,3199899:13;3199922:207;3199923:196;3199924:255;3199925:233
111541.8624,1788877843.0519,6,290.51,910.46,1200.96,201.4,15536.8,40505.4,2374.5,7795.759,3245.623,70620.779,3199899:13;3199922:208;3199923:197;3199924:256;3199925:236
111541.9719,1788877843.1615,6,290.51,913.47,1203.98,91.6,15535.8,40506.4,2374.5,7796.224,3245.650,70620.779,3199899:13;3199922:211;3199923:197;3199924:258;3199925:235
111542.0806,1788877843.2701,6,290.51,926.31,1216.82,109.2,15536.8,40505.4,2374.5,7796.915,3245.678,70620.779,3199899:13;3199922:211;3199923:205;3199924:262;3199925:236
111542.1907,1788877843.3803,6,290.51,931.95,1222.46,99.5,15547.4,40494.8,2374.5,7797.356,3245.719,70620.779,3199899:13;3199922:213;3199923:207;3199924:263;3199925:236
111542.3015,1788877843.4910,6,290.51,936.17,1226.68,81.9,15549.1,40493.1,2374.5,7797.888,3245.747,70620.779,3199899:13;3199922:215;3199923:207;3199924:264;3199925:238
111542.4110,1788877843.6005,6,290.51,935.61,1226.12,55.0,15549.4,40492.9,2374.5,7798.252,3245.767,70620.779,3199899:13;3199922:216;3199923:207;3199924:263;3199925:237
111542.5202,1788877843.7097,6,290.51,941.72,1232.23,54.8,15553.8,40488.4,2374.5,7798.970,3245.798,70620.779,3199899:13;3199922:217;3199923:207;3199924:264;3199925:240
111542.6311,1788877843.8206,6,290.51,947.31,1237.82,124.8,15557.7,40484.5,2374.5,7799.346,3245.833,70620.779,3199899:13;3199922:219;3199923:210;3199924:264;3199925:241
111542.7418,1788877843.9314,6,290.51,956.00,1246.50,82.2,15563.6,40478.6,2374.5,7800.220,3245.879,70620.779,3199899:13;3199922:222;3199923:212;3199924:265;3199925:244
111542.8514,1788877844.0409,6,290.51,961.58,1252.09,64.2,15561.7,40480.6,2374.5,7800.742,3245.902,70620.779,3199899:13;3199922:222;3199923:212;3199924:267;3199925:247
111542.9604,1788877844.1500,6,290.51,968.25,1258.75,81.0,15564.6,40477.6,2374.5,7801.634,3245.940,70620.779,3199899:13;3199922:222;3199923:215;3199924:268;3199925:250
111543.0714,1788877844.2609,6,290.51,969.48,1259.99,36.4,15558.9,40483.3,2374.5,7802.080,3245.966,70620.779,3199899:13;3199922:223;3199923:216;3199924:269;3199925:249
111543.1821,1788877844.3716,6,290.51,973.24,1263.75,164.3,15561.9,40480.4,2374.5,7802.590,3246.000,70620.779,3199899:13;3199922:230;3199923:214;3199924:269;3199925:246
111543.2914,1788877844.4809,6,290.51,975.89,1266.39,99.3,15567.5,40474.7,2374.5,7803.125,3246.032,70620.779,3199899:13;3199922:230;3199923:215;3199924:271;3199925:247
111543.4023,1788877844.5918,6,290.51,978.01,1268.52,45.5,15568.0,40474.2,2374.5,7803.876,3246.061,70620.779,3199899:13;3199922:231;3199923:216;3199924:271;3199925:247
111543.5136,1788877844.7032,6,290.51,979.26,1269.77,34.2,15572.0,40470.3,2374.5,7804.380,3246.082,70620.779,3199899:13;3199922:231;3199923:217;3199924:272;3199925:247
111543.6292,1788877844.8187,6,290.51,980.23,1270.73,27.3,15571.8,40470.4,2374.5,7805.240,3246.107,70620.779,3199899:13;3199922:231;3199923:217;3199924:272;3199925:248
111543.7393,1788877844.9289,6,290.51,981.51,1272.02,27.3,15571.8,40470.4,2374.5,7805.484,3246.127,70620.779,3199899:13;3199922:232;3199923:217;3199924:272;3199925:248
111543.8490,1788877845.0385,6,290.51,985.32,1275.83,55.0,15569.2,40473.1,2374.5,7806.221,3246.160,70620.779,3199899:13;3199922:233;3199923:218;3199924:273;3199925:249
111543.9582,1788877845.1477,6,290.51,988.67,1279.18,54.8,15567.7,40474.5,2374.5,7806.705,3246.185,70620.779,3199899:13;3199922:233;3199923:220;3199924:273;3199925:250
111544.0675,1788877845.2571,6,290.51,990.73,1281.23,45.6,15569.9,40472.3,2374.5,7807.599,3246.235,70620.779,3199899:13;3199922:233;3199923:221;3199924:273;3199925:251
111544.1778,1788877845.3673,6,290.51,991.43,1281.94,9.1,15570.1,40472.1,2374.5,7808.107,3246.253,70620.779,3199899:13;3199922:233;3199923:221;3199924:274;3199925:251
111544.2869,1788877845.4764,6,290.51,1003.19,1293.70,151.6,15580.0,40462.2,2374.5,7808.941,3246.294,70620.779,3199899:13;3199922:239;3199923:226;3199924:274;3199925:251
111544.3992,1788877845.5888,6,290.51,1003.45,1293.95,9.0,15580.2,40462.0,2374.5,7809.410,3246.313,70620.779,3199899:13;3199922:239;3199923:226;3199924:274;3199925:251
111544.5100,1788877845.6995,6,290.51,1007.04,1297.54,72.8,15580.5,40461.7,2374.5,7810.217,3246.399,70620.779,3199899:13;3199922:240;3199923:228;3199924:274;3199925:251
111544.6201,1788877845.8096,6,290.51,1009.06,1299.57,45.4,15580.4,40461.8,2374.5,7810.664,3246.413,70620.779,3199899:13;3199922:240;3199923:229;3199924:275;3199925:252
111544.7300,1788877845.9196,6,290.51,1012.48,1302.99,36.5,15580.4,40461.8,2374.5,7811.668,3246.453,70620.779,3199899:13;3199922:240;3199923:229;3199924:276;3199925:254
111544.8403,1788877846.0298,6,290.51,1015.40,1305.91,145.6,15581.7,40460.5,2374.5,7812.993,3246.504,70620.779,3199899:13;3199922:244;3199923:228;3199924:276;3199925:255
111544.9501,1788877846.1396,6,290.51,1017.93,1308.44,62.5,15582.1,40460.1,2374.5,7813.949,3246.532,70620.779,3199899:13;3199922:246;3199923:228;3199924:276;3199925:255
111545.0616,1788877846.2511,6,290.51,1018.82,1309.33,45.8,15585.6,40456.6,2374.5,7814.381,3246.543,70620.779,3199899:13;3199922:246;3199923:228;3199924:276;3199925:255
111545.1708,1788877846.3603,6,290.51,1023.46,1313.96,100.1,15585.8,40456.5,2374.5,7815.323,3246.588,70620.779,3199899:13;3199922:247;3199923:230;3199924:277;3199925:257
111545.2813,1788877846.4709,6,290.51,1024.66,1315.17,26.9,15586.5,40455.7,2374.5,7815.766,3246.605,70620.779,3199899:13;3199922:245;3199923:230;3199924:277;3199925:260
111545.3925,1788877846.5820,6,290.51,1026.67,1317.18,45.7,15586.7,40455.5,2374.5,7816.563,3246.639,70620.779,3199899:13;3199922:245;3199923:231;3199924:277;3199925:261
111545.5026,1788877846.6922,6,290.51,1030.02,1320.53,45.5,15586.7,40455.5,2374.5,7816.957,3246.652,70620.779,3199899:13;3199922:247;3199923:231;3199924:277;3199925:261
111545.6116,1788877846.8012,6,290.51,1033.62,1324.12,63.6,15588.2,40454.1,2374.5,7817.824,3246.685,70620.787,3199899:13;3199922:248;3199923:231;3199924:277;3199925:264
111545.7230,1788877846.9125,6,290.51,1035.09,1325.60,81.6,15595.1,40447.1,2374.5,7818.242,3246.708,70620.787,3199899:13;3199922:248;3199923:235;3199924:276;3199925:263
111545.8320,1788877847.0216,6,290.51,1041.74,1332.25,118.5,15590.7,40451.5,2374.5,7819.026,3246.739,70620.787,3199899:13;3199922:249;3199923:236;3199924:276;3199925:267
111545.9420,1788877847.1316,6,290.51,1043.75,1334.25,34.0,15590.4,40451.9,2374.5,7819.420,3246.754,70620.787,3199899:13;3199922:250;3199923:237;3199924:277;3199925:268
111546.0594,1788877847.2489,6,290.51,1047.18,1337.68,72.6,15594.0,40448.2,2374.5,7820.521,3246.797,70620.787,3199899:13;3199922:251;3199923:239;3199924:277;3199925:268
111546.1700,1788877847.3595,6,290.51,1049.31,1339.82,18.2,15594.0,40448.2,2374.5,7821.131,3246.816,70620.787,3199899:13;3199922:251;3199923:239;3199924:277;3199925:269
111546.2792,1788877847.4688,6,290.51,1054.57,1345.07,118.8,15591.2,40451.0,2374.5,7822.048,3246.850,70620.787,3199899:13;3199922:252;3199923:242;3199924:277;3199925:270
111546.3886,1788877847.5782,6,290.51,1055.98,1346.48,63.8,15589.7,40452.5,2374.5,7822.358,3246.864,70620.787,3199899:13;3199922:252;3199923:243;3199924:277;3199925:271
111546.4987,1788877847.6882,6,290.51,1059.00,1349.51,81.0,15593.1,40449.1,2374.5,7823.438,3246.899,70620.787,3199899:13;3199922:252;3199923:243;3199924:277;3199925:273
111546.6103,1788877847.7998,6,290.51,1062.09,1352.60,27.3,15593.6,40448.6,2374.5,7823.705,3246.910,70620.787,3199899:13;3199922:252;3199923:243;3199924:279;3199925:274
111546.7195,1788877847.9090,6,290.51,1066.37,1356.88,72.8,15595.9,40446.4,2374.5,7824.651,3246.943,70620.787,3199899:13;3199922:252;3199923:245;3199924:280;3199925:277
111546.8296,1788877848.0191,6,290.51,1068.55,1359.05,45.8,15597.3,40444.9,2374.5,7824.891,3246.954,70620.787,3199899:13;3199922:253;3199923:245;3199924:280;3199925:277
111546.9385,1788877848.1280,6,290.51,1075.12,1365.62,100.6,15598.3,40444.0,2374.5,7825.801,3246.987,70620.787,3199899:13;3199922:253;3199923:248;3199924:280;3199925:281
111547.0479,1788877848.2374,6,290.51,1072.88,1363.39,54.7,15598.6,40443.7,2374.5,7826.180,3247.004,70620.787,3199899:13;3199922:252;3199923:247;3199924:280;3199925:281
111547.1579,1788877848.3474,6,290.51,1073.23,1363.74,35.9,15598.6,40443.7,2374.5,7827.203,3247.036,70620.787,3199899:13;3199922:253;3199923:247;3199924:280;3199925:281
111547.2691,1788877848.4586,6,290.51,1073.23,1363.74,0.0,15598.6,40443.7,2374.5,7827.543,3247.045,70620.787,3199899:13;3199922:253;3199923:247;3199924:280;3199925:281
111547.3782,1788877848.5678,6,290.51,1076.74,1367.25,36.6,15598.6,40443.7,2374.5,7828.449,3247.077,70620.787,3199899:13;3199922:253;3199923:246;3199924:282;3199925:283
111547.4873,1788877848.6769,6,290.51,1078.39,1368.90,45.5,15598.6,40443.7,2374.5,7828.710,3247.089,70620.787,3199899:13;3199922:253;3199923:248;3199924:281;3199925:283
111547.5974,1788877848.7870,6,290.51,1081.92,1372.43,45.3,15601.3,40440.9,2374.5,7829.728,3247.117,70620.787,3199899:13;3199922:255;3199923:248;3199924:282;3199925:284
111547.7077,1788877848.8973,6,290.51,1082.61,1373.11,27.3,15601.3,40440.9,2374.5,7830.107,3247.129,70620.787,3199899:13;3199922:255;3199923:248;3199924:282;3199925:285
111547.8170,1788877849.0065,6,290.51,1087.35,1377.86,45.5,15596.0,40446.3,2374.5,7831.079,3247.166,70620.787,3199899:13;3199922:257;3199923:250;3199924:282;3199925:286
111547.9266,1788877849.1162,6,290.51,1086.41,1376.91,45.9,15586.8,40455.4,2374.5,7831.427,3247.180,70620.787,3199899:13;3199922:256;3199923:249;3199924:282;3199925:286
111548.0357,1788877849.2253,6,290.51,1086.70,1377.20,45.8,15588.5,40453.7,2374.5,7832.442,3247.213,70620.787,3199899:13;3199922:256;3199923:249;3199924:282;3199925:287
111548.1448,1788877849.3344,6,290.51,1089.67,1380.18,27.5,15592.5,40449.7,2374.5,7832.825,3247.226,70620.787,3199899:13;3199922:256;3199923:249;3199924:285;3199925:287
111548.2541,1788877849.4436,6,290.51,1091.00,1381.51,27.0,15592.5,40449.7,2374.5,7833.715,3247.256,70620.787,3199899:13;3199922:257;3199923:249;3199924:285;3199925:287
111548.3651,1788877849.5547,6,290.51,1090.63,1381.14,0.0,15522.8,40519.5,2374.5,7833.984,3247.262,70620.787,3199899:13;3199922:257;3199923:250;3199924:285;3199925:287
111548.4764,1788877849.6659,6,290.51,1097.48,1387.99,73.3,15523.7,40518.5,2374.5,7834.840,3247.288,70620.787,3199899:13;3199922:257;3199923:251;3199924:287;3199925:289
111548.5856,1788877849.7751,6,290.51,1099.40,1389.91,36.4,15523.7,40518.5,2374.5,7835.205,3247.303,70620.787,3199899:13;3199922:257;3199923:251;3199924:288;3199925:290
111548.6957,1788877849.8852,6,290.51,1102.00,1392.51,79.6,15530.6,40511.7,2374.5,7836.317,3247.350,70620.838,3199899:13;3199922:256;3199923:249;3199924:288;3199925:295
111548.8088,1788877849.9984,6,290.51,1102.82,1393.33,36.4,15533.6,40508.6,2374.5,7837.020,3247.717,70620.838,3199899:13;3199922:256;3199923:249;3199924:289;3199925:296
111548.9182,1788877850.1078,6,290.51,1104.85,1395.36,80.6,15521.7,40520.5,2374.5,7838.002,3247.756,70620.838,3199899:13;3199922:257;3199923:249;3199924:288;3199925:298
111549.0300,1788877850.2196,6,290.51,1104.96,1395.47,9.2,15515.2,40527.0,2374.5,7838.312,3247.763,70620.838,3199899:13;3199922:257;3199923:249;3199924:288;3199925:298
111549.1390,1788877850.3285,6,290.51,1109.97,1400.48,55.0,15518.4,40523.8,2374.5,7839.209,3247.797,70620.838,3199899:13;3199922:258;3199923:249;3199924:289;3199925:300
111549.2483,1788877850.4378,6,290.51,1113.52,1404.02,55.0,15519.4,40522.8,2374.5,7839.498,3247.808,70620.838,3199899:13;3199922:257;3199923:250;3199924:290;3199925:304
111549.3577,1788877850.5472,6,290.51,1114.36,1404.87,63.9,15519.9,40522.3,2374.5,7840.410,3247.837,70620.838,3199899:13;3199922:257;3199923:251;3199924:290;3199925:304
111549.4680,1788877850.6575,6,290.51,1116.94,1407.45,27.3,15520.9,40521.3,2374.5,7840.719,3247.849,70620.838,3199899:13;3199922:257;3199923:251;3199924:292;3199925:304
111549.5769,1788877850.7664,6,290.51,1117.55,1408.05,54.2,15522.7,40519.5,2374.5,7841.671,3247.891,70620.838,3199899:13;3199922:256;3199923:251;3199924:291;3199925:305
111549.6877,1788877850.8772,6,290.51,1118.00,1408.51,18.3,15521.4,40520.8,2374.5,7842.049,3247.906,70620.838,3199899:13;3199922:257;3199923:251;3199924:292;3199925:305
111549.7970,1788877850.9865,6,290.51,1122.24,1412.75,63.7,15526.4,40515.8,2374.5,7843.076,3247.944,70620.838,3199899:13;3199922:257;3199923:254;3199924:292;3199925:306
111549.9072,1788877851.0967,6,290.51,1122.87,1413.38,9.0,15522.2,40520.0,2374.5,7843.432,3247.954,70620.838,3199899:13;3199922:257;3199923:255;3199924:292;3199925:306
111550.0179,1788877851.2075,6,290.51,1125.51,1416.02,36.0,15523.9,40518.3,2374.5,7844.312,3248.123,70620.838,3199899:13;3199922:257;3199923:255;3199924:292;3199925:308
111550.1290,1788877851.3186,6,290.51,1126.14,1416.64,27.6,15523.9,40518.3,2374.5,7844.643,3248.206,70620.838,3199899:13;3199922:258;3199923:255;3199924:292;3199925:308
111550.2377,1788877851.4272,6,290.51,1134.27,1424.78,45.9,15530.1,40512.1,2374.5,7845.482,3248.394,70620.838,3199899:13;3199922:259;3199923:256;3199924:294;3199925:313
111550.3472,1788877851.5367,6,290.51,1135.16,1425.67,45.9,15531.4,40510.9,2374.5,7845.851,3248.413,70620.838,3199899:13;3199922:259;3199923:256;3199924:294;3199925:313
111550.4559,1788877851.6454,6,290.51,1137.89,1428.39,99.7,15535.4,40506.9,2374.5,7846.893,3248.451,70620.838,3199899:13;3199922:259;3199923:256;3199924:296;3199925:314
111550.5670,1788877851.7566,6,290.51,1138.71,1429.22,8.9,15535.4,40506.9,2374.5,7847.185,3248.459,70620.838,3199899:13;3199922:259;3199923:256;3199924:296;3199925:315
111550.6786,1788877851.8681,6,290.51,1145.15,1435.66,54.0,15535.6,40506.6,2374.5,7848.207,3248.495,70620.838,3199899:13;3199922:259;3199923:256;3199924:297;3199925:320
111550.7893,1788877851.9789,6,290.51,1145.15,1435.66,18.0,15535.6,40506.6,2374.5,7848.544,3248.504,70620.838,3199899:13;3199922:259;3199923:256;3199924:297;3199925:320
111550.9006,1788877852.0901,6,290.51,1147.03,1437.54,45.3,15533.3,40508.9,2374.5,7849.438,3248.535,70620.838,3199899:13;3199922:260;3199923:256;3199924:297;3199925:322
111551.0112,1788877852.2008,6,290.51,1147.03,1437.54,9.1,15532.7,40509.5,2374.5,7849.764,3248.545,70620.838,3199899:13;3199922:260;3199923:256;3199924:297;3199925:322
111551.1208,1788877852.3103,6,290.51,1150.01,1440.52,72.7,15528.9,40513.3,2374.5,7850.699,3248.576,70620.838,3199899:13;3199922:260;3199923:257;3199924:297;3199925:324
111551.2313,1788877852.4209,6,290.51,1150.63,1441.14,27.3,15528.6,40513.6,2374.5,7851.008,3248.590,70620.838,3199899:13;3199922:260;3199923:257;3199924:297;3199925:324
111551.3404,1788877852.5299,6,290.51,1153.52,1444.03,27.6,15529.4,40512.9,2374.5,7852.092,3248.626,70620.838,3199899:13;3199922:260;3199923:257;3199924:297;3199925:327
111551.4502,1788877852.6397,6,290.51,1153.54,1444.04,17.9,15529.9,40512.4,2374.5,7852.442,3248.635,70620.838,3199899:13;3199922:260;3199923:257;3199924:297;3199925:327
111551.5610,1788877852.7506,6,290.51,1157.25,1447.75,44.9,15535.3,40506.9,2374.5,7853.431,3248.668,70620.838,3199899:13;3199922:260;3199923:257;3199924:297;3199925:330
111551.6725,1788877852.8621,6,290.51,1156.18,1446.68,27.0,15538.2,40504.0,2374.5,7853.721,3248.679,70620.838,3199899:13;3199922:260;3199923:257;3199924:297;3199925:330
111551.7836,1788877852.9731,6,290.51,1158.34,1448.85,26.7,15529.6,40512.6,2374.5,7855.016,3248.719,70620.838,3199899:13;3199922:261;3199923:257;3199924:297;3199925:331
111551.8958,1788877853.0853,6,290.51,1158.47,1448.98,0.0,15541.3,40500.9,2374.5,7855.475,3248.733,70620.838,3199899:13;3199922:261;3199923:257;3199924:297;3199925:331
111552.0054,1788877853.1949,6,290.51,1160.77,1451.28,36.4,15570.2,40472.0,2374.5,7856.422,3248.761,70620.838,3199899:13;3199922:261;3199923:257;3199924:299;3199925:331
111552.1154,1788877853.3050,6,290.51,1160.41,1450.92,45.9,15513.4,40528.8,2374.5,7857.826,3249.365,70620.838,3199899:13;3199922:261;3199923:257;3199924:298;3199925:332
111552.2246,1788877853.4142,6,290.51,1162.57,1453.08,18.0,15520.1,40522.2,2374.5,7858.840,3249.528,70620.838,3199899:13;3199922:263;3199923:257;3199924:298;3199925:332
111552.3366,1788877853.5261,6,290.51,1162.95,1453.45,0.0,15520.3,40521.9,2374.5,7859.078,3249.603,70620.838,3199899:13;3199922:263;3199923:257;3199924:298;3199925:332
111552.4459,1788877853.6354,6,290.51,1166.71,1457.22,18.0,15512.4,40529.8,2374.5,7859.886,3249.927,70620.838,3199899:13;3199922:263;3199923:258;3199924:298;3199925:335
111552.5575,1788877853.7470,6,290.51,1168.07,1458.57,35.8,15512.4,40529.8,2374.5,7860.032,3250.002,70620.838,3199899:13;3199922:263;3199923:258;3199924:298;3199925:336
111552.6692,1788877853.8587,6,290.51,1167.85,1458.36,107.1,15519.9,40522.3,2374.5,7861.133,3250.070,70620.838,3199899:13;3199922:263;3199923:259;3199924:297;3199925:335
111552.7812,1788877853.9707,6,290.51,1170.91,1461.41,18.0,15525.8,40516.4,2374.5,7861.306,3250.080,70620.838,3199899:13;3199922:263;3199923:262;3199924:297;3199925:336
111552.8928,1788877854.0824,6,290.51,1172.08,1462.59,36.6,15525.3,40516.9,2374.5,7862.429,3250.116,70620.838,3199899:13;3199922:263;3199923:262;3199924:297;3199925:336
111553.0030,1788877854.1925,6,290.51,1172.19,1462.70,27.2,15519.7,40522.5,2374.5,7862.627,3250.125,70620.838,3199899:13;3199922:263;3199923:262;3199924:298;3199925:336
111553.1124,1788877854.3020,6,290.51,1188.53,1479.04,100.5,15531.6,40510.6,2374.5,7863.876,3250.169,70620.838,3199899:13;3199922:263;3199923:262;3199924:312;3199925:338
111553.2219,1788877854.4114,6,290.51,1177.29,1467.79,27.5,15535.4,40506.8,2374.5,7864.068,3250.177,70620.838,3199899:13;3199922:263;3199923:259;3199924:303;3199925:340
111553.3313,1788877854.5208,6,290.51,1179.60,1470.11,45.1,15537.5,40504.8,2374.5,7865.329,3250.221,70620.838,3199899:13;3199922:263;3199923:260;3199924:303;3199925:341
111553.4420,1788877854.6316,6,290.51,1180.10,1470.61,9.1,15537.5,40504.8,2374.5,7865.707,3250.234,70620.838,3199899:13;3199922:263;3199923:260;3199924:303;3199925:341
111553.5511,1788877854.7406,6,290.51,1181.80,1472.30,45.4,15537.5,40504.8,2374.5,7866.867,3250.274,70620.838,3199899:13;3199922:264;3199923:260;3199924:304;3199925:341
111553.6614,1788877854.8510,6,290.51,1181.92,1472.43,0.0,15537.5,40504.8,2374.5,7867.061,3250.281,70620.838,3199899:13;3199922:264;3199923:260;3199924:304;3199925:341
111553.7728,1788877854.9623,6,290.51,1189.97,1480.48,135.9,15536.7,40505.5,2374.5,7868.214,3250.331,70620.838,3199899:13;3199922:266;3199923:262;3199924:304;3199925:345
111553.8832,1788877855.0727,6,290.51,1189.99,1480.50,9.1,15534.8,40507.5,2374.5,7868.352,3250.339,70620.838,3199899:13;3199922:266;3199923:261;3199924:304;3199925:345
111553.9937,1788877855.1833,6,290.51,1192.30,1482.81,36.5,15535.0,40507.2,2374.5,7869.520,3250.380,70620.838,3199899:13;3199922:266;3199923:262;3199924:306;3199925:346
111554.1029,1788877855.2924,6,290.51,1192.84,1483.35,36.8,15535.2,40507.0,2374.5,7869.678,3250.388,70620.838,3199899:13;3199922:266;3199923:262;3199924:306;3199925:346
111554.2119,1788877855.4014,6,290.51,1198.34,1488.85,45.6,15535.7,40506.5,2374.5,7870.988,3250.429,70620.838,3199899:13;3199922:268;3199923:262;3199924:309;3199925:346
111554.3214,1788877855.5110,6,290.51,1202.48,1492.98,54.4,15534.6,40507.7,2374.5,7872.014,3250.464,70620.838,3199899:13;3199922:269;3199923:265;3199924:310;3199925:346
111554.4319,1788877855.6214,6,290.51,1211.02,1501.53,91.0,15538.7,40503.5,2374.5,7873.234,3250.499,70620.838,3199899:13;3199922:274;3199923:264;3199924:311;3199925:350
111554.5418,1788877855.7313,6,290.51,1211.41,1501.92,18.3,15539.7,40502.5,2374.5,7873.412,3250.507,70620.838,3199899:13;3199922:274;3199923:264;3199924:311;3199925:350
111554.6510,1788877855.8405,6,290.51,1212.07,1502.58,82.5,15541.7,40500.5,2374.5,7874.550,3250.550,70620.838,3199899:13;3199922:274;3199923:264;3199924:311;3199925:351
111554.7606,1788877855.9501,6,290.51,1211.67,1502.18,18.1,15541.7,40500.5,2374.5,7874.721,3250.555,70620.838,3199899:13;3199922:274;3199923:264;3199924:311;3199925:350
111554.8712,1788877856.0607,6,290.51,1210.26,1500.77,72.7,15543.4,40498.8,2374.5,7875.855,3250.592,70620.838,3199899:13;3199922:272;3199923:264;3199924:309;3199925:352
111554.9811,1788877856.1706,6,290.51,1211.14,1501.64,9.0,15543.6,40498.6,2374.5,7876.057,3250.597,70620.838,3199899:13;3199922:272;3199923:264;3199924:309;3199925:353
111555.0918,1788877856.2813,6,290.51,1211.64,1502.14,55.0,15543.9,40498.3,2374.5,7877.171,3250.634,70620.838,3199899:13;3199922:272;3199923:264;3199924:310;3199925:353
111555.2010,1788877856.3905,6,290.51,1211.64,1502.14,0.0,15543.9,40498.3,2374.5,7877.336,3250.639,70620.838,3199899:13;3199922:272;3199923:264;3199924:310;3199925:353
111555.3112,1788877856.5007,6,290.51,1213.23,1503.73,27.3,15545.6,40496.6,2374.5,7878.261,3250.671,70620.838,3199899:13;3199922:272;3199923:265;3199924:311;3199925:353
111555.4208,1788877856.6103,6,290.51,1213.82,1504.32,18.2,15545.6,40496.6,2374.5,7878.468,3250.676,70620.838,3199899:13;3199922:272;3199923:265;3199924:311;3199925:354
111555.5300,1788877856.7195,6,290.51,1216.69,1507.20,99.7,15546.1,40496.1,2374.5,7879.670,3250.721,70620.838,3199899:13;3199922:272;3199923:266;3199924:310;3199925:355
111555.6406,1788877856.8301,6,290.51,1216.69,1507.20,0.0,15546.1,40496.1,2374.5,7879.881,3250.727,70620.838,3199899:13;3199922:272;3199923:266;3199924:310;3199925:355
111555.7513,1788877856.9409,6,290.51,1219.86,1510.37,45.5,15546.1,40496.1,2374.5,7881.062,3250.763,70620.838,3199899:13;3199922:272;3199923:266;3199924:313;3199925:356
111555.8614,1788877857.0509,6,290.51,1219.86,1510.37,0.0,15542.9,40499.3,2374.5,7881.262,3250.768,70620.838,3199899:13;3199922:272;3199923:266;3199924:313;3199925:356
111555.9710,1788877857.1606,6,290.51,1222.50,1513.01,27.3,15542.3,40500.0,2374.5,7882.396,3250.808,70620.838,3199899:13;3199922:272;3199923:266;3199924:316;3199925:356
111556.0806,1788877857.2701,6,290.51,1222.50,1513.01,0.0,15542.5,40499.7,2374.5,7882.595,3250.813,70620.838,3199899:13;3199922:272;3199923:266;3199924:316;3199925:356
111556.1915,1788877857.3811,6,290.51,1222.47,1512.98,36.5,15542.2,40500.0,2374.5,7883.648,3250.840,70620.838,3199899:13;3199922:272;3199923:266;3199924:316;3199925:355
111556.3011,1788877857.4906,6,290.51,1222.61,1513.11,9.0,15542.2,40500.0,2374.5,7883.852,3250.844,70620.838,3199899:13;3199922:272;3199923:266;3199924:316;3199925:355
111556.4115,1788877857.6010,6,290.51,1226.38,1516.88,90.6,15550.7,40491.5,2374.5,7884.825,3250.881,70620.838,3199899:13;3199922:271;3199923:271;3199924:315;3199925:356
111556.5223,1788877857.7118,6,290.51,1226.74,1517.25,27.3,15551.7,40490.5,2374.5,7885.006,3250.891,70620.838,3199899:13;3199922:271;3199923:271;3199924:315;3199925:356
111556.6325,1788877857.8220,6,290.51,1228.19,1518.70,54.6,15552.5,40489.8,2374.5,7886.199,3250.933,70620.838,3199899:13;3199922:273;3199923:271;3199924:315;3199925:356
111556.7420,1788877857.9316,6,290.51,1228.19,1518.70,0.0,15552.5,40489.8,2374.5,7886.313,3250.936,70620.838,3199899:13;3199922:273;3199923:271;3199924:315;3199925:356
111556.8518,1788877858.0413,6,290.51,1232.76,1523.27,73.4,15551.8,40490.5,2374.5,7887.380,3250.970,70620.850,3199899:13;3199922:275;3199923:272;3199924:315;3199925:358
111556.9610,1788877858.1505,6,290.51,1231.98,1522.49,9.0,15552.0,40490.2,2374.5,7887.549,3250.976,70620.850,3199899:13;3199922:274;3199923:272;3199924:315;3199925:358
111557.0727,1788877858.2623,6,290.51,1233.75,1524.26,54.4,15556.7,40485.5,2374.5,7888.719,3251.008,70620.850,3199899:13;3199922:275;3199923:272;3199924:314;3199925:360
111557.1825,1788877858.3721,6,290.51,1235.61,1526.12,18.1,15556.7,40485.5,2374.5,7888.897,3251.012,70620.850,3199899:13;3199922:275;3199923:272;3199924:315;3199925:360
111557.2931,1788877858.4827,6,290.51,1238.46,1528.96,26.7,15557.0,40485.2,2374.5,7890.127,3251.053,70620.850,3199899:13;3199922:278;3199923:272;3199924:316;3199925:360
111557.4054,1788877858.5949,6,290.51,1238.96,1529.47,9.1,15557.0,40485.2,2374.5,7890.286,3251.059,70620.850,3199899:13;3199922:278;3199923:272;3199924:316;3199925:360
111557.5154,1788877858.7049,6,290.51,1240.51,1531.02,18.0,15557.0,40485.2,2374.5,7891.585,3251.088,70620.850,3199899:13;3199922:278;3199923:272;3199924:316;3199925:361
111557.6263,1788877858.8158,6,290.51,1240.76,1531.27,8.7,15557.0,40485.2,2374.5,7891.709,3251.091,70620.850,3199899:13;3199922:278;3199923:272;3199924:317;3199925:361
111557.7412,1788877858.9308,6,290.51,1242.05,1532.56,27.2,15557.2,40485.0,2374.5,7892.817,3251.116,70620.850,3199899:13;3199922:279;3199923:272;3199924:316;3199925:361
111557.8518,1788877859.0413,6,290.51,1241.08,1531.59,9.1,15551.0,40491.2,2374.5,7892.885,3251.120,70620.850,3199899:13;3199922:278;3199923:272;3199924:316;3199925:362
111557.9618,1788877859.1514,6,290.51,1241.07,1531.57,63.7,15550.3,40492.0,2374.5,7894.300,3251.162,70620.850,3199899:13;3199922:278;3199923:271;3199924:317;3199925:362
111558.0716,1788877859.2611,6,290.51,1241.19,1531.70,0.0,15551.2,40491.0,2374.5,7894.366,3251.164,70620.850,3199899:13;3199922:278;3199923:271;3199924:317;3199925:362
111558.1817,1788877859.3712,6,290.51,1242.49,1533.00,17.8,15551.2,40491.0,2374.5,7895.515,3251.196,70620.850,3199899:13;3199922:278;3199923:271;3199924:317;3199925:362
111558.2942,1788877859.4838,6,290.51,1242.62,1533.12,9.0,15551.2,40491.0,2374.5,7895.640,3251.199,70620.850,3199899:13;3199922:278;3199923:271;3199924:317;3199925:362
111558.4052,1788877859.5948,6,290.51,1243.27,1533.78,18.0,15551.5,40490.7,2374.5,7896.833,3251.223,70620.850,3199899:13;3199922:279;3199923:271;3199924:317;3199925:362
111558.5159,1788877859.7054,6,290.51,1243.27,1533.78,0.0,15551.5,40490.7,2374.5,7896.870,3251.225,70620.850,3199899:13;3199922:279;3199923:271;3199924:317;3199925:362
111558.6266,1788877859.8161,6,290.51,1241.47,1531.98,78.6,15559.4,40482.9,2374.5,7898.137,3251.271,70620.850,3199899:13;3199922:279;3199923:272;3199924:317;3199925:361
111558.7409,1788877859.9304,6,290.51,1241.47,1531.98,0.0,15559.4,40482.9,2374.5,7898.137,3251.271,70620.850,3199899:13;3199922:279;3199923:272;3199924:317;3199925:361
111558.8516,1788877860.0412,6,290.51,1242.30,1532.80,26.9,15560.0,40482.3,2374.5,7899.440,3251.307,70620.850,3199899:13;3199922:280;3199923:272;3199924:316;3199925:361
111558.9635,1788877860.1530,6,290.51,1242.30,1532.80,0.0,15560.0,40482.3,2374.5,7899.440,3251.308,70620.850,3199899:13;3199922:280;3199923:272;3199924:316;3199925:361
111559.0735,1788877860.2630,6,290.51,1250.25,1540.75,116.7,15563.7,40478.6,2374.5,7900.788,3251.363,70620.850,3199899:13;3199922:282;3199923:275;3199924:319;3199925:362
111559.1849,1788877860.3745,6,290.51,1252.75,1543.25,8.7,15564.4,40477.8,2374.5,7901.079,3251.372,70620.850,3199899:13;3199922:284;3199923:275;3199924:319;3199925:362
111559.3005,1788877860.4901,6,290.51,1259.05,1549.55,90.6,15572.7,40469.5,2374.5,7902.241,3251.423,70620.850,3199899:13;3199922:286;3199923:275;3199924:319;3199925:366
111559.4100,1788877860.5996,6,290.51,1259.17,1549.68,0.0,15568.5,40473.7,2374.5,7902.587,3251.434,70620.850,3199899:13;3199922:286;3199923:275;3199924:319;3199925:366
111559.5199,1788877860.7094,6,290.51,1274.10,1564.61,53.4,15566.6,40475.7,2374.5,7903.759,3251.476,70620.850,3199899:13;3199922:298;3199923:275;3199924:321;3199925:367
111559.6324,1788877860.8219,6,290.51,1262.48,1552.98,17.9,15553.8,40488.4,2374.5,7903.976,3251.483,70620.850,3199899:13;3199922:287;3199923:275;3199924:321;3199925:367
111559.7437,1788877860.9333,6,290.51,1266.68,1557.19,63.1,15554.3,40487.9,2374.5,7905.074,3251.518,70620.850,3199899:13;3199922:288;3199923:277;3199924:321;3199925:367
111559.8547,1788877861.0443,6,290.51,1266.36,1556.86,18.2,15549.9,40492.4,2374.5,7905.264,3251.525,70620.850,3199899:13;3199922:288;3199923:277;3199924:321;3199925:367
111559.9652,1788877861.1547,6,290.51,1270.57,1561.07,61.7,15554.8,40487.4,2374.5,7906.430,3251.558,70620.850,3199899:13;3199922:290;3199923:278;3199924:321;3199925:369
111560.0787,1788877861.2683,6,290.51,1270.57,1561.07,17.8,15554.8,40487.4,2374.5,7906.808,3251.565,70620.850,3199899:13;3199922:290;3199923:278;3199924:321;3199925:369
111560.1910,1788877861.3806,6,290.51,1272.57,1563.07,26.0,15555.1,40487.1,2374.5,7907.794,3251.601,70620.850,3199899:13;3199922:290;3199923:278;3199924:323;3199925:368
111560.3065,1788877861.4960,6,290.51,1273.59,1564.09,27.2,15558.5,40483.7,2374.5,7908.303,3251.614,70620.850,3199899:13;3199922:290;3199923:278;3199924:324;3199925:369
111560.4168,1788877861.6064,6,290.51,1273.68,1564.19,63.6,15559.5,40482.7,2374.5,7909.283,3251.653,70620.850,3199899:13;3199922:290;3199923:279;3199924:324;3199925:368
111560.5269,1788877861.7164,6,290.51,1273.74,1564.25,27.3,15561.5,40480.7,2374.5,7909.670,3251.670,70620.850,3199899:13;3199922:290;3199923:279;3199924:324;3199925:369
111560.6371,1788877861.8267,6,290.51,1276.76,1567.27,34.8,15561.7,40480.5,2374.5,7910.663,3251.703,70620.850,3199899:13;3199922:290;3199923:282;3199924:324;3199925:369
111560.7518,1788877861.9413,6,290.51,1277.30,1567.80,27.0,15561.7,40480.5,2374.5,7911.098,3251.717,70620.850,3199899:13;3199922:290;3199923:281;3199924:325;3199925:369
111560.8629,1788877862.0524,6,290.51,1281.59,1572.10,44.9,15562.7,40479.5,2374.5,7912.047,3251.753,70620.850,3199899:13;3199922:290;3199923:282;3199924:327;3199925:370
111560.9744,1788877862.1639,6,290.51,1283.75,1574.25,27.2,15564.0,40478.3,2374.5,7912.557,3251.771,70620.850,3199899:13;3199922:290;3199923:283;3199924:329;3199925:370
111561.0843,1788877862.2738,6,290.51,1286.05,1576.56,54.2,15566.7,40475.6,2374.5,7913.431,3251.797,70620.850,3199899:13;3199922:290;3199923:285;3199924:328;3199925:370
111561.1950,1788877862.3846,6,290.51,1287.57,1578.07,45.5,15567.2,40475.1,2374.5,7913.873,3251.811,70620.850,3199899:13;3199922:291;3199923:286;3199924:329;3199925:369
111561.3053,1788877862.4949,6,290.51,1287.83,1578.34,34.9,15569.1,40473.1,2374.5,7914.696,3251.839,70620.850,3199899:13;3199922:292;3199923:285;3199924:329;3199925:369
111561.4205,1788877862.6100,6,290.51,1287.79,1578.30,35.6,15569.4,40472.9,2374.5,7915.184,3251.858,70620.850,3199899:13;3199922:291;3199923:285;3199924:330;3199925:369
111561.5321,1788877862.7216,6,290.51,1288.50,1579.00,8.8,15569.4,40472.9,2374.5,7915.980,3251.884,70620.850,3199899:13;3199922:291;3199923:285;3199924:330;3199925:370
111561.6456,1788877862.8351,6,290.51,1288.49,1579.00,52.8,15573.1,40469.2,2374.5,7916.564,3251.905,70620.850,3199899:13;3199922:290;3199923:286;3199924:330;3199925:369
111561.7598,1788877862.9493,6,290.51,1295.67,1586.18,71.2,15584.5,40457.7,2374.5,7917.299,3251.935,70620.850,3199899:13;3199922:293;3199923:290;3199924:330;3199925:369
111561.8717,1788877863.0613,6,290.51,1296.12,1586.62,71.2,15586.7,40455.5,2374.5,7918.064,3251.973,70620.850,3199899:13;3199922:294;3199923:290;3199924:330;3199925:370
111561.9841,1788877863.1736,6,290.51,1300.19,1590.70,54.0,15596.7,40445.5,2374.5,7918.733,3251.999,70620.850,3199899:13;3199922:294;3199923:290;3199924:330;3199925:373
111562.0953,1788877863.2848,6,290.51,1301.21,1591.71,34.8,15596.7,40445.5,2374.5,7919.546,3252.028,70620.850,3199899:13;3199922:294;3199923:290;3199924:330;3199925:373
111562.2104,1788877863.3999,6,290.51,1302.72,1593.23,36.3,15597.6,40444.6,2374.5,7920.093,3252.054,70620.850,3199899:13;3199922:294;3199923:291;3199924:331;3199925:374
111562.3234,1788877863.5129,6,290.51,1302.57,1593.08,71.2,15598.6,40443.6,2374.5,7921.060,3252.085,70620.850,3199899:13;3199922:294;3199923:290;3199924:331;3199925:374
111562.4331,1788877863.6227,6,290.51,1305.31,1595.82,27.5,15600.8,40441.4,2374.5,7921.623,3252.110,70620.850,3199899:13;3199922:297;3199923:290;3199924:331;3199925:374
111562.5422,1788877863.7317,6,290.51,1309.37,1599.88,54.4,15615.2,40427.0,2374.5,7922.482,3252.142,70620.850,3199899:13;3199922:297;3199923:294;3199924:331;3199925:374
111562.6525,1788877863.8420,6,290.51,1310.59,1601.09,27.5,15614.6,40427.6,2374.5,7922.999,3252.158,70620.850,3199899:13;3199922:297;3199923:294;3199924:332;3199925:375
111562.7617,1788877863.9512,6,290.51,1309.90,1600.41,62.6,15629.3,40412.9,2374.5,7923.759,3252.181,70620.850,3199899:13;3199922:293;3199923:295;3199924:333;3199925:377
111562.8737,1788877864.0633,6,290.51,1314.35,1604.86,72.8,15625.4,40416.9,2374.5,7924.288,3252.204,70620.850,3199899:13;3199922:294;3199923:298;3199924:333;3199925:376
111562.9836,1788877864.1731,6,290.51,1318.00,1608.50,45.3,15625.3,40416.9,2374.5,7925.206,3252.241,70620.850,3199899:13;3199922:297;3199923:298;3199924:333;3199925:376
111563.0939,1788877864.2834,6,290.51,1318.12,1608.63,0.0,15625.6,40416.7,2374.5,7925.698,3252.258,70620.850,3199899:13;3199922:297;3199923:298;3199924:333;3199925:376
111563.2081,1788877864.3976,6,290.51,1318.55,1609.06,54.3,15625.6,40416.7,2374.5,7926.505,3252.289,70620.850,3199899:13;3199922:298;3199923:298;3199924:333;3199925:376
111563.3185,1788877864.5080,6,290.51,1319.70,1610.20,35.2,15625.6,40416.7,2374.5,7927.021,3252.310,70620.850,3199899:13;3199922:298;3199923:299;3199924:334;3199925:376
111563.4324,1788877864.6219,6,290.51,1323.21,1613.72,63.2,15625.6,40416.7,2374.5,7927.985,3252.347,70620.850,3199899:13;3199922:299;3199923:300;3199924:335;3199925:377
111563.5436,1788877864.7331,6,290.51,1328.07,1618.57,63.0,15626.8,40415.4,2374.5,7928.402,3252.367,70620.850,3199899:13;3199922:299;3199923:300;3199924:335;3199925:381
111563.6538,1788877864.8434,6,290.51,1328.05,1618.56,9.1,15632.0,40410.2,2374.5,7929.490,3252.403,70620.850,3199899:13;3199922:299;3199923:300;3199924:335;3199925:381
111563.7640,1788877864.9535,6,290.51,1328.17,1618.68,36.3,15633.7,40408.5,2374.5,7929.911,3252.445,70620.850,3199899:13;3199922:299;3199923:300;3199924:334;3199925:381
111563.8738,1788877865.0633,6,290.51,1327.98,1618.49,63.7,15632.1,40410.1,2374.5,7930.889,3252.485,70620.850,3199899:13;3199922:300;3199923:299;3199924:335;3199925:382
111563.9837,1788877865.1733,6,290.51,1328.48,1618.99,0.0,15631.5,40410.7,2374.5,7931.317,3252.507,70620.850,3199899:13;3199922:300;3199923:300;3199924:335;3199925:382
111564.0927,1788877865.2823,6,290.51,1328.13,1618.64,27.0,15633.0,40409.2,2374.5,7932.306,3252.542,70620.850,3199899:13;3199922:300;3199923:300;3199924:334;3199925:382
111564.2041,1788877865.3936,6,290.51,1332.17,1622.68,27.3,15633.0,40409.2,2374.5,7932.722,3252.563,70620.850,3199899:13;3199922:300;3199923:300;3199924:335;3199925:384
111564.3140,1788877865.5036,6,290.51,1335.57,1626.08,72.5,15636.4,40405.8,2374.5,7933.728,3252.604,70620.850,3199899:13;3199922:302;3199923:301;3199924:336;3199925:384
111564.4251,1788877865.6146,6,290.51,1336.61,1627.12,9.1,15636.4,40405.8,2374.5,7934.117,3252.618,70620.850,3199899:13;3199922:302;3199923:302;3199924:336;3199925:384
111564.5346,1788877865.7241,6,290.51,1338.96,1629.46,27.2,15636.4,40405.8,2374.5,7935.171,3252.651,70620.850,3199899:13;3199922:302;3199923:302;3199924:337;3199925:385
111564.6445,1788877865.8340,6,290.51,1337.81,1628.32,36.8,15638.3,40403.9,2374.5,7935.584,3252.668,70620.850,3199899:13;3199922:302;3199923:301;3199924:337;3199925:384
111564.7534,1788877865.9429,6,290.51,1341.87,1632.38,55.0,15640.6,40401.6,2374.5,7936.519,3252.701,70620.850,3199899:13;3199922:302;3199923:301;3199924:340;3199925:385
111564.8627,1788877866.0523,6,290.51,1341.14,1631.64,27.6,15639.6,40402.6,2374.5,7936.955,3252.713,70620.850,3199899:13;3199922:302;3199923:302;3199924:339;3199925:385
111564.9720,1788877866.1615,6,290.51,1344.71,1635.22,63.9,15639.4,40402.8,2374.5,7937.795,3252.743,70620.850,3199899:13;3199922:303;3199923:302;3199924:341;3199925:386
111565.0815,1788877866.2711,6,290.51,1344.50,1635.01,54.8,15657.7,40384.6,2374.5,7938.241,3252.759,70620.850,3199899:13;3199922:303;3199923:302;3199924:341;3199925:386
111565.1908,1788877866.3803,6,290.51,1346.16,1636.67,45.6,15656.8,40385.4,2374.5,7939.247,3252.791,70620.850,3199899:13;3199922:303;3199923:302;3199924:342;3199925:386
111565.3005,1788877866.4900,6,290.51,1346.25,1636.76,18.4,15656.1,40386.1,2374.5,7939.689,3252.806,70620.850,3199899:13;3199922:303;3199923:302;3199924:342;3199925:387
111565.4094,1788877866.5990,6,290.51,1348.16,1638.67,45.4,15656.3,40385.9,2374.5,7940.593,3252.836,70620.850,3199899:13;3199922:303;3199923:303;3199924:342;3199925:387
111565.5199,1788877866.7095,6,290.51,1351.19,1641.70,27.5,15657.1,40385.2,2374.5,7941.069,3252.851,70620.850,3199899:13;3199922:303;3199923:305;3199924:343;3199925:387
111565.6291,1788877866.8186,6,290.51,1352.30,1642.81,35.9,15657.1,40385.2,2374.5,7941.977,3252.881,70620.850,3199899:13;3199922:303;3199923:305;3199924:343;3199925:387
111565.7405,1788877866.9300,6,290.51,1353.84,1644.35,45.0,15658.3,40383.9,2374.5,7942.453,3252.900,70620.850,3199899:13;3199922:304;3199923:307;3199924:343;3199925:388
111565.8521,1788877867.0416,6,290.51,1358.14,1648.65,36.4,15658.0,40384.2,2374.5,7943.382,3252.928,70620.850,3199899:13;3199922:304;3199923:310;3199924:343;3199925:388
111565.9616,1788877867.1511,6,290.51,1358.77,1649.28,0.0,15657.8,40384.4,2374.5,7943.825,3252.939,70620.850,3199899:13;3199922:304;3199923:310;3199924:343;3199925:388
111566.0703,1788877867.2598,6,290.51,1359.70,1650.20,63.0,15656.4,40385.9,2374.5,7944.708,3252.965,70620.850,3199899:13;3199922:304;3199923:310;3199924:344;3199925:389
111566.1814,1788877867.3709,6,290.51,1359.76,1650.27,0.0,15656.0,40386.2,2374.5,7945.148,3252.976,70620.850,3199899:13;3199922:304;3199923:310;3199924:344;3199925:389
111566.2915,1788877867.4810,6,290.51,1360.93,1651.44,81.5,15656.3,40385.9,2374.5,7945.917,3253.005,70620.850,3199899:13;3199922:305;3199923:310;3199924:345;3199925:389
111566.4017,1788877867.5912,6,290.51,1367.00,1657.51,81.0,15662.9,40379.3,2374.5,7946.277,3253.026,70620.850,3199899:13;3199922:304;3199923:314;3199924:347;3199925:389
111566.5127,1788877867.7022,6,290.51,1372.15,1662.66,82.2,15664.8,40377.4,2374.5,7947.269,3253.064,70620.850,3199899:13;3199922:306;3199923:314;3199924:350;3199925:389
111566.6225,1788877867.8120,6,290.63,1372.65,1663.29,0.0,15664.8,40377.4,2374.5,7947.691,3253.077,70620.850,3199899:13;3199922:306;3199923:315;3199924:350;3199925:389
111566.7317,1788877867.9213,6,290.63,1373.31,1663.95,18.1,15666.4,40375.8,2374.5,7948.661,3253.109,70620.850,3199899:13;3199922:306;3199923:315;3199924:350;3199925:389
111566.8427,1788877868.0322,6,290.63,1376.24,1666.87,35.6,15668.3,40373.9,2374.5,7949.099,3253.124,70620.850,3199899:13;3199922:306;3199923:315;3199924:353;3199925:389
111566.9549,1788877868.1444,6,290.63,1378.80,1669.44,100.1,15669.3,40372.9,2374.5,7949.979,3253.158,70620.850,3199899:13;3199922:307;3199923:317;3199924:353;3199925:389
111567.0645,1788877868.2541,6,290.63,1379.02,1669.66,0.0,15668.7,40373.5,2374.5,7950.379,3253.171,70620.850,3199899:13;3199922:307;3199923:317;3199924:353;3199925:389
111567.1736,1788877868.3631,6,290.63,1377.80,1668.43,81.1,15669.2,40373.0,2374.5,7951.208,3253.201,70620.850,3199899:13;3199922:307;3199923:317;3199924:353;3199925:388
111567.2846,1788877868.4742,6,290.63,1379.68,1670.32,91.3,15686.0,40356.2,2374.5,7951.478,3253.221,70620.850,3199899:13;3199922:308;3199923:318;3199924:353;3199925:388
111567.3940,1788877868.5835,6,290.63,1396.96,1687.59,137.0,15703.8,40338.4,2374.5,7952.458,3253.266,70620.850,3199899:13;3199922:313;3199923:323;3199924:355;3199925:393
111567.5035,1788877868.6930,6,290.63,1397.50,1688.13,45.0,15705.0,40337.2,2374.5,7952.877,3253.286,70620.850,3199899:13;3199922:313;3199923:324;3199924:354;3199925:394
111567.6147,1788877868.8042,6,290.63,1413.01,1703.64,137.5,15739.2,40303.1,2374.5,7953.842,3253.321,70620.850,3199899:13;3199922:313;3199923:327;3199924:357;3199925:403
111567.7238,1788877868.9133,6,290.63,1413.68,1704.31,18.0,15739.4,40302.8,2374.5,7954.214,3253.332,70620.850,3199899:13;3199922:313;3199923:327;3199924:358;3199925:403
111567.8353,1788877869.0248,6,290.63,1415.04,1705.67,27.6,15736.5,40305.7,2374.5,7955.217,3253.369,70620.850,3199899:13;3199922:313;3199923:327;3199924:358;3199925:403
111567.9443,1788877869.1338,6,290.63,1401.87,1692.50,81.8,15720.7,40321.5,2374.5,7955.816,3253.390,70620.850,3199899:13;3199922:313;3199923:322;3199924:348;3199925:406
111568.0543,1788877869.2438,6,290.63,1402.17,1692.80,45.1,15719.2,40323.0,2374.5,7956.725,3253.427,70620.850,3199899:13;3199922:313;3199923:322;3199924:348;3199925:406
111568.1649,1788877869.3544,6,290.63,1402.27,1692.90,18.1,15719.5,40322.8,2374.5,7957.083,3253.440,70620.850,3199899:13;3199922:313;3199923:322;3199924:348;3199925:406
111568.2758,1788877869.4653,6,290.63,1410.06,1700.69,63.8,15725.4,40316.8,2374.5,7958.034,3253.476,70620.850,3199899:13;3199922:314;3199923:322;3199924:351;3199925:410
111568.3850,1788877869.5746,6,290.63,1411.15,1701.78,18.2,15726.6,40315.6,2374.5,7958.419,3253.490,70620.850,3199899:13;3199922:315;3199923:322;3199924:351;3199925:410
111568.4950,1788877869.6845,6,290.63,1412.00,1702.63,73.0,15727.5,40314.8,2374.5,7959.267,3253.526,70620.850,3199899:13;3199922:315;3199923:324;3199924:350;3199925:410
111568.6042,1788877869.7938,6,290.63,1412.42,1703.05,18.4,15728.6,40313.6,2374.5,7959.686,3253.542,70620.850,3199899:13;3199922:315;3199923:324;3199924:350;3199925:410
111568.7132,1788877869.9027,6,290.63,1413.55,1704.19,73.3,15730.4,40311.9,2374.5,7960.580,3253.573,70620.850,3199899:13;3199922:315;3199923:326;3199924:350;3199925:410
111568.8227,1788877870.0123,6,290.63,1414.13,1704.76,9.1,15716.5,40325.7,2374.5,7960.973,3253.586,70620.850,3199899:13;3199922:315;3199923:326;3199924:350;3199925:410
111568.9320,1788877870.1215,6,290.63,1418.74,1709.38,55.1,15719.4,40322.8,2374.5,7961.865,3253.618,70620.850,3199899:13;3199922:315;3199923:328;3199924:351;3199925:412
111569.0409,1788877870.2305,6,290.63,1419.82,1710.46,63.2,15721.1,40321.1,2374.5,7962.319,3253.637,70620.850,3199899:13;3199922:315;3199923:327;3199924:351;3199925:414
111569.1517,1788877870.3413,6,290.63,1427.34,1717.97,90.6,15727.0,40315.2,2374.5,7963.388,3253.678,70620.850,3199899:13;3199922:315;3199923:330;3199924:354;3199925:415
111569.2623,1788877870.4518,6,290.63,1428.47,1719.10,9.0,15727.3,40314.9,2374.5,7963.810,3253.696,70620.850,3199899:13;3199922:315;3199923:330;3199924:355;3199925:415
111569.3734,1788877870.5629,6,290.63,1430.32,1720.95,45.0,15727.5,40314.7,2374.5,7964.715,3253.727,70620.850,3199899:13;3199922:316;3199923:330;3199924:355;3199925:415
111569.4842,1788877870.6738,6,290.63,1433.01,1723.64,35.1,15728.3,40314.0,2374.5,7965.144,3253.745,70620.850,3199899:13;3199922:319;3199923:330;3199924:355;3199925:415
111569.5983,1788877870.7879,6,290.63,1450.29,1740.93,125.3,15736.0,40306.3,2374.5,7966.327,3253.790,70620.850,3199899:13;3199922:319;3199923:332;3199924:370;3199925:417
111569.7105,1788877870.9000,6,290.63,1436.79,1727.42,27.2,15734.3,40307.9,2374.5,7966.687,3253.804,70620.850,3199899:13;3199922:319;3199923:332;3199924:356;3199925:417
111569.8204,1788877871.0100,6,290.63,1438.95,1729.58,63.4,15732.5,40309.8,2374.5,7967.738,3253.842,70620.850,3199899:13;3199922:319;3199923:332;3199924:357;3199925:417
111569.9311,1788877871.1206,6,290.63,1439.63,1730.26,0.0,15731.6,40310.6,2374.5,7967.949,3253.852,70620.850,3199899:13;3199922:319;3199923:332;3199924:358;3199925:417
111570.0410,1788877871.2305,6,290.63,1445.25,1735.88,81.2,15732.2,40310.0,2374.5,7968.963,3253.890,70620.850,3199899:13;3199922:319;3199923:335;3199924:360;3199925:417
111570.1528,1788877871.3423,6,290.63,1445.62,1736.25,18.0,15732.5,40309.8,2374.5,7969.283,3253.900,70620.850,3199899:13;3199922:319;3199923:335;3199924:360;3199925:418
111570.2625,1788877871.4520,6,290.63,1446.91,1737.55,18.1,15733.7,40308.5,2374.5,7970.339,3253.927,70620.850,3199899:13;3199922:319;3199923:336;3199924:361;3199925:418
111570.3730,1788877871.5625,6,290.63,1447.29,1737.92,17.2,15732.5,40309.7,2374.5,7970.644,3253.933,70620.850,3199899:13;3199922:319;3199923:336;3199924:361;3199925:418
111570.4887,1788877871.6782,6,290.63,1450.47,1741.10,53.7,15733.0,40309.2,2374.5,7971.793,3253.973,70620.850,3199899:13;3199922:320;3199923:336;3199924:362;3199925:418
111570.6007,1788877871.7902,6,290.63,1450.01,1740.64,18.2,15733.8,40308.4,2374.5,7971.899,3253.980,70620.850,3199899:13;3199922:321;3199923:336;3199924:361;3199925:418
111570.7097,1788877871.8993,6,290.63,1458.07,1748.71,108.7,15760.7,40281.6,2374.5,7972.984,3254.012,70620.850,3199899:13;3199922:321;3199923:338;3199924:363;3199925:424
111570.8202,1788877872.0097,6,290.63,1458.32,1748.96,0.0,15760.9,40281.3,2374.5,7973.198,3254.019,70620.850,3199899:13;3199922:321;3199923:338;3199924:363;3199925:424
111570.9314,1788877872.1209,6,290.63,1473.57,1764.20,63.6,15764.6,40277.6,2374.5,7974.287,3254.050,70620.850,3199899:13;3199922:321;3199923:331;3199924:365;3199925:444
111571.0417,1788877872.2312,6,290.63,1456.35,1746.98,36.3,15755.0,40287.2,2374.5,7974.482,3254.058,70620.850,3199899:13;3199922:321;3199923:330;3199924:366;3199925:426
111571.1518,1788877872.3414,6,290.63,1460.10,1750.73,117.9,15757.4,40284.8,2374.5,7975.669,3254.102,70620.850,3199899:13;3199922:323;3199923:333;3199924:365;3199925:426
111571.2623,1788877872.4518,6,290.63,1459.04,1749.68,27.2,15757.7,40284.5,2374.5,7975.858,3254.111,70620.850,3199899:13;3199922:321;3199923:333;3199924:365;3199925:426
111571.3728,1788877872.5624,6,290.63,1460.51,1751.14,45.5,15759.6,40282.6,2374.5,7976.916,3254.145,70620.850,3199899:13;3199922:322;3199923:334;3199924:366;3199925:426
111571.4825,1788877872.6720,6,290.63,1464.79,1755.43,18.2,15765.4,40276.9,2374.5,7977.103,3254.152,70620.850,3199899:13;3199922:322;3199923:334;3199924:367;3199925:429
111571.5923,1788877872.7819,6,290.63,1468.11,1758.75,63.2,15764.2,40278.0,2374.5,7978.344,3254.196,70620.850,3199899:13;3199922:324;3199923:335;3199924:367;3199925:429
111571.7029,1788877872.8925,6,290.63,1468.11,1758.75,0.0,15764.2,40278.0,2374.5,7978.488,3254.201,70620.850,3199899:13;3199922:324;3199923:335;3199924:367;3199925:429
111571.8129,1788877873.0024,6,290.63,1471.21,1761.84,18.0,15766.5,40275.8,2374.5,7979.945,3254.240,70620.850,3199899:13;3199922:324;3199923:336;3199924:369;3199925:429
111571.9233,1788877873.1128,6,290.63,1471.83,1762.46,27.3,15765.6,40276.6,2374.5,7980.120,3254.244,70620.850,3199899:13;3199922:324;3199923:336;3199924:369;3199925:429
111572.0329,1788877873.2224,6,290.63,1475.49,1766.12,54.1,15764.2,40278.1,2374.5,7981.161,3254.279,70620.850,3199899:13;3199922:327;3199923:336;3199924:370;3199925:429
111572.1442,1788877873.3338,6,290.63,1475.61,1766.25,0.0,15764.2,40278.1,2374.5,7981.310,3254.284,70620.850,3199899:13;3199922:327;3199923:336;3199924:370;3199925:430
111572.2532,1788877873.4427,6,290.63,1480.49,1771.12,72.6,15765.4,40276.8,2374.5,7982.390,3254.320,70620.850,3199899:13;3199922:329;3199923:338;3199924:370;3199925:430
111572.3639,1788877873.5535,6,290.63,1480.99,1771.62,0.0,15765.6,40276.6,2374.5,7982.522,3254.324,70620.850,3199899:13;3199922:330;3199923:338;3199924:370;3199925:430
111572.4731,1788877873.6627,6,290.63,1482.16,1772.79,45.6,15767.3,40274.9,2374.5,7983.768,3254.363,70620.850,3199899:13;3199922:330;3199923:339;3199924:370;3199925:430
111572.5830,1788877873.7725,6,290.63,1482.07,1772.70,9.1,15767.8,40274.4,2374.5,7983.946,3254.371,70620.850,3199899:13;3199922:330;3199923:339;3199924:370;3199925:430
111572.6932,1788877873.8828,6,290.63,1483.42,1774.05,54.5,15775.3,40267.0,2374.5,7985.174,3254.408,70620.850,3199899:13;3199922:332;3199923:339;3199924:370;3199925:429
111572.8039,1788877873.9934,6,290.63,1483.67,1774.30,9.0,15776.7,40265.5,2374.5,7985.365,3254.412,70620.850,3199899:13;3199922:332;3199923:339;3199924:370;3199925:429
111572.9143,1788877874.1039,6,290.63,1485.07,1775.70,36.4,15775.4,40266.9,2374.5,7986.592,3254.443,70620.850,3199899:13;3199922:333;3199923:340;3199924:371;3199925:429
111573.0237,1788877874.2132,6,290.63,1483.90,1774.54,18.2,15775.4,40266.9,2374.5,7986.786,3254.449,70620.850,3199899:13;3199922:333;3199923:338;3199924:371;3199925:429
111573.1333,1788877874.3228,6,290.63,1489.12,1779.76,63.0,15775.0,40267.2,2374.5,7988.117,3254.489,70620.850,3199899:13;3199922:336;3199923:339;3199924:371;3199925:430
111573.2440,1788877874.4335,6,290.63,1487.83,1778.46,18.0,15775.1,40267.2,2374.5,7988.293,3254.498,70620.850,3199899:13;3199922:335;3199923:339;3199924:371;3199925:430
111573.3558,1788877874.5453,6,290.63,1488.82,1779.45,36.5,15773.6,40268.7,2374.5,7989.486,3254.540,70620.850,3199899:13;3199922:335;3199923:340;3199924:371;3199925:430
111573.4650,1788877874.6546,6,290.63,1489.38,1780.01,9.2,15773.6,40268.7,2374.5,7989.632,3254.546,70620.850,3199899:13;3199922:336;3199923:340;3199924:371;3199925:430
111573.5742,1788877874.7638,6,290.63,1489.25,1779.88,45.0,15774.1,40268.2,2374.5,7990.874,3254.583,70620.850,3199899:13;3199922:335;3199923:340;3199924:371;3199925:430
111573.6850,1788877874.8746,6,290.63,1489.67,1780.30,9.0,15773.5,40268.8,2374.5,7991.031,3254.588,70620.850,3199899:13;3199922:335;3199923:340;3199924:371;3199925:430
111573.7961,1788877874.9857,6,290.63,1490.47,1781.11,79.8,15776.2,40266.1,2374.5,7992.233,3254.629,70620.850,3199899:13;3199922:337;3199923:340;3199924:371;3199925:430
111573.9103,1788877875.0998,6,290.63,1490.40,1781.04,0.0,15776.1,40266.1,2374.5,7992.305,3254.633,70620.850,3199899:13;3199922:337;3199923:340;3199924:371;3199925:430
111574.0212,1788877875.2107,6,290.63,1490.74,1781.38,18.0,15777.8,40264.4,2374.5,7993.384,3254.665,70620.850,3199899:13;3199922:337;3199923:341;3199924:371;3199925:430
111574.1322,1788877875.3217,6,290.63,1494.26,1784.89,45.0,15788.9,40253.3,2374.5,7993.455,3254.668,70620.850,3199899:13;3199922:336;3199923:341;3199924:372;3199925:433
111574.2432,1788877875.4327,6,290.63,1497.70,1788.33,71.6,15788.5,40253.7,2374.5,7994.666,3254.704,70620.850,3199899:13;3199922:340;3199923:341;3199924:371;3199925:433
111574.3547,1788877875.5443,6,290.63,1496.32,1786.95,0.0,15796.9,40245.4,2374.5,7994.698,3254.708,70620.850,3199899:13;3199922:339;3199923:341;3199924:371;3199925:433
111574.4654,1788877875.6550,6,290.63,1498.96,1789.59,90.8,15811.7,40230.5,2374.5,7995.991,3254.761,70620.850,3199899:13;3199922:340;3199923:342;3199924:371;3199925:433
111574.5752,1788877875.7648,6,290.63,1499.46,1790.09,9.1,15834.2,40208.1,2374.5,7995.999,3254.764,70620.850,3199899:13;3199922:340;3199923:342;3199924:371;3199925:433
111574.6853,1788877875.8748,6,290.63,1504.16,1794.79,118.4,15837.3,40204.9,2374.5,7997.308,3254.803,70620.854,3199899:13;3199922:340;3199923:346;3199924:373;3199925:433
111574.7951,1788877875.9847,6,290.63,1504.16,1794.79,0.0,15841.2,40201.0,2374.5,7997.308,3254.805,70620.854,3199899:13;3199922:340;3199923:346;3199924:373;3199925:433
111574.9055,1788877876.0951,6,290.63,1508.38,1799.02,72.0,15846.1,40196.1,2374.5,7998.658,3254.856,70620.854,3199899:13;3199922:340;3199923:349;3199924:374;3199925:433
111575.0171,1788877876.2066,6,290.63,1508.38,1799.02,0.0,15846.1,40196.1,2374.5,7998.658,3254.856,70620.854,3199899:13;3199922:340;3199923:349;3199924:374;3199925:433
111575.1273,1788877876.3169,6,290.63,1512.32,1802.96,81.6,15852.5,40189.7,2374.5,8000.041,3254.903,70620.854,3199899:13;3199922:341;3199923:350;3199924:376;3199925:432
111575.2371,1788877876.4266,6,290.63,1512.32,1802.96,0.0,15852.5,40189.7,2374.5,8000.041,3254.903,70620.854,3199899:13;3199922:341;3199923:350;3199924:376;3199925:432
111575.3467,1788877876.5363,6,290.63,1516.55,1807.19,173.4,15863.1,40179.1,2374.5,8001.384,3254.963,70620.854,3199899:13;3199922:343;3199923:350;3199924:379;3199925:432
111575.4564,1788877876.6459,6,290.63,1516.55,1807.19,0.0,15863.1,40179.1,2374.5,8001.402,3254.965,70620.854,3199899:13;3199922:343;3199923:350;3199924:379;3199925:432
111575.5657,1788877876.7553,6,290.63,1518.20,1808.84,0.0,15863.6,40178.6,2374.5,8002.789,3255.008,70620.865,3199899:13;3199922:344;3199923:350;3199924:379;3199925:432
111575.6768,1788877876.8664,6,290.63,1518.20,1808.84,0.0,15863.8,40178.4,2374.5,8002.803,3255.008,70620.865,3199899:13;3199922:344;3199923:350;3199924:379;3199925:432
111575.7877,1788877876.9772,6,290.63,1521.00,1811.63,73.0,15874.4,40167.9,2374.5,8004.081,3255.053,70620.865,3199899:13;3199922:344;3199923:351;3199924:380;3199925:433
111575.8975,1788877877.0870,6,290.63,1521.00,1811.63,9.0,15873.8,40168.5,2374.5,8004.081,3255.053,70620.865,3199899:13;3199922:344;3199923:351;3199924:380;3199925:433
111576.0087,1788877877.1983,6,290.63,1527.16,1817.79,73.1,15875.2,40167.0,2374.5,8005.396,3255.092,70620.865,3199899:13;3199922:345;3199923:351;3199924:385;3199925:433
111576.1181,1788877877.3077,6,290.63,1526.67,1817.30,9.1,15875.7,40166.5,2374.5,8005.396,3255.096,70620.865,3199899:13;3199922:345;3199923:351;3199924:385;3199925:433
111576.2283,1788877877.4178,6,290.63,1527.07,1817.70,100.3,15888.7,40153.5,2374.5,8006.871,3255.151,70620.865,3199899:13;3199922:345;3199923:352;3199924:385;3199925:433
111576.3377,1788877877.5272,6,290.63,1527.07,1817.70,0.0,15888.7,40153.5,2374.5,8006.871,3255.151,70620.865,3199899:13;3199922:345;3199923:352;3199924:385;3199925:433
111576.4489,1788877877.6384,6,290.63,1526.97,1817.61,64.0,15900.8,40141.4,2374.5,8008.265,3255.198,70620.865,3199899:13;3199922:345;3199923:353;3199924:385;3199925:431
111576.5582,1788877877.7477,6,290.63,1526.97,1817.61,0.0,15903.2,40139.0,2374.5,8008.266,3255.199,70620.865,3199899:13;3199922:345;3199923:353;3199924:385;3199925:431
111576.6696,1788877877.8591,6,290.63,1528.35,1818.98,18.2,15903.0,40139.2,2374.5,8009.675,3255.246,70620.865,3199899:13;3199922:345;3199923:353;3199924:386;3199925:432
111576.7801,1788877877.9696,6,290.63,1528.35,1818.98,0.0,15903.0,40139.2,2374.5,8009.675,3255.246,70620.865,3199899:13;3199922:345;3199923:353;3199924:386;3199925:432
111576.8899,1788877878.0794,6,290.63,1529.80,1820.43,27.0,15903.2,40139.0,2374.5,8011.072,3255.283,70620.865,3199899:13;3199922:345;3199923:353;3199924:386;3199925:432
111577.0007,1788877878.1902,6,290.63,1529.75,1820.39,9.1,15903.2,40139.0,2374.5,8011.262,3255.292,70620.865,3199899:13;3199922:345;3199923:353;3199924:386;3199925:432
111577.1111,1788877878.3007,6,290.63,1554.51,1845.14,45.5,15922.3,40119.9,2374.5,8012.495,3255.326,70620.865,3199899:13;3199922:345;3199923:354;3199924:408;3199925:434
111577.2209,1788877878.4104,6,290.63,1533.09,1823.72,44.9,15910.6,40131.7,2374.5,8012.495,3255.327,70620.865,3199899:13;3199922:345;3199923:354;3199924:387;3199925:434
111577.3322,1788877878.5218,6,290.63,1535.45,1826.08,36.7,15910.6,40131.7,2374.5,8013.859,3255.360,70620.865,3199899:13;3199922:347;3199923:354;3199924:387;3199925:434
111577.4414,1788877878.6310,6,290.63,1535.69,1826.32,0.0,15911.1,40131.2,2374.5,8014.050,3255.363,70620.865,3199899:13;3199922:347;3199923:354;3199924:387;3199925:435
111577.5566,1788877878.7461,6,290.63,1554.51,1845.14,52.3,15929.3,40113.0,2374.5,8015.010,3255.388,70620.865,3199899:13;3199922:349;3199923:355;3199924:403;3199925:435
111577.6713,1788877878.8609,6,290.76,1574.29,1865.05,108.5,15999.2,40043.0,2374.5,8015.457,3255.402,70620.967,3199899:13;3199922:349;3199923:355;3199924:423;3199925:435
111577.7820,1788877878.9716,6,290.76,1575.01,1865.77,9.0,15999.0,40043.2,2374.5,8016.625,3255.440,70620.967,3199899:13;3199922:350;3199923:355;3199924:423;3199925:435
111577.8933,1788877879.0828,6,290.76,1574.79,1865.55,18.0,15990.1,40052.2,2374.5,8016.934,3255.448,70620.967,3199899:13;3199922:350;3199923:354;3199924:423;3199925:435
111578.0047,1788877879.1942,6,290.76,1576.79,1867.55,17.6,15989.7,40052.6,2374.5,8018.043,3255.485,70620.967,3199899:13;3199922:350;3199923:355;3199924:424;3199925:435
111578.1173,1788877879.3068,6,290.76,1577.29,1868.05,27.0,15988.8,40053.4,2374.5,8018.403,3255.498,70620.967,3199899:13;3199922:350;3199923:355;3199924:424;3199925:435
111578.2284,1788877879.4179,6,290.76,1574.93,1865.69,53.4,15988.1,40054.1,2374.5,8019.507,3255.535,70620.967,3199899:13;3199922:351;3199923:355;3199924:422;3199925:435
111578.3406,1788877879.5301,6,290.76,1575.68,1866.44,0.0,15988.1,40054.1,2374.5,8019.903,3255.549,70620.967,3199899:13;3199922:351;3199923:355;3199924:422;3199925:435
111578.4553,1788877879.6448,6,290.76,1577.41,1868.17,26.8,15988.3,40053.9,2374.5,8020.919,3255.582,70620.967,3199899:13;3199922:351;3199923:356;3199924:422;3199925:435
111578.5669,1788877879.7565,6,290.76,1579.15,1869.91,54.6,15988.0,40054.2,2374.5,8021.231,3255.594,70620.967,3199899:13;3199922:351;3199923:357;3199924:422;3199925:436
111578.6770,1788877879.8665,6,290.76,1579.36,1870.12,35.9,15990.5,40051.8,2374.5,8022.203,3255.641,70620.967,3199899:13;3199922:352;3199923:357;3199924:422;3199925:436
111578.7883,1788877879.9779,6,290.76,1579.67,1870.43,26.9,15990.5,40051.8,2374.5,8022.647,3255.661,70620.967,3199899:13;3199922:352;3199923:358;3199924:422;3199925:436
111578.9001,1788877880.0897,6,290.76,1583.70,1874.46,27.3,15989.4,40052.8,2374.5,8023.596,3255.687,70620.967,3199899:13;3199922:352;3199923:358;3199924:424;3199925:436
111579.0103,1788877880.1999,6,290.76,1584.19,1874.95,17.8,15989.2,40053.0,2374.5,8023.995,3255.699,70620.967,3199899:13;3199922:353;3199923:358;3199924:424;3199925:436
111579.1225,1788877880.3120,6,290.76,1588.27,1879.02,18.2,15989.4,40052.8,2374.5,8024.928,3255.723,70620.967,3199899:13;3199922:356;3199923:359;3199924:425;3199925:436
111579.2326,1788877880.4221,6,290.76,1587.34,1878.10,18.1,15989.7,40052.5,2374.5,8025.357,3255.736,70620.967,3199899:13;3199922:355;3199923:359;3199924:425;3199925:436
111579.3426,1788877880.5322,6,290.76,1585.29,1876.05,78.1,15991.6,40050.6,2374.5,8026.292,3255.771,70620.967,3199899:13;3199922:354;3199923:358;3199924:425;3199925:436
111579.4578,1788877880.6473,6,290.76,1599.29,1890.04,54.5,15998.1,40044.1,2374.5,8026.913,3255.790,70620.967,3199899:13;3199922:354;3199923:368;3199924:428;3199925:436
111579.5680,1788877880.7576,6,290.88,1591.75,1882.64,71.2,15989.2,40053.0,2374.5,8027.789,3255.818,70620.967,3199899:13;3199922:354;3199923:359;3199924:430;3199925:436
111579.6804,1788877880.8699,6,291.01,1616.25,1907.26,99.0,16011.2,40031.1,2374.5,8028.339,3255.834,70620.967,3199899:13;3199922:354;3199923:374;3199924:438;3199925:436
111579.7923,1788877880.9818,6,291.01,1616.64,1907.65,26.3,16015.2,40027.0,2374.5,8029.170,3255.857,70620.967,3199899:13;3199922:354;3199923:374;3199924:439;3199925:436
111579.9057,1788877881.0952,6,291.01,1615.68,1906.69,27.1,16009.8,40032.4,2374.5,8029.739,3255.877,70620.967,3199899:13;3199922:354;3199923:373;3199924:440;3199925:436
111580.0166,1788877881.2062,6,291.01,1617.18,1908.19,17.6,16009.5,40032.8,2374.5,8030.462,3255.899,70620.967,3199899:13;3199922:355;3199923:374;3199924:440;3199925:436
111580.1302,1788877881.3198,6,291.01,1616.34,1907.35,36.4,16009.5,40032.8,2374.5,8031.175,3255.923,70620.967,3199899:13;3199922:355;3199923:374;3199924:438;3199925:436
111580.2402,1788877881.4297,6,291.01,1616.02,1907.03,90.7,16017.8,40024.4,2374.5,8031.894,3255.955,70620.967,3199899:13;3199922:355;3199923:374;3199924:438;3199925:436
111580.3506,1788877881.5401,6,291.01,1616.71,1907.71,18.0,16017.8,40024.4,2374.5,8032.668,3255.977,70620.967,3199899:13;3199922:355;3199923:375;3199924:438;3199925:436
111580.4618,1788877881.6513,6,291.01,1616.07,1907.08,18.0,16017.8,40024.4,2374.5,8033.319,3255.997,70620.967,3199899:13;3199922:355;3199923:375;3199924:437;3199925:436
111580.5738,1788877881.7633,6,291.01,1617.38,1908.39,0.0,16017.8,40024.4,2374.5,8033.985,3256.013,70620.967,3199899:13;3199922:355;3199923:375;3199924:437;3199925:437
111580.6875,1788877881.8771,6,291.01,1617.58,1908.59,18.2,16018.7,40023.6,2374.5,8034.571,3256.029,70620.967,3199899:13;3199922:355;3199923:375;3199924:437;3199925:437
111580.7976,1788877881.9872,6,291.01,1618.33,1909.34,9.1,16019.2,40023.0,2374.5,8035.440,3256.050,70620.967,3199899:13;3199922:355;3199923:376;3199924:438;3199925:437
111580.9072,1788877882.0967,6,291.01,1619.88,1910.89,9.0,16016.1,40026.1,2374.5,8036.056,3256.068,70620.967,3199899:13;3199922:355;3199923:376;3199924:438;3199925:438
111581.0181,1788877882.2077,6,291.01,1620.03,1911.04,26.8,16016.6,40025.6,2374.5,8036.767,3256.088,70620.967,3199899:13;3199922:355;3199923:376;3199924:438;3199925:438
111581.1299,1788877882.3194,6,291.13,1616.39,1907.52,72.3,16016.6,40025.7,2374.5,8037.331,3256.106,70620.967,3199899:13;3199922:353;3199923:377;3199924:437;3199925:437
111581.2403,1788877882.4299,6,291.13,1616.64,1907.77,0.0,16016.0,40026.2,2374.5,8038.247,3256.129,70620.975,3199899:13;3199922:353;3199923:377;3199924:437;3199925:437
111581.3505,1788877882.5400,6,291.13,1617.53,1908.66,8.7,16016.2,40026.0,2374.5,8038.843,3256.147,70620.975,3199899:13;3199922:354;3199923:377;3199924:437;3199925:437
111581.4658,1788877882.6553,6,291.13,1649.64,1940.77,99.3,16045.7,39996.5,2374.5,8039.689,3256.174,70620.975,3199899:13;3199922:355;3199923:407;3199924:437;3199925:438
111581.5767,1788877882.7662,6,291.13,1624.95,1916.08,144.0,16073.1,39969.1,2374.5,8040.201,3256.195,70620.975,3199899:13;3199922:350;3199923:392;3199924:436;3199925:435
111581.6867,1788877882.8762,6,291.13,1625.15,1916.28,9.2,16073.1,39969.1,2374.5,8041.255,3256.226,70620.975,3199899:13;3199922:350;3199923:391;3199924:436;3199925:435
111581.7971,1788877882.9866,6,291.13,1626.27,1917.41,8.8,16073.1,39969.1,2374.5,8041.787,3256.248,70620.975,3199899:13;3199922:350;3199923:392;3199924:436;3199925:435
111581.9093,1788877883.0989,6,291.13,1627.95,1919.08,36.2,16072.2,39970.0,2374.5,8042.655,3256.273,70621.104,3199899:13;3199922:350;3199923:392;3199924:436;3199925:437
111582.0198,1788877883.2094,6,291.13,1630.68,1921.81,63.9,16093.6,39948.6,2374.5,8043.116,3256.289,70621.104,3199899:13;3199922:350;3199923:399;3199924:436;3199925:432
111582.1293,1788877883.3188,6,291.13,1637.82,1928.95,99.7,16105.8,39936.4,2374.5,8044.093,3256.322,70621.104,3199899:13;3199922:351;3199923:408;3199924:434;3199925:432
111582.2398,1788877883.4293,6,291.13,1630.16,1921.30,18.0,16101.1,39941.2,2374.5,8044.568,3256.337,70621.104,3199899:13;3199922:351;3199923:401;3199924:432;3199925:432
111582.3506,1788877883.5402,6,291.13,1632.43,1923.56,36.0,16101.8,39940.4,2374.5,8045.382,3256.361,70621.104,3199899:13;3199922:352;3199923:401;3199924:432;3199925:434
111582.4621,1788877883.6517,6,291.13,1631.48,1922.61,18.0,16103.0,39939.2,2374.5,8045.794,3256.373,70621.104,3199899:13;3199922:351;3199923:401;3199924:432;3199925:434
111582.5730,1788877883.7626,6,291.13,1630.98,1922.11,63.2,16100.2,39942.0,2374.5,8046.708,3256.400,70621.104,3199899:13;3199922:351;3199923:402;3199924:432;3199925:432
111582.6833,1788877883.8729,6,291.13,1630.98,1922.11,0.0,16101.8,39940.4,2374.5,8047.137,3256.411,70621.104,3199899:13;3199922:351;3199923:402;3199924:432;3199925:432
111582.7932,1788877883.9827,6,291.26,1645.79,1937.05,100.0,16109.0,39933.3,2374.5,8048.037,3256.438,70621.104,3199899:13;3199922:351;3199923:416;3199924:433;3199925:433
111582.9031,1788877884.0926,6,291.26,1638.31,1929.57,17.6,16104.8,39937.4,2374.5,8048.484,3256.451,70621.104,3199899:13;3199922:351;3199923:409;3199924:433;3199925:433
111583.0173,1788877884.2069,6,291.26,1637.89,1929.15,26.4,16104.8,39937.4,2374.5,8049.442,3256.479,70621.104,3199899:13;3199922:351;3199923:407;3199924:433;3199925:433
111583.1296,1788877884.3191,6,291.26,1640.21,1931.47,18.1,16105.0,39937.2,2374.5,8049.793,3256.493,70621.104,3199899:13;3199922:351;3199923:409;3199924:433;3199925:433
111583.2395,1788877884.4291,6,291.26,1658.36,1949.62,109.2,16113.2,39929.1,2374.5,8050.724,3256.521,70621.104,3199899:13;3199922:347;3199923:422;3199924:447;3199925:429
111583.3501,1788877884.5396,6,291.38,1650.95,1942.33,63.8,16126.4,39915.9,2374.5,8050.994,3256.529,70621.104,3199899:13;3199922:348;3199923:421;3199924:440;3199925:429
111583.4592,1788877884.6487,6,291.38,1654.09,1945.48,45.8,16128.8,39913.4,2374.5,8051.922,3256.559,70621.104,3199899:13;3199922:350;3199923:421;3199924:440;3199925:430
111583.5685,1788877884.7580,6,291.38,1654.72,1946.10,9.1,16128.8,39913.4,2374.5,8052.225,3256.569,70621.104,3199899:13;3199922:351;3199923:421;3199924:440;3199925:430
111583.6782,1788877884.8677,6,291.38,1655.79,1947.18,18.0,16128.8,39913.4,2374.5,8053.164,3256.593,70621.104,3199899:13;3199922:351;3199923:422;3199924:440;3199925:430
111583.7903,1788877884.9798,6,291.38,1655.43,1946.81,27.2,16128.8,39913.4,2374.5,8053.511,3256.604,70621.104,3199899:13;3199922:351;3199923:422;3199924:440;3199925:430
111583.8995,1788877885.0890,6,291.38,1661.49,1952.88,136.3,16121.5,39920.8,2374.5,8054.426,3256.635,70621.104,3199899:13;3199922:352;3199923:422;3199924:444;3199925:430
111584.0104,1788877885.2000,6,291.38,1663.88,1955.26,9.0,16121.7,39920.5,2374.5,8054.727,3256.646,70621.104,3199899:13;3199922:352;3199923:422;3199924:444;3199925:432
111584.1214,1788877885.3110,6,291.38,1663.46,1954.85,44.5,16114.8,39927.4,2374.5,8055.886,3256.676,70621.127,3199899:13;3199922:353;3199923:422;3199924:444;3199925:432
111584.2345,1788877885.4240,6,291.38,1663.46,1954.85,0.0,16114.5,39927.7,2374.5,8056.176,3256.685,70621.127,3199899:13;3199922:353;3199923:422;3199924:444;3199925:432
111584.3443,1788877885.5339,6,291.38,1665.17,1956.55,18.0,16114.8,39927.4,2374.5,8057.204,3256.718,70621.127,3199899:13;3199922:353;3199923:422;3199924:444;3199925:433
111584.4551,1788877885.6446,6,291.38,1664.59,1955.97,18.2,16114.8,39927.4,2374.5,8057.500,3256.724,70621.127,3199899:13;3199922:352;3199923:422;3199924:444;3199925:433
111584.5642,1788877885.7537,6,291.38,1664.99,1956.38,18.2,16114.8,39927.4,2374.5,8058.455,3256.750,70621.127,3199899:13;3199922:353;3199923:422;3199924:444;3199925:432
111584.6741,1788877885.8637,6,291.38,1665.11,1956.50,9.0,16115.2,39927.0,2374.5,8058.735,3256.757,70621.174,3199899:13;3199922:353;3199923:422;3199924:445;3199925:432
111584.7848,1788877885.9743,6,291.38,1664.79,1956.17,27.3,16116.2,39926.0,2374.5,8059.773,3256.784,70621.174,3199899:13;3199922:353;3199923:422;3199924:444;3199925:432
111584.8948,1788877886.0844,6,291.38,1664.96,1956.35,27.4,16111.0,39931.2,2374.5,8060.024,3256.792,70621.174,3199899:13;3199922:353;3199923:422;3199924:444;3199925:432
111585.0043,1788877886.1939,6,291.38,1666.29,1957.67,35.9,16098.8,39943.4,2374.5,8061.293,3256.828,70621.174,3199899:13;3199922:353;3199923:423;3199924:445;3199925:433
111585.1161,1788877886.3056,6,291.38,1666.91,1958.29,0.0,16099.0,39943.2,2374.5,8061.539,3256.833,70621.174,3199899:13;3199922:354;3199923:423;3199924:445;3199925:433
111585.2256,1788877886.4151,6,291.38,1676.47,1967.86,164.6,16113.5,39928.8,2374.5,8062.524,3256.862,70621.174,3199899:13;3199922:352;3199923:423;3199924:455;3199925:434
111585.3350,1788877886.5245,6,291.38,1679.21,1970.60,63.2,16126.9,39915.4,2374.5,8062.781,3256.870,70621.174,3199899:13;3199922:352;3199923:423;3199924:460;3199925:432
111585.4457,1788877886.6352,6,291.38,1683.91,1975.29,45.5,16126.9,39915.4,2374.5,8063.811,3256.899,70621.174,3199899:13;3199922:355;3199923:423;3199924:460;3199925:433
111585.5556,1788877886.7451,6,291.38,1682.52,1973.90,27.0,16124.0,39918.2,2374.5,8064.052,3256.909,70621.174,3199899:13;3199922:355;3199923:423;3199924:460;3199925:432
111585.6663,1788877886.8559,6,291.38,1694.23,1985.61,179.4,16133.8,39908.4,2374.5,8064.933,3256.936,70621.174,3199899:13;3199922:356;3199923:437;3199924:460;3199925:429
111585.7781,1788877886.9677,6,291.38,1693.96,1985.34,45.3,16133.5,39908.7,2374.5,8065.168,3256.945,70621.174,3199899:13;3199922:356;3199923:437;3199924:460;3199925:429
111585.8882,1788877887.0777,6,291.38,1695.57,1986.95,27.0,16126.9,39915.4,2374.5,8066.368,3256.978,70621.174,3199899:13;3199922:357;3199923:437;3199924:460;3199925:430
111585.9997,1788877887.1893,6,291.51,1721.58,2013.09,539.5,16211.7,39830.6,2374.5,8066.539,3256.985,70621.174,3199899:13;3199922:356;3199923:441;3199924:466;3199925:445
111586.1105,1788877887.3001,6,291.51,1701.90,1993.41,36.3,16183.7,39858.6,2374.5,8067.543,3257.011,70621.174,3199899:13;3199922:357;3199923:441;3199924:450;3199925:441
111586.2211,1788877887.4106,6,291.51,1702.05,1993.56,0.0,16183.7,39858.6,2374.5,8067.719,3257.016,70621.174,3199899:13;3199922:357;3199923:441;3199924:450;3199925:441
111586.3317,1788877887.5212,6,291.51,1714.21,2005.71,207.6,16210.9,39831.3,2374.5,8068.888,3257.052,70621.189,3199899:13;3199922:350;3199923:451;3199924:451;3199925:450
111586.4420,1788877887.6316,6,291.51,1713.85,2005.36,44.6,16210.9,39831.3,2374.5,8069.790,3257.079,70621.189,3199899:13;3199922:353;3199923:450;3199924:451;3199925:447
111586.5546,1788877887.7441,6,291.51,1713.66,2005.16,71.5,16210.9,39831.3,2374.5,8071.019,3257.117,70621.189,3199899:13;3199922:354;3199923:450;3199924:451;3199925:446
111586.6661,1788877887.8556,6,291.51,1713.78,2005.29,9.0,16210.9,39831.3,2374.5,8071.160,3257.121,70621.189,3199899:13;3199922:354;3199923:450;3199924:451;3199925:446
111586.7775,1788877887.9670,6,291.51,1714.61,2006.11,18.2,16210.9,39831.3,2374.5,8072.282,3257.150,70621.189,3199899:13;3199922:354;3199923:450;3199924:451;3199925:447
111586.8873,1788877888.0769,6,291.51,1714.61,2006.11,9.0,16206.5,39835.7,2374.5,8072.382,3257.152,70621.189,3199899:13;3199922:354;3199923:450;3199924:451;3199925:447
111586.9989,1788877888.1884,6,291.51,1716.11,2007.62,0.0,16207.0,39835.2,2374.5,8073.534,3257.174,70621.189,3199899:13;3199922:354;3199923:451;3199924:451;3199925:447
111587.1095,1788877888.2991,6,291.51,1716.77,2008.28,18.2,16207.5,39834.8,2374.5,8073.615,3257.177,70621.189,3199899:13;3199922:355;3199923:451;3199924:451;3199925:447
111587.2188,1788877888.4083,6,291.76,1725.69,2017.45,172.7,16170.7,39871.5,2374.5,8074.716,3257.208,70621.189,3199899:13;3199922:346;3199923:450;3199924:451;3199925:466
111587.3289,1788877888.5184,6,291.76,1725.69,2017.45,0.0,16170.7,39871.6,2374.5,8074.792,3257.211,70621.189,3199899:13;3199922:346;3199923:450;3199924:451;3199925:466
111587.4381,1788877888.6277,6,291.76,1768.70,2060.46,199.6,16213.6,39828.6,2374.5,8075.986,3257.241,70621.189,3199899:13;3199922:354;3199923:459;3199924:457;3199925:485
111587.5539,1788877888.7435,6,292.01,1898.78,2190.79,1030.7,16465.4,39576.8,2374.5,8076.033,3257.242,70621.189,3199899:13;3199922:350;3199923:581;3199924:479;3199925:476
111587.6703,1788877888.8598,6,292.01,2092.48,2384.48,429.3,16652.8,39389.4,2374.5,8077.223,3257.283,70621.189,3199899:13;3199922:338;3199923:904;3199924:385;3199925:453
111587.7817,1788877888.9712,6,292.01,2179.64,2471.65,126.2,16736.5,39305.8,2374.5,8077.223,3257.283,70621.189,3199899:13;3199922:338;3199923:992;3199924:385;3199925:453
111587.8926,1788877889.0821,6,292.01,2233.46,2525.46,135.4,16750.8,39291.4,2374.5,8078.553,3257.324,70621.189,3199899:13;3199922:339;3199923:1044;3199924:385;3199925:453
111588.0036,1788877889.1932,6,292.01,2266.78,2558.79,118.2,16774.4,39267.8,2374.5,8078.553,3257.324,70621.189,3199899:13;3199922:339;3199923:1077;3199924:385;3199925:453
111588.1132,1788877889.3027,6,292.01,2047.22,2339.23,218.5,16657.7,39384.5,2374.5,8079.363,3257.345,70621.189,3199899:13;3199922:340;3199923:858;3199924:383;3199925:453
111588.2230,1788877889.4126,6,292.01,2070.78,2362.79,125.6,16661.3,39380.9,2374.5,8079.459,3257.350,70621.189,3199899:13;3199922:341;3199923:881;3199924:383;3199925:453
111588.3345,1788877889.5240,6,292.01,2087.69,2379.70,245.6,16682.4,39359.8,2374.5,8080.603,3257.381,70621.189,3199899:13;3199922:345;3199923:894;3199924:387;3199925:448
111588.4445,1788877889.6340,6,292.01,1845.96,2137.96,209.7,16583.2,39459.0,2374.5,8080.603,3257.381,70621.189,3199899:13;3199922:344;3199923:663;3199924:378;3199925:448
111588.5542,1788877889.7437,6,292.01,1578.30,1870.31,54.2,16332.0,39710.2,2374.5,8081.967,3257.416,70621.201,3199899:13;3199922:345;3199923:395;3199924:378;3199925:448
111588.6648,1788877889.8543,6,292.01,1578.30,1870.31,8.9,16331.8,39710.4,2374.5,8082.328,3257.427,70621.201,3199899:13;3199922:345;3199923:395;3199924:378;3199925:448
111588.7774,1788877889.9670,6,292.01,1579.18,1871.19,9.1,16331.8,39710.4,2374.5,8083.362,3257.453,70621.201,3199899:13;3199922:346;3199923:395;3199924:378;3199925:448
111588.8874,1788877890.0769,6,292.01,1579.30,1871.31,0.0,16319.6,39722.7,2374.5,8083.579,3257.461,70621.201,3199899:13;3199922:346;3199923:395;3199924:378;3199925:448
111589.0000,1788877890.1895,6,292.01,1579.12,1871.13,54.5,16317.1,39725.1,2374.5,8084.646,3257.491,70621.201,3199899:13;3199922:345;3199923:395;3199924:378;3199925:449
111589.1099,1788877890.2994,6,292.01,1580.72,1872.73,18.0,16317.3,39724.9,2374.5,8085.072,3257.500,70621.201,3199899:13;3199922:345;3199923:395;3199924:378;3199925:450
111589.2207,1788877890.4103,6,292.01,1579.15,1871.16,27.0,16315.4,39726.8,2374.5,8086.283,3257.538,70621.201,3199899:13;3199922:346;3199923:395;3199924:378;3199925:448
111589.3318,1788877890.5213,6,292.01,1579.78,1871.79,0.0,16315.4,39726.8,2374.5,8086.474,3257.542,70621.201,3199899:13;3199922:346;3199923:395;3199924:378;3199925:448
111589.4426,1788877890.6322,6,292.01,1581.15,1873.16,27.2,16315.4,39726.8,2374.5,8087.303,3257.560,70621.201,3199899:13;3199922:346;3199923:396;3199924:378;3199925:449
111589.5535,1788877890.7431,6,292.13,1581.28,1873.41,0.0,16300.3,39741.9,2374.5,8087.442,3257.569,70621.201,3199899:13;3199922:346;3199923:396;3199924:378;3199925:449
111589.6636,1788877890.8531,6,292.13,1581.79,1873.93,45.0,16300.3,39741.9,2374.5,8088.505,3257.593,70621.201,3199899:13;3199922:346;3199923:396;3199924:378;3199925:450
111589.7746,1788877890.9642,6,292.13,1586.33,1878.46,18.0,16300.7,39741.5,2374.5,8088.771,3257.598,70621.201,3199899:13;3199922:346;3199923:396;3199924:382;3199925:450
111589.8865,1788877891.0760,6,292.26,1580.86,1873.11,155.1,16281.7,39760.5,2374.5,8089.855,3257.625,70621.201,3199899:13;3199922:346;3199923:392;3199924:382;3199925:448
111589.9961,1788877891.1857,6,292.26,1581.23,1873.49,0.0,16281.7,39760.5,2374.5,8090.016,3257.629,70621.201,3199899:13;3199922:346;3199923:392;3199924:382;3199925:448
111590.1082,1788877891.2978,6,292.26,1582.53,1874.79,73.1,16281.5,39760.7,2374.5,8090.874,3257.652,70621.201,3199899:13;3199922:347;3199923:393;3199924:382;3199925:448
111590.2178,1788877891.4073,6,292.26,1582.64,1874.90,9.0,16281.5,39760.7,2374.5,8091.231,3257.659,70621.201,3199899:13;3199922:347;3199923:393;3199924:382;3199925:448
111590.3283,1788877891.5178,6,292.26,1583.39,1875.65,0.0,16281.5,39760.7,2374.5,8092.333,3257.690,70621.201,3199899:13;3199922:347;3199923:393;3199924:382;3199925:448
111590.4417,1788877891.6313,6,292.26,1584.41,1876.67,8.9,16281.5,39760.7,2374.5,8092.623,3257.695,70621.201,3199899:13;3199922:347;3199923:393;3199924:382;3199925:449
111590.5534,1788877891.7430,6,292.38,1583.50,1875.88,134.1,16261.6,39780.6,2374.5,8093.436,3257.716,70621.201,3199899:13;3199922:347;3199923:394;3199924:379;3199925:450
111590.6649,1788877891.8545,6,292.38,1586.54,1878.92,27.0,16261.9,39780.3,2374.5,8093.718,3257.724,70621.322,3199899:13;3199922:346;3199923:398;3199924:379;3199925:450
111590.7759,1788877891.9654,6,292.38,1680.73,1973.12,595.2,16378.1,39664.2,2374.5,8094.708,3257.745,70621.322,3199899:13;3199922:341;3199923:402;3199924:473;3199925:451
111590.8867,1788877892.0763,6,292.38,1786.03,2078.41,117.2,16476.8,39565.4,2374.5,8094.952,3257.752,70621.330,3199899:13;3199922:338;3199923:382;3199924:629;3199925:424
111590.9976,1788877892.1871,6,292.38,1852.06,2144.45,163.2,16537.8,39504.5,2374.5,8095.866,3257.776,70621.334,3199899:13;3199922:338;3199923:382;3199924:694;3199925:425
111591.1082,1788877892.2977,6,292.38,1848.77,2141.15,108.9,16536.3,39506.0,2374.5,8096.294,3257.785,70621.334,3199899:13;3199922:338;3199923:382;3199924:691;3199925:425
111591.2180,1788877892.4076,6,292.38,1841.48,2133.86,108.1,16531.8,39510.4,2374.5,8097.247,3257.810,70621.334,3199899:13;3199922:338;3199923:382;3199924:683;3199925:425
111591.3291,1788877892.5187,6,292.38,1513.07,1805.45,44.7,16298.2,39744.0,2374.5,8097.597,3257.817,70621.334,3199899:13;3199922:338;3199923:382;3199924:354;3199925:425
111591.4408,1788877892.6303,6,292.38,1514.26,1806.64,0.0,16299.4,39742.8,2374.5,8098.408,3257.835,70621.334,3199899:13;3199922:339;3199923:382;3199924:355;3199925:426
111591.5506,1788877892.7401,6,292.38,1514.48,1806.86,8.8,16299.6,39742.6,2374.5,8098.706,3257.840,70621.334,3199899:13;3199922:338;3199923:382;3199924:355;3199925:426
111591.6644,1788877892.8539,6,292.38,1516.18,1808.56,44.3,16303.7,39738.5,2374.5,8099.355,3257.862,70621.420,3199899:13;3199922:340;3199923:382;3199924:355;3199925:426
111591.7773,1788877892.9669,6,292.38,1516.43,1808.81,9.0,16304.0,39738.3,2374.5,8099.848,3257.872,70621.420,3199899:13;3199922:341;3199923:382;3199924:355;3199925:426
111591.8885,1788877893.0780,6,292.38,1516.80,1809.18,0.0,16294.3,39748.0,2374.5,8100.533,3257.883,70621.420,3199899:13;3199922:341;3199923:382;3199924:355;3199925:426
111592.0011,1788877893.1906,6,292.38,1517.17,1809.55,9.0,16293.4,39748.8,2374.5,8100.848,3257.888,70621.420,3199899:13;3199922:341;3199923:382;3199924:355;3199925:426
111592.1126,1788877893.3021,6,292.38,1619.42,1911.80,643.8,16381.9,39660.3,2374.5,8101.423,3257.901,70621.420,3199899:13;3199922:341;3199923:380;3199924:458;3199925:427
111592.2236,1788877893.4132,6,292.38,1734.24,2026.62,115.6,16488.7,39553.5,2374.5,8101.852,3257.913,70621.420,3199899:13;3199922:328;3199923:356;3199924:629;3199925:409
111592.3355,1788877893.5251,6,292.38,1840.98,2133.36,112.4,16523.4,39518.8,2374.5,8102.175,3257.923,70621.545,3199899:13;3199922:328;3199923:356;3199924:736;3199925:409
111592.4514,1788877893.6410,6,292.38,1931.57,2223.95,345.7,16561.0,39481.2,2374.5,8102.876,3257.939,70621.545,3199899:13;3199922:345;3199923:366;3199924:763;3199925:445
111592.5710,1788877893.7605,6,292.38,1980.95,2273.33,434.2,16658.1,39384.1,2374.5,8103.446,3257.959,70621.545,3199899:13;3199922:444;3199923:356;3199924:755;3199925:413
111592.6828,1788877893.8723,6,292.38,2068.68,2361.06,233.3,16798.6,39243.6,2374.5,8104.142,3257.978,70621.545,3199899:13;3199922:627;3199923:332;3199924:707;3199925:390
111592.7941,1788877893.9837,6,292.38,1748.38,2040.76,180.4,16520.2,39522.0,2374.5,8104.652,3257.989,70621.545,3199899:13;3199922:724;3199923:329;3199924:292;3199925:390
111592.9049,1788877894.0944,6,292.38,1777.50,2069.88,90.0,16524.5,39517.7,2374.5,8105.337,3258.001,70621.545,3199899:13;3199922:754;3199923:329;3199924:292;3199925:389
111593.0161,1788877894.2057,6,292.51,1838.19,2130.70,479.1,16469.6,39572.6,2374.5,8105.791,3258.009,70621.545,3199899:13;3199922:741;3199923:364;3199924:285;3199925:434
111593.1268,1788877894.3163,6,292.63,1831.40,2124.03,230.8,16523.6,39518.6,2374.5,8106.203,3258.018,70622.373,3199899:13;3199922:708;3199923:423;3199924:285;3199925:403
111593.2396,1788877894.4292,6,292.63,1529.81,1822.45,144.7,16380.7,39661.5,2374.5,8106.638,3258.025,70622.693,3199899:13;3199922:289;3199923:577;3199924:270;3199925:381
111593.3498,1788877894.5394,6,292.63,1593.03,1885.66,127.6,16451.6,39590.6,2374.5,8107.343,3258.040,70622.693,3199899:13;3199922:289;3199923:640;3199924:270;3199925:380
111593.4595,1788877894.6491,6,292.63,1591.92,1884.55,99.8,16467.4,39574.9,2374.5,8107.791,3258.047,70622.697,3199899:13;3199922:289;3199923:639;3199924:270;3199925:381
111593.5701,1788877894.7597,6,292.63,1485.25,1777.89,105.6,16468.2,39574.1,2374.5,8108.521,3258.059,70622.697,3199899:13;3199922:290;3199923:531;3199924:270;3199925:381
111593.6835,1788877894.8731,6,292.63,1256.93,1549.56,27.2,16260.8,39781.4,2374.5,8108.869,3258.064,70622.697,3199899:13;3199922:290;3199923:302;3199924:270;3199925:381
111593.7940,1788877894.9836,6,292.76,1254.72,1547.48,154.7,16207.3,39835.0,2374.5,8109.111,3258.076,70622.697,3199899:13;3199922:289;3199923:303;3199924:272;3199925:378
111593.9036,1788877895.0931,6,293.13,1403.40,1696.54,859.3,16348.1,39694.1,2374.5,8109.326,3258.080,70622.697,3199899:13;3199922:290;3199923:302;3199924:273;3199925:526
111594.0168,1788877895.2063,6,293.13,1647.12,1940.25,195.3,16510.0,39532.2,2374.5,8110.074,3258.096,70622.697,3199899:13;3199922:246;3199923:265;3199924:251;3199925:873
111594.1293,1788877895.3188,6,293.13,1766.96,2060.09,123.9,16487.0,39555.2,2374.5,8110.304,3258.101,70622.697,3199899:13;3199922:246;3199923:265;3199924:251;3199925:992
111594.2423,1788877895.4318,6,293.13,1887.31,2180.45,142.2,16533.7,39508.5,2374.5,8110.553,3258.109,70622.697,3199899:13;3199922:246;3199923:265;3199924:251;3199925:1113
111594.3548,1788877895.5443,6,293.13,1917.32,2210.45,115.9,16557.6,39484.6,2374.5,8110.553,3258.109,70622.697,3199899:13;3199922:246;3199923:265;3199924:251;3199925:1143
111594.4671,1788877895.6566,6,293.13,1942.05,2235.18,91.1,16585.1,39457.1,2374.5,8111.141,3258.122,70622.697,3199899:13;3199922:246;3199923:265;3199924:251;3199925:1168
111594.5768,1788877895.7663,6,293.13,1906.34,2199.47,116.2,16537.5,39504.8,2374.5,8111.234,3258.126,70622.697,3199899:13;3199922:246;3199923:265;3199924:251;3199925:1132
111594.6893,1788877895.8788,6,293.13,1930.66,2223.80,107.4,16537.5,39504.8,2374.5,8111.807,3258.138,70622.697,3199899:13;3199922:246;3199923:265;3199924:251;3199925:1156
111594.8003,1788877895.9898,6,293.13,1956.32,2249.45,107.8,16545.5,39496.8,2374.5,8112.024,3258.141,70622.697,3199899:13;3199922:246;3199923:265;3199924:251;3199925:1182
111594.9119,1788877896.1014,6,293.13,1180.06,1473.20,123.7,15932.1,40110.1,2374.5,8112.439,3258.151,70622.697,3199899:13;3199922:246;3199923:265;3199924:251;3199925:406
111595.0252,1788877896.2147,6,293.13,1078.14,1371.27,0.0,15839.7,40202.5,2374.5,8112.464,3258.152,70622.697,3199899:13;3199922:246;3199923:265;3199924:251;3199925:304
111595.1365,1788877896.3260,6,293.26,1078.14,1371.40,27.0,15835.7,40206.5,2374.5,8113.129,3258.164,70622.697,3199899:13;3199922:246;3199923:265;3199924:251;3199925:304
111595.2477,1788877896.4373,6,293.26,1078.14,1371.40,8.9,15835.7,40206.5,2374.5,8113.140,3258.165,70622.697,3199899:13;3199922:246;3199923:265;3199924:251;3199925:304
111595.3593,1788877896.5488,6,293.26,1078.39,1371.65,0.0,15835.7,40206.5,2374.5,8113.789,3258.175,70622.697,3199899:13;3199922:246;3199923:265;3199924:251;3199925:304
111595.4736,1788877896.6632,6,293.26,1078.39,1371.65,0.0,15835.7,40206.5,2374.5,8113.806,3258.176,70622.697,3199899:13;3199922:246;3199923:265;3199924:251;3199925:304
111595.5838,1788877896.7733,6,293.26,1078.46,1371.72,27.3,15837.7,40204.5,2374.5,8114.285,3258.187,70622.697,3199899:13;3199922:247;3199923:265;3199924:251;3199925:303
111595.6938,1788877896.8833,6,293.26,1073.11,1366.37,36.6,15815.0,40227.2,2374.5,8114.324,3258.188,70622.740,3199899:13;3199922:245;3199923:264;3199924:251;3199925:300
111595.8032,1788877896.9927,6,293.26,1073.11,1366.37,0.0,15803.6,40238.6,2374.5,8114.956,3258.200,70622.740,3199899:13;3199922:245;3199923:264;3199924:251;3199925:300
111595.9171,1788877897.1066,6,293.26,1073.11,1366.37,0.0,15791.0,40251.2,2374.5,8114.956,3258.201,70622.740,3199899:13;3199922:245;3199923:264;3199924:251;3199925:300
111596.0282,1788877897.2178,6,293.26,1073.23,1366.49,0.0,15791.0,40251.2,2374.5,8115.153,3258.205,70622.740,3199899:13;3199922:245;3199923:264;3199924:251;3199925:300
111596.1433,1788877897.3328,6,293.26,1073.23,1366.49,18.2,15791.5,40250.8,2374.5,8115.153,3258.205,70622.740,3199899:13;3199922:245;3199923:264;3199924:251;3199925:300
111596.2526,1788877897.4421,6,293.26,1119.71,1412.96,233.8,15848.2,40194.1,2374.5,8115.481,3258.212,70622.740,3199899:13;3199922:249;3199923:266;3199924:251;3199925:341
111596.3683,1788877897.5578,6,293.59,1336.74,1630.34,389.6,15793.8,40248.5,2374.5,8115.491,3258.212,70622.740,3199899:13;3199922:222;3199923:259;3199924:321;3199925:521
111596.4785,1788877897.6680,6,293.59,1634.66,1928.25,204.5,16102.6,39939.6,2374.5,8115.491,3258.212,70622.740,3199899:13;3199922:222;3199923:259;3199924:525;3199925:616
111596.5911,1788877897.7807,6,394.34,1576.45,1970.79,266.7,16161.8,39880.4,2374.5,8115.500,3258.213,70622.740,3199899:13;3199922:222;3199923:259;3199924:404;3199925:678
111596.7034,1788877897.8930,6,399.22,1545.11,1944.33,199.6,16199.5,39842.7,2374.5,8115.688,3258.218,70622.740,3199899:13;3199922:222;3199923:259;3199924:383;3199925:668
111596.8137,1788877898.0033,6,581.47,1546.11,2127.59,204.1,16301.6,39740.6,2374.5,8115.738,3258.219,70622.740,3199899:13;3199922:222;3199923:259;3199924:383;3199925:669
111596.9263,1788877898.1158,6,432.29,1053.81,1486.10,299.3,15934.9,40107.3,2374.5,8116.320,3258.232,70622.740,3199899:13;3199922:213;3199923:226;3199924:321;3199925:281
111597.0367,1788877898.2262,6,423.68,994.86,1418.53,222.2,16019.7,40022.6,2374.5,8116.425,3258.234,70622.740,3199899:13;3199922:212;3199923:221;3199924:318;3199925:232
111597.1492,1788877898.3388,6,560.93,994.86,1555.79,108.7,16004.4,40037.9,2374.5,8116.824,3258.243,70622.740,3199899:13;3199922:212;3199923:221;3199924:318;3199925:232
111597.2595,1788877898.4491,6,544.38,880.46,1424.85,115.0,16058.5,39983.7,2374.5,8116.825,3258.249,70622.740,3199899:13;3199922:212;3199923:221;3199924:220;3199925:215
111597.3727,1788877898.5623,6,492.94,883.25,1376.18,109.1,15733.7,40308.5,2374.5,8125.657,3266.870,70622.740,3199899:13;3199922:212;3199923:222;3199924:220;3199925:216
111597.4825,1788877898.6720,6,509.71,883.25,1392.95,104.9,15746.9,40295.3,2374.5,8125.734,3266.873,70622.740,3199899:13;3199922:212;3199923:222;3199924:220;3199925:216
111597.5970,1788877898.7865,6,485.31,860.97,1346.28,163.3,15720.2,40322.0,2374.5,8125.735,3266.887,70622.740,3199899:13;3199922:209;3199923:210;3199924:218;3199925:211
111597.7070,1788877898.8965,6,485.31,858.87,1344.18,351.0,15682.7,40359.5,2374.5,8125.764,3266.896,70622.740,3199899:13;3199922:208;3199923:209;3199924:217;3199925:211
111597.8183,1788877899.0078,5,485.31,13.00,498.31,235.5,15456.1,40586.1,2374.5,8126.003,3266.900,70622.740,3199899:13;3199923:0;3199924:0;3199925:0
