t_mono,t_wall,n_procs,client_rss_mb,workers_rss_mb,tree_rss_mb,tree_cpu_pct,sys_used_mb,sys_available_mb,swap_used_mb,net_recv_mb,net_sent_mb,disk_read_mb,workers
41.4198,1788884224.4602,2,22.98,12.24,35.22,0.0,1088.0,62165.5,0.0,155.139,0.499,302.540,1766:12
41.5233,1788884224.5638,2,22.98,12.24,35.22,0.0,1088.0,62165.4,0.0,155.139,0.499,302.540,1766:12
41.6271,1788884224.6675,2,23.27,12.24,35.51,9.6,1088.0,62165.4,0.0,155.139,0.499,302.540,1766:12
41.7306,1788884224.7711,2,36.54,12.24,48.77,96.6,1095.5,62157.9,0.0,155.139,0.499,302.540,1766:12
41.8341,1788884224.8746,2,39.65,12.24,51.89,106.3,1097.1,62156.3,0.0,155.139,0.499,302.595,1766:12
41.9380,1788884224.9785,2,52.06,12.24,64.30,350.3,1100.7,62152.8,0.0,155.139,0.499,302.739,1766:12
42.0463,1788884225.0868,2,55.61,12.24,67.85,1157.9,1104.3,62149.2,0.0,155.139,0.499,302.739,1766:12
42.1497,1788884225.1902,2,61.12,12.24,73.36,106.2,1107.4,62146.0,0.0,155.139,0.499,302.739,1766:12
42.2533,1788884225.2938,2,64.77,12.24,77.01,77.3,1110.5,62143.0,0.0,155.139,0.499,304.415,1766:12
42.3568,1788884225.3972,2,72.09,12.24,84.33,106.2,1117.2,62136.2,0.0,155.139,0.499,304.415,1766:12
42.4604,1788884225.5009,2,74.42,12.24,86.66,86.9,1117.0,62136.5,0.0,155.139,0.499,304.497,1766:12
42.5640,1788884225.6045,2,76.98,12.24,89.22,106.1,1120.5,62133.0,0.0,155.139,0.499,304.497,1766:12
42.6676,1788884225.7081,2,78.65,12.24,90.89,86.8,1119.7,62133.8,0.0,155.139,0.499,305.376,1766:12
42.7713,1788884225.8117,2,90.84,12.24,103.07,106.2,1125.4,62128.1,0.0,155.139,0.499,305.431,1766:12
42.8748,1788884225.9153,2,99.22,12.24,111.46,96.6,1136.1,62117.4,0.0,155.139,0.499,305.431,1766:12
42.9784,1788884226.0188,2,99.83,12.24,112.07,96.6,1136.0,62117.4,0.0,155.139,0.499,305.431,1766:12
43.0819,1788884226.1224,2,110.29,12.24,122.53,106.1,1143.9,62109.6,0.0,155.139,0.499,305.431,1766:12
43.1856,1788884226.2260,2,110.66,12.24,122.90,96.5,1147.7,62105.7,0.0,155.139,0.499,305.431,1766:12
43.2891,1788884226.3296,2,110.84,12.24,123.08,96.5,1147.8,62105.7,0.0,155.139,0.499,305.431,1766:12
43.3928,1788884226.4332,2,112.11,12.24,124.34,96.6,1147.4,62106.0,0.0,155.139,0.499,305.552,1766:12
43.4963,1788884226.5368,2,113.80,12.24,126.04,106.3,1147.4,62106.1,0.0,155.139,0.499,305.552,1766:12
43.5998,1788884226.6402,2,117.44,12.24,129.68,96.5,1151.3,62102.2,0.0,155.139,0.499,305.552,1766:12
43.7034,1788884226.7439,2,118.91,12.24,131.15,106.2,1151.6,62101.8,0.0,155.139,0.499,305.626,1766:12
43.8070,1788884226.8474,2,121.33,12.24,133.57,87.0,1153.3,62100.1,0.0,155.139,0.499,305.626,1766:12
43.9105,1788884226.9510,2,129.44,12.24,141.68,106.1,1165.5,62088.0,0.0,155.139,0.499,305.626,1766:12
44.0142,1788884227.0546,2,129.59,12.24,141.83,96.6,1165.5,62088.0,0.0,155.139,0.499,305.626,1766:12
44.1177,1788884227.1581,2,131.30,12.24,143.54,106.3,1165.5,62087.9,0.0,155.139,0.499,305.626,1766:12
44.2212,1788884227.2617,2,131.71,12.24,143.95,96.5,1165.5,62087.9,0.0,155.139,0.499,305.626,1766:12
44.3249,1788884227.3653,2,138.50,12.24,150.74,96.6,1165.5,62087.9,0.0,155.139,0.499,305.626,1766:12
44.4284,1788884227.4689,2,144.47,12.24,156.71,106.2,1166.7,62086.7,0.0,155.139,0.499,305.626,1766:12
44.5320,1788884227.5724,2,171.30,12.24,183.54,96.5,1175.4,62078.0,0.0,155.139,0.499,305.626,1766:12
44.6356,1788884227.6760,2,177.25,12.24,189.49,96.6,1176.2,62077.3,0.0,155.139,0.499,305.817,1766:12
44.7391,1788884227.7796,2,179.39,12.24,191.63,96.6,1179.3,62074.2,0.0,155.139,0.499,305.817,1766:12
44.8426,1788884227.8831,2,180.69,12.24,192.93,29.0,1178.9,62074.5,0.0,155.145,0.501,305.817,1766:12
44.9462,1788884227.9867,2,229.40,12.24,241.64,38.6,1186.8,62066.6,0.0,155.285,0.502,305.821,1766:12
45.0497,1788884228.0902,3,232.75,44.08,276.83,0.0,1200.2,62053.2,0.0,155.285,0.502,305.821,1766:12;1792:32
45.1540,1788884228.1945,3,232.75,69.30,302.05,963.7,1212.8,62040.6,0.0,155.285,0.502,305.821,1766:12;1792:57
45.2625,1788884228.3030,3,232.75,89.14,321.89,529.3,1227.8,62025.6,0.0,155.285,0.502,305.821,1766:12;1792:77
45.3663,1788884228.4067,3,232.75,107.02,339.77,96.5,1244.8,62008.7,0.0,155.285,0.502,305.821,1766:12;1792:95
45.4699,1788884228.5103,3,236.81,114.68,351.49,96.3,1250.9,62002.5,0.0,155.285,0.503,305.821,1766:12;1792:102
45.5737,1788884228.6141,3,236.81,114.68,351.50,38.5,1250.9,62002.6,0.0,155.292,0.504,305.821,1766:12;1792:102
45.6776,1788884228.7180,3,237.64,114.68,352.33,48.1,1251.0,62002.5,0.0,155.292,0.505,305.821,1766:12;1792:102
45.7814,1788884228.8219,3,238.36,114.68,353.04,9.6,1250.9,62002.5,0.0,155.302,0.506,305.841,1766:12;1792:102
45.8852,1788884228.9257,3,239.16,114.68,353.85,19.3,1250.9,62002.5,0.0,155.313,0.507,305.841,1766:12;1792:102
45.9888,1788884229.0292,3,240.80,114.68,355.48,19.3,1250.9,62002.5,0.0,155.334,0.508,305.841,1766:12;1792:102
46.0923,1788884229.1328,3,241.62,114.68,356.31,9.7,1251.7,62001.8,0.0,155.344,0.509,305.841,1766:12;1792:102
46.1959,1788884229.2364,3,242.44,114.68,357.12,9.6,1252.4,62001.1,0.0,155.355,0.510,305.841,1766:12;1792:102
46.2998,1788884229.3402,3,243.25,114.68,357.93,9.6,1253.1,62000.3,0.0,155.366,0.511,305.841,1766:12;1792:102
46.4035,1788884229.4440,3,244.08,114.68,358.77,9.6,1253.9,61999.6,0.0,155.376,0.511,305.841,1766:12;1792:102
46.5073,1788884229.5478,3,244.89,114.69,359.59,19.3,1254.6,61998.8,0.0,155.387,0.512,305.841,1766:12;1792:102
46.6110,1788884229.6515,3,245.71,114.69,360.40,9.6,1255.4,61998.1,0.0,155.397,0.513,305.841,1766:12;1792:102
46.7147,1788884229.7552,3,246.52,114.69,361.21,19.3,1257.1,61996.4,0.0,155.408,0.514,305.841,1766:12;1792:102
46.8186,1788884229.8590,3,248.12,114.69,362.82,19.3,1257.5,61996.0,0.0,155.428,0.515,305.841,1766:12;1792:102
46.9222,1788884229.9627,3,248.96,114.69,363.65,9.6,1259.5,61993.9,0.0,155.439,0.516,305.841,1766:12;1792:102
47.0259,1788884230.0663,3,249.78,114.69,364.47,19.3,1259.5,61993.9,0.0,155.449,0.517,305.841,1766:12;1792:102
47.1298,1788884230.1703,3,250.59,114.69,365.28,9.6,1259.5,61993.9,0.0,155.460,0.518,305.841,1766:12;1792:102
47.2336,1788884230.2740,3,251.40,114.69,366.09,48.1,1259.5,61993.9,0.0,155.470,0.518,305.841,1766:12;1792:102
47.3375,1788884230.3779,3,252.15,114.69,366.84,9.6,1259.5,61993.9,0.0,155.481,0.519,305.841,1766:12;1792:102
47.4413,1788884230.4817,3,252.96,114.69,367.65,19.3,1259.5,61993.9,0.0,155.492,0.520,305.841,1766:12;1792:102
47.5449,1788884230.5854,3,253.77,114.69,368.46,9.7,1259.5,61993.9,0.0,155.502,0.521,305.841,1766:12;1792:102
47.6484,1788884230.6889,3,254.58,114.69,369.27,9.7,1259.5,61993.9,0.0,155.512,0.522,305.841,1766:12;1792:102
47.7519,1788884230.7924,3,255.39,114.69,370.08,9.7,1259.5,61993.9,0.0,155.523,0.522,305.841,1766:12;1792:102
47.8554,1788884230.8959,3,256.21,114.69,370.90,9.7,1259.8,61993.7,0.0,155.533,0.523,305.841,1766:12;1792:102
47.9589,1788884230.9993,3,257.02,114.69,371.71,9.7,1259.8,61993.7,0.0,155.543,0.524,305.841,1766:12;1792:102
48.0624,1788884231.1028,3,257.84,114.69,372.53,19.3,1260.5,61993.0,0.0,155.554,0.525,305.841,1766:12;1792:102
48.1660,1788884231.2065,3,258.64,114.69,373.34,9.6,1261.3,61992.2,0.0,155.564,0.526,305.841,1766:12;1792:102
48.2698,1788884231.3103,3,260.20,114.69,374.89,19.3,1263.0,61990.5,0.0,155.585,0.527,305.841,1766:12;1792:102
48.3737,1788884231.4141,3,261.09,114.69,375.78,19.3,1263.7,61989.8,0.0,155.596,0.528,305.841,1766:12;1792:102
48.4774,1788884231.5179,3,261.09,114.70,375.78,0.0,1263.7,61989.8,0.0,155.596,0.528,305.841,1766:12;1792:102
48.5811,1788884231.6216,3,262.67,114.70,377.37,19.3,1265.4,61988.0,0.0,155.616,0.529,305.841,1766:12;1792:102
48.6850,1788884231.7255,3,263.52,114.70,378.22,9.6,1266.2,61987.3,0.0,155.627,0.530,305.841,1766:12;1792:102
48.7887,1788884231.8291,3,264.34,114.70,379.03,19.2,1267.9,61985.6,0.0,155.637,0.531,305.841,1766:12;1792:102
48.8925,1788884231.9329,3,265.14,114.70,379.84,19.3,1267.9,61985.6,0.0,155.647,0.532,305.841,1766:12;1792:102
48.9961,1788884232.0366,3,265.96,114.70,380.66,9.7,1268.6,61984.8,0.0,155.658,0.533,305.841,1766:12;1792:102
49.0997,1788884232.1401,3,266.77,114.70,381.47,9.7,1269.4,61984.1,0.0,155.668,0.534,305.841,1766:12;1792:102
49.2033,1788884232.2437,3,267.59,114.70,382.28,9.6,1271.1,61982.4,0.0,155.678,0.534,305.841,1766:12;1792:102
49.3071,1788884232.3476,3,268.41,114.70,383.10,9.6,1271.1,61982.4,0.0,155.689,0.535,305.841,1766:12;1792:102
49.4109,1788884232.4513,3,269.23,114.70,383.93,9.6,1271.8,61981.6,0.0,155.699,0.536,305.841,1766:12;1792:102
49.5146,1788884232.5550,3,270.03,114.70,384.72,19.3,1273.6,61979.9,0.0,155.710,0.537,305.841,1766:12;1792:102
49.6183,1788884232.6588,3,270.84,114.70,385.54,9.6,1273.6,61979.9,0.0,155.720,0.537,305.841,1766:12;1792:102
49.7220,1788884232.7625,3,271.66,114.70,386.36,9.6,1274.3,61979.2,0.0,155.730,0.538,305.841,1766:12;1792:102
49.8257,1788884232.8661,3,272.44,114.70,387.13,86.8,1275.9,61977.6,0.0,155.741,0.538,305.841,1766:12;1792:102
49.9294,1788884232.9699,3,273.28,114.70,387.98,28.9,1276.0,61977.4,0.0,155.751,0.540,305.841,1766:12;1792:102
50.0331,1788884233.0736,3,274.10,114.70,388.80,9.6,1276.8,61976.7,0.0,155.761,0.540,305.841,1766:12;1792:102
50.1368,1788884233.1773,3,274.91,114.70,389.61,9.6,1277.5,61976.0,0.0,155.772,0.541,305.841,1766:12;1792:102
50.2406,1788884233.2811,3,275.73,114.70,390.42,19.3,1279.2,61974.2,0.0,155.782,0.542,305.841,1766:12;1792:102
50.3443,1788884233.3848,3,276.54,114.70,391.24,9.6,1279.6,61973.9,0.0,155.793,0.543,305.841,1766:12;1792:102
50.4482,1788884233.4887,3,277.35,114.70,392.05,9.6,1280.7,61972.7,0.0,155.803,0.544,305.841,1766:12;1792:102
50.5521,1788884233.5925,3,278.16,114.70,392.86,9.6,1282.5,61971.0,0.0,155.815,0.546,305.841,1766:12;1792:102
50.6558,1788884233.6962,3,278.98,114.70,393.68,9.6,1282.5,61971.0,0.0,155.825,0.546,305.841,1766:12;1792:102
50.7595,1788884233.8000,3,280.61,114.70,395.30,28.9,1284.8,61968.7,0.0,155.847,0.550,305.841,1766:12;1792:102
50.8632,1788884233.9037,3,280.61,114.70,395.30,0.0,1284.9,61968.5,0.0,155.847,0.550,305.841,1766:12;1792:102
50.9670,1788884234.0075,3,281.42,114.70,396.11,9.6,1284.9,61968.5,0.0,155.858,0.550,305.841,1766:12;1792:102
51.0707,1788884234.1112,3,282.23,114.70,396.93,9.6,1285.9,61967.6,0.0,155.868,0.551,305.841,1766:12;1792:102
51.1744,1788884234.2149,3,283.04,114.70,397.74,9.6,1286.6,61966.9,0.0,155.878,0.552,305.841,1766:12;1792:102
51.2782,1788884234.3186,3,283.86,114.70,398.55,9.6,1288.8,61964.7,0.0,155.889,0.553,305.841,1766:12;1792:102
51.3819,1788884234.4223,3,284.67,114.70,399.37,19.3,1290.8,61962.7,0.0,155.911,0.556,305.841,1766:12;1792:102
51.4858,1788884234.5263,3,286.24,114.70,400.94,9.6,1293.5,61959.9,0.0,155.921,0.556,305.841,1766:12;1792:102
51.5895,1788884234.6300,3,286.29,114.70,400.99,9.6,1296.5,61956.9,0.0,155.922,0.557,305.841,1766:12;1792:102
51.6934,1788884234.7339,3,287.91,114.70,402.61,19.2,1296.9,61956.5,0.0,155.943,0.559,305.841,1766:12;1792:102
51.7973,1788884234.8378,3,288.73,114.70,403.43,19.3,1299.0,61954.5,0.0,155.953,0.560,305.841,1766:12;1792:102
51.9011,1788884234.9415,3,289.54,114.70,404.24,9.6,1299.0,61954.5,0.0,155.964,0.561,305.841,1766:12;1792:102
52.0049,1788884235.0454,3,290.36,114.70,405.06,9.6,1299.7,61953.7,0.0,155.974,0.562,305.841,1766:12;1792:102
52.1087,1788884235.1492,3,291.17,114.70,405.87,9.6,1300.7,61952.8,0.0,155.985,0.563,305.841,1766:12;1792:102
52.2125,1788884235.2530,3,292.73,114.70,407.43,19.3,1302.4,61951.0,0.0,156.006,0.564,305.841,1766:12;1792:102
52.3162,1788884235.3567,3,293.60,114.70,408.30,19.3,1303.2,61950.3,0.0,156.016,0.565,305.841,1766:12;1792:102
52.4200,1788884235.4605,3,294.35,114.70,409.05,38.5,1304.8,61948.7,0.0,156.026,0.565,305.841,1766:12;1792:102
52.5238,1788884235.5642,3,294.42,114.70,409.12,57.8,1304.9,61948.6,0.0,156.026,0.566,305.841,1766:12;1792:102
52.6275,1788884235.6680,3,295.29,114.70,410.00,19.3,1304.9,61948.6,0.0,156.041,0.568,305.841,1766:12;1792:102
52.7312,1788884235.7717,3,295.77,114.70,410.48,57.9,1304.9,61948.6,0.0,156.042,0.568,305.841,1766:12;1792:102
52.8348,1788884235.8752,3,296.34,114.70,411.04,96.4,1305.3,61948.2,0.0,156.042,0.568,305.841,1766:12;1792:102
52.9385,1788884235.9790,3,297.00,114.70,411.70,96.5,1306.5,61947.0,0.0,156.042,0.568,305.841,1766:12;1792:102
53.0421,1788884236.0826,3,297.67,114.70,412.38,106.1,1306.9,61946.6,0.0,156.042,0.568,305.841,1766:12;1792:102
53.1457,1788884236.1862,3,298.34,114.70,413.05,96.4,1307.9,61945.6,0.0,156.042,0.568,305.841,1766:12;1792:102
53.2495,1788884236.2899,3,301.43,114.70,416.14,96.4,1309.9,61943.6,0.0,156.042,0.568,305.841,1766:12;1792:102
53.3533,1788884236.3937,3,301.49,114.70,416.19,106.0,1309.9,61943.6,0.0,156.042,0.568,305.841,1766:12;1792:102
53.4570,1788884236.4975,3,301.53,114.70,416.23,106.0,1309.9,61943.6,0.0,156.042,0.568,305.841,1766:12;1792:102
53.5607,1788884236.6012,3,301.58,114.70,416.29,96.5,1310.1,61943.4,0.0,156.042,0.568,305.841,1766:12;1792:102
53.6644,1788884236.7048,3,301.61,114.70,416.31,106.2,1310.1,61943.4,0.0,156.042,0.568,305.841,1766:12;1792:102
53.7679,1788884236.8084,3,301.62,114.70,416.33,96.7,1310.1,61943.4,0.0,156.042,0.568,305.841,1766:12;1792:102
53.8713,1788884236.9118,3,301.66,114.70,416.36,106.4,1310.1,61943.4,0.0,156.042,0.568,305.841,1766:12;1792:102
53.9747,1788884237.0152,3,301.68,114.70,416.39,96.5,1310.1,61943.4,0.0,156.042,0.568,305.841,1766:12;1792:102
54.0784,1788884237.1189,3,301.92,114.70,416.62,96.5,1310.1,61943.4,0.0,156.042,0.568,305.841,1766:12;1792:102
54.1820,1788884237.2225,3,301.94,114.70,416.64,106.3,1310.1,61943.4,0.0,156.042,0.568,305.841,1766:12;1792:102
54.2855,1788884237.3260,3,301.96,114.70,416.67,96.7,1310.1,61943.4,0.0,156.042,0.568,305.841,1766:12;1792:102
54.3890,1788884237.4294,3,301.99,114.70,416.69,96.4,1310.1,61943.4,0.0,156.042,0.568,305.841,1766:12;1792:102
54.4928,1788884237.5332,3,302.01,114.70,416.71,106.1,1310.1,61943.4,0.0,156.042,0.568,305.841,1766:12;1792:102
54.5964,1788884237.6369,3,302.03,114.70,416.73,96.5,1310.1,61943.4,0.0,156.042,0.568,305.841,1766:12;1792:102
54.7000,1788884237.7404,3,302.05,114.70,416.76,106.3,1310.1,61943.4,0.0,156.042,0.568,305.841,1766:12;1792:102
54.8035,1788884237.8439,3,302.07,114.70,416.78,96.4,1310.1,61943.4,0.0,156.042,0.568,305.841,1766:12;1792:102
54.9072,1788884237.9477,3,302.10,114.70,416.80,96.4,1310.1,61943.4,0.0,156.042,0.568,305.841,1766:12;1792:102
55.0109,1788884238.0513,3,302.13,114.70,416.83,115.9,1310.1,61943.4,0.0,156.042,0.568,305.841,1766:12;1792:102
55.1145,1788884238.1549,3,302.16,114.70,416.86,96.6,1310.1,61943.4,0.0,156.042,0.568,305.841,1766:12;1792:102
55.2179,1788884238.2584,3,302.18,114.70,416.88,96.7,1310.1,61943.4,0.0,156.042,0.568,305.841,1766:12;1792:102
55.3214,1788884238.3619,3,302.20,114.70,416.91,106.4,1310.1,61943.4,0.0,156.042,0.568,305.841,1766:12;1792:102
55.4248,1788884238.4653,3,302.25,114.70,416.95,96.4,1310.1,61943.4,0.0,156.042,0.568,305.841,1766:12;1792:102
55.5286,1788884238.5690,3,302.29,114.70,416.99,96.5,1310.1,61943.4,0.0,156.042,0.568,305.841,1766:12;1792:102
55.6322,1788884238.6726,3,302.42,114.70,417.12,106.0,1310.1,61943.4,0.0,156.042,0.568,305.841,1766:12;1792:102
55.7359,1788884238.7764,3,302.44,114.70,417.14,96.5,1310.1,61943.4,0.0,156.042,0.568,305.841,1766:12;1792:102
55.8395,1788884238.8799,3,302.46,114.70,417.16,106.3,1310.1,61943.4,0.0,156.042,0.568,305.841,1766:12;1792:102
55.9430,1788884238.9834,3,302.48,114.70,417.18,96.4,1310.1,61943.4,0.0,156.042,0.568,305.841,1766:12;1792:102
56.0467,1788884239.0872,3,302.48,114.70,417.18,96.5,1310.3,61943.2,0.0,156.042,0.568,305.841,1766:12;1792:102
56.1503,1788884239.1907,3,302.50,114.70,417.20,106.2,1310.3,61943.2,0.0,156.042,0.568,305.841,1766:12;1792:102
56.2539,1788884239.2943,3,302.52,114.70,417.22,96.6,1310.3,61943.2,0.0,156.042,0.568,305.841,1766:12;1792:102
56.3574,1788884239.3979,3,302.52,114.70,417.23,96.4,1308.9,61944.5,0.0,156.042,0.568,305.841,1766:12;1792:102
56.4612,1788884239.5017,3,302.57,114.70,417.27,106.0,1308.9,61944.5,0.0,156.042,0.568,305.841,1766:12;1792:102
56.5650,1788884239.6054,3,302.58,114.70,417.29,96.4,1308.9,61944.5,0.0,156.042,0.568,305.841,1766:12;1792:102
56.6687,1788884239.7092,3,302.60,114.70,417.30,106.2,1308.9,61944.5,0.0,156.042,0.568,305.841,1766:12;1792:102
56.7723,1788884239.8128,3,302.64,114.70,417.34,96.6,1308.9,61944.5,0.0,156.042,0.568,305.841,1766:12;1792:102
56.8758,1788884239.9163,3,302.65,114.70,417.36,96.6,1308.9,61944.5,0.0,156.042,0.568,305.841,1766:12;1792:102
56.9794,1788884240.0199,3,302.68,114.70,417.38,106.2,1308.9,61944.5,0.0,156.042,0.568,305.841,1766:12;1792:102
57.0829,1788884240.1234,3,302.71,114.70,417.41,96.6,1309.2,61944.3,0.0,156.042,0.568,305.841,1766:12;1792:102
57.1865,1788884240.2270,3,302.73,114.70,417.44,96.5,1309.2,61944.3,0.0,156.042,0.568,305.841,1766:12;1792:102
57.2900,1788884240.3305,3,302.75,114.70,417.45,106.2,1309.2,61944.3,0.0,156.042,0.568,305.841,1766:12;1792:102
57.3936,1788884240.4341,3,302.79,114.70,417.49,96.6,1309.2,61944.3,0.0,156.042,0.568,305.841,1766:12;1792:102
57.4972,1788884240.5377,3,302.81,114.71,417.52,106.1,1309.2,61944.3,0.0,156.042,0.568,305.841,1766:12;1792:102
57.6009,1788884240.6414,3,302.84,114.71,417.54,96.5,1309.2,61944.3,0.0,156.042,0.568,305.841,1766:12;1792:102
57.7046,1788884240.7450,3,302.87,114.71,417.57,96.5,1309.2,61944.3,0.0,156.042,0.568,305.841,1766:12;1792:102
57.8082,1788884240.8486,3,302.90,114.71,417.61,106.1,1309.2,61944.3,0.0,156.042,0.568,305.841,1766:12;1792:102
57.9119,1788884240.9523,3,302.92,114.71,417.63,96.4,1309.2,61944.3,0.0,156.042,0.568,305.841,1766:12;1792:102
58.0156,1788884241.0560,3,302.94,114.71,417.65,96.5,1309.4,61944.0,0.0,156.042,0.568,305.841,1766:12;1792:102
58.1192,1788884241.1597,3,302.98,114.71,417.69,106.1,1309.4,61944.0,0.0,156.042,0.568,305.841,1766:12;1792:102
58.2229,1788884241.2634,3,303.30,114.71,418.00,96.5,1309.4,61944.0,0.0,156.042,0.568,305.841,1766:12;1792:102
58.3265,1788884241.3670,3,303.30,114.71,418.00,96.5,1309.4,61944.0,0.0,156.042,0.568,305.841,1766:12;1792:102
58.4301,1788884241.4706,3,303.32,114.71,418.02,106.0,1309.4,61944.0,0.0,156.042,0.568,305.841,1766:12;1792:102
58.5339,1788884241.5743,3,303.33,114.71,418.04,96.5,1309.4,61944.0,0.0,156.042,0.568,305.841,1766:12;1792:102
58.6375,1788884241.6779,3,303.34,114.71,418.05,106.1,1309.4,61944.0,0.0,156.042,0.568,305.841,1766:12;1792:102
58.7412,1788884241.7817,3,307.30,114.71,422.01,106.0,1316.9,61936.5,0.0,156.042,0.568,305.841,1766:12;1792:102
58.8449,1788884241.8854,3,307.30,114.71,422.01,96.5,1316.9,61936.5,0.0,156.042,0.568,305.841,1766:12;1792:102
58.9486,1788884241.9891,3,317.83,114.71,432.54,96.4,1324.4,61929.0,0.0,156.042,0.568,305.841,1766:12;1792:102
59.0524,1788884242.0928,3,317.88,114.71,432.59,96.4,1324.7,61928.8,0.0,156.042,0.568,305.841,1766:12;1792:102
59.1560,1788884242.1965,3,327.48,114.71,442.18,115.8,1340.1,61913.4,0.0,156.042,0.568,305.841,1766:12;1792:102
59.2596,1788884242.3001,3,339.21,114.71,453.92,96.5,1348.0,61905.5,0.0,156.042,0.568,305.841,1766:12;1792:102
59.3632,1788884242.4037,3,344.31,114.71,459.02,96.5,1349.5,61903.9,0.0,156.042,0.568,305.841,1766:12;1792:102
59.4668,1788884242.5073,3,344.31,114.71,459.02,96.4,1349.5,61903.9,0.0,156.042,0.568,305.841,1766:12;1792:102
59.5706,1788884242.6111,3,346.89,114.71,461.60,96.5,1353.1,61900.4,0.0,156.042,0.568,305.841,1766:12;1792:102
59.6742,1788884242.7147,3,353.17,114.71,467.88,106.1,1361.0,61892.5,0.0,156.042,0.568,305.841,1766:12;1792:102
59.7779,1788884242.8184,3,357.31,114.71,472.02,96.5,1362.6,61890.9,0.0,156.042,0.568,305.841,1766:12;1792:102
59.8815,1788884242.9220,3,365.47,114.71,480.18,96.5,1372.4,61881.0,0.0,156.042,0.568,305.841,1766:12;1792:102
59.9851,1788884243.0256,3,368.34,114.71,483.05,106.2,1374.0,61879.5,0.0,156.042,0.568,305.841,1766:12;1792:102
60.0887,1788884243.1291,3,369.38,114.71,484.09,106.2,1374.1,61879.3,0.0,156.042,0.568,305.841,1766:12;1792:102
60.1923,1788884243.2327,3,369.38,114.71,484.09,96.5,1374.1,61879.3,0.0,156.042,0.568,305.841,1766:12;1792:102
60.2959,1788884243.3364,3,369.38,114.71,484.09,106.2,1371.9,61881.5,0.0,156.042,0.568,305.841,1766:12;1792:102
60.3996,1788884243.4400,3,385.80,114.71,500.51,96.5,1388.7,61864.8,0.0,156.042,0.568,305.841,1766:12;1792:102
60.5032,1788884243.5437,3,382.73,114.71,497.44,96.5,1398.6,61854.9,0.0,156.042,0.568,305.841,1766:12;1792:102
60.6068,1788884243.6472,3,386.85,114.71,501.56,96.4,1398.6,61854.9,0.0,156.042,0.568,305.841,1766:12;1792:102
60.7105,1788884243.7510,3,380.16,114.71,494.88,106.1,1398.6,61854.9,0.0,156.042,0.568,305.841,1766:12;1792:102
60.8141,1788884243.8546,3,384.16,114.71,498.88,96.5,1398.6,61854.9,0.0,156.042,0.568,305.841,1766:12;1792:102
60.9177,1788884243.9582,3,384.16,114.71,498.88,96.4,1398.6,61854.9,0.0,156.042,0.568,305.841,1766:12;1792:102
61.0215,1788884244.0619,3,384.17,114.71,498.88,106.0,1398.9,61854.6,0.0,156.042,0.568,305.841,1766:12;1792:102
61.1253,1788884244.1657,3,383.16,114.71,497.88,106.0,1398.9,61854.6,0.0,156.042,0.568,305.841,1766:12;1792:102
61.2289,1788884244.2694,3,380.77,114.71,495.48,96.5,1398.9,61854.6,0.0,156.042,0.568,305.841,1766:12;1792:102
61.3325,1788884244.3730,3,386.17,114.71,500.88,106.2,1398.9,61854.6,0.0,156.042,0.568,305.841,1766:12;1792:102
61.4361,1788884244.4766,3,386.14,114.71,500.85,96.4,1398.9,61854.6,0.0,156.042,0.568,305.841,1766:12;1792:102
61.5398,1788884244.5803,3,398.51,114.71,513.22,106.1,1400.4,61853.0,0.0,156.042,0.568,305.841,1766:12;1792:102
61.6435,1788884244.6840,3,398.82,114.71,513.53,96.5,1400.4,61853.0,0.0,156.042,0.568,305.841,1766:12;1792:102
61.7472,1788884244.7876,3,401.09,114.71,515.80,106.0,1402.0,61851.5,0.0,156.042,0.568,305.841,1766:12;1792:102
61.8509,1788884244.8913,3,401.09,114.71,515.80,106.1,1402.0,61851.5,0.0,156.042,0.568,305.841,1766:12;1792:102
61.9546,1788884244.9950,3,401.18,114.71,515.89,96.5,1402.2,61851.3,0.0,156.042,0.568,305.841,1766:12;1792:102
62.0582,1788884245.0987,3,419.10,114.71,533.81,96.4,1431.7,61821.8,0.0,156.042,0.568,305.841,1766:12;1792:102
62.1619,1788884245.2024,3,425.38,114.71,540.09,96.4,1431.6,61821.9,0.0,156.042,0.568,305.841,1766:12;1792:102
62.2656,1788884245.3061,3,409.41,114.71,524.12,96.5,1431.6,61821.9,0.0,156.042,0.568,305.841,1766:12;1792:102
62.3693,1788884245.4098,3,409.42,114.71,524.13,106.1,1431.6,61821.9,0.0,156.042,0.568,305.841,1766:12;1792:102
62.4729,1788884245.5134,3,409.99,114.71,524.70,96.5,1431.6,61821.9,0.0,156.042,0.568,305.841,1766:12;1792:102
62.5766,1788884245.6170,3,412.62,114.71,527.34,106.0,1431.6,61821.9,0.0,156.042,0.568,305.841,1766:12;1792:102
62.6803,1788884245.7208,3,417.06,114.71,531.77,96.4,1431.6,61821.9,0.0,156.042,0.568,305.841,1766:12;1792:102
62.7840,1788884245.8245,3,424.90,114.71,539.61,96.5,1431.6,61821.9,0.0,156.042,0.568,305.841,1766:12;1792:102
62.8877,1788884245.9282,3,436.14,114.71,550.85,106.1,1447.0,61806.5,0.0,156.042,0.568,305.841,1766:12;1792:102
62.9913,1788884246.0318,3,431.20,114.71,545.91,96.5,1447.2,61806.2,0.0,156.042,0.568,305.841,1766:12;1792:102
63.0949,1788884246.1354,3,432.19,114.71,546.90,96.5,1447.2,61806.2,0.0,156.042,0.568,305.841,1766:12;1792:102
63.1985,1788884246.2390,3,435.36,114.71,550.07,106.2,1447.2,61806.2,0.0,156.042,0.568,305.841,1766:12;1792:102
63.3021,1788884246.3425,3,437.77,114.71,552.48,96.6,1447.2,61806.2,0.0,156.042,0.568,305.841,1766:12;1792:102
63.4056,1788884246.4461,3,439.71,114.71,554.42,106.2,1447.2,61806.2,0.0,156.042,0.568,305.841,1766:12;1792:102
63.5092,1788884246.5496,3,442.18,114.71,556.89,106.2,1447.2,61806.2,0.0,156.042,0.568,305.841,1766:12;1792:102
63.6128,1788884246.6532,3,485.77,114.71,600.48,86.8,1494.2,61759.3,0.0,156.042,0.568,305.841,1766:12;1792:102
63.7165,1788884246.7570,3,585.54,114.71,700.26,106.1,1588.5,61665.0,0.0,156.042,0.568,305.841,1766:12;1792:102
63.8201,1788884246.8606,3,585.84,114.71,700.56,212.3,1618.7,61634.7,0.0,156.042,0.568,305.841,1766:12;1792:102
63.9237,1788884246.9642,3,575.27,114.71,689.99,135.0,1696.5,61557.0,0.0,156.042,0.568,305.841,1766:12;1792:102
64.0275,1788884247.0679,3,562.31,114.71,677.02,96.4,1704.3,61549.1,0.0,156.042,0.568,305.841,1766:12;1792:102
64.1312,1788884247.1716,3,567.38,114.71,682.09,106.0,1704.3,61549.1,0.0,156.042,0.568,305.841,1766:12;1792:102
64.2349,1788884247.2753,3,572.04,139.76,711.80,106.1,1714.4,61539.0,0.0,156.042,0.568,305.841,1766:12;1792:128
64.3387,1788884247.3791,3,572.04,169.65,741.69,106.1,1718.2,61535.2,0.0,156.042,0.568,305.841,1766:12;1792:157
64.4423,1788884247.4828,3,572.21,294.00,866.22,406.4,1817.4,61436.1,0.0,156.506,0.707,305.845,1766:12;1792:282
64.5482,1788884247.5887,3,572.21,314.17,886.39,105.8,1823.5,61430.0,0.0,157.184,0.710,305.845,1766:12;1792:302
64.6522,1788884247.6927,3,572.21,325.16,897.38,115.5,1828.3,61425.2,0.0,157.184,0.710,305.845,1766:12;1792:313
64.7560,1788884247.7965,3,572.24,337.12,909.36,133.8,1832.2,61421.3,0.0,157.184,0.710,305.845,1766:12;1792:325
64.8609,1788884247.9014,3,572.24,345.03,917.27,124.7,1835.2,61418.3,0.0,157.184,0.710,305.845,1766:12;1792:333
64.9649,1788884248.0054,3,572.24,359.30,931.54,153.9,1839.8,61413.6,0.0,157.230,0.737,305.845,1766:12;1792:347
65.0689,1788884248.1093,3,572.24,416.21,988.45,308.1,1900.6,61352.9,0.0,157.803,0.959,305.845,1766:12;1792:404
65.1727,1788884248.2132,3,572.25,460.32,1032.57,515.1,1990.8,61262.6,0.0,166.570,1.225,305.845,1766:12;1792:448
65.2779,1788884248.3183,3,572.25,499.69,1071.94,643.0,2035.2,61218.3,0.0,170.178,1.380,305.845,1766:12;1792:487
65.3818,1788884248.4222,3,572.26,520.13,1092.39,471.2,2087.3,61166.2,0.0,170.750,1.560,305.845,1766:12;1792:508
65.4858,1788884248.5263,3,572.25,548.09,1120.34,500.2,2118.7,61134.7,0.0,174.479,1.714,305.845,1766:12;1792:536
65.5897,1788884248.6302,3,572.25,602.17,1174.42,477.3,2164.5,61089.0,0.0,181.393,1.878,305.845,1766:12;1792:590
65.6945,1788884248.7350,3,572.25,602.66,1174.91,576.9,2192.2,61061.3,0.0,184.286,2.012,305.845,1766:12;1792:590
65.7986,1788884248.8390,3,572.25,631.27,1203.52,400.7,2227.1,61026.4,0.0,189.515,2.181,305.845,1766:12;1792:619
65.9036,1788884248.9441,3,572.25,654.82,1227.07,646.9,2273.2,60980.3,0.0,196.834,2.358,305.845,1766:12;1792:643
66.0085,1788884249.0489,3,572.25,687.55,1259.80,384.6,2305.0,60948.4,0.0,197.717,2.511,305.845,1766:12;1792:675
66.1124,1788884249.1529,3,572.25,710.48,1282.73,324.8,2321.8,60931.7,0.0,200.540,2.692,305.845,1766:12;1792:698
66.2172,1788884249.2576,3,572.25,749.09,1321.34,981.4,2378.9,60874.6,0.0,210.160,2.850,305.845,1766:12;1792:737
66.3233,1788884249.3638,3,572.25,763.55,1335.80,404.4,2396.8,60856.6,0.0,210.880,2.977,305.845,1766:12;1792:751
66.4296,1788884249.4701,3,572.25,796.43,1368.68,355.4,2400.9,60852.6,0.0,211.637,3.167,305.845,1766:12;1792:784
66.5336,1788884249.5741,3,572.25,851.52,1423.77,764.5,2448.7,60804.8,0.0,222.836,3.341,305.845,1766:12;1792:839
66.6382,1788884249.6787,3,572.25,839.16,1411.41,461.9,2468.8,60784.7,0.0,223.611,3.476,305.845,1766:12;1792:827
66.7421,1788884249.7826,3,572.25,866.85,1439.10,365.2,2469.0,60784.5,0.0,224.445,3.631,305.845,1766:12;1792:855
66.8462,1788884249.8866,3,572.26,890.81,1463.07,500.8,2505.1,60748.4,0.0,234.097,3.758,305.845,1766:12;1792:879
66.9500,1788884249.9905,3,572.27,905.32,1477.59,415.8,2525.0,60728.5,0.0,239.071,3.850,305.845,1766:12;1792:893
67.0560,1788884250.0965,3,572.27,933.16,1505.42,415.4,2535.6,60717.8,0.0,242.542,3.988,305.845,1766:12;1792:921
67.1619,1788884250.2024,3,572.27,980.77,1553.03,686.9,2571.3,60682.2,0.0,260.136,4.162,305.845,1766:12;1792:969
67.2683,1788884250.3087,3,572.27,992.39,1564.65,475.3,2606.5,60647.0,0.0,265.721,4.295,305.845,1766:12;1792:980
67.3732,1788884250.4137,3,572.27,1055.52,1627.79,425.0,2634.9,60618.5,0.0,277.760,4.502,305.845,1766:12;1792:1043
67.4793,1788884250.5198,3,572.27,1058.64,1630.90,736.9,2681.6,60571.9,0.0,290.281,4.681,305.845,1766:12;1792:1046
67.5851,1788884250.6256,3,572.27,1070.09,1642.36,472.6,2703.1,60550.3,0.0,293.813,4.803,305.845,1766:12;1792:1058
67.6910,1788884250.7314,3,572.27,1111.02,1683.29,339.4,2719.1,60534.4,0.0,301.971,4.971,305.845,1766:12;1792:1099
67.7970,1788884250.8375,3,572.27,1134.34,1706.60,797.2,2745.7,60507.7,0.0,317.614,5.166,305.845,1766:12;1792:1122
67.9009,1788884250.9413,3,572.27,1132.61,1704.88,447.0,2750.0,60503.5,0.0,320.743,5.304,305.845,1766:12;1792:1120
68.0060,1788884251.0465,3,572.27,1176.25,1748.51,501.1,2766.1,60487.3,0.0,330.246,5.460,305.845,1766:12;1792:1164
68.1120,1788884251.1525,3,572.27,1201.22,1773.49,553.6,2806.9,60446.6,0.0,343.873,5.622,305.845,1766:12;1792:1189
68.2166,1788884251.2571,3,572.29,1470.74,2043.02,575.5,3055.6,60197.9,0.0,349.805,5.721,305.845,1766:12;1792:1458
68.3209,1788884251.3613,3,572.29,1562.59,2134.88,911.2,3150.5,60102.9,0.0,359.789,5.844,305.845,1766:12;1792:1550
68.4289,1788884251.4693,3,572.30,1472.64,2044.94,450.3,3019.8,60233.7,0.0,362.924,5.955,305.845,1766:12;1792:1460
68.5328,1788884251.5733,3,572.30,1456.04,2028.34,409.7,3035.6,60217.9,0.0,364.585,6.084,305.845,1766:12;1792:1444
68.6378,1788884251.6783,3,572.32,1638.32,2210.64,611.0,3132.9,60120.6,0.0,369.947,6.186,305.845,1766:12;1792:1626
68.7425,1788884251.7830,3,572.32,1730.29,2302.62,831.3,3291.0,59962.4,0.0,384.882,6.306,305.845,1766:12;1792:1718
68.8472,1788884251.8876,3,572.33,1589.74,2162.07,586.0,3207.4,60046.1,0.0,387.115,6.418,305.845,1766:12;1792:1578
68.9512,1788884251.9917,3,572.34,1571.20,2143.54,307.6,3152.1,60101.3,0.0,394.073,6.546,305.845,1766:12;1792:1559
69.0552,1788884252.0957,3,572.34,1485.11,2057.45,661.5,3044.6,60208.8,0.0,411.317,6.698,305.845,1766:12;1792:1473
69.1613,1788884252.2017,3,572.34,1501.91,2074.26,538.3,3085.3,60168.2,0.0,419.270,6.846,305.845,1766:12;1792:1490
69.2671,1788884252.3076,3,572.35,1475.29,2047.64,506.1,3071.7,60181.8,0.0,424.856,6.982,305.845,1766:12;1792:1463
69.3718,1788884252.4122,3,572.35,1542.10,2114.45,592.4,3110.2,60143.3,0.0,437.016,7.143,305.845,1766:12;1792:1530
69.4764,1788884252.5168,3,572.37,1515.85,2088.21,425.7,3119.7,60133.7,0.0,442.098,7.301,305.845,1766:12;1792:1504
69.5822,1788884252.6227,3,572.37,1543.96,2116.34,547.2,3126.6,60126.9,0.0,450.348,7.430,305.845,1766:12;1792:1532
69.6862,1788884252.7267,3,572.38,1579.95,2152.32,691.6,3168.3,60085.2,0.0,466.062,7.584,305.845,1766:12;1792:1568
69.7917,1788884252.8322,3,572.38,1666.95,2239.32,551.7,3253.6,59999.8,0.0,470.579,7.731,305.845,1766:12;1792:1655
69.8969,1788884252.9374,3,572.42,1661.80,2234.22,375.2,3273.3,59980.2,0.0,476.511,7.852,305.845,1766:12;1792:1650
70.0008,1788884253.0413,3,572.42,1752.30,2324.71,696.9,3369.5,59884.0,0.0,483.113,7.984,305.845,1766:12;1792:1740
70.1056,1788884253.1461,3,572.42,1763.12,2335.54,463.1,3368.9,59884.5,0.0,483.932,8.084,305.845,1766:12;1792:1751
70.2117,1788884253.2521,3,572.43,1773.32,2345.75,325.0,3380.6,59872.9,0.0,486.699,8.226,305.845,1766:12;1792:1761
70.3160,1788884253.3565,3,572.43,1710.91,2283.34,858.0,3354.0,59899.5,0.0,500.632,8.369,305.845,1766:12;1792:1699
70.4212,1788884253.4616,3,572.44,1803.88,2376.32,451.0,3402.6,59850.8,0.0,505.963,8.471,305.845,1766:12;1792:1792
70.5251,1788884253.5656,3,572.44,2058.33,2630.77,482.6,3597.9,59655.6,0.0,515.193,8.628,305.845,1766:12;1792:2046
70.6311,1788884253.6716,3,572.45,1883.26,2455.71,802.4,3494.3,59759.2,0.0,531.444,8.758,305.845,1766:12;1792:1871
70.7357,1788884253.7762,3,572.48,1917.77,2490.25,460.7,3581.4,59672.1,0.0,534.000,8.855,305.845,1766:12;1792:1906
70.8397,1788884253.8801,3,572.49,1886.07,2458.56,278.5,3554.1,59699.4,0.0,540.474,8.994,305.845,1766:12;1792:1874
70.9438,1788884253.9843,3,572.50,1896.48,2468.98,871.1,3573.8,59679.7,0.0,558.681,9.176,305.845,1766:12;1792:1884
71.0494,1788884254.0899,3,572.50,1902.97,2475.46,480.5,3569.1,59684.4,0.0,562.890,9.278,305.845,1766:12;1792:1891
71.1535,1788884254.1940,3,572.50,1952.97,2525.47,375.3,3583.2,59670.2,0.0,573.175,9.467,305.845,1766:12;1792:1941
71.2574,1788884254.2979,3,572.50,1975.57,2548.06,616.2,3600.5,59653.0,0.0,586.844,9.630,305.845,1766:12;1792:1963
71.3613,1788884254.4017,3,572.50,1983.61,2556.11,507.4,3611.1,59642.4,0.0,588.739,9.754,305.845,1766:12;1792:1971
71.4657,1788884254.5062,3,572.50,1993.64,2566.14,499.7,3626.9,59626.6,0.0,603.211,9.911,305.845,1766:12;1792:1981
71.5697,1788884254.6102,3,572.50,2003.51,2576.01,606.2,3642.3,59611.1,0.0,615.347,10.025,305.845,1766:12;1792:1991
71.6737,1788884254.7141,3,572.50,2049.89,2622.39,316.7,3647.5,59606.0,0.0,623.158,10.165,305.845,1766:12;1792:2038
71.7779,1788884254.8183,3,572.51,2109.66,2682.16,662.0,3703.0,59550.4,0.0,639.194,10.318,305.845,1766:12;1792:2097
71.8838,1788884254.9243,3,572.51,2382.26,2954.77,707.1,3939.3,59314.2,0.0,641.758,10.425,305.845,1766:12;1792:2370
71.9883,1788884255.0288,3,572.51,2416.84,2989.36,595.6,4074.2,59179.2,0.0,653.903,10.533,305.845,1766:12;1792:2405
72.0924,1788884255.1329,3,572.53,2286.54,2859.07,488.7,4006.9,59246.6,0.0,660.879,10.670,305.845,1766:12;1792:2274
72.1967,1788884255.2372,3,572.54,2162.98,2735.52,606.5,3924.6,59328.8,0.0,672.192,10.827,305.845,1766:12;1792:2151
72.3006,1788884255.3410,3,572.54,2275.07,2847.62,634.6,4009.8,59243.6,0.0,683.842,10.955,305.845,1766:12;1792:2263
72.4046,1788884255.4451,3,572.55,2222.91,2795.45,383.9,3947.7,59305.8,0.0,691.668,11.119,305.845,1766:12;1792:2211
72.5092,1788884255.5496,3,572.55,2263.26,2835.80,535.3,3953.2,59300.3,0.0,705.624,11.274,305.845,1766:12;1792:2251
72.6134,1788884255.6539,3,572.55,2265.36,2837.91,480.6,3966.1,59287.4,0.0,714.485,11.435,305.845,1766:12;1792:2253
72.7174,1788884255.7579,3,572.55,2293.48,2866.04,586.9,3978.9,59274.6,0.0,725.174,11.532,305.845,1766:12;1792:2281
72.8214,1788884255.8618,3,572.55,2344.19,2916.75,403.6,3989.1,59264.4,0.0,736.374,11.709,305.845,1766:12;1792:2332
72.9256,1788884255.9660,3,572.55,2336.74,2909.29,842.7,4012.3,59241.1,0.0,747.978,11.845,305.845,1766:12;1792:2324
73.0298,1788884256.0703,3,572.56,2362.79,2935.35,423.6,4029.7,59223.8,0.0,754.017,11.981,305.845,1766:12;1792:2351
73.1337,1788884256.1742,3,572.56,2407.60,2980.16,649.7,4053.7,59199.8,0.0,766.273,12.147,305.845,1766:12;1792:2395
73.2402,1788884256.2807,3,572.57,2477.71,3050.28,437.9,4130.5,59122.9,0.0,769.143,12.253,305.845,1766:12;1792:2465
73.3450,1788884256.3854,3,572.57,2715.79,3288.36,610.2,4342.2,58911.3,0.0,780.113,12.387,305.845,1766:12;1792:2704
73.4519,1788884256.4923,3,572.57,2796.14,3368.71,1033.8,4396.8,58856.7,0.0,789.551,12.484,305.845,1766:12;1792:2784
73.5579,1788884256.5984,3,572.58,2692.59,3265.17,327.1,4361.2,58892.3,0.0,790.521,12.610,305.845,1766:12;1792:2680
73.6618,1788884256.7023,3,572.59,2651.00,3223.59,575.2,4281.0,58972.5,0.0,808.968,12.791,305.845,1766:12;1792:2639
73.7664,1788884256.8068,3,572.65,2584.44,3157.09,738.5,4248.3,59005.1,0.0,820.673,12.919,305.845,1766:12;1792:2572
73.8704,1788884256.9109,3,572.65,2599.35,3172.00,336.0,4258.1,58995.4,0.0,828.600,13.062,305.845,1766:12;1792:2587
73.9747,1788884257.0151,3,572.62,2586.62,3159.24,774.9,4222.4,59031.0,0.0,845.266,13.253,305.845,1766:12;1792:2574
74.0792,1788884257.1197,3,572.62,2619.66,3192.28,343.6,4230.9,59022.6,0.0,850.974,13.384,305.845,1766:12;1792:2607
74.1839,1788884257.2244,3,572.62,2617.06,3189.68,633.2,4235.3,59018.1,0.0,869.083,13.530,305.845,1766:12;1792:2605
74.2899,1788884257.3304,3,572.62,2652.71,3225.33,470.4,4255.3,58998.1,0.0,873.507,13.664,305.845,1766:12;1792:2640
74.3939,1788884257.4343,3,572.62,2703.50,3276.12,528.5,4283.2,58970.3,0.0,886.981,13.785,305.845,1766:12;1792:2691
74.4979,1788884257.5384,3,572.63,2833.53,3406.16,603.5,4449.6,58803.9,0.0,898.775,13.943,305.845,1766:12;1792:2821
74.6042,1788884257.6447,3,572.64,3038.26,3610.89,623.0,4628.5,58624.9,0.0,900.253,14.033,305.845,1766:12;1792:3026
74.7083,1788884257.7488,3,572.64,3014.41,3587.04,486.8,4570.7,58682.7,0.0,908.708,14.178,305.845,1766:12;1792:3002
74.8133,1788884257.8538,3,572.64,2915.70,3488.34,700.0,4523.0,58730.5,0.0,925.280,14.345,305.845,1766:12;1792:2903
74.9190,1788884257.9594,3,572.72,2897.12,3469.84,651.1,4500.1,58753.3,0.0,930.570,14.439,305.845,1766:12;1792:2885
75.0233,1788884258.0638,3,572.72,2882.06,3454.78,374.6,4514.6,58738.9,0.0,940.726,14.607,305.845,1766:12;1792:2870
75.1274,1788884258.1679,3,572.72,2890.19,3462.91,680.8,4506.3,58747.2,0.0,958.748,14.766,305.845,1766:12;1792:2878
75.2334,1788884258.2738,3,572.72,2895.63,3468.35,480.4,4510.2,58743.3,0.0,962.704,14.900,305.845,1766:12;1792:2883
75.3372,1788884258.3777,3,572.72,2929.96,3502.68,375.3,4537.1,58716.4,0.0,969.511,15.080,305.845,1766:12;1792:2918
75.4411,1788884258.4816,3,572.74,2963.62,3536.36,813.4,4560.2,58693.2,0.0,986.583,15.239,305.845,1766:12;1792:2951
75.5470,1788884258.5875,3,572.74,2987.53,3560.27,448.4,4572.9,58680.6,0.0,994.637,15.381,305.845,1766:12;1792:2975
75.6517,1788884258.6921,3,572.74,3002.69,3575.43,659.2,4594.0,58659.4,0.0,1008.848,15.535,305.845,1766:12;1792:2990
75.7564,1788884258.7969,3,572.75,3280.02,3852.77,833.7,4827.3,58426.2,0.0,1015.166,15.645,305.845,1766:12;1792:3268
75.8608,1788884258.9012,3,572.75,3512.84,4085.59,528.3,5175.1,58078.4,0.0,1015.650,15.699,305.845,1766:12;1792:3501
75.9648,1788884259.0052,3,572.76,3359.40,3932.16,484.8,5063.5,58189.9,0.0,1030.079,15.875,305.845,1766:12;1792:3347
76.0702,1788884259.1106,3,572.77,3255.86,3828.63,758.3,4952.1,58301.4,0.0,1039.792,15.972,305.845,1766:12;1792:3244
76.1742,1788884259.2146,3,572.77,3224.27,3797.04,317.3,4893.2,58360.2,0.0,1046.233,16.132,305.845,1766:12;1792:3212
76.2782,1788884259.3187,3,572.78,3142.02,3714.80,671.1,4802.1,58451.4,0.0,1059.441,16.286,305.845,1766:12;1792:3130
76.3825,1788884259.4230,3,572.80,3202.04,3774.84,557.7,4885.2,58368.2,0.0,1067.360,16.433,305.845,1766:12;1792:3190
76.4865,1788884259.5269,3,572.80,3222.82,3795.61,336.9,4897.2,58356.2,0.0,1070.776,16.560,305.845,1766:12;1792:3211
76.5904,1788884259.6308,3,572.80,3279.75,3852.54,587.7,4919.9,58333.5,0.0,1091.550,16.728,305.845,1766:12;1792:3268
76.6961,1788884259.7366,3,572.85,3243.34,3816.18,698.7,4950.1,58303.4,0.0,1096.258,16.864,305.845,1766:12;1792:3231
76.8019,1788884259.8424,3,572.85,3279.45,3852.30,410.8,4968.4,58285.1,0.0,1106.045,17.022,305.845,1766:12;1792:3267
76.9065,1788884259.9469,3,572.80,3297.43,3870.23,614.3,4986.9,58266.6,0.0,1118.059,17.166,305.845,1766:12;1792:3285
77.0125,1788884260.0529,3,572.80,3335.68,3908.49,499.7,5009.8,58243.6,0.0,1123.346,17.303,305.845,1766:12;1792:3323
77.1186,1788884260.1590,3,572.80,3377.88,3950.69,490.7,5008.8,58244.6,0.0,1135.362,17.468,305.845,1766:12;1792:3366
77.2245,1788884260.2650,3,572.80,3365.91,3938.71,700.6,5034.0,58219.5,0.0,1147.657,17.610,305.845,1766:12;1792:3354
77.3285,1788884260.3690,3,572.81,3426.57,3999.39,498.4,5052.4,58201.0,0.0,1152.546,17.725,305.845,1766:12;1792:3414
77.4328,1788884260.4733,3,572.81,3613.10,4185.91,555.9,5255.4,57998.1,0.0,1162.248,17.884,305.845,1766:12;1792:3601
77.5375,1788884260.5780,3,572.82,3640.98,4213.81,605.9,5281.1,57972.4,0.0,1174.405,18.034,305.845,1766:12;1792:3629
77.6431,1788884260.6835,3,572.83,3677.30,4250.13,959.7,5354.4,57899.1,0.0,1179.842,18.098,305.845,1766:12;1792:3665
77.7470,1788884260.7875,3,572.83,3670.89,4243.72,382.2,5305.5,57948.0,0.0,1187.008,18.280,305.845,1766:12;1792:3659
77.8516,1788884260.8921,3,572.89,3560.34,4133.23,632.7,5171.3,58082.1,0.0,1207.640,18.460,305.845,1766:12;1792:3548
77.9578,1788884260.9982,3,572.89,3612.54,4185.43,658.7,5215.4,58038.1,0.0,1211.245,18.589,305.845,1766:12;1792:3600
78.0623,1788884261.1028,3,572.89,3560.77,4133.67,345.9,5157.4,58096.1,0.0,1222.219,18.728,305.845,1766:12;1792:3549
78.1664,1788884261.2068,3,572.89,3594.91,4167.80,763.4,5198.1,58055.4,0.0,1233.197,18.854,305.845,1766:12;1792:3583
78.2712,1788884261.3116,3,572.89,3620.71,4193.61,326.6,5212.6,58040.9,0.0,1239.525,19.018,305.845,1766:12;1792:3608
78.3753,1788884261.4157,3,572.89,3649.85,4222.75,643.2,5232.1,58021.4,0.0,1246.922,19.175,305.845,1766:12;1792:3638
78.4794,1788884261.5199,3,572.90,3689.43,4262.33,556.6,5272.4,57981.1,0.0,1257.286,19.274,305.845,1766:12;1792:3677
78.5836,1788884261.6241,3,572.91,3758.39,4331.29,453.0,5314.2,57939.2,0.0,1269.397,19.468,305.845,1766:12;1792:3746
78.6897,1788884261.7301,3,572.91,3753.33,4326.25,699.0,5368.7,57884.7,0.0,1269.965,19.598,305.845,1766:12;1792:3741
78.7957,1788884261.8361,3,572.92,4117.57,4690.49,603.7,5677.9,57575.5,0.0,1270.544,19.691,305.845,1766:12;1792:4105
78.8998,1788884261.9403,3,572.93,4278.93,4851.86,842.4,5805.7,57447.8,0.0,1282.025,19.835,305.845,1766:12;1792:4267
79.0057,1788884262.0461,3,572.99,3892.77,4465.75,680.0,5463.4,57790.1,0.0,1282.525,19.951,305.845,1766:12;1792:3881
79.1099,1788884262.1503,3,573.00,3885.13,4458.13,264.1,5432.7,57820.8,0.0,1282.784,20.076,305.845,1766:12;1792:3873
79.2161,1788884262.2566,3,573.12,4365.24,4938.36,1032.4,5834.4,57419.1,0.0,1294.309,20.183,305.845,1766:12;1792:4353
79.3205,1788884262.3610,3,573.15,4467.43,5040.58,415.8,5938.4,57315.0,0.0,1295.687,20.301,305.845,1766:12;1792:4455
79.4266,1788884262.4670,3,573.21,4406.41,4979.62,574.4,5910.8,57342.7,0.0,1308.569,20.458,305.845,1766:12;1792:4394
79.5310,1788884262.5714,3,573.25,4240.62,4813.88,461.1,5790.4,57463.1,0.0,1309.510,20.565,305.845,1766:12;1792:4228
79.6349,1788884262.6753,3,573.50,4058.88,4632.37,828.6,5497.4,57756.0,0.0,1322.492,20.652,305.845,1766:12;1792:4047
79.7401,1788884262.7806,3,573.55,4452.90,5026.45,711.1,5971.1,57282.4,0.0,1324.165,20.735,305.845,1766:12;1792:4441
79.8459,1788884262.8863,3,573.59,5149.88,5723.46,1368.6,6806.2,56447.3,0.0,1324.694,20.737,305.845,1766:12;1792:5138
79.9529,1788884262.9933,3,573.78,4706.23,5280.00,1052.6,6531.5,56721.9,0.0,1324.754,20.749,305.845,1766:12;1792:4694
80.0573,1788884263.0978,3,573.93,5639.66,6213.59,1013.3,7193.2,56060.3,0.0,1324.754,20.749,305.845,1766:12;1792:5627
80.1649,1788884263.2054,3,574.09,5849.72,6423.80,1291.1,7635.1,55618.4,0.0,1324.754,20.749,305.845,1766:12;1792:5837
80.2707,1788884263.3111,3,574.25,6225.44,6799.69,1054.3,7824.5,55429.0,0.0,1324.754,20.749,305.845,1766:12;1792:6213
80.3781,1788884263.4185,3,574.36,6687.43,7261.79,1315.8,8557.8,54695.7,0.0,1324.754,20.749,305.845,1766:12;1792:6675
80.4932,1788884263.5337,3,574.67,5802.39,6377.05,949.8,7551.6,55701.9,0.0,1324.754,20.749,305.845,1766:12;1792:5790
80.5971,1788884263.6376,3,575.18,5835.89,6411.07,577.0,7561.8,55691.7,0.0,1324.754,20.749,305.845,1766:12;1792:5824
80.7011,1788884263.7416,3,575.50,6066.34,6641.83,391.4,7793.1,55460.4,0.0,1324.754,20.749,305.845,1766:12;1792:6054
80.8059,1788884263.8463,3,575.93,6365.85,6941.78,374.4,8064.9,55188.5,0.0,1324.754,20.749,305.845,1766:12;1792:6354
80.9100,1788884263.9505,3,576.36,6272.81,6849.17,247.5,8101.7,55151.7,0.0,1324.754,20.749,305.845,1766:12;1792:6261
81.0151,1788884264.0556,3,576.92,6432.86,7009.77,589.4,8447.1,54806.4,0.0,1324.754,20.749,305.845,1766:12;1792:6421
81.1203,1788884264.1608,3,577.41,6699.61,7277.02,411.5,8688.5,54565.0,0.0,1324.754,20.749,305.845,1766:12;1792:6687
81.2248,1788884264.2652,3,577.80,6920.61,7498.41,449.3,8917.3,54336.2,0.0,1324.754,20.749,305.845,1766:12;1792:6908
81.3294,1788884264.3698,3,577.80,6940.61,7518.41,192.7,8914.6,54338.9,0.0,1324.754,20.749,305.845,1766:12;1792:6928
81.4331,1788884264.4736,3,578.11,7102.68,7680.80,287.6,9018.3,54235.1,0.0,1324.754,20.749,305.845,1766:12;1792:7090
81.5375,1788884264.5780,3,578.58,7132.07,7710.65,259.0,9011.8,54241.7,0.0,1324.754,20.749,305.845,1766:12;1792:7120
81.6418,1788884264.6822,3,578.94,6864.95,7443.89,201.9,8726.4,54527.0,0.0,1324.754,20.756,305.845,1766:12;1792:6853
81.7456,1788884264.7861,3,579.00,6890.90,7469.90,172.5,8755.4,54498.1,0.0,1325.296,20.827,305.845,1766:12;1792:6879
81.8501,1788884264.8905,3,579.00,6917.29,7496.29,189.2,8783.1,54470.4,0.0,1325.753,20.860,305.845,1766:12;1792:6905
81.9559,1788884264.9964,3,579.00,6927.53,7506.53,230.7,8798.7,54454.8,0.0,1325.798,20.926,305.845,1766:12;1792:6915
82.0598,1788884265.1002,3,579.00,6981.26,7560.26,548.5,8853.8,54399.7,0.0,1341.668,21.121,305.845,1766:12;1792:6969
82.1637,1788884265.2042,3,579.00,6989.52,7568.52,635.0,8908.6,54344.9,0.0,1345.774,21.270,305.845,1766:12;1792:6977
82.2677,1788884265.3081,3,579.00,7039.16,7618.16,274.2,8910.2,54343.3,0.0,1348.406,21.395,305.845,1766:12;1792:7027
82.3736,1788884265.4141,3,579.00,7056.39,7635.39,575.9,8937.4,54316.1,0.0,1356.968,21.560,305.845,1766:12;1792:7044
82.4777,1788884265.5181,3,578.98,7107.68,7686.66,651.0,8969.6,54283.8,0.0,1369.758,21.730,305.845,1766:12;1792:7095
82.5823,1788884265.6227,3,578.98,7083.17,7662.15,441.2,8992.9,54260.6,0.0,1371.508,21.857,305.845,1766:12;1792:7071
82.6863,1788884265.7268,3,578.98,7117.91,7696.89,663.8,9006.7,54246.7,0.0,1381.878,21.999,305.845,1766:12;1792:7106
82.7903,1788884265.8307,3,578.98,7164.67,7743.65,444.4,9040.9,54212.5,0.0,1391.659,22.193,305.845,1766:12;1792:7152
82.8962,1788884265.9367,3,578.98,7171.26,7750.23,441.9,9060.6,54192.9,0.0,1395.699,22.327,305.845,1766:12;1792:7159
83.0001,1788884266.0406,3,578.98,7198.84,7777.82,481.0,9067.4,54186.1,0.0,1405.195,22.525,305.845,1766:12;1792:7187
83.1041,1788884266.1445,3,578.98,7236.00,7814.98,698.0,9089.1,54164.4,0.0,1419.496,22.672,305.845,1766:12;1792:7224
83.2087,1788884266.2491,3,578.98,7228.06,7807.04,345.7,9121.3,54132.2,0.0,1420.228,22.789,305.845,1766:12;1792:7216
83.3128,1788884266.3532,3,578.98,7279.88,7858.85,548.2,9129.6,54123.8,0.0,1429.521,22.987,305.845,1766:12;1792:7268
83.4168,1788884266.4572,3,578.98,7307.03,7886.00,631.3,9146.1,54107.3,0.0,1442.140,23.150,305.845,1766:12;1792:7295
83.5213,1788884266.5618,3,578.98,7302.93,7881.91,448.1,9159.0,54094.5,0.0,1445.304,23.283,305.845,1766:12;1792:7291
83.6263,1788884266.6667,3,578.98,7340.84,7919.82,451.5,9175.5,54077.9,0.0,1455.208,23.438,305.845,1766:12;1792:7329
83.7303,1788884266.7708,3,578.98,7376.56,7955.55,654.0,9203.7,54049.8,0.0,1469.039,23.551,305.845,1766:12;1792:7364
83.8343,1788884266.8747,3,578.98,7400.77,7979.75,317.4,9227.5,54026.0,0.0,1474.693,23.728,305.845,1766:12;1792:7389
83.9382,1788884266.9787,3,578.98,7432.15,8011.13,615.9,9262.5,53991.0,0.0,1489.019,23.896,305.845,1766:12;1792:7420
84.0421,1788884267.0826,3,578.99,7497.11,8076.09,743.5,9294.4,53959.0,0.0,1508.936,24.091,305.845,1766:12;1792:7485
84.1486,1788884267.1891,3,578.99,7485.89,8064.88,499.0,9319.1,53934.4,0.0,1513.926,24.229,305.845,1766:12;1792:7474
84.2526,1788884267.2931,3,578.99,7518.74,8097.73,437.1,9327.3,53926.2,0.0,1526.127,24.427,305.845,1766:12;1792:7507
84.3580,1788884267.3985,3,578.99,7543.59,8122.57,488.8,9357.0,53896.5,0.0,1536.922,24.611,305.845,1766:12;1792:7531
84.4624,1788884267.5029,3,578.99,7578.86,8157.84,687.2,9376.8,53876.7,0.0,1548.021,24.758,305.845,1766:12;1792:7567
84.5669,1788884267.6074,3,578.99,7599.12,8178.11,596.9,9404.6,53848.9,0.0,1563.863,24.915,305.845,1766:12;1792:7587
84.6708,1788884267.7113,3,578.99,7626.63,8205.62,596.6,9426.7,53826.8,0.0,1577.268,25.108,305.845,1766:12;1792:7614
84.7747,1788884267.8152,3,578.99,7639.96,8218.95,500.7,9441.0,53812.4,0.0,1587.730,25.295,305.845,1766:12;1792:7628
84.8786,1788884267.9190,3,578.99,7652.02,8231.01,693.2,9478.9,53774.6,0.0,1600.368,25.446,305.845,1766:12;1792:7640
84.9825,1788884268.0229,3,579.00,7811.64,8390.64,708.5,9678.0,53575.5,0.0,1612.676,25.588,305.845,1766:12;1792:7799
85.0889,1788884268.1293,3,579.02,7965.40,8544.42,906.1,10068.3,53185.1,0.0,1620.108,25.701,305.845,1766:12;1792:7953
85.1932,1788884268.2337,3,579.02,7931.76,8510.78,278.5,10024.7,53228.8,0.0,1623.503,25.773,305.845,1766:12;1792:7920
85.2976,1788884268.3380,3,579.02,7920.33,8499.35,393.7,10037.9,53215.6,0.0,1627.074,25.878,305.845,1766:12;1792:7908
85.4015,1788884268.4419,3,579.06,8072.56,8651.62,671.3,10201.6,53051.9,0.0,1633.959,25.995,305.845,1766:12;1792:8060
85.5058,1788884268.5462,3,579.06,8214.67,8793.73,750.1,10437.5,52816.0,0.0,1637.286,26.082,305.845,1766:12;1792:8202
85.6097,1788884268.6502,3,579.06,8132.25,8711.31,288.6,10441.4,52812.0,0.0,1639.490,26.203,305.845,1766:12;1792:8120
85.7137,1788884268.7541,3,579.09,8060.68,8639.76,383.7,10434.9,52818.5,0.0,1645.074,26.337,305.845,1766:12;1792:8048
85.8179,1788884268.8584,3,579.11,7981.71,8560.82,633.5,10356.4,52897.1,0.0,1647.967,26.453,305.845,1766:12;1792:7969
85.9221,1788884268.9626,3,579.12,7912.32,8491.43,403.5,10428.3,52825.2,0.0,1651.958,26.601,305.845,1766:12;1792:7900
86.0262,1788884269.0666,3,579.18,8124.06,8703.23,451.5,10450.7,52802.7,0.0,1654.060,26.742,305.845,1766:12;1792:8112
86.1303,1788884269.1707,3,579.21,7929.59,8508.80,465.3,10380.1,52873.4,0.0,1656.568,26.891,305.845,1766:12;1792:7917
86.2356,1788884269.2760,3,579.21,8178.56,8757.77,393.9,10464.2,52789.3,0.0,1661.285,26.962,305.845,1766:12;1792:8166
86.3397,1788884269.3801,3,579.21,8136.37,8715.58,432.0,10446.6,52806.9,0.0,1661.540,27.108,305.845,1766:12;1792:8124
86.4439,1788884269.4843,3,579.21,8100.20,8679.41,402.6,10415.9,52837.5,0.0,1666.205,27.225,305.845,1766:12;1792:8088
86.5482,1788884269.5886,3,579.21,8087.30,8666.51,380.7,10392.0,52861.5,0.0,1667.290,27.391,305.845,1766:12;1792:8075
86.6533,1788884269.6937,3,579.21,8127.16,8706.37,382.3,10404.2,52849.3,0.0,1672.461,27.535,305.845,1766:12;1792:8115
86.7579,1788884269.7983,3,579.22,8138.33,8717.55,387.2,10411.4,52842.0,0.0,1673.456,27.652,305.845,1766:12;1792:8126
86.8640,1788884269.9044,3,579.22,8171.91,8751.13,315.7,10417.0,52836.4,0.0,1676.507,27.801,305.845,1766:12;1792:8160
86.9685,1788884270.0090,3,579.24,8197.64,8776.88,373.7,10430.4,52823.1,0.0,1679.688,27.933,305.845,1766:12;1792:8185
87.0726,1788884270.1131,3,579.24,8312.76,8892.00,397.3,10461.9,52791.5,0.0,1682.556,28.079,305.845,1766:12;1792:8301
87.1785,1788884270.2190,3,579.24,8300.67,8879.91,373.3,10467.8,52785.7,0.0,1687.407,28.221,305.845,1766:12;1792:8288
87.2828,1788884270.3233,3,579.25,8291.91,8871.16,433.2,10480.2,52773.3,0.0,1691.419,28.335,305.845,1766:12;1792:8280
87.3867,1788884270.4271,3,579.25,8329.24,8908.49,259.7,10484.2,52769.3,0.0,1693.263,28.484,305.845,1766:12;1792:8317
87.4907,1788884270.5311,3,579.25,8365.18,8944.43,442.6,10510.2,52743.3,0.0,1698.933,28.632,305.845,1766:12;1792:8353
87.5946,1788884270.6350,3,579.25,8385.13,8964.38,288.2,10518.6,52734.9,0.0,1700.777,28.757,305.845,1766:12;1792:8373
87.6987,1788884270.7391,3,579.25,8406.91,8986.16,442.7,10534.3,52719.2,0.0,1706.784,28.920,305.845,1766:12;1792:8395
87.8026,1788884270.8430,3,579.25,8434.88,9014.13,308.1,10546.3,52707.2,0.0,1708.409,29.075,305.845,1766:12;1792:8423
87.9065,1788884270.9469,3,579.25,8465.81,9045.06,404.3,10554.3,52699.2,0.0,1714.010,29.228,305.845,1766:12;1792:8454
88.0103,1788884271.0508,3,579.26,8476.71,9055.96,443.0,10566.5,52687.0,0.0,1718.531,29.359,305.845,1766:12;1792:8464
88.1142,1788884271.1546,3,579.28,8503.19,9082.46,345.4,10571.2,52682.3,0.0,1720.008,29.489,305.845,1766:12;1792:8491
88.2184,1788884271.2589,3,579.28,8528.93,9108.21,422.5,10587.6,52665.8,0.0,1727.209,29.647,305.845,1766:12;1792:8517
88.3226,1788884271.3630,3,579.30,8648.40,9227.71,375.3,10632.2,52621.3,0.0,1729.151,29.730,305.845,1766:12;1792:8636
88.4265,1788884271.4670,3,579.29,8886.63,9465.92,403.6,10776.2,52477.2,0.0,1731.636,29.850,305.845,1766:12;1792:8874
88.5306,1788884271.5710,3,579.30,9132.46,9711.76,874.2,11065.2,52188.2,0.0,1734.336,29.940,305.845,1766:12;1792:9120
88.6346,1788884271.6751,3,579.30,8909.25,9488.55,508.3,11060.1,52193.4,0.0,1735.638,30.062,305.845,1766:12;1792:8897
88.7389,1788884271.7793,3,579.34,8751.82,9331.16,382.5,10896.6,52356.9,0.0,1738.861,30.188,305.845,1766:12;1792:8740
88.8435,1788884271.8839,3,579.34,8768.18,9347.53,298.5,10897.0,52356.5,0.0,1741.030,30.293,305.845,1766:12;1792:8756
88.9473,1788884271.9878,3,579.36,8840.77,9420.12,391.5,10940.6,52312.9,0.0,1745.460,30.444,305.845,1766:12;1792:8829
89.0525,1788884272.0930,3,579.41,8979.32,9558.73,622.8,10891.1,52362.3,0.0,1748.548,30.531,305.845,1766:12;1792:8967
89.1564,1788884272.1969,3,579.50,9136.78,9716.28,611.1,11029.0,52224.4,0.0,1750.994,30.635,305.845,1766:12;1792:9125
89.2614,1788884272.3019,3,579.62,8988.17,9567.79,724.9,10801.2,52452.3,0.0,1753.982,30.748,305.845,1766:12;1792:8976
89.3693,1788884272.4097,3,579.70,9943.70,10523.40,838.7,11679.4,51574.0,0.0,1756.705,30.838,305.845,1766:12;1792:9931
89.4740,1788884272.5145,3,579.72,10735.54,11315.25,1330.7,12467.0,50786.4,0.0,1759.861,30.909,305.845,1766:12;1792:10723
89.5829,1788884272.6233,3,579.72,10675.65,11255.37,1092.8,12456.5,50797.0,0.0,1762.666,31.014,305.845,1766:12;1792:10663
89.6889,1788884272.7293,3,579.77,10418.78,10998.55,987.8,12173.1,51080.4,0.0,1765.664,31.086,305.845,1766:12;1792:10407
89.7943,1788884272.8347,3,579.83,10015.19,10595.02,394.1,11929.2,51324.3,0.0,1767.336,31.225,305.845,1766:12;1792:10003
89.8981,1788884272.9386,3,579.88,10684.06,11263.94,971.2,12572.5,50681.0,0.0,1772.079,31.291,305.845,1766:12;1792:10672
90.0041,1788884273.0445,3,580.00,10545.76,11125.76,682.9,12311.7,50941.8,0.0,1775.490,31.384,305.845,1766:12;1792:10534
90.1170,1788884273.1575,3,580.07,11023.43,11603.50,1464.3,12815.3,50438.2,0.0,1778.813,31.396,305.845,1766:12;1792:11011
90.2231,1788884273.2635,3,580.09,10997.50,11577.58,1277.6,13075.6,50177.9,0.0,1778.817,31.439,305.845,1766:12;1792:10985
90.3289,1788884273.3693,3,580.27,10572.04,11152.31,1216.4,12560.1,50693.3,0.0,1782.247,31.460,305.845,1766:12;1792:10560
90.4373,1788884273.4777,3,580.46,10866.75,11447.21,802.6,12898.6,50354.8,0.0,1782.442,31.496,305.845,1766:12;1792:10855
90.5430,1788884273.5835,3,580.79,10108.16,10688.95,986.6,12199.3,51054.2,0.0,1782.455,31.508,305.845,1766:12;1792:10096
90.6475,1788884273.6880,3,580.95,9933.79,10514.75,584.9,12111.7,51141.8,0.0,1785.949,31.568,305.845,1766:12;1792:9922
90.7519,1788884273.7924,3,581.27,9863.66,10444.94,402.2,12036.2,51217.2,0.0,1789.113,31.586,305.845,1766:12;1792:9851
90.8564,1788884273.8968,3,581.64,9670.69,10252.33,249.3,11837.6,51415.8,0.0,1789.249,31.618,305.845,1766:12;1792:9658
90.9605,1788884274.0009,3,581.68,9357.62,9939.30,221.3,11481.8,51771.7,0.0,1792.593,31.695,305.845,1766:12;1792:9345
91.0644,1788884274.1049,3,581.68,9356.92,9938.60,144.5,11473.2,51780.3,0.0,1793.053,31.705,305.845,1766:12;1792:9345
91.1682,1788884274.2087,3,581.68,9382.78,9964.46,154.1,11479.6,51773.9,0.0,1793.065,31.741,305.845,1766:12;1792:9371
91.2720,1788884274.3125,3,581.68,9444.10,10025.78,412.7,11548.3,51705.2,0.0,1794.693,31.909,305.845,1766:12;1792:9432
91.3764,1788884274.4169,3,581.69,9555.31,10137.00,595.4,11638.7,51614.8,0.0,1799.432,32.022,305.845,1766:12;1792:9543
91.4804,1788884274.5209,3,581.69,9502.91,10084.60,269.3,11662.2,51591.3,0.0,1799.857,32.159,305.845,1766:12;1792:9491
91.5844,1788884274.6249,3,581.70,9575.69,10157.39,702.1,11794.2,51459.2,0.0,1806.208,32.300,305.845,1766:12;1792:9563
91.6884,1788884274.7289,3,581.70,9549.70,10131.40,315.1,11799.2,51454.3,0.0,1806.617,32.434,305.845,1766:12;1792:9537
91.7932,1788884274.8336,3,581.70,9535.14,10116.84,382.4,11775.2,51478.2,0.0,1810.682,32.578,305.845,1766:12;1792:9523
91.8977,1788884274.9382,3,581.73,9574.81,10156.54,460.1,11733.6,51519.9,0.0,1812.964,32.712,305.845,1766:12;1792:9563
92.0020,1788884275.0425,3,581.73,9607.62,10189.35,288.4,11745.7,51507.8,0.0,1813.614,32.840,305.845,1766:12;1792:9595
92.1063,1788884275.1468,3,581.77,9606.71,10188.48,390.6,11821.5,51432.0,0.0,1816.252,33.018,305.845,1766:12;1792:9594
92.2110,1788884275.2515,3,581.79,9656.93,10238.72,394.5,11841.0,51412.4,0.0,1820.384,33.154,305.845,1766:12;1792:9645
92.3149,1788884275.3553,3,581.79,9693.33,10275.11,433.2,11853.8,51399.7,0.0,1823.447,33.294,305.845,1766:12;1792:9681
92.4188,1788884275.4592,3,581.79,9739.38,10321.17,335.4,11868.4,51385.1,0.0,1826.526,33.481,305.845,1766:12;1792:9727
92.5234,1788884275.5639,3,581.93,9759.96,10341.88,419.7,11880.6,51372.9,0.0,1827.242,33.609,305.845,1766:12;1792:9748
92.6280,1788884275.6685,3,581.86,9799.67,10381.54,385.0,11889.6,51363.9,0.0,1830.215,33.761,305.845,1766:12;1792:9787
92.7319,1788884275.7723,3,581.89,9826.31,10408.20,365.6,11910.7,51342.8,0.0,1833.051,33.899,305.845,1766:12;1792:9814
92.8358,1788884275.8763,3,581.89,9853.96,10435.86,346.0,11917.3,51336.1,0.0,1833.687,34.035,305.845,1766:12;1792:9842
92.9399,1788884275.9803,3,581.93,9900.47,10482.40,557.2,11938.7,51314.8,0.0,1838.857,34.154,305.845,1766:12;1792:9888
93.0460,1788884276.0864,3,582.20,9866.32,10448.52,220.9,11913.3,51340.2,0.0,1839.118,34.185,305.845,1766:12;1792:9854
93.1499,1788884276.1903,3,582.20,9887.36,10469.56,201.8,11932.6,51320.9,0.0,1840.257,34.259,305.845,1766:12;1792:9875
93.2539,1788884276.2944,3,582.20,9959.20,10541.40,482.7,11979.1,51274.3,0.0,1844.886,34.432,305.845,1766:12;1792:9947
93.3598,1788884276.4002,3,582.20,9966.34,10548.54,355.1,11982.9,51270.5,0.0,1845.735,34.522,305.845,1766:12;1792:9954
93.4638,1788884276.5043,3,582.20,9987.02,10569.22,221.2,11992.2,51261.2,0.0,1847.759,34.627,305.845,1766:12;1792:9975
93.5677,1788884276.6082,3,582.20,10014.55,10596.75,584.4,12022.0,51231.5,0.0,1856.443,34.817,305.845,1766:12;1792:10002
93.6740,1788884276.7145,3,582.20,10036.13,10618.33,459.1,12046.6,51206.9,0.0,1859.191,34.962,305.845,1766:12;1792:10024
93.7784,1788884276.8188,3,582.20,10061.02,10643.21,289.0,12059.9,51193.5,0.0,1862.647,35.114,305.845,1766:12;1792:10049
93.8824,1788884276.9229,3,582.21,10135.04,10717.25,643.0,12105.1,51148.4,0.0,1870.884,35.258,305.845,1766:12;1792:10123
93.9883,1788884277.0288,3,582.21,10567.05,11149.27,794.6,12601.1,50652.4,0.0,1876.183,35.343,305.845,1766:12;1792:10555
94.0953,1788884277.1358,3,582.22,10395.50,10977.72,403.1,12672.5,50581.0,0.0,1879.591,35.500,305.845,1766:12;1792:10383
94.1991,1788884277.2396,3,582.25,10317.11,10899.36,556.7,12489.8,50763.7,0.0,1893.419,35.647,305.845,1766:12;1792:10305
94.3034,1788884277.3439,3,582.25,10313.02,10895.27,558.3,12513.7,50739.8,0.0,1894.310,35.700,305.845,1766:12;1792:10301
94.4093,1788884277.4497,3,582.25,10263.27,10845.51,373.6,12528.1,50725.3,0.0,1896.738,35.866,305.845,1766:12;1792:10251
94.5134,1788884277.5539,3,582.25,10262.19,10844.44,740.8,12495.2,50758.3,0.0,1908.837,36.021,305.845,1766:12;1792:10250
94.6174,1788884277.6578,3,582.25,10283.07,10865.32,441.6,12499.0,50754.5,0.0,1910.029,36.143,305.845,1766:12;1792:10271
94.7218,1788884277.7622,3,582.25,10307.44,10889.69,275.4,12509.0,50744.5,0.0,1916.975,36.310,305.845,1766:12;1792:10295
94.8268,1788884277.8673,3,582.25,10319.00,10901.25,817.0,12535.9,50717.6,0.0,1925.809,36.459,305.845,1766:12;1792:10307
94.9309,1788884277.9713,3,582.25,10349.97,10932.22,423.5,12535.9,50717.6,0.0,1930.063,36.551,305.845,1766:12;1792:10338
95.0348,1788884278.0752,3,582.26,10376.07,10958.33,413.6,12545.0,50708.5,0.0,1937.095,36.710,305.845,1766:12;1792:10364
95.1390,1788884278.1794,3,582.26,10392.53,10974.79,741.1,12571.6,50681.9,0.0,1950.288,36.889,305.845,1766:12;1792:10380
95.2440,1788884278.2844,3,582.26,10430.36,11012.62,317.8,12573.3,50680.2,0.0,1954.829,37.039,305.845,1766:12;1792:10418
95.3478,1788884278.3883,3,582.26,10487.48,11069.74,471.5,12601.7,50651.8,0.0,1968.314,37.225,305.845,1766:12;1792:10475
95.4517,1788884278.4922,3,582.26,10493.46,11075.73,670.4,12617.9,50635.5,0.0,1977.015,37.403,305.845,1766:12;1792:10481
95.5565,1788884278.5970,3,582.26,10507.75,11090.01,276.6,12620.6,50632.8,0.0,1978.728,37.537,305.845,1766:12;1792:10496
95.6610,1788884278.7015,3,582.26,10546.63,11128.89,540.5,12633.8,50619.7,0.0,1990.920,37.725,305.845,1766:12;1792:10534
95.7665,1788884278.8070,3,582.26,10565.97,11148.23,644.6,12651.1,50602.4,0.0,1999.634,37.847,305.845,1766:12;1792:10554
95.8704,1788884278.9109,3,582.26,10588.14,11170.40,287.0,12655.1,50598.4,0.0,2002.487,38.012,305.845,1766:12;1792:10576
95.9750,1788884279.0155,3,582.27,10630.39,11212.66,825.5,12674.8,50578.6,0.0,2020.710,38.184,305.845,1766:12;1792:10618
96.0792,1788884279.1196,3,582.29,10616.70,11198.99,490.4,12668.4,50585.1,0.0,2024.899,38.308,305.845,1766:12;1792:10604
96.1832,1788884279.2237,3,582.29,10630.12,11212.41,200.9,12666.3,50587.2,0.0,2028.825,38.464,305.845,1766:12;1792:10618
96.2877,1788884279.3281,3,582.30,10776.76,11359.05,989.8,12748.1,50505.3,0.0,2048.680,38.619,305.845,1766:12;1792:10765
96.3938,1788884279.4343,3,582.30,11411.69,11993.99,701.5,13302.9,49950.5,0.0,2049.176,38.640,305.845,1766:12;1792:11399
96.4979,1788884279.5383,3,582.30,11236.71,11819.01,555.3,13320.8,49932.7,0.0,2049.467,38.738,305.845,1766:12;1792:11224
96.6026,1788884279.6430,3,582.34,10903.75,11486.09,718.0,12949.6,50303.8,0.0,2060.752,38.880,305.845,1766:12;1792:10892
96.7068,1788884279.7473,3,582.35,10788.48,11370.83,404.3,12922.1,50331.4,0.0,2061.596,38.953,305.845,1766:12;1792:10776
96.8106,1788884279.8511,3,582.34,10766.66,11349.00,231.1,12857.4,50396.1,0.0,2063.174,39.077,305.845,1766:12;1792:10754
96.9145,1788884279.9550,3,582.35,10835.42,11417.77,730.6,12867.3,50386.2,0.0,2082.517,39.281,305.845,1766:12;1792:10823
97.0188,1788884280.0593,3,582.35,10845.86,11428.20,566.4,12880.1,50373.4,0.0,2085.072,39.398,305.845,1766:12;1792:10834
97.1227,1788884280.1632,3,582.35,10880.80,11463.15,378.1,12885.1,50368.4,0.0,2094.768,39.583,305.845,1766:12;1792:10869
97.2287,1788884280.2692,3,582.35,10879.71,11462.05,816.7,12902.1,50351.3,0.0,2106.948,39.784,305.845,1766:12;1792:10867
97.3326,1788884280.3730,3,582.35,10920.45,11502.80,327.3,12904.8,50348.6,0.0,2109.232,39.896,305.845,1766:12;1792:10908
97.4365,1788884280.4770,3,582.35,10963.55,11545.91,518.4,12936.3,50317.1,0.0,2124.438,40.115,305.845,1766:12;1792:10951
97.5407,1788884280.5812,3,582.35,10943.84,11526.19,673.3,12955.3,50298.1,0.0,2130.463,40.228,305.845,1766:12;1792:10932
97.6446,1788884280.6851,3,582.35,10985.64,11567.99,337.0,12971.6,50281.9,0.0,2132.477,40.368,305.845,1766:12;1792:10973
97.7485,1788884280.7890,3,582.35,11061.54,11643.89,727.6,12993.4,50260.1,0.0,2145.288,40.534,305.845,1766:12;1792:11049
97.8546,1788884280.8950,3,582.36,11200.41,11782.77,477.0,13131.3,50122.2,0.0,2145.722,40.647,305.845,1766:12;1792:11188
97.9592,1788884280.9996,3,582.37,11320.75,11903.11,477.2,13247.5,50006.0,0.0,2147.802,40.758,305.845,1766:12;1792:11309
98.0640,1788884281.1044,3,582.37,11304.69,11887.06,643.9,13236.9,50016.6,0.0,2158.160,40.894,305.845,1766:12;1792:11292
98.1680,1788884281.2085,3,582.38,11094.18,11676.56,570.1,13101.5,50152.0,0.0,2159.972,41.002,305.845,1766:12;1792:11082
98.2734,1788884281.3139,3,582.38,11166.72,11749.10,343.9,13109.7,50143.7,0.0,2161.471,41.131,305.845,1766:12;1792:11154
98.3779,1788884281.4184,3,582.42,11200.43,11782.85,814.5,13168.8,50084.7,0.0,2174.377,41.262,305.845,1766:12;1792:11188
98.4835,1788884281.5240,3,582.45,11258.77,11841.22,375.5,13193.1,50060.3,0.0,2175.646,41.372,305.845,1766:12;1792:11247
98.5874,1788884281.6278,3,582.58,11555.09,12137.67,765.8,13231.4,50022.1,0.0,2188.164,41.486,305.845,1766:12;1792:11543
98.6934,1788884281.7338,3,582.66,11157.28,11739.95,374.3,12968.2,50285.2,0.0,2189.467,41.571,305.845,1766:12;1792:11145
98.7974,1788884281.8379,3,582.66,11189.94,11772.60,230.2,12980.0,50273.5,0.0,2189.679,41.667,305.845,1766:12;1792:11178
98.9016,1788884281.9421,3,582.68,11267.34,11850.02,558.4,13017.3,50236.1,0.0,2199.955,41.831,305.845,1766:12;1792:11255
99.0075,1788884282.0479,3,582.68,11258.21,11840.89,345.5,13027.5,50226.0,0.0,2200.702,41.909,305.845,1766:12;1792:11246
99.1115,1788884282.1520,3,582.68,11286.13,11868.81,267.8,13030.2,50223.3,0.0,2202.099,42.060,305.845,1766:12;1792:11274
99.2161,1788884282.2565,3,582.68,11324.70,11907.38,660.1,13038.4,50215.1,0.0,2221.158,42.257,305.845,1766:12;1792:11312
99.3206,1788884282.3610,3,582.68,11309.88,11892.55,404.1,13063.9,50189.6,0.0,2223.861,42.381,305.845,1766:12;1792:11298
99.4245,1788884282.4650,3,582.68,11368.38,11951.06,345.1,13067.3,50186.2,0.0,2233.014,42.568,305.845,1766:12;1792:11356
99.5289,1788884282.5693,3,582.68,11448.43,12031.11,874.5,13077.5,50176.0,0.0,2246.018,42.706,305.845,1766:12;1792:11436
99.6329,1788884282.6734,3,582.68,11640.14,12222.82,471.0,13322.2,49931.3,0.0,2248.183,42.822,305.845,1766:12;1792:11628
99.7369,1788884282.7774,3,582.71,11754.28,12336.98,692.0,13406.5,49847.0,0.0,2253.015,42.918,305.845,1766:12;1792:11742
99.8410,1788884282.8814,3,582.71,11563.68,12146.38,490.8,13350.9,49902.6,0.0,2257.644,43.070,305.845,1766:12;1792:11551
99.9449,1788884282.9853,3,582.73,11769.16,12351.89,692.2,13699.2,49554.3,0.0,2263.827,43.193,305.845,1766:12;1792:11757
100.0504,1788884283.0908,3,582.76,11697.28,12280.04,709.6,13614.7,49638.8,0.0,2266.418,43.305,305.845,1766:12;1792:11685
100.1562,1788884283.1967,3,582.79,12825.79,13408.58,859.6,14472.8,48780.7,0.0,2272.266,43.416,305.845,1766:12;1792:12814
100.2630,1788884283.3035,3,582.79,12842.02,13424.81,1385.2,14519.8,48733.6,0.0,2275.043,43.520,305.845,1766:12;1792:12830
100.3718,1788884283.4123,3,582.79,12827.54,13410.33,833.2,14530.5,48722.9,0.0,2275.580,43.613,305.845,1766:12;1792:12815
100.4775,1788884283.5180,3,582.87,12485.51,13068.38,667.3,14167.0,49086.5,0.0,2282.073,43.705,305.845,1766:12;1792:12473
100.5822,1788884283.6226,3,582.92,13115.13,13698.05,624.2,14765.9,48487.5,0.0,2283.208,43.804,305.845,1766:12;1792:13103
100.6881,1788884283.7286,3,582.92,13610.11,14193.02,686.6,15250.1,48003.3,0.0,2283.790,43.864,305.845,1766:12;1792:13598
100.7929,1788884283.8333,3,582.92,13636.13,14219.05,904.8,15279.1,47974.4,0.0,2290.505,44.001,305.845,1766:12;1792:13624
100.9002,1788884283.9406,3,582.93,13678.79,14261.72,1030.1,15397.0,47856.4,0.0,2294.269,44.098,305.845,1766:12;1792:13667
101.0058,1788884284.0462,3,582.96,13524.55,14107.51,336.5,15269.2,47984.3,0.0,2299.313,44.248,305.845,1766:12;1792:13512
101.1098,1788884284.1502,3,583.01,14067.30,14650.31,738.8,15715.5,47538.0,0.0,2305.011,44.354,305.845,1766:12;1792:14055
101.2141,1788884284.2545,3,583.02,14031.79,14614.82,457.7,15781.3,47472.2,0.0,2305.687,44.484,305.845,1766:12;1792:14020
101.3217,1788884284.3622,3,583.04,14407.49,14990.53,762.9,16130.8,47122.7,0.0,2314.493,44.608,305.845,1766:12;1792:14395
101.4259,1788884284.4664,3,583.05,14125.49,14708.54,499.5,15707.7,47545.7,0.0,2317.971,44.721,305.845,1766:12;1792:14113
101.5300,1788884284.5705,3,583.26,13045.78,13629.04,737.8,14755.6,48497.9,0.0,2326.004,44.786,305.845,1766:12;1792:13034
101.6360,1788884284.6764,3,583.55,12592.57,13176.12,442.0,14376.4,48877.1,0.0,2326.918,44.842,305.845,1766:12;1792:12580
101.7398,1788884284.7803,3,583.75,12514.61,13098.36,422.3,14408.6,48844.8,0.0,2333.951,44.935,305.845,1766:12;1792:12502
101.8443,1788884284.8847,3,583.87,12809.11,13392.98,944.3,14714.8,48538.7,0.0,2337.837,44.955,305.845,1766:12;1792:12797
101.9489,1788884284.9894,3,584.01,12349.55,12933.57,719.4,14378.9,48874.5,0.0,2338.000,44.998,305.845,1766:12;1792:12337
102.0532,1788884285.0937,3,584.32,12376.01,12960.33,545.0,14310.9,48942.6,0.0,2340.277,45.014,305.845,1766:12;1792:12364
102.1577,1788884285.1981,3,584.50,12383.86,12968.36,317.3,14375.8,48877.7,0.0,2340.740,45.065,305.845,1766:12;1792:12372
102.2617,1788884285.3021,3,584.75,12440.21,13024.96,389.8,14440.1,48813.4,0.0,2342.826,45.073,305.845,1766:12;1792:12428
102.3671,1788884285.4076,3,584.96,12464.55,13049.51,431.7,14489.0,48764.4,0.0,2343.543,45.112,305.845,1766:12;1792:12452
102.4710,1788884285.5115,3,585.14,12325.63,12910.77,385.0,14295.4,48958.1,0.0,2345.589,45.131,305.845,1766:12;1792:12313
102.5750,1788884285.6155,3,585.48,12289.23,12874.70,467.8,14202.2,49051.2,0.0,2346.889,45.146,305.845,1766:12;1792:12277
102.6797,1788884285.7202,3,585.67,12261.89,12847.55,355.9,14159.9,49093.6,0.0,2347.084,45.190,305.845,1766:12;1792:12250
102.7837,1788884285.8241,3,585.85,12335.05,12920.90,336.6,14220.6,49032.9,0.0,2350.715,45.215,305.845,1766:12;1792:12323
102.8876,1788884285.9281,3,585.96,12339.18,12925.13,414.0,14267.3,48986.2,0.0,2350.820,45.280,305.845,1766:12;1792:12327
102.9915,1788884286.0320,3,586.09,12383.57,12969.66,298.3,14325.2,48928.2,0.0,2351.225,45.376,305.845,1766:12;1792:12371
103.0954,1788884286.1359,3,586.26,12336.67,12922.93,374.5,14324.2,48929.2,0.0,2354.732,45.455,305.845,1766:12;1792:12324
103.1996,1788884286.2401,3,586.28,12366.00,12952.28,202.2,14348.7,48904.8,0.0,2355.569,45.518,305.845,1766:12;1792:12354
103.3034,1788884286.3439,3,586.28,12389.48,12975.75,202.2,14366.5,48887.0,0.0,2355.970,45.586,305.845,1766:12;1792:12377
103.4073,1788884286.4477,3,586.28,12419.67,13005.95,354.7,14391.8,48861.7,0.0,2359.014,45.728,305.845,1766:12;1792:12407
103.5116,1788884286.5520,3,586.28,12460.05,13046.34,467.7,14419.0,48834.4,0.0,2366.774,45.875,305.845,1766:12;1792:12448
103.6167,1788884286.6571,3,586.28,12593.96,13180.24,666.8,14504.8,48748.7,0.0,2370.007,46.012,305.845,1766:12;1792:12582
103.7214,1788884286.7618,3,586.30,12573.47,13159.77,317.3,14562.1,48691.4,0.0,2373.446,46.123,305.845,1766:12;1792:12561
103.8253,1788884286.8658,3,586.36,12531.60,13117.96,624.0,14606.1,48647.4,0.0,2376.472,46.316,305.845,1766:12;1792:12519
103.9313,1788884286.9718,3,586.30,12689.66,13275.96,582.9,14767.5,48485.9,0.0,2380.370,46.420,305.845,1766:12;1792:12677
104.0358,1788884287.0762,3,586.31,12611.85,13198.16,298.1,14774.2,48479.2,0.0,2380.585,46.566,305.845,1766:12;1792:12600
104.1397,1788884287.1802,3,586.32,12630.29,13216.61,605.6,14809.3,48444.1,0.0,2391.090,46.723,305.845,1766:12;1792:12618
104.2437,1788884287.2842,3,586.32,12645.61,13231.93,298.5,14822.1,48431.4,0.0,2391.903,46.819,305.845,1766:12;1792:12633
104.3476,1788884287.3881,3,586.32,12696.62,13282.94,294.2,14822.3,48431.1,0.0,2393.049,46.976,305.845,1766:12;1792:12684
104.4532,1788884287.4937,3,586.32,12724.86,13311.18,554.4,14848.8,48404.7,0.0,2402.723,47.154,305.845,1766:12;1792:12713
104.5576,1788884287.5981,3,586.32,12748.50,13334.82,356.1,14869.0,48384.5,0.0,2403.217,47.280,305.845,1766:12;1792:12736
104.6615,1788884287.7020,3,586.33,12842.34,13428.67,452.1,14937.8,48315.7,0.0,2405.575,47.416,305.845,1766:12;1792:12830
104.7655,1788884287.8060,3,586.33,12850.80,13437.12,498.7,15044.6,48208.9,0.0,2409.699,47.545,305.845,1766:12;1792:12839
104.8720,1788884287.9125,3,586.33,12826.16,13412.49,230.3,15052.6,48200.9,0.0,2410.639,47.604,305.845,1766:12;1792:12814
104.9760,1788884288.0164,3,586.33,12907.81,13494.14,452.1,15096.1,48157.4,0.0,2418.823,47.766,305.845,1766:12;1792:12896
105.0799,1788884288.1204,3,586.33,12872.79,13459.12,566.9,15161.9,48091.6,0.0,2420.219,47.904,305.845,1766:12;1792:12861
105.1840,1788884288.2245,3,586.33,12906.62,13492.95,250.1,15163.6,48089.9,0.0,2423.686,48.028,305.845,1766:12;1792:12894
105.2880,1788884288.3284,3,586.34,12933.71,13520.05,363.0,15179.3,48074.2,0.0,2430.110,48.191,305.845,1766:12;1792:12921
105.3927,1788884288.4331,3,586.34,12968.12,13554.46,642.2,15201.0,48052.5,0.0,2434.533,48.337,305.845,1766:12;1792:12956
105.4973,1788884288.5377,3,586.34,12989.00,13575.34,268.6,15205.0,48048.5,0.0,2435.286,48.450,305.845,1766:12;1792:12977
105.6012,1788884288.6417,3,586.34,13026.95,13613.29,621.5,15219.7,48033.7,0.0,2444.479,48.627,305.845,1766:12;1792:13015
105.7058,1788884288.7462,3,586.34,13035.54,13621.88,470.2,15227.9,48025.6,0.0,2448.453,48.763,305.845,1766:12;1792:13023
105.8100,1788884288.8505,3,586.34,13055.22,13641.57,238.7,15239.9,48013.6,0.0,2451.317,48.926,305.845,1766:12;1792:13043
105.9148,1788884288.9552,3,586.34,13081.72,13668.06,673.5,15247.5,48005.9,0.0,2457.756,49.094,305.845,1766:12;1792:13069
106.0187,1788884289.0591,3,586.35,13099.99,13686.34,346.2,15249.2,48004.2,0.0,2461.019,49.196,305.845,1766:12;1792:13088
106.1226,1788884289.1631,3,586.35,13117.29,13703.64,307.8,15254.4,47999.1,0.0,2461.370,49.358,305.845,1766:12;1792:13105
106.2266,1788884289.2671,3,586.35,13133.77,13720.12,663.9,15266.5,47987.0,0.0,2470.778,49.500,305.845,1766:12;1792:13122
106.3306,1788884289.3711,3,586.36,13170.31,13756.66,425.5,15264.6,47988.8,0.0,2473.864,49.628,305.845,1766:12;1792:13158
106.4365,1788884289.4770,3,586.37,13350.30,13936.67,458.0,15397.9,47855.6,0.0,2474.299,49.769,305.845,1766:12;1792:13338
106.5411,1788884289.5816,3,586.38,13879.70,14466.07,1152.0,15807.4,47446.0,0.0,2480.512,49.827,305.845,1766:12;1792:13867
106.6453,1788884289.6857,3,586.43,13505.82,14092.25,634.3,15535.3,47718.2,0.0,2480.722,49.928,305.845,1766:12;1792:13494
106.7493,1788884289.7898,3,586.45,13402.78,13989.22,413.8,15429.6,47823.9,0.0,2481.693,50.065,305.845,1766:12;1792:13391
106.8532,1788884289.8937,3,586.48,13342.65,13929.13,690.5,15328.6,47924.9,0.0,2488.688,50.196,305.845,1766:12;1792:13330
106.9591,1788884289.9996,3,586.59,13373.03,13959.62,441.5,15373.1,47880.3,0.0,2489.313,50.323,305.845,1766:12;1792:13361
107.0631,1788884290.1036,3,586.65,13369.36,13956.02,660.1,15314.5,47939.0,0.0,2495.887,50.475,305.845,1766:12;1792:13357
107.1694,1788884290.2099,3,586.78,13440.34,14027.12,642.8,15364.7,47888.7,0.0,2496.159,50.559,305.845,1766:12;1792:13428
107.2734,1788884290.3139,3,586.80,13452.96,14039.76,317.1,15377.5,47876.0,0.0,2497.684,50.689,305.845,1766:12;1792:13441
107.3775,1788884290.4180,3,587.09,13527.02,14114.11,557.4,15467.3,47786.2,0.0,2501.032,50.709,305.845,1766:12;1792:13515
107.4818,1788884290.5222,3,587.15,13567.20,14154.34,402.8,15525.9,47727.6,0.0,2503.864,50.791,305.845,1766:12;1792:13555
107.5858,1788884290.6262,3,587.40,13653.88,14241.27,624.3,15667.7,47585.8,0.0,2511.015,50.812,305.845,1766:12;1792:13642
107.6899,1788884290.7304,3,587.57,13685.79,14273.36,1044.9,15882.8,47370.7,0.0,2511.015,50.812,305.845,1766:12;1792:13674
107.7943,1788884290.8347,3,587.94,13597.75,14185.69,499.6,15642.5,47611.0,0.0,2511.015,50.812,305.845,1766:12;1792:13586
107.8983,1788884290.9388,3,588.22,13537.98,14126.20,346.1,15617.2,47636.3,0.0,2511.015,50.812,305.845,1766:12;1792:13526
108.0024,1788884291.0428,3,588.26,13606.24,14194.50,113.4,15650.0,47603.5,0.0,2511.502,50.871,305.845,1766:12;1792:13594
108.1085,1788884291.1489,3,588.26,13608.16,14196.43,134.3,15651.7,47601.8,0.0,2512.064,50.885,305.845,1766:12;1792:13596
108.2124,1788884291.2529,3,588.26,13617.66,14205.93,173.2,15663.4,47590.1,0.0,2512.176,50.915,305.845,1766:12;1792:13605
108.3164,1788884291.3568,3,588.26,13649.81,14238.07,283.6,15679.8,47573.7,0.0,2514.934,51.012,305.845,1766:12;1792:13638
108.4224,1788884291.4629,3,588.26,13693.36,14281.62,762.0,15739.0,47514.5,0.0,2526.301,51.245,305.845,1766:12;1792:13681
108.5274,1788884291.5678,3,588.26,13695.02,14283.28,403.2,15753.9,47499.6,0.0,2528.222,51.344,305.845,1766:12;1792:13683
108.6313,1788884291.6718,3,588.26,13744.94,14333.20,320.8,15767.8,47485.7,0.0,2533.711,51.568,305.845,1766:12;1792:13733
108.7375,1788884291.7779,3,588.26,13759.07,14347.34,959.2,15802.2,47451.3,0.0,2541.746,51.732,305.845,1766:12;1792:13747
108.8415,1788884291.8820,3,588.26,13787.62,14375.88,397.0,15802.2,47451.3,0.0,2542.737,51.848,305.845,1766:12;1792:13775
108.9476,1788884291.9881,3,588.26,13816.88,14405.14,333.4,15821.8,47431.7,0.0,2545.639,52.024,305.845,1766:12;1792:13805
109.0523,1788884292.0928,3,588.26,13846.94,14435.20,727.6,15834.6,47418.9,0.0,2556.021,52.201,305.845,1766:12;1792:13835
109.1567,1788884292.1972,3,588.26,13855.51,14443.77,317.3,15838.8,47414.7,0.0,2557.477,52.360,305.845,1766:12;1792:13843
109.2608,1788884292.3012,3,588.26,13892.64,14480.90,577.0,15866.6,47386.9,0.0,2564.728,52.521,305.845,1766:12;1792:13880
109.3665,1788884292.4070,3,588.26,13920.48,14508.75,606.4,15892.3,47361.2,0.0,2571.775,52.702,305.845,1766:12;1792:13908
109.4704,1788884292.5108,3,588.26,13962.59,14550.85,295.8,15900.3,47353.2,0.0,2576.438,52.871,305.845,1766:12;1792:13950
109.5752,1788884292.6157,3,588.26,13960.77,14549.03,635.4,15930.5,47323.0,0.0,2579.276,53.042,305.845,1766:12;1792:13949
109.6790,1788884292.7195,3,588.26,13997.97,14586.23,343.9,15936.7,47316.8,0.0,2586.588,53.123,305.845,1766:12;1792:13986
109.7837,1788884292.8242,3,588.26,14009.64,14597.91,471.3,15958.0,47295.5,0.0,2587.182,53.310,305.845,1766:12;1792:13997
109.8877,1788884292.9282,3,588.26,14034.16,14622.42,375.4,15971.7,47281.8,0.0,2588.016,53.422,305.845,1766:12;1792:14022
109.9916,1788884293.0320,3,588.27,14069.63,14657.90,593.2,15988.9,47264.6,0.0,2593.947,53.609,305.845,1766:12;1792:14057
110.0963,1788884293.1367,3,588.30,14096.56,14684.86,498.4,16011.8,47241.7,0.0,2601.974,53.728,305.845,1766:12;1792:14084
110.2004,1788884293.2409,3,588.29,14099.20,14687.49,384.7,16037.8,47215.7,0.0,2602.598,53.880,305.845,1766:12;1792:14087
110.3044,1788884293.3449,3,588.29,14137.36,14725.65,461.0,16056.3,47197.2,0.0,2610.067,53.945,305.845,1766:12;1792:14125
110.4088,1788884293.4493,3,588.29,14166.80,14755.09,268.8,16071.1,47182.4,0.0,2615.597,54.138,305.845,1766:12;1792:14155
110.5127,1788884293.5532,3,588.29,14175.42,14763.71,711.9,16085.2,47168.3,0.0,2624.236,54.273,305.845,1766:12;1792:14163
110.6167,1788884293.6571,3,588.29,14209.47,14797.77,378.5,16114.8,47138.6,0.0,2631.627,54.410,305.845,1766:12;1792:14197
110.7224,1788884293.7628,3,588.29,14254.59,14842.88,369.4,16138.6,47114.8,0.0,2638.923,54.589,305.845,1766:12;1792:14242
110.8279,1788884293.8684,3,588.29,14239.53,14827.82,683.3,16155.1,47098.4,0.0,2646.272,54.731,305.845,1766:12;1792:14227
110.9318,1788884293.9723,3,588.29,14279.15,14867.44,373.0,16170.2,47083.3,0.0,2654.746,54.872,305.845,1766:12;1792:14267
111.0365,1788884294.0769,3,588.30,14437.41,15025.71,609.2,16338.3,46915.1,0.0,2669.031,55.061,305.845,1766:12;1792:14425
111.1434,1788884294.1838,3,588.30,14854.36,15442.66,902.9,16806.3,46447.2,0.0,2669.904,55.127,305.845,1766:12;1792:14842
111.2484,1788884294.2888,3,588.32,14528.61,15116.92,575.2,16720.2,46533.2,0.0,2676.174,55.248,305.845,1766:12;1792:14516
111.3526,1788884294.3931,3,588.32,14508.59,15096.91,317.0,16726.0,46527.5,0.0,2677.311,55.381,305.845,1766:12;1792:14496
111.4567,1788884294.4972,3,588.32,14518.03,15106.36,670.1,16652.2,46601.2,0.0,2685.417,55.515,305.845,1766:12;1792:14506
111.5626,1788884294.6031,3,588.34,15012.30,15600.64,848.5,17036.7,46216.7,0.0,2685.754,55.594,305.845,1766:12;1792:15000
111.6716,1788884294.7121,3,588.35,14794.06,15382.41,420.6,16993.6,46259.9,0.0,2689.608,55.732,305.845,1766:12;1792:14782
111.7756,1788884294.8161,3,588.39,14690.09,15278.49,768.0,16975.3,46278.2,0.0,2694.333,55.858,305.845,1766:12;1792:14678
111.8798,1788884294.9203,3,588.42,14593.32,15181.74,346.5,16895.8,46357.6,0.0,2694.694,55.996,305.845,1766:12;1792:14581
111.9837,1788884295.0242,3,588.50,14561.85,15150.35,813.1,16675.0,46578.5,0.0,2702.998,56.112,305.845,1766:12;1792:14550
112.0897,1788884295.1302,3,588.62,14535.78,15124.40,490.1,16561.6,46691.9,0.0,2703.493,56.219,305.845,1766:12;1792:14524
112.1936,1788884295.2340,3,588.66,14606.23,15194.89,365.4,16581.5,46672.0,0.0,2705.616,56.373,305.845,1766:12;1792:14594
112.2978,1788884295.3383,3,588.74,14642.41,15231.16,734.0,16578.6,46674.9,0.0,2711.442,56.453,305.845,1766:12;1792:14630
112.4040,1788884295.4445,3,588.89,14701.36,15290.25,306.7,16649.2,46604.3,0.0,2711.784,56.543,305.845,1766:12;1792:14689
112.5081,1788884295.5486,3,589.14,14604.88,15194.02,430.5,16529.4,46724.0,0.0,2717.897,56.572,305.845,1766:12;1792:14593
112.6128,1788884295.6532,3,589.20,14657.78,15246.98,211.6,16545.1,46708.3,0.0,2718.863,56.625,305.845,1766:12;1792:14646
112.7166,1788884295.7571,3,589.20,14688.36,15277.56,192.5,16558.4,46695.0,0.0,2719.508,56.730,305.845,1766:12;1792:14676
112.8205,1788884295.8610,3,589.20,14717.02,15306.23,402.9,16570.5,46683.0,0.0,2722.486,56.814,305.845,1766:12;1792:14705
112.9250,1788884295.9655,3,589.20,14750.90,15340.10,405.9,16598.9,46654.6,0.0,2734.939,57.033,305.845,1766:12;1792:14739
113.0309,1788884296.0714,3,589.20,14744.80,15334.01,672.2,16631.6,46621.9,0.0,2737.536,57.183,305.845,1766:12;1792:14733
113.1348,1788884296.1753,3,589.20,14794.41,15383.61,375.2,16629.8,46623.7,0.0,2744.319,57.325,305.845,1766:12;1792:14782
113.2388,1788884296.2793,3,589.21,14823.18,15412.39,528.9,16657.4,46596.1,0.0,2754.548,57.447,305.845,1766:12;1792:14811
113.3428,1788884296.3833,3,589.22,15053.07,15642.29,682.4,16868.8,46384.7,0.0,2758.768,57.596,305.845,1766:12;1792:15041
113.4517,1788884296.4922,3,589.22,15074.08,15663.30,565.0,17027.1,46226.4,0.0,2760.064,57.665,305.845,1766:12;1792:15062
113.5557,1788884296.5961,3,589.23,14993.28,15582.51,421.1,16926.1,46327.4,0.0,2771.744,57.888,305.845,1766:12;1792:14981
113.6628,1788884296.7033,3,589.25,14898.09,15487.34,623.7,16908.6,46344.9,0.0,2776.608,58.019,305.845,1766:12;1792:14886
113.7683,1788884296.8088,3,589.25,14945.41,15534.66,375.3,16913.0,46340.5,0.0,2777.602,58.140,305.845,1766:12;1792:14933
113.8723,1788884296.9127,3,589.25,14978.21,15567.46,470.9,16925.3,46328.2,0.0,2789.578,58.319,305.845,1766:12;1792:14966
113.9763,1788884297.0168,3,589.25,14984.09,15573.34,688.4,16945.9,46307.6,0.0,2793.153,58.475,305.845,1766:12;1792:14972
114.0809,1788884297.1214,3,589.25,15014.77,15604.02,247.4,16949.9,46303.6,0.0,2793.641,58.613,305.845,1766:12;1792:15003
114.1861,1788884297.2265,3,589.25,15070.46,15659.71,605.5,16961.1,46292.4,0.0,2804.949,58.808,305.845,1766:12;1792:15058
114.2919,1788884297.3323,3,589.25,15062.39,15651.64,658.7,16981.7,46271.8,0.0,2808.433,58.962,305.845,1766:12;1792:15050
114.3965,1788884297.4369,3,589.25,15102.54,15691.79,387.5,16985.6,46267.8,0.0,2812.765,59.119,305.845,1766:12;1792:15090
114.5025,1788884297.5430,3,589.25,15103.02,15692.28,561.3,17014.0,46239.5,0.0,2821.272,59.289,305.845,1766:12;1792:15091
114.6074,1788884297.6479,3,589.25,15123.37,15712.62,330.5,17018.0,46235.5,0.0,2824.360,59.379,305.845,1766:12;1792:15111
114.7135,1788884297.7540,3,589.25,15166.80,15756.05,364.9,17022.7,46230.8,0.0,2831.210,59.577,305.845,1766:12;1792:15155
114.8175,1788884297.8579,3,589.26,15202.21,15791.47,643.7,17053.3,46200.2,0.0,2840.599,59.741,305.845,1766:12;1792:15190
114.9216,1788884297.9620,3,589.26,15226.91,15816.16,500.5,17075.3,46178.1,0.0,2847.551,59.888,305.845,1766:12;1792:15215
115.0254,1788884298.0659,3,589.26,15257.89,15847.15,508.8,17107.3,46146.2,0.0,2857.830,60.050,305.845,1766:12;1792:15246
115.1296,1788884298.1701,3,589.26,15278.72,15867.98,566.7,17125.0,46128.5,0.0,2869.073,60.255,305.845,1766:12;1792:15266
115.2357,1788884298.2761,3,589.26,15298.25,15887.51,460.6,17129.3,46124.2,0.0,2873.733,60.367,305.845,1766:12;1792:15286
115.3397,1788884298.3801,3,589.26,15353.02,15942.27,633.8,17142.5,46111.0,0.0,2886.704,60.585,305.845,1766:12;1792:15341
115.4456,1788884298.4861,3,589.26,15343.07,15932.32,518.8,17165.9,46087.6,0.0,2893.269,60.717,305.845,1766:12;1792:15331
115.5495,1788884298.5899,3,589.26,15357.81,15947.07,268.7,17175.1,46078.4,0.0,2896.780,60.878,305.845,1766:12;1792:15346
115.6536,1788884298.6941,3,589.26,15415.43,16004.69,824.7,17221.5,46032.0,0.0,2908.149,61.013,305.845,1766:12;1792:15403
115.7579,1788884298.7984,3,589.29,15740.19,16329.48,710.7,17640.9,45612.6,0.0,2913.436,61.101,305.845,1766:12;1792:15728
115.8640,1788884298.9044,3,589.30,15720.66,16309.96,846.6,17803.0,45450.5,0.0,2914.105,61.171,305.845,1766:12;1792:15708
115.9698,1788884299.0103,3,589.36,16059.28,16648.64,734.0,18018.9,45234.5,0.0,2916.258,61.259,305.845,1766:12;1792:16047
116.0761,1788884299.1166,3,589.38,15687.90,16277.28,623.1,17793.0,45460.4,0.0,2924.675,61.356,305.845,1766:12;1792:15676
116.1822,1788884299.2227,3,589.38,15654.08,16243.46,278.0,17787.4,45466.0,0.0,2924.986,61.467,305.845,1766:12;1792:15642
116.2864,1788884299.3268,3,589.39,15612.96,16202.34,409.4,17650.4,45603.0,0.0,2926.791,61.581,305.845,1766:12;1792:15601
116.3913,1788884299.4318,3,589.42,15723.00,16312.42,577.2,17609.9,45643.6,0.0,2932.926,61.724,305.845,1766:12;1792:15711
116.4972,1788884299.5377,3,589.44,15620.70,16210.14,574.5,17623.1,45630.4,0.0,2934.958,61.867,305.845,1766:12;1792:15608
116.6016,1788884299.6421,3,589.48,15670.04,16259.52,382.7,17488.2,45765.3,0.0,2935.994,61.970,305.845,1766:12;1792:15658
116.7060,1788884299.7464,3,589.59,15802.86,16392.45,747.6,17533.1,45720.4,0.0,2944.818,62.077,305.845,1766:12;1792:15791
116.8118,1788884299.8523,3,589.72,15673.98,16263.70,461.3,17451.7,45801.7,0.0,2945.550,62.186,305.845,1766:12;1792:15662
116.9157,1788884299.9561,3,589.85,15799.92,16389.77,331.3,17519.7,45733.8,0.0,2953.305,62.339,305.845,1766:12;1792:15788
117.0216,1788884300.0620,3,589.88,16058.18,16648.06,677.5,17784.1,45469.3,0.0,2954.290,62.386,305.845,1766:12;1792:16046
117.1279,1788884300.1683,3,589.95,16194.46,16784.41,863.4,18093.7,45159.8,0.0,2954.510,62.432,305.845,1766:12;1792:16182
117.2319,1788884300.2723,3,590.15,15870.87,16461.02,600.8,17814.6,45438.9,0.0,2954.682,62.523,305.845,1766:12;1792:15859
117.3367,1788884300.3772,3,590.16,15903.99,16494.15,266.7,17830.9,45422.6,0.0,2955.069,62.602,305.845,1766:12;1792:15892
117.4417,1788884300.4821,3,590.25,15940.96,16531.22,454.1,17821.1,45432.3,0.0,2955.461,62.692,305.845,1766:12;1792:15929
117.5476,1788884300.5881,3,590.58,15946.57,16537.16,607.1,17941.8,45311.7,0.0,2955.487,62.693,305.845,1766:12;1792:15934
117.6528,1788884300.6933,3,590.89,15937.36,16528.24,298.1,17898.6,45354.8,0.0,2955.488,62.729,305.845,1766:12;1792:15925
117.7568,1788884300.7972,3,590.90,15967.73,16558.63,125.0,17908.0,45345.5,0.0,2956.424,62.762,305.845,1766:12;1792:15955
117.8608,1788884300.9012,3,590.90,15977.35,16568.25,153.9,17923.2,45330.2,0.0,2956.579,62.781,305.845,1766:12;1792:15965
117.9648,1788884301.0052,3,590.90,16001.30,16592.20,208.3,17931.5,45322.0,0.0,2956.632,62.831,305.845,1766:12;1792:15989
118.0706,1788884301.1111,3,590.90,16041.13,16632.03,450.3,17960.2,45293.2,0.0,2961.592,62.962,305.845,1766:12;1792:16029
118.1748,1788884301.2152,3,590.90,16076.90,16667.80,670.7,17998.8,45254.6,0.0,2978.825,63.158,305.845,1766:12;1792:16065
118.2808,1788884301.3213,3,590.90,16094.05,16684.95,422.5,18009.2,45244.3,0.0,2981.849,63.293,305.845,1766:12;1792:16082
118.3848,1788884301.4252,3,590.90,16140.16,16731.05,732.7,18034.4,45219.1,0.0,2999.144,63.478,305.845,1766:12;1792:16128
118.4900,1788884301.5304,3,590.90,16144.39,16735.29,544.3,18046.4,45207.0,0.0,3002.895,63.598,305.845,1766:12;1792:16132
118.5946,1788884301.6350,3,590.90,16172.34,16763.23,434.9,18054.7,45198.7,0.0,3006.636,63.764,305.845,1766:12;1792:16160
118.7006,1788884301.7410,3,590.90,16200.85,16791.75,622.2,18080.2,45173.2,0.0,3017.887,63.924,305.845,1766:12;1792:16189
118.8048,1788884301.8453,3,590.90,16209.12,16800.02,259.6,18092.6,45160.8,0.0,3019.869,64.050,305.845,1766:12;1792:16197
118.9088,1788884301.9493,3,590.90,16276.17,16867.07,629.6,18097.4,45156.0,0.0,3037.497,64.252,305.845,1766:12;1792:16264
119.0137,1788884302.0542,3,590.90,16272.69,16863.59,701.3,18122.2,45131.3,0.0,3040.199,64.374,305.845,1766:12;1792:16260
119.1178,1788884302.1582,3,590.90,16298.48,16889.38,277.1,18130.2,45123.3,0.0,3042.843,64.528,305.845,1766:12;1792:16286
119.2224,1788884302.2629,3,590.90,16331.62,16922.53,782.8,18142.0,45111.5,0.0,3060.247,64.667,305.845,1766:12;1792:16319
119.3272,1788884302.3677,3,590.90,16325.60,16916.50,422.5,18165.9,45087.6,0.0,3062.527,64.815,305.845,1766:12;1792:16313
119.4314,1788884302.4719,3,590.90,16370.10,16961.00,228.6,18165.9,45087.6,0.0,3066.232,64.969,305.845,1766:12;1792:16358
119.5366,1788884302.5771,3,590.90,16397.30,16988.21,824.7,18174.6,45078.9,0.0,3082.793,65.117,305.845,1766:12;1792:16385
119.6406,1788884302.6811,3,590.90,16391.69,16982.59,442.8,18188.6,45064.9,0.0,3084.397,65.238,305.845,1766:12;1792:16379
119.7445,1788884302.7849,3,590.90,16423.73,17014.64,321.8,18200.5,45052.9,0.0,3090.116,65.401,305.845,1766:12;1792:16411
119.8504,1788884302.8908,3,590.91,16450.32,17041.22,547.2,18216.7,45036.7,0.0,3105.933,65.563,305.845,1766:12;1792:16438
119.9543,1788884302.9948,3,590.91,16476.97,17067.88,510.0,18243.0,45010.5,0.0,3115.388,65.720,305.845,1766:12;1792:16465
120.0604,1788884303.1009,3,590.91,16504.67,17095.57,528.2,18273.2,44980.2,0.0,3122.543,65.874,305.845,1766:12;1792:16492
120.1643,1788884303.2048,3,590.91,16545.86,17136.77,639.8,18296.9,44956.5,0.0,3140.372,66.016,305.845,1766:12;1792:16534
120.2690,1788884303.3095,3,590.91,16581.45,17172.36,532.9,18314.2,44939.3,0.0,3153.217,66.227,305.845,1766:12;1792:16569
120.3740,1788884303.4145,3,590.91,16596.50,17187.41,610.4,18331.0,44922.5,0.0,3163.643,66.370,305.845,1766:12;1792:16584
120.4789,1788884303.5194,3,590.91,16610.02,17200.93,394.4,18344.7,44908.8,0.0,3175.854,66.509,305.845,1766:12;1792:16598
120.5829,1788884303.6234,3,590.91,16667.91,17258.82,927.2,18373.7,44879.8,0.0,3193.261,66.714,305.845,1766:12;1792:16656
120.6888,1788884303.7293,3,590.91,16742.33,17333.24,566.0,18503.4,44750.1,0.0,3202.019,66.840,305.845,1766:12;1792:16730
120.7929,1788884303.8333,3,590.91,16882.74,17473.65,460.7,18631.9,44621.5,0.0,3208.140,66.987,305.845,1766:12;1792:16870
120.8971,1788884303.9375,3,590.92,17065.33,17656.25,998.3,18836.4,44417.1,0.0,3224.508,67.104,305.845,1766:12;1792:17053
121.0015,1788884304.0419,3,590.94,16896.59,17487.54,690.3,18744.3,44509.1,0.0,3231.839,67.219,305.845,1766:12;1792:16884
121.1061,1788884304.1465,3,590.98,17346.25,17937.23,616.4,19129.0,44124.5,0.0,3239.630,67.370,305.845,1766:12;1792:17334
121.2200,1788884304.2605,3,590.98,18367.95,18958.94,1423.1,20099.5,43153.9,0.0,3244.319,67.420,305.845,1766:12;1792:18356
121.3260,1788884304.3665,3,590.99,18579.64,19170.63,1367.9,20317.6,42935.8,0.0,3250.899,67.476,305.845,1766:12;1792:18567
121.4345,1788884304.4749,3,591.01,18585.83,19176.84,1263.9,20396.5,42856.9,0.0,3255.144,67.533,305.845,1766:12;1792:18574
121.5404,1788884304.5808,3,591.05,18455.88,19046.92,1339.4,20432.7,42820.8,0.0,3257.752,67.551,305.845,1766:12;1792:18444
121.6470,1788884304.6874,3,591.25,18022.85,18614.10,1250.2,19963.2,43290.3,0.0,3258.932,67.561,305.845,1766:12;1792:18011
121.7527,1788884304.7932,3,591.35,17998.06,18589.41,1200.3,19825.1,43428.4,0.0,3259.835,67.578,305.845,1766:12;1792:17986
121.8586,1788884304.8990,3,591.41,18429.40,19020.81,1220.4,20098.0,43155.5,0.0,3260.301,67.586,305.845,1766:12;1792:18417
121.9633,1788884305.0037,3,591.61,18172.30,18763.91,1159.1,19915.7,43337.7,0.0,3260.301,67.586,305.845,1766:12;1792:18160
122.0685,1788884305.1090,3,591.74,18137.40,18729.14,1323.4,19937.0,43316.5,0.0,3260.301,67.586,305.845,1766:12;1792:18125
122.1745,1788884305.2149,3,591.90,17586.33,18178.23,1037.3,19417.3,43836.2,0.0,3260.301,67.586,305.845,1766:12;1792:17574
122.2784,1788884305.3188,3,592.20,17038.55,17630.75,622.0,18784.9,44468.5,0.0,3260.301,67.586,305.845,1766:12;1792:17026
122.3829,1788884305.4233,3,592.38,17045.29,17637.67,173.2,18784.8,44468.6,0.0,3260.592,67.619,305.845,1766:12;1792:17033
122.4868,1788884305.5272,3,592.41,17054.71,17647.12,163.6,18791.7,44461.8,0.0,3260.901,67.638,305.845,1766:12;1792:17042
122.5907,1788884305.6312,3,592.35,17082.60,17674.95,259.5,18818.0,44435.5,0.0,3261.109,67.768,305.845,1766:12;1792:17070
122.6948,1788884305.7352,3,592.36,17167.11,17759.47,547.6,18886.1,44367.4,0.0,3272.794,67.874,305.845,1766:12;1792:17155
122.8009,1788884305.8414,3,592.36,17161.56,17753.93,326.0,18904.1,44349.4,0.0,3273.043,67.966,305.845,1766:12;1792:17149
122.9049,1788884305.9454,3,592.36,17197.18,17789.54,442.8,18929.0,44324.5,0.0,3273.847,68.122,305.845,1766:12;1792:17185
123.0088,1788884306.0493,3,592.37,17255.71,17848.08,644.7,18971.8,44281.7,0.0,3290.122,68.306,305.845,1766:12;1792:17243
123.1128,1788884306.1533,3,592.37,17258.30,17850.67,519.1,19023.9,44229.5,0.0,3290.412,68.461,305.845,1766:12;1792:17246
123.2189,1788884306.2594,3,592.37,17272.52,17864.89,470.1,19049.9,44203.6,0.0,3291.106,68.599,305.845,1766:12;1792:17260
123.3230,1788884306.3634,3,592.37,17301.62,17893.99,399.6,19061.9,44191.6,0.0,3298.310,68.764,305.845,1766:12;1792:17289
123.4281,1788884306.4685,3,592.37,17337.39,17929.75,888.9,19107.5,44145.9,0.0,3308.234,68.939,305.845,1766:12;1792:17325
123.5340,1788884306.5745,3,592.37,17346.09,17938.46,422.2,19133.2,44120.2,0.0,3309.672,69.081,305.845,1766:12;1792:17334
123.6380,1788884306.6785,3,592.37,17426.34,18018.70,520.3,19150.8,44102.7,0.0,3322.219,69.284,305.845,1766:12;1792:17414
123.7440,1788884306.7845,3,592.37,17400.77,17993.13,778.0,19212.3,44041.2,0.0,3326.811,69.433,305.845,1766:12;1792:17389
123.8479,1788884306.8883,3,592.37,17431.94,18024.30,264.5,19212.3,44041.2,0.0,3327.987,69.546,305.845,1766:12;1792:17420
123.9539,1788884306.9944,3,592.37,17469.00,18061.37,565.9,19232.6,44020.9,0.0,3339.224,69.771,305.845,1766:12;1792:17457
124.0580,1788884307.0985,3,592.37,17484.00,18076.37,529.0,19268.6,43984.9,0.0,3346.047,69.879,305.845,1766:12;1792:17472
124.1619,1788884307.2024,3,592.37,17517.00,18109.37,432.9,19282.0,43971.5,0.0,3346.842,70.049,305.845,1766:12;1792:17505
124.2659,1788884307.3064,3,592.37,17530.40,18122.77,568.2,19290.0,43963.5,0.0,3357.953,70.191,305.845,1766:12;1792:17518
124.3717,1788884307.4121,3,592.37,17534.23,18126.60,481.7,19311.2,43942.2,0.0,3363.591,70.358,305.845,1766:12;1792:17522
124.4776,1788884307.5180,3,592.37,17554.95,18147.32,288.2,19319.4,43934.0,0.0,3367.306,70.507,305.845,1766:12;1792:17543
124.5814,1788884307.6219,3,592.37,17609.79,18202.16,756.9,19336.7,43916.8,0.0,3379.049,70.667,305.845,1766:12;1792:17598
124.6860,1788884307.7264,3,592.38,17613.74,18206.12,593.2,19376.7,43876.8,0.0,3386.001,70.780,305.845,1766:12;1792:17602
124.7904,1788884307.8308,3,592.38,17628.35,18220.73,259.9,19379.2,43874.3,0.0,3386.999,70.888,305.845,1766:12;1792:17616
124.8942,1788884307.9347,3,592.38,17644.27,18236.65,590.0,19425.2,43828.3,0.0,3401.860,71.088,305.845,1766:12;1792:17632
124.9993,1788884308.0398,3,592.38,17667.48,18259.86,652.5,19444.5,43809.0,0.0,3411.624,71.246,305.845,1766:12;1792:17655
125.1053,1788884308.1457,3,592.38,17709.16,18301.54,268.9,19446.0,43807.5,0.0,3417.586,71.374,305.845,1766:12;1792:17697
125.2092,1788884308.2496,3,592.38,17726.95,18319.33,457.0,19475.0,43778.5,0.0,3425.435,71.548,305.845,1766:12;1792:17715
125.3143,1788884308.3548,3,592.38,17760.86,18353.24,653.1,19498.7,43754.8,0.0,3442.800,71.702,305.845,1766:12;1792:17749
125.4184,1788884308.4588,3,592.38,17758.88,18351.26,443.8,19508.5,43745.0,0.0,3444.201,71.838,305.845,1766:12;1792:17747
125.5244,1788884308.5649,3,592.38,17784.40,18376.78,499.3,19526.1,43727.3,0.0,3454.918,71.986,305.845,1766:12;1792:17772
125.6284,1788884308.6688,3,592.39,18004.81,18597.20,863.5,19766.8,43486.6,0.0,3468.284,72.108,305.845,1766:12;1792:17993
125.7326,1788884308.7731,3,592.39,18019.82,18612.21,547.8,19965.8,43287.6,0.0,3472.536,72.201,305.845,1766:12;1792:18008
125.8367,1788884308.8771,3,592.42,18566.25,19158.67,900.8,20459.4,42794.1,0.0,3478.418,72.284,305.845,1766:12;1792:18554
125.9411,1788884308.9815,3,592.54,18161.36,18753.89,725.5,20085.2,43168.2,0.0,3478.662,72.362,305.845,1766:12;1792:18149
126.0489,1788884309.0894,3,592.63,18012.77,18605.40,718.9,20065.8,43187.6,0.0,3478.761,72.441,305.845,1766:12;1792:18001
126.1528,1788884309.1933,3,593.05,17969.43,18562.48,468.8,20012.7,43240.8,0.0,3479.023,72.511,305.845,1766:12;1792:17957
126.2574,1788884309.2978,3,593.28,18044.39,18637.67,259.7,20072.5,43180.9,0.0,3479.024,72.559,305.845,1766:12;1792:18032
126.3613,1788884309.4018,3,593.28,18055.52,18648.79,124.9,20088.7,43164.8,0.0,3479.935,72.583,305.845,1766:12;1792:18043
126.4654,1788884309.5059,3,593.28,18052.18,18645.46,154.1,20089.3,43164.2,0.0,3480.032,72.584,305.845,1766:12;1792:18040
126.5692,1788884309.6097,3,593.28,18083.06,18676.34,211.5,20104.2,43149.3,0.0,3480.348,72.705,305.845,1766:12;1792:18071
126.6733,1788884309.7137,3,593.28,18154.62,18747.90,605.1,20165.9,43087.5,0.0,3498.616,72.901,305.845,1766:12;1792:18142
126.7792,1788884309.8197,3,593.28,18124.74,18718.02,566.5,20199.6,43053.8,0.0,3501.641,73.013,305.845,1766:12;1792:18113
126.8832,1788884309.9236,3,593.28,18182.05,18775.33,326.3,20200.4,43053.1,0.0,3505.232,73.177,305.845,1766:12;1792:18170
126.9874,1788884310.0278,3,593.28,18202.77,18796.05,778.5,20213.0,43040.5,0.0,3521.986,73.350,305.845,1766:12;1792:18191
127.0914,1788884310.1319,3,593.28,18204.05,18797.33,397.6,20236.7,43016.8,0.0,3522.536,73.495,305.845,1766:12;1792:18192
127.1973,1788884310.2377,3,593.28,18237.72,18831.00,480.9,20250.7,43002.8,0.0,3524.360,73.659,305.845,1766:12;1792:18225
127.3034,1788884310.3438,3,593.28,18263.06,18856.34,412.5,20262.6,42990.9,0.0,3534.163,73.778,305.845,1766:12;1792:18251
127.4073,1788884310.4478,3,593.28,18271.54,18864.82,345.6,20273.0,42980.5,0.0,3535.138,73.887,305.845,1766:12;1792:18259
127.5115,1788884310.5520,3,593.28,18295.23,18888.51,664.4,20286.4,42967.1,0.0,3545.703,74.068,305.845,1766:12;1792:18283
127.6154,1788884310.6558,3,593.28,18329.83,18923.11,548.5,20307.6,42945.9,0.0,3555.552,74.191,305.845,1766:12;1792:18318
127.7193,1788884310.7598,3,593.28,18358.20,18951.48,336.8,20311.1,42942.4,0.0,3558.808,74.319,305.845,1766:12;1792:18346
127.8232,1788884310.8637,3,593.28,18356.57,18949.86,384.7,20319.3,42934.2,0.0,3559.103,74.468,305.845,1766:12;1792:18344
127.9272,1788884310.9677,3,593.28,18391.09,18984.38,500.6,20328.1,42925.3,0.0,3570.641,74.603,305.845,1766:12;1792:18379
128.0311,1788884311.0715,3,593.29,18374.88,18968.17,249.0,20336.6,42916.8,0.0,3575.715,74.701,305.845,1766:12;1792:18363
128.1355,1788884311.1760,3,593.29,18381.76,18975.04,307.8,20334.6,42918.9,0.0,3581.756,74.796,305.845,1766:12;1792:18370
128.2395,1788884311.2799,3,593.29,18412.12,19005.41,374.5,20348.5,42905.0,0.0,3601.398,74.932,305.845,1766:12;1792:18400
128.3436,1788884311.3841,3,593.29,18409.93,19003.22,288.6,20354.4,42899.0,0.0,3602.496,75.007,305.845,1766:12;1792:18398
128.4476,1788884311.4880,3,593.29,18463.02,19056.30,211.2,20354.4,42899.0,0.0,3619.054,75.137,305.845,1766:12;1792:18451
128.5518,1788884311.5922,3,593.29,18430.48,19023.76,625.1,20366.9,42886.5,0.0,3623.814,75.179,305.845,1766:12;1792:18418
128.6559,1788884311.6963,3,593.29,18450.71,19044.00,96.1,20366.9,42886.5,0.0,3624.357,75.274,305.845,1766:12;1792:18438
128.7597,1788884311.8002,3,593.29,18463.39,19056.67,634.9,20376.7,42876.8,0.0,3645.376,75.413,305.845,1766:12;1792:18451
128.8637,1788884311.9041,3,593.29,18477.83,19071.12,154.0,20377.0,42876.5,0.0,3645.989,75.550,305.845,1766:12;1792:18466
128.9676,1788884312.0080,3,593.29,18529.31,19122.61,528.5,20393.4,42860.1,0.0,3666.384,75.624,305.845,1766:12;1792:18517
129.0717,1788884312.1121,3,593.30,18884.73,19478.04,730.2,20708.6,42544.8,0.0,3666.681,75.658,305.845,1766:12;1792:18872
129.1758,1788884312.2162,3,593.47,18675.38,19268.84,614.1,20501.3,42752.1,0.0,3675.795,75.729,305.845,1766:12;1792:18663
129.2818,1788884312.3223,3,593.54,19065.95,19659.48,748.8,20862.1,42391.4,0.0,3677.606,75.750,305.845,1766:12;1792:19054
129.3858,1788884312.4262,3,593.54,18918.84,19512.38,339.4,20947.8,42305.6,0.0,3677.697,75.816,305.845,1766:12;1792:18907
129.4920,1788884312.5325,3,593.60,18680.12,19273.72,633.9,20673.8,42579.7,0.0,3678.007,75.900,305.845,1766:12;1792:18668
129.5959,1788884312.6364,3,593.71,18767.42,19361.13,477.9,20688.3,42565.2,0.0,3678.197,75.993,305.845,1766:12;1792:18755
129.7007,1788884312.7411,3,593.82,18729.16,19322.98,221.1,20688.3,42565.2,0.0,3678.531,76.065,305.845,1766:12;1792:18717
129.8046,1788884312.8451,3,593.82,18749.41,19343.22,298.2,20693.3,42560.2,0.0,3678.888,76.107,305.845,1766:12;1792:18737
129.9085,1788884312.9490,3,593.82,18782.28,19376.09,229.6,20699.7,42553.7,0.0,3684.783,76.283,305.845,1766:12;1792:18770
130.0131,1788884313.0535,3,593.82,18784.68,19378.50,721.5,20754.6,42498.9,0.0,3690.705,76.395,305.845,1766:12;1792:18772
130.1170,1788884313.1575,3,593.82,18813.77,19407.59,355.0,20749.7,42503.7,0.0,3691.192,76.504,305.845,1766:12;1792:18802
130.2213,1788884313.2618,3,593.82,18859.05,19452.87,397.2,20751.9,42501.6,0.0,3700.173,76.663,305.845,1766:12;1792:18847
130.3272,1788884313.3677,3,593.82,18855.84,19449.66,428.4,20764.6,42488.9,0.0,3701.732,76.770,305.845,1766:12;1792:18844
130.4320,1788884313.4725,3,593.82,18862.97,19456.79,279.0,20764.6,42488.9,0.0,3702.528,76.867,305.845,1766:12;1792:18851
130.5360,1788884313.5764,3,593.82,18870.43,19464.25,596.4,20781.9,42471.6,0.0,3712.714,76.976,305.845,1766:12;1792:18858
130.6399,1788884313.6804,3,593.82,18874.88,19468.71,77.0,20781.9,42471.6,0.0,3713.033,77.055,305.845,1766:12;1792:18863
130.7437,1788884313.7842,3,593.82,18889.23,19483.05,125.2,20785.9,42467.6,0.0,3723.047,77.094,305.845,1766:12;1792:18877
130.8476,1788884313.8881,3,593.82,18882.24,19476.07,115.6,20790.6,42462.8,0.0,3723.243,77.123,305.845,1766:12;1792:18870
130.9514,1788884313.9919,3,593.82,18896.41,19490.23,125.2,20790.6,42462.8,0.0,3729.422,77.196,305.845,1766:12;1792:18884
131.0553,1788884314.0957,3,593.83,18895.27,19489.10,173.3,20794.6,42458.9,0.0,3733.057,77.240,305.845,1766:12;1792:18883
131.1591,1788884314.1996,3,593.83,18911.99,19505.82,67.4,20794.6,42458.9,0.0,3734.099,77.303,305.845,1766:12;1792:18900
131.2630,1788884314.3035,3,593.83,18908.77,19502.60,202.2,20800.3,42453.1,0.0,3743.027,77.348,305.845,1766:12;1792:18897
131.3669,1788884314.4073,3,593.83,18925.09,19518.92,77.0,20800.3,42453.1,0.0,3743.339,77.422,305.845,1766:12;1792:18913
131.4709,1788884314.5113,3,593.89,18950.93,19544.82,48.1,20812.3,42441.1,0.0,3743.529,77.440,305.845,1766:12;1792:18939
131.5748,1788884314.6153,3,593.89,18958.58,19552.46,298.3,20811.7,42441.8,0.0,3753.494,77.469,305.845,1766:12;1792:18946
131.6788,1788884314.7192,3,593.89,18986.31,19580.20,283.3,20817.1,42436.4,0.0,3753.927,77.634,305.845,1766:12;1792:18974
131.7849,1788884314.8254,3,593.89,19013.77,19607.65,557.1,20840.2,42413.3,0.0,3764.618,77.761,305.845,1766:12;1792:19002
131.8888,1788884314.9292,3,593.89,19025.88,19619.77,209.8,20844.4,42409.0,0.0,3765.259,77.858,305.845,1766:12;1792:19014
131.9936,1788884315.0341,3,593.89,19044.63,19638.52,288.3,20850.9,42402.6,0.0,3772.410,77.995,305.845,1766:12;1792:19032
132.0977,1788884315.1382,3,593.89,19047.35,19641.23,644.9,20866.9,42386.5,0.0,3776.832,78.112,305.845,1766:12;1792:19035
132.2016,1788884315.2421,3,593.89,19078.70,19672.59,317.5,20874.9,42378.5,0.0,3777.308,78.257,305.845,1766:12;1792:19066
132.3055,1788884315.3460,3,593.89,19228.93,19822.82,716.9,20995.7,42257.8,0.0,3787.067,78.368,305.845,1766:12;1792:19217
132.4105,1788884315.4509,3,593.94,19454.91,20048.85,690.9,21241.7,42011.8,0.0,3787.995,78.452,305.845,1766:12;1792:19443
132.5164,1788884315.5568,3,593.98,19259.10,19853.08,673.9,21170.0,42083.5,0.0,3788.196,78.530,305.845,1766:12;1792:19247
132.6213,1788884315.6618,3,594.09,19240.78,19834.87,519.0,21078.7,42174.8,0.0,3788.514,78.600,305.845,1766:12;1792:19229
132.7253,1788884315.7657,3,594.15,19197.53,19791.68,316.8,21027.0,42226.5,0.0,3788.921,78.677,305.845,1766:12;1792:19185
132.8295,1788884315.8699,3,594.21,19218.42,19812.63,57.7,21037.3,42216.2,0.0,3788.923,78.693,305.845,1766:12;1792:19206
132.9334,1788884315.9739,3,594.21,19224.07,19818.28,115.5,21040.2,42213.2,0.0,3789.214,78.712,305.845,1766:12;1792:19212
133.0373,1788884316.0777,3,594.21,19240.43,19834.65,86.6,21059.7,42193.7,0.0,3793.476,78.790,305.845,1766:12;1792:19228
133.1412,1788884316.1817,3,594.21,19249.28,19843.49,230.9,21077.9,42175.5,0.0,3798.300,78.880,305.845,1766:12;1792:19237
133.2452,1788884316.2857,3,594.21,19262.17,19856.39,122.8,21077.9,42175.5,0.0,3807.420,78.918,305.845,1766:12;1792:19250
133.3513,1788884316.3917,3,594.21,19253.01,19847.22,134.4,21078.9,42174.6,0.0,3809.200,78.942,305.845,1766:12;1792:19241
133.4552,1788884316.4957,3,594.21,19269.03,19863.24,48.1,21078.9,42174.6,0.0,3810.772,79.012,305.845,1766:12;1792:19257
133.5592,1788884316.5997,3,594.21,19267.05,19861.26,278.8,21086.9,42166.6,0.0,3818.555,79.054,305.845,1766:12;1792:19255
133.6632,1788884316.7037,3,594.21,19283.37,19877.58,57.7,21080.3,42173.2,0.0,3818.865,79.128,305.845,1766:12;1792:19271
133.7672,1788884316.8077,3,594.21,19309.64,19903.85,189.1,21084.8,42168.6,0.0,3829.413,79.169,305.845,1766:12;1792:19297
133.8732,1788884316.9137,3,594.21,19299.40,19893.61,142.8,21085.1,42168.3,0.0,3829.723,79.251,305.845,1766:12;1792:19287
133.9780,1788884317.0185,3,594.21,19310.70,19904.91,269.5,21089.6,42163.8,0.0,3841.015,79.298,305.845,1766:12;1792:19298
134.0819,1788884317.1224,3,594.21,19313.40,19907.61,105.8,21091.4,42162.1,0.0,3841.325,79.377,305.845,1766:12;1792:19301
134.1858,1788884317.2263,3,594.21,19329.71,19923.93,104.1,21099.6,42153.8,0.0,3852.227,79.417,305.845,1766:12;1792:19317
134.2918,1788884317.3322,3,594.21,19317.18,19911.39,192.1,21099.8,42153.7,0.0,3852.365,79.439,305.845,1766:12;1792:19305
134.3956,1788884317.4361,3,594.21,19338.89,19933.10,66.1,21099.8,42153.7,0.0,3857.587,79.517,305.845,1766:12;1792:19327
134.5017,1788884317.5422,3,594.21,19331.11,19925.32,259.4,21103.8,42149.7,0.0,3864.136,79.555,305.845,1766:12;1792:19319
134.6056,1788884317.6460,3,594.21,19347.43,19941.64,67.3,21103.8,42149.7,0.0,3864.446,79.628,305.845,1766:12;1792:19335
134.7096,1788884317.7500,3,594.21,19354.57,19948.79,9.6,21103.8,42149.7,0.0,3871.137,79.652,305.845,1766:12;1792:19342
134.8134,1788884317.8539,3,594.21,19345.38,19939.59,259.7,21107.8,42145.7,0.0,3875.427,79.682,305.845,1766:12;1792:19333
134.9174,1788884317.9579,3,594.21,19361.70,19955.91,67.4,21107.8,42145.7,0.0,3875.746,79.759,305.845,1766:12;1792:19349
135.0213,1788884318.0617,3,594.22,19386.79,19981.01,104.0,21110.2,42143.3,0.0,3886.732,79.797,305.845,1766:12;1792:19375
135.1273,1788884318.1677,3,594.22,19356.78,19951.00,192.1,21112.5,42141.0,0.0,3886.830,79.810,305.845,1766:12;1792:19345
135.2312,1788884318.2716,3,594.22,19372.84,19967.06,57.8,21112.7,42140.8,0.0,3887.046,79.885,305.845,1766:12;1792:19361
135.3350,1788884318.3755,3,594.23,19772.07,20366.30,601.2,21417.4,41836.0,0.0,3898.220,79.922,305.845,1766:12;1792:19760
135.4436,1788884318.4841,3,594.43,19455.86,20050.29,754.5,21098.3,42155.1,0.0,3898.220,79.922,305.845,1766:12;1792:19444
135.5478,1788884318.5883,3,594.50,19466.36,20060.86,144.3,21089.5,42163.9,0.0,3898.525,79.945,305.845,1766:12;1792:19454
135.6518,1788884318.6922,3,594.50,19500.21,20094.71,250.2,21130.0,42123.5,0.0,3898.623,80.036,305.845,1766:12;1792:19488
135.7557,1788884318.7961,3,594.50,19486.21,20080.71,96.3,21141.5,42111.9,0.0,3898.727,80.055,305.845,1766:12;1792:19474
135.8595,1788884318.9000,3,594.50,19511.24,20105.73,250.2,21154.8,42098.7,0.0,3899.561,80.138,305.845,1766:12;1792:19499
135.9634,1788884319.0039,3,594.50,19512.82,20107.32,318.0,21171.7,42081.8,0.0,3899.697,80.230,305.845,1766:12;1792:19501
136.0672,1788884319.1077,3,594.50,19544.81,20139.31,144.5,21180.4,42073.0,0.0,3900.499,80.312,305.845,1766:12;1792:19533
136.1710,1788884319.2115,3,594.50,19538.30,20132.79,144.4,21184.8,42068.6,0.0,3900.751,80.363,305.845,1766:12;1792:19526
136.2749,1788884319.3154,3,594.50,19568.13,20162.63,327.4,21200.5,42053.0,0.0,3901.241,80.468,305.845,1766:12;1792:19556
136.3788,1788884319.4192,3,594.50,19571.39,20165.89,192.6,21208.5,42045.0,0.0,3901.613,80.551,305.845,1766:12;1792:19559
136.4827,1788884319.5231,3,594.50,19578.33,20172.82,269.5,21216.5,42037.0,0.0,3901.971,80.598,305.845,1766:12;1792:19566
136.5866,1788884319.6270,3,594.50,19596.53,20191.03,255.1,21233.9,42019.5,0.0,3902.169,80.682,305.845,1766:12;1792:19584
136.6926,1788884319.7331,3,594.50,19604.10,20198.59,273.0,21234.3,42019.2,0.0,3902.908,80.774,305.845,1766:12;1792:19592
136.7989,1788884319.8393,3,594.50,19620.37,20214.86,76.8,21235.3,42018.2,0.0,3903.378,80.853,305.845,1766:12;1792:19608
136.9027,1788884319.9432,3,594.56,19626.47,20221.03,192.6,21253.6,41999.9,0.0,3903.552,80.881,305.845,1766:12;1792:19614
137.0066,1788884320.0470,3,594.56,19626.73,20221.29,57.1,21246.5,42007.0,0.0,3903.842,80.882,305.845,1766:12;1792:19614
137.1116,1788884320.1521,3,594.56,19643.18,20237.74,105.7,21248.2,42005.3,0.0,3904.124,80.979,305.845,1766:12;1792:19631
137.2158,1788884320.2562,3,594.56,19651.39,20245.95,326.8,21274.0,41979.5,0.0,3915.386,81.038,305.845,1766:12;1792:19639
137.3198,1788884320.3602,3,594.56,19658.77,20253.34,250.4,21292.1,41961.3,0.0,3916.199,81.122,305.845,1766:12;1792:19647
137.4236,1788884320.4641,3,594.56,19675.09,20269.66,57.8,21292.1,41961.3,0.0,3916.509,81.195,305.845,1766:12;1792:19663
137.5274,1788884320.5679,3,594.54,19672.77,20267.32,259.7,21312.8,41940.7,0.0,3926.495,81.243,305.845,1766:12;1792:19661
137.6314,1788884320.6719,3,594.54,19683.68,20278.22,48.1,21313.1,41940.4,0.0,3926.792,81.289,305.845,1766:12;1792:19671
137.7354,1788884320.7759,3,594.54,19708.71,20303.26,221.4,21314.8,41938.7,0.0,3936.920,81.355,305.845,1766:12;1792:19696
137.8393,1788884320.8798,3,594.54,19697.79,20292.34,151.9,21323.0,41930.5,0.0,3937.688,81.394,305.845,1766:12;1792:19686
137.9446,1788884320.9851,3,594.54,19736.95,20331.49,151.4,21331.0,41922.5,0.0,3947.924,81.475,305.845,1766:12;1792:19725
138.0505,1788884321.0910,3,594.55,19706.79,20301.34,191.9,21340.8,41912.7,0.0,3947.962,81.497,305.845,1766:12;1792:19695
138.1546,1788884321.1951,3,594.55,19722.72,20317.27,57.5,21340.8,41912.7,0.0,3950.616,81.569,305.845,1766:12;1792:19710
138.2588,1788884321.2993,3,594.55,19720.77,20315.32,202.3,21344.8,41908.7,0.0,3957.322,81.610,305.845,1766:12;1792:19709
138.3626,1788884321.4031,3,594.55,19737.09,20331.64,67.5,21344.8,41908.7,0.0,3957.640,81.685,305.845,1766:12;1792:19725
138.4663,1788884321.5068,3,594.55,19742.27,20336.82,240.9,21364.4,41889.0,0.0,3967.427,81.729,305.845,1766:12;1792:19730
138.5701,1788884321.6106,3,594.55,19753.09,20347.63,96.2,21372.4,41881.0,0.0,3967.747,81.808,305.845,1766:12;1792:19741
138.6740,1788884321.7145,3,594.55,19762.89,20357.44,86.6,21376.4,41877.0,0.0,3971.585,81.831,305.845,1766:12;1792:19751
138.7780,1788884321.8185,3,594.55,19769.17,20363.72,211.7,21380.4,41873.0,0.0,3972.607,81.913,305.845,1766:12;1792:19757
138.8819,1788884321.9223,3,594.55,19773.00,20367.55,173.2,21381.6,41871.9,0.0,3983.548,81.954,305.845,1766:12;1792:19761
138.9858,1788884322.0263,3,594.55,19779.73,20374.28,134.9,21381.6,41871.9,0.0,3984.256,82.034,305.845,1766:12;1792:19767
139.0896,1788884322.1301,3,594.55,19929.81,20524.36,268.8,21520.2,41733.3,0.0,3993.521,82.062,305.845,1766:12;1792:19918
139.1938,1788884322.2343,3,594.65,20119.84,20714.49,828.7,21806.0,41447.5,0.0,3993.521,82.062,305.845,1766:12;1792:20108
139.3015,1788884322.3420,3,594.82,19867.41,20462.23,291.8,21440.6,41812.8,0.0,3993.828,82.085,305.845,1766:12;1792:19855
139.4077,1788884322.4482,3,594.82,19895.79,20490.60,216.5,21472.1,41781.4,0.0,3993.944,82.180,305.845,1766:12;1792:19884
139.5139,1788884322.5543,3,594.80,19917.29,20512.09,307.1,21519.3,41734.2,0.0,3994.247,82.274,305.845,1766:12;1792:19905
139.6178,1788884322.6583,3,594.80,19930.64,20525.44,274.1,21531.7,41721.8,0.0,3994.609,82.367,305.845,1766:12;1792:19918
139.7239,1788884322.7643,3,594.80,19933.03,20527.83,188.8,21539.9,41713.6,0.0,3995.061,82.424,305.845,1766:12;1792:19921
139.8298,1788884322.8702,3,594.80,19957.16,20551.97,335.7,21556.2,41697.3,0.0,3995.616,82.531,305.845,1766:12;1792:19945
139.9338,1788884322.9742,3,594.80,19972.81,20567.61,293.4,21560.2,41693.3,0.0,3995.938,82.606,305.845,1766:12;1792:19961
140.0397,1788884323.0801,3,594.81,19992.47,20587.28,345.8,21579.1,41674.4,0.0,3996.203,82.697,305.845,1766:12;1792:19980
140.1436,1788884323.1840,3,594.81,20005.30,20600.11,269.4,21591.1,41662.4,0.0,3997.490,82.788,305.845,1766:12;1792:19993
140.2475,1788884323.2879,3,594.81,20022.65,20617.46,240.6,21595.3,41658.2,0.0,3997.901,82.870,305.845,1766:12;1792:20010
140.3513,1788884323.3918,3,594.81,20019.55,20614.36,337.0,21599.8,41653.6,0.0,3998.259,82.938,305.845,1766:12;1792:20007
140.4552,1788884323.4957,3,594.88,20030.03,20624.91,28.9,21612.0,41641.5,0.0,3998.279,82.963,305.845,1766:12;1792:20018
140.5590,1788884323.5995,3,594.84,20029.81,20624.64,67.4,21612.2,41641.2,0.0,3998.569,82.964,305.845,1766:12;1792:20018
140.6628,1788884323.7033,3,594.84,20046.14,20640.98,115.6,21614.2,41639.3,0.0,3998.657,83.061,305.845,1766:12;1792:20034
140.7666,1788884323.8071,3,594.84,20067.43,20662.27,230.8,21633.3,41620.2,0.0,4009.258,83.092,305.845,1766:12;1792:20055
140.8706,1788884323.9111,3,594.84,20051.44,20646.27,67.4,21645.9,41607.5,0.0,4009.426,83.120,305.845,1766:12;1792:20039
140.9744,1788884324.0149,3,594.84,20088.61,20683.45,96.1,21645.9,41607.5,0.0,4018.870,83.200,305.845,1766:12;1792:20076
141.0785,1788884324.1189,3,594.84,20064.04,20658.88,221.4,21657.9,41595.5,0.0,4019.801,83.219,305.845,1766:12;1792:20052
141.1823,1788884324.2228,3,594.84,20080.36,20675.20,67.4,21657.9,41595.5,0.0,4020.111,83.293,305.845,1766:12;1792:20068
141.2862,1788884324.3266,3,594.84,20084.36,20679.20,259.9,21675.8,41577.7,0.0,4030.824,83.336,305.845,1766:12;1792:20072
141.3901,1788884324.4305,3,594.84,20090.62,20685.46,57.7,21680.1,41573.4,0.0,4031.121,83.378,305.845,1766:12;1792:20078
141.4943,1788884324.5348,3,594.84,20101.15,20695.99,66.8,21675.2,41578.3,0.0,4037.252,83.437,305.845,1766:12;1792:20089
141.5988,1788884324.6392,3,594.84,20108.34,20703.18,96.2,21679.2,41574.3,0.0,4039.815,83.479,305.845,1766:12;1792:20096
141.7027,1788884324.7431,3,594.84,20115.78,20710.62,28.7,21679.2,41574.3,0.0,4042.136,83.487,305.845,1766:12;1792:20104
141.8074,1788884324.8478,3,594.84,20120.41,20715.25,245.4,21695.2,41558.3,0.0,4051.125,83.551,305.845,1766:12;1792:20108
141.9135,1788884324.9540,3,594.84,20121.55,20716.39,67.2,21695.2,41558.3,0.0,4051.229,83.577,305.845,1766:12;1792:20109
142.0175,1788884325.0579,3,594.84,20150.05,20744.89,227.2,21706.8,41546.7,0.0,4062.764,83.645,305.845,1766:12;1792:20138
142.1233,1788884325.1638,3,594.84,20142.19,20737.03,124.9,21719.6,41533.8,0.0,4063.423,83.714,305.845,1766:12;1792:20130
142.2272,1788884325.2676,3,594.84,20147.04,20741.88,76.3,21725.3,41528.1,0.0,4071.250,83.741,305.845,1766:12;1792:20135
142.3320,1788884325.3724,3,594.84,20155.77,20750.61,182.7,21733.3,41520.1,0.0,4075.217,83.818,305.845,1766:12;1792:20144
142.4359,1788884325.4764,3,594.84,20161.70,20756.54,77.0,21738.9,41514.5,0.0,4083.395,83.843,305.845,1766:12;1792:20149
142.5398,1788884325.5802,3,594.84,20155.60,20750.44,211.3,21739.0,41514.4,0.0,4088.033,83.886,305.845,1766:12;1792:20143
142.6440,1788884325.6844,3,594.84,20180.71,20775.55,141.5,21739.0,41514.4,0.0,4099.420,83.953,305.845,1766:12;1792:20168
142.7502,1788884325.7907,3,594.84,20173.20,20768.04,172.7,21739.0,41514.4,0.0,4100.058,84.006,305.845,1766:12;1792:20161
142.8542,1788884325.8946,3,594.84,20415.91,21010.76,450.7,21982.3,41271.1,0.0,4111.049,84.045,305.845,1766:12;1792:20404
142.9610,1788884326.0014,3,594.98,20307.85,20902.83,773.3,21980.1,41273.4,0.0,4111.049,84.045,305.845,1766:12;1792:20296
143.0654,1788884326.1059,3,595.10,20232.56,20827.66,76.9,21924.8,41328.6,0.0,4111.049,84.045,305.845,1766:12;1792:20220
143.1694,1788884326.2098,3,595.10,20232.56,20827.66,0.0,21922.5,41331.0,0.0,4111.049,84.045,305.845,1766:12;1792:20220
143.2731,1788884326.3135,3,595.10,20232.56,20827.66,0.0,21922.5,41331.0,0.0,4111.049,84.045,305.845,1766:12;1792:20220
143.3767,1788884326.4172,3,595.10,20238.11,20833.21,57.9,21919.1,41334.4,0.0,4113.296,84.063,305.845,1766:12;1792:20226
143.4805,1788884326.5209,3,595.10,20237.11,20832.21,57.8,21919.2,41334.3,0.0,4115.383,84.082,305.845,1766:12;1792:20225
143.5842,1788884326.6247,3,595.10,20243.56,20838.66,48.1,21919.2,41334.3,0.0,4119.540,84.099,305.845,1766:12;1792:20231
143.6881,1788884326.7285,3,595.10,20241.66,20836.76,57.8,21919.2,41334.3,0.0,4121.517,84.112,305.845,1766:12;1792:20229
143.7920,1788884326.8324,3,595.10,20321.48,20916.58,57.7,22002.5,41250.9,0.0,4123.443,84.123,305.845,1766:12;1792:20309
143.8960,1788884326.9365,3,595.16,20275.21,20870.37,125.1,21967.5,41286.0,0.0,4123.617,84.145,305.845,1766:12;1792:20263
143.9999,1788884327.0404,3,595.16,20297.98,20893.14,163.3,21986.8,41266.7,0.0,4123.848,84.225,305.845,1766:12;1792:20286
144.1040,1788884327.1445,3,595.16,20313.73,20908.89,307.7,22025.3,41228.2,0.0,4124.417,84.313,305.845,1766:12;1792:20301
144.2080,1788884327.2485,3,595.16,20313.41,20908.57,211.3,22033.3,41220.2,0.0,4124.765,84.369,305.845,1766:12;1792:20301
144.3121,1788884327.3526,3,595.16,20346.36,20941.52,317.6,22033.5,41220.0,0.0,4125.584,84.489,305.845,1766:12;1792:20334
144.4160,1788884327.4565,3,595.16,20370.88,20966.04,327.2,22046.3,41207.2,0.0,4125.946,84.589,305.845,1766:12;1792:20359
144.5199,1788884327.5604,3,595.15,20383.82,20978.97,264.5,22046.3,41207.2,0.0,4126.317,84.680,305.845,1766:12;1792:20372
144.6260,1788884327.6664,3,595.15,20400.68,20995.82,297.5,22058.3,41195.2,0.0,4126.616,84.771,305.845,1766:12;1792:20388
144.7300,1788884327.7704,3,595.15,20411.50,21006.65,269.0,22066.3,41187.2,0.0,4126.936,84.860,305.845,1766:12;1792:20399
144.8341,1788884327.8745,3,595.15,20409.02,21004.16,134.7,22070.3,41183.2,0.0,4127.070,84.901,305.845,1766:12;1792:20397
144.9380,1788884327.9785,3,595.15,20428.51,21023.66,298.2,22070.3,41183.2,0.0,4127.703,84.996,305.845,1766:12;1792:20416
145.0420,1788884328.0824,3,595.21,20442.12,21037.34,250.4,22076.2,41177.3,0.0,4127.790,85.059,305.845,1766:12;1792:20430
145.1458,1788884328.1862,3,595.21,20442.12,21037.34,0.0,22076.2,41177.3,0.0,4127.791,85.060,305.845,1766:12;1792:20430
145.2495,1788884328.2899,3,595.21,20455.43,21050.64,144.5,22077.2,41176.3,0.0,4128.177,85.148,305.845,1766:12;1792:20443
145.3533,1788884328.3938,3,595.21,20466.28,21061.49,104.5,22093.9,41159.6,0.0,4134.528,85.191,305.845,1766:12;1792:20454
145.4586,1788884328.4991,3,595.16,20458.66,21053.82,144.4,22113.7,41139.8,0.0,4138.466,85.217,305.845,1766:12;1792:20446
145.5625,1788884328.6030,3,595.16,20474.98,21070.14,67.4,22113.7,41139.8,0.0,4138.778,85.291,305.845,1766:12;1792:20463
145.6664,1788884328.7069,3,595.16,20486.67,21081.84,182.8,22117.7,41135.8,0.0,4148.149,85.333,305.845,1766:12;1792:20474
145.7704,1788884328.8108,3,595.16,20484.14,21079.31,115.4,22121.7,41131.8,0.0,4148.432,85.383,305.845,1766:12;1792:20472
145.8743,1788884328.9147,3,595.16,20501.09,21096.25,86.7,22125.7,41127.8,0.0,4157.745,85.451,305.845,1766:12;1792:20489
145.9780,1788884329.0185,3,595.17,20501.14,21096.30,211.7,22124.6,41128.9,0.0,4159.426,85.515,305.845,1766:12;1792:20489
146.0820,1788884329.1224,3,595.17,20519.41,21114.58,106.0,22132.4,41121.0,0.0,4167.430,85.568,305.845,1766:12;1792:20507
146.1857,1788884329.2262,3,595.17,20511.58,21106.75,154.2,22145.2,41108.3,0.0,4169.643,85.624,305.845,1766:12;1792:20499
146.2895,1788884329.3300,3,595.17,20528.18,21123.35,38.5,22145.4,41108.1,0.0,4178.719,85.689,305.845,1766:12;1792:20516
146.3934,1788884329.4339,3,595.17,20520.93,21116.11,250.6,22149.7,41103.8,0.0,4179.933,85.711,305.845,1766:12;1792:20509
146.4971,1788884329.5376,3,595.17,20531.66,21126.83,48.2,22150.3,41103.2,0.0,4180.174,85.762,305.845,1766:12;1792:20519
146.6009,1788884329.6414,3,595.17,20548.71,21143.89,86.6,22150.6,41102.9,0.0,4188.522,85.817,305.845,1766:12;1792:20536
146.7049,1788884329.7453,3,595.17,20537.38,21132.55,163.7,22166.8,41086.7,0.0,4190.354,85.838,305.845,1766:12;1792:20525
146.8086,1788884329.8491,3,595.17,20557.69,21152.86,57.7,22166.8,41086.7,0.0,4194.554,85.927,305.845,1766:12;1792:20545
146.9125,1788884329.9530,3,595.17,20555.88,21151.05,259.9,22170.8,41082.7,0.0,4200.824,85.966,305.845,1766:12;1792:20544
147.0165,1788884330.0570,3,595.17,20560.25,21155.42,38.5,22144.8,41108.7,0.0,4201.123,86.000,305.845,1766:12;1792:20548
147.1205,1788884330.1610,3,595.17,20580.88,21176.05,57.4,22145.2,41108.3,0.0,4209.871,86.067,305.845,1766:12;1792:20569
147.2250,1788884330.2655,3,595.17,20569.44,21164.61,269.6,22161.4,41092.0,0.0,4211.592,86.089,305.845,1766:12;1792:20557
147.3289,1788884330.3693,3,595.17,20585.76,21180.93,67.4,22161.4,41092.0,0.0,4211.905,86.163,305.845,1766:12;1792:20574
147.4327,1788884330.4731,3,595.17,20581.75,21176.93,240.5,22161.8,41091.6,0.0,4223.707,86.215,305.845,1766:12;1792:20570
147.5366,1788884330.5771,3,595.17,20582.72,21177.89,48.2,22162.8,41090.7,0.0,4224.001,86.243,305.845,1766:12;1792:20570
147.6405,1788884330.6809,3,595.17,20604.55,21199.72,67.4,22163.5,41089.9,0.0,4229.752,86.313,305.845,1766:12;1792:20592
147.7444,1788884330.7848,3,595.22,20912.40,21507.62,689.0,22476.1,40777.4,0.0,4234.916,86.328,305.845,1766:12;1792:20900
147.8505,1788884330.8910,3,595.39,20796.61,21392.01,766.4,22409.6,40843.8,0.0,4234.917,86.329,305.845,1766:12;1792:20784
147.9547,1788884330.9951,3,595.63,20687.46,21283.09,470.7,22288.0,40965.5,0.0,4234.918,86.330,305.845,1766:12;1792:20675
148.0588,1788884331.0993,3,595.80,20662.54,21258.35,173.1,22254.5,40999.0,0.0,4235.229,86.356,305.845,1766:12;1792:20650
148.1628,1788884331.2033,3,595.80,20686.59,21282.39,144.3,22268.8,40984.7,0.0,4235.380,86.452,305.845,1766:12;1792:20674
148.2667,1788884331.3072,3,595.80,20700.39,21296.20,307.9,22314.3,40939.2,0.0,4235.637,86.541,305.845,1766:12;1792:20688
148.3707,1788884331.4112,3,595.80,20703.06,21298.86,249.2,22314.2,40939.2,0.0,4236.035,86.603,305.845,1766:12;1792:20691
148.4750,1788884331.5155,3,595.79,20718.57,21314.36,269.2,22323.0,40930.5,0.0,4236.902,86.679,305.845,1766:12;1792:20706
148.5790,1788884331.6195,3,595.79,20734.34,21330.13,279.4,22335.5,40918.0,0.0,4237.153,86.769,305.845,1766:12;1792:20722
148.6828,1788884331.7232,3,595.79,20745.14,21340.93,230.9,22348.2,40905.3,0.0,4237.737,86.837,305.845,1766:12;1792:20733
148.7868,1788884331.8272,3,595.79,20776.69,21372.48,283.1,22356.4,40897.0,0.0,4238.214,86.908,305.845,1766:12;1792:20764
148.8929,1788884331.9334,3,595.79,20782.38,21378.17,296.5,22385.0,40868.5,0.0,4238.486,87.014,305.845,1766:12;1792:20770
148.9973,1788884332.0377,3,595.79,20806.86,21402.65,307.5,22402.9,40850.6,0.0,4238.751,87.128,305.845,1766:12;1792:20795
149.1013,1788884332.1418,3,595.80,20823.74,21419.54,356.2,22406.0,40847.5,0.0,4238.968,87.230,305.845,1766:12;1792:20812
149.2052,1788884332.2456,3,595.80,20798.79,21394.58,125.1,22407.2,40846.3,0.0,4238.995,87.231,305.845,1766:12;1792:20787
149.3091,1788884332.3495,3,595.80,20799.51,21395.30,0.0,22407.2,40846.3,0.0,4239.002,87.239,305.845,1766:12;1792:20787
149.4129,1788884332.4534,3,595.80,20799.51,21395.30,0.0,22407.2,40846.3,0.0,4239.002,87.239,305.845,1766:12;1792:20787
149.5168,1788884332.5572,3,595.80,20800.50,21396.30,28.9,22407.6,40845.9,0.0,4239.004,87.240,305.970,1766:12;1792:20788
149.6206,1788884332.6611,3,595.87,20825.79,21421.66,28.8,22419.8,40833.7,0.0,4239.194,87.269,305.970,1766:12;1792:20814
149.7247,1788884332.7652,3,595.87,20838.89,21434.76,163.6,22420.0,40833.5,0.0,4239.381,87.332,305.970,1766:12;1792:20827
149.8287,1788884332.8691,3,595.87,20849.46,21445.33,279.2,22439.5,40814.0,0.0,4248.256,87.404,305.970,1766:12;1792:20837
149.9326,1788884332.9730,3,595.87,20844.89,21440.76,48.1,22440.5,40813.0,0.0,4248.548,87.418,305.970,1766:12;1792:20833
150.0364,1788884333.0769,3,595.88,20864.48,21460.36,57.5,22444.2,40809.3,0.0,4251.428,87.492,305.970,1766:12;1792:20852
150.1408,1788884333.1812,3,595.88,20858.73,21454.60,316.4,22452.8,40800.6,0.0,4258.592,87.533,305.970,1766:12;1792:20846
150.2450,1788884333.2855,3,595.88,20888.64,21484.52,115.6,22453.1,40800.4,0.0,4267.466,87.626,305.970,1766:12;1792:20876
150.3489,1788884333.3893,3,595.88,20875.18,21471.05,173.4,22465.3,40788.1,0.0,4269.017,87.644,305.970,1766:12;1792:20863
150.4527,1788884333.4931,3,595.88,20889.48,21485.36,48.2,22465.3,40788.2,0.0,4269.297,87.711,305.970,1766:12;1792:20877
150.5565,1788884333.5969,3,595.82,20897.75,21493.57,221.4,22471.6,40781.9,0.0,4277.154,87.750,305.970,1766:12;1792:20886
150.6604,1788884333.7008,3,595.82,20901.68,21497.50,114.0,22473.8,40779.7,0.0,4279.402,87.826,305.970,1766:12;1792:20889
150.7656,1788884333.8060,3,595.82,20907.44,21503.26,57.8,22474.0,40779.5,0.0,4282.555,87.854,305.970,1766:12;1792:20895
150.8694,1788884333.9099,3,595.82,20912.36,21508.18,240.4,22493.9,40759.5,0.0,4289.582,87.918,305.970,1766:12;1792:20900
150.9734,1788884334.0139,3,595.82,20922.66,21518.48,75.6,22493.9,40759.5,0.0,4293.841,87.975,305.970,1766:12;1792:20910
151.0794,1788884334.1199,3,595.82,20921.37,21517.19,172.7,22502.2,40751.3,0.0,4299.457,88.006,305.970,1766:12;1792:20909
151.1834,1788884334.2239,3,595.82,20937.61,21533.43,76.9,22502.2,40751.3,0.0,4299.769,88.079,305.970,1766:12;1792:20925
151.2874,1788884334.3279,3,595.82,20937.35,21533.17,269.5,22522.6,40730.8,0.0,4308.749,88.123,305.970,1766:12;1792:20925
151.3913,1788884334.4318,3,595.82,20944.66,21540.48,38.5,22522.6,40730.8,0.0,4309.027,88.159,305.970,1766:12;1792:20932
151.4952,1788884334.5357,3,595.82,20961.71,21557.53,47.9,22522.6,40730.8,0.0,4315.071,88.218,305.970,1766:12;1792:20949
151.5996,1788884334.6400,3,595.82,20956.75,21552.57,192.2,22524.8,40728.6,0.0,4318.761,88.243,305.970,1766:12;1792:20945
151.7035,1788884334.7440,3,595.82,20971.05,21566.87,57.8,22524.8,40728.6,0.0,4319.034,88.306,305.970,1766:12;1792:20959
151.8074,1788884334.8478,3,595.82,20968.22,21564.04,96.2,22524.8,40728.6,0.0,4324.728,88.331,305.970,1766:12;1792:20956
151.9114,1788884334.9519,3,595.82,20961.59,21557.41,124.9,22525.8,40727.7,0.0,4327.489,88.346,305.970,1766:12;1792:20949
152.0154,1788884335.0559,3,595.82,20975.89,21571.71,38.5,22525.8,40727.7,0.0,4327.664,88.409,305.970,1766:12;1792:20964
152.1194,1788884335.1598,3,595.84,21477.79,22073.63,720.0,23022.6,40230.9,0.0,4335.786,88.431,305.970,1766:12;1792:21466
152.2278,1788884335.2682,3,595.97,21990.02,22586.00,1421.0,23463.9,39789.6,0.0,4335.786,88.431,305.970,1766:12;1792:21978
152.3361,1788884335.3765,3,596.01,24171.79,24767.80,1575.4,25669.5,37584.0,0.0,4336.008,88.431,305.970,1766:12;1792:24160
152.4571,1788884335.4975,3,596.02,24037.30,24633.32,1472.8,25637.4,37616.0,0.0,4336.015,88.441,305.970,1766:12;1792:24025
152.5664,1788884335.6068,3,596.05,23787.23,24383.29,1529.2,25478.2,37775.3,0.0,4337.649,88.447,305.970,1766:12;1792:23775
152.6720,1788884335.7125,3,596.16,22518.62,23114.78,1113.8,24140.3,39113.2,0.0,4339.272,88.461,305.970,1766:12;1792:22506
152.7760,1788884335.8165,3,596.24,22310.62,22906.86,1069.1,23833.3,39420.1,0.0,4339.272,88.461,305.970,1766:12;1792:22298
152.8808,1788884335.9213,3,596.45,21099.98,21696.43,751.7,22849.7,40403.7,0.0,4339.272,88.461,305.970,1766:12;1792:21088
152.9858,1788884336.0263,3,596.69,21563.66,22160.34,769.1,23273.8,39979.7,0.0,4339.272,88.461,305.970,1766:12;1792:21551
153.0899,1788884336.1304,3,596.92,21334.27,21931.19,758.6,23031.9,40221.6,0.0,4339.272,88.461,305.970,1766:12;1792:21322
153.1940,1788884336.2345,3,597.12,20955.21,21552.33,522.5,22674.6,40578.9,0.0,4339.272,88.461,305.970,1766:12;1792:20943
153.2993,1788884336.3398,3,597.18,20961.24,21558.43,96.2,22673.1,40580.3,0.0,4339.570,88.481,305.970,1766:12;1792:20949
153.4033,1788884336.4437,3,597.18,20992.01,21589.20,231.0,22697.1,40556.3,0.0,4339.718,88.571,305.970,1766:12;1792:20980
153.5071,1788884336.5476,3,597.18,21012.37,21609.55,288.9,22715.5,40537.9,0.0,4340.111,88.665,305.970,1766:12;1792:21000
153.6109,1788884336.6514,3,597.18,21014.25,21611.43,318.1,22743.5,40509.9,0.0,4340.260,88.757,305.970,1766:12;1792:21002
153.7147,1788884336.7551,3,597.18,21030.86,21628.04,163.9,22747.8,40505.7,0.0,4340.640,88.845,305.970,1766:12;1792:21019
153.8184,1788884336.8589,3,597.18,21051.01,21648.19,240.7,22765.4,40488.1,0.0,4341.229,88.940,305.970,1766:12;1792:21039
153.9223,1788884336.9627,3,597.18,21068.47,21665.65,288.7,22778.6,40474.9,0.0,4341.489,89.028,305.970,1766:12;1792:21056
154.0262,1788884337.0667,3,597.19,21093.47,21690.66,307.3,22784.8,40468.7,0.0,4342.038,89.119,305.970,1766:12;1792:21081
154.1306,1788884337.1711,3,597.19,21103.28,21700.47,345.9,22804.9,40448.6,0.0,4342.333,89.223,305.970,1766:12;1792:21091
154.2344,1788884337.2749,3,597.19,21106.71,21703.89,239.8,22808.9,40444.6,0.0,4342.666,89.307,305.970,1766:12;1792:21094
154.3387,1788884337.3791,3,597.25,21113.44,21710.68,269.4,22821.8,40431.6,0.0,4342.770,89.385,305.970,1766:12;1792:21101
154.4426,1788884337.4830,3,597.25,21122.07,21719.32,28.9,22825.8,40427.6,0.0,4343.080,89.403,305.970,1766:12;1792:21110
154.5463,1788884337.5867,3,597.23,21138.36,21735.59,144.5,22825.8,40427.6,0.0,4343.193,89.510,305.970,1766:12;1792:21126
154.6500,1788884337.6905,3,597.23,21138.18,21735.41,230.9,22853.6,40399.9,0.0,4350.095,89.544,305.970,1766:12;1792:21126
154.7540,1788884337.7945,3,597.23,21154.37,21751.60,57.7,22853.6,40399.9,0.0,4350.405,89.619,305.970,1766:12;1792:21142
154.8579,1788884337.8984,3,597.23,21156.18,21753.41,192.5,22873.8,40379.6,0.0,4356.951,89.652,305.970,1766:12;1792:21144
154.9618,1788884338.0023,3,597.23,21172.18,21769.41,67.3,22873.8,40379.6,0.0,4357.506,89.728,305.970,1766:12;1792:21160
155.0658,1788884338.1063,3,597.23,21170.18,21767.41,182.9,22875.8,40377.6,0.0,4363.154,89.760,305.970,1766:12;1792:21158
155.1697,1788884338.2101,3,597.23,21186.18,21783.41,67.3,22875.6,40377.9,0.0,4363.565,89.837,305.970,1766:12;1792:21174
155.2737,1788884338.3142,3,597.23,21188.18,21785.41,231.0,22899.7,40353.8,0.0,4369.259,89.869,305.970,1766:12;1792:21176
155.3776,1788884338.4181,3,597.23,21202.71,21799.93,67.3,22899.7,40353.8,0.0,4370.411,89.934,305.970,1766:12;1792:21190
155.4816,1788884338.5220,3,597.23,21205.69,21802.92,115.6,22908.0,40345.5,0.0,4373.898,89.969,305.970,1766:12;1792:21193
155.5854,1788884338.6259,3,597.23,21218.86,21816.09,105.9,22919.6,40333.9,0.0,4375.206,90.041,305.970,1766:12;1792:21207
155.6893,1788884338.7297,3,597.23,21228.32,21825.54,48.1,22919.6,40333.9,0.0,4379.281,90.057,305.970,1766:12;1792:21216
155.7931,1788884338.8336,3,597.23,21232.13,21829.36,183.0,22935.6,40317.9,0.0,4382.725,90.119,305.970,1766:12;1792:21220
155.8970,1788884338.9374,3,597.23,21239.81,21837.04,76.9,22939.6,40313.9,0.0,4387.225,90.174,305.970,1766:12;1792:21228
156.0009,1788884339.0414,3,597.23,21232.11,21829.34,173.3,22947.6,40305.9,0.0,4389.183,90.193,305.970,1766:12;1792:21220
156.1048,1788884339.1453,3,597.23,21253.80,21851.03,77.0,22940.1,40313.4,0.0,4390.785,90.272,305.970,1766:12;1792:21242
156.2088,1788884339.2492,3,597.23,21266.70,21863.93,134.6,22944.1,40309.4,0.0,4396.593,90.297,305.970,1766:12;1792:21254
156.3128,1788884339.3532,3,597.23,21264.23,21861.46,115.4,22960.1,40293.4,0.0,4396.871,90.379,305.970,1766:12;1792:21252
156.4168,1788884339.4572,3,597.23,21260.05,21857.28,221.3,22961.3,40292.1,0.0,4403.156,90.413,305.970,1766:12;1792:21248
156.5207,1788884339.5611,3,597.23,21276.05,21873.28,77.0,22961.3,40292.1,0.0,4403.466,90.488,305.970,1766:12;1792:21264
156.6245,1788884339.6650,3,597.23,21321.57,21918.80,144.2,23035.3,40218.2,0.0,4409.256,90.507,305.970,1766:12;1792:21309
156.7286,1788884339.7690,3,597.30,21567.66,22164.97,887.0,23320.4,39933.0,0.0,4409.555,90.508,305.970,1766:12;1792:21555
156.8337,1788884339.8742,3,597.64,21365.64,21963.27,536.4,23113.9,40139.6,0.0,4409.555,90.508,305.970,1766:12;1792:21353
156.9378,1788884339.9783,3,597.91,21343.41,21941.33,384.6,23059.9,40193.6,0.0,4409.561,90.519,305.970,1766:12;1792:21331
157.0418,1788884340.0822,3,597.91,21349.57,21947.48,96.2,23062.0,40191.5,0.0,4409.852,90.535,305.970,1766:12;1792:21337
157.1458,1788884340.1862,3,597.91,21368.04,21965.95,269.6,23098.5,40155.0,0.0,4410.241,90.618,305.970,1766:12;1792:21356
157.2496,1788884340.2901,3,597.91,21383.61,21981.52,260.0,23102.8,40150.7,0.0,4410.550,90.699,305.970,1766:12;1792:21371
157.3535,1788884340.3940,3,597.91,21401.61,21999.53,277.8,23110.8,40142.7,0.0,4410.925,90.783,305.970,1766:12;1792:21389
157.4579,1788884340.4984,3,597.90,21412.59,22010.49,308.2,23114.8,40138.7,0.0,4411.185,90.864,305.970,1766:12;1792:21400
157.5617,1788884340.6021,3,597.90,21438.66,22036.56,260.1,23116.3,40137.1,0.0,4411.637,90.958,305.970,1766:12;1792:21426
157.6655,1788884340.7060,3,597.90,21454.45,22052.35,327.3,23136.7,40116.7,0.0,4411.902,91.058,305.970,1766:12;1792:21442
157.7694,1788884340.8099,3,597.90,21457.96,22055.86,279.1,23144.7,40108.7,0.0,4412.448,91.136,305.970,1766:12;1792:21446
157.8733,1788884340.9138,3,597.90,21486.08,22083.98,259.9,23156.7,40096.7,0.0,4412.980,91.237,305.970,1766:12;1792:21474
157.9772,1788884341.0176,3,597.91,21495.02,22092.93,317.6,23156.7,40096.7,0.0,4413.289,91.342,305.970,1766:12;1792:21483
158.0810,1788884341.1215,3,597.92,21481.92,22079.84,260.0,23151.1,40102.4,0.0,4413.485,91.390,305.970,1766:12;1792:21470
158.1849,1788884341.2254,3,597.99,21508.46,22106.45,48.1,23167.1,40086.4,0.0,4413.609,91.418,305.970,1766:12;1792:21496
158.2888,1788884341.3292,3,597.99,21533.86,22131.85,173.3,23173.7,40079.7,0.0,4417.115,91.520,305.970,1766:12;1792:21522
158.3926,1788884341.4331,3,597.99,21542.63,22140.62,231.2,23194.0,40059.5,0.0,4428.507,91.555,305.970,1766:12;1792:21530
158.4965,1788884341.5369,3,597.93,21555.14,22153.07,192.6,23200.4,40053.0,0.0,4434.268,91.637,305.970,1766:12;1792:21543
158.6003,1788884341.6408,3,597.93,21542.72,22140.64,221.5,23216.7,40036.8,0.0,4440.804,91.679,305.970,1766:12;1792:21530
158.7042,1788884341.7446,3,597.93,21574.37,22172.29,105.9,23217.1,40036.4,0.0,4451.262,91.771,305.970,1766:12;1792:21562
158.8080,1788884341.8485,3,597.93,21556.70,22154.62,317.8,23225.7,40027.8,0.0,4454.031,91.792,305.970,1766:12;1792:21544
158.9119,1788884341.9523,3,597.93,21590.50,22188.42,163.5,23229.6,40023.8,0.0,4458.378,91.876,305.970,1766:12;1792:21578
159.0159,1788884342.0563,3,597.93,21579.93,22177.86,144.3,23234.0,40019.5,0.0,4461.537,91.897,305.970,1766:12;1792:21568
159.1198,1788884342.1603,3,597.93,21587.71,22185.64,77.0,23234.0,40019.5,0.0,4462.640,91.975,305.970,1766:12;1792:21575
159.2237,1788884342.2641,3,597.93,21589.53,22187.46,259.7,23250.4,40003.0,0.0,4470.179,92.016,305.970,1766:12;1792:21577
159.3277,1788884342.3681,3,597.93,21605.84,22203.77,67.3,23250.4,40003.0,0.0,4470.607,92.093,305.970,1766:12;1792:21594
159.4317,1788884342.4721,3,597.93,21601.53,22199.46,240.7,23247.7,40005.7,0.0,4478.638,92.132,305.970,1766:12;1792:21589
159.5356,1788884342.5760,3,597.93,21604.48,22202.41,48.2,23251.4,40002.1,0.0,4478.791,92.143,305.970,1766:12;1792:21592
159.6393,1788884342.6798,3,597.93,21619.98,22217.91,48.1,23251.4,40002.1,0.0,4480.171,92.214,305.970,1766:12;1792:21608
159.7434,1788884342.7839,3,597.93,21626.83,22224.76,217.7,23267.3,39986.1,0.0,4487.126,92.251,305.970,1766:12;1792:21615
159.8492,1788884342.8897,3,597.93,21635.36,22233.29,76.9,23267.6,39985.9,0.0,4487.439,92.329,305.970,1766:12;1792:21623
159.9531,1788884342.9936,3,597.93,21640.93,22238.86,264.6,23271.9,39981.6,0.0,4495.254,92.360,305.970,1766:12;1792:21629
160.0591,1788884343.0995,3,597.93,21635.05,22232.98,0.0,23279.9,39973.6,0.0,4495.254,92.366,305.970,1766:12;1792:21623
160.1631,1788884343.2035,3,597.93,21652.26,22250.19,67.3,23279.9,39973.6,0.0,4496.487,92.444,305.970,1766:12;1792:21640
160.2671,1788884343.3075,3,597.93,21647.92,22245.85,202.2,23283.6,39969.9,0.0,4502.896,92.478,305.970,1766:12;1792:21636
160.3709,1788884343.4114,3,597.93,21662.22,22260.15,48.1,23283.6,39969.9,0.0,4503.172,92.544,305.970,1766:12;1792:21650
160.4749,1788884343.5153,3,597.94,21933.43,22531.37,405.0,23534.4,39719.1,0.0,4509.067,92.566,305.970,1766:12;1792:21921
160.5840,1788884343.6245,3,598.11,21873.74,22471.84,820.9,23585.6,39667.9,0.0,4511.711,92.582,305.970,1766:12;1792:21862
160.6885,1788884343.7290,3,598.30,21827.14,22425.44,477.7,23585.8,39667.7,0.0,4511.711,92.582,305.970,1766:12;1792:21815
160.7931,1788884343.8335,3,598.46,21739.94,22338.39,172.9,23518.3,39735.2,0.0,4512.021,92.607,305.970,1766:12;1792:21728
160.8970,1788884343.9374,3,598.46,21767.80,22366.26,182.7,23533.6,39719.9,0.0,4513.036,92.698,305.970,1766:12;1792:21756
161.0009,1788884344.0414,3,598.46,21777.30,22375.76,269.6,23567.4,39686.1,0.0,4513.909,92.775,305.970,1766:12;1792:21765
161.1048,1788884344.1453,3,598.46,21797.88,22396.34,326.8,23574.9,39678.6,0.0,4514.367,92.861,305.970,1766:12;1792:21786
161.2089,1788884344.2493,3,598.46,21813.89,22412.36,202.3,23578.6,39674.9,0.0,4514.695,92.942,305.970,1766:12;1792:21802
161.3127,1788884344.3532,3,598.46,21833.09,22431.55,327.0,23592.1,39661.3,0.0,4514.996,93.027,305.970,1766:12;1792:21821
161.4167,1788884344.4571,3,598.46,21845.95,22444.41,298.5,23604.7,39648.7,0.0,4515.423,93.111,305.970,1766:12;1792:21834
161.5205,1788884344.5610,3,598.45,21856.74,22455.19,279.3,23616.8,39636.7,0.0,4515.770,93.193,305.970,1766:12;1792:21844
161.6244,1788884344.6648,3,598.45,21875.73,22474.18,275.4,23624.8,39628.7,0.0,4516.129,93.282,305.970,1766:12;1792:21863
161.7299,1788884344.7703,3,598.45,21880.97,22479.42,236.5,23626.3,39627.2,0.0,4516.494,93.373,305.970,1766:12;1792:21869
161.8356,1788884344.8761,3,598.53,21896.62,22495.15,249.8,23646.9,39606.5,0.0,4516.614,93.443,305.970,1766:12;1792:21884
161.9394,1788884344.9799,3,598.53,21896.64,22495.17,28.9,23646.9,39606.5,0.0,4516.905,93.444,305.970,1766:12;1792:21884
162.0433,1788884345.0838,3,598.53,21914.28,22512.81,144.3,23642.1,39611.4,0.0,4518.594,93.535,305.970,1766:12;1792:21902
162.1472,1788884345.1877,3,598.53,21914.91,22513.44,288.8,23669.2,39584.3,0.0,4530.350,93.583,305.970,1766:12;1792:21903
162.2511,1788884345.2915,3,598.53,21927.15,22525.68,57.7,23669.3,39584.2,0.0,4530.745,93.635,305.970,1766:12;1792:21915
162.3551,1788884345.3956,3,598.53,21936.15,22534.68,96.0,23669.2,39584.2,0.0,4539.756,93.684,305.970,1766:12;1792:21924
162.4592,1788884345.4997,3,598.47,21952.89,22551.36,250.2,23677.7,39575.7,0.0,4546.423,93.763,305.970,1766:12;1792:21941
162.5631,1788884345.6035,3,598.47,21957.68,22556.14,183.0,23685.7,39567.7,0.0,4555.280,93.808,305.970,1766:12;1792:21945
162.6669,1788884345.7074,3,598.47,21970.88,22569.34,124.2,23689.7,39563.7,0.0,4560.746,93.892,305.970,1766:12;1792:21959
162.7718,1788884345.8123,3,598.47,21979.44,22577.91,163.3,23690.5,39563.0,0.0,4567.465,93.920,305.970,1766:12;1792:21967
162.8757,1788884345.9162,3,598.47,21979.85,22578.32,143.3,23698.5,39555.0,0.0,4568.924,93.995,305.970,1766:12;1792:21968
162.9804,1788884346.0209,3,598.47,21980.91,22579.38,231.0,23710.7,39542.7,0.0,4579.119,94.035,305.970,1766:12;1792:21969
163.0842,1788884346.1247,3,598.47,21997.92,22596.39,57.8,23705.1,39548.4,0.0,4580.932,94.106,305.970,1766:12;1792:21986
163.1881,1788884346.2286,3,598.47,21998.97,22597.45,230.9,23709.5,39544.0,0.0,4591.630,94.156,305.970,1766:12;1792:21987
163.2920,1788884346.3325,3,598.47,22025.41,22623.89,104.1,23709.5,39544.0,0.0,4597.578,94.238,305.970,1766:12;1792:22013
163.3979,1788884346.4384,3,598.47,22029.39,22627.86,144.0,23717.7,39535.7,0.0,4603.822,94.265,305.970,1766:12;1792:22017
163.5019,1788884346.5423,3,598.47,22029.17,22627.64,105.7,23722.0,39531.5,0.0,4604.440,94.340,305.970,1766:12;1792:22017
163.6059,1788884346.6464,3,598.47,22025.35,22623.82,250.4,23727.7,39525.8,0.0,4616.490,94.385,305.970,1766:12;1792:22013
163.7097,1788884346.7502,3,598.47,22023.37,22621.84,19.3,23727.7,39525.8,0.0,4616.490,94.386,305.970,1766:12;1792:22011
163.8135,1788884346.8539,3,598.47,22052.72,22651.20,103.9,23727.7,39525.8,0.0,4622.716,94.471,305.970,1766:12;1792:22040
163.9196,1788884346.9600,3,598.47,22039.50,22637.97,201.6,23727.9,39525.5,0.0,4630.381,94.505,305.970,1766:12;1792:22027
164.0235,1788884347.0640,3,598.47,22048.61,22647.08,86.6,23727.9,39525.5,0.0,4631.081,94.551,305.970,1766:12;1792:22036
164.1274,1788884347.1678,3,598.47,22084.66,22683.14,278.5,23749.9,39503.6,0.0,4643.681,94.614,305.970,1766:12;1792:22072
164.2315,1788884347.2720,3,598.54,22451.06,23049.60,906.9,24242.1,39011.4,0.0,4643.681,94.614,305.970,1766:12;1792:22439
164.3365,1788884347.3770,3,598.83,22164.88,22763.70,527.1,23905.9,39347.6,0.0,4643.681,94.614,305.970,1766:12;1792:22153
164.4406,1788884347.4811,3,599.02,22127.87,22726.89,288.8,23902.6,39350.9,0.0,4643.765,94.638,305.970,1766:12;1792:22116
164.5445,1788884347.5849,3,599.01,22143.23,22742.23,190.0,23918.6,39334.9,0.0,4644.066,94.728,305.970,1766:12;1792:22131
164.6499,1788884347.6904,3,599.01,22166.51,22765.52,365.2,23957.8,39295.7,0.0,4644.475,94.804,305.970,1766:12;1792:22154
164.7538,1788884347.7942,3,599.01,22175.51,22774.52,210.7,23965.1,39288.4,0.0,4645.110,94.883,305.970,1766:12;1792:22163
164.8584,1788884347.8989,3,599.01,22197.10,22796.11,355.6,23973.1,39280.4,0.0,4645.455,94.965,305.970,1766:12;1792:22185
164.9623,1788884348.0027,3,599.01,22211.95,22810.96,298.5,23981.1,39272.4,0.0,4645.703,95.047,305.970,1766:12;1792:22200
165.0661,1788884348.1066,3,599.01,22225.96,22824.98,287.7,23978.8,39274.7,0.0,4646.256,95.128,305.970,1766:12;1792:22214
165.1704,1788884348.2109,3,599.01,22247.82,22846.83,211.7,23990.6,39262.9,0.0,4647.056,95.207,305.970,1766:12;1792:22236
165.2743,1788884348.3148,3,599.01,22257.02,22856.03,317.0,23998.6,39254.9,0.0,4647.541,95.283,305.970,1766:12;1792:22245
165.3784,1788884348.4189,3,599.01,22259.25,22858.26,269.5,24002.6,39250.9,0.0,4647.684,95.366,305.970,1766:12;1792:22247
165.4823,1788884348.5227,3,599.02,22275.50,22874.52,230.9,24008.1,39245.4,0.0,4648.592,95.435,305.970,1766:12;1792:22263
165.5863,1788884348.6267,3,599.09,22284.41,22883.50,86.6,24014.0,39239.5,0.0,4648.625,95.465,305.970,1766:12;1792:22272
165.6902,1788884348.7306,3,599.09,22286.45,22885.54,57.8,24015.5,39237.9,0.0,4648.916,95.466,305.970,1766:12;1792:22274
165.7939,1788884348.8343,3,599.09,22302.41,22901.50,115.6,24019.4,39234.1,0.0,4651.452,95.573,305.970,1766:12;1792:22290
165.8977,1788884348.9381,3,599.09,22301.24,22900.34,279.4,24049.2,39204.3,0.0,4663.986,95.625,305.970,1766:12;1792:22289
166.0015,1788884349.0420,3,599.09,22319.27,22918.37,57.7,24049.2,39204.3,0.0,4666.488,95.699,305.970,1766:12;1792:22307
166.1054,1788884349.1459,3,599.09,22323.40,22922.50,298.7,24049.3,39204.2,0.0,4678.384,95.751,305.970,1766:12;1792:22311
166.2092,1788884349.2497,3,599.09,22339.66,22938.75,57.8,24049.2,39204.3,0.0,4678.678,95.817,305.970,1766:12;1792:22327
166.3130,1788884349.3535,3,599.09,22356.96,22956.05,274.1,24055.2,39198.3,0.0,4693.566,95.856,305.970,1766:12;1792:22345
166.4191,1788884349.4595,3,599.09,22343.88,22942.97,95.4,24062.0,39191.5,0.0,4693.811,95.893,305.970,1766:12;1792:22332
166.5236,1788884349.5641,3,599.05,22377.89,22976.94,246.1,24066.0,39187.5,0.0,4707.492,95.981,305.970,1766:12;1792:22366
166.6295,1788884349.6700,3,599.05,22351.65,22950.70,76.8,24074.0,39179.5,0.0,4707.492,95.995,305.970,1766:12;1792:22339
166.7334,1788884349.7739,3,599.05,22369.50,22968.54,67.4,24074.0,39179.5,0.0,4709.891,96.069,305.970,1766:12;1792:22357
166.8373,1788884349.8777,3,599.05,22367.65,22966.70,250.3,24086.0,39167.5,0.0,4721.262,96.124,305.970,1766:12;1792:22355
166.9411,1788884349.9815,3,599.05,22383.92,22982.96,57.7,24086.0,39167.5,0.0,4721.555,96.190,305.970,1766:12;1792:22372
167.0450,1788884350.0855,3,599.05,22385.65,22984.70,264.8,24092.8,39160.6,0.0,4734.231,96.247,305.970,1766:12;1792:22373
167.1508,1788884350.1913,3,599.05,22395.23,22994.28,48.0,24092.7,39160.7,0.0,4734.524,96.284,305.970,1766:12;1792:22383
167.2549,1788884350.2954,3,599.05,22409.84,23008.89,37.9,24092.7,39160.7,0.0,4746.284,96.347,305.970,1766:12;1792:22398
167.3606,1788884350.4010,3,599.05,22401.65,23000.70,288.5,24101.7,39151.8,0.0,4749.000,96.366,305.970,1766:12;1792:22389
167.4644,1788884350.5049,3,599.05,22430.74,23029.79,96.2,24101.7,39151.8,0.0,4756.307,96.451,305.970,1766:12;1792:22419
167.5684,1788884350.6089,3,599.05,22442.67,23041.72,151.3,24111.2,39142.3,0.0,4762.764,96.475,305.970,1766:12;1792:22430
167.6744,1788884350.7148,3,599.05,22434.37,23033.42,163.5,24116.0,39137.5,0.0,4763.058,96.552,305.970,1766:12;1792:22422
167.7782,1788884350.8186,3,599.05,22444.83,23043.88,208.2,24117.6,39135.9,0.0,4776.184,96.603,305.970,1766:12;1792:22433
167.8840,1788884350.9245,3,599.05,22425.78,23024.83,76.8,24117.6,39135.9,0.0,4776.477,96.628,305.970,1766:12;1792:22414
167.9880,1788884351.0285,3,599.05,22501.72,23100.77,200.9,24165.4,39088.1,0.0,4789.281,96.719,305.970,1766:12;1792:22489
168.0926,1788884351.1330,3,599.11,22707.38,23306.50,736.1,24336.9,38916.6,0.0,4789.596,96.720,305.970,1766:12;1792:22695
168.1972,1788884351.2377,3,599.35,22527.59,23126.94,580.0,24212.4,39041.1,0.0,4789.995,96.722,305.970,1766:12;1792:22515
168.3024,1788884351.3429,3,599.47,22527.26,23126.73,153.9,24221.7,39031.8,0.0,4790.008,96.743,305.970,1766:12;1792:22515
168.4063,1788884351.4468,3,599.47,22527.29,23126.76,77.0,24222.7,39030.8,0.0,4790.299,96.744,305.970,1766:12;1792:22515
168.5103,1788884351.5507,3,599.47,22554.10,23153.57,269.3,24264.7,38988.8,0.0,4790.628,96.833,305.970,1766:12;1792:22542
168.6142,1788884351.6547,3,599.47,22572.37,23171.84,269.7,24275.3,38978.1,0.0,4791.193,96.922,305.970,1766:12;1792:22560
168.7180,1788884351.7585,3,599.47,22590.63,23190.10,356.4,24287.3,38966.1,0.0,4791.497,97.032,305.970,1766:12;1792:22578
168.8218,1788884351.8623,3,599.47,22612.18,23211.64,318.0,24295.3,38958.1,0.0,4791.942,97.135,305.970,1766:12;1792:22600
168.9256,1788884351.9660,3,599.47,22632.28,23231.75,346.8,24307.3,38946.1,0.0,4792.290,97.214,305.970,1766:12;1792:22620
169.0294,1788884352.0698,3,599.47,22648.11,23247.58,298.7,24325.1,38928.4,0.0,4792.658,97.295,305.970,1766:12;1792:22636
169.1332,1788884352.1736,3,599.47,22668.08,23267.55,346.5,24340.8,38912.7,0.0,4793.185,97.375,305.970,1766:12;1792:22656
169.2371,1788884352.2776,3,599.47,22671.14,23270.61,163.6,24346.5,38907.0,0.0,4793.736,97.453,305.970,1766:12;1792:22659
169.3410,1788884352.3815,3,599.47,22665.01,23264.48,172.2,24346.5,38907.0,0.0,4794.005,97.473,305.970,1766:12;1792:22653
169.4455,1788884352.4860,3,599.48,22668.03,23267.50,221.3,24346.4,38907.1,0.0,4794.187,97.533,305.970,1766:12;1792:22656
169.5495,1788884352.5899,3,599.54,22690.01,23289.55,48.1,24354.4,38899.1,0.0,4794.200,97.555,305.970,1766:12;1792:22678
169.6534,1788884352.6938,3,599.54,22690.04,23289.58,57.5,24354.4,38899.1,0.0,4794.490,97.556,305.970,1766:12;1792:22678
169.7577,1788884352.7982,3,599.54,22713.82,23313.36,182.7,24364.9,38888.5,0.0,4802.384,97.664,305.970,1766:12;1792:22702
169.8618,1788884352.9023,3,599.54,22708.38,23307.92,133.9,24382.4,38871.1,0.0,4806.383,97.687,305.970,1766:12;1792:22696
169.9666,1788884353.0070,3,599.54,22724.76,23324.30,134.3,24386.4,38867.1,0.0,4810.775,97.770,305.970,1766:12;1792:22713
170.0706,1788884353.1110,3,599.54,22734.77,23334.31,221.4,24391.1,38862.4,0.0,4819.815,97.837,305.970,1766:12;1792:22723
170.1745,1788884353.2149,3,599.54,22747.62,23347.16,163.7,24395.1,38858.4,0.0,4830.971,97.902,305.970,1766:12;1792:22735
170.2783,1788884353.3188,3,599.54,22750.50,23350.04,202.0,24403.0,38850.5,0.0,4831.703,97.972,305.970,1766:12;1792:22738
170.3823,1788884353.4228,3,599.54,22769.77,23369.31,173.1,24402.9,38850.5,0.0,4844.452,98.021,305.970,1766:12;1792:22758
170.4862,1788884353.5267,3,599.54,22768.34,23367.88,173.1,24414.9,38838.5,0.0,4844.744,98.097,305.970,1766:12;1792:22756
170.5902,1788884353.6307,3,599.54,22768.07,23367.61,288.8,24432.4,38821.0,0.0,4857.420,98.147,305.970,1766:12;1792:22756
170.6940,1788884353.7345,3,599.54,22784.34,23383.88,57.5,24432.6,38820.9,0.0,4857.712,98.212,305.970,1766:12;1792:22772
170.7985,1788884353.8389,3,599.54,22794.73,23394.27,123.5,24432.8,38820.6,0.0,4869.454,98.255,305.970,1766:12;1792:22782
170.9037,1788884353.9442,3,599.54,22793.63,23393.17,76.9,24439.3,38814.2,0.0,4871.358,98.288,305.970,1766:12;1792:22781
171.0077,1788884354.0482,3,599.54,22806.48,23406.03,134.7,24447.3,38806.2,0.0,4876.518,98.350,305.970,1766:12;1792:22794
171.1116,1788884354.1521,3,599.54,22802.14,23401.68,240.7,24467.3,38786.2,0.0,4885.846,98.392,305.970,1766:12;1792:22790
171.2155,1788884354.2560,3,599.54,22828.61,23428.15,85.0,24467.3,38786.2,0.0,4890.491,98.471,305.970,1766:12;1792:22816
171.3216,1788884354.3620,3,599.54,22821.55,23421.09,163.3,24467.8,38785.7,0.0,4900.169,98.509,305.970,1766:12;1792:22809
171.4254,1788884354.4659,3,599.54,22834.40,23433.95,115.4,24471.8,38781.7,0.0,4903.401,98.582,305.970,1766:12;1792:22822
171.5294,1788884354.5699,3,599.54,22834.44,23433.98,211.8,24465.7,38787.7,0.0,4913.986,98.619,305.970,1766:12;1792:22822
171.6333,1788884354.6737,3,599.54,22836.09,23435.64,38.5,24465.7,38787.7,0.0,4914.149,98.650,305.970,1766:12;1792:22824
171.7372,1788884354.7777,3,599.54,22846.98,23446.52,95.3,24465.7,38787.7,0.0,4919.782,98.705,305.970,1766:12;1792:22835
171.8424,1788884354.8829,3,599.55,23221.33,23820.88,750.8,24868.5,38385.0,0.0,4929.282,98.730,305.970,1766:12;1792:23209
171.9476,1788884354.9880,3,599.76,22894.87,23494.62,642.8,24537.1,38716.4,0.0,4929.282,98.730,305.970,1766:12;1792:22883
172.0516,1788884355.0921,3,599.84,22934.47,23534.31,142.7,24573.5,38680.0,0.0,4929.606,98.781,305.970,1766:12;1792:22922
172.1570,1788884355.1975,3,599.84,22950.57,23550.41,304.1,24634.7,38618.8,0.0,4929.876,98.873,305.970,1766:12;1792:22938
172.2620,1788884355.3024,3,599.84,22966.17,23566.00,240.8,24642.7,38610.8,0.0,4930.252,98.958,305.970,1766:12;1792:22954
172.3658,1788884355.4062,3,599.84,22989.17,23589.00,249.9,24654.7,38598.8,0.0,4931.193,99.060,305.970,1766:12;1792:22977
172.4699,1788884355.5103,3,599.84,23016.44,23616.27,302.5,24660.9,38592.6,0.0,4931.441,99.162,305.970,1766:12;1792:23004
172.5759,1788884355.6163,3,599.84,23029.64,23629.48,249.8,24672.9,38580.6,0.0,4931.717,99.242,305.970,1766:12;1792:23017
172.6798,1788884355.7202,3,599.84,23049.19,23649.03,307.3,24677.1,38576.4,0.0,4931.875,99.321,305.970,1766:12;1792:23037
172.7842,1788884355.8246,3,599.84,23074.20,23674.04,254.7,24693.1,38560.4,0.0,4932.421,99.404,305.970,1766:12;1792:23062
172.8901,1788884355.9306,3,599.84,23066.07,23665.91,124.9,24701.1,38552.4,0.0,4932.732,99.452,305.970,1766:12;1792:23054
172.9940,1788884356.0344,3,599.84,23070.49,23670.33,260.0,24701.1,38552.4,0.0,4933.083,99.529,305.970,1766:12;1792:23058
173.0979,1788884356.1383,3,599.90,23089.93,23689.83,259.8,24709.8,38543.6,0.0,4933.351,99.590,305.970,1766:12;1792:23078
173.2018,1788884356.2422,3,599.90,23089.93,23689.83,0.0,24709.8,38543.6,0.0,4933.351,99.590,305.970,1766:12;1792:23078
173.3055,1788884356.3460,3,599.90,23100.67,23700.57,134.4,24713.3,38540.2,0.0,4933.716,99.648,305.970,1766:12;1792:23088
173.4098,1788884356.4503,3,599.90,23113.98,23713.88,207.8,24734.9,38518.5,0.0,4935.871,99.690,305.970,1766:12;1792:23102
173.5158,1788884356.5563,3,599.90,23123.06,23722.96,86.5,24735.8,38517.7,0.0,4939.215,99.764,305.970,1766:12;1792:23111
173.6197,1788884356.6602,3,599.90,23127.47,23727.37,96.1,24749.0,38504.5,0.0,4944.612,99.795,305.970,1766:12;1792:23115
173.7238,1788884356.7642,3,599.90,23135.09,23734.99,182.9,24754.6,38498.9,0.0,4951.593,99.857,305.970,1766:12;1792:23123
173.8277,1788884356.8681,3,599.90,23154.62,23754.52,302.9,24760.0,38493.5,0.0,4963.453,99.923,305.970,1766:12;1792:23142
173.9335,1788884356.9740,3,599.90,23144.45,23744.35,38.4,24768.4,38485.1,0.0,4963.503,99.932,305.970,1766:12;1792:23132
174.0374,1788884357.0779,3,599.90,23162.29,23762.19,57.8,24763.7,38489.8,0.0,4967.588,100.012,305.970,1766:12;1792:23150
174.1412,1788884357.1817,3,599.90,23159.88,23759.77,240.8,24769.8,38483.7,0.0,4977.508,100.057,305.970,1766:12;1792:23148
174.2450,1788884357.2855,3,599.90,23170.72,23770.62,77.0,24770.1,38483.3,0.0,4978.431,100.119,305.970,1766:12;1792:23158
174.3489,1788884357.3894,3,599.90,23183.30,23783.20,307.9,24778.1,38475.3,0.0,4992.113,100.176,305.970,1766:12;1792:23171
174.4528,1788884357.4933,3,599.90,23177.34,23777.23,66.3,24786.1,38467.3,0.0,4992.309,100.211,305.970,1766:12;1792:23165
174.5588,1788884357.5993,3,599.90,23189.40,23789.30,220.6,24790.1,38463.4,0.0,4998.586,100.275,305.970,1766:12;1792:23177
174.6626,1788884357.7031,3,599.90,23192.60,23792.50,86.6,24791.8,38461.7,0.0,4999.912,100.301,305.970,1766:12;1792:23180
174.7665,1788884357.8070,3,599.90,23217.65,23817.55,115.6,24797.4,38456.1,0.0,5008.121,100.377,305.970,1766:12;1792:23205
174.8703,1788884357.9107,3,599.90,23211.30,23811.20,250.6,24807.2,38446.2,0.0,5014.198,100.443,305.970,1766:12;1792:23199
174.9740,1788884358.0144,3,599.90,23230.75,23830.65,211.9,24812.0,38441.5,0.0,5027.375,100.512,305.970,1766:12;1792:23219
175.0778,1788884358.1183,3,599.90,23225.64,23825.54,77.1,24816.0,38437.5,0.0,5027.840,100.544,305.970,1766:12;1792:23213
175.1815,1788884358.2219,3,599.90,23225.23,23825.13,241.1,24811.2,38442.2,0.0,5030.165,100.614,305.970,1766:12;1792:23213
175.2852,1788884358.3257,3,599.90,23247.58,23847.48,77.0,24811.2,38442.2,0.0,5034.811,100.692,305.970,1766:12;1792:23235
175.3890,1788884358.4295,3,599.93,23356.16,23956.09,316.5,24931.6,38321.9,0.0,5041.871,100.714,305.970,1766:12;1792:23344
175.4934,1788884358.5338,3,600.02,23359.20,23959.21,719.2,25039.4,38214.1,0.0,5042.720,100.717,305.970,1766:12;1792:23347
175.5977,1788884358.6381,3,600.16,23332.51,23932.67,259.5,25001.6,38251.9,0.0,5042.747,100.744,305.970,1766:12;1792:23320
175.7016,1788884358.7421,3,600.16,23336.43,23936.59,115.6,25002.8,38250.6,0.0,5043.039,100.759,305.970,1766:12;1792:23324
175.8054,1788884358.8458,3,600.16,23362.12,23962.28,279.4,25042.9,38210.5,0.0,5043.503,100.881,305.970,1766:12;1792:23350
175.9092,1788884358.9497,3,600.16,23370.11,23970.27,260.2,25048.2,38205.2,0.0,5044.009,100.955,305.970,1766:12;1792:23358
176.0129,1788884359.0534,3,600.16,23382.66,23982.82,270.0,25060.2,38193.2,0.0,5044.356,101.026,305.970,1766:12;1792:23370
176.1167,1788884359.1571,3,600.16,23398.04,23998.19,269.8,25064.2,38189.2,0.0,5044.718,101.115,305.970,1766:12;1792:23386
176.2205,1788884359.2609,3,600.16,23419.04,24019.20,279.5,25076.5,38177.0,0.0,5045.051,101.193,305.970,1766:12;1792:23407
176.3242,1788884359.3646,3,600.16,23431.21,24031.37,308.4,25090.4,38163.0,0.0,5045.682,101.271,305.970,1766:12;1792:23419
176.4279,1788884359.4684,3,600.16,23448.21,24048.36,250.5,25102.4,38151.0,0.0,5045.832,101.355,305.970,1766:12;1792:23436
176.5317,1788884359.5722,3,600.14,23471.67,24071.81,279.6,25106.7,38146.8,0.0,5046.184,101.446,305.970,1766:12;1792:23459
176.6354,1788884359.6759,3,600.14,23489.00,24089.14,279.2,25110.7,38142.8,0.0,5046.448,101.538,305.970,1766:12;1792:23477
176.7393,1788884359.7798,3,600.21,23491.52,24091.73,231.1,25132.3,38121.1,0.0,5046.510,101.588,305.970,1766:12;1792:23479
176.8432,1788884359.8836,3,600.21,23492.96,24093.18,37.8,25133.1,38120.4,0.0,5046.820,101.603,305.970,1766:12;1792:23481
176.9493,1788884359.9897,3,600.21,23510.42,24110.63,124.8,25137.0,38116.4,0.0,5049.506,101.688,305.970,1766:12;1792:23498
177.0532,1788884360.0936,3,600.21,23513.73,24113.95,240.8,25164.0,38089.5,0.0,5060.327,101.733,305.970,1766:12;1792:23501
177.1570,1788884360.1975,3,600.21,23522.55,24122.77,38.5,25164.0,38089.5,0.0,5060.490,101.770,305.970,1766:12;1792:23510
177.2609,1788884360.3013,3,600.21,23554.83,24155.05,141.7,25164.0,38089.5,0.0,5071.211,101.824,305.970,1766:12;1792:23543
177.3669,1788884360.4074,3,600.21,23529.89,24130.11,124.7,25172.0,38081.5,0.0,5071.244,101.845,305.970,1766:12;1792:23518
177.4709,1788884360.5114,3,600.16,23555.64,24155.81,160.7,25176.4,38077.1,0.0,5078.016,101.926,305.970,1766:12;1792:23543
177.5770,1788884360.6174,3,600.16,23542.97,24143.14,211.0,25184.4,38069.1,0.0,5084.932,101.968,305.970,1766:12;1792:23531
177.6810,1788884360.7215,3,600.16,23569.81,24169.97,104.0,25184.6,38068.8,0.0,5090.557,102.049,305.970,1766:12;1792:23558
177.7870,1788884360.8275,3,600.16,23562.64,24162.80,230.4,25196.6,38056.8,0.0,5097.923,102.084,305.970,1766:12;1792:23550
177.8910,1788884360.9314,3,600.16,23572.54,24172.70,67.4,25196.6,38056.8,0.0,5098.216,102.153,305.970,1766:12;1792:23560
177.9948,1788884361.0353,3,600.16,23579.57,24179.73,259.9,25203.3,38050.2,0.0,5110.841,102.201,305.970,1766:12;1792:23567
178.0987,1788884361.1392,3,600.16,23575.84,24176.01,28.9,25203.3,38050.2,0.0,5110.873,102.212,305.970,1766:12;1792:23564
178.2025,1788884361.2430,3,600.16,23603.09,24203.26,125.1,25207.7,38045.8,0.0,5120.901,102.303,305.970,1766:12;1792:23591
178.3065,1788884361.3470,3,600.16,23593.91,24194.08,231.2,25218.1,38035.4,0.0,5125.515,102.333,305.970,1766:12;1792:23582
178.4103,1788884361.4507,3,600.16,23611.73,24211.89,125.2,25218.0,38035.5,0.0,5133.748,102.412,305.970,1766:12;1792:23599
178.5141,1788884361.5546,3,600.16,23614.00,24214.16,279.3,25228.5,38024.9,0.0,5139.569,102.481,305.970,1766:12;1792:23602
178.6179,1788884361.6584,3,600.16,23629.77,24229.93,260.0,25244.7,38008.7,0.0,5151.590,102.554,305.970,1766:12;1792:23618
178.7218,1788884361.7622,3,600.16,23633.87,24234.04,38.5,25244.7,38008.7,0.0,5151.888,102.587,305.970,1766:12;1792:23622
178.8256,1788884361.8661,3,600.16,23631.23,24231.39,250.4,25244.7,38008.7,0.0,5152.798,102.644,305.970,1766:12;1792:23619
178.9295,1788884361.9700,3,600.16,23648.48,24248.65,57.7,25244.7,38008.7,0.0,5154.410,102.716,305.970,1766:12;1792:23636
179.0335,1788884362.0740,3,600.18,23932.64,24532.81,584.4,25532.1,37721.4,0.0,5166.970,102.754,305.970,1766:12;1792:23920
179.1379,1788884362.1784,3,600.32,23725.12,24325.45,788.3,25257.4,37996.0,0.0,5166.971,102.756,305.970,1766:12;1792:23713
179.2419,1788884362.2823,3,600.46,23735.83,24336.29,134.6,25261.1,37992.4,0.0,5167.178,102.778,305.970,1766:12;1792:23724
179.3459,1788884362.3863,3,600.46,23765.88,24366.34,212.0,25303.4,37950.0,0.0,5167.363,102.865,305.970,1766:12;1792:23754
179.4496,1788884362.4901,3,600.46,23785.40,24385.86,356.1,25336.1,37917.3,0.0,5167.665,102.952,305.970,1766:12;1792:23773
179.5536,1788884362.5940,3,600.44,23789.62,24390.06,314.6,25374.6,37878.9,0.0,5167.934,103.042,305.970,1766:12;1792:23777
179.6585,1788884362.6990,3,600.44,23802.52,24402.96,231.0,25396.3,37857.2,0.0,5168.201,103.119,305.970,1766:12;1792:23790
179.7624,1788884362.8028,3,600.44,23826.57,24427.00,257.2,25421.8,37831.7,0.0,5169.339,103.209,305.970,1766:12;1792:23814
179.8673,1788884362.9078,3,600.44,23845.05,24445.49,256.3,25443.0,37810.4,0.0,5169.623,103.302,305.970,1766:12;1792:23833
179.9729,1788884363.0134,3,600.44,23852.55,24452.99,220.1,25474.5,37778.9,0.0,5170.127,103.351,305.970,1766:12;1792:23840
180.0772,1788884363.1176,3,600.44,23869.43,24469.87,250.1,25487.4,37766.0,0.0,5171.253,103.435,305.970,1766:12;1792:23857
180.1811,1788884363.2216,3,600.44,23885.16,24485.60,125.0,25487.8,37765.6,0.0,5171.580,103.511,305.970,1766:12;1792:23873
180.2852,1788884363.3256,3,600.44,23897.07,24497.51,236.2,25488.2,37765.3,0.0,5172.010,103.592,305.970,1766:12;1792:23885
180.3912,1788884363.4317,3,600.51,23894.36,24494.88,201.4,25497.3,37756.1,0.0,5172.165,103.627,305.970,1766:12;1792:23882
180.4953,1788884363.5357,3,600.51,23894.63,24495.14,77.0,25497.3,37756.1,0.0,5172.457,103.628,305.970,1766:12;1792:23882
180.5991,1788884363.6395,3,600.51,23916.89,24517.40,182.8,25506.6,37746.9,0.0,5177.411,103.749,305.970,1766:12;1792:23905
180.7030,1788884363.7435,3,600.51,23917.98,24518.49,268.3,25532.1,37721.4,0.0,5186.722,103.814,305.970,1766:12;1792:23906
180.8078,1788884363.8482,3,600.51,23947.50,24548.02,169.3,25541.6,37711.9,0.0,5199.828,103.886,305.970,1766:12;1792:23935
180.9139,1788884363.9544,3,600.51,23932.27,24532.78,123.9,25546.0,37707.5,0.0,5200.378,103.920,305.970,1766:12;1792:23920
181.0186,1788884364.0591,3,600.52,23966.18,24566.70,160.9,25554.0,37699.5,0.0,5213.954,104.006,305.970,1766:12;1792:23954
181.1245,1788884364.1650,3,600.52,23946.30,24546.81,143.9,25566.2,37687.2,0.0,5214.375,104.025,305.970,1766:12;1792:23934
181.2285,1788884364.2690,3,600.52,23989.15,24589.66,122.7,25566.2,37687.2,0.0,5227.693,104.119,305.970,1766:12;1792:23977
181.3347,1788884364.3751,3,600.52,23960.73,24561.24,211.2,25564.5,37689.0,0.0,5228.011,104.137,305.970,1766:12;1792:23948
181.4386,1788884364.4790,3,600.52,23989.59,24590.11,95.1,25564.5,37689.0,0.0,5233.615,104.219,305.970,1766:12;1792:23977
181.5438,1788884364.5843,3,600.52,23978.87,24579.38,230.8,25586.2,37667.3,0.0,5242.884,104.260,305.970,1766:12;1792:23967
181.6477,1788884364.6882,3,600.52,24004.55,24605.06,76.9,25586.2,37667.3,0.0,5246.918,104.339,305.970,1766:12;1792:23992
181.7517,1788884364.7922,3,600.52,23997.06,24597.57,211.5,25594.2,37659.3,0.0,5254.669,104.377,305.970,1766:12;1792:23985
181.8557,1788884364.8962,3,600.52,24019.90,24620.42,76.7,25594.2,37659.3,0.0,5259.464,104.455,305.970,1766:12;1792:24008
181.9600,1788884365.0005,3,600.52,24013.71,24614.23,230.8,25610.4,37643.0,0.0,5267.826,104.494,305.970,1766:12;1792:24001
182.0640,1788884365.1045,3,600.52,24032.74,24633.26,67.3,25610.7,37642.8,0.0,5271.547,104.571,305.970,1766:12;1792:24020
182.1680,1788884365.2085,3,600.52,24024.87,24625.39,202.2,25623.3,37630.2,0.0,5278.914,104.608,305.970,1766:12;1792:24013
182.2719,1788884365.3123,3,600.52,24032.71,24633.23,76.6,25623.3,37630.2,0.0,5279.611,104.655,305.970,1766:12;1792:24020
182.3764,1788884365.4169,3,600.52,24040.81,24641.33,279.0,25623.2,37630.2,0.0,5290.770,104.727,305.970,1766:12;1792:24029
182.4803,1788884365.5208,3,600.52,24039.74,24640.27,38.3,25623.2,37630.2,0.0,5291.062,104.752,305.970,1766:12;1792:24028
182.5847,1788884365.6252,3,600.52,24253.16,24853.68,345.1,25813.2,37440.3,0.0,5301.600,104.824,305.970,1766:12;1792:24241
182.6891,1788884365.7296,3,600.61,24262.14,24862.76,954.5,25916.2,37337.3,0.0,5302.593,104.830,305.970,1766:12;1792:24250
182.7940,1788884365.8344,3,600.83,24110.37,24711.20,502.2,25754.3,37499.2,0.0,5302.593,104.830,305.970,1766:12;1792:24098
182.8997,1788884365.9402,3,600.92,23937.00,24537.91,172.6,25601.3,37652.2,0.0,5302.904,104.859,305.970,1766:12;1792:23925
183.0036,1788884366.0441,3,600.92,23968.53,24569.45,246.3,25621.0,37632.4,0.0,5303.066,104.956,305.970,1766:12;1792:23956
183.1094,1788884366.1499,3,600.92,23986.33,24587.25,329.7,25634.7,37618.7,0.0,5303.375,105.038,305.970,1766:12;1792:23974
183.2156,1788884366.2561,3,600.92,23997.78,24598.70,144.1,25638.7,37614.7,0.0,5304.100,105.122,305.970,1766:12;1792:23986
183.3195,1788884366.3599,3,600.92,24016.78,24617.70,278.9,25650.7,37602.7,0.0,5304.450,105.204,305.970,1766:12;1792:24005
183.4235,1788884366.4640,3,600.92,24026.81,24627.73,312.2,25658.7,37594.7,0.0,5305.138,105.293,305.970,1766:12;1792:24015
183.5294,1788884366.5699,3,600.91,24047.95,24648.86,283.3,25659.7,37593.7,0.0,5305.817,105.371,305.970,1766:12;1792:24036
183.6353,1788884366.6758,3,600.91,24065.10,24666.01,172.3,25667.7,37585.7,0.0,5306.381,105.453,305.970,1766:12;1792:24053
183.7398,1788884366.7803,3,600.91,24070.43,24671.34,326.1,25675.7,37577.7,0.0,5306.628,105.530,305.970,1766:12;1792:24058
183.8438,1788884366.8842,3,600.91,24086.39,24687.29,327.0,25680.2,37573.2,0.0,5306.855,105.611,305.970,1766:12;1792:24074
183.9477,1788884366.9882,3,600.91,24090.72,24691.63,274.0,25691.1,37562.4,0.0,5307.148,105.679,305.970,1766:12;1792:24078
184.0538,1788884367.0943,3,600.98,24105.45,24706.44,48.0,25699.3,37554.2,0.0,5307.168,105.703,305.970,1766:12;1792:24093
184.1577,1788884367.1982,3,600.98,24107.73,24708.71,95.2,25699.3,37554.2,0.0,5307.458,105.707,305.970,1766:12;1792:24095
184.2628,1788884367.3033,3,600.98,24131.89,24732.87,94.5,25703.6,37549.9,0.0,5316.648,105.811,305.970,1766:12;1792:24120
184.3686,1788884367.4090,3,600.98,24122.85,24723.83,231.2,25734.0,37519.4,0.0,5321.591,105.839,305.970,1766:12;1792:24111
184.4724,1788884367.5128,3,600.93,24136.73,24737.66,67.4,25734.0,37519.4,0.0,5321.884,105.905,305.970,1766:12;1792:24124
184.5762,1788884367.6166,3,600.93,24145.09,24746.02,250.4,25742.4,37511.0,0.0,5335.711,105.958,305.970,1766:12;1792:24133
184.6800,1788884367.7205,3,600.93,24154.87,24755.80,96.3,25742.8,37510.7,0.0,5336.565,106.029,305.970,1766:12;1792:24143
184.7839,1788884367.8243,3,600.93,24162.51,24763.44,278.2,25751.8,37501.6,0.0,5350.549,106.077,305.970,1766:12;1792:24150
184.8881,1788884367.9286,3,600.93,24154.18,24755.11,28.9,25752.7,37500.8,0.0,5350.728,106.082,305.970,1766:12;1792:24142
184.9921,1788884368.0325,3,600.93,24173.03,24773.96,57.7,25752.9,37500.6,0.0,5353.834,106.156,305.970,1766:12;1792:24161
185.0959,1788884368.1364,3,600.93,24177.21,24778.14,201.9,25765.1,37488.4,0.0,5364.475,106.197,305.970,1766:12;1792:24165
185.1999,1788884368.2404,3,600.93,24188.76,24789.69,144.4,25769.1,37484.4,0.0,5365.161,106.269,305.970,1766:12;1792:24177
185.3038,1788884368.3442,3,600.93,24184.19,24785.12,250.3,25777.7,37475.7,0.0,5379.739,106.324,305.970,1766:12;1792:24172
185.4077,1788884368.4481,3,600.93,24184.19,24785.12,9.6,25777.7,37475.7,0.0,5379.813,106.325,305.970,1766:12;1792:24172
185.5115,1788884368.5520,3,600.93,24201.95,24802.88,115.6,25771.5,37482.0,0.0,5384.342,106.407,305.970,1766:12;1792:24190
185.6154,1788884368.6559,3,600.93,24204.84,24805.77,182.7,25788.0,37465.5,0.0,5394.800,106.443,305.970,1766:12;1792:24193
185.7194,1788884368.7599,3,600.93,24219.46,24820.39,77.0,25792.2,37461.2,0.0,5396.108,106.513,305.970,1766:12;1792:24207
185.8233,1788884368.8638,3,600.93,24222.44,24823.37,317.7,25808.8,37444.7,0.0,5410.171,106.555,305.970,1766:12;1792:24210
185.9272,1788884368.9677,3,600.93,24238.81,24839.74,57.7,25808.8,37444.7,0.0,5410.754,106.622,305.970,1766:12;1792:24227
186.0312,1788884369.0717,3,600.93,24244.99,24845.92,217.7,25821.4,37432.1,0.0,5424.784,106.669,305.970,1766:12;1792:24233
186.1368,1788884369.1773,3,600.93,24238.46,24839.39,48.0,25821.4,37432.1,0.0,5424.867,106.675,305.970,1766:12;1792:24226
186.2412,1788884369.2816,3,600.93,24254.51,24855.45,124.8,25821.4,37432.1,0.0,5429.575,106.755,305.970,1766:12;1792:24242
186.3451,1788884369.3856,3,600.93,24255.29,24856.22,182.9,25821.4,37432.1,0.0,5439.040,106.814,305.970,1766:12;1792:24243
186.4490,1788884369.4895,3,600.93,24297.31,24898.24,141.6,25838.9,37414.5,0.0,5450.565,106.879,305.970,1766:12;1792:24285
186.5552,1788884369.5956,3,600.97,24396.07,24997.04,651.2,26061.8,37191.6,0.0,5451.164,106.887,305.970,1766:12;1792:24384
186.6594,1788884369.6999,3,601.17,24380.88,24982.05,403.4,26016.0,37237.4,0.0,5452.756,106.891,305.970,1766:12;1792:24369
186.7635,1788884369.8039,3,601.24,24309.93,24911.18,336.0,26054.1,37199.4,0.0,5452.938,106.892,305.970,1766:12;1792:24298
186.8676,1788884369.9081,3,601.31,24338.74,24940.05,86.6,26017.2,37236.3,0.0,5453.214,106.909,305.970,1766:12;1792:24326
186.9715,1788884370.0120,3,601.31,24369.04,24970.35,182.3,26036.1,37217.4,0.0,5453.511,106.981,305.970,1766:12;1792:24357
187.0758,1788884370.1162,3,601.31,24383.59,24984.91,288.2,26042.5,37211.0,0.0,5453.948,107.062,305.970,1766:12;1792:24371
187.1799,1788884370.2203,3,601.31,24386.34,24987.65,220.8,26054.9,37198.5,0.0,5454.290,107.125,305.970,1766:12;1792:24374
187.2842,1788884370.3247,3,601.31,24400.33,25001.64,269.0,26066.5,37187.0,0.0,5454.695,107.202,305.970,1766:12;1792:24388
187.3881,1788884370.4286,3,601.31,24412.62,25013.93,269.6,26086.4,37167.1,0.0,5455.423,107.273,305.970,1766:12;1792:24400
187.4920,1788884370.5324,3,601.31,24425.11,25026.42,250.3,26090.4,37163.1,0.0,5456.039,107.345,305.970,1766:12;1792:24413
187.5959,1788884370.6363,3,601.31,24448.05,25049.36,192.6,26098.4,37155.1,0.0,5457.302,107.425,305.970,1766:12;1792:24436
187.6997,1788884370.7402,3,601.31,24461.46,25062.77,279.1,26106.4,37147.1,0.0,5458.386,107.511,305.970,1766:12;1792:24449
187.8036,1788884370.8441,3,601.31,24489.70,25091.00,183.0,26106.6,37146.8,0.0,5458.873,107.588,305.970,1766:12;1792:24477
187.9075,1788884370.9479,3,601.31,24487.31,25088.62,327.1,26114.6,37138.8,0.0,5459.099,107.670,305.970,1766:12;1792:24475
188.0114,1788884371.0519,3,601.32,24491.38,25092.70,236.3,26121.6,37131.8,0.0,5460.007,107.740,305.970,1766:12;1792:24479
188.1175,1788884371.1579,3,601.37,24501.96,25103.33,86.3,26133.8,37119.7,0.0,5460.071,107.769,305.970,1766:12;1792:24490
188.2216,1788884371.2620,3,601.37,24501.98,25103.34,76.3,26133.8,37119.7,0.0,5460.362,107.771,305.970,1766:12;1792:24490
188.3265,1788884371.3670,3,601.37,24518.34,25119.71,96.1,26135.7,37117.7,0.0,5460.439,107.861,305.970,1766:12;1792:24506
188.4304,1788884371.4709,3,601.37,24530.20,25131.56,288.4,26160.5,37093.0,0.0,5475.038,107.916,305.970,1766:12;1792:24518
188.5345,1788884371.5749,3,601.36,24522.21,25123.57,47.6,26160.9,37092.5,0.0,5475.104,107.936,305.970,1766:12;1792:24510
188.6395,1788884371.6799,3,601.36,24540.75,25142.11,66.9,26161.2,37092.3,0.0,5482.558,108.008,305.970,1766:12;1792:24529
188.7441,1788884371.7846,3,601.36,24539.16,25140.52,278.9,26177.2,37076.3,0.0,5488.659,108.041,305.970,1766:12;1792:24527
188.8480,1788884371.8885,3,601.36,24555.43,25156.79,67.4,26177.2,37076.3,0.0,5488.953,108.106,305.970,1766:12;1792:24543
188.9520,1788884371.9924,3,601.36,24562.80,25164.16,200.8,26182.9,37070.6,0.0,5502.379,108.156,305.970,1766:12;1792:24551
189.0565,1788884372.0970,3,601.36,24552.63,25153.99,57.6,26182.9,37070.6,0.0,5502.623,108.162,305.970,1766:12;1792:24540
189.1607,1788884372.2012,3,601.36,24569.73,25171.09,76.9,26182.9,37070.6,0.0,5503.767,108.232,305.970,1766:12;1792:24557
189.2648,1788884372.3052,3,601.36,24570.63,25171.99,221.3,26199.6,37053.8,0.0,5510.419,108.268,305.970,1766:12;1792:24558
189.3687,1788884372.4091,3,601.36,24586.89,25188.25,76.8,26199.6,37053.8,0.0,5510.925,108.335,305.970,1766:12;1792:24575
189.4728,1788884372.5133,3,601.36,24605.23,25206.59,198.6,26199.6,37053.8,0.0,5523.723,108.378,305.970,1766:12;1792:24593
189.5788,1788884372.6193,3,601.36,24591.23,25192.59,162.1,26207.6,37045.8,0.0,5524.328,108.420,305.970,1766:12;1792:24579
189.6835,1788884372.7239,3,601.36,24618.74,25220.10,76.3,26207.6,37045.8,0.0,5533.371,108.484,305.970,1766:12;1792:24606
189.7883,1788884372.8288,3,601.36,24606.84,25208.20,240.1,26223.6,37029.8,0.0,5535.111,108.505,305.970,1766:12;1792:24595
189.8924,1788884372.9329,3,601.36,24623.10,25224.46,67.3,26223.6,37029.8,0.0,5535.405,108.571,305.970,1766:12;1792:24611
189.9964,1788884373.0369,3,601.36,24630.88,25232.25,133.9,26224.5,37029.0,0.0,5546.025,108.614,305.970,1766:12;1792:24619
190.1012,1788884373.1417,3,601.36,24627.47,25228.83,143.8,26228.5,37025.0,0.0,5547.387,108.664,305.970,1766:12;1792:24615
190.2052,1788884373.2457,3,601.36,24639.86,25241.23,48.1,26228.5,37025.0,0.0,5552.318,108.708,305.970,1766:12;1792:24628
190.3092,1788884373.3497,3,601.36,24637.05,25238.41,307.9,26244.5,37009.0,0.0,5560.881,108.752,305.970,1766:12;1792:24625
190.4131,1788884373.4536,3,601.36,24651.27,25252.63,67.4,26244.5,37009.0,0.0,5561.174,108.818,305.970,1766:12;1792:24639
190.5170,1788884373.5575,3,601.36,24658.98,25260.35,236.4,26244.5,37009.0,0.0,5573.596,108.860,305.970,1766:12;1792:24647
190.6231,1788884373.6635,3,601.36,24642.74,25244.11,76.8,26244.7,37008.8,0.0,5573.888,108.877,305.970,1766:12;1792:24631
190.7270,1788884373.7674,3,601.37,24740.13,25341.50,160.4,26304.7,36948.8,0.0,5584.487,108.962,305.970,1766:12;1792:24728
190.8332,1788884373.8737,3,601.41,25095.38,25696.79,870.2,26590.8,36662.7,0.0,5587.533,108.971,305.970,1766:12;1792:25083
190.9404,1788884373.9808,3,602.07,24718.30,25320.36,689.5,26306.4,36947.0,0.0,5587.533,108.971,305.970,1766:12;1792:24706
191.0457,1788884374.0861,3,601.87,24546.12,25147.99,451.7,26180.3,37073.2,0.0,5587.533,108.971,305.970,1766:12;1792:24534
191.1497,1788884374.1902,3,601.98,24372.83,24974.81,480.6,25951.9,37301.6,0.0,5587.533,108.971,305.970,1766:12;1792:24361
191.2561,1788884374.2966,3,602.05,24057.93,24659.98,440.8,25742.4,37511.1,0.0,5587.533,108.971,305.970,1766:12;1792:24046
191.3603,1788884374.4007,3,602.19,23839.39,24441.58,479.7,25662.3,37591.1,0.0,5587.533,108.971,305.970,1766:12;1792:23827
191.4645,1788884374.5049,3,602.22,23748.25,24350.46,96.3,25544.2,37709.3,0.0,5587.833,108.992,305.970,1766:12;1792:23736
191.5683,1788884374.6088,3,602.22,23770.76,24372.98,183.0,25554.7,37698.8,0.0,5587.979,109.069,305.970,1766:12;1792:23759
191.6722,1788884374.7126,3,602.22,23789.58,24391.80,375.5,25563.6,37689.9,0.0,5588.343,109.153,305.970,1766:12;1792:23777
191.7760,1788884374.8165,3,602.22,23804.86,24407.07,347.2,25571.6,37681.9,0.0,5588.562,109.232,305.970,1766:12;1792:23793
191.8797,1788884374.9201,3,602.22,23816.09,24418.31,260.5,25583.6,37669.9,0.0,5588.713,109.307,305.970,1766:12;1792:23804
191.9833,1788884375.0238,3,602.22,23832.55,24434.77,289.2,25587.6,37665.9,0.0,5589.576,109.396,305.970,1766:12;1792:23820
192.0871,1788884375.1275,3,602.22,23853.98,24456.21,318.0,25592.9,37660.5,0.0,5589.889,109.492,305.970,1766:12;1792:23842
192.1908,1788884375.2313,3,602.22,23874.89,24477.12,298.8,25608.9,37644.5,0.0,5590.130,109.582,305.970,1766:12;1792:23863
192.2946,1788884375.3351,3,602.22,23898.05,24500.27,289.1,25620.9,37632.5,0.0,5590.659,109.683,305.970,1766:12;1792:23886
192.3983,1788884375.4388,3,602.22,23886.45,24488.68,241.0,25621.2,37632.3,0.0,5590.978,109.716,305.970,1766:12;1792:23874
192.5020,1788884375.5425,3,602.29,23913.84,24516.14,250.5,25637.4,37616.1,0.0,5591.874,109.812,305.970,1766:12;1792:23902
192.6059,1788884375.6463,3,602.29,23913.86,24516.16,57.7,25637.4,37616.1,0.0,5592.167,109.813,305.970,1766:12;1792:23902
192.7099,1788884375.7503,3,602.29,23930.14,24532.44,125.1,25640.8,37612.6,0.0,5592.263,109.911,305.970,1766:12;1792:23918
192.8138,1788884375.8542,3,602.29,23933.28,24535.57,259.7,25662.6,37590.8,0.0,5604.684,109.969,305.970,1766:12;1792:23921
192.9177,1788884375.9582,3,602.29,23944.27,24546.56,96.3,25671.5,37582.0,0.0,5605.341,110.041,305.970,1766:12;1792:23932
193.0216,1788884376.0621,3,602.29,23954.58,24556.87,105.9,25674.6,37578.9,0.0,5616.632,110.082,305.970,1766:12;1792:23942
193.1255,1788884376.1659,3,602.29,23949.31,24551.61,163.5,25689.7,37563.8,0.0,5619.044,110.116,305.970,1766:12;1792:23937
193.2294,1788884376.2699,3,602.29,23961.25,24563.55,86.6,25689.7,37563.8,0.0,5622.158,110.173,305.970,1766:12;1792:23949
193.3333,1788884376.3737,3,602.29,23963.91,24566.21,279.3,25689.9,37563.5,0.0,5632.938,110.229,305.970,1766:12;1792:23952
193.4371,1788884376.4776,3,602.29,23976.29,24578.58,77.0,25693.7,37559.8,0.0,5633.233,110.297,305.970,1766:12;1792:23964
193.5410,1788884376.5814,3,602.23,23981.55,24583.79,308.0,25715.5,37537.9,0.0,5644.801,110.352,305.970,1766:12;1792:23969
193.6448,1788884376.6853,3,602.23,23986.62,24588.85,28.9,25715.5,37537.9,0.0,5644.931,110.376,305.970,1766:12;1792:23974
193.7485,1788884376.7890,3,602.23,24001.51,24603.74,57.7,25715.5,37538.0,0.0,5652.782,110.446,305.970,1766:12;1792:23989
193.8525,1788884376.8930,3,602.23,23990.02,24592.25,226.7,25724.2,37529.3,0.0,5660.740,110.490,305.970,1766:12;1792:23978
193.9586,1788884376.9990,3,602.23,24008.29,24610.52,57.7,25724.9,37528.6,0.0,5661.035,110.558,305.970,1766:12;1792:23996
194.0624,1788884377.1029,3,602.23,24024.95,24627.19,144.1,25725.8,37527.7,0.0,5674.433,110.609,305.970,1766:12;1792:24013
194.1665,1788884377.2070,3,602.23,24013.87,24616.11,173.2,25729.8,37523.7,0.0,5675.078,110.637,305.970,1766:12;1792:24002
194.2705,1788884377.3110,3,602.23,24035.43,24637.66,67.1,25730.3,37523.2,0.0,5682.120,110.708,305.970,1766:12;1792:24023
194.3748,1788884377.4152,3,602.23,24026.02,24628.26,259.6,25746.0,37507.5,0.0,5690.401,110.744,305.970,1766:12;1792:24014
194.4787,1788884377.5192,3,602.23,24042.11,24644.34,250.2,25762.0,37491.5,0.0,5691.247,110.830,305.970,1766:12;1792:24030
194.5827,1788884377.6231,3,602.23,24058.37,24660.61,67.3,25762.0,37491.5,0.0,5691.541,110.896,305.970,1766:12;1792:24046
194.6866,1788884377.7271,3,602.23,24064.91,24667.14,77.0,25762.2,37491.2,0.0,5702.881,110.934,305.970,1766:12;1792:24053
194.7905,1788884377.8310,3,602.23,24051.59,24653.82,230.8,25762.6,37490.9,0.0,5705.710,110.973,305.970,1766:12;1792:24039
194.8945,1788884377.9350,3,602.23,24124.40,24726.63,188.5,25787.0,37466.5,0.0,5720.024,111.052,305.970,1766:12;1792:24112
195.0010,1788884378.0415,3,602.24,24947.82,25550.06,1100.9,26694.1,36559.4,0.0,5720.157,111.052,305.970,1766:12;1792:24936
195.1101,1788884378.1505,3,602.30,25913.86,26516.16,1290.3,27510.0,35743.5,0.0,5720.157,111.052,305.970,1766:12;1792:25902
195.2210,1788884378.2615,3,602.36,26400.18,27002.54,1519.4,28085.4,35168.1,0.0,5720.157,111.052,305.970,1766:12;1792:26388
195.3370,1788884378.3775,3,602.41,25547.00,26149.40,1398.5,27323.2,35930.2,0.0,5720.157,111.052,305.970,1766:12;1792:25535
195.4459,1788884378.4864,3,602.42,26560.88,27163.30,1433.2,28321.6,34931.9,0.0,5720.157,111.052,305.970,1766:12;1792:26549
195.5520,1788884378.5925,3,602.44,26110.45,26712.89,1463.5,27914.7,35338.8,0.0,5720.157,111.052,305.970,1766:12;1792:26098
195.6627,1788884378.7032,3,602.47,25770.53,26373.00,1303.4,27617.9,35635.5,0.0,5720.157,111.052,305.970,1766:12;1792:25758
195.7686,1788884378.8090,3,602.50,25488.27,26090.77,959.9,27182.5,36070.9,0.0,5720.157,111.052,305.970,1766:12;1792:25476
195.8725,1788884378.9130,3,602.62,24542.06,25144.68,603.5,26219.9,37033.6,0.0,5720.157,111.052,305.970,1766:12;1792:24530
195.9769,1788884379.0174,3,602.68,24680.70,25283.38,529.4,26275.9,36977.5,0.0,5720.157,111.052,305.970,1766:12;1792:24668
196.0808,1788884379.1212,3,602.76,24358.42,24961.18,545.3,26319.7,36933.7,0.0,5720.157,111.052,305.970,1766:12;1792:24346
196.1854,1788884379.2259,3,602.86,24205.68,24808.54,697.2,26053.0,37200.4,0.0,5720.157,111.052,305.970,1766:12;1792:24193
196.2903,1788884379.3307,3,603.02,23882.33,24485.35,536.7,25854.9,37398.6,0.0,5720.157,111.052,305.970,1766:12;1792:23870
196.3966,1788884379.4371,3,603.06,23658.63,24261.69,584.0,25504.3,37749.2,0.0,5720.157,111.052,305.970,1766:12;1792:23646
196.5007,1788884379.5411,3,603.14,23258.57,23861.71,500.8,25253.2,38000.2,0.0,5720.157,111.052,305.970,1766:12;1792:23246
196.6045,1788884379.6450,3,603.23,22927.36,23530.59,288.2,24952.3,38301.2,0.0,5720.334,111.070,305.970,1766:12;1792:22915
196.7086,1788884379.7490,3,603.23,22942.78,23546.01,151.5,24960.3,38293.2,0.0,5720.581,111.151,305.970,1766:12;1792:22931
196.8145,1788884379.8549,3,603.23,22950.26,23553.49,123.7,24961.1,38292.3,0.0,5720.757,111.206,305.970,1766:12;1792:22938
196.9194,1788884379.9599,3,603.23,22966.11,23569.34,125.0,24969.1,38284.3,0.0,5721.084,111.276,305.970,1766:12;1792:22954
197.0233,1788884380.0638,3,603.23,22973.41,23576.64,105.9,24969.1,38284.3,0.0,5721.260,111.311,305.970,1766:12;1792:22961
197.1272,1788884380.1676,3,603.23,22983.38,23586.61,96.2,24981.9,38271.6,0.0,5721.452,111.361,305.970,1766:12;1792:22971
197.2310,1788884380.2715,3,603.23,22993.38,23596.61,125.2,24981.9,38271.6,0.0,5721.694,111.418,305.970,1766:12;1792:22981
197.3349,1788884380.3753,3,603.23,23006.84,23610.07,115.5,24989.9,38263.6,0.0,5722.007,111.473,305.970,1766:12;1792:22995
197.4388,1788884380.4793,3,603.23,23016.29,23619.52,125.1,24990.2,38263.2,0.0,5722.360,111.540,305.970,1766:12;1792:23004
197.5427,1788884380.5832,3,603.23,23018.59,23621.82,144.5,24990.2,38263.2,0.0,5722.509,111.590,305.970,1766:12;1792:23006
197.6466,1788884380.6870,3,603.27,23039.50,23642.78,134.7,24994.5,38259.0,0.0,5722.794,111.651,305.970,1766:12;1792:23027
197.7505,1788884380.7910,3,603.27,23039.51,23642.79,28.9,24994.5,38259.0,0.0,5722.989,111.652,305.970,1766:12;1792:23027
197.8543,1788884380.8947,3,603.27,23045.12,23648.40,77.0,24994.7,38258.7,0.0,5723.051,111.716,305.970,1766:12;1792:23033
197.9582,1788884380.9987,3,603.27,23049.53,23652.80,77.1,25004.1,38249.4,0.0,5725.149,111.735,305.970,1766:12;1792:23037
198.0620,1788884381.1024,3,603.28,23057.46,23660.74,67.4,25001.1,38252.4,0.0,5725.362,111.782,305.970,1766:12;1792:23045
198.1659,1788884381.2063,3,603.28,23060.59,23663.86,9.6,25000.8,38252.7,0.0,5726.867,111.804,305.970,1766:12;1792:23048
198.2697,1788884381.3102,3,603.28,23069.50,23672.78,115.5,25004.8,38248.7,0.0,5727.898,111.841,305.970,1766:12;1792:23057
198.3736,1788884381.4141,3,603.28,23076.52,23679.80,96.3,25008.8,38244.7,0.0,5730.663,111.886,305.970,1766:12;1792:23064
198.4774,1788884381.5178,3,603.25,23083.53,23686.77,86.7,25012.8,38240.7,0.0,5730.917,111.907,305.970,1766:12;1792:23071
198.5811,1788884381.6216,3,603.25,23089.97,23693.21,38.6,25012.8,38240.7,0.0,5731.117,111.952,305.970,1766:12;1792:23078
198.6849,1788884381.7253,3,603.25,23097.84,23701.08,67.5,25012.8,38240.7,0.0,5733.868,111.967,305.970,1766:12;1792:23086
198.7887,1788884381.8291,3,603.25,23099.97,23703.21,48.2,25020.8,38232.7,0.0,5734.064,112.017,305.970,1766:12;1792:23088
198.8925,1788884381.9330,3,603.25,23105.53,23708.77,86.7,25028.8,38224.7,0.0,5736.830,112.038,305.970,1766:12;1792:23093
198.9964,1788884382.0368,3,603.25,23111.76,23715.00,38.5,25028.8,38224.7,0.0,5737.290,112.083,305.970,1766:12;1792:23100
199.1002,1788884382.1407,3,603.25,23117.97,23721.21,67.4,25032.8,38220.7,0.0,5739.807,112.101,305.970,1766:12;1792:23106
199.2040,1788884382.2445,3,603.25,23124.01,23727.26,48.2,25036.8,38216.7,0.0,5740.054,112.149,305.970,1766:12;1792:23112
199.3078,1788884382.3483,3,603.25,23127.53,23730.77,96.2,25045.0,38208.4,0.0,5742.771,112.168,305.970,1766:12;1792:23115
199.4118,1788884382.4522,3,603.25,23133.89,23737.13,38.5,25045.0,38208.4,0.0,5742.971,112.212,305.970,1766:12;1792:23122
199.5156,1788884382.5560,3,603.25,23129.34,23732.58,96.3,25029.2,38224.3,0.0,5745.751,112.236,305.970,1766:12;1792:23117
199.6195,1788884382.6599,3,603.25,23306.91,23910.16,144.1,25194.3,38059.1,0.0,5745.996,112.281,305.970,1766:12;1792:23295
199.7237,1788884382.7641,3,603.27,23259.21,23862.47,535.4,25234.9,38018.5,0.0,5748.681,112.288,305.970,1766:12;1792:23247
199.8302,1788884382.8706,3,603.35,23185.29,23788.64,134.0,25218.4,38035.0,0.0,5748.883,112.302,305.970,1766:12;1792:23173
199.9346,1788884382.9751,3,603.35,23199.23,23802.58,202.0,25243.9,38009.6,0.0,5749.054,112.388,305.970,1766:12;1792:23187
200.0385,1788884383.0790,3,603.36,23214.58,23817.93,173.3,25244.8,38008.7,0.0,5749.317,112.457,305.970,1766:12;1792:23202
200.1424,1788884383.1828,3,603.36,23235.59,23838.94,221.4,25253.4,38000.1,0.0,5749.545,112.522,305.970,1766:12;1792:23223
200.2462,1788884383.2867,3,603.36,23239.29,23842.65,173.4,25265.8,37987.7,0.0,5749.664,112.570,305.970,1766:12;1792:23227
200.3500,1788884383.3905,3,603.36,23253.12,23856.48,134.7,25270.0,37983.5,0.0,5750.067,112.625,305.970,1766:12;1792:23241
200.4540,1788884383.4944,3,603.36,23262.30,23865.66,163.5,25282.7,37970.7,0.0,5750.307,112.680,305.970,1766:12;1792:23250
200.5579,1788884383.5984,3,603.36,23275.31,23878.66,163.3,25290.7,37962.7,0.0,5750.585,112.743,305.970,1766:12;1792:23263
200.6620,1788884383.7025,3,603.36,23278.60,23881.96,153.9,25290.7,37962.7,0.0,5750.872,112.807,305.970,1766:12;1792:23266
200.7660,1788884383.8065,3,603.38,23295.79,23899.16,124.6,25297.4,37956.0,0.0,5751.074,112.853,305.970,1766:12;1792:23284
200.8704,1788884383.9108,3,603.38,23295.79,23899.16,0.0,25297.4,37956.0,0.0,5751.082,112.856,305.970,1766:12;1792:23284
200.9744,1788884384.0149,3,603.38,23300.65,23904.03,112.9,25291.5,37961.9,0.0,5751.320,112.910,305.970,1766:12;1792:23288
201.0809,1788884384.1214,3,603.38,23310.16,23913.54,47.2,25298.5,37954.9,0.0,5753.696,112.945,305.970,1766:12;1792:23298
201.1870,1788884384.2274,3,603.38,23313.38,23916.76,76.8,25303.3,37950.2,0.0,5754.295,112.996,305.970,1766:12;1792:23301
201.2908,1788884384.3313,3,603.38,23315.11,23918.48,28.7,25303.3,37950.2,0.0,5755.132,113.005,305.970,1766:12;1792:23303
201.3954,1788884384.4359,3,603.38,23322.73,23926.11,105.8,25307.4,37946.1,0.0,5757.083,113.061,305.970,1766:12;1792:23310
201.4993,1788884384.5398,3,603.37,23328.70,23932.07,57.7,25311.4,37942.1,0.0,5759.331,113.075,305.970,1766:12;1792:23316
201.6031,1788884384.6436,3,603.37,23327.85,23931.22,38.5,25315.4,37938.1,0.0,5759.689,113.088,305.970,1766:12;1792:23316
201.7069,1788884384.7474,3,603.37,23334.59,23937.96,38.5,25315.4,37938.1,0.0,5759.893,113.132,305.970,1766:12;1792:23322
201.8108,1788884384.8513,3,603.37,23339.87,23943.24,67.4,25315.4,37938.1,0.0,5762.079,113.151,305.970,1766:12;1792:23328
201.9147,1788884384.9551,3,603.37,23344.73,23948.10,38.5,25315.4,37938.1,0.0,5762.244,113.187,305.970,1766:12;1792:23332
202.0186,1788884385.0591,3,603.38,23354.81,23958.18,86.5,25318.7,37934.8,0.0,5764.532,113.214,305.970,1766:12;1792:23343
202.1226,1788884385.1631,3,603.38,23357.91,23961.28,76.9,25315.8,37937.7,0.0,5765.337,113.268,305.970,1766:12;1792:23346
202.2266,1788884385.2671,3,603.38,23357.85,23961.23,113.2,25324.1,37929.4,0.0,5768.766,113.300,305.970,1766:12;1792:23346
202.3327,1788884385.3732,3,603.38,23367.25,23970.62,38.4,25324.1,37929.4,0.0,5768.963,113.346,305.970,1766:12;1792:23355
202.4367,1788884385.4772,3,603.38,23371.85,23975.23,86.7,25328.1,37925.4,0.0,5771.362,113.372,305.970,1766:12;1792:23360
202.5406,1788884385.5810,3,603.38,23383.88,23987.25,77.0,25328.1,37925.4,0.0,5771.571,113.418,305.970,1766:12;1792:23372
202.6444,1788884385.6849,3,603.38,23386.67,23990.05,67.3,25340.1,37913.4,0.0,5774.534,113.443,305.970,1766:12;1792:23374
202.7485,1788884385.7889,3,603.38,23396.59,23999.96,57.5,25340.1,37913.4,0.0,5776.737,113.497,305.970,1766:12;1792:23384
202.8529,1788884385.8934,3,603.38,23386.67,23990.05,96.2,25340.1,37913.4,0.0,5777.848,113.516,305.970,1766:12;1792:23374
202.9568,1788884385.9973,3,603.38,23485.94,24089.32,144.2,25443.8,37809.6,0.0,5777.984,113.561,305.970,1766:12;1792:23474
203.0609,1788884386.1013,3,603.40,23636.73,24240.13,403.2,25498.8,37754.6,0.0,5780.502,113.572,305.970,1766:12;1792:23624
203.1650,1788884386.2055,3,603.46,23458.32,24061.78,240.7,25362.4,37891.1,0.0,5780.583,113.590,305.970,1766:12;1792:23446
203.2689,1788884386.3093,3,603.46,23468.34,24071.80,125.2,25363.8,37889.6,0.0,5780.832,113.654,305.970,1766:12;1792:23456
203.3727,1788884386.4132,3,603.46,23482.27,24085.73,86.7,25365.8,37887.7,0.0,5781.152,113.704,305.970,1766:12;1792:23470
203.4765,1788884386.5170,3,603.46,23491.17,24094.63,173.4,25378.1,37875.4,0.0,5781.416,113.767,305.970,1766:12;1792:23479
203.5804,1788884386.6208,3,603.46,23506.89,24110.35,153.9,25390.3,37863.2,0.0,5781.762,113.847,305.970,1766:12;1792:23495
203.6844,1788884386.7248,3,603.46,23520.88,24124.34,134.6,25407.0,37846.4,0.0,5782.003,113.912,305.970,1766:12;1792:23509
203.7883,1788884386.8288,3,603.46,23537.29,24140.75,183.0,25415.0,37838.4,0.0,5782.182,113.965,305.970,1766:12;1792:23525
203.8922,1788884386.9326,3,603.46,23544.78,24148.24,163.8,25431.0,37822.4,0.0,5782.302,114.027,305.970,1766:12;1792:23533
203.9959,1788884387.0364,3,603.46,23550.85,24154.31,115.5,25431.0,37822.4,0.0,5782.673,114.084,305.970,1766:12;1792:23539
204.0998,1788884387.1402,3,603.46,23551.00,24154.46,134.9,25431.5,37821.9,0.0,5782.904,114.129,305.970,1766:12;1792:23539
204.2035,1788884387.2440,3,603.48,23565.29,24168.77,28.9,25443.5,37809.9,0.0,5782.922,114.147,305.970,1766:12;1792:23553
204.3074,1788884387.3478,3,603.48,23568.31,24171.79,76.8,25443.8,37809.7,0.0,5783.119,114.170,305.970,1766:12;1792:23556
204.4115,1788884387.4520,3,603.48,23574.47,24177.95,57.6,25444.8,37808.7,0.0,5783.980,114.212,305.970,1766:12;1792:23562
204.5158,1788884387.5563,3,603.48,23584.25,24187.73,96.2,25454.4,37799.0,0.0,5785.970,114.272,305.970,1766:12;1792:23572
204.6197,1788884387.6601,3,603.48,23590.89,24194.37,96.3,25466.7,37786.8,0.0,5788.843,114.297,305.970,1766:12;1792:23579
204.7235,1788884387.7639,3,603.48,23597.56,24201.04,28.9,25466.7,37786.8,0.0,5789.040,114.341,305.970,1766:12;1792:23585
204.8272,1788884387.8676,3,603.48,23601.50,24204.98,57.6,25466.9,37786.5,0.0,5791.738,114.363,305.970,1766:12;1792:23589
204.9314,1788884387.9718,3,603.48,23606.71,24210.19,67.3,25471.7,37781.8,0.0,5791.981,114.410,305.970,1766:12;1792:23594
205.0353,1788884388.0757,3,603.48,23609.14,24212.62,38.5,25479.7,37773.8,0.0,5793.360,114.420,305.970,1766:12;1792:23597
205.1392,1788884388.1797,3,603.48,23617.69,24221.17,105.9,25483.9,37769.6,0.0,5794.879,114.474,305.970,1766:12;1792:23605
205.2430,1788884388.2835,3,603.48,23621.32,24224.80,77.1,25487.4,37766.1,0.0,5797.677,114.493,305.970,1766:12;1792:23609
205.3468,1788884388.3872,3,603.48,23629.41,24232.90,48.1,25487.2,37766.3,0.0,5798.636,114.543,305.970,1766:12;1792:23617
205.4507,1788884388.4911,3,603.48,23635.19,24238.68,86.7,25499.4,37754.1,0.0,5800.675,114.562,305.970,1766:12;1792:23623
205.5545,1788884388.5950,3,603.48,23640.71,24244.20,48.2,25499.4,37754.1,0.0,5800.879,114.607,305.970,1766:12;1792:23628
205.6582,1788884388.6987,3,603.48,23643.25,24246.74,77.1,25503.4,37750.1,0.0,5803.671,114.629,305.970,1766:12;1792:23631
205.7619,1788884388.8024,3,603.48,23650.32,24253.81,38.6,25503.4,37750.1,0.0,5803.875,114.673,305.970,1766:12;1792:23638
205.8655,1788884388.9060,3,603.48,23653.25,24256.74,86.8,25519.4,37734.1,0.0,5806.748,114.696,305.970,1766:12;1792:23641
205.9693,1788884389.0098,3,603.48,23660.59,24264.07,48.2,25519.6,37733.8,0.0,5806.949,114.741,305.970,1766:12;1792:23648
206.0730,1788884389.1135,3,603.48,23661.64,24265.13,86.7,25525.3,37728.2,0.0,5809.857,114.762,305.970,1766:12;1792:23649
206.1769,1788884389.2173,3,603.48,23663.23,24266.71,28.9,25525.3,37728.2,0.0,5810.053,114.771,305.970,1766:12;1792:23651
206.2806,1788884389.3210,3,603.48,23755.00,24358.48,86.7,25629.2,37624.3,0.0,5810.563,114.810,305.970,1766:12;1792:23743
206.3845,1788884389.4250,3,603.51,23849.32,24452.83,488.6,25733.7,37519.8,0.0,5812.729,114.819,305.970,1766:12;1792:23837
206.4912,1788884389.5316,3,603.59,23724.64,24328.22,239.3,25629.9,37623.6,0.0,5812.948,114.841,305.970,1766:12;1792:23712
206.5954,1788884389.6358,3,603.59,23744.74,24348.33,163.8,25658.1,37595.4,0.0,5813.201,114.950,305.970,1766:12;1792:23733
206.6992,1788884389.7397,3,603.59,23756.41,24359.99,125.0,25658.3,37595.1,0.0,5813.469,115.014,305.970,1766:12;1792:23744
206.8032,1788884389.8437,3,603.59,23768.34,24371.92,163.4,25671.1,37582.4,0.0,5813.895,115.077,305.970,1766:12;1792:23756
206.9073,1788884389.9477,3,603.59,23786.29,24389.88,134.4,25671.1,37582.4,0.0,5814.207,115.132,305.970,1766:12;1792:23774
207.0114,1788884390.0518,3,603.59,23780.79,24384.38,66.4,25679.1,37574.4,0.0,5814.383,115.142,305.970,1766:12;1792:23769
207.1168,1788884390.1573,3,603.59,23792.76,24396.35,125.0,25683.1,37570.4,0.0,5814.578,115.199,305.970,1766:12;1792:23781
207.2208,1788884390.2613,3,603.59,23807.28,24410.87,144.3,25687.1,37566.4,0.0,5814.906,115.254,305.970,1766:12;1792:23795
207.3247,1788884390.3652,3,603.59,23814.98,24418.57,67.4,25691.1,37562.4,0.0,5815.127,115.294,305.970,1766:12;1792:23803
207.4286,1788884390.4690,3,603.59,23813.45,24417.04,76.9,25691.1,37562.4,0.0,5815.345,115.321,305.970,1766:12;1792:23801
207.5325,1788884390.5730,3,603.59,23828.56,24432.15,143.8,25692.3,37561.2,0.0,5815.766,115.408,305.970,1766:12;1792:23816
207.6371,1788884390.6776,3,603.62,23842.29,24445.91,105.5,25703.2,37550.3,0.0,5815.916,115.437,305.970,1766:12;1792:23830
207.7411,1788884390.7815,3,603.62,23842.31,24445.93,38.5,25703.2,37550.3,0.0,5816.112,115.438,305.970,1766:12;1792:23830
207.8450,1788884390.8854,3,603.62,23849.71,24453.34,67.4,25706.1,37547.3,0.0,5816.176,115.501,305.970,1766:12;1792:23837
207.9488,1788884390.9892,3,603.62,23852.49,24456.11,86.7,25720.2,37533.2,0.0,5818.933,115.521,305.970,1766:12;1792:23840
208.0526,1788884391.0930,3,603.62,23858.55,24462.17,57.7,25715.6,37537.8,0.0,5819.129,115.557,305.970,1766:12;1792:23846
208.1565,1788884391.1969,3,603.62,23864.49,24468.11,105.8,25719.6,37533.8,0.0,5821.790,115.584,305.970,1766:12;1792:23852
208.2605,1788884391.3009,3,603.62,23872.14,24475.77,28.9,25719.6,37533.8,0.0,5821.986,115.628,305.970,1766:12;1792:23860
208.3643,1788884391.4047,3,603.62,23879.63,24483.25,96.3,25723.9,37529.6,0.0,5825.364,115.646,305.970,1766:12;1792:23867
208.4682,1788884391.5086,3,603.62,23876.49,24480.11,19.2,25722.3,37531.2,0.0,5825.364,115.650,305.970,1766:12;1792:23864
208.5720,1788884391.6125,3,603.62,23883.32,24486.94,48.2,25722.3,37531.2,0.0,5825.598,115.695,305.970,1766:12;1792:23871
208.6758,1788884391.7162,3,603.62,23888.49,24492.11,77.0,25726.3,37527.2,0.0,5828.253,115.715,305.970,1766:12;1792:23876
208.7798,1788884391.8202,3,603.62,23896.08,24499.70,48.1,25726.5,37526.9,0.0,5828.423,115.759,305.970,1766:12;1792:23884
208.8835,1788884391.9240,3,603.62,23898.50,24502.12,77.1,25730.5,37522.9,0.0,5831.255,115.778,305.970,1766:12;1792:23886
208.9873,1788884392.0278,3,603.62,23904.14,24507.77,48.2,25719.0,37534.5,0.0,5831.426,115.816,305.970,1766:12;1792:23892
209.0910,1788884392.1315,3,603.62,23909.38,24513.00,38.6,25718.6,37534.9,0.0,5833.259,115.833,305.970,1766:12;1792:23897
209.1948,1788884392.2353,3,603.62,23914.09,24517.72,96.4,25718.6,37534.9,0.0,5834.465,115.876,305.970,1766:12;1792:23902
209.2985,1788884392.3390,3,603.62,23915.99,24519.62,28.9,25718.6,37534.9,0.0,5835.713,115.884,305.970,1766:12;1792:23904
209.4023,1788884392.4427,3,603.63,23929.45,24533.08,96.4,25722.6,37530.9,0.0,5837.165,115.933,305.970,1766:12;1792:23917
209.5060,1788884392.5464,3,603.63,23930.29,24533.92,57.9,25730.6,37522.9,0.0,5838.117,115.960,305.970,1766:12;1792:23918
209.6097,1788884392.6502,3,603.63,23935.95,24539.58,125.4,25735.0,37518.5,0.0,5839.682,116.006,305.970,1766:12;1792:23924
209.7134,1788884392.7539,3,603.63,23936.82,24540.45,67.5,25735.3,37518.1,0.0,5842.394,116.035,305.970,1766:12;1792:23925
209.8172,1788884392.8577,3,603.63,24011.96,24615.59,77.1,25776.0,37477.4,0.0,5843.133,116.067,305.970,1766:12;1792:24000
209.9210,1788884392.9615,3,603.65,24113.88,24717.53,556.7,25870.7,37382.8,0.0,5844.957,116.070,305.970,1766:12;1792:24102
210.0253,1788884393.0657,3,603.73,24051.36,24655.09,384.3,25717.0,37536.4,0.0,5844.978,116.089,305.970,1766:12;1792:24039
210.1293,1788884393.1698,3,603.73,24053.98,24657.71,85.9,25719.1,37534.4,0.0,5845.214,116.128,305.970,1766:12;1792:24042
210.2341,1788884393.2746,3,603.73,24075.26,24678.99,172.9,25737.9,37515.6,0.0,5845.419,116.225,305.970,1766:12;1792:24063
210.3383,1788884393.3787,3,603.73,24077.98,24681.71,95.7,25742.1,37511.4,0.0,5845.622,116.262,305.970,1766:12;1792:24066
210.4428,1788884393.4833,3,603.73,24092.12,24695.86,134.7,25750.4,37503.1,0.0,5845.849,116.333,305.970,1766:12;1792:24080
210.5467,1788884393.5872,3,603.73,24106.42,24710.15,134.5,25750.4,37503.1,0.0,5846.089,116.387,305.970,1766:12;1792:24094
210.6509,1788884393.6913,3,603.73,24121.00,24724.73,179.7,25760.4,37493.0,0.0,5846.329,116.449,305.970,1766:12;1792:24109
210.7568,1788884393.7973,3,603.73,24132.49,24736.23,132.2,25773.0,37480.5,0.0,5846.568,116.505,305.970,1766:12;1792:24120
210.8627,1788884393.9032,3,603.73,24142.38,24746.11,115.2,25781.2,37472.2,0.0,5846.862,116.565,305.970,1766:12;1792:24130
210.9667,1788884394.0071,3,603.74,24146.45,24750.19,125.1,25781.2,37472.2,0.0,5847.100,116.623,305.970,1766:12;1792:24134
211.0705,1788884394.1110,3,603.77,24151.73,24755.50,134.6,25781.3,37472.2,0.0,5847.387,116.670,305.970,1766:12;1792:24139
211.1746,1788884394.2150,3,603.77,24161.16,24764.93,0.0,25786.0,37467.4,0.0,5847.401,116.686,305.970,1766:12;1792:24149
211.2786,1788884394.3190,3,603.77,24172.23,24776.00,124.9,25792.8,37460.7,0.0,5847.648,116.746,305.970,1766:12;1792:24160
211.3827,1788884394.4231,3,603.77,24176.47,24780.24,77.0,25808.1,37445.4,0.0,5850.458,116.774,305.970,1766:12;1792:24164
211.4866,1788884394.5271,3,603.77,24181.84,24785.62,57.7,25812.2,37441.2,0.0,5850.617,116.814,305.970,1766:12;1792:24170
211.5906,1788884394.6311,3,603.77,24186.89,24790.66,96.2,25820.2,37433.2,0.0,5853.212,116.840,305.970,1766:12;1792:24175
211.6946,1788884394.7351,3,603.77,24194.21,24797.98,28.8,25821.4,37432.0,0.0,5853.452,116.880,305.970,1766:12;1792:24182
211.7988,1788884394.8393,3,603.77,24197.51,24801.29,95.9,25834.4,37419.1,0.0,5856.159,116.904,305.970,1766:12;1792:24185
211.9030,1788884394.9435,3,603.77,24205.87,24809.64,57.8,25836.0,37417.4,0.0,5856.212,116.953,305.970,1766:12;1792:24194
212.0069,1788884395.0474,3,603.77,24214.72,24818.50,105.9,25841.3,37412.2,0.0,5858.218,117.015,305.970,1766:12;1792:24202
212.1108,1788884395.1512,3,603.77,24220.30,24824.08,96.2,25849.5,37403.9,0.0,5860.918,117.037,305.970,1766:12;1792:24208
212.2148,1788884395.2552,3,603.77,24225.74,24829.52,38.5,25849.5,37403.9,0.0,5861.125,117.083,305.970,1766:12;1792:24214
212.3186,1788884395.3591,3,603.77,24231.75,24835.52,96.3,25857.8,37395.7,0.0,5863.873,117.114,305.970,1766:12;1792:24220
212.4225,1788884395.4630,3,603.77,24245.39,24849.16,38.1,25857.8,37395.7,0.0,5866.600,117.164,305.970,1766:12;1792:24233
212.5275,1788884395.5680,3,603.77,24244.42,24848.20,96.3,25870.5,37383.0,0.0,5866.716,117.175,305.970,1766:12;1792:24232
212.6313,1788884395.6718,3,603.77,24249.96,24853.74,28.9,25870.5,37383.0,0.0,5866.914,117.220,305.970,1766:12;1792:24238
212.7351,1788884395.7756,3,603.77,24249.64,24853.41,96.3,25879.0,37374.4,0.0,5869.865,117.243,305.970,1766:12;1792:24237
212.8389,1788884395.8794,3,603.77,24249.64,24853.41,9.6,25879.0,37374.4,0.0,5869.898,117.243,305.970,1766:12;1792:24237
212.9426,1788884395.9830,3,603.77,24257.62,24861.39,115.6,25879.0,37374.4,0.0,5870.158,117.301,305.970,1766:12;1792:24245
213.0464,1788884396.0869,3,603.78,24264.43,24868.20,38.5,25875.7,37377.8,0.0,5870.360,117.346,305.970,1766:12;1792:24252
213.1505,1788884396.1910,3,603.78,24586.79,25190.57,354.6,26199.0,37054.5,0.0,5873.031,117.358,305.970,1766:12;1792:24575
213.2548,1788884396.2952,3,603.84,24337.44,24941.29,565.7,25955.2,37298.3,0.0,5873.031,117.358,305.970,1766:12;1792:24325
213.3591,1788884396.3996,3,603.87,24356.29,24960.16,76.8,25958.7,37294.8,0.0,5873.235,117.373,305.970,1766:12;1792:24344
213.4631,1788884396.5036,3,603.87,24363.18,24967.05,153.9,25983.3,37270.2,0.0,5873.516,117.435,305.970,1766:12;1792:24351
213.5671,1788884396.6075,3,603.87,24379.11,24982.98,144.5,25991.3,37262.2,0.0,5873.769,117.506,305.970,1766:12;1792:24367
213.6709,1788884396.7114,3,603.87,24396.98,25000.86,154.2,26003.3,37250.2,0.0,5874.064,117.593,305.970,1766:12;1792:24385
213.7747,1788884396.8151,3,603.87,24412.46,25016.33,202.4,26015.6,37237.9,0.0,5874.295,117.650,305.970,1766:12;1792:24400
213.8784,1788884396.9188,3,603.87,24432.12,25036.00,144.6,26023.6,37229.9,0.0,5874.533,117.745,305.970,1766:12;1792:24420
213.9822,1788884397.0226,3,603.87,24451.80,25055.68,134.9,26036.6,37216.9,0.0,5874.769,117.806,305.970,1766:12;1792:24440
214.0859,1788884397.1264,3,603.87,24456.01,25059.88,96.3,26036.6,37216.9,0.0,5875.030,117.859,305.970,1766:12;1792:24444
214.1898,1788884397.2302,3,603.88,24461.69,25065.57,173.0,26038.8,37214.7,0.0,5875.279,117.912,305.970,1766:12;1792:24449
214.2938,1788884397.3343,3,603.89,24462.57,25066.46,38.5,26050.8,37202.7,0.0,5875.301,117.933,305.970,1766:12;1792:24450
214.3978,1788884397.4383,3,603.89,24470.18,25074.07,105.8,26051.5,37202.0,0.0,5875.556,117.997,305.970,1766:12;1792:24458
214.5017,1788884397.5422,3,603.89,24474.59,25078.48,106.0,26066.9,37186.6,0.0,5878.355,118.021,305.970,1766:12;1792:24462
214.6055,1788884397.6459,3,603.89,24474.59,25078.48,0.0,26066.9,37186.6,0.0,5878.355,118.021,305.970,1766:12;1792:24462
214.7093,1788884397.7498,3,603.89,24483.29,25087.18,77.1,26075.6,37177.8,0.0,5878.565,118.070,305.970,1766:12;1792:24471
214.8130,1788884397.8535,3,603.89,24490.96,25094.86,67.5,26083.0,37170.5,0.0,5881.216,118.091,305.970,1766:12;1792:24479
214.9167,1788884397.9572,3,603.89,24494.07,25097.96,57.7,26087.3,37166.2,0.0,5882.260,118.136,305.970,1766:12;1792:24482
215.0207,1788884398.0611,3,603.89,24503.74,25107.64,86.8,26091.3,37162.2,0.0,5883.934,118.192,305.970,1766:12;1792:24492
215.1244,1788884398.1649,3,603.89,24513.88,25117.78,77.1,26102.0,37151.4,0.0,5886.447,118.212,305.970,1766:12;1792:24502
215.2282,1788884398.2687,3,603.89,24512.93,25116.82,48.2,26110.2,37143.3,0.0,5886.648,118.260,305.970,1766:12;1792:24501
215.3320,1788884398.3725,3,603.89,24518.59,25122.48,77.1,26118.4,37135.0,0.0,5888.972,118.281,305.970,1766:12;1792:24506
215.4358,1788884398.4763,3,603.89,24525.46,25129.36,38.5,26122.1,37131.4,0.0,5889.178,118.326,305.970,1766:12;1792:24513
215.5396,1788884398.5801,3,603.89,24530.59,25134.48,86.7,26139.2,37114.3,0.0,5892.074,118.348,305.970,1766:12;1792:24518
215.6434,1788884398.6839,3,603.89,24539.07,25142.96,67.4,26147.2,37106.3,0.0,5892.289,118.397,305.970,1766:12;1792:24527
215.7473,1788884398.7877,3,603.89,24541.42,25145.31,57.8,26147.2,37106.3,0.0,5894.479,118.414,305.970,1766:12;1792:24529
215.8510,1788884398.8915,3,603.89,24548.86,25152.75,48.2,26147.2,37106.3,0.0,5894.657,118.463,305.970,1766:12;1792:24537
215.9548,1788884398.9953,3,603.89,24550.59,25154.48,67.4,26159.2,37094.3,0.0,5897.236,118.483,305.970,1766:12;1792:24538
216.0587,1788884399.0991,3,603.89,24557.75,25161.64,57.8,26154.5,37099.0,0.0,5897.446,118.531,305.970,1766:12;1792:24546
216.1625,1788884399.2030,3,603.89,24558.70,25162.59,66.4,26154.3,37099.2,0.0,5900.254,118.560,305.970,1766:12;1792:24546
216.2680,1788884399.3084,3,603.89,24623.65,25227.54,96.0,26233.2,37020.3,0.0,5900.364,118.598,305.970,1766:12;1792:24611
216.3721,1788884399.4126,3,603.92,24737.09,25341.02,432.1,26300.0,36953.4,0.0,5902.977,118.607,305.970,1766:12;1792:24725
216.4763,1788884399.5167,3,604.03,24659.86,25263.88,480.4,26305.8,36947.7,0.0,5902.977,118.607,305.970,1766:12;1792:24648
216.5803,1788884399.6208,3,604.05,24661.30,25265.35,115.4,26318.2,36935.2,0.0,5903.306,118.640,305.970,1766:12;1792:24649
216.6843,1788884399.7247,3,604.05,24689.72,25293.77,307.7,26363.3,36890.2,0.0,5903.537,118.756,305.970,1766:12;1792:24677
216.7883,1788884399.8288,3,604.05,24707.02,25311.07,293.1,26385.9,36867.6,0.0,5903.874,118.859,305.970,1766:12;1792:24695
216.8942,1788884399.9347,3,604.04,24749.50,25353.54,269.0,26426.2,36827.3,0.0,5904.195,118.954,305.970,1766:12;1792:24737
216.9981,1788884400.0386,3,604.05,24751.22,25355.27,125.3,26434.2,36819.3,0.0,5904.405,118.980,305.970,1766:12;1792:24739
217.1018,1788884400.1422,3,604.05,24765.70,25369.75,163.9,26432.0,36821.5,0.0,5904.686,119.065,305.970,1766:12;1792:24753
217.2056,1788884400.2460,3,604.05,24789.19,25393.24,163.9,26440.0,36813.5,0.0,5904.891,119.136,305.970,1766:12;1792:24777
217.3093,1788884400.3498,3,604.05,24793.87,25397.91,173.3,26448.0,36805.5,0.0,5905.171,119.198,305.970,1766:12;1792:24782
217.4131,1788884400.4536,3,604.05,24804.29,25408.34,163.6,26448.6,36804.8,0.0,5905.349,119.254,305.970,1766:12;1792:24792
217.5170,1788884400.5575,3,604.05,24816.28,25420.32,57.8,26449.4,36804.1,0.0,5905.599,119.299,305.970,1766:12;1792:24804
217.6209,1788884400.6614,3,604.09,24823.88,25427.96,105.8,26460.2,36793.3,0.0,5905.763,119.331,305.970,1766:12;1792:24812
217.7249,1788884400.7654,3,604.09,24823.88,25427.97,9.6,26460.2,36793.3,0.0,5906.057,119.333,305.970,1766:12;1792:24812
217.8294,1788884400.8699,3,604.09,24839.54,25443.63,153.6,26460.2,36793.3,0.0,5906.165,119.439,305.970,1766:12;1792:24827
217.9333,1788884400.9738,3,604.09,24844.18,25448.26,67.3,26474.4,36779.1,0.0,5910.865,119.462,305.970,1766:12;1792:24832
218.0374,1788884401.0779,3,604.09,24854.83,25458.92,162.0,26487.5,36765.9,0.0,5913.229,119.539,305.970,1766:12;1792:24843
218.1425,1788884401.1830,3,604.09,24877.91,25481.99,144.0,26490.1,36763.3,0.0,5920.273,119.583,305.970,1766:12;1792:24866
218.2464,1788884401.2868,3,604.09,24869.90,25473.98,77.0,26494.1,36759.3,0.0,5920.449,119.631,305.970,1766:12;1792:24858
218.3502,1788884401.3907,3,604.09,24882.92,25487.00,104.3,26498.1,36755.3,0.0,5925.578,119.683,305.970,1766:12;1792:24871
218.4559,1788884401.4964,3,604.10,24908.93,25513.03,355.5,26515.2,36738.2,0.0,5927.643,119.705,305.970,1766:12;1792:24897
218.5598,1788884401.6002,3,604.11,24934.41,25538.52,163.7,26534.9,36718.6,0.0,5928.041,119.753,305.970,1766:12;1792:24922
218.6637,1788884401.7041,3,604.11,24936.45,25540.57,67.4,26546.6,36706.8,0.0,5928.797,119.766,305.970,1766:12;1792:24924
218.7675,1788884401.8079,3,604.11,24942.29,25546.40,57.8,26548.3,36705.1,0.0,5929.406,119.811,305.970,1766:12;1792:24930
218.8712,1788884401.9117,3,604.11,24946.88,25551.00,96.4,26553.1,36700.4,0.0,5932.291,119.831,305.970,1766:12;1792:24935
218.9749,1788884402.0154,3,604.12,24952.19,25556.30,28.9,26553.1,36700.4,0.0,5932.489,119.861,305.970,1766:12;1792:24940
219.0786,1788884402.1191,3,604.12,24955.79,25559.91,28.9,26557.1,36696.4,0.0,5932.500,119.880,305.970,1766:12;1792:24944
219.1823,1788884402.2228,3,604.12,24966.15,25570.27,105.9,26569.3,36684.1,0.0,5935.326,119.935,305.970,1766:12;1792:24954
219.2862,1788884402.3267,3,604.12,24970.88,25575.00,86.7,26573.3,36680.1,0.0,5937.976,119.953,305.970,1766:12;1792:24959
219.3900,1788884402.4304,3,604.12,24979.67,25583.79,67.4,26577.3,36676.1,0.0,5938.190,120.002,305.970,1766:12;1792:24967
219.4938,1788884402.5343,3,604.12,24982.07,25586.19,86.7,26581.3,36672.1,0.0,5940.944,120.034,305.970,1766:12;1792:24970
219.5976,1788884402.6381,3,604.12,24987.77,25591.89,77.0,26581.3,36672.1,0.0,5941.032,120.067,305.970,1766:12;1792:24976
219.7014,1788884402.7419,3,604.12,24996.07,25600.18,105.9,26582.6,36670.9,0.0,5944.343,120.122,305.970,1766:12;1792:24984
219.8053,1788884402.8458,3,604.12,24997.12,25601.24,9.6,26582.6,36670.9,0.0,5944.958,120.132,305.970,1766:12;1792:24985
219.9093,1788884402.9497,3,604.12,25308.64,25912.77,427.4,26998.0,36255.4,0.0,5947.078,120.140,305.970,1766:12;1792:25296
220.0173,1788884403.0578,3,604.26,25062.62,25666.89,402.4,26820.1,36433.3,0.0,5947.104,120.160,305.970,1766:12;1792:25050
220.1212,1788884403.1617,3,604.26,25077.55,25681.81,182.9,26830.6,36422.9,0.0,5947.431,120.235,305.970,1766:12;1792:25065
220.2250,1788884403.2655,3,604.26,25103.22,25707.48,289.0,26866.0,36387.4,0.0,5947.805,120.336,305.970,1766:12;1792:25091
220.3288,1788884403.3693,3,604.26,25122.19,25726.45,298.5,26870.0,36383.4,0.0,5948.124,120.433,305.970,1766:12;1792:25110
220.4327,1788884403.4732,3,604.26,25136.72,25740.98,298.2,26886.3,36367.2,0.0,5948.395,120.523,305.970,1766:12;1792:25124
220.5367,1788884403.5772,3,604.25,25160.58,25764.83,286.7,26896.5,36356.9,0.0,5948.955,120.611,305.970,1766:12;1792:25148
220.6414,1788884403.6818,3,604.25,25171.32,25775.57,288.9,26909.4,36344.1,0.0,5949.322,120.709,305.970,1766:12;1792:25159
220.7452,1788884403.7856,3,604.25,25188.73,25792.98,317.6,26913.4,36340.1,0.0,5949.718,120.800,305.970,1766:12;1792:25176
220.8491,1788884403.8896,3,604.25,25194.22,25798.47,274.5,26918.5,36335.0,0.0,5950.166,120.898,305.970,1766:12;1792:25182
220.9548,1788884403.9952,3,604.25,25210.19,25814.44,250.2,26918.5,36335.0,0.0,5950.584,120.992,305.970,1766:12;1792:25198
221.0587,1788884404.0991,3,604.25,25235.18,25839.43,104.1,26920.7,36332.8,0.0,5951.292,121.074,305.970,1766:12;1792:25223
221.1645,1788884404.2050,3,604.30,25151.48,25755.78,272.8,26839.6,36413.8,0.0,5951.453,121.107,305.970,1766:12;1792:25139
221.2708,1788884404.3113,3,604.30,25102.78,25707.08,86.5,26798.7,36454.8,0.0,5951.746,121.126,305.970,1766:12;1792:25091
221.3747,1788884404.4151,3,604.30,25119.85,25724.15,134.8,26806.8,36446.7,0.0,5954.766,121.229,305.970,1766:12;1792:25108
221.4785,1788884404.5190,3,604.26,25117.62,25721.88,192.6,26843.8,36409.6,0.0,5959.788,121.274,305.970,1766:12;1792:25105
221.5824,1788884404.6228,3,604.26,25133.37,25737.62,57.8,26843.8,36409.6,0.0,5960.103,121.351,305.970,1766:12;1792:25121
221.6862,1788884404.7267,3,604.26,25135.83,25740.09,231.1,26860.3,36393.1,0.0,5966.399,121.398,305.970,1766:12;1792:25124
221.7900,1788884404.8305,3,604.26,25150.52,25754.77,57.8,26860.3,36393.1,0.0,5966.713,121.475,305.970,1766:12;1792:25138
221.8939,1788884404.9343,3,604.26,25154.43,25758.69,182.8,26865.0,36388.5,0.0,5972.427,121.514,305.970,1766:12;1792:25142
221.9978,1788884405.0383,3,604.26,25155.27,25759.53,38.5,26869.1,36384.4,0.0,5972.622,121.535,305.970,1766:12;1792:25143
222.1017,1788884405.1422,3,604.26,25180.77,25785.04,163.7,26875.4,36378.0,0.0,5977.675,121.613,305.970,1766:12;1792:25169
222.2056,1788884405.2460,3,604.26,25172.15,25776.41,28.9,26883.4,36370.0,0.0,5978.452,121.642,305.970,1766:12;1792:25160
222.3095,1788884405.3499,3,604.26,25187.00,25791.26,67.4,26883.4,36370.0,0.0,5979.855,121.700,305.970,1766:12;1792:25175
222.4133,1788884405.4538,3,604.26,25186.89,25791.16,192.4,26892.7,36360.8,0.0,5984.856,121.740,305.970,1766:12;1792:25175
222.5173,1788884405.5578,3,604.26,25217.87,25822.13,153.6,26897.1,36356.4,0.0,5990.191,121.838,305.970,1766:12;1792:25206
222.6215,1788884405.6620,3,604.26,25201.82,25806.09,173.2,26912.4,36341.1,0.0,5990.229,121.861,305.970,1766:12;1792:25190
222.7254,1788884405.7659,3,604.26,25217.30,25821.57,77.0,26912.4,36341.1,0.0,5990.544,121.937,305.970,1766:12;1792:25205
222.8293,1788884405.8698,3,604.26,25221.45,25825.71,173.2,26924.4,36329.1,0.0,5997.262,121.982,305.970,1766:12;1792:25209
222.9333,1788884405.9737,3,604.26,25233.37,25837.63,86.7,26928.6,36324.9,0.0,5997.545,122.061,305.970,1766:12;1792:25221
223.0370,1788884406.0775,3,604.27,25239.90,25844.17,260.1,26932.2,36321.3,0.0,6004.479,122.111,305.970,1766:12;1792:25228
223.1409,1788884406.1813,3,604.27,25246.95,25851.22,67.4,26936.2,36317.3,0.0,6004.793,122.177,305.970,1766:12;1792:25235
223.2447,1788884406.2852,3,604.27,25263.95,25868.21,163.7,26936.2,36317.3,0.0,6012.448,122.238,305.970,1766:12;1792:25252
223.3486,1788884406.3890,3,604.27,25250.06,25854.32,134.8,26936.9,36316.5,0.0,6012.755,122.293,305.970,1766:12;1792:25238
223.4524,1788884406.4929,3,604.27,25264.38,25868.64,28.6,26937.2,36316.3,0.0,6017.734,122.341,305.970,1766:12;1792:25252
223.5575,1788884406.5979,3,604.27,25663.26,26267.53,920.4,27386.2,35867.2,0.0,6019.474,122.354,305.970,1766:12;1792:25651
223.6677,1788884406.7081,3,604.36,25215.30,25819.66,747.5,26862.6,36390.9,0.0,6019.474,122.354,305.970,1766:12;1792:25203
223.7730,1788884406.8135,3,604.46,25132.30,25736.76,421.3,26838.4,36415.1,0.0,6019.474,122.354,305.970,1766:12;1792:25120
223.8773,1788884406.9178,3,604.59,25081.84,25686.43,307.7,26781.4,36472.1,0.0,6019.507,122.384,305.970,1766:12;1792:25070
223.9813,1788884407.0217,3,604.60,25097.70,25702.30,163.7,26786.4,36467.1,0.0,6019.931,122.491,305.970,1766:12;1792:25085
224.0851,1788884407.1255,3,604.60,25105.76,25710.36,231.1,26819.6,36433.8,0.0,6020.271,122.544,305.970,1766:12;1792:25094
224.1888,1788884407.2293,3,604.60,25115.41,25720.01,231.3,26827.4,36426.1,0.0,6020.804,122.628,305.970,1766:12;1792:25103
224.2926,1788884407.3331,3,604.60,25134.99,25739.59,183.2,26831.4,36422.1,0.0,6021.059,122.694,305.970,1766:12;1792:25123
224.3964,1788884407.4368,3,604.60,25147.47,25752.07,192.7,26843.6,36409.8,0.0,6021.687,122.789,305.970,1766:12;1792:25135
224.5002,1788884407.5406,3,604.55,25165.36,25769.91,221.4,26851.9,36401.6,0.0,6022.208,122.881,305.970,1766:12;1792:25153
224.6042,1788884407.6446,3,604.55,25182.16,25786.71,304.4,26862.4,36391.1,0.0,6022.469,122.976,305.970,1766:12;1792:25170
224.7094,1788884407.7499,3,604.55,25192.20,25796.75,316.9,26878.4,36375.1,0.0,6022.730,123.074,305.970,1766:12;1792:25180
224.8133,1788884407.8538,3,604.55,25216.46,25821.01,240.6,26890.4,36363.1,0.0,6023.416,123.168,305.970,1766:12;1792:25204
224.9172,1788884407.9577,3,604.55,25227.98,25832.53,274.4,26894.6,36358.9,0.0,6023.919,123.266,305.970,1766:12;1792:25216
225.0232,1788884408.0636,3,604.55,25221.98,25826.54,316.8,26864.8,36388.7,0.0,6024.073,123.343,305.970,1766:12;1792:25210
225.1271,1788884408.1676,3,604.61,25092.95,25697.56,153.9,26721.5,36532.0,0.0,6024.086,123.365,305.970,1766:12;1792:25081
225.2310,1788884408.2715,3,604.61,25098.57,25703.19,115.4,26724.4,36529.0,0.0,6024.394,123.394,305.970,1766:12;1792:25086
225.3351,1788884408.3755,3,604.61,25117.07,25721.69,171.2,26740.7,36512.8,0.0,6031.027,123.492,305.970,1766:12;1792:25105
225.4402,1788884408.4807,3,604.61,25115.52,25720.13,48.0,26746.5,36506.9,0.0,6031.257,123.510,305.970,1766:12;1792:25103
225.5445,1788884408.5849,3,604.61,25135.64,25740.25,162.2,26764.2,36489.3,0.0,6035.022,123.590,305.970,1766:12;1792:25123
225.6493,1788884408.6898,3,604.61,25131.34,25735.95,210.4,26768.9,36484.6,0.0,6039.344,123.645,305.970,1766:12;1792:25119
225.7538,1788884408.7943,3,604.61,25142.18,25746.79,38.4,26768.9,36484.6,0.0,6040.225,123.707,305.970,1766:12;1792:25130
225.8578,1788884408.8983,3,604.61,25144.93,25749.54,173.1,26788.9,36464.6,0.0,6046.376,123.750,305.970,1766:12;1792:25133
225.9618,1788884409.0023,3,604.61,25161.95,25766.56,67.3,26788.9,36464.6,0.0,6046.677,123.819,305.970,1766:12;1792:25150
226.0658,1788884409.1062,3,604.62,25168.01,25772.63,163.5,26801.4,36452.1,0.0,6053.913,123.873,305.970,1766:12;1792:25156
226.1697,1788884409.2102,3,604.62,25167.59,25772.20,76.4,26801.9,36451.6,0.0,6054.391,123.918,305.970,1766:12;1792:25155
226.2746,1788884409.3150,3,604.62,25183.56,25788.18,269.3,26817.8,36435.6,0.0,6061.583,124.003,305.970,1766:12;1792:25171
226.3784,1788884409.4189,3,604.62,25175.00,25779.61,57.8,26826.1,36427.4,0.0,6061.877,124.010,305.970,1766:12;1792:25163
226.4822,1788884409.5227,3,604.62,25193.55,25798.17,48.1,26826.1,36427.4,0.0,6063.423,124.099,305.970,1766:12;1792:25181
226.5863,1788884409.6268,3,604.62,25192.55,25797.17,163.4,26834.1,36419.4,0.0,6068.316,124.131,305.970,1766:12;1792:25180
226.6903,1788884409.7308,3,604.62,25206.39,25811.01,96.1,26834.1,36419.4,0.0,6069.023,124.215,305.970,1766:12;1792:25194
226.7944,1788884409.8348,3,604.62,25207.04,25811.66,221.4,26859.8,36393.7,0.0,6075.799,124.265,305.970,1766:12;1792:25195
226.8983,1788884409.9387,3,604.62,25219.91,25824.53,57.7,26859.8,36393.7,0.0,6076.114,124.327,305.970,1766:12;1792:25208
227.0022,1788884410.0427,3,604.62,25239.18,25843.79,66.8,26860.0,36393.4,0.0,6082.848,124.376,305.970,1766:12;1792:25227
227.1072,1788884410.1476,3,604.62,25228.41,25833.03,96.1,26866.0,36387.5,0.0,6083.209,124.391,305.970,1766:12;1792:25216
227.2110,1788884410.2515,3,604.62,25240.09,25844.70,115.5,26866.3,36387.2,0.0,6085.012,124.462,305.970,1766:12;1792:25228
227.3149,1788884410.3554,3,604.62,25237.20,25841.82,192.6,26870.3,36383.2,0.0,6091.571,124.522,305.970,1766:12;1792:25225
227.4188,1788884410.4592,3,604.62,25235.08,25839.70,19.3,26870.3,36383.2,0.0,6091.638,124.539,305.970,1766:12;1792:25223
227.5226,1788884410.5630,3,604.62,25255.81,25860.43,113.5,26870.3,36383.2,0.0,6094.891,124.618,305.970,1766:12;1792:25244
227.6287,1788884410.6691,3,604.63,25589.54,26194.17,811.5,27296.2,35957.3,0.0,6098.777,124.639,305.970,1766:12;1792:25577
227.7333,1788884410.7737,3,604.74,25308.30,25913.04,622.7,27062.4,36191.1,0.0,6098.777,124.639,305.970,1766:12;1792:25296
227.8375,1788884410.8780,3,604.71,25170.28,25774.99,461.8,26917.9,36335.6,0.0,6099.236,124.642,305.970,1766:12;1792:25158
227.9415,1788884410.9819,3,604.82,25065.77,25670.59,327.4,26858.4,36395.1,0.0,6099.236,124.642,305.970,1766:12;1792:25054
228.0453,1788884411.0858,3,604.86,25096.85,25701.71,76.3,26871.7,36381.8,0.0,6099.575,124.683,305.970,1766:12;1792:25085
228.1501,1788884411.1905,3,604.86,25110.62,25715.48,217.7,26901.8,36351.7,0.0,6099.801,124.784,305.970,1766:12;1792:25098
228.2559,1788884411.2964,3,604.86,25115.09,25719.95,96.1,26911.5,36342.0,0.0,6100.009,124.833,305.970,1766:12;1792:25103
228.3598,1788884411.4002,3,604.86,25132.79,25737.65,201.7,26916.5,36337.0,0.0,6100.885,124.921,305.970,1766:12;1792:25121
228.4639,1788884411.5044,3,604.86,25155.12,25759.99,288.4,26936.9,36316.6,0.0,6101.351,125.037,305.970,1766:12;1792:25143
228.5681,1788884411.6085,3,604.86,25157.38,25762.24,182.6,26944.9,36308.6,0.0,6101.871,125.077,305.970,1766:12;1792:25145
228.6719,1788884411.7124,3,604.86,25173.32,25778.18,230.9,26956.9,36296.6,0.0,6102.425,125.159,305.970,1766:12;1792:25161
228.7759,1788884411.8163,3,604.86,25186.33,25791.20,260.0,26969.6,36283.8,0.0,6102.563,125.246,305.970,1766:12;1792:25174
228.8797,1788884411.9202,3,604.86,25204.33,25809.20,250.2,26978.1,36275.3,0.0,6103.247,125.334,305.970,1766:12;1792:25192
228.9837,1788884412.0241,3,604.86,25220.08,25824.94,259.5,26990.1,36263.3,0.0,6103.456,125.420,305.970,1766:12;1792:25208
229.0877,1788884412.1282,3,604.86,25232.06,25836.92,269.5,26985.1,36268.4,0.0,6103.868,125.520,305.970,1766:12;1792:25220
229.1916,1788884412.2320,3,604.86,25244.58,25849.45,240.8,26979.8,36273.6,0.0,6104.227,125.609,305.970,1766:12;1792:25232
229.2954,1788884412.3359,3,604.89,25140.62,25745.52,231.0,26854.6,36398.8,0.0,6104.250,125.631,305.970,1766:12;1792:25128
229.3993,1788884412.4398,3,604.89,25099.84,25704.73,57.7,26816.6,36436.9,0.0,6104.543,125.632,305.970,1766:12;1792:25088
229.5033,1788884412.5437,3,604.89,25115.60,25720.49,134.8,26818.6,36434.9,0.0,6104.608,125.723,305.970,1766:12;1792:25103
229.6071,1788884412.6476,3,604.89,25116.44,25721.33,211.4,26842.0,36411.5,0.0,6110.965,125.765,305.970,1766:12;1792:25104
229.7112,1788884412.7516,3,604.89,25119.29,25724.18,19.2,26842.2,36411.3,0.0,6111.258,125.773,305.970,1766:12;1792:25107
229.8152,1788884412.8556,3,604.89,25144.00,25748.89,85.1,26842.2,36411.3,0.0,6118.316,125.870,305.970,1766:12;1792:25132
229.9211,1788884412.9616,3,604.89,25134.44,25739.33,191.9,26860.8,36392.7,0.0,6118.394,125.885,305.970,1766:12;1792:25122
230.0251,1788884413.0656,3,604.89,25150.12,25755.02,57.7,26856.7,36396.7,0.0,6119.113,125.963,305.970,1766:12;1792:25138
230.1290,1788884413.1695,3,604.89,25150.50,25755.40,211.8,26862.7,36390.7,0.0,6124.946,126.005,305.970,1766:12;1792:25138
230.2329,1788884413.2733,3,604.89,25166.11,25771.01,67.4,26859.0,36394.4,0.0,6125.260,126.082,305.970,1766:12;1792:25154
230.3367,1788884413.3772,3,604.89,25167.21,25772.10,240.6,26881.9,36371.6,0.0,6131.868,126.124,305.970,1766:12;1792:25155
230.4407,1788884413.4811,3,604.89,25182.69,25787.58,57.8,26881.9,36371.6,0.0,6132.182,126.200,305.970,1766:12;1792:25170
230.5445,1788884413.5850,3,604.89,25198.76,25803.65,134.8,26881.9,36371.6,0.0,6138.761,126.229,305.970,1766:12;1792:25187
230.6483,1788884413.6888,3,604.89,25190.40,25795.29,144.4,26889.9,36363.6,0.0,6139.540,126.287,305.970,1766:12;1792:25178
230.7525,1788884413.7929,3,604.89,25208.98,25813.87,240.2,26901.9,36351.5,0.0,6146.351,126.362,305.970,1766:12;1792:25197
230.8564,1788884413.8968,3,604.89,25207.34,25812.23,67.4,26909.9,36343.5,0.0,6146.619,126.398,305.970,1766:12;1792:25195
230.9601,1788884414.0006,3,604.89,25244.65,25849.55,160.9,26913.9,36339.5,0.0,6153.785,126.472,305.970,1766:12;1792:25232
231.0660,1788884414.1065,3,604.89,25222.21,25827.11,134.5,26909.9,36343.5,0.0,6154.080,126.510,305.970,1766:12;1792:25210
231.1698,1788884414.2103,3,604.89,25237.11,25842.00,171.3,26916.0,36337.5,0.0,6160.979,126.596,305.970,1766:12;1792:25225
231.2752,1788884414.3156,3,604.89,25236.97,25841.87,115.0,26920.0,36333.5,0.0,6161.273,126.637,305.970,1766:12;1792:25225
231.3793,1788884414.4198,3,604.89,25261.07,25865.97,170.7,26920.0,36333.5,0.0,6168.194,126.710,305.970,1766:12;1792:25249
231.4850,1788884414.5255,3,604.89,25240.76,25845.66,105.6,26920.0,36333.5,0.0,6168.226,126.721,305.970,1766:12;1792:25229
231.5890,1788884414.6294,3,604.89,25257.19,25862.08,67.3,26920.5,36333.0,0.0,6169.112,126.800,305.970,1766:12;1792:25245
231.6930,1788884414.7334,3,604.92,25583.05,26187.98,778.1,27264.2,35989.3,0.0,6175.467,126.825,305.970,1766:12;1792:25571
231.7999,1788884414.8404,3,605.00,25347.39,25952.39,826.2,27230.8,36022.6,0.0,6175.467,126.825,305.970,1766:12;1792:25335
231.9049,1788884414.9454,3,605.02,25188.16,25793.18,403.7,27099.4,36154.0,0.0,6175.467,126.825,305.970,1766:12;1792:25176
232.0089,1788884415.0494,3,605.11,24997.29,25602.40,455.1,26851.7,36401.8,0.0,6175.467,126.825,305.970,1766:12;1792:24985
232.1144,1788884415.1549,3,605.19,24813.82,25419.01,442.0,26665.2,36588.3,0.0,6175.467,126.825,305.970,1766:12;1792:24802
232.2185,1788884415.2590,3,605.28,24612.74,25218.02,427.0,26454.3,36799.2,0.0,6175.467,126.825,305.970,1766:12;1792:24600
232.3240,1788884415.3645,3,605.41,24382.41,24987.82,432.0,26225.0,37028.5,0.0,6175.467,126.825,305.970,1766:12;1792:24370
232.4280,1788884415.4685,3,605.58,24184.75,24790.32,394.0,26108.2,37145.3,0.0,6175.467,126.825,305.970,1766:12;1792:24173
232.5323,1788884415.5728,3,605.66,23942.57,24548.23,393.5,25963.3,37290.2,0.0,6175.467,126.825,305.970,1766:12;1792:23930
232.6363,1788884415.6767,3,605.66,23963.83,24569.49,134.7,25963.4,37290.1,0.0,6175.782,126.867,305.970,1766:12;1792:23952
232.7402,1788884415.7806,3,605.66,23983.78,24589.45,295.9,25971.0,37282.4,0.0,6176.093,126.976,305.970,1766:12;1792:23972
232.8449,1788884415.8854,3,605.66,24000.51,24606.17,298.1,25988.9,37264.6,0.0,6176.344,127.056,305.970,1766:12;1792:23988
232.9489,1788884415.9894,3,605.66,24012.29,24617.96,269.3,25993.1,37260.3,0.0,6176.960,127.154,305.970,1766:12;1792:24000
233.0529,1788884416.0933,3,605.66,24034.03,24639.69,286.0,25990.9,37262.5,0.0,6177.216,127.252,305.970,1766:12;1792:24022
233.1580,1788884416.1985,3,605.66,24047.85,24653.51,249.6,26003.3,37250.2,0.0,6177.575,127.338,305.970,1766:12;1792:24036
233.2619,1788884416.3024,3,605.66,24067.24,24672.90,288.7,26011.5,37241.9,0.0,6178.020,127.448,305.970,1766:12;1792:24055
233.3659,1788884416.4063,3,605.67,24076.69,24682.36,230.9,26027.5,37225.9,0.0,6178.229,127.507,305.970,1766:12;1792:24064
233.4698,1788884416.5102,3,605.62,24097.93,24703.55,154.1,26020.1,37233.3,0.0,6178.845,127.599,305.970,1766:12;1792:24086
233.5736,1788884416.6141,3,605.62,24117.58,24723.20,293.3,26024.1,37229.3,0.0,6179.305,127.679,305.970,1766:12;1792:24105
233.6796,1788884416.7200,3,605.62,24103.55,24709.18,76.9,26024.1,37229.3,0.0,6179.537,127.713,305.970,1766:12;1792:24091
233.7834,1788884416.8239,3,605.62,24098.48,24704.10,211.7,26027.9,37225.6,0.0,6179.914,127.764,305.970,1766:12;1792:24086
233.8873,1788884416.9278,3,605.62,24098.48,24704.10,0.0,26028.1,37225.4,0.0,6179.914,127.764,305.970,1766:12;1792:24086
233.9911,1788884417.0315,3,605.62,24098.48,24704.11,0.0,26020.2,37233.3,0.0,6179.914,127.764,305.970,1766:12;1792:24086
234.0947,1788884417.1352,3,605.62,24098.48,24704.11,0.0,26017.9,37235.5,0.0,6179.914,127.764,305.970,1766:12;1792:24086
234.1983,1788884417.2387,3,605.62,24098.48,24704.11,0.0,26017.9,37235.5,0.0,6179.914,127.764,305.970,1766:12;1792:24086
234.3019,1788884417.3423,3,605.62,24098.48,24704.11,0.0,26017.9,37235.5,0.0,6179.914,127.764,305.970,1766:12;1792:24086
234.4055,1788884417.4459,3,605.62,24098.48,24704.11,0.0,26017.9,37235.5,0.0,6179.914,127.764,305.970,1766:12;1792:24086
234.5091,1788884417.5496,3,605.63,24103.30,24708.93,28.9,26017.9,37235.5,0.0,6179.925,127.764,305.970,1766:12;1792:24091
234.6129,1788884417.6534,3,605.63,24106.16,24711.79,57.8,26022.2,37231.3,0.0,6180.125,127.784,305.970,1766:12;1792:24094
234.7167,1788884417.7572,3,605.68,24122.44,24728.12,38.6,26030.7,37222.8,0.0,6180.157,127.813,305.970,1766:12;1792:24110
234.8205,1788884417.8609,3,605.68,24137.21,24742.89,173.2,26030.9,37222.5,0.0,6180.947,127.909,305.970,1766:12;1792:24125
234.9245,1788884417.9649,3,605.68,24141.41,24747.09,307.7,26048.4,37205.0,0.0,6188.937,127.960,305.970,1766:12;1792:24129
235.0285,1788884418.0689,3,605.68,24156.73,24762.41,67.3,26042.1,37211.4,0.0,6189.249,128.036,305.970,1766:12;1792:24144
235.1325,1788884418.1730,3,605.68,24157.41,24763.09,240.3,26046.9,37206.6,0.0,6189.340,128.056,305.970,1766:12;1792:24145
235.2365,1788884418.2770,3,605.68,24157.41,24763.09,0.0,26046.9,37206.6,0.0,6189.341,128.056,305.970,1766:12;1792:24145
235.3403,1788884418.3808,3,605.68,24172.76,24778.43,77.0,26047.2,37206.3,0.0,6189.654,128.132,305.970,1766:12;1792:24161
235.4441,1788884418.4846,3,605.68,24180.76,24786.44,125.1,26059.4,37194.1,0.0,6196.529,128.165,305.970,1766:12;1792:24169
235.5480,1788884418.5885,3,605.63,24179.45,24785.08,96.3,26052.5,37201.0,0.0,6196.666,128.190,305.970,1766:12;1792:24167
235.6518,1788884418.6923,3,605.63,24191.81,24797.44,48.2,26052.5,37201.0,0.0,6197.415,128.252,305.970,1766:12;1792:24180
235.7556,1788884418.7960,3,605.63,24189.41,24795.04,260.3,26066.0,37187.5,0.0,6204.210,128.288,305.970,1766:12;1792:24177
235.8593,1788884418.8998,3,605.63,24205.41,24811.04,240.7,26074.0,37179.5,0.0,6207.072,128.395,305.970,1766:12;1792:24193
235.9632,1788884419.0036,3,605.63,24208.87,24814.50,28.9,26065.8,37187.6,0.0,6207.267,128.412,305.970,1766:12;1792:24197
236.0669,1788884419.1073,3,605.64,24240.23,24845.87,125.1,26069.3,37184.2,0.0,6214.787,128.499,305.970,1766:12;1792:24228
236.1708,1788884419.2113,3,605.64,24225.18,24830.81,240.4,26068.3,37185.1,0.0,6216.065,128.531,305.970,1766:12;1792:24213
236.2749,1788884419.3154,3,605.64,24262.87,24868.50,112.9,26068.6,37184.9,0.0,6223.248,128.616,305.970,1766:12;1792:24251
236.3814,1788884419.4218,3,605.64,24237.41,24843.05,172.9,26076.6,37176.9,0.0,6223.249,128.633,305.970,1766:12;1792:24225
236.4852,1788884419.5257,3,605.64,24250.11,24855.74,57.8,26076.6,37176.9,0.0,6223.560,128.694,305.970,1766:12;1792:24238
236.5890,1788884419.6295,3,605.64,24269.99,24875.63,179.9,26082.3,37171.2,0.0,6231.849,128.745,305.970,1766:12;1792:24258
236.6948,1788884419.7353,3,605.64,24269.64,24875.28,105.5,26090.3,37163.2,0.0,6232.167,128.830,305.970,1766:12;1792:24257
236.7989,1788884419.8394,3,605.64,24262.92,24868.56,221.6,26090.3,37163.2,0.0,6240.551,128.872,305.970,1766:12;1792:24251
236.9027,1788884419.9432,3,605.64,24278.59,24884.23,57.8,26090.3,37163.2,0.0,6240.862,128.948,305.970,1766:12;1792:24266
237.0065,1788884420.0470,3,605.64,24408.70,25014.35,307.7,26276.7,36976.7,0.0,6247.338,128.967,305.970,1766:12;1792:24396
237.1105,1788884420.1510,3,605.68,24912.48,25518.16,1074.4,26665.4,36588.1,0.0,6247.338,128.968,305.970,1766:12;1792:24900
237.2160,1788884420.2565,3,605.82,24805.64,25411.46,920.6,26503.4,36750.1,0.0,6247.338,128.968,305.970,1766:12;1792:24793
237.3212,1788884420.3617,3,605.86,25097.46,25703.32,1221.6,26902.4,36351.1,0.0,6247.338,128.968,305.970,1766:12;1792:25085
237.4268,1788884420.4673,3,605.90,24741.40,25347.30,958.9,26428.7,36824.8,0.0,6247.338,128.968,305.970,1766:12;1792:24729
237.5309,1788884420.5714,3,605.96,24040.41,24646.37,638.6,25865.0,37388.5,0.0,6247.338,128.968,305.970,1766:12;1792:24028
237.6359,1788884420.6764,3,606.06,23840.26,24446.32,429.7,25647.2,37606.3,0.0,6247.341,128.969,305.970,1766:12;1792:23828
237.7407,1788884420.7811,3,606.12,23646.48,24252.59,422.9,25414.9,37838.6,0.0,6247.341,128.969,305.970,1766:12;1792:23634
237.8446,1788884420.8850,3,606.18,23415.58,24021.76,420.5,25152.9,38100.5,0.0,6247.341,128.969,305.970,1766:12;1792:23403
237.9493,1788884420.9898,3,606.28,23271.61,23877.89,410.4,24990.1,38263.3,0.0,6247.341,128.969,305.970,1766:12;1792:23259
238.0540,1788884421.0945,3,606.33,22943.32,23549.65,384.5,24807.5,38446.0,0.0,6247.341,128.969,305.970,1766:12;1792:22931
238.1580,1788884421.1985,3,606.33,22954.30,23560.63,77.0,24807.8,38445.6,0.0,6247.560,128.990,305.970,1766:12;1792:22942
238.2618,1788884421.3022,3,606.33,22965.36,23571.69,153.7,24815.9,38437.6,0.0,6247.781,129.066,305.970,1766:12;1792:22953
238.3659,1788884421.4064,3,606.34,22965.36,23571.69,9.6,24816.5,38437.0,0.0,6247.872,129.079,305.970,1766:12;1792:22953
238.4697,1788884421.5102,3,606.34,22972.00,23578.34,115.7,24818.2,38435.3,0.0,6248.106,129.156,305.970,1766:12;1792:22960
238.5735,1788884421.6139,3,606.36,23452.18,24058.54,403.1,25254.7,37998.8,0.0,6250.889,129.167,305.970,1766:12;1792:23440
238.6807,1788884421.7211,3,606.38,24863.43,25469.81,1430.1,26610.8,36642.7,0.0,6250.889,129.167,305.970,1766:12;1792:24851
238.7918,1788884421.8323,3,606.38,25414.68,26021.06,1494.6,27173.7,36079.8,0.0,6250.889,129.167,305.970,1766:12;1792:25402
238.8979,1788884421.9383,3,606.41,24922.39,25528.80,1471.9,27125.4,36128.0,0.0,6250.889,129.167,305.970,1766:12;1792:24910
239.0039,1788884422.0443,3,606.49,24585.03,25191.52,1236.1,26866.7,36386.7,0.0,6250.889,129.167,305.970,1766:12;1792:24573
239.1114,1788884422.1518,3,606.50,26230.07,26836.58,1366.1,28443.8,34809.6,0.0,6250.889,129.167,305.970,1766:12;1792:26218
239.2170,1788884422.2574,3,606.51,26510.13,27116.64,1329.6,28922.1,34331.3,0.0,6250.889,129.167,305.970,1766:12;1792:26498
239.3254,1788884422.3658,3,606.52,27206.59,27813.12,1365.9,29582.2,33671.3,0.0,6250.889,129.167,305.970,1766:12;1792:27194
239.4442,1788884422.4846,3,606.53,28932.81,29539.34,1549.0,31276.3,31977.2,0.0,6250.889,129.167,305.970,1766:12;1792:28921
239.5640,1788884422.6045,3,606.53,30207.97,30814.50,1573.4,32616.8,30636.7,0.0,6250.889,129.167,306.220,1766:12;1792:30196
239.6828,1788884422.7233,3,606.53,31016.64,31623.17,1344.3,33602.9,29650.6,0.0,6250.889,129.167,306.220,1766:12;1792:31004
239.7913,1788884422.8318,3,606.53,31112.03,31718.56,1171.1,33595.9,29657.6,0.0,6250.892,129.168,306.220,1766:12;1792:31100
239.8977,1788884422.9382,3,606.53,31088.25,31694.78,633.5,33893.3,29360.1,0.0,6250.892,129.168,306.220,1766:12;1792:31076
240.0016,1788884423.0421,3,606.54,30732.01,31338.54,221.4,33738.9,29514.5,0.0,6250.892,129.168,306.220,1766:12;1792:30720
240.1055,1788884423.1459,3,606.54,30054.54,30661.07,192.4,33076.7,30176.8,0.0,6250.892,129.168,306.220,1766:12;1792:30042
240.2094,1788884423.2499,3,606.54,26483.25,27089.78,182.8,29644.4,33609.0,0.0,6250.892,129.168,306.220,1766:12;1792:26471
240.3151,1788884423.3555,3,606.54,25526.11,26132.65,1066.7,28046.3,35207.2,0.0,6250.892,129.168,306.220,1766:12;1792:25514
240.4321,1788884423.4725,3,606.55,26368.52,26975.07,1524.5,28819.4,34434.1,0.0,6250.892,129.168,306.220,1766:12;1792:26356
240.5460,1788884423.5865,3,606.55,27820.79,28427.34,1553.4,30271.6,32981.9,0.0,6250.892,129.168,306.220,1766:12;1792:27809
240.6676,1788884423.7080,3,606.55,28351.36,28957.91,1368.0,30907.7,32345.7,0.0,6250.892,129.169,306.220,1766:12;1792:28339
240.7756,1788884423.8161,3,606.55,28525.61,29132.16,944.6,31193.3,32060.2,0.0,6250.892,129.169,306.220,1766:12;1792:28513
240.8825,1788884423.9229,3,606.55,28080.52,28687.08,441.2,31109.3,32144.2,0.0,6250.892,129.169,306.220,1766:12;1792:28068
240.9864,1788884424.0268,3,606.55,27703.20,28309.75,230.8,30823.8,32429.7,0.0,6250.892,129.169,306.220,1766:12;1792:27691
241.0904,1788884424.1308,3,606.55,27598.12,28204.68,182.7,30758.0,32495.4,0.0,6250.892,129.169,306.220,1766:12;1792:27586
241.1943,1788884424.2348,3,606.55,25938.12,26544.68,239.7,29048.0,34205.5,0.0,6250.892,129.169,306.220,1766:12;1792:25926
241.2987,1788884424.3391,3,606.56,22829.39,23435.95,427.5,25734.8,37518.7,0.0,6250.892,129.169,306.220,1766:12;1792:22817
241.4067,1788884424.4472,3,606.57,22902.50,23509.07,1494.1,25381.2,37872.3,0.0,6250.892,129.169,306.220,1766:12;1792:22890
241.5179,1788884424.5583,3,606.57,24152.77,24759.35,1520.3,26845.0,36408.4,0.0,6250.892,129.169,306.220,1766:12;1792:24141
241.6260,1788884424.6665,3,606.58,24750.07,25356.65,1345.7,27426.8,35826.7,0.0,6250.892,129.169,306.220,1766:12;1792:24738
241.7382,1788884424.7787,3,606.58,25361.89,25968.47,881.6,28215.1,35038.4,0.0,6250.892,129.169,306.220,1766:12;1792:25350
241.8427,1788884424.8832,3,606.58,25152.21,25758.79,451.2,28065.4,35188.1,0.0,6250.892,129.169,306.220,1766:12;1792:25140
241.9467,1788884424.9872,3,606.58,24307.36,24913.94,336.8,27591.4,35662.1,0.0,6250.892,129.169,306.220,1766:12;1792:24295
242.0506,1788884425.0911,3,606.58,21617.46,22224.04,230.3,25232.0,38021.4,0.0,6250.892,129.169,306.220,1766:12;1792:21605
242.1549,1788884425.1954,3,606.59,21420.39,22026.98,1026.3,24187.7,39065.7,0.0,6250.892,129.169,306.220,1766:12;1792:21408
242.2653,1788884425.3057,3,606.61,21459.01,22065.61,1498.7,24117.4,39136.1,0.0,6250.892,129.169,306.220,1766:12;1792:21447
242.3811,1788884425.4215,3,606.61,23405.51,24012.11,1601.9,26044.2,37209.3,0.0,6250.892,129.169,306.220,1766:12;1792:23393
242.4995,1788884425.5400,3,606.61,23962.76,24569.36,1246.7,26595.4,36658.1,0.0,6250.892,129.169,306.220,1766:12;1792:23951
242.6048,1788884425.6453,3,606.62,24034.42,24641.04,1063.8,26874.1,36379.4,0.0,6250.892,129.169,306.220,1766:12;1792:24022
242.7088,1788884425.7493,3,606.62,24130.19,24736.81,605.9,26999.1,36254.4,0.0,6250.893,129.169,306.220,1766:12;1792:24118
242.8128,1788884425.8532,3,606.62,23279.18,23885.79,163.6,26528.2,36725.2,0.0,6250.894,129.170,306.220,1766:12;1792:23267
242.9167,1788884425.9572,3,606.62,22878.33,23484.95,163.4,26225.0,37028.5,0.0,6250.894,129.170,306.220,1766:12;1792:22866
243.0208,1788884426.0612,3,606.62,19791.79,20398.41,163.5,23521.6,39731.9,0.0,6250.899,129.174,306.220,1766:12;1792:19780
243.1248,1788884426.1652,3,606.64,16860.28,17466.92,834.1,19749.0,43504.4,0.0,6250.899,129.174,306.220,1766:12;1792:16848
243.2335,1788884426.2740,3,606.69,18667.52,19274.21,1482.3,21252.1,42001.3,0.0,6250.899,129.174,306.220,1766:12;1792:18655
243.3388,1788884426.3792,3,606.70,19278.53,19885.23,1363.9,21961.9,41291.5,0.0,6250.900,129.175,306.220,1766:12;1792:19266
243.4451,1788884426.4855,3,606.70,19553.21,20159.91,949.8,22337.9,40915.5,0.0,6250.900,129.175,306.220,1766:12;1792:19541
243.5492,1788884426.5896,3,606.70,19645.98,20252.68,442.1,22724.0,40529.5,0.0,6250.900,129.175,306.220,1766:12;1792:19634
243.6532,1788884426.6937,3,606.70,19142.63,19749.33,201.9,22405.1,40848.4,0.0,6250.901,129.176,306.220,1766:12;1792:19130
243.7572,1788884426.7977,3,606.71,16286.11,16892.82,367.8,19655.2,43598.3,0.0,6250.901,129.176,306.220,1766:12;1792:16274
243.8687,1788884426.9091,3,606.72,16736.57,17343.29,1485.2,19969.5,43284.0,0.0,6250.902,129.177,306.220,1766:12;1792:16724
243.9881,1788884427.0285,3,606.73,17012.16,17618.89,1353.1,20318.0,42935.5,0.0,6250.902,129.177,306.220,1766:12;1792:17000
244.0961,1788884427.1365,3,606.73,17867.52,18474.25,1135.1,21136.7,42116.7,0.0,6250.902,129.177,306.220,1766:12;1792:17855
244.2005,1788884427.2410,3,606.73,17900.95,18507.68,672.3,21347.6,41905.8,0.0,6250.903,129.177,306.220,1766:12;1792:17889
244.3046,1788884427.3451,3,606.73,18102.15,18708.88,374.3,21653.4,41600.1,0.0,6250.906,129.179,306.220,1766:12;1792:18090
244.4088,1788884427.4493,3,606.73,17207.00,17813.73,287.9,20708.0,42545.5,0.0,6250.906,129.179,306.220,1766:12;1792:17195
244.5130,1788884427.5535,3,606.73,14857.00,15463.73,326.6,18391.4,44862.1,0.0,6250.907,129.180,306.220,1766:12;1792:14845
244.6171,1788884427.6576,3,606.74,13226.27,13833.02,903.4,16379.3,46874.1,0.0,6250.909,129.181,306.220,1766:12;1792:13214
244.7249,1788884427.7654,3,606.76,12692.13,13298.89,1128.5,16033.1,47220.4,0.0,6250.909,129.181,306.220,1766:12;1792:12680
244.8320,1788884427.8725,3,606.77,13057.64,13664.41,823.4,16593.6,46659.9,0.0,6251.041,129.205,306.220,1766:12;1792:13045
244.9362,1788884427.9766,3,606.77,12240.80,12847.57,486.4,15888.0,47365.5,0.0,6251.235,129.261,306.220,1766:12;1792:12229
245.0434,1788884428.0839,3,606.77,11983.40,12590.18,297.1,15649.5,47604.0,0.0,6251.293,129.318,306.220,1766:12;1792:11971
245.1474,1788884428.1879,3,606.78,10323.82,10930.60,402.5,14007.5,49246.0,0.0,6252.822,129.371,306.220,1766:12;1792:10312
245.2517,1788884428.2922,3,606.79,10102.18,10708.96,490.4,13646.6,49606.9,0.0,6255.443,129.433,306.220,1766:12;1792:10090
245.3557,1788884428.3962,3,606.79,9568.45,10175.23,356.2,13205.2,50048.3,0.0,6256.293,129.470,306.220,1766:12;1792:9556
245.4596,1788884428.5000,3,606.79,8931.50,9538.29,86.6,12588.7,50664.8,0.0,6259.622,129.514,306.220,1766:12;1792:8919
245.5635,1788884428.6039,3,606.79,8932.41,9539.21,57.8,12588.7,50664.8,0.0,6262.803,129.548,306.220,1766:12;1792:8920
245.6674,1788884428.7078,3,606.79,8968.97,9575.76,38.5,12624.9,50628.6,0.0,6264.652,129.555,306.220,1766:12;1792:8957
245.7713,1788884428.8118,3,606.83,9316.29,9923.12,733.5,12754.9,50498.6,0.0,6265.397,129.567,306.220,1766:12;1792:9304
245.8764,1788884428.9169,3,606.85,10007.30,10614.14,1077.1,13431.5,49822.0,0.0,6266.765,129.581,306.220,1766:12;1792:9995
245.9820,1788884429.0225,3,606.86,10370.82,10977.68,1324.1,13649.1,49604.4,0.0,6268.850,129.600,306.220,1766:12;1792:10359
246.0933,1788884429.1337,3,606.87,11181.33,11788.20,1273.5,14428.2,48825.3,0.0,6268.850,129.600,306.220,1766:12;1792:11169
246.1991,1788884429.2395,3,606.89,11457.99,12064.88,1429.1,14769.8,48483.6,0.0,6268.850,129.600,306.220,1766:12;1792:11446
246.3084,1788884429.3488,3,606.90,11417.93,12024.82,533.2,14847.5,48405.9,0.0,6268.850,129.600,306.220,1766:12;1792:11406
246.4124,1788884429.4529,3,606.90,10000.95,10607.84,403.8,13615.0,49638.5,0.0,6268.850,129.600,306.220,1766:12;1792:9989
246.5181,1788884429.5585,3,606.91,11495.87,12102.77,1349.7,14689.2,48564.3,0.0,6268.850,129.600,306.220,1766:12;1792:11484
246.6341,1788884429.6745,3,606.91,10618.92,11225.83,1103.8,13854.5,49399.0,0.0,6268.850,129.600,306.220,1766:12;1792:10607
246.7451,1788884429.7855,3,606.91,11994.36,12601.27,1379.9,15356.1,47897.4,0.0,6268.850,129.600,306.220,1766:12;1792:11982
246.8634,1788884429.9039,3,606.91,12055.25,12662.17,1203.1,15391.3,47862.1,0.0,6268.850,129.600,306.220,1766:12;1792:12043
246.9710,1788884430.0115,3,606.92,12091.48,12698.40,862.1,15568.1,47685.3,0.0,6268.850,129.600,306.220,1766:12;1792:12079
247.0750,1788884430.1155,3,606.92,12000.86,12607.77,345.9,15542.8,47710.7,0.0,6268.850,129.600,306.220,1766:12;1792:11989
247.1791,1788884430.2196,3,606.92,10751.33,11358.25,249.3,14264.8,48988.6,0.0,6268.850,129.600,306.220,1766:12;1792:10739
247.2834,1788884430.3239,3,606.93,7964.45,8571.38,765.1,11370.7,51882.8,0.0,6268.850,129.600,306.220,1766:12;1792:7952
247.3881,1788884430.4285,3,606.94,9191.71,9798.65,1481.6,12277.2,50976.3,0.0,6268.850,129.600,306.220,1766:12;1792:9179
247.5020,1788884430.5425,3,606.94,9874.56,10481.50,1360.4,13009.1,50244.4,0.0,6268.850,129.600,306.220,1766:12;1792:9862
247.6086,1788884430.6490,3,606.94,9874.59,10481.53,546.4,13186.6,50066.9,0.0,6268.850,129.600,306.220,1766:12;1792:9862
247.7126,1788884430.7531,3,606.94,8860.49,9467.43,259.6,12265.3,50988.1,0.0,6268.850,129.600,306.220,1766:12;1792:8848
247.8171,1788884430.8575,3,606.95,7597.15,8204.10,953.1,10920.1,52333.3,0.0,6268.850,129.600,306.220,1766:12;1792:7585
247.9271,1788884430.9675,3,606.95,8226.49,8833.45,1493.6,11539.8,51713.7,0.0,6268.850,129.600,306.220,1766:12;1792:8214
248.0468,1788884431.0873,3,606.96,9586.11,10193.07,1560.7,12707.3,50546.2,0.0,6268.850,129.600,306.220,1766:12;1792:9574
248.1606,1788884431.2010,3,606.96,9944.23,10551.19,956.9,13154.0,50099.5,0.0,6268.850,129.600,306.220,1766:12;1792:9932
248.2647,1788884431.3051,3,606.96,9821.01,10427.97,373.8,13209.4,50044.1,0.0,6268.850,129.600,306.220,1766:12;1792:9809
248.3690,1788884431.4094,3,606.96,9401.88,10008.84,192.2,12885.3,50368.2,0.0,6268.850,129.600,306.220,1766:12;1792:9390
248.4730,1788884431.5135,3,606.96,7527.77,8134.72,192.2,11017.7,52235.8,0.0,6268.850,129.600,306.220,1766:12;1792:7516
248.5771,1788884431.6176,3,606.97,3690.10,4297.07,663.9,7022.4,56231.1,0.0,6268.850,129.600,306.220,1766:12;1792:3678
248.6861,1788884431.7265,3,606.99,4282.64,4889.63,1224.7,7520.1,55733.4,0.0,6268.850,129.600,306.220,1766:12;1792:4270
248.7937,1788884431.8342,3,607.00,4187.57,4794.56,661.3,7677.5,55576.0,0.0,6268.850,129.600,306.220,1766:12;1792:4175
248.8977,1788884431.9381,3,607.00,3438.48,4045.47,211.7,7099.4,56154.1,0.0,6268.850,129.600,306.220,1766:12;1792:3426
249.0016,1788884432.0420,3,607.02,700.30,1307.32,231.0,4563.6,58689.8,0.0,6268.850,129.600,306.220,1766:12;1792:688
249.1055,1788884432.1459,3,607.02,680.80,1287.82,105.9,4555.4,58698.0,0.0,6268.850,129.600,306.220,1766:12;1792:669
249.2093,1788884432.2498,3,607.03,682.98,1290.01,96.3,4570.8,58682.7,0.0,6268.850,129.600,306.220,1766:12;1792:671
249.3132,1788884432.3536,3,618.45,642.94,1261.39,134.7,4527.8,58725.7,0.0,6268.850,129.600,306.220,1766:12;1792:631
249.4171,1788884432.4575,3,607.09,652.23,1259.33,115.5,4529.3,58724.1,0.0,6268.850,129.600,306.220,1766:12;1792:640
249.5210,1788884432.5614,3,607.09,655.37,1262.46,96.3,4529.3,58724.1,0.0,6268.850,129.600,306.220,1766:12;1792:643
249.6248,1788884432.6653,3,607.09,667.20,1274.29,105.9,4544.7,58708.7,0.0,6268.850,129.600,306.220,1766:12;1792:655
249.7287,1788884432.7691,3,607.09,682.84,1289.94,105.8,4554.2,58699.3,0.0,6268.850,129.600,306.220,1766:12;1792:671
249.8326,1788884432.8731,3,614.63,829.50,1444.13,173.2,4607.9,58645.5,0.0,6268.850,129.600,306.220,1766:12;1792:817
249.9366,1788884432.9770,3,624.63,980.54,1605.17,221.3,4670.2,58583.3,0.0,6268.850,129.600,306.220,1766:12;1792:968
250.0405,1788884433.0810,3,709.30,711.54,1420.84,278.9,4658.0,58595.5,0.0,6268.850,129.600,306.220,1766:12;1792:699
250.1445,1788884433.1849,3,845.04,711.54,1556.59,134.7,4697.1,58556.4,0.0,6268.850,129.600,306.220,1766:12;1792:699
250.2484,1788884433.2888,3,907.12,711.54,1618.66,96.3,4758.3,58495.2,0.0,6268.850,129.600,306.220,1766:12;1792:699
250.3522,1788884433.3926,3,697.16,711.54,1408.70,269.7,4710.7,58542.7,0.0,6268.850,129.600,306.220,1766:12;1792:699
250.4559,1788884433.4964,3,831.18,711.54,1542.73,144.4,4763.8,58489.7,0.0,6268.850,129.600,306.220,1766:12;1792:699
250.5598,1788884433.6003,3,775.40,711.54,1486.94,96.4,4793.7,58459.8,0.0,6268.850,129.600,306.220,1766:12;1792:699
250.6636,1788884433.7041,3,760.66,711.54,1472.20,96.3,4879.7,58373.8,0.0,6268.850,129.600,306.220,1766:12;1792:699
250.7674,1788884433.8079,3,854.83,711.54,1566.38,202.3,4983.6,58269.9,0.0,6268.850,129.600,306.220,1766:12;1792:699
250.8712,1788884433.9117,3,790.11,591.05,1381.16,105.9,4758.7,58494.7,0.0,6268.850,129.601,306.220,1766:12;1792:579
250.9751,1788884434.0155,3,815.98,596.07,1412.05,125.2,4761.1,58492.3,0.0,6268.850,129.601,306.220,1766:12;1792:584
251.0789,1788884434.1194,3,812.15,596.07,1408.23,96.3,4706.6,58546.8,0.0,6268.850,129.601,306.220,1766:12;1792:584
251.1828,1788884434.2232,3,827.93,596.07,1424.00,115.6,4452.3,58801.2,0.0,6297.369,158.119,306.220,1766:12;1792:584
251.2866,1788884434.3270,3,830.41,596.07,1426.48,115.6,4473.3,58780.1,0.0,6297.370,158.120,306.220,1766:12;1792:584
251.3904,1788884434.4308,3,879.96,596.07,1476.04,96.3,4504.9,58748.6,0.0,6297.371,158.120,306.220,1766:12;1792:584
251.4943,1788884434.5347,3,852.62,615.59,1468.21,105.8,4504.9,58748.5,0.0,6297.371,158.121,306.220,1766:12;1792:603
251.5983,1788884434.6388,3,877.50,596.07,1473.57,144.2,4497.9,58755.6,0.0,6297.371,158.121,306.220,1766:12;1792:584
251.7023,1788884434.7428,3,886.43,596.07,1482.49,96.2,4497.9,58755.6,0.0,6297.373,158.121,306.220,1766:12;1792:584
251.8062,1788884434.8467,3,893.05,596.07,1489.11,115.5,4338.3,58915.2,0.0,6326.040,186.789,306.220,1766:12;1792:584
251.9100,1788884434.9505,3,943.87,596.07,1539.94,96.3,4338.6,58914.8,0.0,6326.040,186.789,306.220,1766:12;1792:584
252.0138,1788884435.0543,3,980.70,596.07,1576.77,96.3,4322.9,58930.6,0.0,6326.041,186.789,306.220,1766:12;1792:584
252.1177,1788884435.1581,3,952.80,624.96,1577.76,105.9,4175.0,59078.5,0.0,6326.041,186.790,306.220,1766:12;1792:613
252.2216,1788884435.2621,3,981.84,595.73,1577.57,125.0,4175.7,59077.8,0.0,6326.041,186.790,306.220,1766:12;1792:583
252.3255,1788884435.3660,3,998.44,595.73,1594.18,106.0,4215.6,59037.8,0.0,6345.658,206.407,306.220,1766:12;1792:583
252.4293,1788884435.4697,3,1018.97,595.73,1614.70,106.0,4222.9,59030.6,0.0,6354.347,215.095,306.220,1766:12;1792:583
252.5330,1788884435.5735,3,1069.66,595.73,1665.39,134.9,4270.2,58983.2,0.0,6354.347,215.095,306.220,1766:12;1792:583
252.6368,1788884435.6773,3,1060.19,595.31,1655.50,115.6,4240.3,59013.2,0.0,6354.347,215.096,306.220,1766:12;1792:583
252.7406,1788884435.7811,3,1072.07,595.31,1667.38,96.3,4195.3,59058.2,0.0,6363.647,224.396,306.220,1766:12;1792:583
252.8444,1788884435.8849,3,1109.90,595.31,1705.21,105.8,4249.9,59003.6,0.0,6372.486,233.235,306.220,1766:12;1792:583
252.9484,1788884435.9889,3,1115.62,595.31,1710.93,106.0,4255.2,58998.3,0.0,6372.487,233.235,306.220,1766:12;1792:583
253.0521,1788884436.0926,3,1126.77,595.31,1722.08,96.1,4232.4,59021.1,0.0,6372.487,233.235,306.220,1766:12;1792:583
253.1563,1788884436.1967,3,1117.33,595.31,1712.64,106.0,4223.8,59029.7,0.0,6372.487,233.235,306.220,1766:12;1792:583
253.2600,1788884436.3004,3,1117.36,595.31,1712.67,106.0,4220.6,59032.9,0.0,6372.487,233.235,306.220,1766:12;1792:583
253.3638,1788884436.4043,3,1117.36,595.31,1712.67,96.4,4218.2,59035.2,0.0,6372.487,233.235,306.220,1766:12;1792:583
253.4675,1788884436.5079,3,1117.36,595.31,1712.67,106.0,4202.5,59051.0,0.0,6372.487,233.235,306.220,1766:12;1792:583
253.5713,1788884436.6117,3,1117.36,595.31,1712.67,106.0,4202.5,59051.0,0.0,6372.487,233.235,306.220,1766:12;1792:583
253.6750,1788884436.7155,3,1117.36,595.31,1712.67,96.3,4202.5,59051.0,0.0,6372.487,233.235,306.220,1766:12;1792:583
253.7788,1788884436.8193,3,1117.36,595.31,1712.67,106.0,4202.5,59051.0,0.0,6372.487,233.235,306.220,1766:12;1792:583
253.8826,1788884436.9231,3,1117.36,595.31,1712.67,96.5,4202.5,59051.0,0.0,6372.487,233.235,306.220,1766:12;1792:583
253.9863,1788884437.0268,3,1117.36,595.31,1712.67,96.4,4186.8,59066.7,0.0,6372.487,233.235,306.220,1766:12;1792:583
254.0900,1788884437.1304,3,1117.36,595.31,1712.67,105.8,4179.0,59074.5,0.0,6372.487,233.235,306.220,1766:12;1792:583
254.1939,1788884437.2344,3,1117.36,595.31,1712.67,96.5,4170.7,59082.8,0.0,6372.487,233.235,306.220,1766:12;1792:583
254.2976,1788884437.3381,3,1117.36,595.31,1712.67,96.5,4170.7,59082.8,0.0,6372.487,233.235,306.220,1766:12;1792:583
254.4013,1788884437.4417,3,1121.41,595.31,1716.71,106.1,4169.9,59083.6,0.0,6372.487,233.235,306.220,1766:12;1792:583
254.5049,1788884437.5454,3,1121.41,595.31,1716.71,105.9,4167.8,59085.7,0.0,6372.487,233.235,306.220,1766:12;1792:583
254.6088,1788884437.6492,3,1118.41,595.31,1713.71,96.3,4165.4,59088.1,0.0,6372.487,233.235,306.220,1766:12;1792:583
254.7126,1788884437.7531,3,1118.41,595.31,1713.71,106.0,4165.4,59088.1,0.0,6372.487,233.235,306.220,1766:12;1792:583
254.8164,1788884437.8568,3,1118.42,595.31,1713.73,96.3,4165.4,59088.1,0.0,6372.487,233.235,306.220,1766:12;1792:583
254.9202,1788884437.9607,3,1118.42,595.31,1713.73,96.4,4165.4,59088.1,0.0,6372.487,233.235,306.220,1766:12;1792:583
255.0239,1788884438.0643,3,1090.59,595.31,1685.90,106.1,4149.6,59103.9,0.0,6372.487,233.235,306.220,1766:12;1792:583
255.1276,1788884438.1680,3,803.71,563.49,1367.20,144.5,3919.8,59333.7,0.0,6372.497,233.251,306.220,1766:12;1792:551
255.2315,1788884438.2719,3,803.71,12.24,815.95,96.4,3599.8,59653.6,0.0,6372.497,233.251,306.224,1766:12;1792:0
